id,articleType,review_status,proposed_action,reason,review_method
910000,Compact,no_obvious_issue,candidate_for_training,No obvious issue in the full contact-sheet screen; label not independently authenticated.,full_contact_sheet_screen
910001,Compact,no_obvious_issue,candidate_for_training,No obvious issue in the full contact-sheet screen; label not independently authenticated.,full_contact_sheet_screen
910002,Compact,no_obvious_issue,candidate_for_training,No obvious issue in the full contact-sheet screen; label not independently authenticated.,full_contact_sheet_screen
910003,Compact,no_obvious_issue,candidate_for_training,No obvious issue in the full contact-sheet screen; label not independently authenticated.,full_contact_sheet_screen
910004,Compact,no_obvious_issue,candidate_for_training,No obvious issue in the full contact-sheet screen; label not independently authenticated.,full_contact_sheet_screen
910005,Compact,no_obvious_issue,candidate_for_training,No obvious issue in the full contact-sheet screen; label not independently authenticated.,full_contact_sheet_screen
910006,Compact,no_obvious_issue,candidate_for_training,No obvious issue in the full contact-sheet screen; label not independently authenticated.,full_contact_sheet_screen
910007,Compact,no_obvious_issue,candidate_for_training,No obvious issue in the full contact-sheet screen; label not independently authenticated.,full_contact_sheet_screen
910008,Compact,no_obvious_issue,candidate_for_training,No obvious issue in the full contact-sheet screen; label not independently authenticated.,full_contact_sheet_screen
910009,Compact,no_obvious_issue,candidate_for_training,No obvious issue in the full contact-sheet screen; label not independently authenticated.,full_contact_sheet_screen
910010,Compact,no_obvious_issue,candidate_for_training,No obvious issue in the full contact-sheet screen; label not independently authenticated.,full_contact_sheet_screen
910011,Compact,no_obvious_issue,candidate_for_training,No obvious issue in the full contact-sheet screen; label not independently authenticated.,full_contact_sheet_screen
910012,Compact,no_obvious_issue,candidate_for_training,No obvious issue in the full contact-sheet screen; label not independently authenticated.,full_contact_sheet_screen
910013,Compact,no_obvious_issue,candidate_for_training,No obvious issue in the full contact-sheet screen; label not independently authenticated.,full_contact_sheet_screen
910014,Compact,no_obvious_issue,candidate_for_training,No obvious issue in the full contact-sheet screen; label not independently authenticated.,full_contact_sheet_screen
910015,Compact,no_obvious_issue,candidate_for_training,No obvious issue in the full contact-sheet screen; label not independently authenticated.,full_contact_sheet_screen
910016,Compact,no_obvious_issue,candidate_for_training,No obvious issue in the full contact-sheet screen; label not independently authenticated.,full_contact_sheet_screen
910017,Compact,no_obvious_issue,candidate_for_training,No obvious issue in the full contact-sheet screen; label not independently authenticated.,full_contact_sheet_screen
910018,Compact,no_obvious_issue,candidate_for_training,No obvious issue in the full contact-sheet screen; label not independently authenticated.,full_contact_sheet_screen
910019,Compact,no_obvious_issue,candidate_for_training,No obvious issue in the full contact-sheet screen; label not independently authenticated.,full_contact_sheet_screen
910020,Compact,no_obvious_issue,candidate_for_training,No obvious issue in the full contact-sheet screen; label not independently authenticated.,full_contact_sheet_screen
910021,Compact,no_obvious_issue,candidate_for_training,No obvious issue in the full contact-sheet screen; label not independently authenticated.,full_contact_sheet_screen
910022,Compact,no_obvious_issue,candidate_for_training,No obvious issue in the full contact-sheet screen; label not independently authenticated.,full_contact_sheet_screen
910023,Compact,no_obvious_issue,candidate_for_training,No obvious issue in the full contact-sheet screen; label not independently authenticated.,full_contact_sheet_screen
910024,Compact,no_obvious_issue,candidate_for_training,No obvious issue in the full contact-sheet screen; label not independently authenticated.,full_contact_sheet_screen
910025,Compact,no_obvious_issue,candidate_for_training,No obvious issue in the full contact-sheet screen; label not independently authenticated.,full_contact_sheet_screen
910026,Compact,no_obvious_issue,candidate_for_training,No obvious issue in the full contact-sheet screen; label not independently authenticated.,full_contact_sheet_screen
910027,Compact,no_obvious_issue,candidate_for_training,No obvious issue in the full contact-sheet screen; label not independently authenticated.,full_contact_sheet_screen
910028,Compact,no_obvious_issue,candidate_for_training,No obvious issue in the full contact-sheet screen; label not independently authenticated.,full_contact_sheet_screen
910029,Compact,no_obvious_issue,candidate_for_training,No obvious issue in the full contact-sheet screen; label not independently authenticated.,full_contact_sheet_screen
910030,Compact,no_obvious_issue,candidate_for_training,No obvious issue in the full contact-sheet screen; label not independently authenticated.,full_contact_sheet_screen
910031,Compact,no_obvious_issue,candidate_for_training,No obvious issue in the full contact-sheet screen; label not independently authenticated.,full_contact_sheet_screen
910032,Compact,no_obvious_issue,candidate_for_training,No obvious issue in the full contact-sheet screen; label not independently authenticated.,full_contact_sheet_screen
910033,Compact,no_obvious_issue,candidate_for_training,No obvious issue in the full contact-sheet screen; label not independently authenticated.,full_contact_sheet_screen
910034,Compact,no_obvious_issue,candidate_for_training,No obvious issue in the full contact-sheet screen; label not independently authenticated.,full_contact_sheet_screen
910035,Compact,no_obvious_issue,candidate_for_training,No obvious issue in the full contact-sheet screen; label not independently authenticated.,full_contact_sheet_screen
910036,Compact,no_obvious_issue,candidate_for_training,No obvious issue in the full contact-sheet screen; label not independently authenticated.,full_contact_sheet_screen
910037,Compact,no_obvious_issue,candidate_for_training,No obvious issue in the full contact-sheet screen; label not independently authenticated.,full_contact_sheet_screen
910038,Compact,no_obvious_issue,candidate_for_training,No obvious issue in the full contact-sheet screen; label not independently authenticated.,full_contact_sheet_screen
910039,Compact,no_obvious_issue,candidate_for_training,No obvious issue in the full contact-sheet screen; label not independently authenticated.,full_contact_sheet_screen
910040,Compact,no_obvious_issue,candidate_for_training,No obvious issue in the full contact-sheet screen; label not independently authenticated.,full_contact_sheet_screen
910041,Compact,no_obvious_issue,candidate_for_training,No obvious issue in the full contact-sheet screen; label not independently authenticated.,full_contact_sheet_screen
910042,Compact,no_obvious_issue,candidate_for_training,No obvious issue in the full contact-sheet screen; label not independently authenticated.,full_contact_sheet_screen
910043,Compact,no_obvious_issue,candidate_for_training,No obvious issue in the full contact-sheet screen; label not independently authenticated.,full_contact_sheet_screen
910044,Compact,no_obvious_issue,candidate_for_training,No obvious issue in the full contact-sheet screen; label not independently authenticated.,full_contact_sheet_screen
910045,Compact,no_obvious_issue,candidate_for_training,No obvious issue in the full contact-sheet screen; label not independently authenticated.,full_contact_sheet_screen
910046,Compact,no_obvious_issue,candidate_for_training,No obvious issue in the full contact-sheet screen; label not independently authenticated.,full_contact_sheet_screen
910047,Compact,no_obvious_issue,candidate_for_training,No obvious issue in the full contact-sheet screen; label not independently authenticated.,full_contact_sheet_screen
910048,Compact,no_obvious_issue,candidate_for_training,No obvious issue in the full contact-sheet screen; label not independently authenticated.,full_contact_sheet_screen
910049,Compact,no_obvious_issue,candidate_for_training,No obvious issue in the full contact-sheet screen; label not independently authenticated.,full_contact_sheet_screen
910050,Compact,no_obvious_issue,candidate_for_training,No obvious issue in the full contact-sheet screen; label not independently authenticated.,full_contact_sheet_screen
910051,Compact,no_obvious_issue,candidate_for_training,No obvious issue in the full contact-sheet screen; label not independently authenticated.,full_contact_sheet_screen
910052,Compact,no_obvious_issue,candidate_for_training,No obvious issue in the full contact-sheet screen; label not independently authenticated.,full_contact_sheet_screen
910053,Compact,no_obvious_issue,candidate_for_training,No obvious issue in the full contact-sheet screen; label not independently authenticated.,full_contact_sheet_screen
910054,Compact,no_obvious_issue,candidate_for_training,No obvious issue in the full contact-sheet screen; label not independently authenticated.,full_contact_sheet_screen
910055,Compact,no_obvious_issue,candidate_for_training,No obvious issue in the full contact-sheet screen; label not independently authenticated.,full_contact_sheet_screen
910056,Compact,no_obvious_issue,candidate_for_training,No obvious issue in the full contact-sheet screen; label not independently authenticated.,full_contact_sheet_screen
910057,Compact,no_obvious_issue,candidate_for_training,No obvious issue in the full contact-sheet screen; label not independently authenticated.,full_contact_sheet_screen
910058,Compact,no_obvious_issue,candidate_for_training,No obvious issue in the full contact-sheet screen; label not independently authenticated.,full_contact_sheet_screen
910059,Compact,no_obvious_issue,candidate_for_training,No obvious issue in the full contact-sheet screen; label not independently authenticated.,full_contact_sheet_screen
910060,Compact,no_obvious_issue,candidate_for_training,No obvious issue in the full contact-sheet screen; label not independently authenticated.,full_contact_sheet_screen
910061,Compact,no_obvious_issue,candidate_for_training,No obvious issue in the full contact-sheet screen; label not independently authenticated.,full_contact_sheet_screen
910062,Compact,no_obvious_issue,candidate_for_training,No obvious issue in the full contact-sheet screen; label not independently authenticated.,full_contact_sheet_screen
910063,Compact,no_obvious_issue,candidate_for_training,No obvious issue in the full contact-sheet screen; label not independently authenticated.,full_contact_sheet_screen
910064,Compact,no_obvious_issue,candidate_for_training,No obvious issue in the full contact-sheet screen; label not independently authenticated.,full_contact_sheet_screen
910065,Compact,no_obvious_issue,candidate_for_training,No obvious issue in the full contact-sheet screen; label not independently authenticated.,full_contact_sheet_screen
910066,Compact,no_obvious_issue,candidate_for_training,No obvious issue in the full contact-sheet screen; label not independently authenticated.,full_contact_sheet_screen
910067,Compact,no_obvious_issue,candidate_for_training,No obvious issue in the full contact-sheet screen; label not independently authenticated.,full_contact_sheet_screen
910068,Compact,no_obvious_issue,candidate_for_training,No obvious issue in the full contact-sheet screen; label not independently authenticated.,full_contact_sheet_screen
910069,Compact,no_obvious_issue,candidate_for_training,No obvious issue in the full contact-sheet screen; label not independently authenticated.,full_contact_sheet_screen
910070,Compact,no_obvious_issue,candidate_for_training,No obvious issue in the full contact-sheet screen; label not independently authenticated.,full_contact_sheet_screen
910071,Compact,no_obvious_issue,candidate_for_training,No obvious issue in the full contact-sheet screen; label not independently authenticated.,full_contact_sheet_screen
910072,Compact,no_obvious_issue,candidate_for_training,No obvious issue in the full contact-sheet screen; label not independently authenticated.,full_contact_sheet_screen
910073,Compact,no_obvious_issue,candidate_for_training,No obvious issue in the full contact-sheet screen; label not independently authenticated.,full_contact_sheet_screen
910074,Compact,no_obvious_issue,candidate_for_training,No obvious issue in the full contact-sheet screen; label not independently authenticated.,full_contact_sheet_screen
910075,Compact,no_obvious_issue,candidate_for_training,No obvious issue in the full contact-sheet screen; label not independently authenticated.,full_contact_sheet_screen
910076,Compact,no_obvious_issue,candidate_for_training,No obvious issue in the full contact-sheet screen; label not independently authenticated.,full_contact_sheet_screen
910077,Compact,no_obvious_issue,candidate_for_training,No obvious issue in the full contact-sheet screen; label not independently authenticated.,full_contact_sheet_screen
910078,Compact,no_obvious_issue,candidate_for_training,No obvious issue in the full contact-sheet screen; label not independently authenticated.,full_contact_sheet_screen
910079,Compact,no_obvious_issue,candidate_for_training,No obvious issue in the full contact-sheet screen; label not independently authenticated.,full_contact_sheet_screen
910080,Compact,no_obvious_issue,candidate_for_training,No obvious issue in the full contact-sheet screen; label not independently authenticated.,full_contact_sheet_screen
910081,Compact,no_obvious_issue,candidate_for_training,No obvious issue in the full contact-sheet screen; label not independently authenticated.,full_contact_sheet_screen
910082,Compact,no_obvious_issue,candidate_for_training,No obvious issue in the full contact-sheet screen; label not independently authenticated.,full_contact_sheet_screen
910083,Compact,no_obvious_issue,candidate_for_training,No obvious issue in the full contact-sheet screen; label not independently authenticated.,full_contact_sheet_screen
910084,Compact,no_obvious_issue,candidate_for_training,No obvious issue in the full contact-sheet screen; label not independently authenticated.,full_contact_sheet_screen
910085,Compact,no_obvious_issue,candidate_for_training,No obvious issue in the full contact-sheet screen; label not independently authenticated.,full_contact_sheet_screen
910086,Compact,no_obvious_issue,candidate_for_training,No obvious issue in the full contact-sheet screen; label not independently authenticated.,full_contact_sheet_screen
910087,Compact,no_obvious_issue,candidate_for_training,No obvious issue in the full contact-sheet screen; label not independently authenticated.,full_contact_sheet_screen
910088,Compact,no_obvious_issue,candidate_for_training,No obvious issue in the full contact-sheet screen; label not independently authenticated.,full_contact_sheet_screen
910089,Compact,no_obvious_issue,candidate_for_training,No obvious issue in the full contact-sheet screen; label not independently authenticated.,full_contact_sheet_screen
910090,Compact,no_obvious_issue,candidate_for_training,No obvious issue in the full contact-sheet screen; label not independently authenticated.,full_contact_sheet_screen
910091,Compact,no_obvious_issue,candidate_for_training,No obvious issue in the full contact-sheet screen; label not independently authenticated.,full_contact_sheet_screen
910092,Compact,no_obvious_issue,candidate_for_training,No obvious issue in the full contact-sheet screen; label not independently authenticated.,full_contact_sheet_screen
910093,Compact,no_obvious_issue,candidate_for_training,No obvious issue in the full contact-sheet screen; label not independently authenticated.,full_contact_sheet_screen
910094,Compact,no_obvious_issue,candidate_for_training,No obvious issue in the full contact-sheet screen; label not independently authenticated.,full_contact_sheet_screen
910095,Compact,no_obvious_issue,candidate_for_training,No obvious issue in the full contact-sheet screen; label not independently authenticated.,full_contact_sheet_screen
910096,Compact,no_obvious_issue,candidate_for_training,No obvious issue in the full contact-sheet screen; label not independently authenticated.,full_contact_sheet_screen
910097,Compact,no_obvious_issue,candidate_for_training,No obvious issue in the full contact-sheet screen; label not independently authenticated.,full_contact_sheet_screen
910098,Compact,no_obvious_issue,candidate_for_training,No obvious issue in the full contact-sheet screen; label not independently authenticated.,full_contact_sheet_screen
910099,Compact,no_obvious_issue,candidate_for_training,No obvious issue in the full contact-sheet screen; label not independently authenticated.,full_contact_sheet_screen
910100,Concealer,crop_review,hold_for_review,Background dominance or severe truncation/distortion makes the target hard to identify.,full_contact_sheet_screen
910101,Concealer,no_obvious_issue,candidate_for_training,No obvious issue in the full contact-sheet screen; label not independently authenticated.,full_contact_sheet_screen
910102,Concealer,no_obvious_issue,candidate_for_training,No obvious issue in the full contact-sheet screen; label not independently authenticated.,full_contact_sheet_screen
910103,Concealer,no_obvious_issue,candidate_for_training,No obvious issue in the full contact-sheet screen; label not independently authenticated.,full_contact_sheet_screen
910104,Concealer,no_obvious_issue,candidate_for_training,No obvious issue in the full contact-sheet screen; label not independently authenticated.,full_contact_sheet_screen
910105,Concealer,no_obvious_issue,candidate_for_training,No obvious issue in the full contact-sheet screen; label not independently authenticated.,full_contact_sheet_screen
910106,Concealer,no_obvious_issue,candidate_for_training,No obvious issue in the full contact-sheet screen; label not independently authenticated.,full_contact_sheet_screen
910107,Concealer,no_obvious_issue,candidate_for_training,No obvious issue in the full contact-sheet screen; label not independently authenticated.,full_contact_sheet_screen
910108,Concealer,no_obvious_issue,candidate_for_training,No obvious issue in the full contact-sheet screen; label not independently authenticated.,full_contact_sheet_screen
910109,Concealer,no_obvious_issue,candidate_for_training,No obvious issue in the full contact-sheet screen; label not independently authenticated.,full_contact_sheet_screen
910110,Concealer,no_obvious_issue,candidate_for_training,No obvious issue in the full contact-sheet screen; label not independently authenticated.,full_contact_sheet_screen
910111,Concealer,no_obvious_issue,candidate_for_training,No obvious issue in the full contact-sheet screen; label not independently authenticated.,full_contact_sheet_screen
910112,Concealer,no_obvious_issue,candidate_for_training,No obvious issue in the full contact-sheet screen; label not independently authenticated.,full_contact_sheet_screen
910113,Concealer,no_obvious_issue,candidate_for_training,No obvious issue in the full contact-sheet screen; label not independently authenticated.,full_contact_sheet_screen
910114,Concealer,no_obvious_issue,candidate_for_training,No obvious issue in the full contact-sheet screen; label not independently authenticated.,full_contact_sheet_screen
910115,Concealer,no_obvious_issue,candidate_for_training,No obvious issue in the full contact-sheet screen; label not independently authenticated.,full_contact_sheet_screen
910116,Concealer,no_obvious_issue,candidate_for_training,No obvious issue in the full contact-sheet screen; label not independently authenticated.,full_contact_sheet_screen
910117,Concealer,label_review,hold_for_review,Visible product appears inconsistent with the assigned class; verify original product and annotation.,full_contact_sheet_screen
910118,Concealer,no_obvious_issue,candidate_for_training,No obvious issue in the full contact-sheet screen; label not independently authenticated.,full_contact_sheet_screen
910119,Concealer,no_obvious_issue,candidate_for_training,No obvious issue in the full contact-sheet screen; label not independently authenticated.,full_contact_sheet_screen
910120,Concealer,no_obvious_issue,candidate_for_training,No obvious issue in the full contact-sheet screen; label not independently authenticated.,full_contact_sheet_screen
910121,Concealer,no_obvious_issue,candidate_for_training,No obvious issue in the full contact-sheet screen; label not independently authenticated.,full_contact_sheet_screen
910122,Concealer,no_obvious_issue,candidate_for_training,No obvious issue in the full contact-sheet screen; label not independently authenticated.,full_contact_sheet_screen
910123,Concealer,no_obvious_issue,candidate_for_training,No obvious issue in the full contact-sheet screen; label not independently authenticated.,full_contact_sheet_screen
910124,Concealer,no_obvious_issue,candidate_for_training,No obvious issue in the full contact-sheet screen; label not independently authenticated.,full_contact_sheet_screen
910125,Concealer,no_obvious_issue,candidate_for_training,No obvious issue in the full contact-sheet screen; label not independently authenticated.,full_contact_sheet_screen
910126,Concealer,no_obvious_issue,candidate_for_training,No obvious issue in the full contact-sheet screen; label not independently authenticated.,full_contact_sheet_screen
910127,Concealer,no_obvious_issue,candidate_for_training,No obvious issue in the full contact-sheet screen; label not independently authenticated.,full_contact_sheet_screen
910128,Concealer,no_obvious_issue,candidate_for_training,No obvious issue in the full contact-sheet screen; label not independently authenticated.,full_contact_sheet_screen
910129,Concealer,no_obvious_issue,candidate_for_training,No obvious issue in the full contact-sheet screen; label not independently authenticated.,full_contact_sheet_screen
910130,Concealer,no_obvious_issue,candidate_for_training,No obvious issue in the full contact-sheet screen; label not independently authenticated.,full_contact_sheet_screen
910131,Concealer,no_obvious_issue,candidate_for_training,No obvious issue in the full contact-sheet screen; label not independently authenticated.,full_contact_sheet_screen
910132,Concealer,crop_review,hold_for_review,Background dominance or severe truncation/distortion makes the target hard to identify.,full_contact_sheet_screen
910133,Concealer,no_obvious_issue,candidate_for_training,No obvious issue in the full contact-sheet screen; label not independently authenticated.,full_contact_sheet_screen
910134,Concealer,crop_review,hold_for_review,Background dominance or severe truncation/distortion makes the target hard to identify.,full_contact_sheet_screen
910135,Concealer,no_obvious_issue,candidate_for_training,No obvious issue in the full contact-sheet screen; label not independently authenticated.,full_contact_sheet_screen
910136,Concealer,no_obvious_issue,candidate_for_training,No obvious issue in the full contact-sheet screen; label not independently authenticated.,full_contact_sheet_screen
910137,Concealer,no_obvious_issue,candidate_for_training,No obvious issue in the full contact-sheet screen; label not independently authenticated.,full_contact_sheet_screen
910138,Concealer,no_obvious_issue,candidate_for_training,No obvious issue in the full contact-sheet screen; label not independently authenticated.,full_contact_sheet_screen
910139,Concealer,no_obvious_issue,candidate_for_training,No obvious issue in the full contact-sheet screen; label not independently authenticated.,full_contact_sheet_screen
910140,Concealer,no_obvious_issue,candidate_for_training,No obvious issue in the full contact-sheet screen; label not independently authenticated.,full_contact_sheet_screen
910141,Concealer,no_obvious_issue,candidate_for_training,No obvious issue in the full contact-sheet screen; label not independently authenticated.,full_contact_sheet_screen
910142,Concealer,no_obvious_issue,candidate_for_training,No obvious issue in the full contact-sheet screen; label not independently authenticated.,full_contact_sheet_screen
910143,Concealer,no_obvious_issue,candidate_for_training,No obvious issue in the full contact-sheet screen; label not independently authenticated.,full_contact_sheet_screen
910144,Concealer,no_obvious_issue,candidate_for_training,No obvious issue in the full contact-sheet screen; label not independently authenticated.,full_contact_sheet_screen
910145,Concealer,no_obvious_issue,candidate_for_training,No obvious issue in the full contact-sheet screen; label not independently authenticated.,full_contact_sheet_screen
910146,Concealer,no_obvious_issue,candidate_for_training,No obvious issue in the full contact-sheet screen; label not independently authenticated.,full_contact_sheet_screen
910147,Concealer,no_obvious_issue,candidate_for_training,No obvious issue in the full contact-sheet screen; label not independently authenticated.,full_contact_sheet_screen
910148,Concealer,no_obvious_issue,candidate_for_training,No obvious issue in the full contact-sheet screen; label not independently authenticated.,full_contact_sheet_screen
910149,Concealer,no_obvious_issue,candidate_for_training,No obvious issue in the full contact-sheet screen; label not independently authenticated.,full_contact_sheet_screen
910150,Concealer,no_obvious_issue,candidate_for_training,No obvious issue in the full contact-sheet screen; label not independently authenticated.,full_contact_sheet_screen
910151,Concealer,no_obvious_issue,candidate_for_training,No obvious issue in the full contact-sheet screen; label not independently authenticated.,full_contact_sheet_screen
910152,Concealer,no_obvious_issue,candidate_for_training,No obvious issue in the full contact-sheet screen; label not independently authenticated.,full_contact_sheet_screen
910153,Concealer,no_obvious_issue,candidate_for_training,No obvious issue in the full contact-sheet screen; label not independently authenticated.,full_contact_sheet_screen
910154,Concealer,crop_review,hold_for_review,Background dominance or severe truncation/distortion makes the target hard to identify.,full_contact_sheet_screen
910155,Concealer,no_obvious_issue,candidate_for_training,No obvious issue in the full contact-sheet screen; label not independently authenticated.,full_contact_sheet_screen
910156,Concealer,no_obvious_issue,candidate_for_training,No obvious issue in the full contact-sheet screen; label not independently authenticated.,full_contact_sheet_screen
910157,Concealer,no_obvious_issue,candidate_for_training,No obvious issue in the full contact-sheet screen; label not independently authenticated.,full_contact_sheet_screen
910158,Concealer,no_obvious_issue,candidate_for_training,No obvious issue in the full contact-sheet screen; label not independently authenticated.,full_contact_sheet_screen
910159,Concealer,no_obvious_issue,candidate_for_training,No obvious issue in the full contact-sheet screen; label not independently authenticated.,full_contact_sheet_screen
910160,Concealer,no_obvious_issue,candidate_for_training,No obvious issue in the full contact-sheet screen; label not independently authenticated.,full_contact_sheet_screen
910161,Concealer,no_obvious_issue,candidate_for_training,No obvious issue in the full contact-sheet screen; label not independently authenticated.,full_contact_sheet_screen
910162,Concealer,no_obvious_issue,candidate_for_training,No obvious issue in the full contact-sheet screen; label not independently authenticated.,full_contact_sheet_screen
910163,Concealer,no_obvious_issue,candidate_for_training,No obvious issue in the full contact-sheet screen; label not independently authenticated.,full_contact_sheet_screen
910164,Concealer,no_obvious_issue,candidate_for_training,No obvious issue in the full contact-sheet screen; label not independently authenticated.,full_contact_sheet_screen
910165,Concealer,no_obvious_issue,candidate_for_training,No obvious issue in the full contact-sheet screen; label not independently authenticated.,full_contact_sheet_screen
910166,Concealer,no_obvious_issue,candidate_for_training,No obvious issue in the full contact-sheet screen; label not independently authenticated.,full_contact_sheet_screen
910167,Concealer,no_obvious_issue,candidate_for_training,No obvious issue in the full contact-sheet screen; label not independently authenticated.,full_contact_sheet_screen
910168,Concealer,no_obvious_issue,candidate_for_training,No obvious issue in the full contact-sheet screen; label not independently authenticated.,full_contact_sheet_screen
910169,Concealer,no_obvious_issue,candidate_for_training,No obvious issue in the full contact-sheet screen; label not independently authenticated.,full_contact_sheet_screen
910170,Concealer,no_obvious_issue,candidate_for_training,No obvious issue in the full contact-sheet screen; label not independently authenticated.,full_contact_sheet_screen
910171,Concealer,no_obvious_issue,candidate_for_training,No obvious issue in the full contact-sheet screen; label not independently authenticated.,full_contact_sheet_screen
910172,Concealer,no_obvious_issue,candidate_for_training,No obvious issue in the full contact-sheet screen; label not independently authenticated.,full_contact_sheet_screen
910173,Concealer,no_obvious_issue,candidate_for_training,No obvious issue in the full contact-sheet screen; label not independently authenticated.,full_contact_sheet_screen
910174,Concealer,no_obvious_issue,candidate_for_training,No obvious issue in the full contact-sheet screen; label not independently authenticated.,full_contact_sheet_screen
910175,Concealer,no_obvious_issue,candidate_for_training,No obvious issue in the full contact-sheet screen; label not independently authenticated.,full_contact_sheet_screen
910176,Concealer,no_obvious_issue,candidate_for_training,No obvious issue in the full contact-sheet screen; label not independently authenticated.,full_contact_sheet_screen
910177,Concealer,no_obvious_issue,candidate_for_training,No obvious issue in the full contact-sheet screen; label not independently authenticated.,full_contact_sheet_screen
910178,Concealer,no_obvious_issue,candidate_for_training,No obvious issue in the full contact-sheet screen; label not independently authenticated.,full_contact_sheet_screen
910179,Concealer,no_obvious_issue,candidate_for_training,No obvious issue in the full contact-sheet screen; label not independently authenticated.,full_contact_sheet_screen
910180,Concealer,no_obvious_issue,candidate_for_training,No obvious issue in the full contact-sheet screen; label not independently authenticated.,full_contact_sheet_screen
910181,Concealer,no_obvious_issue,candidate_for_training,No obvious issue in the full contact-sheet screen; label not independently authenticated.,full_contact_sheet_screen
910182,Concealer,no_obvious_issue,candidate_for_training,No obvious issue in the full contact-sheet screen; label not independently authenticated.,full_contact_sheet_screen
910183,Concealer,no_obvious_issue,candidate_for_training,No obvious issue in the full contact-sheet screen; label not independently authenticated.,full_contact_sheet_screen
910184,Concealer,label_review,hold_for_review,Visible product appears inconsistent with the assigned class; verify original product and annotation.,full_contact_sheet_screen
910185,Concealer,no_obvious_issue,candidate_for_training,No obvious issue in the full contact-sheet screen; label not independently authenticated.,full_contact_sheet_screen
910186,Concealer,no_obvious_issue,candidate_for_training,No obvious issue in the full contact-sheet screen; label not independently authenticated.,full_contact_sheet_screen
910187,Concealer,no_obvious_issue,candidate_for_training,No obvious issue in the full contact-sheet screen; label not independently authenticated.,full_contact_sheet_screen
910188,Concealer,no_obvious_issue,candidate_for_training,No obvious issue in the full contact-sheet screen; label not independently authenticated.,full_contact_sheet_screen
910189,Concealer,no_obvious_issue,candidate_for_training,No obvious issue in the full contact-sheet screen; label not independently authenticated.,full_contact_sheet_screen
910190,Concealer,label_review,hold_for_review,Visible product appears inconsistent with the assigned class; verify original product and annotation.,full_contact_sheet_screen
910191,Concealer,no_obvious_issue,candidate_for_training,No obvious issue in the full contact-sheet screen; label not independently authenticated.,full_contact_sheet_screen
910192,Concealer,no_obvious_issue,candidate_for_training,No obvious issue in the full contact-sheet screen; label not independently authenticated.,full_contact_sheet_screen
910193,Concealer,crop_review,hold_for_review,Background dominance or severe truncation/distortion makes the target hard to identify.,full_contact_sheet_screen
910194,Concealer,no_obvious_issue,candidate_for_training,No obvious issue in the full contact-sheet screen; label not independently authenticated.,full_contact_sheet_screen
910195,Concealer,no_obvious_issue,candidate_for_training,No obvious issue in the full contact-sheet screen; label not independently authenticated.,full_contact_sheet_screen
910196,Concealer,crop_review,hold_for_review,Background dominance or severe truncation/distortion makes the target hard to identify.,full_contact_sheet_screen
910197,Concealer,no_obvious_issue,candidate_for_training,No obvious issue in the full contact-sheet screen; label not independently authenticated.,full_contact_sheet_screen
910198,Concealer,no_obvious_issue,candidate_for_training,No obvious issue in the full contact-sheet screen; label not independently authenticated.,full_contact_sheet_screen
910199,Concealer,no_obvious_issue,candidate_for_training,No obvious issue in the full contact-sheet screen; label not independently authenticated.,full_contact_sheet_screen
910200,Foundation and Primer,no_obvious_issue,candidate_for_training,No obvious issue in the full contact-sheet screen; label not independently authenticated.,full_contact_sheet_screen
910201,Foundation and Primer,no_obvious_issue,candidate_for_training,No obvious issue in the full contact-sheet screen; label not independently authenticated.,full_contact_sheet_screen
910202,Foundation and Primer,no_obvious_issue,candidate_for_training,No obvious issue in the full contact-sheet screen; label not independently authenticated.,full_contact_sheet_screen
910203,Foundation and Primer,no_obvious_issue,candidate_for_training,No obvious issue in the full contact-sheet screen; label not independently authenticated.,full_contact_sheet_screen
910204,Foundation and Primer,no_obvious_issue,candidate_for_training,No obvious issue in the full contact-sheet screen; label not independently authenticated.,full_contact_sheet_screen
910205,Foundation and Primer,no_obvious_issue,candidate_for_training,No obvious issue in the full contact-sheet screen; label not independently authenticated.,full_contact_sheet_screen
910206,Foundation and Primer,no_obvious_issue,candidate_for_training,No obvious issue in the full contact-sheet screen; label not independently authenticated.,full_contact_sheet_screen
910207,Foundation and Primer,no_obvious_issue,candidate_for_training,No obvious issue in the full contact-sheet screen; label not independently authenticated.,full_contact_sheet_screen
910208,Foundation and Primer,no_obvious_issue,candidate_for_training,No obvious issue in the full contact-sheet screen; label not independently authenticated.,full_contact_sheet_screen
910209,Foundation and Primer,no_obvious_issue,candidate_for_training,No obvious issue in the full contact-sheet screen; label not independently authenticated.,full_contact_sheet_screen
910210,Foundation and Primer,no_obvious_issue,candidate_for_training,No obvious issue in the full contact-sheet screen; label not independently authenticated.,full_contact_sheet_screen
910211,Foundation and Primer,no_obvious_issue,candidate_for_training,No obvious issue in the full contact-sheet screen; label not independently authenticated.,full_contact_sheet_screen
910212,Foundation and Primer,no_obvious_issue,candidate_for_training,No obvious issue in the full contact-sheet screen; label not independently authenticated.,full_contact_sheet_screen
910213,Foundation and Primer,no_obvious_issue,candidate_for_training,No obvious issue in the full contact-sheet screen; label not independently authenticated.,full_contact_sheet_screen
910214,Foundation and Primer,no_obvious_issue,candidate_for_training,No obvious issue in the full contact-sheet screen; label not independently authenticated.,full_contact_sheet_screen
910215,Foundation and Primer,no_obvious_issue,candidate_for_training,No obvious issue in the full contact-sheet screen; label not independently authenticated.,full_contact_sheet_screen
910216,Foundation and Primer,no_obvious_issue,candidate_for_training,No obvious issue in the full contact-sheet screen; label not independently authenticated.,full_contact_sheet_screen
910217,Foundation and Primer,no_obvious_issue,candidate_for_training,No obvious issue in the full contact-sheet screen; label not independently authenticated.,full_contact_sheet_screen
910218,Foundation and Primer,no_obvious_issue,candidate_for_training,No obvious issue in the full contact-sheet screen; label not independently authenticated.,full_contact_sheet_screen
910219,Foundation and Primer,no_obvious_issue,candidate_for_training,No obvious issue in the full contact-sheet screen; label not independently authenticated.,full_contact_sheet_screen
910220,Foundation and Primer,no_obvious_issue,candidate_for_training,No obvious issue in the full contact-sheet screen; label not independently authenticated.,full_contact_sheet_screen
910221,Foundation and Primer,no_obvious_issue,candidate_for_training,No obvious issue in the full contact-sheet screen; label not independently authenticated.,full_contact_sheet_screen
910222,Foundation and Primer,no_obvious_issue,candidate_for_training,No obvious issue in the full contact-sheet screen; label not independently authenticated.,full_contact_sheet_screen
910223,Foundation and Primer,no_obvious_issue,candidate_for_training,No obvious issue in the full contact-sheet screen; label not independently authenticated.,full_contact_sheet_screen
910224,Foundation and Primer,no_obvious_issue,candidate_for_training,No obvious issue in the full contact-sheet screen; label not independently authenticated.,full_contact_sheet_screen
910225,Foundation and Primer,no_obvious_issue,candidate_for_training,No obvious issue in the full contact-sheet screen; label not independently authenticated.,full_contact_sheet_screen
910226,Foundation and Primer,no_obvious_issue,candidate_for_training,No obvious issue in the full contact-sheet screen; label not independently authenticated.,full_contact_sheet_screen
910227,Foundation and Primer,no_obvious_issue,candidate_for_training,No obvious issue in the full contact-sheet screen; label not independently authenticated.,full_contact_sheet_screen
910228,Foundation and Primer,no_obvious_issue,candidate_for_training,No obvious issue in the full contact-sheet screen; label not independently authenticated.,full_contact_sheet_screen
910229,Foundation and Primer,no_obvious_issue,candidate_for_training,No obvious issue in the full contact-sheet screen; label not independently authenticated.,full_contact_sheet_screen
910230,Foundation and Primer,no_obvious_issue,candidate_for_training,No obvious issue in the full contact-sheet screen; label not independently authenticated.,full_contact_sheet_screen
910231,Foundation and Primer,no_obvious_issue,candidate_for_training,No obvious issue in the full contact-sheet screen; label not independently authenticated.,full_contact_sheet_screen
910232,Foundation and Primer,no_obvious_issue,candidate_for_training,No obvious issue in the full contact-sheet screen; label not independently authenticated.,full_contact_sheet_screen
910233,Foundation and Primer,no_obvious_issue,candidate_for_training,No obvious issue in the full contact-sheet screen; label not independently authenticated.,full_contact_sheet_screen
910234,Foundation and Primer,no_obvious_issue,candidate_for_training,No obvious issue in the full contact-sheet screen; label not independently authenticated.,full_contact_sheet_screen
910235,Foundation and Primer,no_obvious_issue,candidate_for_training,No obvious issue in the full contact-sheet screen; label not independently authenticated.,full_contact_sheet_screen
910236,Foundation and Primer,no_obvious_issue,candidate_for_training,No obvious issue in the full contact-sheet screen; label not independently authenticated.,full_contact_sheet_screen
910237,Foundation and Primer,no_obvious_issue,candidate_for_training,No obvious issue in the full contact-sheet screen; label not independently authenticated.,full_contact_sheet_screen
910238,Foundation and Primer,no_obvious_issue,candidate_for_training,No obvious issue in the full contact-sheet screen; label not independently authenticated.,full_contact_sheet_screen
910239,Foundation and Primer,no_obvious_issue,candidate_for_training,No obvious issue in the full contact-sheet screen; label not independently authenticated.,full_contact_sheet_screen
910240,Foundation and Primer,no_obvious_issue,candidate_for_training,No obvious issue in the full contact-sheet screen; label not independently authenticated.,full_contact_sheet_screen
910241,Foundation and Primer,no_obvious_issue,candidate_for_training,No obvious issue in the full contact-sheet screen; label not independently authenticated.,full_contact_sheet_screen
910242,Foundation and Primer,no_obvious_issue,candidate_for_training,No obvious issue in the full contact-sheet screen; label not independently authenticated.,full_contact_sheet_screen
910243,Foundation and Primer,no_obvious_issue,candidate_for_training,No obvious issue in the full contact-sheet screen; label not independently authenticated.,full_contact_sheet_screen
910244,Foundation and Primer,no_obvious_issue,candidate_for_training,No obvious issue in the full contact-sheet screen; label not independently authenticated.,full_contact_sheet_screen
910245,Foundation and Primer,no_obvious_issue,candidate_for_training,No obvious issue in the full contact-sheet screen; label not independently authenticated.,full_contact_sheet_screen
910246,Foundation and Primer,no_obvious_issue,candidate_for_training,No obvious issue in the full contact-sheet screen; label not independently authenticated.,full_contact_sheet_screen
910247,Foundation and Primer,no_obvious_issue,candidate_for_training,No obvious issue in the full contact-sheet screen; label not independently authenticated.,full_contact_sheet_screen
910248,Foundation and Primer,no_obvious_issue,candidate_for_training,No obvious issue in the full contact-sheet screen; label not independently authenticated.,full_contact_sheet_screen
910249,Foundation and Primer,no_obvious_issue,candidate_for_training,No obvious issue in the full contact-sheet screen; label not independently authenticated.,full_contact_sheet_screen
910250,Foundation and Primer,no_obvious_issue,candidate_for_training,No obvious issue in the full contact-sheet screen; label not independently authenticated.,full_contact_sheet_screen
910251,Foundation and Primer,no_obvious_issue,candidate_for_training,No obvious issue in the full contact-sheet screen; label not independently authenticated.,full_contact_sheet_screen
910252,Foundation and Primer,no_obvious_issue,candidate_for_training,No obvious issue in the full contact-sheet screen; label not independently authenticated.,full_contact_sheet_screen
910253,Foundation and Primer,no_obvious_issue,candidate_for_training,No obvious issue in the full contact-sheet screen; label not independently authenticated.,full_contact_sheet_screen
910254,Foundation and Primer,no_obvious_issue,candidate_for_training,No obvious issue in the full contact-sheet screen; label not independently authenticated.,full_contact_sheet_screen
910255,Foundation and Primer,no_obvious_issue,candidate_for_training,No obvious issue in the full contact-sheet screen; label not independently authenticated.,full_contact_sheet_screen
910256,Foundation and Primer,no_obvious_issue,candidate_for_training,No obvious issue in the full contact-sheet screen; label not independently authenticated.,full_contact_sheet_screen
910257,Foundation and Primer,no_obvious_issue,candidate_for_training,No obvious issue in the full contact-sheet screen; label not independently authenticated.,full_contact_sheet_screen
910258,Foundation and Primer,no_obvious_issue,candidate_for_training,No obvious issue in the full contact-sheet screen; label not independently authenticated.,full_contact_sheet_screen
910259,Foundation and Primer,no_obvious_issue,candidate_for_training,No obvious issue in the full contact-sheet screen; label not independently authenticated.,full_contact_sheet_screen
910260,Foundation and Primer,no_obvious_issue,candidate_for_training,No obvious issue in the full contact-sheet screen; label not independently authenticated.,full_contact_sheet_screen
910261,Foundation and Primer,no_obvious_issue,candidate_for_training,No obvious issue in the full contact-sheet screen; label not independently authenticated.,full_contact_sheet_screen
910262,Foundation and Primer,no_obvious_issue,candidate_for_training,No obvious issue in the full contact-sheet screen; label not independently authenticated.,full_contact_sheet_screen
910263,Foundation and Primer,no_obvious_issue,candidate_for_training,No obvious issue in the full contact-sheet screen; label not independently authenticated.,full_contact_sheet_screen
910264,Foundation and Primer,no_obvious_issue,candidate_for_training,No obvious issue in the full contact-sheet screen; label not independently authenticated.,full_contact_sheet_screen
910265,Foundation and Primer,no_obvious_issue,candidate_for_training,No obvious issue in the full contact-sheet screen; label not independently authenticated.,full_contact_sheet_screen
910266,Foundation and Primer,no_obvious_issue,candidate_for_training,No obvious issue in the full contact-sheet screen; label not independently authenticated.,full_contact_sheet_screen
910267,Foundation and Primer,no_obvious_issue,candidate_for_training,No obvious issue in the full contact-sheet screen; label not independently authenticated.,full_contact_sheet_screen
910268,Foundation and Primer,no_obvious_issue,candidate_for_training,No obvious issue in the full contact-sheet screen; label not independently authenticated.,full_contact_sheet_screen
910269,Foundation and Primer,no_obvious_issue,candidate_for_training,No obvious issue in the full contact-sheet screen; label not independently authenticated.,full_contact_sheet_screen
910270,Foundation and Primer,no_obvious_issue,candidate_for_training,No obvious issue in the full contact-sheet screen; label not independently authenticated.,full_contact_sheet_screen
910271,Foundation and Primer,label_review,hold_for_review,Visible product appears inconsistent with the assigned class; verify original product and annotation.,full_contact_sheet_screen
910272,Foundation and Primer,no_obvious_issue,candidate_for_training,No obvious issue in the full contact-sheet screen; label not independently authenticated.,full_contact_sheet_screen
910273,Foundation and Primer,no_obvious_issue,candidate_for_training,No obvious issue in the full contact-sheet screen; label not independently authenticated.,full_contact_sheet_screen
910274,Foundation and Primer,no_obvious_issue,candidate_for_training,No obvious issue in the full contact-sheet screen; label not independently authenticated.,full_contact_sheet_screen
910275,Foundation and Primer,no_obvious_issue,candidate_for_training,No obvious issue in the full contact-sheet screen; label not independently authenticated.,full_contact_sheet_screen
910276,Foundation and Primer,no_obvious_issue,candidate_for_training,No obvious issue in the full contact-sheet screen; label not independently authenticated.,full_contact_sheet_screen
910277,Foundation and Primer,no_obvious_issue,candidate_for_training,No obvious issue in the full contact-sheet screen; label not independently authenticated.,full_contact_sheet_screen
910278,Foundation and Primer,no_obvious_issue,candidate_for_training,No obvious issue in the full contact-sheet screen; label not independently authenticated.,full_contact_sheet_screen
910279,Foundation and Primer,no_obvious_issue,candidate_for_training,No obvious issue in the full contact-sheet screen; label not independently authenticated.,full_contact_sheet_screen
910280,Foundation and Primer,crop_review,hold_for_review,Background dominance or severe truncation/distortion makes the target hard to identify.,full_contact_sheet_screen
910281,Foundation and Primer,no_obvious_issue,candidate_for_training,No obvious issue in the full contact-sheet screen; label not independently authenticated.,full_contact_sheet_screen
910282,Foundation and Primer,no_obvious_issue,candidate_for_training,No obvious issue in the full contact-sheet screen; label not independently authenticated.,full_contact_sheet_screen
910283,Foundation and Primer,no_obvious_issue,candidate_for_training,No obvious issue in the full contact-sheet screen; label not independently authenticated.,full_contact_sheet_screen
910284,Foundation and Primer,no_obvious_issue,candidate_for_training,No obvious issue in the full contact-sheet screen; label not independently authenticated.,full_contact_sheet_screen
910285,Foundation and Primer,no_obvious_issue,candidate_for_training,No obvious issue in the full contact-sheet screen; label not independently authenticated.,full_contact_sheet_screen
910286,Foundation and Primer,no_obvious_issue,candidate_for_training,No obvious issue in the full contact-sheet screen; label not independently authenticated.,full_contact_sheet_screen
910287,Foundation and Primer,no_obvious_issue,candidate_for_training,No obvious issue in the full contact-sheet screen; label not independently authenticated.,full_contact_sheet_screen
910288,Foundation and Primer,no_obvious_issue,candidate_for_training,No obvious issue in the full contact-sheet screen; label not independently authenticated.,full_contact_sheet_screen
910289,Foundation and Primer,no_obvious_issue,candidate_for_training,No obvious issue in the full contact-sheet screen; label not independently authenticated.,full_contact_sheet_screen
910290,Foundation and Primer,no_obvious_issue,candidate_for_training,No obvious issue in the full contact-sheet screen; label not independently authenticated.,full_contact_sheet_screen
910291,Foundation and Primer,no_obvious_issue,candidate_for_training,No obvious issue in the full contact-sheet screen; label not independently authenticated.,full_contact_sheet_screen
910292,Foundation and Primer,no_obvious_issue,candidate_for_training,No obvious issue in the full contact-sheet screen; label not independently authenticated.,full_contact_sheet_screen
910293,Foundation and Primer,no_obvious_issue,candidate_for_training,No obvious issue in the full contact-sheet screen; label not independently authenticated.,full_contact_sheet_screen
910294,Foundation and Primer,no_obvious_issue,candidate_for_training,No obvious issue in the full contact-sheet screen; label not independently authenticated.,full_contact_sheet_screen
910295,Foundation and Primer,no_obvious_issue,candidate_for_training,No obvious issue in the full contact-sheet screen; label not independently authenticated.,full_contact_sheet_screen
910296,Foundation and Primer,no_obvious_issue,candidate_for_training,No obvious issue in the full contact-sheet screen; label not independently authenticated.,full_contact_sheet_screen
910297,Foundation and Primer,no_obvious_issue,candidate_for_training,No obvious issue in the full contact-sheet screen; label not independently authenticated.,full_contact_sheet_screen
910298,Foundation and Primer,no_obvious_issue,candidate_for_training,No obvious issue in the full contact-sheet screen; label not independently authenticated.,full_contact_sheet_screen
910299,Foundation and Primer,no_obvious_issue,candidate_for_training,No obvious issue in the full contact-sheet screen; label not independently authenticated.,full_contact_sheet_screen
910300,Highlighter and Blush,no_obvious_issue,candidate_for_training,No obvious issue in the full contact-sheet screen; label not independently authenticated.,full_contact_sheet_screen
910301,Highlighter and Blush,no_obvious_issue,candidate_for_training,No obvious issue in the full contact-sheet screen; label not independently authenticated.,full_contact_sheet_screen
910302,Highlighter and Blush,no_obvious_issue,candidate_for_training,No obvious issue in the full contact-sheet screen; label not independently authenticated.,full_contact_sheet_screen
910303,Highlighter and Blush,no_obvious_issue,candidate_for_training,No obvious issue in the full contact-sheet screen; label not independently authenticated.,full_contact_sheet_screen
910304,Highlighter and Blush,no_obvious_issue,candidate_for_training,No obvious issue in the full contact-sheet screen; label not independently authenticated.,full_contact_sheet_screen
910305,Highlighter and Blush,no_obvious_issue,candidate_for_training,No obvious issue in the full contact-sheet screen; label not independently authenticated.,full_contact_sheet_screen
910306,Highlighter and Blush,crop_review,hold_for_review,Background dominance or severe truncation/distortion makes the target hard to identify.,full_contact_sheet_screen
910307,Highlighter and Blush,crop_review,hold_for_review,Background dominance or severe truncation/distortion makes the target hard to identify.,full_contact_sheet_screen
910308,Highlighter and Blush,crop_review,hold_for_review,Background dominance or severe truncation/distortion makes the target hard to identify.,full_contact_sheet_screen
910309,Highlighter and Blush,crop_review,hold_for_review,Background dominance or severe truncation/distortion makes the target hard to identify.,full_contact_sheet_screen
910310,Highlighter and Blush,no_obvious_issue,candidate_for_training,No obvious issue in the full contact-sheet screen; label not independently authenticated.,full_contact_sheet_screen
910311,Highlighter and Blush,no_obvious_issue,candidate_for_training,No obvious issue in the full contact-sheet screen; label not independently authenticated.,full_contact_sheet_screen
910312,Highlighter and Blush,no_obvious_issue,candidate_for_training,No obvious issue in the full contact-sheet screen; label not independently authenticated.,full_contact_sheet_screen
910313,Highlighter and Blush,no_obvious_issue,candidate_for_training,No obvious issue in the full contact-sheet screen; label not independently authenticated.,full_contact_sheet_screen
910314,Highlighter and Blush,no_obvious_issue,candidate_for_training,No obvious issue in the full contact-sheet screen; label not independently authenticated.,full_contact_sheet_screen
910315,Highlighter and Blush,crop_review,hold_for_review,Background dominance or severe truncation/distortion makes the target hard to identify.,full_contact_sheet_screen
910316,Highlighter and Blush,no_obvious_issue,candidate_for_training,No obvious issue in the full contact-sheet screen; label not independently authenticated.,full_contact_sheet_screen
910317,Highlighter and Blush,no_obvious_issue,candidate_for_training,No obvious issue in the full contact-sheet screen; label not independently authenticated.,full_contact_sheet_screen
910318,Highlighter and Blush,no_obvious_issue,candidate_for_training,No obvious issue in the full contact-sheet screen; label not independently authenticated.,full_contact_sheet_screen
910319,Highlighter and Blush,no_obvious_issue,candidate_for_training,No obvious issue in the full contact-sheet screen; label not independently authenticated.,full_contact_sheet_screen
910320,Highlighter and Blush,no_obvious_issue,candidate_for_training,No obvious issue in the full contact-sheet screen; label not independently authenticated.,full_contact_sheet_screen
910321,Highlighter and Blush,no_obvious_issue,candidate_for_training,No obvious issue in the full contact-sheet screen; label not independently authenticated.,full_contact_sheet_screen
910322,Highlighter and Blush,no_obvious_issue,candidate_for_training,No obvious issue in the full contact-sheet screen; label not independently authenticated.,full_contact_sheet_screen
910323,Highlighter and Blush,no_obvious_issue,candidate_for_training,No obvious issue in the full contact-sheet screen; label not independently authenticated.,full_contact_sheet_screen
910324,Highlighter and Blush,no_obvious_issue,candidate_for_training,No obvious issue in the full contact-sheet screen; label not independently authenticated.,full_contact_sheet_screen
910325,Highlighter and Blush,no_obvious_issue,candidate_for_training,No obvious issue in the full contact-sheet screen; label not independently authenticated.,full_contact_sheet_screen
910326,Highlighter and Blush,no_obvious_issue,candidate_for_training,No obvious issue in the full contact-sheet screen; label not independently authenticated.,full_contact_sheet_screen
910327,Highlighter and Blush,no_obvious_issue,candidate_for_training,No obvious issue in the full contact-sheet screen; label not independently authenticated.,full_contact_sheet_screen
910328,Highlighter and Blush,no_obvious_issue,candidate_for_training,No obvious issue in the full contact-sheet screen; label not independently authenticated.,full_contact_sheet_screen
910329,Highlighter and Blush,no_obvious_issue,candidate_for_training,No obvious issue in the full contact-sheet screen; label not independently authenticated.,full_contact_sheet_screen
910330,Highlighter and Blush,no_obvious_issue,candidate_for_training,No obvious issue in the full contact-sheet screen; label not independently authenticated.,full_contact_sheet_screen
910331,Highlighter and Blush,no_obvious_issue,candidate_for_training,No obvious issue in the full contact-sheet screen; label not independently authenticated.,full_contact_sheet_screen
910332,Highlighter and Blush,label_review,hold_for_review,Visible product appears inconsistent with the assigned class; verify original product and annotation.,full_contact_sheet_screen
910333,Highlighter and Blush,no_obvious_issue,candidate_for_training,No obvious issue in the full contact-sheet screen; label not independently authenticated.,full_contact_sheet_screen
910334,Highlighter and Blush,no_obvious_issue,candidate_for_training,No obvious issue in the full contact-sheet screen; label not independently authenticated.,full_contact_sheet_screen
910335,Highlighter and Blush,no_obvious_issue,candidate_for_training,No obvious issue in the full contact-sheet screen; label not independently authenticated.,full_contact_sheet_screen
910336,Highlighter and Blush,crop_review,hold_for_review,Background dominance or severe truncation/distortion makes the target hard to identify.,full_contact_sheet_screen
910337,Highlighter and Blush,no_obvious_issue,candidate_for_training,No obvious issue in the full contact-sheet screen; label not independently authenticated.,full_contact_sheet_screen
910338,Highlighter and Blush,no_obvious_issue,candidate_for_training,No obvious issue in the full contact-sheet screen; label not independently authenticated.,full_contact_sheet_screen
910339,Highlighter and Blush,no_obvious_issue,candidate_for_training,No obvious issue in the full contact-sheet screen; label not independently authenticated.,full_contact_sheet_screen
910340,Highlighter and Blush,crop_review,hold_for_review,Background dominance or severe truncation/distortion makes the target hard to identify.,full_contact_sheet_screen
910341,Highlighter and Blush,no_obvious_issue,candidate_for_training,No obvious issue in the full contact-sheet screen; label not independently authenticated.,full_contact_sheet_screen
910342,Highlighter and Blush,no_obvious_issue,candidate_for_training,No obvious issue in the full contact-sheet screen; label not independently authenticated.,full_contact_sheet_screen
910343,Highlighter and Blush,no_obvious_issue,candidate_for_training,No obvious issue in the full contact-sheet screen; label not independently authenticated.,full_contact_sheet_screen
910344,Highlighter and Blush,no_obvious_issue,candidate_for_training,No obvious issue in the full contact-sheet screen; label not independently authenticated.,full_contact_sheet_screen
910345,Highlighter and Blush,no_obvious_issue,candidate_for_training,No obvious issue in the full contact-sheet screen; label not independently authenticated.,full_contact_sheet_screen
910346,Highlighter and Blush,no_obvious_issue,candidate_for_training,No obvious issue in the full contact-sheet screen; label not independently authenticated.,full_contact_sheet_screen
910347,Highlighter and Blush,crop_review,hold_for_review,Background dominance or severe truncation/distortion makes the target hard to identify.,full_contact_sheet_screen
910348,Highlighter and Blush,crop_review,hold_for_review,Background dominance or severe truncation/distortion makes the target hard to identify.,full_contact_sheet_screen
910349,Highlighter and Blush,crop_review,hold_for_review,Background dominance or severe truncation/distortion makes the target hard to identify.,full_contact_sheet_screen
910350,Highlighter and Blush,crop_review,hold_for_review,Background dominance or severe truncation/distortion makes the target hard to identify.,full_contact_sheet_screen
910351,Highlighter and Blush,label_review,hold_for_review,Visible product appears inconsistent with the assigned class; verify original product and annotation.,full_contact_sheet_screen
910352,Highlighter and Blush,no_obvious_issue,candidate_for_training,No obvious issue in the full contact-sheet screen; label not independently authenticated.,full_contact_sheet_screen
910353,Highlighter and Blush,no_obvious_issue,candidate_for_training,No obvious issue in the full contact-sheet screen; label not independently authenticated.,full_contact_sheet_screen
910354,Highlighter and Blush,crop_review,hold_for_review,Background dominance or severe truncation/distortion makes the target hard to identify.,full_contact_sheet_screen
910355,Highlighter and Blush,crop_review,hold_for_review,Background dominance or severe truncation/distortion makes the target hard to identify.,full_contact_sheet_screen
910356,Highlighter and Blush,crop_review,hold_for_review,Background dominance or severe truncation/distortion makes the target hard to identify.,full_contact_sheet_screen
910357,Highlighter and Blush,crop_review,hold_for_review,Background dominance or severe truncation/distortion makes the target hard to identify.,full_contact_sheet_screen
910358,Highlighter and Blush,no_obvious_issue,candidate_for_training,No obvious issue in the full contact-sheet screen; label not independently authenticated.,full_contact_sheet_screen
910359,Highlighter and Blush,no_obvious_issue,candidate_for_training,No obvious issue in the full contact-sheet screen; label not independently authenticated.,full_contact_sheet_screen
910360,Highlighter and Blush,no_obvious_issue,candidate_for_training,No obvious issue in the full contact-sheet screen; label not independently authenticated.,full_contact_sheet_screen
910361,Highlighter and Blush,no_obvious_issue,candidate_for_training,No obvious issue in the full contact-sheet screen; label not independently authenticated.,full_contact_sheet_screen
910362,Highlighter and Blush,no_obvious_issue,candidate_for_training,No obvious issue in the full contact-sheet screen; label not independently authenticated.,full_contact_sheet_screen
910363,Highlighter and Blush,no_obvious_issue,candidate_for_training,No obvious issue in the full contact-sheet screen; label not independently authenticated.,full_contact_sheet_screen
910364,Highlighter and Blush,no_obvious_issue,candidate_for_training,No obvious issue in the full contact-sheet screen; label not independently authenticated.,full_contact_sheet_screen
910365,Highlighter and Blush,no_obvious_issue,candidate_for_training,No obvious issue in the full contact-sheet screen; label not independently authenticated.,full_contact_sheet_screen
910366,Highlighter and Blush,no_obvious_issue,candidate_for_training,No obvious issue in the full contact-sheet screen; label not independently authenticated.,full_contact_sheet_screen
910367,Highlighter and Blush,no_obvious_issue,candidate_for_training,No obvious issue in the full contact-sheet screen; label not independently authenticated.,full_contact_sheet_screen
910368,Highlighter and Blush,no_obvious_issue,candidate_for_training,No obvious issue in the full contact-sheet screen; label not independently authenticated.,full_contact_sheet_screen
910369,Highlighter and Blush,no_obvious_issue,candidate_for_training,No obvious issue in the full contact-sheet screen; label not independently authenticated.,full_contact_sheet_screen
910370,Highlighter and Blush,no_obvious_issue,candidate_for_training,No obvious issue in the full contact-sheet screen; label not independently authenticated.,full_contact_sheet_screen
910371,Highlighter and Blush,no_obvious_issue,candidate_for_training,No obvious issue in the full contact-sheet screen; label not independently authenticated.,full_contact_sheet_screen
910372,Highlighter and Blush,crop_review,hold_for_review,Background dominance or severe truncation/distortion makes the target hard to identify.,full_contact_sheet_screen
910373,Highlighter and Blush,no_obvious_issue,candidate_for_training,No obvious issue in the full contact-sheet screen; label not independently authenticated.,full_contact_sheet_screen
910374,Highlighter and Blush,crop_review,hold_for_review,Background dominance or severe truncation/distortion makes the target hard to identify.,full_contact_sheet_screen
910375,Highlighter and Blush,no_obvious_issue,candidate_for_training,No obvious issue in the full contact-sheet screen; label not independently authenticated.,full_contact_sheet_screen
910376,Highlighter and Blush,no_obvious_issue,candidate_for_training,No obvious issue in the full contact-sheet screen; label not independently authenticated.,full_contact_sheet_screen
910377,Highlighter and Blush,no_obvious_issue,candidate_for_training,No obvious issue in the full contact-sheet screen; label not independently authenticated.,full_contact_sheet_screen
910378,Highlighter and Blush,no_obvious_issue,candidate_for_training,No obvious issue in the full contact-sheet screen; label not independently authenticated.,full_contact_sheet_screen
910379,Highlighter and Blush,no_obvious_issue,candidate_for_training,No obvious issue in the full contact-sheet screen; label not independently authenticated.,full_contact_sheet_screen
910380,Highlighter and Blush,no_obvious_issue,candidate_for_training,No obvious issue in the full contact-sheet screen; label not independently authenticated.,full_contact_sheet_screen
910381,Highlighter and Blush,no_obvious_issue,candidate_for_training,No obvious issue in the full contact-sheet screen; label not independently authenticated.,full_contact_sheet_screen
910382,Highlighter and Blush,no_obvious_issue,candidate_for_training,No obvious issue in the full contact-sheet screen; label not independently authenticated.,full_contact_sheet_screen
910383,Highlighter and Blush,no_obvious_issue,candidate_for_training,No obvious issue in the full contact-sheet screen; label not independently authenticated.,full_contact_sheet_screen
910384,Highlighter and Blush,no_obvious_issue,candidate_for_training,No obvious issue in the full contact-sheet screen; label not independently authenticated.,full_contact_sheet_screen
910385,Highlighter and Blush,no_obvious_issue,candidate_for_training,No obvious issue in the full contact-sheet screen; label not independently authenticated.,full_contact_sheet_screen
910386,Highlighter and Blush,no_obvious_issue,candidate_for_training,No obvious issue in the full contact-sheet screen; label not independently authenticated.,full_contact_sheet_screen
910387,Highlighter and Blush,no_obvious_issue,candidate_for_training,No obvious issue in the full contact-sheet screen; label not independently authenticated.,full_contact_sheet_screen
910388,Highlighter and Blush,no_obvious_issue,candidate_for_training,No obvious issue in the full contact-sheet screen; label not independently authenticated.,full_contact_sheet_screen
910389,Highlighter and Blush,no_obvious_issue,candidate_for_training,No obvious issue in the full contact-sheet screen; label not independently authenticated.,full_contact_sheet_screen
910390,Highlighter and Blush,no_obvious_issue,candidate_for_training,No obvious issue in the full contact-sheet screen; label not independently authenticated.,full_contact_sheet_screen
910391,Highlighter and Blush,no_obvious_issue,candidate_for_training,No obvious issue in the full contact-sheet screen; label not independently authenticated.,full_contact_sheet_screen
910392,Highlighter and Blush,crop_review,hold_for_review,Background dominance or severe truncation/distortion makes the target hard to identify.,full_contact_sheet_screen
910393,Highlighter and Blush,no_obvious_issue,candidate_for_training,No obvious issue in the full contact-sheet screen; label not independently authenticated.,full_contact_sheet_screen
910394,Highlighter and Blush,crop_review,hold_for_review,Background dominance or severe truncation/distortion makes the target hard to identify.,full_contact_sheet_screen
910395,Highlighter and Blush,no_obvious_issue,candidate_for_training,No obvious issue in the full contact-sheet screen; label not independently authenticated.,full_contact_sheet_screen
910396,Highlighter and Blush,no_obvious_issue,candidate_for_training,No obvious issue in the full contact-sheet screen; label not independently authenticated.,full_contact_sheet_screen
910397,Highlighter and Blush,no_obvious_issue,candidate_for_training,No obvious issue in the full contact-sheet screen; label not independently authenticated.,full_contact_sheet_screen
910398,Highlighter and Blush,no_obvious_issue,candidate_for_training,No obvious issue in the full contact-sheet screen; label not independently authenticated.,full_contact_sheet_screen
910399,Highlighter and Blush,no_obvious_issue,candidate_for_training,No obvious issue in the full contact-sheet screen; label not independently authenticated.,full_contact_sheet_screen
910400,Kajal and Eyeliner,no_obvious_issue,candidate_for_training,No obvious issue in the full contact-sheet screen; label not independently authenticated.,full_contact_sheet_screen
910401,Kajal and Eyeliner,no_obvious_issue,candidate_for_training,No obvious issue in the full contact-sheet screen; label not independently authenticated.,full_contact_sheet_screen
910402,Kajal and Eyeliner,no_obvious_issue,candidate_for_training,No obvious issue in the full contact-sheet screen; label not independently authenticated.,full_contact_sheet_screen
910403,Kajal and Eyeliner,label_review,hold_for_review,Visible product appears inconsistent with the assigned class; verify original product and annotation.,full_contact_sheet_screen
910404,Kajal and Eyeliner,no_obvious_issue,candidate_for_training,No obvious issue in the full contact-sheet screen; label not independently authenticated.,full_contact_sheet_screen
910406,Kajal and Eyeliner,label_review,hold_for_review,Visible product appears inconsistent with the assigned class; verify original product and annotation.,full_contact_sheet_screen
910407,Kajal and Eyeliner,crop_review,hold_for_review,Background dominance or severe truncation/distortion makes the target hard to identify.,full_contact_sheet_screen
910408,Kajal and Eyeliner,no_obvious_issue,candidate_for_training,No obvious issue in the full contact-sheet screen; label not independently authenticated.,full_contact_sheet_screen
910409,Kajal and Eyeliner,label_review,hold_for_review,Visible product appears inconsistent with the assigned class; verify original product and annotation.,full_contact_sheet_screen
910410,Kajal and Eyeliner,label_review,hold_for_review,Visible product appears inconsistent with the assigned class; verify original product and annotation.,full_contact_sheet_screen
910411,Kajal and Eyeliner,label_review,hold_for_review,Visible product appears inconsistent with the assigned class; verify original product and annotation.,full_contact_sheet_screen
910412,Kajal and Eyeliner,label_review,hold_for_review,Visible product appears inconsistent with the assigned class; verify original product and annotation.,full_contact_sheet_screen
910413,Kajal and Eyeliner,no_obvious_issue,candidate_for_training,No obvious issue in the full contact-sheet screen; label not independently authenticated.,full_contact_sheet_screen
910414,Kajal and Eyeliner,no_obvious_issue,candidate_for_training,No obvious issue in the full contact-sheet screen; label not independently authenticated.,full_contact_sheet_screen
910415,Kajal and Eyeliner,no_obvious_issue,candidate_for_training,No obvious issue in the full contact-sheet screen; label not independently authenticated.,full_contact_sheet_screen
910416,Kajal and Eyeliner,label_review,hold_for_review,Visible product appears inconsistent with the assigned class; verify original product and annotation.,full_contact_sheet_screen
910417,Kajal and Eyeliner,no_obvious_issue,candidate_for_training,No obvious issue in the full contact-sheet screen; label not independently authenticated.,full_contact_sheet_screen
910418,Kajal and Eyeliner,label_review,hold_for_review,Visible product appears inconsistent with the assigned class; verify original product and annotation.,full_contact_sheet_screen
910419,Kajal and Eyeliner,label_review,hold_for_review,Visible product appears inconsistent with the assigned class; verify original product and annotation.,full_contact_sheet_screen
910420,Kajal and Eyeliner,label_review,hold_for_review,Visible product appears inconsistent with the assigned class; verify original product and annotation.,full_contact_sheet_screen
910421,Kajal and Eyeliner,label_review,hold_for_review,Visible product appears inconsistent with the assigned class; verify original product and annotation.,full_contact_sheet_screen
910422,Kajal and Eyeliner,no_obvious_issue,candidate_for_training,No obvious issue in the full contact-sheet screen; label not independently authenticated.,full_contact_sheet_screen
910423,Kajal and Eyeliner,no_obvious_issue,candidate_for_training,No obvious issue in the full contact-sheet screen; label not independently authenticated.,full_contact_sheet_screen
910424,Kajal and Eyeliner,label_review,hold_for_review,Visible product appears inconsistent with the assigned class; verify original product and annotation.,full_contact_sheet_screen
910425,Kajal and Eyeliner,no_obvious_issue,candidate_for_training,No obvious issue in the full contact-sheet screen; label not independently authenticated.,full_contact_sheet_screen
910426,Kajal and Eyeliner,no_obvious_issue,candidate_for_training,No obvious issue in the full contact-sheet screen; label not independently authenticated.,full_contact_sheet_screen
910427,Kajal and Eyeliner,label_review,hold_for_review,Visible product appears inconsistent with the assigned class; verify original product and annotation.,full_contact_sheet_screen
910428,Kajal and Eyeliner,label_review,hold_for_review,Visible product appears inconsistent with the assigned class; verify original product and annotation.,full_contact_sheet_screen
910429,Kajal and Eyeliner,label_review,hold_for_review,Visible product appears inconsistent with the assigned class; verify original product and annotation.,full_contact_sheet_screen
910430,Kajal and Eyeliner,label_review,hold_for_review,Visible product appears inconsistent with the assigned class; verify original product and annotation.,full_contact_sheet_screen
910431,Kajal and Eyeliner,no_obvious_issue,candidate_for_training,No obvious issue in the full contact-sheet screen; label not independently authenticated.,full_contact_sheet_screen
910432,Kajal and Eyeliner,no_obvious_issue,candidate_for_training,No obvious issue in the full contact-sheet screen; label not independently authenticated.,full_contact_sheet_screen
910433,Kajal and Eyeliner,label_review,hold_for_review,Visible product appears inconsistent with the assigned class; verify original product and annotation.,full_contact_sheet_screen
910434,Kajal and Eyeliner,label_review,hold_for_review,Visible product appears inconsistent with the assigned class; verify original product and annotation.,full_contact_sheet_screen
910435,Kajal and Eyeliner,no_obvious_issue,candidate_for_training,No obvious issue in the full contact-sheet screen; label not independently authenticated.,full_contact_sheet_screen
910436,Kajal and Eyeliner,no_obvious_issue,candidate_for_training,No obvious issue in the full contact-sheet screen; label not independently authenticated.,full_contact_sheet_screen
910437,Kajal and Eyeliner,label_review,hold_for_review,Visible product appears inconsistent with the assigned class; verify original product and annotation.,full_contact_sheet_screen
910438,Kajal and Eyeliner,label_review,hold_for_review,Visible product appears inconsistent with the assigned class; verify original product and annotation.,full_contact_sheet_screen
910439,Kajal and Eyeliner,no_obvious_issue,candidate_for_training,No obvious issue in the full contact-sheet screen; label not independently authenticated.,full_contact_sheet_screen
910440,Kajal and Eyeliner,label_review,hold_for_review,Visible product appears inconsistent with the assigned class; verify original product and annotation.,full_contact_sheet_screen
910441,Kajal and Eyeliner,label_review,hold_for_review,Visible product appears inconsistent with the assigned class; verify original product and annotation.,full_contact_sheet_screen
910442,Kajal and Eyeliner,label_review,hold_for_review,Visible product appears inconsistent with the assigned class; verify original product and annotation.,full_contact_sheet_screen
910443,Kajal and Eyeliner,label_review,hold_for_review,Visible product appears inconsistent with the assigned class; verify original product and annotation.,full_contact_sheet_screen
910444,Kajal and Eyeliner,no_obvious_issue,candidate_for_training,No obvious issue in the full contact-sheet screen; label not independently authenticated.,full_contact_sheet_screen
910445,Kajal and Eyeliner,no_obvious_issue,candidate_for_training,No obvious issue in the full contact-sheet screen; label not independently authenticated.,full_contact_sheet_screen
910446,Kajal and Eyeliner,no_obvious_issue,candidate_for_training,No obvious issue in the full contact-sheet screen; label not independently authenticated.,full_contact_sheet_screen
910447,Kajal and Eyeliner,no_obvious_issue,candidate_for_training,No obvious issue in the full contact-sheet screen; label not independently authenticated.,full_contact_sheet_screen
910448,Kajal and Eyeliner,no_obvious_issue,candidate_for_training,No obvious issue in the full contact-sheet screen; label not independently authenticated.,full_contact_sheet_screen
910449,Kajal and Eyeliner,no_obvious_issue,candidate_for_training,No obvious issue in the full contact-sheet screen; label not independently authenticated.,full_contact_sheet_screen
910450,Kajal and Eyeliner,no_obvious_issue,candidate_for_training,No obvious issue in the full contact-sheet screen; label not independently authenticated.,full_contact_sheet_screen
910451,Kajal and Eyeliner,no_obvious_issue,candidate_for_training,No obvious issue in the full contact-sheet screen; label not independently authenticated.,full_contact_sheet_screen
910452,Kajal and Eyeliner,no_obvious_issue,candidate_for_training,No obvious issue in the full contact-sheet screen; label not independently authenticated.,full_contact_sheet_screen
910453,Kajal and Eyeliner,no_obvious_issue,candidate_for_training,No obvious issue in the full contact-sheet screen; label not independently authenticated.,full_contact_sheet_screen
910454,Kajal and Eyeliner,label_review,hold_for_review,Visible product appears inconsistent with the assigned class; verify original product and annotation.,full_contact_sheet_screen
910455,Kajal and Eyeliner,no_obvious_issue,candidate_for_training,No obvious issue in the full contact-sheet screen; label not independently authenticated.,full_contact_sheet_screen
910456,Kajal and Eyeliner,no_obvious_issue,candidate_for_training,No obvious issue in the full contact-sheet screen; label not independently authenticated.,full_contact_sheet_screen
910457,Kajal and Eyeliner,no_obvious_issue,candidate_for_training,No obvious issue in the full contact-sheet screen; label not independently authenticated.,full_contact_sheet_screen
910458,Kajal and Eyeliner,no_obvious_issue,candidate_for_training,No obvious issue in the full contact-sheet screen; label not independently authenticated.,full_contact_sheet_screen
910459,Kajal and Eyeliner,no_obvious_issue,candidate_for_training,No obvious issue in the full contact-sheet screen; label not independently authenticated.,full_contact_sheet_screen
910460,Kajal and Eyeliner,crop_review,hold_for_review,Background dominance or severe truncation/distortion makes the target hard to identify.,full_contact_sheet_screen
910461,Kajal and Eyeliner,crop_review,hold_for_review,Background dominance or severe truncation/distortion makes the target hard to identify.,full_contact_sheet_screen
910462,Kajal and Eyeliner,no_obvious_issue,candidate_for_training,No obvious issue in the full contact-sheet screen; label not independently authenticated.,full_contact_sheet_screen
910463,Kajal and Eyeliner,no_obvious_issue,candidate_for_training,No obvious issue in the full contact-sheet screen; label not independently authenticated.,full_contact_sheet_screen
910464,Kajal and Eyeliner,crop_review,hold_for_review,Background dominance or severe truncation/distortion makes the target hard to identify.,full_contact_sheet_screen
910465,Kajal and Eyeliner,no_obvious_issue,candidate_for_training,No obvious issue in the full contact-sheet screen; label not independently authenticated.,full_contact_sheet_screen
910466,Kajal and Eyeliner,label_review,hold_for_review,Visible product appears inconsistent with the assigned class; verify original product and annotation.,full_contact_sheet_screen
910467,Kajal and Eyeliner,label_review,hold_for_review,Visible product appears inconsistent with the assigned class; verify original product and annotation.,full_contact_sheet_screen
910468,Kajal and Eyeliner,no_obvious_issue,candidate_for_training,No obvious issue in the full contact-sheet screen; label not independently authenticated.,full_contact_sheet_screen
910469,Kajal and Eyeliner,crop_review,hold_for_review,Background dominance or severe truncation/distortion makes the target hard to identify.,full_contact_sheet_screen
910470,Kajal and Eyeliner,no_obvious_issue,candidate_for_training,No obvious issue in the full contact-sheet screen; label not independently authenticated.,full_contact_sheet_screen
910471,Kajal and Eyeliner,no_obvious_issue,candidate_for_training,No obvious issue in the full contact-sheet screen; label not independently authenticated.,full_contact_sheet_screen
910472,Kajal and Eyeliner,no_obvious_issue,candidate_for_training,No obvious issue in the full contact-sheet screen; label not independently authenticated.,full_contact_sheet_screen
910473,Kajal and Eyeliner,no_obvious_issue,candidate_for_training,No obvious issue in the full contact-sheet screen; label not independently authenticated.,full_contact_sheet_screen
910474,Kajal and Eyeliner,label_review,hold_for_review,Visible product appears inconsistent with the assigned class; verify original product and annotation.,full_contact_sheet_screen
910475,Kajal and Eyeliner,label_review,hold_for_review,Visible product appears inconsistent with the assigned class; verify original product and annotation.,full_contact_sheet_screen
910476,Kajal and Eyeliner,no_obvious_issue,candidate_for_training,No obvious issue in the full contact-sheet screen; label not independently authenticated.,full_contact_sheet_screen
910477,Kajal and Eyeliner,label_review,hold_for_review,Visible product appears inconsistent with the assigned class; verify original product and annotation.,full_contact_sheet_screen
910478,Kajal and Eyeliner,label_review,hold_for_review,Visible product appears inconsistent with the assigned class; verify original product and annotation.,full_contact_sheet_screen
910479,Kajal and Eyeliner,no_obvious_issue,candidate_for_training,No obvious issue in the full contact-sheet screen; label not independently authenticated.,full_contact_sheet_screen
910480,Kajal and Eyeliner,no_obvious_issue,candidate_for_training,No obvious issue in the full contact-sheet screen; label not independently authenticated.,full_contact_sheet_screen
910481,Kajal and Eyeliner,no_obvious_issue,candidate_for_training,No obvious issue in the full contact-sheet screen; label not independently authenticated.,full_contact_sheet_screen
910482,Kajal and Eyeliner,no_obvious_issue,candidate_for_training,No obvious issue in the full contact-sheet screen; label not independently authenticated.,full_contact_sheet_screen
910483,Kajal and Eyeliner,no_obvious_issue,candidate_for_training,No obvious issue in the full contact-sheet screen; label not independently authenticated.,full_contact_sheet_screen
910484,Kajal and Eyeliner,no_obvious_issue,candidate_for_training,No obvious issue in the full contact-sheet screen; label not independently authenticated.,full_contact_sheet_screen
910485,Kajal and Eyeliner,label_review,hold_for_review,Visible product appears inconsistent with the assigned class; verify original product and annotation.,full_contact_sheet_screen
910486,Kajal and Eyeliner,label_review,hold_for_review,Visible product appears inconsistent with the assigned class; verify original product and annotation.,full_contact_sheet_screen
910487,Kajal and Eyeliner,no_obvious_issue,candidate_for_training,No obvious issue in the full contact-sheet screen; label not independently authenticated.,full_contact_sheet_screen
910488,Kajal and Eyeliner,no_obvious_issue,candidate_for_training,No obvious issue in the full contact-sheet screen; label not independently authenticated.,full_contact_sheet_screen
910489,Kajal and Eyeliner,crop_review,hold_for_review,Background dominance or severe truncation/distortion makes the target hard to identify.,full_contact_sheet_screen
910490,Kajal and Eyeliner,no_obvious_issue,candidate_for_training,No obvious issue in the full contact-sheet screen; label not independently authenticated.,full_contact_sheet_screen
910491,Kajal and Eyeliner,crop_review,hold_for_review,Background dominance or severe truncation/distortion makes the target hard to identify.,full_contact_sheet_screen
910492,Kajal and Eyeliner,label_review,hold_for_review,Visible product appears inconsistent with the assigned class; verify original product and annotation.,full_contact_sheet_screen
910493,Kajal and Eyeliner,no_obvious_issue,candidate_for_training,No obvious issue in the full contact-sheet screen; label not independently authenticated.,full_contact_sheet_screen
910494,Kajal and Eyeliner,no_obvious_issue,candidate_for_training,No obvious issue in the full contact-sheet screen; label not independently authenticated.,full_contact_sheet_screen
910495,Kajal and Eyeliner,no_obvious_issue,candidate_for_training,No obvious issue in the full contact-sheet screen; label not independently authenticated.,full_contact_sheet_screen
910496,Kajal and Eyeliner,no_obvious_issue,candidate_for_training,No obvious issue in the full contact-sheet screen; label not independently authenticated.,full_contact_sheet_screen
910497,Kajal and Eyeliner,no_obvious_issue,candidate_for_training,No obvious issue in the full contact-sheet screen; label not independently authenticated.,full_contact_sheet_screen
910498,Kajal and Eyeliner,no_obvious_issue,candidate_for_training,No obvious issue in the full contact-sheet screen; label not independently authenticated.,full_contact_sheet_screen
910499,Kajal and Eyeliner,no_obvious_issue,candidate_for_training,No obvious issue in the full contact-sheet screen; label not independently authenticated.,full_contact_sheet_screen
910500,Lip Gloss,no_obvious_issue,candidate_for_training,No obvious issue in the full contact-sheet screen; label not independently authenticated.,full_contact_sheet_screen
910501,Lip Gloss,no_obvious_issue,candidate_for_training,No obvious issue in the full contact-sheet screen; label not independently authenticated.,full_contact_sheet_screen
910502,Lip Gloss,no_obvious_issue,candidate_for_training,No obvious issue in the full contact-sheet screen; label not independently authenticated.,full_contact_sheet_screen
910503,Lip Gloss,no_obvious_issue,candidate_for_training,No obvious issue in the full contact-sheet screen; label not independently authenticated.,full_contact_sheet_screen
910504,Lip Gloss,no_obvious_issue,candidate_for_training,No obvious issue in the full contact-sheet screen; label not independently authenticated.,full_contact_sheet_screen
910505,Lip Gloss,no_obvious_issue,candidate_for_training,No obvious issue in the full contact-sheet screen; label not independently authenticated.,full_contact_sheet_screen
910506,Lip Gloss,no_obvious_issue,candidate_for_training,No obvious issue in the full contact-sheet screen; label not independently authenticated.,full_contact_sheet_screen
910507,Lip Gloss,no_obvious_issue,candidate_for_training,No obvious issue in the full contact-sheet screen; label not independently authenticated.,full_contact_sheet_screen
910508,Lip Gloss,no_obvious_issue,candidate_for_training,No obvious issue in the full contact-sheet screen; label not independently authenticated.,full_contact_sheet_screen
910509,Lip Gloss,no_obvious_issue,candidate_for_training,No obvious issue in the full contact-sheet screen; label not independently authenticated.,full_contact_sheet_screen
910510,Lip Gloss,crop_review,hold_for_review,Background dominance or severe truncation/distortion makes the target hard to identify.,full_contact_sheet_screen
910511,Lip Gloss,no_obvious_issue,candidate_for_training,No obvious issue in the full contact-sheet screen; label not independently authenticated.,full_contact_sheet_screen
910512,Lip Gloss,label_review,hold_for_review,Visible product appears inconsistent with the assigned class; verify original product and annotation.,full_contact_sheet_screen
910513,Lip Gloss,no_obvious_issue,candidate_for_training,No obvious issue in the full contact-sheet screen; label not independently authenticated.,full_contact_sheet_screen
910514,Lip Gloss,no_obvious_issue,candidate_for_training,No obvious issue in the full contact-sheet screen; label not independently authenticated.,full_contact_sheet_screen
910515,Lip Gloss,no_obvious_issue,candidate_for_training,No obvious issue in the full contact-sheet screen; label not independently authenticated.,full_contact_sheet_screen
910516,Lip Gloss,no_obvious_issue,candidate_for_training,No obvious issue in the full contact-sheet screen; label not independently authenticated.,full_contact_sheet_screen
910517,Lip Gloss,no_obvious_issue,candidate_for_training,No obvious issue in the full contact-sheet screen; label not independently authenticated.,full_contact_sheet_screen
910518,Lip Gloss,no_obvious_issue,candidate_for_training,No obvious issue in the full contact-sheet screen; label not independently authenticated.,full_contact_sheet_screen
910519,Lip Gloss,no_obvious_issue,candidate_for_training,No obvious issue in the full contact-sheet screen; label not independently authenticated.,full_contact_sheet_screen
910520,Lip Gloss,no_obvious_issue,candidate_for_training,No obvious issue in the full contact-sheet screen; label not independently authenticated.,full_contact_sheet_screen
910521,Lip Gloss,no_obvious_issue,candidate_for_training,No obvious issue in the full contact-sheet screen; label not independently authenticated.,full_contact_sheet_screen
910522,Lip Gloss,no_obvious_issue,candidate_for_training,No obvious issue in the full contact-sheet screen; label not independently authenticated.,full_contact_sheet_screen
910523,Lip Gloss,no_obvious_issue,candidate_for_training,No obvious issue in the full contact-sheet screen; label not independently authenticated.,full_contact_sheet_screen
910524,Lip Gloss,no_obvious_issue,candidate_for_training,No obvious issue in the full contact-sheet screen; label not independently authenticated.,full_contact_sheet_screen
910525,Lip Gloss,no_obvious_issue,candidate_for_training,No obvious issue in the full contact-sheet screen; label not independently authenticated.,full_contact_sheet_screen
910526,Lip Gloss,no_obvious_issue,candidate_for_training,No obvious issue in the full contact-sheet screen; label not independently authenticated.,full_contact_sheet_screen
910527,Lip Gloss,no_obvious_issue,candidate_for_training,No obvious issue in the full contact-sheet screen; label not independently authenticated.,full_contact_sheet_screen
910528,Lip Gloss,no_obvious_issue,candidate_for_training,No obvious issue in the full contact-sheet screen; label not independently authenticated.,full_contact_sheet_screen
910529,Lip Gloss,no_obvious_issue,candidate_for_training,No obvious issue in the full contact-sheet screen; label not independently authenticated.,full_contact_sheet_screen
910530,Lip Gloss,no_obvious_issue,candidate_for_training,No obvious issue in the full contact-sheet screen; label not independently authenticated.,full_contact_sheet_screen
910531,Lip Gloss,crop_review,hold_for_review,Background dominance or severe truncation/distortion makes the target hard to identify.,full_contact_sheet_screen
910532,Lip Gloss,no_obvious_issue,candidate_for_training,No obvious issue in the full contact-sheet screen; label not independently authenticated.,full_contact_sheet_screen
910533,Lip Gloss,label_review,hold_for_review,Visible product appears inconsistent with the assigned class; verify original product and annotation.,full_contact_sheet_screen
910534,Lip Gloss,no_obvious_issue,candidate_for_training,No obvious issue in the full contact-sheet screen; label not independently authenticated.,full_contact_sheet_screen
910535,Lip Gloss,no_obvious_issue,candidate_for_training,No obvious issue in the full contact-sheet screen; label not independently authenticated.,full_contact_sheet_screen
910536,Lip Gloss,no_obvious_issue,candidate_for_training,No obvious issue in the full contact-sheet screen; label not independently authenticated.,full_contact_sheet_screen
910537,Lip Gloss,no_obvious_issue,candidate_for_training,No obvious issue in the full contact-sheet screen; label not independently authenticated.,full_contact_sheet_screen
910538,Lip Gloss,no_obvious_issue,candidate_for_training,No obvious issue in the full contact-sheet screen; label not independently authenticated.,full_contact_sheet_screen
910539,Lip Gloss,no_obvious_issue,candidate_for_training,No obvious issue in the full contact-sheet screen; label not independently authenticated.,full_contact_sheet_screen
910540,Lip Gloss,no_obvious_issue,candidate_for_training,No obvious issue in the full contact-sheet screen; label not independently authenticated.,full_contact_sheet_screen
910541,Lip Gloss,no_obvious_issue,candidate_for_training,No obvious issue in the full contact-sheet screen; label not independently authenticated.,full_contact_sheet_screen
910542,Lip Gloss,no_obvious_issue,candidate_for_training,No obvious issue in the full contact-sheet screen; label not independently authenticated.,full_contact_sheet_screen
910543,Lip Gloss,no_obvious_issue,candidate_for_training,No obvious issue in the full contact-sheet screen; label not independently authenticated.,full_contact_sheet_screen
910544,Lip Gloss,no_obvious_issue,candidate_for_training,No obvious issue in the full contact-sheet screen; label not independently authenticated.,full_contact_sheet_screen
910545,Lip Gloss,no_obvious_issue,candidate_for_training,No obvious issue in the full contact-sheet screen; label not independently authenticated.,full_contact_sheet_screen
910546,Lip Gloss,no_obvious_issue,candidate_for_training,No obvious issue in the full contact-sheet screen; label not independently authenticated.,full_contact_sheet_screen
910547,Lip Gloss,no_obvious_issue,candidate_for_training,No obvious issue in the full contact-sheet screen; label not independently authenticated.,full_contact_sheet_screen
910548,Lip Gloss,no_obvious_issue,candidate_for_training,No obvious issue in the full contact-sheet screen; label not independently authenticated.,full_contact_sheet_screen
910549,Lip Gloss,label_review,hold_for_review,Visible product appears inconsistent with the assigned class; verify original product and annotation.,full_contact_sheet_screen
910550,Lip Gloss,no_obvious_issue,candidate_for_training,No obvious issue in the full contact-sheet screen; label not independently authenticated.,full_contact_sheet_screen
910551,Lip Gloss,no_obvious_issue,candidate_for_training,No obvious issue in the full contact-sheet screen; label not independently authenticated.,full_contact_sheet_screen
910552,Lip Gloss,crop_review,hold_for_review,Background dominance or severe truncation/distortion makes the target hard to identify.,full_contact_sheet_screen
910553,Lip Gloss,crop_review,hold_for_review,Background dominance or severe truncation/distortion makes the target hard to identify.,full_contact_sheet_screen
910554,Lip Gloss,no_obvious_issue,candidate_for_training,No obvious issue in the full contact-sheet screen; label not independently authenticated.,full_contact_sheet_screen
910555,Lip Gloss,label_review,hold_for_review,Visible product appears inconsistent with the assigned class; verify original product and annotation.,full_contact_sheet_screen
910556,Lip Gloss,label_review,hold_for_review,Visible product appears inconsistent with the assigned class; verify original product and annotation.,full_contact_sheet_screen
910557,Lip Gloss,label_review,hold_for_review,Visible product appears inconsistent with the assigned class; verify original product and annotation.,full_contact_sheet_screen
910558,Lip Gloss,label_review,hold_for_review,Visible product appears inconsistent with the assigned class; verify original product and annotation.,full_contact_sheet_screen
910559,Lip Gloss,no_obvious_issue,candidate_for_training,No obvious issue in the full contact-sheet screen; label not independently authenticated.,full_contact_sheet_screen
910560,Lip Gloss,no_obvious_issue,candidate_for_training,No obvious issue in the full contact-sheet screen; label not independently authenticated.,full_contact_sheet_screen
910561,Lip Gloss,no_obvious_issue,candidate_for_training,No obvious issue in the full contact-sheet screen; label not independently authenticated.,full_contact_sheet_screen
910562,Lip Gloss,label_review,hold_for_review,Visible product appears inconsistent with the assigned class; verify original product and annotation.,full_contact_sheet_screen
910563,Lip Gloss,no_obvious_issue,candidate_for_training,No obvious issue in the full contact-sheet screen; label not independently authenticated.,full_contact_sheet_screen
910564,Lip Gloss,no_obvious_issue,candidate_for_training,No obvious issue in the full contact-sheet screen; label not independently authenticated.,full_contact_sheet_screen
910565,Lip Gloss,no_obvious_issue,candidate_for_training,No obvious issue in the full contact-sheet screen; label not independently authenticated.,full_contact_sheet_screen
910566,Lip Gloss,no_obvious_issue,candidate_for_training,No obvious issue in the full contact-sheet screen; label not independently authenticated.,full_contact_sheet_screen
910567,Lip Gloss,no_obvious_issue,candidate_for_training,No obvious issue in the full contact-sheet screen; label not independently authenticated.,full_contact_sheet_screen
910568,Lip Gloss,no_obvious_issue,candidate_for_training,No obvious issue in the full contact-sheet screen; label not independently authenticated.,full_contact_sheet_screen
910569,Lip Gloss,label_review,hold_for_review,Visible product appears inconsistent with the assigned class; verify original product and annotation.,full_contact_sheet_screen
910570,Lip Gloss,no_obvious_issue,candidate_for_training,No obvious issue in the full contact-sheet screen; label not independently authenticated.,full_contact_sheet_screen
910571,Lip Gloss,no_obvious_issue,candidate_for_training,No obvious issue in the full contact-sheet screen; label not independently authenticated.,full_contact_sheet_screen
910572,Lip Gloss,no_obvious_issue,candidate_for_training,No obvious issue in the full contact-sheet screen; label not independently authenticated.,full_contact_sheet_screen
910573,Lip Gloss,no_obvious_issue,candidate_for_training,No obvious issue in the full contact-sheet screen; label not independently authenticated.,full_contact_sheet_screen
910574,Lip Gloss,no_obvious_issue,candidate_for_training,No obvious issue in the full contact-sheet screen; label not independently authenticated.,full_contact_sheet_screen
910575,Lip Gloss,no_obvious_issue,candidate_for_training,No obvious issue in the full contact-sheet screen; label not independently authenticated.,full_contact_sheet_screen
910576,Lip Gloss,label_review,hold_for_review,Visible product appears inconsistent with the assigned class; verify original product and annotation.,full_contact_sheet_screen
910577,Lip Gloss,label_review,hold_for_review,Visible product appears inconsistent with the assigned class; verify original product and annotation.,full_contact_sheet_screen
910578,Lip Gloss,no_obvious_issue,candidate_for_training,No obvious issue in the full contact-sheet screen; label not independently authenticated.,full_contact_sheet_screen
910579,Lip Gloss,no_obvious_issue,candidate_for_training,No obvious issue in the full contact-sheet screen; label not independently authenticated.,full_contact_sheet_screen
910580,Lip Gloss,crop_review,hold_for_review,Background dominance or severe truncation/distortion makes the target hard to identify.,full_contact_sheet_screen
910581,Lip Gloss,no_obvious_issue,candidate_for_training,No obvious issue in the full contact-sheet screen; label not independently authenticated.,full_contact_sheet_screen
910582,Lip Gloss,no_obvious_issue,candidate_for_training,No obvious issue in the full contact-sheet screen; label not independently authenticated.,full_contact_sheet_screen
910583,Lip Gloss,no_obvious_issue,candidate_for_training,No obvious issue in the full contact-sheet screen; label not independently authenticated.,full_contact_sheet_screen
910584,Lip Gloss,no_obvious_issue,candidate_for_training,No obvious issue in the full contact-sheet screen; label not independently authenticated.,full_contact_sheet_screen
910585,Lip Gloss,no_obvious_issue,candidate_for_training,No obvious issue in the full contact-sheet screen; label not independently authenticated.,full_contact_sheet_screen
910586,Lip Gloss,no_obvious_issue,candidate_for_training,No obvious issue in the full contact-sheet screen; label not independently authenticated.,full_contact_sheet_screen
910587,Lip Gloss,label_review,hold_for_review,Visible product appears inconsistent with the assigned class; verify original product and annotation.,full_contact_sheet_screen
910588,Lip Gloss,label_review,hold_for_review,Visible product appears inconsistent with the assigned class; verify original product and annotation.,full_contact_sheet_screen
910589,Lip Gloss,no_obvious_issue,candidate_for_training,No obvious issue in the full contact-sheet screen; label not independently authenticated.,full_contact_sheet_screen
910590,Lip Gloss,no_obvious_issue,candidate_for_training,No obvious issue in the full contact-sheet screen; label not independently authenticated.,full_contact_sheet_screen
910591,Lip Gloss,no_obvious_issue,candidate_for_training,No obvious issue in the full contact-sheet screen; label not independently authenticated.,full_contact_sheet_screen
910592,Lip Gloss,label_review,hold_for_review,Visible product appears inconsistent with the assigned class; verify original product and annotation.,full_contact_sheet_screen
910593,Lip Gloss,no_obvious_issue,candidate_for_training,No obvious issue in the full contact-sheet screen; label not independently authenticated.,full_contact_sheet_screen
910594,Lip Gloss,no_obvious_issue,candidate_for_training,No obvious issue in the full contact-sheet screen; label not independently authenticated.,full_contact_sheet_screen
910595,Lip Gloss,no_obvious_issue,candidate_for_training,No obvious issue in the full contact-sheet screen; label not independently authenticated.,full_contact_sheet_screen
910596,Lip Gloss,no_obvious_issue,candidate_for_training,No obvious issue in the full contact-sheet screen; label not independently authenticated.,full_contact_sheet_screen
910597,Lip Gloss,no_obvious_issue,candidate_for_training,No obvious issue in the full contact-sheet screen; label not independently authenticated.,full_contact_sheet_screen
910598,Lip Gloss,no_obvious_issue,candidate_for_training,No obvious issue in the full contact-sheet screen; label not independently authenticated.,full_contact_sheet_screen
910599,Lip Gloss,no_obvious_issue,candidate_for_training,No obvious issue in the full contact-sheet screen; label not independently authenticated.,full_contact_sheet_screen
910600,Lip Liner,label_review,hold_for_review,Visible product appears inconsistent with the assigned class; verify original product and annotation.,full_contact_sheet_screen
910601,Lip Liner,label_review,hold_for_review,Visible product appears inconsistent with the assigned class; verify original product and annotation.,full_contact_sheet_screen
910602,Lip Liner,label_review,hold_for_review,Visible product appears inconsistent with the assigned class; verify original product and annotation.,full_contact_sheet_screen
910603,Lip Liner,no_obvious_issue,candidate_for_training,No obvious issue in the full contact-sheet screen; label not independently authenticated.,full_contact_sheet_screen
910604,Lip Liner,no_obvious_issue,candidate_for_training,No obvious issue in the full contact-sheet screen; label not independently authenticated.,full_contact_sheet_screen
910605,Lip Liner,label_review,hold_for_review,Visible product appears inconsistent with the assigned class; verify original product and annotation.,full_contact_sheet_screen
910606,Lip Liner,no_obvious_issue,candidate_for_training,No obvious issue in the full contact-sheet screen; label not independently authenticated.,full_contact_sheet_screen
910607,Lip Liner,no_obvious_issue,candidate_for_training,No obvious issue in the full contact-sheet screen; label not independently authenticated.,full_contact_sheet_screen
910608,Lip Liner,no_obvious_issue,candidate_for_training,No obvious issue in the full contact-sheet screen; label not independently authenticated.,full_contact_sheet_screen
910609,Lip Liner,crop_review,hold_for_review,Background dominance or severe truncation/distortion makes the target hard to identify.,full_contact_sheet_screen
910610,Lip Liner,label_review,hold_for_review,Visible product appears inconsistent with the assigned class; verify original product and annotation.,full_contact_sheet_screen
910611,Lip Liner,label_review,hold_for_review,Visible product appears inconsistent with the assigned class; verify original product and annotation.,full_contact_sheet_screen
910612,Lip Liner,no_obvious_issue,candidate_for_training,No obvious issue in the full contact-sheet screen; label not independently authenticated.,full_contact_sheet_screen
910613,Lip Liner,label_review,hold_for_review,Visible product appears inconsistent with the assigned class; verify original product and annotation.,full_contact_sheet_screen
910614,Lip Liner,label_review,hold_for_review,Visible product appears inconsistent with the assigned class; verify original product and annotation.,full_contact_sheet_screen
910615,Lip Liner,label_review,hold_for_review,Visible product appears inconsistent with the assigned class; verify original product and annotation.,full_contact_sheet_screen
910616,Lip Liner,label_review,hold_for_review,Visible product appears inconsistent with the assigned class; verify original product and annotation.,full_contact_sheet_screen
910617,Lip Liner,no_obvious_issue,candidate_for_training,No obvious issue in the full contact-sheet screen; label not independently authenticated.,full_contact_sheet_screen
910618,Lip Liner,label_review,hold_for_review,Visible product appears inconsistent with the assigned class; verify original product and annotation.,full_contact_sheet_screen
910619,Lip Liner,label_review,hold_for_review,Visible product appears inconsistent with the assigned class; verify original product and annotation.,full_contact_sheet_screen
910620,Lip Liner,no_obvious_issue,candidate_for_training,No obvious issue in the full contact-sheet screen; label not independently authenticated.,full_contact_sheet_screen
910621,Lip Liner,no_obvious_issue,candidate_for_training,No obvious issue in the full contact-sheet screen; label not independently authenticated.,full_contact_sheet_screen
910622,Lip Liner,label_review,hold_for_review,Visible product appears inconsistent with the assigned class; verify original product and annotation.,full_contact_sheet_screen
910623,Lip Liner,label_review,hold_for_review,Visible product appears inconsistent with the assigned class; verify original product and annotation.,full_contact_sheet_screen
910624,Lip Liner,no_obvious_issue,candidate_for_training,No obvious issue in the full contact-sheet screen; label not independently authenticated.,full_contact_sheet_screen
910625,Lip Liner,no_obvious_issue,candidate_for_training,No obvious issue in the full contact-sheet screen; label not independently authenticated.,full_contact_sheet_screen
910626,Lip Liner,no_obvious_issue,candidate_for_training,No obvious issue in the full contact-sheet screen; label not independently authenticated.,full_contact_sheet_screen
910627,Lip Liner,no_obvious_issue,candidate_for_training,No obvious issue in the full contact-sheet screen; label not independently authenticated.,full_contact_sheet_screen
910628,Lip Liner,no_obvious_issue,candidate_for_training,No obvious issue in the full contact-sheet screen; label not independently authenticated.,full_contact_sheet_screen
910629,Lip Liner,label_review,hold_for_review,Visible product appears inconsistent with the assigned class; verify original product and annotation.,full_contact_sheet_screen
910630,Lip Liner,label_review,hold_for_review,Visible product appears inconsistent with the assigned class; verify original product and annotation.,full_contact_sheet_screen
910631,Lip Liner,label_review,hold_for_review,Visible product appears inconsistent with the assigned class; verify original product and annotation.,full_contact_sheet_screen
910632,Lip Liner,label_review,hold_for_review,Visible product appears inconsistent with the assigned class; verify original product and annotation.,full_contact_sheet_screen
910633,Lip Liner,label_review,hold_for_review,Visible product appears inconsistent with the assigned class; verify original product and annotation.,full_contact_sheet_screen
910634,Lip Liner,label_review,hold_for_review,Visible product appears inconsistent with the assigned class; verify original product and annotation.,full_contact_sheet_screen
910635,Lip Liner,no_obvious_issue,candidate_for_training,No obvious issue in the full contact-sheet screen; label not independently authenticated.,full_contact_sheet_screen
910636,Lip Liner,label_review,hold_for_review,Visible product appears inconsistent with the assigned class; verify original product and annotation.,full_contact_sheet_screen
910637,Lip Liner,label_review,hold_for_review,Visible product appears inconsistent with the assigned class; verify original product and annotation.,full_contact_sheet_screen
910638,Lip Liner,no_obvious_issue,candidate_for_training,No obvious issue in the full contact-sheet screen; label not independently authenticated.,full_contact_sheet_screen
910639,Lip Liner,label_review,hold_for_review,Visible product appears inconsistent with the assigned class; verify original product and annotation.,full_contact_sheet_screen
910640,Lip Liner,no_obvious_issue,candidate_for_training,No obvious issue in the full contact-sheet screen; label not independently authenticated.,full_contact_sheet_screen
910641,Lip Liner,label_review,hold_for_review,Visible product appears inconsistent with the assigned class; verify original product and annotation.,full_contact_sheet_screen
910642,Lip Liner,label_review,hold_for_review,Visible product appears inconsistent with the assigned class; verify original product and annotation.,full_contact_sheet_screen
910643,Lip Liner,label_review,hold_for_review,Visible product appears inconsistent with the assigned class; verify original product and annotation.,full_contact_sheet_screen
910644,Lip Liner,label_review,hold_for_review,Visible product appears inconsistent with the assigned class; verify original product and annotation.,full_contact_sheet_screen
910645,Lip Liner,label_review,hold_for_review,Visible product appears inconsistent with the assigned class; verify original product and annotation.,full_contact_sheet_screen
910646,Lip Liner,label_review,hold_for_review,Visible product appears inconsistent with the assigned class; verify original product and annotation.,full_contact_sheet_screen
910647,Lip Liner,label_review,hold_for_review,Visible product appears inconsistent with the assigned class; verify original product and annotation.,full_contact_sheet_screen
910648,Lip Liner,label_review,hold_for_review,Visible product appears inconsistent with the assigned class; verify original product and annotation.,full_contact_sheet_screen
910649,Lip Liner,label_review,hold_for_review,Visible product appears inconsistent with the assigned class; verify original product and annotation.,full_contact_sheet_screen
910650,Lip Liner,label_review,hold_for_review,Visible product appears inconsistent with the assigned class; verify original product and annotation.,full_contact_sheet_screen
910651,Lip Liner,label_review,hold_for_review,Visible product appears inconsistent with the assigned class; verify original product and annotation.,full_contact_sheet_screen
910652,Lip Liner,label_review,hold_for_review,Visible product appears inconsistent with the assigned class; verify original product and annotation.,full_contact_sheet_screen
910653,Lip Liner,label_review,hold_for_review,Visible product appears inconsistent with the assigned class; verify original product and annotation.,full_contact_sheet_screen
910654,Lip Liner,label_review,hold_for_review,Visible product appears inconsistent with the assigned class; verify original product and annotation.,full_contact_sheet_screen
910655,Lip Liner,no_obvious_issue,candidate_for_training,No obvious issue in the full contact-sheet screen; label not independently authenticated.,full_contact_sheet_screen
910656,Lip Liner,no_obvious_issue,candidate_for_training,No obvious issue in the full contact-sheet screen; label not independently authenticated.,full_contact_sheet_screen
910657,Lip Liner,no_obvious_issue,candidate_for_training,No obvious issue in the full contact-sheet screen; label not independently authenticated.,full_contact_sheet_screen
910658,Lip Liner,label_review,hold_for_review,Visible product appears inconsistent with the assigned class; verify original product and annotation.,full_contact_sheet_screen
910659,Lip Liner,no_obvious_issue,candidate_for_training,No obvious issue in the full contact-sheet screen; label not independently authenticated.,full_contact_sheet_screen
910660,Lip Liner,no_obvious_issue,candidate_for_training,No obvious issue in the full contact-sheet screen; label not independently authenticated.,full_contact_sheet_screen
910661,Lip Liner,no_obvious_issue,candidate_for_training,No obvious issue in the full contact-sheet screen; label not independently authenticated.,full_contact_sheet_screen
910662,Lip Liner,no_obvious_issue,candidate_for_training,No obvious issue in the full contact-sheet screen; label not independently authenticated.,full_contact_sheet_screen
910663,Lip Liner,no_obvious_issue,candidate_for_training,No obvious issue in the full contact-sheet screen; label not independently authenticated.,full_contact_sheet_screen
910664,Lip Liner,no_obvious_issue,candidate_for_training,No obvious issue in the full contact-sheet screen; label not independently authenticated.,full_contact_sheet_screen
910665,Lip Liner,label_review,hold_for_review,Visible product appears inconsistent with the assigned class; verify original product and annotation.,full_contact_sheet_screen
910666,Lip Liner,no_obvious_issue,candidate_for_training,No obvious issue in the full contact-sheet screen; label not independently authenticated.,full_contact_sheet_screen
910667,Lip Liner,no_obvious_issue,candidate_for_training,No obvious issue in the full contact-sheet screen; label not independently authenticated.,full_contact_sheet_screen
910668,Lip Liner,no_obvious_issue,candidate_for_training,No obvious issue in the full contact-sheet screen; label not independently authenticated.,full_contact_sheet_screen
910669,Lip Liner,no_obvious_issue,candidate_for_training,No obvious issue in the full contact-sheet screen; label not independently authenticated.,full_contact_sheet_screen
910670,Lip Liner,no_obvious_issue,candidate_for_training,No obvious issue in the full contact-sheet screen; label not independently authenticated.,full_contact_sheet_screen
910671,Lip Liner,no_obvious_issue,candidate_for_training,No obvious issue in the full contact-sheet screen; label not independently authenticated.,full_contact_sheet_screen
910672,Lip Liner,no_obvious_issue,candidate_for_training,No obvious issue in the full contact-sheet screen; label not independently authenticated.,full_contact_sheet_screen
910673,Lip Liner,label_review,hold_for_review,Visible product appears inconsistent with the assigned class; verify original product and annotation.,full_contact_sheet_screen
910674,Lip Liner,no_obvious_issue,candidate_for_training,No obvious issue in the full contact-sheet screen; label not independently authenticated.,full_contact_sheet_screen
910675,Lip Liner,crop_review,hold_for_review,Background dominance or severe truncation/distortion makes the target hard to identify.,full_contact_sheet_screen
910676,Lip Liner,label_review,hold_for_review,Visible product appears inconsistent with the assigned class; verify original product and annotation.,full_contact_sheet_screen
910677,Lip Liner,label_review,hold_for_review,Visible product appears inconsistent with the assigned class; verify original product and annotation.,full_contact_sheet_screen
910678,Lip Liner,no_obvious_issue,candidate_for_training,No obvious issue in the full contact-sheet screen; label not independently authenticated.,full_contact_sheet_screen
910679,Lip Liner,no_obvious_issue,candidate_for_training,No obvious issue in the full contact-sheet screen; label not independently authenticated.,full_contact_sheet_screen
910680,Lip Liner,no_obvious_issue,candidate_for_training,No obvious issue in the full contact-sheet screen; label not independently authenticated.,full_contact_sheet_screen
910681,Lip Liner,label_review,hold_for_review,Visible product appears inconsistent with the assigned class; verify original product and annotation.,full_contact_sheet_screen
910682,Lip Liner,label_review,hold_for_review,Visible product appears inconsistent with the assigned class; verify original product and annotation.,full_contact_sheet_screen
910683,Lip Liner,crop_review,hold_for_review,Background dominance or severe truncation/distortion makes the target hard to identify.,full_contact_sheet_screen
910684,Lip Liner,label_review,hold_for_review,Visible product appears inconsistent with the assigned class; verify original product and annotation.,full_contact_sheet_screen
910685,Lip Liner,no_obvious_issue,candidate_for_training,No obvious issue in the full contact-sheet screen; label not independently authenticated.,full_contact_sheet_screen
910686,Lip Liner,no_obvious_issue,candidate_for_training,No obvious issue in the full contact-sheet screen; label not independently authenticated.,full_contact_sheet_screen
910687,Lip Liner,no_obvious_issue,candidate_for_training,No obvious issue in the full contact-sheet screen; label not independently authenticated.,full_contact_sheet_screen
910688,Lip Liner,no_obvious_issue,candidate_for_training,No obvious issue in the full contact-sheet screen; label not independently authenticated.,full_contact_sheet_screen
910689,Lip Liner,no_obvious_issue,candidate_for_training,No obvious issue in the full contact-sheet screen; label not independently authenticated.,full_contact_sheet_screen
910690,Lip Liner,crop_review,hold_for_review,Background dominance or severe truncation/distortion makes the target hard to identify.,full_contact_sheet_screen
910691,Lip Liner,no_obvious_issue,candidate_for_training,No obvious issue in the full contact-sheet screen; label not independently authenticated.,full_contact_sheet_screen
910692,Lip Liner,no_obvious_issue,candidate_for_training,No obvious issue in the full contact-sheet screen; label not independently authenticated.,full_contact_sheet_screen
910693,Lip Liner,crop_review,hold_for_review,Background dominance or severe truncation/distortion makes the target hard to identify.,full_contact_sheet_screen
910694,Lip Liner,label_review,hold_for_review,Visible product appears inconsistent with the assigned class; verify original product and annotation.,full_contact_sheet_screen
910695,Lip Liner,label_review,hold_for_review,Visible product appears inconsistent with the assigned class; verify original product and annotation.,full_contact_sheet_screen
910696,Lip Liner,label_review,hold_for_review,Visible product appears inconsistent with the assigned class; verify original product and annotation.,full_contact_sheet_screen
910697,Lip Liner,label_review,hold_for_review,Visible product appears inconsistent with the assigned class; verify original product and annotation.,full_contact_sheet_screen
910698,Lip Liner,label_review,hold_for_review,Visible product appears inconsistent with the assigned class; verify original product and annotation.,full_contact_sheet_screen
910699,Lip Liner,label_review,hold_for_review,Visible product appears inconsistent with the assigned class; verify original product and annotation.,full_contact_sheet_screen
