query_id,rank,retrieved_id,cosine_similarity
1164,1,3313,0.982530
1164,2,1163,0.980136
1164,3,3042,0.977740
1164,4,22582,0.975463
1164,5,28625,0.972323
1164,6,17921,0.972256
1164,7,32624,0.972151
1164,8,43064,0.964975
1164,9,28617,0.964522
1164,10,1911,0.964285
1533,1,1882,0.982837
1533,2,7273,0.974872
1533,3,3881,0.974732
1533,4,3105,0.974730
1533,5,4229,0.974620
1533,6,3888,0.974597
1533,7,2835,0.974578
1533,8,6781,0.974506
1533,9,14930,0.973793
1533,10,2349,0.973640
1577,1,9436,0.630603
1577,2,1566,0.630038
1577,3,41533,0.619615
1577,4,48535,0.615158
1577,5,19435,0.611011
1577,6,44622,0.610229
1577,7,48536,0.609737
1577,8,2361,0.609208
1577,9,13724,0.608305
1577,10,49238,0.606434
1603,1,10850,0.911387
1603,2,19548,0.899964
1603,3,19146,0.899826
1603,4,14311,0.897840
1603,5,19549,0.893696
1603,6,19552,0.892632
1603,7,18863,0.890047
1603,8,18865,0.886292
1603,9,14924,0.886174
1603,10,19326,0.886042
1651,1,24885,0.932368
1651,2,4581,0.928817
1651,3,10567,0.921772
1651,4,5150,0.901519
1651,5,6232,0.898258
1651,6,44699,0.889188
1651,7,5139,0.886044
1651,8,13454,0.885474
1651,9,19586,0.883947
1651,10,6953,0.883315
1689,1,33284,0.972751
1689,2,9933,0.968544
1689,3,6794,0.965455
1689,4,5891,0.965159
1689,5,2172,0.964646
1689,6,2171,0.963709
1689,7,17203,0.962651
1689,8,2145,0.962013
1689,9,2146,0.961542
1689,10,29037,0.961534
1754,1,2588,0.901734
1754,2,2048,0.889338
1754,3,32438,0.887595
1754,4,2607,0.885164
1754,5,24061,0.882343
1754,6,42380,0.881884
1754,7,30136,0.879758
1754,8,2158,0.877918
1754,9,26727,0.876423
1754,10,30352,0.875646
1783,1,22103,0.824559
1783,2,2231,0.821237
1783,3,1806,0.812173
1783,4,6380,0.805694
1783,5,9497,0.791671
1783,6,38788,0.776167
1783,7,13172,0.775197
1783,8,1547,0.774576
1783,9,5382,0.769714
1783,10,12484,0.768796
1786,1,5485,0.972368
1786,2,5239,0.965691
1786,3,13910,0.964799
1786,4,34832,0.963739
1786,5,23939,0.962679
1786,6,15300,0.962156
1786,7,4490,0.962017
1786,8,26709,0.961929
1786,9,35712,0.961921
1786,10,6621,0.961084
1796,1,1537,0.977256
1796,2,2046,0.972036
1796,3,2491,0.971950
1796,4,44836,0.970434
1796,5,2212,0.970322
1796,6,4244,0.967459
1796,7,2349,0.966815
1796,8,7031,0.964959
1796,9,2478,0.964830
1796,10,7288,0.963885
1799,1,49769,0.648048
1799,2,15079,0.644853
1799,3,37940,0.641672
1799,4,38722,0.641170
1799,5,33197,0.636697
1799,6,44692,0.635197
1799,7,8470,0.633385
1799,8,47660,0.632246
1799,9,46265,0.630981
1799,10,28946,0.626794
1801,1,35191,0.905633
1801,2,37681,0.904621
1801,3,8352,0.903686
1801,4,9488,0.903322
1801,5,35189,0.902989
1801,6,25883,0.900212
1801,7,5219,0.900039
1801,8,5272,0.899720
1801,9,35215,0.899619
1801,10,19413,0.897919
1802,1,38525,0.799473
1802,2,2822,0.788044
1802,3,44492,0.787498
1802,4,3558,0.784922
1802,5,3561,0.782923
1802,6,44757,0.782777
1802,7,5685,0.780449
1802,8,5688,0.774951
1802,9,13186,0.774759
1802,10,6468,0.773713
1805,1,31554,0.920669
1805,2,44777,0.913975
1805,3,7038,0.912408
1805,4,6445,0.912240
1805,5,15512,0.906913
1805,6,3677,0.906842
1805,7,25440,0.905493
1805,8,6816,0.905423
1805,9,36487,0.904493
1805,10,15224,0.904382
1836,1,5752,0.961647
1836,2,13680,0.961286
1836,3,1828,0.960460
1836,4,6680,0.959875
1836,5,12976,0.957066
1836,6,5620,0.956733
1836,7,34835,0.955749
1836,8,15739,0.955636
1836,9,5739,0.955613
1836,10,42034,0.954497
1845,1,1846,0.946864
1845,2,1847,0.933317
1845,3,2780,0.911750
1845,4,1848,0.911546
1845,5,2675,0.911448
1845,6,31273,0.910970
1845,7,19976,0.908628
1845,8,12556,0.906433
1845,9,48073,0.906294
1845,10,48069,0.905891
1860,1,2781,0.984858
1860,2,7352,0.983721
1860,3,48432,0.983643
1860,4,4377,0.983397
1860,5,7672,0.982945
1860,6,10859,0.982928
1860,7,10879,0.982464
1860,8,7284,0.982383
1860,9,7281,0.982141
1860,10,7669,0.981477
1861,1,27356,0.984630
1861,2,24130,0.983736
1861,3,5500,0.980624
1861,4,3268,0.978525
1861,5,21597,0.978108
1861,6,27377,0.977627
1861,7,29037,0.977009
1861,8,32922,0.976684
1861,9,3983,0.976528
1861,10,2865,0.975626
1862,1,6985,0.942429
1862,2,10865,0.933605
1862,3,36164,0.932649
1862,4,7436,0.930569
1862,5,48423,0.927413
1862,6,7296,0.927198
1862,7,32925,0.926857
1862,8,48424,0.926743
1862,9,11769,0.926537
1862,10,9339,0.925985
1868,1,44833,0.987586
1868,2,44636,0.987361
1868,3,48411,0.985619
1868,4,18847,0.985107
1868,5,31277,0.984637
1868,6,44829,0.982666
1868,7,1872,0.982510
1868,8,12497,0.982191
1868,9,31272,0.982183
1868,10,19629,0.982158
1876,1,1871,0.983544
1876,2,17253,0.981650
1876,3,36873,0.980716
1876,4,18860,0.979806
1876,5,31368,0.979266
1876,6,31251,0.978614
1876,7,44873,0.978482
1876,8,30302,0.978300
1876,9,24265,0.978237
1876,10,1877,0.977957
1880,1,2334,0.938376
1880,2,29547,0.938206
1880,3,3600,0.936740
1880,4,32422,0.935838
1880,5,16428,0.935784
1880,6,2862,0.933945
1880,7,1926,0.933802
1880,8,32954,0.933565
1880,9,16900,0.933061
1880,10,32412,0.932868
1881,1,43501,0.969161
1881,2,43492,0.967969
1881,3,18926,0.966671
1881,4,43500,0.966576
1881,5,36301,0.965305
1881,6,10843,0.965075
1881,7,7005,0.963649
1881,8,13776,0.963168
1881,9,1867,0.962540
1881,10,43496,0.962488
1885,1,26985,0.687314
1885,2,26987,0.686628
1885,3,28460,0.686150
1885,4,28459,0.678300
1885,5,43310,0.677846
1885,6,32590,0.677701
1885,7,26984,0.677491
1885,8,43914,0.673657
1885,9,27232,0.673344
1885,10,21431,0.673161
1889,1,2184,0.980013
1889,2,2835,0.972493
1889,3,7130,0.971555
1889,4,3081,0.970791
1889,5,1882,0.970464
1889,6,26467,0.969809
1889,7,2253,0.969259
1889,8,3102,0.969190
1889,9,2349,0.968887
1889,10,3727,0.968606
1897,1,2092,0.960647
1897,2,1996,0.951327
1897,3,1903,0.950113
1897,4,1905,0.947391
1897,5,1995,0.945648
1897,6,2242,0.945505
1897,7,2241,0.944921
1897,8,2205,0.944121
1897,9,2159,0.943501
1897,10,2212,0.942119
1904,1,2491,0.962596
1904,2,3077,0.961639
1904,3,1537,0.950447
1904,4,3120,0.945708
1904,5,32454,0.944983
1904,6,19753,0.939586
1904,7,3129,0.939574
1904,8,2321,0.939187
1904,9,3264,0.937916
1904,10,4244,0.937272
1910,1,43064,0.983158
1910,2,30644,0.978811
1910,3,28625,0.978635
1910,4,32638,0.977990
1910,5,31456,0.977409
1910,6,17914,0.977097
1910,7,22582,0.976623
1910,8,32628,0.975848
1910,9,38639,0.975658
1910,10,28615,0.975122
1915,1,31074,0.868618
1915,2,50908,0.859652
1915,3,50850,0.856418
1915,4,50883,0.853983
1915,5,45993,0.853098
1915,6,34998,0.852842
1915,7,34986,0.851490
1915,8,34952,0.851261
1915,9,50868,0.850478
1915,10,50870,0.850397
1920,1,7729,0.978501
1920,2,24302,0.978322
1920,3,3604,0.978043
1920,4,29088,0.977810
1920,5,43893,0.976324
1920,6,25403,0.974920
1920,7,3608,0.974051
1920,8,3798,0.974018
1920,9,17979,0.972941
1920,10,12883,0.972776
1922,1,3600,0.951345
1922,2,7458,0.942052
1922,3,27594,0.939816
1922,4,1870,0.929972
1922,5,7848,0.929598
1922,6,43490,0.929348
1922,7,40040,0.929294
1922,8,1931,0.927955
1922,9,30119,0.927914
1922,10,18926,0.927907
1924,1,30354,0.956942
1924,2,10068,0.955092
1924,3,39499,0.952671
1924,4,48423,0.951917
1924,5,31361,0.951760
1924,6,43501,0.951034
1924,7,3205,0.951033
1924,8,43500,0.950262
1924,9,17287,0.950000
1924,10,31363,0.949202
1928,1,18236,0.916405
1928,2,2091,0.913533
1928,3,12614,0.910787
1928,4,12619,0.910239
1928,5,22200,0.908390
1928,6,23945,0.907832
1928,7,4744,0.907098
1928,8,3780,0.906374
1928,9,6097,0.905988
1928,10,7855,0.904225
1981,1,5762,0.887790
1981,2,26987,0.887555
1981,3,21434,0.885828
1981,4,10052,0.884540
1981,5,5788,0.883733
1981,6,5789,0.882810
1981,7,6525,0.882793
1981,8,1982,0.882665
1981,9,27027,0.880761
1981,10,26985,0.880724
1988,1,26360,0.974332
1988,2,26945,0.973360
1988,3,25925,0.973172
1988,4,21591,0.972942
1988,5,20246,0.972678
1988,6,19603,0.971478
1988,7,16143,0.971340
1988,8,8461,0.970960
1988,9,24973,0.969764
1988,10,41406,0.969001
2009,1,2325,0.910883
2009,2,33944,0.903131
2009,3,17232,0.901852
2009,4,2039,0.901733
2009,5,2038,0.901103
2009,6,19692,0.899033
2009,7,3529,0.898018
2009,8,29675,0.897330
2009,9,12633,0.896886
2009,10,37767,0.896696
2015,1,2090,0.973221
2015,2,2210,0.964395
2015,3,2480,0.963373
2015,4,2201,0.957268
2015,5,2256,0.955637
2015,6,2479,0.954730
2015,7,1540,0.954600
2015,8,2349,0.952821
2015,9,2003,0.952243
2015,10,2045,0.951966
2032,1,2253,0.981274
2032,2,2202,0.980982
2032,3,2317,0.977535
2032,4,2040,0.974780
2032,5,2327,0.974407
2032,6,1882,0.974340
2032,7,29037,0.974092
2032,8,2349,0.974076
2032,9,20664,0.973552
2032,10,27356,0.973237
2035,1,2048,0.986278
2035,2,2588,0.985844
2035,3,2045,0.979668
2035,4,2003,0.979084
2035,5,2047,0.978824
2035,6,1882,0.976215
2035,7,1539,0.976094
2035,8,2041,0.974385
2035,9,2090,0.973274
2035,10,1536,0.972993
2044,1,2040,0.940087
2044,2,2975,0.939938
2044,3,2493,0.937972
2044,4,2039,0.935109
2044,5,2970,0.933524
2044,6,2209,0.930500
2044,7,2202,0.928184
2044,8,31235,0.928006
2044,9,2243,0.926481
2044,10,19424,0.924147
2052,1,2036,0.952759
2052,2,1539,0.950589
2052,3,10574,0.947214
2052,4,3881,0.946555
2052,5,26237,0.946259
2052,6,1531,0.944461
2052,7,31037,0.942325
2052,8,2037,0.942314
2052,9,3888,0.941224
2052,10,2023,0.940753
2056,1,2061,0.972202
2056,2,2060,0.966720
2056,3,2182,0.963885
2056,4,2478,0.962384
2056,5,4244,0.960941
2056,6,1537,0.960785
2056,7,2053,0.959799
2056,8,2844,0.959373
2056,9,2212,0.959336
2056,10,2181,0.958407
2102,1,2167,0.981745
2102,2,2135,0.977029
2102,3,2166,0.976328
2102,4,19705,0.975071
2102,5,8586,0.973072
2102,6,2164,0.972816
2102,7,20017,0.971803
2102,8,21235,0.970621
2102,9,39770,0.970568
2102,10,2134,0.970151
2103,1,2163,0.915634
2103,2,2097,0.898916
2103,3,6795,0.895990
2103,4,2162,0.893359
2103,5,2130,0.892371
2103,6,11112,0.889750
2103,7,42519,0.888792
2103,8,51415,0.887986
2103,9,46378,0.885364
2103,10,6774,0.884219
2123,1,10382,0.929829
2123,2,41795,0.916986
2123,3,19685,0.914226
2123,4,5137,0.913439
2123,5,15590,0.909871
2123,6,28740,0.909160
2123,7,37265,0.907885
2123,8,44690,0.907408
2123,9,19737,0.904787
2123,10,12611,0.903982
2143,1,2146,0.931627
2143,2,2145,0.931213
2143,3,2006,0.930662
2143,4,1886,0.928938
2143,5,6314,0.928533
2143,6,2329,0.928330
2143,7,2149,0.924469
2143,8,6796,0.923888
2143,9,1854,0.923707
2143,10,2171,0.922874
2156,1,2050,0.962540
2156,2,2210,0.959572
2156,3,2480,0.957489
2156,4,2034,0.954323
2156,5,2760,0.954298
2156,6,1540,0.953236
2156,7,1766,0.952937
2156,8,27595,0.952696
2156,9,2750,0.952691
2156,10,27581,0.952544
2190,1,4828,0.982211
2190,2,7783,0.982127
2190,3,11275,0.981263
2190,4,1883,0.980324
2190,5,38574,0.980226
2190,6,15332,0.979920
2190,7,10012,0.979771
2190,8,1999,0.979433
2190,9,15011,0.979257
2190,10,46748,0.978691
2207,1,2092,0.978444
2207,2,2400,0.976879
2207,3,1766,0.975407
2207,4,2209,0.974759
2207,5,2253,0.974373
2207,6,2256,0.974033
2207,7,2975,0.973624
2207,8,2243,0.973473
2207,9,2240,0.971987
2207,10,3088,0.971761
2225,1,4332,0.815116
2225,2,17830,0.771801
2225,3,13651,0.767651
2225,4,15376,0.767316
2225,5,26622,0.761663
2225,6,32278,0.759437
2225,7,17485,0.758956
2225,8,13701,0.758653
2225,9,5734,0.758188
2225,10,13690,0.758178
2232,1,2229,0.981071
2232,2,2209,0.979300
2232,3,2243,0.977236
2232,4,2401,0.974326
2232,5,7459,0.972659
2232,6,2402,0.972439
2232,7,2040,0.972377
2232,8,13790,0.971934
2232,9,13436,0.971534
2232,10,2194,0.971491
2234,1,2047,0.965041
2234,2,2588,0.962819
2234,3,2048,0.962512
2234,4,2023,0.962314
2234,5,2159,0.960446
2234,6,1995,0.959405
2234,7,2090,0.958780
2234,8,1538,0.957727
2234,9,2212,0.956853
2234,10,2045,0.956760
2237,1,2975,0.976387
2237,2,2209,0.974355
2237,3,2040,0.973998
2237,4,2229,0.973167
2237,5,2240,0.968033
2237,6,2243,0.967778
2237,7,2205,0.967626
2237,8,2202,0.966883
2237,9,2750,0.965270
2237,10,16488,0.964457
2249,1,29315,0.662187
2249,2,6555,0.661160
2249,3,3334,0.656175
2249,4,38130,0.655032
2249,5,25872,0.654415
2249,6,1800,0.653647
2249,7,30193,0.653085
2249,8,38746,0.651980
2249,9,38760,0.651490
2249,10,7096,0.651425
2252,1,2588,0.974904
2252,2,2048,0.972895
2252,3,1996,0.971490
2252,4,2212,0.971376
2252,5,1882,0.970920
2252,6,2241,0.970405
2252,7,2158,0.970084
2252,8,1995,0.967861
2252,9,2090,0.967806
2252,10,2003,0.967228
2261,1,7088,0.965190
2261,2,25865,0.960101
2261,3,5303,0.958523
2261,4,17984,0.957117
2261,5,37692,0.957090
2261,6,32867,0.956608
2261,7,4585,0.956512
2261,8,25874,0.956281
2261,9,35198,0.956267
2261,10,21261,0.956234
2269,1,7496,0.969834
2269,2,2270,0.968911
2269,3,2315,0.964894
2269,4,6552,0.963435
2269,5,38587,0.961969
2269,6,7504,0.961449
2269,7,27446,0.960959
2269,8,25921,0.960807
2269,9,46810,0.960539
2269,10,25920,0.960468
2272,1,7556,0.984787
2272,2,43068,0.983819
2272,3,6529,0.983461
2272,4,38641,0.981885
2272,5,28517,0.981404
2272,6,7535,0.980180
2272,7,31466,0.979744
2272,8,17918,0.979722
2272,9,31460,0.979642
2272,10,7574,0.978923
2282,1,49961,0.881400
2282,2,12055,0.861966
2282,3,44876,0.858566
2282,4,48449,0.856870
2282,5,26262,0.854692
2282,6,19807,0.853125
2282,7,48412,0.847383
2282,8,48082,0.846919
2282,9,32454,0.842679
2282,10,22200,0.841566
2293,1,2270,0.978781
2293,2,7480,0.976840
2293,3,10712,0.974736
2293,4,28571,0.971622
2293,5,27446,0.970896
2293,6,28647,0.969895
2293,7,2299,0.969089
2293,8,7501,0.968824
2293,9,2315,0.968434
2293,10,27445,0.967875
2304,1,5434,0.973798
2304,2,7552,0.971325
2304,3,38581,0.967209
2304,4,7555,0.966801
2304,5,30624,0.965541
2304,6,7530,0.965288
2304,7,2298,0.965170
2304,8,38637,0.964905
2304,9,9987,0.964247
2304,10,38618,0.963128
2305,1,32626,0.976786
2305,2,7509,0.964237
2305,3,38625,0.962291
2305,4,7500,0.961083
2305,5,24556,0.960055
2305,6,27429,0.959130
2305,7,25026,0.958150
2305,8,7494,0.957125
2305,9,7515,0.955728
2305,10,2280,0.955288
2364,1,10669,0.757275
2364,2,10665,0.756548
2364,3,13254,0.748392
2364,4,10692,0.748251
2364,5,31103,0.747809
2364,6,8325,0.746807
2364,7,4188,0.745563
2364,8,48243,0.743274
2364,9,8321,0.742970
2364,10,35459,0.738838
2365,1,47379,0.985303
2365,2,34559,0.982689
2365,3,27733,0.982563
2365,4,25204,0.982098
2365,5,36520,0.982021
2365,6,25168,0.981341
2365,7,25212,0.981219
2365,8,25274,0.980936
2365,9,21963,0.980729
2365,10,43277,0.980443
2485,1,11432,0.875219
2485,2,45102,0.874486
2485,3,33753,0.864665
2485,4,21423,0.864264
2485,5,33178,0.857367
2485,6,41789,0.855362
2485,7,37916,0.854037
2485,8,24919,0.851479
2485,9,6892,0.849211
2485,10,33179,0.848442
2494,1,41877,0.932613
2494,2,11965,0.893270
2494,3,15252,0.891850
2494,4,18497,0.889776
2494,5,18495,0.878205
2494,6,22255,0.875662
2494,7,15073,0.874994
2494,8,42011,0.874455
2494,9,41878,0.869864
2494,10,16111,0.869532
2495,1,1543,0.802831
2495,2,1546,0.772780
2495,3,1547,0.771960
2495,4,43877,0.768676
2495,5,13642,0.765458
2495,6,11847,0.755598
2495,7,26659,0.743692
2495,8,2506,0.741871
2495,9,3214,0.740165
2495,10,1917,0.735670
2502,1,2507,0.814719
2502,2,2540,0.769338
2502,3,4068,0.751945
2502,4,6811,0.745616
2502,5,39983,0.741360
2502,6,2506,0.738576
2502,7,24711,0.738114
2502,8,2814,0.737292
2502,9,3552,0.734451
2502,10,41211,0.732171
2504,1,7046,0.963905
2504,2,17036,0.957629
2504,3,22096,0.946558
2504,4,19940,0.945127
2504,5,44493,0.941283
2504,6,21567,0.940343
2504,7,6670,0.939590
2504,8,4113,0.938447
2504,9,44758,0.937473
2504,10,18659,0.937237
2511,1,9205,0.723472
2511,2,44769,0.721517
2511,3,12891,0.721400
2511,4,32494,0.719258
2511,5,17697,0.713714
2511,6,3694,0.713672
2511,7,5705,0.713287
2511,8,5916,0.713053
2511,9,22114,0.709269
2511,10,15377,0.707568
2551,1,2552,0.981304
2551,2,2553,0.977444
2551,3,2544,0.976794
2551,4,2550,0.975239
2551,5,26672,0.972600
2551,6,2543,0.972540
2551,7,30251,0.970655
2551,8,43381,0.969570
2551,9,43375,0.969322
2551,10,44709,0.968736
2558,1,6588,0.956041
2558,2,17930,0.954589
2558,3,6526,0.950049
2558,4,7486,0.946942
2558,5,7560,0.946283
2558,6,7487,0.945202
2558,7,15632,0.944378
2558,8,9754,0.942539
2558,9,2572,0.941932
2558,10,9076,0.941388
2585,1,19969,0.841295
2585,2,20056,0.807657
2585,3,20061,0.802464
2585,4,2589,0.798666
2585,5,21439,0.798561
2585,6,17533,0.797359
2585,7,19743,0.792692
2585,8,20047,0.791139
2585,9,48536,0.788602
2585,10,33775,0.788565
2601,1,2344,0.845171
2601,2,6506,0.817561
2601,3,33949,0.817425
2601,4,3882,0.816073
2601,5,9305,0.815937
2601,6,7916,0.813348
2601,7,1807,0.813050
2601,8,34197,0.811533
2601,9,28675,0.802467
2601,10,2969,0.798721
2603,1,2403,0.979615
2603,2,2400,0.972183
2603,3,2194,0.971382
2603,4,2203,0.970326
2603,5,7469,0.968244
2603,6,2256,0.966903
2603,7,2402,0.965516
2603,8,4431,0.964914
2603,9,3021,0.964179
2603,10,1671,0.964057
2606,1,2607,0.961870
2606,2,2210,0.946658
2606,3,2480,0.938560
2606,4,2034,0.938196
2606,5,2979,0.934823
2606,6,1903,0.933876
2606,7,2201,0.930757
2606,8,2256,0.930681
2606,9,2975,0.930277
2606,10,2040,0.929760
2630,1,45377,0.989402
2630,2,41706,0.984506
2630,3,50162,0.984254
2630,4,45368,0.983520
2630,5,45370,0.983066
2630,6,49587,0.982342
2630,7,47594,0.981796
2630,8,36615,0.981258
2630,9,24474,0.980806
2630,10,49621,0.980285
2644,1,5855,0.836953
2644,2,47141,0.829992
2644,3,33434,0.822841
2644,4,37000,0.822175
2644,5,47359,0.822053
2644,6,49556,0.821868
2644,7,50179,0.821625
2644,8,47148,0.821488
2644,9,49555,0.821444
2644,10,38473,0.821371
2647,1,21956,0.978083
2647,2,14817,0.977988
2647,3,22015,0.977796
2647,4,17127,0.977170
2647,5,25168,0.977076
2647,6,10725,0.977057
2647,7,25242,0.976837
2647,8,10249,0.976694
2647,9,36520,0.976226
2647,10,25188,0.975430
2661,1,47675,0.574556
2661,2,10647,0.544531
2661,3,41773,0.540692
2661,4,49631,0.519180
2661,5,10717,0.510911
2661,6,10656,0.507033
2661,7,6532,0.504489
2661,8,5765,0.503863
2661,9,29171,0.502552
2661,10,34107,0.500208
2664,1,8111,0.760525
2664,2,25430,0.711766
2664,3,8109,0.711693
2664,4,34803,0.710402
2664,5,17988,0.705986
2664,6,14832,0.704872
2664,7,34801,0.704792
2664,8,14905,0.704683
2664,9,36025,0.704099
2664,10,18804,0.703979
2665,1,49529,0.766225
2665,2,30707,0.748017
2665,3,27046,0.744254
2665,4,47420,0.741450
2665,5,16764,0.741062
2665,6,21969,0.730976
2665,7,31933,0.730808
2665,8,49547,0.729548
2665,9,38431,0.724234
2665,10,31919,0.713923
2666,1,25274,0.957082
2666,2,14880,0.954427
2666,3,18035,0.953284
2666,4,37433,0.952520
2666,5,25166,0.950039
2666,6,34559,0.949704
2666,7,27712,0.949344
2666,8,27711,0.949218
2666,9,27059,0.949122
2666,10,29068,0.948879
2684,1,33946,0.908935
2684,2,21150,0.900194
2684,3,26403,0.894706
2684,4,16402,0.892551
2684,5,13406,0.890011
2684,6,9347,0.889202
2684,7,11414,0.888271
2684,8,13734,0.887328
2684,9,41588,0.886745
2684,10,34220,0.886261
2706,1,2707,0.809664
2706,2,30725,0.786169
2706,3,2712,0.778585
2706,4,30726,0.776277
2706,5,2711,0.773652
2706,6,31168,0.764427
2706,7,37408,0.763467
2706,8,38998,0.760655
2706,9,27196,0.759780
2706,10,2708,0.759386
2742,1,43529,0.564365
2742,2,46267,0.556284
2742,3,12150,0.554232
2742,4,24172,0.550048
2742,5,12768,0.542230
2742,6,48083,0.534023
2742,7,33207,0.526291
2742,8,5792,0.519246
2742,9,51453,0.518633
2742,10,46248,0.518561
2743,1,20664,0.971933
2743,2,29037,0.967188
2743,3,2329,0.966818
2743,4,1614,0.966746
2743,5,31547,0.966715
2743,6,17242,0.966668
2743,7,2865,0.966525
2743,8,9695,0.966334
2743,9,10409,0.965654
2743,10,9933,0.965377
2751,1,3477,0.970370
2751,2,48410,0.969419
2751,3,18626,0.968655
2751,4,3888,0.967770
2751,5,11740,0.967258
2751,6,22807,0.966768
2751,7,6183,0.966037
2751,8,9941,0.965911
2751,9,43502,0.965867
2751,10,10372,0.965744
2764,1,3861,0.978219
2764,2,3101,0.977701
2764,3,4417,0.976010
2764,4,5520,0.975958
2764,5,2253,0.975369
2764,6,46385,0.975320
2764,7,8040,0.975115
2764,8,4755,0.975072
2764,9,9884,0.974577
2764,10,3088,0.974459
2783,1,29606,0.945302
2783,2,51466,0.941315
2783,3,2851,0.940305
2783,4,44865,0.937611
2783,5,48447,0.936807
2783,6,5515,0.936019
2783,7,3077,0.935567
2783,8,44836,0.934582
2783,9,32962,0.933886
2783,10,48430,0.932744
2785,1,8206,0.980818
2785,2,43502,0.980137
2785,3,38793,0.979448
2785,4,9943,0.979294
2785,5,3763,0.979219
2785,6,40047,0.978394
2785,7,4406,0.978251
2785,8,42153,0.977835
2785,9,33156,0.977312
2785,10,16501,0.977206
2786,1,3891,0.978224
2786,2,34242,0.975765
2786,3,30301,0.974970
2786,4,31272,0.974534
2786,5,34244,0.972425
2786,6,4031,0.972201
2786,7,23627,0.971947
2786,8,30346,0.971244
2786,9,32922,0.970970
2786,10,36301,0.969698
2824,1,2383,0.955873
2824,2,5673,0.955619
2824,3,5692,0.954183
2824,4,2390,0.951086
2824,5,2398,0.951064
2824,6,7267,0.949506
2824,7,5674,0.947674
2824,8,7390,0.947421
2824,9,4181,0.945296
2824,10,47186,0.944954
2831,1,6379,0.936958
2831,2,25575,0.926321
2831,3,44758,0.925317
2831,4,12986,0.925082
2831,5,5933,0.923602
2831,6,36435,0.923369
2831,7,36432,0.923305
2831,8,13069,0.923076
2831,9,2965,0.923002
2831,10,39657,0.922308
2837,1,48410,0.956876
2837,2,4197,0.956418
2837,3,10338,0.954890
2837,4,3887,0.954800
2837,5,11740,0.954612
2837,6,11745,0.954570
2837,7,7009,0.954376
2837,8,12053,0.954132
2837,9,10681,0.952799
2837,10,18615,0.952676
2856,1,2850,0.970755
2856,2,2844,0.969010
2856,3,4249,0.963543
2856,4,2859,0.961629
2856,5,2835,0.961405
2856,6,4240,0.961384
2856,7,5664,0.960741
2856,8,3863,0.959456
2856,9,3081,0.959165
2856,10,4235,0.958885
2857,1,2859,0.977021
2857,2,2850,0.976493
2857,3,2849,0.975072
2857,4,27372,0.971167
2857,5,27657,0.966223
2857,6,2836,0.965608
2857,7,5664,0.964936
2857,8,27356,0.964393
2857,9,3081,0.964143
2857,10,2841,0.964041
2861,1,17251,0.962515
2861,2,39499,0.961896
2861,3,4060,0.961556
2861,4,17253,0.960939
2861,5,18230,0.960654
2861,6,19244,0.959948
2861,7,6715,0.959087
2861,8,29040,0.958716
2861,9,17259,0.958640
2861,10,7948,0.958632
2863,1,5202,0.978012
2863,2,2253,0.977935
2863,3,4383,0.977384
2863,4,3078,0.975823
2863,5,3081,0.975817
2863,6,3432,0.975394
2863,7,3861,0.975272
2863,8,35971,0.975198
2863,9,27356,0.974850
2863,10,8274,0.974828
2888,1,13015,0.885937
2888,2,47543,0.863824
2888,3,47616,0.863467
2888,4,29121,0.856047
2888,5,13546,0.852016
2888,6,10289,0.851761
2888,7,45410,0.851109
2888,8,8169,0.850872
2888,9,45783,0.850752
2888,10,2613,0.850143
2910,1,2897,0.984141
2910,2,2903,0.981699
2910,3,46827,0.979931
2910,4,19025,0.979662
2910,5,15489,0.978304
2910,6,46826,0.976962
2910,7,33117,0.975221
2910,8,45337,0.975057
2910,9,17661,0.972619
2910,10,39609,0.970890
2915,1,21131,0.928672
2915,2,8454,0.927664
2915,3,16135,0.926743
2915,4,16141,0.925759
2915,5,16145,0.925726
2915,6,26952,0.925700
2915,7,26872,0.925185
2915,8,10510,0.921991
2915,9,16147,0.921150
2915,10,26893,0.920887
2971,1,3323,0.887284
2971,2,9980,0.882325
2971,3,30615,0.872617
2971,4,3321,0.872308
2971,5,12808,0.871613
2971,6,1530,0.871417
2971,7,1758,0.870815
2971,8,24845,0.867241
2971,9,22312,0.866388
2971,10,6785,0.865460
2980,1,2970,0.961152
2980,2,2317,0.947051
2980,3,2492,0.946296
2980,4,2975,0.943386
2980,5,1616,0.940209
2980,6,2202,0.939696
2980,7,2243,0.938489
2980,8,2209,0.937021
2980,9,2040,0.935914
2980,10,18230,0.934574
3014,1,26236,0.952559
3014,2,6110,0.952390
3014,3,2048,0.951492
3014,4,32416,0.949816
3014,5,3476,0.947778
3014,6,2588,0.946793
3014,7,2054,0.944045
3014,8,40091,0.943648
3014,9,48435,0.943325
3014,10,2061,0.943176
3020,1,4376,0.984858
3020,2,3078,0.980532
3020,3,26715,0.979884
3020,4,4231,0.979545
3020,5,12622,0.979107
3020,6,4243,0.978815
3020,7,26717,0.978132
3020,8,19395,0.977231
3020,9,4400,0.977114
3020,10,3085,0.976931
3027,1,29168,0.946761
3027,2,24949,0.945394
3027,3,6254,0.945288
3027,4,4776,0.944303
3027,5,36737,0.943949
3027,6,13935,0.942837
3027,7,25924,0.941731
3027,8,24347,0.940574
3027,9,24884,0.939666
3027,10,7312,0.939500
3054,1,7287,0.964399
3054,2,3426,0.963915
3054,3,27370,0.963449
3054,4,5527,0.962968
3054,5,10827,0.962929
3054,6,3088,0.962617
3054,7,3990,0.961896
3054,8,4197,0.961488
3054,9,16426,0.961054
3054,10,43502,0.960985
3060,1,7296,0.965537
3060,2,4377,0.961166
3060,3,12625,0.960980
3060,4,10454,0.960797
3060,5,3521,0.960664
3060,6,7672,0.960588
3060,7,7281,0.960490
3060,8,6583,0.960232
3060,9,31243,0.960201
3060,10,10062,0.960106
3084,1,3413,0.968870
3084,2,3105,0.968062
3084,3,2183,0.967786
3084,4,3727,0.967661
3084,5,3990,0.966950
3084,6,4540,0.966519
3084,7,27373,0.966478
3084,8,2339,0.965702
3084,9,3110,0.965390
3084,10,2253,0.965268
3089,1,3389,0.602140
3089,2,38316,0.596589
3089,3,27665,0.577208
3089,4,22003,0.567488
3089,5,35212,0.567466
3089,6,26438,0.566680
3089,7,34770,0.566375
3089,8,20614,0.566178
3089,9,14810,0.565714
3089,10,18800,0.563342
3104,1,3077,0.989212
3104,2,3120,0.986215
3104,3,24598,0.977443
3104,4,3713,0.969081
3104,5,2491,0.968031
3104,6,2851,0.967927
3104,7,3264,0.964207
3104,8,2854,0.963540
3104,9,3273,0.962191
3104,10,5515,0.956495
3124,1,7277,0.983061
3124,2,4235,0.982753
3124,3,30550,0.981756
3124,4,4231,0.981490
3124,5,6118,0.981397
3124,6,14919,0.981120
3124,7,27370,0.980909
3124,8,28925,0.980897
3124,9,35971,0.980799
3124,10,4383,0.980621
3126,1,2681,0.905721
3126,2,7290,0.903809
3126,3,3275,0.903781
3126,4,20331,0.901380
3126,5,27376,0.901353
3126,6,3016,0.899594
3126,7,3123,0.898232
3126,8,1853,0.896831
3126,9,3890,0.896138
3126,10,48439,0.893609
3141,1,19047,0.956129
3141,2,20272,0.946514
3141,3,13003,0.946276
3141,4,22310,0.944886
3141,5,20280,0.944225
3141,6,35471,0.940065
3141,7,13543,0.938980
3141,8,27082,0.938196
3141,9,14357,0.937973
3141,10,49603,0.937176
3203,1,3058,0.980351
3203,2,6757,0.968781
3203,3,3051,0.966116
3203,4,5658,0.963679
3203,5,5662,0.961744
3203,6,4752,0.961692
3203,7,5205,0.960216
3203,8,3064,0.960102
3203,9,4382,0.959810
3203,10,4080,0.959674
3207,1,19001,0.982309
3207,2,19006,0.976718
3207,3,26946,0.976585
3207,4,26949,0.976040
3207,5,9835,0.975232
3207,6,5118,0.972739
3207,7,10340,0.972695
3207,8,22226,0.972065
3207,9,9823,0.971610
3207,10,9825,0.971305
3209,1,3072,0.993991
3209,2,3208,0.985225
3209,3,20237,0.984384
3209,4,9789,0.982000
3209,5,11022,0.980063
3209,6,6246,0.980053
3209,7,6909,0.979450
3209,8,16827,0.978246
3209,9,26869,0.978153
3209,10,13158,0.977980
3231,1,3229,0.841618
3231,2,9113,0.831596
3231,3,15740,0.830770
3231,4,5373,0.830407
3231,5,4639,0.828617
3231,6,1731,0.826286
3231,7,9118,0.825381
3231,8,46084,0.824129
3231,9,5395,0.823344
3231,10,5103,0.822732
3240,1,4484,0.926385
3240,2,26638,0.925508
3240,3,12904,0.914387
3240,4,3247,0.913585
3240,5,13673,0.912742
3240,6,26670,0.910845
3240,7,30233,0.910844
3240,8,34744,0.904705
3240,9,43876,0.902807
3240,10,26555,0.899979
3250,1,44460,0.882419
3250,2,24070,0.878240
3250,3,23795,0.869077
3250,4,14391,0.863725
3250,5,18550,0.854447
3250,6,35799,0.840556
3250,7,41468,0.836436
3250,8,19029,0.827419
3250,9,3249,0.822430
3250,10,12526,0.820588
3251,1,12984,0.872683
3251,2,3496,0.867420
3251,3,23804,0.863738
3251,4,4633,0.863532
3251,5,11815,0.859499
3251,6,25489,0.857105
3251,7,5429,0.854078
3251,8,5904,0.854009
3251,9,3488,0.853040
3251,10,18473,0.852422
3276,1,3266,0.952044
3276,2,6589,0.949643
3276,3,9681,0.947937
3276,4,35970,0.947658
3276,5,10987,0.947016
3276,6,16488,0.946776
3276,7,5662,0.945381
3276,8,34348,0.944993
3276,9,18232,0.944317
3276,10,3762,0.943996
3280,1,2336,0.961066
3280,2,3088,0.960652
3280,3,3081,0.960607
3280,4,7271,0.960452
3280,5,3290,0.959158
3280,6,7283,0.959055
3280,7,2253,0.958865
3280,8,4417,0.958257
3280,9,6773,0.958222
3280,10,3102,0.958220
3287,1,3265,0.970817
3287,2,4243,0.969558
3287,3,28926,0.969101
3287,4,14910,0.968313
3287,5,3100,0.966986
3287,6,4231,0.965235
3287,7,13496,0.965105
3287,8,28933,0.964848
3287,9,3078,0.964580
3287,10,16438,0.963885
3289,1,3096,0.964773
3289,2,3713,0.962533
3289,3,3991,0.962431
3289,4,1938,0.962374
3289,5,3260,0.962202
3289,6,2854,0.961625
3289,7,3278,0.960611
3289,8,18847,0.959871
3289,9,33593,0.958556
3289,10,3272,0.957613
3291,1,29308,0.922493
3291,2,29787,0.917880
3291,3,11731,0.916112
3291,4,2142,0.916065
3291,5,4767,0.915140
3291,6,42097,0.915018
3291,7,44343,0.914802
3291,8,17235,0.914567
3291,9,4388,0.914225
3291,10,11418,0.912920
3292,1,4388,0.942343
3292,2,48073,0.941118
3292,3,14100,0.939466
3292,4,44859,0.938904
3292,5,23871,0.938765
3292,6,22792,0.937604
3292,7,44874,0.936560
3292,8,23060,0.936542
3292,9,11766,0.936128
3292,10,6693,0.936041
3310,1,22983,0.947404
3310,2,12701,0.945966
3310,3,5538,0.943978
3310,4,28650,0.943757
3310,5,9112,0.941010
3310,6,3454,0.939206
3310,7,6624,0.937106
3310,8,15299,0.937008
3310,9,15735,0.935331
3310,10,1730,0.934724
3335,1,3340,0.994800
3335,2,44622,0.822094
3335,3,17533,0.797668
3335,4,12439,0.784859
3335,5,9436,0.779296
3335,6,19969,0.776611
3335,7,49802,0.771418
3335,8,48536,0.756170
3335,9,48535,0.752308
3335,10,12440,0.751671
3350,1,3416,0.973846
3350,2,4790,0.969846
3350,3,24054,0.966635
3350,4,19651,0.966496
3350,5,5565,0.965686
3350,6,12211,0.965054
3350,7,20315,0.964902
3350,8,3858,0.964603
3350,9,26729,0.964560
3350,10,7342,0.964194
3352,1,2491,0.870513
3352,2,2350,0.866304
3352,3,38559,0.858496
3352,4,2342,0.858420
3352,5,11393,0.855980
3352,6,34378,0.849247
3352,7,2321,0.847617
3352,8,3120,0.847409
3352,9,5279,0.846887
3352,10,3264,0.844197
3356,1,23177,0.987416
3356,2,18990,0.985551
3356,3,5176,0.985040
3356,4,3196,0.984565
3356,5,3429,0.984444
3356,6,3539,0.984290
3356,7,4223,0.983950
3356,8,13953,0.983863
3356,9,16287,0.983782
3356,10,4790,0.983573
3362,1,3365,0.949132
3362,2,3353,0.947758
3362,3,4244,0.937581
3362,4,3270,0.936270
3362,5,32962,0.931900
3362,6,9931,0.931696
3362,7,4054,0.931617
3362,8,6118,0.931292
3362,9,3264,0.931156
3362,10,3273,0.930865
3391,1,38315,0.898374
3391,2,3382,0.887649
3391,3,47135,0.885951
3391,4,49541,0.885745
3391,5,37854,0.883014
3391,6,47434,0.882170
3391,7,21990,0.882059
3391,8,8518,0.881581
3391,9,25295,0.881298
3391,10,16760,0.880926
3399,1,47395,0.963028
3399,2,33631,0.960983
3399,3,47917,0.960513
3399,4,36673,0.959829
3399,5,25295,0.959034
3399,6,26437,0.958730
3399,7,8518,0.958339
3399,8,16760,0.957938
3399,9,3384,0.956785
3399,10,47421,0.956779
3400,1,37073,0.948689
3400,2,21496,0.944675
3400,3,37069,0.942115
3400,4,46978,0.940496
3400,5,49568,0.940161
3400,6,25200,0.939829
3400,7,21952,0.938707
3400,8,37079,0.938308
3400,9,37088,0.938157
3400,10,10231,0.937556
3411,1,3522,0.939732
3411,2,31291,0.938461
3411,3,11026,0.933587
3411,4,6135,0.933270
3411,5,31295,0.930077
3411,6,3687,0.929974
3411,7,3363,0.928336
3411,8,26882,0.928247
3411,9,27349,0.926565
3411,10,3065,0.925742
3419,1,3354,0.975175
3419,2,9884,0.974888
3419,3,18847,0.974008
3419,4,3761,0.972988
3419,5,3991,0.972854
3419,6,31242,0.971932
3419,7,5500,0.971138
3419,8,3278,0.970950
3419,9,3345,0.970072
3419,10,13511,0.969891
3440,1,39131,0.750148
3440,2,50023,0.750058
3440,3,39127,0.743320
3440,4,30817,0.738262
3440,5,28944,0.737463
3440,6,12157,0.735034
3440,7,39119,0.733719
3440,8,39129,0.732755
3440,9,30810,0.731000
3440,10,39120,0.730155
3462,1,42141,0.918741
3462,2,7754,0.917668
3462,3,15399,0.917111
3462,4,20802,0.914419
3462,5,41449,0.912892
3462,6,13166,0.911269
3462,7,42126,0.911143
3462,8,5046,0.910871
3462,9,44783,0.910602
3462,10,25475,0.909953
3464,1,16774,0.591186
3464,2,12225,0.579694
3464,3,23005,0.572936
3464,4,12226,0.569345
3464,5,14299,0.566117
3464,6,6155,0.561636
3464,7,6484,0.561431
3464,8,23517,0.561318
3464,9,6033,0.560400
3464,10,29789,0.559755
3468,1,32157,0.729465
3468,2,29109,0.726280
3468,3,43563,0.719777
3468,4,32173,0.719021
3468,5,2214,0.717844
3468,6,32168,0.715265
3468,7,18584,0.712796
3468,8,49987,0.712539
3468,9,18582,0.710717
3468,10,18583,0.710565
3469,1,3686,0.569095
3469,2,39347,0.564243
3469,3,44693,0.560850
3469,4,6591,0.557789
3469,5,28646,0.555919
3469,6,20242,0.555149
3469,7,1978,0.555089
3469,8,19674,0.554409
3469,9,19626,0.554033
3469,10,7200,0.554026
3484,1,28640,0.906388
3484,2,9342,0.888718
3484,3,7935,0.882978
3484,4,29688,0.882638
3484,5,46387,0.880817
3484,6,7882,0.876167
3484,7,19240,0.870711
3484,8,9510,0.861501
3484,9,3542,0.858418
3484,10,7902,0.857146
3492,1,11976,0.903220
3492,2,15243,0.892630
3492,3,12984,0.886207
3492,4,5904,0.883865
3492,5,5467,0.883619
3492,6,18400,0.881490
3492,7,22731,0.880936
3492,8,11815,0.869614
3492,9,4286,0.869145
3492,10,1833,0.868616
3505,1,3309,0.942434
3505,2,44758,0.941432
3505,3,28598,0.932329
3505,4,22096,0.931889
3505,5,43871,0.929667
3505,6,39685,0.929322
3505,7,13071,0.926920
3505,8,32947,0.926268
3505,9,3675,0.926134
3505,10,13065,0.926062
3511,1,29057,0.971912
3511,2,24306,0.969548
3511,3,26322,0.968662
3511,4,15461,0.968324
3511,5,26321,0.968143
3511,6,44911,0.966093
3511,7,29043,0.965560
3511,8,24305,0.965469
3511,9,34257,0.965063
3511,10,9770,0.964442
3531,1,5848,0.984198
3531,2,10991,0.984122
3531,3,5183,0.983048
3531,4,3425,0.982169
3531,5,5847,0.981938
3531,6,20332,0.981853
3531,7,5204,0.981429
3531,8,6718,0.980612
3531,9,4790,0.980437
3531,10,3521,0.980156
3543,1,4417,0.985099
3543,2,2928,0.983336
3543,3,14056,0.981880
3543,4,3861,0.981450
3543,5,4053,0.981186
3543,6,4031,0.981026
3543,7,16429,0.980957
3543,8,10060,0.980777
3543,9,4755,0.980608
3543,10,7299,0.980372
3546,1,44403,0.962024
3546,2,23913,0.959991
3546,3,23911,0.958922
3546,4,5689,0.952115
3546,5,5681,0.951959
3546,6,23930,0.947921
3546,7,5707,0.946757
3546,8,44405,0.943741
3546,9,23836,0.942925
3546,10,7987,0.941875
3554,1,32941,0.969483
3554,2,22104,0.962336
3554,3,19352,0.961346
3554,4,19353,0.960916
3554,5,4270,0.952441
3554,6,32953,0.949679
3554,7,5930,0.945530
3554,8,7042,0.943772
3554,9,33843,0.943590
3554,10,4276,0.943295
3557,1,32953,0.964613
3557,2,24451,0.941038
3557,3,4270,0.939976
3557,4,18659,0.939924
3557,5,19352,0.938832
3557,6,6486,0.938676
3557,7,21568,0.938541
3557,8,25456,0.937087
3557,9,9033,0.937006
3557,10,24249,0.935993
3578,1,13909,0.976083
3578,2,4109,0.974882
3578,3,28323,0.974231
3578,4,11980,0.974143
3578,5,5608,0.971230
3578,6,26708,0.971025
3578,7,3627,0.969947
3578,8,41074,0.969702
3578,9,20869,0.968956
3578,10,2235,0.968456
3592,1,24302,0.988475
3592,2,4444,0.984907
3592,3,20897,0.983985
3592,4,3604,0.983432
3592,5,12883,0.983209
3592,6,9816,0.982091
3592,7,3585,0.982060
3592,8,24665,0.981312
3592,9,51376,0.980688
3592,10,25403,0.979776
3603,1,44616,0.838934
3603,2,23672,0.837053
3603,3,3623,0.836735
3603,4,20948,0.822014
3603,5,4732,0.820704
3603,6,2250,0.819323
3603,7,15385,0.816331
3603,8,24107,0.815584
3603,9,15387,0.812940
3603,10,20942,0.811385
3614,1,38640,0.959231
3614,2,7563,0.955403
3614,3,43050,0.954149
3614,4,32628,0.950250
3614,5,28615,0.945828
3614,6,3584,0.940969
3614,7,28617,0.935112
3614,8,28616,0.933651
3614,9,17914,0.931613
3614,10,2260,0.929016
3636,1,16734,0.952755
3636,2,17026,0.945767
3636,3,44710,0.943300
3636,4,24177,0.942453
3636,5,39311,0.942399
3636,6,18909,0.938011
3636,7,43369,0.937355
3636,8,26375,0.936570
3636,9,40787,0.935722
3636,10,21187,0.933866
3641,1,36432,0.919559
3641,2,22727,0.915684
3641,3,26670,0.914766
3641,4,6379,0.912262
3641,5,30233,0.907161
3641,6,23840,0.905614
3641,7,15251,0.904681
3641,8,18482,0.904644
3641,9,13989,0.904548
3641,10,3676,0.904179
3643,1,3644,0.960461
3643,2,3642,0.959896
3643,3,20891,0.954609
3643,4,4131,0.950332
3643,5,7048,0.950269
3643,6,7045,0.949666
3643,7,4128,0.949102
3643,8,39989,0.948358
3643,9,40789,0.946839
3643,10,13685,0.945955
3649,1,39664,0.949189
3649,2,5479,0.947537
3649,3,39665,0.939128
3649,4,25575,0.938841
3649,5,46079,0.936948
3649,6,39663,0.934854
3649,7,12717,0.934402
3649,8,39639,0.933324
3649,9,34508,0.932330
3649,10,39656,0.932254
3657,1,9391,0.811332
3657,2,24213,0.808150
3657,3,25489,0.803945
3657,4,7807,0.797779
3657,5,3488,0.794441
3657,6,3219,0.791720
3657,7,12984,0.790084
3657,8,23804,0.787725
3657,9,23882,0.786748
3657,10,3656,0.784033
3664,1,9128,0.913197
3664,2,3219,0.907653
3664,3,12708,0.903952
3664,4,3306,0.903747
3664,5,5728,0.903588
3664,6,32277,0.903569
3664,7,5472,0.901093
3664,8,5739,0.901004
3664,9,19307,0.900031
3664,10,13165,0.899991
3672,1,3671,0.967155
3672,2,9196,0.964248
3672,3,3667,0.957258
3672,4,3691,0.956191
3672,5,23937,0.954801
3672,6,2353,0.953448
3672,7,3666,0.953330
3672,8,19307,0.953283
3672,9,40472,0.952635
3672,10,32277,0.951347
3695,1,23917,0.969288
3695,2,15265,0.959137
3695,3,7726,0.958366
3695,4,29233,0.956939
3695,5,15259,0.955757
3695,6,23878,0.951356
3695,7,24072,0.950572
3695,8,3498,0.950031
3695,9,15270,0.947879
3695,10,12905,0.946762
3698,1,3977,0.803461
3698,2,10512,0.788841
3698,3,26888,0.785892
3698,4,46276,0.781782
3698,5,16148,0.779634
3698,6,16140,0.777336
3698,7,8452,0.775701
3698,8,6257,0.775081
3698,9,7702,0.774214
3698,10,16146,0.772860
3704,1,19006,0.943906
3704,2,3536,0.941384
3704,3,1765,0.940878
3704,4,14074,0.940483
3704,5,9335,0.940405
3704,6,19013,0.940211
3704,7,21453,0.940191
3704,8,37286,0.939863
3704,9,9818,0.939563
3704,10,7509,0.939495
3718,1,6715,0.980217
3718,2,3021,0.979120
3718,3,4053,0.978552
3718,4,7441,0.978535
3718,5,4755,0.978187
3718,6,5849,0.977982
3718,7,4294,0.977680
3718,8,5205,0.976848
3718,9,5231,0.976845
3718,10,4051,0.976420
3722,1,34338,0.973514
3722,2,32414,0.973088
3722,3,26715,0.972963
3722,4,7641,0.972960
3722,5,48441,0.972021
3722,6,3085,0.971987
3722,7,13497,0.971914
3722,8,33077,0.971885
3722,9,28996,0.971431
3722,10,23647,0.971413
3734,1,32628,0.961284
3734,2,22622,0.960311
3734,3,43068,0.960138
3734,4,3325,0.959473
3734,5,2260,0.959218
3734,6,28517,0.957394
3734,7,38641,0.956949
3734,8,17914,0.956638
3734,9,28617,0.955436
3734,10,3315,0.954202
3736,1,22605,0.939029
3736,2,49802,0.937870
3736,3,44622,0.926863
3736,4,41508,0.920797
3736,5,41533,0.914026
3736,6,9436,0.910259
3736,7,49244,0.903903
3736,8,41026,0.901647
3736,9,12439,0.900535
3736,10,19439,0.894120
3750,1,3985,0.990995
3750,2,4791,0.989543
3750,3,3344,0.989198
3750,4,4410,0.988880
3750,5,5828,0.988739
3750,6,5176,0.988683
3750,7,14919,0.988010
3750,8,11780,0.987541
3750,9,3984,0.987414
3750,10,14098,0.987193
3755,1,6683,0.959831
3755,2,30118,0.956409
3755,3,3270,0.956305
3755,4,4052,0.955018
3755,5,3337,0.953111
3755,6,4244,0.951769
3755,7,4381,0.951194
3755,8,19982,0.949495
3755,9,6080,0.949220
3755,10,5177,0.949211
3759,1,10992,0.987165
3759,2,11740,0.980151
3759,3,10681,0.978626
3759,4,24335,0.978518
3759,5,3751,0.978400
3759,6,26283,0.976584
3759,7,5501,0.976337
3759,8,5160,0.976254
3759,9,5095,0.975944
3759,10,10442,0.975813
3771,1,2750,0.959956
3771,2,48078,0.959543
3771,3,33941,0.958987
3771,4,3756,0.956856
3771,5,34347,0.956431
3771,6,6076,0.955991
3771,7,7475,0.955733
3771,8,26710,0.955302
3771,9,38397,0.955257
3771,10,34344,0.954977
3792,1,3794,0.981988
3792,2,3796,0.980598
3792,3,4427,0.980378
3792,4,4539,0.978002
3792,5,4751,0.977240
3792,6,6188,0.976406
3792,7,3709,0.975787
3792,8,7857,0.974107
3792,9,7745,0.974033
3792,10,4760,0.973782
3799,1,12585,0.978516
3799,2,12588,0.972758
3799,3,4311,0.972677
3799,4,12594,0.971070
3799,5,12602,0.969349
3799,6,12601,0.968993
3799,7,4323,0.968274
3799,8,4322,0.967501
3799,9,3745,0.966385
3799,10,12591,0.966383
3816,1,17800,0.877988
3816,2,10674,0.859745
3816,3,31123,0.823487
3816,4,9951,0.814205
3816,5,17806,0.813841
3816,6,4870,0.793331
3816,7,17805,0.790485
3816,8,4907,0.783328
3816,9,10676,0.778700
3816,10,3327,0.773294
3824,1,15868,0.909061
3824,2,3828,0.897710
3824,3,16246,0.897577
3824,4,8603,0.893273
3824,5,15857,0.893090
3824,6,40306,0.891524
3824,7,14305,0.891308
3824,8,10747,0.889038
3824,9,15850,0.887247
3824,10,15864,0.886224
3854,1,3892,0.983453
3854,2,8381,0.980985
3854,3,3851,0.979875
3854,4,8361,0.979679
3854,5,5428,0.979048
3854,6,5418,0.978323
3854,7,8358,0.977714
3854,8,8371,0.977383
3854,9,8382,0.977282
3854,10,37602,0.977229
3867,1,6245,0.968175
3867,2,29022,0.966099
3867,3,32477,0.965348
3867,4,10410,0.964625
3867,5,5859,0.964142
3867,6,42173,0.963658
3867,7,26269,0.961199
3867,8,3889,0.960799
3867,9,42110,0.958980
3867,10,6079,0.958484
3869,1,7000,0.989846
3869,2,19158,0.989711
3869,3,14068,0.988747
3869,4,4084,0.988497
3869,5,10060,0.988449
3869,6,26288,0.988071
3869,7,16436,0.987829
3869,8,14067,0.987595
3869,9,31382,0.987547
3869,10,23171,0.987274
3879,1,4418,0.989401
3879,2,19791,0.986755
3879,3,5790,0.985931
3879,4,22347,0.985085
3879,5,18500,0.984667
3879,6,11740,0.984437
3879,7,16418,0.984213
3879,8,16436,0.984032
3879,9,42175,0.983847
3879,10,18642,0.983732
3894,1,4216,0.980692
3894,2,5415,0.980362
3894,3,9927,0.980187
3894,4,37602,0.979883
3894,5,3895,0.979547
3894,6,37613,0.979192
3894,7,4720,0.979002
3894,8,4212,0.977876
3894,9,8367,0.977211
3894,10,37627,0.976612
3899,1,4907,0.879297
3899,2,4914,0.869644
3899,3,10675,0.830492
3899,4,4920,0.828888
3899,5,4919,0.827838
3899,6,4896,0.827050
3899,7,4918,0.817942
3899,8,10673,0.812966
3899,9,10693,0.806486
3899,10,4904,0.793063
3939,1,10343,0.934777
3939,2,35982,0.931925
3939,3,26866,0.931131
3939,4,7302,0.931100
3939,5,3952,0.926684
3939,6,19014,0.925625
3939,7,8440,0.925506
3939,8,2586,0.924919
3939,9,11658,0.923573
3939,10,19010,0.923158
3967,1,51440,0.863526
3967,2,6094,0.862006
3967,3,40424,0.853240
3967,4,7427,0.847485
3967,5,33751,0.847478
3967,6,7316,0.846099
3967,7,22453,0.845333
3967,8,42202,0.844610
3967,9,40435,0.843356
3967,10,39729,0.843041
3968,1,26878,0.921386
3968,2,34593,0.919216
3968,3,45941,0.918317
3968,4,24854,0.917725
3968,5,37916,0.915049
3968,6,25970,0.915017
3968,7,20002,0.909577
3968,8,7309,0.909095
3968,9,8462,0.907713
3968,10,45947,0.906960
3980,1,18643,0.958500
3980,2,26267,0.957989
3980,3,34207,0.947020
3980,4,10573,0.946246
3980,5,10457,0.944437
3980,6,17496,0.943528
3980,7,24574,0.942884
3980,8,15157,0.942812
3980,9,26268,0.942756
3980,10,16650,0.940784
3986,1,10610,0.976647
3986,2,10829,0.975496
3986,3,5285,0.975320
3986,4,26717,0.974540
3986,5,4400,0.974189
3986,6,12644,0.973540
3986,7,19395,0.973310
3986,8,3761,0.973309
3986,9,3770,0.973262
3986,10,18003,0.972926
3994,1,4061,0.985495
3994,2,7069,0.984444
3994,3,6714,0.983803
3994,4,4084,0.983709
3994,5,4789,0.983046
3994,6,7294,0.982812
3994,7,4250,0.982029
3994,8,3412,0.981633
3994,9,5828,0.981449
3994,10,3206,0.981421
4001,1,20805,0.883309
4001,2,39955,0.880097
4001,3,6117,0.868831
4001,4,13974,0.863549
4001,5,16112,0.862640
4001,6,3632,0.858815
4001,7,19128,0.856883
4001,8,32187,0.851104
4001,9,20946,0.850321
4001,10,33661,0.845729
4012,1,4009,0.964311
4012,2,8426,0.963811
4012,3,8427,0.963512
4012,4,2356,0.959144
4012,5,2354,0.957490
4012,6,4013,0.956462
4012,7,4011,0.955791
4012,8,8422,0.955648
4012,9,1628,0.955633
4012,10,4007,0.955299
4018,1,45866,0.846422
4018,2,6422,0.838311
4018,3,17043,0.835794
4018,4,6432,0.835682
4018,5,3245,0.835405
4018,6,9216,0.834591
4018,7,7729,0.834180
4018,8,4017,0.833820
4018,9,43893,0.832615
4018,10,3246,0.830921
4026,1,37250,0.928490
4026,2,8994,0.925303
4026,3,11841,0.924186
4026,4,11843,0.922496
4026,5,37254,0.921429
4026,6,32757,0.921192
4026,7,18484,0.919533
4026,8,5922,0.918799
4026,9,7779,0.917951
4026,10,13901,0.917010
4030,1,7277,0.973673
4030,2,5160,0.973162
4030,3,18932,0.972714
4030,4,5833,0.972409
4030,5,11456,0.971964
4030,6,5887,0.971775
4030,7,10047,0.970894
4030,8,6216,0.970433
4030,9,18004,0.969941
4030,10,12572,0.969856
4034,1,3426,0.970194
4034,2,3342,0.970187
4034,3,5202,0.970094
4034,4,3432,0.967366
4034,5,3990,0.966907
4034,6,6118,0.966773
4034,7,4036,0.966334
4034,8,4235,0.965387
4034,9,4383,0.965379
4034,10,2835,0.965343
4037,1,32651,0.884265
4037,2,11393,0.876897
4037,3,2491,0.875914
4037,4,7582,0.865367
4037,5,7288,0.862217
4037,6,4244,0.861422
4037,7,34378,0.861360
4037,8,3264,0.861129
4037,9,32454,0.861012
4037,10,1887,0.860902
4056,1,4084,0.988546
4056,2,3870,0.987660
4056,3,4788,0.987352
4056,4,6714,0.987317
4056,5,2865,0.987176
4056,6,3544,0.987117
4056,7,5671,0.986771
4056,8,4061,0.986467
4056,9,3412,0.986145
4056,10,5197,0.985671
4081,1,6571,0.983140
4081,2,3987,0.982957
4081,3,6939,0.982600
4081,4,5671,0.982549
4081,5,7281,0.982464
4081,6,6583,0.981749
4081,7,24143,0.981271
4081,8,10836,0.980597
4081,9,4238,0.980511
4081,10,4789,0.980471
4089,1,44338,0.938601
4089,2,31247,0.936146
4089,3,15199,0.935930
4089,4,6698,0.934135
4089,5,15163,0.929673
4089,6,25539,0.926320
4089,7,34206,0.920196
4089,8,14715,0.920025
4089,9,11043,0.919006
4089,10,34219,0.917049
4108,1,22895,0.963917
4108,2,22894,0.963745
4108,3,9101,0.962377
4108,4,22888,0.961623
4108,5,22890,0.960898
4108,6,10283,0.960747
4108,7,9102,0.956802
4108,8,23502,0.955595
4108,9,4112,0.954381
4108,10,22891,0.953979
4110,1,28323,0.973315
4110,2,4109,0.972204
4110,3,4112,0.971201
4110,4,7370,0.970464
4110,5,11980,0.970042
4110,6,3627,0.968283
4110,7,11977,0.967605
4110,8,41074,0.964559
4110,9,13909,0.963781
4110,10,46094,0.963746
4119,1,20873,0.923778
4119,2,3798,0.918449
4119,3,8996,0.914229
4119,4,23093,0.914133
4119,5,1727,0.912014
4119,6,9216,0.905857
4119,7,43893,0.905506
4119,8,7729,0.904210
4119,9,19053,0.903655
4119,10,17981,0.902626
4120,1,3596,0.925343
4120,2,22252,0.923519
4120,3,11825,0.915761
4120,4,3590,0.913476
4120,5,3609,0.912217
4120,6,10158,0.906881
4120,7,25404,0.902580
4120,8,4443,0.901809
4120,9,6432,0.901687
4120,10,7048,0.900184
4122,1,3596,0.930742
4122,2,6434,0.926689
4122,3,4436,0.920430
4122,4,22252,0.918971
4122,5,3590,0.917524
4122,6,4131,0.915636
4122,7,6433,0.912276
4122,8,10158,0.911390
4122,9,7048,0.910558
4122,10,25404,0.910157
4129,1,3604,0.978280
4129,2,6425,0.975821
4129,3,6428,0.974435
4129,4,20897,0.974239
4129,5,7729,0.974052
4129,6,24666,0.973313
4129,7,6431,0.973185
4129,8,24627,0.972262
4129,9,6422,0.972167
4129,10,24302,0.970821
4133,1,12973,0.986341
4133,2,5322,0.980384
4133,3,23847,0.979090
4133,4,1784,0.976707
4133,5,3457,0.976013
4133,6,14333,0.975839
4133,7,8088,0.974558
4133,8,13650,0.973443
4133,9,28659,0.973425
4133,10,6621,0.973167
4135,1,12984,0.928625
4135,2,7807,0.909101
4135,3,5429,0.907187
4135,4,23804,0.899870
4135,5,5467,0.898473
4135,6,3496,0.897799
4135,7,1833,0.895058
4135,8,18400,0.893048
4135,9,25488,0.891585
4135,10,15408,0.890527
4145,1,1542,0.967888
4145,2,13215,0.967382
4145,3,5590,0.966806
4145,4,9112,0.966693
4145,5,20874,0.966689
4145,6,3372,0.965104
4145,7,4048,0.964599
4145,8,5459,0.964440
4145,9,8299,0.963323
4145,10,5620,0.963119
4146,1,10110,0.984075
4146,2,4175,0.983094
4146,3,41824,0.981437
4146,4,4530,0.980659
4146,5,13727,0.980252
4146,6,5569,0.978959
4146,7,44228,0.978631
4146,8,42996,0.978457
4146,9,5895,0.977908
4146,10,8071,0.977905
4149,1,9112,0.963728
4149,2,3372,0.957391
4149,3,25458,0.954817
4149,4,8299,0.954528
4149,5,5538,0.952805
4149,6,15299,0.950588
4149,7,3302,0.950495
4149,8,13896,0.950030
4149,9,20874,0.949199
4149,10,12708,0.947652
4153,1,5045,0.950635
4153,2,19351,0.937947
4153,3,5578,0.933493
4153,4,7246,0.925190
4153,5,44777,0.922757
4153,6,3556,0.921480
4153,7,25440,0.919889
4153,8,40473,0.919744
4153,9,39639,0.918865
4153,10,3560,0.918499
4164,1,15891,0.756786
4164,2,40303,0.723838
4164,3,15857,0.723238
4164,4,15858,0.720765
4164,5,40284,0.717126
4164,6,40312,0.715567
4164,7,15851,0.711326
4164,8,6142,0.710292
4164,9,40287,0.707375
4164,10,8634,0.705716
4173,1,24721,0.917918
4173,2,4520,0.915904
4173,3,4473,0.903670
4173,4,4479,0.901659
4173,5,8084,0.892257
4173,6,24420,0.891204
4173,7,22734,0.883926
4173,8,5459,0.876550
4173,9,5476,0.873894
4173,10,13198,0.870730
4191,1,46731,0.974819
4191,2,48258,0.955308
4191,3,15577,0.948389
4191,4,38493,0.948076
4191,5,10664,0.945977
4191,6,33262,0.944716
4191,7,35881,0.941935
4191,8,31107,0.941223
4191,9,41752,0.940176
4191,10,24909,0.939123
4206,1,31149,0.981072
4206,2,8332,0.980743
4206,3,4219,0.980160
4206,4,38986,0.978606
4206,5,4727,0.978301
4206,6,4203,0.978154
4206,7,35891,0.977975
4206,8,41751,0.977592
4206,9,35460,0.977548
4206,10,36004,0.977008
4222,1,4235,0.970646
4222,2,5177,0.968499
4222,3,3271,0.968407
4222,4,6118,0.967520
4222,5,14919,0.967268
4222,6,3429,0.967208
4222,7,3426,0.966180
4222,8,7277,0.966065
4222,9,6102,0.963931
4222,10,5527,0.963396
4225,1,16914,0.983570
4225,2,11456,0.982459
4225,3,3344,0.982412
4225,4,14919,0.981851
4225,5,5664,0.979613
4225,6,5833,0.979531
4225,7,5160,0.979184
4225,8,4231,0.978911
4225,9,13496,0.978359
4225,10,7277,0.978345
4234,1,4084,0.988609
4234,2,3983,0.987589
4234,3,5500,0.987479
4234,4,3719,0.986993
4234,5,2865,0.986364
4234,6,27356,0.985612
4234,7,6714,0.985508
4234,8,3105,0.985400
4234,9,2841,0.985365
4234,10,2835,0.985053
4247,1,12615,0.972549
4247,2,33079,0.972147
4247,3,26729,0.970860
4247,4,10471,0.969198
4247,5,27360,0.969187
4247,6,35277,0.967389
4247,7,4228,0.966859
4247,8,4245,0.966804
4247,9,4366,0.966356
4247,10,34413,0.965833
4252,1,4223,0.988643
4252,2,4791,0.988509
4252,3,14919,0.987908
4252,4,3344,0.986613
4252,5,14098,0.986574
4252,6,24583,0.986530
4252,7,3105,0.986263
4252,8,4084,0.986242
4252,9,3985,0.986063
4252,10,2835,0.985882
4254,1,19993,0.979456
4254,2,16324,0.978671
4254,3,31283,0.978540
4254,4,18631,0.976737
4254,5,4033,0.976022
4254,6,31274,0.975600
4254,7,19991,0.975580
4254,8,10066,0.975542
4254,9,5204,0.974746
4254,10,16502,0.974080
4261,1,5849,0.936320
4261,2,7437,0.933945
4261,3,4804,0.931957
4261,4,6988,0.930897
4261,5,4378,0.927688
4261,6,6765,0.927329
4261,7,4400,0.927252
4261,8,14097,0.926929
4261,9,6177,0.926776
4261,10,5748,0.925333
4281,1,12856,0.980024
4281,2,37973,0.979947
4281,3,9030,0.976322
4281,4,20836,0.976148
4281,5,9031,0.975940
4281,6,7331,0.975745
4281,7,5706,0.975543
4281,8,13124,0.974924
4281,9,40448,0.974654
4281,10,24691,0.974284
4282,1,41784,0.895916
4282,2,38835,0.891036
4282,3,23051,0.889382
4282,4,34567,0.887407
4282,5,26935,0.886297
4282,6,34578,0.886091
4282,7,7306,0.884681
4282,8,4984,0.883565
4282,9,39724,0.881801
4282,10,18758,0.880691
4283,1,4272,0.992754
4283,2,4284,0.992458
4283,3,47187,0.991811
4283,4,50739,0.989525
4283,5,35475,0.989452
4283,6,7881,0.989229
4283,7,44429,0.988799
4283,8,50744,0.988462
4283,9,45574,0.988343
4283,10,39213,0.987881
4303,1,12602,0.992195
4303,2,12584,0.990970
4303,3,4320,0.990903
4303,4,3741,0.989755
4303,5,4310,0.989657
4303,6,12583,0.989586
4303,7,3743,0.988852
4303,8,4312,0.988473
4303,9,12599,0.987632
4303,10,4302,0.986962
4315,1,12585,0.965489
4315,2,4311,0.960223
4315,3,12588,0.953825
4315,4,10662,0.951487
4315,5,4305,0.947131
4315,6,12600,0.946736
4315,7,12594,0.946429
4315,8,3746,0.944691
4315,9,12598,0.944353
4315,10,4323,0.943734
4318,1,4329,0.996378
4318,2,3741,0.994203
4318,3,4324,0.990748
4318,4,4312,0.990111
4318,5,4302,0.988099
4318,6,3743,0.986878
4318,7,4320,0.985342
4318,8,4310,0.983274
4318,9,4316,0.982700
4318,10,12584,0.982148
4331,1,4329,0.997629
4331,2,3741,0.996515
4331,3,3743,0.995813
4331,4,4312,0.994452
4331,5,4302,0.992675
4331,6,4324,0.991274
4331,7,4310,0.989477
4331,8,4320,0.987270
4331,9,12584,0.986093
4331,10,4307,0.985758
4339,1,5749,0.953294
4339,2,1784,0.950089
4339,3,4345,0.948910
4339,4,5042,0.948731
4339,5,5734,0.947632
4339,6,5242,0.947397
4339,7,8073,0.946882
4339,8,36463,0.946811
4339,9,43242,0.946508
4339,10,39889,0.945907
4342,1,7713,0.942668
4342,2,24253,0.937009
4342,3,9381,0.936559
4342,4,9203,0.936128
4342,5,12972,0.934298
4342,6,13167,0.931022
4342,7,7586,0.930340
4342,8,4551,0.929542
4342,9,3669,0.928452
4342,10,24255,0.927375
4346,1,5709,0.907930
4346,2,5781,0.903045
4346,3,24769,0.897074
4346,4,37998,0.896830
4346,5,15519,0.890840
4346,6,35667,0.889545
4346,7,5605,0.887686
4346,8,6418,0.887453
4346,9,22962,0.886299
4346,10,19122,0.886190
4358,1,16488,0.981675
4358,2,7297,0.980893
4358,3,7948,0.979113
4358,4,5192,0.978901
4358,5,44854,0.978673
4358,6,5180,0.978199
4358,7,10996,0.977690
4358,8,7666,0.977503
4358,9,5827,0.977329
4358,10,13953,0.977211
4373,1,3753,0.977957
4373,2,27369,0.974375
4373,3,5213,0.973545
4373,4,34338,0.972440
4373,5,6235,0.971852
4373,6,44929,0.971133
4373,7,6118,0.970683
4373,8,12622,0.970654
4373,9,8269,0.970012
4373,10,13497,0.969725
4379,1,3861,0.987378
4379,2,7000,0.987077
4379,3,4540,0.987003
4379,4,5830,0.986260
4379,5,3017,0.986182
4379,6,31251,0.986152
4379,7,6714,0.986148
4379,8,7979,0.986031
4379,9,16205,0.985047
4379,10,4084,0.984935
4393,1,5192,0.961301
4393,2,5887,0.961024
4393,3,4397,0.960485
4393,4,5198,0.958787
4393,5,4243,0.958767
4393,6,32924,0.958097
4393,7,4534,0.957531
4393,8,5160,0.957406
4393,9,5664,0.956578
4393,10,4197,0.956568
4404,1,10459,0.975949
4404,2,27370,0.975603
4404,3,7292,0.975499
4404,4,7287,0.974497
4404,5,27368,0.974143
4404,6,4791,0.974073
4404,7,3525,0.973792
4404,8,2860,0.973684
4404,9,5213,0.973364
4404,10,3105,0.973202
4408,1,29015,0.984415
4408,2,28925,0.984244
4408,3,32972,0.982799
4408,4,5196,0.981439
4408,5,34358,0.980462
4408,6,3985,0.979717
4408,7,10827,0.979659
4408,8,13496,0.979485
4408,9,32919,0.979381
4408,10,3859,0.979342
4412,1,3753,0.983460
4412,2,30550,0.982422
4412,3,13497,0.980977
4412,4,3859,0.980723
4412,5,26715,0.980497
4412,6,35971,0.980238
4412,7,13496,0.979492
4412,8,9722,0.979262
4412,9,28925,0.979231
4412,10,34338,0.979137
4462,1,4461,0.985420
4462,2,12809,0.980105
4462,3,23149,0.978195
4462,4,15601,0.976299
4462,5,38156,0.975545
4462,6,14310,0.975238
4462,7,14309,0.974850
4462,8,19339,0.974743
4462,9,15321,0.974512
4462,10,15966,0.973178
4467,1,18536,0.809347
4467,2,18602,0.790249
4467,3,15400,0.787153
4467,4,39637,0.784521
4467,5,39636,0.778663
4467,6,39638,0.777674
4467,7,17410,0.774479
4467,8,39667,0.771951
4467,9,26593,0.770992
4467,10,13898,0.768686
4510,1,46084,0.984877
4510,2,31976,0.984302
4510,3,46334,0.983767
4510,4,4563,0.983109
4510,5,10110,0.983040
4510,6,41824,0.981974
4510,7,42996,0.981050
4510,8,26615,0.980964
4510,9,3162,0.980849
4510,10,13163,0.980738
4525,1,10088,0.966703
4525,2,6961,0.961420
4525,3,5240,0.960427
4525,4,46328,0.960288
4525,5,25422,0.959417
4525,6,23843,0.959228
4525,7,3460,0.959026
4525,8,1828,0.958852
4525,9,25582,0.958224
4525,10,5728,0.957046
4527,1,3241,0.875858
4527,2,24418,0.870361
4527,3,38525,0.868315
4527,4,13064,0.867217
4527,5,3238,0.863650
4527,6,13071,0.863137
4527,7,13072,0.861757
4527,8,21569,0.860287
4527,9,34642,0.859138
4527,10,6380,0.857730
4528,1,24721,0.914575
4528,2,5472,0.869229
4528,3,10080,0.868194
4528,4,13198,0.867965
4528,5,3302,0.867465
4528,6,39635,0.867108
4528,7,20874,0.866454
4528,8,11930,0.863893
4528,9,24420,0.863664
4528,10,5459,0.862735
4533,1,26666,0.923156
4533,2,18407,0.916639
4533,3,15256,0.914628
4533,4,7717,0.913771
4533,5,15267,0.911869
4533,6,29233,0.909318
4533,7,39593,0.907529
4533,8,14283,0.905460
4533,9,7726,0.904468
4533,10,22714,0.904419
4542,1,6372,0.899889
4542,2,4627,0.896760
4542,3,26691,0.893699
4542,4,45866,0.892195
4542,5,40791,0.891607
4542,6,24423,0.887829
4542,7,5898,0.887319
4542,8,2503,0.886343
4542,9,4023,0.882553
4542,10,3252,0.882354
4568,1,42131,0.947822
4568,2,29268,0.943228
4568,3,7604,0.941546
4568,4,29253,0.941494
4568,5,29256,0.940613
4568,6,7592,0.939785
4568,7,13923,0.939208
4568,8,4569,0.938554
4568,9,24699,0.938187
4568,10,4560,0.937313
4602,1,38963,0.800452
4602,2,7780,0.799554
4602,3,13493,0.790388
4602,4,38962,0.788592
4602,5,7113,0.782711
4602,6,4601,0.781174
4602,7,5256,0.778205
4602,8,38964,0.776039
4602,9,19913,0.774745
4602,10,8262,0.727805
4612,1,17640,0.654587
4612,2,17642,0.651972
4612,3,42831,0.650621
4612,4,17641,0.628088
4612,5,44662,0.617345
4612,6,31280,0.548479
4612,7,6845,0.517515
4612,8,3975,0.514705
4612,9,6842,0.512570
4612,10,19592,0.488925
4613,1,14896,0.672756
4613,2,33428,0.665007
4613,3,3405,0.648197
4613,4,27722,0.644938
4613,5,8237,0.643599
4613,6,25149,0.642190
4613,7,21509,0.640805
4613,8,25720,0.640724
4613,9,16764,0.639471
4613,10,25171,0.639029
4619,1,6246,0.967515
4619,2,9789,0.958491
4619,3,16828,0.957321
4619,4,11662,0.956023
4619,5,7150,0.955962
4619,6,22217,0.955553
4619,7,11668,0.954819
4619,8,10076,0.954648
4619,9,9818,0.954598
4619,10,11665,0.954471
4628,1,33648,0.975342
4628,2,6822,0.969651
4628,3,28323,0.969054
4628,4,46094,0.966119
4628,5,5296,0.965630
4628,6,16969,0.965617
4628,7,36687,0.962848
4628,8,34512,0.962771
4628,9,13909,0.962191
4628,10,2224,0.962035
4635,1,9213,0.959779
4635,2,24253,0.951101
4635,3,15249,0.943616
4635,4,22543,0.941545
4635,5,41439,0.938841
4635,6,3674,0.938398
4635,7,36439,0.938331
4635,8,12984,0.937170
4635,9,5579,0.936824
4635,10,7586,0.935203
4642,1,4552,0.976169
4642,2,4175,0.973146
4642,3,6833,0.973064
4642,4,8532,0.972875
4642,5,12712,0.972716
4642,6,9115,0.971704
4642,7,41841,0.971256
4642,8,4639,0.971161
4642,9,4645,0.970288
4642,10,8074,0.970063
4650,1,4109,0.961429
4650,2,5608,0.959560
4650,3,4105,0.954814
4650,4,28323,0.954669
4650,5,5611,0.954634
4650,6,17974,0.954046
4650,7,13909,0.953628
4650,8,4112,0.953172
4650,9,2235,0.953110
4650,10,5615,0.952559
4688,1,17984,0.957038
4688,2,4669,0.953431
4688,3,5255,0.953302
4688,4,6514,0.953239
4688,5,4673,0.951915
4688,6,4681,0.951095
4688,7,4671,0.950701
4688,8,4585,0.950329
4688,9,15925,0.950113
4688,10,9527,0.949714
4701,1,45249,0.900776
4701,2,45242,0.887168
4701,3,28585,0.886426
4701,4,10327,0.883873
4701,5,51559,0.881295
4701,6,49321,0.864839
4701,7,8117,0.855193
4701,8,45157,0.854496
4701,9,22920,0.848885
4701,10,21672,0.845091
4704,1,37485,0.949928
4704,2,37484,0.935439
4704,3,16778,0.933569
4704,4,21709,0.931726
4704,5,16782,0.929669
4704,6,25647,0.929334
4704,7,4703,0.928412
4704,8,25648,0.923550
4704,9,16781,0.921843
4704,10,17449,0.920827
4706,1,4711,0.933255
4706,2,49859,0.925204
4706,3,4694,0.924682
4706,4,4690,0.923236
4706,5,4707,0.921031
4706,6,4692,0.921017
4706,7,4709,0.920699
4706,8,17449,0.920479
4706,9,22944,0.920414
4706,10,49858,0.918834
4713,1,10327,0.926356
4713,2,21680,0.920831
4713,3,23519,0.918451
4713,4,21672,0.917932
4713,5,25649,0.913467
4713,6,45896,0.911639
4713,7,51561,0.909146
4713,8,43185,0.908007
4713,9,10588,0.904869
4713,10,45249,0.904535
4715,1,13839,0.980189
4715,2,4714,0.979446
4715,3,4694,0.975613
4715,4,25648,0.975440
4715,5,4690,0.975101
4715,6,32372,0.973911
4715,7,4702,0.973436
4715,8,4716,0.972151
4715,9,16771,0.971546
4715,10,4665,0.971055
4719,1,4215,0.994141
4719,2,36727,0.922532
4719,3,36729,0.906839
4719,4,38287,0.905359
4719,5,38332,0.904972
4719,6,39010,0.897626
4719,7,38326,0.897572
4719,8,38288,0.896019
4719,9,38331,0.895010
4719,10,5009,0.891354
4725,1,4199,0.999643
4725,2,4219,0.990286
4725,3,41751,0.987374
4725,4,4200,0.986904
4725,5,36321,0.986776
4725,6,35891,0.986515
4725,7,4730,0.986359
4725,8,36718,0.986173
4725,9,41752,0.985565
4725,10,31152,0.985496
4735,1,24820,0.965079
4735,2,13537,0.962068
4735,3,43480,0.961911
4735,4,12519,0.961684
4735,5,7377,0.961178
4735,6,43473,0.957682
4735,7,17693,0.957623
4735,8,35683,0.957292
4735,9,39247,0.957255
4735,10,39975,0.957193
4737,1,4738,0.971531
4737,2,6406,0.961689
4737,3,6409,0.936372
4737,4,15259,0.922324
4737,5,23878,0.921995
4737,6,11957,0.921777
4737,7,17826,0.921445
4737,8,13195,0.920341
4737,9,5940,0.919631
4737,10,5340,0.918256
4742,1,23917,0.930624
4742,2,9209,0.930594
4742,3,24072,0.928952
4742,4,13726,0.927947
4742,5,46087,0.927045
4742,6,6435,0.924579
4742,7,17712,0.924520
4742,8,33765,0.923226
4742,9,21471,0.923134
4742,10,15257,0.921800
4743,1,4443,0.912816
4743,2,4436,0.896928
4743,3,6363,0.891926
4743,4,47239,0.884656
4743,5,5924,0.876872
4743,6,3609,0.867447
4743,7,24669,0.863090
4743,8,6431,0.863062
4743,9,13927,0.856417
4743,10,26658,0.856056
4753,1,34206,0.971997
4753,2,13420,0.971001
4753,3,40036,0.968150
4753,4,34231,0.967007
4753,5,4746,0.966359
4753,6,13792,0.965995
4753,7,26265,0.965193
4753,8,13151,0.963360
4753,9,4420,0.961741
4753,10,9310,0.961684
4765,1,5178,0.989072
4765,2,7287,0.987394
4765,3,3426,0.986683
4765,4,3525,0.986496
4765,5,5833,0.986357
4765,6,14098,0.986051
4765,7,5196,0.985357
4765,8,7292,0.985295
4765,9,3884,0.985037
4765,10,18990,0.984998
4805,1,4794,0.976307
4805,2,3770,0.976242
4805,3,10829,0.975343
4805,4,13157,0.974489
4805,5,12644,0.974250
4805,6,4766,0.973285
4805,7,13436,0.973145
4805,8,4759,0.972705
4805,9,23873,0.972630
4805,10,9858,0.972403
4826,1,4827,0.994654
4826,2,8020,0.993404
4826,3,4829,0.993293
4826,4,2105,0.992390
4826,5,9967,0.991461
4826,6,2255,0.991014
4826,7,8022,0.990881
4826,8,21381,0.990761
4826,9,4831,0.990469
4826,10,4830,0.990382
4849,1,4770,0.898502
4849,2,20371,0.832803
4849,3,8758,0.831372
4849,4,43075,0.821010
4849,5,4773,0.817616
4849,6,28461,0.812261
4849,7,32632,0.808993
4849,8,7492,0.807902
4849,9,2954,0.807597
4849,10,21593,0.806479
4857,1,12790,0.946428
4857,2,38610,0.945958
4857,3,2615,0.942201
4857,4,5547,0.942071
4857,5,46811,0.941673
4857,6,4867,0.941416
4857,7,38602,0.940566
4857,8,15615,0.940406
4857,9,28539,0.939819
4857,10,28524,0.938881
4862,1,5829,0.943059
4862,2,3860,0.938137
4862,3,42108,0.937694
4862,4,6498,0.934734
4862,5,5799,0.934296
4862,6,18989,0.934266
4862,7,4296,0.933113
4862,8,5887,0.932741
4862,9,4197,0.930120
4862,10,15469,0.929917
4892,1,4914,0.874062
4892,2,17617,0.867949
4892,3,10675,0.863578
4892,4,4896,0.845769
4892,5,4919,0.833167
4892,6,4920,0.831202
4892,7,13335,0.821951
4892,8,4907,0.819572
4892,9,33152,0.818687
4892,10,17608,0.809364
4900,1,4886,0.939545
4900,2,13294,0.913329
4900,3,9998,0.901986
4900,4,4905,0.897646
4900,5,4912,0.886970
4900,6,4913,0.882824
4900,7,12831,0.867503
4900,8,4910,0.867162
4900,9,4908,0.846805
4900,10,4909,0.846574
4917,1,4918,0.998233
4917,2,10677,0.917167
4917,3,4904,0.904552
4917,4,10678,0.896141
4917,5,4907,0.888404
4917,6,4920,0.871504
4917,7,4919,0.869538
4917,8,4910,0.869366
4917,9,4916,0.865840
4917,10,4915,0.855767
4943,1,4937,0.610642
4943,2,41759,0.596304
4943,3,31124,0.582072
4943,4,36745,0.581100
4943,5,41302,0.579764
4943,6,31126,0.579624
4943,7,18168,0.577342
4943,8,30725,0.574168
4943,9,31129,0.571755
4943,10,40127,0.570699
4964,1,4963,0.947554
4964,2,48448,0.689076
4964,3,38559,0.675339
4964,4,11393,0.670371
4964,5,30320,0.667619
4964,6,45972,0.662496
4964,7,48064,0.660685
4964,8,43085,0.659630
4964,9,32454,0.656112
4964,10,3327,0.655750
4966,1,4929,0.808295
4966,2,30925,0.801331
4966,3,40428,0.794833
4966,4,18713,0.792590
4966,5,26364,0.790448
4966,6,41152,0.788160
4966,7,32251,0.786892
4966,8,8499,0.786371
4966,9,49636,0.785019
4966,10,32252,0.784071
4971,1,5022,0.952988
4971,2,13315,0.948279
4971,3,27211,0.945008
4971,4,13313,0.942263
4971,5,35439,0.939517
4971,6,37221,0.939410
4971,7,31100,0.938890
4971,8,41304,0.937442
4971,9,13333,0.936391
4971,10,31099,0.935611
4982,1,40972,0.959780
4982,2,40159,0.958713
4982,3,24946,0.957486
4982,4,41756,0.956568
4982,5,41973,0.954685
4982,6,34152,0.954356
4982,7,4193,0.953950
4982,8,41757,0.953855
4982,9,25520,0.953565
4982,10,38286,0.953506
4995,1,1828,0.977986
4995,2,6961,0.975983
4995,3,5536,0.975747
4995,4,10088,0.973449
4995,5,6622,0.973297
4995,6,15285,0.970345
4995,7,33822,0.969515
4995,8,6680,0.968531
4995,9,5619,0.968259
4995,10,6631,0.966570
5005,1,40433,0.870018
5005,2,13514,0.869352
5005,3,13263,0.868778
5005,4,27231,0.866052
5005,5,34148,0.865429
5005,6,14630,0.864865
5005,7,10652,0.864331
5005,8,13304,0.862911
5005,9,9995,0.861802
5005,10,6532,0.861551
5007,1,31168,0.933448
5007,2,41302,0.930052
5007,3,18174,0.929576
5007,4,37266,0.929129
5007,5,2708,0.927795
5007,6,37267,0.926803
5007,7,29166,0.925815
5007,8,36749,0.923744
5007,9,31129,0.923736
5007,10,31167,0.923127
5013,1,4918,0.929118
5013,2,4904,0.908622
5013,3,4907,0.856598
5013,4,10678,0.855194
5013,5,4916,0.846602
5013,6,10677,0.844194
5013,7,4915,0.837278
5013,8,10676,0.828980
5013,9,4962,0.828413
5013,10,17808,0.817941
5019,1,47329,0.672941
5019,2,47330,0.669119
5019,3,48130,0.663107
5019,4,42867,0.654861
5019,5,37003,0.646177
5019,6,48328,0.644126
5019,7,39917,0.638673
5019,8,49568,0.638638
5019,9,8239,0.636344
5019,10,24736,0.635565
5020,1,13320,0.933925
5020,2,27212,0.918859
5020,3,13216,0.917502
5020,4,10649,0.916513
5020,5,13311,0.909878
5020,6,10650,0.901580
5020,7,27209,0.898174
5020,8,5023,0.897531
5020,9,5430,0.893668
5020,10,5431,0.893392
5037,1,17414,0.962883
5037,2,3654,0.949164
5037,3,25453,0.946889
5037,4,3186,0.943897
5037,5,39666,0.940815
5037,6,39673,0.940218
5037,7,12974,0.939930
5037,8,44752,0.939778
5037,9,6756,0.937100
5037,10,39672,0.935472
5038,1,19309,0.951690
5038,2,20875,0.942844
5038,3,25489,0.941736
5038,4,12984,0.933754
5038,5,4506,0.930711
5038,6,23804,0.927290
5038,7,1832,0.927202
5038,8,24213,0.925229
5038,9,3302,0.924574
5038,10,2963,0.924244
5049,1,7046,0.953512
5049,2,22096,0.948269
5049,3,44758,0.946459
5049,4,2965,0.946008
5049,5,38533,0.940956
5049,6,15286,0.939167
5049,7,39641,0.938497
5049,8,39686,0.937306
5049,9,44493,0.936985
5049,10,34746,0.936294
5052,1,11819,0.960145
5052,2,24627,0.958091
5052,3,7048,0.955685
5052,4,25404,0.955682
5052,5,3246,0.955183
5052,6,3790,0.953374
5052,7,6422,0.953083
5052,8,3606,0.953046
5052,9,19771,0.952719
5052,10,3595,0.952603
5094,1,4380,0.959623
5094,2,16899,0.959246
5094,3,12568,0.959125
5094,4,11395,0.957455
5094,5,3477,0.956023
5094,6,2030,0.954578
5094,7,10681,0.953158
5094,8,31263,0.952938
5094,9,34243,0.952883
5094,10,16493,0.952524
5104,1,15521,0.953335
5104,2,11851,0.944022
5104,3,11847,0.938917
5104,4,30249,0.934728
5104,5,15738,0.933864
5104,6,32513,0.933670
5104,7,17494,0.933163
5104,8,5477,0.931860
5104,9,5605,0.930477
5104,10,44517,0.930007
5113,1,18719,0.900909
5113,2,11758,0.893313
5113,3,20005,0.887136
5113,4,26864,0.883353
5113,5,19602,0.877105
5113,6,10514,0.876865
5113,7,19575,0.874156
5113,8,11380,0.873454
5113,9,6597,0.871675
5113,10,25969,0.871659
5140,1,6104,0.955437
5140,2,5144,0.952312
5140,3,43324,0.948341
5140,4,19556,0.947750
5140,5,4581,0.944712
5140,6,44812,0.942890
5140,7,6089,0.942202
5140,8,43320,0.942130
5140,9,11025,0.941993
5140,10,10070,0.941565
5143,1,5146,0.981016
5143,2,12495,0.976944
5143,3,5144,0.975970
5143,4,9336,0.975873
5143,5,5156,0.975696
5143,6,5172,0.974661
5143,7,10340,0.974120
5143,8,10070,0.973071
5143,9,3724,0.972904
5143,10,16824,0.972832
5166,1,3762,0.928145
5166,2,5167,0.923552
5166,3,3784,0.920057
5166,4,6294,0.919507
5166,5,19745,0.918667
5166,6,5831,0.918588
5166,7,10576,0.918559
5166,8,6476,0.918239
5166,9,3101,0.917489
5166,10,8288,0.917319
5171,1,16147,0.970079
5171,2,30143,0.960884
5171,3,16145,0.958003
5171,4,16142,0.957858
5171,5,8445,0.957580
5171,6,16141,0.956174
5171,7,8461,0.955286
5171,8,35266,0.954770
5171,9,26362,0.954350
5171,10,16135,0.954046
5188,1,14061,0.986688
5188,2,3429,0.983988
5188,3,6582,0.983492
5188,4,5176,0.982439
5188,5,10880,0.982335
5188,6,14098,0.982055
5188,7,5185,0.981839
5188,8,14919,0.981472
5188,9,24042,0.980942
5188,10,15194,0.980875
5189,1,5180,0.969703
5189,2,5185,0.968824
5189,3,14648,0.967535
5189,4,7766,0.967280
5189,5,13462,0.966834
5189,6,7647,0.966763
5189,7,5184,0.965795
5189,8,5800,0.965527
5189,9,19572,0.965420
5189,10,5793,0.965396
5215,1,17798,0.639662
5215,2,2695,0.621372
5215,3,13226,0.607003
5215,4,34091,0.605600
5215,5,32173,0.604964
5215,6,4897,0.604010
5215,7,34683,0.601807
5215,8,4882,0.600205
5215,9,35895,0.598423
5215,10,32172,0.596349
5226,1,8237,0.800356
5226,2,20967,0.796771
5226,3,10208,0.790322
5226,4,37001,0.788805
5226,5,27726,0.787926
5226,6,42883,0.787146
5226,7,22564,0.783601
5226,8,38437,0.782403
5226,9,10227,0.780729
5226,10,21942,0.780101
5248,1,17841,0.962076
5248,2,4530,0.961951
5248,3,4511,0.961485
5248,4,10110,0.960800
5248,5,15304,0.960527
5248,6,4175,0.960492
5248,7,26702,0.959856
5248,8,38656,0.958790
5248,9,36226,0.958429
5248,10,4475,0.956891
5251,1,21264,0.978488
5251,2,17983,0.977753
5251,3,22681,0.977637
5251,4,37685,0.977364
5251,5,41848,0.977111
5251,6,25866,0.974343
5251,7,37683,0.973788
5251,8,17986,0.973750
5251,9,37694,0.972914
5251,10,21263,0.972820
5287,1,39305,0.957182
5287,2,21728,0.953139
5287,3,10279,0.952651
5287,4,4181,0.949305
5287,5,50279,0.948517
5287,6,24719,0.947701
5287,7,7365,0.946553
5287,8,10278,0.945379
5287,9,2369,0.944707
5287,10,13132,0.944702
5300,1,5299,0.932322
5300,2,7117,0.926426
5300,3,37263,0.923338
5300,4,32862,0.923021
5300,5,6539,0.922453
5300,6,30195,0.922145
5300,7,4673,0.921055
5300,8,21193,0.920339
5300,9,19921,0.918410
5300,10,19318,0.918207
5356,1,10095,0.943254
5356,2,6669,0.941680
5356,3,26599,0.941556
5356,4,26620,0.940632
5356,5,29264,0.939662
5356,6,44763,0.939453
5356,7,12956,0.939267
5356,8,23885,0.938517
5356,9,23852,0.938313
5356,10,10092,0.938178
5366,1,27253,0.943898
5366,2,24452,0.943512
5366,3,10092,0.941602
5366,4,22978,0.940744
5366,5,26703,0.940354
5366,6,34835,0.939812
5366,7,5468,0.939627
5366,8,26602,0.938872
5366,9,15709,0.937812
5366,10,19307,0.937252
5371,1,3677,0.907697
5371,2,31554,0.903559
5371,3,44639,0.897691
5371,4,5382,0.895059
5371,5,9407,0.893089
5371,6,3668,0.892877
5371,7,44640,0.892744
5371,8,17745,0.889421
5371,9,44407,0.888789
5371,10,39673,0.888497
5372,1,5292,0.929241
5372,2,6816,0.916175
5372,3,5688,0.913675
5372,4,13121,0.910419
5372,5,5685,0.907469
5372,6,5683,0.898679
5372,7,22827,0.898305
5372,8,22845,0.895748
5372,9,22164,0.892424
5372,10,12987,0.892213
5409,1,5386,0.727895
5409,2,6149,0.720266
5409,3,9117,0.704726
5409,4,9109,0.693069
5409,5,32729,0.691582
5409,6,5363,0.668752
5409,7,4480,0.665950
5409,8,31683,0.664961
5409,9,5408,0.662643
5409,10,12992,0.658368
5413,1,10662,0.907755
5413,2,3746,0.891407
5413,3,12595,0.860628
5413,4,12585,0.849338
5413,5,10683,0.844180
5413,6,5423,0.842123
5413,7,4967,0.839035
5413,8,12843,0.830288
5413,9,12588,0.829795
5413,10,4311,0.826683
5421,1,41752,0.971468
5421,2,15577,0.964339
5421,3,15575,0.964310
5421,4,10664,0.964175
5421,5,15576,0.963390
5421,6,33262,0.962908
5421,7,5422,0.962639
5421,8,4730,0.961840
5421,9,36718,0.961504
5421,10,43692,0.961220
5437,1,28534,0.989842
5437,2,44221,0.987440
5437,3,17918,0.983426
5437,4,44225,0.982559
5437,5,43055,0.980045
5437,6,7561,0.979418
5437,7,30618,0.979147
5437,8,22597,0.978729
5437,9,38599,0.978105
5437,10,9974,0.978045
5442,1,38559,0.815532
5442,2,48447,0.808753
5442,3,34378,0.804914
5442,4,48456,0.792976
5442,5,7503,0.792368
5442,6,22583,0.789195
5442,7,5279,0.787169
5442,8,11405,0.787120
5442,9,48415,0.785868
5442,10,30620,0.785643
5451,1,25024,0.974405
5451,2,32621,0.971843
5451,3,38568,0.971506
5451,4,5450,0.970457
5451,5,7557,0.969737
5451,6,22797,0.966555
5451,7,42105,0.966518
5451,8,32431,0.964279
5451,9,18867,0.964165
5451,10,30596,0.963620
5454,1,22604,0.993600
5454,2,14022,0.992936
5454,3,43044,0.991610
5454,4,10004,0.991525
5454,5,14021,0.990892
5454,6,10778,0.990211
5454,7,43052,0.990038
5454,8,38562,0.989352
5454,9,31449,0.988810
5454,10,38582,0.988504
5460,1,13927,0.886251
5460,2,6363,0.867130
5460,3,7712,0.864664
5460,4,3694,0.863156
5460,5,5923,0.862531
5460,6,47247,0.856097
5460,7,5924,0.856055
5460,8,26658,0.845855
5460,9,4117,0.845814
5460,10,4501,0.845792
5478,1,8073,0.973811
5478,2,13915,0.973355
5478,3,34819,0.973229
5478,4,5749,0.973187
5478,5,3459,0.972189
5478,6,9125,0.971612
5478,7,38674,0.971170
5478,8,46803,0.971136
5478,9,36423,0.968918
5478,10,1657,0.968836
5484,1,3160,0.961587
5484,2,4156,0.958495
5484,3,3186,0.953423
5484,4,4154,0.952525
5484,5,39667,0.951011
5484,6,4488,0.948447
5484,7,18474,0.947091
5484,8,4336,0.946437
5484,9,28635,0.946044
5484,10,39672,0.945536
5492,1,14313,0.969670
5492,2,6926,0.965012
5492,3,18987,0.964424
5492,4,42108,0.964029
5492,5,32969,0.963554
5492,6,15469,0.963068
5492,7,34350,0.962562
5492,8,18989,0.962522
5492,9,18004,0.960871
5492,10,40029,0.960061
5496,1,4084,0.989352
5496,2,3846,0.988772
5496,3,23179,0.988739
5496,4,10453,0.987933
5496,5,31382,0.987753
5496,6,4051,0.987359
5496,7,34349,0.987280
5496,8,4791,0.987099
5496,9,3985,0.986950
5496,10,4382,0.986844
5513,1,7346,0.968254
5513,2,6937,0.964895
5513,3,18576,0.963944
5513,4,8014,0.963814
5513,5,30310,0.960805
5513,6,20008,0.960347
5513,7,34385,0.959805
5513,8,34388,0.959195
5513,9,6757,0.958865
5513,10,34381,0.958675
5531,1,19309,0.947374
5531,2,4506,0.940185
5531,3,4159,0.935951
5531,4,12984,0.932814
5531,5,4545,0.932446
5531,6,1832,0.930997
5531,7,40486,0.924920
5531,8,20875,0.924065
5531,9,24213,0.923958
5531,10,3175,0.923297
5532,1,4552,0.975151
5532,2,13681,0.965048
5532,3,8532,0.964527
5532,4,13213,0.964388
5532,5,24456,0.963959
5532,6,4645,0.963341
5532,7,12712,0.962724
5532,8,8074,0.960688
5532,9,22975,0.960389
5532,10,6645,0.960384
5535,1,19307,0.963507
5535,2,23844,0.960911
5535,3,25461,0.957183
5535,4,29268,0.955890
5535,5,36142,0.951480
5535,6,5240,0.950886
5535,7,41441,0.950856
5535,8,3296,0.950595
5535,9,24638,0.950474
5535,10,10092,0.950202
5543,1,7505,0.959528
5543,2,10722,0.957283
5543,3,10752,0.954110
5543,4,38618,0.951301
5543,5,20253,0.949900
5543,6,7506,0.948352
5543,7,5448,0.947771
5543,8,9957,0.947350
5543,9,7530,0.947116
5543,10,7551,0.946724
5570,1,29166,0.922236
5570,2,37266,0.920482
5570,3,31128,0.920113
5570,4,34113,0.917839
5570,5,27196,0.916141
5570,6,31168,0.913190
5570,7,31130,0.912621
5570,8,36750,0.912326
5570,9,31129,0.910660
5570,10,2707,0.908241
5575,1,37266,0.700599
5575,2,31168,0.697731
5575,3,4931,0.695782
5575,4,36744,0.684787
5575,5,11260,0.683968
5575,6,39009,0.683679
5575,7,40158,0.683174
5575,8,27196,0.680916
5575,9,29166,0.679770
5575,10,41302,0.677801
5582,1,49529,0.887462
5582,2,33387,0.884500
5582,3,33402,0.883551
5582,4,37003,0.879834
5582,5,38431,0.867182
5582,6,27044,0.854829
5582,7,27046,0.854158
5582,8,47288,0.849124
5582,9,47318,0.847538
5582,10,47308,0.846114
5588,1,5916,0.908966
5588,2,5705,0.896251
5588,3,22733,0.893718
5588,4,9205,0.891055
5588,5,7712,0.889452
5588,6,4501,0.889409
5588,7,5923,0.883585
5588,8,12984,0.878891
5588,9,25443,0.875635
5588,10,5429,0.875294
5604,1,38669,0.958900
5604,2,13974,0.953928
5604,3,16116,0.941731
5604,4,24715,0.938084
5604,5,23834,0.921832
5604,6,6313,0.915798
5604,7,23831,0.911619
5604,8,20805,0.909381
5604,9,17795,0.905847
5604,10,24704,0.905396
5621,1,10622,0.954579
5621,2,44190,0.950234
5621,3,33645,0.943078
5621,4,6455,0.937806
5621,5,6442,0.932757
5621,6,6743,0.932109
5621,7,40754,0.931532
5621,8,43370,0.930255
5621,9,6443,0.929015
5621,10,44729,0.928590
5631,1,40782,0.956215
5631,2,2251,0.950249
5631,3,17026,0.947809
5631,4,6163,0.943890
5631,5,6818,0.942584
5631,6,7731,0.940802
5631,7,23823,0.940265
5631,8,38668,0.939570
5631,9,40787,0.938835
5631,10,20941,0.934872
5646,1,20955,0.933104
5646,2,6382,0.928967
5646,3,42092,0.925811
5646,4,6442,0.922529
5646,5,10622,0.921972
5646,6,44190,0.918929
5646,7,15387,0.910313
5646,8,6163,0.906752
5646,9,43370,0.904599
5646,10,16248,0.902847
5660,1,23157,0.969389
5660,2,3349,0.968269
5660,3,5661,0.968178
5660,4,4290,0.968118
5660,5,3987,0.967255
5660,6,3122,0.966745
5660,7,6724,0.966038
5660,8,31361,0.965972
5660,9,5101,0.965596
5660,10,4752,0.965190
5672,1,5865,0.968328
5672,2,6963,0.968308
5672,3,4221,0.967916
5672,4,3271,0.967403
5672,5,3539,0.967188
5672,6,26467,0.966922
5672,7,3417,0.966365
5672,8,3206,0.966003
5672,9,3518,0.965887
5672,10,3525,0.965678
5694,1,5696,0.963996
5694,2,5683,0.963942
5694,3,5693,0.960463
5694,4,5685,0.948369
5694,5,5673,0.944661
5694,6,12725,0.941916
5694,7,2369,0.940508
5694,8,7379,0.940341
5694,9,50778,0.939607
5694,10,36456,0.938020
5714,1,4104,0.918290
5714,2,23899,0.915751
5714,3,41074,0.906899
5714,4,19927,0.891465
5714,5,10114,0.890510
5714,6,3627,0.889446
5714,7,11978,0.889241
5714,8,20869,0.887236
5714,9,11977,0.884175
5714,10,11945,0.883745
5720,1,7924,0.966977
5720,2,33572,0.962396
5720,3,7643,0.961593
5720,4,7906,0.961541
5720,5,26716,0.960547
5720,6,31271,0.960431
5720,7,30119,0.960272
5720,8,2030,0.959745
5720,9,4090,0.959512
5720,10,44855,0.959091
5721,1,5745,0.949167
5721,2,12918,0.947276
5721,3,18626,0.946790
5721,4,26729,0.946712
5721,5,30119,0.946606
5721,6,6586,0.945646
5721,7,19651,0.945172
5721,8,7850,0.944579
5721,9,33081,0.944556
5721,10,19793,0.944547
5725,1,39631,0.959311
5725,2,17411,0.956706
5725,3,41231,0.955304
5725,4,25413,0.954234
5725,5,40322,0.954183
5725,6,39627,0.954047
5725,7,44774,0.952410
5725,8,36459,0.952382
5725,9,25419,0.952121
5725,10,4047,0.951633
5731,1,46799,0.979535
5731,2,43362,0.977026
5731,3,5459,0.969859
5731,4,20874,0.968767
5731,5,15735,0.967763
5731,6,8299,0.967689
5731,7,6624,0.967133
5731,8,7838,0.966770
5731,9,4564,0.966680
5731,10,22983,0.965033
5741,1,20958,0.949001
5741,2,19328,0.931567
5741,3,14080,0.930953
5741,4,24053,0.929651
5741,5,12640,0.929244
5741,6,18569,0.928302
5741,7,19595,0.927295
5741,8,11778,0.924994
5741,9,10426,0.924222
5741,10,17197,0.923779
5751,1,31291,0.962546
5751,2,20237,0.960895
5751,3,19610,0.959538
5751,4,21446,0.958104
5751,5,12544,0.958063
5751,6,13158,0.956941
5751,7,20234,0.956764
5751,8,11662,0.956437
5751,9,24949,0.956426
5751,10,26869,0.956404
5754,1,36459,0.972473
5754,2,5749,0.971335
5754,3,24413,0.970363
5754,4,5322,0.969665
5754,5,25413,0.969104
5754,6,43352,0.967990
5754,7,18906,0.967957
5754,8,15746,0.967791
5754,9,32948,0.967639
5754,10,42015,0.967304
5770,1,19608,0.886465
5770,2,7204,0.885871
5770,3,8460,0.881786
5770,4,26954,0.880934
5770,5,50703,0.880497
5770,6,4621,0.879481
5770,7,31293,0.879030
5770,8,11369,0.879013
5770,9,5750,0.877276
5770,10,8452,0.876822
5785,1,30143,0.950604
5785,2,14073,0.933262
5785,3,26945,0.930463
5785,4,21443,0.928848
5785,5,26360,0.925997
5785,6,30144,0.925524
5785,7,11658,0.925492
5785,8,29170,0.924723
5785,9,30139,0.924225
5785,10,48515,0.923890
5796,1,7634,0.965612
5796,2,4361,0.963764
5796,3,5890,0.963153
5796,4,6936,0.962721
5796,5,6172,0.960442
5796,6,5087,0.959058
5796,7,4762,0.958505
5796,8,24018,0.958093
5796,9,3051,0.957481
5796,10,33941,0.957476
5857,1,15663,0.979620
5857,2,41848,0.966612
5857,3,9525,0.962541
5857,4,37691,0.959630
5857,5,19414,0.956748
5857,6,44280,0.956397
5857,7,34470,0.955148
5857,8,46623,0.953641
5857,9,37683,0.951017
5857,10,7089,0.949342
5907,1,7679,0.960557
5907,2,6132,0.958044
5907,3,24015,0.957809
5907,4,26295,0.957415
5907,5,42106,0.952256
5907,6,7943,0.951111
5907,7,8404,0.951076
5907,8,12650,0.950603
5907,9,7272,0.950344
5907,10,10486,0.949940
5927,1,15257,0.945395
5927,2,5915,0.930960
5927,3,24700,0.930829
5927,4,33115,0.926552
5927,5,22501,0.926490
5927,6,6658,0.925480
5927,7,7728,0.923655
5927,8,5939,0.922945
5927,9,26453,0.922776
5927,10,46606,0.922593
5932,1,44399,0.858143
5932,2,15229,0.856617
5932,3,3258,0.856026
5932,4,32174,0.849069
5932,5,39675,0.848778
5932,6,25480,0.848434
5932,7,17414,0.846688
5932,8,18363,0.846052
5932,9,4132,0.843926
5932,10,9407,0.843528
5959,1,5943,0.994982
5959,2,6014,0.992950
5959,3,6016,0.991268
5959,4,5966,0.990248
5959,5,8729,0.989873
5959,6,13858,0.987935
5959,7,5967,0.987846
5959,8,13402,0.987608
5959,9,13764,0.987567
5959,10,5948,0.987339
5971,1,15086,0.941647
5971,2,6009,0.939736
5971,3,8814,0.937728
5971,4,11707,0.936872
5971,5,5960,0.935875
5971,6,51399,0.935705
5971,7,5993,0.933020
5971,8,9267,0.929453
5971,9,16791,0.929230
5971,10,16411,0.929093
5982,1,6016,0.992703
5982,2,6014,0.990356
5982,3,5974,0.989313
5982,4,8729,0.989214
5982,5,13858,0.988762
5982,6,5943,0.988558
5982,7,13764,0.988183
5982,8,5966,0.987973
5982,9,5948,0.986737
5982,10,20145,0.986731
6005,1,6012,0.981972
6005,2,19466,0.981203
6005,3,6014,0.980680
6005,4,16475,0.980434
6005,5,10813,0.980224
6005,6,5945,0.980072
6005,7,5948,0.979877
6005,8,28810,0.979815
6005,9,13413,0.979353
6005,10,20172,0.979345
6006,1,37760,0.913632
6006,2,5952,0.913629
6006,3,11401,0.913059
6006,4,19705,0.912735
6006,5,30111,0.911850
6006,6,29840,0.911255
6006,7,13743,0.911144
6006,8,19838,0.909600
6006,9,29657,0.908885
6006,10,13767,0.908844
6015,1,5993,0.970677
6015,2,5964,0.968891
6015,3,5946,0.967459
6015,4,13760,0.962000
6015,5,10803,0.961388
6015,6,13767,0.960631
6015,7,11699,0.959741
6015,8,11707,0.959297
6015,9,40256,0.958909
6015,10,9710,0.958604
6030,1,14726,0.953871
6030,2,4759,0.952420
6030,3,12935,0.951716
6030,4,24149,0.951195
6030,5,5281,0.951057
6030,6,3774,0.950088
6030,7,4812,0.949909
6030,8,14681,0.949340
6030,9,19397,0.949098
6030,10,26717,0.948084
6053,1,10486,0.986854
6053,2,14930,0.986632
6053,3,14068,0.985657
6053,4,10835,0.985201
6053,5,7820,0.985168
6053,6,12572,0.984861
6053,7,10061,0.984503
6053,8,3880,0.984456
6053,9,4754,0.983596
6053,10,7948,0.983458
6064,1,7764,0.870463
6064,2,8288,0.861948
6064,3,46392,0.861262
6064,4,8282,0.860515
6064,5,6926,0.859099
6064,6,48437,0.856681
6064,7,5161,0.855735
6064,8,44837,0.855501
6064,9,28681,0.855483
6064,10,10764,0.855450
6065,1,17563,0.980653
6065,2,12237,0.977576
6065,3,9455,0.976819
6065,4,12025,0.976740
6065,5,8851,0.976576
6065,6,23959,0.976178
6065,7,12019,0.976154
6065,8,41594,0.975680
6065,9,17565,0.975624
6065,10,12241,0.975168
6091,1,10514,0.898128
6091,2,45941,0.895444
6091,3,37935,0.891288
6091,4,11434,0.885391
6091,5,25970,0.885368
6091,6,49638,0.882125
6091,7,3962,0.877993
6091,8,32596,0.876661
6091,9,26878,0.874117
6091,10,6597,0.874080
6109,1,5100,0.982759
6109,2,5192,0.979602
6109,3,5887,0.979503
6109,4,4762,0.977160
6109,5,5198,0.976756
6109,6,6227,0.976489
6109,7,4197,0.976281
6109,8,4250,0.976262
6109,9,3727,0.975632
6109,10,3056,0.975455
6124,1,15927,0.974563
6124,2,4681,0.973583
6124,3,9524,0.972669
6124,4,15923,0.972241
6124,5,7082,0.972152
6124,6,37698,0.972024
6124,7,24326,0.971722
6124,8,9439,0.971547
6124,9,6517,0.971289
6124,10,29578,0.971117
6126,1,7586,0.935094
6126,2,3303,0.934491
6126,3,12890,0.933348
6126,4,7576,0.932023
6126,5,23938,0.931616
6126,6,3674,0.926840
6126,7,4142,0.926050
6126,8,24253,0.924951
6126,9,41439,0.924291
6126,10,25458,0.923818
6128,1,9767,0.977302
6128,2,19400,0.976024
6128,3,6484,0.973699
6128,4,12636,0.971920
6128,5,32477,0.969075
6128,6,6245,0.967637
6128,7,6475,0.966969
6128,8,3889,0.966650
6128,9,15469,0.966219
6128,10,5095,0.965335
6145,1,13003,0.835283
6145,2,24080,0.828670
6145,3,24083,0.826175
6145,4,20759,0.813037
6145,5,14364,0.812870
6145,6,2882,0.812024
6145,7,19037,0.810770
6145,8,37963,0.807705
6145,9,11518,0.807639
6145,10,39191,0.805317
6146,1,10293,0.949434
6146,2,11893,0.948496
6146,3,2227,0.941326
6146,4,5616,0.939793
6146,5,2215,0.936113
6146,6,4107,0.935128
6146,7,6393,0.930989
6146,8,6394,0.929168
6146,9,12961,0.925747
6146,10,11913,0.925550
6147,1,41857,0.929516
6147,2,22888,0.918864
6147,3,41455,0.917999
6147,4,43548,0.915717
6147,5,35504,0.914188
6147,6,5606,0.911048
6147,7,2215,0.909732
6147,8,2224,0.909685
6147,9,22889,0.909456
6147,10,35506,0.909267
6151,1,23500,0.948486
6151,2,40315,0.948434
6151,3,17977,0.942313
6151,4,13922,0.936936
6151,5,32937,0.928373
6151,6,26618,0.928339
6151,7,20876,0.926740
6151,8,39656,0.925476
6151,9,27258,0.924373
6151,10,26608,0.924291
6157,1,23172,0.990391
6157,2,10879,0.989306
6157,3,12653,0.988466
6157,4,11740,0.988369
6157,5,4051,0.988163
6157,6,12655,0.987977
6157,7,10464,0.987866
6157,8,34349,0.987660
6157,9,1950,0.987497
6157,10,14098,0.987406
6161,1,13509,0.984094
6161,2,12208,0.982417
6161,3,18935,0.981353
6161,4,16438,0.980444
6161,5,12204,0.979744
6161,6,44636,0.979309
6161,7,4400,0.978098
6161,8,4392,0.977019
6161,9,3339,0.976556
6161,10,31277,0.976404
6176,1,19448,0.986627
6176,2,4760,0.986535
6176,3,12947,0.985412
6176,4,17504,0.985103
6176,5,4428,0.984268
6176,6,4095,0.984177
6176,7,19793,0.984177
6176,8,19797,0.983474
6176,9,4748,0.983463
6176,10,12194,0.983343
6181,1,13496,0.989183
6181,2,28925,0.988353
6181,3,13497,0.987028
6181,4,14098,0.986305
6181,5,7277,0.986258
6181,6,5196,0.986227
6181,7,18989,0.985699
6181,8,5839,0.985528
6181,9,4791,0.985270
6181,10,3985,0.984870
6184,1,21179,0.959380
6184,2,2250,0.955317
6184,3,17493,0.954001
6184,4,25495,0.951314
6184,5,24104,0.949883
6184,6,36834,0.948004
6184,7,19874,0.947220
6184,8,19872,0.946795
6184,9,5273,0.946297
6184,10,23867,0.946197
6192,1,15211,0.968077
6192,2,27593,0.963934
6192,3,13420,0.962800
6192,4,26388,0.959623
6192,5,40036,0.958679
6192,6,37716,0.958264
6192,7,37982,0.954399
6192,8,17288,0.954157
6192,9,5082,0.953380
6192,10,4086,0.953087
6197,1,13436,0.975878
6197,2,40037,0.974518
6197,3,14094,0.973849
6197,4,42175,0.972470
6197,5,26718,0.971932
6197,6,19785,0.970684
6197,7,7965,0.970413
6197,8,7943,0.969507
6197,9,31266,0.968618
6197,10,19976,0.968411
6205,1,4082,0.989213
6205,2,31590,0.988406
6205,3,4238,0.988254
6205,4,36301,0.987090
6205,5,6571,0.986319
6205,6,7343,0.985937
6205,7,6939,0.985901
6205,8,31365,0.985659
6205,9,30304,0.985564
6205,10,7069,0.985493
6209,1,12649,0.984397
6209,2,11726,0.984390
6209,3,12204,0.984384
6209,4,19627,0.983998
6209,5,13504,0.983804
6209,6,6292,0.983262
6209,7,3861,0.983237
6209,8,3017,0.983031
6209,9,19992,0.982034
6209,10,11768,0.981950
6211,1,3945,0.883093
6211,2,4777,0.881676
6211,3,5935,0.879741
6211,4,30145,0.874366
6211,5,11665,0.874203
6211,6,1762,0.873378
6211,7,6031,0.872718
6211,8,5835,0.871587
6211,9,3961,0.870483
6211,10,16829,0.870443
6215,1,4053,0.988649
6215,2,19627,0.988019
6215,3,4085,0.987862
6215,4,5867,0.986491
6215,5,3861,0.985747
6215,6,19992,0.985443
6215,7,19981,0.985242
6215,8,5795,0.984572
6215,9,11726,0.984485
6215,10,4031,0.984453
6226,1,12196,0.975910
6226,2,10410,0.975678
6226,3,29022,0.975615
6226,4,5859,0.975351
6226,5,26295,0.974409
6226,6,13438,0.974404
6226,7,16213,0.972979
6226,8,34232,0.972877
6226,9,11745,0.972320
6226,10,16122,0.971931
6253,1,19678,0.926638
6253,2,19593,0.920125
6253,3,26922,0.919646
6253,4,2486,0.919209
6253,5,9106,0.917988
6253,6,8432,0.916144
6253,7,7316,0.916144
6253,8,32592,0.915939
6253,9,18753,0.915168
6253,10,45982,0.915000
6291,1,7643,0.953066
6291,2,16647,0.951652
6291,3,31243,0.948671
6291,4,13427,0.948622
6291,5,6716,0.948279
6291,6,8410,0.947866
6291,7,6293,0.947585
6291,8,34246,0.947136
6291,9,15200,0.946828
6291,10,18849,0.946567
6310,1,24715,0.957491
6310,2,6313,0.947341
6310,3,23834,0.931883
6310,4,24704,0.928992
6310,5,13193,0.928599
6310,6,6315,0.925408
6310,7,6297,0.923427
6310,8,38669,0.916738
6310,9,3622,0.914091
6310,10,5411,0.908364
6329,1,38669,0.943943
6329,2,16116,0.941212
6329,3,23834,0.933595
6329,4,17734,0.925385
6329,5,24704,0.922589
6329,6,6315,0.922339
6329,7,13974,0.921104
6329,8,24715,0.917249
6329,9,15385,0.915303
6329,10,10179,0.904778
6331,1,13436,0.980622
6331,2,3770,0.980214
6331,3,12644,0.979419
6331,4,23873,0.978806
6331,5,14681,0.978593
6331,6,48443,0.978356
6331,7,33941,0.977982
6331,8,17258,0.977640
6331,9,4388,0.976939
6331,10,6076,0.976555
6332,1,6459,0.915870
6332,2,44190,0.910327
6332,3,49820,0.902779
6332,4,6442,0.899400
6332,5,40754,0.893843
6332,6,8245,0.892428
6332,7,6466,0.891253
6332,8,6455,0.890736
6332,9,10622,0.889962
6332,10,21730,0.888813
6342,1,27085,0.858870
6342,2,42693,0.856753
6342,3,45795,0.849763
6342,4,22263,0.849754
6342,5,47582,0.848123
6342,6,49594,0.846197
6342,7,45823,0.845931
6342,8,10619,0.845107
6342,9,29121,0.844860
6342,10,20265,0.843929
6347,1,3808,0.910727
6347,2,2503,0.892043
6347,3,40791,0.885627
6347,4,4023,0.879423
6347,5,6426,0.878529
6347,6,6432,0.877162
6347,7,23093,0.876888
6347,8,26657,0.874410
6347,9,39988,0.871827
6347,10,42802,0.870418
6356,1,3790,0.932187
6356,2,4131,0.922807
6356,3,4127,0.915003
6356,4,3590,0.914280
6356,5,11825,0.913778
6356,6,4017,0.901342
6356,7,22252,0.900330
6356,8,5055,0.898917
6356,9,7048,0.896642
6356,10,5937,0.894623
6360,1,9214,0.923666
6360,2,5939,0.922153
6360,3,5911,0.920488
6360,4,24072,0.918142
6360,5,6636,0.918025
6360,6,6672,0.917090
6360,7,13194,0.917049
6360,8,42268,0.916919
6360,9,33854,0.912746
6360,10,4136,0.911882
6370,1,6426,0.952151
6370,2,6432,0.949063
6370,3,2503,0.946259
6370,4,6422,0.940745
6370,5,7729,0.940641
6370,6,3588,0.939678
6370,7,43893,0.939526
6370,8,6428,0.934788
6370,9,4444,0.932005
6370,10,3604,0.930939
6381,1,38533,0.956719
6381,2,18665,0.956047
6381,3,11986,0.938411
6381,4,34746,0.934397
6381,5,39641,0.933489
6381,6,39643,0.930478
6381,7,13077,0.928366
6381,8,35679,0.927909
6381,9,36448,0.926657
6381,10,36449,0.925390
6400,1,6402,0.966923
6400,2,6401,0.964304
6400,3,26546,0.962983
6400,4,41460,0.960006
6400,5,17973,0.959728
6400,6,20796,0.958547
6400,7,36420,0.957573
6400,8,18498,0.957525
6400,9,22889,0.957474
6400,10,12924,0.957166
6407,1,15457,0.920423
6407,2,40478,0.911492
6407,3,19137,0.906803
6407,4,7730,0.904016
6407,5,19770,0.902309
6407,6,24099,0.901777
6407,7,19927,0.901672
6407,8,22890,0.901026
6407,9,26545,0.899574
6407,10,43546,0.899050
6408,1,44942,0.821094
6408,2,11942,0.795993
6408,3,30247,0.784485
6408,4,18161,0.779698
6408,5,33663,0.778958
6408,6,45580,0.778956
6408,7,41877,0.777990
6408,8,11943,0.776820
6408,9,22247,0.775179
6408,10,43008,0.774528
6420,1,6417,0.984111
6420,2,6416,0.983077
6420,3,6458,0.980556
6420,4,3610,0.979033
6420,5,44786,0.977239
6420,6,20897,0.976700
6420,7,4440,0.976503
6420,8,9816,0.976283
6420,9,5595,0.976202
6420,10,24664,0.976009
6429,1,6422,0.966864
6429,2,6431,0.962711
6429,3,6458,0.961130
6429,4,4438,0.960439
6429,5,24190,0.956501
6429,6,6417,0.954158
6429,7,3610,0.953879
6429,8,6733,0.953640
6429,9,17695,0.953463
6429,10,3608,0.953458
6439,1,42092,0.933020
6439,2,6382,0.927986
6439,3,15387,0.926847
6439,4,20955,0.922439
6439,5,10622,0.916550
6439,6,6442,0.911977
6439,7,44190,0.906346
6439,8,26675,0.904824
6439,9,40782,0.904388
6439,10,14339,0.902647
6450,1,5674,0.977630
6450,2,5706,0.967863
6450,3,5692,0.966598
6450,4,3637,0.962725
6450,5,44401,0.960793
6450,6,37975,0.959445
6450,7,6509,0.959003
6450,8,37243,0.958683
6450,9,10144,0.958525
6450,10,37242,0.957978
6456,1,6830,0.952183
6456,2,4490,0.946802
6456,3,35933,0.945146
6456,4,36139,0.943486
6456,5,17415,0.942637
6456,6,5485,0.942033
6456,7,5468,0.941903
6456,8,44235,0.941466
6456,9,25419,0.941147
6456,10,26709,0.940695
6457,1,6464,0.954308
6457,2,6382,0.936405
6457,3,17026,0.933987
6457,4,6818,0.926869
6457,5,16734,0.921072
6457,6,40782,0.919676
6457,7,9139,0.917221
6457,8,2542,0.916802
6457,9,38668,0.912906
6457,10,7731,0.909012
6461,1,6447,0.988192
6461,2,6452,0.986597
6461,3,6451,0.984561
6461,4,6444,0.982806
6461,5,6820,0.982088
6461,6,6466,0.979440
6461,7,6454,0.978375
6461,8,25450,0.977527
6461,9,44209,0.976355
6461,10,5622,0.974997
6472,1,10497,0.965197
6472,2,40389,0.956623
6472,3,25922,0.955629
6472,4,25926,0.954532
6472,5,25918,0.953957
6472,6,3065,0.953449
6472,7,6025,0.953366
6472,8,10509,0.953048
6472,9,3929,0.952128
6472,10,11431,0.951986
6518,1,37698,0.985529
6518,2,29313,0.982153
6518,3,9443,0.981186
6518,4,35192,0.981157
6518,5,31607,0.981096
6518,6,25874,0.981038
6518,7,4672,0.980913
6518,8,6517,0.980818
6518,9,29578,0.980770
6518,10,35198,0.979436
6530,1,7504,0.986194
6530,2,7484,0.979241
6530,3,2290,0.977672
6530,4,12794,0.975499
6530,5,7509,0.971568
6530,6,2315,0.970202
6530,7,2294,0.969301
6530,8,2267,0.968953
6530,9,7501,0.968669
6530,10,27429,0.968403
6543,1,7562,0.991195
6543,2,6568,0.986439
6543,3,6572,0.985402
6543,4,7521,0.984349
6543,5,7506,0.984041
6543,6,44222,0.983853
6543,7,10006,0.983513
6543,8,44223,0.983105
6543,9,10005,0.982748
6543,10,7538,0.982690
6554,1,35179,0.984264
6554,2,38744,0.984202
6554,3,9489,0.983992
6554,4,22969,0.982282
6554,5,32867,0.981976
6554,6,7108,0.981930
6554,7,20841,0.981616
6554,8,5219,0.981541
6554,9,9526,0.981498
6554,10,7082,0.981433
6557,1,7096,0.829097
6557,2,6539,0.828745
6557,3,25872,0.828193
6557,4,4681,0.826610
6557,5,7103,0.826582
6557,6,22738,0.826057
6557,7,32865,0.824812
6557,8,7522,0.824272
6557,9,9910,0.822428
6557,10,39488,0.821928
6574,1,6522,0.955198
6574,2,6527,0.941770
6574,3,28515,0.932693
6574,4,10720,0.930314
6574,5,43052,0.925040
6574,6,32448,0.923868
6574,7,38563,0.922576
6574,8,32457,0.921643
6574,9,28506,0.921241
6574,10,15330,0.918939
6577,1,12790,0.813338
6577,2,10602,0.794132
6577,3,10010,0.791894
6577,4,38628,0.791731
6577,5,23881,0.787916
6577,6,12614,0.782611
6577,7,19750,0.780187
6577,8,49961,0.779795
6577,9,29584,0.778497
6577,10,39424,0.777550
6578,1,4368,0.986530
6578,2,5828,0.986378
6578,3,5204,0.985334
6578,4,3521,0.985291
6578,5,4223,0.985168
6578,6,4410,0.984810
6578,7,24016,0.984045
6578,8,24583,0.983796
6578,9,14098,0.983493
6578,10,4791,0.983452
6579,1,26465,0.989079
6579,2,24311,0.985917
6579,3,13112,0.983470
6579,4,13110,0.983444
6579,5,32429,0.983188
6579,6,14934,0.982982
6579,7,33068,0.982561
6579,8,42122,0.981955
6579,9,32457,0.981897
6579,10,42115,0.981834
6600,1,8454,0.949950
6600,2,11020,0.944456
6600,3,35982,0.938714
6600,4,26362,0.938663
6600,5,8463,0.937323
6600,6,26875,0.936523
6600,7,10496,0.935915
6600,8,32451,0.934043
6600,9,41406,0.933156
6600,10,26872,0.933124
6605,1,15170,0.977615
6605,2,4750,0.975389
6605,3,17510,0.975285
6605,4,19984,0.975117
6605,5,28992,0.974057
6605,6,40080,0.973977
6605,7,31549,0.973835
6605,8,12928,0.973229
6605,9,4761,0.972866
6605,10,6720,0.972864
6615,1,4539,0.982485
6615,2,7459,0.980946
6615,3,7857,0.980942
6615,4,4760,0.980621
6615,5,4376,0.980469
6615,6,4538,0.980386
6615,7,40264,0.980318
6615,8,6732,0.980088
6615,9,5181,0.980059
6615,10,3880,0.979923
6627,1,22111,0.917093
6627,2,6619,0.912344
6627,3,13534,0.911750
6627,4,18672,0.909127
6627,5,29252,0.907653
6627,6,26609,0.907578
6627,7,17977,0.906961
6627,8,3303,0.906871
6627,9,1842,0.905909
6627,10,3496,0.901070
6649,1,28653,0.945243
6649,2,26601,0.942559
6649,3,20804,0.939238
6649,4,3299,0.937928
6649,5,43362,0.935063
6649,6,8299,0.933888
6649,7,25421,0.932970
6649,8,42041,0.930285
6649,9,10039,0.928999
6649,10,13896,0.927976
6655,1,6654,0.967118
6655,2,17968,0.961499
6655,3,13975,0.955934
6655,4,40695,0.955823
6655,5,37998,0.954278
6655,6,16735,0.953972
6655,7,6651,0.952413
6655,8,6175,0.952012
6655,9,4630,0.951329
6655,10,30243,0.950914
6667,1,5942,0.933128
6667,2,40320,0.929988
6667,3,15264,0.929451
6667,4,32939,0.915540
6667,5,15262,0.913046
6667,6,2490,0.911958
6667,7,33112,0.909643
6667,8,9386,0.907759
6667,9,14281,0.907589
6667,10,39595,0.900691
6674,1,43002,0.932417
6674,2,42041,0.928445
6674,3,4544,0.922255
6674,4,31978,0.918388
6674,5,15735,0.917205
6674,6,4472,0.913549
6674,7,6624,0.913225
6674,8,8299,0.912636
6674,9,5590,0.910605
6674,10,35934,0.910294
6685,1,29299,0.887001
6685,2,19600,0.885671
6685,3,22393,0.885081
6685,4,7692,0.882117
6685,5,14119,0.878016
6685,6,2078,0.877035
6685,7,20246,0.875814
6685,8,11658,0.873300
6685,9,26945,0.872859
6685,10,29169,0.871775
6689,1,6691,0.690679
6689,2,30545,0.689239
6689,3,8507,0.681695
6689,4,29119,0.678733
6689,5,43560,0.673284
6689,6,6692,0.668884
6689,7,17583,0.665838
6689,8,37890,0.663695
6689,9,17581,0.661615
6689,10,37886,0.661160
6697,1,25206,0.677915
6697,2,38319,0.677053
6697,3,4605,0.673355
6697,4,25884,0.673231
6697,5,39490,0.665675
6697,6,35182,0.664318
6697,7,25256,0.663271
6697,8,33772,0.663249
6697,9,18332,0.657485
6697,10,1525,0.656934
6713,1,5194,0.986941
6713,2,23176,0.986675
6713,3,5847,0.986311
6713,4,4223,0.986270
6713,5,3429,0.985797
6713,6,3425,0.985405
6713,7,3344,0.985306
6713,8,23177,0.985069
6713,9,3417,0.984958
6713,10,14098,0.984767
6729,1,18601,0.884016
6729,2,26688,0.857373
6729,3,3503,0.843396
6729,4,23895,0.841846
6729,5,35720,0.841429
6729,6,16972,0.817338
6729,7,10114,0.812262
6729,8,12858,0.798974
6729,9,43006,0.789653
6729,10,4104,0.786278
6745,1,46798,0.958014
6745,2,6673,0.957248
6745,3,6680,0.956340
6745,4,10081,0.953520
6745,5,32277,0.951068
6745,6,1641,0.950746
6745,7,7727,0.949981
6745,8,4172,0.949020
6745,9,34835,0.948682
6745,10,9196,0.948422
6768,1,33055,0.953874
6768,2,9589,0.950199
6768,3,51413,0.949826
6768,4,10430,0.949700
6768,5,37782,0.947569
6768,6,14304,0.947259
6768,7,5964,0.946072
6768,8,13406,0.945649
6768,9,9792,0.945349
6768,10,6052,0.944954
6770,1,48430,0.986278
6770,2,48441,0.985074
6770,3,1872,0.982146
6770,4,44833,0.981947
6770,5,19629,0.980711
6770,6,44865,0.978730
6770,7,44829,0.975496
6770,8,48411,0.974324
6770,9,3080,0.974257
6770,10,44836,0.973486
6803,1,9033,0.946485
6803,2,31330,0.939258
6803,3,18406,0.936782
6803,4,18659,0.935555
6803,5,5697,0.932377
6803,6,3563,0.927191
6803,7,22721,0.926816
6803,8,33846,0.926463
6803,9,4270,0.926288
6803,10,35679,0.925878
6809,1,39252,0.933671
6809,2,39274,0.921349
6809,3,22854,0.910913
6809,4,22874,0.909945
6809,5,22844,0.907387
6809,6,41212,0.905562
6809,7,22817,0.905485
6809,8,22846,0.904741
6809,9,22869,0.904555
6809,10,39309,0.904238
6817,1,10173,0.969815
6817,2,43008,0.968823
6817,3,11943,0.962434
6817,4,15738,0.949823
6817,5,43298,0.949715
6817,6,34511,0.947314
6817,7,17494,0.945637
6817,8,20840,0.943533
6817,9,16729,0.937612
6817,10,16989,0.937382
6819,1,6452,0.987085
6819,2,6447,0.987038
6819,3,6820,0.985175
6819,4,6451,0.984384
6819,5,6466,0.983185
6819,6,6454,0.982747
6819,7,6444,0.979527
6819,8,6180,0.978366
6819,9,6438,0.976681
6819,10,25450,0.974785
6829,1,1832,0.940890
6829,2,4561,0.932236
6829,3,3151,0.928387
6829,4,28636,0.926023
6829,5,3372,0.924298
6829,6,7586,0.923950
6829,7,9112,0.922713
6829,8,3302,0.921116
6829,9,20874,0.920343
6829,10,3220,0.920038
6891,1,21162,0.818444
6891,2,15026,0.786082
6891,3,18957,0.770607
6891,4,14622,0.769431
6891,5,21147,0.765045
6891,6,18960,0.755182
6891,7,15371,0.751960
6891,8,23140,0.750706
6891,9,22609,0.750148
6891,10,18578,0.749341
6893,1,26934,0.968093
6893,2,48469,0.961353
6893,3,43634,0.960715
6893,4,40431,0.960498
6893,5,44643,0.960386
6893,6,48466,0.958587
6893,7,43658,0.958386
6893,8,34565,0.957919
6893,9,48525,0.957471
6893,10,47650,0.957469
6897,1,1989,0.883973
6897,2,26898,0.883373
6897,3,2591,0.883128
6897,4,25969,0.879285
6897,5,41400,0.879078
6897,6,21418,0.876882
6897,7,26877,0.875359
6897,8,43662,0.874488
6897,9,11403,0.874437
6897,10,6606,0.873213
6898,1,6864,0.949968
6898,2,6857,0.927484
6898,3,8498,0.926722
6898,4,30923,0.925877
6898,5,30927,0.925183
6898,6,34493,0.924308
6898,7,34495,0.924303
6898,8,27231,0.923138
6898,9,8499,0.921120
6898,10,32252,0.919624
6899,1,39718,0.964023
6899,2,6859,0.959364
6899,3,8491,0.957411
6899,4,25893,0.953800
6899,5,41800,0.951334
6899,6,24989,0.950957
6899,7,39231,0.950565
6899,8,25543,0.948971
6899,9,14720,0.948745
6899,10,40404,0.948031
6900,1,47241,0.955516
6900,2,22251,0.947749
6900,3,6735,0.947466
6900,4,10160,0.940962
6900,5,24254,0.940700
6900,6,7804,0.937380
6900,7,12986,0.933148
6900,8,14552,0.931336
6900,9,3645,0.930498
6900,10,7802,0.930265
6902,1,9821,0.943997
6902,2,5118,0.940452
6902,3,4771,0.940187
6902,4,5844,0.939799
6902,5,25919,0.939412
6902,6,4162,0.937801
6902,7,9835,0.936607
6902,8,5122,0.935332
6902,9,26368,0.934372
6902,10,3701,0.934318
6945,1,29170,0.937351
6945,2,5150,0.931000
6945,3,7017,0.929071
6945,4,14073,0.928340
6945,5,10415,0.927279
6945,6,11525,0.927167
6945,7,30143,0.925258
6945,8,27263,0.923726
6945,9,10512,0.920921
6945,10,21455,0.918847
6958,1,3017,0.995291
6958,2,12649,0.992086
6958,3,13504,0.991936
6958,4,3861,0.991061
6958,5,3846,0.990770
6958,6,21404,0.990702
6958,7,7979,0.990456
6958,8,19992,0.990426
6958,9,7000,0.990150
6958,10,29053,0.989955
6979,1,19556,0.906378
6979,2,25921,0.905575
6979,3,6024,0.904778
6979,4,3573,0.901193
6979,5,5153,0.899330
6979,6,5122,0.899247
6979,7,5807,0.899246
6979,8,6104,0.898062
6979,9,6254,0.897662
6979,10,6232,0.897568
6980,1,8725,0.962505
6980,2,12320,0.959036
6980,3,12277,0.957911
6980,4,8196,0.956048
6980,5,13886,0.955264
6980,6,19839,0.953065
6980,7,8195,0.952991
6980,8,12185,0.952033
6980,9,12460,0.951974
6980,10,13880,0.951427
6982,1,7029,0.541873
6982,2,28612,0.529641
6982,3,12800,0.523681
6982,4,33975,0.519857
6982,5,45779,0.519694
6982,6,7433,0.512547
6982,7,47282,0.511812
6982,8,24707,0.508471
6982,9,32468,0.507188
6982,10,46410,0.504520
6995,1,26275,0.950194
6995,2,24341,0.946980
6995,3,7964,0.946502
6995,4,17876,0.946102
6995,5,13468,0.945194
6995,6,18637,0.944149
6995,7,10358,0.943454
6995,8,49942,0.936265
6995,9,29345,0.934806
6995,10,49940,0.933307
7012,1,4760,0.985878
7012,2,31603,0.984395
7012,3,7283,0.984069
7012,4,4538,0.983750
7012,5,34349,0.983237
7012,6,14067,0.983002
7012,7,13503,0.982537
7012,8,29053,0.982486
7012,9,10856,0.982327
7012,10,12646,0.982273
7020,1,34401,0.845988
7020,2,17262,0.839936
7020,3,12225,0.837036
7020,4,18611,0.831809
7020,5,49942,0.825749
7020,6,48075,0.825747
7020,7,11450,0.825661
7020,8,44850,0.821105
7020,9,23671,0.818307
7020,10,24341,0.817696
7039,1,18665,0.979559
7039,2,11972,0.970801
7039,3,34746,0.969492
7039,4,10160,0.965894
7039,5,39642,0.965666
7039,6,40467,0.965558
7039,7,39643,0.964519
7039,8,24252,0.964352
7039,9,44502,0.963664
7039,10,13077,0.962396
7047,1,23882,0.894548
7047,2,24213,0.892380
7047,3,44749,0.891757
7047,4,24638,0.889612
7047,5,12890,0.885985
7047,6,15408,0.884687
7047,7,12984,0.884574
7047,8,3656,0.884354
7047,9,8530,0.882687
7047,10,4142,0.882509
7062,1,6517,0.988101
7062,2,37698,0.985808
7062,3,29578,0.985473
7062,4,35203,0.984545
7062,5,22668,0.984499
7062,6,6544,0.984127
7062,7,17633,0.983958
7062,8,15925,0.983798
7062,9,30201,0.983730
7062,10,18427,0.983648
7079,1,22683,0.980910
7079,2,22684,0.977776
7079,3,19942,0.977026
7079,4,22646,0.976295
7079,5,7100,0.974791
7079,6,39502,0.974666
7079,7,21198,0.974435
7079,8,22652,0.973021
7079,9,21829,0.972436
7079,10,22645,0.972256
7080,1,9489,0.980996
7080,2,35204,0.978461
7080,3,22969,0.977025
7080,4,4607,0.976741
7080,5,35207,0.976543
7080,6,7121,0.976452
7080,7,19917,0.976120
7080,8,19313,0.976114
7080,9,35192,0.976041
7080,10,35186,0.975694
7083,1,35191,0.987386
7083,2,8352,0.983728
7083,3,22969,0.980338
7083,4,8516,0.980190
7083,5,22654,0.979588
7083,6,21244,0.978272
7083,7,37699,0.978253
7083,8,19918,0.977921
7083,9,38751,0.977519
7083,10,7076,0.976111
7097,1,7854,0.928414
7097,2,39880,0.928385
7097,3,19921,0.927138
7097,4,22653,0.924522
7097,5,7105,0.922021
7097,6,15925,0.921985
7097,7,7118,0.921669
7097,8,5266,0.920948
7097,9,6539,0.920684
7097,10,35208,0.920501
7098,1,1793,0.969514
7098,2,35179,0.967407
7098,3,1647,0.967329
7098,4,51316,0.964579
7098,5,22663,0.963722
7098,6,8516,0.963372
7098,7,9574,0.963305
7098,8,7102,0.963068
7098,9,35203,0.962718
7098,10,9489,0.961880
7110,1,5218,0.986796
7110,2,19944,0.985956
7110,3,31606,0.985292
7110,4,35183,0.985168
7110,5,31607,0.984837
7110,6,38324,0.984365
7110,7,35203,0.984360
7110,8,35197,0.984044
7110,9,35204,0.983345
7110,10,7082,0.982997
7115,1,7611,0.692434
7115,2,42930,0.688260
7115,3,7615,0.668432
7115,4,30160,0.665246
7115,5,7609,0.664920
7115,6,14871,0.663197
7115,7,12413,0.661556
7115,8,8930,0.657837
7115,9,14844,0.656679
7115,10,10680,0.654529
7119,1,5218,0.987763
7119,2,35183,0.987200
7119,3,35184,0.987146
7119,4,9443,0.986300
7119,5,29103,0.986166
7119,6,35204,0.985906
7119,7,6517,0.985765
7119,8,35192,0.985266
7119,9,31607,0.985250
7119,10,15925,0.985208
7120,1,30185,0.961320
7120,2,5272,0.960619
7120,3,7073,0.959444
7120,4,25870,0.959055
7120,5,6119,0.958412
7120,6,4592,0.958151
7120,7,18436,0.957822
7120,8,30196,0.956759
7120,9,18427,0.956535
7120,10,18438,0.956256
7148,1,19608,0.964261
7148,2,26954,0.955508
7148,3,9106,0.951423
7148,4,7204,0.950799
7148,5,8432,0.950036
7148,6,16212,0.949977
7148,7,1989,0.948032
7148,8,19676,0.946848
7148,9,11369,0.946310
7148,10,2555,0.946197
7154,1,33029,0.910599
7154,2,41785,0.888053
7154,3,32565,0.871584
7154,4,10429,0.867986
7154,5,6267,0.867377
7154,6,10499,0.858891
7154,7,45949,0.849091
7154,8,9801,0.845681
7154,9,7697,0.845451
7154,10,37925,0.840662
7157,1,11439,0.845024
7157,2,6267,0.839216
7157,3,41786,0.809233
7157,4,32600,0.798095
7157,5,43699,0.788413
7157,6,49631,0.778369
7157,7,44691,0.774397
7157,8,49776,0.772949
7157,9,11355,0.766443
7157,10,44694,0.764627
7168,1,13486,0.945883
7168,2,8738,0.942578
7168,3,29765,0.940283
7168,4,29292,0.940164
7168,5,6042,0.939514
7168,6,8735,0.939228
7168,7,11695,0.938481
7168,8,25538,0.938323
7168,9,13732,0.937704
7168,10,21117,0.937661
7170,1,34220,0.961307
7170,2,11468,0.960308
7170,3,7167,0.958408
7170,4,26403,0.957497
7170,5,29280,0.957328
7170,6,33935,0.956552
7170,7,33937,0.955649
7170,8,21588,0.954016
7170,9,25539,0.953982
7170,10,12633,0.953926
7188,1,7179,0.989052
7188,2,7182,0.985155
7188,3,7180,0.978483
7188,4,7189,0.974533
7188,5,9147,0.973433
7188,6,9146,0.971828
7188,7,27926,0.971220
7188,8,13351,0.968780
7188,9,9144,0.968341
7188,10,12765,0.968318
7205,1,35267,0.970965
7205,2,33166,0.965887
7205,3,26914,0.964868
7205,4,9153,0.964654
7205,5,41400,0.961712
7205,6,14720,0.961535
7205,7,7208,0.960875
7205,8,37933,0.960014
7205,9,26922,0.959844
7205,10,7201,0.958966
7211,1,40424,0.899578
7211,2,39216,0.895519
7211,3,41777,0.892622
7211,4,21128,0.892520
7211,5,34580,0.891441
7211,6,5115,0.890144
7211,7,41795,0.889967
7211,8,34569,0.889585
7211,9,41377,0.887929
7211,10,20126,0.885157
7214,1,8803,0.980923
7214,2,8800,0.967344
7214,3,11473,0.963934
7214,4,7169,0.963927
7214,5,7166,0.963730
7214,6,19693,0.962945
7214,7,8735,0.962902
7214,8,6042,0.962802
7214,9,25538,0.962496
7214,10,11147,0.961643
7230,1,7228,0.986356
7230,2,8961,0.984271
7230,3,7247,0.982421
7230,4,7241,0.981079
7230,5,7248,0.980612
7230,6,7232,0.979140
7230,7,7254,0.978893
7230,8,7257,0.978213
7230,9,7243,0.977324
7230,10,7250,0.976684
7231,1,7242,0.992479
7231,2,7235,0.989023
7231,3,7223,0.988450
7231,4,7241,0.987796
7231,5,7236,0.987373
7231,6,7234,0.986656
7231,7,7243,0.986586
7231,8,7226,0.986452
7231,9,45614,0.986099
7231,10,7244,0.985684
7237,1,8980,0.929985
7237,2,10533,0.926695
7237,3,9013,0.924397
7237,4,9010,0.922474
7237,5,6487,0.921437
7237,6,3696,0.921224
7237,7,26562,0.914526
7237,8,7037,0.913348
7237,9,34735,0.912174
7237,10,37241,0.910376
7239,1,7242,0.995858
7239,2,7243,0.995606
7239,3,7236,0.994022
7239,4,7241,0.993775
7239,5,7224,0.992130
7239,6,7244,0.991850
7239,7,7247,0.991452
7239,8,7248,0.991270
7239,9,7221,0.991231
7239,10,7234,0.991185
7253,1,39820,0.984250
7253,2,7256,0.982089
7253,3,11876,0.981050
7253,4,11877,0.980668
7253,5,2805,0.980224
7253,6,15364,0.979777
7253,7,11912,0.978754
7253,8,4112,0.978458
7253,9,15067,0.977775
7253,10,11918,0.977254
7262,1,7263,0.954195
7262,2,7238,0.919837
7262,3,34735,0.918405
7262,4,2393,0.909462
7262,5,8980,0.900087
7262,6,6487,0.890301
7262,7,29227,0.888504
7262,8,21083,0.888325
7262,9,7251,0.886821
7262,10,9013,0.885294
7286,1,10869,0.974253
7286,2,29037,0.969523
7286,3,7947,0.969338
7286,4,2853,0.966900
7286,5,7299,0.966813
7286,6,19156,0.966401
7286,7,7130,0.966134
7286,8,11970,0.965645
7286,9,4417,0.965336
7286,10,3519,0.963950
7289,1,7283,0.987935
7289,2,5178,0.987356
7289,3,3202,0.987352
7289,4,14098,0.987146
7289,5,5016,0.987144
7289,6,7292,0.986930
7289,7,4363,0.986708
7289,8,3196,0.986627
7289,9,7287,0.986206
7289,10,7647,0.986100
7304,1,10414,0.941144
7304,2,10343,0.938809
7304,3,11020,0.936141
7304,4,13962,0.935537
7304,5,3952,0.935536
7304,6,8454,0.933941
7304,7,6037,0.933187
7304,8,8445,0.931251
7304,9,21131,0.930120
7304,10,1984,0.930018
7328,1,39287,0.964962
7328,2,13122,0.963016
7328,3,11962,0.962631
7328,4,15069,0.962370
7328,5,28321,0.962168
7328,6,28328,0.962135
7328,7,13128,0.961474
7328,8,28331,0.960560
7328,9,11935,0.960316
7328,10,28332,0.959699
7353,1,18246,0.992211
7353,2,12653,0.990517
7353,3,21399,0.990132
7353,4,31382,0.989331
7353,5,10464,0.989092
7353,6,23172,0.988928
7353,7,11780,0.988413
7353,8,6939,0.988062
7353,9,13503,0.987988
7353,10,4084,0.987762
7357,1,9310,0.971625
7357,2,31680,0.970382
7357,3,7927,0.970108
7357,4,7446,0.967717
7357,5,10448,0.967131
7357,6,6932,0.964813
7357,7,4801,0.964716
7357,8,17234,0.964644
7357,9,19482,0.964404
7357,10,6780,0.964357
7380,1,7322,0.971588
7380,2,40452,0.965316
7380,3,2368,0.959634
7380,4,12864,0.959101
7380,5,11891,0.958533
7380,6,12479,0.957710
7380,7,16182,0.957064
7380,8,7331,0.956989
7380,9,12480,0.956916
7380,10,2371,0.956797
7387,1,7400,0.992149
7387,2,12520,0.991874
7387,3,7408,0.990189
7387,4,7397,0.987482
7387,5,7392,0.987161
7387,6,50744,0.986994
7387,7,50775,0.985044
7387,8,10276,0.984956
7387,9,7372,0.984919
7387,10,11885,0.984732
7391,1,7408,0.987446
7391,2,7372,0.980629
7391,3,12520,0.979867
7391,4,7400,0.979433
7391,5,7406,0.979207
7391,6,7399,0.978577
7391,7,11885,0.978053
7391,8,50744,0.978042
7391,9,18876,0.977900
7391,10,8959,0.977827
7409,1,15841,0.966233
7409,2,46019,0.965244
7409,3,21878,0.964039
7409,4,28908,0.963769
7409,5,28707,0.963719
7409,6,7419,0.962846
7409,7,31315,0.962824
7409,8,12071,0.961245
7409,9,28750,0.960193
7409,10,40571,0.959825
7418,1,31314,0.973712
7418,2,11537,0.973662
7418,3,28731,0.970697
7418,4,45843,0.969682
7418,5,31322,0.969563
7418,6,12067,0.969478
7418,7,28709,0.969320
7418,8,28724,0.968746
7418,9,28702,0.968691
7418,10,43265,0.968380
7420,1,11608,0.965955
7420,2,19083,0.959535
7420,3,15834,0.957951
7420,4,28705,0.957318
7420,5,12075,0.956939
7420,6,11594,0.956691
7420,7,15831,0.956074
7420,8,22040,0.955457
7420,9,12078,0.955457
7420,10,28711,0.954839
7434,1,19401,0.958413
7434,2,15211,0.953729
7434,3,34217,0.952474
7434,4,18859,0.950220
7434,5,8718,0.949866
7434,6,15166,0.949101
7434,7,13420,0.947730
7434,8,31680,0.947692
7434,9,10833,0.947613
7434,10,27593,0.947564
7443,1,17284,0.965684
7443,2,16123,0.959752
7443,3,23669,0.959346
7443,4,12196,0.958082
7443,5,45536,0.956632
7443,6,5082,0.955856
7443,7,16487,0.955695
7443,8,18618,0.954871
7443,9,17237,0.953718
7443,10,22337,0.953271
7451,1,33936,0.966005
7451,2,18619,0.965345
7451,3,34222,0.959866
7451,4,13467,0.957109
7451,5,3926,0.952883
7451,6,24314,0.952727
7451,7,26385,0.952050
7451,8,11423,0.951803
7451,9,11462,0.951223
7451,10,2338,0.950776
7452,1,19992,0.982730
7452,2,7441,0.982577
7452,3,16436,0.982278
7452,4,7829,0.981964
7452,5,3861,0.981928
7452,6,17253,0.981847
7452,7,11780,0.981014
7452,8,8274,0.980917
7452,9,12918,0.980742
7452,10,7453,0.980604
7465,1,15165,0.979164
7465,2,29598,0.978339
7465,3,9310,0.975111
7465,4,10833,0.972746
7465,5,8608,0.972672
7465,6,19148,0.971932
7465,7,6984,0.971834
7465,8,34224,0.971101
7465,9,10834,0.971066
7465,10,6787,0.971042
7468,1,14315,0.953904
7468,2,8401,0.951088
7468,3,4798,0.947756
7468,4,27594,0.946416
7468,5,4816,0.944009
7468,6,16124,0.943524
7468,7,33570,0.943215
7468,8,19554,0.942991
7468,9,29045,0.942662
7468,10,33070,0.942014
7471,1,37982,0.968435
7471,2,33939,0.966505
7471,3,19483,0.961604
7471,4,7446,0.959213
7471,5,19482,0.959201
7471,6,31680,0.957442
7471,7,40036,0.956840
7471,8,7440,0.955272
7471,9,7438,0.954808
7471,10,27593,0.953000
7488,1,7510,0.994752
7488,2,7490,0.992255
7488,3,7489,0.992222
7488,4,43076,0.991751
7488,5,28632,0.990975
7488,6,7507,0.990796
7488,7,43074,0.990366
7488,8,32632,0.989028
7488,9,28521,0.987360
7488,10,7492,0.986301
7493,1,7514,0.997837
7493,2,43074,0.986713
7493,3,43076,0.984764
7493,4,7510,0.983497
7493,5,7490,0.983386
7493,6,7492,0.980431
7493,7,7507,0.979703
7493,8,7544,0.979098
7493,9,21593,0.978002
7493,10,32632,0.977650
7499,1,9966,0.943636
7499,2,24556,0.940854
7499,3,32654,0.920375
7499,4,30590,0.914834
7499,5,38612,0.914127
7499,6,7515,0.911320
7499,7,10030,0.910040
7499,8,2267,0.909912
7499,9,2294,0.904200
7499,10,7482,0.902922
7528,1,7596,0.945830
7528,2,14019,0.943940
7528,3,32657,0.940541
7528,4,28639,0.937129
7528,5,38627,0.936693
7528,6,2275,0.932073
7528,7,10610,0.931601
7528,8,30586,0.931039
7528,9,28508,0.930513
7528,10,28621,0.930151
7529,1,7551,0.950641
7529,2,44221,0.944060
7529,3,30586,0.935684
7529,4,7591,0.934036
7529,5,5448,0.932501
7529,6,28639,0.931274
7529,7,44225,0.928911
7529,8,17918,0.928840
7529,9,4756,0.927578
7529,10,28534,0.926728
7549,1,7547,0.995012
7549,2,4829,0.994652
7549,3,4831,0.994203
7549,4,5458,0.994123
7549,5,7537,0.993922
7549,6,9967,0.993485
7549,7,6519,0.992671
7549,8,3481,0.992240
7549,9,7553,0.992195
7549,10,8020,0.992116
7565,1,17922,0.974418
7565,2,31455,0.958602
7565,3,38558,0.950072
7565,4,22601,0.949022
7565,5,30585,0.948013
7565,6,38621,0.947506
7565,7,30588,0.946684
7565,8,32628,0.946430
7565,9,2260,0.944360
7565,10,25027,0.943608
7569,1,9557,0.988300
7569,2,7535,0.984486
7569,3,14004,0.981586
7569,4,9552,0.980769
7569,5,5545,0.980379
7569,6,9959,0.979884
7569,7,7520,0.979277
7569,8,6562,0.978312
7569,9,2279,0.977891
7569,10,14005,0.977886
7583,1,1678,0.709245
7583,2,3706,0.698334
7583,3,5836,0.692734
7583,4,3451,0.692088
7583,5,7450,0.691597
7583,6,7508,0.689648
7583,7,43065,0.686003
7583,8,1811,0.685531
7583,9,38580,0.684968
7583,10,7591,0.683988
7584,1,1730,0.949655
7584,2,8532,0.947554
7584,3,3454,0.946397
7584,4,7601,0.945727
7584,5,44754,0.943614
7584,6,44738,0.942402
7584,7,3294,0.941934
7584,8,3151,0.941333
7584,9,20874,0.940399
7584,10,7826,0.940307
7589,1,18481,0.936577
7589,2,18406,0.931690
7589,3,37241,0.928258
7589,4,9033,0.925684
7589,5,22242,0.923767
7589,6,23840,0.921604
7589,7,5697,0.920127
7589,8,17057,0.919532
7589,9,2800,0.917273
7589,10,22840,0.916887
7597,1,13922,0.942701
7597,2,5641,0.941979
7597,3,14346,0.936777
7597,4,9213,0.926713
7597,5,13182,0.926165
7597,6,42144,0.924236
7597,7,3295,0.922497
7597,8,15408,0.922395
7597,9,23836,0.922171
7597,10,23500,0.921550
7605,1,13213,0.943573
7605,2,5569,0.939826
7605,3,21727,0.937740
7605,4,5476,0.937355
7605,5,17741,0.935238
7605,6,15745,0.934037
7605,7,10078,0.933886
7605,8,13681,0.933203
7605,9,8085,0.932911
7605,10,9392,0.932189
7607,1,9538,0.974182
7607,2,15646,0.972839
7607,3,15647,0.969464
7607,4,22623,0.968544
7607,5,31463,0.967940
7607,6,28562,0.967216
7607,7,43064,0.967164
7607,8,9545,0.964100
7607,9,28546,0.963415
7607,10,7558,0.962780
7616,1,5856,0.653880
7616,2,7608,0.631747
7616,3,7614,0.631625
7616,4,40764,0.620890
7616,5,40763,0.619224
7616,6,41527,0.606862
7616,7,21497,0.603226
7616,8,41854,0.601452
7616,9,7612,0.597712
7616,10,42937,0.597470
7625,1,48112,0.945327
7625,2,38403,0.938140
7625,3,20070,0.934519
7625,4,48125,0.930951
7625,5,20976,0.929545
7625,6,48116,0.928634
7625,7,38413,0.927967
7625,8,37060,0.927339
7625,9,48118,0.927323
7625,10,20998,0.925046
7638,1,38403,0.966498
7638,2,14589,0.959836
7638,3,20546,0.959191
7638,4,48116,0.959120
7638,5,17066,0.957730
7638,6,38487,0.956951
7638,7,48118,0.956310
7638,8,38409,0.955559
7638,9,20998,0.954827
7638,10,38416,0.954255
7640,1,3721,0.810248
7640,2,8927,0.797848
7640,3,3710,0.795571
7640,4,45313,0.792456
7640,5,8111,0.792078
7640,6,25755,0.790892
7640,7,8917,0.789498
7640,8,7632,0.789335
7640,9,48539,0.789192
7640,10,10331,0.788485
7644,1,46305,0.873285
7644,2,27830,0.852414
7644,3,14592,0.850652
7644,4,46306,0.848759
7644,5,41242,0.848244
7644,6,41243,0.848052
7644,7,14823,0.847741
7644,8,19895,0.847094
7644,9,8123,0.844071
7644,10,42960,0.843157
7661,1,7675,0.824452
7661,2,29109,0.798455
7661,3,32157,0.749335
7661,4,25436,0.747629
7661,5,18590,0.735799
7661,6,7680,0.734057
7661,7,43556,0.732384
7661,8,9371,0.729131
7661,9,43555,0.728978
7661,10,2214,0.728557
7706,1,14119,0.952657
7706,2,8461,0.952631
7706,3,10510,0.949722
7706,4,30144,0.949092
7706,5,19600,0.949008
7706,6,16147,0.948951
7706,7,26360,0.948906
7706,8,16145,0.946475
7706,9,46276,0.945247
7706,10,16146,0.945071
7714,1,7592,0.906054
7714,2,1541,0.902647
7714,3,23852,0.898178
7714,4,15310,0.897064
7714,5,6669,0.896905
7714,6,40321,0.895329
7714,7,3692,0.894089
7714,8,46797,0.893561
7714,9,35932,0.893353
7714,10,5461,0.892980
7723,1,20955,0.923730
7723,2,23096,0.904719
7723,3,6463,0.881570
7723,4,42092,0.867850
7723,5,6382,0.863322
7723,6,16248,0.862937
7723,7,8077,0.861332
7723,8,15387,0.856895
7723,9,6442,0.854570
7723,10,35578,0.853007
7736,1,44622,0.880358
7736,2,12439,0.877676
7736,3,17533,0.862379
7736,4,49802,0.843124
7736,5,22605,0.842750
7736,6,48536,0.841434
7736,7,9436,0.823418
7736,8,19969,0.819000
7736,9,41533,0.807526
7736,10,48535,0.802621
7749,1,17262,0.940407
7749,2,6033,0.930685
7749,3,16932,0.927706
7749,4,44850,0.927090
7749,5,12225,0.924472
7749,6,6116,0.923146
7749,7,24314,0.922570
7749,8,44834,0.915498
7749,9,2331,0.915433
7749,10,21364,0.914706
7751,1,6116,0.957048
7751,2,49942,0.950049
7751,3,13468,0.945344
7751,4,6033,0.942904
7751,5,7964,0.941566
7751,6,17262,0.940630
7751,7,24341,0.939887
7751,8,49941,0.937940
7751,9,16932,0.937866
7751,10,24314,0.931111
7778,1,25442,0.962745
7778,2,13901,0.942007
7778,3,17821,0.939164
7778,4,22098,0.937420
7778,5,7777,0.937073
7778,6,24463,0.936920
7778,7,7779,0.936184
7778,8,13070,0.933977
7778,9,24822,0.929664
7778,10,15241,0.928243
7788,1,7801,0.981055
7788,2,7787,0.978586
7788,3,7811,0.972811
7788,4,13711,0.968953
7788,5,6780,0.968800
7788,6,7677,0.967854
7788,7,26264,0.965254
7788,8,15211,0.960504
7788,9,7785,0.960287
7788,10,31246,0.959987
7795,1,7820,0.991624
7795,2,33954,0.987924
7795,3,23873,0.986967
7795,4,40080,0.986838
7795,5,7948,0.985371
7795,6,31363,0.985150
7795,7,10443,0.984854
7795,8,31581,0.984467
7795,9,3768,0.984070
7795,10,7789,0.983994
7797,1,5929,0.895932
7797,2,2812,0.893736
7797,3,29574,0.891350
7797,4,5933,0.891301
7797,5,5326,0.890740
7797,6,38647,0.888678
7797,7,17759,0.886703
7797,8,4627,0.885340
7797,9,3659,0.884474
7797,10,2965,0.878553
7833,1,25404,0.930659
7833,2,3595,0.920058
7833,3,3790,0.913537
7833,4,6434,0.910881
7833,5,13083,0.910351
7833,6,3596,0.910333
7833,7,19771,0.905432
7833,8,7048,0.903946
7833,9,3246,0.898511
7833,10,26651,0.896739
7837,1,26268,0.985793
7837,2,14060,0.981070
7837,3,13951,0.980827
7837,4,29021,0.979683
7837,5,7996,0.978901
7837,6,13435,0.978887
7837,7,7817,0.978855
7837,8,10822,0.977446
7837,9,29014,0.977372
7837,10,16127,0.977059
7846,1,7716,0.924102
7846,2,9060,0.921577
7846,3,9274,0.920470
7846,4,13116,0.920150
7846,5,25420,0.916859
7846,6,15249,0.915668
7846,7,5699,0.913818
7846,8,9213,0.911261
7846,9,22543,0.909229
7846,10,29562,0.905772
7847,1,6097,0.981810
7847,2,16493,0.978788
7847,3,10467,0.978156
7847,4,31263,0.974204
7847,5,19806,0.973715
7847,6,17935,0.971325
7847,7,4421,0.971268
7847,8,12503,0.970720
7847,9,11395,0.969743
7847,10,37977,0.968998
7851,1,6160,0.952536
7851,2,19806,0.951864
7851,3,18940,0.951597
7851,4,13157,0.949904
7851,5,38970,0.949234
7851,6,12935,0.948742
7851,7,32461,0.948202
7851,8,13423,0.948002
7851,9,40092,0.947274
7851,10,19805,0.946957
7859,1,16423,0.990378
7859,2,29049,0.990263
7859,3,1950,0.989558
7859,4,31599,0.989535
7859,5,13953,0.989134
7859,6,14068,0.989021
7859,7,14098,0.988512
7859,8,31037,0.988491
7859,9,3880,0.988184
7859,10,12653,0.988181
7863,1,2826,0.987945
7863,2,50740,0.986001
7863,3,7881,0.984395
7863,4,7858,0.982901
7863,5,7860,0.982467
7863,6,7864,0.982287
7863,7,17822,0.982262
7863,8,7397,0.981930
7863,9,47187,0.981444
7863,10,39262,0.979605
7865,1,42106,0.971505
7865,2,7679,0.970869
7865,3,7943,0.966990
7865,4,26719,0.966334
7865,5,40059,0.965316
7865,6,29035,0.964422
7865,7,19404,0.963988
7865,8,17259,0.963958
7865,9,6038,0.963509
7865,10,17271,0.963255
7875,1,7882,0.989226
7875,2,7902,0.988633
7875,3,13112,0.986417
7875,4,42115,0.985530
7875,5,32457,0.985135
7875,6,14940,0.985035
7875,7,22814,0.984756
7875,8,7892,0.983390
7875,9,9950,0.981823
7875,10,32429,0.981710
7915,1,27594,0.974896
7915,2,30321,0.974882
7915,3,44886,0.973735
7915,4,18860,0.973357
7915,5,17253,0.972734
7915,6,7913,0.972236
7915,7,7005,0.971527
7915,8,16436,0.971439
7915,9,8268,0.971120
7915,10,33081,0.971080
7930,1,7801,0.976840
7930,2,7811,0.974729
7930,3,7787,0.973253
7930,4,13711,0.964756
7930,5,7803,0.960435
7930,6,7677,0.959076
7930,7,15581,0.958745
7930,8,15211,0.957802
7930,9,44342,0.957731
7930,10,31246,0.957017
7936,1,3544,0.985232
7936,2,7340,0.985098
7936,3,21399,0.984971
7936,4,13513,0.983989
7936,5,31590,0.983912
7936,6,8017,0.983734
7936,7,24022,0.983608
7936,8,7650,0.983021
7936,9,10836,0.982728
7936,10,5671,0.982661
7960,1,31264,0.939470
7960,2,20312,0.933275
7960,3,26488,0.931885
7960,4,26278,0.926860
7960,5,15931,0.924788
7960,6,14094,0.923897
7960,7,19244,0.922285
7960,8,7943,0.920669
7960,9,33589,0.920051
7960,10,40080,0.919904
7963,1,6060,0.953507
7963,2,48435,0.948805
7963,3,11391,0.947087
7963,4,16122,0.946938
7963,5,44862,0.945995
7963,6,10410,0.945270
7963,7,17238,0.944138
7963,8,48417,0.942980
7963,9,42173,0.942897
7963,10,6110,0.942323
7971,1,44447,0.916254
7971,2,17817,0.914257
7971,3,4446,0.904765
7971,4,4647,0.904054
7971,5,44443,0.903408
7971,6,4447,0.903162
7971,7,41857,0.898969
7971,8,26707,0.898755
7971,9,44573,0.897437
7971,10,5617,0.897163
8011,1,9180,0.983340
8011,2,16436,0.983295
8011,3,23179,0.982595
8011,4,29605,0.982588
8011,5,23963,0.982110
8011,6,30302,0.982099
8011,7,6939,0.981996
8011,8,7008,0.981881
8011,9,9337,0.981870
8011,10,10873,0.981846
8064,1,49529,0.748697
8064,2,35142,0.742769
8064,3,21969,0.738894
8064,4,2667,0.737225
8064,5,18029,0.733614
8064,6,21968,0.730223
8064,7,42890,0.728929
8064,8,31925,0.721386
8064,9,21977,0.721352
8064,10,42846,0.718592
8066,1,21808,0.874790
8066,2,36924,0.866618
8066,3,27763,0.864826
8066,4,27762,0.864045
8066,5,37874,0.863785
8066,6,27796,0.863713
8066,7,38360,0.862593
8066,8,44604,0.859023
8066,9,27778,0.859018
8066,10,27782,0.858899
8087,1,23858,0.928999
8087,2,23864,0.927108
8087,3,5046,0.924228
8087,4,6467,0.923602
8087,5,12694,0.921104
8087,6,31685,0.920408
8087,7,6446,0.920341
8087,8,25480,0.919705
8087,9,8346,0.919442
8087,10,39677,0.919074
8106,1,11485,0.974205
8106,2,32366,0.974104
8106,3,11202,0.972771
8106,4,11191,0.972752
8106,5,29472,0.972580
8106,6,43177,0.972365
8106,7,46425,0.971964
8106,8,46572,0.971866
8106,9,33892,0.971716
8106,10,43200,0.971387
8115,1,21711,0.975675
8115,2,36898,0.971836
8115,3,46427,0.970438
8115,4,29422,0.969518
8115,5,41050,0.968965
8115,6,11188,0.968420
8115,7,21712,0.968322
8115,8,32293,0.968282
8115,9,45027,0.968116
8115,10,33891,0.966832
8125,1,47161,0.994697
8125,2,42957,0.993368
8125,3,36015,0.991685
8125,4,36024,0.991654
8125,5,42943,0.990819
8125,6,25748,0.990416
8125,7,36018,0.990410
8125,8,41536,0.989863
8125,9,14833,0.989244
8125,10,37440,0.988732
8126,1,8123,0.981610
8126,2,8118,0.972925
8126,3,18811,0.972190
8126,4,8122,0.970874
8126,5,8921,0.970349
8126,6,34801,0.970109
8126,7,19510,0.969261
8126,8,34803,0.968921
8126,9,18565,0.968380
8126,10,14834,0.967924
8132,1,43156,0.956598
8132,2,28440,0.953305
8132,3,25615,0.950475
8132,4,47992,0.947742
8132,5,28434,0.947676
8132,6,19273,0.945999
8132,7,28433,0.945753
8132,8,33916,0.945741
8132,9,43194,0.945571
8132,10,19249,0.944850
8134,1,31853,0.968360
8134,2,51514,0.967099
8134,3,31851,0.962809
8134,4,46463,0.957941
8134,5,51561,0.956477
8134,6,25649,0.956307
8134,7,43189,0.956131
8134,8,32359,0.955620
8134,9,45273,0.953487
8134,10,45191,0.953236
8135,1,45179,0.918886
8135,2,25658,0.918316
8135,3,37291,0.905427
8135,4,37292,0.905417
8135,5,51520,0.903946
8135,6,45293,0.903608
8135,7,30036,0.903283
8135,8,36756,0.903189
8135,9,43162,0.901604
8135,10,25662,0.901343
8143,1,45232,0.929404
8143,2,46486,0.928967
8143,3,31820,0.927940
8143,4,30178,0.925140
8143,5,32286,0.924395
8143,6,46541,0.924073
8143,7,46420,0.923444
8143,8,30165,0.923212
8143,9,40523,0.923065
8143,10,48030,0.922748
8152,1,8265,0.989997
8152,2,12193,0.989823
8152,3,16038,0.989382
8152,4,12178,0.989119
8152,5,9708,0.988984
8152,6,8154,0.987860
8152,7,10484,0.987548
8152,8,8166,0.987539
8152,9,15703,0.987301
8152,10,12172,0.986681
8157,1,41610,0.991011
8157,2,16031,0.990574
8157,3,23205,0.990574
8157,4,8183,0.990499
8157,5,33062,0.990316
8157,6,12186,0.990300
8157,7,20161,0.990053
8157,8,9708,0.989963
8157,9,11089,0.989539
8157,10,12178,0.989538
8167,1,16039,0.980691
8167,2,8160,0.980684
8167,3,12172,0.979721
8167,4,26412,0.978497
8167,5,8147,0.977623
8167,6,16394,0.976840
8167,7,13849,0.976754
8167,8,14668,0.975935
8167,9,8150,0.975855
8167,10,12180,0.975440
8186,1,9711,0.991016
8186,2,8149,0.990830
8186,3,40254,0.989232
8186,4,8183,0.989022
8186,5,15972,0.988829
8186,6,9605,0.988332
8186,7,24066,0.988232
8186,8,9708,0.988089
8186,9,13389,0.988073
8186,10,20180,0.988006
8190,1,8196,0.988011
8190,2,8195,0.984983
8190,3,31655,0.983520
8190,4,12908,0.980547
8190,5,33057,0.980195
8190,6,12910,0.979879
8190,7,8189,0.979800
8190,8,36861,0.979797
8190,9,8188,0.979593
8190,10,12185,0.979419
8207,1,20315,0.993760
8207,2,20332,0.988528
8207,3,9337,0.987863
8207,4,24059,0.987678
8207,5,7359,0.987351
8207,6,10465,0.987211
8207,7,31382,0.987105
8207,8,34349,0.986899
8207,9,16501,0.986802
8207,10,3993,0.986493
8218,1,6751,0.977885
8218,2,5580,0.968438
8218,3,25445,0.963699
8218,4,1637,0.961677
8218,5,22488,0.960682
8218,6,29257,0.960486
8218,7,8346,0.960156
8218,8,44231,0.959441
8218,9,8092,0.957250
8218,10,23932,0.956763
8224,1,20964,0.644554
8224,2,14491,0.639049
8224,3,8248,0.638310
8224,4,35670,0.635813
8224,5,27039,0.633660
8224,6,21737,0.622337
8224,7,24259,0.621420
8224,8,6389,0.619835
8224,9,26542,0.619321
8224,10,25716,0.617731
8228,1,42867,0.832373
8228,2,20929,0.811923
8228,3,51323,0.798566
8228,4,21944,0.796716
8228,5,33453,0.795606
8228,6,38453,0.794769
8228,7,38448,0.789899
8228,8,25720,0.789467
8228,9,33428,0.784239
8228,10,37002,0.781492
8234,1,33212,0.539481
8234,2,33539,0.536940
8234,3,17616,0.536780
8234,4,12494,0.534272
8234,5,10694,0.532410
8234,6,30930,0.530645
8234,7,6595,0.530371
8234,8,26969,0.528630
8234,9,4621,0.528282
8234,10,6598,0.526933
8236,1,47648,0.996420
8236,2,10638,0.994485
8236,3,19372,0.994365
8236,4,2375,0.994255
8236,5,6503,0.994143
8236,6,47227,0.993674
8236,7,40449,0.993170
8236,8,44417,0.993169
8236,9,22136,0.993152
8236,10,24628,0.993147
8240,1,31922,0.840226
8240,2,20524,0.834294
8240,3,47329,0.833942
8240,4,47330,0.833459
8240,5,24737,0.828801
8240,6,49555,0.826991
8240,7,37002,0.825555
8240,8,49529,0.824392
8240,9,16761,0.824253
8240,10,26435,0.824028
8243,1,4343,0.730478
8243,2,3696,0.729339
8243,3,34735,0.727490
8243,4,8980,0.725031
8243,5,6487,0.717642
8243,6,7037,0.715855
8243,7,34827,0.712412
8243,8,4338,0.707854
8243,9,17833,0.707565
8243,10,3651,0.707321
8244,1,42987,0.656267
8244,2,17830,0.642993
8244,3,5243,0.636839
8244,4,38528,0.636730
8244,5,31951,0.635930
8244,6,4332,0.633843
8244,7,24255,0.628940
8244,8,8966,0.628794
8244,9,3256,0.628233
8244,10,1653,0.627496
8250,1,47316,0.731817
8250,2,21523,0.715123
8250,3,44250,0.714264
8250,4,35142,0.708395
8250,5,48186,0.706541
8250,6,27038,0.698568
8250,7,21487,0.698071
8250,8,21968,0.696656
8250,9,20933,0.693317
8250,10,21505,0.692695
8252,1,42839,0.917405
8252,2,49556,0.913762
8252,3,34892,0.913051
8252,4,8253,0.912388
8252,5,25238,0.911999
8252,6,47359,0.911590
8252,7,10729,0.909904
8252,8,47372,0.908613
8252,9,51931,0.908245
8252,10,33404,0.907949
8254,1,8253,0.956035
8254,2,4604,0.950569
8254,3,35902,0.950102
8254,4,48188,0.949809
8254,5,43570,0.948607
8254,6,22000,0.947851
8254,7,25240,0.945071
8254,8,34760,0.944424
8254,9,50184,0.944317
8254,10,4603,0.944129
8257,1,21539,0.951419
8257,2,47342,0.948019
8257,3,34771,0.946571
8257,4,29068,0.946394
8257,5,42838,0.946305
8257,6,18035,0.946129
8257,7,8255,0.945044
8257,8,20509,0.944608
8257,9,27059,0.944038
8257,10,17125,0.943931
8258,1,41437,0.952388
8258,2,26695,0.951338
8258,3,43242,0.951153
8258,4,12975,0.950922
8258,5,17746,0.949560
8258,6,25486,0.947936
8258,7,36462,0.947711
8258,8,40480,0.947149
8258,9,4993,0.946491
8258,10,43235,0.946087
8260,1,34877,0.936099
8260,2,34898,0.928071
8260,3,34865,0.924498
8260,4,34889,0.919283
8260,5,43334,0.916247
8260,6,34886,0.911899
8260,7,16762,0.911667
8260,8,5853,0.910374
8260,9,5854,0.910009
8260,10,25168,0.908990
8271,1,4051,0.986639
8271,2,13503,0.985895
8271,3,3861,0.985306
8271,4,8274,0.984531
8271,5,4053,0.984282
8271,6,4085,0.984280
8271,7,6715,0.984102
8271,8,18246,0.983320
8271,9,19992,0.983127
8271,10,4417,0.982997
8277,1,3017,0.988556
8277,2,3859,0.988199
8277,3,8040,0.987515
8277,4,44873,0.986645
8277,5,7641,0.986480
8277,6,3846,0.985975
8277,7,3861,0.985850
8277,8,14056,0.985685
8277,9,10827,0.985440
8277,10,23627,0.985087
8279,1,8280,0.981458
8279,2,23178,0.979608
8279,3,23174,0.979253
8279,4,19980,0.978509
8279,5,13508,0.978069
8279,6,20330,0.976968
8279,7,23176,0.976509
8279,8,16634,0.976390
8279,9,9940,0.976163
8279,10,29164,0.975788
8293,1,8288,0.985017
8293,2,12053,0.977779
8293,3,33574,0.976311
8293,4,16287,0.976239
8293,5,4385,0.975015
8293,6,4763,0.974924
8293,7,28935,0.974742
8293,8,13499,0.974135
8293,9,5797,0.973812
8293,10,4259,0.973008
8304,1,4159,0.965911
8304,2,20874,0.961185
8304,3,7601,0.959857
8304,4,20875,0.959585
8304,5,7753,0.959585
8304,6,1832,0.958022
8304,7,19309,0.956553
8304,8,25458,0.955092
8304,9,3302,0.953539
8304,10,9112,0.951208
8319,1,4970,0.983038
8319,2,37598,0.982891
8319,3,4199,0.982588
8319,4,36321,0.982461
8319,5,39857,0.981031
8319,6,35891,0.980810
8319,7,4189,0.980793
8319,8,36718,0.980234
8319,9,8340,0.980218
8319,10,31149,0.980038
8328,1,40124,0.983937
8328,2,8326,0.981529
8328,3,41305,0.977508
8328,4,36318,0.971991
8328,5,35875,0.971751
8328,6,25035,0.970911
8328,7,17615,0.970053
8328,8,25504,0.969925
8328,9,8357,0.969835
8328,10,38986,0.969460
8345,1,4996,0.924883
8345,2,25415,0.924559
8345,3,15709,0.920311
8345,4,22491,0.918530
8345,5,26602,0.917822
8345,6,43349,0.917271
8345,7,28602,0.915326
8345,8,5536,0.914931
8345,9,23852,0.914107
8345,10,6646,0.913410
8350,1,13234,0.856255
8350,2,3746,0.831516
8350,3,10683,0.825203
8350,4,5423,0.819925
8350,5,4870,0.810918
8350,6,4888,0.804928
8350,7,12592,0.797384
8350,8,12585,0.794419
8350,9,10662,0.793779
8350,10,4313,0.791239
8364,1,5428,0.982998
8364,2,33256,0.980258
8364,3,8358,0.979520
8364,4,8382,0.978120
8364,5,5416,0.976773
8364,6,8372,0.976152
8364,7,8418,0.974193
8364,8,5418,0.973648
8364,9,5438,0.973304
8364,10,8361,0.973163
8377,1,21189,0.951791
8377,2,44279,0.946149
8377,3,7072,0.944947
8377,4,38739,0.943148
8377,5,21193,0.943087
8377,6,29100,0.942451
8377,7,37688,0.942082
8377,8,38746,0.941797
8377,9,42934,0.941532
8377,10,30188,0.941041
8391,1,36862,0.965544
8391,2,4195,0.960218
8391,3,3712,0.958776
8391,4,6097,0.956713
8391,5,36184,0.954282
8391,6,19566,0.953870
8391,7,6243,0.952629
8391,8,26238,0.952522
8391,9,12503,0.952067
8391,10,16493,0.952040
8397,1,9950,0.992520
8397,2,9079,0.989262
8397,3,22814,0.985562
8397,4,7895,0.985243
8397,5,9095,0.984354
8397,6,9672,0.984098
8397,7,19948,0.983379
8397,8,14937,0.983123
8397,9,7902,0.982955
8397,10,9673,0.982481
8409,1,12614,0.917114
8409,2,44876,0.911478
8409,3,3780,0.909970
8409,4,19807,0.906977
8409,5,30293,0.905950
8409,6,12055,0.904991
8409,7,13156,0.904107
8409,8,45534,0.901942
8409,9,5719,0.901657
8409,10,3476,0.900932
8411,1,31797,0.966133
8411,2,14507,0.964434
8411,3,13433,0.959365
8411,4,8003,0.959149
8411,5,19400,0.957378
8411,6,8390,0.952202
8411,7,7862,0.951644
8411,8,19632,0.951269
8411,9,40098,0.950958
8411,10,42110,0.950360
8437,1,11097,0.904458
8437,2,44799,0.903956
8437,3,40421,0.900675
8437,4,19600,0.899918
8437,5,16139,0.895777
8437,6,33212,0.894560
8437,7,21158,0.889780
8437,8,4778,0.887818
8437,9,16146,0.885072
8437,10,7362,0.884681
8439,1,26361,0.973249
8439,2,8443,0.969607
8439,3,19609,0.968648
8439,4,25925,0.968456
8439,5,19686,0.968382
8439,6,19014,0.967592
8439,7,41406,0.967539
8439,8,10496,0.966742
8439,9,8440,0.966532
8439,10,14718,0.965462
8442,1,32451,0.979430
8442,2,8443,0.974649
8442,3,26361,0.972424
8442,4,26360,0.971498
8442,5,31788,0.970789
8442,6,25923,0.970574
8442,7,19014,0.969213
8442,8,2605,0.968763
8442,9,14718,0.968463
8442,10,24566,0.968372
8453,1,11668,0.972491
8453,2,12539,0.969340
8453,3,16828,0.968797
8453,4,3687,0.968178
8453,5,17851,0.968025
8453,6,22225,0.967922
8453,7,19013,0.967649
8453,8,5835,0.967502
8453,9,27352,0.967336
8453,10,26869,0.967255
8457,1,8461,0.964797
8457,2,26875,0.962918
8457,3,1984,0.961129
8457,4,26360,0.959179
8457,5,10414,0.957735
8457,6,8443,0.957631
8457,7,8445,0.957085
8457,8,32451,0.957023
8457,9,41406,0.956348
8457,10,13956,0.955891
8473,1,35259,0.951396
8473,2,27865,0.950160
8473,3,37948,0.949168
8473,4,20138,0.947095
8473,5,39727,0.946249
8473,6,27867,0.942902
8473,7,44702,0.942259
8473,8,20134,0.942182
8473,9,48093,0.942045
8473,10,34496,0.941853
8475,1,8476,0.975318
8475,2,46274,0.924966
8475,3,19737,0.915765
8475,4,49660,0.913607
8475,5,34001,0.909204
8475,6,40435,0.907724
8475,7,37223,0.906489
8475,8,39223,0.904448
8475,9,11012,0.904296
8475,10,43638,0.901910
8478,1,6987,0.883031
8478,2,51440,0.877793
8478,3,18737,0.877282
8478,4,43670,0.876944
8478,5,45955,0.876933
8478,6,26906,0.876232
8478,7,26916,0.872229
8478,8,32584,0.871797
8478,9,25705,0.871122
8478,10,44645,0.870112
8484,1,51999,0.899386
8484,2,43652,0.874257
8484,3,43302,0.873154
8484,4,8486,0.872220
8484,5,32581,0.871713
8484,6,49634,0.871292
8484,7,32577,0.871005
8484,8,41765,0.870497
8484,9,37929,0.869019
8484,10,42591,0.867908
8487,1,34962,0.904948
8487,2,50899,0.903569
8487,3,31074,0.894340
8487,4,45996,0.891622
8487,5,50884,0.891477
8487,6,31886,0.891140
8487,7,50850,0.890631
8487,8,50908,0.889877
8487,9,34997,0.889179
8487,10,42331,0.887172
8492,1,21422,0.963555
8492,2,8491,0.961567
8492,3,6312,0.960373
8492,4,33756,0.957605
8492,5,40435,0.957418
8492,6,25541,0.956637
8492,7,43700,0.956065
8492,8,7307,0.955809
8492,9,32401,0.953613
8492,10,49652,0.953489
8495,1,4930,0.864118
8495,2,10351,0.857407
8495,3,4929,0.856183
8495,4,8496,0.855557
8495,5,6857,0.855486
8495,6,6864,0.853768
8495,7,8494,0.853510
8495,8,27231,0.853193
8495,9,6862,0.852033
8495,10,40434,0.851353
8513,1,35203,0.981313
8513,2,25870,0.980369
8513,3,35187,0.978923
8513,4,4582,0.978083
8513,5,4592,0.977635
8513,6,18427,0.977389
8513,7,29314,0.976917
8513,8,38325,0.976189
8513,9,38324,0.975873
8513,10,22668,0.975679
8523,1,5228,0.977597
8523,2,8512,0.975774
8523,3,7056,0.974781
8523,4,21259,0.972744
8523,5,4609,0.972074
8523,6,9484,0.971935
8523,7,37700,0.971696
8523,8,24832,0.970408
8523,9,5268,0.969758
8523,10,7066,0.969555
8527,1,8079,0.862764
8527,2,18161,0.859627
8527,3,33663,0.856871
8527,4,11942,0.849431
8527,5,3583,0.848774
8527,6,45580,0.847213
8527,7,44942,0.846748
8527,8,10304,0.845883
8527,9,23675,0.845639
8527,10,3634,0.844917
8528,1,12958,0.979666
8528,2,15416,0.974282
8528,3,24776,0.966382
8528,4,22828,0.966249
8528,5,46290,0.964094
8528,6,42131,0.963560
8528,7,46797,0.962433
8528,8,13844,0.961955
8528,9,23937,0.961908
8528,10,42993,0.961004
8556,1,6155,0.952092
8556,2,6220,0.939244
8556,3,12624,0.937634
8556,4,6287,0.935791
8556,5,40067,0.935213
8556,6,16640,0.934358
8556,7,18980,0.933971
8556,8,31263,0.932858
8556,9,3862,0.932547
8556,10,8549,0.931725
8574,1,26628,0.860624
8574,2,26629,0.843987
8574,3,21740,0.836661
8574,4,47501,0.836398
8574,5,13086,0.835067
8574,6,20445,0.832632
8574,7,47488,0.824254
8574,8,47492,0.821081
8574,9,15852,0.818357
8574,10,15865,0.812647
8590,1,13860,0.989210
8590,2,16476,0.989060
8590,3,16484,0.988366
8590,4,16452,0.987808
8590,5,20180,0.987325
8590,6,16482,0.987216
8590,7,24066,0.987098
8590,8,20314,0.987028
8590,9,24697,0.986965
8590,10,12940,0.986856
8593,1,8594,0.980112
8593,2,20361,0.977565
8593,3,5086,0.977240
8593,4,4096,0.975848
8593,5,12646,0.975391
8593,6,12645,0.974930
8593,7,8598,0.974326
8593,8,12928,0.974052
8593,9,10851,0.973464
8593,10,28992,0.973441
8639,1,23729,0.981924
8639,2,48206,0.981186
8639,3,23753,0.981136
8639,4,21319,0.980640
8639,5,30265,0.979491
8639,6,28308,0.976064
8639,7,21320,0.974429
8639,8,30565,0.974129
8639,9,23749,0.972304
8639,10,38238,0.971525
8655,1,9412,0.997127
8655,2,8673,0.991745
8655,3,8712,0.991291
8655,4,8672,0.990717
8655,5,9410,0.987973
8655,6,8659,0.987508
8655,7,8707,0.986045
8655,8,8768,0.986015
8655,9,8714,0.985948
8655,10,8661,0.984627
8660,1,23719,0.963870
8660,2,21347,0.960028
8660,3,38202,0.959078
8660,4,38197,0.958092
8660,5,28303,0.957495
8660,6,41519,0.956912
8660,7,38210,0.954667
8660,8,16854,0.953647
8660,9,21329,0.950287
8660,10,28204,0.950075
8666,1,8705,0.971363
8666,2,8626,0.966711
8666,3,8768,0.964093
8666,4,8672,0.962256
8666,5,23753,0.960757
8666,6,8662,0.960208
8666,7,23749,0.959802
8666,8,39998,0.959420
8666,9,40006,0.959342
8666,10,23747,0.959288
8668,1,28299,0.980332
8668,2,51680,0.976827
8668,3,23718,0.976148
8668,4,28181,0.976078
8668,5,16887,0.976036
8668,6,28180,0.975897
8668,7,21331,0.974757
8668,8,38214,0.974661
8668,9,28196,0.973272
8668,10,51683,0.971491
8688,1,40176,0.981140
8688,2,21320,0.979266
8688,3,38238,0.978762
8688,4,38239,0.978392
8688,5,30265,0.973801
8688,6,21319,0.973305
8688,7,8678,0.971204
8688,8,23780,0.969316
8688,9,17317,0.967740
8688,10,29097,0.967585
8701,1,8696,0.968155
8701,2,8693,0.964691
8701,3,8702,0.964574
8701,4,29896,0.960417
8701,5,8697,0.957435
8701,6,8704,0.953888
8701,7,8700,0.953428
8701,8,38224,0.952794
8701,9,8703,0.952675
8701,10,29139,0.949743
8711,1,9412,0.994501
8711,2,8672,0.992053
8711,3,8673,0.991472
8711,4,8712,0.990992
8711,5,8659,0.985945
8711,6,8768,0.985207
8711,7,8714,0.984769
8711,8,8661,0.983307
8711,9,8784,0.981327
8711,10,8707,0.981047
8713,1,8712,0.992102
8713,2,8673,0.992004
8713,3,8707,0.990594
8713,4,8672,0.990517
8713,5,8784,0.989518
8713,6,8661,0.988668
8713,7,8676,0.987087
8713,8,9412,0.987024
8713,9,8679,0.986564
8713,10,8659,0.986025
8741,1,26414,0.987844
8741,2,16470,0.987309
8741,3,12952,0.986374
8741,4,16482,0.986151
8741,5,13401,0.985914
8741,6,12175,0.985150
8741,7,13392,0.985092
8741,8,13463,0.984869
8741,9,13853,0.984824
8741,10,12661,0.984791
8776,1,15982,0.987202
8776,2,33240,0.982847
8776,3,9236,0.982617
8776,4,20029,0.982113
8776,5,15914,0.981838
8776,6,12233,0.981713
8776,7,26376,0.981695
8776,8,26076,0.981478
8776,9,33328,0.981328
8776,10,26049,0.980856
8780,1,8779,0.992946
8780,2,12247,0.992201
8780,3,12260,0.991588
8780,4,9804,0.991207
8780,5,29653,0.991024
8780,6,9426,0.990853
8780,7,12234,0.990741
8780,8,12303,0.990732
8780,9,12305,0.990663
8780,10,16338,0.990510
8788,1,9230,0.980224
8788,2,9231,0.979886
8788,3,8789,0.979544
8788,4,14514,0.978041
8788,5,9064,0.977486
8788,6,12265,0.977436
8788,7,12230,0.977295
8788,8,8790,0.976793
8788,9,8787,0.975984
8788,10,14524,0.975597
8802,1,8774,0.972981
8802,2,37753,0.972717
8802,3,8735,0.971482
8802,4,8737,0.970724
8802,5,31039,0.970547
8802,6,16530,0.969743
8802,7,8731,0.969689
8802,8,37722,0.969666
8802,9,13732,0.969621
8802,10,25533,0.969593
8824,1,12460,0.897494
8824,2,8738,0.896837
8824,3,29670,0.894717
8824,4,13486,0.893394
8824,5,39701,0.888944
8824,6,15998,0.885228
8824,7,10805,0.885135
8824,8,26116,0.884879
8824,9,29765,0.884833
8824,10,17187,0.883223
8826,1,5983,0.966477
8826,2,5996,0.965667
8826,3,7177,0.964532
8826,4,5943,0.963791
8826,5,22577,0.963611
8826,6,14665,0.962799
8826,7,6014,0.962403
8826,8,7049,0.962305
8826,9,5970,0.962258
8826,10,16039,0.960915
8834,1,8880,0.995545
8834,2,8881,0.994526
8834,3,8947,0.990116
8834,4,8937,0.989412
8834,5,8885,0.987824
8834,6,8883,0.987095
8834,7,12675,0.986720
8834,8,8954,0.986663
8834,9,10258,0.986346
8834,10,8901,0.986284
8882,1,8880,0.993472
8882,2,8881,0.990731
8882,3,8937,0.988071
8882,4,8947,0.986994
8882,5,8952,0.986667
8882,6,10258,0.986365
8882,7,8949,0.986036
8882,8,10261,0.985762
8882,9,8901,0.985569
8882,10,8954,0.985281
8895,1,21236,0.987783
8895,2,27567,0.987092
8895,3,12278,0.986411
8895,4,12304,0.984921
8895,5,9424,0.984850
8895,6,12320,0.983248
8895,7,27566,0.983104
8895,8,12326,0.983060
8895,9,12177,0.983042
8895,10,37811,0.982526
8898,1,12324,0.990620
8898,2,12319,0.990330
8898,3,12322,0.990108
8898,4,12251,0.989661
8898,5,12304,0.989025
8898,6,9422,0.988872
8898,7,12278,0.988574
8898,8,12274,0.988561
8898,9,12282,0.988522
8898,10,12298,0.988235
8910,1,23906,0.945746
8910,2,14562,0.940391
8910,3,17843,0.938423
8910,4,32947,0.937562
8910,5,44758,0.935854
8910,6,3659,0.932759
8910,7,38658,0.928661
8910,8,24254,0.926277
8910,9,47246,0.925281
8910,10,17034,0.925170
8924,1,20975,0.819805
8924,2,48115,0.817374
8924,3,18018,0.799892
8924,4,18017,0.793705
8924,5,20416,0.787993
8924,6,25112,0.787909
8924,7,19894,0.786356
8924,8,48118,0.786339
8924,9,25108,0.785308
8924,10,18012,0.783715
8925,1,46075,0.990382
8925,2,14976,0.989395
8925,3,12455,0.989140
8925,4,32615,0.988880
8925,5,46073,0.988775
8925,6,37450,0.988108
8925,7,18829,0.987942
8925,8,18831,0.987693
8925,9,32612,0.987623
8925,10,18565,0.987443
8948,1,8880,0.982887
8948,2,8881,0.982122
8948,3,8883,0.980870
8948,4,8947,0.980339
8948,5,8949,0.979414
8948,6,8950,0.977823
8948,7,8901,0.977688
8948,8,10258,0.977286
8948,9,9877,0.977241
8948,10,8903,0.976530
8965,1,9011,0.857407
8965,2,9133,0.849560
8965,3,5397,0.843398
8965,4,9381,0.835875
8965,5,4996,0.830357
8965,6,5384,0.830311
8965,7,9059,0.827907
8965,8,5347,0.827307
8965,9,3663,0.826968
8965,10,3242,0.826502
8969,1,25447,0.954401
8969,2,3247,0.949851
8969,3,12685,0.945348
8969,4,15518,0.944154
8969,5,6670,0.943655
8969,6,44777,0.943457
8969,7,15251,0.942919
8969,8,22703,0.942179
8969,9,18482,0.941625
8969,10,43236,0.941305
8970,1,33846,0.932630
8970,2,39983,0.921923
8970,3,13117,0.917352
8970,4,44420,0.916542
8970,5,7040,0.915032
8970,6,14494,0.914286
8970,7,13908,0.913196
8970,8,14570,0.910366
8970,9,35679,0.910286
8970,10,39687,0.908822
8978,1,8977,0.950974
8978,2,15262,0.947515
8978,3,33855,0.947093
8978,4,26656,0.946260
8978,5,15264,0.944137
8978,6,5942,0.940253
8978,7,2490,0.939717
8978,8,5944,0.938669
8978,9,32939,0.938085
8978,10,39595,0.937740
8981,1,25445,0.959167
8981,2,39655,0.946871
8981,3,5580,0.946847
8981,4,12882,0.945763
8981,5,13898,0.944450
8981,6,42126,0.943659
8981,7,6751,0.943089
8981,8,42023,0.942306
8981,9,4634,0.942200
8981,10,39652,0.942005
9001,1,22102,0.956220
9001,2,49483,0.949597
9001,3,49475,0.945662
9001,4,40789,0.943837
9001,5,49497,0.941738
9001,6,14489,0.935707
9001,7,44659,0.935178
9001,8,29571,0.934713
9001,9,40788,0.934326
9001,10,20891,0.933848
9002,1,47241,0.952361
9002,2,24254,0.945665
9002,3,6377,0.941076
9002,4,20893,0.937917
9002,5,20887,0.935291
9002,6,36467,0.934207
9002,7,39894,0.933306
9002,8,7802,0.932601
9002,9,17699,0.929300
9002,10,42802,0.929160
9027,1,39300,0.987901
9027,2,12856,0.985592
9027,3,47186,0.984017
9027,4,22183,0.982288
9027,5,9026,0.981746
9027,6,9031,0.981244
9027,7,25857,0.980902
9027,8,39302,0.980856
9027,9,20709,0.980673
9027,10,9030,0.979762
9040,1,9038,0.994889
9040,2,16178,0.992769
9040,3,11870,0.992280
9040,4,11886,0.992230
9040,5,11904,0.992175
9040,6,9044,0.992076
9040,7,11909,0.991656
9040,8,16166,0.991340
9040,9,12487,0.991262
9040,10,10286,0.991037
9052,1,15285,0.966492
9052,2,5620,0.965796
9052,3,3372,0.962060
9052,4,35934,0.961701
9052,5,22983,0.961447
9052,6,3661,0.961189
9052,7,1542,0.960455
9052,8,43362,0.960159
9052,9,13896,0.959683
9052,10,6961,0.958834
9054,1,3151,0.958703
9054,2,3219,0.958097
9054,3,7724,0.957079
9054,4,1542,0.956440
9054,5,20874,0.956222
9054,6,3372,0.956086
9054,7,3302,0.955772
9054,8,35826,0.954413
9054,9,3661,0.954200
9054,10,3366,0.954103
9071,1,9231,0.981566
9071,2,8789,0.979555
9071,3,9064,0.976898
9071,4,8790,0.975836
9071,5,8787,0.973685
9071,6,12265,0.973604
9071,7,9066,0.973066
9071,8,9065,0.972302
9071,9,12038,0.971201
9071,10,9230,0.970360
9080,1,25034,0.990522
9080,2,3481,0.988270
9080,3,15022,0.988241
9080,4,5458,0.987402
9080,5,7884,0.987101
9080,6,7553,0.986042
9080,7,11275,0.985804
9080,8,17623,0.985521
9080,9,4829,0.985500
9080,10,26256,0.985389
9088,1,9089,0.972262
9088,2,6417,0.968494
9088,3,24302,0.968225
9088,4,24183,0.968051
9088,5,3604,0.967053
9088,6,3608,0.967020
9088,7,3610,0.966980
9088,8,17705,0.966344
9088,9,24181,0.965135
9088,10,4440,0.964420
9126,1,24255,0.927189
9126,2,9120,0.924023
9126,3,7713,0.921740
9126,4,3175,0.921094
9126,5,7586,0.915101
9126,6,43353,0.913299
9126,7,9134,0.912419
9126,8,26639,0.911909
9126,9,6652,0.909984
9126,10,25458,0.909400
9129,1,9134,0.937126
9129,2,7037,0.926144
9129,3,6487,0.925932
9129,4,5702,0.923783
9129,5,8966,0.918975
9129,6,43353,0.918445
9129,7,5689,0.917475
9129,8,13365,0.915425
9129,9,3241,0.914703
9129,10,24255,0.913342
9171,1,9178,0.993665
9171,2,9164,0.991622
9171,3,9168,0.990474
9171,4,9175,0.989711
9171,5,9161,0.988742
9171,6,9174,0.988031
9171,7,9160,0.987532
9171,8,9169,0.985866
9171,9,9162,0.985619
9171,10,9167,0.985582
9177,1,9178,0.984897
9177,2,9176,0.984276
9177,3,9169,0.984218
9177,4,9179,0.984082
9177,5,9187,0.984039
9177,6,9166,0.983962
9177,7,9161,0.983367
9177,8,9168,0.982942
9177,9,9164,0.981996
9177,10,9160,0.981626
9195,1,15670,0.937056
9195,2,46896,0.924009
9195,3,10438,0.920984
9195,4,24202,0.920029
9195,5,16521,0.919234
9195,6,14123,0.917399
9195,7,21583,0.914549
9195,8,24194,0.909106
9195,9,24996,0.908601
9195,10,15676,0.908537
9197,1,1542,0.957428
9197,2,5459,0.956809
9197,3,3579,0.955508
9197,4,4472,0.953922
9197,5,43362,0.951980
9197,6,24420,0.951830
9197,7,15314,0.951760
9197,8,46799,0.949864
9197,9,6624,0.949703
9197,10,22983,0.949627
9198,1,1832,0.964719
9198,2,4159,0.960552
9198,3,25458,0.958312
9198,4,12972,0.957394
9198,5,9112,0.955920
9198,6,7586,0.952260
9198,7,7713,0.952118
9198,8,3299,0.951861
9198,9,3371,0.951622
9198,10,3303,0.950925
9201,1,46797,0.956262
9201,2,35936,0.953467
9201,3,22828,0.947842
9201,4,14329,0.947531
9201,5,17412,0.945904
9201,6,32188,0.945105
9201,7,44231,0.944003
9201,8,31970,0.943755
9201,9,27640,0.943666
9201,10,13204,0.943645
9207,1,1727,0.859944
9207,2,23093,0.857625
9207,3,29570,0.851059
9207,4,24666,0.849301
9207,5,46100,0.848733
9207,6,3798,0.846416
9207,7,49493,0.838061
9207,8,6426,0.837835
9207,9,20873,0.837327
9207,10,21743,0.834893
9218,1,39989,0.961760
9218,2,13685,0.958809
9218,3,49473,0.957506
9218,4,7802,0.955513
9218,5,38659,0.955354
9218,6,17040,0.952288
9218,7,7048,0.951777
9218,8,3246,0.951536
9218,9,40791,0.949939
9218,10,20891,0.949213
9223,1,6624,0.972200
9223,2,7838,0.957781
9223,3,20885,0.956803
9223,4,4472,0.955859
9223,5,5476,0.955440
9223,6,8084,0.952322
9223,7,13197,0.952200
9223,8,1542,0.951418
9223,9,25465,0.949570
9223,10,35934,0.946128
9243,1,9065,0.988152
9243,2,9066,0.987217
9243,3,12037,0.985616
9243,4,9498,0.984864
9243,5,12038,0.983576
9243,6,9563,0.983478
9243,7,9453,0.982550
9243,8,9460,0.981161
9243,9,9469,0.980877
9243,10,12339,0.980551
9248,1,9066,0.989550
9248,2,9065,0.987672
9248,3,12038,0.985670
9248,4,9253,0.984861
9248,5,12037,0.984780
9248,6,9231,0.984029
9248,7,12230,0.983127
9248,8,9070,0.982292
9248,9,9244,0.982173
9248,10,9498,0.982086
9262,1,9261,0.990986
9262,2,9259,0.989380
9262,3,33330,0.988759
9262,4,11250,0.988061
9262,5,11143,0.988023
9262,6,20032,0.987996
9262,7,33240,0.987952
9262,8,20028,0.987922
9262,9,9426,0.987728
9262,10,33326,0.987457
9271,1,23989,0.980561
9271,2,12912,0.978216
9271,3,19696,0.974520
9271,4,13942,0.974025
9271,5,13886,0.972804
9271,6,13460,0.972065
9271,7,8879,0.971787
9271,8,11704,0.970579
9271,9,20166,0.969494
9271,10,19703,0.968932
9273,1,4553,0.946851
9273,2,40320,0.938456
9273,3,3376,0.935834
9273,4,36417,0.926923
9273,5,22976,0.921962
9273,6,31210,0.919118
9273,7,35706,0.917278
9273,8,8963,0.917268
9273,9,4516,0.916549
9273,10,3298,0.915786
9321,1,40265,0.991387
9321,2,12931,0.990739
9321,3,33084,0.990404
9321,4,40266,0.989991
9321,5,33285,0.989756
9321,6,16210,0.989596
9321,7,12645,0.988279
9321,8,12646,0.988074
9321,9,12194,0.987470
9321,10,28992,0.987156
9330,1,23806,0.970074
9330,2,44948,0.967576
9330,3,23943,0.966400
9330,4,43350,0.963656
9330,5,5536,0.963371
9330,6,10161,0.963148
9330,7,3667,0.963023
9330,8,4575,0.962391
9330,9,35755,0.962340
9330,10,6621,0.962252
9331,1,7895,0.985455
9331,2,4819,0.985199
9331,3,7956,0.985173
9331,4,22814,0.985114
9331,5,13112,0.985099
9331,6,9950,0.984359
9331,7,7892,0.984053
9331,8,9079,0.983628
9331,9,14934,0.983577
9331,10,7902,0.983532
9345,1,22798,0.962883
9345,2,7878,0.961647
9345,3,9081,0.961219
9345,4,9343,0.961182
9345,5,14319,0.960267
9345,6,27624,0.959433
9345,7,9095,0.958780
9345,8,9099,0.958494
9345,9,27626,0.958385
9345,10,21382,0.958290
9357,1,19494,0.822435
9357,2,15551,0.797241
9357,3,9367,0.793010
9357,4,29221,0.792923
9357,5,31999,0.792046
9357,6,12402,0.791846
9357,7,29210,0.791784
9357,8,18350,0.787402
9357,9,32028,0.787359
9357,10,43562,0.786221
9359,1,14609,0.988040
9359,2,12404,0.985930
9359,3,49249,0.985061
9359,4,36410,0.984534
9359,5,51152,0.983332
9359,6,12398,0.983193
9359,7,31994,0.982941
9359,8,46862,0.982587
9359,9,12410,0.982498
9359,10,49303,0.982316
9360,1,33778,0.948376
9360,2,9377,0.947612
9360,3,8507,0.946811
9360,4,30545,0.944127
9360,5,37885,0.941867
9360,6,37891,0.935671
9360,7,29119,0.935052
9360,8,43560,0.934663
9360,9,9375,0.933541
9360,10,20829,0.931176
9362,1,32159,0.956917
9362,2,32168,0.953105
9362,3,49986,0.952957
9362,4,43563,0.952440
9362,5,32160,0.950917
9362,6,20827,0.950142
9362,7,29213,0.948946
9362,8,15554,0.948257
9362,9,9365,0.947650
9362,10,7621,0.947322
9395,1,15315,0.956424
9395,2,23937,0.955254
9395,3,13679,0.953974
9395,4,9323,0.951128
9395,5,39500,0.947667
9395,6,5461,0.946777
9395,7,34826,0.946242
9395,8,15408,0.944365
9395,9,3371,0.944325
9395,10,22701,0.944237
9403,1,4562,0.975299
9403,2,46089,0.971912
9403,3,18421,0.969344
9403,4,4639,0.968300
9403,5,41840,0.966753
9403,6,15304,0.966382
9403,7,9127,0.966282
9403,8,4579,0.965797
9403,9,44754,0.965658
9403,10,6676,0.964112
9415,1,12274,0.990301
9415,2,12322,0.988024
9415,3,12282,0.984845
9415,4,9422,0.984600
9415,5,11114,0.983171
9415,6,12305,0.982253
9415,7,12251,0.982054
9415,8,12326,0.981742
9415,9,14747,0.981593
9415,10,12319,0.981494
9438,1,31607,0.989042
9438,2,31606,0.988333
9438,3,43147,0.988326
9438,4,19313,0.988304
9438,5,6517,0.987946
9438,6,19905,0.987671
9438,7,9443,0.987528
9438,8,22969,0.986801
9438,9,37698,0.986655
9438,10,35198,0.986450
9457,1,9498,0.989497
9457,2,9500,0.988888
9457,3,9469,0.988855
9457,4,9453,0.988314
9457,5,9463,0.987972
9457,6,9563,0.986508
9457,7,9451,0.985626
9457,8,9067,0.985174
9457,9,9061,0.984762
9457,10,9461,0.984694
9465,1,14712,0.967034
9465,2,12022,0.965429
9465,3,19723,0.965056
9465,4,9463,0.964922
9465,5,23034,0.964663
9465,6,12253,0.964411
9465,7,26083,0.964211
9465,8,9469,0.963917
9465,9,13769,0.963794
9465,10,9063,0.963724
9471,1,9449,0.991004
9471,2,9565,0.990119
9471,3,9475,0.989321
9471,4,12292,0.988435
9471,5,9065,0.987328
9471,6,9878,0.986863
9471,7,26801,0.986685
9471,8,9569,0.986569
9471,9,9070,0.986384
9471,10,12037,0.986370
9477,1,9244,0.992652
9477,2,9426,0.991796
9477,3,12258,0.990051
9477,4,9451,0.989904
9477,5,12234,0.988587
9477,6,11143,0.988311
9477,7,12326,0.988241
9477,8,12264,0.987962
9477,9,12329,0.987758
9477,10,9067,0.987694
9481,1,9506,0.979831
9481,2,9479,0.974318
9481,3,9589,0.972867
9481,4,33058,0.970520
9481,5,37721,0.961650
9481,6,33247,0.961544
9481,7,32504,0.961127
9481,8,25538,0.960531
9481,9,36861,0.960492
9481,10,33055,0.959856
9502,1,9504,0.984023
9502,2,9455,0.980618
9502,3,12279,0.977439
9502,4,9473,0.973741
9502,5,12273,0.973508
9502,6,9063,0.973164
9502,7,9498,0.972798
9502,8,8730,0.971997
9502,9,26787,0.971920
9502,10,37794,0.971376
9508,1,9348,0.970943
9508,2,7892,0.966273
9508,3,14940,0.966112
9508,4,4809,0.965837
9508,5,7895,0.965799
9508,6,7896,0.965097
9508,7,14934,0.963864
9508,8,51381,0.963507
9508,9,17934,0.963390
9508,10,33068,0.963223
9533,1,15615,0.954664
9533,2,38581,0.950801
9533,3,28547,0.948080
9533,4,38637,0.947086
9533,5,2615,0.944118
9533,6,38607,0.943899
9533,7,7552,0.943809
9533,8,12801,0.940221
9533,9,2310,0.940167
9533,10,4867,0.939222
9540,1,44222,0.993346
9540,2,22597,0.991757
9540,3,30618,0.991326
9540,4,14012,0.989330
9540,5,10776,0.989236
9540,6,14005,0.986671
9540,7,9552,0.986402
9540,8,9959,0.984825
9540,9,38637,0.984778
9540,10,2298,0.984755
9546,1,1909,0.962206
9546,2,6581,0.961153
9546,3,6562,0.959661
9546,4,9975,0.953685
9546,5,7564,0.952399
9546,6,7556,0.952058
9546,7,7546,0.952014
9546,8,38641,0.950308
9546,9,15639,0.949767
9546,10,7540,0.947642
9553,1,38617,0.982350
9553,2,9541,0.982308
9553,3,9558,0.982262
9553,4,38596,0.981202
9553,5,15637,0.980195
9553,6,7570,0.979438
9553,7,9963,0.978843
9553,8,9554,0.978828
9553,9,2298,0.978145
9553,10,22640,0.977248
9567,1,9475,0.991639
9567,2,9569,0.990529
9567,3,9065,0.988920
9567,4,9563,0.988752
9567,5,9565,0.988338
9567,6,12028,0.986596
9567,7,9253,0.986267
9567,8,9449,0.985768
9567,9,12292,0.985390
9567,10,12014,0.985268
9573,1,27677,0.949483
9573,2,25166,0.946455
9573,3,21539,0.946451
9573,4,38434,0.944169
9573,5,47305,0.942694
9573,6,25274,0.941278
9573,7,27712,0.940081
9573,8,47433,0.939934
9573,9,10209,0.939828
9573,10,38439,0.939587
9584,1,49063,0.646699
9584,2,36508,0.628652
9584,3,37422,0.621462
9584,4,22561,0.617245
9584,5,49067,0.608546
9584,6,9914,0.599853
9584,7,27741,0.599492
9584,8,20930,0.599091
9584,9,51961,0.597078
9584,10,51905,0.595945
9597,1,9598,0.992734
9597,2,10477,0.988641
9597,3,10444,0.988029
9597,4,10476,0.985834
9597,5,23957,0.985250
9597,6,8156,0.984621
9597,7,15151,0.984162
9597,8,9601,0.984126
9597,9,8162,0.984079
9597,10,10441,0.984019
9686,1,9765,0.985832
9686,2,16639,0.980646
9686,3,24039,0.980556
9686,4,11770,0.980421
9686,5,14530,0.980338
9686,6,12655,0.979968
9686,7,12643,0.979824
9686,8,13489,0.978942
9686,9,12637,0.978856
9686,10,33154,0.978122
9694,1,9695,0.977904
9694,2,4432,0.976979
9694,3,1614,0.973869
9694,4,10462,0.973601
9694,5,17510,0.972947
9694,6,6720,0.970352
9694,7,31547,0.970331
9694,8,14916,0.969981
9694,9,6174,0.969661
9694,10,7271,0.969512
9697,1,15053,0.989688
9697,2,18873,0.989298
9697,3,15052,0.989166
9697,4,15056,0.988575
9697,5,15063,0.988383
9697,6,13126,0.987813
9697,7,4179,0.987280
9697,8,23802,0.987180
9697,9,18874,0.986756
9697,10,45616,0.985931
9714,1,2204,0.954985
9714,2,4427,0.949564
9714,3,6794,0.948988
9714,4,7450,0.948130
9714,5,3706,0.947993
9714,6,3716,0.946817
9714,7,5861,0.944944
9714,8,7857,0.943617
9714,9,7295,0.943429
9714,10,4429,0.943375
9715,1,7869,0.981235
9715,2,20872,0.979168
9715,3,5290,0.978454
9715,4,44943,0.977638
9715,5,34539,0.977426
9715,6,12853,0.975333
9715,7,39265,0.974876
9715,8,39264,0.974435
9715,9,2827,0.974103
9715,10,7860,0.973267
9760,1,6796,0.925000
9760,2,33571,0.924135
9760,3,1886,0.923808
9760,4,44900,0.923721
9760,5,17203,0.923077
9760,6,40021,0.922066
9760,7,44636,0.921816
9760,8,37099,0.921768
9760,9,40081,0.921189
9760,10,1875,0.920926
9766,1,11391,0.953386
9766,2,8402,0.946258
9766,3,14507,0.946107
9766,4,7862,0.945839
9766,5,38151,0.941967
9766,6,48417,0.940149
9766,7,4195,0.939194
9766,8,17936,0.938881
9766,9,38791,0.937274
9766,10,10565,0.936923
9769,1,16224,0.992638
9769,2,9770,0.991948
9769,3,34258,0.990639
9769,4,24346,0.988962
9769,5,16198,0.988311
9769,6,29043,0.987865
9769,7,34257,0.987291
9769,8,26323,0.986947
9769,9,26322,0.986287
9769,10,34256,0.985248
9784,1,50740,0.980775
9784,2,9703,0.980645
9784,3,12512,0.980099
9784,4,39306,0.980004
9784,5,6507,0.979709
9784,6,50726,0.979697
9784,7,13124,0.978601
9784,8,9702,0.977506
9784,9,10302,0.977134
9784,10,35491,0.976830
9790,1,5122,0.967296
9790,2,19556,0.967028
9790,3,13454,0.959885
9790,4,5844,0.958124
9790,5,43320,0.956968
9790,6,43324,0.956922
9790,7,6906,0.956270
9790,8,6222,0.956185
9790,9,26368,0.954660
9790,10,25921,0.954520
9791,1,9842,0.938174
9791,2,4746,0.926685
9791,3,17283,0.916992
9791,4,7458,0.916356
9791,5,3706,0.915423
9791,6,7785,0.909474
9791,7,32434,0.909285
9791,8,7848,0.908781
9791,9,4799,0.908008
9791,10,3600,0.907889
9802,1,8456,0.907442
9802,2,48089,0.905814
9802,3,42241,0.902182
9802,4,32381,0.900869
9802,5,37223,0.899961
9802,6,8455,0.892054
9802,7,42248,0.889964
9802,8,19062,0.885854
9802,9,34476,0.879235
9802,10,39218,0.875215
9819,1,9825,0.979563
9819,2,12544,0.978420
9819,3,22217,0.976282
9819,4,9818,0.974181
9819,5,28469,0.972826
9819,6,10340,0.972780
9819,7,9835,0.972106
9819,8,9831,0.971968
9819,9,12495,0.971783
9819,10,27352,0.971682
9820,1,9830,0.972274
9820,2,3423,0.965488
9820,3,10070,0.964753
9820,4,6306,0.963046
9820,5,3941,0.961667
9820,6,3526,0.961581
9820,7,27354,0.960844
9820,8,10989,0.960291
9820,9,12495,0.960281
9820,10,19006,0.959349
9856,1,15475,0.985281
9856,2,29784,0.983960
9856,3,13101,0.983374
9856,4,26279,0.983038
9856,5,36184,0.982866
9856,6,7924,0.982727
9856,7,12200,0.982502
9856,8,16647,0.982045
9856,9,14068,0.982006
9856,10,10376,0.981686
9860,1,9859,0.970268
9860,2,16916,0.967883
9860,3,11737,0.962307
9860,4,14096,0.958758
9860,5,15003,0.957846
9860,6,12916,0.957627
9860,7,19528,0.956265
9860,8,10426,0.955504
9860,9,18311,0.954338
9860,10,23071,0.954134
9863,1,9867,0.975895
9863,2,9868,0.971315
9863,3,30127,0.970389
9863,4,12947,0.967211
9863,5,5086,0.966383
9863,6,9309,0.966031
9863,7,9864,0.965160
9863,8,14942,0.964551
9863,9,17266,0.964430
9863,10,12934,0.964359
9866,1,12931,0.980886
9866,2,12052,0.980075
9866,3,12946,0.979655
9866,4,12646,0.979478
9866,5,12645,0.979029
9866,6,12947,0.978126
9866,7,33285,0.977794
9866,8,3794,0.977760
9866,9,22346,0.977516
9866,10,15170,0.977200
9871,1,12646,0.992057
9871,2,12947,0.990319
9871,3,12946,0.990256
9871,4,14682,0.989305
9871,5,4760,0.989208
9871,6,12727,0.988627
9871,7,12645,0.987727
9871,8,17239,0.987198
9871,9,16199,0.986982
9871,10,11735,0.986907
9880,1,12320,0.965399
9880,2,12277,0.964028
9880,3,29642,0.962925
9880,4,22360,0.961443
9880,5,8889,0.960401
9880,6,13872,0.960017
9880,7,17187,0.959554
9880,8,12460,0.957238
9880,9,9255,0.956304
9880,10,19469,0.955715
9908,1,10734,0.734407
9908,2,51918,0.730590
9908,3,37854,0.726001
9908,4,25225,0.725164
9908,5,37422,0.720322
9908,6,35147,0.718039
9908,7,36993,0.713131
9908,8,22003,0.710212
9908,9,1941,0.706358
9908,10,10735,0.706124
9909,1,22969,0.975929
9909,2,35179,0.975895
9909,3,25883,0.975557
9909,4,35193,0.974594
9909,5,5219,0.973927
9909,6,38744,0.973883
9909,7,8352,0.973652
9909,8,9489,0.973125
9909,9,20841,0.972992
9909,10,35191,0.972261
9912,1,9919,0.945416
9912,2,49564,0.943009
9912,3,25291,0.934176
9912,4,5874,0.931558
9912,5,37083,0.929955
9912,6,21946,0.927770
9912,7,20498,0.927743
9912,8,17121,0.925360
9912,9,20387,0.924793
9912,10,17129,0.922089
9932,1,48410,0.979452
9932,2,48416,0.976546
9932,3,34359,0.976474
9932,4,5516,0.976392
9932,5,10338,0.976201
9932,6,3874,0.974835
9932,7,10372,0.974613
9932,8,16424,0.973853
9932,9,12053,0.973543
9932,10,19423,0.973014
9954,1,37155,0.640935
9954,2,2291,0.637547
9954,3,7550,0.635818
9954,4,10040,0.628188
9954,5,8290,0.626970
9954,6,19269,0.624411
9954,7,3142,0.622601
9954,8,26308,0.617776
9954,9,46513,0.615876
9954,10,27973,0.615479
9962,1,22597,0.981488
9962,2,30618,0.978832
9962,3,28538,0.978100
9962,4,2279,0.977503
9962,5,2298,0.975372
9962,6,2310,0.975254
9962,7,9959,0.974638
9962,8,44222,0.974615
9962,9,9542,0.974351
9962,10,9969,0.974323
9976,1,9992,0.978241
9976,2,17905,0.968208
9976,3,17910,0.965399
9976,4,17908,0.965283
9976,5,15598,0.964566
9976,6,15627,0.964423
9976,7,17917,0.964373
9976,8,17913,0.961235
9976,9,12806,0.961036
9976,10,15600,0.960749
9999,1,4914,0.871903
9999,2,10675,0.870364
9999,3,17617,0.859359
9999,4,4896,0.855058
9999,5,4907,0.827368
9999,6,4919,0.821604
9999,7,4920,0.820283
9999,8,33152,0.819554
9999,9,4905,0.808569
9999,10,13269,0.799735
10000,1,49944,0.531390
10000,2,19481,0.524407
10000,3,43642,0.524179
10000,4,33227,0.524007
10000,5,4928,0.519465
10000,6,10658,0.519407
10000,7,40429,0.515353
10000,8,41768,0.515237
10000,9,43700,0.513358
10000,10,4927,0.512331
10011,1,50648,0.835546
10011,2,50649,0.828103
10011,3,50034,0.814848
10011,4,29023,0.810331
10011,5,49955,0.804124
10011,6,32479,0.802419
10011,7,26258,0.800603
10011,8,22999,0.799988
10011,9,41698,0.799469
10011,10,42113,0.798486
10015,1,3017,0.991924
10015,2,3861,0.991891
10015,3,31382,0.990690
10015,4,12649,0.990688
10015,5,4053,0.990357
10015,6,21399,0.990013
10015,7,19627,0.989388
10015,8,31251,0.989038
10015,9,16205,0.988905
10015,10,44873,0.988791
10019,1,2309,0.966446
10019,2,2289,0.966157
10019,3,7481,0.958241
10019,4,27448,0.955747
10019,5,10026,0.955692
10019,6,7494,0.955427
10019,7,7496,0.955340
10019,8,28571,0.955303
10019,9,28647,0.954926
10019,10,10028,0.954227
10022,1,17918,0.960360
10022,2,20336,0.957056
10022,3,7591,0.954619
10022,4,30586,0.953149
10022,5,2283,0.952414
10022,6,9974,0.951002
10022,7,28639,0.950805
10022,8,38622,0.950233
10022,9,2276,0.949885
10022,10,43060,0.949811
10032,1,11269,0.989513
10032,2,1907,0.988130
10032,3,30621,0.987951
10032,4,10031,0.986631
10032,5,2298,0.986621
10032,6,9963,0.986452
10032,7,38617,0.985639
10032,8,14013,0.985063
10032,9,46811,0.984476
10032,10,38610,0.984043
10043,1,13157,0.985254
10043,2,14315,0.983562
10043,3,13151,0.983125
10043,4,9310,0.980403
10043,5,29598,0.978663
10043,6,14079,0.978462
10043,7,4420,0.978378
10043,8,40036,0.977968
10043,9,16124,0.977587
10043,10,10834,0.977140
10048,1,20333,0.986519
10048,2,17249,0.984745
10048,3,18932,0.984705
10048,4,4366,0.983073
10048,5,27369,0.982661
10048,6,27189,0.982022
10048,7,27360,0.981812
10048,8,35971,0.981603
10048,9,19168,0.981528
10048,10,7277,0.981204
10049,1,26726,0.982977
10049,2,10884,0.981159
10049,3,13705,0.980929
10049,4,8200,0.979334
10049,5,14530,0.979180
10049,6,7642,0.978509
10049,7,14532,0.978351
10049,8,7460,0.978100
10049,9,24059,0.977989
10049,10,3196,0.977604
10050,1,8200,0.980632
10050,2,14530,0.978535
10050,3,20315,0.976334
10050,4,8268,0.975241
10050,5,7861,0.974468
10050,6,13705,0.974359
10050,7,5190,0.974260
10050,8,6943,0.974163
10050,9,4032,0.974022
10050,10,5565,0.973989
10053,1,49493,0.608397
10053,2,10504,0.606881
10053,3,10491,0.606533
10053,4,30146,0.605354
10053,5,12578,0.604774
10053,6,14104,0.604625
10053,7,24596,0.603533
10053,8,32073,0.601375
10053,9,4622,0.601057
10053,10,12541,0.600881
10071,1,12495,0.987407
10071,2,14074,0.985206
10071,3,6909,0.983626
10071,4,13455,0.983219
10071,5,16830,0.983166
10071,6,16828,0.982396
10071,7,24127,0.982306
10071,8,9336,0.980713
10071,9,26869,0.980578
10071,10,9823,0.980233
10073,1,16834,0.987077
10073,2,9789,0.986222
10073,3,3957,0.981924
10073,4,5149,0.981583
10073,5,24953,0.981099
10073,6,3949,0.981054
10073,7,16821,0.980856
10073,8,5293,0.980772
10073,9,11662,0.980647
10073,10,10502,0.980491
10101,1,10155,0.970739
10101,2,14563,0.969765
10101,3,23801,0.965943
10101,4,44435,0.965752
10101,5,10169,0.963603
10101,6,10627,0.963483
10101,7,12522,0.962079
10101,8,25857,0.961438
10101,9,40453,0.961379
10101,10,11949,0.960946
10106,1,22939,0.911533
10106,2,43195,0.910020
10106,3,43194,0.907756
10106,4,36806,0.906690
10106,5,25614,0.906352
10106,6,43157,0.904840
10106,7,49870,0.904648
10106,8,46490,0.903857
10106,9,45897,0.901419
10106,10,49324,0.901233
10111,1,10113,0.965110
10111,2,27253,0.964425
10111,3,23842,0.959513
10111,4,13652,0.958397
10111,5,13650,0.956050
10111,6,35712,0.953522
10111,7,5610,0.953093
10111,8,38666,0.953083
10111,9,43337,0.950635
10111,10,46324,0.950549
10112,1,15735,0.933617
10112,2,5473,0.925344
10112,3,44738,0.923322
10112,4,4639,0.920938
10112,5,3151,0.918568
10112,6,5103,0.917648
10112,7,1730,0.912395
10112,8,46799,0.909511
10112,9,31210,0.909058
10112,10,9112,0.909031
10137,1,8102,0.935148
10137,2,10317,0.931145
10137,3,28434,0.929981
10137,4,47992,0.929909
10137,5,26345,0.929727
10137,6,25636,0.929089
10137,7,43148,0.928761
10137,8,10109,0.928273
10137,9,33930,0.928104
10137,10,28431,0.928052
10142,1,43878,0.966463
10142,2,39964,0.961527
10142,3,8988,0.959075
10142,4,15510,0.958428
10142,5,15072,0.957011
10142,6,39965,0.955850
10142,7,14571,0.955152
10142,8,37244,0.954454
10142,9,39944,0.953845
10142,10,19368,0.953225
10143,1,7881,0.991969
10143,2,10147,0.991481
10143,3,10146,0.991320
10143,4,41475,0.991101
10143,5,19366,0.990027
10143,6,10151,0.989906
10143,7,7864,0.989876
10143,8,7389,0.989762
10143,9,10276,0.989632
10143,10,9090,0.989474
10152,1,10149,0.982422
10152,2,10127,0.981690
10152,3,10154,0.978529
10152,4,21099,0.977541
10152,5,37243,0.975843
10152,6,37242,0.974875
10152,7,35412,0.974619
10152,8,23803,0.973403
10152,9,9087,0.970502
10152,10,20681,0.970333
10162,1,44758,0.956843
10162,2,3549,0.955762
10162,3,34087,0.954446
10162,4,36468,0.953659
10162,5,17034,0.951692
10162,6,34088,0.950490
10162,7,15233,0.949989
10162,8,39657,0.949660
10162,9,36431,0.948392
10162,10,5483,0.947747
10167,1,13070,0.936390
10167,2,11843,0.934217
10167,3,15514,0.930819
10167,4,18484,0.929418
10167,5,10177,0.928734
10167,6,39685,0.925915
10167,7,5700,0.925894
10167,8,11841,0.925518
10167,9,26635,0.925508
10167,10,17036,0.924643
10184,1,9426,0.993476
10184,2,8862,0.992078
10184,3,14518,0.991611
10184,4,12329,0.991526
10184,5,12015,0.991273
10184,6,9563,0.991250
10184,7,9244,0.991171
10184,8,12019,0.991094
10184,9,12234,0.991093
10184,10,12247,0.991021
10220,1,10221,0.965004
10220,2,3386,0.961980
10220,3,27675,0.961571
10220,4,38446,0.960808
10220,5,20613,0.960752
10220,6,25280,0.960592
10220,7,10199,0.960551
10220,8,14882,0.959548
10220,9,14879,0.959191
10220,10,10242,0.959019
10245,1,47896,0.932425
10245,2,37075,0.923452
10245,3,37955,0.920668
10245,4,22007,0.919818
10245,5,44242,0.918787
10245,6,8259,0.918059
10245,7,37432,0.917541
10245,8,21937,0.914775
10245,9,27670,0.914169
10245,10,34558,0.913985
10254,1,10224,0.973597
10254,2,10248,0.971225
10254,3,33423,0.962927
10254,4,20421,0.962904
10254,5,14794,0.962631
10254,6,17632,0.962373
10254,7,25203,0.961257
10254,8,10249,0.960905
10254,9,10724,0.958748
10254,10,27672,0.958533
10256,1,13942,0.981034
10256,2,13460,0.979556
10256,3,12912,0.978597
10256,4,13886,0.978345
10256,5,19696,0.977275
10256,6,23989,0.977215
10256,7,11696,0.977080
10256,8,12005,0.976586
10256,9,8725,0.974177
10256,10,13738,0.974156
10260,1,10259,0.987203
10260,2,8947,0.986084
10260,3,8952,0.986080
10260,4,8954,0.985362
10260,5,10258,0.984281
10260,6,8937,0.983637
10260,7,8835,0.982348
10260,8,10261,0.981040
10260,9,8880,0.980837
10260,10,8901,0.980508
10268,1,12853,0.986758
10268,2,20872,0.985218
10268,3,12512,0.985014
10268,4,50726,0.984075
10268,5,50752,0.983851
10268,6,23253,0.983470
10268,7,44943,0.983325
10268,8,35491,0.982083
10268,9,9703,0.981691
10268,10,19370,0.981153
10287,1,47618,0.932061
10287,2,47558,0.930408
10287,3,22273,0.922302
10287,4,14440,0.920384
10287,5,41742,0.919132
10287,6,19044,0.919065
10287,7,14386,0.918725
10287,8,8175,0.917094
10287,9,49590,0.916813
10287,10,11505,0.914588
10288,1,41733,0.975734
10288,2,47622,0.971519
10288,3,49620,0.971078
10288,4,33107,0.971024
10288,5,11497,0.969905
10288,6,39569,0.968220
10288,7,14363,0.967683
10288,8,49610,0.967545
10288,9,47571,0.966569
10288,10,47547,0.966193
10305,1,10295,0.970344
10305,2,22164,0.970098
10305,3,45619,0.970087
10305,4,10632,0.969695
10305,5,22165,0.968991
10305,6,24690,0.968839
10305,7,35680,0.968806
10305,8,6802,0.967792
10305,9,7403,0.967656
10305,10,15520,0.965096
10315,1,45294,0.935594
10315,2,30048,0.931870
10315,3,40545,0.927758
10315,4,10141,0.927469
10315,5,43171,0.927311
10315,6,46437,0.926600
10315,7,25673,0.926267
10315,8,37323,0.924890
10315,9,25619,0.924559
10315,10,51517,0.923834
10328,1,38049,0.900086
10328,2,13840,0.874819
10328,3,22941,0.863106
10328,4,29411,0.862523
10328,5,29748,0.855723
10328,6,45003,0.845611
10328,7,21671,0.844138
10328,8,21680,0.843492
10328,9,51526,0.842251
10328,10,36893,0.841581
10344,1,3865,0.984761
10344,2,12572,0.984117
10344,3,1998,0.983411
10344,4,16493,0.982978
10344,5,31263,0.982585
10344,6,15468,0.982437
10344,7,11740,0.981224
10344,8,7008,0.980178
10344,9,18933,0.979938
10344,10,7924,0.979592
10345,1,10993,0.979300
10345,2,21399,0.977831
10345,3,14070,0.977700
10345,4,8200,0.977357
10345,5,5016,0.977068
10345,6,7948,0.976104
10345,7,7340,0.975846
10345,8,5176,0.975672
10345,9,7647,0.975600
10345,10,4406,0.975481
10357,1,26295,0.988037
10357,2,11395,0.983256
10357,3,10410,0.981079
10357,4,29022,0.979517
10357,5,10467,0.978862
10357,6,7855,0.977894
10357,7,40104,0.977791
10357,8,11745,0.977547
10357,9,42173,0.977027
10357,10,11422,0.976928
10367,1,19844,0.952947
10367,2,10475,0.952702
10367,3,12912,0.951749
10367,4,51429,0.949747
10367,5,18316,0.949172
10367,6,30805,0.948520
10367,7,16818,0.948247
10367,8,8891,0.948025
10367,9,8196,0.947525
10367,10,22571,0.946807
10394,1,10395,0.864825
10394,2,41043,0.837644
10394,3,46541,0.835936
10394,4,25651,0.825376
10394,5,30071,0.825008
10394,6,40522,0.824688
10394,7,49867,0.823788
10394,8,32333,0.822708
10394,9,33911,0.821984
10394,10,11131,0.820818
10397,1,45151,0.979943
10397,2,25314,0.975610
10397,3,46565,0.974368
10397,4,45118,0.973791
10397,5,17436,0.973754
10397,6,46561,0.973488
10397,7,23287,0.973202
10397,8,51552,0.973182
10397,9,25646,0.973006
10397,10,45140,0.972853
10401,1,21155,0.965759
10401,2,20033,0.965108
10401,3,13452,0.963843
10401,4,27869,0.962866
10401,5,5131,0.960910
10401,6,19724,0.958950
10401,7,11724,0.958917
10401,8,35259,0.958494
10401,9,43226,0.958330
10401,10,35263,0.958011
10403,1,8432,0.975552
10403,2,26954,0.973186
10403,3,20247,0.964433
10403,4,26362,0.964315
10403,5,16141,0.963718
10403,6,19608,0.963299
10403,7,16147,0.963076
10403,8,1989,0.962882
10403,9,33221,0.962692
10403,10,16271,0.961921
10405,1,10418,0.962403
10405,2,33756,0.960120
10405,3,34574,0.956127
10405,4,39230,0.955834
10405,5,21113,0.954131
10405,6,21167,0.953614
10405,7,14717,0.953355
10405,8,40416,0.953133
10405,9,18715,0.951579
10405,10,39729,0.950533
10425,1,10444,0.990083
10425,2,10484,0.987189
10425,3,26424,0.986605
10425,4,13849,0.985807
10425,5,14035,0.985434
10425,6,8159,0.985196
10425,7,12178,0.985000
10425,8,10431,0.984799
10425,9,10441,0.984537
10425,10,10476,0.984340
10481,1,10433,0.994057
10481,2,12186,0.993708
10481,3,18319,0.992894
10481,4,9605,0.992690
10481,5,12171,0.991982
10481,6,11700,0.991591
10481,7,12178,0.991590
10481,8,10484,0.991462
10481,9,12661,0.991378
10481,10,13412,0.991168
10493,1,10496,0.986080
10493,2,19014,0.979605
10493,3,14119,0.971348
10493,4,26945,0.971295
10493,5,10343,0.970828
10493,6,19609,0.970187
10493,7,19686,0.968791
10493,8,32451,0.968411
10493,9,15478,0.968058
10493,10,7194,0.967797
10495,1,4581,0.896801
10495,2,24885,0.893288
10495,3,19586,0.891460
10495,4,10567,0.890509
10495,5,6232,0.884259
10495,6,44699,0.883287
10495,7,5150,0.880804
10495,8,5139,0.880441
10495,9,6948,0.873463
10495,10,24884,0.870577
10500,1,37938,0.982714
10500,2,39226,0.982172
10500,3,42591,0.981663
10500,4,47651,0.981605
10500,5,18754,0.981173
10500,6,34572,0.980715
10500,7,34599,0.978914
10500,8,48483,0.978828
10500,9,49630,0.978692
10500,10,46271,0.978657
10511,1,34580,0.960709
10511,2,19623,0.960483
10511,3,33166,0.959574
10511,4,41400,0.957662
10511,5,8432,0.956291
10511,6,26902,0.955795
10511,7,16137,0.953540
10511,8,2591,0.953234
10511,9,26922,0.953083
10511,10,45947,0.952065
10572,1,19584,0.853772
10572,2,11737,0.846318
10572,3,20196,0.831230
10572,4,19796,0.829030
10572,5,14952,0.828153
10572,6,19162,0.826911
10572,7,19595,0.824839
10572,8,17197,0.824376
10572,9,16926,0.823988
10572,10,11738,0.822260
10575,1,24126,0.953372
10575,2,19556,0.952347
10575,3,11025,0.947135
10575,4,1991,0.946597
10575,5,5294,0.945902
10575,6,43320,0.945838
10575,7,10507,0.945746
10575,8,4581,0.945305
10575,9,19555,0.944517
10575,10,10990,0.944272
10581,1,11485,0.971334
10581,2,11217,0.969572
10581,3,17455,0.968151
10581,4,23292,0.964462
10581,5,21707,0.964328
10581,6,38044,0.964181
10581,7,36804,0.963512
10581,8,21677,0.962939
10581,9,11191,0.962468
10581,10,11211,0.961595
10599,1,44622,0.945133
10599,2,17533,0.921972
10599,3,49802,0.900014
10599,4,22605,0.890763
10599,5,48536,0.890254
10599,6,12439,0.884639
10599,7,9436,0.880713
10599,8,19969,0.866224
10599,9,41533,0.854126
10599,10,15539,0.851513
10611,1,13394,0.967724
10611,2,12178,0.967494
10611,3,12665,0.967462
10611,4,10476,0.966817
10611,5,12180,0.966665
10611,6,18322,0.966561
10611,7,10444,0.966537
10611,8,20171,0.966075
10611,9,5994,0.966069
10611,10,18919,0.965865
10616,1,22310,0.973056
10616,2,47618,0.969566
10616,3,41733,0.969509
10616,4,11505,0.968872
10616,5,14386,0.966152
10616,6,49624,0.964536
10616,7,13543,0.963844
10616,8,14363,0.962479
10616,9,41742,0.961488
10616,10,47547,0.960792
10620,1,14363,0.974879
10620,2,41733,0.974434
10620,3,11505,0.972932
10620,4,47547,0.972466
10620,5,13026,0.971163
10620,6,22310,0.970291
10620,7,22275,0.969798
10620,8,13543,0.969714
10620,9,27194,0.968936
10620,10,47573,0.968769
10631,1,41478,0.965363
10631,2,12874,0.964076
10631,3,4181,0.958184
10631,4,7365,0.957123
10631,5,14498,0.956342
10631,6,50279,0.955046
10631,7,22105,0.954283
10631,8,44938,0.951846
10631,9,12725,0.951644
10631,10,24719,0.951565
10670,1,13254,0.989044
10670,2,8340,0.988562
10670,3,22637,0.987301
10670,4,12847,0.987226
10670,5,48247,0.987113
10670,6,8356,0.987035
10670,7,13253,0.985708
10670,8,15574,0.984362
10670,9,17614,0.984066
10670,10,24907,0.983304
10672,1,4907,0.907517
10672,2,4920,0.900614
10672,3,4919,0.899755
10672,4,4914,0.897544
10672,5,10673,0.889887
10672,6,4918,0.889527
10672,7,4896,0.869775
10672,8,21868,0.867279
10672,9,10693,0.864384
10672,10,10677,0.856228
10709,1,15617,0.982841
10709,2,7504,0.982636
10709,3,2315,0.981710
10709,4,7501,0.980720
10709,5,28574,0.979788
10709,6,38630,0.978858
10709,7,2270,0.977103
10709,8,22588,0.976875
10709,9,28647,0.976390
10709,10,12794,0.975830
10719,1,7507,0.994673
10719,2,7490,0.993627
10719,3,38570,0.985915
10719,4,28632,0.985832
10719,5,28521,0.984310
10719,6,7510,0.984102
10719,7,43074,0.983745
10719,8,43076,0.983377
10719,9,32655,0.982715
10719,10,7489,0.980940
10746,1,40292,0.951916
10746,2,10749,0.951403
10746,3,10748,0.950683
10746,4,10757,0.945483
10746,5,10765,0.943625
10746,6,40295,0.941751
10746,7,15861,0.941045
10746,8,10766,0.938912
10746,9,10743,0.938470
10746,10,10761,0.932945
10755,1,35819,0.683559
10755,2,39204,0.680991
10755,3,35782,0.675054
10755,4,18544,0.667724
10755,5,33098,0.666243
10755,6,39583,0.665879
10755,7,20277,0.664082
10755,8,34457,0.661434
10755,9,32832,0.658766
10755,10,32851,0.657223
10794,1,13851,0.994962
10794,2,12948,0.994045
10794,3,9733,0.993864
10794,4,13397,0.993490
10794,5,10790,0.993112
10794,6,16485,0.992668
10794,7,13412,0.991101
10794,8,20180,0.990854
10794,9,13413,0.990765
10794,10,20141,0.990390
10828,1,14068,0.989695
10828,2,12643,0.988827
10828,3,3861,0.988666
10828,4,12644,0.988521
10828,5,44873,0.988449
10828,6,36873,0.987804
10828,7,16436,0.987779
10828,8,9864,0.987631
10828,9,10835,0.987481
10828,10,34248,0.987374
10874,1,24059,0.988361
10874,2,10867,0.986227
10874,3,16499,0.984674
10874,4,16637,0.983185
10874,5,21234,0.982054
10874,6,7352,0.981980
10874,7,31595,0.981850
10874,8,16704,0.981307
10874,9,8209,0.980932
10874,10,10831,0.980813
10998,1,16772,0.937369
10998,2,25647,0.935160
10998,3,4665,0.934753
10998,4,25648,0.932824
10998,5,16784,0.929547
10998,6,49323,0.928905
10998,7,16771,0.928263
10998,8,22950,0.927287
10998,9,4666,0.925537
10998,10,45244,0.925409
11028,1,42212,0.875589
11028,2,33183,0.869695
11028,3,42221,0.869601
11028,4,11015,0.866141
11028,5,38833,0.865126
11028,6,46288,0.863111
11028,7,32262,0.861663
11028,8,46275,0.861573
11028,9,18269,0.860793
11028,10,33160,0.859467
11037,1,24555,0.943820
11037,2,10408,0.935857
11037,3,18718,0.932689
11037,4,26956,0.930314
11037,5,26924,0.927670
11037,6,2482,0.927618
11037,7,14099,0.926389
11037,8,19577,0.925647
11037,9,27897,0.925368
11037,10,8446,0.924300
11053,1,20150,0.989192
11053,2,33548,0.988637
11053,3,19701,0.987482
11053,4,20149,0.987174
11053,5,17755,0.985627
11053,6,37740,0.985533
11053,7,25540,0.984626
11053,8,8163,0.984610
11053,9,37753,0.984441
11053,10,13752,0.984126
11076,1,15003,0.989980
11076,2,11073,0.987540
11076,3,14990,0.985065
11076,4,14090,0.983595
11076,5,11074,0.983563
11076,6,14096,0.982552
11076,7,14995,0.982472
11076,8,11171,0.982425
11076,9,9945,0.982338
11076,10,16925,0.982253
11104,1,11059,0.983384
11104,2,26065,0.980445
11104,3,29384,0.980164
11104,4,11110,0.978199
11104,5,29709,0.977243
11104,6,26083,0.977042
11104,7,9810,0.976742
11104,8,26087,0.975711
11104,9,29648,0.975662
11104,10,22401,0.975569
11116,1,12246,0.745154
11116,2,48375,0.733355
11116,3,19559,0.715600
11116,4,19174,0.715403
11116,5,8940,0.714917
11116,6,20173,0.709817
11116,7,12460,0.709366
11116,8,6974,0.708794
11116,9,8943,0.706766
11116,10,12259,0.706074
11124,1,25858,0.721887
11124,2,22666,0.719960
11124,3,18429,0.719637
11124,4,33773,0.718782
11124,5,18428,0.716840
11124,6,25861,0.708407
11124,7,34467,0.707853
11124,8,39931,0.707042
11124,9,18795,0.706839
11124,10,33230,0.704410
11133,1,46499,0.969166
11133,2,10193,0.968007
11133,3,36904,0.967687
11133,4,45938,0.966925
11133,5,46468,0.965301
11133,6,29751,0.964687
11133,7,29931,0.963611
11133,8,23266,0.963182
11133,9,25672,0.962832
11133,10,45134,0.962769
11135,1,10997,0.970442
11135,2,10587,0.969333
11135,3,25653,0.967797
11135,4,23271,0.966057
11135,5,25646,0.965746
11135,6,25652,0.965498
11135,7,49868,0.964917
11135,8,32357,0.964612
11135,9,36774,0.962959
11135,10,43178,0.962602
11136,1,38024,0.789783
11136,2,22923,0.785385
11136,3,10609,0.781297
11136,4,43207,0.769892
11136,5,10400,0.765720
11136,6,32371,0.763281
11136,7,22924,0.762053
11136,8,5077,0.758456
11136,9,10698,0.756292
11136,10,38004,0.755558
11145,1,29665,0.991567
11145,2,26113,0.987783
11145,3,14747,0.987762
11145,4,16338,0.987677
11145,5,11143,0.986864
11145,6,12236,0.986558
11145,7,12234,0.985761
11145,8,26112,0.985555
11145,9,12298,0.985376
11145,10,12319,0.985089
11155,1,18774,0.984000
11155,2,19221,0.983427
11155,3,11152,0.983324
11155,4,19228,0.983032
11155,5,12390,0.982272
11155,6,18769,0.982201
11155,7,19217,0.981857
11155,8,18775,0.981738
11155,9,11153,0.981556
11155,10,19224,0.980857
11196,1,10584,0.990462
11196,2,11484,0.977306
11196,3,17448,0.976861
11196,4,11202,0.976575
11196,5,32366,0.976470
11196,6,11485,0.976416
11196,7,32349,0.975147
11196,8,32368,0.973951
11196,9,46316,0.972871
11196,10,38043,0.972496
11204,1,51643,0.961722
11204,2,21703,0.961571
11204,3,36899,0.959372
11204,4,11207,0.958652
11204,5,46561,0.958322
11204,6,11634,0.958210
11204,7,30067,0.957929
11204,8,11647,0.957926
11204,9,11635,0.957486
11204,10,10999,0.955655
11210,1,10705,0.988530
11210,2,10700,0.983346
11210,3,51539,0.982292
11210,4,10105,0.982139
11210,5,11223,0.979099
11210,6,10702,0.978956
11210,7,26331,0.977649
11210,8,45213,0.977393
11210,9,21693,0.975829
11210,10,19265,0.975769
11213,1,19267,0.908047
11213,2,25644,0.900715
11213,3,29466,0.899993
11213,4,45239,0.899180
11213,5,36755,0.897742
11213,6,49913,0.897508
11213,7,36791,0.894139
11213,8,30071,0.893612
11213,9,45174,0.892913
11213,10,25645,0.892088
11215,1,23286,0.972517
11215,2,17460,0.971234
11215,3,25330,0.970865
11215,4,46556,0.970048
11215,5,21703,0.969238
11215,6,23266,0.968884
11215,7,11205,0.968574
11215,8,10999,0.968522
11215,9,11485,0.968446
11215,10,11004,0.968279
11220,1,51535,0.976425
11220,2,47965,0.975499
11220,3,29746,0.975364
11220,4,46572,0.974383
11220,5,11644,0.974369
11220,6,45930,0.973845
11220,7,45931,0.972733
11220,8,46495,0.972675
11220,9,32320,0.972647
11220,10,11191,0.972425
11230,1,19299,0.973742
11230,2,40536,0.964047
11230,3,8102,0.961476
11230,4,11223,0.961411
11230,5,37322,0.960863
11230,6,21688,0.960694
11230,7,50388,0.960464
11230,8,10705,0.960012
11230,9,19264,0.959919
11230,10,11225,0.958684
11231,1,45213,0.987298
11231,2,10705,0.987084
11231,3,10105,0.985472
11231,4,28441,0.984830
11231,5,11223,0.983380
11231,6,45209,0.982349
11231,7,45195,0.981347
11231,8,51636,0.981145
11231,9,28430,0.981048
11231,10,43196,0.980948
11233,1,11317,0.928632
11233,2,41352,0.896343
11233,3,9145,0.876601
11233,4,50956,0.874430
11233,5,7192,0.869908
11233,6,40364,0.859939
11233,7,11301,0.859668
11233,8,32560,0.852592
11233,9,50961,0.847426
11233,10,50952,0.846014
11234,1,11239,0.945638
11234,2,11235,0.925437
11234,3,11241,0.922299
11234,4,7709,0.919634
11234,5,11243,0.917124
11234,6,26991,0.911017
11234,7,51606,0.909749
11234,8,7192,0.909352
11234,9,11236,0.908208
11234,10,51504,0.907558
11242,1,27920,0.965101
11242,2,32404,0.932628
11242,3,27913,0.924132
11242,4,44945,0.923141
11242,5,27919,0.920041
11242,6,27902,0.919501
11242,7,11316,0.918369
11242,8,27908,0.914365
11242,9,11317,0.911675
11242,10,32405,0.910663
11262,1,11263,0.993686
11262,2,14700,0.985459
11262,3,11248,0.984089
11262,4,13780,0.984063
11262,5,16071,0.983063
11262,6,26838,0.982793
11262,7,16799,0.982785
11262,8,15134,0.982671
11262,9,14697,0.982568
11262,10,16801,0.981627
11266,1,11263,0.995571
11266,2,15134,0.987959
11266,3,16799,0.986957
11266,4,16071,0.985547
11266,5,13778,0.985509
11266,6,13783,0.984954
11266,7,13781,0.984784
11266,8,16801,0.984741
11266,9,13780,0.984111
11266,10,14697,0.983831
11277,1,21593,0.771192
11277,2,43077,0.762734
11277,3,30613,0.760124
11277,4,2954,0.755578
11277,5,4770,0.751046
11277,6,7492,0.745369
11277,7,43075,0.738481
11277,8,25033,0.738005
11277,9,2590,0.734445
11277,10,7940,0.729900
11280,1,11296,0.958949
11280,2,31668,0.957738
11280,3,44923,0.956644
11280,4,37205,0.954441
11280,5,11284,0.951874
11280,6,51482,0.950976
11280,7,11308,0.950106
11280,8,11286,0.949996
11280,9,48399,0.949932
11280,10,51470,0.948700
11302,1,27016,0.972859
11302,2,11318,0.970478
11302,3,14128,0.969220
11302,4,27008,0.969023
11302,5,50955,0.968593
11302,6,11240,0.968379
11302,7,29178,0.968318
11302,8,14122,0.968139
11302,9,11304,0.967707
11302,10,14131,0.967445
11353,1,16517,0.988684
11353,2,11350,0.988095
11353,3,16510,0.985914
11353,4,24204,0.985391
11353,5,24755,0.985325
11353,6,12751,0.984706
11353,7,10489,0.984231
11353,8,15670,0.983657
11353,9,10485,0.983247
11353,10,28816,0.982922
11354,1,11350,0.987494
11354,2,16517,0.986275
11354,3,12044,0.985266
11354,4,16510,0.985250
11354,5,12758,0.984153
11354,6,12751,0.983552
11354,7,12828,0.983065
11354,8,24204,0.982651
11354,9,9901,0.981359
11354,10,10485,0.980751
11356,1,11362,0.929406
11356,2,11358,0.928472
11356,3,29145,0.927884
11356,4,12606,0.927366
11356,5,19647,0.925482
11356,6,11427,0.925372
11356,7,11443,0.925278
11356,8,11445,0.925120
11356,9,7208,0.923705
11356,10,11437,0.923164
11359,1,8462,0.869382
11359,2,40083,0.866036
11359,3,16139,0.865016
11359,4,5136,0.861072
11359,5,40383,0.854555
11359,6,26878,0.850579
11359,7,7699,0.850421
11359,8,27263,0.849655
11359,9,41408,0.849335
11359,10,34568,0.847219
11373,1,11369,0.969310
11373,2,1989,0.961345
11373,3,19623,0.960353
11373,4,16271,0.958948
11373,5,13958,0.957827
11373,6,8432,0.956195
11373,7,16141,0.955961
11373,8,19608,0.955246
11373,9,26362,0.954940
11373,10,16212,0.953653
11388,1,11422,0.954839
11388,2,40103,0.951914
11388,3,18984,0.951748
11388,4,11395,0.950530
11388,5,2323,0.947431
11388,6,26295,0.946910
11388,7,17935,0.945595
11388,8,24058,0.944576
11388,9,32461,0.943953
11388,10,40092,0.943305
11396,1,33944,0.936446
11396,2,17232,0.929211
11396,3,29675,0.924734
11396,4,21588,0.924704
11396,5,28854,0.924616
11396,6,37767,0.923696
11396,7,1949,0.922678
11396,8,45536,0.922252
11396,9,43498,0.920385
11396,10,19692,0.919774
11402,1,11530,0.991355
11402,2,13833,0.988891
11402,3,18864,0.988860
11402,4,19550,0.985327
11402,5,16280,0.983697
11402,6,16276,0.982882
11402,7,10371,0.982271
11402,8,11416,0.981358
11402,9,14112,0.980865
11402,10,24307,0.980651
11406,1,19168,0.977279
11406,2,24599,0.976956
11406,3,31277,0.975612
11406,4,2843,0.975385
11406,5,4244,0.975071
11406,6,6118,0.974878
11406,7,3753,0.974341
11406,8,3270,0.973376
11406,9,5664,0.972959
11406,10,2852,0.972761
11407,1,11376,0.837332
11407,2,15373,0.827488
11407,3,34000,0.827257
11407,4,7019,0.823320
11407,5,13959,0.821828
11407,6,19617,0.818411
11407,7,18745,0.817199
11407,8,40436,0.815898
11407,9,21174,0.815639
11407,10,29170,0.814448
11417,1,11478,0.947124
11417,2,29783,0.944432
11417,3,14060,0.938932
11417,4,36862,0.938391
11417,5,48068,0.936581
11417,6,41495,0.936508
11417,7,36184,0.935511
11417,8,39398,0.934601
11417,9,13951,0.933682
11417,10,24133,0.932829
11424,1,25530,0.984053
11424,2,12185,0.980050
11424,3,8188,0.979723
11424,4,13408,0.979532
11424,5,10809,0.979466
11424,6,8189,0.979015
11424,7,29797,0.978465
11424,8,13417,0.977884
11424,9,8187,0.977487
11424,10,29796,0.977163
11428,1,11438,0.987329
11428,2,11429,0.975012
11428,3,11365,0.963985
11428,4,11526,0.960129
11428,5,2591,0.957072
11428,6,11369,0.956916
11428,7,34580,0.956879
11428,8,11427,0.951575
11428,9,8432,0.951284
11428,10,7208,0.950656
11436,1,38810,0.932956
11436,2,11366,0.932379
11436,3,8458,0.930600
11436,4,19608,0.925518
11436,5,19647,0.922720
11436,6,27263,0.921268
11436,7,7699,0.917128
11436,8,26893,0.917096
11436,9,26955,0.917052
11436,10,7314,0.916518
11454,1,31020,0.953819
11454,2,19563,0.953326
11454,3,11391,0.951871
11454,4,48435,0.950940
11454,5,42584,0.950459
11454,6,11420,0.949516
11454,7,7855,0.947948
11454,8,15189,0.946323
11454,9,4195,0.945857
11454,10,38791,0.943901
11455,1,12185,0.988294
11455,2,10809,0.982217
11455,3,29796,0.980612
11455,4,8196,0.978195
11455,5,12908,0.977668
11455,6,17176,0.977486
11455,7,33057,0.977386
11455,8,13886,0.976914
11455,9,25530,0.976219
11455,10,12045,0.975668
11464,1,26277,0.961298
11464,2,12502,0.957236
11464,3,11410,0.956652
11464,4,16626,0.951681
11464,5,13435,0.951412
11464,6,23175,0.949907
11464,7,14069,0.947437
11464,8,19632,0.946412
11464,9,48068,0.946288
11464,10,19566,0.945481
11466,1,12642,0.979299
11466,2,22794,0.977597
11466,3,19554,0.975474
11466,4,16552,0.971279
11466,5,33082,0.969311
11466,6,14289,0.968556
11466,7,12200,0.968443
11466,8,10822,0.967294
11466,9,12933,0.967247
11466,10,34195,0.966167
11469,1,11395,0.971098
11469,2,15189,0.970522
11469,3,48435,0.967181
11469,4,31265,0.965393
11469,5,42173,0.964836
11469,6,26269,0.964206
11469,7,10467,0.964188
11469,8,6097,0.963225
11469,9,19563,0.962896
11469,10,14078,0.962662
11489,1,36796,0.915419
11489,2,51525,0.906813
11489,3,43185,0.906259
11489,4,45287,0.901856
11489,5,46552,0.899627
11489,6,41047,0.898402
11489,7,45116,0.897683
11489,8,46486,0.896669
11489,9,25645,0.895981
11489,10,31839,0.895296
11499,1,18549,0.940694
11499,2,23796,0.922589
11499,3,16997,0.921462
11499,4,45399,0.919757
11499,5,23795,0.917220
11499,6,24075,0.914272
11499,7,26183,0.911356
11499,8,24074,0.907755
11499,9,50172,0.906455
11499,10,34069,0.905759
11512,1,19020,0.971311
11512,2,20907,0.967838
11512,3,19019,0.966306
11512,4,14441,0.963484
11512,5,41688,0.963400
11512,6,49590,0.963328
11512,7,49615,0.962493
11512,8,15546,0.962224
11512,9,19046,0.961723
11512,10,46622,0.961620
11514,1,15523,0.960275
11514,2,14379,0.954105
11514,3,27075,0.952838
11514,4,41724,0.952469
11514,5,45370,0.949971
11514,6,47549,0.949643
11514,7,36615,0.948293
11514,8,47614,0.946890
11514,9,17666,0.946736
11514,10,45372,0.946555
11522,1,19515,0.985015
11522,2,14082,0.984927
11522,3,21120,0.983567
11522,4,20221,0.981563
11522,5,19955,0.981382
11522,6,20220,0.980270
11522,7,23071,0.980095
11522,8,19529,0.979420
11522,9,16002,0.979332
11522,10,18571,0.979225
11533,1,10358,0.947227
11533,2,18611,0.943248
11533,3,9679,0.942581
11533,4,11450,0.934925
11533,5,7007,0.933495
11533,6,33314,0.932937
11533,7,13468,0.927847
11533,8,17262,0.922479
11533,9,7964,0.921318
11533,10,19112,0.921190
11553,1,18295,0.982685
11553,2,12063,0.982669
11553,3,18287,0.982431
11553,4,24370,0.981148
11553,5,39458,0.980252
11553,6,12067,0.980215
11553,7,11596,0.980173
11553,8,21896,0.979871
11553,9,28728,0.979865
11553,10,30845,0.979322
11558,1,21925,0.985837
11558,2,11575,0.984617
11558,3,12061,0.984153
11558,4,11809,0.984078
11558,5,20114,0.983607
11558,6,30855,0.982943
11558,7,12786,0.982796
11558,8,11536,0.982726
11558,9,42559,0.982587
11558,10,42671,0.982558
11565,1,11536,0.985029
11565,2,11624,0.984471
11565,3,42559,0.984323
11565,4,36828,0.984044
11565,5,28726,0.983918
11565,6,32274,0.983870
11565,7,42671,0.983842
11565,8,19063,0.983774
11565,9,30853,0.983616
11565,10,28736,0.983314
11580,1,15832,0.991072
11580,2,11579,0.991023
11580,3,11628,0.990456
11580,4,20096,0.990288
11580,5,11616,0.990051
11580,6,11592,0.990039
11580,7,12061,0.989747
11580,8,28704,0.989371
11580,9,28712,0.989269
11580,10,28711,0.989267
11602,1,11607,0.977109
11602,2,28764,0.973072
11602,3,30884,0.972518
11602,4,28758,0.969178
11602,5,28762,0.969157
11602,6,19068,0.968719
11602,7,28717,0.968338
11602,8,30863,0.967608
11602,9,19098,0.967127
11602,10,11542,0.967012
11611,1,45736,0.963819
11611,2,42658,0.958201
11611,3,11572,0.957750
11611,4,31309,0.956379
11611,5,42649,0.956239
11611,6,42534,0.955420
11611,7,25820,0.955182
11611,8,12071,0.954550
11611,9,46019,0.954068
11611,10,47031,0.953748
11613,1,21925,0.984910
11613,2,21879,0.983321
11613,3,24383,0.983306
11613,4,24157,0.982094
11613,5,21884,0.981201
11613,6,12786,0.980469
11613,7,39152,0.980446
11613,8,21885,0.980335
11613,9,15094,0.979875
11613,10,12787,0.979850
11639,1,10400,0.929590
11639,2,11490,0.923981
11639,3,11642,0.900793
11639,4,10317,0.899036
11639,5,17457,0.894247
11639,6,25636,0.890579
11639,7,30074,0.889578
11639,8,29503,0.889484
11639,9,26346,0.887354
11639,10,26336,0.886626
11649,1,28942,0.982368
11649,2,11618,0.981807
11649,3,20099,0.981511
11649,4,36495,0.978861
11649,5,11620,0.975878
11649,6,40573,0.974265
11649,7,42552,0.973905
11649,8,11537,0.973716
11649,9,12142,0.973692
11649,10,33017,0.973249
11672,1,11704,0.990279
11672,2,11711,0.984978
11672,3,12046,0.982786
11672,4,25536,0.982763
11672,5,13411,0.982571
11672,6,13886,0.981915
11672,7,12045,0.981764
11672,8,13747,0.979952
11672,9,9593,0.979256
11672,10,11689,0.979195
11677,1,12908,0.970736
11677,2,29766,0.968843
11677,3,11695,0.968594
11677,4,11682,0.967568
11677,5,11689,0.967119
11677,6,17754,0.966772
11677,7,19832,0.966623
11677,8,8194,0.965358
11677,9,7171,0.964856
11677,10,13747,0.964834
11690,1,29282,0.974691
11690,2,16450,0.965282
11690,3,30801,0.962494
11690,4,29769,0.961786
11690,5,30798,0.960414
11690,6,13870,0.958440
11690,7,13943,0.957665
11690,8,16462,0.956530
11690,9,37737,0.954770
11690,10,27538,0.949258
11701,1,13401,0.986860
11701,2,11697,0.986650
11701,3,12941,0.986001
11701,4,12950,0.985558
11701,5,8759,0.985398
11701,6,16484,0.985080
11701,7,16524,0.984974
11701,8,12174,0.984910
11701,9,24697,0.984239
11701,10,13736,0.984082
11727,1,12643,0.989258
11727,2,10486,0.988673
11727,3,9687,0.982371
11727,4,14930,0.982262
11727,5,14068,0.981978
11727,6,7820,0.981863
11727,7,10835,0.981806
11727,8,12918,0.981608
11727,9,42175,0.981234
11727,10,8412,0.981081
11732,1,44915,0.982376
11732,2,31581,0.981677
11732,3,13705,0.980564
11732,4,5800,0.980265
11732,5,12630,0.979547
11732,6,24039,0.979363
11732,7,13101,0.979274
11732,8,14530,0.978507
11732,9,14070,0.978221
11732,10,12637,0.977850
11734,1,20958,0.934614
11734,2,11778,0.923375
11734,3,19328,0.920704
11734,4,14080,0.920657
11734,5,16926,0.920342
11734,6,24053,0.915817
11734,7,16916,0.910270
11734,8,20631,0.905836
11734,9,12640,0.904850
11734,10,19163,0.902871
11736,1,13529,0.950417
11736,2,19154,0.944447
11736,3,32492,0.938878
11736,4,11737,0.933957
11736,5,26292,0.930650
11736,6,14953,0.926302
11736,7,16636,0.923535
11736,8,26228,0.922829
11736,9,24150,0.922818
11736,10,19584,0.921937
11741,1,11738,0.970106
11741,2,16197,0.961084
11741,3,20190,0.961019
11741,4,17201,0.959865
11741,5,11737,0.959036
11741,6,19796,0.957577
11741,7,19518,0.956546
11741,8,15003,0.955340
11741,9,10426,0.952790
11741,10,13799,0.950763
11746,1,11730,0.989346
11746,2,18642,0.981505
11746,3,18850,0.979011
11746,4,20253,0.978517
11746,5,20259,0.978468
11746,6,24338,0.978014
11746,7,5516,0.977861
11746,8,18500,0.977547
11746,9,11733,0.976719
11746,10,19791,0.976673
11755,1,37183,0.960511
11755,2,1561,0.957869
11755,3,25968,0.955868
11755,4,36737,0.954591
11755,5,21426,0.954551
11755,6,25924,0.952371
11755,7,43324,0.952012
11755,8,10577,0.948809
11755,9,12580,0.947940
11755,10,19010,0.947709
11759,1,42399,0.869538
11759,2,7197,0.841870
11759,3,6088,0.836424
11759,4,42235,0.832794
11759,5,18720,0.830081
11759,6,11758,0.824555
11759,7,17850,0.824273
11759,8,44691,0.821132
11759,9,18194,0.819841
11759,10,3977,0.819205
11761,1,19057,0.943561
11761,2,19054,0.934914
11761,3,33746,0.923360
11761,4,19085,0.920210
11761,5,19056,0.920165
11761,6,19081,0.919904
11761,7,19076,0.917836
11761,8,12119,0.917608
11761,9,11799,0.917498
11761,10,28749,0.916460
11774,1,10046,0.987824
11774,2,3850,0.984162
11774,3,6231,0.983332
11774,4,7948,0.982988
11774,5,31581,0.981676
11774,6,14531,0.980981
11774,7,6936,0.980680
11774,8,13848,0.980649
11774,9,29040,0.979611
11774,10,9671,0.979599
11802,1,11569,0.871984
11802,2,12102,0.865993
11802,3,28720,0.844770
11802,4,40658,0.837784
11802,5,11609,0.836361
11802,6,32254,0.835470
11802,7,20098,0.834287
11802,8,19105,0.833935
11802,9,11595,0.833695
11802,10,30932,0.832691
11803,1,20382,0.974375
11803,2,20098,0.973738
11803,3,31318,0.970996
11803,4,39459,0.969292
11803,5,19079,0.968298
11803,6,19065,0.968282
11803,7,23238,0.968162
11803,8,12087,0.968098
11803,9,12101,0.967346
11803,10,40658,0.966080
11806,1,11809,0.979047
11806,2,12117,0.977984
11806,3,21929,0.977471
11806,4,18275,0.977171
11806,5,11548,0.976987
11806,6,30839,0.976362
11806,7,22070,0.976182
11806,8,22018,0.975777
11806,9,20100,0.975539
11806,10,20114,0.975010
11814,1,28715,0.987335
11814,2,42423,0.985957
11814,3,19070,0.985896
11814,4,30853,0.985833
11814,5,30860,0.985662
11814,6,24364,0.985544
11814,7,42424,0.985216
11814,8,12059,0.984991
11814,9,12061,0.984869
11814,10,24590,0.984744
11822,1,11820,0.946847
11822,2,11819,0.929359
11822,3,11818,0.926309
11822,4,24627,0.925900
11822,5,2828,0.919613
11822,6,3585,0.919419
11822,7,20896,0.917297
11822,8,3595,0.917124
11822,9,17040,0.914755
11822,10,15280,0.914308
11827,1,41468,0.784558
11827,2,14391,0.769837
11827,3,3218,0.746888
11827,4,24070,0.746115
11827,5,18550,0.744918
11827,6,37967,0.740608
11827,7,20839,0.740478
11827,8,44460,0.740133
11827,9,13384,0.739617
11827,10,38542,0.726802
11833,1,11819,0.966310
11833,2,22239,0.963045
11833,3,7048,0.961784
11833,4,3644,0.960683
11833,5,22237,0.960548
11833,6,22252,0.960122
11833,7,4131,0.960012
11833,8,20896,0.959757
11833,9,3790,0.958425
11833,10,4017,0.957622
11835,1,7045,0.956417
11835,2,20891,0.955193
11835,3,26684,0.950613
11835,4,13685,0.948751
11835,5,3790,0.946652
11835,6,11818,0.946411
11835,7,13684,0.946108
11835,8,7802,0.945457
11835,9,22235,0.945120
11835,10,7804,0.944399
11848,1,23850,0.980491
11848,2,24110,0.979022
11848,3,44719,0.976773
11848,4,32192,0.976234
11848,5,16730,0.976142
11848,6,30251,0.974961
11848,7,38676,0.974345
11848,8,5635,0.974270
11848,9,39950,0.974131
11848,10,30243,0.973981
11853,1,11845,0.958906
11853,2,18655,0.951654
11853,3,18649,0.949005
11853,4,19130,0.948844
11853,5,5605,0.948556
11853,6,15519,0.944881
11853,7,15521,0.944808
11853,8,30235,0.944174
11853,9,38676,0.943997
11853,10,42037,0.943752
11865,1,44711,0.915047
11865,2,2251,0.896552
11865,3,5273,0.891616
11865,4,11852,0.887207
11865,5,15392,0.886983
11865,6,3631,0.886815
11865,7,19873,0.885925
11865,8,33638,0.884847
11865,9,44713,0.884120
11865,10,19875,0.881323
11872,1,16171,0.990862
11872,2,10274,0.990825
11872,3,11873,0.990672
11872,4,10286,0.989963
11872,5,16166,0.989792
11872,6,15060,0.989722
11872,7,10264,0.989718
11872,8,10263,0.989688
11872,9,10150,0.989654
11872,10,12871,0.989390
11874,1,11907,0.988697
11874,2,21095,0.988571
11874,3,11935,0.988457
11874,4,9018,0.986851
11874,5,22230,0.986698
11874,6,9019,0.986284
11874,7,50762,0.986045
11874,8,39814,0.985934
11874,9,11939,0.985810
11874,10,11917,0.984993
11881,1,11923,0.995255
11881,2,47203,0.994243
11881,3,11900,0.993868
11881,4,9696,0.993403
11881,5,11901,0.993353
11881,6,11909,0.993105
11881,7,12487,0.992941
11881,8,15055,0.992663
11881,9,22129,0.992438
11881,10,10171,0.992352
11882,1,22136,0.997916
11882,2,24480,0.996204
11882,3,11896,0.995920
11882,4,22129,0.995528
11882,5,47220,0.995399
11882,6,11900,0.994872
11882,7,15359,0.994808
11882,8,12868,0.994752
11882,9,16175,0.994730
11882,10,19372,0.994684
11884,1,45616,0.988630
11884,2,23245,0.986331
11884,3,44428,0.986192
11884,4,33342,0.986133
11884,5,40449,0.985965
11884,6,11921,0.985567
11884,7,21071,0.985548
11884,8,45604,0.985450
11884,9,35650,0.985189
11884,10,35233,0.984882
11924,1,9044,0.995308
11924,2,9701,0.994691
11924,3,22124,0.994424
11924,4,39265,0.994332
11924,5,50744,0.993883
11924,6,10638,0.993824
11924,7,10286,0.993612
11924,8,12863,0.993392
11924,9,35475,0.993391
11924,10,44417,0.993376
11927,1,36419,0.969045
11927,2,3301,0.962512
11927,3,18421,0.961688
11927,4,26604,0.961586
11927,5,26600,0.960196
11927,6,41841,0.959695
11927,7,3373,0.959278
11927,8,39896,0.957273
11927,9,13912,0.956336
11927,10,9127,0.956304
11934,1,11935,0.989591
11934,2,28328,0.987490
11934,3,11938,0.984519
11934,4,39821,0.983570
11934,5,28321,0.983017
11934,6,44518,0.982938
11934,7,21095,0.982577
11934,8,39823,0.982172
11934,9,28331,0.982092
11934,10,39826,0.981521
11948,1,11949,0.969074
11948,2,44433,0.960149
11948,3,14485,0.957451
11948,4,10178,0.956571
11948,5,44413,0.955494
11948,6,22105,0.952861
11948,7,35681,0.952765
11948,8,44435,0.952689
11948,9,4270,0.952354
11948,10,34090,0.952162
11956,1,6494,0.927594
11956,2,49506,0.920045
11956,3,26529,0.916704
11956,4,49377,0.916246
11956,5,12925,0.915877
11956,6,3551,0.913253
11956,7,10296,0.913143
11956,8,45865,0.912410
11956,9,49059,0.912106
11956,10,11959,0.908269
11968,1,49369,0.959127
11968,2,10627,0.952640
11968,3,14563,0.946012
11968,4,13123,0.939625
11968,5,35567,0.937359
11968,6,26559,0.937222
11968,7,40450,0.935680
11968,8,4180,0.934294
11968,9,15228,0.934274
11968,10,10169,0.931699
11973,1,18906,0.957890
11973,2,36459,0.957490
11973,3,4154,0.955029
11973,4,29257,0.954988
11973,5,39900,0.954870
11973,6,18602,0.954342
11973,7,39655,0.953381
11973,8,8344,0.952813
11973,9,36426,0.952675
11973,10,12718,0.952083
11990,1,21588,0.960839
11990,2,26403,0.957842
11990,3,34220,0.949357
11990,4,11996,0.947977
11990,5,10437,0.947378
11990,6,16402,0.946548
11990,7,7167,0.945216
11990,8,13734,0.942280
11990,9,25539,0.939895
11990,10,28859,0.939660
11992,1,4096,0.967757
11992,2,14290,0.967462
11992,3,17513,0.966115
11992,4,12947,0.963483
11992,5,24272,0.963272
11992,6,13466,0.962823
11992,7,8612,0.962695
11992,8,14679,0.962529
11992,9,17510,0.961860
11992,10,4093,0.960790
11999,1,12003,0.993247
11999,2,12028,0.990424
11999,3,12019,0.990277
11999,4,12340,0.990063
11999,5,12025,0.989783
11999,6,12042,0.989170
11999,7,12339,0.989077
11999,8,12267,0.988971
11999,9,12029,0.987992
11999,10,12297,0.987735
12001,1,12339,0.987344
12001,2,12329,0.986791
12001,3,12025,0.986081
12001,4,12003,0.985357
12001,5,12029,0.984181
12001,6,12267,0.983834
12001,7,9447,0.983606
12001,8,22390,0.983509
12001,9,22388,0.983066
12001,10,9244,0.982928
12011,1,12017,0.984331
12011,2,14706,0.983340
12011,3,15579,0.981463
12011,4,37131,0.980199
12011,5,14517,0.980095
12011,6,12004,0.979307
12011,7,8854,0.978617
12011,8,14620,0.978284
12011,9,14528,0.977633
12011,10,8848,0.977328
12085,1,11789,0.986699
12085,2,12060,0.984910
12085,3,12101,0.984740
12085,4,15837,0.983545
12085,5,19075,0.983398
12085,6,11555,0.982917
12085,7,15833,0.982609
12085,8,31697,0.982205
12085,9,12075,0.982164
12085,10,23238,0.982045
12090,1,11581,0.989165
12090,2,28715,0.989108
12090,3,24590,0.986715
12090,4,28726,0.986249
12090,5,30870,0.985933
12090,6,19063,0.985868
12090,7,12097,0.985352
12090,8,11575,0.985057
12090,9,11624,0.984963
12090,10,19074,0.984657
12133,1,23306,0.970208
12133,2,12144,0.970071
12133,3,24377,0.969397
12133,4,40612,0.967795
12133,5,20094,0.966481
12133,6,11804,0.966006
12133,7,50329,0.965980
12133,8,30863,0.965478
12133,9,27288,0.964999
12133,10,12153,0.964938
12155,1,23303,0.788091
12155,2,22462,0.786149
12155,3,12156,0.781557
12155,4,12160,0.779719
12155,5,22463,0.778490
12155,6,22454,0.777991
12155,7,22465,0.773065
12155,8,28878,0.772274
12155,9,28879,0.771355
12155,10,12162,0.771099
12161,1,30732,0.931738
12161,2,30828,0.912840
12161,3,30809,0.905395
12161,4,30832,0.903035
12161,5,35033,0.902805
12161,6,30831,0.899971
12161,7,30829,0.899216
12161,8,35034,0.898224
12161,9,30826,0.896745
12161,10,35037,0.896063
12167,1,12168,0.972888
12167,2,12165,0.966367
12167,3,34284,0.965596
12167,4,34281,0.964632
12167,5,12166,0.964612
12167,6,34265,0.959840
12167,7,34282,0.958475
12167,8,31064,0.956701
12167,9,31059,0.956342
12167,10,34930,0.955684
12169,1,12165,0.911753
12169,2,12166,0.904232
12169,3,34284,0.890281
12169,4,34280,0.886988
12169,5,12164,0.886545
12169,6,12168,0.884816
12169,7,34939,0.882661
12169,8,50843,0.880848
12169,9,34283,0.879475
12169,10,34281,0.879338
12183,1,20171,0.989191
12183,2,16039,0.988974
12183,3,16051,0.988231
12183,4,14040,0.987613
12183,5,8159,0.987458
12183,6,20172,0.987252
12183,7,18320,0.987170
12183,8,24065,0.987110
12183,9,16037,0.987058
12183,10,16032,0.987019
12184,1,33063,0.989152
12184,2,13402,0.989073
12184,3,13858,0.989025
12184,4,12171,0.988796
12184,5,13764,0.988742
12184,6,10811,0.988731
12184,7,9268,0.988431
12184,8,13518,0.988268
12184,9,33549,0.988266
12184,10,13396,0.988136
12187,1,12172,0.994001
12187,2,20171,0.993417
12187,3,12180,0.993112
12187,4,16032,0.992323
12187,5,12936,0.991523
12187,6,16039,0.991474
12187,7,6013,0.990471
12187,8,16031,0.990324
12187,9,6003,0.990294
12187,10,7049,0.990223
12190,1,23188,0.993298
12190,2,31050,0.993197
12190,3,15703,0.992826
12190,4,12178,0.992378
12190,5,41610,0.991965
12190,6,10484,0.991636
12190,7,23205,0.991380
12190,8,22576,0.990930
12190,9,16044,0.990556
12190,10,14042,0.990486
12198,1,26268,0.981120
12198,2,26248,0.978972
12198,3,14060,0.978826
12198,4,18643,0.974981
12198,5,14079,0.973571
12198,6,10467,0.973448
12198,7,16127,0.973349
12198,8,37977,0.972262
12198,9,12503,0.972143
12198,10,16552,0.972095
12202,1,4762,0.989607
12202,2,18980,0.989012
12202,3,34391,0.988451
12202,4,29581,0.987550
12202,5,9788,0.987078
12202,6,34373,0.986995
12202,7,10447,0.986867
12202,8,32919,0.986560
12202,9,14685,0.986460
12202,10,31603,0.986430
12207,1,22346,0.987156
12207,2,20257,0.981517
12207,3,12947,0.981264
12207,4,29046,0.981192
12207,5,12946,0.981087
12207,6,4760,0.980515
12207,7,12646,0.980250
12207,8,12630,0.979811
12207,9,6055,0.979224
12207,10,7948,0.979185
12255,1,12278,0.994115
12255,2,12304,0.992435
12255,3,12303,0.991868
12255,4,12249,0.991568
12255,5,12313,0.991018
12255,6,12326,0.990515
12255,7,12320,0.990077
12255,8,12258,0.989896
12255,9,12264,0.989706
12255,10,12234,0.988894
12271,1,12244,0.986111
12271,2,12298,0.984958
12271,3,12297,0.984445
12271,4,9070,0.984377
12271,5,12260,0.983767
12271,6,9069,0.983502
12271,7,12305,0.983361
12271,8,12296,0.983298
12271,9,12038,0.982716
12271,10,12247,0.982609
12284,1,12303,0.996493
12284,2,12278,0.993430
12284,3,12234,0.991731
12284,4,12296,0.990939
12284,5,12249,0.989826
12284,6,12304,0.989589
12284,7,12247,0.989513
12284,8,12313,0.989478
12284,9,12298,0.989327
12284,10,12319,0.989120
12350,1,12367,0.948171
12350,2,37798,0.942635
12350,3,38978,0.940122
12350,4,27557,0.933080
12350,5,10815,0.933054
12350,6,8792,0.929989
12350,7,20153,0.928796
12350,8,43482,0.928196
12350,9,40262,0.926782
12350,10,11147,0.925145
12395,1,12396,0.921813
12395,2,12393,0.921774
12395,3,12394,0.919116
12395,4,18352,0.901814
12395,5,18944,0.900128
12395,6,7656,0.899958
12395,7,7657,0.899822
12395,8,17303,0.898862
12395,9,14602,0.898333
12395,10,17400,0.898280
12400,1,12404,0.986487
12400,2,14609,0.984088
12400,3,49249,0.984085
12400,4,12398,0.983022
12400,5,36385,0.982481
12400,6,51152,0.982045
12400,7,31994,0.981869
12400,8,12397,0.981828
12400,9,51183,0.981498
12400,10,12410,0.981344
12425,1,30264,0.976379
12425,2,22191,0.973234
12425,3,9028,0.972124
12425,4,43475,0.969515
12425,5,39280,0.967026
12425,6,39304,0.962860
12425,7,28657,0.959828
12425,8,12987,0.959466
12425,9,22199,0.959065
12425,10,35660,0.958414
12443,1,24619,0.956964
12443,2,12419,0.954501
12443,3,8067,0.951946
12443,4,28587,0.951683
12443,5,28588,0.951491
12443,6,23690,0.950548
12443,7,43387,0.947555
12443,8,18595,0.945878
12443,9,50823,0.945668
12443,10,27778,0.944281
12445,1,12441,0.967144
12445,2,27762,0.959719
12445,3,12444,0.959041
12445,4,27761,0.958741
12445,5,12411,0.958496
12445,6,7618,0.957936
12445,7,28587,0.953542
12445,8,12416,0.952776
12445,9,12419,0.952328
12445,10,18819,0.951427
12446,1,12444,0.996245
12446,2,12441,0.991341
12446,3,23689,0.989747
12446,4,14843,0.988302
12446,5,15944,0.988217
12446,6,12418,0.987122
12446,7,18819,0.986766
12446,8,14841,0.986163
12446,9,20862,0.985496
12446,10,14845,0.984924
12473,1,12482,0.993825
12473,2,12486,0.990908
12473,3,12472,0.986248
12473,4,39211,0.982671
12473,5,40451,0.980710
12473,6,10264,0.980123
12473,7,44427,0.980090
12473,8,12517,0.979492
12473,9,11873,0.978718
12473,10,9037,0.978644
12477,1,12481,0.983912
12477,2,12512,0.966881
12477,3,12506,0.965248
12477,4,50726,0.960700
12477,5,22126,0.959891
12477,6,12480,0.959638
12477,7,17819,0.958993
12477,8,21099,0.958133
12477,9,24691,0.957905
12477,10,12853,0.957716
12478,1,12482,0.984201
12478,2,12472,0.983058
12478,3,12515,0.981425
12478,4,10285,0.980104
12478,5,12506,0.979256
12478,6,12486,0.978842
12478,7,10264,0.978596
12478,8,10274,0.977250
12478,9,10263,0.976598
12478,10,11873,0.971526
12516,1,16188,0.994767
12516,2,16173,0.993194
12516,3,16166,0.992547
12516,4,16171,0.991852
12516,5,10150,0.989381
12516,6,15058,0.988967
12516,7,21059,0.988915
12516,8,11902,0.988655
12516,9,9037,0.988637
12516,10,10146,0.988569
12521,1,11880,0.993599
12521,2,12517,0.993551
12521,3,47209,0.993480
12521,4,11902,0.993379
12521,5,12868,0.993328
12521,6,47220,0.993151
12521,7,11909,0.992840
12521,8,24480,0.992833
12521,9,12861,0.992705
12521,10,47190,0.992571
12532,1,21162,0.822647
12532,2,19634,0.758103
12532,3,19679,0.713254
12532,4,15373,0.713146
12532,5,19681,0.710693
12532,6,11385,0.704060
12532,7,18957,0.689797
12532,8,20209,0.687584
12532,9,43622,0.679061
12532,10,32384,0.673999
12533,1,18963,0.876970
12533,2,18961,0.851610
12533,3,18957,0.830455
12533,4,18960,0.818017
12533,5,23140,0.808641
12533,6,6877,0.800200
12533,7,19680,0.798563
12533,8,22609,0.797483
12533,9,19330,0.796054
12533,10,12807,0.794738
12534,1,19171,0.970941
12534,2,19549,0.969725
12534,3,19146,0.967209
12534,4,14316,0.964832
12534,5,19327,0.964235
12534,6,19326,0.964211
12534,7,14311,0.962698
12534,8,15016,0.959076
12534,9,23119,0.957446
12534,10,13833,0.956614
12543,1,10070,0.983374
12543,2,12495,0.980879
12543,3,9823,0.973190
12543,4,28469,0.972797
12543,5,11025,0.971986
12543,6,6906,0.971877
12543,7,24950,0.971657
12543,8,5156,0.970917
12543,9,43320,0.970797
12543,10,12546,0.968514
12576,1,21445,0.971245
12576,2,27350,0.970915
12576,3,27354,0.970300
12576,4,9818,0.969565
12576,5,10076,0.968040
12576,6,27352,0.966584
12576,7,22225,0.966217
12576,8,19006,0.965768
12576,9,9828,0.965747
12576,10,9826,0.965553
12612,1,36862,0.962551
12612,2,24611,0.957778
12612,3,4195,0.956779
12612,4,26238,0.953582
12612,5,12616,0.953395
12612,6,3712,0.953294
12612,7,19789,0.952982
12612,8,6113,0.952893
12612,9,30127,0.952250
12612,10,11730,0.951929
12626,1,10859,0.993356
12626,2,14098,0.991529
12626,3,12655,0.991111
12626,4,10465,0.990111
12626,5,16218,0.988760
12626,6,5176,0.987995
12626,7,11780,0.987382
12626,8,24016,0.987323
12626,9,10991,0.986699
12626,10,7666,0.986604
12634,1,10859,0.989143
12634,2,10992,0.988749
12634,3,2341,0.988455
12634,4,7658,0.988353
12634,5,10376,0.986985
12634,6,12655,0.986959
12634,7,14098,0.986631
12634,8,14912,0.985945
12634,9,24049,0.985773
12634,10,3993,0.985477
12638,1,15586,0.970219
12638,2,19171,0.967324
12638,3,14984,0.963756
12638,4,19322,0.963611
12638,5,19325,0.962610
12638,6,19552,0.962262
12638,7,20198,0.960418
12638,8,19817,0.959819
12638,9,18864,0.959138
12638,10,19810,0.958735
12663,1,13398,0.990229
12663,2,12658,0.989870
12663,3,25540,0.989613
12663,4,12662,0.988824
12663,5,28786,0.987693
12663,6,13464,0.987675
12663,7,13932,0.987480
12663,8,20150,0.987463
12663,9,12941,0.987436
12663,10,13418,0.987428
12670,1,14933,0.982869
12670,2,14932,0.981233
12670,3,20919,0.980478
12670,4,14940,0.979132
12670,5,41695,0.978893
12670,6,14931,0.978782
12670,7,13112,0.978634
12670,8,12672,0.978293
12670,9,24311,0.978262
12670,10,33068,0.977914
12673,1,12676,0.895721
12673,2,16065,0.890525
12673,3,27609,0.874795
12673,4,37103,0.855289
12673,5,8844,0.845424
12673,6,16621,0.838523
12673,7,10257,0.837988
12673,8,27608,0.836509
12673,9,23073,0.831764
12673,10,27610,0.824775
12688,1,46104,0.966026
12688,2,24110,0.964476
12688,3,16982,0.963286
12688,4,40785,0.961405
12688,5,39950,0.960626
12688,6,43381,0.960428
12688,7,41222,0.960252
12688,8,48530,0.959736
12688,9,43375,0.958999
12688,10,41221,0.958683
12695,1,28636,0.965286
12695,2,4551,0.957626
12695,3,15299,0.956779
12695,4,3372,0.953308
12695,5,7836,0.947909
12695,6,7586,0.945609
12695,7,3299,0.943063
12695,8,15720,0.942863
12695,9,15309,0.942511
12695,10,10117,0.942506
12698,1,22711,0.962968
12698,2,5576,0.958397
12698,3,40472,0.954299
12698,4,42034,0.953928
12698,5,23938,0.952565
12698,6,25458,0.951247
12698,7,12890,0.949342
12698,8,4142,0.947628
12698,9,13215,0.946957
12698,10,15309,0.946837
12703,1,12706,0.969964
12703,2,43352,0.964719
12703,3,44231,0.962810
12703,4,35936,0.962178
12703,5,28649,0.960445
12703,6,25419,0.960262
12703,7,40322,0.959677
12703,8,17412,0.957963
12703,9,38646,0.956323
12703,10,4469,0.955804
12705,1,42993,0.964002
12705,2,15236,0.961730
12705,3,46290,0.961249
12705,4,43348,0.960492
12705,5,32948,0.960177
12705,6,25445,0.958956
12705,7,25470,0.958640
12705,8,15416,0.957774
12705,9,46797,0.957247
12705,10,5336,0.957118
12710,1,13384,0.835183
12710,2,13542,0.824721
12710,3,20839,0.822674
12710,4,37967,0.822525
12710,5,18549,0.797391
12710,6,27086,0.793487
12710,7,14391,0.789850
12710,8,23795,0.784225
12710,9,50165,0.780128
12710,10,43953,0.779315
12713,1,12701,0.948533
12713,2,9392,0.948484
12713,3,1730,0.948432
12713,4,17748,0.948336
12713,5,7601,0.945794
12713,6,34631,0.945424
12713,7,46799,0.944029
12713,8,22975,0.943811
12713,9,21727,0.942970
12713,10,15735,0.942011
12723,1,1784,0.977583
12723,2,5749,0.976495
12723,3,34819,0.976390
12723,4,1657,0.975063
12723,5,5042,0.974944
12723,6,42015,0.974025
12723,7,36459,0.973852
12723,8,28659,0.973300
12723,9,34832,0.973178
12723,10,24413,0.972716
12728,1,19632,0.954679
12728,2,40098,0.954077
12728,3,16626,0.954041
12728,4,15476,0.953821
12728,5,8003,0.952141
12728,6,13955,0.951800
12728,7,19400,0.951031
12728,8,12636,0.949716
12728,9,29036,0.949484
12728,10,4194,0.948555
12732,1,4584,0.982751
12732,2,24327,0.982008
12732,3,43147,0.981749
12732,4,9441,0.981367
12732,5,18438,0.980769
12732,6,19316,0.980335
12732,7,6517,0.979943
12732,8,37689,0.979583
12732,9,13698,0.979537
12732,10,39489,0.979473
12736,1,18947,0.724757
12736,2,24659,0.720547
12736,3,32024,0.719157
12736,4,14600,0.715035
12736,5,18948,0.712540
12736,6,18218,0.707210
12736,7,7656,0.704615
12736,8,15535,0.702561
12736,9,46869,0.702265
12736,10,15279,0.699884
12740,1,7056,0.957996
12740,2,39874,0.952644
12740,3,25874,0.950631
12740,4,37683,0.950066
12740,5,4609,0.949643
12740,6,35194,0.949542
12740,7,46623,0.948335
12740,8,29318,0.948196
12740,9,9484,0.947731
12740,10,7090,0.947568
12743,1,50763,0.644055
12743,2,7378,0.641774
12743,3,44537,0.635386
12743,4,39284,0.631485
12743,5,42868,0.630030
12743,6,42935,0.628910
12743,7,20504,0.628528
12743,8,20419,0.627194
12743,9,44553,0.626973
12743,10,17817,0.625472
12744,1,1590,0.624595
12744,2,3663,0.618858
12744,3,15713,0.609521
12744,4,9134,0.607486
12744,5,38529,0.605117
12744,6,2967,0.603768
12744,7,32179,0.603383
12744,8,8299,0.596337
12744,9,24255,0.596037
12744,10,15719,0.595232
12752,1,12044,0.991152
12752,2,12758,0.987594
12752,3,9901,0.983678
12752,4,12828,0.983575
12752,5,14121,0.982743
12752,6,11349,0.982693
12752,7,14125,0.982424
12752,8,14124,0.982361
12752,9,11285,0.981009
12752,10,15561,0.980633
12754,1,12759,0.992667
12754,2,26995,0.987134
12754,3,13347,0.985565
12754,4,13349,0.985133
12754,5,27021,0.984482
12754,6,26992,0.984360
12754,7,27002,0.982362
12754,8,14126,0.981731
12754,9,27001,0.980933
12754,10,14122,0.980672
12762,1,50956,0.868629
12762,2,41352,0.799296
12762,3,51364,0.797358
12762,4,44816,0.789596
12762,5,12760,0.788067
12762,6,51606,0.786352
12762,7,50953,0.784721
12762,8,50948,0.784359
12762,9,27936,0.783122
12762,10,50950,0.780344
12775,1,12094,0.970071
12775,2,28728,0.969583
12775,3,11546,0.969568
12775,4,32208,0.969531
12775,5,42424,0.969423
12775,6,39458,0.969374
12775,7,18282,0.969202
12775,8,21896,0.969035
12775,9,18275,0.968884
12775,10,33049,0.968702
12779,1,18736,0.870697
12779,2,11589,0.787254
12779,3,12076,0.779449
12779,4,43648,0.778730
12779,5,43627,0.773789
12779,6,25849,0.772287
12779,7,45736,0.760482
12779,8,38832,0.756855
12779,9,18755,0.750278
12779,10,35041,0.749310
12817,1,23502,0.955626
12817,2,9225,0.954136
12817,3,22885,0.953138
12817,4,17960,0.951539
12817,5,20837,0.950645
12817,6,6398,0.950241
12817,7,7371,0.950090
12817,8,18670,0.950004
12817,9,44551,0.949637
12817,10,12965,0.949322
12833,1,36317,0.859231
12833,2,4464,0.830978
12833,3,2727,0.824066
12833,4,37341,0.819273
12833,5,3811,0.807998
12833,6,5216,0.805555
12833,7,12844,0.803720
12833,8,12841,0.803086
12833,9,3817,0.801795
12833,10,12840,0.799242
12838,1,2732,0.964268
12838,2,5414,0.952614
12838,3,23624,0.951984
12838,4,18172,0.951664
12838,5,38289,0.951424
12838,6,40143,0.951391
12838,7,24986,0.950991
12838,8,36731,0.950187
12838,9,2740,0.948472
12838,10,41307,0.946484
12842,1,48245,0.969607
12842,2,48239,0.966542
12842,3,36719,0.962225
12842,4,48258,0.954065
12842,5,35881,0.942071
12842,6,33140,0.940001
12842,7,38346,0.938228
12842,8,15577,0.936648
12842,9,41753,0.936208
12842,10,38493,0.936157
12845,1,5486,0.964194
12845,2,3813,0.961104
12845,3,31153,0.959663
12845,4,31143,0.959047
12845,5,24907,0.956651
12845,6,48259,0.955617
12845,7,36314,0.955537
12845,8,40142,0.954864
12845,9,4207,0.954814
12845,10,21580,0.954768
12846,1,10676,0.722962
12846,2,13232,0.721751
12846,3,37600,0.707436
12846,4,8366,0.706206
12846,5,37564,0.696595
12846,6,36200,0.695310
12846,7,24914,0.692400
12846,8,37587,0.688848
12846,9,17798,0.687457
12846,10,10674,0.684737
12852,1,27212,0.958365
12852,2,13216,0.946706
12852,3,5431,0.936825
12852,4,5022,0.927891
12852,5,13320,0.925264
12852,6,10649,0.923775
12852,7,5430,0.923671
12852,8,27211,0.920448
12852,9,10650,0.919967
12852,10,5021,0.917503
12854,1,11895,0.990997
12854,2,17819,0.990274
12854,3,11891,0.988627
12854,4,11889,0.986493
12854,5,12855,0.986315
12854,6,9044,0.986244
12854,7,11870,0.986215
12854,8,12864,0.986151
12854,9,9041,0.986149
12854,10,11899,0.986101
12857,1,39309,0.974326
12857,2,39274,0.971801
12857,3,39252,0.967400
12857,4,18415,0.963281
12857,5,12987,0.960584
12857,6,22844,0.959568
12857,7,22824,0.959099
12857,8,22847,0.958508
12857,9,22817,0.957868
12857,10,18405,0.957812
12860,1,17819,0.985237
12860,2,12481,0.983667
12860,3,12512,0.982550
12860,4,11895,0.982129
12860,5,12855,0.981886
12860,6,11892,0.981446
12860,7,12520,0.981409
12860,8,7397,0.981102
12860,9,11897,0.981065
12860,10,10263,0.980845
12867,1,44757,0.930643
12867,2,12427,0.927273
12867,3,34642,0.919967
12867,4,6813,0.914407
12867,5,5330,0.912345
12867,6,13649,0.910419
12867,7,13064,0.910303
12867,8,38779,0.903395
12867,9,39904,0.903224
12867,10,39267,0.901819
12895,1,36435,0.942734
12895,2,34508,0.938294
12895,3,36431,0.933706
12895,4,6379,0.929197
12895,5,40466,0.929014
12895,6,26533,0.928013
12895,7,32942,0.925377
12895,8,39657,0.925279
12895,9,44493,0.925084
12895,10,6470,0.924873
12921,1,7802,0.945460
12921,2,26684,0.943295
12921,3,20891,0.942864
12921,4,4131,0.941826
12921,5,14489,0.938723
12921,6,22102,0.938711
12921,7,40789,0.936474
12921,8,22235,0.935011
12921,9,3642,0.934610
12921,10,13684,0.934587
12926,1,22095,0.962375
12926,2,39982,0.959534
12926,3,22104,0.954936
12926,4,49355,0.953492
12926,5,15248,0.952857
12926,6,31217,0.951999
12926,7,17037,0.951314
12926,8,19353,0.950623
12926,9,22157,0.949352
12926,10,22187,0.948640
12927,1,49377,0.962231
12927,2,10296,0.961873
12927,3,3553,0.961292
12927,4,37251,0.961237
12927,5,37240,0.960371
12927,6,3551,0.955952
12927,7,41837,0.955404
12927,8,12617,0.954882
12927,9,6494,0.953940
12927,10,37257,0.952912
12930,1,7015,0.974544
12930,2,16413,0.973787
12930,3,10823,0.973421
12930,4,4761,0.972034
12930,5,16416,0.971982
12930,6,16200,0.971627
12930,7,12933,0.971574
12930,8,12928,0.971504
12930,9,23063,0.970421
12930,10,2753,0.970288
12932,1,8597,0.986796
12932,2,33578,0.986729
12932,3,3705,0.981838
12932,4,13466,0.981529
12932,5,14290,0.981379
12932,6,16227,0.981337
12932,7,33075,0.981121
12932,8,33580,0.980806
12932,9,37986,0.980172
12932,10,14294,0.979430
12960,1,6668,0.894021
12960,2,4441,0.888172
12960,3,4126,0.882079
12960,4,22727,0.881286
12960,5,3645,0.876496
12960,6,38540,0.875435
12960,7,6671,0.870634
12960,8,33845,0.870382
12960,9,26670,0.869935
12960,10,5931,0.868332
13033,1,15489,0.966723
13033,2,17657,0.961251
13033,3,33520,0.957239
13033,4,46827,0.955448
13033,5,17662,0.954135
13033,6,46826,0.953288
13033,7,33519,0.948603
13033,8,50153,0.946974
13033,9,21030,0.946515
13033,10,2903,0.945530
13044,1,47574,0.969239
13044,2,39612,0.968526
13044,3,39608,0.967463
13044,4,47549,0.967302
13044,5,45365,0.966574
13044,6,47548,0.966144
13044,7,35814,0.966123
13044,8,41705,0.966014
13044,9,15565,0.965802
13044,10,33128,0.965509
13075,1,13080,0.938072
13075,2,7776,0.930801
13075,3,43237,0.924926
13075,4,26549,0.921630
13075,5,26550,0.917631
13075,6,46336,0.917359
13075,7,40692,0.915906
13075,8,22093,0.913301
13075,9,15248,0.909943
13075,10,44768,0.909794
13097,1,12730,0.915565
13097,2,14642,0.915481
13097,3,19325,0.911862
13097,4,22325,0.911455
13097,5,14316,0.907868
13097,6,22324,0.907745
13097,7,10364,0.907513
13097,8,17916,0.907105
13097,9,19548,0.903325
13097,10,19171,0.901705
13103,1,19535,0.892533
13103,2,15620,0.885174
13103,3,13106,0.880828
13103,4,15015,0.875758
13103,5,14311,0.873865
13103,6,15046,0.864261
13103,7,23141,0.861340
13103,8,15016,0.859550
13103,9,20202,0.857871
13103,10,19549,0.856302
13107,1,18611,0.925898
13107,2,33314,0.922564
13107,3,9679,0.911607
13107,4,7964,0.898113
13107,5,13468,0.889417
13107,6,7007,0.886731
13107,7,14312,0.882338
13107,8,1966,0.882110
13107,9,49942,0.877046
13107,10,11450,0.873684
13113,1,18867,0.989491
13113,2,14319,0.987111
13113,3,39080,0.985862
13113,4,9674,0.985580
13113,5,27626,0.985496
13113,6,14934,0.985089
13113,7,17934,0.984997
13113,8,18868,0.984867
13113,9,22797,0.984797
13113,10,7892,0.984625
13127,1,13123,0.981980
13127,2,24691,0.980914
13127,3,7331,0.980300
13127,4,13124,0.979564
13127,5,21099,0.978597
13127,6,7397,0.978007
13127,7,32552,0.977749
13127,8,6502,0.977355
13127,9,28314,0.977085
13127,10,9087,0.976971
13129,1,34119,0.916298
13129,2,11936,0.907965
13129,3,12475,0.905406
13129,4,44942,0.904907
13129,5,15074,0.904188
13129,6,42007,0.896720
13129,7,16111,0.889003
13129,8,15068,0.885609
13129,9,12484,0.885398
13129,10,17049,0.882697
13139,1,13121,0.979564
13139,2,12987,0.969013
13139,3,43475,0.968725
13139,4,22845,0.968528
13139,5,38783,0.967408
13139,6,30263,0.964663
13139,7,39309,0.960873
13139,8,22878,0.959203
13139,9,22199,0.958742
13139,10,45624,0.958675
13164,1,3304,0.965985
13164,2,7844,0.964080
13164,3,8532,0.963577
13164,4,7601,0.961703
13164,5,3294,0.960738
13164,6,7826,0.959186
13164,7,3367,0.957414
13164,8,22975,0.956324
13164,9,24456,0.954318
13164,10,26616,0.952331
13191,1,15731,0.945232
13191,2,5483,0.935853
13191,3,10639,0.932314
13191,4,39979,0.930192
13191,5,17034,0.926375
13191,6,39639,0.925181
13191,7,44739,0.923771
13191,8,39272,0.923326
13191,9,5330,0.922451
13191,10,44777,0.922265
13205,1,8074,0.973203
13205,2,4175,0.971455
13205,3,13727,0.971112
13205,4,11933,0.969402
13205,5,4477,0.969053
13205,6,41841,0.967875
13205,7,12712,0.967683
13205,8,24637,0.966371
13205,9,13681,0.966365
13205,10,9115,0.965873
13210,1,13916,0.961405
13210,2,23847,0.961148
13210,3,5239,0.961053
13210,4,3688,0.960054
13210,5,5322,0.959544
13210,6,13199,0.959513
13210,7,1963,0.959475
13210,8,43336,0.959397
13210,9,43342,0.959008
13210,10,12973,0.958564
13222,1,13230,0.956364
13222,2,13284,0.954075
13222,3,13344,0.939392
13222,4,27205,0.937407
13222,5,31447,0.935333
13222,6,5453,0.934620
13222,7,13236,0.934202
13222,8,43051,0.933965
13222,9,13302,0.933519
13222,10,15331,0.933187
13224,1,13317,0.554055
13224,2,15345,0.549339
13224,3,22642,0.546016
13224,4,18203,0.545587
13224,5,16557,0.543855
13224,6,20337,0.541104
13224,7,19811,0.536090
13224,8,16282,0.535684
13224,9,17907,0.535339
13224,10,19321,0.534891
13249,1,13228,0.925661
13249,2,13229,0.921745
13249,3,16061,0.899725
13249,4,48394,0.899492
13249,5,16059,0.892781
13249,6,16063,0.891328
13249,7,16064,0.889754
13249,8,13250,0.888916
13249,9,18196,0.887724
13249,10,42267,0.881985
13267,1,13294,0.949134
13267,2,4886,0.909786
13267,3,4912,0.904862
13267,4,4913,0.901758
13267,5,4908,0.881473
13267,6,4909,0.881422
13267,7,4905,0.880512
13267,8,9998,0.879699
13267,9,4910,0.878599
13267,10,10677,0.869118
13288,1,39756,0.820791
13288,2,37172,0.819479
13288,3,33259,0.818805
13288,4,39758,0.810502
13288,5,5412,0.809817
13288,6,36202,0.807395
13288,7,31166,0.805840
13288,8,33264,0.805412
13288,9,13343,0.804479
13288,10,39749,0.804227
13289,1,4124,0.804924
13289,2,12583,0.789307
13289,3,12601,0.783266
13289,4,38389,0.783062
13289,5,12602,0.781883
13289,6,4307,0.780131
13289,7,4327,0.780086
13289,8,12603,0.779301
13289,9,4324,0.779252
13289,10,12589,0.779170
13308,1,9998,0.711697
13308,2,13294,0.703498
13308,3,4902,0.697161
13308,4,13335,0.693550
13308,5,4886,0.687581
13308,6,4905,0.686963
13308,7,4912,0.679723
13308,8,4913,0.674599
13308,9,10693,0.670885
13308,10,5009,0.670852
13327,1,13318,0.955495
13327,2,13331,0.926862
13327,3,10650,0.925663
13327,4,13322,0.923756
13327,5,13252,0.906896
13327,6,13218,0.898607
13327,7,13320,0.862245
13327,8,5024,0.858238
13327,9,50718,0.817137
13327,10,31154,0.811280
13329,1,40130,0.987716
13329,2,34689,0.981544
13329,3,37222,0.979662
13329,4,36205,0.979257
13329,5,38999,0.978382
13329,6,41303,0.978178
13329,7,31093,0.978130
13329,8,43587,0.977917
13329,9,5425,0.977867
13329,10,33138,0.977294
13345,1,27230,0.881352
13345,2,13282,0.871788
13345,3,27222,0.867055
13345,4,13257,0.857274
13345,5,27229,0.856975
13345,6,5001,0.851378
13345,7,38571,0.847033
13345,8,30613,0.846498
13345,9,5017,0.843318
13345,10,43078,0.842596
13358,1,18415,0.947890
13358,2,22829,0.947587
13358,3,22867,0.944953
13358,4,22864,0.944320
13358,5,22824,0.941363
13358,6,38781,0.937613
13358,7,18405,0.926600
13358,8,9215,0.925748
13358,9,36131,0.925244
13358,10,22866,0.924481
13361,1,4441,0.923880
13361,2,5339,0.909800
13361,3,11825,0.907059
13361,4,14486,0.904639
13361,5,4436,0.903509
13361,6,5326,0.900689
13361,7,5937,0.899830
13361,8,15255,0.897123
13361,9,13927,0.896485
13361,10,11957,0.878852
13364,1,13369,0.719024
13364,2,13372,0.685619
13364,3,22533,0.683862
13364,4,8746,0.683196
13364,5,6739,0.672265
13364,6,10739,0.668991
13364,7,3830,0.662239
13364,8,13363,0.661676
13364,9,40289,0.658946
13364,10,15901,0.656095
13371,1,13363,0.741516
13371,2,13352,0.718368
13371,3,13370,0.700882
13371,4,22837,0.696385
13371,5,13196,0.674541
13371,6,13927,0.665079
13371,7,22730,0.663269
13371,8,5924,0.663178
13371,9,22832,0.662137
13371,10,22838,0.660974
13374,1,13352,0.890690
13374,2,22837,0.853929
13374,3,12426,0.834614
13374,4,22874,0.833834
13374,5,9431,0.791322
13374,6,22732,0.785525
13374,7,22869,0.784782
13374,8,22838,0.780047
13374,9,10104,0.772075
13374,10,22174,0.765063
13399,1,13411,0.991644
13399,2,12657,0.988557
13399,3,7171,0.984557
13399,4,26425,0.983114
13399,5,12942,0.980663
13399,6,11717,0.980595
13399,7,13418,0.980557
13399,8,9593,0.979512
13399,9,33063,0.979420
13399,10,13518,0.978936
13403,1,16530,0.991756
13403,2,11671,0.991357
13403,3,12942,0.991263
13403,4,28786,0.991045
13403,5,8774,0.990724
13403,6,33059,0.990057
13403,7,13393,0.989659
13403,8,12941,0.989577
13403,9,11717,0.989527
13403,10,11681,0.989485
13426,1,10466,0.989916
13426,2,4761,0.988388
13426,3,16416,0.987918
13426,4,17508,0.987265
13426,5,25549,0.987063
13426,6,16414,0.986546
13426,7,6614,0.986047
13426,8,32912,0.985446
13426,9,8597,0.985358
13426,10,19792,0.985084
13458,1,43910,0.907508
13458,2,19726,0.898819
13458,3,43306,0.896342
13458,4,35262,0.895986
13458,5,35259,0.893968
13458,6,48091,0.889724
13458,7,37949,0.888222
13458,8,27857,0.886083
13458,9,18756,0.884748
13458,10,27859,0.884582
13474,1,22273,0.977374
13474,2,11507,0.976413
13474,3,17654,0.976164
13474,4,19052,0.975290
13474,5,49603,0.975209
13474,6,39620,0.974580
13474,7,49590,0.974372
13474,8,49623,0.973775
13474,9,15546,0.973490
13474,10,47591,0.971993
13498,1,13497,0.995532
13498,2,13496,0.993736
13498,3,5839,0.988663
13498,4,16438,0.987893
13498,5,30550,0.987436
13498,6,32973,0.987108
13498,7,3850,0.986879
13498,8,13503,0.986224
13498,9,12652,0.985751
13498,10,3988,0.985096
13500,1,13513,0.991651
13500,2,21399,0.990631
13500,3,31590,0.990608
13500,4,23171,0.990324
13500,5,26288,0.990313
13500,6,12621,0.990067
13500,7,30300,0.990044
13500,8,24143,0.989884
13500,9,31382,0.989827
13500,10,6939,0.989707
13502,1,25546,0.985767
13502,2,3850,0.985217
13502,3,29343,0.984831
13502,4,16438,0.984715
13502,5,31234,0.982847
13502,6,15195,0.982738
13502,7,13509,0.981477
13502,8,5748,0.981425
13502,9,18935,0.981125
13502,10,21407,0.980886
13510,1,13496,0.987546
13510,2,24044,0.986263
13510,3,23670,0.986126
13510,4,7747,0.986015
13510,5,9788,0.985610
13510,6,8018,0.984988
13510,7,14914,0.984985
13510,8,6231,0.984787
13510,9,20330,0.984071
13510,10,13503,0.983888
13517,1,23178,0.984587
13517,2,20288,0.984012
13517,3,13507,0.981744
13517,4,23179,0.977493
13517,5,19980,0.977160
13517,6,18980,0.976775
13517,7,20330,0.975932
13517,8,4385,0.974694
13517,9,6292,0.973962
13517,10,11735,0.972401
13528,1,16064,0.984533
13528,2,15749,0.979471
13528,3,11265,0.969160
13528,4,16800,0.965179
13528,5,18196,0.964598
13528,6,13782,0.959516
13528,7,26163,0.959038
13528,8,16059,0.958556
13528,9,16061,0.957749
13528,10,16798,0.957627
13533,1,23908,0.941133
13533,2,22543,0.938772
13533,3,13071,0.928986
13533,4,39639,0.928169
13533,5,9213,0.927461
13533,6,39656,0.927000
13533,7,4569,0.925766
13533,8,26585,0.925646
13533,9,17483,0.925611
13533,10,6374,0.925351
13547,1,47632,0.944436
13547,2,41466,0.926577
13547,3,3228,0.913344
13547,4,47640,0.911200
13547,5,18542,0.907692
13547,6,12526,0.904174
13547,7,17660,0.899569
13547,8,17683,0.896629
13547,9,25019,0.893403
13547,10,44460,0.888620
13548,1,22261,0.950886
13548,2,13003,0.950872
13548,3,13039,0.934080
13548,4,49611,0.928238
13548,5,24084,0.922207
13548,6,20272,0.918878
13548,7,20265,0.917304
13548,8,24083,0.916974
13548,9,50150,0.911952
13548,10,46589,0.910395
13554,1,10289,0.927439
13554,2,32812,0.922647
13554,3,45783,0.921067
13554,4,45804,0.913660
13554,5,41731,0.910487
13554,6,20265,0.905556
13554,7,47459,0.904327
13554,8,13012,0.903319
13554,9,49624,0.902457
13554,10,24084,0.895146
13559,1,39207,0.924432
13559,2,35474,0.923649
13559,3,11518,0.922487
13559,4,45356,0.921589
13559,5,33525,0.920361
13559,6,14358,0.916164
13559,7,35809,0.915236
13559,8,37963,0.915118
13559,9,39197,0.914735
13559,10,44464,0.914689
13560,1,24077,0.905730
13560,2,24080,0.899821
13560,3,5616,0.885315
13560,4,37958,0.859422
13560,5,14420,0.849809
13560,6,22537,0.848004
13560,7,50276,0.845127
13560,8,39738,0.843735
13560,9,2882,0.840527
13560,10,17490,0.839104
13563,1,25442,0.923289
13563,2,37254,0.919589
13563,3,4113,0.915579
13563,4,17700,0.908365
13563,5,5922,0.906619
13563,6,22852,0.904806
13563,7,20678,0.900860
13563,8,22092,0.895520
13563,9,22173,0.895072
13563,10,37250,0.894075
13657,1,1962,0.965023
13657,2,42087,0.964996
13657,3,12973,0.962953
13657,4,13648,0.961170
13657,5,14333,0.961035
13657,6,4047,0.960872
13657,7,5571,0.959601
13657,8,6623,0.959517
13657,9,6619,0.959191
13657,10,40322,0.957720
13659,1,12253,0.982746
13659,2,12009,0.978997
13659,3,12030,0.977299
13659,4,22373,0.976054
13659,5,12022,0.975619
13659,6,12010,0.975262
13659,7,12273,0.975122
13659,8,17567,0.975104
13659,9,23181,0.974341
13659,10,17568,0.973606
13662,1,22386,0.971272
13662,2,15690,0.969610
13662,3,15908,0.969516
13662,4,22389,0.968885
13662,5,22405,0.968528
13662,6,22381,0.968526
13662,7,18646,0.966785
13662,8,26072,0.966724
13662,9,22376,0.965308
13662,10,22401,0.964235
13670,1,45233,0.585658
13670,2,45171,0.580993
13670,3,23270,0.576221
13670,4,23517,0.574817
13670,5,33901,0.572588
13670,6,45172,0.572014
13670,7,51660,0.571356
13670,8,19301,0.570580
13670,9,31840,0.570021
13670,10,49322,0.569515
13675,1,12972,0.947262
13675,2,23937,0.946266
13675,3,23852,0.943896
13675,4,13923,0.943426
13675,5,42131,0.942592
13675,6,31970,0.941479
13675,7,24428,0.941287
13675,8,9137,0.941096
13675,9,3248,0.940739
13675,10,22828,0.940553
13696,1,25866,0.968671
13696,2,8524,0.967118
13696,3,29318,0.966498
13696,4,25874,0.965795
13696,5,24832,0.965629
13696,6,6539,0.964583
13696,7,35194,0.964299
13696,8,21259,0.964284
13696,9,19908,0.964218
13696,10,37700,0.964134
13707,1,23166,0.973378
13707,2,40078,0.973315
13707,3,16647,0.972035
13707,4,13435,0.972026
13707,5,18975,0.971370
13707,6,15470,0.969921
13707,7,22805,0.969623
13707,8,40099,0.969517
13707,9,16625,0.969434
13707,10,41495,0.969414
13715,1,40078,0.982979
13715,2,13802,0.981597
13715,3,13790,0.981560
13715,4,16899,0.980675
13715,5,26719,0.979920
13715,6,31265,0.979486
13715,7,18940,0.979165
13715,8,2030,0.978648
13715,9,13712,0.978581
13715,10,40092,0.978294
13730,1,13746,0.991545
13730,2,27151,0.985861
13730,3,26376,0.983554
13730,4,14512,0.982931
13730,5,22375,0.982748
13730,6,8871,0.982586
13730,7,14519,0.981812
13730,8,29649,0.980601
13730,9,20030,0.980258
13730,10,14510,0.980143
13740,1,9230,0.981456
13740,2,15914,0.978953
13740,3,14514,0.978731
13740,4,13757,0.978408
13740,5,9226,0.977758
13740,6,15910,0.977739
13740,7,9231,0.976754
13740,8,8787,0.976753
13740,9,12041,0.976708
13740,10,9455,0.976469
13749,1,12941,0.992257
13749,2,13393,0.991101
13749,3,20369,0.990650
13749,4,10434,0.990565
13749,5,9712,0.989986
13749,6,11671,0.989534
13749,7,28786,0.989319
13749,8,12193,0.989030
13749,9,29279,0.988734
13749,10,25540,0.988660
13763,1,16463,0.991979
13763,2,25540,0.990366
13763,3,23956,0.989340
13763,4,23991,0.987450
13763,5,13864,0.987300
13763,6,13051,0.987128
13763,7,37215,0.986913
13763,8,11711,0.986820
13763,9,9067,0.986605
13763,10,9426,0.986558
13811,1,13530,0.933064
13811,2,17380,0.931498
13811,3,14632,0.926481
13811,4,13720,0.926041
13811,5,13531,0.924829
13811,6,17388,0.923739
13811,7,19386,0.923351
13811,8,13804,0.922287
13811,9,13717,0.922092
13811,10,17386,0.921489
13824,1,25122,0.713224
13824,2,38128,0.704931
13824,3,47403,0.704699
13824,4,47414,0.702799
13824,5,36510,0.692778
13824,6,33374,0.689270
13824,7,47301,0.688542
13824,8,51926,0.686260
13824,9,42046,0.684515
13824,10,38423,0.681194
13832,1,19172,0.859672
13832,2,13089,0.855039
13832,3,19535,0.836943
13832,4,15630,0.832437
13832,5,19795,0.800009
13832,6,16927,0.791689
13832,7,11246,0.788910
13832,8,15620,0.786708
13832,9,14311,0.779324
13832,10,10364,0.776474
13884,1,19197,0.903196
13884,2,15998,0.897546
13884,3,22360,0.896760
13884,4,7175,0.896101
13884,5,5979,0.895536
13884,6,27572,0.893497
13884,7,6769,0.891653
13884,8,16450,0.891110
13884,9,16815,0.889904
13884,10,32504,0.888343
13897,1,3634,0.932183
13897,2,4446,0.925193
13897,3,44942,0.925116
13897,4,33663,0.924845
13897,5,15073,0.921540
13897,6,13914,0.921023
13897,7,33662,0.920578
13897,8,15311,0.918817
13897,9,11942,0.917720
13897,10,26706,0.913322
13918,1,18419,0.896228
13918,2,3304,0.891082
13918,3,12714,0.890609
13918,4,18414,0.890107
13918,5,3302,0.886394
13918,6,31210,0.886080
13918,7,20875,0.884308
13918,8,3366,0.883838
13918,9,10125,0.882389
13918,10,4159,0.880669
13924,1,7601,0.957594
13924,2,13171,0.957063
13924,3,7826,0.956168
13924,4,8532,0.954189
13924,5,4579,0.953906
13924,6,26616,0.953621
13924,7,3304,0.952711
13924,8,7844,0.950154
13924,9,3294,0.948810
13924,10,20874,0.947462
13925,1,13914,0.694184
13925,2,13655,0.674246
13925,3,23676,0.672185
13925,4,39819,0.671581
13925,5,33657,0.668829
13925,6,8638,0.666193
13925,7,16111,0.664657
13925,8,5475,0.663740
13925,9,3835,0.660250
13925,10,16115,0.655152
13947,1,33029,0.869087
13947,2,33181,0.861049
13947,3,5137,0.856727
13947,4,32565,0.856623
13947,5,9801,0.851006
13947,6,7697,0.849641
13947,7,41785,0.849214
13947,8,37925,0.848892
13947,9,42221,0.848889
13947,10,42244,0.846842
13965,1,4791,0.984532
13965,2,24599,0.983818
13965,3,27370,0.983765
13965,4,2860,0.983680
13965,5,3081,0.983645
13965,6,14919,0.983524
13965,7,30550,0.983457
13965,8,4235,0.982898
13965,9,27372,0.982445
13965,10,5178,0.982296
13967,1,22367,0.981121
13967,2,14911,0.960120
13967,3,14106,0.957095
13967,4,7658,0.956918
13967,5,23167,0.955504
13967,6,12629,0.955363
13967,7,14912,0.953995
13967,8,2341,0.953037
13967,9,23963,0.952908
13967,10,10483,0.952855
13981,1,13970,0.976567
13981,2,23930,0.959604
13981,3,24699,0.959474
13981,4,5540,0.958097
13981,5,5464,0.957670
13981,6,20876,0.957436
13981,7,9213,0.957414
13981,8,44396,0.956540
13981,9,13922,0.954441
13981,10,33828,0.954344
13986,1,9217,0.886522
13986,2,25473,0.875787
13986,3,9060,0.871983
13986,4,7588,0.865878
13986,5,12979,0.864067
13986,6,7599,0.862749
13986,7,6661,0.862581
13986,8,4501,0.858288
13986,9,4547,0.848023
13986,10,19309,0.841291
13996,1,9525,0.745437
13996,2,18162,0.731656
13996,3,34470,0.731016
13996,4,22738,0.730430
13996,5,20937,0.728490
13996,6,20939,0.724337
13996,7,22971,0.722725
13996,8,20924,0.720731
13996,9,21270,0.720030
13996,10,9527,0.718434
14000,1,1658,0.958319
14000,2,12808,0.950087
14000,3,30615,0.949760
14000,4,11273,0.946669
14000,5,15626,0.945242
14000,6,1758,0.943022
14000,7,4461,0.942097
14000,8,6785,0.940232
14000,9,9768,0.940129
14000,10,20793,0.937663
14001,1,9538,0.982303
14001,2,2283,0.975893
14001,3,14002,0.975481
14001,4,28538,0.974397
14001,5,14006,0.972840
14001,6,7538,0.972249
14001,7,7558,0.971738
14001,8,31463,0.971624
14001,9,7526,0.971285
14001,10,15646,0.970086
14009,1,14026,0.949160
14009,2,7570,0.946813
14009,3,7519,0.944731
14009,4,14132,0.943875
14009,5,15326,0.941516
14009,6,9534,0.940159
14009,7,9542,0.939004
14009,8,10009,0.938557
14009,9,38597,0.937450
14009,10,6542,0.935866
14017,1,22601,0.975787
14017,2,6528,0.973787
14017,3,6529,0.971529
14017,4,32629,0.967139
14017,5,9548,0.965123
14017,6,38641,0.965089
14017,7,17922,0.964963
14017,8,7556,0.964355
14017,9,28517,0.964333
14017,10,28616,0.964203
14025,1,29176,0.949191
14025,2,36202,0.948982
14025,3,39758,0.947294
14025,4,5412,0.945520
14025,5,36211,0.943079
14025,6,37199,0.941039
14025,7,40125,0.939692
14025,8,39749,0.939282
14025,9,10671,0.938237
14025,10,13343,0.938232
14071,1,16927,0.967661
14071,2,24053,0.962020
14071,3,12640,0.959047
14071,4,19594,0.954146
14071,5,14080,0.953635
14071,6,20958,0.950493
14071,7,11170,0.947856
14071,8,18958,0.944627
14071,9,13827,0.944394
14071,10,16931,0.942844
14081,1,19960,0.976384
14081,2,13786,0.974193
14081,3,13714,0.973949
14081,4,15185,0.973655
14081,5,15209,0.973155
14081,6,20218,0.972898
14081,7,13830,0.971121
14081,8,15182,0.970293
14081,9,16195,0.970259
14081,10,16219,0.970004
14086,1,14088,0.889138
14086,2,11521,0.883093
14086,3,14077,0.882722
14086,4,10426,0.882645
14086,5,16926,0.881298
14086,6,17197,0.875826
14086,7,14508,0.873755
14086,8,11737,0.873268
14086,9,9859,0.870505
14086,10,14062,0.868830
14092,1,21143,0.882849
14092,2,21170,0.870035
14092,3,19624,0.856385
14092,4,19636,0.855576
14092,5,11449,0.855300
14092,6,18746,0.852800
14092,7,19604,0.852794
14092,8,21133,0.850496
14092,9,14324,0.849576
14092,10,19587,0.840829
14101,1,10836,0.993600
14101,2,10886,0.992004
14101,3,29053,0.990773
14101,4,4084,0.990059
14101,5,31382,0.989817
14101,6,10464,0.989780
14101,7,14067,0.989405
14101,8,7283,0.988788
14101,9,34349,0.988772
14101,10,7000,0.988741
14161,1,43770,0.688695
14161,2,48629,0.648244
14161,3,42621,0.624560
14161,4,46048,0.622665
14161,5,15903,0.614221
14161,6,48681,0.611853
14161,7,48693,0.609777
14161,8,43870,0.608544
14161,9,42623,0.608039
14161,10,39035,0.607166
14300,1,14298,0.914187
14300,2,14299,0.912153
14300,3,14297,0.906327
14300,4,6243,0.903659
14300,5,16493,0.902223
14300,6,6097,0.901263
14300,7,46407,0.894299
14300,8,7026,0.893709
14300,9,14295,0.893019
14300,10,10044,0.890499
14301,1,14297,0.923086
14301,2,6216,0.921997
14301,3,6245,0.921671
14301,4,16640,0.921596
14301,5,32477,0.921507
14301,6,3780,0.919597
14301,7,48435,0.918386
14301,8,17238,0.917890
14301,9,14295,0.916901
14301,10,6097,0.916571
14306,1,9982,0.780759
14306,2,6994,0.774065
14306,3,30611,0.771563
14306,4,1892,0.764472
14306,5,30645,0.757365
14306,6,33949,0.751846
14306,7,21392,0.745502
14306,8,15046,0.744718
14306,9,30615,0.741316
14306,10,23055,0.734547
14314,1,40060,0.974517
14314,2,24314,0.967660
14314,3,14317,0.964489
14314,4,13467,0.958049
14314,5,16932,0.956728
14314,6,26385,0.953874
14314,7,18619,0.951013
14314,8,3926,0.947072
14314,9,18617,0.944862
14314,10,2331,0.944086
14322,1,22363,0.935872
14322,2,15014,0.932689
14322,3,15013,0.930993
14322,4,15043,0.929645
14322,5,14308,0.929177
14322,6,19246,0.928336
14322,7,18522,0.926220
14322,8,15966,0.924638
14322,9,15321,0.924158
14322,10,14959,0.924132
14332,1,28638,0.971535
14332,2,5468,0.969277
14332,3,14333,0.968550
14332,4,8091,0.968281
14332,5,13652,0.966533
14332,6,17829,0.966036
14332,7,6848,0.964374
14332,8,6680,0.963961
14332,9,15709,0.963169
14332,10,6639,0.960299
14348,1,2912,0.980569
14348,2,46612,0.979985
14348,3,21387,0.979685
14348,4,46595,0.978943
14348,5,45364,0.978324
14348,6,45359,0.978187
14348,7,13013,0.977456
14348,8,2880,0.977444
14348,9,14395,0.976379
14348,10,11496,0.975611
14365,1,14395,0.976408
14365,2,33521,0.975959
14365,3,21047,0.974642
14365,4,47573,0.974556
14365,5,13026,0.974259
14365,6,39584,0.973302
14365,7,45364,0.973205
14365,8,49619,0.972458
14365,9,13028,0.972447
14365,10,33135,0.971583
14401,1,14476,0.985835
14401,2,14411,0.984901
14401,3,21038,0.984557
14401,4,17672,0.983358
14401,5,21026,0.980855
14401,6,51760,0.979499
14401,7,51761,0.979384
14401,8,17673,0.978094
14401,9,17010,0.977944
14401,10,33514,0.977407
14408,1,13026,0.972400
14408,2,22284,0.967627
14408,3,35801,0.967376
14408,4,50164,0.967343
14408,5,49616,0.966478
14408,6,14395,0.965202
14408,7,20906,0.964822
14408,8,36620,0.964724
14408,9,11496,0.963928
14408,10,14441,0.963817
14410,1,17749,0.915984
14410,2,4651,0.913926
14410,3,29230,0.906767
14410,4,4656,0.905940
14410,5,26700,0.897738
14410,6,34471,0.892806
14410,7,6679,0.891930
14410,8,23893,0.891722
14410,9,6143,0.891531
14410,10,15303,0.888292
14433,1,14431,0.936667
14433,2,24080,0.926848
14433,3,14420,0.920588
14433,4,39573,0.914262
14433,5,3134,0.911004
14433,6,20272,0.910978
14433,7,39191,0.909642
14433,8,13556,0.909022
14433,9,14389,0.906868
14433,10,20281,0.906685
14466,1,14468,0.934716
14466,2,14437,0.930169
14466,3,19025,0.927605
14466,4,14476,0.923425
14466,5,17661,0.920777
14466,6,22304,0.920073
14466,7,43927,0.919231
14466,8,33533,0.918398
14466,9,45337,0.917962
14466,10,2874,0.917421
14478,1,22537,0.936653
14478,2,5616,0.928210
14478,3,24080,0.922861
14478,4,50150,0.903794
14478,5,13003,0.898844
14478,6,24084,0.888053
14478,7,46589,0.886954
14478,8,14420,0.883343
14478,9,22261,0.878382
14478,10,14383,0.877012
14493,1,14483,0.968137
14493,2,35248,0.960350
14493,3,10168,0.955546
14493,4,14479,0.955236
14493,5,6735,0.952911
14493,6,43237,0.951764
14493,7,12923,0.950737
14493,8,35677,0.948670
14493,9,35673,0.947249
14493,10,22866,0.946676
14502,1,7754,0.900428
14502,2,13993,0.893839
14502,3,3654,0.893449
14502,4,44761,0.891476
14502,5,39673,0.890200
14502,6,9407,0.889918
14502,7,22243,0.889246
14502,8,3668,0.884185
14502,9,44752,0.883832
14502,10,39672,0.881832
14506,1,40788,0.879909
14506,2,49475,0.868916
14506,3,26552,0.868493
14506,4,43297,0.863857
14506,5,45594,0.859337
14506,6,49483,0.858202
14506,7,4455,0.854676
14506,8,29571,0.850978
14506,9,47681,0.850926
14506,10,44660,0.849440
14513,1,14528,0.994814
14513,2,14706,0.991517
14513,3,14521,0.989403
14513,4,12004,0.987570
14513,5,12017,0.986586
14513,6,14620,0.984595
14513,7,14517,0.984510
14513,8,15693,0.983663
14513,9,15579,0.983590
14513,10,14524,0.983332
14522,1,14515,0.992600
14522,2,15910,0.992442
14522,3,14518,0.992191
14522,4,14511,0.991809
14522,5,9236,0.991602
14522,6,14519,0.991544
14522,7,14523,0.991213
14522,8,8862,0.991171
14522,9,14514,0.989540
14522,10,33249,0.989284
14572,1,14562,0.930586
14572,2,8343,0.930466
14572,3,25474,0.930397
14572,4,5479,0.927459
14572,5,22543,0.924010
14572,6,15731,0.922150
14572,7,40686,0.921662
14572,8,38657,0.919922
14572,9,39639,0.919870
14572,10,39664,0.919362
14584,1,35985,0.945711
14584,2,27347,0.945342
14584,3,26953,0.941637
14584,4,16131,0.939320
14584,5,29168,0.939138
14584,6,22226,0.938179
14584,7,16125,0.937143
14584,8,26883,0.933240
14584,9,35983,0.929251
14584,10,13935,0.928543
14585,1,16145,0.970045
14585,2,26952,0.969754
14585,3,16147,0.969127
14585,4,13962,0.967189
14585,5,16141,0.964633
14585,6,24973,0.962162
14585,7,8445,0.960634
14585,8,19605,0.959911
14585,9,16135,0.959796
14585,10,16149,0.959622
14597,1,16253,0.980687
14597,2,16252,0.977900
14597,3,14599,0.977441
14597,4,20037,0.976705
14597,5,14876,0.975896
14597,6,14619,0.975225
14597,7,20036,0.974651
14597,8,20365,0.974641
14597,9,20058,0.973068
14597,10,20038,0.971702
14610,1,14604,0.932378
14610,2,35246,0.918322
14610,3,35241,0.915427
14610,4,29115,0.910781
14610,5,37657,0.909801
14610,6,37658,0.908792
14610,7,32034,0.908408
14610,8,19499,0.907925
14610,9,18591,0.906957
14610,10,43562,0.904916
14614,1,19503,0.808566
14614,2,31999,0.808229
14614,3,18350,0.807538
14614,4,15551,0.807041
14614,5,36382,0.806062
14614,6,19494,0.802653
14614,7,24658,0.801840
14614,8,19495,0.801563
14614,9,14600,0.801026
14614,10,18943,0.797466
14615,1,31995,0.958269
14615,2,12401,0.949780
14615,3,51173,0.945090
14615,4,51169,0.942852
14615,5,15277,0.942631
14615,6,14618,0.942257
14615,7,18587,0.941536
14615,8,24445,0.938533
14615,9,51344,0.938154
14615,10,7662,0.937269
14624,1,33059,0.990422
14624,2,13459,0.989260
14624,3,16472,0.988976
14624,4,16470,0.988608
14624,5,13463,0.988373
14624,6,8751,0.988228
14624,7,13392,0.988160
14624,8,11671,0.988068
14624,9,33065,0.987912
14624,10,9268,0.987481
14636,1,25939,0.894160
14636,2,35092,0.889982
14636,3,17635,0.889313
14636,4,25949,0.886883
14636,5,14629,0.884480
14636,6,25947,0.881857
14636,7,25958,0.881566
14636,8,25955,0.880790
14636,9,14631,0.880161
14636,10,35093,0.876834
14645,1,46348,0.985174
14645,2,15993,0.984701
14645,3,27548,0.984516
14645,4,41396,0.983867
14645,5,25537,0.983797
14645,6,16470,0.983063
14645,7,43485,0.982840
14645,8,41392,0.982674
14645,9,41609,0.982341
14645,10,33062,0.981547
14646,1,25555,0.969943
14646,2,16283,0.967539
14646,3,21403,0.967294
14646,4,13705,0.967238
14646,5,27368,0.966273
14646,6,8278,0.966259
14646,7,23159,0.966111
14646,8,20334,0.966068
14646,9,14098,0.965590
14646,10,29046,0.965506
14649,1,9628,0.952491
14649,2,16402,0.951612
14649,3,8738,0.948108
14649,4,25538,0.947580
14649,5,29292,0.946018
14649,6,13406,0.945792
14649,7,11676,0.945644
14649,8,6042,0.945384
14649,9,11404,0.945268
14649,10,9347,0.944185
14650,1,19731,0.958211
14650,2,11676,0.954344
14650,3,10430,0.946419
14650,4,16402,0.944490
14650,5,19693,0.941645
14650,6,51411,0.941047
14650,7,11710,0.940876
14650,8,6042,0.939531
14650,9,37729,0.939149
14650,10,25538,0.939138
14656,1,29765,0.918324
14656,2,8738,0.911470
14656,3,9347,0.907968
14656,4,29669,0.907789
14656,5,29292,0.901849
14656,6,16550,0.901215
14656,7,33787,0.901184
14656,8,37759,0.898740
14656,9,24610,0.898627
14656,10,21117,0.898106
14659,1,14658,0.987124
14659,2,14700,0.985482
14659,3,12674,0.977783
14659,4,27630,0.976621
14659,5,15682,0.976555
14659,6,14689,0.976405
14659,7,11263,0.976316
14659,8,14697,0.976050
14659,9,15134,0.974850
14659,10,15686,0.974373
14663,1,37808,0.984944
14663,2,12910,0.979739
14663,3,14747,0.979378
14663,4,33328,0.979334
14663,5,26049,0.979210
14663,6,12298,0.978810
14663,7,19711,0.978590
14663,8,13408,0.978386
14663,9,12234,0.977831
14663,10,20355,0.977329
14669,1,23956,0.991088
14669,2,15151,0.991073
14669,3,25540,0.990642
14669,4,19200,0.989119
14669,5,10188,0.988773
14669,6,15141,0.988628
14669,7,17752,0.988453
14669,8,10479,0.988335
14669,9,18305,0.988233
14669,10,12260,0.988089
14672,1,12910,0.977672
14672,2,12912,0.977371
14672,3,16818,0.975609
14672,4,20355,0.975427
14672,5,16303,0.974269
14672,6,16031,0.973906
14672,7,8189,0.972692
14672,8,17750,0.972593
14672,9,31643,0.972070
14672,10,16327,0.971553
14683,1,13529,0.962248
14683,2,19584,0.946357
14683,3,14680,0.942831
14683,4,14953,0.942142
14683,5,20191,0.940383
14683,6,20196,0.937146
14683,7,18645,0.932686
14683,8,26292,0.930213
14683,9,19561,0.927722
14683,10,32492,0.923973
14686,1,15162,0.979633
14686,2,19797,0.979122
14686,3,19793,0.977028
14686,4,31277,0.976814
14686,5,40020,0.976559
14686,6,19448,0.975506
14686,7,11730,0.974903
14686,8,12726,0.974151
14686,9,19798,0.973984
14686,10,4419,0.973877
14693,1,26504,0.973710
14693,2,39805,0.973332
14693,3,14714,0.971344
14693,4,18197,0.970498
14693,5,22409,0.970187
14693,6,18198,0.968139
14693,7,41629,0.967767
14693,8,26805,0.967394
14693,9,38983,0.967033
14693,10,16380,0.966548
14696,1,14694,0.970977
14696,2,16066,0.956337
14696,3,16072,0.954565
14696,4,14657,0.953521
14696,5,14699,0.953342
14696,6,44313,0.953187
14696,7,38122,0.952422
14696,8,16059,0.952214
14696,9,16064,0.951553
14696,10,37135,0.950932
14704,1,26112,0.985161
14704,2,13757,0.981284
14704,3,15990,0.980908
14704,4,13745,0.979357
14704,5,26045,0.979213
14704,6,13666,0.979033
14704,7,11114,0.978735
14704,8,26113,0.978724
14704,9,37753,0.978665
14704,10,41598,0.978323
14708,1,14528,0.992219
14708,2,14706,0.987562
14708,3,14521,0.981673
14708,4,14620,0.979604
14708,5,12017,0.979581
14708,6,15693,0.979198
14708,7,14517,0.978792
14708,8,14516,0.978621
14708,9,12004,0.978405
14708,10,15579,0.978380
14716,1,37132,0.902409
14716,2,14643,0.901424
14716,3,21596,0.895857
14716,4,25004,0.893077
14716,5,6774,0.892727
14716,6,41591,0.891623
14716,7,11112,0.890952
14716,8,32767,0.890705
14716,9,26790,0.890041
14716,10,17168,0.888897
14721,1,19736,0.986368
14721,2,32930,0.978599
14721,3,14722,0.977909
14721,4,37224,0.975646
14721,5,34496,0.974692
14721,6,35263,0.973407
14721,7,21145,0.971892
14721,8,27890,0.971022
14721,9,33993,0.970883
14721,10,26369,0.969548
14723,1,21168,0.854280
14723,2,42248,0.846246
14723,3,11130,0.845655
14723,4,27879,0.841156
14723,5,31785,0.836858
14723,6,37223,0.835714
14723,7,19062,0.830666
14723,8,41383,0.827203
14723,9,33971,0.824497
14723,10,11010,0.822643
14727,1,14726,0.985312
14727,2,40104,0.975869
14727,3,32461,0.974297
14727,4,10467,0.973339
14727,5,13423,0.973118
14727,6,14681,0.971758
14727,7,15189,0.970187
14727,8,12935,0.969288
14727,9,6160,0.968498
14727,10,40103,0.968171
14736,1,14763,0.948152
14736,2,14752,0.947570
14736,3,12378,0.947414
14736,4,14785,0.947393
14736,5,38980,0.946812
14736,6,14769,0.946720
14736,7,14732,0.946709
14736,8,14780,0.945722
14736,9,14783,0.945171
14736,10,14774,0.945056
14743,1,14765,0.983045
14743,2,14787,0.981350
14743,3,14745,0.979060
14743,4,14760,0.978232
14743,5,14780,0.977470
14743,6,14732,0.976862
14743,7,14769,0.975699
14743,8,14737,0.974697
14743,9,14757,0.974357
14743,10,38980,0.974247
14749,1,14786,0.979122
14749,2,14756,0.975634
14749,3,14740,0.972997
14749,4,14732,0.972481
14749,5,14784,0.972223
14749,6,14777,0.971751
14749,7,14737,0.970808
14749,8,14761,0.970724
14749,9,14783,0.970213
14749,10,14741,0.969695
14762,1,14758,0.993342
14762,2,14740,0.992126
14762,3,14764,0.989454
14762,4,14760,0.989028
14762,5,14731,0.988346
14762,6,14756,0.988186
14762,7,26796,0.987126
14762,8,14732,0.985953
14762,9,26802,0.985918
14762,10,12380,0.985363
14766,1,16353,0.988800
14766,2,26053,0.987424
14766,3,18646,0.986305
14766,4,22395,0.985902
14766,5,29623,0.985763
14766,6,23985,0.984835
14766,7,17558,0.984810
14766,8,14751,0.984667
14766,9,24858,0.984663
14766,10,16345,0.984449
14778,1,14756,0.990168
14778,2,14764,0.990149
14778,3,26796,0.989712
14778,4,14733,0.986193
14778,5,14740,0.985616
14778,6,14758,0.984743
14778,7,14783,0.983869
14778,8,14761,0.982158
14778,9,26802,0.981947
14778,10,12381,0.981354
14801,1,21524,0.946930
14801,2,47380,0.937511
14801,3,37005,0.930457
14801,4,21944,0.930369
14801,5,25720,0.930315
14801,6,20968,0.930138
14801,7,20853,0.928933
14801,8,33454,0.928562
14801,9,21487,0.928200
14801,10,36507,0.927936
14807,1,50189,0.958433
14807,2,50186,0.957436
14807,3,10322,0.956586
14807,4,10727,0.956563
14807,5,46979,0.956253
14807,6,22001,0.955764
14807,7,21498,0.955019
14807,8,21500,0.954784
14807,9,43275,0.954753
14807,10,10248,0.954621
14813,1,49551,0.985971
14813,2,14817,0.985803
14813,3,25188,0.984678
14813,4,10249,0.984483
14813,5,27732,0.983884
14813,6,22014,0.983541
14813,7,25275,0.983223
14813,8,22015,0.983137
14813,9,21972,0.982844
14813,10,35901,0.982843
14826,1,32611,0.983538
14826,2,27830,0.983332
14826,3,19506,0.983193
14826,4,27827,0.980996
14826,5,24866,0.979713
14826,6,42948,0.979125
14826,7,28596,0.979086
14826,8,19511,0.978915
14826,9,48557,0.978687
14826,10,14982,0.978647
14846,1,14869,0.989069
14846,2,19344,0.988538
14846,3,14867,0.988248
14846,4,12414,0.987600
14846,5,14850,0.987200
14846,6,18827,0.986696
14846,7,18828,0.986019
14846,8,27749,0.985764
14846,9,15943,0.985630
14846,10,25437,0.985537
14872,1,14873,0.602842
14872,2,14875,0.586435
14872,3,19739,0.576976
14872,4,5778,0.561164
14872,5,4975,0.559021
14872,6,41403,0.542650
14872,7,3928,0.542259
14872,8,5814,0.542217
14872,9,1994,0.540185
14872,10,16534,0.538038
14877,1,17125,0.957213
14877,2,14809,0.954235
14877,3,21956,0.953890
14877,4,17138,0.953072
14877,5,17134,0.952857
14877,6,14817,0.952450
14877,7,22006,0.952145
14877,8,46978,0.951504
14877,9,25168,0.951243
14877,10,17127,0.950849
14899,1,14853,0.983329
14899,2,17101,0.982690
14899,3,20585,0.979144
14899,4,17100,0.978853
14899,5,20624,0.978792
14899,6,14865,0.978759
14899,7,20562,0.978636
14899,8,20494,0.978133
14899,9,18057,0.978118
14899,10,17108,0.977716
14902,1,42848,0.859135
14902,2,20592,0.854155
14902,3,21018,0.853358
14902,4,14851,0.853318
14902,5,20595,0.852074
14902,6,14904,0.838909
14902,7,47332,0.836660
14902,8,25304,0.835046
14902,9,14852,0.832925
14902,10,48152,0.826974
14928,1,24040,0.957518
14928,2,19548,0.953575
14928,3,10850,0.951206
14928,4,14926,0.948669
14928,5,19146,0.944494
14928,6,20198,0.942149
14928,7,19325,0.941373
14928,8,15586,0.940183
14928,9,18864,0.937834
14928,10,19326,0.936658
14949,1,12643,0.985088
14949,2,10835,0.984671
14949,3,10486,0.982181
14949,4,7459,0.980760
14949,5,40023,0.979685
14949,6,10830,0.979586
14949,7,31258,0.979576
14949,8,7820,0.979448
14949,9,14930,0.979206
14949,10,31251,0.979067
14967,1,23689,0.994713
14967,2,20862,0.994663
14967,3,14843,0.993779
14967,4,14868,0.993404
14967,5,14963,0.993002
14967,6,14841,0.992828
14967,7,15944,0.991599
14967,8,12418,0.989688
14967,9,24618,0.988470
14967,10,14970,0.988424
14983,1,20282,0.988155
14983,2,14772,0.980748
14983,3,14787,0.980733
14983,4,14773,0.977516
14983,5,14734,0.973453
14983,6,14765,0.971691
14983,7,14745,0.970626
14983,8,14770,0.962268
14983,9,14759,0.960084
14983,10,14780,0.959461
14993,1,22348,0.979143
14993,2,11174,0.976805
14993,3,15209,0.976391
14993,4,19539,0.975352
14993,5,20218,0.975123
14993,6,11169,0.973255
14993,7,13094,0.971670
14993,8,13812,0.971391
14993,9,23067,0.971347
14993,10,13786,0.970997
14994,1,19522,0.973818
14994,2,19961,0.962934
14994,3,19534,0.959274
14994,4,11529,0.957324
14994,5,9945,0.957055
14994,6,17201,0.955779
14994,7,21123,0.955350
14994,8,16925,0.955236
14994,9,19960,0.954614
14994,10,19520,0.954463
14998,1,24059,0.987827
14998,2,8200,0.987667
14998,3,10867,0.987010
14998,4,16637,0.986877
14998,5,7359,0.986525
14998,6,31270,0.985977
14998,7,16630,0.985675
14998,8,4258,0.985673
14998,9,7352,0.985099
14998,10,26726,0.985047
15001,1,15530,0.957853
15001,2,11410,0.950281
15001,3,26292,0.948580
15001,4,19564,0.947146
15001,5,17944,0.945990
15001,6,19566,0.945320
15001,7,12502,0.944462
15001,8,8611,0.944179
15001,9,39064,0.943756
15001,10,11994,0.941739
15012,1,16719,0.991130
15012,2,22363,0.988960
15012,3,7683,0.986550
15012,4,24136,0.986403
15012,5,15464,0.985878
15012,6,19856,0.985307
15012,7,15601,0.983887
15012,8,16220,0.981587
15012,9,16196,0.980717
15012,10,22315,0.980110
15029,1,32384,0.886413
15029,2,43313,0.873481
15029,3,21466,0.867580
15029,4,23048,0.862108
15029,5,14083,0.860972
15029,6,20347,0.858593
15029,7,20227,0.856018
15029,8,21137,0.855746
15029,9,20299,0.855067
15029,10,14323,0.855025
15038,1,20308,0.845744
15038,2,15048,0.841646
15038,3,21134,0.836608
15038,4,20307,0.835638
15038,5,15031,0.833695
15038,6,20091,0.825156
15038,7,21466,0.824406
15038,8,20309,0.824388
15038,9,20227,0.824167
15038,10,20224,0.823353
15042,1,4205,0.919367
15042,2,37345,0.914935
15042,3,3332,0.913977
15042,4,3807,0.907081
15042,5,4465,0.906803
15042,6,3341,0.906722
15042,7,4211,0.906085
15042,8,3319,0.905595
15042,9,3818,0.904991
15042,10,4868,0.904840
15062,1,15069,0.989935
15062,2,39814,0.989728
15062,3,15362,0.989272
15062,4,11935,0.988633
15062,5,15067,0.988108
15062,6,11919,0.987102
15062,7,24687,0.986784
15062,8,28331,0.986735
15062,9,11939,0.986235
15062,10,39823,0.986205
15081,1,8432,0.970079
15081,2,19608,0.969966
15081,3,11369,0.967708
15081,4,9106,0.966665
15081,5,7146,0.965256
15081,6,43621,0.964785
15081,7,41400,0.962868
15081,8,19618,0.962077
15081,9,2591,0.961833
15081,10,26954,0.961625
15083,1,25034,0.933495
15083,2,7782,0.933248
15083,3,4831,0.932099
15083,4,4835,0.930888
15083,5,4832,0.930468
15083,6,7537,0.929978
15083,7,2116,0.929762
15083,8,28626,0.929092
15083,9,11275,0.929072
15083,10,4827,0.928912
15099,1,24158,0.975617
15099,2,27275,0.975198
15099,3,12123,0.975017
15099,4,12153,0.973496
15099,5,15094,0.972844
15099,6,24506,0.972343
15099,7,21918,0.971796
15099,8,28940,0.971431
15099,9,22083,0.971344
15099,10,42517,0.970907
15108,1,40387,0.874403
15108,2,20364,0.870463
15108,3,15030,0.847081
15108,4,40376,0.824439
15108,5,30909,0.820612
15108,6,34577,0.817747
15108,7,40186,0.816203
15108,8,14103,0.814192
15108,9,20014,0.814159
15108,10,20327,0.813136
15109,1,21598,0.995193
15109,2,27185,0.993880
15109,3,26162,0.993395
15109,4,26154,0.993124
15109,5,27186,0.992971
15109,6,15113,0.992970
15109,7,27183,0.992385
15109,8,26169,0.992309
15109,9,26159,0.992105
15109,10,26157,0.992040
15111,1,27183,0.992851
15111,2,26151,0.991284
15111,3,26150,0.990965
15111,4,15113,0.990597
15111,5,26159,0.990498
15111,6,27185,0.990288
15111,7,26156,0.990193
15111,8,15122,0.989976
15111,9,26155,0.989512
15111,10,26142,0.989370
15114,1,15119,0.995220
15114,2,15121,0.993463
15114,3,15125,0.993293
15114,4,21598,0.991760
15114,5,13855,0.991398
15114,6,15124,0.990504
15114,7,27185,0.989932
15114,8,29405,0.989846
15114,9,15113,0.989741
15114,10,27186,0.989353
15118,1,21598,0.994726
15118,2,15113,0.993776
15118,3,27186,0.993555
15118,4,27185,0.993347
15118,5,27183,0.992457
15118,6,26159,0.992326
15118,7,26154,0.992032
15118,8,15121,0.991576
15118,9,26162,0.991338
15118,10,26166,0.991097
15129,1,16801,0.990919
15129,2,16799,0.990344
15129,3,15134,0.987858
15129,4,26825,0.985447
15129,5,26141,0.985012
15129,6,27630,0.984860
15129,7,26823,0.984548
15129,8,16622,0.983942
15129,9,31559,0.983413
15129,10,31476,0.983380
15201,1,19154,0.974782
15201,2,26228,0.968641
15201,3,32492,0.963748
15201,4,9780,0.960999
15201,5,15530,0.950260
15201,6,26292,0.944585
15201,7,24150,0.942629
15201,8,11410,0.938355
15201,9,15172,0.936927
15201,10,17941,0.935126
15202,1,19631,0.914172
15202,2,19584,0.905284
15202,3,31800,0.903573
15202,4,26228,0.899280
15202,5,16926,0.896286
15202,6,15530,0.894866
15202,7,32492,0.894617
15202,8,20958,0.894549
15202,9,8716,0.894148
15202,10,20252,0.893604
15225,1,31687,0.956853
15225,2,43885,0.946960
15225,3,28658,0.943337
15225,4,7717,0.940835
15225,5,13383,0.940711
15225,6,17826,0.939062
15225,7,15261,0.938718
15225,8,26454,0.935410
15225,9,26453,0.934177
15225,10,5915,0.931859
15232,1,22703,0.956850
15232,2,5925,0.949123
15232,3,40694,0.946843
15232,4,36225,0.945956
15232,5,12685,0.945344
15232,6,26671,0.944309
15232,7,17037,0.941940
15232,8,36131,0.941411
15232,9,14571,0.941025
15232,10,36487,0.940773
15246,1,15399,0.960392
15246,2,39677,0.958598
15246,3,12974,0.958244
15246,4,25480,0.957897
15246,5,39675,0.957860
15246,6,25453,0.954947
15246,7,31968,0.954712
15246,8,5574,0.954698
15246,9,42094,0.954162
15246,10,44784,0.952876
15275,1,15277,0.870248
15275,2,14617,0.868243
15275,3,18357,0.867000
15275,4,29210,0.866679
15275,5,12402,0.865665
15275,6,18579,0.860636
15275,7,15548,0.860495
15275,8,12435,0.859948
15275,9,32028,0.859752
15275,10,32038,0.857554
15281,1,45898,0.896771
15281,2,50403,0.895308
15281,3,5075,0.894923
15281,4,30074,0.889578
15281,5,10313,0.887964
15281,6,19299,0.887047
15281,7,21673,0.885656
15281,8,30085,0.885539
15281,9,38025,0.885337
15281,10,25630,0.885011
15290,1,17412,0.966278
15290,2,4469,0.966254
15290,3,44231,0.965649
15290,4,29268,0.962152
15290,5,46797,0.961556
15290,6,43352,0.961305
15290,7,4158,0.960870
15290,8,27640,0.960841
15290,9,26649,0.960553
15290,10,15416,0.959658
15316,1,6428,0.974351
15316,2,7729,0.970146
15316,3,43893,0.969640
15316,4,11979,0.968556
15316,5,6427,0.967247
15316,6,24192,0.966222
15316,7,29088,0.965756
15316,8,6425,0.965576
15316,9,3604,0.962954
15316,10,20897,0.961843
15319,1,15601,0.986117
15319,2,15323,0.982314
15319,3,15321,0.981048
15319,4,17898,0.980836
15319,5,17899,0.976609
15319,6,4848,0.975667
15319,7,15464,0.975151
15319,8,15322,0.973755
15319,9,22315,0.972809
15319,10,4461,0.971032
15320,1,30611,0.872353
15320,2,15046,0.856253
15320,3,13997,0.848776
15320,4,15620,0.841727
15320,5,7769,0.833616
15320,6,30615,0.814127
15320,7,25031,0.807720
15320,8,9768,0.803390
15320,9,24085,0.800704
15320,10,14308,0.799976
15334,1,31457,0.991627
15334,2,15330,0.991445
15334,3,15335,0.990867
15334,4,28504,0.990147
15334,5,10004,0.989462
15334,6,15613,0.989006
15334,7,15644,0.988535
15334,8,38562,0.988396
15334,9,15645,0.988119
15334,10,12812,0.987735
15338,1,38571,0.970620
15338,2,27230,0.958952
15338,3,5001,0.952749
15338,4,43078,0.952173
15338,5,13282,0.947483
15338,6,32655,0.943433
15338,7,5809,0.942967
15338,8,30613,0.941937
15338,9,40070,0.941936
15338,10,38570,0.941881
15339,1,15340,0.991049
15339,2,32589,0.977380
15339,3,43914,0.973949
15339,4,30638,0.973936
15339,5,21433,0.971794
15339,6,5789,0.971272
15339,7,28459,0.971190
15339,8,30637,0.971051
15339,9,32590,0.970832
15339,10,10660,0.970734
15348,1,38558,0.978023
15348,2,17922,0.972909
15348,3,30648,0.957844
15348,4,6528,0.956238
15348,5,38621,0.955103
15348,6,6529,0.954410
15348,7,38641,0.954272
15348,8,7540,0.954263
15348,9,22601,0.952536
15348,10,30585,0.952153
15351,1,31115,0.947055
15351,2,31114,0.928082
15351,3,38900,0.890998
15351,4,38506,0.889439
15351,5,47153,0.883658
15351,6,40995,0.883503
15351,7,39321,0.882174
15351,8,40145,0.879534
15351,9,40146,0.878701
15351,10,46834,0.870926
15367,1,7404,0.979808
15367,2,50734,0.977620
15367,3,50733,0.976343
15367,4,9019,0.975692
15367,5,9718,0.975480
15367,6,39827,0.974672
15367,7,15362,0.974470
15367,8,50762,0.972864
15367,9,39295,0.972547
15367,10,6511,0.971818
15370,1,19622,0.897950
15370,2,12531,0.897257
15370,3,11386,0.890531
15370,4,18521,0.890194
15370,5,20379,0.887995
15370,6,14628,0.886425
15370,7,18957,0.884730
15370,8,12536,0.884448
15370,9,23144,0.883043
15370,10,15026,0.883020
15372,1,21170,0.898603
15372,2,19636,0.889616
15372,3,21143,0.882087
15372,4,11449,0.879100
15372,5,21133,0.878400
15372,6,25011,0.872633
15372,7,43642,0.863208
15372,8,19988,0.861024
15372,9,21139,0.858268
15372,10,15373,0.857207
15374,1,1962,0.950534
15374,2,1788,0.945963
15374,3,4047,0.945179
15374,4,25569,0.936799
15374,5,8092,0.934766
15374,6,39637,0.932848
15374,7,15406,0.931176
15374,8,4498,0.930722
15374,9,5242,0.929729
15374,10,5734,0.929706
15394,1,6753,0.878172
15394,2,40777,0.877768
15394,3,43368,0.876205
15394,4,6414,0.875675
15394,5,6175,0.873115
15394,6,20957,0.869320
15394,7,40785,0.867444
15394,8,39950,0.867385
15394,9,11852,0.866863
15394,10,4630,0.866673
15396,1,6175,0.948580
15396,2,20957,0.948329
15396,3,19875,0.945960
15396,4,15410,0.945204
15396,5,19871,0.943663
15396,6,16734,0.942076
15396,7,40695,0.941330
15396,8,21188,0.941124
15396,9,18653,0.941058
15396,10,5635,0.939130
15418,1,15412,0.997559
15418,2,34727,0.976847
15418,3,4175,0.975313
15418,4,4645,0.972614
15418,5,10110,0.972214
15418,6,4563,0.971845
15418,7,46084,0.971390
15418,8,4170,0.971329
15418,9,42996,0.970642
15418,10,15417,0.970550
15439,1,15451,0.994462
15439,2,10725,0.972451
15439,3,15436,0.972070
15439,4,14809,0.970703
15439,5,37415,0.968470
15439,6,17134,0.966422
15439,7,17130,0.966096
15439,8,25204,0.965558
15439,9,17126,0.963938
15439,10,27731,0.963567
15467,1,13111,0.994755
15467,2,18868,0.993217
15467,3,13112,0.992595
15467,4,32429,0.992028
15467,5,40095,0.991449
15467,6,13110,0.991220
15467,7,32457,0.990563
15467,8,42115,0.989917
15467,9,24311,0.988668
15467,10,14934,0.988351
15481,1,28640,0.928889
15481,2,32446,0.918423
15481,3,19240,0.913839
15481,4,29688,0.910504
15481,5,32448,0.910313
15481,6,7882,0.908088
15481,7,14321,0.902755
15481,8,46387,0.902262
15481,9,7935,0.902241
15481,10,29689,0.901346
15491,1,18546,0.983188
15491,2,17673,0.981870
15491,3,17672,0.980603
15491,4,21042,0.978778
15491,5,51761,0.978619
15491,6,15497,0.976327
15491,7,17655,0.976136
15491,8,42740,0.974499
15491,9,51760,0.974445
15491,10,17010,0.972692
15494,1,21030,0.985626
15494,2,23797,0.979817
15494,3,21042,0.976186
15494,4,14454,0.976074
15494,5,42740,0.974473
15494,6,17673,0.973702
15494,7,17662,0.973427
15494,8,17672,0.972767
15494,9,14476,0.972749
15494,10,34068,0.972194
15495,1,17664,0.928480
15495,2,24819,0.926554
15495,3,15496,0.919002
15495,4,13367,0.915386
15495,5,33524,0.910601
15495,6,14450,0.905154
15495,7,15501,0.900072
15495,8,33523,0.899631
15495,9,12423,0.897436
15495,10,24070,0.894730
15508,1,12856,0.972213
15508,2,5678,0.969852
15508,3,21079,0.968482
15508,4,13124,0.966954
15508,5,20684,0.966258
15508,6,13123,0.965857
15508,7,20681,0.965231
15508,8,35483,0.965078
15508,9,20677,0.964194
15508,10,23808,0.963619
15526,1,21095,0.978790
15526,2,39822,0.978783
15526,3,28328,0.975855
15526,4,28331,0.973373
15526,5,21087,0.972678
15526,6,39821,0.972473
15526,7,39826,0.971773
15526,8,44512,0.971554
15526,9,11935,0.970897
15526,10,12865,0.970381
15529,1,24133,0.983451
15529,2,13435,0.980569
15529,3,15168,0.979526
15529,4,16421,0.979333
15529,5,17508,0.978937
15529,6,10822,0.978779
15529,7,29014,0.978629
15529,8,19453,0.978000
15529,9,29021,0.977869
15529,10,12503,0.977420
15571,1,15576,0.996036
15571,2,8354,0.990421
15571,3,8355,0.988915
15571,4,31152,0.987266
15571,5,36718,0.986206
15571,6,8357,0.986204
15571,7,31149,0.986178
15571,8,4730,0.985991
15571,9,4200,0.985896
15571,10,41750,0.985589
15599,1,17905,0.989575
15599,2,15627,0.989546
15599,3,17913,0.986114
15599,4,15598,0.983715
15599,5,9992,0.981695
15599,6,15619,0.981040
15599,7,17910,0.978707
15599,8,25020,0.978590
15599,9,15616,0.978185
15599,10,15600,0.977634
15603,1,15601,0.986656
15603,2,4461,0.982543
15603,3,15321,0.982185
15603,4,12809,0.980579
15603,5,14309,0.980072
15603,6,23149,0.979769
15603,7,19339,0.977819
15603,8,17901,0.977384
15603,9,28540,0.976813
15603,10,38156,0.975868
15623,1,15624,0.893648
15623,2,22581,0.885481
15623,3,22609,0.883170
15623,4,22580,0.874572
15623,5,20212,0.871077
15623,6,20379,0.869570
15623,7,18521,0.869450
15623,8,12531,0.869031
15623,9,20213,0.868602
15623,10,1609,0.867174
15635,1,10776,0.991718
15635,2,28524,0.990854
15635,3,14012,0.988214
15635,4,30618,0.987469
15635,5,2298,0.987369
15635,6,9552,0.987212
15635,7,44222,0.987126
15635,8,38599,0.985981
15635,9,38617,0.985518
15635,10,38579,0.985474
15641,1,17918,0.982313
15641,2,28568,0.982001
15641,3,31466,0.980639
15641,4,14019,0.980025
15641,5,7561,0.979970
15641,6,31460,0.979636
15641,7,44225,0.979564
15641,8,14016,0.979552
15641,9,28534,0.979311
15641,10,44221,0.976994
15643,1,15608,0.995566
15643,2,15611,0.990610
15643,3,15622,0.990328
15643,4,7931,0.989060
15643,5,7767,0.986586
15643,6,7553,0.983614
15643,7,17927,0.982933
15643,8,4829,0.982923
15643,9,9967,0.982650
15643,10,15705,0.982619
15662,1,39524,0.923227
15662,2,39935,0.921697
15662,3,33229,0.919549
15662,4,51948,0.916838
15662,5,51960,0.916740
15662,6,25858,0.916039
15662,7,39526,0.915086
15662,8,22677,0.913029
15662,9,34121,0.912742
15662,10,33230,0.911981
15671,1,15672,0.990168
15671,2,15673,0.978075
15671,3,16504,0.972499
15671,4,28795,0.968858
15671,5,24755,0.968492
15671,6,30412,0.967647
15671,7,11334,0.965400
15671,8,9178,0.965044
15671,9,16516,0.964142
15671,10,14114,0.963767
15674,1,15672,0.980767
15674,2,11351,0.978586
15674,3,15673,0.978565
15674,4,9903,0.975507
15674,5,48387,0.975364
15674,6,24755,0.975246
15674,7,28821,0.974645
15674,8,16504,0.974488
15674,9,16516,0.974100
15674,10,10488,0.971875
15675,1,15672,0.989250
15675,2,15673,0.985458
15675,3,11351,0.966679
15675,4,16504,0.966667
15675,5,24755,0.965638
15675,6,16516,0.964129
15675,7,28795,0.963959
15675,8,31339,0.962502
15675,9,11334,0.962081
15675,10,14625,0.962061
15678,1,15677,0.990463
15678,2,15679,0.986579
15678,3,15683,0.982370
15678,4,15681,0.981165
15678,5,15688,0.980994
15678,6,26837,0.980869
15678,7,16071,0.978442
15678,8,26136,0.978300
15678,9,26824,0.978280
15678,10,29845,0.977964
15680,1,15681,0.984708
15680,2,15688,0.978848
15680,3,15682,0.977629
15680,4,15677,0.976326
15680,5,15686,0.974308
15680,6,29845,0.973938
15680,7,27630,0.973619
15680,8,16018,0.972672
15680,9,15679,0.972439
15680,10,26824,0.971928
15684,1,15681,0.991113
15684,2,15688,0.990901
15684,3,15686,0.985499
15684,4,15677,0.985351
15684,5,29845,0.983831
15684,6,14700,0.983587
15684,7,16071,0.983175
15684,8,15687,0.981285
15684,9,26837,0.980030
15684,10,16018,0.979533
15696,1,22386,0.980206
15696,2,12030,0.977272
15696,3,22389,0.976802
15696,4,22385,0.976444
15696,5,17567,0.976344
15696,6,12010,0.976048
15696,7,11378,0.974978
15696,8,22379,0.974574
15696,9,22376,0.973702
15696,10,15690,0.972740
15711,1,5936,0.964018
15711,2,26536,0.963902
15711,3,13136,0.963263
15711,4,44784,0.958265
15711,5,36431,0.957137
15711,6,34087,0.954790
15711,7,25453,0.954446
15711,8,15229,0.953709
15711,9,31968,0.953446
15711,10,25480,0.952119
15724,1,19309,0.933928
15724,2,20875,0.932763
15724,3,15722,0.929975
15724,4,7826,0.928855
15724,5,4159,0.924744
15724,6,7753,0.923960
15724,7,4506,0.919459
15724,8,1832,0.918850
15724,9,7601,0.918365
15724,10,42043,0.917539
15732,1,44233,0.931045
15732,2,6376,0.926232
15732,3,23807,0.913053
15732,4,25444,0.912313
15732,5,2499,0.911430
15732,6,6371,0.910902
15732,7,2812,0.910382
15732,8,39624,0.909750
15732,9,13069,0.908243
15732,10,38540,0.907970
15736,1,31685,0.950298
15736,2,8344,0.947933
15736,3,41448,0.946290
15736,4,12716,0.945669
15736,5,25445,0.943728
15736,6,8346,0.942991
15736,7,13898,0.942714
15736,8,5574,0.942164
15736,9,18474,0.941703
15736,10,5580,0.940388
15753,1,15767,0.995041
15753,2,25369,0.990334
15753,3,25373,0.989725
15753,4,17878,0.989673
15753,5,17882,0.989202
15753,6,17883,0.988282
15753,7,15764,0.987787
15753,8,15817,0.987782
15753,9,13570,0.987650
15753,10,50494,0.987534
15762,1,50495,0.971201
15762,2,15750,0.969999
15762,3,13607,0.969435
15762,4,15822,0.969205
15762,5,25371,0.967345
15762,6,13570,0.967094
15762,7,31408,0.966609
15762,8,15819,0.966246
15762,9,13567,0.966058
15762,10,13569,0.965814
15769,1,15776,0.959280
15769,2,15801,0.958042
15769,3,19489,0.957675
15769,4,25346,0.957563
15769,5,50465,0.957004
15769,6,50543,0.956889
15769,7,15786,0.956796
15769,8,27981,0.956429
15769,9,32075,0.956070
15769,10,15904,0.955548
15787,1,15797,0.986620
15787,2,50459,0.984462
15787,3,50606,0.983579
15787,4,15789,0.983517
15787,5,50610,0.983287
15787,6,18387,0.982868
15787,7,45654,0.982783
15787,8,47259,0.981869
15787,9,50483,0.981815
15787,10,50507,0.981657
15812,1,32112,0.992858
15812,2,25346,0.992143
15812,3,15816,0.991403
15812,4,15768,0.991282
15812,5,42414,0.991121
15812,6,15775,0.990933
15812,7,15786,0.990885
15812,8,32075,0.990880
15812,9,50486,0.990340
15812,10,19489,0.989942
15814,1,15782,0.998873
15814,2,15777,0.994729
15814,3,32066,0.994407
15814,4,50453,0.993215
15814,5,50483,0.993188
15814,6,50482,0.992535
15814,7,50437,0.992494
15814,8,50509,0.992269
15814,9,47257,0.992212
15814,10,15779,0.992076
15815,1,28026,0.990938
15815,2,28030,0.989343
15815,3,28027,0.989259
15815,4,15774,0.987936
15815,5,27987,0.983845
15815,6,32143,0.983267
15815,7,28003,0.983265
15815,8,15776,0.983173
15815,9,27991,0.983094
15815,10,27999,0.982871
15818,1,15820,0.995958
15818,2,50029,0.984954
15818,3,50192,0.984467
15818,4,13565,0.983013
15818,5,13566,0.982131
15818,6,13573,0.982003
15818,7,32046,0.981972
15818,8,13574,0.980521
15818,9,31410,0.977811
15818,10,25373,0.977771
15823,1,15757,0.994941
15823,2,13568,0.994501
15823,3,13569,0.994257
15823,4,13567,0.991410
15823,5,13572,0.990943
15823,6,13570,0.989781
15823,7,13571,0.987182
15823,8,13564,0.985953
15823,9,17883,0.985942
15823,10,50494,0.985486
15826,1,33314,0.890985
15826,2,1966,0.877969
15826,3,31450,0.873993
15826,4,31408,0.868920
15826,5,25365,0.868039
15826,6,15752,0.867936
15826,7,49970,0.865957
15826,8,51778,0.860921
15826,9,13618,0.860385
15826,10,25370,0.859392
15827,1,13572,0.992820
15827,2,15817,0.992701
15827,3,17878,0.990993
15827,4,13570,0.990819
15827,5,15757,0.990117
15827,6,17883,0.990025
15827,7,13571,0.990016
15827,8,17879,0.989584
15827,9,17882,0.989316
15827,10,13564,0.989023
15829,1,45848,0.972112
15829,2,28754,0.970935
15829,3,11575,0.969916
15829,4,12072,0.969900
15829,5,21923,0.967896
15829,6,19076,0.967702
15829,7,18297,0.967461
15829,8,27090,0.966544
15829,9,11801,0.966403
15829,10,19063,0.966326
15830,1,15835,0.952687
15830,2,22035,0.949383
15830,3,22036,0.943748
15830,4,12060,0.941161
15830,5,23230,0.940934
15830,6,28768,0.940122
15830,7,14550,0.940097
15830,8,12069,0.939946
15830,9,11811,0.939814
15830,10,22040,0.939207
15863,1,15864,0.962244
15863,2,15850,0.957424
15863,3,15868,0.957292
15863,4,15857,0.951983
15863,5,40300,0.948979
15863,6,14305,0.948080
15863,7,15862,0.945367
15863,8,6141,0.943211
15863,9,15880,0.943046
15863,10,16246,0.942949
15870,1,24669,0.855142
15870,2,4443,0.843205
15870,3,15898,0.841574
15870,4,40793,0.836444
15870,5,4436,0.835968
15870,6,5873,0.832616
15870,7,1729,0.831450
15870,8,24626,0.825329
15870,9,9817,0.823240
15870,10,6362,0.821530
15897,1,15874,0.968319
15897,2,10761,0.954885
15897,3,3822,0.953773
15897,4,10762,0.953269
15897,5,15901,0.952890
15897,6,15859,0.952678
15897,7,15849,0.948387
15897,8,10744,0.947618
15897,9,40292,0.947555
15897,10,10740,0.947427
15902,1,15895,0.943298
15902,2,46850,0.843016
15902,3,46851,0.842408
15902,4,46852,0.785405
15902,5,46836,0.765215
15902,6,3626,0.740252
15902,7,10765,0.736334
15902,8,10760,0.735163
15902,9,15875,0.732952
15902,10,10768,0.728579
15907,1,15908,0.987567
15907,2,22386,0.984541
15907,3,22379,0.982030
15907,4,15912,0.979589
15907,5,26800,0.979423
15907,6,13754,0.979047
15907,7,22381,0.977386
15907,8,15997,0.976671
15907,9,26390,0.976469
15907,10,15910,0.974634
15919,1,15925,0.991457
15919,2,15923,0.988883
15919,3,38324,0.988442
15919,4,43565,0.988339
15919,5,6517,0.988299
15919,6,37698,0.988219
15919,7,37700,0.988126
15919,8,35203,0.987967
15919,9,35193,0.987919
15919,10,22969,0.987890
15933,1,11989,0.985686
15933,2,22346,0.985446
15933,3,14063,0.984849
15933,4,23873,0.983862
15933,5,16646,0.982994
15933,6,7789,0.981865
15933,7,14097,0.981318
15933,8,14999,0.981048
15933,9,19395,0.980944
15933,10,13848,0.980137
15951,1,15946,0.994291
15951,2,15961,0.994013
15951,3,15948,0.993170
15951,4,15957,0.991870
15951,5,15947,0.991817
15951,6,19232,0.990384
15951,7,15950,0.989521
15951,8,19217,0.989404
15951,9,15954,0.989376
15951,10,15960,0.987549
15956,1,15961,0.995212
15956,2,15952,0.994342
15956,3,15949,0.993876
15956,4,15959,0.992689
15956,5,15950,0.992290
15956,6,15954,0.991907
15956,7,15946,0.991856
15956,8,15960,0.991728
15956,9,15953,0.991592
15956,10,15948,0.990858
15958,1,15954,0.995060
15958,2,15946,0.994851
15958,3,15950,0.994163
15958,4,15955,0.993872
15958,5,15948,0.993374
15958,6,15957,0.992855
15958,7,15953,0.992233
15958,8,15961,0.991669
15958,9,15959,0.991520
15958,10,17990,0.989889
15963,1,9600,0.826904
15963,2,13092,0.809255
15963,3,15046,0.781397
15963,4,6994,0.780459
15963,5,51331,0.780223
15963,6,9982,0.775280
15963,7,28845,0.774762
15963,8,46352,0.772555
15963,9,30611,0.765730
15963,10,24270,0.765504
15967,1,14666,0.986457
15967,2,15995,0.986286
15967,3,16408,0.986235
15967,4,15968,0.986065
15967,5,16471,0.985946
15967,6,13739,0.985904
15967,7,16449,0.984582
15967,8,16484,0.983799
15967,9,25537,0.983525
15967,10,43486,0.983477
16003,1,19535,0.922720
16003,2,16927,0.917136
16003,3,19172,0.915327
16003,4,23139,0.912506
16003,5,13089,0.909331
16003,6,22325,0.901704
16003,7,17916,0.901545
16003,8,15630,0.880685
16003,9,14311,0.879371
16003,10,19327,0.879192
16026,1,14038,0.981304
16026,2,19184,0.978649
16026,3,15151,0.977764
16026,4,16045,0.977728
16026,5,8163,0.977514
16026,6,15140,0.977192
16026,7,29823,0.977095
16026,8,18318,0.976480
16026,9,33061,0.975573
16026,10,23191,0.975089
16048,1,19709,0.989775
16048,2,20017,0.989570
16048,3,16042,0.989382
16048,4,33063,0.987701
16048,5,41610,0.985972
16048,6,19825,0.985939
16048,7,19830,0.985737
16048,8,29823,0.985433
16048,9,19184,0.985402
16048,10,16457,0.985102
16055,1,16065,0.945852
16055,2,16062,0.915156
16055,3,12676,0.893819
16055,4,29851,0.881418
16055,5,14695,0.879143
16055,6,16069,0.867835
16055,7,27609,0.860567
16055,8,26820,0.853798
16055,9,15119,0.851672
16055,10,16621,0.849063
16057,1,16063,0.985771
16057,2,16060,0.980439
16057,3,16059,0.979265
16057,4,16058,0.974771
16057,5,27630,0.974206
16057,6,16070,0.973834
16057,7,15687,0.973239
16057,8,8845,0.972360
16057,9,29849,0.972115
16057,10,15682,0.971478
16078,1,16076,0.873680
16078,2,33773,0.872153
16078,3,5221,0.869883
16078,4,33230,0.869862
16078,5,39922,0.862811
16078,6,34467,0.856336
16078,7,34121,0.855021
16078,8,18428,0.854802
16078,9,39926,0.852108
16078,10,39925,0.851545
16084,1,16079,0.978011
16084,2,38175,0.977999
16084,3,17328,0.977854
16084,4,16086,0.977139
16084,5,16865,0.977135
16084,6,38206,0.977115
16084,7,38205,0.975309
16084,8,38209,0.974656
16084,9,16850,0.972384
16084,10,49662,0.972145
16089,1,16088,0.990214
16089,2,21342,0.972342
16089,3,38212,0.972325
16089,4,40163,0.971794
16089,5,28417,0.968806
16089,6,39996,0.967547
16089,7,38202,0.965461
16089,8,39997,0.965392
16089,9,21347,0.964449
16089,10,28379,0.960086
16091,1,16090,0.992328
16091,2,38220,0.987906
16091,3,38236,0.987020
16091,4,17334,0.985335
16091,5,40174,0.979193
16091,6,8643,0.978011
16091,7,17325,0.977847
16091,8,23698,0.977718
16091,9,38221,0.977610
16091,10,17597,0.976684
16099,1,16856,0.993991
16099,2,20859,0.993724
16099,3,16100,0.993196
16099,4,16840,0.992885
16099,5,21309,0.992534
16099,6,16937,0.992402
16099,7,38170,0.992258
16099,8,21305,0.992092
16099,9,14907,0.992044
16099,10,16098,0.991946
16105,1,51697,0.983486
16105,2,29096,0.980972
16105,3,29887,0.980839
16105,4,38169,0.980788
16105,5,8642,0.980788
16105,6,16093,0.979702
16105,7,8700,0.979616
16105,8,16094,0.979012
16105,9,21289,0.978680
16105,10,8686,0.977885
16113,1,21186,0.956288
16113,2,15252,0.948331
16113,3,26677,0.942863
16113,4,11862,0.937804
16113,5,16112,0.937130
16113,6,44618,0.935507
16113,7,17962,0.934844
16113,8,16729,0.933378
16113,9,20805,0.929758
16113,10,15738,0.928361
16130,1,16141,0.971436
16130,2,16149,0.965972
16130,3,16135,0.965420
16130,4,26362,0.964676
16130,5,16147,0.964113
16130,6,16145,0.963855
16130,7,26875,0.963175
16130,8,16271,0.962124
16130,9,13962,0.961869
16130,10,16142,0.961775
16132,1,16271,0.979474
16132,2,16142,0.976754
16132,3,16141,0.975535
16132,4,16137,0.975286
16132,5,8432,0.973282
16132,6,13958,0.971532
16132,7,26362,0.969652
16132,8,16147,0.968123
16132,9,7195,0.966472
16132,10,16149,0.966276
16134,1,24566,0.983645
16134,2,15478,0.983465
16134,3,26866,0.981911
16134,4,19010,0.980059
16134,5,8440,0.979371
16134,6,14119,0.978889
16134,7,26868,0.977925
16134,8,14718,0.977906
16134,9,2605,0.977848
16134,10,16143,0.977526
16150,1,16155,0.996012
16150,2,16151,0.995275
16150,3,16180,0.995215
16150,4,16166,0.994929
16150,5,16183,0.994835
16150,6,16173,0.994359
16150,7,16156,0.994291
16150,8,16171,0.993933
16150,9,9037,0.993788
16150,10,16160,0.993573
16165,1,24743,0.960242
16165,2,39247,0.955232
16165,3,22859,0.951527
16165,4,7374,0.950841
16165,5,22187,0.947610
16165,6,22191,0.947608
16165,7,38784,0.947597
16165,8,9028,0.946530
16165,9,21067,0.945773
16165,10,15509,0.944714
16184,1,11870,0.996153
16184,2,11895,0.994912
16184,3,16178,0.994506
16184,4,11869,0.992933
16184,5,9044,0.992905
16184,6,11899,0.991987
16184,7,9038,0.991871
16184,8,16161,0.991424
16184,9,11898,0.990551
16184,10,17819,0.990344
16185,1,16173,0.993599
16185,2,16166,0.991682
16185,3,16180,0.991328
16185,4,21059,0.990293
16185,5,10146,0.989932
16185,6,10150,0.989580
16185,7,16188,0.989238
16185,8,16171,0.988642
16185,9,16155,0.988521
16185,10,19366,0.988066
16203,1,16207,0.981843
16203,2,16228,0.980709
16203,3,16202,0.979571
16203,4,19323,0.978616
16203,5,19811,0.977130
16203,6,14987,0.976387
16203,7,16229,0.976114
16203,8,14110,0.975975
16203,9,19662,0.974729
16203,10,16443,0.973842
16208,1,16202,0.992393
16208,2,16207,0.990815
16208,3,16228,0.988374
16208,4,15017,0.987895
16208,5,14986,0.987435
16208,6,19323,0.987127
16208,7,16443,0.987014
16208,8,20203,0.986442
16208,9,15019,0.986055
16208,10,21373,0.985359
16216,1,26317,0.969356
16216,2,26256,0.962811
16216,3,15022,0.960551
16216,4,16214,0.959836
16216,5,15011,0.959623
16216,6,40089,0.959616
16216,7,16217,0.959256
16216,8,34201,0.958131
16216,9,26464,0.957329
16216,10,21600,0.957215
16233,1,20203,0.973486
16233,2,24307,0.972491
16233,3,14109,0.971798
16233,4,16276,0.970880
16233,5,14113,0.970145
16233,6,15041,0.969627
16233,7,23137,0.969326
16233,8,16207,0.968511
16233,9,19549,0.968267
16233,10,16228,0.967474
16274,1,24053,0.967323
16274,2,19328,0.964518
16274,3,20958,0.960426
16274,4,14080,0.957154
16274,5,11778,0.956727
16274,6,11170,0.951701
16274,7,12640,0.948052
16274,8,19594,0.947158
16274,9,16927,0.943054
16274,10,19165,0.940263
16285,1,24015,0.957109
16285,2,5160,0.956122
16285,3,19979,0.955545
16285,4,20009,0.955404
16285,5,9781,0.955149
16285,6,10995,0.953492
16285,7,18929,0.953011
16285,8,30136,0.952879
16285,9,27365,0.952723
16285,10,6216,0.951789
16295,1,16432,0.922718
16295,2,24040,0.921882
16295,3,24275,0.908007
16295,4,19548,0.906749
16295,5,11775,0.900180
16295,6,10850,0.897840
16295,7,14926,0.896439
16295,8,10849,0.887199
16295,9,17257,0.884723
16295,10,11246,0.884555
16341,1,16344,0.993084
16341,2,16355,0.990872
16341,3,16358,0.988949
16341,4,23976,0.988076
16341,5,23187,0.987851
16341,6,15697,0.987532
16341,7,16343,0.987165
16341,8,9259,0.987138
16341,9,14287,0.986339
16341,10,29653,0.986225
16357,1,16353,0.993992
16357,2,16345,0.988537
16357,3,22395,0.988411
16357,4,23985,0.988247
16357,5,23977,0.987890
16357,6,19202,0.986694
16357,7,17560,0.986404
16357,8,8856,0.986348
16357,9,18646,0.986083
16357,10,24853,0.985693
16376,1,16391,0.993547
16376,2,16374,0.992963
16376,3,16375,0.992244
16376,4,16379,0.992188
16376,5,26154,0.991758
16376,6,16380,0.991723
16376,7,26504,0.991303
16376,8,26151,0.990498
16376,9,23041,0.990225
16376,10,26153,0.989845
16381,1,16374,0.988701
16381,2,15116,0.988476
16381,3,16373,0.988157
16381,4,26382,0.987910
16381,5,27181,0.987109
16381,6,27185,0.986791
16381,7,26383,0.986345
16381,8,26166,0.986235
16381,9,27184,0.985980
16381,10,27186,0.985677
16382,1,16379,0.980193
16382,2,16391,0.979893
16382,3,26818,0.979046
16382,4,16609,0.977997
16382,5,26154,0.976385
16382,6,27181,0.976274
16382,7,27184,0.976169
16382,8,12224,0.975950
16382,9,26169,0.975945
16382,10,16373,0.975583
16388,1,26056,0.977872
16388,2,16334,0.976329
16388,3,17563,0.975855
16388,4,8851,0.974972
16388,5,9810,0.974817
16388,6,18646,0.974505
16388,7,8868,0.974149
16388,8,16365,0.973615
16388,9,16350,0.973509
16388,10,16358,0.973311
16397,1,16394,0.987950
16397,2,23201,0.987565
16397,3,29823,0.987255
16397,4,19185,0.987124
16397,5,15698,0.986701
16397,6,22576,0.986386
16397,7,8265,0.985807
16397,8,12172,0.985084
16397,9,9594,0.984757
16397,10,7177,0.984593
16398,1,8737,0.986391
16398,2,8877,0.984482
16398,3,20186,0.983900
16398,4,16404,0.983789
16398,5,27558,0.983691
16398,6,37741,0.982434
16398,7,37724,0.982007
16398,8,8736,0.981626
16398,9,29774,0.981617
16398,10,25529,0.981002
16403,1,12171,0.991105
16403,2,13518,0.990277
16403,3,20171,0.990261
16403,4,20172,0.990058
16403,5,33062,0.989264
16403,6,13764,0.989016
16403,7,13858,0.988915
16403,8,16466,0.988312
16403,9,12951,0.987954
16403,10,13737,0.987813
16405,1,8735,0.989636
16405,2,33293,0.987525
16405,3,37729,0.985833
16405,4,16404,0.985815
16405,5,11686,0.984687
16405,6,11473,0.984683
16405,7,20183,0.984485
16405,8,16392,0.983953
16405,9,8736,0.983480
16405,10,51420,0.983115
16407,1,18859,0.932150
16407,2,19401,0.931870
16407,3,12633,0.931463
16407,4,11468,0.925704
16407,5,34217,0.920551
16407,6,34220,0.920521
16407,7,10051,0.920437
16407,8,12189,0.919175
16407,9,11465,0.917293
16407,10,19733,0.916992
16412,1,13866,0.955868
16412,2,13765,0.942944
16412,3,23198,0.941769
16412,4,29769,0.941745
16412,5,30798,0.941424
16412,6,16462,0.940828
16412,7,12022,0.939513
16412,8,29837,0.939104
16412,9,14527,0.939051
16412,10,12253,0.938782
16419,1,16414,0.990989
16419,2,16416,0.990015
16419,3,25549,0.989193
16419,4,4758,0.989128
16419,5,22331,0.987333
16419,6,4538,0.986187
16419,7,10466,0.985982
16419,8,18308,0.985864
16419,9,7015,0.985690
16419,10,6174,0.985667
16431,1,18642,0.992846
16431,2,19158,0.992627
16431,3,16436,0.992033
16431,4,16424,0.990683
16431,5,11740,0.989958
16431,6,11780,0.989549
16431,7,19797,0.989342
16431,8,27574,0.988954
16431,9,5516,0.988576
16431,10,16429,0.988311
16464,1,39777,0.984654
16464,2,16024,0.984244
16464,3,18324,0.983052
16464,4,11703,0.982912
16464,5,16546,0.982806
16464,6,9594,0.982275
16464,7,20157,0.981961
16464,8,20147,0.981798
16464,9,6014,0.981772
16464,10,23201,0.981613
16483,1,20166,0.980037
16483,2,16462,0.978996
16483,3,13886,0.976216
16483,4,27173,0.974566
16483,5,13460,0.974442
16483,6,19696,0.973366
16483,7,33239,0.972796
16483,8,11717,0.972737
16483,9,12005,0.971722
16483,10,23989,0.971579
16497,1,3756,0.969973
16497,2,6941,0.969877
16497,3,27649,0.968786
16497,4,31243,0.967607
16497,5,12535,0.967597
16497,6,7861,0.967133
16497,7,16637,0.966603
16497,8,6984,0.966517
16497,9,7359,0.965704
16497,10,10065,0.965052
16518,1,15562,0.985656
16518,2,16514,0.983651
16518,3,15560,0.983386
16518,4,28794,0.980146
16518,5,16510,0.979862
16518,6,12828,0.979665
16518,7,11331,0.979570
16518,8,31672,0.979251
16518,9,37200,0.978914
16518,10,16517,0.978568
16527,1,11671,0.989539
16527,2,20369,0.989352
16527,3,11698,0.987979
16527,4,13932,0.987019
16527,5,13736,0.986825
16527,6,13391,0.986779
16527,7,26408,0.986672
16527,8,11681,0.986670
16527,9,12174,0.986483
16527,10,27529,0.986424
16541,1,13413,0.988396
16541,2,33063,0.988121
16541,3,28810,0.987799
16541,4,13851,0.987248
16541,5,39770,0.987203
16541,6,8153,0.986528
16541,7,20172,0.986429
16541,8,10795,0.986412
16541,9,19465,0.986360
16541,10,19709,0.986097
16553,1,19553,0.980018
16553,2,7469,0.976925
16553,3,12468,0.974656
16553,4,6485,0.971393
16553,5,13848,0.970178
16553,6,2206,0.968213
16553,7,5231,0.966951
16553,8,9671,0.966845
16553,9,7450,0.966739
16553,10,10486,0.966679
16620,1,16028,0.992138
16620,2,43486,0.990927
16620,3,15970,0.989300
16620,4,33064,0.988897
16620,5,12171,0.988709
16620,6,16472,0.988268
16620,7,16484,0.988076
16620,8,16042,0.987873
16620,9,11081,0.987735
16620,10,24283,0.987377
16624,1,16621,0.988044
16624,2,16623,0.975337
16624,3,26152,0.967228
16624,4,16622,0.967072
16624,5,16800,0.966683
16624,6,15127,0.966542
16624,7,29779,0.965828
16624,8,13778,0.965558
16624,9,16798,0.965531
16624,10,26162,0.964922
16628,1,10859,0.988795
16628,2,12655,0.986429
16628,3,11740,0.986343
16628,4,10681,0.986221
16628,5,23158,0.985853
16628,6,10831,0.985776
16628,7,14098,0.985613
16628,8,23159,0.985323
16628,9,23172,0.984925
16628,10,1950,0.984872
16749,1,16751,0.980982
16749,2,32723,0.975774
16749,3,25140,0.973472
16749,4,16752,0.971766
16749,5,26444,0.970612
16749,6,26445,0.970188
16749,7,32722,0.968660
16749,8,32724,0.966052
16749,9,17112,0.961005
16749,10,16753,0.960606
16785,1,37485,0.931707
16785,2,16782,0.931529
16785,3,25648,0.902544
16785,4,16778,0.896359
16785,5,38052,0.893720
16785,6,21709,0.893063
16785,7,25647,0.892027
16785,8,37484,0.890595
16785,9,49323,0.889258
16785,10,49866,0.887611
16787,1,13839,0.985003
16787,2,16788,0.977470
16787,3,4716,0.977453
16787,4,4666,0.976204
16787,5,45245,0.975353
16787,6,4665,0.974643
16787,7,16786,0.972234
16787,8,16783,0.972034
16787,9,25648,0.970165
16787,10,16772,0.969687
16792,1,23201,0.984962
16792,2,23205,0.979946
16792,3,22352,0.979906
16792,4,37733,0.979861
16792,5,33054,0.979780
16792,6,16037,0.979755
16792,7,37761,0.978822
16792,8,20019,0.978701
16792,9,23991,0.978325
16792,10,20140,0.978103
16794,1,9680,0.947780
16794,2,14088,0.941485
16794,3,11169,0.937397
16794,4,14077,0.929583
16794,5,11529,0.929217
16794,6,16197,0.928941
16794,7,19595,0.927172
16794,8,19960,0.924517
16794,9,19956,0.920418
16794,10,17201,0.920216
16802,1,11461,0.980118
16802,2,26066,0.979882
16802,3,17754,0.979024
16802,4,15144,0.977336
16802,5,11143,0.977000
16802,6,15150,0.976691
16802,7,16327,0.976055
16802,8,19844,0.976033
16802,9,13942,0.975173
16802,10,12029,0.975056
16812,1,22571,0.978012
16812,2,16814,0.977076
16812,3,16791,0.976453
16812,4,29287,0.976054
16812,5,29611,0.975352
16812,6,10478,0.974601
16812,7,28810,0.974304
16812,8,13737,0.974067
16812,9,16813,0.973868
16812,10,16810,0.973747
16825,1,16821,0.983225
16825,2,16834,0.983033
16825,3,16824,0.981209
16825,4,16827,0.980988
16825,5,3957,0.980917
16825,6,3949,0.979204
16825,7,20237,0.979022
16825,8,24953,0.978898
16825,9,26869,0.978518
16825,10,5293,0.978355
16826,1,16828,0.995420
16826,2,16834,0.989839
16826,3,16830,0.987631
16826,4,10501,0.986596
16826,5,11762,0.984991
16826,6,22224,0.983682
16826,7,10503,0.983664
16826,8,26869,0.983148
16826,9,10072,0.982827
16826,10,11659,0.982707
16833,1,16834,0.988310
16833,2,16821,0.988046
16833,3,10502,0.987629
16833,4,16822,0.986533
16833,5,11659,0.985793
16833,6,21160,0.985096
16833,7,8440,0.984915
16833,8,3208,0.984642
16833,9,16832,0.984558
16833,10,7150,0.982606
16843,1,30673,0.982751
16843,2,16883,0.977883
16843,3,28334,0.975576
16843,4,28423,0.975358
16843,5,16838,0.971998
16843,6,28337,0.969948
16843,7,8620,0.968795
16843,8,51671,0.968424
16843,9,28335,0.968275
16843,10,48200,0.966285
16848,1,16086,0.981606
16848,2,38208,0.971329
16848,3,38209,0.970156
16848,4,16079,0.969777
16848,5,16945,0.968793
16848,6,17328,0.967225
16848,7,16959,0.965690
16848,8,38207,0.965210
16848,9,38206,0.964442
16848,10,16850,0.964045
16863,1,16940,0.994126
16863,2,38174,0.993587
16863,3,23787,0.993023
16863,4,29888,0.992932
16863,5,21315,0.992896
16863,6,16866,0.992795
16863,7,23734,0.992685
16863,8,17205,0.992681
16863,9,51278,0.992494
16863,10,16106,0.992307
16888,1,28306,0.949583
16888,2,28345,0.946190
16888,3,38313,0.944359
16888,4,28346,0.942586
16888,5,39997,0.939386
16888,6,29955,0.938526
16888,7,23699,0.936615
16888,8,29967,0.936383
16888,9,21331,0.935182
16888,10,40004,0.935063
16955,1,49673,0.989951
16955,2,17335,0.989838
16955,3,49672,0.984820
16955,4,29881,0.984290
16955,5,28423,0.983788
16955,6,17308,0.982893
16955,7,48193,0.982595
16955,8,28334,0.982343
16955,9,28335,0.981865
16955,10,30674,0.980924
16958,1,16961,0.975812
16958,2,29877,0.974477
16958,3,28358,0.973950
16958,4,16950,0.970725
16958,5,21356,0.970016
16958,6,30680,0.968818
16958,7,29867,0.967603
16958,8,28350,0.967122
16958,9,30569,0.966759
16958,10,28355,0.966625
16973,1,4446,0.949674
16973,2,16970,0.933828
16973,3,12924,0.932662
16973,4,6393,0.928053
16973,5,5617,0.921739
16973,6,2235,0.920934
16973,7,4111,0.920604
16973,8,4447,0.917537
16973,9,2634,0.916564
16973,10,6826,0.915968
16991,1,22576,0.984246
16991,2,8159,0.983729
16991,3,23205,0.982890
16991,4,26424,0.982007
16991,5,23197,0.981837
16991,6,14665,0.981511
16991,7,18317,0.981453
16991,8,14048,0.981339
16991,9,14042,0.981136
16991,10,13764,0.980909
17048,1,17052,0.975578
17048,2,39960,0.970016
17048,3,47218,0.969460
17048,4,17047,0.967269
17048,5,47222,0.965180
17048,6,47196,0.964704
17048,7,17051,0.963785
17048,8,47195,0.962239
17048,9,47172,0.962140
17048,10,7373,0.960195
17050,1,17051,0.972821
17050,2,17052,0.967596
17050,3,17054,0.963647
17050,4,47222,0.958038
17050,5,39960,0.957063
17050,6,47177,0.955591
17050,7,39739,0.953395
17050,8,17047,0.953358
17050,9,7373,0.953134
17050,10,41870,0.952324
17055,1,5316,0.981307
17055,2,47186,0.980753
17055,3,9025,0.979220
17055,4,22183,0.978894
17055,5,10144,0.978122
17055,6,12856,0.977372
17055,7,39300,0.976749
17055,8,30258,0.976430
17055,9,7267,0.975667
17055,10,39972,0.975482
17059,1,38409,0.965351
17059,2,37066,0.962673
17059,3,48118,0.962526
17059,4,20514,0.959610
17059,5,18023,0.958407
17059,6,17144,0.957626
17059,7,25108,0.955344
17059,8,17075,0.954905
17059,9,37059,0.954755
17059,10,24779,0.953955
17079,1,17077,0.986706
17079,2,17078,0.983906
17079,3,17084,0.983451
17079,4,18052,0.983002
17079,5,17527,0.982829
17079,6,18057,0.982149
17079,7,20494,0.981753
17079,8,17086,0.981618
17079,9,18058,0.981320
17079,10,17089,0.980620
17105,1,17082,0.991098
17105,2,20534,0.976866
17105,3,20396,0.973294
17105,4,17100,0.972675
17105,5,20510,0.971285
17105,6,20495,0.970795
17105,7,17101,0.970536
17105,8,17088,0.970307
17105,9,17108,0.970296
17105,10,17093,0.967937
17109,1,17077,0.964719
17109,2,17082,0.962591
17109,3,17100,0.961883
17109,4,17101,0.961693
17109,5,17106,0.960439
17109,6,17108,0.959270
17109,7,20467,0.957627
17109,8,18052,0.957325
17109,9,17527,0.956140
17109,10,17085,0.955916
17111,1,49534,0.982526
17111,2,36987,0.982214
17111,3,33362,0.981224
17111,4,36989,0.978741
17111,5,49536,0.978658
17111,6,36975,0.977793
17111,7,16741,0.977067
17111,8,37861,0.976899
17111,9,48348,0.976309
17111,10,38689,0.975398
17173,1,19830,0.977101
17173,2,17174,0.976241
17173,3,41609,0.975106
17173,4,19837,0.974122
17173,5,43486,0.974037
17173,6,19829,0.972857
17173,7,19824,0.972086
17173,8,16041,0.971364
17173,9,33064,0.971136
17173,10,19825,0.970575
17178,1,16035,0.977947
17178,2,8724,0.975179
17178,3,11702,0.974302
17178,4,11710,0.972757
17178,5,6057,0.972240
17178,6,41598,0.969791
17178,7,13752,0.969443
17178,8,16023,0.969242
17178,9,12257,0.969003
17178,10,33548,0.968917
17186,1,17188,0.991746
17186,2,17192,0.990143
17186,3,19846,0.987863
17186,4,25533,0.986848
17186,5,8774,0.986580
17186,6,16530,0.986196
17186,7,17183,0.985410
17186,8,17157,0.984938
17186,9,27558,0.984900
17186,10,17185,0.984663
17189,1,11112,0.967206
17189,2,46239,0.958448
17189,3,37758,0.945290
17189,4,17168,0.942876
17189,5,37782,0.941189
17189,6,22208,0.940235
17189,7,37772,0.939841
17189,8,42519,0.938943
17189,9,11404,0.938823
17189,10,51413,0.936905
17190,1,9067,0.977838
17190,2,9453,0.977263
17190,3,17158,0.977224
17190,4,12326,0.977186
17190,5,9500,0.976710
17190,6,12298,0.975899
17190,7,38981,0.975682
17190,8,37790,0.975590
17190,9,17155,0.975568
17190,10,22377,0.975486
17225,1,48225,0.968011
17225,2,28286,0.960609
17225,3,28297,0.957298
17225,4,23790,0.957149
17225,5,48229,0.956241
17225,6,28298,0.955570
17225,7,23780,0.954472
17225,8,30266,0.953984
17225,9,28288,0.953610
17225,10,48210,0.952906
17227,1,17211,0.940962
17227,2,16884,0.938858
17227,3,29869,0.936674
17227,4,17229,0.935171
17227,5,16885,0.932948
17227,6,30673,0.931431
17227,7,48200,0.929687
17227,8,29868,0.929228
17227,9,49670,0.923477
17227,10,28300,0.923002
17243,1,17272,0.978923
17243,2,14945,0.975409
17243,3,5086,0.975055
17243,4,8598,0.974497
17243,5,14944,0.972586
17243,6,9933,0.971914
17243,7,10877,0.971862
17243,8,17513,0.971621
17243,9,14682,0.971267
17243,10,12646,0.971083
17244,1,19792,0.988565
17244,2,31547,0.988057
17244,3,19797,0.985913
17244,4,37097,0.985806
17244,5,17233,0.985765
17244,6,28993,0.985491
17244,7,12645,0.985388
17244,8,33084,0.985307
17244,9,19793,0.985010
17244,10,10824,0.984109
17280,1,34321,0.963127
17280,2,7290,0.960877
17280,3,17278,0.960440
17280,4,11970,0.958429
17280,5,10845,0.956766
17280,6,12620,0.956457
17280,7,48423,0.956099
17280,8,40066,0.955285
17280,9,40023,0.955188
17280,10,44634,0.955065
17286,1,17235,0.978123
17286,2,45536,0.973193
17286,3,21226,0.971982
17286,4,23669,0.969878
17286,5,37716,0.968766
17286,6,37982,0.968152
17286,7,29308,0.967526
17286,8,31680,0.967421
17286,9,42097,0.966118
17286,10,7927,0.965191
17291,1,15682,0.929135
17291,2,40275,0.927066
17291,3,13783,0.926332
17291,4,9852,0.925675
17291,5,14658,0.925586
17291,6,11248,0.923340
17291,7,26838,0.921764
17291,8,12677,0.920974
17291,9,13781,0.920271
17291,10,14688,0.920266
17297,1,18579,0.988424
17297,2,29210,0.960890
17297,3,29209,0.960769
17297,4,18358,0.960753
17297,5,15548,0.958626
17297,6,15551,0.958132
17297,7,18346,0.956602
17297,8,12435,0.954186
17297,9,36376,0.954161
17297,10,14617,0.953951
17299,1,17300,0.987703
17299,2,29114,0.985370
17299,3,7667,0.981163
17299,4,49266,0.979870
17299,5,41851,0.979769
17299,6,9368,0.979713
17299,7,7671,0.979704
17299,8,25434,0.979562
17299,9,17407,0.978921
17299,10,43558,0.978552
17313,1,16940,0.995279
17313,2,17205,0.993394
17313,3,38161,0.992998
17313,4,16938,0.992647
17313,5,16896,0.992331
17313,6,38172,0.992291
17313,7,16866,0.992170
17313,8,17330,0.992040
17313,9,38187,0.991343
17313,10,38186,0.991240
17321,1,38209,0.990819
17321,2,38207,0.990427
17321,3,38208,0.990046
17321,4,16842,0.987763
17321,5,16940,0.987097
17321,6,38172,0.987015
17321,7,29127,0.986740
17321,8,38186,0.986657
17321,9,38187,0.986511
17321,10,17330,0.986490
17322,1,17326,0.981710
17322,2,16954,0.977514
17322,3,17314,0.971628
17322,4,16861,0.968865
17322,5,8620,0.968751
17322,6,28423,0.967383
17322,7,48211,0.966590
17322,8,28371,0.964740
17322,9,29879,0.964320
17322,10,30561,0.964212
17372,1,17362,0.997496
17372,2,17363,0.994234
17372,3,17375,0.992799
17372,4,25073,0.992697
17372,5,17364,0.992621
17372,6,17367,0.991723
17372,7,17369,0.991139
17372,8,17360,0.991057
17372,9,25081,0.991024
17372,10,19929,0.990895
17377,1,17375,0.996306
17377,2,17374,0.993794
17377,3,17369,0.993468
17377,4,17371,0.993467
17377,5,17366,0.992978
17377,6,17359,0.992781
17377,7,17373,0.991850
17377,8,25073,0.991685
17377,9,25049,0.991521
17377,10,17367,0.991391
17379,1,17366,0.992074
17379,2,17378,0.991289
17379,3,17367,0.989747
17379,4,17368,0.988601
17379,5,17374,0.988113
17379,6,25074,0.986035
17379,7,17371,0.985941
17379,8,25080,0.985543
17379,9,25070,0.984554
17379,10,19929,0.984542
17382,1,17634,0.969166
17382,2,17387,0.938748
17382,3,18998,0.934295
17382,4,13810,0.931147
17382,5,17388,0.928089
17382,6,17381,0.926732
17382,7,17380,0.924439
17382,8,17386,0.920497
17382,9,20068,0.918141
17382,10,13720,0.916262
17391,1,51185,0.993958
17391,2,51152,0.992684
17391,3,36391,0.992581
17391,4,46879,0.992293
17391,5,17791,0.992248
17391,6,51341,0.992221
17391,7,46862,0.992110
17391,8,51177,0.991922
17391,9,46878,0.991718
17391,10,36373,0.991503
17396,1,17400,0.959009
17396,2,17794,0.958397
17396,3,32044,0.956932
17396,4,17397,0.956610
17396,5,17788,0.956005
17396,6,17392,0.955251
17396,7,17393,0.953989
17396,8,17405,0.953652
17396,9,17395,0.953575
17396,10,17406,0.952603
17399,1,17406,0.989872
17399,2,17398,0.986850
17399,3,51183,0.985981
17399,4,51347,0.984823
17399,5,17791,0.984615
17399,6,46878,0.983865
17399,7,46862,0.983853
17399,8,17403,0.983774
17399,9,17407,0.983445
17399,10,17408,0.982949
17401,1,46870,0.976090
17401,2,46864,0.974662
17401,3,46869,0.965227
17401,4,46865,0.962597
17401,5,36401,0.961492
17401,6,46863,0.960500
17401,7,24296,0.959656
17401,8,46867,0.958808
17401,9,24657,0.958264
17401,10,17393,0.955879
17402,1,17407,0.992455
17402,2,17408,0.992243
17402,3,51347,0.990117
17402,4,17403,0.989693
17402,5,17793,0.989208
17402,6,17791,0.989058
17402,7,51144,0.989031
17402,8,51165,0.988815
17402,9,17786,0.988685
17402,10,36391,0.988613
17422,1,17434,0.976714
17422,2,38022,0.973656
17422,3,32374,0.972409
17422,4,37326,0.971462
17422,5,10140,0.971298
17422,6,32308,0.970757
17422,7,46312,0.970537
17422,8,29755,0.970171
17422,9,30086,0.969724
17422,10,29532,0.969144
17432,1,19252,0.968083
17432,2,45041,0.965192
17432,3,45921,0.964405
17432,4,25605,0.963820
17432,5,36788,0.963560
17432,6,43185,0.963516
17432,7,33893,0.961636
17432,8,41047,0.961569
17432,9,36796,0.961449
17432,10,46560,0.961114
17442,1,38043,0.970964
17442,2,32366,0.969712
17442,3,30081,0.967649
17442,4,8108,0.966453
17442,5,32354,0.966385
17442,6,45931,0.966367
17442,7,11484,0.966196
17442,8,17448,0.966066
17442,9,11485,0.965886
17442,10,30179,0.965845
17446,1,17447,0.989291
17446,2,17445,0.980320
17446,3,10192,0.972805
17446,4,33885,0.972775
17446,5,41050,0.972604
17446,6,30014,0.972589
17446,7,32301,0.971869
17446,8,32339,0.971740
17446,9,51657,0.970684
17446,10,37473,0.970571
17461,1,45029,0.978800
17461,2,29922,0.978364
17461,3,11000,0.977291
17461,4,17428,0.977289
17461,5,21686,0.975021
17461,6,51640,0.974389
17461,7,21671,0.972804
17461,8,10999,0.972617
17461,9,37318,0.970782
17461,10,45906,0.970381
17532,1,32423,0.990552
17532,2,25708,0.986865
17532,3,25709,0.983464
17532,4,25710,0.980979
17532,5,40063,0.980124
17532,6,25714,0.977713
17532,7,17531,0.977636
17532,8,33774,0.977288
17532,9,3449,0.976794
17532,10,40113,0.976529
17572,1,17546,0.989699
17572,2,17535,0.985847
17572,3,17553,0.984616
17572,4,17547,0.984063
17572,5,26791,0.983022
17572,6,17575,0.982651
17572,7,17550,0.982444
17572,8,27155,0.980008
17572,9,17548,0.979931
17572,10,22403,0.979694
17588,1,40171,0.961411
17588,2,40172,0.960341
17588,3,30559,0.960231
17588,4,29961,0.958990
17588,5,28285,0.957067
17588,6,28384,0.956562
17588,7,30681,0.954329
17588,8,51294,0.954006
17588,9,23760,0.953843
17588,10,40180,0.952516
17612,1,8366,0.952439
17612,2,24914,0.934957
17612,3,13220,0.931323
17612,4,37600,0.930863
17612,5,37587,0.923612
17612,6,37544,0.911473
17612,7,8349,0.904262
17612,8,48241,0.903567
17612,9,41745,0.903021
17612,10,37623,0.902822
17636,1,14724,0.789676
17636,2,18998,0.783497
17636,3,12463,0.780667
17636,4,12465,0.756172
17636,5,16014,0.753638
17636,6,24870,0.743606
17636,7,16015,0.725976
17636,8,17634,0.712515
17636,9,23466,0.674631
17636,10,23481,0.672716
17639,1,18998,0.898817
17639,2,12463,0.871824
17639,3,16015,0.854246
17639,4,17634,0.849397
17639,5,16014,0.848470
17639,6,12465,0.786905
17639,7,17387,0.773975
17639,8,17386,0.772210
17639,9,13720,0.768762
17639,10,17388,0.768742
17645,1,24179,0.980260
17645,2,35667,0.931985
17645,3,21202,0.928205
17645,4,17027,0.928154
17645,5,5628,0.927697
17645,6,17024,0.927620
17645,7,5601,0.927549
17645,8,23823,0.925750
17645,9,41213,0.924940
17645,10,43300,0.924569
17651,1,17648,0.991991
17651,2,23120,0.985692
17651,3,17650,0.983993
17651,4,23123,0.983058
17651,5,17646,0.982416
17651,6,17647,0.979407
17651,7,23124,0.976755
17651,8,13976,0.975316
17651,9,32408,0.974861
17651,10,17644,0.974662
17665,1,24070,0.914257
17665,2,17664,0.902419
17665,3,14450,0.894066
17665,4,18550,0.890013
17665,5,41468,0.883725
17665,6,24819,0.880349
17665,7,33524,0.879771
17665,8,33511,0.878359
17665,9,18548,0.878013
17665,10,13367,0.876839
17667,1,33511,0.968944
17667,2,33524,0.962426
17667,3,14450,0.957866
17667,4,33510,0.955657
17667,5,12423,0.951032
17667,6,13383,0.949715
17667,7,13367,0.948606
17667,8,26453,0.943805
17667,9,18548,0.941199
17667,10,21467,0.940110
17668,1,15358,0.887281
17668,2,11957,0.875063
17668,3,22837,0.874305
17668,4,21091,0.868672
17668,5,13195,0.854491
17668,6,4441,0.852338
17668,7,37254,0.849767
17668,8,17700,0.849274
17668,9,7816,0.846540
17668,10,13901,0.844141
17669,1,20755,0.910131
17669,2,42035,0.901533
17669,3,13972,0.896430
17669,4,23919,0.892737
17669,5,26453,0.891795
17669,6,15267,0.889471
17669,7,13383,0.888279
17669,8,51755,0.887262
17669,9,18548,0.887120
17669,10,13674,0.885235
17691,1,10639,0.964570
17691,2,22104,0.960416
17691,3,22091,0.955739
17691,4,40692,0.953030
17691,5,14558,0.951774
17691,6,13117,0.950366
17691,7,22093,0.947913
17691,8,15379,0.947502
17691,9,22095,0.946687
17691,10,14566,0.945551
17692,1,6432,0.963330
17692,2,6426,0.956180
17692,3,2503,0.947984
17692,4,43893,0.942780
17692,5,7729,0.942679
17692,6,3595,0.939523
17692,7,4023,0.938002
17692,8,7048,0.935811
17692,9,8996,0.934178
17692,10,25404,0.931125
17706,1,49468,0.971639
17706,2,51349,0.971358
17706,3,51350,0.968589
17706,4,29571,0.968567
17706,5,49487,0.963718
17706,6,51375,0.959087
17706,7,44781,0.958373
17706,8,35677,0.958071
17706,9,5050,0.957428
17706,10,47236,0.956661
17710,1,9209,0.927285
17710,2,6363,0.907463
17710,3,46087,0.903328
17710,4,6435,0.894887
17710,5,13726,0.894809
17710,6,5924,0.894475
17710,7,23878,0.890317
17710,8,33765,0.890142
17710,9,13194,0.890072
17710,10,24072,0.888678
17713,1,12374,0.923593
17713,2,17719,0.922917
17713,3,14677,0.889902
17713,4,23181,0.889786
17713,5,8887,0.887224
17713,6,17720,0.886544
17713,7,29819,0.883123
17713,8,10474,0.882074
17713,9,16469,0.881316
17713,10,10817,0.880926
17714,1,17718,0.940894
17714,2,2136,0.897672
17714,3,29797,0.893847
17714,4,22573,0.889042
17714,5,20283,0.887567
17714,6,2167,0.887272
17714,7,29840,0.885773
17714,8,10796,0.885028
17714,9,5999,0.883419
17714,10,6004,0.883355
17717,1,33243,0.976658
17717,2,17724,0.974023
17717,3,33241,0.973981
17717,4,33322,0.972905
17717,5,14774,0.971986
17717,6,17729,0.970040
17717,7,38980,0.969157
17717,8,33232,0.968786
17717,9,26802,0.967658
17717,10,14770,0.967369
17735,1,6117,0.933106
17735,2,20805,0.907009
17735,3,11866,0.901694
17735,4,32187,0.901266
17735,5,20942,0.901235
17735,6,3632,0.900781
17735,7,16981,0.899715
17735,8,39955,0.896686
17735,9,20946,0.893519
17735,10,13974,0.888698
17742,1,8071,0.985845
17742,2,31207,0.985344
17742,3,41824,0.984874
17742,4,32190,0.984359
17742,5,36418,0.983525
17742,6,34733,0.983057
17742,7,4637,0.982558
17742,8,26655,0.982475
17742,9,42028,0.982164
17742,10,18417,0.981838
17743,1,7826,0.966105
17743,2,7601,0.960486
17743,3,20874,0.960205
17743,4,46799,0.960127
17743,5,8532,0.960038
17743,6,4579,0.959359
17743,7,9119,0.956630
17743,8,24456,0.954346
17743,9,7844,0.954156
17743,10,26448,0.953577
17762,1,17761,0.990378
17762,2,9044,0.989400
17762,3,39211,0.987937
17762,4,44943,0.987801
17762,5,39213,0.987302
17762,6,44939,0.987232
17762,7,47193,0.987136
17762,8,21107,0.986902
17762,9,22140,0.986875
17762,10,11920,0.986486
17768,1,20685,0.967362
17768,2,10144,0.963147
17768,3,5674,0.963027
17768,4,5316,0.961488
17768,5,44436,0.958025
17768,6,9025,0.957943
17768,7,22183,0.957071
17768,8,11960,0.956948
17768,9,39972,0.956590
17768,10,5678,0.956468
17790,1,51183,0.985950
17790,2,51152,0.985223
17790,3,51163,0.984947
17790,4,51177,0.984800
17790,5,51341,0.984781
17790,6,36404,0.984756
17790,7,51347,0.984620
17790,8,12404,0.983721
17790,9,17791,0.983125
17790,10,51157,0.982146
17811,1,4202,0.953974
17811,2,4728,0.953824
17811,3,24910,0.952556
17811,4,31153,0.952077
17811,5,35881,0.951406
17811,6,38346,0.950450
17811,7,37623,0.949965
17811,8,40142,0.949878
17811,9,31151,0.949729
17811,10,31150,0.949544
17823,1,44758,0.958212
17823,2,2965,0.951876
17823,3,39657,0.951644
17823,4,44493,0.944568
17823,5,15286,0.939573
17823,6,17034,0.938931
17823,7,5933,0.938926
17823,8,24454,0.938333
17823,9,3549,0.936759
17823,10,23914,0.936701
17824,1,23899,0.895916
17824,2,19901,0.891349
17824,3,4104,0.850835
17824,4,41074,0.844088
17824,5,3827,0.837411
17824,6,6148,0.835595
17824,7,12720,0.828260
17824,8,11945,0.827111
17824,9,8638,0.825371
17824,10,11977,0.823542
17836,1,18495,0.817559
17836,2,15252,0.790890
17836,3,16729,0.783516
17836,4,26590,0.770513
17836,5,11862,0.768922
17836,6,21186,0.767872
17836,7,41874,0.766174
17836,8,42007,0.764512
17836,9,15070,0.763533
17836,10,19870,0.763368
17837,1,23097,0.933157
17837,2,35667,0.928564
17837,3,33638,0.921345
17837,4,3630,0.920671
17837,5,2251,0.920041
17837,6,20945,0.919438
17837,7,20941,0.916962
17837,8,12980,0.916818
17837,9,5638,0.916188
17837,10,5635,0.913915
17839,1,28638,0.944363
17839,2,15459,0.944213
17839,3,17415,0.940630
17839,4,8091,0.938107
17839,5,14333,0.937311
17839,6,12973,0.935237
17839,7,15313,0.934491
17839,8,25571,0.932737
17839,9,40322,0.931970
17839,10,5468,0.930807
17847,1,21175,0.962090
17847,2,1785,0.950153
17847,3,22981,0.946619
17847,4,3566,0.945810
17847,5,22111,0.943833
17847,6,1963,0.939449
17847,7,42087,0.937886
17847,8,15313,0.936031
17847,9,3455,0.935677
17847,10,13648,0.935534
17853,1,17864,0.991551
17853,2,17856,0.989805
17853,3,17855,0.987848
17853,4,18386,0.980421
17853,5,15802,0.978253
17853,6,28025,0.977216
17853,7,15785,0.977042
17853,8,15773,0.975914
17853,9,18385,0.975446
17853,10,27996,0.975321
17886,1,13566,0.993378
17886,2,17885,0.993286
17886,3,17882,0.992092
17886,4,13574,0.991947
17886,5,25380,0.991360
17886,6,17883,0.991227
17886,7,50494,0.991150
17886,8,13573,0.991056
17886,9,13565,0.990689
17886,10,13564,0.990213
17887,1,17885,0.998145
17887,2,25380,0.994798
17887,3,13566,0.993511
17887,4,50494,0.993466
17887,5,17882,0.992303
17887,6,17883,0.991653
17887,7,13564,0.991472
17887,8,13571,0.991073
17887,9,13570,0.990776
17887,10,13568,0.990512
17915,1,3942,0.940532
17915,2,43084,0.937358
17915,3,17919,0.932275
17915,4,3930,0.929930
17915,5,38625,0.929749
17915,6,27442,0.927640
17915,7,25044,0.927172
17915,8,10712,0.926334
17915,9,28528,0.925909
17915,10,28531,0.924957
17920,1,28625,0.988471
17920,2,22582,0.984540
17920,3,17921,0.983402
17920,4,38639,0.981557
17920,5,25023,0.979715
17920,6,3313,0.979550
17920,7,43064,0.977246
17920,8,1911,0.977012
17920,9,32638,0.976657
17920,10,32624,0.976515
17937,1,18934,0.970403
17937,2,16900,0.969401
17937,3,18927,0.969343
17937,4,16428,0.969176
17937,5,29784,0.965503
17937,6,42380,0.962345
17937,7,18940,0.961099
17937,8,16899,0.960981
17937,9,7850,0.960971
17937,10,44887,0.960361
17939,1,42119,0.859840
17939,2,44906,0.858763
17939,3,18005,0.855871
17939,4,28143,0.855572
17939,5,44920,0.852606
17939,6,7029,0.843118
17939,7,32427,0.837004
17939,8,45488,0.832010
17939,9,19481,0.831299
17939,10,27625,0.829710
17942,1,16926,0.953631
17942,2,14077,0.949921
17942,3,14088,0.946713
17942,4,11737,0.946488
17942,5,10426,0.941746
17942,6,19595,0.940441
17942,7,17197,0.938459
17942,8,19162,0.935647
17942,9,16197,0.932212
17942,10,9859,0.929061
17951,1,17954,0.963911
17951,2,18901,0.959401
17951,3,3615,0.955503
17951,4,18904,0.953752
17951,5,36085,0.953461
17951,6,36083,0.951494
17951,7,17952,0.951330
17951,8,38127,0.951101
17951,9,22633,0.950912
17951,10,4450,0.950193
17967,1,11943,0.972651
17967,2,43298,0.972099
17967,3,15738,0.968264
17967,4,17495,0.967774
17967,5,35404,0.963993
17967,6,41878,0.963383
17967,7,17494,0.959265
17967,8,44716,0.957737
17967,9,43300,0.956900
17967,10,33639,0.956621
17972,1,5339,0.936274
17972,2,31216,0.933629
17972,3,4441,0.932481
17972,4,13195,0.928623
17972,5,15255,0.925771
17972,6,22114,0.924734
17972,7,11825,0.921576
17972,8,5934,0.919087
17972,9,13927,0.917974
17972,10,37254,0.909554
17978,1,22237,0.960093
17978,2,25404,0.953357
17978,3,22252,0.951769
17978,4,22239,0.948596
17978,5,3596,0.947644
17978,6,20892,0.944548
17978,7,3595,0.942198
17978,8,7048,0.940951
17978,9,11819,0.938477
17978,10,19771,0.938164
17994,1,15632,0.869439
17994,2,8762,0.861958
17994,3,18006,0.857698
17994,4,20373,0.856111
17994,5,4774,0.850749
17994,6,7178,0.849802
17994,7,3907,0.849005
17994,8,20372,0.848612
17994,9,18869,0.848199
17994,10,17995,0.847987
17996,1,17945,0.991625
17996,2,17947,0.990637
17996,3,17946,0.989474
17996,4,18000,0.988866
17996,5,13108,0.987071
17996,6,17997,0.987048
17996,7,17624,0.986575
17996,8,21381,0.986119
17996,9,17948,0.986107
17996,10,12538,0.985970
18011,1,17075,0.988598
18011,2,17064,0.988444
18011,3,18017,0.985448
18011,4,18009,0.983921
18011,5,37061,0.983247
18011,6,33482,0.982962
18011,7,18018,0.982940
18011,8,17073,0.982337
18011,9,33461,0.981949
18011,10,33467,0.980833
18016,1,15941,0.996119
18016,2,24621,0.996103
18016,3,51765,0.995646
18016,4,25747,0.995471
18016,5,42944,0.995092
18016,6,25749,0.994843
18016,7,21791,0.994162
18016,8,37446,0.994122
18016,9,18802,0.994119
18016,10,42942,0.994072
18019,1,24779,0.980937
18019,2,18015,0.979026
18019,3,18014,0.976882
18019,4,38487,0.975750
18019,5,48118,0.969544
18019,6,38413,0.968657
18019,7,25109,0.967376
18019,8,37066,0.964705
18019,9,37059,0.964443
18019,10,16992,0.963906
18121,1,18117,0.979310
18121,2,27963,0.956568
18121,3,28148,0.956398
18121,4,28151,0.948771
18121,5,27965,0.946332
18121,6,25378,0.945371
18121,7,19385,0.944272
18121,8,28149,0.943818
18121,9,50434,0.943409
18121,10,50555,0.942182
18145,1,47250,0.987479
18145,2,50507,0.987476
18145,3,47520,0.986772
18145,4,47262,0.986703
18145,5,47264,0.985206
18145,6,45637,0.985196
18145,7,45627,0.984811
18145,8,47263,0.984581
18145,9,47526,0.983573
18145,10,50535,0.983524
18179,1,24946,0.942575
18179,2,41757,0.930847
18179,3,31119,0.929719
18179,4,38286,0.928585
18179,5,41973,0.926545
18179,6,38332,0.924413
18179,7,41756,0.924328
18179,8,39010,0.923867
18179,9,8380,0.923563
18179,10,23624,0.923123
18199,1,15033,0.910052
18199,2,18725,0.895828
18199,3,18731,0.894286
18199,4,15048,0.892831
18199,5,14091,0.892077
18199,6,20225,0.891430
18199,7,12609,0.890536
18199,8,11433,0.887188
18199,9,18724,0.883355
18199,10,21466,0.882910
18213,1,44622,0.956122
18213,2,17533,0.952271
18213,3,18901,0.911003
18213,4,15539,0.906917
18213,5,22605,0.891257
18213,6,7732,0.886780
18213,7,49802,0.885565
18213,8,48536,0.884959
18213,9,18904,0.883200
18213,10,36083,0.883128
18227,1,8200,0.984691
18227,2,10884,0.983893
18227,3,8004,0.983853
18227,4,20315,0.983802
18227,5,18248,0.983265
18227,6,14533,0.982646
18227,7,16637,0.982144
18227,8,14530,0.981886
18227,9,13705,0.981796
18227,10,3196,0.980370
18235,1,5558,0.964059
18235,2,12468,0.963670
18235,3,19992,0.963321
18235,4,19627,0.962543
18235,5,40039,0.960917
18235,6,19581,0.959856
18235,7,2766,0.959031
18235,8,7641,0.959009
18235,9,13422,0.958247
18235,10,28997,0.958055
18237,1,8390,0.912718
18237,2,19407,0.884856
18237,3,32490,0.875895
18237,4,31797,0.875096
18237,5,7827,0.873822
18237,6,13433,0.871999
18237,7,14507,0.864317
18237,8,6112,0.861801
18237,9,19583,0.855202
18237,10,10373,0.854591
18268,1,18266,0.947924
18268,2,30836,0.934240
18268,3,28955,0.923796
18268,4,18260,0.923392
18268,5,12081,0.921366
18268,6,27090,0.921144
18268,7,23227,0.920083
18268,8,39179,0.919480
18268,9,39165,0.919096
18268,10,21903,0.918801
18277,1,40437,0.893878
18277,2,32221,0.893295
18277,3,45834,0.886520
18277,4,43665,0.884880
18277,5,12092,0.878177
18277,6,19101,0.876151
18277,7,40592,0.873901
18277,8,31423,0.873221
18277,9,39471,0.872961
18277,10,42541,0.868141
18302,1,42235,0.784977
18302,2,12066,0.768851
18302,3,32600,0.762866
18302,4,38843,0.751384
18302,5,12770,0.745032
18302,6,18274,0.730459
18302,7,7197,0.727832
18302,8,39471,0.725630
18302,9,11430,0.723165
18302,10,35041,0.714776
18304,1,31698,0.944289
18304,2,11549,0.938665
18304,3,11595,0.938394
18304,4,23229,0.937889
18304,5,27100,0.937547
18304,6,20098,0.937105
18304,7,43254,0.936241
18304,8,12087,0.936044
18304,9,11800,0.935676
18304,10,19092,0.935042
18326,1,16469,0.980311
18326,2,18913,0.978708
18326,3,20179,0.978600
18326,4,24840,0.977952
18326,5,20180,0.976506
18326,6,10433,0.976088
18326,7,20156,0.976002
18326,8,18321,0.975376
18326,9,24817,0.975094
18326,10,26419,0.974449
18355,1,30548,0.976497
18355,2,29200,0.968291
18355,3,17302,0.968207
18355,4,18345,0.966461
18355,5,29209,0.966105
18355,6,43558,0.966069
18355,7,18358,0.965937
18355,8,41851,0.965433
18355,9,18346,0.964340
18355,10,30547,0.963045
18375,1,50575,0.990614
18375,2,50468,0.989756
18375,3,50690,0.988835
18375,4,17860,0.988796
18375,5,32106,0.988450
18375,6,50694,0.988189
18375,7,18377,0.987940
18375,8,17859,0.987887
18375,9,50689,0.986683
18375,10,50712,0.986267
18394,1,28039,0.983833
18394,2,50523,0.979049
18394,3,27978,0.977509
18394,4,18385,0.975489
18394,5,18686,0.973831
18394,6,17864,0.972435
18394,7,17855,0.971352
18394,8,18683,0.970843
18394,9,27985,0.970496
18394,10,18386,0.970464
18403,1,14347,0.958965
18403,2,12972,0.956354
18403,3,25466,0.955711
18403,4,3305,0.955127
18403,5,31970,0.954726
18403,6,13970,0.954615
18403,7,24218,0.954497
18403,8,26605,0.953861
18403,9,46326,0.953843
18403,10,23937,0.953163
18411,1,40320,0.926830
18411,2,4553,0.891797
18411,3,15264,0.889376
18411,4,33112,0.865477
18411,5,46606,0.860089
18411,6,33764,0.855498
18411,7,32939,0.854532
18411,8,13362,0.852561
18411,9,35706,0.850777
18411,10,31975,0.847904
18439,1,21246,0.922185
18439,2,34465,0.920744
18439,3,37680,0.918275
18439,4,25881,0.917398
18439,5,25866,0.917099
18439,6,17985,0.917097
18439,7,7067,0.916410
18439,8,32865,0.915868
18439,9,15653,0.915725
18439,10,31607,0.915370
18442,1,18441,0.926843
18442,2,18451,0.923028
18442,3,27315,0.921899
18442,4,23599,0.921168
18442,5,43398,0.920146
18442,6,23590,0.918903
18442,7,18452,0.917908
18442,8,23589,0.917272
18442,9,23591,0.916985
18442,10,41905,0.915668
18449,1,18447,0.990815
18449,2,18446,0.958229
18449,3,46683,0.946452
18449,4,44103,0.942585
18449,5,26000,0.940477
18449,6,43094,0.930379
18449,7,26214,0.929767
18449,8,26187,0.928437
18449,9,45709,0.927428
18449,10,45712,0.927085
18450,1,18448,0.993127
18450,2,18445,0.987740
18450,3,44097,0.978317
18450,4,23552,0.973566
18450,5,46717,0.972764
18450,6,46761,0.971937
18450,7,18454,0.971883
18450,8,45708,0.968916
18450,9,44133,0.968821
18450,10,27329,0.968416
18455,1,25116,0.766196
18455,2,20849,0.765574
18455,3,16742,0.753557
18455,4,25137,0.751315
18455,5,33373,0.749059
18455,6,16754,0.748875
18455,7,25117,0.746476
18455,8,31919,0.746226
18455,9,32722,0.746004
18455,10,38682,0.745642
18470,1,18469,0.954273
18470,2,18467,0.950912
18470,3,46922,0.947037
18470,4,27322,0.946288
18470,5,44103,0.944871
18470,6,46779,0.944533
18470,7,46785,0.944244
18470,8,18463,0.941397
18470,9,44139,0.941239
18470,10,44032,0.940800
18478,1,13384,0.820720
18478,2,7261,0.808872
18478,3,3218,0.797033
18478,4,13901,0.793825
18478,5,6668,0.772474
18478,6,12431,0.769642
18478,7,14481,0.769259
18478,8,7777,0.768211
18478,9,4484,0.768181
18478,10,26638,0.767534
18487,1,51475,0.946215
18487,2,28811,0.945807
18487,3,11340,0.941750
18487,4,18193,0.941326
18487,5,42256,0.940680
18487,6,14130,0.940575
18487,7,18488,0.939821
18487,8,16519,0.939030
18487,9,23450,0.937636
18487,10,11334,0.937115
18499,1,14085,0.974473
18499,2,20218,0.971684
18499,3,14084,0.969329
18499,4,17199,0.969047
18499,5,13826,0.968641
18499,6,16001,0.968097
18499,7,16192,0.967811
18499,8,15209,0.966760
18499,9,13831,0.966409
18499,10,18627,0.966366
18501,1,16492,0.989760
18501,2,3850,0.988816
18501,3,5839,0.988701
18501,4,7948,0.988672
18501,5,19395,0.988546
18501,6,29040,0.988405
18501,7,6930,0.987743
18501,8,15195,0.987652
18501,9,10443,0.986595
18501,10,18989,0.986261
18508,1,30545,0.943013
18508,2,29108,0.930763
18508,3,40015,0.927046
18508,4,30539,0.923917
18508,5,8507,0.923510
18508,6,29119,0.923165
18508,7,33778,0.923108
18508,8,37888,0.921837
18508,9,37885,0.921600
18508,10,9377,0.920001
18540,1,17673,0.981592
18540,2,21042,0.976594
18540,3,27522,0.974803
18540,4,33514,0.972739
18540,5,18546,0.972568
18540,6,17662,0.972249
18540,7,17655,0.971448
18540,8,42740,0.971348
18540,9,51761,0.968693
18540,10,2874,0.968687
18541,1,18542,0.938200
18541,2,3228,0.910118
18541,3,22912,0.904005
18541,4,39595,0.900630
18541,5,43887,0.894931
18541,6,17684,0.894751
18541,7,43889,0.894602
18541,8,8991,0.893320
18541,9,47632,0.892879
18541,10,17660,0.891779
18543,1,33518,0.974830
18543,2,15493,0.972888
18543,3,20731,0.969785
18543,4,15497,0.969205
18543,5,15490,0.969002
18543,6,14444,0.968796
18543,7,33514,0.966165
18543,8,20730,0.964888
18543,9,17655,0.963645
18543,10,17672,0.961405
18575,1,26477,0.980148
18575,2,26484,0.978398
18575,3,34347,0.977223
18575,4,7669,0.976517
18575,5,10863,0.976200
18575,6,2781,0.975832
18575,7,26483,0.975747
18575,8,40264,0.975530
18575,9,20344,0.975440
18575,10,26472,0.974747
18594,1,12417,0.995573
18594,2,29085,0.994753
18594,3,14965,0.993760
18594,4,23684,0.992928
18594,5,18821,0.992482
18594,6,20863,0.991872
18594,7,21807,0.990231
18594,8,21806,0.989972
18594,9,14842,0.989833
18594,10,25744,0.989754
18605,1,37447,0.996671
18605,2,18834,0.995871
18605,3,37449,0.994717
18605,4,15217,0.994234
18605,5,14977,0.993472
18605,6,21782,0.993416
18605,7,25747,0.993224
18605,8,14972,0.993110
18605,9,18833,0.992965
18605,10,41247,0.992949
18636,1,19404,0.983236
18636,2,42175,0.981761
18636,3,12726,0.980119
18636,4,33954,0.979118
18636,5,5790,0.979114
18636,6,10486,0.978469
18636,7,18500,0.978424
18636,8,19553,0.978111
18636,9,6023,0.978062
18636,10,4418,0.977605
18638,1,10373,0.937785
18638,2,13468,0.934435
18638,3,6116,0.922582
18638,4,7827,0.921479
18638,5,32490,0.919613
18638,6,19392,0.918649
18638,7,6112,0.913027
18638,8,13433,0.912956
18638,9,8390,0.905752
18638,10,18637,0.904911
18651,1,16729,0.953802
18651,2,30247,0.950185
18651,3,43008,0.937490
18651,4,11943,0.934473
18651,5,41878,0.933263
18651,6,20840,0.932644
18651,7,15738,0.928823
18651,8,11965,0.928436
18651,9,34511,0.926714
18651,10,26678,0.924311
18658,1,17697,0.897662
18658,2,25472,0.897241
18658,3,13071,0.894086
18658,4,26526,0.889423
18658,5,3309,0.888367
18658,6,26652,0.888152
18658,7,13116,0.886740
18658,8,24258,0.886700
18658,9,15731,0.885844
18658,10,1916,0.885803
18673,1,12984,0.951789
18673,2,11815,0.950491
18673,3,13071,0.945412
18673,4,25489,0.940946
18673,5,5916,0.938686
18673,6,5705,0.935064
18673,7,17483,0.931724
18673,8,15243,0.929647
18673,9,4286,0.929154
18673,10,3309,0.926159
18697,1,27941,0.995344
18697,2,18702,0.994629
18697,3,17866,0.993913
18697,4,15803,0.993803
18697,5,28033,0.993599
18697,6,27992,0.993199
18697,7,27975,0.992901
18697,8,18393,0.992707
18697,9,28060,0.992619
18697,10,28134,0.992561
18698,1,50480,0.987252
18698,2,50628,0.986170
18698,3,50483,0.985873
18698,4,45644,0.984819
18698,5,50615,0.984769
18698,6,50609,0.984143
18698,7,50607,0.984051
18698,8,50608,0.983606
18698,9,15779,0.982891
18698,10,34608,0.982824
18701,1,31411,0.993173
18701,2,18393,0.992887
18701,3,27942,0.992806
18701,4,27981,0.992168
18701,5,17866,0.991385
18701,6,28128,0.991093
18701,7,27989,0.991008
18701,8,27992,0.990618
18701,9,18682,0.990433
18701,10,18683,0.990289
18711,1,25930,0.899729
18711,2,40432,0.896596
18711,3,37208,0.895508
18711,4,47658,0.893513
18711,5,39725,0.892553
18711,6,34494,0.891937
18711,7,13514,0.891747
18711,8,27231,0.891202
18711,9,18710,0.890073
18711,10,39731,0.887910
18729,1,19659,0.837706
18729,2,42208,0.832840
18729,3,21133,0.818902
18729,4,21143,0.816899
18729,5,21170,0.813721
18729,6,19988,0.812728
18729,7,19636,0.811041
18729,8,11364,0.808675
18729,9,15373,0.806702
18729,10,15590,0.805489
18757,1,19659,0.841557
18757,2,42208,0.833179
18757,3,32384,0.816682
18757,4,21143,0.798767
18757,5,20305,0.789055
18757,6,12768,0.779932
18757,7,43642,0.779239
18757,8,40416,0.774247
18757,9,13890,0.772432
18757,10,14324,0.768014
18765,1,30695,0.952893
18765,2,47624,0.939732
18765,3,44470,0.937684
18765,4,42693,0.936603
18765,5,47607,0.933847
18765,6,35358,0.932953
18765,7,8169,0.932929
18765,8,47545,0.932054
18765,9,32848,0.928220
18765,10,39869,0.927724
18773,1,18767,0.993061
18773,2,17780,0.992890
18773,3,17990,0.992353
18773,4,19228,0.991568
18773,5,19221,0.991394
18773,6,19218,0.991079
18773,7,49716,0.991018
18773,8,49750,0.990909
18773,9,18766,0.990336
18773,10,40234,0.990000
18778,1,18767,0.997734
18778,2,17990,0.995034
18778,3,19221,0.993244
18778,4,19228,0.992979
18778,5,18772,0.992762
18778,6,19230,0.992666
18778,7,18779,0.992642
18778,8,18775,0.992488
18778,9,18776,0.991875
18778,10,18774,0.991292
18783,1,18767,0.992115
18783,2,19228,0.989504
18783,3,19230,0.989317
18783,4,17990,0.988768
18783,5,11153,0.988550
18783,6,18775,0.988234
18783,7,19218,0.988045
18783,8,18774,0.987810
18783,9,17780,0.987506
18783,10,18777,0.987425
18797,1,25860,0.838360
18797,2,39930,0.820293
18797,3,39514,0.802207
18797,4,25858,0.793985
18797,5,22677,0.791650
18797,6,18440,0.787197
18797,7,25859,0.785413
18797,8,39524,0.784941
18797,9,29189,0.784681
18797,10,18430,0.779380
18801,1,21754,0.992380
18801,2,36015,0.992100
18801,3,21774,0.991462
18801,4,47161,0.991008
18801,5,36024,0.990672
18801,6,15217,0.990473
18801,7,24867,0.990310
18801,8,18830,0.989783
18801,9,18834,0.989564
18801,10,50832,0.989453
18822,1,15944,0.993379
18822,2,14843,0.992763
18822,3,14966,0.991508
18822,4,14845,0.991469
18822,5,18819,0.990954
18822,6,14840,0.990929
18822,7,19343,0.990306
18822,8,23689,0.989879
18822,9,19513,0.989574
18822,10,12419,0.989199
18841,1,18840,0.991969
18841,2,25748,0.989629
18841,3,42943,0.986072
18841,4,42957,0.985103
18841,5,14833,0.984312
18841,6,42952,0.984270
18841,7,17774,0.983977
18841,8,30154,0.983838
18841,9,25756,0.983144
18841,10,47161,0.982740
18855,1,22347,0.978611
18855,2,4418,0.978610
18855,3,5083,0.977387
18855,4,6614,0.976521
18855,5,36158,0.976231
18855,6,10851,0.975874
18855,7,23873,0.975408
18855,8,11991,0.975101
18855,9,17258,0.974913
18855,10,6991,0.974553
18856,1,7959,0.973514
18856,2,33950,0.972353
18856,3,13939,0.972167
18856,4,23873,0.972057
18856,5,4388,0.971265
18856,6,33941,0.970836
18856,7,7436,0.969761
18856,8,7003,0.969534
18856,9,13436,0.969315
18856,10,42097,0.969125
18857,1,18859,0.958204
18857,2,19483,0.936404
18857,3,15166,0.935816
18857,4,19401,0.933223
18857,5,22794,0.932154
18857,6,19482,0.927427
18857,7,10833,0.923685
18857,8,15165,0.923164
18857,9,7442,0.922565
18857,10,29598,0.921744
18877,1,38822,0.953953
18877,2,18879,0.949892
18877,3,18742,0.946584
18877,4,27878,0.943470
18877,5,37948,0.941123
18877,6,18788,0.939843
18877,7,37949,0.939797
18877,8,20136,0.939244
18877,9,20134,0.938863
18877,10,18756,0.936746
18898,1,18882,0.992817
18898,2,18763,0.991945
18898,3,18764,0.989537
18898,4,18888,0.988521
18898,5,18761,0.988086
18898,6,18759,0.986532
18898,7,18891,0.983557
18898,8,18889,0.980686
18898,9,23049,0.979462
18898,10,32396,0.977811
18905,1,6646,0.959001
18905,2,25415,0.958319
18905,3,6680,0.956966
18905,4,15310,0.955151
18905,5,26602,0.955118
18905,6,5536,0.954767
18905,7,35755,0.952689
18905,8,25584,0.952489
18905,9,15709,0.952445
18905,10,5240,0.952302
18912,1,18915,0.989951
18912,2,15970,0.987325
18912,3,16028,0.987182
18912,4,24697,0.987022
18912,5,13391,0.986989
18912,6,18317,0.986809
18912,7,14035,0.986632
18912,8,27529,0.986139
18912,9,13395,0.986111
18912,10,24283,0.985917
18917,1,9594,0.993671
18917,2,9596,0.992468
18917,3,13750,0.992464
18917,4,9268,0.991786
18917,5,11671,0.991282
18917,6,8183,0.991028
18917,7,16532,0.990980
18917,8,11691,0.990926
18917,9,11683,0.990760
18917,10,8729,0.990543
18930,1,31598,0.977379
18930,2,15192,0.975552
18930,3,19572,0.975464
18930,4,13101,0.974591
18930,5,15010,0.974393
18930,6,12928,0.974189
18930,7,16427,0.973911
18930,8,36158,0.973844
18930,9,17502,0.973810
18930,10,33287,0.973452
18937,1,7167,0.901510
18937,2,49168,0.901057
18937,3,12259,0.899480
18937,4,19690,0.898754
18937,5,12246,0.884386
18937,6,17511,0.883587
18937,7,12500,0.876672
18937,8,7175,0.876483
18937,9,8721,0.876131
18937,10,22471,0.875173
18939,1,11391,0.899582
18939,2,19160,0.898110
18939,3,11421,0.895203
18939,4,2680,0.894726
18939,5,3476,0.891835
18939,6,6110,0.889441
18939,7,30136,0.888456
18939,8,32459,0.888389
18939,9,48077,0.888301
18939,10,39062,0.887690
18956,1,36410,0.975941
18956,2,36401,0.975471
18956,3,49303,0.971856
18956,4,18588,0.970975
18956,5,51180,0.970681
18956,6,40238,0.970097
18956,7,24657,0.970076
18956,8,31988,0.969962
18956,9,36384,0.969827
18956,10,49289,0.969627
18966,1,24274,0.930289
18966,2,24273,0.930090
18966,3,14927,0.908324
18966,4,17255,0.906834
18966,5,1870,0.897602
18966,6,14925,0.890315
18966,7,19455,0.888018
18966,8,43490,0.887315
18966,9,26469,0.885607
18966,10,14920,0.885417
18978,1,19330,0.755492
18978,2,10777,0.752131
18978,3,8477,0.743567
18978,4,19004,0.742524
18978,5,30906,0.739307
18978,6,12807,0.738138
18978,7,19332,0.737780
18978,8,10017,0.736546
18978,9,19342,0.735712
18978,10,18961,0.734757
18981,1,23177,0.985741
18981,2,14098,0.985236
18981,3,18004,0.985096
18981,4,14917,0.985088
18981,5,28925,0.983592
18981,6,11770,0.983434
18981,7,14915,0.982522
18981,8,16287,0.982444
18981,9,7292,0.982426
18981,10,28932,0.982156
18985,1,41620,0.860224
18985,2,23202,0.859889
18985,3,23999,0.859074
18985,4,13877,0.858325
18985,5,16545,0.854362
18985,6,19191,0.854272
18985,7,16538,0.853173
18985,8,5983,0.852719
18985,9,6017,0.850800
18985,10,10356,0.850581
18993,1,10995,0.976059
18993,2,10859,0.974957
18993,3,18241,0.974614
18993,4,10880,0.974329
18993,5,18989,0.974147
18993,6,6716,0.973875
18993,7,6168,0.973762
18993,8,40029,0.973599
18993,9,18004,0.973476
18993,10,12655,0.973332
18999,1,15046,0.913752
18999,2,15620,0.897666
18999,3,13997,0.894770
18999,4,30611,0.879526
18999,5,15630,0.859053
18999,6,7769,0.856114
18999,7,24085,0.853684
18999,8,19535,0.852475
18999,9,15016,0.833085
18999,10,20202,0.831380
19008,1,19600,0.953848
19008,2,11097,0.946638
19008,3,16146,0.945996
19008,4,40421,0.944044
19008,5,7699,0.943450
19008,6,10510,0.941585
19008,7,19623,0.940248
19008,8,33212,0.939929
19008,9,16139,0.938116
19008,10,16145,0.937511
19009,1,11375,0.976693
19009,2,20131,0.973398
19009,3,32392,0.972532
19009,4,27869,0.967508
19009,5,32394,0.966410
19009,6,21138,0.966408
19009,7,18761,0.965967
19009,8,24735,0.965605
19009,9,19727,0.965254
19009,10,23049,0.964710
19021,1,45370,0.985331
19021,2,45358,0.985147
19021,3,39197,0.984236
19021,4,41713,0.983919
19021,5,39578,0.983539
19021,6,45375,0.983209
19021,7,45355,0.982889
19021,8,41706,0.982622
19021,9,41473,0.982431
19021,10,41703,0.982370
19028,1,9199,0.882873
19028,2,15267,0.875976
19028,3,22731,0.874148
19028,4,26452,0.861621
19028,5,6747,0.861103
19028,6,11976,0.860935
19028,7,9386,0.855083
19028,8,3497,0.848647
19028,9,5467,0.846887
19028,10,9383,0.846042
19032,1,23796,0.966935
19032,2,16997,0.961316
19032,3,34069,0.951187
19032,4,13045,0.947937
19032,5,49588,0.947421
19032,6,41467,0.946546
19032,7,19033,0.945243
19032,8,37972,0.944412
19032,9,42736,0.942714
19032,10,24075,0.942570
19034,1,22261,0.906104
19034,2,24083,0.870488
19034,3,45783,0.839211
19034,4,17490,0.838211
19034,5,44933,0.830376
19034,6,41880,0.828170
19034,7,13644,0.826269
19034,8,22537,0.825467
19034,9,5475,0.825178
19034,10,22295,0.825120
19040,1,45353,0.981770
19040,2,19039,0.980486
19040,3,14358,0.978277
19040,4,39189,0.976985
19040,5,20276,0.976917
19040,6,10298,0.976018
19040,7,41724,0.975546
19040,8,47594,0.975469
19040,9,47596,0.975027
19040,10,19037,0.974055
19041,1,14391,0.963959
19041,2,24070,0.961127
19041,3,19029,0.960312
19041,4,2887,0.935114
19041,5,17662,0.923487
19041,6,14437,0.922558
19041,7,33520,0.918489
19041,8,17657,0.911635
19041,9,15499,0.910617
19041,10,33519,0.902407
19042,1,24070,0.954296
19042,2,14391,0.940022
19042,3,19029,0.931543
19042,4,2887,0.904259
19042,5,44460,0.891614
19042,6,17664,0.885314
19042,7,15499,0.881268
19042,8,23795,0.879409
19042,9,24819,0.879327
19042,10,14437,0.876400
19049,1,32809,0.878964
19049,2,47570,0.868386
19049,3,42713,0.866571
19049,4,47569,0.866034
19049,5,10270,0.861424
19049,6,32812,0.851481
19049,7,21721,0.849241
19049,8,47567,0.848213
19049,9,19035,0.845477
19049,10,46819,0.843632
19089,1,19067,0.962063
19089,2,28717,0.956623
19089,3,11629,0.954575
19089,4,19065,0.954230
19089,5,19068,0.951967
19089,6,19079,0.951799
19089,7,12098,0.951764
19089,8,31318,0.951325
19089,9,22020,0.951137
19089,10,12101,0.951121
19102,1,24156,0.910363
19102,2,18299,0.906132
19102,3,21886,0.905957
19102,4,23216,0.903595
19102,5,39159,0.899939
19102,6,43269,0.898373
19102,7,28939,0.895610
19102,8,27295,0.894825
19102,9,22061,0.894746
19102,10,43266,0.891877
19109,1,37152,0.995064
19109,2,37151,0.929200
19109,3,37150,0.908141
19109,4,21364,0.895586
19109,5,19107,0.886731
19109,6,12619,0.879009
19109,7,29789,0.871157
19109,8,34401,0.862520
19109,9,2331,0.861300
19109,10,12055,0.861244
19125,1,19124,0.889848
19125,2,33645,0.886225
19125,3,49826,0.877273
19125,4,49829,0.875430
19125,5,45796,0.870571
19125,6,26676,0.870122
19125,7,34514,0.867409
19125,8,8077,0.865507
19125,9,49832,0.864943
19125,10,6743,0.864111
19138,1,46081,0.981910
19138,2,33660,0.980317
19138,3,17970,0.980138
19138,4,33659,0.980076
19138,5,23502,0.979686
19138,6,47175,0.979492
19138,7,19136,0.978603
19138,8,46094,0.977980
19138,9,6405,0.977334
19138,10,36687,0.977329
19159,1,19991,0.994399
19159,2,19994,0.990400
19159,3,19996,0.989797
19159,4,19995,0.989112
19159,5,7341,0.982267
19159,6,40107,0.980883
19159,7,26729,0.979649
19159,8,44844,0.979352
19159,9,40066,0.978391
19159,10,4363,0.978278
19170,1,16913,0.986106
19170,2,14098,0.983777
19170,3,3525,0.983317
19170,4,30323,0.983173
19170,5,27188,0.983069
19170,6,18990,0.982864
19170,7,10993,0.982374
19170,8,20250,0.982190
19170,9,29062,0.982116
19170,10,23159,0.981296
19177,1,13872,0.983689
19177,2,13874,0.983059
19177,3,22360,0.974675
19177,4,12177,0.972953
19177,5,29826,0.972474
19177,6,19469,0.971598
19177,7,20355,0.970865
19177,8,25006,0.969566
19177,9,22399,0.969183
19177,10,29642,0.969003
19192,1,13864,0.986126
19192,2,25540,0.985601
19192,3,8879,0.984999
19192,4,13464,0.984925
19192,5,12179,0.984530
19192,6,20017,0.984401
19192,7,18306,0.984133
19192,8,13398,0.983976
19192,9,14055,0.983878
19192,10,28786,0.983838
19194,1,26791,0.977286
19194,2,17546,0.977021
19194,3,22403,0.974404
19194,4,17535,0.974138
19194,5,26800,0.973078
19194,6,29384,0.972656
19194,7,27170,0.972502
19194,8,17553,0.971806
19194,9,22406,0.971347
19194,10,17575,0.970617
19195,1,13853,0.988808
19195,2,8751,0.988564
19195,3,11692,0.988105
19195,4,13401,0.987936
19195,5,8759,0.987053
19195,6,13736,0.986616
19195,7,11674,0.986522
19195,8,16484,0.986237
19195,9,11697,0.986189
19195,10,13463,0.986061
19212,1,25756,0.982839
19212,2,17774,0.981032
19212,3,38407,0.977369
19212,4,41016,0.976857
19212,5,35068,0.976213
19212,6,51254,0.973114
19212,7,24677,0.972627
19212,8,34806,0.971686
19212,9,36638,0.971341
19212,10,37231,0.971318
19219,1,18771,0.987835
19219,2,11158,0.982656
19219,3,49739,0.982139
19219,4,50314,0.981859
19219,5,49740,0.981469
19219,6,19229,0.981103
19219,7,19220,0.980901
19219,8,50305,0.980885
19219,9,36362,0.980747
19219,10,49684,0.980622
19225,1,17990,0.995810
19225,2,19221,0.995355
19225,3,19229,0.993914
19225,4,18767,0.993871
19225,5,19217,0.993653
19225,6,18776,0.993278
19225,7,19228,0.992793
19225,8,18779,0.992159
19225,9,18770,0.992131
19225,10,18772,0.991581
19227,1,18766,0.992336
19227,2,18768,0.991755
19227,3,19218,0.990907
19227,4,11158,0.988946
19227,5,19220,0.988936
19227,6,18771,0.988730
19227,7,19229,0.988404
19227,8,19221,0.987909
19227,9,18781,0.987652
19227,10,49694,0.987623
19234,1,35109,0.983194
19234,2,12417,0.980524
19234,3,34136,0.980374
19234,4,14839,0.979684
19234,5,21809,0.979589
19234,6,14906,0.979352
19234,7,21813,0.978515
19234,8,12416,0.978007
19234,9,14842,0.977455
19234,10,24617,0.977434
19268,1,19252,0.968748
19268,2,25605,0.967444
19268,3,36791,0.966609
19268,4,45160,0.965600
19268,5,43185,0.962980
19268,6,25645,0.962316
19268,7,33908,0.962278
19268,8,31839,0.961899
19268,9,41047,0.961760
19268,10,45920,0.961451
19295,1,10707,0.982696
19295,2,10705,0.976472
19295,3,11223,0.975433
19295,4,10105,0.970776
19295,5,49324,0.970572
19295,6,45210,0.970377
19295,7,10706,0.970329
19295,8,21701,0.970156
19295,9,26334,0.969904
19295,10,45897,0.969441
19312,1,38324,0.982718
19312,2,35203,0.981355
19312,3,38325,0.980409
19312,4,8512,0.979926
19312,5,39482,0.979331
19312,6,35189,0.979270
19312,7,25866,0.979187
19312,8,35187,0.978492
19312,9,7122,0.977978
19312,10,35198,0.977662
19314,1,5314,0.969978
19314,2,30196,0.968379
19314,3,4584,0.967451
19314,4,4609,0.967015
19314,5,19316,0.966771
19314,6,18438,0.966242
19314,7,32870,0.965370
19314,8,4681,0.964805
19314,9,7073,0.963800
19314,10,43565,0.963568
19319,1,29578,0.983490
19319,2,35187,0.983397
19319,3,43565,0.982663
19319,4,4584,0.982075
19319,5,35203,0.981240
19319,6,5220,0.980511
19319,7,38131,0.980136
19319,8,37692,0.979678
19319,9,43147,0.979636
19319,10,35198,0.979580
19334,1,28854,0.913283
19334,2,17232,0.905873
19334,3,42098,0.902767
19334,4,3012,0.902570
19334,5,2325,0.900051
19334,6,15171,0.893658
19334,7,1949,0.893208
19334,8,21588,0.889203
19334,9,37767,0.889001
19334,10,2038,0.888489
19365,1,19364,0.895159
19365,2,22173,0.886707
19365,3,22875,0.874098
19365,4,7367,0.873683
19365,5,20679,0.871337
19365,6,13988,0.871190
19365,7,20698,0.870904
19365,8,17057,0.870804
19365,9,8987,0.863076
19365,10,41836,0.860879
19390,1,12649,0.992552
19390,2,13504,0.989505
19390,3,3017,0.988724
19390,4,3861,0.988633
19390,5,29053,0.988604
19390,6,30340,0.987684
19390,7,31382,0.987456
19390,8,12632,0.987356
19390,9,30305,0.987227
19390,10,21399,0.986906
19403,1,29021,0.982593
19403,2,26279,0.978742
19403,3,17508,0.976569
19403,4,16626,0.976075
19403,5,13435,0.975944
19403,6,13951,0.975571
19403,7,19453,0.974617
19403,8,40099,0.974109
19403,9,10456,0.973414
19403,10,23973,0.973331
19431,1,42122,0.984618
19431,2,31287,0.983947
19431,3,13111,0.982882
19431,4,40095,0.981565
19431,5,18868,0.980975
19431,6,26240,0.979590
19431,7,32429,0.979492
19431,8,26465,0.979392
19431,9,14934,0.978947
19431,10,40082,0.978717
19433,1,18901,0.915106
19433,2,17533,0.905416
19433,3,17954,0.894585
19433,4,38127,0.893457
19433,5,18904,0.891251
19433,6,36083,0.887133
19433,7,3450,0.886163
19433,8,15539,0.883236
19433,9,22633,0.880572
19433,10,3615,0.879941
19504,1,43562,0.959485
19504,2,30548,0.959290
19504,3,51163,0.952230
19504,4,49250,0.950414
19504,5,18591,0.948990
19504,6,12402,0.946502
19504,7,51340,0.944711
19504,8,36376,0.944701
19504,9,19495,0.943127
19504,10,18346,0.942567
19507,1,38407,0.972711
19507,2,17774,0.972265
19507,3,25756,0.967741
19507,4,41016,0.967684
19507,5,51254,0.967203
19507,6,34806,0.965738
19507,7,36514,0.965402
19507,8,38419,0.964795
19507,9,25752,0.964018
19507,10,42943,0.963957
19530,1,11737,0.979658
19530,2,15003,0.962740
19530,3,10426,0.962192
19530,4,19519,0.961833
19530,5,19162,0.961746
19530,6,17201,0.960652
19530,7,13796,0.955514
19530,8,11738,0.954309
19530,9,14077,0.953827
19530,10,11171,0.952134
19542,1,19543,0.951054
19542,2,19544,0.950043
19542,3,19541,0.950000
19542,4,19442,0.947466
19542,5,19441,0.939346
19542,6,19545,0.906176
19542,7,18903,0.800041
19542,8,18726,0.503164
19542,9,18727,0.460829
19542,10,17514,0.458348
19607,1,19625,0.976782
19607,2,19666,0.920493
19607,3,19624,0.901826
19607,4,19602,0.899644
19607,5,13959,0.890487
19607,6,19617,0.883426
19607,7,19579,0.883312
19607,8,14120,0.879391
19607,9,21133,0.877634
19607,10,21115,0.877495
19615,1,8445,0.963642
19615,2,10510,0.960298
19615,3,2078,0.960256
19615,4,19603,0.959512
19615,5,11444,0.959301
19615,6,26360,0.957670
19615,7,8461,0.957532
19615,8,7144,0.957173
19615,9,24875,0.956681
19615,10,19613,0.956588
19628,1,19995,0.997844
19628,2,19994,0.996810
19628,3,19996,0.995608
19628,4,19991,0.988172
19628,5,40107,0.986312
19628,6,12572,0.983955
19628,7,7857,0.981465
19628,8,19993,0.981301
19628,9,7295,0.980920
19628,10,40066,0.980482
19638,1,19330,0.849989
19638,2,6878,0.841506
19638,3,18961,0.832197
19638,4,19342,0.830733
19638,5,19012,0.830565
19638,6,1610,0.830072
19638,7,13995,0.829935
19638,8,19331,0.828175
19638,9,20376,0.825955
19638,10,31317,0.825284
19653,1,20364,0.862415
19653,2,15030,0.854298
19653,3,20014,0.836510
19653,4,40387,0.835251
19653,5,11550,0.824942
19653,6,11617,0.818878
19653,7,43539,0.818497
19653,8,30909,0.812072
19653,9,12768,0.811761
19653,10,28773,0.811638
19668,1,24307,0.971634
19668,2,14109,0.970160
19668,3,14113,0.968536
19668,4,19817,0.967658
19668,5,20203,0.967269
19668,6,24606,0.967002
19668,7,16231,0.966340
19668,8,19171,0.966024
19668,9,19327,0.965662
19668,10,15041,0.965047
19670,1,26922,0.968295
19670,2,7208,0.963185
19670,3,26956,0.961965
19670,4,10408,0.961516
19670,5,13946,0.960718
19670,6,29145,0.960097
19670,7,41400,0.959733
19670,8,11427,0.958605
19670,9,26359,0.958570
19670,10,33166,0.958493
19714,1,10484,0.991711
19714,2,23188,0.990856
19714,3,22576,0.990410
19714,4,23957,0.990371
19714,5,26424,0.990315
19714,6,29823,0.990267
19714,7,9594,0.990125
19714,8,10476,0.989595
19714,9,12943,0.989518
19714,10,14037,0.989472
19716,1,12039,0.993281
19716,2,12267,0.990510
19716,3,27151,0.987806
19716,4,26376,0.987252
19716,5,9473,0.986940
19716,6,9069,0.986313
19716,7,9070,0.985602
19716,8,26091,0.985224
19716,9,12019,0.985070
19716,10,12028,0.985040
19719,1,11143,0.992554
19719,2,12258,0.991788
19719,3,20029,0.990139
19719,4,33239,0.990139
19719,5,22377,0.990033
19719,6,20028,0.989560
19719,7,9261,0.989196
19719,8,12234,0.989118
19719,9,12298,0.988873
19719,10,9067,0.988570
19749,1,27580,0.915217
19749,2,19750,0.911405
19749,3,11405,0.910907
19749,4,19753,0.906303
19749,5,19752,0.904961
19749,6,44852,0.901898
19749,7,23881,0.900171
19749,8,30320,0.895413
19749,9,34378,0.890605
19749,10,44900,0.890194
19763,1,5077,0.963040
19763,2,32371,0.951847
19763,3,21695,0.951582
19763,4,38004,0.951446
19763,5,5078,0.950123
19763,6,32374,0.949935
19763,7,10312,0.947903
19763,8,10738,0.946854
19763,9,11214,0.946722
19763,10,25659,0.945633
19766,1,19755,0.980587
19766,2,4665,0.967654
19766,3,19759,0.965187
19766,4,19765,0.964765
19766,5,19758,0.960047
19766,6,19769,0.958313
19766,7,22948,0.956390
19766,8,32372,0.955533
19766,9,4716,0.954207
19766,10,17443,0.953222
19773,1,14599,0.991667
19773,2,20037,0.990515
19773,3,20036,0.989606
19773,4,14876,0.989077
19773,5,16253,0.988634
19773,6,20040,0.988462
19773,7,20365,0.988197
19773,8,16252,0.985244
19773,9,14619,0.984349
19773,10,20038,0.983999
19783,1,34320,0.985110
19783,2,34388,0.982441
19783,3,36873,0.981762
19783,4,1877,0.981385
19783,5,12210,0.980783
19783,6,14068,0.980769
19783,7,34315,0.980541
19783,8,33070,0.980359
19783,9,34392,0.979667
19783,10,23963,0.979615
19784,1,44835,0.960460
19784,2,48067,0.955691
19784,3,3926,0.954369
19784,4,7855,0.954301
19784,5,7862,0.952945
19784,6,42584,0.952179
19784,7,38791,0.951338
19784,8,18617,0.950638
19784,9,24314,0.950423
19784,10,44892,0.949337
19809,1,21110,0.976982
19809,2,15177,0.974487
19809,3,16001,0.973210
19809,4,17199,0.972867
19809,5,20218,0.971030
19809,6,22348,0.970627
19809,7,14084,0.970443
19809,8,15701,0.970304
19809,9,23067,0.970284
19809,10,19822,0.970178
19814,1,7769,0.723856
19814,2,30611,0.700934
19814,3,13997,0.698445
19814,4,15046,0.696432
19814,5,19473,0.674604
19814,6,24085,0.671605
19814,7,19661,0.664468
19814,8,15620,0.662942
19814,9,14989,0.661044
19814,10,14988,0.659548
19815,1,14984,0.971367
19815,2,16280,0.965765
19815,3,24307,0.964656
19815,4,19818,0.963280
19815,5,19550,0.961947
19815,6,19145,0.961206
19815,7,14987,0.961175
19815,8,20203,0.960669
19815,9,22324,0.960556
19815,10,13833,0.958853
19843,1,19844,0.970514
19843,2,19848,0.970407
19843,3,19839,0.966111
19843,4,25007,0.965721
19843,5,17158,0.965200
19843,6,17166,0.965112
19843,7,29642,0.961026
19843,8,13942,0.957197
19843,9,17156,0.956555
19843,10,12320,0.956255
19851,1,17192,0.983440
19851,2,17188,0.980967
19851,3,19846,0.978160
19851,4,8819,0.977861
19851,5,17161,0.977650
19851,6,25533,0.977632
19851,7,8774,0.977320
19851,8,10421,0.977232
19851,9,17159,0.976976
19851,10,17157,0.976801
19860,1,1530,0.960060
19860,2,5559,0.952278
19860,3,24845,0.952095
19860,4,19857,0.951572
19860,5,19335,0.950575
19860,6,15466,0.949493
19860,7,17150,0.948926
19860,8,9771,0.947799
19860,9,15462,0.947297
19860,10,2031,0.946003
19883,1,19439,0.961032
19883,2,49238,0.953744
19883,3,49794,0.953496
19883,4,49807,0.948816
19883,5,41508,0.946946
19883,6,41533,0.945824
19883,7,49793,0.943701
19883,8,49798,0.942766
19883,9,38565,0.942527
19883,10,49241,0.942387
19886,1,18211,0.993072
19886,2,49246,0.991248
19886,3,40772,0.989844
19886,4,28610,0.988742
19886,5,49807,0.984681
19886,6,49790,0.984324
19886,7,49234,0.984083
19886,8,41535,0.983637
19886,9,49233,0.980082
19886,10,49793,0.979828
19889,1,25733,0.989588
19889,2,18813,0.988712
19889,3,21783,0.988364
19889,4,14982,0.988301
19889,5,18810,0.988047
19889,6,42949,0.986700
19889,7,50833,0.986377
19889,8,18833,0.986125
19889,9,42948,0.985968
19889,10,21778,0.985438
19891,1,21783,0.992776
19891,2,37439,0.992748
19891,3,18810,0.991804
19891,4,14978,0.991759
19891,5,41238,0.991708
19891,6,42949,0.991228
19891,7,42946,0.990951
19891,8,18603,0.990815
19891,9,42954,0.990708
19891,10,36884,0.990520
19892,1,41016,0.987663
19892,2,25748,0.985351
19892,3,18840,0.984647
19892,4,21804,0.984262
19892,5,42943,0.983837
19892,6,36890,0.983430
19892,7,42952,0.983014
19892,8,42957,0.982908
19892,9,35068,0.982618
19892,10,36885,0.981898
19897,1,23684,0.997159
19897,2,23688,0.994515
19897,3,18821,0.992568
19897,4,30161,0.991657
19897,5,25744,0.991611
19897,6,29085,0.990179
19897,7,12415,0.990133
19897,8,27787,0.989498
19897,9,50824,0.989456
19897,10,50820,0.989043
19906,1,25880,0.976097
19906,2,35216,0.973886
19906,3,38751,0.973035
19906,4,25866,0.972868
19906,5,6560,0.968416
19906,6,37697,0.968133
19906,7,37700,0.967839
19906,8,37672,0.967711
19906,9,35194,0.967609
19906,10,22969,0.967161
19912,1,5261,0.960867
19912,2,37701,0.952054
19912,3,5228,0.948472
19912,4,25866,0.948418
19912,5,19916,0.948312
19912,6,37675,0.946518
19912,7,19918,0.946489
19912,8,37690,0.946039
19912,9,7105,0.946034
19912,10,19907,0.945869
19928,1,14340,0.978330
19928,2,5630,0.970924
19928,3,40754,0.966967
19928,4,44190,0.963258
19928,5,51215,0.962602
19928,6,10622,0.962580
19928,7,44615,0.962320
19928,8,14341,0.961256
19928,9,40753,0.958485
19928,10,25450,0.958130
19934,1,19932,0.996996
19934,2,19933,0.996556
19934,3,19931,0.996451
19934,4,19935,0.994841
19934,5,19929,0.994658
19934,6,19930,0.993523
19934,7,25083,0.992557
19934,8,19937,0.992420
19934,9,17368,0.990493
19934,10,25055,0.990490
19939,1,44784,0.960731
19939,2,39675,0.959867
19939,3,25480,0.959720
19939,4,42141,0.958999
19939,5,32174,0.955805
19939,6,15229,0.954236
19939,7,36435,0.953788
19939,8,25453,0.953715
19939,9,26536,0.953139
19939,10,36431,0.950909
19947,1,19318,0.955311
19947,2,21264,0.939982
19947,3,21245,0.939439
19947,4,46623,0.939427
19947,5,18438,0.936061
19947,6,37693,0.933840
19947,7,17983,0.932247
19947,8,37685,0.931837
19947,9,4677,0.931833
19947,10,30538,0.931562
19958,1,13830,0.975777
19958,2,15185,0.975683
19958,3,15182,0.973631
19958,4,19960,0.973375
19958,5,15209,0.970743
19958,6,13786,0.970523
19958,7,20218,0.968830
19958,8,19515,0.968630
19958,9,13829,0.967394
19958,10,14082,0.967165
19965,1,19953,0.994586
19965,2,13094,0.986998
19965,3,19539,0.985960
19965,4,19528,0.985839
19965,5,19955,0.985789
19965,6,23952,0.985309
19965,7,20220,0.985009
19965,8,21110,0.984320
19965,9,16002,0.982792
19965,10,10568,0.982166
19967,1,20219,0.967201
19967,2,19560,0.953882
19967,3,19325,0.952224
19967,4,10371,0.951322
19967,5,46411,0.950947
19967,6,21373,0.950389
19967,7,19816,0.949740
19967,8,19324,0.949467
19967,9,23119,0.948881
19967,10,19145,0.948818
19974,1,44691,0.901110
19974,2,5110,0.885246
19974,3,10499,0.881570
19974,4,16139,0.875670
19974,5,17850,0.874035
19974,6,27851,0.863001
19974,7,7362,0.861145
19974,8,42399,0.860503
19974,9,7692,0.859467
19974,10,19600,0.854996
19975,1,4420,0.988762
19975,2,10834,0.987274
19975,3,33940,0.985877
19975,4,9310,0.985713
19975,5,12915,0.985569
19975,6,7792,0.985183
19975,7,31249,0.984904
19975,8,40036,0.984268
19975,9,27595,0.983807
19975,10,14685,0.983725
20003,1,3528,0.877715
20003,2,10041,0.873920
20003,3,9966,0.870237
20003,4,30590,0.867750
20003,5,4263,0.863883
20003,6,2280,0.862053
20003,7,24556,0.860535
20003,8,7515,0.859109
20003,9,10569,0.858620
20003,10,27428,0.855219
20010,1,26280,0.988225
20010,2,19158,0.987359
20010,3,18500,0.987042
20010,4,30313,0.985949
20010,5,7129,0.985927
20010,6,19423,0.985437
20010,7,31591,0.985236
20010,8,30294,0.982715
20010,9,20261,0.982644
20010,10,16436,0.982428
20021,1,15154,0.991669
20021,2,17752,0.991498
20021,3,15152,0.990549
20021,4,14051,0.989666
20021,5,15151,0.988686
20021,6,37141,0.988228
20021,7,18322,0.987487
20021,8,15992,0.987435
20021,9,14076,0.987138
20021,10,10431,0.987110
20025,1,19718,0.991238
20025,2,19700,0.989154
20025,3,28789,0.988858
20025,4,19717,0.987247
20025,5,13464,0.985728
20025,6,28786,0.985191
20025,7,20022,0.984869
20025,8,27563,0.984603
20025,9,25003,0.984357
20025,10,25531,0.984151
20035,1,24725,0.943744
20035,2,7522,0.917311
20035,3,7090,0.907578
20035,4,30186,0.905115
20035,5,32864,0.904677
20035,6,38138,0.903729
20035,7,37263,0.903715
20035,8,21193,0.902754
20035,9,33771,0.902405
20035,10,7077,0.901631
20064,1,20053,0.951689
20064,2,20055,0.948254
20064,3,20050,0.946682
20064,4,20051,0.946574
20064,5,20063,0.945568
20064,6,20054,0.939577
20064,7,23486,0.867941
20064,8,38308,0.569890
20064,9,7182,0.510304
20064,10,13262,0.506620
20072,1,12464,0.915745
20072,2,24870,0.855498
20072,3,23474,0.827753
20072,4,23481,0.816861
20072,5,23467,0.811783
20072,6,38309,0.806892
20072,7,23483,0.806405
20072,8,12465,0.798971
20072,9,12746,0.798690
20072,10,23477,0.797730
20073,1,28221,0.959759
20073,2,28232,0.950604
20073,3,26186,0.946164
20073,4,20074,0.944358
20073,5,44952,0.944036
20073,6,22558,0.943029
20073,7,45760,0.942428
20073,8,45773,0.942263
20073,9,45715,0.941885
20073,10,44956,0.941760
20081,1,15904,0.991001
20081,2,18699,0.990200
20081,3,32075,0.989623
20081,4,18392,0.989552
20081,5,50507,0.989476
20081,6,34607,0.989406
20081,7,19489,0.989366
20081,8,47254,0.989155
20081,9,43013,0.989040
20081,10,34609,0.988941
20104,1,22743,0.982875
20104,2,11591,0.980681
20104,3,22034,0.979903
20104,4,21901,0.979246
20104,5,19073,0.978410
20104,6,24383,0.978135
20104,7,24153,0.977850
20104,8,27277,0.977710
20104,9,21896,0.977343
20104,10,24400,0.976874
20109,1,30852,0.985960
20109,2,19075,0.985607
20109,3,15833,0.983773
20109,4,11789,0.983542
20109,5,11555,0.982956
20109,6,11535,0.981696
20109,7,28726,0.981215
20109,8,11538,0.981076
20109,9,19088,0.980567
20109,10,24355,0.980512
20115,1,27102,0.959112
20115,2,18270,0.946747
20115,3,42547,0.946708
20115,4,33746,0.946359
20115,5,30933,0.946295
20115,6,12081,0.944202
20115,7,47026,0.943220
20115,8,12772,0.942753
20115,9,24519,0.941894
20115,10,30889,0.941835
20118,1,19067,0.949257
20118,2,24406,0.945274
20118,3,11534,0.942900
20118,4,24368,0.942411
20118,5,25819,0.942286
20118,6,12068,0.941954
20118,7,12078,0.941404
20118,8,20323,0.941197
20118,9,19071,0.940947
20118,10,32238,0.939458
20132,1,20133,0.937427
20132,2,26956,0.934127
20132,3,19620,0.930676
20132,4,19593,0.924904
20132,5,13958,0.922791
20132,6,41400,0.921606
20132,7,19618,0.920983
20132,8,43621,0.920036
20132,9,9106,0.919578
20132,10,8432,0.918144
20135,1,13889,0.972925
20135,2,27857,0.966833
20135,3,27893,0.966761
20135,4,20124,0.965831
20135,5,20134,0.965330
20135,6,18887,0.964528
20135,7,27859,0.964490
20135,8,16604,0.964188
20135,9,35262,0.964153
20135,10,20138,0.964063
20139,1,27879,0.879720
20139,2,21168,0.878961
20139,3,42248,0.874627
20139,4,33971,0.873186
20139,5,19062,0.858849
20139,6,34476,0.857688
20139,7,6950,0.855105
20139,8,11016,0.854950
20139,9,43650,0.853947
20139,10,51438,0.846886
20144,1,20143,0.987953
20144,2,20167,0.987259
20144,3,36857,0.986931
20144,4,25531,0.985481
20144,5,12658,0.985356
20144,6,12662,0.985182
20144,7,29774,0.984720
20144,8,25532,0.984690
20144,9,25540,0.984601
20144,10,19700,0.984546
20152,1,20183,0.966062
20152,2,16392,0.965423
20152,3,16251,0.957449
20152,4,37145,0.956291
20152,5,8724,0.955543
20152,6,37754,0.954650
20152,7,13414,0.954621
20152,8,11473,0.954448
20152,9,51420,0.954273
20152,10,46362,0.954208
20164,1,13051,0.987342
20164,2,20161,0.987324
20164,3,5966,0.986766
20164,4,11089,0.986189
20164,5,16041,0.985882
20164,6,13764,0.985618
20164,7,8181,0.985356
20164,8,10811,0.985105
20164,9,5943,0.984707
20164,10,33549,0.984589
20174,1,33946,0.889674
20174,2,15985,0.886146
20174,3,12470,0.885002
20174,4,34219,0.884354
20174,5,21150,0.881634
20174,6,7167,0.881556
20174,7,19828,0.879717
20174,8,26273,0.879599
20174,9,11632,0.879256
20174,10,13929,0.878841
20188,1,20150,0.983521
20188,2,37753,0.982742
20188,3,12170,0.982531
20188,4,13868,0.982405
20188,5,20186,0.981474
20188,6,13752,0.981239
20188,7,16404,0.979941
20188,8,8735,0.979913
20188,9,16530,0.979631
20188,10,25536,0.979470
20200,1,16276,0.981960
20200,2,10371,0.979658
20200,3,20203,0.979222
20200,4,14112,0.978565
20200,5,16444,0.977790
20200,6,23137,0.977575
20200,7,19816,0.977201
20200,8,19145,0.977106
20200,9,20193,0.976318
20200,10,11530,0.975880
20204,1,19171,0.984953
20204,2,19816,0.983949
20204,3,20193,0.983428
20204,4,16276,0.982139
20204,5,20197,0.981445
20204,6,13833,0.981261
20204,7,19549,0.980679
20204,8,19325,0.980509
20204,9,10371,0.979694
20204,10,24307,0.979144
20215,1,14996,0.966968
20215,2,18311,0.965378
20215,3,14085,0.964685
20215,4,19518,0.962931
20215,5,15557,0.962876
20215,6,14090,0.962584
20215,7,20631,0.962419
20215,8,19519,0.960981
20215,9,23952,0.960407
20215,10,15003,0.959809
20216,1,19154,0.942212
20216,2,14077,0.927523
20216,3,9680,0.926289
20216,4,26228,0.926069
20216,5,13529,0.923910
20216,6,11737,0.919873
20216,7,14088,0.919634
20216,8,16926,0.917420
20216,9,14953,0.916091
20216,10,26292,0.913494
20230,1,20232,0.948102
20230,2,21466,0.941010
20230,3,20229,0.940724
20230,4,15048,0.939981
20230,5,20309,0.937051
20230,6,20224,0.935819
20230,7,20091,0.934951
20230,8,21134,0.933398
20230,9,43313,0.931508
20230,10,20227,0.931498
20236,1,3441,0.981401
20236,2,27354,0.972609
20236,3,5152,0.971347
20236,4,22221,0.970865
20236,5,26946,0.969581
20236,6,26949,0.969179
20236,7,24950,0.968945
20236,8,19006,0.968913
20236,9,19001,0.967282
20236,10,22216,0.966899
20255,1,14098,0.989907
20255,2,27188,0.986896
20255,3,11780,0.986848
20255,4,5196,0.986833
20255,5,28925,0.986782
20255,6,10412,0.986278
20255,7,29062,0.985931
20255,8,10993,0.985351
20255,9,30323,0.985290
20255,10,27370,0.985243
20311,1,31937,0.896634
20311,2,15092,0.896049
20311,3,43332,0.891508
20311,4,15093,0.890709
20311,5,46243,0.886374
20311,6,7212,0.883763
20311,7,33749,0.883401
20311,8,19007,0.883081
20311,9,7430,0.882505
20311,10,7138,0.879188
20317,1,10465,0.989587
20317,2,24016,0.988204
20317,3,16423,0.986653
20317,4,16218,0.986554
20317,5,10859,0.986470
20317,6,23159,0.985461
20317,7,23170,0.985281
20317,8,23163,0.985145
20317,9,16283,0.985084
20317,10,12655,0.985011
20326,1,7146,0.964034
20326,2,29145,0.961470
20326,3,43621,0.961320
20326,4,13958,0.958034
20326,5,13443,0.955289
20326,6,34580,0.954587
20326,7,12606,0.951062
20326,8,19623,0.950494
20326,9,19618,0.949062
20326,10,19644,0.948971
20342,1,7769,0.740425
20342,2,1757,0.739914
20342,3,23876,0.732257
20342,4,24287,0.728794
20342,5,23540,0.727698
20342,6,20341,0.726877
20342,7,13997,0.726228
20342,8,15600,0.726113
20342,9,24085,0.725220
20342,10,24089,0.724745
20346,1,48089,0.875061
20346,2,32381,0.853610
20346,3,19062,0.852591
20346,4,34001,0.843222
20346,5,29277,0.837411
20346,6,11376,0.835980
20346,7,27878,0.834325
20346,8,8456,0.832548
20346,9,8455,0.825782
20346,10,38822,0.825435
20354,1,20177,0.988516
20354,2,16034,0.985046
20354,3,25540,0.984899
20354,4,16052,0.984833
20354,5,15996,0.984429
20354,6,12668,0.984352
20354,7,19701,0.984083
20354,8,20143,0.983949
20354,9,27563,0.983740
20354,10,8163,0.983681
20358,1,20220,0.990635
20358,2,23071,0.990291
20358,3,14082,0.990148
20358,4,19999,0.989990
20358,5,12916,0.987322
20358,6,19534,0.986455
20358,7,19953,0.985788
20358,8,16925,0.985353
20358,9,19515,0.985165
20358,10,14096,0.983543
20399,1,20508,0.975046
20399,2,27694,0.966897
20399,3,33423,0.965608
20399,4,27682,0.965436
20399,5,16768,0.964449
20399,6,47372,0.963884
20399,7,25278,0.963766
20399,8,10322,0.963754
20399,9,21946,0.963508
20399,10,49564,0.963501
20410,1,20504,0.909520
20410,2,51915,0.906804
20410,3,38453,0.906574
20410,4,33453,0.905093
20410,5,25720,0.904736
20410,6,25197,0.902984
20410,7,17133,0.902172
20410,8,25270,0.900312
20410,9,16763,0.900233
20410,10,14798,0.899685
20423,1,20408,0.984049
20423,2,37047,0.983470
20423,3,33476,0.982909
20423,4,17074,0.981927
20423,5,25100,0.978512
20423,6,20552,0.978413
20423,7,33729,0.978122
20423,8,20542,0.977038
20423,9,42908,0.975357
20423,10,48121,0.974917
20427,1,20496,0.984589
20427,2,17084,0.983115
20427,3,17083,0.982193
20427,4,17087,0.982167
20427,5,20861,0.981169
20427,6,20584,0.980760
20427,7,20411,0.980552
20427,8,18026,0.980523
20427,9,20626,0.980380
20427,10,17078,0.979855
20452,1,37414,0.988138
20452,2,27736,0.983862
20452,3,27682,0.982635
20452,4,21498,0.981875
20452,5,47335,0.980731
20452,6,17130,0.979827
20452,7,20613,0.978781
20452,8,25184,0.978763
20452,9,25248,0.978107
20452,10,27737,0.977879
20458,1,33429,0.952389
20458,2,14794,0.948064
20458,3,20527,0.947297
20458,4,38692,0.945237
20458,5,27672,0.942737
20458,6,14883,0.941746
20458,7,47411,0.941487
20458,8,38441,0.941417
20458,9,20459,0.941369
20458,10,10246,0.940591
20507,1,21946,0.974471
20507,2,20387,0.974185
20507,3,37068,0.973882
20507,4,25294,0.973396
20507,5,37069,0.972774
20507,6,37071,0.972312
20507,7,10231,0.971549
20507,8,37081,0.969299
20507,9,33633,0.969215
20507,10,25293,0.969105
20529,1,20556,0.984396
20529,2,20579,0.969169
20529,3,20578,0.967652
20529,4,37087,0.964223
20529,5,20555,0.964022
20529,6,47321,0.963551
20529,7,37085,0.963009
20529,8,47385,0.960404
20529,9,47357,0.959820
20529,10,37086,0.959752
20530,1,25307,0.884002
20530,2,47332,0.874083
20530,3,38476,0.873631
20530,4,20595,0.872383
20530,5,48152,0.872341
20530,6,14852,0.871410
20530,7,25304,0.869627
20530,8,47405,0.867265
20530,9,33388,0.864623
20530,10,14897,0.862706
20563,1,14854,0.966753
20563,2,20502,0.966655
20563,3,23691,0.965637
20563,4,20565,0.965006
20563,5,20455,0.964561
20563,6,20495,0.964512
20563,7,20510,0.964505
20563,8,17080,0.964454
20563,9,20534,0.964314
20563,10,14853,0.963783
20567,1,20610,0.977424
20567,2,20854,0.966969
20567,3,49518,0.965532
20567,4,10248,0.964424
20567,5,10203,0.962319
20567,6,47418,0.962006
20567,7,20421,0.961690
20567,8,46978,0.961467
20567,9,21496,0.960953
20567,10,47390,0.959746
20568,1,21977,0.955254
20568,2,17138,0.951324
20568,3,48186,0.949979
20568,4,46979,0.949027
20568,5,25204,0.947817
20568,6,27693,0.947635
20568,7,47390,0.947430
20568,8,26441,0.946968
20568,9,26432,0.946884
20568,10,17127,0.946618
20571,1,47380,0.934467
20571,2,20623,0.931369
20571,3,38692,0.930736
20571,4,33454,0.928589
20571,5,51934,0.928567
20571,6,33426,0.926556
20571,7,47136,0.925277
20571,8,34559,0.924380
20571,9,42854,0.923713
20571,10,36507,0.923440
20573,1,18014,0.982623
20573,2,25729,0.978015
20573,3,20546,0.973664
20573,4,38487,0.972669
20573,5,38407,0.971816
20573,6,14589,0.971673
20573,7,25756,0.970259
20573,8,24779,0.969097
20573,9,18015,0.966772
20573,10,38413,0.965353
20602,1,33444,0.956234
20602,2,47305,0.951627
20602,3,38441,0.950301
20602,4,20527,0.950057
20602,5,38692,0.949617
20602,6,42859,0.948841
20602,7,14808,0.947439
20602,8,27675,0.947112
20602,9,33454,0.947101
20602,10,46975,0.946928
20619,1,14794,0.942307
20619,2,20854,0.942273
20619,3,46971,0.942259
20619,4,42860,0.941270
20619,5,47418,0.940663
20619,6,8253,0.939707
20619,7,47411,0.938483
20619,8,47342,0.936853
20619,9,27672,0.936671
20619,10,33423,0.936524
20627,1,20426,0.990770
20627,2,20628,0.986790
20627,3,20626,0.985363
20627,4,17099,0.983411
20627,5,20477,0.981817
20627,6,14856,0.980729
20627,7,17087,0.977341
20627,8,20496,0.976196
20627,9,34730,0.975522
20627,10,20861,0.974483
20667,1,13939,0.970133
20667,2,7003,0.967833
20667,3,6984,0.964300
20667,4,5863,0.963865
20667,5,13420,0.963720
20667,6,3774,0.962934
20667,7,7823,0.962384
20667,8,16296,0.962191
20667,9,7634,0.962060
20667,10,29598,0.961744
20669,1,44845,0.959831
20669,2,11728,0.959277
20669,3,16425,0.954981
20669,4,21367,0.954657
20669,5,2349,0.954574
20669,6,29784,0.953110
20669,7,19979,0.952700
20669,8,44844,0.948767
20669,9,40680,0.948712
20669,10,40065,0.947548
20690,1,18871,0.991295
20690,2,17819,0.990924
20690,3,35488,0.990021
20690,4,20872,0.989230
20690,5,9042,0.987694
20690,6,12512,0.987469
20690,7,9044,0.987275
20690,8,7397,0.987269
20690,9,9041,0.987242
20690,10,11898,0.986935
20716,1,7397,0.993350
20716,2,20836,0.992053
20716,3,44418,0.991805
20716,4,7392,0.991549
20716,5,11890,0.990643
20716,6,45617,0.990518
20716,7,7331,0.990014
20716,8,9703,0.989618
20716,9,9702,0.989617
20716,10,13125,0.989461
20764,1,39584,0.984150
20764,2,19046,0.982708
20764,3,39620,0.980992
20764,4,13028,0.980297
20764,5,33135,0.980153
20764,6,46612,0.979147
20764,7,41688,0.979013
20764,8,20907,0.978799
20764,9,13026,0.978046
20764,10,17685,0.976650
20766,1,20767,0.937278
20766,2,49588,0.927900
20766,3,22257,0.923539
20766,4,22276,0.920934
20766,5,50167,0.918075
20766,6,41740,0.917452
20766,7,50168,0.914694
20766,8,13014,0.910392
20766,9,45420,0.909784
20766,10,42736,0.905510
20775,1,13014,0.956120
20775,2,22257,0.955381
20775,3,49623,0.950766
20775,4,42801,0.947865
20775,5,47566,0.947278
20775,6,36614,0.946927
20775,7,42730,0.946816
20775,8,41727,0.946782
20775,9,47618,0.945613
20775,10,47609,0.943519
20783,1,45338,0.984097
20783,2,47554,0.983694
20783,3,20752,0.983085
20783,4,41473,0.982734
20783,5,41683,0.982054
20783,6,49579,0.981517
20783,7,50159,0.980917
20783,8,36616,0.980872
20783,9,39578,0.980763
20783,10,41671,0.979781
20787,1,20218,0.986735
20787,2,16004,0.984981
20787,3,14084,0.983623
20787,4,16724,0.983328
20787,5,16001,0.982785
20787,6,13826,0.982468
20787,7,16194,0.980148
20787,8,20220,0.979503
20787,9,20217,0.979151
20787,10,16219,0.979131
20788,1,20218,0.974720
20788,2,13831,0.974038
20788,3,14084,0.973951
20788,4,16194,0.973943
20788,5,16691,0.973263
20788,6,13829,0.970115
20788,7,16192,0.969610
20788,8,15209,0.969234
20788,9,16004,0.969013
20788,10,15182,0.968958
20792,1,12246,0.805778
20792,2,25539,0.798812
20792,3,7167,0.796989
20792,4,29280,0.796266
20792,5,16815,0.786789
20792,6,49168,0.783916
20792,7,8738,0.782707
20792,8,15583,0.782456
20792,9,19690,0.781855
20792,10,24525,0.781844
20799,1,3496,0.914578
20799,2,3303,0.908816
20799,3,22729,0.908487
20799,4,7576,0.908397
20799,5,15408,0.906675
20799,6,19862,0.906269
20799,7,23938,0.902598
20799,8,26609,0.900990
20799,9,17977,0.900421
20799,10,22111,0.899240
20807,1,20874,0.962576
20807,2,4159,0.962062
20807,3,20875,0.960933
20807,4,25458,0.959851
20807,5,3302,0.959670
20807,6,7753,0.957186
20807,7,7601,0.953777
20807,8,46799,0.953326
20807,9,18419,0.952641
20807,10,1832,0.950989
20813,1,7403,0.997381
20813,2,35680,0.971683
20813,3,40971,0.971672
20813,4,22165,0.969738
20813,5,39301,0.967353
20813,6,17766,0.967061
20813,7,20711,0.966045
20813,8,44817,0.965151
20813,9,40457,0.963185
20813,10,22184,0.962731
20823,1,21071,0.988002
20823,2,21099,0.984893
20823,3,6502,0.984497
20823,4,44418,0.983609
20823,5,47199,0.983270
20823,6,7400,0.982922
20823,7,35233,0.982883
20823,8,39209,0.982744
20823,9,22156,0.982144
20823,10,22140,0.981947
20830,1,39513,0.921223
20830,2,33228,0.892002
20830,3,33229,0.879273
20830,4,25861,0.878410
20830,5,39526,0.873073
20830,6,18431,0.872532
20830,7,39935,0.867758
20830,8,39525,0.867401
20830,9,18795,0.866663
20830,10,16075,0.865302
20833,1,18874,0.993967
20833,2,16180,0.993887
20833,3,22148,0.993685
20833,4,19370,0.993396
20833,5,22124,0.992936
20833,6,15058,0.992551
20833,7,16166,0.992451
20833,8,16155,0.992044
20833,9,16159,0.991968
20833,10,18873,0.991875
20843,1,22111,0.945204
20843,2,12954,0.944549
20843,3,29123,0.939246
20843,4,13679,0.937215
20843,5,15305,0.932720
20843,6,25571,0.932074
20843,7,9323,0.930594
20843,8,22711,0.928479
20843,9,6673,0.928267
20843,10,15398,0.927854
20868,1,5934,0.943780
20868,2,5922,0.937565
20868,3,26641,0.930905
20868,4,22114,0.930499
20868,5,4441,0.924958
20868,6,31216,0.917137
20868,7,4113,0.913284
20868,8,37254,0.910226
20868,9,15728,0.906641
20868,10,25443,0.902725
20879,1,20860,0.985630
20879,2,51735,0.973314
20879,3,48232,0.973054
20879,4,51736,0.972385
20879,5,38180,0.972037
20879,6,8694,0.971835
20879,7,50235,0.971259
20879,8,16880,0.970078
20879,9,28284,0.969972
20879,10,38162,0.969662
20899,1,2897,0.978409
20899,2,2628,0.971193
20899,3,46595,0.970964
20899,4,19025,0.970777
20899,5,17677,0.969443
20899,6,2912,0.969356
20899,7,2903,0.969121
20899,8,45365,0.968637
20899,9,35783,0.968442
20899,10,35814,0.967734
20904,1,45358,0.989536
20904,2,49579,0.984639
20904,3,41683,0.983910
20904,4,41687,0.983840
20904,5,41702,0.983764
20904,6,19026,0.982939
20904,7,41705,0.982898
20904,8,45337,0.982685
20904,9,39578,0.982154
20904,10,45370,0.981843
20909,1,39619,0.985468
20909,2,49602,0.985130
20909,3,39620,0.982842
20909,4,13028,0.982083
20909,5,33135,0.980955
20909,6,20907,0.980775
20909,7,49590,0.979732
20909,8,19046,0.979523
20909,9,19052,0.979346
20909,10,36614,0.978231
20913,1,20910,0.979241
20913,2,31338,0.967246
20913,3,28811,0.966892
20913,4,18193,0.966739
20913,5,9169,0.961112
20913,6,31340,0.960885
20913,7,16504,0.960057
20913,8,31335,0.959359
20913,9,20918,0.958983
20913,10,11281,0.957096
20921,1,26465,0.991309
20921,2,24311,0.986600
20921,3,13112,0.985151
20921,4,32429,0.983994
20921,5,13110,0.982937
20921,6,14934,0.982848
20921,7,7688,0.982282
20921,8,42122,0.981929
20921,9,42119,0.981748
20921,10,28497,0.981453
20951,1,15393,0.972448
20951,2,20950,0.953179
20951,3,23097,0.946034
20951,4,19127,0.941160
20951,5,39955,0.938079
20951,6,21186,0.936910
20951,7,33661,0.936895
20951,8,34513,0.935961
20951,9,12981,0.934851
20951,10,16112,0.934838
20953,1,20940,0.962489
20953,2,20944,0.928136
20953,3,6442,0.927553
20953,4,16248,0.919212
20953,5,49814,0.916713
20953,6,20943,0.907467
20953,7,35578,0.905159
20953,8,8245,0.902447
20953,9,44190,0.902201
20953,10,6443,0.898901
20972,1,20969,0.985564
20972,2,25734,0.979986
20972,3,25733,0.979916
20972,4,21804,0.979908
20972,5,25721,0.979818
20972,6,48541,0.979757
20972,7,48552,0.978995
20972,8,21783,0.978576
20972,9,34800,0.978464
20972,10,18805,0.977294
20988,1,20980,0.934002
20988,2,36885,0.931386
20988,3,14589,0.930866
20988,4,41016,0.929471
20988,5,25729,0.929434
20988,6,19894,0.928582
20988,7,36514,0.924344
20988,8,18014,0.923975
20988,9,25110,0.923299
20988,10,24677,0.922140
21024,1,22390,0.993131
21024,2,19202,0.992283
21024,3,12024,0.990920
21024,4,11459,0.990379
21024,5,18646,0.989519
21024,6,12004,0.989278
21024,7,9260,0.989137
21024,8,20030,0.988545
21024,9,22898,0.988477
21024,10,17554,0.988430
21055,1,44512,0.978530
21055,2,39822,0.976576
21055,3,21087,0.971079
21055,4,44525,0.970910
21055,5,34521,0.970087
21055,6,44545,0.969955
21055,7,28328,0.969809
21055,8,39821,0.968761
21055,9,44563,0.967418
21055,10,23296,0.966195
21056,1,39815,0.988907
21056,2,44560,0.986580
21056,3,34521,0.985758
21056,4,50728,0.982401
21056,5,28320,0.981951
21056,6,34527,0.981941
21056,7,47174,0.981494
21056,8,39821,0.981468
21056,9,45581,0.981450
21056,10,28321,0.981328
21118,1,13851,0.990744
21118,2,10790,0.990618
21118,3,13397,0.990559
21118,4,20172,0.989871
21118,5,14040,0.989436
21118,6,12948,0.989069
21118,7,13412,0.989050
21118,8,7156,0.988604
21118,9,8740,0.988313
21118,10,18319,0.988208
21125,1,11754,0.975459
21125,2,8472,0.968980
21125,3,41384,0.968343
21125,4,27869,0.967795
21125,5,26369,0.967376
21125,6,26957,0.966783
21125,7,33964,0.966755
21125,8,25523,0.965020
21125,9,7140,0.964981
21125,10,9157,0.964887
21142,1,11480,0.916636
21142,2,11358,0.907875
21142,3,21169,0.904541
21142,4,11471,0.903391
21142,5,11364,0.902438
21142,6,22453,0.899994
21142,7,19667,0.898052
21142,8,11756,0.897636
21142,9,11427,0.896007
21142,10,40390,0.893089
21146,1,41400,0.968507
21146,2,9333,0.965216
21146,3,5846,0.957803
21146,4,32593,0.956915
21146,5,9106,0.956404
21146,6,9156,0.956184
21146,7,8432,0.955346
21146,8,7208,0.954491
21146,9,33166,0.953089
21146,10,26902,0.952352
21180,1,23867,0.961492
21180,2,19874,0.959670
21180,3,35666,0.959567
21180,4,24102,0.959200
21180,5,16738,0.956818
21180,6,16730,0.956580
21180,7,21178,0.956174
21180,8,5635,0.956147
21180,9,19875,0.954829
21180,10,24178,0.954764
21260,1,37689,0.979662
21260,2,34465,0.979446
21260,3,5220,0.979202
21260,4,38140,0.978058
21260,5,32869,0.977770
21260,6,7108,0.977664
21260,7,37695,0.977539
21260,8,29578,0.977366
21260,9,37698,0.977203
21260,10,22969,0.976896
21274,1,28156,0.921536
21274,2,8641,0.920518
21274,3,48224,0.915453
21274,4,23731,0.912464
21274,5,21278,0.904155
21274,6,21276,0.891142
21274,7,8687,0.890476
21274,8,51704,0.886664
21274,9,8685,0.884882
21274,10,51715,0.884609
21280,1,23738,0.987307
21280,2,21300,0.986482
21280,3,48219,0.983104
21280,4,50235,0.982574
21280,5,38159,0.981759
21280,6,21307,0.981310
21280,7,28279,0.981094
21280,8,49677,0.980001
21280,9,28284,0.979879
21280,10,8694,0.979624
21292,1,38207,0.979260
21292,2,38184,0.978087
21292,3,38209,0.977741
21292,4,38208,0.977479
21292,5,21286,0.974350
21292,6,21287,0.973154
21292,7,16959,0.971210
21292,8,17209,0.970028
21292,9,48235,0.969546
21292,10,38186,0.969262
21314,1,21316,0.990162
21314,2,51730,0.989429
21314,3,50232,0.988072
21314,4,29126,0.987414
21314,5,50204,0.987178
21314,6,21311,0.987157
21314,7,38187,0.986764
21314,8,29884,0.986416
21314,9,51734,0.986375
21314,10,21353,0.986103
21323,1,49678,0.834347
21323,2,8640,0.827330
21323,3,28281,0.809738
21323,4,8680,0.807197
21323,5,50201,0.800682
21323,6,21293,0.799575
21323,7,51735,0.793014
21323,8,29137,0.791519
21323,9,16081,0.790040
21323,10,17312,0.788992
21340,1,21339,0.988455
21340,2,29960,0.981535
21340,3,29955,0.977664
21340,4,51684,0.973319
21340,5,29956,0.971438
21340,6,28415,0.970182
21340,7,28416,0.967589
21340,8,21328,0.967506
21340,9,28210,0.963966
21340,10,29862,0.963298
21436,1,25884,0.936132
21436,2,18332,0.932171
21436,3,39490,0.929216
21436,4,44279,0.924641
21436,5,4589,0.914565
21436,6,1525,0.909565
21436,7,21189,0.907436
21436,8,7111,0.906784
21436,9,29100,0.902541
21436,10,24325,0.900292
21470,1,49829,0.954118
21470,2,20944,0.953342
21470,3,35578,0.949398
21470,4,49828,0.948072
21470,5,42986,0.947890
21470,6,44201,0.947313
21470,7,44195,0.946934
21470,8,44725,0.946459
21470,9,6442,0.946280
21470,10,49814,0.943134
21483,1,10738,0.939731
21483,2,47992,0.915607
21483,3,19250,0.911554
21483,4,5075,0.910144
21483,5,49849,0.908685
21483,6,5071,0.907157
21483,7,26339,0.906018
21483,8,45136,0.905155
21483,9,25628,0.902150
21483,10,11214,0.902082
21506,1,39549,0.971814
21506,2,27738,0.971811
21506,3,27733,0.971425
21506,4,38441,0.971224
21506,5,14812,0.970100
21506,6,42840,0.969143
21506,7,38756,0.968978
21506,8,27674,0.968948
21506,9,25173,0.968893
21506,10,25168,0.967849
21520,1,14804,0.973907
21520,2,28448,0.971938
21520,3,50188,0.961404
21520,4,49544,0.960712
21520,5,50186,0.960614
21520,6,21950,0.960542
21520,7,24622,0.959662
21520,8,37005,0.959477
21520,9,42839,0.959121
21520,10,10248,0.959114
21526,1,14794,0.969002
21526,2,16768,0.968739
21526,3,50237,0.966970
21526,4,10322,0.966887
21526,5,27672,0.966796
21526,6,14882,0.966707
21526,7,17138,0.965564
21526,8,20599,0.965544
21526,9,25203,0.965521
21526,10,14817,0.965491
21528,1,10205,0.975096
21528,2,25284,0.971854
21528,3,10214,0.971341
21528,4,21963,0.970655
21528,5,25205,0.969365
21528,6,24766,0.969162
21528,7,27732,0.968589
21528,8,21936,0.967099
21528,9,20854,0.966182
21528,10,25247,0.965143
21544,1,29727,0.984050
21544,2,29730,0.982752
21544,3,20512,0.982537
21544,4,25241,0.982261
21544,5,29738,0.981542
21544,6,27711,0.980190
21544,7,21549,0.978907
21544,8,21534,0.978734
21544,9,14880,0.978230
21544,10,29729,0.978212
21551,1,21550,0.983270
21551,2,21555,0.980804
21551,3,21546,0.974341
21551,4,29728,0.973536
21551,5,21953,0.970740
21551,6,21552,0.969826
21551,7,21557,0.967692
21551,8,21536,0.967466
21551,9,21538,0.967258
21551,10,20420,0.966510
21559,1,29730,0.985515
21559,2,29738,0.983738
21559,3,29727,0.982651
21559,4,21549,0.980623
21559,5,25241,0.980344
21559,6,20512,0.980165
21559,7,29729,0.980139
21559,8,29726,0.979544
21559,9,22011,0.976874
21559,10,21957,0.975432
21566,1,41439,0.968362
21566,2,9213,0.967748
21566,3,24253,0.961042
21566,4,25416,0.956500
21566,5,24699,0.955481
21566,6,44405,0.953940
21566,7,5579,0.952714
21566,8,26585,0.952297
21566,9,7987,0.951672
21566,10,23913,0.950205
21586,1,23453,0.984788
21586,2,23457,0.981881
21586,3,21587,0.981678
21586,4,15561,0.978188
21586,5,16919,0.977695
21586,6,21584,0.977509
21586,7,14129,0.977308
21586,8,46344,0.977267
21586,9,20351,0.977125
21586,10,16918,0.976723
21592,1,13111,0.971719
21592,2,26312,0.971653
21592,3,24614,0.970830
21592,4,18868,0.970715
21592,5,14320,0.970697
21592,6,24311,0.970655
21592,7,24309,0.970392
21592,8,13110,0.969933
21592,9,26240,0.969498
21592,10,26310,0.969367
21602,1,20233,0.987272
21602,2,21464,0.985119
21602,3,23047,0.980612
21602,4,20232,0.978528
21602,5,18959,0.978061
21602,6,17514,0.976084
21602,7,15032,0.975675
21602,8,43314,0.974955
21602,9,20231,0.974645
21602,10,15036,0.974291
21622,1,21660,0.992721
21622,2,21621,0.991394
21622,3,30463,0.989304
21622,4,21611,0.987915
21622,5,21663,0.987589
21622,6,27474,0.986105
21622,7,41814,0.985691
21622,8,27453,0.985497
21622,9,21626,0.984169
21622,10,30514,0.984072
21640,1,17463,0.994809
21640,2,30472,0.994224
21640,3,17468,0.993544
21640,4,27472,0.989278
21640,5,27121,0.989031
21640,6,21657,0.988891
21640,7,21615,0.988528
21640,8,27399,0.987759
21640,9,27476,0.986509
21640,10,27454,0.985826
21659,1,21657,0.996459
21659,2,27476,0.995342
21659,3,21615,0.993299
21659,4,27506,0.992248
21659,5,27399,0.991772
21659,6,27472,0.990984
21659,7,27454,0.990091
21659,8,30472,0.989875
21659,9,17468,0.989805
21659,10,27455,0.989497
21666,1,32354,0.981891
21666,2,45930,0.981445
21666,3,45931,0.980878
21666,4,21683,0.979381
21666,5,21674,0.978065
21666,6,11491,0.977159
21666,7,29422,0.976979
21666,8,46572,0.976837
21666,9,51528,0.976603
21666,10,48036,0.976380
21670,1,21676,0.982509
21670,2,46483,0.978052
21670,3,29922,0.977839
21670,4,51655,0.977757
21670,5,11634,0.977698
21670,6,17460,0.977590
21670,7,25328,0.977172
21670,8,29744,0.976118
21670,9,51565,0.975932
21670,10,23286,0.975571
21696,1,21695,0.986619
21696,2,29757,0.985816
21696,3,21694,0.985369
21696,4,21690,0.983030
21696,5,11642,0.978492
21696,6,19277,0.975988
21696,7,38004,0.975586
21696,8,26345,0.973631
21696,9,25636,0.973297
21696,10,19266,0.972586
21702,1,29744,0.982941
21702,2,29753,0.981792
21702,3,45036,0.980861
21702,4,25622,0.977988
21702,5,29762,0.976385
21702,6,43204,0.976180
21702,7,33883,0.975959
21702,8,45930,0.975485
21702,9,29759,0.975374
21702,10,43206,0.975153
21733,1,11496,0.982170
21733,2,46612,0.981309
21733,3,47573,0.980711
21733,4,14356,0.980438
21733,5,39202,0.979301
21733,6,32855,0.976880
21733,7,11492,0.976751
21733,8,20907,0.976729
21733,9,13143,0.976123
21733,10,32847,0.976081
21741,1,47247,0.847700
21741,2,4501,0.808595
21741,3,26658,0.806617
21741,4,17697,0.804031
21741,5,4117,0.801620
21741,6,3694,0.796045
21741,7,7805,0.793635
21741,8,7712,0.791496
21741,9,7587,0.785486
21741,10,5705,0.781924
21762,1,21774,0.990853
21762,2,14833,0.990444
21762,3,42957,0.990097
21762,4,47161,0.989960
21762,5,21754,0.989873
21762,6,42943,0.989401
21762,7,36024,0.988613
21762,8,36018,0.988079
21762,9,42946,0.987472
21762,10,25748,0.987439
21816,1,24620,0.995927
21816,2,30161,0.992324
21816,3,24868,0.992313
21816,4,25437,0.992243
21816,5,21813,0.992018
21816,6,21809,0.991524
21816,7,21820,0.991014
21816,8,28587,0.990846
21816,9,25087,0.990282
21816,10,25093,0.990081
21817,1,30161,0.989364
21817,2,24620,0.985618
21817,3,32602,0.984443
21817,4,27778,0.983353
21817,5,25093,0.982804
21817,6,28587,0.980653
21817,7,7618,0.980386
21817,8,25437,0.980250
21817,9,36103,0.980169
21817,10,36128,0.980073
21848,1,3319,0.726282
21848,2,40139,0.719001
21848,3,3818,0.718128
21848,4,4464,0.716348
21848,5,24937,0.707679
21848,6,8323,0.705978
21848,7,3809,0.705651
21848,8,12840,0.705359
21848,9,37543,0.703051
21848,10,50717,0.698901
21898,1,28957,0.957690
21898,2,24392,0.955626
21898,3,28940,0.955538
21898,4,39182,0.955331
21898,5,12787,0.952367
21898,6,32230,0.951380
21898,7,35046,0.950035
21898,8,27288,0.949942
21898,9,24376,0.949926
21898,10,28765,0.949633
21916,1,28970,0.987298
21916,2,21912,0.985339
21916,3,21907,0.984269
21916,4,21917,0.983915
21916,5,25596,0.983329
21916,6,28980,0.980504
21916,7,25602,0.980072
21916,8,28984,0.979807
21916,9,21915,0.979778
21916,10,21910,0.979778
21926,1,21931,0.979148
21926,2,12784,0.977962
21926,3,21900,0.977605
21926,4,18287,0.975926
21926,5,24590,0.975389
21926,6,19071,0.974840
21926,7,21927,0.974830
21926,8,12786,0.974227
21926,9,42423,0.974202
21926,10,42422,0.974082
21928,1,7423,0.924314
21928,2,40592,0.912833
21928,3,32221,0.906282
21928,4,45834,0.905718
21928,5,23216,0.905222
21928,6,7411,0.900569
21928,7,39176,0.899608
21928,8,42541,0.899227
21928,9,42641,0.898930
21928,10,19101,0.898900
21943,1,21942,0.965961
21943,2,27683,0.953311
21943,3,25197,0.951943
21943,4,38444,0.951618
21943,5,24651,0.951012
21943,6,44249,0.943129
21943,7,25170,0.942600
21943,8,27672,0.942600
21943,9,25178,0.942094
21943,10,25265,0.942048
21945,1,47921,0.980096
21945,2,3384,0.974988
21945,3,33423,0.972035
21945,4,10230,0.971675
21945,5,10728,0.971571
21945,6,37081,0.970565
21945,7,21946,0.969719
21945,8,27682,0.969070
21945,9,46979,0.968864
21945,10,37068,0.968844
21949,1,21966,0.985734
21949,2,18041,0.984916
21949,3,21965,0.983155
21949,4,21950,0.982255
21949,5,19946,0.978059
21949,6,25153,0.977685
21949,7,50188,0.976978
21949,8,14882,0.976917
21949,9,25199,0.976767
21949,10,25181,0.976332
21951,1,21966,0.981546
21951,2,21965,0.977884
21951,3,18041,0.977661
21951,4,25153,0.976966
21951,5,21950,0.975819
21951,6,2649,0.974984
21951,7,24742,0.973853
21951,8,17137,0.973399
21951,9,17123,0.972968
21951,10,19946,0.972141
21955,1,20629,0.971880
21955,2,22002,0.971226
21955,3,25241,0.970371
21955,4,21957,0.969661
21955,5,29730,0.969567
21955,6,1598,0.969060
21955,7,27737,0.969044
21955,8,26436,0.968997
21955,9,20491,0.968820
21955,10,21962,0.968655
21967,1,21968,0.944341
21967,2,2667,0.906080
21967,3,26435,0.904848
21967,4,44245,0.903202
21967,5,24737,0.903123
21967,6,21969,0.899540
21967,7,37002,0.898647
21967,8,10248,0.897077
21967,9,25720,0.896619
21967,10,42846,0.895627
21997,1,14811,0.965894
21997,2,14794,0.963077
21997,3,50237,0.961942
21997,4,30205,0.961739
21997,5,27672,0.960878
21997,6,20506,0.959101
21997,7,50238,0.958771
21997,8,25275,0.958427
21997,9,25213,0.957892
21997,10,47724,0.957824
22063,1,22100,0.975445
22063,2,21896,0.974195
22063,3,22029,0.973440
22063,4,40626,0.972938
22063,5,32229,0.972589
22063,6,12789,0.972546
22063,7,28730,0.972456
22063,8,22034,0.972290
22063,9,22781,0.972103
22063,10,21890,0.972066
22067,1,39456,0.970108
22067,2,27283,0.968141
22067,3,21890,0.965548
22067,4,11596,0.963699
22067,5,21930,0.963596
22067,6,39186,0.963501
22067,7,20105,0.963397
22067,8,24382,0.963119
22067,9,36830,0.962912
22067,10,21901,0.962819
22071,1,12062,0.990303
22071,2,42426,0.989967
22071,3,24405,0.989949
22071,4,20114,0.989629
22071,5,24383,0.989044
22071,6,12070,0.988459
22071,7,28696,0.988274
22071,8,12063,0.987992
22071,9,33016,0.987971
22071,10,22081,0.987967
22073,1,24382,0.986390
22073,2,21901,0.985621
22073,3,24153,0.985621
22073,4,22029,0.984741
22073,5,24589,0.983561
22073,6,12083,0.983457
22073,7,22069,0.982802
22073,8,12062,0.982752
22073,9,19073,0.982661
22073,10,42662,0.981872
22076,1,50350,0.976619
22076,2,12778,0.974551
22076,3,42642,0.974147
22076,4,42527,0.970686
22076,5,42676,0.966517
22076,6,46019,0.965067
22076,7,31315,0.964768
22076,8,32233,0.963423
22076,9,45736,0.963386
22076,10,50329,0.962771
22113,1,5103,0.954701
22113,2,26448,0.953248
22113,3,46799,0.952052
22113,4,17748,0.952038
22113,5,4639,0.950824
22113,6,8532,0.950156
22113,7,10089,0.949447
22113,8,15289,0.949445
22113,9,15735,0.948998
22113,10,24456,0.948431
22121,1,22133,0.994988
22121,2,22135,0.994053
22121,3,22138,0.993994
22121,4,22130,0.993452
22121,5,22141,0.993091
22121,6,22128,0.992924
22121,7,9036,0.992712
22121,8,9039,0.992683
22121,9,9043,0.992654
22121,10,9037,0.992348
22137,1,22122,0.986920
22137,2,40452,0.986232
22137,3,7397,0.986131
22137,4,9703,0.985899
22137,5,7392,0.985678
22137,6,40447,0.985197
22137,7,23253,0.985022
22137,8,10302,0.984860
22137,9,40448,0.984601
22137,10,11890,0.984390
22146,1,16175,0.995617
22146,2,16151,0.995291
22146,3,12868,0.995136
22146,4,11896,0.994907
22146,5,22136,0.994166
22146,6,22135,0.993937
22146,7,47220,0.993878
22146,8,24480,0.993585
22146,9,47200,0.993523
22146,10,16160,0.993408
22152,1,24100,0.967260
22152,2,39299,0.958377
22152,3,50734,0.957324
22152,4,7404,0.956308
22152,5,43548,0.954773
22152,6,17816,0.954325
22152,7,10300,0.953762
22152,8,11962,0.953733
22152,9,50760,0.953079
22152,10,41077,0.952876
22166,1,23809,0.952049
22166,2,22190,0.951451
22166,3,8988,0.943609
22166,4,17813,0.940573
22166,5,15240,0.933525
22166,6,17818,0.933100
22166,7,9000,0.932784
22166,8,22186,0.931646
22166,9,39290,0.931224
22166,10,11841,0.930391
22178,1,42125,0.946782
22178,2,32944,0.944179
22178,3,10168,0.941461
22178,4,40316,0.939859
22178,5,44502,0.939008
22178,6,17814,0.937189
22178,7,22866,0.936963
22178,8,46331,0.936156
22178,9,5469,0.935530
22178,10,36131,0.935238
22193,1,8988,0.970423
22193,2,43878,0.969612
22193,3,19368,0.965647
22193,4,32743,0.962315
22193,5,4184,0.962198
22193,6,34751,0.952645
22193,7,15510,0.952554
22193,8,22878,0.952538
22193,9,19367,0.950193
22193,10,26671,0.948412
22218,1,16824,0.986134
22218,2,14719,0.984182
22218,3,22227,0.983972
22218,4,16827,0.983661
22218,5,17851,0.983146
22218,6,16821,0.982460
22218,7,22225,0.982112
22218,8,16823,0.981724
22218,9,6909,0.979505
22218,10,19001,0.978894
22229,1,13124,0.979222
22229,2,20714,0.977441
22229,3,20836,0.976034
22229,4,12856,0.976009
22229,5,7331,0.975674
22229,6,10302,0.975615
22229,7,31332,0.975204
22229,8,37973,0.974644
22229,9,39257,0.974543
22229,10,40447,0.974462
22245,1,41830,0.894428
22245,2,5326,0.894288
22245,3,29574,0.876350
22245,4,38647,0.875016
22245,5,7779,0.874049
22245,6,4441,0.871148
22245,7,22244,0.870314
22245,8,2499,0.870260
22245,9,11825,0.867331
22245,10,5923,0.864392
22248,1,15542,0.910418
22248,2,41877,0.909046
22248,3,22247,0.902301
22248,4,5475,0.901876
22248,5,44942,0.889630
22248,6,11913,0.888741
22248,7,18497,0.879172
22248,8,11965,0.878184
22248,9,16111,0.872216
22248,10,10303,0.870601
22253,1,43893,0.957409
22253,2,7729,0.955664
22253,3,22252,0.953119
22253,4,6422,0.948141
22253,5,2828,0.948064
22253,6,11819,0.945870
22253,7,19903,0.942103
22253,8,6426,0.940638
22253,9,3595,0.940431
22253,10,3588,0.939011
22254,1,13645,0.935749
22254,2,32834,0.933904
22254,3,47450,0.932944
22254,4,22256,0.932640
22254,5,42727,0.929968
22254,6,19018,0.928581
22254,7,45423,0.927749
22254,8,47557,0.924620
22254,9,47620,0.924598
22254,10,27085,0.924289
22265,1,13014,0.969065
22265,2,22257,0.968753
22265,3,36614,0.965142
22265,4,49590,0.963293
22265,5,50160,0.959232
22265,6,41740,0.957559
22265,7,49623,0.955704
22265,8,19052,0.955619
22265,9,49602,0.955130
22265,10,15545,0.955010
22305,1,50162,0.987790
22305,2,41707,0.985707
22305,3,46830,0.985608
22305,4,45364,0.985398
22305,5,2912,0.985190
22305,6,46617,0.984698
22305,7,14366,0.984603
22305,8,47580,0.984523
22305,9,21719,0.984412
22305,10,15565,0.983785
22309,1,39584,0.982772
22309,2,33521,0.982662
22309,3,45364,0.981481
22309,4,13271,0.980563
22309,5,46826,0.978669
22309,6,39609,0.978134
22309,7,46595,0.978045
22309,8,41725,0.978039
22309,9,2912,0.977890
22309,10,14351,0.977745
22313,1,6971,0.611795
22313,2,30320,0.585948
22313,3,2001,0.576338
22313,4,44868,0.564419
22313,5,8830,0.560821
22313,6,5167,0.559187
22313,7,34375,0.556453
22313,8,19569,0.556326
22313,9,1879,0.553326
22313,10,28479,0.551967
22314,1,34575,0.726803
22314,2,42198,0.722442
22314,3,15079,0.720780
22314,4,32262,0.717532
22314,5,23024,0.715560
22314,6,10513,0.715448
22314,7,38722,0.715083
22314,8,33160,0.713349
22314,9,33197,0.712528
22314,10,46283,0.712265
22317,1,22316,0.965436
22317,2,19336,0.961043
22317,3,27525,0.960820
22317,4,16190,0.959443
22317,5,20793,0.956754
22317,6,15964,0.956627
22317,7,22323,0.953445
22317,8,6477,0.952907
22317,9,23962,0.952523
22317,10,19340,0.952229
22319,1,9334,0.919639
22319,2,45965,0.911180
22319,3,19620,0.906368
22319,4,20014,0.905981
22319,5,40388,0.903813
22319,6,12607,0.903497
22319,7,19579,0.900443
22319,8,29165,0.900103
22319,9,14099,0.898121
22319,10,25702,0.890003
22322,1,37183,0.958355
22322,2,25968,0.955368
22322,3,43324,0.953258
22322,4,12580,0.950782
22322,5,31291,0.948297
22322,6,25924,0.947607
22322,7,1561,0.945905
22322,8,31290,0.945824
22322,9,24347,0.945796
22322,10,2587,0.945083
22330,1,13954,0.977659
22330,2,7472,0.977139
22330,3,42175,0.975086
22330,4,19553,0.974690
22330,5,13966,0.974384
22330,6,40080,0.972442
22330,7,16418,0.972391
22330,8,42108,0.972017
22330,9,13802,0.971763
22330,10,6720,0.971385
22336,1,26238,0.976440
22336,2,17508,0.974978
22336,3,22331,0.973653
22336,4,17944,0.972586
22336,5,7015,0.971600
22336,6,16708,0.971589
22336,7,12337,0.970713
22336,8,8611,0.970647
22336,9,16414,0.970418
22336,10,12933,0.970114
22338,1,12196,0.977906
22338,2,13423,0.974832
22338,3,7790,0.974730
22338,4,6097,0.974651
22338,5,6021,0.972898
22338,6,10467,0.972739
22338,7,34223,0.972391
22338,8,26295,0.971927
22338,9,16122,0.971575
22338,10,40103,0.970624
22340,1,12633,0.902788
22340,2,33935,0.896252
22340,3,7167,0.892244
22340,4,34217,0.891231
22340,5,34220,0.890495
22340,6,26273,0.889452
22340,7,34219,0.887088
22340,8,17511,0.886815
22340,9,25539,0.886705
22340,10,19692,0.886657
22354,1,16542,0.977934
22354,2,23953,0.974184
22354,3,12177,0.971596
22354,4,22360,0.970620
22354,5,12320,0.969498
22354,6,17187,0.967886
22354,7,11461,0.967707
22354,8,19707,0.967510
22354,9,16326,0.967396
22354,10,29642,0.967101
22362,1,22675,0.671785
22362,2,7099,0.667104
22362,3,22970,0.661905
22362,4,29192,0.653365
22362,5,21269,0.650493
22362,6,7781,0.648686
22362,7,20937,0.647578
22362,8,51321,0.640169
22362,9,32865,0.639414
22362,10,39483,0.637841
22366,1,18500,0.977346
22366,2,6245,0.976961
22366,3,32477,0.976421
22366,4,12726,0.975288
22366,5,10338,0.974710
22366,6,26236,0.974557
22366,7,20004,0.973939
22366,8,13966,0.973642
22366,9,16640,0.973549
22366,10,20253,0.972202
22372,1,16385,0.978290
22372,2,17539,0.977159
22372,3,26799,0.973704
22372,4,8863,0.973410
22372,5,16350,0.972736
22372,6,13748,0.972344
22372,7,16334,0.970811
22372,8,24600,0.970482
22372,9,12022,0.967811
22372,10,17563,0.967642
22378,1,22381,0.989140
22378,2,22376,0.988680
22378,3,22390,0.987697
22378,4,18646,0.987573
22378,5,20370,0.987302
22378,6,17548,0.987220
22378,7,17556,0.987209
22378,8,22384,0.986600
22378,9,12026,0.986600
22378,10,21023,0.986005
22380,1,9808,0.986526
22380,2,26815,0.985471
22380,3,16362,0.984592
22380,4,37119,0.983821
22380,5,26058,0.982478
22380,6,26816,0.981428
22380,7,31016,0.981240
22380,8,9732,0.981183
22380,9,29774,0.981115
22380,10,20168,0.980649
22383,1,22381,0.989262
22383,2,12029,0.988095
22383,3,13661,0.987663
22383,4,22900,0.987662
22383,5,22382,0.987351
22383,6,22405,0.987242
22383,7,9810,0.987209
22383,8,13845,0.987203
22383,9,19723,0.987121
22383,10,8868,0.986896
22402,1,22403,0.993529
22402,2,22398,0.992283
22402,3,22395,0.991909
22402,4,22401,0.991429
22402,5,17558,0.991242
22402,6,22406,0.990170
22402,7,22407,0.990084
22402,8,26090,0.989957
22402,9,9260,0.989851
22402,10,29649,0.989210
22532,1,13003,0.855846
22532,2,13039,0.847623
22532,3,24083,0.839612
22532,4,15563,0.838319
22532,5,20272,0.827054
22532,6,22261,0.820608
22532,7,19121,0.819597
22532,8,50150,0.818987
22532,9,5475,0.807494
22532,10,20265,0.807367
22540,1,5638,0.839133
22540,2,23097,0.831038
22540,3,15519,0.828851
22540,4,15252,0.828682
22540,5,18492,0.824340
22540,6,16729,0.824264
22540,7,9022,0.823926
22540,8,15393,0.822047
22540,9,21186,0.819686
22540,10,39955,0.819242
22555,1,22559,0.978918
22555,2,28252,0.972339
22555,3,26022,0.970922
22555,4,45717,0.968862
22555,5,22553,0.966870
22555,6,21240,0.965806
22555,7,28231,0.965124
22555,8,28250,0.963982
22555,9,26737,0.963853
22555,10,22558,0.963042
22569,1,22350,0.971677
22569,2,10421,0.965925
22569,3,23206,0.965265
22569,4,9069,0.964711
22569,5,9473,0.963944
22569,6,17754,0.963565
22569,7,19715,0.962582
22569,8,13745,0.961803
22569,9,46378,0.961799
22569,10,9245,0.961736
22579,1,17916,0.954998
22579,2,17905,0.946641
22579,3,15598,0.945816
22579,4,15600,0.944281
22579,5,15041,0.943714
22579,6,14987,0.943670
22579,7,19327,0.941871
22579,8,17908,0.941252
22579,9,19476,0.940611
22579,10,19323,0.939777
22585,1,28520,0.994179
22585,2,28519,0.992736
22585,3,10751,0.991637
22585,4,32620,0.988582
22585,5,17924,0.988468
22585,6,38572,0.987152
22585,7,38573,0.985307
22585,8,38576,0.985254
22585,9,28631,0.984385
22585,10,38575,0.984049
22591,1,15619,0.988152
22591,2,15627,0.980625
22591,3,15628,0.979022
22591,4,17913,0.975733
22591,5,17905,0.975104
22591,6,19662,0.974794
22591,7,15598,0.974017
22591,8,17910,0.974012
22591,9,15616,0.973847
22591,10,22610,0.972239
22594,1,22614,0.970443
22594,2,31456,0.969608
22594,3,31463,0.969372
22594,4,15647,0.968672
22594,5,43064,0.968370
22594,6,25028,0.967474
22594,7,28562,0.966717
22594,8,9545,0.965684
22594,9,28546,0.965384
22594,10,9537,0.965227
22595,1,31456,0.986603
22595,2,15647,0.985183
22595,3,43064,0.984987
22595,4,28546,0.983013
22595,5,31463,0.981342
22595,6,22623,0.980530
22595,7,28562,0.980466
22595,8,32638,0.980330
22595,9,9538,0.978522
22595,10,25028,0.978233
22600,1,24040,0.875123
22600,2,16432,0.873357
22600,3,24275,0.861324
22600,4,19548,0.859012
22600,5,14642,0.855752
22600,6,10849,0.854293
22600,7,14926,0.848186
22600,8,19457,0.843210
22600,9,14015,0.841368
22600,10,15586,0.836886
22615,1,22613,0.968442
22615,2,22617,0.955966
22615,3,28532,0.952274
22615,4,25028,0.950088
22615,5,9537,0.947409
22615,6,31463,0.946807
22615,7,30633,0.945947
22615,8,22603,0.944049
22615,9,28533,0.943487
22615,10,22596,0.943347
22616,1,44222,0.991680
22616,2,38637,0.991274
22616,3,22597,0.990924
22616,4,9552,0.990438
22616,5,38599,0.989709
22616,6,38634,0.989296
22616,7,30618,0.988795
22616,8,14005,0.988750
22616,9,6538,0.987782
22616,10,38579,0.986208
22627,1,8056,0.769885
22627,2,16293,0.768738
22627,3,5098,0.767487
22627,4,11777,0.763467
22627,5,10878,0.761034
22627,6,11739,0.760702
22627,7,16647,0.758483
22627,8,12200,0.758349
22627,9,8405,0.757228
22627,10,12642,0.756595
22635,1,48544,0.540049
22635,2,14822,0.539924
22635,3,18814,0.539458
22635,4,18024,0.539119
22635,5,21796,0.536350
22635,6,14821,0.535617
22635,7,27837,0.534489
22635,8,21800,0.531895
22635,9,37992,0.531583
22635,10,34811,0.530194
22641,1,31463,0.988821
22641,2,28546,0.988289
22641,3,31456,0.986466
22641,4,22623,0.985966
22641,5,28562,0.985797
22641,6,44220,0.985718
22641,7,22640,0.983635
22641,8,15633,0.981336
22641,9,15647,0.981091
22641,10,38579,0.980383
22650,1,22969,0.983912
22650,2,34465,0.982813
22650,3,43565,0.981997
22650,4,35179,0.981615
22650,5,35193,0.981370
22650,6,19917,0.981348
22650,7,5272,0.980195
22650,8,35186,0.980127
22650,9,35191,0.979834
22650,10,8516,0.979614
22673,1,25883,0.974045
22673,2,39482,0.969721
22673,3,35179,0.968820
22673,4,35207,0.968233
22673,5,38744,0.967828
22673,6,5218,0.967288
22673,7,6520,0.966196
22673,8,35186,0.965476
22673,9,35192,0.964147
22673,10,22651,0.963923
22691,1,12979,0.910455
22691,2,3376,0.910424
22691,3,36417,0.904815
22691,4,9205,0.903005
22691,5,42990,0.898531
22691,6,42043,0.893713
22691,7,6661,0.890942
22691,8,7599,0.890354
22691,9,7826,0.888807
22691,10,19309,0.885605
22705,1,25475,0.952392
22705,2,34087,0.951701
22705,3,39939,0.950726
22705,4,26536,0.942515
22705,5,34088,0.941346
22705,6,22722,0.938174
22705,7,44500,0.936749
22705,8,32949,0.934628
22705,9,33689,0.934140
22705,10,42141,0.933975
22707,1,22719,0.971218
22707,2,22708,0.966589
22707,3,25417,0.965374
22707,4,22715,0.962004
22707,5,22698,0.960486
22707,6,15302,0.960283
22707,7,6680,0.960204
22707,8,17829,0.960073
22707,9,35698,0.959172
22707,10,4575,0.958777
22713,1,31977,0.778933
22713,2,4155,0.769914
22713,3,40485,0.766252
22713,4,3311,0.760732
22713,5,46092,0.758029
22713,6,15735,0.756652
22713,7,10110,0.753812
22713,8,13982,0.753516
22713,9,4543,0.751485
22713,10,9118,0.751408
22718,1,13923,0.962389
22718,2,12972,0.961117
22718,3,10080,0.956988
22718,4,34835,0.955090
22718,5,44613,0.953805
22718,6,22711,0.953732
22718,7,8529,0.951962
22718,8,29252,0.951930
22718,9,4551,0.951557
22718,10,17846,0.950207
22728,1,22706,0.950947
22728,2,13921,0.939573
22728,3,5568,0.938732
22728,4,42990,0.936243
22728,5,46334,0.935985
22728,6,41842,0.933760
22728,7,34840,0.931145
22728,8,38673,0.929317
22728,9,42996,0.928964
22728,10,41209,0.928877
22739,1,4609,0.981829
22739,2,25880,0.981534
22739,3,43147,0.981425
22739,4,30193,0.979812
22739,5,43568,0.979740
22739,6,21259,0.979581
22739,7,7084,0.979534
22739,8,20935,0.978992
22739,9,9443,0.978875
22739,10,18438,0.978782
22740,1,11610,0.943145
22740,2,28768,0.943017
22740,3,30854,0.942826
22740,4,18265,0.941822
22740,5,33746,0.941531
22740,6,28764,0.941529
22740,7,36474,0.940604
22740,8,11800,0.939515
22740,9,19085,0.938619
22740,10,28749,0.938323
22745,1,31323,0.991179
22745,2,21901,0.989721
22745,3,11591,0.987823
22745,4,11616,0.987691
22745,5,39458,0.986343
22745,6,12062,0.986218
22745,7,22750,0.985716
22745,8,24370,0.984942
22745,9,22761,0.984910
22745,10,12063,0.984645
22746,1,21923,0.981048
22746,2,23319,0.980176
22746,3,32242,0.980008
22746,4,22018,0.979369
22746,5,21896,0.979136
22746,6,18288,0.978809
22746,7,11805,0.978704
22746,8,11575,0.978150
22746,9,22764,0.978051
22746,10,12065,0.977930
22747,1,22051,0.971875
22747,2,24513,0.971432
22747,3,18300,0.971134
22747,4,24361,0.968676
22747,5,21923,0.967210
22747,6,11626,0.966836
22747,7,45737,0.965964
22747,8,33023,0.965473
22747,9,21893,0.964958
22747,10,15836,0.964880
22751,1,28871,0.918223
22751,2,28960,0.915679
22751,3,21913,0.915379
22751,4,18256,0.915137
22751,5,7429,0.915058
22751,6,18276,0.914840
22751,7,12081,0.913733
22751,8,42686,0.913303
22751,9,43266,0.913259
22751,10,24361,0.912958
22770,1,33048,0.984448
22770,2,27092,0.983644
22770,3,12058,0.980698
22770,4,28936,0.980096
22770,5,19063,0.979752
22770,6,21923,0.979519
22770,7,42671,0.979479
22770,8,12776,0.979223
22770,9,11801,0.978966
22770,10,39455,0.978369
22777,1,30852,0.976038
22777,2,39179,0.974884
22777,3,23319,0.974486
22777,4,24513,0.974470
22777,5,19087,0.974348
22777,6,12081,0.974114
22777,7,23312,0.973820
22777,8,36815,0.973299
22777,9,15836,0.973052
22777,10,28721,0.973047
22780,1,28726,0.988358
22780,2,12070,0.987051
22780,3,28696,0.986729
22780,4,24395,0.986335
22780,5,12060,0.985577
22780,6,22019,0.984983
22780,7,20114,0.984814
22780,8,24590,0.984782
22780,9,22020,0.984683
22780,10,42422,0.984151
22795,1,12468,0.978909
22795,2,19149,0.972622
22795,3,13422,0.970507
22795,4,19553,0.968858
22795,5,6715,0.967598
22795,6,9671,0.967032
22795,7,13503,0.966976
22795,8,10830,0.966913
22795,9,12497,0.966745
22795,10,19992,0.966691
22811,1,40044,0.984548
22811,2,10059,0.983870
22811,3,31283,0.983376
22811,4,31270,0.982869
22811,5,40107,0.982166
22811,6,31258,0.981447
22811,7,10066,0.980783
22811,8,31274,0.980658
22811,9,16502,0.980211
22811,10,15528,0.979463
22821,1,22822,0.948506
22821,2,22162,0.936695
22821,3,14487,0.931170
22821,4,10104,0.930278
22821,5,50376,0.924806
22821,6,19302,0.921853
22821,7,13366,0.919508
22821,8,39273,0.917655
22821,9,22816,0.915218
22821,10,13920,0.911984
22853,1,22878,0.970506
22853,2,20700,0.965323
22853,3,19367,0.962258
22853,4,20699,0.961985
22853,5,9028,0.961607
22853,6,28657,0.959953
22853,7,36227,0.958974
22853,8,20711,0.957650
22853,9,9029,0.957470
22853,10,30263,0.957358
22856,1,41212,0.970033
22856,2,22172,0.964462
22856,3,9035,0.960498
22856,4,22817,0.959153
22856,5,22847,0.955692
22856,6,17818,0.955167
22856,7,45625,0.954844
22856,8,39309,0.954253
22856,9,21067,0.953834
22856,10,18405,0.953716
22868,1,22867,0.959835
22868,2,22858,0.954143
22868,3,15514,0.951551
22868,4,18406,0.937439
22868,5,38781,0.932729
22868,6,22851,0.932611
22868,7,22861,0.931423
22868,8,22840,0.930787
22868,9,9033,0.929941
22868,10,23809,0.928732
22872,1,18405,0.878134
22872,2,22864,0.876137
22872,3,22873,0.873410
22872,4,41212,0.863450
22872,5,13387,0.863436
22872,6,15509,0.862841
22872,7,39270,0.862697
22872,8,50743,0.852415
22872,9,50748,0.851456
22872,10,22837,0.846472
22876,1,39302,0.972317
22876,2,50738,0.967327
22876,3,25857,0.966647
22876,4,39300,0.965945
22876,5,20709,0.965873
22876,6,24468,0.965660
22876,7,10633,0.965533
22876,8,13124,0.964210
22876,9,20677,0.963724
22876,10,12856,0.963723
22887,1,10300,0.923531
22887,2,41078,0.913651
22887,3,7404,0.912117
22887,4,22886,0.911725
22887,5,39298,0.910664
22887,6,39293,0.909228
22887,7,28322,0.908385
22887,8,9707,0.907771
22887,9,19362,0.907233
22887,10,39299,0.906923
22892,1,44520,0.978122
22892,2,28326,0.974411
22892,3,45581,0.974189
22892,4,9718,0.973501
22892,5,11940,0.973000
22892,6,39295,0.972990
22892,7,21087,0.972697
22892,8,9019,0.972566
22892,9,39822,0.972042
22892,10,39823,0.971374
22896,1,23808,0.988022
22896,2,20836,0.986692
22896,3,28314,0.985841
22896,4,9042,0.985721
22896,5,9087,0.985137
22896,6,20681,0.984716
22896,7,44418,0.984095
22896,8,12856,0.983747
22896,9,13124,0.983586
22896,10,9702,0.982168
22916,1,18481,0.913765
22916,2,23840,0.909383
22916,3,17483,0.903275
22916,4,6134,0.899538
22916,5,19303,0.896505
22916,6,11815,0.894307
22916,7,39685,0.893815
22916,8,15515,0.893226
22916,9,3238,0.891880
22916,10,39904,0.891777
22917,1,28652,0.878329
22917,2,36140,0.877430
22917,3,44754,0.864133
22917,4,12979,0.863754
22917,5,7826,0.858830
22917,6,31210,0.856081
22917,7,7599,0.854601
22917,8,36417,0.852006
22917,9,19309,0.851724
22917,10,35706,0.851311
22921,1,17449,0.887588
22921,2,8141,0.883442
22921,3,45245,0.874929
22921,4,25648,0.874537
22921,5,4665,0.874330
22921,6,37485,0.872955
22921,7,4711,0.871310
22921,8,16772,0.866641
22921,9,16771,0.864966
22921,10,49323,0.857587
22926,1,43185,0.946467
22926,2,29418,0.941106
22926,3,39014,0.941053
22926,4,36788,0.941030
22926,5,17424,0.940452
22926,6,21669,0.940365
22926,7,32334,0.939843
22926,8,45221,0.939198
22926,9,32375,0.939075
22926,10,45872,0.939004
22946,1,25647,0.953019
22946,2,37485,0.951308
22946,3,16778,0.948901
22946,4,21709,0.945022
22946,5,37484,0.944108
22946,6,39709,0.942599
22946,7,25648,0.940446
22946,8,13839,0.939353
22946,9,22950,0.937599
22946,10,16781,0.937530
22958,1,22494,0.961825
22958,2,10113,0.954210
22958,3,4993,0.953502
22958,4,23929,0.951783
22958,5,4046,0.949416
22958,6,46324,0.947417
22958,7,27253,0.943566
22958,8,12975,0.942584
22958,9,40480,0.940494
22958,10,13652,0.940388
22963,1,15392,0.999186
22963,2,30243,0.960486
22963,3,35668,0.959771
22963,4,5040,0.959562
22963,5,6175,0.958501
22963,6,20957,0.956822
22963,7,23794,0.956187
22963,8,44711,0.955826
22963,9,23850,0.955507
22963,10,6654,0.955469
22994,1,17623,0.987055
22994,2,19573,0.986453
22994,3,21380,0.986408
22994,4,26256,0.985441
22994,5,5458,0.983924
22994,6,15022,0.983777
22994,7,7635,0.983279
22994,8,7636,0.983132
22994,9,12537,0.982340
22994,10,4825,0.982304
23004,1,13582,0.932641
23004,2,28153,0.930955
23004,3,18369,0.929749
23004,4,47504,0.921515
23004,5,50555,0.920103
23004,6,13587,0.919008
23004,7,49939,0.918940
23004,8,17876,0.918662
23004,9,25393,0.918650
23004,10,50193,0.918337
23029,1,23027,0.928837
23029,2,14742,0.894856
23029,3,26789,0.881711
23029,4,14739,0.879120
23029,5,14761,0.878937
23029,6,14735,0.875711
23029,7,17725,0.871290
23029,8,26793,0.869198
23029,9,14764,0.866062
23029,10,33250,0.865008
23030,1,33250,0.907501
23030,2,33243,0.885097
23030,3,33238,0.883365
23030,4,23027,0.881022
23030,5,12372,0.870818
23030,6,14776,0.865153
23030,7,38982,0.864148
23030,8,14764,0.862984
23030,9,33241,0.862414
23030,10,17729,0.861292
23039,1,26135,0.990828
23039,2,23038,0.989848
23039,3,29779,0.985817
23039,4,39792,0.984285
23039,5,26148,0.984284
23039,6,26142,0.983671
23039,7,26808,0.983648
23039,8,29782,0.982824
23039,9,41426,0.982414
23039,10,13778,0.981690
23058,1,19792,0.990158
23058,2,15191,0.989005
23058,3,22331,0.988085
23058,4,12645,0.987852
23058,5,33285,0.987821
23058,6,6614,0.987689
23058,7,24272,0.986962
23058,8,16210,0.986338
23058,9,33084,0.985366
23058,10,12928,0.985276
23091,1,24300,0.992335
23091,2,24185,0.990118
23091,3,24639,0.988424
23091,4,18537,0.988319
23091,5,23793,0.987884
23091,6,24184,0.987234
23091,7,24668,0.985886
23091,8,43221,0.984435
23091,9,3795,0.984107
23091,10,3593,0.984048
23102,1,23105,0.994635
23102,2,23106,0.980804
23102,3,23104,0.980743
23102,4,31184,0.979340
23102,5,23108,0.976876
23102,6,23116,0.976678
23102,7,31190,0.976621
23102,8,25056,0.976500
23102,9,31185,0.976450
23102,10,25049,0.976213
23103,1,23101,0.994069
23103,2,23112,0.993602
23103,3,23111,0.993032
23103,4,23099,0.992879
23103,5,23115,0.992369
23103,6,23107,0.990698
23103,7,23113,0.990084
23103,8,23116,0.990009
23103,9,23100,0.989230
23103,10,23108,0.987125
23110,1,23108,0.994082
23110,2,23101,0.992015
23110,3,23113,0.991635
23110,4,23111,0.989332
23110,5,23116,0.988402
23110,6,23107,0.987252
23110,7,23115,0.987226
23110,8,23099,0.986123
23110,9,23117,0.983791
23110,10,23112,0.983680
23121,1,13974,0.919850
23121,2,17734,0.912136
23121,3,17795,0.907433
23121,4,41227,0.906990
23121,5,38669,0.902404
23121,6,16116,0.902069
23121,7,23834,0.889787
23121,8,24715,0.875934
23121,9,23831,0.873318
23121,10,15385,0.873157
23145,1,19726,0.864450
23145,2,27895,0.860289
23145,3,15026,0.850738
23145,4,19634,0.845483
23145,5,19622,0.841946
23145,6,23140,0.812178
23145,7,23143,0.811604
23145,8,11370,0.809691
23145,9,12531,0.799208
23145,10,23136,0.798765
23154,1,6715,0.986153
23154,2,19627,0.984308
23154,3,5520,0.984282
23154,4,3861,0.984169
23154,5,18246,0.983232
23154,6,16429,0.982683
23154,7,7000,0.982578
23154,8,6714,0.982553
23154,9,2928,0.982340
23154,10,4417,0.982238
23161,1,18755,0.969093
23161,2,38832,0.966371
23161,3,38845,0.965116
23161,4,39217,0.965052
23161,5,43681,0.964067
23161,6,43653,0.963990
23161,7,18754,0.963014
23161,8,18894,0.962616
23161,9,18735,0.961710
23161,10,14197,0.960845
23165,1,24039,0.989117
23165,2,40044,0.989014
23165,3,19996,0.988885
23165,4,31258,0.987827
23165,5,31270,0.987796
23165,6,10059,0.986160
23165,7,7980,0.985883
23165,8,34243,0.985434
23165,9,19995,0.985188
23165,10,19993,0.985044
23168,1,6936,0.986655
23168,2,3850,0.986133
23168,3,31363,0.986069
23168,4,15195,0.984878
23168,5,10046,0.984120
23168,6,16492,0.983633
23168,7,7948,0.983615
23168,8,7820,0.983548
23168,9,29040,0.983213
23168,10,5748,0.983174
23207,1,23194,0.974086
23207,2,24284,0.973256
23207,3,23206,0.971875
23207,4,17754,0.967243
23207,5,19715,0.964117
23207,6,22352,0.960920
23207,7,22350,0.959540
23207,8,10473,0.959181
23207,9,26066,0.958924
23207,10,26092,0.958762
23234,1,45752,0.981253
23234,2,40585,0.979167
23234,3,39449,0.978183
23234,4,39153,0.978000
23234,5,40663,0.977646
23234,6,42522,0.977390
23234,7,19097,0.976708
23234,8,42517,0.976588
23234,9,12144,0.976481
23234,10,20094,0.976376
23255,1,23249,0.992150
23255,2,23254,0.991655
23255,3,16166,0.991617
23255,4,23244,0.990937
23255,5,23242,0.990395
23255,6,16188,0.990374
23255,7,22140,0.990346
23255,8,23245,0.990134
23255,9,10151,0.990129
23255,10,23247,0.990070
23258,1,10388,0.968933
23258,2,32315,0.965317
23258,3,29755,0.964969
23258,4,30023,0.964911
23258,5,25681,0.964316
23258,6,37479,0.963427
23258,7,25663,0.962352
23258,8,17435,0.962151
23258,9,21695,0.960440
23258,10,19264,0.959921
23264,1,46507,0.987128
23264,2,46428,0.985721
23264,3,46509,0.976648
23264,4,46417,0.975153
23264,5,36795,0.974169
23264,6,46427,0.973553
23264,7,48031,0.972765
23264,8,48036,0.971951
23264,9,46418,0.971782
23264,10,36775,0.970177
23273,1,25644,0.960767
23273,2,33888,0.958880
23273,3,25645,0.958294
23273,4,45116,0.957263
23273,5,25327,0.954180
23273,6,45042,0.953235
23273,7,33907,0.953183
23273,8,45148,0.953179
23273,9,31839,0.951993
23273,10,33911,0.950927
23276,1,23277,0.953202
23276,2,32366,0.928444
23276,3,43185,0.927639
23276,4,51528,0.926659
23276,5,11485,0.925686
23276,6,29944,0.924900
23276,7,45872,0.924326
23276,8,23288,0.924139
23276,9,17455,0.922395
23276,10,45931,0.921864
23289,1,10705,0.974546
23289,2,13926,0.973235
23289,3,45210,0.971398
23289,4,45911,0.970849
23289,5,49324,0.970749
23289,6,26328,0.970363
23289,7,5079,0.969768
23289,8,46574,0.969701
23289,9,25664,0.969483
23289,10,46575,0.968863
23299,1,33657,0.914924
23299,2,15073,0.911954
23299,3,15074,0.899841
23299,4,4446,0.898942
23299,5,3628,0.891702
23299,6,41863,0.889664
23299,7,50730,0.887144
23299,8,34119,0.886232
23299,9,13979,0.884730
23299,10,17815,0.882997
23314,1,23327,0.977102
23314,2,12122,0.975125
23314,3,40614,0.968760
23314,4,24521,0.968468
23314,5,36817,0.966655
23314,6,24507,0.965867
23314,7,24512,0.965262
23314,8,12138,0.964497
23314,9,19056,0.963687
23314,10,24510,0.963258
23323,1,42509,0.964654
23323,2,15839,0.960137
23323,3,50349,0.959714
23323,4,28957,0.957758
23323,5,39157,0.955291
23323,6,50343,0.953583
23323,7,27278,0.953263
23323,8,42429,0.953047
23323,9,22043,0.952330
23323,10,31312,0.951742
23328,1,23320,0.989670
23328,2,23322,0.988378
23328,3,11571,0.986114
23328,4,23317,0.985848
23328,5,24380,0.985067
23328,6,23312,0.984621
23328,7,12065,0.984518
23328,8,23324,0.983990
23328,9,23318,0.983414
23328,10,23305,0.983077
23350,1,19379,0.827610
23350,2,44790,0.825252
23350,3,23373,0.823670
23350,4,18135,0.822961
23350,5,42981,0.822656
23350,6,51385,0.822601
23350,7,51392,0.821576
23350,8,51388,0.820438
23350,9,32071,0.820092
23350,10,43010,0.819579
23446,1,28939,0.937217
23446,2,11559,0.937099
23446,3,22755,0.935063
23446,4,15096,0.933973
23446,5,42648,0.933497
23446,6,31321,0.932523
23446,7,42525,0.931301
23446,8,39159,0.930104
23446,9,50335,0.929321
23446,10,24160,0.928887
23451,1,23457,0.976054
23451,2,16921,0.969167
23451,3,23453,0.968624
23451,4,16819,0.968508
23451,5,16820,0.967583
23451,6,16918,0.963911
23451,7,20351,0.962339
23451,8,23455,0.962134
23451,9,48384,0.962060
23451,10,16513,0.961975
23462,1,23477,0.967419
23462,2,16011,0.965255
23462,3,23467,0.962233
23462,4,23466,0.959659
23462,5,38309,0.957744
23462,6,23464,0.956641
23462,7,23463,0.956211
23462,8,23474,0.955374
23462,9,23469,0.954828
23462,10,23470,0.953263
23468,1,12464,0.867886
23468,2,23474,0.846335
23468,3,23467,0.840824
23468,4,23460,0.833526
23468,5,16011,0.830737
23468,6,23472,0.829370
23468,7,38307,0.827243
23468,8,23479,0.826823
23468,9,23481,0.825855
23468,10,38309,0.825792
23480,1,16015,0.962425
23480,2,23466,0.931470
23480,3,16017,0.917496
23480,4,23465,0.917311
23480,5,23472,0.914779
23480,6,23476,0.914371
23480,7,23479,0.912400
23480,8,23471,0.910176
23480,9,23463,0.909924
23480,10,23484,0.909827
23508,1,33883,0.984047
23508,2,45906,0.983091
23508,3,36792,0.980493
23508,4,29457,0.980402
23508,5,29753,0.980382
23508,6,33884,0.978927
23508,7,45916,0.978367
23508,8,51655,0.978041
23508,9,46483,0.977142
23508,10,25622,0.977073
23524,1,44187,0.912359
23524,2,44076,0.908506
23524,3,26001,0.903481
23524,4,23605,0.903418
23524,5,26852,0.903206
23524,6,23532,0.901748
23524,7,23586,0.900542
23524,8,26207,0.899672
23524,9,27335,0.895024
23524,10,43091,0.894039
23534,1,44133,0.992873
23534,2,44097,0.982469
23534,3,18448,0.980865
23534,4,46761,0.980658
23534,5,45708,0.980019
23534,6,46766,0.978561
23534,7,46717,0.977669
23534,8,43998,0.976190
23534,9,46953,0.976189
23534,10,46957,0.975359
23538,1,26205,0.979672
23538,2,23585,0.978379
23538,3,32538,0.976068
23538,4,26029,0.975127
23538,5,23576,0.974111
23538,6,32532,0.974060
23538,7,23592,0.973245
23538,8,44164,0.972302
23538,9,46690,0.971079
23538,10,41899,0.970503
23559,1,28223,0.841927
23559,2,41904,0.831577
23559,3,36565,0.828489
23559,4,45769,0.827707
23559,5,43994,0.827340
23559,6,44146,0.824059
23559,7,23580,0.821799
23559,8,46295,0.819301
23559,9,44959,0.818670
23559,10,27380,0.817363
23562,1,43107,0.958152
23562,2,23586,0.951452
23562,3,46301,0.945315
23562,4,43109,0.943550
23562,5,36931,0.943236
23562,6,26847,0.942336
23562,7,43981,0.941797
23562,8,23611,0.941170
23562,9,43966,0.940629
23562,10,36809,0.940610
23564,1,44076,0.953472
23564,2,26001,0.940726
23564,3,26213,0.937138
23564,4,27335,0.934151
23564,5,26210,0.932243
23564,6,27341,0.931143
23564,7,26004,0.930731
23564,8,26852,0.923285
23564,9,27317,0.921237
23564,10,23607,0.920788
23565,1,36702,0.976182
23565,2,23572,0.975313
23565,3,23576,0.973588
23565,4,23526,0.971698
23565,5,44091,0.970927
23565,6,32538,0.970705
23565,7,46929,0.970413
23565,8,44028,0.969383
23565,9,46682,0.969324
23565,10,36695,0.969310
23574,1,44101,0.941434
23574,2,37907,0.938873
23574,3,37908,0.936002
23574,4,44128,0.933432
23574,5,26000,0.930386
23574,6,26002,0.930226
23574,7,36709,0.927484
23574,8,44090,0.926325
23574,9,26860,0.925455
23574,10,44048,0.924384
23597,1,23598,0.992606
23597,2,44169,0.988509
23597,3,44170,0.988267
23597,4,28230,0.986823
23597,5,26733,0.986515
23597,6,28253,0.986214
23597,7,26746,0.985992
23597,8,45718,0.985987
23597,9,23588,0.985350
23597,10,26737,0.985212
23600,1,23589,0.989614
23600,2,23591,0.988772
23600,3,23599,0.988142
23600,4,43088,0.987377
23600,5,41906,0.986988
23600,6,41905,0.985795
23600,7,18452,0.984309
23600,8,23608,0.983661
23600,9,44176,0.983135
23600,10,23590,0.982780
23621,1,34114,0.946109
23621,2,18175,0.945206
23621,3,34113,0.941317
23621,4,27196,0.940980
23621,5,29166,0.938562
23621,6,37266,0.937975
23621,7,31130,0.936403
23621,8,18174,0.935802
23621,9,36750,0.935236
23621,10,31129,0.933570
23643,1,2349,0.974844
23643,2,6108,0.971320
23643,3,32466,0.968014
23643,4,24335,0.967976
23643,5,8318,0.967891
23643,6,1926,0.967134
23643,7,2242,0.966909
23643,8,18245,0.966839
23643,9,32954,0.966576
23643,10,17278,0.966561
23648,1,18849,0.976455
23648,2,13153,0.973635
23648,3,10059,0.972689
23648,4,24059,0.972514
23648,5,18843,0.972387
23648,6,17932,0.972386
23648,7,31243,0.972304
23648,8,34386,0.972212
23648,9,12631,0.972106
23648,10,24039,0.972076
23677,1,3581,0.870223
23677,2,3627,0.869182
23677,3,11945,0.868241
23677,4,39828,0.864280
23677,5,4104,0.861751
23677,6,19927,0.861104
23677,7,41074,0.860367
23677,8,13655,0.856329
23677,9,4109,0.855224
23677,10,23899,0.854096
23692,1,21013,0.950075
23692,2,42072,0.924768
23692,3,23686,0.919196
23692,4,22686,0.917154
23692,5,42082,0.915304
23692,6,36923,0.910338
23692,7,23685,0.908401
23692,8,23693,0.904436
23692,9,36925,0.904366
23692,10,50815,0.903106
23695,1,7793,0.982991
23695,2,7817,0.981373
23695,3,7811,0.980999
23695,4,7801,0.980925
23695,5,29598,0.979497
23695,6,29045,0.977033
23695,7,15165,0.976588
23695,8,26268,0.976119
23695,9,7442,0.975993
23695,10,15581,0.975462
23696,1,29961,0.988627
23696,2,28384,0.986003
23696,3,40172,0.984289
23696,4,30681,0.983192
23696,5,16949,0.981191
23696,6,28289,0.978516
23696,7,23747,0.977986
23696,8,23749,0.977059
23696,9,28291,0.976732
23696,10,28292,0.976679
23736,1,48225,0.918719
23736,2,28211,0.912807
23736,3,48229,0.898043
23736,4,23729,0.897778
23736,5,17218,0.896725
23736,6,28378,0.896160
23736,7,23749,0.895553
23736,8,17219,0.895376
23736,9,51662,0.894729
23736,10,23706,0.893620
23745,1,30681,0.991170
23745,2,16949,0.991040
23745,3,8653,0.987188
23745,4,28289,0.985550
23745,5,21321,0.984287
23745,6,23749,0.984257
23745,7,29961,0.984134
23745,8,28291,0.984034
23745,9,38238,0.982947
23745,10,23747,0.980566
23751,1,21279,0.978133
23751,2,16852,0.973060
23751,3,16086,0.972418
23751,4,38209,0.970000
23751,5,38208,0.968764
23751,6,16945,0.968010
23751,7,16850,0.965390
23751,8,8642,0.964687
23751,9,16081,0.964377
23751,10,29139,0.962651
23777,1,38238,0.979088
23777,2,23780,0.977995
23777,3,23776,0.977002
23777,4,23747,0.976325
23777,5,21319,0.973467
23777,6,23790,0.972994
23777,7,28384,0.971273
23777,8,28292,0.970145
23777,9,23760,0.970053
23777,10,30681,0.969860
23778,1,28348,0.963534
23778,2,28303,0.958536
23778,3,48229,0.946499
23778,4,39995,0.945957
23778,5,28297,0.944359
23778,6,17607,0.943950
23778,7,23755,0.943573
23778,8,16854,0.942657
23778,9,21347,0.940784
23778,10,28298,0.940691
23786,1,21315,0.995219
23786,2,23734,0.995019
23786,3,16107,0.994828
23786,4,16882,0.994769
23786,5,16866,0.994681
23786,6,16940,0.994224
23786,7,23787,0.993880
23786,8,17205,0.993368
23786,9,16870,0.993359
23786,10,29134,0.993282
23789,1,23790,0.986796
23789,2,30266,0.980921
23789,3,23780,0.978035
23789,4,17317,0.976829
23789,5,28286,0.976491
23789,6,40007,0.976450
23789,7,48225,0.974912
23789,8,21319,0.968312
23789,9,23747,0.967325
23789,10,8706,0.966345
23799,1,44460,0.953802
23799,2,25018,0.952475
23799,3,34520,0.915746
23799,4,47632,0.915186
23799,5,41467,0.913983
23799,6,12526,0.911700
23799,7,20735,0.905139
23799,8,18542,0.901692
23799,9,18550,0.901580
23799,10,23796,0.899796
23800,1,25857,0.984022
23800,2,10154,0.982495
23800,3,5678,0.980012
23800,4,37243,0.976190
23800,5,37242,0.976034
23800,6,30258,0.975322
23800,7,4180,0.975010
23800,8,12856,0.974255
23800,9,20681,0.972916
23800,10,39300,0.971948
23830,1,6315,0.943968
23830,2,24704,0.943241
23830,3,23834,0.941025
23830,4,16236,0.937743
23830,5,6323,0.934965
23830,6,17650,0.927414
23830,7,6297,0.926967
23830,8,4567,0.926764
23830,9,23127,0.926379
23830,10,10179,0.925998
23853,1,20874,0.967666
23853,2,25458,0.957177
23853,3,1832,0.955540
23853,4,1730,0.955333
23853,5,9112,0.955265
23853,6,7601,0.953512
23853,7,8299,0.951431
23853,8,3302,0.951212
23853,9,4159,0.950237
23853,10,7753,0.949945
23870,1,26317,0.958392
23870,2,46745,0.957599
23870,3,7136,0.956994
23870,4,7635,0.955567
23870,5,15608,0.953912
23870,6,10012,0.953320
23870,7,7636,0.953306
23870,8,7931,0.953306
23870,9,26256,0.952729
23870,10,14392,0.952683
23890,1,7370,0.978631
23890,2,28323,0.973801
23890,3,39820,0.973333
23890,4,19900,0.973309
23890,5,39818,0.972445
23890,6,11944,0.972429
23890,7,11946,0.970150
23890,8,46094,0.969419
23890,9,11980,0.967359
23890,10,47179,0.966398
24023,1,10826,0.992013
24023,2,24022,0.991106
24023,3,31251,0.989113
24023,4,19158,0.988722
24023,5,10836,0.988460
24023,6,31382,0.988438
24023,7,21399,0.987824
24023,8,7000,0.987648
24023,9,10060,0.987512
24023,10,34248,0.986732
24028,1,24021,0.984397
24028,2,16630,0.981242
24028,3,20262,0.981205
24028,4,18852,0.981141
24028,5,24693,0.980252
24028,6,26726,0.980183
24028,7,31592,0.979766
24028,8,33576,0.978621
24028,9,26725,0.978105
24028,10,18631,0.977918
24029,1,16447,0.983993
24029,2,26284,0.983011
24029,3,7008,0.982040
24029,4,22331,0.981902
24029,5,28929,0.981712
24029,6,10875,0.981144
24029,7,21405,0.981141
24029,8,26280,0.980939
24029,9,23179,0.980861
24029,10,16423,0.979878
24051,1,12649,0.992210
24051,2,31382,0.992054
24051,3,29053,0.991227
24051,4,40106,0.990390
24051,5,25546,0.990161
24051,6,19627,0.990096
24051,7,16317,0.989963
24051,8,33582,0.989937
24051,9,3017,0.989839
24051,10,24022,0.989747
24062,1,10859,0.978934
24062,2,18852,0.978825
24062,3,10867,0.977979
24062,4,18848,0.977550
24062,5,24016,0.976839
24062,6,10831,0.976054
24062,7,24693,0.975646
24062,8,29049,0.974787
24062,9,2781,0.974768
24062,10,16433,0.974639
24068,1,26415,0.993645
24068,2,13940,0.992870
24068,3,20161,0.992627
24068,4,19204,0.992569
24068,5,20159,0.991902
24068,6,11089,0.991568
24068,7,19825,0.991516
24068,8,12186,0.991189
24068,9,8183,0.991073
24068,10,15971,0.991071
24069,1,49168,0.948567
24069,2,37783,0.943063
24069,3,13870,0.942470
24069,4,30800,0.938177
24069,5,8195,0.935520
24069,6,29769,0.934742
24069,7,33058,0.934571
24069,8,29280,0.934026
24069,9,12277,0.933935
24069,10,7167,0.930212
24071,1,17673,0.980721
24071,2,15490,0.980605
24071,3,18546,0.979372
24071,4,17663,0.979270
24071,5,17661,0.977539
24071,6,17672,0.977460
24071,7,2879,0.977301
24071,8,2874,0.976964
24071,9,21026,0.976362
24071,10,51760,0.976260
24098,1,39828,0.891400
24098,2,9707,0.862922
24098,3,39292,0.862734
24098,4,8284,0.862001
24098,5,44573,0.861804
24098,6,41074,0.858225
24098,7,3835,0.858204
24098,8,18498,0.853641
24098,9,41458,0.853171
24098,10,11977,0.852407
24113,1,11859,0.965913
24113,2,46101,0.965204
24113,3,24103,0.964093
24113,4,30250,0.959907
24113,5,11850,0.957945
24113,6,39546,0.956760
24113,7,44709,0.953763
24113,8,23850,0.951814
24113,9,24119,0.949937
24113,10,11863,0.949281
24134,1,6772,0.927345
24134,2,15171,0.924668
24134,3,17232,0.923141
24134,4,33944,0.915330
24134,5,33939,0.915314
24134,6,2038,0.914312
24134,7,19692,0.911658
24134,8,21588,0.911621
24134,9,33951,0.908422
24134,10,13711,0.906973
24176,1,24173,0.905456
24176,2,28720,0.840002
24176,3,30932,0.827715
24176,4,11569,0.825477
24176,5,28773,0.824571
24176,6,30886,0.818812
24176,7,32254,0.812335
24176,8,28951,0.812199
24176,9,12110,0.812171
24176,10,11550,0.810291
24237,1,47023,0.971188
24237,2,31694,0.966529
24237,3,40617,0.966355
24237,4,40611,0.966181
24237,5,28753,0.965829
24237,6,40602,0.964609
24237,7,40606,0.964346
24237,8,24241,0.963302
24237,9,22040,0.962469
24237,10,40642,0.962172
24250,1,22096,0.950440
24250,2,3309,0.946823
24250,3,17483,0.946653
24250,4,23906,0.944618
24250,5,44758,0.943222
24250,6,13116,0.941533
24250,7,17843,0.940013
24250,8,5578,0.938980
24250,9,34642,0.938752
24250,10,5483,0.938671
24266,1,34246,0.976962
24266,2,15023,0.973717
24266,3,12620,0.973495
24266,4,12210,0.972796
24266,5,3766,0.972664
24266,6,10455,0.972420
24266,7,12625,0.972401
24266,8,7359,0.972068
24266,9,1869,0.971958
24266,10,6020,0.971660
24267,1,19426,0.990963
24267,2,6016,0.990417
24267,3,13858,0.990207
24267,4,5948,0.989579
24267,5,29611,0.989491
24267,6,12951,0.989380
24267,7,8183,0.989101
24267,8,33062,0.989046
24267,9,10482,0.988973
24267,10,16814,0.988953
24293,1,51180,0.973253
24293,2,46862,0.971070
24293,3,36410,0.970996
24293,4,51167,0.970851
24293,5,51153,0.970403
24293,6,46868,0.970243
24293,7,51152,0.970237
24293,8,46879,0.970120
24293,9,32000,0.969931
24293,10,36378,0.969880
24323,1,37698,0.968574
24323,2,29578,0.967889
24323,3,29269,0.967457
24323,4,17986,0.966834
24323,5,24326,0.965012
24323,6,9523,0.964833
24323,7,34461,0.962907
24323,8,5220,0.962862
24323,9,21263,0.962499
24323,10,20935,0.962361
24329,1,20372,0.897119
24329,2,4774,0.895200
24329,3,7486,0.893759
24329,4,8762,0.890636
24329,5,20373,0.890201
24329,6,2113,0.887533
24329,7,15632,0.887483
24329,8,19011,0.885095
24329,9,46742,0.883952
24329,10,18006,0.882834
24337,1,18938,0.979255
24337,2,13951,0.976818
24337,3,28928,0.971733
24337,4,6027,0.971016
24337,5,14911,0.970855
24337,6,16427,0.970423
24337,7,24059,0.970324
24337,8,7352,0.970078
24337,9,24732,0.970066
24337,10,23208,0.970016
24339,1,26236,0.972535
24339,2,26238,0.972154
24339,3,40093,0.970049
24339,4,26269,0.968458
24339,5,14078,0.966823
24339,6,9767,0.966645
24339,7,22805,0.965211
24339,8,16493,0.964670
24339,9,26276,0.964665
24339,10,13435,0.963937
24343,1,20004,0.982495
24343,2,24338,0.978949
24343,3,19582,0.978725
24343,4,10372,0.975437
24343,5,11740,0.975194
24343,6,18615,0.974464
24343,7,42175,0.974356
24343,8,48416,0.974056
24343,9,10992,0.973483
24343,10,1998,0.973387
24344,1,15469,0.985000
24344,2,18989,0.984358
24344,3,24336,0.983470
24344,4,7867,0.983297
24344,5,18500,0.980921
24344,6,12572,0.980701
24344,7,16643,0.980444
24344,8,42108,0.979423
24344,9,7645,0.979349
24344,10,5826,0.977829
24360,1,24362,0.982850
24360,2,23309,0.969993
24360,3,28940,0.967663
24360,4,27282,0.966342
24360,5,27301,0.966278
24360,6,11793,0.964050
24360,7,33022,0.963674
24360,8,22053,0.963628
24360,9,24604,0.962995
24360,10,22756,0.962866
24367,1,27284,0.990020
24367,2,24359,0.989747
24367,3,24364,0.989524
24367,4,30867,0.989393
24367,5,11591,0.987587
24367,6,33032,0.987587
24367,7,42546,0.987556
24367,8,22761,0.986788
24367,9,30883,0.986778
24367,10,24373,0.986763
24386,1,24387,0.972945
24386,2,27290,0.972857
24386,3,22744,0.972243
24386,4,11808,0.969746
24386,5,21888,0.968592
24386,6,12064,0.968181
24386,7,28696,0.968135
24386,8,28727,0.967959
24386,9,24365,0.967856
24386,10,24373,0.967632
24390,1,12789,0.977710
24390,2,30882,0.976675
24390,3,11625,0.976153
24390,4,22743,0.975209
24390,5,24359,0.974921
24390,6,28733,0.974086
24390,7,28712,0.973800
24390,8,11591,0.972662
24390,9,30877,0.972211
24390,10,22776,0.972176
24409,1,10089,0.966473
24409,2,17741,0.965768
24409,3,4175,0.965530
24409,4,4639,0.964131
24409,5,13213,0.963210
24409,6,5465,0.961576
24409,7,11928,0.958488
24409,8,9118,0.958327
24409,9,13727,0.957796
24409,10,10110,0.957680
24414,1,7724,0.929483
24414,2,1571,0.926540
24414,3,4172,0.922343
24414,4,31971,0.921302
24414,5,9323,0.920924
24414,6,22711,0.919434
24414,7,3661,0.919420
24414,8,3303,0.918633
24414,9,8093,0.918465
24414,10,35826,0.915671
24419,1,5749,0.950208
24419,2,5534,0.949197
24419,3,24410,0.945906
24419,4,36447,0.944774
24419,5,13700,0.941182
24419,6,34830,0.941159
24419,7,38674,0.939937
24419,8,18906,0.939825
24419,9,41443,0.937329
24419,10,39900,0.936260
24424,1,6741,0.979990
24424,2,13652,0.978436
24424,3,4044,0.972797
24424,4,23806,0.971401
24424,5,35712,0.971236
24424,6,25417,0.969602
24424,7,23927,0.969482
24424,8,32178,0.968783
24424,9,23837,0.968144
24424,10,6848,0.966998
24425,1,10092,0.975019
24425,2,19863,0.974081
24425,3,34835,0.973369
24425,4,6680,0.972649
24425,5,23939,0.972380
24425,6,19307,0.971417
24425,7,23927,0.971078
24425,8,26602,0.970396
24425,9,5536,0.969748
24425,10,15709,0.969622
24458,1,10179,0.975853
24458,2,25482,0.966185
24458,3,6297,0.963849
24458,4,38669,0.963137
24458,5,16236,0.960971
24458,6,25481,0.957676
24458,7,6313,0.953806
24458,8,17653,0.953272
24458,9,23127,0.950353
24458,10,24704,0.947218
24460,1,24456,0.982112
24460,2,15289,0.981905
24460,3,17748,0.980767
24460,4,9115,0.980665
24460,5,46805,0.980632
24460,6,3311,0.980216
24460,7,6833,0.979796
24460,8,18421,0.975854
24460,9,4170,0.974719
24460,10,41841,0.974677
24462,1,38243,0.979185
24462,2,15710,0.978388
24462,3,23794,0.977491
24462,4,44709,0.977038
24462,5,24119,0.977007
24462,6,24110,0.975991
24462,7,46101,0.975805
24462,8,18677,0.975693
24462,9,39950,0.975255
24462,10,41220,0.973495
24466,1,25458,0.951580
24466,2,20874,0.943181
24466,3,1832,0.942650
24466,4,20875,0.940665
24466,5,4159,0.938692
24466,6,3219,0.935908
24466,7,44408,0.934458
24466,8,12890,0.933534
24466,9,7753,0.932651
24466,10,7601,0.932365
24482,1,44418,0.988318
24482,2,9703,0.986660
24482,3,35055,0.986428
24482,4,33703,0.986231
24482,5,39209,0.984882
24482,6,10265,0.984641
24482,7,23250,0.984433
24482,8,21071,0.984320
24482,9,20836,0.984101
24482,10,9704,0.983906
24496,1,15838,0.946192
24496,2,22773,0.944505
24496,3,42423,0.943744
24496,4,24590,0.942681
24496,5,15842,0.942409
24496,6,30841,0.942408
24496,7,40652,0.942208
24496,8,11544,0.941632
24496,9,24376,0.941468
24496,10,32238,0.941140
24508,1,30884,0.975430
24508,2,28713,0.974639
24508,3,46999,0.974609
24508,4,24522,0.974391
24508,5,24516,0.974095
24508,6,19097,0.973265
24508,7,28696,0.972862
24508,8,28726,0.972852
24508,9,11547,0.972778
24508,10,24590,0.972586
24515,1,19060,0.980693
24515,2,19095,0.978228
24515,3,19081,0.970896
24515,4,28762,0.968899
24515,5,19058,0.968598
24515,6,24510,0.968062
24515,7,28909,0.963261
24515,8,24511,0.960594
24515,9,28752,0.960299
24515,10,24520,0.959903
24535,1,28720,0.922365
24535,2,28773,0.917844
24535,3,30932,0.912594
24535,4,24173,0.909600
24535,5,12110,0.909539
24535,6,11556,0.906656
24535,7,30912,0.904347
24535,8,11617,0.903228
24535,9,11569,0.900914
24535,10,30881,0.900687
24547,1,37159,0.945338
24547,2,42206,0.943430
24547,3,32400,0.943385
24547,4,21141,0.939465
24547,5,50708,0.939400
24547,6,39216,0.938886
24547,7,14120,0.938822
24547,8,24816,0.938630
24547,9,32401,0.938323
24547,10,26865,0.937634
24558,1,28755,0.980567
24558,2,11549,0.979064
24558,3,11535,0.976880
24558,4,15833,0.976375
24558,5,11811,0.975541
24558,6,12101,0.974576
24558,7,12060,0.973817
24558,8,45739,0.973559
24558,9,28717,0.973072
24558,10,12074,0.973065
24561,1,33549,0.986629
24561,2,40256,0.985704
24561,3,33548,0.985308
24561,4,13402,0.985090
24561,5,29290,0.985033
24561,6,20140,0.984689
24561,7,13764,0.984563
24561,8,21389,0.984259
24561,9,13760,0.984013
24561,10,31661,0.983654
24562,1,22352,0.978957
24562,2,19712,0.977570
24562,3,37733,0.977325
24562,4,22377,0.977259
24562,5,17752,0.976546
24562,6,23991,0.976521
24562,7,25540,0.975893
24562,8,23956,0.975768
24562,9,16463,0.975736
24562,10,9067,0.975701
24565,1,8265,0.992692
24565,2,13764,0.992101
24565,3,16027,0.991769
24565,4,13402,0.991753
24565,5,11089,0.991708
24565,6,8183,0.991690
24565,7,33549,0.991536
24565,8,20161,0.991427
24565,9,16038,0.991387
24565,10,8729,0.991142
24593,1,22393,0.941156
24593,2,19597,0.936902
24593,3,10496,0.935964
24593,4,41406,0.935900
24593,5,30140,0.934370
24593,6,19924,0.934292
24593,7,15478,0.934197
24593,8,11021,0.933029
24593,9,26939,0.932801
24593,10,14119,0.931985
24594,1,14119,0.972946
24594,2,9688,0.971678
24594,3,24566,0.970751
24594,4,1993,0.970437
24594,5,10502,0.970106
24594,6,15483,0.969977
24594,7,14718,0.969398
24594,8,16822,0.968290
24594,9,13159,0.967632
24594,10,16125,0.967215
24601,1,24557,0.978367
24601,2,33042,0.977282
24601,3,24398,0.976486
24601,4,20097,0.976323
24601,5,24366,0.976069
24601,6,12069,0.975715
24601,7,28707,0.974069
24601,8,28713,0.973864
24601,9,11590,0.973440
24601,10,22776,0.973419
24615,1,36323,0.978461
24615,2,41750,0.973831
24615,3,33255,0.972725
24615,4,10691,0.972723
24615,5,35880,0.970263
24615,6,4199,0.969259
24615,7,33305,0.969254
24615,8,4219,0.967912
24615,9,35885,0.966237
24615,10,42778,0.965562
24648,1,24647,0.992547
24648,2,24643,0.990552
24648,3,39056,0.988110
24648,4,39058,0.986582
24648,5,24644,0.985859
24648,6,14144,0.985830
24648,7,39057,0.985401
24648,8,14137,0.984382
24648,9,14140,0.984363
24648,10,14152,0.984000
24649,1,22239,0.966473
24649,2,19771,0.962075
24649,3,4017,0.959914
24649,4,3790,0.958199
24649,5,11819,0.956883
24649,6,20896,0.954299
24649,7,4131,0.954083
24649,8,7048,0.953312
24649,9,25404,0.949859
24649,10,22237,0.949653
24679,1,14587,0.938558
24679,2,24680,0.930617
24679,3,17060,0.927592
24679,4,33470,0.926883
24679,5,50214,0.923622
24679,6,24784,0.922101
24679,7,17062,0.918886
24679,8,33727,0.918794
24679,9,42902,0.917316
24679,10,48124,0.917054
24710,1,17815,0.943677
24710,2,41077,0.942890
24710,3,29239,0.940702
24710,4,41078,0.940007
24710,5,6402,0.937585
24710,6,10300,0.936716
24710,7,7330,0.934725
24710,8,19361,0.934456
24710,9,12484,0.933785
24710,10,35699,0.933745
24712,1,7802,0.951767
24712,2,26684,0.946106
24712,3,44233,0.939050
24712,4,25444,0.935493
24712,5,22493,0.932495
24712,6,47241,0.932445
24712,7,7045,0.931408
24712,8,15407,0.931252
24712,9,4128,0.930218
24712,10,6376,0.929029
24716,1,13979,0.901842
24716,2,10293,0.894520
24716,3,4446,0.894469
24716,4,3504,0.889182
24716,5,44933,0.887851
24716,6,12961,0.886526
24716,7,50730,0.883214
24716,8,4653,0.882469
24716,9,3628,0.880934
24716,10,10283,0.879277
24720,1,22104,0.969361
24720,2,6201,0.966333
24720,3,41837,0.960972
24720,4,24249,0.960522
24720,5,41838,0.959539
24720,6,10306,0.957062
24720,7,19352,0.955924
24720,8,40775,0.954838
24720,9,19353,0.954279
24720,10,15520,0.952039
24724,1,31234,0.976721
24724,2,7629,0.976640
24724,3,13422,0.976120
24724,4,29343,0.975599
24724,5,14531,0.975079
24724,6,31363,0.974770
24724,7,33585,0.974685
24724,8,10060,0.974666
24724,9,33574,0.974643
24724,10,29040,0.974409
24749,1,13679,0.963448
24749,2,26605,0.957833
24749,3,15729,0.957558
24749,4,40322,0.957463
24749,5,12706,0.956998
24749,6,3181,0.956033
24749,7,12954,0.953337
24749,8,29123,0.951351
24749,9,38646,0.950591
24749,10,34835,0.950393
24770,1,3997,0.997395
24770,2,11851,0.916867
24770,3,24769,0.911850
24770,4,17494,0.911692
24770,5,15521,0.905409
24770,6,15519,0.901109
24770,7,15738,0.899694
24770,8,18649,0.897877
24770,9,43298,0.896315
24770,10,15070,0.896080
24777,1,41018,0.963567
24777,2,38413,0.959578
24777,3,18014,0.959332
24777,4,14589,0.959320
24777,5,38407,0.953285
24777,6,36885,0.951736
24777,7,25756,0.950947
24777,8,25729,0.949958
24777,9,37231,0.948902
24777,10,41016,0.947474
24795,1,22920,0.866743
24795,2,28576,0.864230
24795,3,22923,0.857415
24795,4,45242,0.854050
24795,5,43208,0.853751
24795,6,10327,0.851276
24795,7,38037,0.850839
24795,8,8117,0.848371
24795,9,51559,0.845774
24795,10,45239,0.845745
24848,1,11349,0.976211
24848,2,11332,0.974473
24848,3,31672,0.972118
24848,4,12828,0.970448
24848,5,24755,0.970240
24848,6,11350,0.970148
24848,7,46893,0.969998
24848,8,11331,0.969937
24848,9,15562,0.969788
24848,10,28821,0.969212
24855,1,18274,0.834115
24855,2,12772,0.822545
24855,3,27091,0.809685
24855,4,39457,0.806057
24855,5,18283,0.799218
24855,6,33222,0.792643
24855,7,28749,0.791319
24855,8,23213,0.790518
24855,9,12150,0.790075
24855,10,42228,0.789318
24869,1,17634,0.868917
24869,2,14632,0.857166
24869,3,20068,0.848801
24869,4,17380,0.848060
24869,5,17386,0.845860
24869,6,17388,0.845201
24869,7,14635,0.844108
24869,8,13720,0.843010
24869,9,13718,0.841912
24869,10,17385,0.838225
24912,1,36313,0.979202
24912,2,41751,0.978093
24912,3,35883,0.977621
24912,4,35881,0.977268
24912,5,38492,0.976829
24912,6,22638,0.976743
24912,7,36316,0.976706
24912,8,38346,0.976232
24912,9,36723,0.976114
24912,10,48251,0.975555
24975,1,13159,0.982831
24975,2,11659,0.981097
24975,3,26947,0.980479
24975,4,19923,0.980408
24975,5,16822,0.979645
24975,6,8440,0.978640
24975,7,24566,0.977894
24975,8,10502,0.977738
24975,9,9688,0.977388
24975,10,26361,0.977096
24976,1,14103,0.886527
24976,2,33747,0.866657
24976,3,30932,0.845639
24976,4,33030,0.843897
24976,5,28773,0.842614
24976,6,11550,0.840999
24976,7,11617,0.837118
24976,8,40402,0.823677
24976,9,25692,0.822269
24976,10,11606,0.819971
24988,1,28470,0.945868
24988,2,26903,0.944270
24988,3,42206,0.941415
24988,4,29275,0.941035
24988,5,29276,0.940063
24988,6,33179,0.938959
24988,7,30956,0.937505
24988,8,19578,0.934963
24988,9,20120,0.934826
24988,10,30930,0.934804
24992,1,37167,0.727165
24992,2,28544,0.692144
24992,3,28640,0.690883
24992,4,36202,0.654058
24992,5,13335,0.631159
24992,6,15331,0.629615
24992,7,2720,0.629156
24992,8,29688,0.625036
24992,9,39749,0.621708
24992,10,31113,0.620537
25013,1,21508,0.933240
25013,2,21971,0.932221
25013,3,27059,0.921544
25013,4,42845,0.914203
25013,5,25170,0.911837
25013,6,20459,0.908347
25013,7,42844,0.907952
25013,8,46965,0.903300
25013,9,17139,0.902791
25013,10,36674,0.901453
25037,1,11098,0.916609
25037,2,11099,0.904641
25037,3,9993,0.900854
25037,4,51614,0.900478
25037,5,25036,0.897110
25037,6,23046,0.896876
25037,7,41315,0.893772
25037,8,30816,0.893089
25037,9,50019,0.892439
25037,10,44686,0.891486
25057,1,25046,0.992322
25057,2,25084,0.991090
25057,3,25049,0.990843
25057,4,25048,0.990557
25057,5,25055,0.989856
25057,6,25045,0.989129
25057,7,25083,0.988766
25057,8,17371,0.988670
25057,9,25047,0.988141
25057,10,25079,0.987875
25059,1,25083,0.994112
25059,2,25082,0.993842
25059,3,25055,0.993503
25059,4,25069,0.992679
25059,5,25062,0.992614
25059,6,25048,0.992015
25059,7,25045,0.991954
25059,8,25054,0.991644
25059,9,25051,0.991637
25059,10,25074,0.990788
25060,1,25069,0.995176
25060,2,25054,0.994709
25060,3,25070,0.994556
25060,4,25051,0.994505
25060,5,25082,0.992817
25060,6,25081,0.992192
25060,7,25049,0.992139
25060,8,25073,0.992078
25060,9,25080,0.992032
25060,10,25064,0.991753
25085,1,42074,0.996473
25085,2,36541,0.994026
25085,3,51843,0.992540
25085,4,21812,0.992158
25085,5,36910,0.992077
25085,6,42966,0.991736
25085,7,43388,0.991661
25085,8,40220,0.990720
25085,9,27760,0.990405
25085,10,42077,0.990153
25089,1,28587,0.995490
25089,2,24620,0.993869
25089,3,24619,0.993448
25089,4,21809,0.991428
25089,5,28588,0.991025
25089,6,25094,0.990197
25089,7,27777,0.989194
25089,8,21813,0.988881
25089,9,25437,0.988636
25089,10,25087,0.987919
25090,1,25094,0.994866
25090,2,25087,0.994746
25090,3,21809,0.994145
25090,4,29085,0.994094
25090,5,25437,0.993812
25090,6,29084,0.993762
25090,7,25097,0.993724
25090,8,21820,0.993237
25090,9,20863,0.992577
25090,10,21806,0.991907
25099,1,48122,0.963418
25099,2,17074,0.957553
25099,3,48549,0.956066
25099,4,33460,0.955701
25099,5,33729,0.955482
25099,6,38417,0.955032
25099,7,20408,0.954755
25099,8,20401,0.954278
25099,9,33485,0.953808
25099,10,20542,0.953294
25102,1,42914,0.970315
25102,2,20401,0.963233
25102,3,17074,0.962479
25102,4,33481,0.960655
25102,5,25100,0.959629
25102,6,20537,0.958100
25102,7,20429,0.956689
25102,8,37063,0.955414
25102,9,21008,0.954883
25102,10,48120,0.954120
25120,1,25118,0.990920
25120,2,49561,0.989659
25120,3,16739,0.989586
25120,4,49536,0.989571
25120,5,49534,0.987974
25120,6,36975,0.987841
25120,7,16755,0.986698
25120,8,37861,0.983806
25120,9,36978,0.983799
25120,10,47302,0.983298
25141,1,25139,0.980146
25141,2,25142,0.977548
25141,3,31916,0.973363
25141,4,16752,0.967705
25141,5,49523,0.966459
25141,6,17113,0.964572
25141,7,25126,0.964513
25141,8,49561,0.964329
25141,9,17112,0.963952
25141,10,32723,0.963933
25146,1,42840,0.951031
25146,2,25189,0.950527
25146,3,27736,0.949611
25146,4,21996,0.948544
25146,5,46977,0.948519
25146,6,18041,0.948478
25146,7,51906,0.947961
25146,8,28447,0.947549
25146,9,21498,0.947109
25146,10,51928,0.945007
25152,1,25278,0.980897
25152,2,25231,0.973548
25152,3,29730,0.972358
25152,4,43271,0.972044
25152,5,20512,0.971852
25152,6,46979,0.971745
25152,7,44242,0.971685
25152,8,27682,0.971368
25152,9,33423,0.971280
25152,10,3386,0.970595
25157,1,47372,0.972703
25157,2,21946,0.971682
25157,3,27745,0.971105
25157,4,26437,0.969453
25157,5,47421,0.968395
25157,6,25168,0.967523
25157,7,14879,0.966742
25157,8,10199,0.965781
25157,9,10322,0.965609
25157,10,25164,0.965241
25161,1,25239,0.965606
25161,2,19946,0.962855
25161,3,21966,0.962568
25161,4,25220,0.962239
25161,5,51906,0.961481
25161,6,25156,0.961472
25161,7,18041,0.958861
25161,8,21965,0.957815
25161,9,21940,0.957667
25161,10,34551,0.957498
25186,1,10248,0.971738
25186,2,48190,0.969640
25186,3,50238,0.968995
25186,4,25168,0.968755
25186,5,10724,0.968592
25186,6,10224,0.968476
25186,7,2649,0.968290
25186,8,20421,0.968278
25186,9,50188,0.967708
25186,10,39549,0.967562
25207,1,25189,0.996049
25207,2,27679,0.987224
25207,3,21962,0.984514
25207,4,27747,0.983493
25207,5,36520,0.980985
25207,6,35901,0.980313
25207,7,26436,0.980032
25207,8,27737,0.979735
25207,9,20490,0.979586
25207,10,25181,0.978460
25208,1,25239,0.956145
25208,2,17124,0.953544
25208,3,21494,0.951626
25208,4,20511,0.951028
25208,5,26431,0.949951
25208,6,20521,0.949315
25208,7,17139,0.947596
25208,8,51906,0.947551
25208,9,21940,0.947186
25208,10,19946,0.946624
25210,1,21956,0.985004
25210,2,14880,0.982252
25210,3,20509,0.982181
25210,4,46980,0.982169
25210,5,21962,0.982102
25210,6,21752,0.981546
25210,7,3401,0.981118
25210,8,25204,0.981110
25210,9,46979,0.980924
25210,10,20512,0.980654
25215,1,25245,0.977293
25215,2,25213,0.965203
25215,3,25182,0.961144
25215,4,34763,0.960434
25215,5,48180,0.959050
25215,6,25223,0.958258
25215,7,34552,0.958110
25215,8,25275,0.957862
25215,9,25253,0.957558
25215,10,25180,0.957515
25217,1,27680,0.922926
25217,2,10729,0.922414
25217,3,25292,0.922156
25217,4,14886,0.921926
25217,5,24738,0.921362
25217,6,38439,0.920684
25217,7,48188,0.920468
25217,8,42860,0.920061
25217,9,47395,0.919441
25217,10,26437,0.917852
25218,1,17130,0.986586
25218,2,21963,0.986208
25218,3,22014,0.984054
25218,4,36520,0.984044
25218,5,25168,0.983890
25218,6,27733,0.983585
25218,7,25242,0.983535
25218,8,25204,0.983453
25218,9,47379,0.983434
25218,10,25199,0.983176
25226,1,34551,0.973635
25226,2,25156,0.969797
25226,3,47129,0.958339
25226,4,51906,0.956052
25226,5,25220,0.955107
25226,6,21938,0.953541
25226,7,19946,0.952613
25226,8,20521,0.951199
25226,9,36664,0.950602
25226,10,9924,0.950437
25233,1,14880,0.980917
25233,2,21956,0.980549
25233,3,25204,0.980514
25233,4,38424,0.980492
25233,5,21962,0.980197
25233,6,20509,0.979828
25233,7,25242,0.979535
25233,8,24766,0.979323
25233,9,22014,0.978940
25233,10,21752,0.978680
25236,1,10223,0.961997
25236,2,18029,0.961793
25236,3,25268,0.958647
25236,4,14882,0.957361
25236,5,17121,0.956853
25236,6,14879,0.956448
25236,7,25181,0.954524
25236,8,25165,0.953899
25236,9,37002,0.953515
25236,10,20493,0.951277
25243,1,47880,0.966436
25243,2,38441,0.966018
25243,3,25209,0.965959
25243,4,43570,0.964592
25243,5,14882,0.963330
25243,6,14814,0.963224
25243,7,27675,0.961557
25243,8,25240,0.960627
25243,9,50188,0.960537
25243,10,4603,0.960329
25244,1,17124,0.959657
25244,2,25239,0.959059
25244,3,20521,0.957257
25244,4,21940,0.955691
25244,5,19946,0.953682
25244,6,21494,0.953027
25244,7,51906,0.952834
25244,8,17139,0.952388
25244,9,34551,0.952225
25244,10,37423,0.952119
25250,1,42865,0.866628
25250,2,21508,0.850856
25250,3,27748,0.839369
25250,4,42845,0.836831
25250,5,21971,0.836581
25250,6,48175,0.836396
25250,7,33437,0.833499
25250,8,20459,0.830562
25250,9,36674,0.827525
25250,10,25170,0.826039
25281,1,14794,0.954453
25281,2,10246,0.952234
25281,3,14788,0.952046
25281,4,25170,0.950755
25281,5,25178,0.949524
25281,6,20421,0.949037
25281,7,25274,0.949004
25281,8,42844,0.947816
25281,9,47342,0.946431
25281,10,46971,0.945958
25282,1,48189,0.963550
25282,2,20509,0.962591
25282,3,46972,0.961974
25282,4,2649,0.960565
25282,5,35918,0.960433
25282,6,14880,0.959539
25282,7,25237,0.959004
25282,8,17125,0.958621
25282,9,26436,0.958393
25282,10,36992,0.958270
25285,1,38361,0.964106
25285,2,27796,0.960347
25285,3,42073,0.959460
25285,4,36127,0.956471
25285,5,41271,0.956316
25285,6,44604,0.956242
25285,7,36113,0.955841
25285,8,44600,0.955612
25285,9,41273,0.955325
25285,10,41277,0.954591
25287,1,25286,0.937551
25287,2,25290,0.921793
25287,3,27675,0.916425
25287,4,36676,0.908690
25287,5,34760,0.907586
25287,6,10217,0.907533
25287,7,47352,0.906737
25287,8,42842,0.905985
25287,9,17122,0.905835
25287,10,25202,0.905523
25296,1,25292,0.983558
25296,2,25293,0.983332
25296,3,25294,0.978397
25296,4,37088,0.976779
25296,5,25295,0.975848
25296,6,37083,0.974984
25296,7,37071,0.974379
25296,8,37090,0.972688
25296,9,37068,0.971753
25296,10,25175,0.969836
25297,1,25292,0.982526
25297,2,25293,0.978408
25297,3,37090,0.973567
25297,4,25175,0.971302
25297,5,25294,0.970482
25297,6,25295,0.969832
25297,7,37083,0.968598
25297,8,37088,0.968211
25297,9,37077,0.968201
25297,10,33630,0.967977
25306,1,25303,0.992927
25306,2,25301,0.992447
25306,3,25305,0.986463
25306,4,25300,0.977257
25306,5,20457,0.970670
25306,6,20476,0.968160
25306,7,44255,0.964723
25306,8,20531,0.964332
25306,9,20403,0.964275
25306,10,20587,0.963250
25313,1,21680,0.884930
25313,2,21672,0.881027
25313,3,25649,0.877119
25313,4,10327,0.874913
25313,5,28585,0.870794
25313,6,13840,0.868703
25313,7,43185,0.867490
25313,8,11648,0.867188
25313,9,39711,0.865418
25313,10,11000,0.863148
25317,1,11191,0.977449
25317,2,17445,0.974570
25317,3,32320,0.974426
25317,4,45931,0.974103
25317,5,17447,0.973792
25317,6,36781,0.973357
25317,7,45927,0.973110
25317,8,46494,0.972585
25317,9,29422,0.972477
25317,10,36898,0.972338
25321,1,43200,0.962783
25321,2,8108,0.961942
25321,3,29410,0.958359
25321,4,32342,0.958347
25321,5,38043,0.957157
25321,6,37498,0.956553
25321,7,29418,0.955418
25321,8,29440,0.955130
25321,9,31862,0.954840
25321,10,45919,0.954476
25329,1,25330,0.985197
25329,2,44981,0.981948
25329,3,19762,0.978684
25329,4,25622,0.977986
25329,5,17454,0.977963
25329,6,43199,0.976612
25329,7,51532,0.976591
25329,8,25623,0.976252
25329,9,11218,0.975788
25329,10,21677,0.975355
25335,1,45229,0.982475
25335,2,10192,0.978761
25335,3,45121,0.978060
25335,4,41047,0.977695
25335,5,32301,0.977438
25335,6,45231,0.977315
25335,7,36761,0.976817
25335,8,44980,0.976710
25335,9,46489,0.976644
25335,10,45043,0.976543
25351,1,25350,0.991829
25351,2,28094,0.991372
25351,3,28134,0.990519
25351,4,27951,0.990171
25351,5,27992,0.989713
25351,6,27976,0.989174
25351,7,27990,0.988905
25351,8,28121,0.988605
25351,9,27997,0.988229
25351,10,28017,0.987790
25353,1,28021,0.985920
25353,2,28053,0.985909
25353,3,27975,0.985821
25353,4,49933,0.985712
25353,5,18706,0.985695
25353,6,28033,0.985251
25353,7,18682,0.985071
25353,8,50546,0.984985
25353,9,28121,0.984376
25353,10,27997,0.984190
25360,1,18694,0.990954
25360,2,50629,0.990033
25360,3,18377,0.989742
25360,4,17859,0.989740
25360,5,50469,0.987949
25360,6,50468,0.987284
25360,7,18378,0.986981
25360,8,17860,0.986603
25360,9,50690,0.986220
25360,10,25361,0.986101
25381,1,17883,0.991126
25381,2,25379,0.989323
25381,3,17873,0.988201
25381,4,13613,0.986197
25381,5,17882,0.985740
25381,6,18384,0.984778
25381,7,50494,0.984715
25381,8,13566,0.984584
25381,9,17879,0.984232
25381,10,15756,0.984026
25383,1,25373,0.990537
25383,2,32046,0.988278
25383,3,50029,0.988130
25383,4,17882,0.987634
25383,5,15756,0.985531
25383,6,45661,0.985455
25383,7,49969,0.985436
25383,8,47506,0.985245
25383,9,13566,0.984652
25383,10,13564,0.984343
25386,1,34617,0.936628
25386,2,28035,0.918269
25386,3,18686,0.917065
25386,4,50523,0.916651
25386,5,28040,0.914300
25386,6,31407,0.914112
25386,7,28051,0.908942
25386,8,32720,0.904032
25386,9,28132,0.903847
25386,10,28062,0.903672
25395,1,25394,0.983126
25395,2,17877,0.971902
25395,3,13615,0.969675
25395,4,25378,0.968503
25395,5,13587,0.967066
25395,6,13602,0.966083
25395,7,49939,0.965620
25395,8,49943,0.965097
25395,9,50555,0.963527
25395,10,25376,0.961847
25399,1,26436,0.978791
25399,2,25199,0.978133
25399,3,46972,0.977288
25399,4,37858,0.977211
25399,5,25168,0.976756
25399,6,25197,0.973587
25399,7,25242,0.973263
25399,8,25194,0.972608
25399,9,25212,0.972582
25399,10,17127,0.972456
25412,1,12706,0.955816
25412,2,4514,0.953711
25412,3,25411,0.949571
25412,4,44774,0.949208
25412,5,44773,0.948450
25412,6,39651,0.944523
25412,7,36423,0.943184
25412,8,12718,0.942585
25412,9,36463,0.941467
25412,10,6751,0.941099
25418,1,13650,0.980009
25418,2,23877,0.979553
25418,3,5737,0.977343
25418,4,12973,0.977249
25418,5,24413,0.977246
25418,6,23847,0.976741
25418,7,5322,0.975646
25418,8,5042,0.974968
25418,9,26695,0.974507
25418,10,42017,0.973663
25464,1,34650,0.957252
25464,2,36146,0.952914
25464,3,35705,0.948677
25464,4,26604,0.946407
25464,5,32181,0.945916
25464,6,34651,0.945611
25464,7,22710,0.943595
25464,8,35711,0.943261
25464,9,33837,0.941897
25464,10,36233,0.941466
25471,1,25420,0.939981
25471,2,15731,0.921068
25471,3,25473,0.914053
25471,4,4506,0.909275
25471,5,9060,0.907840
25471,6,4159,0.906481
25471,7,19309,0.903010
25471,8,7733,0.901150
25471,9,18480,0.900637
25471,10,3371,0.899347
25483,1,15385,0.962985
25483,2,41215,0.954065
25483,3,23831,0.952911
25483,4,6117,0.949440
25483,5,39544,0.948978
25483,6,21179,0.948500
25483,7,2250,0.944694
25483,8,23822,0.940645
25483,9,24631,0.940487
25483,10,23095,0.940011
25497,1,25495,0.958164
25497,2,48528,0.957518
25497,3,36834,0.956070
25497,4,24103,0.955420
25497,5,5602,0.954937
25497,6,3621,0.954935
25497,7,18653,0.954682
25497,8,26686,0.954115
25497,9,44715,0.954041
25497,10,21179,0.953957
25505,1,38246,0.980520
25505,2,34101,0.979545
25505,3,31149,0.979228
25505,4,48240,0.978460
25505,5,15570,0.978369
25505,6,36718,0.978298
25505,7,35884,0.978258
25505,8,35874,0.978156
25505,9,24906,0.978096
25505,10,17615,0.978062
25521,1,13565,0.996391
25521,2,17882,0.995590
25521,3,13574,0.995181
25521,4,25373,0.995169
25521,5,32046,0.994631
25521,6,13573,0.994475
25521,7,13566,0.993375
25521,8,15756,0.992388
25521,9,13576,0.992345
25521,10,13564,0.992178
25544,1,16145,0.974806
25544,2,8445,0.974797
25544,3,16142,0.973573
25544,4,16147,0.972610
25544,5,16146,0.971745
25544,6,26360,0.969846
25544,7,10510,0.969575
25544,8,26875,0.969468
25544,9,16141,0.968300
25544,10,26362,0.965587
25556,1,25555,0.958681
25556,2,24130,0.954892
25556,3,20009,0.954612
25556,4,3268,0.953989
25556,5,19448,0.952904
25556,6,19581,0.952758
25556,7,8288,0.952404
25556,8,25546,0.952223
25556,9,7951,0.952098
25556,10,12053,0.951888
25620,1,38045,0.911373
25620,2,41029,0.911225
25620,3,11207,0.909304
25620,4,11005,0.904768
25620,5,31860,0.904685
25620,6,11640,0.903720
25620,7,10383,0.902540
25620,8,23262,0.901794
25620,9,25312,0.901661
25620,10,21711,0.901632
25639,1,51528,0.967712
25639,2,51561,0.964731
25639,3,46418,0.962691
25639,4,10316,0.959643
25639,5,10241,0.959507
25639,6,45931,0.959424
25639,7,10098,0.959113
25639,8,29452,0.958888
25639,9,46471,0.958721
25639,10,51564,0.958583
25660,1,25618,0.978552
25660,2,46543,0.977889
25660,3,45215,0.974420
25660,4,37326,0.973464
25660,5,39018,0.973208
25660,6,45186,0.971984
25660,7,46512,0.971428
25660,8,45296,0.971391
25660,9,26340,0.971237
25660,10,8139,0.971099
25671,1,23263,0.977539
25671,2,23271,0.977162
25671,3,43188,0.975379
25671,4,43178,0.974952
25671,5,25650,0.974504
25671,6,10997,0.973675
25671,7,25652,0.972694
25671,8,10587,0.971743
25671,9,29919,0.971526
25671,10,36774,0.971457
25676,1,11642,0.978946
25676,2,25636,0.978570
25676,3,21695,0.975606
25676,4,51636,0.974468
25676,5,21478,0.974360
25676,6,38004,0.972858
25676,7,46450,0.972010
25676,8,25682,0.971787
25676,9,10593,0.971436
25676,10,29532,0.971379
25712,1,17533,0.928764
25712,2,18901,0.909134
25712,3,44622,0.907461
25712,4,15539,0.893149
25712,5,36085,0.883970
25712,6,18904,0.883953
25712,7,36083,0.882763
25712,8,7732,0.881942
25712,9,10603,0.877481
25712,10,19885,0.875069
25738,1,20595,0.971245
25738,2,20592,0.958846
25738,3,25304,0.949618
25738,4,25307,0.949306
25738,5,42848,0.942055
25738,6,14851,0.938611
25738,7,47332,0.937716
25738,8,14852,0.935716
25738,9,21018,0.925314
25738,10,47422,0.924203
25769,1,25759,0.992003
25769,2,25766,0.989038
25769,3,25777,0.987980
25769,4,25770,0.987875
25769,5,25764,0.987722
25769,6,25763,0.987619
25769,7,25794,0.986820
25769,8,25758,0.986423
25769,9,25779,0.986396
25769,10,25776,0.986351
25783,1,25779,0.995273
25783,2,25758,0.994013
25783,3,25785,0.993901
25783,4,25794,0.993365
25783,5,25777,0.993257
25783,6,25770,0.993223
25783,7,25761,0.993136
25783,8,25782,0.992958
25783,9,25762,0.992857
25783,10,25773,0.992771
25786,1,25777,0.997540
25786,2,25779,0.997004
25786,3,25794,0.996541
25786,4,25781,0.996438
25786,5,25764,0.996218
25786,6,25776,0.996126
25786,7,25760,0.995772
25786,8,25773,0.994323
25786,9,25761,0.994061
25786,10,25763,0.993615
25787,1,25757,0.993117
25787,2,25796,0.992543
25787,3,25762,0.991360
25787,4,25790,0.991163
25787,5,25793,0.990220
25787,6,25779,0.990068
25787,7,25764,0.989308
25787,8,25777,0.989170
25787,9,25773,0.988867
25787,10,25776,0.988542
25799,1,10221,0.979594
25799,2,47928,0.975834
25799,3,25278,0.974193
25799,4,29735,0.972970
25799,5,38471,0.972685
25799,6,25231,0.972224
25799,7,10199,0.971551
25799,8,24742,0.970769
25799,9,10243,0.970063
25799,10,34557,0.970015
25821,1,39460,0.977545
25821,2,27092,0.976769
25821,3,18287,0.976449
25821,4,28963,0.976238
25821,5,42423,0.975874
25821,6,11575,0.975343
25821,7,28713,0.975313
25821,8,36298,0.973929
25821,9,33036,0.973462
25821,10,39466,0.973395
25831,1,27302,0.901716
25831,2,21931,0.901407
25831,3,12100,0.897317
25831,4,24395,0.896483
25831,5,25841,0.895166
25831,6,39464,0.895092
25831,7,11810,0.895009
25831,8,40649,0.893706
25831,9,40646,0.891991
25831,10,42557,0.890825
25842,1,12071,0.965930
25842,2,11559,0.964110
25842,3,24398,0.961479
25842,4,21929,0.961064
25842,5,25820,0.958602
25842,6,11583,0.958235
25842,7,40571,0.957886
25842,8,20097,0.956514
25842,9,23230,0.955454
25842,10,18271,0.955275
25844,1,25855,0.937616
25844,2,39479,0.937193
25844,3,25847,0.936776
25844,4,11582,0.933650
25844,5,39468,0.932530
25844,6,39473,0.927277
25844,7,28772,0.926774
25844,8,25850,0.925892
25844,9,28769,0.925711
25844,10,22774,0.924592
25845,1,23331,0.846226
25845,2,23326,0.843248
25845,3,12770,0.840047
25845,4,42558,0.837958
25845,5,32223,0.837666
25845,6,33026,0.834868
25845,7,24164,0.834296
25845,8,45737,0.833469
25845,9,23321,0.833467
25845,10,22757,0.833225
25848,1,33045,0.964959
25848,2,39459,0.952765
25848,3,22763,0.950238
25848,4,11800,0.948872
25848,5,23217,0.947174
25848,6,18257,0.945918
25848,7,11799,0.943988
25848,8,42547,0.942622
25848,9,28749,0.942443
25848,10,18270,0.942307
25851,1,50344,0.968932
25851,2,27302,0.958238
25851,3,11811,0.955015
25851,4,11549,0.952839
25851,5,42534,0.952534
25851,6,36474,0.952295
25851,7,12060,0.949687
25851,8,12100,0.949119
25851,9,11535,0.949066
25851,10,12056,0.946175
25864,1,22969,0.983359
25864,2,35198,0.982960
25864,3,38324,0.982721
25864,4,37690,0.981842
25864,5,19917,0.980791
25864,6,35193,0.980747
25864,7,10775,0.980699
25864,8,37672,0.979831
25864,9,38751,0.979503
25864,10,35179,0.978950
25882,1,35187,0.984736
25882,2,4671,0.983417
25882,3,4672,0.981498
25882,4,7063,0.980458
25882,5,35198,0.980406
25882,6,8512,0.980134
25882,7,37698,0.979642
25882,8,35203,0.979563
25882,9,15653,0.979373
25882,10,39489,0.979216
25897,1,25903,0.995813
25897,2,25896,0.995067
25897,3,25898,0.994735
25897,4,25899,0.994464
25897,5,25905,0.993759
25897,6,25906,0.992815
25897,7,25914,0.990440
25897,8,25904,0.988990
25897,9,25900,0.988636
25897,10,25915,0.986741
25902,1,25898,0.996750
25902,2,25906,0.994163
25902,3,25914,0.994126
25902,4,25903,0.993998
25902,5,25899,0.992998
25902,6,25896,0.992048
25902,7,25905,0.991446
25902,8,25901,0.990422
25902,9,25904,0.988942
25902,10,25915,0.988164
25917,1,26360,0.929102
25917,2,6244,0.928976
25917,3,29299,0.924822
25917,4,26939,0.923160
25917,5,24973,0.922268
25917,6,13956,0.921638
25917,7,8461,0.921289
25917,8,14119,0.920858
25917,9,10414,0.919635
25917,10,26881,0.919612
25935,1,25960,0.905388
25935,2,25937,0.889049
25935,3,25936,0.886216
25935,4,25952,0.885859
25935,5,25946,0.884980
25935,6,35093,0.884160
25935,7,25958,0.883418
25935,8,25955,0.883003
25935,9,25959,0.882684
25935,10,25954,0.882282
25940,1,25937,0.945029
25940,2,25941,0.937771
25940,3,25960,0.931631
25940,4,35095,0.930981
25940,5,25958,0.928997
25940,6,25951,0.926485
25940,7,25954,0.920424
25940,8,33992,0.919922
25940,9,33987,0.919824
25940,10,47652,0.919589
25948,1,25947,0.986430
25948,2,25946,0.983823
25948,3,25933,0.983392
25948,4,25955,0.982243
25948,5,25952,0.982114
25948,6,25956,0.980494
25948,7,25941,0.979902
25948,8,25958,0.979826
25948,9,25932,0.977760
25948,10,25953,0.977121
25963,1,15091,0.915228
25963,2,36238,0.904602
25963,3,25962,0.904316
25963,4,41783,0.901783
25963,5,15079,0.899739
25963,6,42198,0.899236
25963,7,37939,0.899073
25963,8,42249,0.896912
25963,9,33199,0.895900
25963,10,42222,0.895718
25980,1,44093,0.946687
25980,2,44124,0.935576
25980,3,37910,0.930045
25980,4,23606,0.924995
25980,5,46301,0.918956
25980,6,23531,0.917888
25980,7,26210,0.914980
25980,8,26213,0.912118
25980,9,44125,0.905692
25980,10,37906,0.902806
25990,1,44100,0.929006
25990,2,46690,0.923608
25990,3,44036,0.922274
25990,4,44099,0.922091
25990,5,23548,0.921819
25990,6,23550,0.919909
25990,7,26030,0.919406
25990,8,44138,0.918904
25990,9,46933,0.916164
25990,10,46930,0.915267
25999,1,25985,0.821723
25999,2,44070,0.817532
25999,3,25995,0.809965
25999,4,44134,0.792818
25999,5,44135,0.788847
25999,6,46714,0.777185
25999,7,36707,0.771663
25999,8,26214,0.763960
25999,9,44090,0.763391
25999,10,23606,0.762886
26009,1,44155,0.761226
26009,2,32534,0.749012
26009,3,32535,0.748966
26009,4,32533,0.741757
26009,5,23545,0.741222
26009,6,32523,0.740136
26009,7,41910,0.738872
26009,8,26784,0.736302
26009,9,32521,0.735765
26009,10,43101,0.735079
26016,1,33387,0.835699
26016,2,33402,0.816668
26016,3,37003,0.814369
26016,4,27046,0.808236
26016,5,21979,0.801346
26016,6,42847,0.796311
26016,7,27044,0.795796
26016,8,27049,0.795538
26016,9,42885,0.793810
26016,10,42893,0.793802
26026,1,44053,0.984971
26026,2,46687,0.984825
26026,3,46940,0.984162
26026,4,46793,0.983537
26026,5,26858,0.982163
26026,6,46766,0.982074
26026,7,46702,0.982073
26026,8,23611,0.981521
26026,9,43966,0.980671
26026,10,43992,0.980662
26043,1,14738,0.989525
26043,2,26057,0.988607
26043,3,19201,0.987181
26043,4,26056,0.986955
26043,5,23187,0.986672
26043,6,29633,0.985868
26043,7,29632,0.984879
26043,8,26050,0.984556
26043,9,26075,0.984527
26043,10,26068,0.984500
26054,1,29696,0.918759
26054,2,6962,0.895724
26054,3,11167,0.893350
26054,4,37763,0.884503
26054,5,6793,0.883142
26054,6,11112,0.881359
26054,7,17168,0.876334
26054,8,46352,0.874188
26054,9,2097,0.872475
26054,10,29636,0.870421
26055,1,26062,0.985809
26055,2,26063,0.985747
26055,3,29709,0.983331
26055,4,26067,0.982170
26055,5,11250,0.981981
26055,6,26093,0.981411
26055,7,17569,0.981214
26055,8,9260,0.980977
26055,9,17558,0.980662
26055,10,17556,0.980564
26077,1,29384,0.990285
26077,2,26041,0.986336
26077,3,26086,0.985525
26077,4,26800,0.985272
26077,5,27170,0.984542
26077,6,24853,0.983755
26077,7,24858,0.983468
26077,8,27149,0.983238
26077,9,22898,0.982915
26077,10,26067,0.982753
26106,1,26107,0.994725
26106,2,9259,0.989703
26106,3,17536,0.989419
26106,4,26062,0.989362
26106,5,26063,0.988791
26106,6,22390,0.988138
26106,7,23976,0.988127
26106,8,26067,0.987950
26106,9,26056,0.987884
26106,10,17555,0.987838
26115,1,26113,0.979393
26115,2,15990,0.976968
26115,3,9420,0.976518
26115,4,26389,0.975632
26115,5,29665,0.973402
26115,6,15914,0.973028
26115,7,14711,0.972987
26115,8,12236,0.972355
26115,9,8782,0.972046
26115,10,26112,0.972038
26121,1,26128,0.991045
26121,2,26053,0.987158
26121,3,26062,0.986767
26121,4,32767,0.986149
26121,5,26063,0.985851
26121,6,17558,0.985367
26121,7,26090,0.985058
26121,8,26122,0.984986
26121,9,22395,0.984490
26121,10,26067,0.984366
26123,1,26065,0.987848
26123,2,29709,0.987738
26123,3,26066,0.986757
26123,4,14738,0.985749
26123,5,26068,0.985014
26123,6,22401,0.983787
26123,7,22398,0.982795
26123,8,26122,0.982708
26123,9,26092,0.982666
26123,10,9806,0.981523
26126,1,26092,0.985304
26126,2,26067,0.984329
26126,3,26128,0.984222
26126,4,14738,0.983864
26126,5,26065,0.983481
26126,6,26062,0.983396
26126,7,29709,0.982724
26126,8,22401,0.982640
26126,9,22398,0.981547
26126,10,29384,0.981547
26133,1,26143,0.994915
26133,2,31571,0.994136
26133,3,31014,0.993659
26133,4,31476,0.993082
26133,5,31570,0.991594
26133,6,31559,0.990738
26133,7,23040,0.989962
26133,8,31473,0.989748
26133,9,26145,0.989260
26133,10,26146,0.988537
26164,1,15117,0.987796
26164,2,17577,0.986848
26164,3,15124,0.986182
26164,4,15113,0.984717
26164,5,15123,0.984084
26164,6,26152,0.983811
26164,7,15116,0.983502
26164,8,26142,0.983358
26164,9,26166,0.982226
26164,10,26808,0.982111
26172,1,13542,0.831884
26172,2,15569,0.821772
26172,3,37967,0.820885
26172,4,18549,0.814217
26172,5,42700,0.811617
26172,6,27086,0.807072
26172,7,43931,0.806997
26172,8,19044,0.806414
26172,9,43952,0.798610
26172,10,50165,0.798272
26182,1,26184,0.943287
26182,2,6390,0.898559
26182,3,42694,0.898533
26182,4,13042,0.894408
26182,5,13545,0.888832
26182,6,13169,0.888095
26182,7,18551,0.887607
26182,8,6391,0.887189
26182,9,13174,0.886435
26182,10,13475,0.885419
26190,1,26189,0.983581
26190,2,27322,0.982026
26190,3,45712,0.980734
26190,4,44102,0.980001
26190,5,23571,0.978718
26190,6,23526,0.977675
26190,7,43988,0.976760
26190,8,43137,0.976487
26190,9,46689,0.976167
26190,10,36702,0.976006
26199,1,22556,0.772162
26199,2,28272,0.768005
26199,3,22560,0.763785
26199,4,22558,0.763334
26199,5,28221,0.759328
26199,6,28270,0.757850
26199,7,27306,0.752286
26199,8,27305,0.751574
26199,9,43102,0.748522
26199,10,26738,0.747855
26203,1,25995,0.859431
26203,2,32537,0.853557
26203,3,23592,0.848593
26203,4,46690,0.847969
26203,5,46934,0.845086
26203,6,44136,0.843564
26203,7,46930,0.840491
26203,8,32541,0.839872
26203,9,44171,0.838872
26203,10,32538,0.837924
26234,1,24059,0.991988
26234,2,7352,0.990499
26234,3,16499,0.987798
26234,4,6027,0.987760
26234,5,16495,0.987090
26234,6,9938,0.987066
26234,7,10867,0.987035
26234,8,34390,0.986767
26234,9,9942,0.986649
26234,10,20315,0.986608
26255,1,44629,0.984919
26255,2,17623,0.983429
26255,3,38572,0.983315
26255,4,26316,0.982604
26255,5,38573,0.982044
26255,6,21381,0.981683
26255,7,12538,0.981524
26255,8,17945,0.981349
26255,9,18000,0.981311
26255,10,28678,0.981216
26260,1,26317,0.995510
26260,2,26256,0.993307
26260,3,17999,0.990587
26260,4,12538,0.989610
26260,5,12537,0.989604
26260,6,17948,0.989056
26260,7,15022,0.988698
26260,8,19573,0.988102
26260,9,16221,0.987811
26260,10,17623,0.987680
26274,1,26303,0.951572
26274,2,7457,0.943708
26274,3,13439,0.940564
26274,4,7798,0.938240
26274,5,4425,0.931753
26274,6,26297,0.931675
26274,7,26266,0.930300
26274,8,16122,0.929373
26274,9,28848,0.927748
26274,10,11423,0.925355
26287,1,16287,0.981789
26287,2,34364,0.981330
26287,3,7647,0.981145
26287,4,34365,0.981125
26287,5,31234,0.980662
26287,6,9943,0.978233
26287,7,34343,0.977861
26287,8,17249,0.977763
26287,9,26476,0.977529
26287,10,36557,0.977501
26309,1,7520,0.896370
26309,2,6569,0.894255
26309,3,3314,0.894195
26309,4,2615,0.894126
26309,5,4858,0.890688
26309,6,31462,0.889923
26309,7,38637,0.889572
26309,8,9552,0.887838
26309,9,38604,0.887402
26309,10,7269,0.887050
26327,1,10088,0.963022
26327,2,43350,0.962112
26327,3,31688,0.960639
26327,4,4575,0.960066
26327,5,15709,0.960020
26327,6,6680,0.959234
26327,7,35755,0.958978
26327,8,1641,0.958576
26327,9,44232,0.957641
26327,10,32277,0.956785
26330,1,11208,0.980645
26330,2,10700,0.977882
26330,3,10130,0.977133
26330,4,51636,0.976142
26330,5,45195,0.976066
26330,6,28431,0.976043
26330,7,28441,0.975848
26330,8,25337,0.975543
26330,9,45189,0.974484
26330,10,46450,0.973973
26332,1,17456,0.811444
26332,2,46526,0.808866
26332,3,19259,0.802083
26332,4,19254,0.800740
26332,5,45167,0.794761
26332,6,19275,0.791582
26332,7,40533,0.788057
26332,8,45898,0.783004
26332,9,45878,0.782456
26332,10,37481,0.782047
26344,1,51549,0.973851
26344,2,25327,0.971006
26344,3,45201,0.970885
26344,4,37483,0.970631
26344,5,51547,0.970505
26344,6,46449,0.969434
26344,7,30090,0.969424
26344,8,29494,0.968182
26344,9,45295,0.966764
26344,10,45294,0.965887
26349,1,29755,0.982820
26349,2,29499,0.982742
26349,3,37326,0.982466
26349,4,38022,0.980759
26349,5,30086,0.980312
26349,6,17434,0.979093
26349,7,37470,0.979033
26349,8,45243,0.978598
26349,9,5074,0.977947
26349,10,28430,0.977332
26355,1,12076,0.932929
26355,2,43627,0.928762
26355,3,49770,0.923209
26355,4,32210,0.919394
26355,5,35041,0.918014
26355,6,40618,0.914735
26355,7,42551,0.908836
26355,8,47031,0.906520
26355,9,45736,0.902572
26355,10,42428,0.897166
26402,1,25533,0.979364
26402,2,12656,0.978453
26402,3,46360,0.974635
26402,4,19695,0.973543
26402,5,6016,0.973464
26402,6,10482,0.973048
26402,7,14673,0.972253
26402,8,51430,0.971904
26402,9,16033,0.971844
26402,10,37145,0.971837
26411,1,16045,0.992658
26411,2,9594,0.991666
26411,3,28786,0.991350
26411,4,13393,0.990438
26411,5,39773,0.990317
26411,6,18314,0.990041
26411,7,9712,0.990001
26411,8,16044,0.989674
26411,9,12661,0.989640
26411,10,18324,0.989557
26427,1,26426,0.982342
26427,2,9578,0.933792
26427,3,26432,0.924676
26427,4,9577,0.923791
26427,5,46971,0.923452
26427,6,10729,0.922218
26427,7,20389,0.921148
26427,8,21538,0.920034
26427,9,48189,0.919676
26427,10,20388,0.919556
26430,1,25182,0.971102
26430,2,25180,0.967422
26430,3,25213,0.962423
26430,4,25245,0.960764
26430,5,48181,0.960113
26430,6,21939,0.959778
26430,7,17123,0.956025
26430,8,37405,0.955192
26430,9,18035,0.954170
26430,10,20521,0.953011
26459,1,44732,0.722389
26459,2,19879,0.711702
26459,3,34516,0.711278
26459,4,35703,0.710726
26459,5,44201,0.710215
26459,6,40757,0.706316
26459,7,25449,0.705470
26459,8,44205,0.704636
26459,9,44200,0.703221
26459,10,19878,0.702303
26468,1,26484,0.982529
26468,2,26477,0.978693
26468,3,32768,0.977500
26468,4,7669,0.976090
26468,5,26498,0.976067
26468,6,10858,0.975026
26468,7,20344,0.974981
26468,8,2781,0.974269
26468,9,21402,0.973426
26468,10,7352,0.973127
26470,1,33587,0.914943
26470,2,7961,0.911622
26470,3,8600,0.911158
26470,4,22334,0.910069
26470,5,22805,0.908816
26470,6,14534,0.908765
26470,7,15187,0.908307
26470,8,12650,0.907991
26470,9,29019,0.907960
26470,10,18925,0.907932
26479,1,31246,0.982212
26479,2,26264,0.981640
26479,3,7787,0.980477
26479,4,7811,0.975350
26479,5,7801,0.975201
26479,6,7677,0.974044
26479,7,10480,0.973375
26479,8,23875,0.973289
26479,9,40036,0.973146
26479,10,10833,0.972574
26491,1,29594,0.944803
26491,2,24572,0.942584
26491,3,21408,0.940752
26491,4,7689,0.936064
26491,5,16325,0.933834
26491,6,16314,0.933010
26491,7,26724,0.932254
26491,8,21401,0.932242
26491,9,6225,0.931216
26491,10,16649,0.929360
26515,1,37785,0.962105
26515,2,37739,0.960307
26515,3,20322,0.957819
26515,4,37784,0.957009
26515,5,39780,0.956820
26515,6,37775,0.956515
26515,7,30807,0.956265
26515,8,37759,0.956039
26515,9,51405,0.955582
26515,10,27545,0.955021
26521,1,12672,0.969357
26521,2,20919,0.964570
26521,3,14935,0.963050
26521,4,51393,0.961447
26521,5,41695,0.960120
26521,6,24614,0.959238
26521,7,7633,0.959164
26521,8,22797,0.959117
26521,9,20920,0.959032
26521,10,14319,0.958668
26522,1,20674,0.954778
26522,2,26523,0.953373
26522,3,13132,0.948323
26522,4,45620,0.943744
26522,5,14498,0.942037
26522,6,39301,0.941310
26522,7,4181,0.938653
26522,8,2388,0.938149
26522,9,24719,0.937484
26522,10,35570,0.936835
26532,1,35656,0.931864
26532,2,22536,0.930598
26532,3,34861,0.909598
26532,4,7407,0.907854
26532,5,17035,0.907673
26532,6,15072,0.906014
26532,7,35673,0.904997
26532,8,37244,0.903607
26532,9,13067,0.903182
26532,10,33768,0.901621
26534,1,12919,0.972764
26534,2,17690,0.959053
26534,3,43237,0.957153
26534,4,17032,0.955912
26534,5,5050,0.955543
26534,6,10172,0.954788
26534,7,10168,0.954711
26534,8,44781,0.954135
26534,9,46336,0.952454
26534,10,26551,0.952293
26541,1,14494,0.944335
26541,2,38533,0.942965
26541,3,13074,0.942808
26541,4,14492,0.940962
26541,5,33846,0.936849
26541,6,14501,0.932922
26541,7,43880,0.932619
26541,8,34746,0.932174
26541,9,13077,0.929840
26541,10,35679,0.929254
26557,1,11912,0.984910
26557,2,39820,0.984270
26557,3,24689,0.982927
26557,4,15067,0.982519
26557,5,11876,0.982041
26557,6,7256,0.981578
26557,7,44535,0.980786
26557,8,16969,0.980774
26557,9,15364,0.980680
26557,10,22153,0.980620
26561,1,5344,0.915274
26561,2,20689,0.914097
26561,3,45624,0.900361
26561,4,26558,0.894583
26561,5,21063,0.893342
26561,6,20688,0.892885
26561,7,22182,0.892022
26561,8,39290,0.890522
26561,9,44936,0.890338
26561,10,6474,0.887886
26563,1,38783,0.977512
26563,2,13121,0.976578
26563,3,22851,0.972365
26563,4,43475,0.967831
26563,5,22845,0.967301
26563,6,38781,0.966647
26563,7,43476,0.966565
26563,8,31985,0.965175
26563,9,24251,0.962579
26563,10,22850,0.962279
26587,1,40326,0.947371
26587,2,31685,0.940953
26587,3,35937,0.938291
26587,4,3378,0.934074
26587,5,34846,0.933958
26587,6,23889,0.933113
26587,7,29257,0.932551
26587,8,12709,0.932436
26587,9,23864,0.931850
26587,10,36426,0.931416
26591,1,14438,0.830791
26591,2,13003,0.817975
26591,3,15563,0.815501
26591,4,33091,0.813845
26591,5,24083,0.811365
26591,6,13039,0.806046
26591,7,45797,0.790313
26591,8,22261,0.785479
26591,9,14364,0.781540
26591,10,5475,0.778831
26592,1,23936,0.910161
26592,2,20698,0.908790
26592,3,26542,0.873997
26592,4,13130,0.866794
26592,5,41858,0.857579
26592,6,44743,0.843555
26592,7,41551,0.840781
26592,8,41477,0.836784
26592,9,15377,0.830078
26592,10,13192,0.829668
26594,1,40325,0.937856
26594,2,42141,0.937815
26594,3,30240,0.933392
26594,4,9132,0.929892
26594,5,42023,0.929271
26594,6,44783,0.927858
26594,7,17410,0.927800
26594,8,5046,0.925916
26594,9,12694,0.925518
26594,10,12974,0.924864
26606,1,43242,0.959996
26606,2,1784,0.959422
26606,3,25486,0.959263
26606,4,15300,0.958810
26606,5,5749,0.958257
26606,6,38646,0.957817
26606,7,4470,0.957176
26606,8,26696,0.956802
26606,9,26695,0.956094
26606,10,36459,0.956056
26626,1,16119,0.863851
26626,2,15073,0.861795
26626,3,44570,0.860181
26626,4,4446,0.857576
26626,5,5617,0.854555
26626,6,13979,0.847944
26626,7,24099,0.846008
26626,8,13914,0.843603
26626,9,34083,0.842743
26626,10,26545,0.842412
26630,1,7828,0.864495
26630,2,14456,0.839712
26630,3,26632,0.838091
26630,4,22912,0.826590
26630,5,47632,0.819996
26630,6,22505,0.817664
26630,7,18483,0.815293
26630,8,17660,0.814649
26630,9,26666,0.812567
26630,10,18550,0.808970
26636,1,36429,0.935719
26636,2,41453,0.932432
26636,3,33841,0.932015
26636,4,11974,0.931925
26636,5,33856,0.927548
26636,6,36428,0.927242
26636,7,39671,0.923292
26636,8,36464,0.922523
26636,9,33830,0.922442
26636,10,36430,0.922325
26669,1,25453,0.952785
26669,2,44752,0.949891
26669,3,25480,0.949171
26669,4,3186,0.947051
26669,5,39675,0.946818
26669,6,15399,0.943318
26669,7,44784,0.942281
26669,8,17414,0.940660
26669,9,18474,0.939456
26669,10,3654,0.938924
26680,1,42692,0.956416
26680,2,47560,0.948565
26680,3,45379,0.945712
26680,4,45802,0.941748
26680,5,47616,0.941257
26680,6,47451,0.941084
26680,7,45410,0.941031
26680,8,45810,0.940705
26680,9,13645,0.938767
26680,10,47615,0.936555
26722,1,44636,0.974095
26722,2,18847,0.973114
26722,3,40021,0.971007
26722,4,31277,0.970570
26722,5,17203,0.967768
26722,6,40020,0.967013
26722,7,19798,0.966594
26722,8,17269,0.966385
26722,9,19157,0.965413
26722,10,33593,0.965195
26728,1,26712,0.986325
26728,2,26714,0.984697
26728,3,26483,0.980725
26728,4,33287,0.980635
26728,5,22341,0.980332
26728,6,18846,0.979971
26728,7,34417,0.978845
26728,8,34391,0.978482
26728,9,23057,0.978480
26728,10,31234,0.978384
26731,1,45763,0.825370
26731,2,44039,0.799973
26731,3,46637,0.797635
26731,4,28233,0.795966
26731,5,46956,0.776382
26731,6,28223,0.761977
26731,7,25985,0.757006
26731,8,45769,0.750138
26731,9,44076,0.741412
26731,10,27380,0.737710
26743,1,26733,0.994871
26743,2,26737,0.991318
26743,3,26746,0.989722
26743,4,28253,0.988052
26743,5,44956,0.987764
26743,6,28231,0.987395
26743,7,28219,0.987329
26743,8,28230,0.986821
26743,9,28229,0.986303
26743,10,26744,0.986107
26795,1,26107,0.993231
26795,2,23985,0.991926
26795,3,17555,0.991205
26795,4,22395,0.990916
26795,5,26090,0.990704
26795,6,15697,0.990575
26795,7,22390,0.990313
26795,8,22384,0.989907
26795,9,23977,0.989802
26795,10,26122,0.989787
26804,1,14758,0.979409
26804,2,14782,0.979236
26804,3,14785,0.979025
26804,4,33232,0.978510
26804,5,14760,0.978383
26804,6,38980,0.978141
26804,7,14732,0.977597
26804,8,26802,0.977305
26804,9,14737,0.977211
26804,10,14731,0.977114
26812,1,26815,0.981115
26812,2,8722,0.980108
26812,3,12908,0.978167
26812,4,33247,0.978009
26812,5,27554,0.977566
26812,6,26125,0.977545
26812,7,37794,0.977059
26812,8,37795,0.976801
26812,9,9808,0.976693
26812,10,14747,0.976465
26814,1,26813,0.987152
26814,2,33322,0.986199
26814,3,33232,0.985572
26814,4,14758,0.983615
26814,5,14760,0.982903
26814,6,26802,0.982196
26814,7,14740,0.981112
26814,8,14781,0.981035
26814,9,33237,0.981030
26814,10,38980,0.980989
26835,1,26825,0.983559
26835,2,16801,0.983330
26835,3,26821,0.979326
26835,4,26827,0.979059
26835,5,26824,0.978657
26835,6,16622,0.978034
26835,7,8950,0.977621
26835,8,26141,0.976607
26835,9,8843,0.976117
26835,10,16799,0.976102
26848,1,23543,0.859462
26848,2,44126,0.858708
26848,3,46774,0.858369
26848,4,44140,0.853628
26848,5,18464,0.852973
26848,6,46689,0.851155
26848,7,23548,0.850330
26848,8,44018,0.850134
26848,9,46776,0.848797
26848,10,36714,0.847657
26850,1,25995,0.909237
26850,2,44070,0.886626
26850,3,37906,0.878146
26850,4,37908,0.865443
26850,5,37907,0.862653
26850,6,44040,0.862196
26850,7,46700,0.861950
26850,8,37910,0.857990
26850,9,44090,0.855270
26850,10,44134,0.854918
26880,1,26877,0.970324
26880,2,13958,0.964882
26880,3,16137,0.964422
26880,4,5846,0.963508
26880,5,8432,0.957090
26880,6,8451,0.956465
26880,7,33166,0.952436
26880,8,16136,0.950688
26880,9,24924,0.950512
26880,10,16142,0.950199
26891,1,26360,0.968438
26891,2,32451,0.967440
26891,3,26875,0.966818
26891,4,41406,0.965874
26891,5,15478,0.964830
26891,6,13956,0.964121
26891,7,1984,0.963916
26891,8,19014,0.961060
26891,9,2586,0.961017
26891,10,14325,0.959779
26892,1,38822,0.909440
26892,2,6953,0.903557
26892,3,44699,0.892120
26892,4,24885,0.887007
26892,5,37948,0.881030
26892,6,11475,0.876133
26892,7,10567,0.873593
26892,8,27878,0.872213
26892,9,37949,0.868226
26892,10,5129,0.868097
26896,1,10496,0.975042
26896,2,26360,0.974777
26896,3,41406,0.973887
26896,4,16135,0.973870
26896,5,15478,0.973042
26896,6,1984,0.972035
26896,7,26866,0.970619
26896,8,26875,0.970587
26896,9,26945,0.970055
26896,10,16141,0.969230
26897,1,26905,0.944449
26897,2,21416,0.942533
26897,3,49629,0.937381
26897,4,24919,0.936241
26897,5,24922,0.932792
26897,6,43651,0.931628
26897,7,33168,0.930082
26897,8,49641,0.929796
26897,9,41401,0.923926
26897,10,6198,0.919402
26908,1,18194,0.875424
26908,2,14103,0.831636
26908,3,20119,0.829635
26908,4,28773,0.819909
26908,5,42510,0.806878
26908,6,33030,0.806454
26908,7,20364,0.799993
26908,8,6088,0.797189
26908,9,42401,0.785241
26908,10,42399,0.779620
26909,1,26362,0.973840
26909,2,27263,0.971982
26909,3,3971,0.965486
26909,4,16142,0.964924
26909,5,21131,0.963321
26909,6,16141,0.962921
26909,7,16137,0.962896
26909,8,26893,0.962560
26909,9,8463,0.962033
26909,10,8432,0.962001
26921,1,11036,0.966273
26921,2,34568,0.952253
26921,3,21158,0.948180
26921,4,3969,0.945867
26921,5,19623,0.943176
26921,6,8438,0.939109
26921,7,8449,0.938067
26921,8,28471,0.938052
26921,9,26864,0.937863
26921,10,26877,0.937458
26938,1,22225,0.985522
26938,2,11668,0.980797
26938,3,19006,0.975318
26938,4,9335,0.974831
26938,5,17851,0.974164
26938,6,19013,0.973860
26938,7,4161,0.973818
26938,8,27354,0.973704
26938,9,12539,0.973518
26938,10,9336,0.973375
26942,1,26945,0.976497
26942,2,8461,0.968439
26942,3,26360,0.960810
26942,4,30143,0.960741
26942,5,26952,0.959990
26942,6,16146,0.958826
26942,7,10510,0.957836
26942,8,16147,0.957190
26942,9,8445,0.956763
26942,10,16135,0.955426
26975,1,21127,0.897983
26975,2,40429,0.887679
26975,3,21128,0.874049
26975,4,25691,0.872347
26975,5,34587,0.871104
26975,6,48101,0.865373
26975,7,33752,0.865225
26975,8,45981,0.863368
26975,9,26967,0.862942
26975,10,24854,0.860972
27010,1,27013,0.925364
27010,2,27030,0.917517
27010,3,27011,0.912318
27010,4,28464,0.905532
27010,5,15484,0.903559
27010,6,31228,0.896029
27010,7,26982,0.892973
27010,8,16225,0.892141
27010,9,28462,0.891588
27010,10,7544,0.890590
27018,1,26995,0.991527
27018,2,27023,0.986315
27018,3,27002,0.984733
27018,4,27000,0.984082
27018,5,51355,0.983976
27018,6,27021,0.983819
27018,7,13349,0.983309
27018,8,13347,0.983124
27018,9,26992,0.982643
27018,10,14126,0.982114
27019,1,13349,0.993510
27019,2,13346,0.991892
27019,3,13347,0.991497
27019,4,26995,0.989216
27019,5,26992,0.987979
27019,6,14128,0.987156
27019,7,21585,0.986962
27019,8,11237,0.986851
27019,9,29178,0.986805
27019,10,27002,0.986662
27029,1,45499,0.686386
27029,2,45500,0.681163
27029,3,27229,0.676677
27029,4,27030,0.676569
27029,5,26982,0.674895
27029,6,11319,0.674013
27029,7,51613,0.670504
27029,8,43225,0.663922
27029,9,27013,0.663084
27029,10,27028,0.660990
27034,1,41474,0.980248
27034,2,43934,0.978171
27034,3,45375,0.978076
27034,4,41473,0.977858
27034,5,41702,0.976808
27034,6,20752,0.975593
27034,7,41672,0.973424
27034,8,35788,0.972266
27034,9,46597,0.972220
27034,10,39612,0.972126
27077,1,19052,0.974403
27077,2,47618,0.972788
27077,3,36614,0.972754
27077,4,47566,0.971911
27077,5,22273,0.971833
27077,6,47591,0.971314
27077,7,49590,0.970607
27077,8,41742,0.969186
27077,9,42730,0.966529
27077,10,15569,0.965408
27093,1,18270,0.961765
27093,2,12087,0.960136
27093,3,31695,0.958197
27093,4,22763,0.957160
27093,5,32276,0.956693
27093,6,23238,0.956107
27093,7,20382,0.955983
27093,8,33045,0.953323
27093,9,11800,0.952861
27093,10,40566,0.952766
27094,1,33030,0.892958
27094,2,30932,0.890169
27094,3,33747,0.878978
27094,4,28720,0.865433
27094,5,12110,0.864054
27094,6,25692,0.857812
27094,7,40182,0.852926
27094,8,30881,0.851721
27094,9,11576,0.849897
27094,10,19082,0.845933
27098,1,42228,0.885307
27098,2,28478,0.838781
27098,3,46287,0.836680
27098,4,31937,0.828537
27098,5,27091,0.826959
27098,6,43270,0.825185
27098,7,30958,0.822254
27098,8,15092,0.820021
27098,9,30959,0.819823
27098,10,46286,0.816062
27107,1,42560,0.977306
27107,2,42429,0.975010
27107,3,24498,0.972826
27107,4,27296,0.972759
27107,5,30883,0.972699
27107,6,19097,0.972457
27107,7,19066,0.972179
27107,8,27297,0.972011
27107,9,42517,0.971868
27107,10,33032,0.971654
27134,1,21652,0.976841
27134,2,21639,0.975011
27134,3,30510,0.972765
27134,4,50964,0.972682
27134,5,27117,0.972596
27134,6,30528,0.971998
27134,7,50036,0.971965
27134,8,51006,0.971918
27134,9,39535,0.971867
27134,10,30533,0.971814
27138,1,27128,0.993049
27138,2,27115,0.991803
27138,3,27403,0.990708
27138,4,21662,0.990210
27138,5,27477,0.990176
27138,6,27129,0.989772
27138,7,27139,0.989024
27138,8,27455,0.988822
27138,9,27507,0.988121
27138,10,21654,0.987960
27144,1,27145,0.999953
27144,2,27143,0.999941
27144,3,50965,0.990245
27144,4,27141,0.986650
27144,5,21638,0.985979
27144,6,39541,0.984673
27144,7,27449,0.984088
27144,8,30478,0.983707
27144,9,51016,0.982718
27144,10,50964,0.982545
27152,1,27165,0.993439
27152,2,27175,0.992656
27152,3,26046,0.989572
27152,4,27176,0.989243
27152,5,27174,0.988853
27152,6,9260,0.988418
27152,7,39798,0.988406
27152,8,26096,0.988258
27152,9,27164,0.987360
27152,10,27155,0.986126
27153,1,26096,0.992975
27153,2,22898,0.991649
27153,3,26062,0.990920
27153,4,26093,0.990735
27153,5,27174,0.990465
27153,6,27155,0.989638
27153,7,22406,0.988900
27153,8,17556,0.988773
27153,9,22382,0.988703
27153,10,26067,0.988496
27154,1,27148,0.984592
27154,2,27178,0.982887
27154,3,33326,0.982238
27154,4,33330,0.981454
27154,5,26075,0.980483
27154,6,33240,0.980130
27154,7,33244,0.979772
27154,8,27155,0.979329
27154,9,11108,0.979218
27154,10,27149,0.979088
27193,1,41677,0.968962
27193,2,45375,0.968183
27193,3,14372,0.968120
27193,4,14378,0.967948
27193,5,39608,0.966913
27193,6,41673,0.964187
27193,7,41672,0.963873
27193,8,21734,0.963813
27193,9,41722,0.963261
27193,10,46593,0.962092
27203,1,27204,0.844934
27203,2,33279,0.737888
27203,3,31162,0.735496
27203,4,42595,0.706176
27203,5,38993,0.705922
27203,6,24995,0.701197
27203,7,40160,0.701134
27203,8,38994,0.700946
27203,9,38996,0.700402
27203,10,38995,0.699852
27206,1,38503,0.811723
27206,2,35435,0.796611
27206,3,13343,0.786205
27206,4,31448,0.783572
27206,5,36202,0.780182
27206,6,41234,0.779679
27206,7,36211,0.779202
27206,8,40125,0.774975
27206,9,29176,0.773120
27206,10,39758,0.769801
27210,1,31099,0.989926
27210,2,31097,0.985767
27210,3,34104,0.984751
27210,4,31101,0.984391
27210,5,37222,0.983962
27210,6,5447,0.983444
27210,7,38999,0.983324
27210,8,37221,0.983248
27210,9,31100,0.983019
27210,10,40134,0.982664
27213,1,31097,0.987798
27213,2,31099,0.986360
27213,3,34104,0.982418
27213,4,5447,0.981508
27213,5,40134,0.981175
27213,6,46831,0.981127
27213,7,31101,0.980994
27213,8,5425,0.980008
27213,9,31100,0.979731
27213,10,40133,0.979504
27217,1,28142,0.948682
27217,2,28544,0.931665
27217,3,22589,0.924902
27217,4,7542,0.923075
27217,5,7533,0.915677
27217,6,30634,0.913747
27217,7,27216,0.913520
27217,8,25039,0.912603
27217,9,15610,0.911812
27217,10,9346,0.911363
27219,1,10685,0.807540
27219,2,37564,0.806014
27219,3,8381,0.803546
27219,4,36200,0.799038
27219,5,37586,0.794022
27219,6,37590,0.787183
27219,7,3853,0.781890
27219,8,4722,0.781364
27219,9,4218,0.778950
27219,10,17808,0.778566
27220,1,13232,0.571363
27220,2,13234,0.548616
27220,3,4969,0.548527
27220,4,35895,0.542436
27220,5,3813,0.538904
27220,6,37547,0.537494
27220,7,37596,0.531847
27220,8,37342,0.530446
27220,9,37341,0.530382
27220,10,37600,0.528839
27221,1,4915,0.755534
27221,2,10678,0.751670
27221,3,4910,0.748291
27221,4,13234,0.747761
27221,5,4916,0.746197
27221,6,4897,0.746191
27221,7,13269,0.737782
27221,8,10677,0.734116
27221,9,10673,0.733498
27221,10,10674,0.732432
27265,1,41777,0.910715
27265,2,41377,0.906644
27265,3,10492,0.903429
27265,4,40424,0.903083
27265,5,11376,0.901681
27265,6,37223,0.895560
27265,7,48501,0.895100
27265,8,37944,0.894416
27265,9,18737,0.894125
27265,10,18745,0.893230
27269,1,24377,0.992525
27269,2,42517,0.989772
27269,3,27275,0.985826
27269,4,19097,0.985179
27269,5,27296,0.985075
27269,6,15840,0.984846
27269,7,39151,0.984655
27269,8,33032,0.984651
27269,9,40613,0.983653
27269,10,27297,0.983310
27270,1,24505,0.981400
27270,2,28762,0.980433
27270,3,19081,0.979595
27270,4,23311,0.979526
27270,5,28758,0.977138
27270,6,30889,0.976799
27270,7,30860,0.975067
27270,8,24369,0.974043
27270,9,30864,0.973839
27270,10,24503,0.972928
27273,1,18748,0.931585
27273,2,14099,0.920688
27273,3,19593,0.920458
27273,4,45970,0.919963
27273,5,8448,0.917010
27273,6,19676,0.916514
27273,7,24928,0.915892
27273,8,12611,0.915411
27273,9,2486,0.914457
27273,10,48107,0.913189
27285,1,27284,0.995182
27285,2,15840,0.994893
27285,3,19100,0.994256
27285,4,42545,0.993543
27285,5,42546,0.992075
27285,6,36492,0.991998
27285,7,33016,0.991673
27285,8,28745,0.991570
27285,9,50323,0.990946
27285,10,24370,0.990660
27286,1,27281,0.986711
27286,2,15077,0.984071
27286,3,15837,0.982671
27286,4,11789,0.982340
27286,5,11581,0.982227
27286,6,30885,0.981950
27286,7,28761,0.981865
27286,8,32269,0.981491
27286,9,11542,0.980992
27286,10,24557,0.980959
27292,1,23313,0.964769
27292,2,18282,0.963133
27292,3,42656,0.962352
27292,4,18286,0.961097
27292,5,22042,0.959978
27292,6,27295,0.959624
27292,7,32228,0.958740
27292,8,42424,0.958305
27292,9,18272,0.957583
27292,10,12067,0.956759
27353,1,26363,0.976989
27353,2,3949,0.975521
27353,3,31790,0.973577
27353,4,31788,0.973169
27353,5,16834,0.972978
27353,6,26936,0.972038
27353,7,24952,0.970219
27353,8,12545,0.968330
27353,9,16821,0.967546
27353,10,16832,0.967502
27384,1,27386,0.979615
27384,2,27385,0.978225
27384,3,36259,0.977471
27384,4,36257,0.976330
27384,5,36261,0.973692
27384,6,36262,0.970764
27384,7,36252,0.967342
27384,8,36263,0.966800
27384,9,36250,0.966282
27384,10,36249,0.963889
27408,1,34205,0.610492
27408,2,3923,0.583811
27408,3,26315,0.576978
27408,4,25033,0.576528
27408,5,30605,0.576258
27408,6,9785,0.573357
27408,7,34201,0.573172
27408,8,11129,0.572558
27408,9,7070,0.572034
27408,10,30607,0.570380
27409,1,27427,0.909482
27409,2,27425,0.906441
27409,3,51995,0.898616
27409,4,51993,0.897522
27409,5,27406,0.891392
27409,6,27423,0.887948
27409,7,51994,0.884919
27409,8,50028,0.878743
27409,9,27012,0.613248
27409,10,31605,0.482590
27411,1,32585,0.706493
27411,2,48097,0.706246
27411,3,44666,0.696968
27411,4,34504,0.693336
27411,5,42348,0.691949
27411,6,44945,0.691643
27411,7,51610,0.690439
27411,8,39760,0.689206
27411,9,44664,0.687410
27411,10,48496,0.686039
27413,1,27921,0.673769
27413,2,2953,0.652735
27413,3,32585,0.635400
27413,4,44666,0.635224
27413,5,27903,0.632853
27413,6,48099,0.631735
27413,7,34503,0.628491
27413,8,43523,0.626988
27413,9,48496,0.625498
27413,10,27900,0.622671
27414,1,7932,0.679216
27414,2,27421,0.677890
27414,3,27410,0.676807
27414,4,27419,0.676217
27414,5,27420,0.670879
27414,6,30897,0.659423
27414,7,17992,0.658517
27414,8,9150,0.657648
27414,9,27412,0.655421
27414,10,27422,0.653590
27439,1,5446,0.776243
27439,2,3943,0.775452
27439,3,2266,0.766797
27439,4,12800,0.764343
27439,5,10026,0.757696
27439,6,24952,0.756186
27439,7,43085,0.755984
27439,8,4772,0.755320
27439,9,6534,0.754848
27439,10,3697,0.753234
27440,1,27437,0.796519
27440,2,48450,0.791626
27440,3,27441,0.782857
27440,4,51778,0.761552
27440,5,2069,0.742141
27440,6,28684,0.738089
27440,7,28147,0.737138
27440,8,50638,0.723446
27440,9,50520,0.723290
27440,10,50435,0.716935
27458,1,27128,0.996275
27458,2,27455,0.995891
27458,3,27403,0.994966
27458,4,27477,0.993997
27458,5,21662,0.992527
27458,6,27474,0.992520
27458,7,27115,0.992508
27458,8,27482,0.990974
27458,9,27507,0.990885
27458,10,21618,0.990263
27465,1,27464,0.986692
27465,2,31903,0.979021
27465,3,28896,0.976807
27465,4,28892,0.976723
27465,5,27512,0.976398
27465,6,28830,0.975734
27465,7,27463,0.975378
27465,8,27468,0.974823
27465,9,49998,0.973075
27465,10,28827,0.972886
27466,1,31898,0.947546
27466,2,28898,0.943546
27466,3,50999,0.939478
27466,4,51052,0.936147
27466,5,28902,0.936057
27466,6,31897,0.928904
27466,7,28901,0.928570
27466,8,31908,0.926104
27466,9,31900,0.924494
27466,10,50990,0.920892
27481,1,21628,0.987845
27481,2,21643,0.987382
27481,3,27473,0.987037
27481,4,21618,0.984858
27481,5,27477,0.984630
27481,6,21617,0.983805
27481,7,30473,0.983593
27481,8,21662,0.983488
27481,9,27128,0.983192
27481,10,27455,0.983100
27504,1,50965,0.985349
27504,2,50966,0.985052
27504,3,51000,0.984911
27504,4,39533,0.984198
27504,5,51006,0.984145
27504,6,30468,0.984139
27504,7,50978,0.984016
27504,8,51777,0.983998
27504,9,51011,0.983163
27504,10,27450,0.983140
27511,1,27468,0.988165
27511,2,31903,0.987528
27511,3,28827,0.985685
27511,4,24447,0.985028
27511,5,28896,0.984723
27511,6,31899,0.983972
27511,7,27464,0.983112
27511,8,31901,0.981787
27511,9,19360,0.981427
27511,10,28830,0.981395
27521,1,2628,0.973823
27521,2,47574,0.973664
27521,3,41667,0.970431
27521,4,47578,0.970310
27521,5,41470,0.969811
27521,6,35821,0.969685
27521,7,20905,0.969453
27521,8,46596,0.969161
27521,9,2903,0.968979
27521,10,11498,0.968369
27582,1,39064,0.956272
27582,2,11994,0.950413
27582,3,20666,0.949618
27582,4,17944,0.947297
27582,5,44883,0.947264
27582,6,8553,0.945092
27582,7,23063,0.944579
27582,8,16200,0.943241
27582,9,18645,0.943224
27582,10,10466,0.942387
27586,1,27583,0.979750
27586,2,20664,0.979522
27586,3,19448,0.979387
27586,4,31547,0.978869
27586,5,19797,0.978672
27586,6,19793,0.978443
27586,7,28993,0.977507
27586,8,33084,0.977167
27586,9,11409,0.976720
27586,10,15162,0.976379
27587,1,23063,0.957115
27587,2,31035,0.954875
27587,3,15160,0.954241
27587,4,24091,0.952313
27587,5,17267,0.949763
27587,6,27589,0.949175
27587,7,16415,0.949001
27587,8,27584,0.948239
27587,9,23054,0.946905
27587,10,8600,0.946117
27598,1,12677,0.986548
27598,2,31429,0.986008
27598,3,26823,0.985142
27598,4,26822,0.984400
27598,5,31439,0.982581
27598,6,27630,0.981870
27598,7,31435,0.981688
27598,8,31440,0.980517
27598,9,12674,0.980376
27598,10,26146,0.979363
27604,1,15686,0.989039
27604,2,29845,0.987590
27604,3,16071,0.987581
27604,4,15688,0.987354
27604,5,27630,0.987166
27604,6,15134,0.986923
27604,7,14700,0.986317
27604,8,14697,0.986136
27604,9,16330,0.985896
27604,10,16801,0.985019
27718,1,21950,0.968856
27718,2,50183,0.968163
27718,3,50188,0.968064
27718,4,21966,0.966225
27718,5,25194,0.965640
27718,6,48190,0.964178
27718,7,47734,0.964018
27718,8,21965,0.963821
27718,9,25181,0.963695
27718,10,50187,0.963639
27752,1,27750,0.999827
27752,2,27755,0.998190
27752,3,29083,0.997030
27752,4,15943,0.996749
27752,5,25097,0.996296
27752,6,29082,0.996154
27752,7,19344,0.996134
27752,8,15942,0.995410
27752,9,14842,0.995307
27752,10,29084,0.995169
27756,1,27755,0.998277
27756,2,19344,0.998210
27756,3,14869,0.996670
27756,4,15943,0.996489
27756,5,27750,0.995511
27756,6,27757,0.995080
27756,7,14850,0.995056
27756,8,14867,0.994729
27756,9,27754,0.994701
27756,10,27751,0.994204
27770,1,27771,0.989371
27770,2,42075,0.988993
27770,3,27772,0.986381
27770,4,24617,0.986056
27770,5,38301,0.984055
27770,6,36103,0.983712
27770,7,14839,0.982409
27770,8,27764,0.982021
27770,9,36128,0.981695
27770,10,41273,0.979439
27783,1,27791,0.997790
27783,2,27773,0.995836
27783,3,42077,0.994329
27783,4,36129,0.993963
27783,5,38292,0.993388
27783,6,37867,0.993171
27783,7,36090,0.992930
27783,8,40220,0.992861
27783,9,42967,0.992780
27783,10,40219,0.992453
27795,1,27760,0.993601
27795,2,38295,0.991928
27795,3,38293,0.989480
27795,4,36117,0.988495
27795,5,31188,0.987272
27795,6,27785,0.986962
27795,7,42079,0.986957
27795,8,31189,0.986711
27795,9,27787,0.986006
27795,10,36914,0.985764
27822,1,25748,0.991583
27822,2,42943,0.990514
27822,3,42957,0.989293
27822,4,14833,0.988967
27822,5,47161,0.988613
27822,6,50839,0.988445
27822,7,36024,0.988292
27822,8,21804,0.988131
27822,9,37440,0.987929
27822,10,45309,0.987520
27834,1,18805,0.974047
27834,2,17989,0.972215
27834,3,14982,0.970705
27834,4,25733,0.970379
27834,5,48557,0.969884
27834,6,19893,0.969495
27834,7,28589,0.969295
27834,8,34803,0.968311
27834,9,14978,0.968104
27834,10,41022,0.968102
27846,1,14095,0.640902
27846,2,19330,0.631206
27846,3,13995,0.613047
27846,4,19012,0.610766
27846,5,19331,0.608376
27846,6,41383,0.606945
27846,7,5126,0.605737
27846,8,31743,0.601879
27846,9,23150,0.601344
27846,10,11441,0.601324
27875,1,19724,0.960111
27875,2,11475,0.955946
27875,3,18879,0.955032
27875,4,32390,0.954479
27875,5,37948,0.950197
27875,6,21155,0.949158
27875,7,21173,0.948753
27875,8,7142,0.947836
27875,9,20134,0.947271
27875,10,18923,0.946157
27877,1,27860,0.986841
27877,2,16604,0.986015
27877,3,21145,0.984852
27877,4,34496,0.983736
27877,5,37224,0.983130
27877,6,25525,0.983018
27877,7,44702,0.982972
27877,8,27889,0.982434
27877,9,44696,0.982315
27877,10,35263,0.981920
27887,1,29272,0.978286
27887,2,27885,0.978077
27887,3,26966,0.977390
27887,4,27888,0.973933
27887,5,25524,0.973242
27887,6,32930,0.972580
27887,7,44702,0.972293
27887,8,25525,0.972104
27887,9,32392,0.972013
27887,10,18761,0.970837
27894,1,27859,0.981565
27894,2,16604,0.980273
27894,3,27858,0.980065
27894,4,27856,0.979480
27894,5,27855,0.977324
27894,6,27893,0.976946
27894,7,27857,0.975408
27894,8,35263,0.975197
27894,9,21164,0.974593
27894,10,40396,0.973988
27917,1,27920,0.984736
27917,2,32404,0.966011
27917,3,27913,0.954048
27917,4,27902,0.953077
27917,5,27919,0.945931
27917,6,44945,0.944311
27917,7,27916,0.940683
27917,8,27911,0.940650
27917,9,27914,0.940020
27917,10,27908,0.938596
27940,1,51364,0.942502
27940,2,51355,0.941105
27940,3,27936,0.937945
27940,4,51500,0.937125
27940,5,27025,0.933394
27940,6,51368,0.933116
27940,7,37197,0.932690
27940,8,27935,0.932508
27940,9,24753,0.931785
27940,10,27001,0.930808
27945,1,18364,0.982021
27945,2,28048,0.975429
27945,3,28024,0.973643
27945,4,28040,0.972746
27945,5,28132,0.971757
27945,6,28124,0.971727
27945,7,32077,0.969680
27945,8,50446,0.969386
27945,9,25388,0.968932
27945,10,27953,0.968590
27948,1,27947,0.991883
27948,2,27946,0.990888
27948,3,27949,0.986654
27948,4,28015,0.982245
27948,5,28014,0.980722
27948,6,28075,0.980617
27948,7,17861,0.980581
27948,8,28077,0.980062
27948,9,19492,0.979384
27948,10,19484,0.979274
27958,1,28015,0.980167
27958,2,28013,0.977626
27958,3,25361,0.976251
27958,4,28077,0.976194
27958,5,27960,0.975711
27958,6,27961,0.975045
27958,7,28075,0.974581
27958,8,28108,0.974501
27958,9,27949,0.974277
27958,10,28115,0.973026
27967,1,27965,0.956062
27967,2,28153,0.943499
27967,3,27971,0.942185
27967,4,28148,0.938937
27967,5,50553,0.938118
27967,6,18117,0.937259
27967,7,27963,0.937154
27967,8,28149,0.937091
27967,9,28151,0.934886
27967,10,50499,0.931787
27968,1,28888,0.550189
27968,2,49982,0.548562
27968,3,28883,0.538870
27968,4,28784,0.538472
27968,5,28889,0.534690
27968,6,42821,0.534386
27968,7,42813,0.530379
27968,8,28783,0.529449
27968,9,18689,0.529340
27968,10,42826,0.527776
27974,1,9966,0.937039
27974,2,10028,0.924045
27974,3,10030,0.923764
27974,4,27448,0.922904
27974,5,7482,0.922159
27974,6,2309,0.920339
27974,7,7515,0.916592
27974,8,10026,0.916518
27974,9,2289,0.912577
27974,10,2267,0.912348
27986,1,27991,0.992611
27986,2,50563,0.990492
27986,3,27999,0.990185
27986,4,25350,0.990151
27986,5,27987,0.989625
27986,6,27994,0.989380
27986,7,27990,0.988238
27986,8,28126,0.988173
27986,9,28002,0.988125
27986,10,28135,0.987799
28004,1,28012,0.918836
28004,2,28074,0.902741
28004,3,28108,0.901319
28004,4,28073,0.897896
28004,5,28077,0.897510
28004,6,28006,0.897165
28004,7,27960,0.896161
28004,8,28013,0.894676
28004,9,28069,0.894658
28004,10,28072,0.891370
28008,1,28009,0.984606
28008,2,28065,0.957464
28008,3,34602,0.942310
28008,4,45650,0.917293
28008,5,45657,0.915426
28008,6,28073,0.910631
28008,7,28069,0.902401
28008,8,18376,0.899616
28008,9,50711,0.896205
28008,10,28074,0.894707
28011,1,51392,0.630615
28011,2,51389,0.623871
28011,3,28111,0.620756
28011,4,42980,0.618953
28011,5,42978,0.618341
28011,6,28105,0.618041
28011,7,32071,0.614579
28011,8,51385,0.613430
28011,9,51390,0.613163
28011,10,44791,0.611013
28016,1,19491,0.675031
28016,2,28090,0.660975
28016,3,50689,0.659203
28016,4,27946,0.659142
28016,5,27950,0.655527
28016,6,28067,0.653136
28016,7,19492,0.653093
28016,8,28091,0.653045
28016,9,50569,0.652058
28016,10,28014,0.651773
28020,1,28021,0.994133
28020,2,28128,0.993526
28020,3,28033,0.993010
28020,4,28023,0.992962
28020,5,18393,0.992725
28020,6,28017,0.992112
28020,7,15809,0.991930
28020,8,28126,0.991797
28020,9,27975,0.991778
28020,10,28053,0.991765
28028,1,28001,0.984501
28028,2,28029,0.983162
28028,3,27996,0.983057
28028,4,18386,0.982868
28028,5,28000,0.982532
28028,6,18092,0.981994
28028,7,27998,0.981876
28028,8,27997,0.981860
28028,9,28044,0.981583
28028,10,27990,0.979559
28032,1,28048,0.985647
28032,2,28040,0.985540
28032,3,28132,0.984543
28032,4,27953,0.983902
28032,5,28024,0.982398
28032,6,18386,0.980859
28032,7,18364,0.978403
28032,8,25345,0.977285
28032,9,25388,0.976564
28032,10,15802,0.976297
28034,1,28134,0.995010
28034,2,28094,0.993652
28034,3,27976,0.993316
28034,4,18700,0.992939
28034,5,28021,0.992109
28034,6,27975,0.991426
28034,7,28017,0.991362
28034,8,15803,0.991243
28034,9,27941,0.990716
28034,10,27942,0.990625
28038,1,27944,0.995005
28038,2,28094,0.993153
28038,3,28095,0.992651
28038,4,50546,0.990340
28038,5,28035,0.989190
28038,6,18685,0.989182
28038,7,34614,0.988343
28038,8,18686,0.988251
28038,9,28021,0.988163
28038,10,28053,0.987099
28057,1,28037,0.987898
28057,2,34618,0.987525
28057,3,28054,0.985663
28057,4,28053,0.985547
28057,5,28033,0.984767
28057,6,50546,0.984571
28057,7,25388,0.984384
28057,8,28019,0.984316
28057,9,18685,0.983716
28057,10,50442,0.983519
28088,1,28087,0.968887
28088,2,28086,0.940988
28088,3,28041,0.923514
28088,4,28082,0.921193
28088,5,45652,0.916702
28088,6,28046,0.916303
28088,7,20079,0.915033
28088,8,50608,0.913764
28088,9,50440,0.912541
28088,10,18704,0.911508
28093,1,28097,0.993743
28093,2,28096,0.991187
28093,3,28060,0.989402
28093,4,28033,0.988559
28093,5,25342,0.986979
28093,6,28037,0.986309
28093,7,50562,0.986048
28093,8,18393,0.985799
28093,9,28053,0.985366
28093,10,50563,0.985318
28101,1,28102,0.973188
28101,2,28046,0.971318
28101,3,28043,0.970952
28101,4,25346,0.961613
28101,5,28041,0.961280
28101,6,50609,0.961172
28101,7,50607,0.960501
28101,8,18704,0.959698
28101,9,25356,0.958678
28101,10,25385,0.958362
28104,1,28035,0.969061
28104,2,17865,0.964865
28104,3,28098,0.963446
28104,4,18686,0.962434
28104,5,28095,0.962304
28104,6,25348,0.960459
28104,7,27943,0.960330
28104,8,34614,0.960104
28104,9,27944,0.959848
28104,10,28084,0.958284
28106,1,28073,0.998107
28106,2,28107,0.988160
28106,3,28013,0.986338
28106,4,28074,0.985142
28106,5,28069,0.984278
28106,6,28006,0.983664
28106,7,28007,0.979375
28106,8,28077,0.977061
28106,9,25361,0.976555
28106,10,50567,0.975235
28117,1,28021,0.995844
28117,2,15785,0.992740
28117,3,28017,0.991800
28117,4,27975,0.991676
28117,5,15803,0.991065
28117,6,27941,0.990288
28117,7,18696,0.989770
28117,8,18682,0.989725
28117,9,28033,0.989699
28117,10,49933,0.989663
28152,1,28153,0.946733
28152,2,27965,0.939526
28152,3,28146,0.937966
28152,4,28149,0.932696
28152,5,28148,0.932598
28152,6,28147,0.930160
28152,7,45664,0.929317
28152,8,27963,0.925373
28152,9,49969,0.925009
28152,10,45661,0.924904
28155,1,49669,0.959292
28155,2,21330,0.955334
28155,3,28159,0.954792
28155,4,28176,0.952164
28155,5,21345,0.952085
28155,6,28174,0.951649
28155,7,28169,0.950642
28155,8,21346,0.947360
28155,9,23714,0.946602
28155,10,28173,0.946283
28170,1,49670,0.969982
28170,2,28171,0.969272
28170,3,16887,0.969124
28170,4,28159,0.969099
28170,5,51674,0.968457
28170,6,28163,0.967556
28170,7,28175,0.965149
28170,8,28157,0.964143
28170,9,49669,0.963612
28170,10,28189,0.962488
28193,1,28183,0.994899
28193,2,28177,0.975862
28193,3,28176,0.973492
28193,4,40002,0.966813
28193,5,41518,0.962913
28193,6,21346,0.960777
28193,7,48233,0.960765
28193,8,28159,0.960710
28193,9,28175,0.958054
28193,10,28178,0.956988
28194,1,28192,0.991824
28194,2,28185,0.990135
28194,3,28158,0.988780
28194,4,28165,0.976290
28194,5,23712,0.970625
28194,6,28168,0.969672
28194,7,28167,0.968588
28194,8,28166,0.963277
28194,9,23716,0.962986
28194,10,28177,0.962764
28218,1,44041,0.987389
28218,2,28217,0.987374
28218,3,28215,0.986744
28218,4,44385,0.986554
28218,5,26732,0.986241
28218,6,44383,0.985684
28218,7,28216,0.984934
28218,8,44389,0.983698
28218,9,45768,0.983688
28218,10,22548,0.983562
28246,1,28242,0.983724
28246,2,28238,0.978599
28246,3,28243,0.976228
28246,4,46642,0.973729
28246,5,45715,0.970930
28246,6,46668,0.970689
28246,7,46669,0.970285
28246,8,28268,0.969724
28246,9,46646,0.968750
28246,10,28244,0.968494
28269,1,28266,0.996028
28269,2,28267,0.992929
28269,3,28265,0.992736
28269,4,28264,0.992489
28269,5,28263,0.992088
28269,6,28268,0.990182
28269,7,27327,0.985670
28269,8,26737,0.984718
28269,9,26747,0.984337
28269,10,44956,0.984299
28283,1,23735,0.983954
28283,2,48224,0.982430
28283,3,21281,0.978870
28283,4,38230,0.978820
28283,5,8704,0.975768
28283,6,23737,0.973972
28283,7,38223,0.973837
28283,8,51737,0.973536
28283,9,21322,0.973228
28283,10,21276,0.971173
28287,1,28292,0.993250
28287,2,38238,0.984407
28287,3,21320,0.981562
28287,4,30265,0.980262
28287,5,30565,0.979386
28287,6,28289,0.978922
28287,7,16949,0.978313
28287,8,30681,0.978171
28287,9,23747,0.977945
28287,10,40169,0.975594
28293,1,28286,0.980026
28293,2,28288,0.979654
28293,3,28382,0.977950
28293,4,23790,0.977564
28293,5,30266,0.977195
28293,6,28298,0.976548
28293,7,40176,0.975959
28293,8,28297,0.975624
28293,9,23780,0.974186
28293,10,23747,0.973795
28302,1,21349,0.969541
28302,2,30561,0.964906
28302,3,28374,0.963449
28302,4,48193,0.963244
28302,5,49672,0.961925
28302,6,28373,0.961742
28302,7,48194,0.958602
28302,8,40004,0.958400
28302,9,28423,0.957963
28302,10,49675,0.956440
28313,1,28314,0.986502
28313,2,35412,0.985259
28313,3,37243,0.983215
28313,4,37242,0.982715
28313,5,20681,0.982464
28313,6,44421,0.980644
28313,7,7331,0.980413
28313,8,32552,0.980296
28313,9,20677,0.980122
28313,10,12856,0.980100
28324,1,39820,0.992679
28324,2,11912,0.988192
28324,3,35162,0.985500
28324,4,11876,0.985442
28324,5,39824,0.985103
28324,6,44546,0.984769
28324,7,35648,0.984412
28324,8,15361,0.982306
28324,9,24689,0.981920
28324,10,39813,0.981526
28329,1,39826,0.991491
28329,2,28331,0.991450
28329,3,39814,0.990083
28329,4,22230,0.989811
28329,5,24687,0.989363
28329,6,28330,0.989341
28329,7,39827,0.989114
28329,8,11935,0.988921
28329,9,39823,0.988802
28329,10,15362,0.988590
28340,1,28334,0.984248
28340,2,28335,0.981991
28340,3,28423,0.981723
28340,4,16838,0.980584
28340,5,29881,0.978799
28340,6,17335,0.978605
28340,7,30673,0.977624
28340,8,28337,0.976499
28340,9,28175,0.975623
28340,10,16883,0.974996
28341,1,28174,0.984808
28341,2,28173,0.979422
28341,3,28167,0.979058
28341,4,21345,0.977340
28341,5,23714,0.977246
28341,6,30672,0.976932
28341,7,28168,0.976750
28341,8,23716,0.976394
28341,9,28166,0.975680
28341,10,23712,0.972080
28357,1,28356,0.989812
28357,2,28355,0.980797
28357,3,28360,0.976297
28357,4,21356,0.976193
28357,5,28370,0.974503
28357,6,17207,0.974056
28357,7,16110,0.973725
28357,8,17212,0.973237
28357,9,41517,0.973031
28357,10,16936,0.972921
28359,1,28360,0.989595
28359,2,17310,0.974241
28359,3,28355,0.972264
28359,4,28356,0.971042
28359,5,17323,0.970801
28359,6,28412,0.969885
28359,7,17311,0.969432
28359,8,17333,0.964611
28359,9,17335,0.963756
28359,10,16941,0.963261
28372,1,28418,0.989308
28372,2,29881,0.984783
28372,3,17335,0.982651
28372,4,28423,0.981587
28372,5,49675,0.980026
28372,6,17207,0.979723
28372,7,28371,0.978835
28372,8,28373,0.977982
28372,9,49673,0.976273
28372,10,39997,0.975713
28375,1,28366,0.910658
28375,2,21328,0.905993
28375,3,29960,0.905352
28375,4,30280,0.902579
28375,5,30581,0.895529
28375,6,28210,0.894484
28375,7,23709,0.888576
28375,8,28368,0.888303
28375,9,21344,0.887561
28375,10,21350,0.887329
28376,1,29960,0.952810
28376,2,21343,0.941649
28376,3,21328,0.939269
28376,4,21344,0.938296
28376,5,30581,0.936054
28376,6,51684,0.928196
28376,7,21324,0.923011
28376,8,28210,0.922754
28376,9,30280,0.920636
28376,10,28366,0.919504
28381,1,28380,0.985461
28381,2,28377,0.975260
28381,3,28346,0.952804
28381,4,23766,0.951411
28381,5,30275,0.948845
28381,6,28385,0.946732
28381,7,23759,0.944946
28381,8,28345,0.934067
28381,9,30285,0.932993
28381,10,23705,0.930967
28389,1,40009,0.966773
28389,2,23790,0.966689
28389,3,23780,0.965700
28389,4,23747,0.964999
28389,5,48225,0.964262
28389,6,23749,0.963544
28389,7,48210,0.963329
28389,8,23753,0.962151
28389,9,21319,0.961616
28389,10,48229,0.956751
28406,1,51715,0.978125
28406,2,23783,0.972389
28406,3,8685,0.969810
28406,4,48224,0.969495
28406,5,8687,0.969142
28406,6,38232,0.966241
28406,7,38231,0.963795
28406,8,28156,0.963387
28406,9,8704,0.963172
28406,10,23731,0.963034
28413,1,23725,0.980369
28413,2,23723,0.979030
28413,3,28418,0.976827
28413,4,23724,0.973044
28413,5,28358,0.967559
28413,6,28373,0.962148
28413,7,16950,0.960964
28413,8,28412,0.958119
28413,9,28363,0.954059
28413,10,28356,0.952669
28414,1,28418,0.986307
28414,2,17207,0.973690
28414,3,30680,0.973038
28414,4,28356,0.972169
28414,5,28373,0.971739
28414,6,28412,0.971380
28414,7,16861,0.971194
28414,8,28409,0.971022
28414,9,28423,0.969645
28414,10,17335,0.969593
28432,1,45920,0.954601
28432,2,31841,0.949877
28432,3,36784,0.949066
28432,4,33907,0.948150
28432,5,33911,0.947861
28432,6,45921,0.947280
28432,7,46558,0.947214
28432,8,45299,0.945492
28432,9,46552,0.945014
28432,10,33886,0.944885
28438,1,26336,0.985073
28438,2,37506,0.979336
28438,3,29503,0.977630
28438,4,26346,0.976700
28438,5,26335,0.975915
28438,6,30074,0.973974
28438,7,29495,0.973095
28438,8,45296,0.972805
28438,9,29461,0.972739
28438,10,28431,0.971860
28442,1,21965,0.955137
28442,2,17136,0.954567
28442,3,21940,0.953472
28442,4,19946,0.951290
28442,5,27716,0.948356
28442,6,37423,0.946479
28442,7,24654,0.945892
28442,8,21966,0.945412
28442,9,25148,0.943166
28442,10,33737,0.940681
28453,1,49758,0.713769
28453,2,33957,0.693788
28453,3,33719,0.673724
28453,4,23043,0.659199
28453,5,43525,0.652178
28453,6,50019,0.651618
28453,7,49760,0.646343
28453,8,33720,0.641876
28453,9,28452,0.641540
28453,10,51609,0.640788
28472,1,16145,0.973947
28472,2,16141,0.972287
28472,3,16135,0.970968
28472,4,16147,0.970508
28472,5,26952,0.970045
28472,6,26875,0.969789
28472,7,19597,0.966653
28472,8,24973,0.966415
28472,9,8445,0.966157
28472,10,1984,0.965657
28474,1,10512,0.855530
28474,2,3976,0.848940
28474,3,35984,0.847414
28474,4,9332,0.841203
28474,5,40436,0.840451
28474,6,5778,0.840241
28474,7,18721,0.835162
28474,8,40381,0.830231
28474,9,45782,0.830065
28474,10,48516,0.829457
28477,1,25966,0.917583
28477,2,39217,0.917297
28477,3,48084,0.911852
28477,4,43627,0.910237
28477,5,25908,0.907335
28477,6,18894,0.905084
28477,7,38847,0.905036
28477,8,38832,0.904552
28477,9,43648,0.902474
28477,10,47674,0.901672
28489,1,30767,0.954023
28489,2,30761,0.953162
28489,3,15085,0.952294
28489,4,30774,0.951738
28489,5,32197,0.950268
28489,6,32199,0.949931
28489,7,30755,0.949854
28489,8,30751,0.947343
28489,9,30756,0.947282
28489,10,30749,0.946953
28496,1,29020,0.840918
28496,2,32479,0.833803
28496,3,29023,0.832876
28496,4,26317,0.832513
28496,5,15612,0.832118
28496,6,44882,0.830207
28496,7,29042,0.830134
28496,8,8026,0.829905
28496,9,50648,0.829729
28496,10,34201,0.829150
28503,1,31457,0.995009
28503,2,31458,0.994578
28503,3,28504,0.993214
28503,4,10004,0.992837
28503,5,15613,0.992753
28503,6,38562,0.990988
28503,7,6536,0.990465
28503,8,28505,0.990366
28503,9,10778,0.988905
28503,10,31447,0.988793
28514,1,28504,0.993720
28514,2,31457,0.991846
28514,3,22644,0.989391
28514,4,10004,0.989071
28514,5,14023,0.988940
28514,6,31458,0.987900
28514,7,10778,0.987898
28514,8,14024,0.987424
28514,9,28506,0.987386
28514,10,38562,0.986822
28545,1,28546,0.981382
28545,2,9545,0.980889
28545,3,31456,0.980509
28545,4,31463,0.980339
28545,5,15633,0.980205
28545,6,28534,0.979816
28545,7,38599,0.979777
28545,8,15646,0.979452
28545,9,22603,0.979440
28545,10,38579,0.979432
28549,1,6037,0.820712
28549,2,5806,0.801747
28549,3,48516,0.800569
28549,4,19596,0.795554
28549,5,27260,0.794897
28549,6,44680,0.793935
28549,7,16149,0.791937
28549,8,10343,0.790971
28549,9,10496,0.789964
28549,10,6684,0.788265
28552,1,43054,0.981852
28552,2,22582,0.980172
28552,3,38622,0.978956
28552,4,31604,0.978008
28552,5,25023,0.975955
28552,6,28551,0.974544
28552,7,3315,0.972818
28552,8,3732,0.972268
28552,9,7556,0.972039
28552,10,1644,0.971827
28556,1,14018,0.948937
28556,2,7505,0.944063
28556,3,2621,0.941281
28556,4,28553,0.940841
28556,5,17922,0.938678
28556,6,6988,0.938148
28556,7,32640,0.937752
28556,8,7564,0.937143
28556,9,28550,0.936722
28556,10,24215,0.936419
28563,1,22597,0.973901
28563,2,2310,0.971459
28563,3,38637,0.969402
28563,4,30618,0.969155
28563,5,38617,0.967844
28563,6,28562,0.966329
28563,7,9542,0.965764
28563,8,44222,0.965529
28563,9,22639,0.965434
28563,10,9554,0.964423
28578,1,25328,0.972544
28578,2,11198,0.971371
28578,3,29922,0.969323
28578,4,29751,0.968324
28578,5,10999,0.968031
28578,6,37509,0.967896
28578,7,46542,0.966736
28578,8,36792,0.966491
28578,9,10241,0.965404
28578,10,21665,0.965274
28591,1,36891,0.988549
28591,2,18837,0.988164
28591,3,27839,0.987396
28591,4,18606,0.987191
28591,5,41022,0.987129
28591,6,14979,0.985754
28591,7,38370,0.984795
28591,8,19506,0.984426
28591,9,38377,0.984302
28591,10,15938,0.984111
28605,1,6751,0.923271
28605,2,13651,0.922586
28605,3,17485,0.920434
28605,4,32278,0.917449
28605,5,24427,0.915848
28605,6,6656,0.914520
28605,7,9105,0.913787
28605,8,39889,0.912184
28605,9,8073,0.912104
28605,10,35932,0.910180
28618,1,32619,0.828156
28618,2,32622,0.811775
28618,3,30597,0.784205
28618,4,37989,0.735141
28618,5,38145,0.727488
28618,6,37866,0.723991
28618,7,37990,0.717954
28618,8,42072,0.717373
28618,9,34221,0.716643
28618,10,39491,0.713156
28622,1,28623,0.987384
28622,2,28617,0.979894
28622,3,28532,0.963093
28622,4,28616,0.962566
28622,5,43054,0.962565
28622,6,17921,0.961623
28622,7,3313,0.961478
28622,8,31455,0.961128
28622,9,30644,0.960482
28622,10,38622,0.959720
28628,1,6522,0.895486
28628,2,28515,0.878805
28628,3,10720,0.876992
28628,4,6527,0.873860
28628,5,26519,0.868850
28628,6,19419,0.868357
28628,7,4952,0.868177
28628,8,49944,0.861804
28628,9,51382,0.860270
28628,10,38568,0.858182
28643,1,17245,0.675591
28643,2,38559,0.675181
28643,3,32424,0.672096
28643,4,1678,0.666407
28643,5,1890,0.665069
28643,6,2342,0.664837
28643,7,34378,0.664323
28643,8,30320,0.663732
28643,9,2151,0.661963
28643,10,42172,0.660906
28656,1,28604,0.960719
28656,2,13534,0.957032
28656,3,9196,0.956083
28656,4,8530,0.955546
28656,5,23937,0.955312
28656,6,2353,0.954893
28656,7,15378,0.953489
28656,8,46808,0.953358
28656,9,28607,0.951959
28656,10,15315,0.951358
28686,1,14508,0.912728
28686,2,19633,0.872513
28686,3,19630,0.870417
28686,4,11397,0.861480
28686,5,12916,0.859939
28686,6,14093,0.858837
28686,7,19162,0.857310
28686,8,19956,0.856805
28686,9,10426,0.854531
28686,10,11737,0.854117
28689,1,43627,0.908794
28689,2,40618,0.897889
28689,3,42551,0.884910
28689,4,12076,0.884679
28689,5,43625,0.879978
28689,6,43648,0.877334
28689,7,35041,0.876807
28689,8,38832,0.875520
28689,9,41781,0.874849
28689,10,38847,0.873299
28694,1,12102,0.885360
28694,2,12107,0.883681
28694,3,27091,0.876927
28694,4,30886,0.876856
28694,5,11609,0.876589
28694,6,11586,0.876318
28694,7,28720,0.875022
28694,8,11569,0.874449
28694,9,40566,0.872912
28694,10,19105,0.867970
28697,1,12094,0.986238
28697,2,11552,0.985494
28697,3,28696,0.984527
28697,4,24383,0.984380
28697,5,22081,0.984308
28697,6,11567,0.983814
28697,7,19073,0.983356
28697,8,42426,0.983059
28697,9,30839,0.983008
28697,10,11622,0.982690
28723,1,11547,0.990888
28723,2,28726,0.990105
28723,3,11624,0.990041
28723,4,28725,0.988774
28723,5,11536,0.988719
28723,6,31696,0.988324
28723,7,20114,0.987941
28723,8,11535,0.987724
28723,9,32274,0.987584
28723,10,19063,0.987473
28729,1,28716,0.991435
28729,2,15832,0.989779
28729,3,28704,0.989764
28729,4,28724,0.989532
28729,5,11628,0.988452
28729,6,11592,0.987855
28729,7,11630,0.987605
28729,8,27097,0.987155
28729,9,42674,0.987139
28729,10,28727,0.987019
28732,1,28727,0.986482
28732,2,11590,0.986076
28732,3,11552,0.985952
28732,4,20097,0.985276
28732,5,11581,0.984773
28732,6,28704,0.984297
28732,7,28696,0.984150
28732,8,11624,0.984146
28732,9,28714,0.983971
28732,10,42674,0.983706
28742,1,34592,0.860595
28742,2,43699,0.850005
28742,3,32597,0.832806
28742,4,13522,0.807894
28742,5,4936,0.793107
28742,6,4935,0.792838
28742,7,38843,0.779992
28742,8,5765,0.776269
28742,9,49650,0.772824
28742,10,21127,0.770428
28746,1,19071,0.972585
28746,2,15838,0.968201
28746,3,28908,0.967788
28746,4,28750,0.967009
28746,5,28713,0.965997
28746,6,22776,0.964074
28746,7,47010,0.963006
28746,8,19092,0.962640
28746,9,24159,0.962349
28746,10,23215,0.962185
28763,1,24537,0.978320
28763,2,27283,0.977261
28763,3,27282,0.975718
28763,4,21883,0.974906
28763,5,28940,0.973766
28763,6,22741,0.972962
28763,7,24380,0.972898
28763,8,42543,0.971709
28763,9,30843,0.971274
28763,10,21887,0.969685
28781,1,28780,0.927998
28781,2,49996,0.924411
28781,3,31901,0.912285
28781,4,24448,0.910416
28781,5,31899,0.909290
28781,6,31903,0.908865
28781,7,27513,0.908066
28781,8,28827,0.907367
28781,9,49985,0.906816
28781,10,19359,0.904788
28782,1,24447,0.982751
28782,2,49996,0.982293
28782,3,28828,0.979918
28782,4,28780,0.977220
28782,5,28827,0.977186
28782,6,49985,0.976057
28782,7,31899,0.975265
28782,8,31903,0.974407
28782,9,28830,0.973957
28782,10,18688,0.973032
28817,1,28791,0.990549
28817,2,21583,0.982369
28817,3,28825,0.981275
28817,4,11310,0.979613
28817,5,11349,0.977833
28817,6,11284,0.977831
28817,7,31672,0.977531
28817,8,28821,0.977530
28817,9,11332,0.977390
28817,10,46344,0.976048
28834,1,36815,0.974126
28834,2,42641,0.972416
28834,3,46017,0.972088
28834,4,40616,0.971800
28834,5,50332,0.971688
28834,6,45856,0.969186
28834,7,23315,0.969025
28834,8,49765,0.968094
28834,9,12059,0.967978
28834,10,33020,0.967758
28851,1,28844,0.909668
28851,2,43484,0.900329
28851,3,28857,0.892638
28851,4,28850,0.890172
28851,5,34206,0.887961
28851,6,9780,0.884056
28851,7,44338,0.883527
28851,8,34209,0.883249
28851,9,34227,0.883056
28851,10,34218,0.882446
28853,1,44338,0.905629
28853,2,34209,0.904555
28853,3,34228,0.897431
28853,4,28857,0.895853
28853,5,32460,0.894152
28853,6,28844,0.890501
28853,7,18643,0.890185
28853,8,44891,0.888181
28853,9,44896,0.886613
28853,10,15163,0.885254
28860,1,26720,0.960978
28860,2,28848,0.956784
28860,3,34206,0.953848
28860,4,29044,0.952777
28860,5,34230,0.952185
28860,6,13439,0.947030
28860,7,26261,0.945644
28860,8,34218,0.945386
28860,9,28850,0.943827
28860,10,34232,0.943457
28897,1,31908,0.986216
28897,2,28898,0.979195
28897,3,28901,0.979150
28897,4,28902,0.978089
28897,5,31897,0.977048
28897,6,50990,0.975867
28897,7,31898,0.973315
28897,8,28896,0.972331
28897,9,50999,0.971519
28897,10,51039,0.971262
28910,1,32232,0.918165
28910,2,22754,0.910121
28910,3,40662,0.908380
28910,4,22768,0.907121
28910,5,19094,0.907116
28910,6,24603,0.906757
28910,7,11793,0.905817
28910,8,21918,0.904209
28910,9,30887,0.901629
28910,10,24156,0.900696
28979,1,28974,0.965664
28979,2,12781,0.962155
28979,3,39135,0.959564
28979,4,21924,0.959025
28979,5,39142,0.958703
28979,6,25587,0.958116
28979,7,21922,0.957960
28979,8,21908,0.957800
28979,9,28969,0.957604
28979,10,24605,0.957450
28989,1,25591,0.905202
28989,2,39145,0.897382
28989,3,28978,0.896999
28989,4,28970,0.896549
28989,5,25599,0.896018
28989,6,21924,0.895191
28989,7,25587,0.895177
28989,8,25596,0.894821
28989,9,28977,0.894064
28989,10,39140,0.893759
28999,1,34394,0.964455
28999,2,24015,0.963180
28999,3,12650,0.963048
28999,4,3684,0.959985
28999,5,19572,0.958618
28999,6,10870,0.957556
28999,7,32780,0.956706
28999,8,40029,0.956303
28999,9,32967,0.955781
28999,10,3023,0.955254
29016,1,24059,0.984378
29016,2,31588,0.983286
29016,3,32981,0.982980
29016,4,16427,0.982715
29016,5,31603,0.982663
29016,6,8315,0.982661
29016,7,20332,0.982368
29016,8,10867,0.982171
29016,9,26712,0.982135
29016,10,13427,0.982050
29018,1,31259,0.985071
29018,2,12621,0.983354
29018,3,7005,0.982228
29018,4,13513,0.980946
29018,5,7462,0.979705
29018,6,7343,0.979264
29018,7,30346,0.978266
29018,8,34242,0.977862
29018,9,30291,0.977803
29018,10,30304,0.977527
29024,1,20381,0.979681
29024,2,8202,0.978433
29024,3,31270,0.976521
29024,4,13427,0.975732
29024,5,29017,0.975538
29024,6,8410,0.975325
29024,7,19801,0.973742
29024,8,32436,0.973516
29024,9,16637,0.973338
29024,10,33576,0.973050
29027,1,31598,0.980600
29027,2,4079,0.979866
29027,3,22318,0.976397
29027,4,18975,0.974445
29027,5,4241,0.973559
29027,6,31263,0.973482
29027,7,16551,0.973288
29027,8,10866,0.972983
29027,9,13427,0.972593
29027,10,13101,0.970254
29031,1,3615,0.987334
29031,2,19885,0.986266
29031,3,36083,0.985869
29031,4,44623,0.985692
29031,5,33774,0.985216
29031,6,18904,0.984732
29031,7,24216,0.984223
29031,8,22633,0.983814
29031,9,25709,0.982647
29031,10,29029,0.982510
29080,1,29077,0.981646
29080,2,41016,0.980386
29080,3,34806,0.978826
29080,4,42943,0.976037
29080,5,21804,0.975168
29080,6,14822,0.974670
29080,7,36890,0.974149
29080,8,34800,0.974049
29080,9,35068,0.973311
29080,10,42957,0.973062
29131,1,17315,0.990566
29131,2,38169,0.988905
29131,3,23737,0.988314
29131,4,38162,0.988298
29131,5,16882,0.988189
29131,6,8642,0.988183
29131,7,29896,0.987982
29131,8,16093,0.987516
29131,9,29132,0.987099
29131,10,16103,0.985889
29133,1,51733,0.997219
29133,2,29130,0.996284
29133,3,16947,0.995155
29133,4,16937,0.995008
29133,5,16938,0.994903
29133,6,48221,0.994429
29133,7,14907,0.994344
29133,8,16856,0.994281
29133,9,16837,0.994144
29133,10,28400,0.994120
29167,1,29166,0.990786
29167,2,50722,0.989282
29167,3,40149,0.988787
29167,4,34113,0.987774
29167,5,31129,0.986649
29167,6,18175,0.986455
29167,7,34115,0.986307
29167,8,38998,0.985171
29167,9,31167,0.985066
29167,10,24929,0.983999
29191,1,46623,0.968497
29191,2,41848,0.965870
29191,3,15663,0.965504
29191,4,9525,0.964260
29191,5,44280,0.963423
29191,6,18438,0.963256
29191,7,7089,0.960775
29191,8,4677,0.960061
29191,9,17983,0.959501
29191,10,43147,0.958273
29214,1,32157,0.973363
29214,2,29215,0.972998
29214,3,29213,0.971516
29214,4,20827,0.970365
29214,5,43555,0.969786
29214,6,29211,0.969393
29214,7,32168,0.968838
29214,8,18950,0.968603
29214,9,43556,0.967199
29214,10,32159,0.966803
29225,1,34839,0.937457
29225,2,41865,0.933590
29225,3,11941,0.928192
29225,4,35702,0.925243
29225,5,41868,0.924430
29225,6,15068,0.922227
29225,7,10304,0.921955
29225,8,26706,0.917457
29225,9,47221,0.912810
29225,10,41871,0.910672
29226,1,31980,0.972164
29226,2,34844,0.970494
29226,3,34527,0.970024
29226,4,50755,0.969474
29226,5,44525,0.968715
29226,6,44560,0.968100
29226,7,39815,0.968098
29226,8,41870,0.967786
29226,9,45581,0.967684
29226,10,28326,0.967390
29231,1,29237,0.963879
29231,2,22262,0.960949
29231,3,29235,0.960809
29231,4,42692,0.960544
29231,5,13645,0.960458
29231,6,47612,0.960432
29231,7,42703,0.959505
29231,8,32834,0.958677
29231,9,35358,0.958388
29231,10,42727,0.958377
29254,1,37709,0.957078
29254,2,43348,0.955177
29254,3,44396,0.954329
29254,4,42033,0.953786
29254,5,39663,0.951362
29254,6,44762,0.950704
29254,7,1637,0.948989
29254,8,44398,0.947508
29254,9,46797,0.945435
29254,10,23845,0.945331
29255,1,12956,0.975461
29255,2,29229,0.968965
29255,3,25584,0.967583
29255,4,41436,0.967520
29255,5,8092,0.967324
29255,6,8088,0.966988
29255,7,35698,0.966603
29255,8,23943,0.966349
29255,9,24408,0.965888
29255,10,15308,0.965608
29266,1,6656,0.970404
29266,2,24427,0.962827
29266,3,13651,0.962402
29266,4,8103,0.960406
29266,5,24417,0.959551
29266,6,28659,0.958455
29266,7,38666,0.958085
29266,8,8082,0.957974
29266,9,20886,0.957527
29266,10,36461,0.957234
29273,1,20125,0.982010
29273,2,20122,0.977649
29273,3,20128,0.977306
29273,4,11724,0.976733
29273,5,13452,0.975042
29273,6,20129,0.973271
29273,7,27869,0.973191
29273,8,40671,0.972626
29273,9,11754,0.972373
29273,10,20131,0.971373
29283,1,25538,0.987133
29283,2,11689,0.985685
29283,3,5990,0.984778
29283,4,19693,0.984504
29283,5,8724,0.983933
29283,6,13747,0.983851
29283,7,37753,0.983724
29283,8,21117,0.983331
29283,9,8736,0.982387
29283,10,8731,0.982101
29291,1,37772,0.953043
29291,2,37718,0.949444
29291,3,11468,0.946895
29291,4,21588,0.946225
29291,5,21150,0.945554
29291,6,13929,0.945150
29291,7,37735,0.944670
29291,8,8720,0.944384
29291,9,8738,0.944049
29291,10,46239,0.943549
29294,1,29769,0.976462
29294,2,7171,0.970583
29294,3,11717,0.970174
29294,4,13411,0.969093
29294,5,26125,0.967883
29294,6,29797,0.967763
29294,7,13866,0.967314
29294,8,11704,0.966155
29294,9,13886,0.965952
29294,10,16327,0.965615
29296,1,26864,0.932930
29296,2,26877,0.924445
29296,3,19623,0.918783
29296,4,6597,0.918523
29296,5,16136,0.916907
29296,6,16137,0.916318
29296,7,26955,0.916257
29296,8,34568,0.915926
29296,9,8434,0.914655
29296,10,9106,0.914583
29297,1,26864,0.945597
29297,2,20247,0.942395
29297,3,19623,0.941229
29297,4,16137,0.940178
29297,5,16142,0.939580
29297,6,26877,0.938679
29297,7,8432,0.938025
29297,8,16271,0.935534
29297,9,13958,0.933687
29297,10,16147,0.932500
29339,1,11994,0.953022
29339,2,48068,0.951165
29339,3,8002,0.950113
29339,4,39064,0.949495
29339,5,16421,0.948313
29339,6,7265,0.948304
29339,7,19564,0.946899
29339,8,16200,0.946357
29339,9,16420,0.946341
29339,10,20260,0.944806
29348,1,12653,0.988291
29348,2,15479,0.987193
29348,3,4258,0.986747
29348,4,29164,0.986609
29348,5,20332,0.986335
29348,6,31382,0.986312
29348,7,22803,0.986010
29348,8,13508,0.985991
29348,9,7669,0.985830
29348,10,5822,0.985228
29352,1,33954,0.967852
29352,2,8315,0.967590
29352,3,7272,0.967125
29352,4,20295,0.965822
29352,5,11256,0.965265
29352,6,19572,0.965170
29352,7,40097,0.964515
29352,8,10846,0.964100
29352,9,6949,0.964098
29352,10,40080,0.963608
29399,1,29405,0.991893
29399,2,33817,0.989521
29399,3,26384,0.987084
29399,4,15119,0.986765
29399,5,33815,0.986229
29399,6,13855,0.986040
29399,7,29402,0.985468
29399,8,15125,0.984874
29399,9,15121,0.984671
29399,10,23042,0.982943
29419,1,51642,0.964577
29419,2,45927,0.960276
29419,3,17447,0.957883
29419,4,37308,0.957659
29419,5,23284,0.957581
29419,6,10192,0.957462
29419,7,45872,0.957236
29419,8,39014,0.957096
29419,9,10241,0.957072
29419,10,44979,0.956278
29441,1,41050,0.974095
29441,2,45931,0.973720
29441,3,17445,0.973600
29441,4,36801,0.973175
29441,5,37304,0.973116
29441,6,8108,0.973036
29441,7,51553,0.972817
29441,8,30179,0.972636
29441,9,11191,0.972364
29441,10,46572,0.972265
29454,1,10193,0.938783
29454,2,44970,0.937047
29454,3,29938,0.934698
29454,4,11647,0.933096
29454,5,11635,0.932378
29454,6,19762,0.931799
29454,7,45939,0.931302
29454,8,17417,0.931221
29454,9,21681,0.930768
29454,10,23294,0.930507
29463,1,45916,0.950330
29463,2,19272,0.947232
29463,3,44979,0.943682
29463,4,29750,0.942176
29463,5,23285,0.941585
29463,6,23516,0.940896
29463,7,46542,0.940725
29463,8,45248,0.940621
29463,9,46556,0.939937
29463,10,11000,0.939314
29468,1,51514,0.963928
29468,2,40505,0.959232
29468,3,29448,0.948287
29468,4,25649,0.947617
29468,5,31851,0.945424
29468,6,31853,0.944267
29468,7,46534,0.942935
29468,8,11648,0.942219
29468,9,32359,0.939605
29468,10,51648,0.938989
29508,1,37506,0.988213
29508,2,45296,0.982668
29508,3,28431,0.982291
29508,4,26336,0.980448
29508,5,26335,0.979801
29508,6,30074,0.979135
29508,7,45166,0.979124
29508,8,51624,0.979099
29508,9,26340,0.978019
29508,10,25337,0.978009
29511,1,29466,0.968378
29511,2,51547,0.968086
29511,3,51549,0.967971
29511,4,19287,0.967449
29511,5,25327,0.965456
29511,6,29491,0.963539
29511,7,29494,0.962680
29511,8,45201,0.959839
29511,9,19284,0.959419
29511,10,10141,0.958996
29531,1,46736,0.951749
29531,2,29525,0.941885
29531,3,45254,0.941635
29531,4,51653,0.939250
29531,5,51544,0.938985
29531,6,46519,0.937059
29531,7,43217,0.936563
29531,8,46740,0.931820
29531,9,46558,0.929431
29531,10,41047,0.928341
29567,1,3252,0.915968
29567,2,26691,0.907157
29567,3,29573,0.905631
29567,4,2503,0.904800
29567,5,24423,0.898979
29567,6,11836,0.898685
29567,7,4627,0.897986
29567,8,40791,0.896058
29567,9,14562,0.892879
29567,10,45866,0.892193
29569,1,29556,0.978455
29569,2,47235,0.960539
29569,3,29570,0.956653
29569,4,17707,0.954255
29569,5,9216,0.954069
29569,6,3607,0.952362
29569,7,19902,0.950860
29569,8,49408,0.950511
29569,9,44657,0.950386
29569,10,19903,0.948864
29572,1,29571,0.964072
29572,2,43874,0.963663
29572,3,39992,0.961969
29572,4,39981,0.958461
29572,5,11972,0.958215
29572,6,23494,0.956330
29572,7,44775,0.955642
29572,8,36148,0.955014
29572,9,51349,0.953333
29572,10,49070,0.951542
29582,1,32834,0.969284
29582,2,47450,0.968408
29582,3,45423,0.964893
29582,4,51763,0.963763
29582,5,47620,0.961055
29582,6,47584,0.960849
29582,7,47453,0.958094
29582,8,13645,0.955862
29582,9,47557,0.955453
29582,10,22262,0.955145
29607,1,29652,0.995627
29607,2,29653,0.995177
29607,3,29608,0.992611
29607,4,29632,0.991979
29607,5,18974,0.991755
29607,6,26801,0.991562
29607,7,29609,0.991335
29607,8,11063,0.991184
29607,9,33244,0.990154
29607,10,26050,0.988806
29668,1,10848,0.797015
29668,2,13092,0.787545
29668,3,22339,0.773472
29668,4,24270,0.767114
29668,5,17257,0.765277
29668,6,22471,0.759358
29668,7,19795,0.758419
29668,8,46352,0.756167
29668,9,19161,0.755599
29668,10,19401,0.754232
29701,1,26058,0.994219
29701,2,26059,0.987208
29701,3,9810,0.986012
29701,4,26815,0.985658
29701,5,8722,0.985407
29701,6,17545,0.985257
29701,7,26056,0.984517
29701,8,26048,0.984395
29701,9,20168,0.984211
29701,10,29709,0.983650
29725,1,29737,0.964789
29725,2,29733,0.963041
29725,3,37857,0.958023
29725,4,29729,0.955710
29725,5,29741,0.950404
29725,6,29726,0.949820
29725,7,27712,0.948347
29725,8,29734,0.948335
29725,9,3384,0.947784
29725,10,29738,0.947341
29761,1,10236,0.984784
29761,2,23271,0.979519
29761,3,10999,0.977818
29761,4,29922,0.977456
29761,5,49868,0.976424
29761,6,25320,0.976390
29761,7,11634,0.976259
29761,8,36904,0.975823
29761,9,21682,0.975262
29761,10,10997,0.974999
29772,1,8792,0.753917
29772,2,51431,0.753406
29772,3,37146,0.743021
29772,4,17169,0.734979
29772,5,14639,0.731026
29772,6,14768,0.726050
29772,7,33242,0.721637
29772,8,48363,0.720735
29772,9,2095,0.719311
29772,10,14643,0.711845
29780,1,29777,0.995304
29780,2,26160,0.987056
29780,3,29782,0.987002
29780,4,26151,0.985592
29780,5,26136,0.985467
29780,6,33815,0.984654
29780,7,23040,0.983738
29780,8,26159,0.983617
29780,9,26146,0.983577
29780,10,29405,0.983316
29781,1,39808,0.968772
29781,2,12220,0.968713
29781,3,39807,0.964888
29781,4,39806,0.964329
29781,5,39795,0.964242
29781,6,16022,0.962200
29781,7,41629,0.961477
29781,8,31559,0.961442
29781,9,15134,0.961361
29781,10,26806,0.960485
29785,1,12199,0.984795
29785,2,33950,0.981679
29785,3,23873,0.980802
29785,4,5281,0.980746
29785,5,33941,0.980064
29785,6,7634,0.979572
29785,7,13939,0.979262
29785,8,13436,0.976368
29785,9,7742,0.976220
29785,10,8317,0.974103
29820,1,10478,0.988859
29820,2,6981,0.988647
29820,3,13395,0.987935
29820,4,13461,0.987177
29820,5,14045,0.987101
29820,6,33065,0.986983
29820,7,12171,0.986831
29820,8,33063,0.986055
29820,9,33064,0.985980
29820,10,40260,0.985916
29831,1,29322,0.969172
29831,2,13866,0.968523
29831,3,29829,0.964263
29831,4,51405,0.963027
29831,5,13769,0.962459
29831,6,29289,0.962444
29831,7,29769,0.961746
29831,8,23198,0.961648
29831,9,23034,0.959740
29831,10,12041,0.959347
29848,1,14701,0.961731
29848,2,29846,0.959476
29848,3,29849,0.956242
29848,4,14689,0.955000
29848,5,14694,0.953635
29848,6,14657,0.952101
29848,7,16064,0.951840
29848,8,26144,0.951815
29848,9,26827,0.950765
29848,10,16059,0.949945
29904,1,19267,0.877611
29904,2,19298,0.855476
29904,3,26337,0.854968
29904,4,26343,0.854358
29904,5,36755,0.854171
29904,6,36896,0.851621
29904,7,43201,0.850558
29904,8,46552,0.847096
29904,9,17462,0.845919
29904,10,10317,0.845256
29906,1,19301,0.832396
29906,2,31815,0.828021
29906,3,25645,0.823113
29906,4,33885,0.821583
29906,5,33893,0.817558
29906,6,29749,0.813998
29906,7,45041,0.813577
29906,8,37299,0.813182
29906,9,19252,0.812506
29906,10,46559,0.812313
29910,1,43189,0.921730
29910,2,39361,0.921316
29910,3,44994,0.920501
29910,4,11648,0.918843
29910,5,39360,0.918394
29910,6,51561,0.916536
29910,7,51528,0.915896
29910,8,49844,0.914057
29910,9,29421,0.913407
29910,10,25649,0.913091
29924,1,48039,0.973958
29924,2,11205,0.973508
29924,3,11218,0.972663
29924,4,29922,0.971501
29924,5,25314,0.968956
29924,6,45140,0.968416
29924,7,29919,0.968365
29924,8,29921,0.968352
29924,9,10582,0.967846
29924,10,43199,0.967836
29929,1,29491,0.957438
29929,2,45201,0.954628
29929,3,29466,0.953450
29929,4,33888,0.949428
29929,5,25327,0.949214
29929,6,29494,0.947754
29929,7,32358,0.944901
29929,8,51547,0.943589
29929,9,30071,0.943570
29929,10,36755,0.943359
29930,1,29415,0.969193
29930,2,43193,0.965402
29930,3,10587,0.964956
29930,4,36774,0.964835
29930,5,32340,0.964559
29930,6,51552,0.964540
29930,7,33872,0.964471
29930,8,25652,0.964265
29930,9,43204,0.963820
29930,10,45925,0.963795
29950,1,32331,0.966557
29950,2,29951,0.966449
29950,3,21681,0.963898
29950,4,51655,0.962858
29950,5,36904,0.962646
29950,6,29922,0.962521
29950,7,11218,0.962246
29950,8,36899,0.962221
29950,9,37290,0.961814
29950,10,25320,0.961284
29968,1,8649,0.985304
29968,2,17602,0.976457
29968,3,30557,0.969372
29968,4,30558,0.968248
29968,5,48215,0.965402
29968,6,17587,0.965372
29968,7,38234,0.964306
29968,8,17596,0.964109
29968,9,51703,0.963524
29968,10,17603,0.962529
29982,1,49848,0.934203
29982,2,37301,0.933174
29982,3,30090,0.930609
29982,4,45295,0.930445
29982,5,30087,0.930325
29982,6,46538,0.925927
29982,7,45293,0.925707
29982,8,22922,0.925321
29982,9,43174,0.924773
29982,10,37324,0.924264
30002,1,51636,0.978247
30002,2,46450,0.978216
30002,3,25663,0.977371
30002,4,25618,0.977283
30002,5,21694,0.976703
30002,6,29933,0.976575
30002,7,28431,0.975135
30002,8,37326,0.974729
30002,9,45186,0.974676
30002,10,39018,0.974420
30011,1,32354,0.989134
30011,2,51552,0.988276
30011,3,45925,0.987876
30011,4,43193,0.986356
30011,5,32299,0.985716
30011,6,47965,0.983803
30011,7,46316,0.983796
30011,8,45039,0.982364
30011,9,17448,0.982164
30011,10,29472,0.981990
30024,1,32340,0.968831
30024,2,29921,0.967832
30024,3,32357,0.967545
30024,4,51639,0.966140
30024,5,46544,0.963615
30024,6,45255,0.963359
30024,7,45032,0.963298
30024,8,29457,0.963159
30024,9,25670,0.962753
30024,10,33902,0.962605
30046,1,30047,0.980878
30046,2,45927,0.957786
30046,3,45931,0.956512
30046,4,32293,0.956233
30046,5,44980,0.956182
30046,6,29417,0.956122
30046,7,11202,0.955336
30046,8,45043,0.954844
30046,9,32348,0.954823
30046,10,45231,0.954665
30049,1,43172,0.968949
30049,2,51517,0.966320
30049,3,51624,0.963515
30049,4,51634,0.963504
30049,5,32307,0.959557
30049,6,25337,0.958997
30049,7,45166,0.957257
30049,8,37288,0.956897
30049,9,36772,0.956804
30049,10,8101,0.956641
30066,1,46467,0.966604
30066,2,29410,0.965848
30066,3,45872,0.964812
30066,4,17448,0.964457
30066,5,46482,0.963955
30066,6,17424,0.963125
30066,7,40511,0.962083
30066,8,29453,0.961926
30066,9,33882,0.961510
30066,10,45165,0.961462
30075,1,49848,0.954435
30075,2,25327,0.950503
30075,3,41043,0.949176
30075,4,45042,0.945229
30075,5,46552,0.941919
30075,6,45148,0.940927
30075,7,36784,0.939717
30075,8,33907,0.938808
30075,9,43201,0.938449
30075,10,33911,0.938170
30098,1,44578,0.907864
30098,2,48066,0.901587
30098,3,42256,0.897193
30098,4,42262,0.896945
30098,5,16508,0.896151
30098,6,11340,0.890595
30098,7,51471,0.889957
30098,8,14130,0.889187
30098,9,28799,0.888682
30098,10,23450,0.886930
30112,1,37141,0.992022
30112,2,17752,0.991352
30112,3,31043,0.989866
30112,4,37746,0.989642
30112,5,10477,0.989497
30112,6,15152,0.988501
30112,7,15151,0.987993
30112,8,9601,0.987305
30112,9,39773,0.987210
30112,10,15154,0.987046
30121,1,12915,0.970144
30121,2,13441,0.969238
30121,3,7868,0.968953
30121,4,34342,0.968326
30121,5,10681,0.968203
30121,6,48402,0.967668
30121,7,18003,0.966694
30121,8,24335,0.966680
30121,9,10486,0.966549
30121,10,29046,0.966242
30148,1,43553,0.969399
30148,2,18209,0.966665
30148,3,34795,0.963403
30148,4,18214,0.962646
30148,5,38565,0.960688
30148,6,34794,0.958964
30148,7,43073,0.958281
30148,8,28609,0.957664
30148,9,49804,0.956481
30148,10,18208,0.955645
30150,1,42952,0.989403
30150,2,30154,0.987876
30150,3,25748,0.985316
30150,4,21774,0.982351
30150,5,18839,0.982344
30150,6,14833,0.982151
30150,7,42942,0.982106
30150,8,18840,0.982098
30150,9,21754,0.981698
30150,10,50839,0.981639
30172,1,46427,0.978699
30172,2,43203,0.977332
30172,3,32354,0.976772
30172,4,46528,0.975620
30172,5,11188,0.975559
30172,6,43199,0.975280
30172,7,43193,0.974515
30172,8,38039,0.974415
30172,9,45015,0.974022
30172,10,45016,0.973880
30183,1,25425,0.971761
30183,2,4604,0.970757
30183,3,47724,0.968947
30183,4,4603,0.967595
30183,5,48188,0.966548
30183,6,14882,0.965607
30183,7,38756,0.964736
30183,8,30205,0.964081
30183,9,20506,0.963845
30183,10,50237,0.963752
30184,1,30205,0.967862
30184,2,12733,0.965533
30184,3,37428,0.965510
30184,4,9442,0.961785
30184,5,25223,0.960170
30184,6,25425,0.957285
30184,7,25275,0.956816
30184,8,50237,0.956232
30184,9,38452,0.955971
30184,10,47423,0.955818
30199,1,35183,0.988904
30199,2,7108,0.988774
30199,3,31606,0.988419
30199,4,31608,0.988097
30199,5,9443,0.987803
30199,6,5218,0.987420
30199,7,19905,0.987389
30199,8,35204,0.987163
30199,9,37689,0.987098
30199,10,5219,0.986779
30246,1,42092,0.946625
30246,2,30245,0.932287
30246,3,2251,0.921539
30246,4,3630,0.921456
30246,5,6163,0.920538
30246,6,40782,0.920294
30246,7,19869,0.915642
30246,8,20941,0.915555
30246,9,6382,0.915480
30246,10,21181,0.911080
30255,1,45622,0.993491
30255,2,2375,0.992938
30255,3,6499,0.992916
30255,4,50744,0.992810
30255,5,47648,0.992768
30255,6,44417,0.992428
30255,7,45588,0.992418
30255,8,10276,0.992415
30255,9,7386,0.992345
30255,10,19371,0.992339
30284,1,29097,0.987454
30284,2,40172,0.982533
30284,3,8664,0.982440
30284,4,23698,0.981961
30284,5,28292,0.981828
30284,6,17597,0.980649
30284,7,29964,0.980624
30284,8,30559,0.980056
30284,9,38238,0.979992
30284,10,30681,0.979088
30314,1,30337,0.986183
30314,2,30339,0.969817
30314,3,9344,0.963085
30314,4,30312,0.958663
30314,5,30336,0.958035
30314,6,34395,0.957525
30314,7,21227,0.956999
30314,8,24757,0.956169
30314,9,30310,0.952629
30314,10,15988,0.952621
30317,1,24037,0.972798
30317,2,11389,0.972046
30317,3,30318,0.971808
30317,4,7669,0.971551
30317,5,16427,0.970512
30317,6,17502,0.969849
30317,7,15192,0.969534
30317,8,5827,0.969210
30317,9,18982,0.968976
30317,10,23172,0.968971
30338,1,30310,0.979994
30338,2,30339,0.979963
30338,3,30312,0.979032
30338,4,30336,0.977090
30338,5,7347,0.971387
30338,6,30134,0.969999
30338,7,30337,0.969754
30338,8,13419,0.969099
30338,9,21227,0.969044
30338,10,16639,0.968971
30348,1,30359,0.991397
30348,2,30298,0.991236
30348,3,30304,0.990767
30348,4,30291,0.990346
30348,5,30303,0.989997
30348,6,30292,0.989119
30348,7,30357,0.988961
30348,8,30302,0.988945
30348,9,30299,0.988898
30348,10,30305,0.987767
30410,1,28816,0.986731
30410,2,28794,0.985468
30410,3,28795,0.983201
30410,4,16510,0.981881
30410,5,30412,0.981759
30410,6,28821,0.980436
30410,7,28822,0.980183
30410,8,24755,0.979931
30410,9,28802,0.978970
30410,10,24204,0.977014
30411,1,11285,0.974296
30411,2,28802,0.973845
30411,3,9163,0.973197
30411,4,14129,0.972934
30411,5,14125,0.972428
30411,6,11332,0.972145
30411,7,28790,0.971965
30411,8,48384,0.971820
30411,9,11349,0.971569
30411,10,16920,0.971315
30415,1,28816,0.992050
30415,2,28794,0.991454
30415,3,16510,0.991176
30415,4,28821,0.989907
30415,5,11295,0.987705
30415,6,14124,0.987618
30415,7,31335,0.987574
30415,8,28795,0.987367
30415,9,24755,0.987082
30415,10,24204,0.986403
30461,1,33233,0.975034
30461,2,29655,0.972319
30461,3,33248,0.971997
30461,4,37129,0.971631
30461,5,37132,0.971255
30461,6,41636,0.970140
30461,7,26790,0.968797
30461,8,41637,0.967767
30461,9,27148,0.967028
30461,10,9073,0.965039
30474,1,27479,0.989348
30474,2,21654,0.987090
30474,3,30488,0.986041
30474,4,27129,0.985095
30474,5,27116,0.984936
30474,6,27404,0.984472
30474,7,27139,0.983924
30474,8,21662,0.983589
30474,9,27459,0.983188
30474,10,30469,0.982650
30494,1,27508,0.988412
30494,2,30484,0.987426
30494,3,32264,0.986306
30494,4,27509,0.985492
30494,5,27402,0.984784
30494,6,30501,0.983594
30494,7,27399,0.983565
30494,8,21627,0.983154
30494,9,30514,0.982571
30494,10,27476,0.981539
30496,1,30501,0.995351
30496,2,30484,0.988455
30496,3,27509,0.987298
30496,4,30514,0.983617
30496,5,27480,0.982554
30496,6,27508,0.982084
30496,7,27510,0.981042
30496,8,27404,0.979499
30496,9,27402,0.978220
30496,10,21627,0.977703
30500,1,45096,0.979909
30500,2,27403,0.979272
30500,3,39541,0.979177
30500,4,51000,0.979009
30500,5,51005,0.978991
30500,6,51054,0.978824
30500,7,50997,0.978401
30500,8,51022,0.978398
30500,9,51026,0.977938
30500,10,51011,0.977901
30505,1,27139,0.989236
30505,2,27129,0.989213
30505,3,27404,0.988391
30505,4,27116,0.988301
30505,5,30488,0.988083
30505,6,17466,0.987910
30505,7,21654,0.987643
30505,8,27479,0.987415
30505,9,27507,0.984882
30505,10,27459,0.984261
30515,1,30501,0.971764
30515,2,30484,0.969268
30515,3,27480,0.968884
30515,4,30508,0.967398
30515,5,27510,0.965706
30515,6,21627,0.965038
30515,7,27404,0.963711
30515,8,27139,0.963560
30515,9,27509,0.963321
30515,10,27508,0.963068
30529,1,51784,0.992491
30529,2,30534,0.991824
30529,3,21642,0.978524
30529,4,27472,0.976030
30529,5,51188,0.975611
30529,6,51029,0.975607
30529,7,51206,0.975491
30529,8,21661,0.975234
30529,9,27398,0.975146
30529,10,50005,0.975136
30537,1,9440,0.987135
30537,2,20935,0.986716
30537,3,43147,0.986271
30537,4,39507,0.984004
30537,5,9443,0.983419
30537,6,9441,0.982763
30537,7,37687,0.982530
30537,8,31607,0.982192
30537,9,20939,0.982130
30537,10,18438,0.981988
30542,1,18350,0.918289
30542,2,15551,0.906841
30542,3,19494,0.898966
30542,4,15548,0.898406
30542,5,30544,0.894720
30542,6,18359,0.881994
30542,7,29210,0.873553
30542,8,31999,0.869255
30542,9,29221,0.867614
30542,10,18579,0.859272
30555,1,40000,0.981607
30555,2,30569,0.980251
30555,3,17212,0.979619
30555,4,28412,0.977717
30555,5,30571,0.977150
30555,6,49679,0.976833
30555,7,28369,0.975944
30555,8,17310,0.975245
30555,9,16869,0.974500
30555,10,16961,0.973966
30572,1,17212,0.991929
30572,2,17222,0.989850
30572,3,30680,0.989357
30572,4,48197,0.988412
30572,5,17331,0.987603
30572,6,30571,0.986317
30572,7,30569,0.985910
30572,8,21356,0.985715
30572,9,30573,0.982723
30572,10,29878,0.982223
30587,1,30620,0.954707
30587,2,25038,0.954165
30587,3,5439,0.948321
30587,4,28551,0.948294
30587,5,30588,0.945771
30587,6,7540,0.945490
30587,7,38621,0.944670
30587,8,9549,0.944103
30587,9,43065,0.940818
30587,10,32640,0.940659
30598,1,38582,0.961982
30598,2,22604,0.953057
30598,3,14022,0.951981
30598,4,31458,0.949447
30598,5,43044,0.948129
30598,6,28142,0.947185
30598,7,27216,0.946951
30598,8,38562,0.946629
30598,9,38566,0.945353
30598,10,38567,0.945181
30603,1,22604,0.965888
30603,2,43044,0.965243
30603,3,38582,0.963463
30603,4,31449,0.962672
30603,5,22590,0.960229
30603,6,38563,0.957666
30603,7,32649,0.957305
30603,8,38567,0.956969
30603,9,28138,0.956604
30603,10,43052,0.956374
30604,1,11274,0.961629
30604,2,11129,0.960457
30604,3,9785,0.959386
30604,4,12811,0.952853
30604,5,4833,0.952370
30604,6,10012,0.951724
30604,7,8026,0.951414
30604,8,32645,0.950193
30604,9,21379,0.949553
30604,10,8030,0.949475
30609,1,14023,0.992182
30609,2,31457,0.991805
30609,3,31459,0.991207
30609,4,6521,0.990327
30609,5,12812,0.986824
30609,6,38562,0.986160
30609,7,22644,0.985857
30609,8,15330,0.985833
30609,9,14024,0.985520
30609,10,25030,0.984410
30617,1,17929,0.980766
30617,2,7486,0.977711
30617,3,30616,0.974329
30617,4,7560,0.974301
30617,5,24773,0.970961
30617,6,32635,0.970275
30617,7,7511,0.970023
30617,8,7487,0.968878
30617,9,7126,0.967768
30617,10,10714,0.967652
30622,1,44626,0.993234
30622,2,38634,0.993139
30622,3,31465,0.992561
30622,4,13891,0.992397
30622,5,15325,0.992306
30622,6,38599,0.990010
30622,7,38579,0.989084
30622,8,1911,0.987545
30622,9,38639,0.987372
30622,10,28565,0.986706
30630,1,38617,0.984873
30630,2,28565,0.984056
30630,3,1907,0.983433
30630,4,28539,0.983404
30630,5,30621,0.981807
30630,6,44226,0.981801
30630,7,38599,0.981598
30630,8,38579,0.981361
30630,9,22632,0.981269
30630,10,38596,0.981188
30632,1,25041,0.983430
30632,2,43054,0.978474
30632,3,15325,0.976842
30632,4,44626,0.976240
30632,5,13891,0.975318
30632,6,17921,0.973414
30632,7,31465,0.972402
30632,8,38634,0.970751
30632,9,22643,0.970646
30632,10,3617,0.969967
30635,1,1911,0.983272
30635,2,38599,0.978994
30635,3,6538,0.978884
30635,4,38639,0.977557
30635,5,14005,0.977547
30635,6,2273,0.977438
30635,7,28546,0.977280
30635,8,38579,0.976905
30635,9,38634,0.975520
30635,10,5432,0.975490
30641,1,28654,0.976783
30641,2,10604,0.975788
30641,3,4450,0.973396
30641,4,18207,0.972488
30641,5,3449,0.972473
30641,6,44853,0.971821
30641,7,10014,0.971034
30641,8,36083,0.968770
30641,9,38126,0.968652
30641,10,18904,0.968140
30671,1,30673,0.974682
30671,2,17308,0.970323
30671,3,49673,0.970268
30671,4,28423,0.970112
30671,5,28335,0.968694
30671,6,51671,0.968660
30671,7,28300,0.967835
30671,8,8620,0.967715
30671,9,16838,0.967678
30671,10,48200,0.967558
30682,1,38227,0.994085
30682,2,38234,0.993428
30682,3,17603,0.992759
30682,4,17606,0.992472
30682,5,17596,0.992458
30682,6,17587,0.991415
30682,7,28291,0.989954
30682,8,23746,0.989317
30682,9,38226,0.987765
30682,10,8647,0.987678
30684,1,38230,0.942011
30684,2,48224,0.941783
30684,3,28156,0.940981
30684,4,51715,0.937574
30684,5,23783,0.934507
30684,6,30664,0.933273
30684,7,21322,0.932407
30684,8,21281,0.932000
30684,9,23762,0.930518
30684,10,8695,0.930504
30691,1,39612,0.969601
30691,2,35807,0.969066
30691,3,39199,0.968579
30691,4,46820,0.968475
30691,5,14379,0.968233
30691,6,39206,0.968074
30691,7,47596,0.966566
30691,8,13002,0.965497
30691,9,46620,0.965379
30691,10,20276,0.965347
30706,1,21527,0.888319
30706,2,27703,0.885130
30706,3,2667,0.884691
30706,4,20505,0.884164
30706,5,44278,0.879726
30706,6,20506,0.876818
30706,7,27701,0.876550
30706,8,2672,0.876347
30706,9,47417,0.876201
30706,10,10227,0.876150
30715,1,11267,0.601179
30715,2,16064,0.598498
30715,3,18196,0.594807
30715,4,13248,0.594600
30715,5,13782,0.592567
30715,6,14699,0.591120
30715,7,13306,0.589808
30715,8,16061,0.586123
30715,9,16378,0.582503
30715,10,44313,0.582399
30716,1,9191,0.599474
30716,2,4939,0.574776
30716,3,4940,0.574199
30716,4,13246,0.569608
30716,5,48399,0.566104
30716,6,31340,0.565765
30716,7,43567,0.565521
30716,8,13247,0.565427
30716,9,4977,0.562085
30716,10,4978,0.561503
30718,1,46651,0.651928
30718,2,46636,0.638890
30718,3,44387,0.629217
30718,4,28214,0.628234
30718,5,46662,0.627496
30718,6,44146,0.627233
30718,7,27346,0.626752
30718,8,46641,0.626246
30718,9,44163,0.626232
30718,10,23583,0.626097
30731,1,46651,0.735215
30731,2,44177,0.729410
30731,3,46655,0.729189
30731,4,28217,0.724778
30731,5,23580,0.724701
30731,6,28225,0.723312
30731,7,23582,0.722301
30731,8,23609,0.721348
30731,9,43994,0.720375
30731,10,46663,0.716134
30739,1,31742,0.631719
30739,2,26933,0.543778
30739,3,42244,0.530844
30739,4,11011,0.525541
30739,5,37925,0.524244
30739,6,21132,0.522839
30739,7,9801,0.521869
30739,8,47659,0.521263
30739,9,41778,0.518201
30739,10,33740,0.517916
30747,1,30765,0.993952
30747,2,30749,0.993511
30747,3,30743,0.991848
30747,4,30763,0.991774
30747,5,30745,0.988791
30747,6,30774,0.988581
30747,7,30758,0.987976
30747,8,30769,0.985237
30747,9,30757,0.984717
30747,10,30768,0.984681
30748,1,30743,0.995691
30748,2,30749,0.994078
30748,3,30765,0.993109
30748,4,30763,0.991544
30748,5,30758,0.989430
30748,6,30764,0.988675
30748,7,30768,0.988146
30748,8,30757,0.987187
30748,9,30780,0.987066
30748,10,30760,0.986238
30772,1,30769,0.994106
30772,2,32197,0.992221
30772,3,30771,0.992008
30772,4,30760,0.991471
30772,5,30767,0.991278
30772,6,30754,0.990803
30772,7,32199,0.990771
30772,8,30746,0.990482
30772,9,30762,0.989414
30772,10,30774,0.989080
30776,1,30786,0.867708
30776,2,30789,0.867111
30776,3,30804,0.867016
30776,4,30755,0.863250
30776,5,30784,0.860244
30776,6,30759,0.859885
30776,7,20329,0.859248
30776,8,30749,0.858487
30776,9,30782,0.858327
30776,10,30775,0.858001
30788,1,34217,0.967216
30788,2,26267,0.952652
30788,3,27593,0.952339
30788,4,29674,0.948143
30788,5,15211,0.946108
30788,6,37899,0.942949
30788,7,12642,0.942060
30788,8,34209,0.941126
30788,9,34224,0.940503
30788,10,9780,0.940423
30791,1,30778,0.982706
30791,2,20329,0.977559
30791,3,30740,0.977121
30791,4,30779,0.975462
30791,5,30786,0.975379
30791,6,30777,0.973227
30791,7,30759,0.972649
30791,8,30767,0.970729
30791,9,30774,0.969521
30791,10,30762,0.968982
30795,1,30787,0.986546
30795,2,30786,0.985258
30795,3,30775,0.982896
30795,4,30783,0.981732
30795,5,30785,0.979941
30795,6,30790,0.979522
30795,7,30780,0.979321
30795,8,30763,0.979004
30795,9,30779,0.978841
30795,10,32197,0.978422
30797,1,42521,0.890475
30797,2,33292,0.879172
30797,3,15088,0.868734
30797,4,30793,0.867902
30797,5,31046,0.861550
30797,6,37727,0.860980
30797,7,41397,0.860800
30797,8,29282,0.856584
30797,9,29800,0.854506
30797,10,26404,0.846305
30808,1,23302,0.947203
30808,2,30825,0.897830
30808,3,22463,0.847261
30808,4,30732,0.841289
30808,5,22454,0.823672
30808,6,30828,0.821399
30808,7,30820,0.819153
30808,8,33958,0.812296
30808,9,35033,0.810112
30808,10,30809,0.807352
30812,1,30816,0.976443
30812,2,30815,0.973178
30812,3,28878,0.971133
30812,4,25905,0.970618
30812,5,25903,0.970324
30812,6,28943,0.969705
30812,7,28879,0.969525
30812,8,33961,0.968279
30812,9,25906,0.968204
30812,10,30817,0.968144
30814,1,30819,0.992039
30814,2,30816,0.980586
30814,3,30815,0.977046
30814,4,30817,0.974871
30814,5,25899,0.972734
30814,6,39119,0.972624
30814,7,25903,0.969747
30814,8,25898,0.969702
30814,9,23045,0.968817
30814,10,39131,0.968729
30827,1,23302,0.905984
30827,2,30732,0.870596
30827,3,30828,0.846680
30827,4,30831,0.846675
30827,5,35033,0.840394
30827,6,30832,0.835407
30827,7,30809,0.835370
30827,8,35037,0.835109
30827,9,30824,0.834493
30827,10,35035,0.828558
30833,1,32210,0.922499
30833,2,40575,0.922032
30833,3,50346,0.913066
30833,4,35041,0.912075
30833,5,42428,0.909348
30833,6,31309,0.908131
30833,7,49770,0.906756
30833,8,50328,0.906395
30833,9,50353,0.905202
30833,10,45863,0.904904
30846,1,42657,0.975802
30846,2,11564,0.972538
30846,3,42656,0.972167
30846,4,11566,0.972093
30846,5,12067,0.971599
30846,6,11574,0.970564
30846,7,15841,0.969907
30846,8,42661,0.969564
30846,9,28716,0.969257
30846,10,28724,0.968228
30847,1,42672,0.964442
30847,2,47030,0.959199
30847,3,39464,0.957781
30847,4,32215,0.954619
30847,5,36828,0.953931
30847,6,36493,0.953598
30847,7,39181,0.952491
30847,8,33036,0.951323
30847,9,28875,0.950960
30847,10,33050,0.950886
30848,1,30841,0.989327
30848,2,28957,0.986508
30848,3,32219,0.985773
30848,4,30883,0.984548
30848,5,15094,0.983338
30848,6,40590,0.983319
30848,7,24376,0.982893
30848,8,42429,0.982853
30848,9,15842,0.982272
30848,10,32231,0.981706
30851,1,11537,0.989694
30851,2,11805,0.985330
30851,3,19063,0.984252
30851,4,20099,0.984006
30851,5,40570,0.983624
30851,6,43265,0.983560
30851,7,12067,0.983401
30851,8,12097,0.983324
30851,9,42553,0.983084
30851,10,39453,0.983065
30857,1,28767,0.988637
30857,2,30873,0.987745
30857,3,28744,0.985016
30857,4,31696,0.984742
30857,5,24356,0.984596
30857,6,31697,0.984013
30857,7,11536,0.983371
30857,8,21905,0.983316
30857,9,28717,0.983249
30857,10,11547,0.982765
30862,1,30839,0.978749
30862,2,30873,0.978708
30862,3,40625,0.977543
30862,4,30867,0.977499
30862,5,11567,0.976103
30862,6,30884,0.975883
30862,7,30855,0.975744
30862,8,24356,0.975660
30862,9,20114,0.975597
30862,10,30861,0.975583
30872,1,30870,0.990068
30872,2,23223,0.985427
30872,3,30852,0.985081
30872,4,19063,0.983243
30872,5,11581,0.982274
30872,6,30845,0.982160
30872,7,30871,0.982153
30872,8,11624,0.982117
30872,9,28715,0.981341
30872,10,39460,0.980868
30875,1,40565,0.973004
30875,2,45733,0.971675
30875,3,24152,0.967661
30875,4,31305,0.967403
30875,5,49773,0.966539
30875,6,40577,0.965682
30875,7,50332,0.964736
30875,8,39451,0.964499
30875,9,47012,0.961341
30875,10,45848,0.960727
30904,1,47060,0.786509
30904,2,47043,0.784131
30904,3,30900,0.782509
30904,4,30898,0.781811
30904,5,47048,0.777230
30904,6,47042,0.774921
30904,7,47057,0.773682
30904,8,47054,0.770164
30904,9,30901,0.768379
30904,10,47052,0.768136
30921,1,30917,0.898232
30921,2,30920,0.897858
30921,3,43521,0.883366
30921,4,42348,0.880313
30921,5,44665,0.879609
30921,6,30919,0.879308
30921,7,27904,0.877067
30921,8,32407,0.875265
30921,9,27907,0.872646
30921,10,48496,0.872410
30929,1,32250,0.982641
30929,2,26863,0.976703
30929,3,30928,0.976689
30929,4,49635,0.974760
30929,5,48493,0.974428
30929,6,47657,0.973216
30929,7,39731,0.971292
30929,8,40434,0.971187
30929,9,44646,0.971005
30929,10,10351,0.970997
30943,1,30907,0.990948
30943,2,30945,0.983000
30943,3,28770,0.980986
30943,4,30938,0.979863
30943,5,24174,0.978465
30943,6,12148,0.978170
30943,7,30911,0.977953
30943,8,30961,0.977549
30943,9,12112,0.977054
30943,10,28771,0.976687
30948,1,35985,0.950216
30948,2,20249,0.948836
30948,3,26953,0.938989
30948,4,16125,0.934089
30948,5,27347,0.933188
30948,6,16131,0.932996
30948,7,35986,0.930466
30948,8,35983,0.927210
30948,9,26883,0.923812
30948,10,26885,0.923044
30951,1,34568,0.951843
30951,2,28471,0.951078
30951,3,45947,0.948316
30951,4,6887,0.942302
30951,5,26359,0.942281
30951,6,19623,0.942222
30951,7,33166,0.941857
30951,8,34580,0.938466
30951,9,33179,0.936405
30951,10,19591,0.935485
30980,1,44128,0.983775
30980,2,46770,0.982079
30980,3,44090,0.979205
30980,4,45669,0.978506
30980,5,36696,0.977369
30980,6,46727,0.974598
30980,7,26860,0.974568
30980,8,46721,0.974530
30980,9,44136,0.974014
30980,10,23585,0.973901
31005,1,46700,0.874551
31005,2,25995,0.872882
31005,3,44128,0.866083
31005,4,44040,0.864459
31005,5,44070,0.857290
31005,6,37908,0.856520
31005,7,44093,0.853662
31005,8,37906,0.853472
31005,9,46688,0.850658
31005,10,36709,0.850150
31023,1,14511,0.985615
31023,2,33240,0.984607
31023,3,33326,0.984547
31023,4,15698,0.982613
31023,5,33249,0.981979
31023,6,14519,0.981706
31023,7,8862,0.980828
31023,8,12941,0.980533
31023,9,13393,0.980443
31023,10,9712,0.979778
31024,1,30778,0.915565
31024,2,30804,0.911760
31024,3,20329,0.899627
31024,4,15088,0.897537
31024,5,31046,0.897374
31024,6,30786,0.895656
31024,7,30759,0.890832
31024,8,30767,0.887332
31024,9,30762,0.886660
31024,10,30740,0.886493
31036,1,33285,0.993248
31036,2,12946,0.991179
31036,3,18309,0.991159
31036,4,7744,0.990844
31036,5,33580,0.990611
31036,6,16210,0.990377
31036,7,13466,0.989630
31036,8,15191,0.988613
31036,9,33084,0.988319
31036,10,12645,0.988173
31090,1,36206,0.969106
31090,2,41303,0.964446
31090,3,43587,0.963333
31090,4,31092,0.959035
31090,5,5431,0.958544
31090,6,35439,0.957825
31090,7,5430,0.957541
31090,8,37221,0.955677
31090,9,40132,0.955515
31090,10,27211,0.955105
31106,1,39333,0.976302
31106,2,13253,0.976067
31106,3,37598,0.975475
31106,4,36316,0.975405
31106,5,40949,0.975255
31106,6,48242,0.975198
31106,7,39857,0.975111
31106,8,13254,0.974417
31106,9,34682,0.974302
31106,10,48240,0.973754
31108,1,36314,0.972236
31108,2,8321,0.972140
31108,3,24906,0.969850
31108,4,34099,0.969728
31108,5,40137,0.968985
31108,6,48238,0.968636
31108,7,41980,0.968267
31108,8,36720,0.967953
31108,9,37625,0.967853
31108,10,24873,0.967388
31110,1,33274,0.767105
31110,2,33273,0.752012
31110,3,39011,0.750814
31110,4,33148,0.745610
31110,5,36218,0.745402
31110,6,17621,0.739766
31110,7,17619,0.738887
31110,8,33149,0.738764
31110,9,31180,0.737184
31110,10,17618,0.727206
31116,1,39320,0.772794
31116,2,36203,0.715896
31116,3,28544,0.701242
31116,4,15331,0.692305
31116,5,24993,0.687178
31116,6,36216,0.682919
31116,7,34118,0.682797
31116,8,13258,0.681419
31116,9,34693,0.680181
31116,10,33267,0.679733
31121,1,31119,0.959010
31121,2,38286,0.956237
31121,3,41973,0.954785
31121,4,24946,0.954572
31121,5,13266,0.950231
31121,6,4193,0.950047
31121,7,40159,0.948698
31121,8,34152,0.948258
31121,9,38327,0.947665
31121,10,41757,0.947176
31160,1,37587,0.896406
31160,2,37600,0.887979
31160,3,17798,0.887526
31160,4,13226,0.886020
31160,5,35895,0.880014
31160,6,34683,0.871490
31160,7,8366,0.867016
31160,8,17796,0.865326
31160,9,48259,0.862296
31160,10,36720,0.855829
31192,1,31184,0.996428
31192,2,31202,0.994142
31192,3,31185,0.993013
31192,4,31204,0.992841
31192,5,31190,0.991920
31192,6,31201,0.991829
31192,7,31193,0.991087
31192,8,31191,0.991036
31192,9,25056,0.987795
31192,10,31186,0.987412
31213,1,32178,0.971390
31213,2,35712,0.964507
31213,3,39632,0.964285
31213,4,32740,0.963328
31213,5,23943,0.962503
31213,6,35933,0.962268
31213,7,35938,0.961109
31213,8,43337,0.961074
31213,9,29229,0.961017
31213,10,43001,0.959950
31221,1,15484,0.875461
31221,2,40070,0.870170
31221,3,43078,0.867332
31221,4,38571,0.855260
31221,5,16225,0.851151
31221,6,27013,0.850647
31221,7,27011,0.850300
31221,8,31228,0.849439
31221,9,28464,0.848906
31221,10,45500,0.847080
31222,1,7187,0.844297
31222,2,18869,0.823958
31222,3,7190,0.804654
31222,4,27926,0.770025
31222,5,7179,0.765915
31222,6,7185,0.761454
31222,7,7189,0.759611
31222,8,51505,0.755700
31222,9,11244,0.753001
31222,10,13351,0.752580
31225,1,50989,0.912253
31225,2,51042,0.911629
31225,3,28894,0.908623
31225,4,49982,0.908505
31225,5,51053,0.907011
31225,6,28887,0.906912
31225,7,51057,0.906490
31225,8,42820,0.905548
31225,9,51041,0.905451
31225,10,42826,0.904892
31255,1,42109,0.970001
31255,2,26719,0.969896
31255,3,31263,0.969542
31255,4,31270,0.969084
31255,5,15010,0.968749
31255,6,15476,0.967973
31255,7,23875,0.967394
31255,8,40078,0.966490
31255,9,13101,0.964691
31255,10,7479,0.964076
31278,1,40066,0.980210
31278,2,31275,0.977234
31278,3,34243,0.975824
31278,4,31243,0.974997
31278,5,15528,0.974921
31278,6,40264,0.974648
31278,7,32422,0.974485
31278,8,3873,0.973819
31278,9,11409,0.973735
31278,10,40023,0.973510
31281,1,8720,0.941129
31281,2,6777,0.939056
31281,3,37721,0.936841
31281,4,37735,0.935478
31281,5,19427,0.931580
31281,6,7176,0.930540
31281,7,27537,0.926374
31281,8,9604,0.924346
31281,9,37737,0.923717
31281,10,22208,0.922720
31285,1,32464,0.957771
31285,2,9681,0.954692
31285,3,1859,0.953308
31285,4,17507,0.948922
31285,5,26480,0.947810
31285,6,31581,0.946877
31285,7,43499,0.946552
31285,8,4388,0.946016
31285,9,40023,0.945707
31285,10,7475,0.944589
31292,1,21169,0.952120
31292,2,11427,0.947368
31292,3,26922,0.943298
31292,4,30955,0.940645
31292,5,8436,0.940533
31292,6,26931,0.939738
31292,7,26919,0.939450
31292,8,2591,0.939273
31292,9,44642,0.937177
31292,10,11526,0.935993
31306,1,32210,0.924681
31306,2,46019,0.921374
31306,3,39157,0.920093
31306,4,42555,0.917933
31306,5,50353,0.917090
31306,6,47020,0.914002
31306,7,42428,0.912820
31306,8,49775,0.912576
31306,9,45757,0.911707
31306,10,32233,0.911294
31310,1,45843,0.981818
31310,2,32208,0.981436
31310,3,28957,0.981140
31310,4,36237,0.981103
31310,5,28948,0.980425
31310,6,22052,0.980416
31310,7,11575,0.980414
31310,8,15842,0.980049
31310,9,28724,0.979439
31310,10,12097,0.979308
31311,1,49770,0.880619
31311,2,40618,0.880003
31311,3,43627,0.877380
31311,4,12076,0.871318
31311,5,42551,0.867587
31311,6,38847,0.864485
31311,7,18755,0.862938
31311,8,6875,0.854506
31311,9,38832,0.854226
31311,10,46281,0.852806
31352,1,16072,0.954115
31352,2,16066,0.936891
31352,3,14694,0.923829
31352,4,11267,0.922347
31352,5,16064,0.920213
31352,6,16069,0.915186
31352,7,9854,0.914234
31352,8,14695,0.912950
31352,9,15749,0.910381
31352,10,13782,0.909810
31385,1,31576,0.991362
31385,2,31593,0.990179
31385,3,6571,0.988739
31385,4,31365,0.988606
31385,5,24143,0.988193
31385,6,31590,0.987550
31385,7,43502,0.987550
31385,8,30355,0.986424
31385,9,12653,0.986313
31385,10,36301,0.986219
31415,1,15816,0.993959
31415,2,18387,0.993514
31415,3,15768,0.991588
31415,4,15780,0.990607
31415,5,42414,0.990598
31415,6,50445,0.990409
31415,7,32075,0.990404
31415,8,50541,0.990230
31415,9,50486,0.990184
31415,10,50453,0.989685
31430,1,31429,0.983906
31430,2,31440,0.983788
31430,3,12677,0.982364
31430,4,31434,0.980531
31430,5,31435,0.980464
31430,6,31439,0.980040
31430,7,31425,0.979723
31430,8,26823,0.979005
31430,9,26822,0.978515
31430,10,10261,0.978513
31442,1,9545,0.975339
31442,2,22596,0.973837
31442,3,15607,0.973131
31442,4,31463,0.972934
31442,5,9538,0.969608
31442,6,15646,0.969356
31442,7,28533,0.969011
31442,8,28538,0.968702
31442,9,30618,0.967995
31442,10,28554,0.967282
31443,1,15004,0.880518
31443,2,18201,0.875750
31443,3,15323,0.874785
31443,4,23962,0.873939
31443,5,40050,0.873840
31443,6,15009,0.873627
31443,7,17899,0.872698
31443,8,15322,0.872509
31443,9,15014,0.871096
31443,10,15464,0.868296
31451,1,22597,0.988648
31451,2,30618,0.987329
31451,3,28536,0.985185
31451,4,22596,0.982387
31451,5,44222,0.978199
31451,6,14012,0.977765
31451,7,28562,0.976575
31451,8,6538,0.976443
31451,9,28546,0.975432
31451,10,15647,0.975268
31464,1,25033,0.810031
31464,2,8030,0.792619
31464,3,30605,0.774734
31464,4,9785,0.773443
31464,5,26254,0.764617
31464,6,18866,0.761764
31464,7,11129,0.761091
31464,8,19574,0.760836
31464,9,8026,0.758039
31464,10,4828,0.755386
31550,1,16708,0.990126
31550,2,22331,0.986735
31550,3,28993,0.986200
31550,4,31547,0.985449
31550,5,19792,0.982837
31550,6,33084,0.982736
31550,7,31035,0.982312
31550,8,24272,0.982197
31550,9,19448,0.981211
31550,10,1614,0.980868
31574,1,4082,0.986098
31574,2,30304,0.985626
31574,3,24143,0.985124
31574,4,43502,0.983695
31574,5,30292,0.983694
31574,6,10843,0.983476
31574,7,4238,0.983346
31574,8,29605,0.983263
31574,9,30291,0.982994
31574,10,7456,0.982313
31579,1,31589,0.993547
31579,2,31592,0.991067
31579,3,31595,0.990227
31579,4,16434,0.989921
31579,5,31599,0.989869
31579,6,16423,0.989310
31579,7,31596,0.989207
31579,8,29048,0.989076
31579,9,31037,0.988089
31579,10,29049,0.987819
31580,1,31592,0.992481
31580,2,31589,0.989881
31580,3,31037,0.989016
31580,4,20262,0.988572
31580,5,31599,0.987886
31580,6,32413,0.987665
31580,7,10867,0.987563
31580,8,31595,0.987519
31580,9,18852,0.987203
31580,10,29048,0.987137
31587,1,31270,0.985512
31587,2,19410,0.984270
31587,3,13427,0.981151
31587,4,18843,0.981118
31587,5,10059,0.980703
31587,6,3521,0.980673
31587,7,31599,0.979825
31587,8,24039,0.979245
31587,9,40023,0.978977
31587,10,40044,0.978424
31597,1,31596,0.984611
31597,2,31589,0.982396
31597,3,2835,0.982364
31597,4,23177,0.980901
31597,5,29062,0.980252
31597,6,24016,0.979135
31597,7,18990,0.979080
31597,8,7291,0.978607
31597,9,14098,0.978472
31597,10,14919,0.977293
31601,1,31585,0.992557
31601,2,16631,0.988711
31601,3,16495,0.988372
31601,4,31577,0.987498
31601,5,31578,0.986524
31601,6,24693,0.986307
31601,7,16423,0.986125
31601,8,32981,0.986012
31601,9,8199,0.985635
31601,10,10884,0.985564
31602,1,24016,0.989612
31602,2,10465,0.989541
31602,3,16423,0.988668
31602,4,7658,0.987969
31602,5,29049,0.987144
31602,6,7347,0.987062
31602,7,7352,0.987039
31602,8,34390,0.986666
31602,9,14098,0.986618
31602,10,14912,0.986475
31624,1,10381,0.990570
31624,2,8872,0.988785
31624,3,17536,0.988614
31624,4,39803,0.988605
31624,5,21022,0.988339
31624,6,26801,0.988133
31624,7,11063,0.988008
31624,8,18974,0.988005
31624,9,12004,0.987640
31624,10,22390,0.987424
31627,1,8159,0.992449
31627,2,16039,0.991141
31627,3,16031,0.990220
31627,4,10476,0.989402
31627,5,18319,0.989390
31627,6,16037,0.989362
31627,7,26424,0.989116
31627,8,13849,0.989081
31627,9,14051,0.989078
31627,10,12178,0.988858
31634,1,31620,0.991415
31634,2,31640,0.988852
31634,3,29371,0.987821
31634,4,9806,0.987161
31634,5,16339,0.986688
31634,6,16338,0.986520
31634,7,31645,0.985681
31634,8,26057,0.985385
31634,9,14747,0.984929
31634,10,9804,0.984028
31693,1,44418,0.987636
31693,2,28314,0.987584
31693,3,20836,0.987142
31693,4,11890,0.986197
31693,5,20691,0.985615
31693,6,9702,0.984800
31693,7,9703,0.984322
31693,8,33703,0.984246
31693,9,10265,0.983206
31693,10,32552,0.983177
31700,1,43792,0.759422
31700,2,43793,0.748060
31700,3,42622,0.745416
31700,4,43794,0.744920
31700,5,43780,0.744766
31700,6,48716,0.743876
31700,7,43796,0.743203
31700,8,43844,0.737269
31700,9,31713,0.736717
31700,10,48701,0.735830
31717,1,43786,0.950619
31717,2,43790,0.950339
31717,3,43759,0.950051
31717,4,43806,0.945557
31717,5,43803,0.945032
31717,6,48692,0.943626
31717,7,31714,0.943612
31717,8,43787,0.942492
31717,9,48657,0.942399
31717,10,43769,0.942186
31781,1,11717,0.986371
31781,2,18327,0.986173
31781,3,41396,0.985219
31781,4,37749,0.983111
31781,5,25537,0.983066
31781,6,16470,0.982753
31781,7,33062,0.982595
31781,8,37778,0.982555
31781,9,41392,0.982483
31781,10,12942,0.982416
31782,1,32396,0.975187
31782,2,32392,0.974094
31782,3,18764,0.973980
31782,4,25524,0.973868
31782,5,7140,0.972843
31782,6,29272,0.971783
31782,7,32394,0.971765
31782,8,33972,0.971750
31782,9,18759,0.971703
31782,10,26966,0.971659
31791,1,13946,0.951024
31791,2,21111,0.949336
31791,3,23053,0.945402
31791,4,34580,0.941796
31791,5,43621,0.937609
31791,6,26359,0.937417
31791,7,40390,0.936113
31791,8,25012,0.932883
31791,9,29145,0.932698
31791,10,23052,0.932619
31823,1,29453,0.979237
31823,2,29457,0.976090
31823,3,45916,0.975824
31823,4,46483,0.975505
31823,5,29751,0.974986
31823,6,46499,0.974529
31823,7,29922,0.974099
31823,8,10236,0.973656
31823,9,45888,0.972616
31823,10,29931,0.972394
31830,1,31827,0.958288
31830,2,30051,0.954454
31830,3,31813,0.949038
31830,4,46736,0.948394
31830,5,31814,0.948080
31830,6,25640,0.948030
31830,7,10192,0.946784
31830,8,36905,0.945998
31830,9,25668,0.945958
31830,10,41048,0.944865
31833,1,45889,0.940121
31833,2,17426,0.938701
31833,3,29465,0.936787
31833,4,45925,0.934654
31833,5,36898,0.934447
31833,6,29422,0.933869
31833,7,32349,0.933748
31833,8,36789,0.933653
31833,9,40524,0.933619
31833,10,45039,0.932496
31856,1,51647,0.950764
31856,2,45920,0.942343
31856,3,51653,0.940408
31856,4,29491,0.939325
31856,5,45921,0.938722
31856,6,31839,0.937995
31856,7,43201,0.936675
31856,8,30090,0.936596
31856,9,25327,0.936251
31856,10,45042,0.934752
31858,1,45254,0.972646
31858,2,36784,0.964945
31858,3,45234,0.964695
31858,4,43201,0.962573
31858,5,51544,0.961877
31858,6,25327,0.960786
31858,7,46541,0.959048
31858,8,51511,0.958244
31858,9,46552,0.955659
31858,10,46739,0.954340
31859,1,31814,0.947251
31859,2,29944,0.946385
31859,3,46536,0.945851
31859,4,30041,0.945474
31859,5,31836,0.944945
31859,6,29749,0.942233
31859,7,39362,0.941286
31859,8,30064,0.941109
31859,9,39020,0.939399
31859,10,36761,0.939206
31861,1,44979,0.975146
31861,2,31831,0.973049
31861,3,25623,0.972596
31861,4,33905,0.972143
31861,5,46572,0.971222
31861,6,32349,0.971071
31861,7,10587,0.970706
31861,8,36898,0.970657
31861,9,47965,0.970066
31861,10,43163,0.969390
31863,1,30041,0.971045
31863,2,45229,0.970882
31863,3,36761,0.970542
31863,4,45158,0.969382
31863,5,45925,0.969288
31863,6,32376,0.968863
31863,7,32348,0.968637
31863,8,33875,0.968519
31863,9,32345,0.968469
31863,10,45228,0.968309
31885,1,50899,0.833150
31885,2,34962,0.773279
31885,3,31074,0.772052
31885,4,50908,0.760974
31885,5,50850,0.756735
31885,6,42331,0.755028
31885,7,51119,0.754843
31885,8,50884,0.751749
31885,9,34961,0.749593
31885,10,34998,0.747509
31893,1,31066,0.928802
31893,2,34283,0.891857
31893,3,34914,0.888904
31893,4,31070,0.885189
31893,5,34267,0.885000
31893,6,31060,0.883720
31893,7,34909,0.883669
31893,8,34936,0.883444
31893,9,34943,0.883010
31893,10,34903,0.882959
31902,1,31898,0.970661
31902,2,31900,0.967752
31902,3,28902,0.966386
31902,4,28898,0.964156
31902,5,31897,0.963452
31902,6,50999,0.963073
31902,7,51835,0.959792
31902,8,50990,0.958399
31902,9,31908,0.957809
31902,10,50986,0.957570
31905,1,27467,0.970899
31905,2,28892,0.964330
31905,3,28785,0.962129
31905,4,27513,0.960451
31905,5,27514,0.957980
31905,6,49997,0.956565
31905,7,27468,0.955374
31905,8,28896,0.954837
31905,9,27512,0.954528
31905,10,27463,0.952994
31906,1,28899,0.941280
31906,2,28890,0.929418
31906,3,51835,0.906728
31906,4,51058,0.905055
31906,5,28831,0.901982
31906,6,50988,0.899380
31906,7,51040,0.898433
31906,8,50991,0.897689
31906,9,28887,0.896885
31906,10,51038,0.896215
31909,1,51835,0.982628
31909,2,28902,0.978067
31909,3,50987,0.974810
31909,4,31900,0.973450
31909,5,28898,0.972146
31909,6,31908,0.971589
31909,7,50986,0.969593
31909,8,31898,0.969506
31909,9,50990,0.969389
31909,10,31897,0.968225
31914,1,16739,0.987646
31914,2,36975,0.985129
31914,3,49533,0.983862
31914,4,49525,0.983843
31914,5,42892,0.982444
31914,6,48348,0.982331
31914,7,31916,0.982185
31914,8,16741,0.981493
31914,9,16755,0.981235
31914,10,36977,0.980809
31917,1,33622,0.967478
31917,2,33608,0.963098
31917,3,51880,0.944977
31917,4,33624,0.943942
31917,5,42925,0.928060
31917,6,47315,0.926901
31917,7,42046,0.925072
31917,8,51897,0.924419
31917,9,37652,0.923999
31917,10,33602,0.919873
31926,1,1800,0.705740
31926,2,2363,0.687120
31926,3,29315,0.672574
31926,4,38760,0.670992
31926,5,1656,0.668413
31926,6,43567,0.667581
31926,7,29316,0.666781
31926,8,4674,0.664615
31926,9,38750,0.661462
31926,10,35208,0.658592
31946,1,15072,0.956968
31946,2,49059,0.954590
31946,3,35656,0.954541
31946,4,28315,0.953287
31946,5,10168,0.949979
31946,6,34753,0.949257
31946,7,17037,0.948215
31946,8,7776,0.947125
31946,9,49502,0.945634
31946,10,34855,0.945542
31949,1,5465,0.958436
31949,2,5476,0.952569
31949,3,6624,0.943341
31949,4,25465,0.942247
31949,5,9107,0.941955
31949,6,35934,0.941515
31949,7,4552,0.940882
31949,8,15735,0.940826
31949,9,17741,0.940257
31949,10,7724,0.940207
31967,1,25475,0.909485
31967,2,34749,0.908743
31967,3,22855,0.907079
31967,4,7754,0.901603
31967,5,31554,0.898983
31967,6,44765,0.897451
31967,7,1544,0.897077
31967,8,26647,0.894964
31967,9,26536,0.892258
31967,10,44777,0.890976
31979,1,36140,0.929047
31979,2,31210,0.909777
31979,3,36331,0.894181
31979,4,31973,0.893000
31979,5,28652,0.892926
31979,6,35706,0.890971
31979,7,22976,0.890622
31979,8,35705,0.889916
31979,9,7826,0.889255
31979,10,4516,0.887566
31989,1,36401,0.985015
31989,2,31988,0.982289
31989,3,46864,0.977083
31989,4,46878,0.974565
31989,5,24657,0.974400
31989,6,46875,0.971825
31989,7,41852,0.970984
31989,8,24296,0.970278
31989,9,36410,0.969977
31989,10,17405,0.969656
31993,1,31995,0.981886
31993,2,51178,0.968746
31993,3,14618,0.962115
31993,4,36398,0.961058
31993,5,31992,0.961024
31993,6,36386,0.955954
31993,7,51173,0.955569
31993,8,51184,0.955018
31993,9,51344,0.953821
31993,10,49290,0.953814
32037,1,37657,0.937636
32037,2,19499,0.933128
32037,3,18345,0.930447
32037,4,32036,0.925862
32037,5,37658,0.923169
32037,6,41521,0.923064
32037,7,43562,0.920902
32037,8,32028,0.920647
32037,9,12402,0.920302
32037,10,18346,0.920285
32156,1,43563,0.952130
32156,2,32157,0.949326
32156,3,20827,0.944647
32156,4,43556,0.943788
32156,5,32173,0.941787
32156,6,15554,0.941253
32156,7,18582,0.941045
32156,8,32168,0.939529
32156,9,43555,0.939429
32156,10,29213,0.938837
32165,1,43555,0.987387
32165,2,20827,0.986272
32165,3,32167,0.986073
32165,4,29211,0.985577
32165,5,43556,0.985282
32165,6,29213,0.983813
32165,7,32163,0.982556
32165,8,43563,0.982182
32165,9,32159,0.981747
32165,10,32157,0.980752
32169,1,49987,0.890274
32169,2,15535,0.846988
32169,3,18947,0.843670
32169,4,7675,0.839065
32169,5,41522,0.828333
32169,6,18218,0.827438
32169,7,32024,0.824655
32169,8,31999,0.823363
32169,9,29109,0.821970
32169,10,25436,0.814608
32193,1,35248,0.956998
32193,2,29571,0.953157
32193,3,34640,0.950242
32193,4,26552,0.949110
32193,5,34628,0.944381
32193,6,14479,0.943376
32193,7,22102,0.943077
32193,8,39992,0.941385
32193,9,5050,0.941218
32193,10,14483,0.941047
32195,1,36417,0.927388
32195,2,36419,0.921411
32195,3,35705,0.916938
32195,4,9056,0.915034
32195,5,35420,0.913905
32195,6,26604,0.913853
32195,7,3163,0.913774
32195,8,33837,0.910107
32195,9,13912,0.909498
32195,10,24629,0.909424
32200,1,32199,0.990914
32200,2,32197,0.989727
32200,3,30767,0.985501
32200,4,30759,0.983877
32200,5,32198,0.983317
32200,6,30762,0.982563
32200,7,30769,0.982048
32200,8,30754,0.981888
32200,9,30771,0.981419
32200,10,30786,0.981195
32214,1,49768,0.950738
32214,2,42555,0.944098
32214,3,15839,0.941578
32214,4,49775,0.939289
32214,5,47010,0.937211
32214,6,45863,0.935601
32214,7,28957,0.933566
32214,8,43262,0.932808
32214,9,39157,0.931853
32214,10,32245,0.931223
32217,1,32216,0.972526
32217,2,22773,0.970144
32217,3,32238,0.968875
32217,4,30845,0.968133
32217,5,42535,0.967632
32217,6,36236,0.967629
32217,7,42509,0.967191
32217,8,20105,0.967029
32217,9,21895,0.966848
32217,10,21930,0.966264
32240,1,32232,0.871845
32240,2,40609,0.858545
32240,3,40579,0.855627
32240,4,21892,0.852959
32240,5,39163,0.850423
32240,6,22053,0.848872
32240,7,46991,0.847881
32240,8,18278,0.847376
32240,9,28955,0.845944
32240,10,22061,0.845462
32253,1,32254,0.915381
32253,2,28720,0.905831
32253,3,30932,0.903687
32253,4,33747,0.890535
32253,5,33030,0.885631
32253,6,24173,0.885296
32253,7,11569,0.884455
32253,8,23229,0.884454
32253,9,40182,0.884433
32253,10,11550,0.880288
32255,1,27091,0.895975
32255,2,12772,0.876509
32255,3,12092,0.871523
32255,4,33746,0.859710
32255,5,28749,0.856516
32255,6,33222,0.856514
32255,7,7411,0.854292
32255,8,43258,0.853423
32255,9,19057,0.852036
32255,10,19054,0.851687
32270,1,32271,0.987159
32270,2,19090,0.969072
32270,3,31699,0.968868
32270,4,32272,0.962344
32270,5,22070,0.960270
32270,6,20114,0.960179
32270,7,28744,0.957154
32270,8,28941,0.956584
32270,9,11626,0.956211
32270,10,24389,0.955766
32279,1,31322,0.958342
32279,2,11614,0.952832
32279,3,39455,0.951308
32279,4,42647,0.950051
32279,5,24404,0.949597
32279,6,12081,0.947803
32279,7,11801,0.947122
32279,8,42648,0.946913
32279,9,36473,0.946797
32279,10,24160,0.946704
32281,1,32358,0.964185
32281,2,46552,0.963552
32281,3,46519,0.952998
32281,4,45920,0.952456
32281,5,40522,0.950925
32281,6,25644,0.950515
32281,7,29466,0.949587
32281,8,51525,0.948451
32281,9,29491,0.946332
32281,10,36784,0.946292
32295,1,45147,0.960571
32295,2,51549,0.957401
32295,3,51629,0.953434
32295,4,37483,0.952756
32295,5,37328,0.952606
32295,6,25327,0.951688
32295,7,29494,0.951352
32295,8,45201,0.950429
32295,9,37324,0.950405
32295,10,46538,0.950109
32297,1,45925,0.987482
32297,2,32354,0.987338
32297,3,30179,0.985721
32297,4,29472,0.985602
32297,5,51552,0.983816
32297,6,32320,0.983775
32297,7,41050,0.983743
32297,8,45185,0.983219
32297,9,45228,0.982932
32297,10,46425,0.982672
32298,1,45921,0.966458
32298,2,32303,0.964843
32298,3,45042,0.962560
32298,4,30051,0.961100
32298,5,45920,0.961074
32298,6,41043,0.960370
32298,7,32301,0.956953
32298,8,19252,0.953314
32298,9,41047,0.953222
32298,10,10192,0.952430
32323,1,36761,0.976954
32323,2,32301,0.976616
32323,3,43186,0.976445
32323,4,41047,0.975019
32323,5,45921,0.974966
32323,6,43185,0.974492
32323,7,36796,0.971324
32323,8,45160,0.971222
32323,9,49847,0.970264
32323,10,46560,0.970149
32326,1,45254,0.963688
32326,2,36784,0.962905
32326,3,31842,0.961154
32326,4,41047,0.961129
32326,5,33908,0.960990
32326,6,46541,0.960917
32326,7,45116,0.960050
32326,8,45921,0.959173
32326,9,43201,0.959083
32326,10,30165,0.959080
32338,1,51547,0.956359
32338,2,29494,0.954394
32338,3,37483,0.941651
32338,4,45044,0.941255
32338,5,51549,0.940078
32338,6,30090,0.939119
32338,7,21700,0.938587
32338,8,45174,0.934783
32338,9,19287,0.933256
32338,10,29913,0.931980
32352,1,43162,0.949078
32352,2,46543,0.948779
32352,3,29510,0.945128
32352,4,45218,0.944479
32352,5,51536,0.943461
32352,6,46537,0.940383
32352,7,8101,0.939942
32352,8,5070,0.939584
32352,9,17457,0.938869
32352,10,45179,0.938555
32355,1,41047,0.980690
32355,2,45921,0.976532
32355,3,32301,0.975198
32355,4,45920,0.974313
32355,5,36796,0.974237
32355,6,33886,0.972579
32355,7,45121,0.971715
32355,8,33908,0.971685
32355,9,30051,0.970993
32355,10,45160,0.970589
32364,1,37310,0.984911
32364,2,32357,0.984485
32364,3,45893,0.981267
32364,4,32350,0.980998
32364,5,45124,0.974395
32364,6,46561,0.974095
32364,7,41041,0.973649
32364,8,25670,0.973507
32364,9,45883,0.972961
32364,10,45118,0.972571
32369,1,32375,0.963200
32369,2,49847,0.960780
32369,3,45921,0.959587
32369,4,43185,0.958581
32369,5,36761,0.957471
32369,6,48035,0.957414
32369,7,36788,0.956576
32369,8,41047,0.956194
32369,9,36791,0.956191
32369,10,45920,0.955741
32395,1,32392,0.988650
32395,2,32393,0.987301
32395,3,32394,0.986047
32395,4,27888,0.985621
32395,5,27881,0.985161
32395,6,27869,0.983669
32395,7,20131,0.981801
32395,8,32396,0.981791
32395,9,18761,0.980697
32395,10,29272,0.980668
32399,1,33968,0.950573
32399,2,34067,0.947313
32399,3,27861,0.940153
32399,4,40670,0.938252
32399,5,40669,0.938026
32399,6,51432,0.934762
32399,7,47662,0.934717
32399,8,39734,0.934269
32399,9,43631,0.933807
32399,10,10404,0.933792
32430,1,25709,0.981047
32430,2,32423,0.980838
32430,3,40063,0.980237
32430,4,25710,0.979787
32430,5,25708,0.978822
32430,6,40113,0.973512
32430,7,3449,0.973472
32430,8,33774,0.973212
32430,9,18207,0.970996
32430,10,38396,0.969370
32487,1,32429,0.985362
32487,2,32445,0.984717
32487,3,14321,0.984710
32487,4,32457,0.983999
32487,5,13112,0.983788
32487,6,14940,0.983602
32487,7,24311,0.983001
32487,8,26465,0.982677
32487,9,24614,0.982672
32487,10,14934,0.981634
32495,1,32496,0.938504
32495,2,43297,0.913061
32495,3,36224,0.908270
32495,4,39981,0.906530
32495,5,22236,0.902319
32495,6,11834,0.901093
32495,7,22235,0.900797
32495,8,11818,0.900342
32495,9,20887,0.898837
32495,10,10630,0.896405
32502,1,37737,0.962232
32502,2,30798,0.958706
32502,3,29769,0.955485
32502,4,13866,0.955253
32502,5,51405,0.953805
32502,6,30807,0.953789
32502,7,16450,0.953387
32502,8,16462,0.952814
32502,9,27537,0.950484
32502,10,37785,0.949160
32507,1,32508,0.939374
32507,2,32515,0.932664
32507,3,17054,0.929963
32507,4,34525,0.928516
32507,5,47177,0.928262
32507,6,47232,0.923556
32507,7,33696,0.923358
32507,8,11963,0.920909
32507,9,11940,0.917069
32507,10,47198,0.915293
32509,1,35493,0.990526
32509,2,32511,0.990200
32509,3,23248,0.989507
32509,4,39264,0.989382
32509,5,33702,0.988746
32509,6,10128,0.988647
32509,7,39214,0.988428
32509,8,33694,0.988420
32509,9,35651,0.988416
32509,10,33692,0.988302
32510,1,39256,0.964670
32510,2,12853,0.960111
32510,3,11903,0.957637
32510,4,45599,0.956395
32510,5,45592,0.955721
32510,6,18872,0.955018
32510,7,50726,0.954834
32510,8,23256,0.953620
32510,9,22122,0.953457
32510,10,23253,0.953191
32520,1,32508,0.959418
32520,2,47177,0.958559
32520,3,34525,0.952530
32520,4,33696,0.950891
32520,5,32515,0.949761
32520,6,17054,0.948690
32520,7,47232,0.945698
32520,8,11940,0.945170
32520,9,28326,0.943344
32520,10,11914,0.941708
32525,1,32524,0.974032
32525,2,26189,0.964310
32525,3,41901,0.960886
32525,4,46721,0.959894
32525,5,23603,0.959855
32525,6,41899,0.959852
32525,7,26202,0.959385
32525,8,23602,0.959162
32525,9,46682,0.958196
32525,10,23585,0.958177
32526,1,18471,0.733546
32526,2,26198,0.728914
32526,3,44063,0.728251
32526,4,18447,0.711770
32526,5,26000,0.705282
32526,6,18446,0.703126
32526,7,26010,0.700558
32526,8,23596,0.696130
32526,9,44103,0.692271
32526,10,44052,0.691456
32527,1,44956,0.983921
32527,2,27307,0.983488
32527,3,26746,0.982819
32527,4,26747,0.982286
32527,5,45566,0.981943
32527,6,27328,0.981664
32527,7,26733,0.981623
32527,8,44127,0.981583
32527,9,43104,0.980433
32527,10,28227,0.979606
32542,1,32532,0.988750
32542,2,32538,0.987233
32542,3,32539,0.981032
32542,4,36930,0.979173
32542,5,18469,0.977172
32542,6,23585,0.976168
32542,7,44091,0.975320
32542,8,26205,0.973592
32542,9,46932,0.972890
32542,10,32541,0.972589
32550,1,46897,0.957622
32550,2,26781,0.953996
32550,3,43100,0.941538
32550,4,43099,0.937266
32550,5,32531,0.934750
32550,6,18461,0.918693
32550,7,18458,0.918676
32550,8,46660,0.916959
32550,9,45716,0.915447
32550,10,26186,0.914505
32558,1,5904,0.898894
32558,2,4286,0.880005
32558,3,12984,0.876455
32558,4,5467,0.874885
32558,5,18400,0.871456
32558,6,25488,0.869061
32558,7,22731,0.868882
32558,8,1833,0.867656
32558,9,3488,0.865623
32558,10,9387,0.864687
32561,1,27918,0.792841
32561,2,27919,0.782795
32561,3,27912,0.782280
32561,4,27901,0.781351
32561,5,44665,0.780877
32561,6,51609,0.780592
32561,7,27920,0.777980
32561,8,27900,0.777178
32561,9,43523,0.774437
32561,10,47677,0.772757
32580,1,25703,0.835447
32580,2,46248,0.831284
32580,3,9151,0.829773
32580,4,41386,0.822115
32580,5,51460,0.809982
32580,6,33975,0.804570
32580,7,51454,0.803802
32580,8,9154,0.799737
32580,9,33218,0.798441
32580,10,11033,0.796800
32588,1,32587,0.926270
32588,2,21434,0.913495
32588,3,5762,0.911991
32588,4,26987,0.906971
32588,5,43310,0.905797
32588,6,5003,0.905277
32588,7,5761,0.905030
32588,8,43309,0.902948
32588,9,21433,0.901830
32588,10,32590,0.901729
32601,1,49650,0.860798
32601,2,44690,0.845966
32601,3,37916,0.845431
32601,4,26878,0.840565
32601,5,10429,0.829683
32601,6,33227,0.828634
32601,7,20002,0.827116
32601,8,7032,0.825793
32601,9,6593,0.821987
32601,10,49638,0.821548
32631,1,31445,0.974960
32631,2,38631,0.966630
32631,3,28528,0.964994
32631,4,2311,0.962653
32631,5,32643,0.960635
32631,6,32641,0.959904
32631,7,22631,0.958451
32631,8,7504,0.958405
32631,9,38590,0.956519
32631,10,3942,0.955870
32644,1,32645,0.997360
32644,2,38575,0.993555
32644,3,38573,0.992958
32644,4,38572,0.992850
32644,5,32620,0.992572
32644,6,38576,0.992363
32644,7,12811,0.991585
32644,8,11275,0.991343
32644,9,8020,0.990695
32644,10,21381,0.990648
32769,1,6185,0.963459
32769,2,40099,0.962682
32769,3,13435,0.957044
32769,4,16626,0.954454
32769,5,22805,0.951872
32769,6,26277,0.951834
32769,7,18938,0.951446
32769,8,18925,0.951003
32769,9,41495,0.950951
32769,10,16493,0.950072
32805,1,46844,0.596458
32805,2,35542,0.583055
32805,3,32813,0.582159
32805,4,35545,0.579980
32805,5,33104,0.577228
32805,6,46859,0.573808
32805,7,34075,0.569049
32805,8,35530,0.562943
32805,9,35561,0.561275
32805,10,32830,0.557700
32806,1,22267,0.916017
32806,2,34076,0.897187
32806,3,16997,0.894663
32806,4,24074,0.893823
32806,5,18549,0.893802
32806,6,23796,0.893633
32806,7,34520,0.890541
32806,8,42732,0.888253
32806,9,2626,0.886966
32806,10,19033,0.886507
32858,1,35820,0.911149
32858,2,3139,0.906958
32858,3,21047,0.906183
32858,4,27194,0.902000
32858,5,2894,0.900460
32858,6,39205,0.898723
32858,7,15488,0.898192
32858,8,13036,0.897256
32858,9,13143,0.896704
32858,10,11507,0.896666
32861,1,35186,0.975178
32861,2,43565,0.974199
32861,3,32869,0.972752
32861,4,38324,0.971841
32861,5,35187,0.971637
32861,6,35194,0.971517
32861,7,38325,0.971295
32861,8,35193,0.971099
32861,9,7082,0.970933
32861,10,6553,0.970899
32938,1,42141,0.964563
32938,2,44783,0.959742
32938,3,39670,0.952960
32938,4,5574,0.950448
32938,5,44407,0.950401
32938,6,23864,0.949777
32938,7,34647,0.943567
32938,8,31685,0.942975
32938,9,42094,0.942358
32938,10,40325,0.942332
33019,1,33020,0.994701
33019,2,30871,0.989859
33019,3,19063,0.988214
33019,4,18267,0.987854
33019,5,39460,0.987368
33019,6,28711,0.987232
33019,7,12067,0.986175
33019,8,33036,0.985884
33019,9,28736,0.985663
33019,10,30852,0.985417
33027,1,21896,0.980250
33027,2,21918,0.979149
33027,3,28940,0.974716
33027,4,33044,0.973502
33027,5,21881,0.973088
33027,6,24500,0.972817
33027,7,19096,0.972706
33027,8,42543,0.972640
33027,9,11546,0.972436
33027,10,22052,0.972092
33071,1,37716,0.983449
33071,2,17288,0.982507
33071,3,5082,0.980728
33071,4,9310,0.977633
33071,5,31680,0.976642
33071,6,45536,0.976383
33071,7,17234,0.975234
33071,8,40036,0.974213
33071,9,21226,0.973564
33071,10,37982,0.973331
33074,1,33075,0.990232
33074,2,33084,0.989624
33074,3,40266,0.987812
33074,4,19792,0.987094
33074,5,16210,0.987062
33074,6,33285,0.986436
33074,7,12931,0.985647
33074,8,18308,0.985139
33074,9,16290,0.984923
33074,10,40265,0.984848
33076,1,7347,0.983979
33076,2,11409,0.982145
33076,3,11740,0.981326
33076,4,11783,0.980798
33076,5,36873,0.980765
33076,6,9341,0.980601
33076,7,34320,0.980111
33076,8,27583,0.979748
33076,9,6607,0.979334
33076,10,10824,0.979237
33078,1,36247,0.988452
33078,2,9775,0.986776
33078,3,16439,0.985510
33078,4,30355,0.984433
33078,5,4406,0.983971
33078,6,18979,0.983702
33078,7,16423,0.983638
33078,8,5822,0.983421
33078,9,8200,0.983137
33078,10,16433,0.982956
33090,1,32855,0.967154
33090,2,32854,0.967015
33090,3,49597,0.966905
33090,4,47594,0.965432
33090,5,32856,0.964939
33090,6,35468,0.964509
33090,7,47626,0.964041
33090,8,32844,0.963174
33090,9,13035,0.963021
33090,10,35811,0.960963
33092,1,14363,0.972271
33092,2,35471,0.970620
33092,3,47573,0.970288
33092,4,47568,0.969944
33092,5,41733,0.968072
33092,6,11505,0.967978
33092,7,47569,0.967599
33092,8,47547,0.967062
33092,9,17654,0.966893
33092,10,13543,0.966239
33096,1,13014,0.947648
33096,2,22257,0.943232
33096,3,50160,0.941143
33096,4,36614,0.940968
33096,5,49623,0.940090
33096,6,41676,0.939751
33096,7,13562,0.936747
33096,8,13144,0.935623
33096,9,46581,0.934398
33096,10,39584,0.932554
33101,1,17671,0.933854
33101,2,35802,0.931258
33101,3,30694,0.930053
33101,4,33132,0.929830
33101,5,14411,0.924791
33101,6,33137,0.923572
33101,7,13047,0.921453
33101,8,33099,0.920314
33101,9,33110,0.919885
33101,10,14429,0.919020
33108,1,33107,0.983608
33108,2,11497,0.969983
33108,3,49623,0.969838
33108,4,39569,0.967224
33108,5,47569,0.965790
33108,6,11507,0.963137
33108,7,47610,0.963047
33108,8,47608,0.963040
33108,9,41733,0.962552
33108,10,47622,0.962327
33119,1,33133,0.929215
33119,2,34455,0.902492
33119,3,22308,0.902077
33119,4,35813,0.901848
33119,5,34456,0.900139
33119,6,46826,0.895810
33119,7,50160,0.892866
33119,8,39600,0.890738
33119,9,35814,0.890007
33119,10,21047,0.888856
33120,1,15499,0.786055
33120,2,24070,0.766987
33120,3,33534,0.762594
33120,4,15497,0.759364
33120,5,18545,0.757648
33120,6,17655,0.756742
33120,7,14398,0.753177
33120,8,14437,0.752388
33120,9,17662,0.750879
33120,10,14454,0.750630
33146,1,31113,0.957657
33146,2,33144,0.919409
33146,3,40155,0.914004
33146,4,41234,0.911660
33146,5,36211,0.911525
33146,6,34105,0.909699
33146,7,37199,0.906810
33146,8,33145,0.906357
33146,9,31448,0.906077
33146,10,31166,0.905611
33151,1,8365,0.901783
33151,2,17611,0.879682
33151,3,4918,0.821497
33151,4,17802,0.801957
33151,5,21868,0.800441
33151,6,10678,0.796924
33151,7,4907,0.796757
33151,8,17616,0.781392
33151,9,10673,0.776972
33151,10,3900,0.776581
33170,1,2483,0.951907
33170,2,43620,0.951073
33170,3,33171,0.950358
33170,4,20012,0.946979
33170,5,42215,0.946619
33170,6,19621,0.945186
33170,7,46270,0.944391
33170,8,14720,0.943886
33170,9,37165,0.943377
33170,10,19644,0.943330
33188,1,19598,0.974892
33188,2,33165,0.973580
33188,3,33175,0.968199
33188,4,33172,0.960713
33188,5,33168,0.957281
33188,6,33192,0.957278
33188,7,37185,0.953888
33188,8,33169,0.950118
33188,9,18715,0.948356
33188,10,33174,0.947454
33191,1,49659,0.922029
33191,2,18893,0.916051
33191,3,33213,0.912902
33191,4,6894,0.912729
33191,5,33172,0.910858
33191,6,43700,0.910574
33191,7,33192,0.908666
33191,8,26968,0.905837
33191,9,28470,0.903305
33191,10,49652,0.903042
33195,1,42233,0.915122
33195,2,37935,0.908660
33195,3,12611,0.899095
33195,4,42199,0.898911
33195,5,44684,0.892241
33195,6,46262,0.889037
33195,7,10499,0.888067
33195,8,19635,0.883587
33195,9,45941,0.882824
33195,10,18748,0.882493
33205,1,51439,0.913302
33205,2,49660,0.908325
33205,3,34476,0.908009
33205,4,11012,0.896478
33205,5,26968,0.892193
33205,6,32886,0.889962
33205,7,23210,0.885262
33205,8,49653,0.883294
33205,9,39236,0.882965
33205,10,43638,0.881887
33209,1,39471,0.854380
33209,2,49776,0.835365
33209,3,38843,0.821945
33209,4,35041,0.811771
33209,5,41766,0.796419
33209,6,40618,0.793672
33209,7,49648,0.790671
33209,8,41781,0.781265
33209,9,44694,0.779159
33209,10,42551,0.773935
33210,1,30882,0.964909
33210,2,24160,0.964792
33210,3,30856,0.963718
33210,4,30840,0.963000
33210,5,22743,0.962578
33210,6,24404,0.961573
33210,7,31323,0.960965
33210,8,22753,0.958634
33210,9,21901,0.958472
33210,10,24384,0.958057
33225,1,32581,0.954709
33225,2,35990,0.951663
33225,3,38842,0.948064
33225,4,33226,0.947724
33225,5,42591,0.945464
33225,6,49634,0.944765
33225,7,46216,0.944730
33225,8,18754,0.944012
33225,9,33997,0.943084
33225,10,38837,0.942904
33246,1,27557,0.960710
33246,2,43904,0.959932
33246,3,19853,0.958785
33246,4,19854,0.957429
33246,5,10792,0.956315
33246,6,17161,0.954688
33246,7,17188,0.952882
33246,8,41586,0.952608
33246,9,11426,0.952227
33246,10,51420,0.952096
33260,1,5022,0.976117
33260,2,36205,0.972196
33260,3,35439,0.969735
33260,4,31100,0.969587
33260,5,34104,0.969513
33260,6,37221,0.969020
33260,7,34689,0.968246
33260,8,31099,0.967984
33260,9,41304,0.967845
33260,10,40134,0.967671
33280,1,33279,0.999328
33280,2,31162,0.998640
33280,3,42595,0.945952
33280,4,33277,0.945521
33280,5,42594,0.944399
33280,6,31164,0.942969
33280,7,33307,0.942860
33280,8,38995,0.937716
33280,9,38994,0.937712
33280,10,38996,0.937244
33288,1,43504,0.953267
33288,2,6935,0.943735
33288,3,28671,0.940896
33288,4,43490,0.938720
33288,5,24047,0.938228
33288,6,31262,0.938009
33288,7,16320,0.934031
33288,8,6937,0.932874
33288,9,26281,0.932492
33288,10,34368,0.930008
33315,1,13433,0.964482
33315,2,20367,0.957493
33315,3,13465,0.951199
33315,4,7827,0.946134
33315,5,11420,0.944658
33315,6,8003,0.943605
33315,7,41486,0.942116
33315,8,22320,0.939189
33315,9,19400,0.938635
33315,10,6112,0.938551
33366,1,49523,0.982019
33366,2,49524,0.981809
33366,3,33439,0.981574
33366,4,49525,0.978431
33366,5,16739,0.974836
33366,6,49561,0.973971
33366,7,16754,0.973951
33366,8,31916,0.973864
33366,9,38682,0.972866
33366,10,16752,0.972804
33368,1,49568,0.904739
33368,2,38448,0.903338
33368,3,34561,0.897911
33368,4,37075,0.893466
33368,5,42868,0.893205
33368,6,37067,0.887643
33368,7,37074,0.886410
33368,8,17141,0.885688
33368,9,49567,0.884784
33368,10,10231,0.884602
33379,1,33384,0.970618
33379,2,33396,0.969753
33379,3,33364,0.967948
33379,4,33365,0.967247
33379,5,42864,0.966936
33379,6,20559,0.965612
33379,7,33602,0.965299
33379,8,47427,0.964482
33379,9,42927,0.964339
33379,10,33604,0.963565
33391,1,33395,0.985646
33391,2,38134,0.982499
33391,3,48147,0.979021
33391,4,45282,0.977653
33391,5,38469,0.977088
33391,6,33623,0.976931
33391,7,33621,0.976861
33391,8,51884,0.976692
33391,9,48136,0.975607
33391,10,45281,0.974546
33398,1,33364,0.991142
33398,2,47370,0.990722
33398,3,33397,0.989473
33398,4,42864,0.988508
33398,5,33365,0.988471
33398,6,48138,0.987788
33398,7,48146,0.987696
33398,8,33396,0.987388
33398,9,33384,0.987123
33398,10,33374,0.987065
33409,1,33364,0.986084
33409,2,33365,0.984914
33409,3,33397,0.984642
33409,4,33374,0.983078
33409,5,33448,0.979413
33409,6,18026,0.976267
33409,7,33396,0.976183
33409,8,47427,0.975199
33409,9,33363,0.974828
33409,10,48148,0.974046
33413,1,20459,0.886979
33413,2,21508,0.877496
33413,3,36674,0.875266
33413,4,42844,0.873031
33413,5,10246,0.866744
33413,6,20616,0.863697
33413,7,25151,0.862776
33413,8,42845,0.862094
33413,9,27059,0.858143
33413,10,25177,0.856817
33425,1,51323,0.816269
33425,2,38448,0.768717
33425,3,36674,0.765940
33425,4,37070,0.763233
33425,5,20616,0.761877
33425,6,25288,0.761502
33425,7,47341,0.759674
33425,8,33734,0.756990
33425,9,9093,0.753249
33425,10,20603,0.752987
33442,1,27736,0.971341
33442,2,51906,0.970632
33442,3,27677,0.969505
33442,4,25240,0.968024
33442,5,37414,0.967449
33442,6,17124,0.967103
33442,7,27734,0.966586
33442,8,37415,0.966454
33442,9,17139,0.965969
33442,10,27679,0.965369
33463,1,33481,0.990508
33463,2,33472,0.988241
33463,3,33475,0.986778
33463,4,37049,0.981690
33463,5,37054,0.979457
33463,6,37063,0.977905
33463,7,33469,0.977384
33463,8,48126,0.976644
33463,9,37055,0.975019
33463,10,37047,0.974729
33471,1,37066,0.970737
33471,2,38487,0.963387
33471,3,48118,0.961447
33471,4,38403,0.961138
33471,5,24779,0.961128
33471,6,48125,0.960906
33471,7,18015,0.958684
33471,8,18014,0.955916
33471,9,25111,0.955276
33471,10,20546,0.955168
33517,1,21042,0.990502
33517,2,33514,0.988716
33517,3,17672,0.988252
33517,4,17673,0.984726
33517,5,20730,0.983659
33517,6,42740,0.983618
33517,7,17010,0.982725
33517,8,14444,0.982456
33517,9,33518,0.981577
33517,10,23797,0.981404
33526,1,33525,0.974515
33526,2,45345,0.970511
33526,3,46593,0.966526
33526,4,50155,0.966493
33526,5,45357,0.965760
33526,6,2879,0.965427
33526,7,45349,0.964621
33526,8,43927,0.964377
33526,9,41712,0.963427
33526,10,14411,0.963203
33527,1,45321,0.971264
33527,2,46593,0.968094
33527,3,50154,0.966319
33527,4,49606,0.963608
33527,5,41673,0.961515
33527,6,45349,0.961418
33527,7,43946,0.961149
33527,8,43886,0.958564
33527,9,41677,0.958461
33527,10,49596,0.958191
33542,1,5750,0.946133
33542,2,8432,0.942160
33542,3,45782,0.939354
33542,4,41407,0.938093
33542,5,26898,0.937736
33542,6,8450,0.936634
33542,7,2591,0.936158
33542,8,7146,0.935803
33542,9,6881,0.935296
33542,10,27263,0.934190
33560,1,27354,0.980371
33560,2,3441,0.979930
33560,3,3423,0.977644
33560,4,3724,0.976531
33560,5,5156,0.974879
33560,6,22225,0.974717
33560,7,10070,0.974645
33560,8,24950,0.973431
33560,9,3526,0.972707
33560,10,19006,0.972704
33563,1,11020,0.952903
33563,2,8463,0.950728
33563,3,8454,0.948728
33563,4,8441,0.945965
33563,5,16149,0.944997
33563,6,7699,0.944705
33563,7,26362,0.944301
33563,8,7195,0.942880
33563,9,26872,0.942595
33563,10,8445,0.942316
33586,1,10837,0.982545
33586,2,31249,0.978589
33586,3,7823,0.977268
33586,4,3756,0.977024
33586,5,4420,0.976711
33586,6,36158,0.976587
33586,7,14087,0.976567
33586,8,33950,0.976535
33586,9,10842,0.976320
33586,10,31598,0.975990
33590,1,16124,0.986132
33590,2,7442,0.980521
33590,3,19482,0.980404
33590,4,9310,0.979855
33590,5,4801,0.979834
33590,6,17285,0.979790
33590,7,33950,0.979710
33590,8,10834,0.979369
33590,9,4420,0.978476
33590,10,7792,0.978091
33605,1,33392,0.990467
33605,2,42864,0.989610
33605,3,33396,0.989108
33605,4,47370,0.986350
33605,5,33604,0.985912
33605,6,33363,0.983687
33605,7,33364,0.983031
33605,8,33405,0.982921
33605,9,48147,0.982751
33605,10,33384,0.982687
33606,1,37650,0.995091
33606,2,33364,0.992295
33606,3,33396,0.991042
33606,4,48148,0.990372
33606,5,48147,0.990370
33606,6,38469,0.990128
33606,7,42864,0.990116
33606,8,33363,0.988970
33606,9,33446,0.988605
33606,10,33618,0.988266
33611,1,33624,0.979136
33611,2,51880,0.960409
33611,3,33608,0.959241
33611,4,33616,0.958909
33611,5,42046,0.957845
33611,6,33602,0.953906
33611,7,33622,0.953421
33611,8,47427,0.953161
33611,9,42923,0.950539
33611,10,34730,0.950283
33632,1,33635,0.984814
33632,2,20629,0.981568
33632,3,33634,0.981003
33632,4,21964,0.977789
33632,5,29730,0.976147
33632,6,33633,0.974930
33632,7,21543,0.974669
33632,8,10230,0.974493
33632,9,10199,0.974066
33632,10,37414,0.973861
33646,1,33647,0.964662
33646,2,33864,0.963608
33646,3,35506,0.963363
33646,4,36687,0.963183
33646,5,23838,0.963008
33646,6,35501,0.962315
33646,7,35161,0.961675
33646,8,46081,0.961198
33646,9,33648,0.961102
33646,10,46094,0.960268
33650,1,35648,0.982458
33650,2,33649,0.979471
33650,3,41077,0.978072
33650,4,35626,0.976937
33650,5,15361,0.976693
33650,6,41078,0.974792
33650,7,5296,0.973326
33650,8,4648,0.972155
33650,9,33660,0.971967
33650,10,34522,0.971908
33652,1,9139,0.904371
33652,2,17031,0.893556
33652,3,3630,0.889626
33652,4,33638,0.888125
33652,5,9272,0.885229
33652,6,23823,0.881377
33652,7,44713,0.880979
33652,8,12981,0.873561
33652,9,40782,0.873067
33652,10,12980,0.871959
33697,1,33696,0.975348
33697,2,32506,0.952729
33697,3,11914,0.949809
33697,4,41871,0.949438
33697,5,11940,0.947874
33697,6,47177,0.942748
33697,7,44541,0.940218
33697,8,41870,0.938175
33697,9,11894,0.936373
33697,10,32508,0.936124
33710,1,33714,0.949097
33710,2,5692,0.945510
33710,3,35401,0.941664
33710,4,35402,0.936439
33710,5,5696,0.936421
33710,6,44436,0.934732
33710,7,4181,0.933011
33710,8,24719,0.932083
33710,9,34078,0.931205
33710,10,5316,0.931093
33721,1,49758,0.743836
33721,2,23043,0.689548
33721,3,33719,0.662810
33721,4,2953,0.646544
33721,5,43225,0.643016
33721,6,30818,0.635833
33721,7,33959,0.633189
33721,8,51609,0.631860
33721,9,33957,0.630420
33721,10,28452,0.629789
33724,1,42911,0.977294
33724,2,33481,0.970956
33724,3,24681,0.970634
33724,4,37063,0.970604
33724,5,42904,0.969920
33724,6,21008,0.968272
33724,7,33466,0.966963
33724,8,25100,0.964753
33724,9,25101,0.963637
33724,10,37055,0.963020
33733,1,33726,0.963467
33733,2,42894,0.962589
33733,3,42902,0.959816
33733,4,33727,0.959673
33733,5,33728,0.956576
33733,6,33472,0.955104
33733,7,33475,0.954121
33733,8,33469,0.952647
33733,9,20606,0.948244
33733,10,25107,0.948110
33738,1,33469,0.976199
33738,2,33472,0.968356
33738,3,38421,0.966720
33738,4,33484,0.966664
33738,5,33481,0.966297
33738,6,33727,0.964915
33738,7,38406,0.964815
33738,8,33726,0.964215
33738,9,25100,0.963128
33738,10,37704,0.962931
33739,1,33726,0.971496
33739,2,33727,0.968811
33739,3,33469,0.968004
33739,4,33481,0.967950
33739,5,25100,0.963133
33739,6,37704,0.962267
33739,7,38489,0.961340
33739,8,42902,0.961221
33739,9,37056,0.961195
33739,10,37063,0.961116
33750,1,40437,0.833005
33750,2,31423,0.827935
33750,3,42228,0.827526
33750,4,18892,0.826494
33750,5,18274,0.826409
33750,6,12772,0.824439
33750,7,32221,0.822687
33750,8,43665,0.820776
33750,9,19101,0.812575
33750,10,7411,0.800960
33754,1,43323,0.861167
33754,2,46248,0.855470
33754,3,18714,0.851804
33754,4,18274,0.838332
33754,5,42237,0.828415
33754,6,25703,0.822755
33754,7,13847,0.819695
33754,8,17850,0.819598
33754,9,18740,0.817891
33754,10,14583,0.815197
33759,1,33760,0.947328
33759,2,49638,0.944135
33759,3,38866,0.943103
33759,4,44701,0.935682
33759,5,32584,0.933906
33759,6,46270,0.933682
33759,7,40400,0.931641
33759,8,10354,0.931088
33759,9,43620,0.930166
33759,10,26914,0.929512
33767,1,10168,0.931768
33767,2,34640,0.927674
33767,3,5469,0.926936
33767,4,7776,0.926626
33767,5,34508,0.926221
33767,6,42125,0.923954
33767,7,31553,0.923218
33767,8,13080,0.923102
33767,9,46115,0.920776
33767,10,44768,0.920120
33820,1,34818,0.961397
33820,2,34638,0.957725
33820,3,32186,0.952168
33820,4,31688,0.950218
33820,5,35755,0.947386
33820,6,33834,0.946912
33820,7,41231,0.944086
33820,8,34831,0.941166
33820,9,6620,0.941078
33820,10,4575,0.941030
33825,1,23806,0.976875
33825,2,32178,0.976652
33825,3,34818,0.974790
33825,4,32740,0.973918
33825,5,23943,0.972738
33825,6,44759,0.970037
33825,7,35712,0.969990
33825,8,4044,0.969933
33825,9,4575,0.969209
33825,10,35933,0.965031
33838,1,33837,0.963016
33838,2,36233,0.961156
33838,3,31975,0.955587
33838,4,31207,0.955135
33838,5,36143,0.954000
33838,6,31974,0.950214
33838,7,35714,0.950029
33838,8,22710,0.949229
33838,9,32190,0.949101
33838,10,35420,0.948941
33848,1,40468,0.956908
33848,2,23931,0.954827
33848,3,3378,0.954422
33848,4,36445,0.954276
33848,5,33828,0.952687
33848,6,23864,0.951637
33848,7,3308,0.951317
33848,8,15236,0.950972
33848,9,6378,0.948317
33848,10,42126,0.948221
33857,1,4130,0.870520
33857,2,45866,0.867964
33857,3,4132,0.864913
33857,4,24423,0.862266
33857,5,3808,0.861963
33857,6,18674,0.857406
33857,7,33829,0.856862
33857,8,25576,0.855341
33857,9,14562,0.854879
33857,10,24254,0.853042
33873,1,33872,0.985377
33873,2,32357,0.985052
33873,3,19762,0.983581
33873,4,45035,0.980967
33873,5,17454,0.980498
33873,6,44981,0.980030
33873,7,17458,0.979457
33873,8,36899,0.979446
33873,9,29480,0.979402
33873,10,29921,0.979350
33904,1,37294,0.907191
33904,2,33882,0.905944
33904,3,33902,0.905667
33904,4,17417,0.904450
33904,5,45919,0.903366
33904,6,45879,0.903131
33904,7,49515,0.902872
33904,8,11643,0.902755
33904,9,17450,0.902072
33904,10,25670,0.901220
33906,1,31841,0.960492
33906,2,33908,0.955519
33906,3,33913,0.953827
33906,4,45259,0.951933
33906,5,29525,0.951486
33906,6,32286,0.951302
33906,7,45121,0.950834
33906,8,46500,0.950726
33906,9,41048,0.950331
33906,10,32327,0.949268
33948,1,37716,0.974597
33948,2,17288,0.971092
33948,3,27593,0.969278
33948,4,13420,0.959895
33948,5,40036,0.959843
33948,6,15211,0.956232
33948,7,5082,0.955429
33948,8,2038,0.955362
33948,9,34217,0.955351
33948,10,43498,0.955203
33952,1,9305,0.931289
33952,2,33949,0.930309
33952,3,7438,0.927576
33952,4,7916,0.926283
33952,5,2969,0.924566
33952,6,7449,0.921326
33952,7,7785,0.921061
33952,8,4768,0.918581
33952,9,5232,0.917956
33952,10,37093,0.915344
33953,1,33954,0.994506
33953,2,23873,0.984555
33953,3,33941,0.982318
33953,4,19790,0.981414
33953,5,33950,0.981215
33953,6,18500,0.981065
33953,7,7867,0.981037
33953,8,10486,0.979848
33953,9,14063,0.979644
33953,10,5790,0.979606
33955,1,40037,0.982556
33955,2,13436,0.979205
33955,3,12196,0.978142
33955,4,40036,0.977665
33955,5,13437,0.977000
33955,6,27595,0.976485
33955,7,40103,0.975659
33955,8,34223,0.975457
33955,9,7955,0.975299
33955,10,13939,0.975169
33956,1,29598,0.971758
33956,2,8718,0.970650
33956,3,9310,0.969432
33956,4,7913,0.965377
33956,5,6775,0.964390
33956,6,7927,0.963944
33956,7,19482,0.962524
33956,8,19554,0.961447
33956,9,31300,0.961301
33956,10,31680,0.961195
33963,1,30932,0.834159
33963,2,24173,0.833588
33963,3,47008,0.831838
33963,4,30931,0.801079
33963,5,28720,0.800295
33963,6,11617,0.797393
33963,7,30912,0.796958
33963,8,42510,0.795512
33963,9,12110,0.791110
33963,10,28773,0.790789
33970,1,48476,0.985085
33970,2,46271,0.984405
33970,3,42591,0.983685
33970,4,48525,0.983485
33970,5,48465,0.982446
33970,6,33226,0.982432
33970,7,37937,0.981640
33970,8,43511,0.980152
33970,9,44688,0.979255
33970,10,39716,0.979196
33980,1,20365,0.616912
33980,2,14876,0.602186
33980,3,33982,0.599889
33980,4,20059,0.597279
33980,5,16252,0.593869
33980,6,14599,0.593866
33980,7,20036,0.592133
33980,8,20037,0.587249
33980,9,20058,0.587074
33980,10,16253,0.586733
33999,1,11018,0.968524
33999,2,16250,0.967019
33999,3,11032,0.965831
33999,4,11035,0.963737
33999,5,9152,0.962693
33999,6,35263,0.959141
33999,7,16604,0.958468
33999,8,11039,0.957397
33999,9,18756,0.956061
33999,10,11013,0.955868
34097,1,33255,0.981527
34097,2,48258,0.973184
34097,3,41747,0.972559
34097,4,36725,0.972118
34097,5,33254,0.971772
34097,6,36323,0.970574
34097,7,4199,0.969992
34097,8,33262,0.969909
34097,9,35881,0.969808
34097,10,41752,0.969775
34111,1,38287,0.918687
34111,2,40156,0.918418
34111,3,31119,0.918101
34111,4,24941,0.917559
34111,5,38331,0.916101
34111,6,41310,0.915586
34111,7,36727,0.912864
34111,8,31120,0.911775
34111,9,4193,0.909737
34111,10,40159,0.909668
34117,1,33267,0.893788
34117,2,36216,0.891712
34117,3,34118,0.890226
34117,4,34693,0.889776
34117,5,16803,0.882568
34117,6,38502,0.882305
34117,7,16806,0.882273
34117,8,36217,0.882212
34117,9,37581,0.878585
34117,10,33268,0.877545
34190,1,37600,0.953505
34190,2,24914,0.947105
34190,3,48259,0.947083
34190,4,41745,0.945216
34190,5,8366,0.944778
34190,6,38985,0.939925
34190,7,13220,0.936556
34190,8,36720,0.934831
34190,9,17797,0.932921
34190,10,48256,0.931820
34204,1,34199,0.967700
34204,2,3481,0.966410
34204,3,26317,0.964813
34204,4,15608,0.964577
34204,5,15622,0.964477
34204,6,46745,0.964119
34204,7,7931,0.963896
34204,8,7889,0.963609
34204,9,7767,0.963376
34204,10,5458,0.963158
34212,1,9780,0.980734
34212,2,19154,0.970595
34212,3,15172,0.970512
34212,4,26228,0.965467
34212,5,26267,0.954988
34212,6,24574,0.952470
34212,7,16648,0.951644
34212,8,18643,0.951633
34212,9,16650,0.949670
34212,10,30106,0.947409
34216,1,34233,0.991638
34216,2,14685,0.976570
34216,3,36158,0.971792
34216,4,10064,0.971650
34216,5,9862,0.970998
34216,6,10065,0.970556
34216,7,29025,0.970552
34216,8,32463,0.969558
34216,9,15165,0.969031
34216,10,34380,0.968160
34229,1,34220,0.973955
34229,2,19692,0.970806
34229,3,26403,0.968036
34229,4,33937,0.967334
34229,5,11468,0.966719
34229,6,21588,0.965558
34229,7,13929,0.962810
34229,8,7167,0.961789
34229,9,10437,0.961065
34229,10,12191,0.959159
34234,1,34224,0.982069
34234,2,14079,0.976903
34234,3,26268,0.976472
34234,4,14060,0.974195
34234,5,26248,0.973785
34234,6,18643,0.972383
34234,7,15172,0.972050
34234,8,12642,0.971455
34234,9,10573,0.971354
34234,10,16552,0.971097
34239,1,34231,0.964403
34239,2,37901,0.962615
34239,3,22337,0.961431
34239,4,10437,0.961306
34239,5,34226,0.960691
34239,6,13420,0.957617
34239,7,26265,0.957433
34239,8,34206,0.955962
34239,9,17288,0.954624
34239,10,29674,0.954611
34250,1,13112,0.991832
34250,2,34251,0.991227
34250,3,24311,0.991019
34250,4,32429,0.989921
34250,5,13110,0.989808
34250,6,14934,0.989032
34250,7,32445,0.988858
34250,8,24614,0.988696
34250,9,32457,0.988523
34250,10,40095,0.987622
34268,1,34930,0.977553
34268,2,31063,0.976738
34268,3,31870,0.976363
34268,4,34942,0.976158
34268,5,34936,0.976062
34268,6,34269,0.975986
34268,7,34291,0.974376
34268,8,34294,0.973776
34268,9,34275,0.973310
34268,10,31060,0.973231
34270,1,34275,0.986028
34270,2,34288,0.982752
34270,3,34265,0.982223
34270,4,31059,0.981872
34270,5,34913,0.981384
34270,6,35022,0.980778
34270,7,31062,0.980260
34270,8,34943,0.979957
34270,9,34292,0.979802
34270,10,31064,0.979380
34271,1,34288,0.957380
34271,2,31064,0.956373
34271,3,31059,0.954751
34271,4,34265,0.951214
34271,5,34918,0.950588
34271,6,34274,0.949829
34271,7,34913,0.948734
34271,8,34276,0.948632
34271,9,34263,0.946811
34271,10,34275,0.946157
34279,1,31060,0.989993
34279,2,34903,0.989730
34279,3,34943,0.989300
34279,4,34909,0.988778
34279,5,31071,0.988726
34279,6,31068,0.988607
34279,7,34266,0.988337
34279,8,34283,0.988093
34279,9,31070,0.987209
34279,10,34936,0.987188
34298,1,31071,0.995413
34298,2,34299,0.995015
34298,3,34266,0.994896
34298,4,34300,0.994458
34298,5,34262,0.994338
34298,6,34297,0.994322
34298,7,31068,0.992979
34298,8,31070,0.992762
34298,9,34301,0.992717
34298,10,34909,0.991292
34302,1,34961,0.986004
34302,2,42320,0.985258
34302,3,50902,0.984761
34302,4,49927,0.984217
34302,5,50856,0.984174
34302,6,45990,0.984156
34302,7,34949,0.983938
34302,8,34957,0.983718
34302,9,45996,0.983623
34302,10,34988,0.983505
34319,1,34323,0.989229
34319,2,34320,0.982850
34319,3,34328,0.982833
34319,4,34391,0.981179
34319,5,36158,0.981118
34319,6,6614,0.981072
34319,7,7475,0.980688
34319,8,40264,0.980072
34319,9,34394,0.979933
34319,10,10837,0.979697
34335,1,38521,0.985395
34335,2,34338,0.985032
34335,3,34331,0.984563
34335,4,17249,0.984221
34335,5,34358,0.983986
34335,6,44843,0.983601
34335,7,34359,0.983299
34335,8,30301,0.983075
34335,9,28925,0.982376
34335,10,34417,0.982092
34337,1,34417,0.988025
34337,2,34333,0.986624
34337,3,34331,0.985838
34337,4,34343,0.982574
34337,5,17249,0.980789
34337,6,34344,0.979908
34337,7,44864,0.979253
34337,8,34320,0.979145
34337,9,34358,0.978314
34337,10,34338,0.978235
34357,1,34359,0.979596
34357,2,26711,0.978343
34357,3,6108,0.978186
34357,4,2006,0.977883
34357,5,9884,0.977148
34357,6,1871,0.976482
34357,7,3761,0.976069
34357,8,27655,0.975579
34357,9,18245,0.975420
34357,10,32414,0.975248
34363,1,34360,0.989115
34363,2,34353,0.983846
34363,3,34420,0.982968
34363,4,34361,0.981280
34363,5,34368,0.976231
34363,6,34365,0.972752
34363,7,7350,0.969305
34363,8,34369,0.969209
34363,9,34419,0.967767
34363,10,32972,0.967221
34393,1,24045,0.985891
34393,2,23170,0.982850
34393,3,15206,0.982625
34393,4,32979,0.982409
34393,5,34386,0.981523
34393,6,23208,0.981266
34393,7,34388,0.981192
34393,8,14911,0.979795
34393,9,31578,0.979727
34393,10,6027,0.979205
34397,1,28671,0.941027
34397,2,34366,0.930563
34397,3,44846,0.928944
34397,4,43504,0.927465
34397,5,34368,0.926973
34397,6,34361,0.925439
34397,7,6935,0.921442
34397,8,2787,0.915902
34397,9,28482,0.913400
34397,10,37717,0.911776
34403,1,34399,0.977673
34403,2,34404,0.976663
34403,3,34402,0.969539
34403,4,48436,0.962417
34403,5,34413,0.961401
34403,6,3364,0.960240
34403,7,30331,0.959640
34403,8,17277,0.958827
34403,9,34398,0.957283
34403,10,2855,0.956907
34410,1,34413,0.981292
34410,2,19982,0.977028
34410,3,34409,0.976300
34410,4,3337,0.975100
34410,5,4050,0.974114
34410,6,16912,0.973638
34410,7,36560,0.973538
34410,8,35971,0.972196
34410,9,27369,0.971755
34410,10,35277,0.971637
34411,1,34398,0.981880
34411,2,34402,0.980976
34411,3,16437,0.976077
34411,4,34413,0.973409
34411,5,5556,0.971816
34411,6,40047,0.971446
34411,7,3878,0.971091
34411,8,23651,0.970675
34411,9,28925,0.970289
34411,10,34404,0.970236
34432,1,3724,0.971508
34432,2,27350,0.970817
34432,3,22216,0.967530
34432,4,34433,0.967092
34432,5,6135,0.966888
34432,6,34430,0.966666
34432,7,26949,0.966450
34432,8,10501,0.966012
34432,9,14072,0.965998
34432,10,22224,0.965705
34468,1,15924,0.984188
34468,2,38324,0.983073
34468,3,35207,0.982196
34468,4,4607,0.982126
34468,5,35187,0.981976
34468,6,9443,0.981717
34468,7,21193,0.980503
34468,8,37698,0.980456
34468,9,19917,0.980071
34468,10,4672,0.980007
34473,1,42591,0.987778
34473,2,34572,0.987062
34473,3,26927,0.985664
34473,4,47651,0.985592
34473,5,48476,0.985253
34473,6,33226,0.984931
34473,7,35989,0.984308
34473,8,48525,0.982454
34473,9,48479,0.982044
34473,10,46271,0.981882
34484,1,33171,0.968105
34484,2,21116,0.967951
34484,3,24989,0.966301
34484,4,25543,0.965396
34484,5,10363,0.965327
34484,6,2483,0.964821
34484,7,34574,0.964566
34484,8,19578,0.963332
34484,9,18715,0.962890
34484,10,33167,0.962273
34507,1,40449,0.994648
34507,2,35233,0.993949
34507,3,35416,0.993039
34507,4,50775,0.992519
34507,5,35418,0.992512
34507,6,35410,0.992385
34507,7,33354,0.991127
34507,8,47648,0.990946
34507,9,50419,0.990829
34507,10,10638,0.990669
34526,1,17820,0.930579
34526,2,22151,0.922258
34526,3,20869,0.921545
34526,4,17817,0.918627
34526,5,23901,0.917139
34526,6,41074,0.915756
34526,7,13128,0.914545
34526,8,4109,0.912252
34526,9,28323,0.911291
34526,10,7370,0.910978
34529,1,5692,0.965724
34529,2,5673,0.959647
34529,3,5674,0.957289
34529,4,5683,0.952623
34529,5,5696,0.952530
34529,6,35691,0.950067
34529,7,4181,0.949544
34529,8,35401,0.949352
34529,9,6462,0.948696
34529,10,2390,0.948348
34541,1,3552,0.892642
34541,2,39983,0.887033
34541,3,13642,0.880260
34541,4,12485,0.872981
34541,5,15355,0.872915
34541,6,33846,0.867804
34541,7,14327,0.860639
34541,8,39342,0.860514
34541,9,23849,0.851929
34541,10,28318,0.849914
34546,1,17779,0.935525
34546,2,25110,0.934335
34546,3,18014,0.928941
34546,4,19894,0.927131
34546,5,41016,0.924544
34546,6,36622,0.923069
34546,7,25756,0.920939
34546,8,36885,0.918890
34546,9,14589,0.917104
34546,10,25729,0.916229
34553,1,36677,0.921353
34553,2,43281,0.905917
34553,3,20387,0.905724
34553,4,42868,0.896783
34553,5,20419,0.894672
34553,6,25280,0.889443
34553,7,24738,0.889130
34553,8,47128,0.885574
34553,9,47881,0.880126
34553,10,36991,0.879174
34566,1,48476,0.982628
34566,2,33226,0.980396
34566,3,34572,0.980003
34566,4,33976,0.979426
34566,5,41765,0.979324
34566,6,34565,0.979029
34566,7,34599,0.978795
34566,8,46271,0.977938
34566,9,34570,0.977318
34566,10,42591,0.977134
34595,1,40416,0.867089
34595,2,39729,0.855350
34595,3,18741,0.849667
34595,4,48092,0.846793
34595,5,26865,0.846648
34595,6,24545,0.836927
34595,7,32594,0.833475
34595,8,40496,0.833171
34595,9,13523,0.832823
34595,10,48090,0.832555
34600,1,39233,0.967501
34600,2,43659,0.966457
34600,3,33226,0.966298
34600,4,37937,0.966047
34600,5,43644,0.965788
34600,6,34599,0.965138
34600,7,43645,0.964931
34600,8,32576,0.964646
34600,9,39724,0.964577
34600,10,39227,0.964507
34601,1,34602,0.994402
34601,2,45650,0.961181
34601,3,45657,0.948826
34601,4,28009,0.939648
34601,5,18376,0.935882
34601,6,18691,0.913385
34601,7,50467,0.910748
34601,8,50491,0.903460
34601,9,28073,0.903163
34601,10,25361,0.899022
34616,1,34614,0.995109
34616,2,18685,0.983816
34616,3,49933,0.981820
34616,4,50546,0.981540
34616,5,28095,0.978572
34616,6,27944,0.978433
34616,7,28094,0.978073
34616,8,28053,0.977620
34616,9,28022,0.977293
34616,10,25349,0.976935
34630,1,34841,0.972641
34630,2,34832,0.970000
34630,3,32178,0.966577
34630,4,34822,0.965852
34630,5,35712,0.965463
34630,6,5571,0.961249
34630,7,15300,0.959134
34630,8,1657,0.958301
34630,9,13202,0.957803
34630,10,34847,0.956904
34632,1,8532,0.974525
34632,2,24456,0.969417
34632,3,4639,0.968582
34632,4,44738,0.968054
34632,5,10078,0.966337
34632,6,13213,0.966303
34632,7,4552,0.965546
34632,8,17741,0.965077
34632,9,8964,0.964430
34632,10,5103,0.963734
34641,1,4156,0.953869
34641,2,4154,0.953553
34641,3,44639,0.952782
34641,4,1637,0.949035
34641,5,36426,0.946777
34641,6,23864,0.943972
34641,7,34647,0.943127
34641,8,42094,0.942519
34641,9,42126,0.940283
34641,10,5574,0.939424
34643,1,41440,0.955818
34643,2,34638,0.953752
34643,3,42013,0.950504
34643,4,15718,0.948866
34643,5,13209,0.946219
34643,6,35709,0.945615
34643,7,35936,0.945513
34643,8,4535,0.945372
34643,9,23846,0.944171
34643,10,5654,0.944103
34644,1,25457,0.962768
34644,2,10088,0.960681
34644,3,10092,0.960103
34644,4,43350,0.959850
34644,5,41440,0.959024
34644,6,35755,0.958795
34644,7,25466,0.958112
34644,8,34835,0.957221
34644,9,32277,0.957183
34644,10,26599,0.957004
34655,1,39626,0.960492
34655,2,43355,0.954637
34655,3,31972,0.953028
34655,4,43354,0.951474
34655,5,12972,0.951115
34655,6,31950,0.950332
34655,7,3305,0.949642
34655,8,7713,0.948337
34655,9,43357,0.946504
34655,10,24253,0.942114
34734,1,32190,0.986344
34734,2,29258,0.982852
34734,3,35421,0.981708
34734,4,31207,0.981148
34734,5,34733,0.980770
34734,6,35714,0.980537
34734,7,36232,0.979992
34734,8,36226,0.979902
34734,9,42028,0.979322
34734,10,9402,0.978597
34747,1,35706,0.909041
34747,2,31975,0.900208
34747,3,4553,0.893610
34747,4,3298,0.887965
34747,5,40320,0.885909
34747,6,31974,0.881930
34747,7,35705,0.877204
34747,8,25459,0.876941
34747,9,3374,0.875064
34747,10,3163,0.873103
34772,1,27712,0.962274
34772,2,21960,0.955383
34772,3,22003,0.952581
34772,4,21539,0.951439
34772,5,33456,0.948708
34772,6,37433,0.946205
34772,7,34770,0.944364
34772,8,27060,0.942202
34772,9,29737,0.942029
34772,10,27677,0.941436
34778,1,10225,0.932052
34778,2,10729,0.929888
34778,3,25175,0.927473
34778,4,49564,0.926746
34778,5,34780,0.926129
34778,6,10322,0.926038
34778,7,47139,0.925414
34778,8,16768,0.924767
34778,9,25254,0.924677
34778,10,36992,0.924405
34798,1,25733,0.991110
34798,2,21783,0.990268
34798,3,25721,0.990069
34798,4,25732,0.989096
34798,5,18810,0.988901
34798,6,27828,0.988690
34798,7,18805,0.988601
34798,8,37439,0.987694
34798,9,14978,0.987670
34798,10,14832,0.987646
34808,1,25729,0.981355
34808,2,38413,0.980176
34808,3,18014,0.977655
34808,4,14589,0.977164
34808,5,24779,0.976101
34808,6,38407,0.975656
34808,7,37231,0.975651
34808,8,38487,0.975175
34808,9,36514,0.974955
34808,10,38403,0.971316
34812,1,34832,0.983769
34812,2,32178,0.978751
34812,3,34822,0.974488
34812,4,35712,0.973343
34812,5,34819,0.972131
34812,6,34841,0.971880
34812,7,43342,0.971204
34812,8,32180,0.969970
34812,9,34818,0.968843
34812,10,3458,0.965694
34823,1,26604,0.972414
34823,2,35420,0.969929
34823,3,3163,0.967102
34823,4,36232,0.966420
34823,5,25459,0.963845
34823,6,31974,0.963111
34823,7,36233,0.962733
34823,8,22710,0.958998
34823,9,36419,0.958841
34823,10,31207,0.957765
34828,1,39277,0.963880
34828,2,39304,0.963532
34828,3,22842,0.962244
34828,4,22826,0.958600
34828,5,22841,0.956570
34828,6,39276,0.956405
34828,7,39280,0.954549
34828,8,22851,0.953981
34828,9,39249,0.951141
34828,10,50737,0.947505
34848,1,39909,0.960422
34848,2,43335,0.954818
34848,3,46325,0.954756
34848,4,43242,0.952076
34848,5,38666,0.950847
34848,6,29267,0.950272
34848,7,46080,0.950195
34848,8,39655,0.947816
34848,9,1657,0.947806
34848,10,24421,0.947568
34856,1,29571,0.975007
34856,2,49070,0.964286
34856,3,51349,0.961292
34856,4,39942,0.958771
34856,5,36148,0.958689
34856,6,39992,0.958220
34856,7,34858,0.957131
34856,8,14557,0.954840
34856,9,5050,0.954267
34856,10,35465,0.953593
34871,1,25203,0.982752
34871,2,35901,0.980161
34871,3,20421,0.978194
34871,4,14817,0.977471
34871,5,47372,0.976941
34871,6,50186,0.976610
34871,7,16768,0.976467
34871,8,50187,0.975379
34871,9,10249,0.975284
34871,10,33404,0.975236
34874,1,34890,0.985959
34874,2,34880,0.981269
34874,3,47379,0.980826
34874,4,37858,0.976997
34874,5,8255,0.976579
34874,6,51931,0.975928
34874,7,47378,0.975361
34874,8,34892,0.975299
34874,9,21963,0.974962
34874,10,34878,0.974815
34885,1,25216,0.963859
34885,2,34889,0.963177
34885,3,36520,0.962383
34885,4,14885,0.960091
34885,5,34865,0.959596
34885,6,46978,0.956740
34885,7,48186,0.956190
34885,8,25257,0.955830
34885,9,10724,0.954603
34885,10,10248,0.954343
34915,1,40575,0.864526
34915,2,25820,0.863701
34915,3,43909,0.861058
34915,4,50328,0.854254
34915,5,11559,0.848333
34915,6,18255,0.847467
34915,7,46014,0.847062
34915,8,45838,0.844238
34915,9,28908,0.844119
34915,10,7416,0.843919
34921,1,34923,0.992433
34921,2,34934,0.988886
34921,3,31060,0.988293
34921,4,31062,0.987367
34921,5,34294,0.987265
34921,6,34918,0.987044
34921,7,34907,0.986466
34921,8,35022,0.986415
34921,9,34291,0.986278
34921,10,34930,0.986141
34927,1,34918,0.982805
34927,2,34904,0.975760
34927,3,34923,0.974924
34927,4,34930,0.974735
34927,5,34914,0.973752
34927,6,31059,0.973333
34927,7,31871,0.973265
34927,8,34265,0.972899
34927,9,34288,0.972649
34927,10,34276,0.972427
34929,1,34933,0.846750
34929,2,34937,0.845519
34929,3,23336,0.844970
34929,4,34932,0.842038
34929,5,35022,0.841795
34929,6,50844,0.840046
34929,7,34928,0.839626
34929,8,34923,0.837367
34929,9,34924,0.837036
34929,10,31874,0.835701
34959,1,34954,0.957589
34959,2,50881,0.957260
34959,3,50896,0.955408
34959,4,34950,0.954115
34959,5,45987,0.953128
34959,6,45989,0.951515
34959,7,46000,0.950784
34959,8,46003,0.950618
34959,9,45994,0.950187
34959,10,34949,0.950083
34974,1,35003,0.995648
34974,2,35004,0.995648
34974,3,34979,0.995311
34974,4,35000,0.995083
34974,5,35006,0.994352
34974,6,35012,0.992173
34974,7,35013,0.990561
34974,8,35002,0.990515
34974,9,35010,0.990342
34974,10,35008,0.990251
34975,1,35023,0.984625
34975,2,35025,0.982566
34975,3,35024,0.980083
34975,4,35017,0.979617
34975,5,35006,0.979040
34975,6,35003,0.978961
34975,7,35000,0.978751
34975,8,35004,0.978526
34975,9,35002,0.977138
34975,10,34969,0.974920
35007,1,35002,0.996410
35007,2,35003,0.994810
35007,3,35004,0.994624
35007,4,35001,0.994173
35007,5,35019,0.993069
35007,6,35005,0.989671
35007,7,35000,0.989508
35007,8,35013,0.989376
35007,9,31889,0.989149
35007,10,35010,0.988216
35011,1,35002,0.962146
35011,2,35018,0.961284
35011,3,35009,0.959982
35011,4,35019,0.958501
35011,5,35008,0.958143
35011,6,35005,0.958092
35011,7,35004,0.957155
35011,8,35003,0.957013
35011,9,31889,0.956188
35011,10,35001,0.954705
35020,1,35099,0.958008
35020,2,35100,0.955939
35020,3,31881,0.953852
35020,4,35028,0.951742
35020,5,34999,0.951326
35020,6,35021,0.950853
35020,7,35029,0.950714
35020,8,35016,0.950560
35020,9,35103,0.950453
35020,10,35032,0.948229
35030,1,35029,0.982926
35030,2,34999,0.976825
35030,3,35027,0.976538
35030,4,34976,0.975467
35030,5,35032,0.975443
35030,6,35015,0.975336
35030,7,35026,0.973551
35030,8,35098,0.973331
35030,9,34972,0.973300
35030,10,34966,0.972690
35045,1,27275,0.990160
35045,2,39151,0.989364
35045,3,32234,0.987473
35045,4,42517,0.986535
35045,5,22741,0.985896
35045,6,15094,0.985741
35045,7,24377,0.985422
35045,8,23324,0.985348
35045,9,20094,0.985329
35045,10,21885,0.984042
35047,1,40585,0.978469
35047,2,45752,0.975913
35047,3,24376,0.975722
35047,4,24377,0.974665
35047,5,32222,0.973609
35047,6,42517,0.973106
35047,7,39152,0.973031
35047,8,39153,0.972821
35047,9,27297,0.972255
35047,10,50347,0.972089
35062,1,35077,0.899553
35062,2,36622,0.870338
35062,3,36638,0.852995
35062,4,36515,0.852581
35062,5,17779,0.851412
35062,6,25752,0.850381
35062,7,34806,0.849760
35062,8,34800,0.849674
35062,9,25724,0.849495
35062,10,17774,0.847661
35064,1,14837,0.990358
35064,2,50831,0.989796
35064,3,27814,0.989097
35064,4,27818,0.988513
35064,5,37450,0.987598
35064,6,18831,0.987353
35064,7,15935,0.987134
35064,8,46075,0.986753
35064,9,46073,0.986710
35064,10,18829,0.986643
35066,1,34129,0.983360
35066,2,14837,0.982192
35066,3,21782,0.982099
35066,4,25732,0.981734
35066,5,50833,0.981644
35066,6,34131,0.981477
35066,7,18809,0.981359
35066,8,41251,0.981214
35066,9,18833,0.981100
35066,10,42954,0.980875
35086,1,50311,0.993095
35086,2,50305,0.992705
35086,3,49720,0.992450
35086,4,50302,0.991043
35086,5,49740,0.989774
35086,6,12391,0.989705
35086,7,49739,0.989352
35086,8,49726,0.988945
35086,9,50314,0.988936
35086,10,36363,0.988780
35102,1,33518,0.596743
35102,2,43932,0.585808
35102,3,39591,0.584514
35102,4,33123,0.584126
35102,5,15497,0.577819
35102,6,41678,0.577162
35102,7,14444,0.575670
35102,8,44236,0.572088
35102,9,20731,0.571683
35102,10,15493,0.570608
35107,1,35114,0.995686
35107,2,35109,0.994830
35107,3,34136,0.994377
35107,4,35108,0.994157
35107,5,25094,0.994150
35107,6,25097,0.994072
35107,7,27750,0.993940
35107,8,29082,0.993607
35107,9,27755,0.993296
35107,10,21809,0.993273
35125,1,44004,0.675636
35125,2,44005,0.654013
35125,3,46934,0.646572
35125,4,46692,0.642860
35125,5,46775,0.641377
35125,6,46932,0.640749
35125,7,36707,0.639253
35125,8,44010,0.639011
35125,9,45669,0.638550
35125,10,44037,0.637330
35134,1,35138,0.988279
35134,2,48570,0.959379
35134,3,48573,0.956387
35134,4,46057,0.956016
35134,5,48313,0.955374
35134,6,48568,0.954368
35134,7,48318,0.953288
35134,8,48588,0.952707
35134,9,14864,0.952648
35134,10,48587,0.951941
35144,1,27039,0.794437
35144,2,8521,0.792387
35144,3,22646,0.763493
35144,4,36075,0.750618
35144,5,21250,0.748846
35144,6,4599,0.746849
35144,7,15298,0.744310
35144,8,37225,0.740111
35144,9,36062,0.737986
35144,10,20964,0.737761
35145,1,33430,0.704857
35145,2,8237,0.698817
35145,3,49529,0.665051
35145,4,47330,0.648528
35145,5,34781,0.632819
35145,6,21969,0.631318
35145,7,27726,0.628800
35145,8,17142,0.628547
35145,9,15263,0.625503
35145,10,47367,0.625348
35181,1,25884,0.951201
35181,2,21189,0.944852
35181,3,44279,0.943498
35181,4,4589,0.942374
35181,5,25883,0.941811
35181,6,1525,0.940571
35181,7,18332,0.939809
35181,8,38746,0.937308
35181,9,29100,0.936742
35181,10,20841,0.936627
35188,1,32864,0.970420
35188,2,4606,0.964626
35188,3,35208,0.960907
35188,4,9439,0.959749
35188,5,17293,0.958638
35188,6,35206,0.958474
35188,7,6531,0.957231
35188,8,4586,0.957164
35188,9,25871,0.957105
35188,10,38325,0.957006
35196,1,35192,0.992110
35196,2,35203,0.991779
35196,3,31607,0.991351
35196,4,38325,0.991021
35196,5,5218,0.989993
35196,6,35198,0.989720
35196,7,35199,0.988529
35196,8,38324,0.988119
35196,9,35179,0.987962
35196,10,35174,0.987841
35210,1,38325,0.989038
35210,2,5218,0.987807
35210,3,35203,0.987158
35210,4,18437,0.986952
35210,5,31607,0.986788
35210,6,35192,0.986671
35210,7,35186,0.986147
35210,8,25870,0.985902
35210,9,35207,0.985845
35210,10,35187,0.985806
35305,1,35304,0.987005
35305,2,48603,0.977608
35305,3,48636,0.975822
35305,4,48655,0.975496
35305,5,48684,0.974987
35305,6,48724,0.974868
35305,7,48644,0.974504
35305,8,48647,0.974178
35305,9,48649,0.974123
35305,10,31709,0.973067
35318,1,31712,0.996716
35318,2,43855,0.986911
35318,3,35319,0.985209
35318,4,48650,0.984660
35318,5,43864,0.984606
35318,6,48700,0.984063
35318,7,35321,0.983066
35318,8,43817,0.983047
35318,9,35315,0.983000
35318,10,43857,0.982740
35329,1,43851,0.978297
35329,2,43856,0.974649
35329,3,43857,0.974393
35329,4,48597,0.973669
35329,5,31712,0.973599
35329,6,48603,0.972648
35329,7,43763,0.972366
35329,8,35327,0.971934
35329,9,35330,0.971511
35329,10,48650,0.971423
35341,1,13014,0.961851
35341,2,14461,0.959716
35341,3,41740,0.959584
35341,4,33519,0.957012
35341,5,36614,0.956433
35341,6,22257,0.956108
35341,7,50160,0.956002
35341,8,41676,0.954298
35341,9,47569,0.951186
35341,10,47567,0.949905
35360,1,39582,0.946397
35360,2,27085,0.932873
35360,3,45802,0.927685
35360,4,47582,0.916684
35360,5,22263,0.913928
35360,6,39869,0.911720
35360,7,45424,0.910463
35360,8,42693,0.905569
35360,9,29121,0.902554
35360,10,47560,0.900212
35382,1,35383,0.999427
35382,2,47121,0.991794
35382,3,47110,0.986963
35382,4,47109,0.984093
35382,5,46883,0.981296
35382,6,46884,0.979779
35382,7,47123,0.977889
35382,8,47099,0.976797
35382,9,47097,0.976345
35382,10,35386,0.974301
35397,1,35395,0.995102
35397,2,9043,0.991227
35397,3,47647,0.991075
35397,4,16183,0.991058
35397,5,35479,0.990845
35397,6,45598,0.990150
35397,7,17763,0.990129
35397,8,47220,0.990126
35397,9,35229,0.989904
35397,10,22143,0.989614
35419,1,35418,0.994021
35419,2,2375,0.993718
35419,3,50277,0.993313
35419,4,47648,0.993153
35419,5,45610,0.993064
35419,6,19372,0.993063
35419,7,33691,0.993003
35419,8,35476,0.992779
35419,9,22136,0.992500
35419,10,33354,0.992496
35441,1,10675,0.877046
35441,2,4914,0.860382
35441,3,17617,0.855454
35441,4,17608,0.852708
35441,5,4919,0.837544
35441,6,4920,0.835397
35441,7,13335,0.832325
35441,8,38332,0.814649
35441,9,17802,0.808748
35441,10,38326,0.799080
35464,1,26684,0.954800
35464,2,15407,0.949285
35464,3,14496,0.946998
35464,4,14479,0.945462
35464,5,35677,0.943667
35464,6,7802,0.939862
35464,7,11830,0.938812
35464,8,22102,0.938539
35464,9,49362,0.936368
35464,10,14337,0.935791
35466,1,35465,0.983199
35466,2,34855,0.955029
35466,3,40457,0.952933
35466,4,24775,0.951871
35466,5,15072,0.950859
35466,6,43873,0.949978
35466,7,22180,0.949177
35466,8,15354,0.948501
35466,9,28318,0.948306
35466,10,36148,0.948272
35478,1,47194,0.989576
35478,2,35488,0.989387
35478,3,11891,0.989339
35478,4,35231,0.989321
35478,5,7397,0.988939
35478,6,39209,0.988103
35478,7,11898,0.988041
35478,8,17819,0.987791
35478,9,50420,0.987756
35478,10,45612,0.987714
35481,1,17763,0.993859
35481,2,9762,0.993326
35481,3,12863,0.993242
35481,4,10286,0.992758
35481,5,35475,0.992679
35481,6,15060,0.992585
35481,7,45622,0.992511
35481,8,39214,0.992261
35481,9,47279,0.992229
35481,10,41475,0.992076
35482,1,35233,0.994351
35482,2,21071,0.993343
35482,3,40449,0.992904
35482,4,22124,0.992223
35482,5,44417,0.992180
35482,6,33702,0.992162
35482,7,35237,0.992081
35482,8,35418,0.991903
35482,9,9704,0.991753
35482,10,11885,0.991601
35535,1,32844,0.863517
35535,2,39205,0.862619
35535,3,32843,0.862096
35535,4,6308,0.857339
35535,5,41717,0.854408
35535,6,39203,0.852095
35535,7,39577,0.851401
35535,8,39567,0.851285
35535,9,45341,0.849566
35535,10,32840,0.848701
35571,1,14498,0.959319
35571,2,44434,0.958691
35571,3,22105,0.955590
35571,4,19348,0.953116
35571,5,45620,0.951020
35571,6,7403,0.949503
35571,7,34860,0.945372
35571,8,45619,0.944221
35571,9,44413,0.943751
35571,10,5684,0.942471
35586,1,17973,0.936570
35586,2,16970,0.932470
35586,3,16972,0.932301
35586,4,23502,0.931045
35586,5,17970,0.930769
35586,6,17960,0.928106
35586,7,22882,0.927458
35586,8,50776,0.926457
35586,9,9101,0.925346
35586,10,41460,0.924861
35589,1,2235,0.960781
35589,2,13122,0.950810
35589,3,4103,0.950282
35589,4,16164,0.949478
35589,5,6405,0.949380
35589,6,6826,0.949045
35589,7,18489,0.948858
35589,8,20796,0.948647
35589,9,6404,0.948355
35589,10,44511,0.948029
35644,1,2987,0.913731
35644,2,20674,0.905740
35644,3,20688,0.900356
35644,4,12485,0.900040
35644,5,14498,0.885776
35644,6,50759,0.884795
35644,7,3558,0.880392
35644,8,26556,0.877330
35644,9,22196,0.872248
35644,10,28322,0.870714
35649,1,35648,0.989210
35649,2,35162,0.979725
35649,3,24689,0.978638
35649,4,39820,0.977814
35649,5,35647,0.976907
35649,6,35645,0.976893
35649,7,16969,0.974921
35649,8,33648,0.973757
35649,9,35161,0.973244
35649,10,11912,0.973195
35655,1,33768,0.946061
35655,2,32743,0.938260
35655,3,36225,0.933815
35655,4,22873,0.932979
35655,5,35656,0.930070
35655,6,43879,0.929096
35655,7,37244,0.928162
35655,8,28315,0.926219
35655,9,15072,0.925616
35655,10,31553,0.921718
35669,1,35668,0.980759
35669,2,30243,0.967712
35669,3,37997,0.965304
35669,4,21182,0.963415
35669,5,18653,0.962853
35669,6,37998,0.961341
35669,7,32192,0.960155
35669,8,3996,0.959739
35669,9,35666,0.959680
35669,10,17030,0.958429
35687,1,13071,0.954371
35687,2,12984,0.943518
35687,3,5705,0.940791
35687,4,6134,0.940284
35687,5,4633,0.939878
35687,6,17483,0.939362
35687,7,13985,0.936699
35687,8,11815,0.935798
35687,9,13116,0.935168
35687,10,22543,0.930687
35693,1,43237,0.971049
35693,2,7776,0.961916
35693,3,46336,0.960569
35693,4,32751,0.958744
35693,5,35678,0.957573
35693,6,38533,0.956348
35693,7,10168,0.954729
35693,8,49059,0.953386
35693,9,14494,0.952345
35693,10,17037,0.951955
35696,1,42133,0.924435
35696,2,42125,0.923237
35696,3,36435,0.922931
35696,4,6379,0.922873
35696,5,34752,0.921820
35696,6,12986,0.917071
35696,7,26536,0.915683
35696,8,10160,0.915265
35696,9,34508,0.914884
35696,10,43874,0.914204
35700,1,31689,0.980381
35700,2,36231,0.978429
35700,3,26702,0.973735
35700,4,24629,0.972710
35700,5,22710,0.972308
35700,6,31207,0.972071
35700,7,24455,0.972020
35700,8,36226,0.971709
35700,9,15727,0.971169
35700,10,35714,0.970865
35708,1,34750,0.980662
35708,2,34754,0.972972
35708,3,34751,0.970116
35708,4,33769,0.958197
35708,5,36479,0.955414
35708,6,34753,0.954362
35708,7,15072,0.951865
35708,8,19368,0.951441
35708,9,39965,0.951142
35708,10,33763,0.948997
35777,1,40468,0.969116
35777,2,6378,0.965669
35777,3,36445,0.963649
35777,4,33828,0.961564
35777,5,35725,0.960124
35777,6,42131,0.959657
35777,7,3378,0.958234
35777,8,4997,0.957326
35777,9,29264,0.957243
35777,10,10122,0.956665
35889,1,36746,0.703778
35889,2,33394,0.571017
35889,3,33433,0.558719
35889,4,47354,0.557599
35889,5,25263,0.556764
35889,6,9915,0.555892
35889,7,27744,0.555560
35889,8,51961,0.553274
35889,9,14881,0.551546
35889,10,44242,0.550225
35912,1,17122,0.982576
35912,2,25168,0.982074
35912,3,47379,0.981205
35912,4,16768,0.981140
35912,5,17138,0.980288
35912,6,14817,0.980238
35912,7,46979,0.980200
35912,8,14880,0.979496
35912,9,25164,0.979493
35912,10,17125,0.978987
35927,1,20565,0.946783
35927,2,42924,0.943305
35927,3,35905,0.942198
35927,4,20587,0.941524
35927,5,51878,0.938200
35927,6,25305,0.936211
35927,7,25741,0.935882
35927,8,42006,0.935528
35927,9,33401,0.934909
35927,10,20593,0.934696
35931,1,35930,0.940120
35931,2,15512,0.932710
35931,3,44403,0.930178
35931,4,28633,0.925188
35931,5,22162,0.924005
35931,6,50376,0.923233
35931,7,13920,0.922277
35931,8,19941,0.920850
35931,9,5707,0.920212
35931,10,5681,0.918001
35958,1,34494,0.909669
35958,2,48493,0.904591
35958,3,25930,0.903811
35958,4,37208,0.903617
35958,5,14630,0.902711
35958,6,13514,0.899417
35958,7,34492,0.899253
35958,8,47657,0.899004
35958,9,34148,0.897040
35958,10,43520,0.896994
35968,1,10465,0.988520
35968,2,10885,0.983543
35968,3,16501,0.983400
35968,4,6571,0.983124
35968,5,34325,0.982824
35968,6,34324,0.982605
35968,7,43502,0.982590
35968,8,33156,0.982087
35968,9,10879,0.982073
35968,10,16218,0.981605
35996,1,31152,0.984357
35996,2,35873,0.983827
35996,3,38986,0.983308
35996,4,38347,0.983268
35996,5,34682,0.983237
35996,6,35885,0.983134
35996,7,38248,0.983038
35996,8,36321,0.981498
35996,9,8332,0.981205
35996,10,35891,0.981061
35997,1,10665,0.952314
35997,2,5419,0.950716
35997,3,24913,0.949801
35997,4,48257,0.944873
35997,5,46731,0.944657
35997,6,15577,0.943040
35997,7,10669,0.941599
35997,8,13254,0.940478
35997,9,5455,0.939277
35997,10,17614,0.939189
36023,1,41237,0.998046
36023,2,51255,0.997019
36023,3,51264,0.996948
36023,4,36022,0.996383
36023,5,51256,0.996286
36023,6,27821,0.995891
36023,7,41248,0.995649
36023,8,51262,0.995546
36023,9,36021,0.995309
36023,10,36017,0.995176
36031,1,36034,0.995583
36031,2,14975,0.992875
36031,3,14974,0.992620
36031,4,36028,0.992485
36031,5,19210,0.992028
36031,6,46071,0.991990
36031,7,27820,0.991499
36031,8,46072,0.991203
36031,9,15218,0.990750
36031,10,36019,0.990198
36043,1,36045,0.938630
36043,2,35217,0.930530
36043,3,36068,0.929349
36043,4,4600,0.926637
36043,5,36044,0.923279
36043,6,36666,0.923122
36043,7,36040,0.922374
36043,8,36060,0.921515
36043,9,36062,0.921420
36043,10,36039,0.920390
36059,1,36060,0.892076
36059,2,1943,0.879078
36059,3,39502,0.872738
36059,4,36062,0.869448
36059,5,4600,0.869058
36059,6,29010,0.868919
36059,7,22684,0.866786
36059,8,27041,0.864812
36059,9,36068,0.863584
36059,10,21197,0.863077
36069,1,22646,0.914778
36069,2,36068,0.914619
36069,3,39502,0.914077
36069,4,36666,0.911604
36069,5,4600,0.908040
36069,6,36044,0.907847
36069,7,4599,0.907170
36069,8,21250,0.906234
36069,9,36040,0.905802
36069,10,36045,0.905710
36070,1,36067,0.966915
36070,2,20927,0.953090
36070,3,35176,0.947062
36070,4,36054,0.937926
36070,5,25717,0.937622
36070,6,6561,0.935573
36070,7,4614,0.934651
36070,8,36053,0.934642
36070,9,22655,0.933897
36070,10,9485,0.932999
36082,1,36083,0.988281
36082,2,19885,0.986610
36082,3,4450,0.986084
36082,4,25709,0.984844
36082,5,18207,0.984556
36082,6,18904,0.982631
36082,7,36089,0.981645
36082,8,38127,0.981410
36082,9,36085,0.981337
36082,10,10603,0.981219
36126,1,36122,0.995153
36126,2,18820,0.993269
36126,3,36094,0.992736
36126,4,38297,0.991984
36126,5,36121,0.991619
36126,6,36114,0.991612
36126,7,39557,0.991587
36126,8,27759,0.991187
36126,9,42079,0.990994
36126,10,36110,0.990649
36130,1,39639,0.946259
36130,2,24411,0.942188
36130,3,23908,0.941899
36130,4,23913,0.941688
36130,5,4555,0.939722
36130,6,23836,0.939663
36130,7,23930,0.938646
36130,8,15730,0.937290
36130,9,39979,0.936615
36130,10,39656,0.936508
36135,1,36133,0.962075
36135,2,27640,0.959541
36135,3,10092,0.958174
36135,4,46797,0.957674
36135,5,35709,0.957410
36135,6,44763,0.957045
36135,7,5654,0.956680
36135,8,34646,0.956007
36135,9,32188,0.955953
36135,10,25410,0.954397
36136,1,36418,0.971005
36136,2,26655,0.968769
36136,3,36232,0.967577
36136,4,29258,0.967461
36136,5,29248,0.967126
36136,6,35714,0.966484
36136,7,26604,0.964714
36136,8,42028,0.963025
36136,9,40483,0.962624
36136,10,31207,0.962075
36137,1,35706,0.912659
36137,2,4553,0.905001
36137,3,40320,0.902046
36137,4,31975,0.899604
36137,5,35705,0.889644
36137,6,31974,0.889316
36137,7,35716,0.880864
36137,8,25459,0.879744
36137,9,3163,0.871917
36137,10,35420,0.867481
36147,1,34560,0.959209
36147,2,25495,0.957407
36147,3,48526,0.956134
36147,4,36834,0.955272
36147,5,5602,0.954154
36147,6,3619,0.953943
36147,7,21179,0.953712
36147,8,11845,0.952925
36147,9,10180,0.952313
36147,10,32513,0.949734
36213,1,38950,0.989843
36213,2,40156,0.981742
36213,3,24945,0.981308
36213,4,41309,0.978689
36213,5,38287,0.977835
36213,6,31118,0.977549
36213,7,38290,0.976326
36213,8,34108,0.975712
36213,9,33257,0.975696
36213,10,31173,0.975419
36235,1,15839,0.929368
36235,2,42509,0.925687
36235,3,35043,0.919581
36235,4,47020,0.915942
36235,5,35042,0.914226
36235,6,51232,0.913271
36235,7,36494,0.912728
36235,8,15100,0.911668
36235,9,40583,0.911600
36235,10,36471,0.909603
36258,1,36262,0.991639
36258,2,36253,0.989284
36258,3,36256,0.988570
36258,4,36263,0.988286
36258,5,36260,0.987955
36258,6,36255,0.986342
36258,7,36249,0.985505
36258,8,36250,0.985131
36258,9,36252,0.985017
36258,10,36259,0.984932
36276,1,36282,0.984175
36276,2,43472,0.984036
36276,3,36283,0.983447
36276,4,36289,0.982899
36276,5,36280,0.982561
36276,6,36290,0.982395
36276,7,36269,0.982206
36276,8,36268,0.982142
36276,9,43460,0.981497
36276,10,36264,0.980957
36277,1,43470,0.730059
36277,2,43471,0.728554
36277,3,43460,0.728510
36277,4,36283,0.726253
36277,5,36280,0.720194
36277,6,36275,0.717447
36277,7,36273,0.711919
36277,8,43472,0.708792
36277,9,36264,0.707717
36277,10,43463,0.707304
36278,1,43472,0.987489
36278,2,36264,0.986980
36278,3,36275,0.985839
36278,4,43460,0.985770
36278,5,36282,0.985620
36278,6,36269,0.984870
36278,7,36284,0.984794
36278,8,36274,0.984018
36278,9,43470,0.983878
36278,10,36272,0.983672
36281,1,36282,0.991168
36281,2,43472,0.989166
36281,3,36280,0.987730
36281,4,43460,0.987432
36281,5,36269,0.987205
36281,6,43463,0.986473
36281,7,36279,0.986396
36281,8,36289,0.986243
36281,9,43469,0.985389
36281,10,36274,0.985318
36304,1,34355,0.985838
36304,2,7747,0.984142
36304,3,12556,0.983999
36304,4,17249,0.983477
36304,5,13503,0.983238
36304,6,13497,0.983192
36304,7,31582,0.983145
36304,8,36243,0.982986
36304,9,12623,0.982974
36304,10,9182,0.982712
36311,1,12847,0.971443
36311,2,38480,0.964409
36311,3,48247,0.963963
36311,4,13254,0.963818
36311,5,35999,0.962956
36311,6,15572,0.962883
36311,7,22637,0.962395
36311,8,24913,0.962116
36311,9,8340,0.961830
36311,10,48243,0.961443
36324,1,31151,0.978705
36324,2,36325,0.978629
36324,3,31153,0.977942
36324,4,38344,0.976827
36324,5,37625,0.976621
36324,6,35873,0.976493
36324,7,15570,0.975734
36324,8,35886,0.975474
36324,9,4201,0.975394
36324,10,4729,0.975350
36355,1,35079,0.996702
36355,2,49720,0.996668
36355,3,49726,0.996433
36355,4,40210,0.996227
36355,5,35085,0.995630
36355,6,49694,0.995589
36355,7,50283,0.995575
36355,8,49714,0.995486
36355,9,49733,0.994707
36355,10,50318,0.994643
36357,1,49696,0.998347
36357,2,49709,0.998208
36357,3,36366,0.998140
36357,4,49732,0.998042
36357,5,49710,0.997970
36357,6,36364,0.997816
36357,7,49704,0.997745
36357,8,49744,0.997620
36357,9,49723,0.997441
36357,10,49714,0.997219
36369,1,36364,0.998372
36369,2,36365,0.997187
36369,3,50284,0.996722
36369,4,49704,0.996491
36369,5,40234,0.996460
36369,6,50318,0.996352
36369,7,35080,0.996349
36369,8,49735,0.996080
36369,9,50310,0.995677
36369,10,49696,0.995627
36377,1,36404,0.984596
36377,2,12404,0.984193
36377,3,49249,0.983939
36377,4,51160,0.981455
36377,5,51152,0.981121
36377,6,17394,0.980047
36377,7,17791,0.979992
36377,8,51177,0.979465
36377,9,12397,0.979357
36377,10,51183,0.979056
36379,1,36376,0.985615
36379,2,31991,0.984874
36379,3,40237,0.984628
36379,4,36410,0.983432
36379,5,36400,0.982986
36379,6,51177,0.982107
36379,7,51152,0.981931
36379,8,36378,0.981394
36379,9,51150,0.981327
36379,10,51160,0.981237
36380,1,36391,0.994276
36380,2,51152,0.992776
36380,3,51347,0.992731
36380,4,51165,0.992382
36380,5,51341,0.991673
36380,6,46879,0.991493
36380,7,51144,0.991333
36380,8,17791,0.991129
36380,9,36384,0.990797
36380,10,51177,0.990647
36403,1,36378,0.992398
36403,2,36372,0.991705
36403,3,51150,0.989892
36403,4,36404,0.989081
36403,5,46878,0.987940
36403,6,36373,0.987909
36403,7,51185,0.987503
36403,8,36390,0.987106
36403,9,51181,0.986977
36403,10,46862,0.986775
36407,1,36391,0.993803
36407,2,51152,0.992924
36407,3,17791,0.992149
36407,4,51165,0.992030
36407,5,51177,0.991712
36407,6,51185,0.991552
36407,7,51341,0.991404
36407,8,46879,0.991401
36407,9,17408,0.991100
36407,10,36400,0.990898
36411,1,51150,0.994732
36411,2,36410,0.993517
36411,3,36381,0.991104
36411,4,51152,0.990737
36411,5,46879,0.990286
36411,6,46878,0.990115
36411,7,36378,0.990034
36411,8,49289,0.989494
36411,9,36402,0.989465
36411,10,46862,0.989417
36412,1,36389,0.994023
36412,2,51182,0.990543
36412,3,51171,0.989606
36412,4,36388,0.988757
36412,5,36383,0.988124
36412,6,36381,0.987064
36412,7,36409,0.986150
36412,8,51165,0.986062
36412,9,36392,0.985645
36412,10,36385,0.985524
36421,1,36420,0.992889
36421,2,41456,0.973031
36421,3,44448,0.972784
36421,4,41460,0.972599
36421,5,20796,0.971112
36421,6,35504,0.970028
36421,7,13128,0.969707
36421,8,17816,0.969408
36421,9,2235,0.968481
36421,10,13122,0.968122
36424,1,36423,0.997129
36424,2,9125,0.973913
36424,3,13178,0.971533
36424,4,4514,0.970851
36424,5,12975,0.970711
36424,6,44774,0.969752
36424,7,23939,0.969669
36424,8,36422,0.969133
36424,9,41232,0.968607
36424,10,1657,0.968585
36433,1,37255,0.984269
36433,2,34540,0.981321
36433,3,10295,0.980265
36433,4,34085,0.979292
36433,5,35463,0.979246
36433,6,39993,0.978657
36433,7,45619,0.977403
36433,8,35683,0.976915
36433,9,35688,0.976593
36433,10,22159,0.976297
36444,1,17745,0.945663
36444,2,39630,0.938217
36444,3,34846,0.934860
36444,4,4555,0.934542
36444,5,44407,0.933394
36444,6,23500,0.933384
36444,7,7259,0.930824
36444,8,23836,0.930143
36444,9,42141,0.928603
36444,10,44639,0.928429
36454,1,36455,0.929535
36454,2,39638,0.927621
36454,3,20802,0.927517
36454,4,41452,0.925817
36454,5,42023,0.922749
36454,6,17410,0.922674
36454,7,39637,0.922627
36454,8,12694,0.921283
36454,9,17828,0.920801
36454,10,42126,0.918682
36460,1,23939,0.969794
36460,2,23847,0.967104
36460,3,10097,0.966731
36460,4,44782,0.965509
36460,5,5322,0.965477
36460,6,23942,0.963120
36460,7,6673,0.962230
36460,8,12975,0.961900
36460,9,12973,0.961792
36460,10,42015,0.961630
36465,1,36466,0.992358
36465,2,41450,0.917003
36465,3,11974,0.914589
36465,4,18665,0.909379
36465,5,36449,0.908841
36465,6,41446,0.908040
36465,7,32194,0.907670
36465,8,24252,0.907217
36465,9,39643,0.906260
36465,10,36448,0.905864
36498,1,42642,0.985426
36498,2,45732,0.982947
36498,3,42657,0.980920
36498,4,45725,0.980679
36498,5,28715,0.980014
36498,6,42527,0.979289
36498,7,45835,0.978812
36498,8,42529,0.978749
36498,9,12059,0.978412
36498,10,11579,0.978336
36502,1,36501,0.988467
36502,2,39181,0.983695
36502,3,39460,0.983224
36502,4,40570,0.982866
36502,5,39453,0.982449
36502,6,23319,0.982309
36502,7,33036,0.982302
36502,8,11537,0.982153
36502,9,18295,0.982008
36502,10,19063,0.980587
36509,1,36508,0.900180
36509,2,34759,0.883871
36509,3,21521,0.883705
36509,4,51905,0.881179
36509,5,9914,0.880435
36509,6,48187,0.876032
36509,7,25230,0.875260
36509,8,47955,0.871254
36509,9,33737,0.866618
36509,10,49063,0.866343
36527,1,33726,0.951849
36527,2,33727,0.947811
36527,3,42902,0.938257
36527,4,42910,0.933403
36527,5,33469,0.931816
36527,6,25100,0.929774
36527,7,37063,0.929678
36527,8,37056,0.929649
36527,9,24782,0.928979
36527,10,37704,0.928551
36558,1,36560,0.987756
36558,2,29062,0.983718
36558,3,26239,0.983680
36558,4,16430,0.981056
36558,5,3525,0.980703
36558,6,14098,0.980625
36558,7,23177,0.980492
36558,8,18932,0.980323
36558,9,20264,0.980234
36558,10,20333,0.979969
36581,1,10809,0.985720
36581,2,12185,0.985283
36581,3,8196,0.983380
36581,4,27554,0.982729
36581,5,29796,0.982511
36581,6,12045,0.981304
36581,7,33290,0.980823
36581,8,33057,0.978886
36581,9,12303,0.977786
36581,10,12908,0.977671
36650,1,42928,0.915450
36650,2,47315,0.903842
36650,3,51880,0.900688
36650,4,47428,0.897863
36650,5,33622,0.896436
36650,6,36510,0.893933
36650,7,48166,0.891425
36650,8,33412,0.886605
36650,9,51899,0.886037
36650,10,38430,0.883840
36651,1,48143,0.963480
36651,2,48164,0.959034
36651,3,47324,0.957819
36651,4,48141,0.957303
36651,5,47323,0.957146
36651,6,42864,0.954866
36651,7,33396,0.953873
36651,8,33365,0.951960
36651,9,47427,0.951774
36651,10,33384,0.951662
36654,1,25224,0.934121
36654,2,25235,0.933604
36654,3,38319,0.930216
36654,4,36653,0.929479
36654,5,25206,0.928842
36654,6,35182,0.924576
36654,7,25256,0.923795
36654,8,35195,0.922971
36654,9,33772,0.922837
36654,10,47312,0.922814
36657,1,48152,0.948988
36657,2,38135,0.947371
36657,3,42848,0.944164
36657,4,14851,0.942356
36657,5,47409,0.941262
36657,6,47332,0.939300
36657,7,33620,0.938341
36657,8,14897,0.938228
36657,9,20395,0.937856
36657,10,47407,0.935968
36658,1,39502,0.913979
36658,2,36666,0.902049
36658,3,36040,0.901375
36658,4,21197,0.901298
36658,5,25716,0.900047
36658,6,21829,0.899138
36658,7,20964,0.898851
36658,8,36044,0.898072
36658,9,21250,0.897631
36658,10,21198,0.897543
36703,1,44072,0.825055
36703,2,46937,0.822905
36703,3,46780,0.822558
36703,4,43094,0.819122
36703,5,44042,0.815631
36703,6,44101,0.814375
36703,7,44010,0.813352
36703,8,43986,0.811868
36703,9,43990,0.810380
36703,10,36811,0.808504
36704,1,44137,0.979067
36704,2,44085,0.978728
36704,3,44036,0.976144
36704,4,46933,0.972052
36704,5,26030,0.972024
36704,6,27322,0.971374
36704,7,46785,0.970086
36704,8,43988,0.969729
36704,9,36807,0.969599
36704,10,46928,0.969329
36711,1,25994,0.916201
36711,2,23548,0.913749
36711,3,30966,0.910332
36711,4,23576,0.910001
36711,5,36813,0.909694
36711,6,23546,0.909686
36711,7,36705,0.906420
36711,8,36699,0.903983
36711,9,44144,0.903289
36711,10,23585,0.902757
36721,1,39844,0.978035
36721,2,35876,0.951893
36721,3,5426,0.951053
36721,4,36720,0.949427
36721,5,37623,0.949357
36721,6,24940,0.949208
36721,7,35894,0.949098
36721,8,32646,0.948266
36721,9,38346,0.947298
36721,10,31153,0.946475
36726,1,31159,0.885304
36726,2,4868,0.872578
36726,3,10665,0.870242
36726,4,48252,0.868204
36726,5,36724,0.865698
36726,6,3332,0.863916
36726,7,10664,0.863351
36726,8,31155,0.862830
36726,9,42778,0.860468
36726,10,24913,0.860291
36741,1,16517,0.987797
36741,2,36845,0.981868
36741,3,16510,0.981785
36741,4,24755,0.980136
36741,5,24204,0.978570
36741,6,12828,0.978073
36741,7,15670,0.977980
36741,8,28822,0.977630
36741,9,11328,0.977542
36741,10,28816,0.977496
36742,1,27022,0.965453
36742,2,51587,0.959425
36742,3,27000,0.957468
36742,4,26993,0.957424
36742,5,32560,0.955807
36742,6,26999,0.955599
36742,7,50945,0.954390
36742,8,26992,0.954036
36742,9,27002,0.951657
36742,10,26995,0.947975
36743,1,38329,0.981061
36743,2,36207,0.980409
36743,3,36729,0.979843
36743,4,24944,0.979439
36743,5,24985,0.978360
36743,6,40159,0.978176
36743,7,31118,0.977828
36743,8,31175,0.977708
36743,9,34155,0.977689
36743,10,13266,0.977004
36748,1,41753,0.625313
36748,2,39844,0.610020
36748,3,22628,0.608679
36748,4,32647,0.604316
36748,5,17805,0.602704
36748,6,22586,0.602407
36748,7,25516,0.601371
36748,8,40152,0.600899
36748,9,35882,0.600054
36748,10,4207,0.599089
36754,1,3852,0.654756
36754,2,10685,0.653226
36754,3,3853,0.633641
36754,4,8369,0.629305
36754,5,3902,0.624219
36754,6,37564,0.624126
36754,7,21868,0.621521
36754,8,4217,0.620004
36754,9,4723,0.619496
36754,10,37626,0.617826
36760,1,33911,0.937732
36760,2,32358,0.934121
36760,3,45920,0.932774
36760,4,45921,0.927907
36760,5,40522,0.926314
36760,6,36784,0.925229
36760,7,46552,0.924260
36760,8,30071,0.924018
36760,9,48030,0.923773
36760,10,29466,0.921481
36778,1,30162,0.794644
36778,2,45914,0.740141
36778,3,45178,0.738882
36778,4,46472,0.738774
36778,5,41048,0.735580
36778,6,33869,0.731706
36778,7,46539,0.730072
36778,8,33868,0.726133
36778,9,11131,0.725811
36778,10,39014,0.724857
36797,1,45925,0.988172
36797,2,32354,0.985926
36797,3,51552,0.984923
36797,4,43193,0.981797
36797,5,47965,0.979193
36797,6,45228,0.979109
36797,7,11484,0.979088
36797,8,43204,0.978982
36797,9,32299,0.978875
36797,10,29453,0.978152
36825,1,45733,0.985233
36825,2,40577,0.980731
36825,3,40565,0.979406
36825,4,42552,0.976500
36825,5,31305,0.975424
36825,6,50332,0.974837
36825,7,24591,0.972542
36825,8,45742,0.972352
36825,9,42680,0.971553
36825,10,39451,0.971490
36826,1,19100,0.992477
36826,2,15840,0.990860
36826,3,36830,0.989863
36826,4,36492,0.988964
36826,5,24370,0.987942
36826,6,50323,0.987593
36826,7,27284,0.987350
36826,8,42546,0.987114
36826,9,30850,0.987087
36826,10,42545,0.986874
36836,1,29229,0.964335
36836,2,6852,0.959587
36836,3,10095,0.955857
36836,4,24408,0.955543
36836,5,44763,0.955511
36836,6,43242,0.955276
36836,7,5336,0.955268
36836,8,24256,0.955099
36836,9,44235,0.954999
36836,10,32948,0.954777
36874,1,36873,0.984517
36874,2,10836,0.983413
36874,3,7283,0.982898
36874,4,36561,0.982069
36874,5,36173,0.981770
36874,6,31382,0.981482
36874,7,34347,0.981341
36874,8,11970,0.981242
36874,9,7340,0.981188
36874,10,7281,0.980986
36889,1,28590,0.988926
36889,2,37993,0.984642
36889,3,30154,0.984215
36889,4,30149,0.983786
36889,5,41532,0.983739
36889,6,36890,0.981577
36889,7,25748,0.981532
36889,8,15938,0.981254
36889,9,38386,0.981152
36889,10,14833,0.980825
36897,1,41044,0.973409
36897,2,37495,0.972727
36897,3,33905,0.972562
36897,4,29433,0.969971
36897,5,31860,0.969764
36897,6,32299,0.969691
36897,7,43178,0.969345
36897,8,45925,0.968975
36897,9,36900,0.968930
36897,10,32349,0.968881
36908,1,36910,0.994321
36908,2,42966,0.993415
36908,3,27760,0.993183
36908,4,37867,0.992968
36908,5,50827,0.992965
36908,6,36913,0.992813
36908,7,37871,0.992031
36908,8,42079,0.990759
36908,9,36090,0.990456
36908,10,51843,0.990027
36917,1,42965,0.977823
36917,2,44272,0.975325
36917,3,36918,0.968347
36917,4,27784,0.964992
36917,5,13378,0.962881
36917,6,25088,0.960510
36917,7,37873,0.960326
36917,8,27791,0.959118
36917,9,41263,0.957440
36917,10,39054,0.957250
36926,1,23585,0.950159
36926,2,44171,0.945032
36926,3,36695,0.943770
36926,4,46690,0.942792
36926,5,23576,0.941631
36926,6,44091,0.940961
36926,7,36699,0.940881
36926,8,44164,0.939812
36926,9,44040,0.939783
36926,10,44128,0.939732
36933,1,36715,0.991185
36933,2,27344,0.974666
36933,3,44132,0.974428
36933,4,46702,0.973477
36933,5,43966,0.973275
36933,6,46705,0.973220
36933,7,27338,0.972488
36933,8,23569,0.971501
36933,9,46786,0.970549
36933,10,43969,0.970174
36935,1,23592,0.965369
36935,2,44036,0.964768
36935,3,44140,0.964649
36935,4,46775,0.964003
36935,5,46690,0.963604
36935,6,46933,0.963252
36935,7,46930,0.963187
36935,8,44138,0.963067
36935,9,44100,0.962883
36935,10,43988,0.961863
36937,1,36936,0.880509
36937,2,46779,0.850051
36937,3,44158,0.844182
36937,4,44008,0.844107
36937,5,44143,0.842868
36937,6,23536,0.841690
36937,7,46781,0.840815
36937,8,18467,0.839566
36937,9,43132,0.838373
36937,10,44144,0.836884
36942,1,45896,0.950007
36942,2,29411,0.938390
36942,3,22941,0.935179
36942,4,29746,0.928273
36942,5,37474,0.926636
36942,6,37497,0.926058
36942,7,29413,0.920548
36942,8,11004,0.920070
36942,9,31851,0.919311
36942,10,28577,0.919304
36945,1,35934,0.971590
36945,2,43362,0.967274
36945,3,8299,0.959953
36945,4,10039,0.957010
36945,5,13215,0.955289
36945,6,13896,0.954887
36945,7,6961,0.954292
36945,8,7724,0.953572
36945,9,1542,0.952213
36945,10,42042,0.952185
36952,1,31207,0.988821
36952,2,24629,0.983972
36952,3,42028,0.982176
36952,4,33837,0.979255
36952,5,38656,0.978364
36952,6,26604,0.977526
36952,7,4637,0.977393
36952,8,22710,0.977368
36952,9,29258,0.977278
36952,10,32190,0.977172
36974,1,33445,0.987396
36974,2,42871,0.982210
36974,3,48352,0.970145
36974,4,31915,0.967915
36974,5,47428,0.965858
36974,6,36680,0.963377
36974,7,33367,0.961237
36974,8,47315,0.960033
36974,9,25114,0.959395
36974,10,36988,0.959069
36976,1,36975,0.991991
36976,2,31915,0.985531
36976,3,42892,0.980879
36976,4,33367,0.979836
36976,5,36988,0.979165
36976,6,36680,0.979130
36976,7,48348,0.978418
36976,8,33440,0.976988
36976,9,36987,0.976092
36976,10,47304,0.972860
36990,1,36987,0.969706
36990,2,33362,0.969546
36990,3,47304,0.966545
36990,4,36989,0.963056
36990,5,31915,0.961743
36990,6,36680,0.959856
36990,7,25114,0.959773
36990,8,36988,0.958798
36990,9,42892,0.957775
36990,10,36975,0.957603
36994,1,25181,0.983906
36994,2,25185,0.979843
36994,3,21964,0.979182
36994,4,10199,0.978514
36994,5,27679,0.978455
36994,6,25248,0.978303
36994,7,25278,0.977768
36994,8,37858,0.977568
36994,9,10205,0.976923
36994,10,21963,0.976876
37048,1,37047,0.989697
37048,2,33476,0.989434
37048,3,33460,0.985089
37048,4,33473,0.978788
37048,5,33485,0.977170
37048,6,17074,0.976357
37048,7,33469,0.970688
37048,8,20408,0.970395
37048,9,20542,0.970340
37048,10,37049,0.969086
37050,1,37054,0.935180
37050,2,33728,0.934479
37050,3,37706,0.933676
37050,4,20401,0.933306
37050,5,33729,0.932011
37050,6,37056,0.931283
37050,7,37055,0.931190
37050,8,33485,0.930146
37050,9,33458,0.929807
37050,10,20408,0.929679
37053,1,17074,0.980548
37053,2,25100,0.980345
37053,3,21008,0.980332
37053,4,20067,0.979350
37053,5,20408,0.978694
37053,6,33729,0.978120
37053,7,25103,0.977912
37053,8,20552,0.977570
37053,9,37056,0.977052
37053,10,42908,0.976956
37058,1,37061,0.976499
37058,2,42901,0.975564
37058,3,37057,0.972651
37058,4,18009,0.971796
37058,5,37059,0.970894
37058,6,37060,0.968733
37058,7,17075,0.968529
37058,8,42900,0.967401
37058,9,20576,0.967223
37058,10,18023,0.967149
37062,1,37060,0.986180
37062,2,37059,0.985228
37062,3,18013,0.978970
37062,4,24779,0.978693
37062,5,33478,0.978293
37062,6,48118,0.977679
37062,7,25108,0.977441
37062,8,37061,0.976143
37062,9,38487,0.975431
37062,10,37066,0.975067
37076,1,37088,0.985925
37076,2,37081,0.983912
37076,3,20611,0.974837
37076,4,37073,0.974052
37076,5,21496,0.972654
37076,6,21952,0.972331
37076,7,37069,0.972273
37076,8,37079,0.970968
37076,9,33634,0.969642
37076,10,10230,0.969326
37078,1,37074,0.963372
37078,2,37069,0.958711
37078,3,37071,0.957159
37078,4,37075,0.954856
37078,5,37088,0.952524
37078,6,37073,0.951474
37078,7,10231,0.947566
37078,8,25171,0.947320
37078,9,49568,0.945658
37078,10,25187,0.945107
37089,1,37088,0.996852
37089,2,37081,0.985803
37089,3,25294,0.982265
37089,4,20854,0.982026
37089,5,37071,0.980313
37089,6,10230,0.977571
37089,7,33633,0.977247
37089,8,37090,0.976475
37089,9,25284,0.976350
37089,10,21553,0.976143
37117,1,22403,0.986400
37117,2,11250,0.984682
37117,3,22395,0.984487
37117,4,22398,0.984092
37117,5,9260,0.983803
37117,6,16343,0.983786
37117,7,29608,0.983604
37117,8,22406,0.983351
37117,9,29653,0.982917
37117,10,26090,0.982592
37173,1,39321,0.928844
37173,2,40147,0.927259
37173,3,47153,0.920441
37173,4,38506,0.919986
37173,5,40995,0.918937
37173,6,40146,0.917850
37173,7,38900,0.913507
37173,8,40145,0.909520
37173,9,46835,0.908731
37173,10,13341,0.907874
37195,1,47677,0.978776
37195,2,27901,0.971871
37195,3,41161,0.971345
37195,4,51610,0.968843
37195,5,27900,0.966880
37195,6,27909,0.966597
37195,7,41163,0.966514
37195,8,27919,0.966299
37195,9,27929,0.965469
37195,10,39765,0.964721
37210,1,19712,0.982157
37210,2,13518,0.981874
37210,3,12669,0.980701
37210,4,14660,0.980422
37210,5,12656,0.980389
37210,6,12326,0.979565
37210,7,12660,0.979539
37210,8,33062,0.979531
37210,9,16543,0.979347
37210,10,25540,0.979268
37227,1,5228,0.950331
37227,2,24832,0.948171
37227,3,25879,0.947165
37227,4,25886,0.946339
37227,5,25874,0.945750
37227,6,22671,0.945747
37227,7,25885,0.945668
37227,8,37671,0.944251
37227,9,19908,0.944248
37227,10,37688,0.944106
37230,1,38403,0.963766
37230,2,48118,0.962085
37230,3,37066,0.959096
37230,4,33478,0.957809
37230,5,38487,0.956646
37230,6,33477,0.953506
37230,7,38409,0.951566
37230,8,18015,0.951310
37230,9,20546,0.951207
37230,10,18014,0.950140
37246,1,37243,0.984187
37246,2,37242,0.984138
37246,3,25857,0.982028
37246,4,31332,0.981124
37246,5,7390,0.978724
37246,6,39300,0.978278
37246,7,12856,0.976038
37246,8,7331,0.975643
37246,9,35682,0.975268
37246,10,10154,0.975177
37283,1,19006,0.951794
37283,2,27350,0.949968
37283,3,21445,0.947864
37283,4,3536,0.947135
37283,5,27354,0.946391
37283,6,3441,0.946098
37283,7,17851,0.945558
37283,8,16824,0.944793
37283,9,9818,0.944637
37283,10,9822,0.943885
37295,1,29921,0.984506
37295,2,51660,0.980906
37295,3,45906,0.979565
37295,4,17436,0.977495
37295,5,48033,0.977182
37295,6,45151,0.977064
37295,7,48016,0.977032
37295,8,46565,0.976617
37295,9,25652,0.976416
37295,10,37290,0.976371
37300,1,46439,0.927874
37300,2,40522,0.918393
37300,3,45877,0.917230
37300,4,33886,0.912380
37300,5,46485,0.909735
37300,6,32358,0.908798
37300,7,45116,0.907910
37300,8,31815,0.907895
37300,9,45042,0.907616
37300,10,45920,0.907556
37307,1,21672,0.929065
37307,2,25649,0.924762
37307,3,51561,0.922363
37307,4,45248,0.921778
37307,5,21680,0.919479
37307,6,10327,0.918352
37307,7,43184,0.917846
37307,8,46534,0.916595
37307,9,45269,0.916318
37307,10,45249,0.915959
37332,1,29496,0.985701
37332,2,29499,0.983411
37332,3,21689,0.982233
37332,4,45297,0.981770
37332,5,37326,0.981707
37332,6,29493,0.981491
37332,7,5079,0.981403
37332,8,37329,0.981020
37332,9,38027,0.980634
37332,10,37333,0.980273
37344,1,15045,0.924686
37344,2,3341,0.908049
37344,3,37343,0.904151
37344,4,37345,0.890470
37344,5,4861,0.889594
37344,6,3324,0.884604
37344,7,3329,0.879276
37344,8,3319,0.878053
37344,9,3733,0.874347
37344,10,30589,0.873135
37407,1,27747,0.975140
37407,2,20491,0.973003
37407,3,29738,0.972997
37407,4,27746,0.972975
37407,5,25241,0.969831
37407,6,20604,0.969654
37407,7,21543,0.969530
37407,8,22002,0.969524
37407,9,14884,0.969498
37407,10,20490,0.969421
37409,1,37410,0.988805
37409,2,34892,0.952118
37409,3,25168,0.951749
37409,4,25173,0.950981
37409,5,14812,0.950737
37409,6,43570,0.950566
37409,7,33404,0.948902
37409,8,46977,0.947784
37409,9,51955,0.946675
37409,10,34760,0.946554
37418,1,51905,0.971950
37418,2,25159,0.968772
37418,3,48187,0.967314
37418,4,34759,0.965845
37418,5,33737,0.962965
37418,6,25230,0.962733
37418,7,51906,0.961664
37418,8,36665,0.961530
37418,9,47129,0.960908
37418,10,42841,0.959666
37429,1,27738,0.981577
37429,2,25212,0.979516
37429,3,34559,0.978975
37429,4,14796,0.976659
37429,5,25251,0.976305
37429,6,37415,0.976189
37429,7,15436,0.976132
37429,8,22015,0.975700
37429,9,27733,0.975378
37429,10,21947,0.975358
37431,1,25164,0.981074
37431,2,27691,0.980083
37431,3,21956,0.979797
37431,4,29068,0.979067
37431,5,38424,0.978715
37431,6,20509,0.978621
37431,7,10203,0.975529
37431,8,14880,0.975322
37431,9,36992,0.975308
37431,10,21538,0.975106
37463,1,38358,0.987684
37463,2,38364,0.987597
37463,3,50819,0.987166
37463,4,41274,0.987034
37463,5,41261,0.984687
37463,6,47156,0.982538
37463,7,38366,0.982511
37463,8,47155,0.982201
37463,9,27758,0.979175
37463,10,41272,0.979165
37494,1,10997,0.981284
37494,2,11191,0.980289
37494,3,11485,0.980011
37494,4,45931,0.979759
37494,5,11202,0.979393
37494,6,32320,0.978936
37494,7,10587,0.978812
37494,8,32282,0.978781
37494,9,45930,0.978583
37494,10,29440,0.978143
37521,1,41234,0.903641
37521,2,36211,0.900883
37521,3,31113,0.900348
37521,4,36202,0.894527
37521,5,13343,0.892320
37521,6,35435,0.891976
37521,7,31448,0.889796
37521,8,5412,0.888233
37521,9,29176,0.886826
37521,10,40125,0.884369
37538,1,37512,0.959661
37538,2,37537,0.957049
37538,3,37513,0.956037
37538,4,37511,0.953954
37538,5,37539,0.951986
37538,6,37550,0.623997
37538,7,37574,0.552097
37538,8,37575,0.530272
37538,9,37576,0.525848
37538,10,37551,0.516542
37540,1,37517,0.895815
37540,2,37518,0.890973
37540,3,37542,0.884232
37540,4,37541,0.881321
37540,5,37519,0.877306
37540,6,37578,0.660105
37540,7,37579,0.658284
37540,8,37577,0.657559
37540,9,37557,0.652850
37540,10,37555,0.652362
37545,1,37587,0.926959
37545,2,37565,0.896944
37545,3,37600,0.891947
37545,4,37544,0.872640
37545,5,31156,0.871434
37545,6,40139,0.870556
37545,7,35460,0.867693
37545,8,13220,0.866505
37545,9,34099,0.865256
37545,10,48259,0.862135
37560,1,37558,0.971572
37560,2,38766,0.947807
37560,3,16806,0.939475
37560,4,38502,0.935753
37560,5,36217,0.934269
37560,6,34693,0.932215
37560,7,36216,0.931611
37560,8,37581,0.931185
37560,9,16803,0.930032
37560,10,24993,0.927245
37561,1,37583,0.779192
37561,2,37563,0.753420
37561,3,4914,0.736547
37561,4,10675,0.717340
37561,5,4896,0.714076
37561,6,17617,0.703070
37561,7,13335,0.701419
37561,8,4919,0.694204
37561,9,4920,0.693009
37561,10,4905,0.671831
37568,1,37588,0.946756
37568,2,5418,0.944647
37568,3,3892,0.939529
37568,4,37566,0.936939
37568,5,8367,0.934979
37568,6,33256,0.934186
37568,7,5428,0.933683
37568,8,3851,0.932630
37568,9,8359,0.931873
37568,10,8420,0.930821
37569,1,37564,0.903301
37569,2,37567,0.886962
37569,3,41301,0.884689
37569,4,37628,0.873432
37569,5,17808,0.873307
37569,6,8360,0.873107
37569,7,13232,0.868977
37569,8,8371,0.868824
37569,9,37586,0.866238
37569,10,3893,0.866168
37580,1,37581,0.900855
37580,2,34693,0.893060
37580,3,16806,0.883360
37580,4,37558,0.881417
37580,5,16803,0.880271
37580,6,36216,0.880266
37580,7,34118,0.879357
37580,8,33267,0.878865
37580,9,36217,0.877379
37580,10,38502,0.876648
37610,1,13335,0.893552
37610,2,50719,0.888097
37610,3,24946,0.883870
37610,4,38326,0.874661
37610,5,38286,0.872498
37610,6,23624,0.872493
37610,7,41757,0.871474
37610,8,38332,0.871374
37610,9,41756,0.871020
37610,10,38334,0.870206
37622,1,37600,0.971428
37622,2,31156,0.960431
37622,3,31157,0.957688
37622,4,48259,0.957026
37622,5,8321,0.956027
37622,6,37624,0.950235
37622,7,48243,0.949802
37622,8,48256,0.948085
37622,9,31143,0.947709
37622,10,36720,0.947474
37632,1,37633,0.988023
37632,2,37603,0.974346
37632,3,8417,0.973814
37632,4,37602,0.972153
37632,5,8372,0.969944
37632,6,8384,0.969884
37632,7,9927,0.969141
37632,8,4217,0.968665
37632,9,4723,0.968623
37632,10,8418,0.968091
37639,1,37638,0.964775
37639,2,17359,0.942962
37639,3,25078,0.940208
37639,4,23106,0.938555
37639,5,23104,0.937756
37639,6,17371,0.937399
37639,7,17374,0.937098
37639,8,17367,0.936068
37639,9,25055,0.935899
37639,10,17375,0.935092
37674,1,21263,0.977256
37674,2,9443,0.975696
37674,3,7118,0.973542
37674,4,25866,0.972728
37674,5,4609,0.972641
37674,6,7093,0.972216
37674,7,20939,0.971526
37674,8,29318,0.971264
37674,9,20935,0.970984
37674,10,21259,0.970536
37682,1,25878,0.972173
37682,2,22671,0.971979
37682,3,13698,0.969981
37682,4,20935,0.969696
37682,5,38741,0.969657
37682,6,9484,0.969617
37682,7,37680,0.969131
37682,8,17293,0.969016
37682,9,9441,0.968855
37682,10,21259,0.968724
37696,1,37700,0.986679
37696,2,35193,0.985197
37696,3,35216,0.983767
37696,4,22969,0.983484
37696,5,22663,0.983339
37696,6,7088,0.982410
37696,7,35179,0.982187
37696,8,35198,0.982122
37696,9,38744,0.981995
37696,10,37672,0.981899
37712,1,10865,0.954634
37712,2,32421,0.954369
37712,3,12625,0.950904
37712,4,11773,0.950801
37712,5,7296,0.949703
37712,6,12635,0.945075
37712,7,10454,0.943635
37712,8,3016,0.943133
37712,9,2996,0.941349
37712,10,39499,0.941176
37744,1,37753,0.993626
37744,2,37743,0.992722
37744,3,37787,0.991636
37744,4,20150,0.991297
37744,5,16530,0.991261
37744,6,37722,0.991239
37744,7,9593,0.991148
37744,8,37740,0.990946
37744,9,8774,0.990128
37744,10,37723,0.989975
37768,1,37785,0.971758
37768,2,37780,0.971299
37768,3,31048,0.966298
37768,4,37770,0.965240
37768,5,37778,0.964188
37768,6,37782,0.963983
37768,7,8719,0.963939
37768,8,37738,0.963727
37768,9,37139,0.963696
37768,10,37787,0.963596
37779,1,37738,0.978036
37779,2,37784,0.977728
37779,3,31048,0.977426
37779,4,37777,0.976800
37779,5,31039,0.976078
37779,6,37778,0.974557
37779,7,37139,0.974443
37779,8,37775,0.974240
37779,9,8719,0.974041
37779,10,37785,0.973295
37786,1,37724,0.982458
37786,2,10430,0.981827
37786,3,37741,0.979107
37786,4,29278,0.978924
37786,5,37729,0.978095
37786,6,25533,0.976786
37786,7,13414,0.976356
37786,8,37139,0.976331
37786,9,8737,0.975938
37786,10,8735,0.975872
37796,1,20187,0.984329
37796,2,41591,0.983852
37796,3,37741,0.983464
37796,4,37131,0.982877
37796,5,19846,0.982527
37796,6,25533,0.982068
37796,7,41586,0.981976
37796,8,17182,0.981905
37796,9,37722,0.981848
37796,10,17188,0.981757
37804,1,27554,0.974611
37804,2,14747,0.974557
37804,3,8781,0.973882
37804,4,37794,0.973660
37804,5,20318,0.973635
37804,6,17183,0.972599
37804,7,29616,0.972240
37804,8,37751,0.971984
37804,9,31640,0.971786
37804,10,37753,0.971321
37809,1,27554,0.990346
37809,2,37790,0.990027
37809,3,31640,0.989321
37809,4,37808,0.988855
37809,5,29371,0.988731
37809,6,12326,0.987775
37809,7,22377,0.987673
37809,8,14747,0.987096
37809,9,11143,0.986627
37809,10,33239,0.986371
37877,1,37891,0.760456
37877,2,37888,0.751885
37877,3,20829,0.737612
37877,4,15706,0.736002
37877,5,40015,0.732875
37877,6,37885,0.731929
37877,7,29118,0.731004
37877,8,30545,0.727013
37877,9,37882,0.726946
37877,10,17583,0.726634
37905,1,44124,0.923098
37905,2,44093,0.917817
37905,3,46301,0.914756
37905,4,43978,0.908871
37905,5,26210,0.904086
37905,6,44125,0.899551
37905,7,43109,0.898905
37905,8,23531,0.897203
37905,9,26213,0.897128
37905,10,46680,0.895600
37909,1,37906,0.987132
37909,2,37910,0.963410
37909,3,37908,0.945139
37909,4,37907,0.934248
37909,5,44070,0.924389
37909,6,25995,0.920089
37909,7,46700,0.915328
37909,8,23606,0.893876
37909,9,44128,0.893565
37909,10,44093,0.890998
37913,1,43621,0.942884
37913,2,19618,0.942431
37913,3,7146,0.936436
37913,4,9332,0.936416
37913,5,11369,0.933689
37913,6,43662,0.933049
37913,7,2591,0.932092
37913,8,25969,0.931629
37913,9,41400,0.930288
37913,10,44679,0.928690
37926,1,43616,0.838821
37926,2,45949,0.834002
37926,3,11016,0.833058
37926,4,37934,0.832598
37926,5,43650,0.831007
37926,6,11130,0.829614
37926,7,6950,0.825721
37926,8,37925,0.823576
37926,9,41376,0.820613
37926,10,11012,0.819481
37930,1,25931,0.877587
37930,2,34494,0.856227
37930,3,28455,0.844098
37930,4,26364,0.838993
37930,5,39731,0.836544
37930,6,47657,0.835763
37930,7,18712,0.834588
37930,8,32250,0.831348
37930,9,34492,0.831139
37930,10,18713,0.829788
37941,1,42199,0.910265
37941,2,33181,0.909873
37941,3,37935,0.907591
37941,4,42233,0.901862
37941,5,42244,0.899921
37941,6,48492,0.898982
37941,7,37925,0.894130
37941,8,33029,0.892956
37941,9,6888,0.891194
37941,10,45949,0.887293
37966,1,37961,0.956585
37966,2,39197,0.938185
37966,3,20900,0.933664
37966,4,45337,0.933424
37966,5,17677,0.932524
37966,6,35813,0.932319
37966,7,35809,0.931887
37966,8,45356,0.931808
37966,9,14462,0.931349
37966,10,17661,0.931045
37970,1,18557,0.882447
37970,2,14444,0.876752
37970,3,50177,0.870979
37970,4,34458,0.869285
37970,5,33518,0.865823
37970,6,34072,0.859146
37970,7,20733,0.859035
37970,8,17670,0.853105
37970,9,43932,0.852824
37970,10,15490,0.848859
37971,1,49583,0.966294
37971,2,21388,0.963358
37971,3,50155,0.963272
37971,4,22499,0.961635
37971,5,37969,0.961064
37971,6,20752,0.960819
37971,7,49617,0.959323
37971,8,41721,0.958920
37971,9,45357,0.958695
37971,10,36616,0.958390
37981,1,41495,0.973708
37981,2,32455,0.973622
37981,3,42173,0.971864
37981,4,10410,0.971750
37981,5,16899,0.971616
37981,6,26283,0.971302
37981,7,7479,0.971004
37981,8,16493,0.970951
37981,9,31386,0.970680
37981,10,14078,0.970413
38006,1,36791,0.884445
38006,2,32375,0.881733
38006,3,43185,0.878569
38006,4,45041,0.877748
38006,5,25605,0.877393
38006,6,39014,0.874657
38006,7,45221,0.873975
38006,8,32324,0.873243
38006,9,32334,0.873082
38006,10,48035,0.872355
38015,1,38014,0.969984
38015,2,38013,0.967963
38015,3,38016,0.961537
38015,4,38008,0.960348
38015,5,39021,0.958005
38015,6,48035,0.957357
38015,7,46554,0.956381
38015,8,30179,0.956090
38015,9,38007,0.954587
38015,10,46563,0.952561
38019,1,38018,0.777494
38019,2,5073,0.765853
38019,3,29500,0.764731
38019,4,38027,0.763793
38019,5,46513,0.758895
38019,6,38017,0.757818
38019,7,38029,0.754005
38019,8,36787,0.753715
38019,9,32308,0.753390
38019,10,37329,0.752347
38032,1,36789,0.966161
38032,2,32320,0.964434
38032,3,33891,0.964381
38032,4,32309,0.961767
38032,5,43203,0.961409
38032,6,43187,0.961206
38032,7,29422,0.959791
38032,8,46493,0.958675
38032,9,38039,0.958514
38032,10,46545,0.958049
38033,1,45257,0.979389
38033,2,44981,0.977397
38033,3,45016,0.977005
38033,4,45015,0.976921
38033,5,32320,0.976370
38033,6,46529,0.975635
38033,7,45036,0.974161
38033,8,43178,0.974160
38033,9,32293,0.974156
38033,10,37509,0.974143
38034,1,45257,0.973213
38034,2,44981,0.971550
38034,3,45016,0.970935
38034,4,45015,0.970636
38034,5,37509,0.970291
38034,6,46529,0.970006
38034,7,45036,0.969602
38034,8,30013,0.968819
38034,9,32320,0.968775
38034,10,33905,0.968721
38051,1,38052,0.991037
38051,2,37485,0.896692
38051,3,16782,0.887987
38051,4,49866,0.874369
38051,5,25647,0.873660
38051,6,16778,0.872684
38051,7,49865,0.868986
38051,8,13840,0.867686
38051,9,21709,0.865904
38051,10,37484,0.865477
38129,1,19313,0.973704
38129,2,37700,0.973555
38129,3,43147,0.973262
38129,4,34461,0.971928
38129,5,35198,0.971710
38129,6,8512,0.971133
38129,7,19411,0.970657
38129,8,35199,0.970331
38129,9,35203,0.970200
38129,10,4607,0.970149
38143,1,20927,0.855156
38143,2,22655,0.847152
38143,3,36054,0.844677
38143,4,9586,0.837802
38143,5,6561,0.836362
38143,6,9587,0.825449
38143,7,4614,0.825139
38143,8,36053,0.824532
38143,9,9914,0.824242
38143,10,22660,0.823867
38144,1,42084,0.952182
38144,2,37847,0.951196
38144,3,14968,0.917564
38144,4,25740,0.910525
38144,5,14866,0.906468
38144,6,12412,0.900222
38144,7,14962,0.888952
38144,8,42080,0.888196
38144,9,21821,0.886754
38144,10,27797,0.885661
38149,1,33761,0.824647
38149,2,32470,0.816663
38149,3,24592,0.815241
38149,4,3976,0.812117
38149,5,46276,0.810436
38149,6,11657,0.808608
38149,7,6032,0.808537
38149,8,30143,0.808190
38149,9,41408,0.804611
38149,10,35984,0.803500
38166,1,38162,0.989853
38166,2,23737,0.989387
38166,3,16093,0.987928
38166,4,16882,0.987825
38166,5,38169,0.987317
38166,6,8642,0.987096
38166,7,17315,0.986922
38166,8,29897,0.986775
38166,9,29132,0.986700
38166,10,16102,0.986145
38173,1,51697,0.990557
38173,2,16093,0.988767
38173,3,38169,0.988517
38173,4,29096,0.988231
38173,5,29887,0.987418
38173,6,28392,0.986479
38173,7,16094,0.986347
38173,8,38174,0.985543
38173,9,8686,0.985211
38173,10,16107,0.984863
38178,1,16108,0.964709
38178,2,16109,0.956347
38178,3,17206,0.953642
38178,4,17208,0.953510
38178,5,17320,0.952297
38178,6,16110,0.951996
38178,7,17314,0.951161
38178,8,28370,0.949965
38178,9,16953,0.949382
38178,10,16951,0.948142
38179,1,48208,0.938560
38179,2,16109,0.920091
38179,3,16108,0.918338
38179,4,30669,0.915329
38179,5,16948,0.914767
38179,6,21355,0.910952
38179,7,16855,0.910063
38179,8,21279,0.909397
38179,9,48224,0.907993
38179,10,48211,0.907744
38183,1,38172,0.994802
38183,2,38186,0.994303
38183,3,38225,0.993800
38183,4,17330,0.993699
38183,5,38170,0.993681
38183,6,16938,0.993571
38183,7,16870,0.993566
38183,8,16083,0.993517
38183,9,16856,0.993409
38183,10,16940,0.992963
38198,1,29091,0.979376
38198,2,30661,0.977714
38198,3,16891,0.975580
38198,4,17323,0.972481
38198,5,30680,0.971938
38198,6,28412,0.971673
38198,7,38214,0.971582
38198,8,17310,0.971362
38198,9,38189,0.970974
38198,10,21325,0.970776
38199,1,29091,0.980423
38199,2,28412,0.974135
38199,3,16891,0.971750
38199,4,30661,0.969791
38199,5,41518,0.968672
38199,6,29862,0.966942
38199,7,51680,0.966814
38199,8,38214,0.966592
38199,9,29880,0.966163
38199,10,30680,0.964498
38204,1,16867,0.970933
38204,2,28301,0.969330
38204,3,16854,0.967562
38204,4,38212,0.965212
38204,5,38202,0.964928
38204,6,39996,0.963333
38204,7,21347,0.960312
38204,8,39997,0.960010
38204,9,16088,0.958693
38204,10,40001,0.958673
38211,1,38212,0.961499
38211,2,28307,0.960047
38211,3,16088,0.959703
38211,4,29967,0.959550
38211,5,29864,0.959472
38211,6,21331,0.959391
38211,7,21348,0.959187
38211,8,38203,0.959129
38211,9,28198,0.958945
38211,10,23721,0.958205
38233,1,23776,0.980292
38233,2,38238,0.978672
38233,3,30681,0.978281
38233,4,29970,0.977971
38233,5,30556,0.976022
38233,6,23749,0.975050
38233,7,23747,0.974364
38233,8,16949,0.974015
38233,9,23780,0.973513
38233,10,28289,0.972854
38283,1,41750,0.989473
38283,2,10691,0.987713
38283,3,35883,0.987711
38283,4,37620,0.986882
38283,5,8357,0.984748
38283,6,36723,0.984471
38283,7,38246,0.984036
38283,8,35884,0.983869
38283,9,38346,0.983761
38283,10,4209,0.983064
38285,1,36728,0.978236
38285,2,31176,0.968169
38285,3,38328,0.968124
38285,4,38289,0.965492
38285,5,38286,0.964401
38285,6,40972,0.962602
38285,7,38333,0.957621
38285,8,34108,0.957506
38285,9,41973,0.956888
38285,10,38288,0.955894
38291,1,38365,0.994003
38291,2,36128,0.991918
38291,3,42073,0.990719
38291,4,36542,0.990703
38291,5,27767,0.990027
38291,6,36119,0.989769
38291,7,38363,0.989254
38291,8,38359,0.989120
38291,9,41269,0.988310
38291,10,41258,0.988051
38304,1,41277,0.996127
38304,2,41276,0.996108
38304,3,36118,0.996022
38304,4,41275,0.994916
38304,5,38363,0.994622
38304,6,42078,0.994588
38304,7,42073,0.994292
38304,8,41271,0.993103
38304,9,36097,0.992978
38304,10,38359,0.992972
38305,1,42082,0.981387
38305,2,37866,0.979050
38305,3,42072,0.975403
38305,4,36923,0.974590
38305,5,38145,0.974207
38305,6,39491,0.969241
38305,7,36925,0.966653
38305,8,37989,0.965702
38305,9,18816,0.965004
38305,10,37990,0.963537
38310,1,17335,0.989794
38310,2,28163,0.986034
38310,3,17206,0.983554
38310,4,28371,0.983039
38310,5,16884,0.981881
38310,6,49673,0.981467
38310,7,17207,0.981383
38310,8,28157,0.980812
38310,9,28335,0.980738
38310,10,16885,0.980105
38317,1,33735,0.880648
38317,2,34561,0.837990
38317,3,47412,0.787280
38317,4,51944,0.779168
38317,5,25307,0.777070
38317,6,20592,0.774334
38317,7,47300,0.773479
38317,8,47422,0.771152
38317,9,27796,0.770564
38317,10,41274,0.769070
38336,1,13335,0.969570
38336,2,38332,0.951614
38336,3,38326,0.944213
38336,4,31120,0.941338
38336,5,41310,0.940720
38336,6,38286,0.940371
38336,7,38327,0.940155
38336,8,41973,0.932701
38336,9,24941,0.931965
38336,10,38328,0.929875
38340,1,17617,0.827957
38340,2,41744,0.826350
38340,3,38331,0.825673
38340,4,40972,0.823346
38340,5,37529,0.821590
38340,6,33152,0.818317
38340,7,33153,0.817474
38340,8,41310,0.817261
38340,9,31174,0.815318
38340,10,31175,0.815026
38362,1,42073,0.996613
38362,2,42078,0.996568
38362,3,41271,0.995983
38362,4,38296,0.995620
38362,5,38366,0.995133
38362,6,41277,0.995094
38362,7,38363,0.995027
38362,8,36097,0.994578
38362,9,38361,0.994492
38362,10,38359,0.994389
38372,1,38370,0.997634
38372,2,38377,0.997293
38372,3,38375,0.996381
38372,4,38381,0.996206
38372,5,38373,0.995275
38372,6,38379,0.995149
38372,7,47162,0.994855
38372,8,38376,0.994642
38372,9,38380,0.994062
38372,10,47159,0.993970
38382,1,38379,0.989297
38382,2,38369,0.989282
38382,3,38375,0.989004
38382,4,18837,0.988295
38382,5,14979,0.988189
38382,6,17777,0.987913
38382,7,27827,0.987753
38382,8,24866,0.987730
38382,9,41022,0.987284
38382,10,38378,0.987230
38408,1,36015,0.982694
38408,2,38419,0.982342
38408,3,41246,0.979307
38408,4,37440,0.978752
38408,5,14833,0.978168
38408,6,17774,0.978128
38408,7,36018,0.977977
38408,8,36024,0.977923
38408,9,41536,0.977622
38408,10,36892,0.977535
38420,1,38421,0.985192
38420,2,17071,0.983584
38420,3,38412,0.979564
38420,4,42912,0.976403
38420,5,20547,0.976071
38420,6,48126,0.974021
38420,7,20067,0.973266
38420,8,36526,0.973194
38420,9,25100,0.972265
38420,10,20552,0.971666
38454,1,20459,0.877894
38454,2,21995,0.876164
38454,3,27685,0.875001
38454,4,36674,0.874559
38454,5,21971,0.872798
38454,6,8313,0.870473
38454,7,10202,0.869448
38454,8,46976,0.869250
38454,9,20601,0.867060
38454,10,44250,0.865970
38460,1,47407,0.858776
38460,2,51887,0.843480
38460,3,18047,0.838327
38460,4,47413,0.837830
38460,5,51886,0.837428
38460,6,48173,0.835473
38460,7,38432,0.834494
38460,8,38438,0.831741
38460,9,33395,0.826648
38460,10,44257,0.825954
38477,1,38476,0.874406
38477,2,7087,0.865804
38477,3,33388,0.863333
38477,4,48177,0.852019
38477,5,20483,0.851340
38477,6,48166,0.850837
38477,7,47405,0.847506
38477,8,20503,0.844523
38477,9,25304,0.842788
38477,10,14852,0.841966
38482,1,38481,0.956729
38482,2,40144,0.941956
38482,3,36751,0.941352
38482,4,34109,0.932933
38482,5,43575,0.929001
38482,6,41744,0.926750
38482,7,5414,0.925976
38482,8,18172,0.925859
38482,9,34094,0.925606
38482,10,31174,0.925598
38486,1,48549,0.961924
38486,2,20408,0.959507
38486,3,48121,0.953910
38486,4,21001,0.953179
38486,5,38417,0.952285
38486,6,20630,0.950849
38486,7,38412,0.950722
38486,8,37056,0.950237
38486,9,20401,0.949720
38486,10,37055,0.949591
38500,1,33148,0.956463
38500,2,39011,0.952269
38500,3,17621,0.952119
38500,4,31180,0.944529
38500,5,17619,0.943636
38500,6,33274,0.942002
38500,7,36218,0.941959
38500,8,33149,0.941251
38500,9,33273,0.935037
38500,10,17618,0.926378
38544,1,4023,0.948872
38544,2,40791,0.948589
38544,3,26691,0.948246
38544,4,14565,0.942341
38544,5,44659,0.942248
38544,6,6678,0.935551
38544,7,39989,0.934735
38544,8,3246,0.932701
38544,9,7802,0.932416
38544,10,2503,0.930220
38552,1,5638,0.929165
38552,2,16735,0.923527
38552,3,23097,0.920698
38552,4,6411,0.920650
38552,5,13975,0.920316
38552,6,6418,0.919200
38552,7,5635,0.916198
38552,8,35667,0.915924
38552,9,33638,0.915123
38552,10,12980,0.914222
38623,1,22618,0.962453
38623,2,3732,0.959273
38623,3,38621,0.953566
38623,4,38622,0.951493
38623,5,31604,0.947782
38623,6,30589,0.947509
38623,7,22582,0.946934
38623,8,1163,0.944882
38623,9,3318,0.942702
38623,10,3042,0.941305
38633,1,28569,0.987173
38633,2,38603,0.980154
38633,3,38632,0.980105
38633,4,28565,0.976772
38633,5,38617,0.975872
38633,6,28524,0.973381
38633,7,15634,0.973302
38633,8,3617,0.971847
38633,9,44626,0.971784
38633,10,31181,0.971681
38642,1,38558,0.985170
38642,2,17922,0.975246
38642,3,22601,0.965501
38642,4,30648,0.961524
38642,5,38621,0.960232
38642,6,38641,0.955720
38642,7,30585,0.955340
38642,8,31455,0.955113
38642,9,6528,0.954959
38642,10,32629,0.954834
38643,1,28534,0.990436
38643,2,17918,0.988285
38643,3,44225,0.985656
38643,4,30586,0.985129
38643,5,44221,0.983872
38643,6,7561,0.983761
38643,7,31460,0.982512
38643,8,43055,0.982288
38643,9,28568,0.982219
38643,10,31466,0.982113
38648,1,25447,0.965421
38648,2,42128,0.962437
38648,3,22703,0.960696
38648,4,5925,0.952259
38648,5,47244,0.952026
38648,6,14576,0.951913
38648,7,12685,0.950194
38648,8,49499,0.948841
38648,9,14571,0.945760
38648,10,15734,0.944119
38652,1,3574,0.920905
38652,2,15262,0.920720
38652,3,15257,0.920267
38652,4,6373,0.919302
38652,5,14281,0.913921
38652,6,15715,0.912203
38652,7,9386,0.910935
38652,8,5915,0.909836
38652,9,42035,0.909647
38652,10,7717,0.909482
38678,1,33622,0.966911
38678,2,42923,0.952850
38678,3,42046,0.947640
38678,4,47315,0.944163
38678,5,51880,0.942364
38678,6,33624,0.939812
38678,7,36510,0.935259
38678,8,33608,0.924710
38678,9,42928,0.924118
38678,10,47427,0.919450
38680,1,38467,0.973876
38680,2,51895,0.970827
38680,3,45274,0.968094
38680,4,47427,0.967480
38680,5,42919,0.967479
38680,6,51888,0.966581
38680,7,38468,0.964912
38680,8,48155,0.964867
38680,9,33408,0.963157
38680,10,48161,0.962226
38681,1,38468,0.972680
38681,2,48155,0.970676
38681,3,48173,0.969682
38681,4,18046,0.969555
38681,5,33377,0.969415
38681,6,33629,0.969162
38681,7,38429,0.968702
38681,8,38467,0.968102
38681,9,51888,0.967430
38681,10,45274,0.966501
38696,1,24794,0.969988
38696,2,37406,0.969460
38696,3,17127,0.967669
38696,4,26440,0.966321
38696,5,21972,0.965242
38696,6,24622,0.962872
38696,7,14809,0.960588
38696,8,14817,0.960223
38696,9,22014,0.959947
38696,10,20389,0.959769
38743,1,31607,0.989257
38743,2,22668,0.987290
38743,3,5218,0.985853
38743,4,37698,0.985444
38743,5,6517,0.985271
38743,6,22969,0.985036
38743,7,38324,0.984939
38743,8,6531,0.984881
38743,9,35179,0.984620
38743,10,35198,0.984443
38748,1,29318,0.957545
38748,2,7084,0.957083
38748,3,9443,0.956587
38748,4,21259,0.956198
38748,5,38130,0.955214
38748,6,8524,0.954911
38748,7,4609,0.954717
38748,8,38747,0.954677
38748,9,43147,0.954437
38748,10,39488,0.954364
38753,1,10224,0.952484
38753,2,47394,0.946769
38753,3,21942,0.945774
38753,4,10248,0.944117
38753,5,37406,0.943488
38753,6,36992,0.941282
38753,7,20506,0.941054
38753,8,35918,0.940450
38753,9,47382,0.939967
38753,10,50238,0.939701
38759,1,38760,0.988503
38759,2,38741,0.986599
38759,3,35199,0.984322
38759,4,31606,0.983949
38759,5,39486,0.982388
38759,6,31607,0.982119
38759,7,9441,0.982081
38759,8,37700,0.982059
38759,9,30194,0.981850
38759,10,5218,0.981659
38785,1,10626,0.975234
38785,2,43473,0.971657
38785,3,5690,0.970349
38785,4,39304,0.970312
38785,5,20675,0.970048
38785,6,39303,0.968816
38785,7,39249,0.968309
38785,8,30264,0.968225
38785,9,22841,0.966324
38785,10,38784,0.965851
38795,1,34378,0.926350
38795,2,27580,0.924678
38795,3,34408,0.923302
38795,4,11393,0.922955
38795,5,44836,0.918405
38795,6,44900,0.916539
38795,7,7288,0.916272
38795,8,51466,0.915521
38795,9,17245,0.910634
38795,10,2854,0.910517
38806,1,34356,0.986352
38806,2,34365,0.980356
38806,3,34355,0.979637
38806,4,33077,0.979554
38806,5,38804,0.979521
38806,6,40047,0.979379
38806,7,3763,0.979109
38806,8,20315,0.978961
38806,9,17249,0.978803
38806,10,9337,0.978452
38811,1,35263,0.987134
38811,2,47662,0.985044
38811,3,39224,0.983946
38811,4,27860,0.982942
38811,5,9157,0.981960
38811,6,33543,0.981055
38811,7,34596,0.981018
38811,8,40670,0.980875
38811,9,16604,0.980625
38811,10,39228,0.980587
38812,1,40424,0.940610
38812,2,37223,0.932535
38812,3,42241,0.920790
38812,4,8447,0.919217
38812,5,40435,0.918826
38812,6,40419,0.917470
38812,7,41777,0.914802
38812,8,41377,0.914740
38812,9,43641,0.911581
38812,10,21128,0.910940
38815,1,44675,0.926455
38815,2,38822,0.924025
38815,3,44670,0.908879
38815,4,43304,0.905978
38815,5,27878,0.900620
38815,6,18750,0.900039
38815,7,43307,0.897480
38815,8,27868,0.897402
38815,9,11482,0.894018
38815,10,25523,0.893140
38839,1,41781,0.901426
38839,2,42551,0.886543
38839,3,43625,0.873960
38839,4,41563,0.872563
38839,5,38843,0.871885
38839,6,43627,0.871650
38839,7,38847,0.871230
38839,8,40618,0.869065
38839,9,18894,0.856261
38839,10,44694,0.854689
38930,1,38931,0.999877
38930,2,33147,0.998754
38930,3,41009,0.987118
38930,4,37202,0.986731
38930,5,37209,0.985753
38930,6,38501,0.985654
38930,7,46733,0.708727
38930,8,27204,0.476775
38930,9,37515,0.451932
38930,10,43230,0.446987
38968,1,13493,0.970431
38968,2,38963,0.968205
38968,3,7780,0.967450
38968,4,7113,0.966010
38968,5,38962,0.965090
38968,6,4601,0.960636
38968,7,38964,0.960300
38968,8,5256,0.955955
38968,9,19913,0.955560
38968,10,4594,0.651218
38971,1,38970,0.945164
38971,2,41486,0.936912
38971,3,14078,0.936243
38971,4,24055,0.935316
38971,5,15988,0.932749
38971,6,26720,0.932606
38971,7,19563,0.930374
38971,8,44874,0.930160
38971,9,44891,0.929319
38971,10,34228,0.928959
38976,1,22456,0.894204
38976,2,39120,0.893523
38976,3,28879,0.892960
38976,4,28878,0.892425
38976,5,11098,0.891571
38976,6,30813,0.891118
38976,7,30816,0.889825
38976,8,40494,0.889267
38976,9,43526,0.888909
38976,10,22461,0.888539
38989,1,33253,0.968026
38989,2,38986,0.967636
38989,3,40949,0.967429
38989,4,8332,0.964437
38989,5,48254,0.963903
38989,6,36318,0.963587
38989,7,4203,0.963387
38989,8,41751,0.963376
38989,9,4727,0.963323
38989,10,13253,0.963194
39005,1,4217,0.967538
39005,2,4723,0.966890
39005,3,8381,0.959894
39005,4,37626,0.957052
39005,5,37603,0.953148
39005,6,4722,0.947140
39005,7,4218,0.946735
39005,8,10685,0.943569
39005,9,8372,0.941996
39005,10,3853,0.941646
39031,1,28585,0.835036
39031,2,51559,0.831336
39031,3,11648,0.819228
39031,4,10327,0.813746
39031,5,45242,0.811673
39031,6,38052,0.808208
39031,7,45249,0.807657
39031,8,45896,0.804356
39031,9,8141,0.803900
39031,10,13840,0.803379
39032,1,39035,0.900976
39032,2,39043,0.898292
39032,3,14142,0.896226
39032,4,14148,0.891546
39032,5,14139,0.891283
39032,6,14151,0.888128
39032,7,39037,0.887796
39032,8,14159,0.886995
39032,9,24647,0.886630
39032,10,14158,0.883884
39033,1,14159,0.985617
39033,2,14156,0.983676
39033,3,14140,0.983546
39033,4,14144,0.983448
39033,5,14138,0.983020
39033,6,14152,0.982854
39033,7,39043,0.981711
39033,8,14137,0.980961
39033,9,39034,0.980895
39033,10,14145,0.979841
39063,1,33941,0.983409
39063,2,33950,0.983403
39063,3,13939,0.983053
39063,4,5281,0.981105
39063,5,13436,0.980482
39063,6,3770,0.979710
39063,7,12644,0.979333
39063,8,7742,0.979235
39063,9,13848,0.978960
39063,10,13422,0.978931
39103,1,39806,0.982654
39103,2,27182,0.982091
39103,3,16379,0.981239
39103,4,26151,0.981023
39103,5,39807,0.979989
39103,6,16391,0.979563
39103,7,38983,0.979100
39103,8,39810,0.979086
39103,9,39104,0.978879
39103,10,39804,0.978861
39123,1,30830,0.846673
39123,2,25904,0.840438
39123,3,51612,0.839732
39123,4,25899,0.839130
39123,5,30813,0.837824
39123,6,43524,0.836722
39123,7,44686,0.836164
39123,8,49763,0.835831
39123,9,25905,0.835285
39123,10,25903,0.833831
39125,1,30825,0.941977
39125,2,22463,0.930531
39125,3,22454,0.921292
39125,4,39118,0.919066
39125,5,41315,0.918751
39125,6,23302,0.917409
39125,7,23303,0.914706
39125,8,30816,0.914564
39125,9,39120,0.913098
39125,10,30820,0.913003
39126,1,30815,0.949953
39126,2,30816,0.947151
39126,3,22462,0.947102
39126,4,39119,0.946995
39126,5,28879,0.945017
39126,6,39121,0.943933
39126,7,39122,0.941580
39126,8,30817,0.939987
39126,9,23303,0.939446
39126,10,22454,0.939164
39134,1,25598,0.966176
39134,2,25592,0.963589
39134,3,25587,0.958897
39134,4,43437,0.958244
39134,5,39140,0.958037
39134,6,39147,0.955673
39134,7,25599,0.954719
39134,8,21909,0.954560
39134,9,28984,0.954463
39134,10,28990,0.954367
39146,1,39136,0.977356
39146,2,25589,0.976089
39146,3,21910,0.975651
39146,4,21911,0.975182
39146,5,21915,0.974775
39146,6,21917,0.974636
39146,7,28972,0.973657
39146,8,28984,0.972940
39146,9,39147,0.972746
39146,10,25587,0.972634
39154,1,33020,0.982477
39154,2,36818,0.980944
39154,3,36815,0.979558
39154,4,30871,0.978371
39154,5,28906,0.978184
39154,6,31314,0.978152
39154,7,40659,0.977915
39154,8,12067,0.976621
39154,9,23315,0.976288
39154,10,39453,0.976041
39188,1,47571,0.951203
39188,2,21721,0.943133
39188,3,47603,0.942375
39188,4,49624,0.942157
39188,5,41733,0.940892
39188,6,13562,0.940199
39188,7,32837,0.939659
39188,8,11497,0.937673
39188,9,49610,0.933874
39188,10,49620,0.933169
39194,1,39195,0.993430
39194,2,47549,0.979948
39194,3,46617,0.979272
39194,4,35788,0.977564
39194,5,46603,0.977011
39194,6,21719,0.976618
39194,7,47580,0.976144
39194,8,46612,0.975920
39194,9,47627,0.975355
39194,10,17686,0.974859
39196,1,47550,0.959410
39196,2,49605,0.953251
39196,3,49606,0.951720
39196,4,17689,0.950764
39196,5,49597,0.949686
39196,6,20769,0.946838
39196,7,14378,0.945574
39196,8,20770,0.945545
39196,9,45368,0.945423
39196,10,32844,0.942492
39253,1,39274,0.974925
39253,2,39309,0.970782
39253,3,22817,0.969692
39253,4,18415,0.969382
39253,5,22847,0.969305
39253,6,41212,0.966682
39253,7,39252,0.966356
39253,8,22199,0.964232
39253,9,22846,0.963568
39253,10,18405,0.963437
39254,1,39310,0.967482
39254,2,9034,0.963230
39254,3,22826,0.963060
39254,4,22847,0.960490
39254,5,50737,0.959415
39254,6,22980,0.956068
39254,7,22851,0.955996
39254,8,39276,0.955472
39254,9,39277,0.953993
39254,10,39274,0.952869
39266,1,5674,0.967701
39266,2,5706,0.967291
39266,3,37243,0.966918
39266,4,37242,0.966706
39266,5,5692,0.966038
39266,6,6462,0.964756
39266,7,5678,0.962111
39266,8,34082,0.960647
39266,9,31329,0.960417
39266,10,3637,0.960330
39268,1,34082,0.978729
39268,2,5678,0.976834
39268,3,25857,0.976385
39268,4,37242,0.974207
39268,5,37243,0.974095
39268,6,30258,0.973121
39268,7,10154,0.971166
39268,8,5706,0.971125
39268,9,6483,0.970484
39268,10,5692,0.969771
39278,1,22857,0.958796
39278,2,22819,0.953543
39278,3,22863,0.950699
39278,4,38783,0.950672
39278,5,22844,0.948669
39278,6,39290,0.947727
39278,7,25447,0.947007
39278,8,39272,0.946464
39278,9,15514,0.944752
39278,10,22847,0.943720
39291,1,22844,0.972667
39291,2,39274,0.971180
39291,3,39252,0.969152
39291,4,22817,0.968793
39291,5,22847,0.963442
39291,6,22169,0.961457
39291,7,22854,0.961202
39291,8,22816,0.959471
39291,9,39309,0.955967
39291,10,22846,0.955646
39294,1,44545,0.987995
39294,2,39821,0.986236
39294,3,50731,0.985564
39294,4,44533,0.984551
39294,5,39287,0.984393
39294,6,39822,0.983737
39294,7,21087,0.982539
39294,8,34521,0.982539
39294,9,50728,0.982520
39294,10,7373,0.982271
39307,1,50726,0.963903
39307,2,39306,0.963037
39307,3,2381,0.962888
39307,4,10302,0.962420
39307,5,50752,0.962117
39307,6,6507,0.961211
39307,7,2639,0.960291
39307,8,12512,0.960024
39307,9,12853,0.959448
39307,10,47191,0.959208
39339,1,39338,0.972874
39339,2,12972,0.962732
39339,3,19307,0.961160
39339,4,25461,0.954874
39339,5,31970,0.954059
39339,6,5240,0.953413
39339,7,9137,0.953191
39339,8,34835,0.953129
39339,9,31950,0.951489
39339,10,4996,0.949307
39341,1,39673,0.942897
39341,2,6386,0.940850
39341,3,44752,0.939534
39341,4,13136,0.932291
39341,5,15399,0.931752
39341,6,39672,0.930820
39341,7,44761,0.930395
39341,8,36464,0.926406
39341,9,26647,0.923909
39341,10,22913,0.921050
39363,1,39362,0.986840
39363,2,32301,0.978847
39363,3,33889,0.973538
39363,4,32303,0.973133
39363,5,46539,0.972256
39363,6,46560,0.971726
39363,7,45043,0.971380
39363,8,45921,0.970656
39363,9,48042,0.970591
39363,10,41047,0.970033
39385,1,7187,0.817535
39385,2,7190,0.803093
39385,3,18870,0.791187
39385,4,18869,0.771436
39385,5,9077,0.741697
39385,6,7178,0.737784
39385,7,8762,0.737447
39385,8,24331,0.725811
39385,9,2572,0.720615
39385,10,9754,0.719837
39444,1,2403,0.929827
39444,2,3785,0.929266
39444,3,2203,0.924229
39444,4,26293,0.923433
39444,5,2400,0.922538
39444,6,26300,0.920069
39444,7,7469,0.919557
39444,8,3708,0.917807
39444,9,6204,0.917164
39444,10,4431,0.916862
39448,1,42509,0.986080
39448,2,36500,0.975036
39448,3,42429,0.974769
39448,4,35043,0.973581
39448,5,39169,0.970783
39448,6,42427,0.969981
39448,7,28745,0.969434
39448,8,36236,0.969079
39448,9,36492,0.968592
39448,10,50349,0.968535
39462,1,42546,0.991662
39462,2,42666,0.990560
39462,3,19100,0.988827
39462,4,22761,0.988530
39462,5,27284,0.988308
39462,6,21930,0.988094
39462,7,32231,0.988072
39462,8,40590,0.987849
39462,9,24364,0.987788
39462,10,39449,0.987259
39469,1,12787,0.980098
39469,2,33022,0.978241
39469,3,22764,0.977674
39469,4,28940,0.977664
39469,5,23324,0.976229
39469,6,27275,0.975875
39469,7,24376,0.975231
39469,8,22741,0.975149
39469,9,11804,0.974993
39469,10,11793,0.974756
39472,1,33747,0.921574
39472,2,28720,0.902334
39472,3,30932,0.898230
39472,4,33030,0.887977
39472,5,12110,0.885021
39472,6,46255,0.883553
39472,7,11550,0.883074
39472,8,25692,0.875986
39472,9,40182,0.875389
39472,10,11576,0.874957
39510,1,35191,0.981934
39510,2,39881,0.974554
39510,3,7076,0.974117
39510,4,17986,0.971483
39510,5,17983,0.970527
39510,6,41848,0.969373
39510,7,6560,0.968512
39510,8,37685,0.968002
39510,9,22681,0.967643
39510,10,37699,0.967362
39515,1,47955,0.858574
39515,2,14896,0.842690
39515,3,35143,0.840027
39515,4,21508,0.838817
39515,5,17139,0.837671
39515,6,25149,0.836878
39515,7,48533,0.836642
39515,8,17124,0.831599
39515,9,25151,0.830979
39515,10,25177,0.828868
39519,1,36058,0.813072
39519,2,33414,0.764132
39519,3,51323,0.747813
39519,4,28449,0.743953
39519,5,35909,0.743212
39519,6,38457,0.738269
39519,7,18794,0.736924
39519,8,25283,0.736794
39519,9,12493,0.733592
39519,10,48191,0.732901
39520,1,19318,0.742802
39520,2,51321,0.727065
39520,3,29104,0.723747
39520,4,20937,0.723606
39520,5,17983,0.722624
39520,6,37683,0.720575
39520,7,25872,0.720571
39520,8,7781,0.718991
39520,9,18008,0.718872
39520,10,15926,0.717503
39530,1,39542,0.976911
39530,2,30476,0.970479
39530,3,30493,0.970273
39530,4,39539,0.970045
39530,5,39541,0.969969
39530,6,27449,0.969412
39530,7,51019,0.969249
39530,8,30495,0.968886
39530,9,50964,0.968506
39530,10,50965,0.967566
39532,1,39542,0.982738
39532,2,30466,0.980065
39532,3,50965,0.979855
39532,4,50039,0.979462
39532,5,39539,0.978294
39532,6,30495,0.977524
39532,7,30476,0.976883
39532,8,27449,0.976616
39532,9,39540,0.975508
39532,10,30486,0.975170
39537,1,39540,0.979550
39537,2,50039,0.977047
39537,3,27145,0.975569
39537,4,27143,0.974962
39537,5,27449,0.974878
39537,6,50965,0.973788
39537,7,39539,0.973723
39537,8,50036,0.973380
39537,9,50964,0.972722
39537,10,39542,0.972494
39545,1,44711,0.925435
39545,2,33638,0.913872
39545,3,2251,0.910146
39545,4,23823,0.909199
39545,5,48528,0.908525
39545,6,17031,0.907011
39545,7,19872,0.906483
39545,8,15409,0.905494
39545,9,44713,0.904029
39545,10,3621,0.903485
39553,1,42921,0.990152
39553,2,47424,0.985632
39553,3,33371,0.984564
39553,4,33376,0.982875
39553,5,47290,0.982852
39553,6,33604,0.981515
39553,7,42925,0.980662
39553,8,47345,0.980637
39553,9,47425,0.979704
39553,10,47432,0.979317
39558,1,38366,0.985541
39558,2,42078,0.985503
39558,3,50819,0.983335
39558,4,41271,0.982635
39558,5,41272,0.982244
39558,6,41277,0.981915
39558,7,38364,0.981229
39558,8,41275,0.980996
39558,9,38361,0.980384
39558,10,47156,0.979511
39564,1,2874,0.898342
39564,2,35821,0.895565
39564,3,50157,0.892951
39564,4,17662,0.890632
39564,5,41737,0.888623
39564,6,33533,0.886931
39564,7,33113,0.886073
39564,8,15489,0.886005
39564,9,17661,0.885135
39564,10,43933,0.884711
39576,1,13542,0.707137
39576,2,17003,0.702555
39576,3,27080,0.694422
39576,4,3487,0.684121
39576,5,19904,0.681681
39576,6,17001,0.679273
39576,7,17005,0.677805
39576,8,26183,0.674937
39576,9,17012,0.674775
39576,10,6392,0.673155
39586,1,33100,0.809555
39586,2,32853,0.798640
39586,3,46819,0.785986
39586,4,45784,0.771604
39586,5,11502,0.771562
39586,6,32830,0.767208
39586,7,14373,0.760123
39586,8,33087,0.759446
39586,9,32803,0.750987
39586,10,49818,0.746106
39599,1,10298,0.970326
39599,2,45375,0.968787
39599,3,41706,0.967767
39599,4,45370,0.967257
39599,5,45333,0.967054
39599,6,41718,0.966986
39599,7,45368,0.966931
39599,8,45377,0.966519
39599,9,14448,0.965076
39599,10,41672,0.964954
39603,1,50160,0.980702
39603,2,46826,0.980081
39603,3,39584,0.974351
39603,4,20906,0.973219
39603,5,33521,0.972841
39603,6,33519,0.972711
39603,7,46827,0.972231
39603,8,33520,0.971762
39603,9,41676,0.969124
39603,10,14415,0.967573
39611,1,22257,0.983261
39611,2,11508,0.978984
39611,3,49590,0.976229
39611,4,47591,0.972858
39611,5,49602,0.972824
39611,6,22276,0.972488
39611,7,13014,0.972190
39611,8,49623,0.971762
39611,9,8175,0.969965
39611,10,19052,0.968709
39614,1,46822,0.990404
39614,2,17685,0.988939
39614,3,41715,0.987731
39614,4,49609,0.987569
39614,5,39613,0.987478
39614,6,13271,0.986901
39614,7,45364,0.986799
39614,8,45371,0.986612
39614,9,41707,0.985705
39614,10,46603,0.985562
39628,1,31207,0.988501
39628,2,24629,0.984821
39628,3,42028,0.984744
39628,4,4637,0.983154
39628,5,4529,0.982306
39628,6,22710,0.980566
39628,7,4644,0.980396
39628,8,4508,0.979874
39628,9,7721,0.979715
39628,10,38656,0.979408
39634,1,3187,0.978237
39634,2,42024,0.968167
39634,3,18906,0.967614
39634,4,3168,0.967610
39634,5,46325,0.967347
39634,6,3459,0.967274
39634,7,4156,0.965511
39634,8,28634,0.964815
39634,9,8344,0.964043
39634,10,13898,0.963267
39640,1,39639,0.986481
39640,2,39656,0.976831
39640,3,23913,0.969436
39640,4,22543,0.967419
39640,5,13703,0.959943
39640,6,23930,0.957796
39640,7,7987,0.956481
39640,8,38657,0.954020
39640,9,13365,0.951762
39640,10,23836,0.950806
39644,1,39643,0.987941
39644,2,39642,0.986996
39644,3,39641,0.978401
39644,4,13077,0.974818
39644,5,40467,0.972055
39644,6,11972,0.970272
39644,7,44502,0.963969
39644,8,38533,0.963803
39644,9,40466,0.960494
39644,10,10160,0.959136
39645,1,39646,0.968224
39645,2,28604,0.939170
39645,3,15223,0.934888
39645,4,9048,0.931704
39645,5,15416,0.928877
39645,6,41439,0.927436
39645,7,25470,0.925657
39645,8,24776,0.924226
39645,9,15737,0.923203
39645,10,46808,0.922993
39674,1,39673,0.997708
39674,2,39672,0.992953
39674,3,44761,0.963477
39674,4,39654,0.962367
39674,5,39653,0.957090
39674,6,39667,0.954175
39674,7,17844,0.953230
39674,8,3654,0.948959
39674,9,39682,0.948953
39674,10,6467,0.948700
39676,1,39675,0.979705
39676,2,44784,0.963147
39676,3,40466,0.961343
39676,4,44752,0.958769
39676,5,44502,0.957126
39676,6,6470,0.955723
39676,7,11974,0.954341
39676,8,13136,0.954059
39676,9,36431,0.953475
39676,10,3549,0.951943
39678,1,43355,0.959562
39678,2,23913,0.959149
39678,3,24253,0.956999
39678,4,36439,0.956501
39678,5,26585,0.955842
39678,6,7987,0.954825
39678,7,9213,0.953771
39678,8,44398,0.952367
39678,9,9385,0.952266
39678,10,23865,0.952014
39683,1,39684,0.989463
39683,2,36423,0.969236
39683,3,25487,0.965720
39683,4,12975,0.964865
39683,5,41437,0.962415
39683,6,34841,0.961419
39683,7,4490,0.961232
39683,8,39651,0.960885
39683,9,22698,0.960656
39683,10,43242,0.960551
39722,1,11525,0.936631
39722,2,14326,0.932739
39722,3,26914,0.932566
39722,4,18737,0.929892
39722,5,37933,0.929227
39722,6,40424,0.928903
39722,7,48501,0.928756
39722,8,24854,0.927887
39722,9,8450,0.927873
39722,10,34580,0.927769
39726,1,27884,0.975188
39726,2,27893,0.967502
39726,3,27859,0.965195
39726,4,27857,0.962013
39726,5,27855,0.961110
39726,6,13889,0.958393
39726,7,35263,0.957962
39726,8,18756,0.957940
39726,9,16604,0.957792
39726,10,11039,0.957377
39741,1,39261,0.947730
39741,2,22180,0.935400
39741,3,14559,0.935030
39741,4,15072,0.929285
39741,5,9029,0.928842
39741,6,40457,0.928753
39741,7,43478,0.927720
39741,8,20700,0.923370
39741,9,10156,0.921430
39741,10,50743,0.921277
39762,1,39760,0.975628
39762,2,32406,0.972656
39762,3,34504,0.972217
39762,4,44663,0.970718
39762,5,27915,0.968236
39762,6,44664,0.967324
39762,7,48496,0.966164
39762,8,44666,0.965772
39762,9,27914,0.965674
39762,10,51610,0.965513
39763,1,43522,0.896063
39763,2,32407,0.883806
39763,3,44945,0.883311
39763,4,32404,0.882614
39763,5,27925,0.882516
39763,6,34503,0.880777
39763,7,27903,0.879055
39763,8,27928,0.877112
39763,9,27908,0.876979
39763,10,27905,0.876918
39764,1,44945,0.973952
39764,2,27923,0.973494
39764,3,27910,0.970848
39764,4,32404,0.969719
39764,5,27914,0.965982
39764,6,27902,0.965929
39764,7,27915,0.965169
39764,8,27913,0.964417
39764,9,39760,0.964145
39764,10,51605,0.963592
39769,1,37811,0.983699
39769,2,27567,0.982157
39769,3,27566,0.982113
39769,4,15973,0.981491
39769,5,37751,0.979853
39769,6,37739,0.979831
39769,7,41594,0.979323
39769,8,37775,0.978966
39769,9,37778,0.978913
39769,10,22353,0.978526
39775,1,13943,0.977032
39775,2,30798,0.975866
39775,3,37749,0.974662
39775,4,37778,0.973892
39775,5,37775,0.972038
39775,6,17552,0.970923
39775,7,29289,0.970676
39775,8,39780,0.970402
39775,9,37784,0.970019
39775,10,13866,0.969044
39790,1,9445,0.975382
39790,2,11163,0.974625
39790,3,37788,0.974415
39790,4,8781,0.971857
39790,5,39786,0.971452
39790,6,33056,0.970335
39790,7,11161,0.968722
39790,8,37766,0.968715
39790,9,14747,0.966829
39790,10,29650,0.966741
39825,1,11876,0.991598
39825,2,9102,0.985708
39825,3,39813,0.985445
39825,4,39820,0.983516
39825,5,11912,0.982964
39825,6,28323,0.982195
39825,7,11918,0.982164
39825,8,46094,0.981429
39825,9,6396,0.980823
39825,10,35162,0.980510
39870,1,24084,0.951259
39870,2,46589,0.942360
39870,3,10284,0.942079
39870,4,49611,0.940114
39870,5,46818,0.936655
39870,6,49624,0.936238
39870,7,41742,0.933885
39870,8,45783,0.933587
39870,9,13039,0.932854
39870,10,11505,0.927221
39876,1,39490,0.861555
39876,2,18332,0.846752
39876,3,1525,0.832589
39876,4,25884,0.830582
39876,5,6797,0.825357
39876,6,21268,0.824023
39876,7,36065,0.817588
39876,8,21189,0.817366
39876,9,5257,0.814813
39876,10,44279,0.813766
39932,1,22654,0.950363
39932,2,39509,0.924943
39932,3,8352,0.923860
39932,4,21247,0.914724
39932,5,35191,0.911084
39932,6,35215,0.910122
39932,7,38147,0.909590
39932,8,22680,0.909242
39932,9,44279,0.907991
39932,10,38739,0.906627
39945,1,19368,0.969739
39945,2,8988,0.967146
39945,3,43878,0.967111
39945,4,32743,0.966375
39945,5,4184,0.963382
39945,6,19367,0.962217
39945,7,22878,0.955727
39945,8,40456,0.951685
39945,9,26671,0.949664
39945,10,6494,0.949301
39947,1,12513,0.960073
39947,2,12508,0.957339
39947,3,30264,0.952879
39947,4,12510,0.946541
39947,5,45623,0.945542
39947,6,39280,0.943702
39947,7,9028,0.942402
39947,8,43480,0.936865
39947,9,39303,0.935989
39947,10,39974,0.935815
39952,1,21177,0.968970
39952,2,24102,0.968213
39952,3,32192,0.965385
39952,4,44239,0.965229
39952,5,38676,0.964048
39952,6,44719,0.960933
39952,7,5635,0.960761
39952,8,16738,0.960303
39952,9,5602,0.958375
39952,10,18653,0.958159
39966,1,32741,0.946806
39966,2,15072,0.936444
39966,3,14559,0.934008
39966,4,12925,0.933939
39966,5,12511,0.932742
39966,6,49502,0.930804
39966,7,49505,0.930110
39966,8,49059,0.928942
39966,9,33770,0.928345
39966,10,11839,0.925544
39971,1,10144,0.972838
39971,2,10154,0.967427
39971,3,44421,0.967034
39971,4,20685,0.966146
39971,5,12856,0.965649
39971,6,12428,0.964619
39971,7,16153,0.963217
39971,8,5678,0.962768
39971,9,10127,0.962062
39971,10,39972,0.960365
39976,1,47186,0.964418
39976,2,6460,0.961763
39976,3,39972,0.961325
39976,4,5896,0.960208
39976,5,5316,0.959735
39976,6,41476,0.956890
39976,7,39974,0.953692
39976,8,39973,0.953531
39976,9,10301,0.953325
39976,10,22183,0.951607
40034,1,34253,0.983286
40034,2,34199,0.981627
40034,3,44912,0.981053
40034,4,3481,0.980368
40034,5,40108,0.980350
40034,6,26319,0.978611
40034,7,12538,0.977367
40034,8,17946,0.977313
40034,9,34201,0.976783
40034,10,7547,0.976137
40057,1,9938,0.982553
40057,2,40029,0.980866
40057,3,4258,0.980670
40057,4,7763,0.980482
40057,5,7352,0.980463
40057,6,4368,0.978880
40057,7,16287,0.978850
40057,8,17932,0.978449
40057,9,26712,0.978310
40057,10,24039,0.978229
40110,1,26322,0.733135
40110,2,29043,0.726857
40110,3,34257,0.723017
40110,4,24346,0.721835
40110,5,15461,0.721431
40110,6,16224,0.719623
40110,7,34258,0.718556
40110,8,29057,0.718390
40110,9,24306,0.717419
40110,10,9770,0.716751
40138,1,36723,0.986890
40138,2,4199,0.986848
40138,3,33253,0.986800
40138,4,36717,0.986604
40138,5,4219,0.986243
40138,6,31152,0.985659
40138,7,41752,0.985251
40138,8,41751,0.985132
40138,9,35891,0.984902
40138,10,36718,0.984857
40140,1,31154,0.920776
40140,2,48252,0.918895
40140,3,31155,0.909438
40140,4,13322,0.907503
40140,5,50718,0.900686
40140,6,35885,0.891613
40140,7,24937,0.886823
40140,8,8336,0.886575
40140,9,40142,0.885682
40140,10,31156,0.885449
40154,1,41747,0.972000
40154,2,36725,0.970634
40154,3,38493,0.969745
40154,4,33254,0.967481
40154,5,40987,0.967265
40154,6,35881,0.965761
40154,7,33140,0.964962
40154,8,33255,0.964024
40154,9,38492,0.963817
40154,10,37595,0.963162
40165,1,40013,0.943211
40165,2,40012,0.941918
40165,3,28296,0.940289
40165,4,48216,0.937673
40165,5,17320,0.933332
40165,6,16110,0.927451
40165,7,48228,0.927033
40165,8,17221,0.924990
40165,9,30270,0.922070
40165,10,17314,0.922059
40170,1,17597,0.992493
40170,2,21320,0.985969
40170,3,38238,0.985103
40170,4,21321,0.984031
40170,5,28278,0.983938
40170,6,40169,0.982805
40170,7,8653,0.982633
40170,8,30563,0.982208
40170,9,30565,0.981810
40170,10,28291,0.981378
40177,1,38238,0.994818
40177,2,21320,0.988219
40177,3,38239,0.987617
40177,4,30265,0.986565
40177,5,29097,0.984613
40177,6,30681,0.982742
40177,7,21321,0.982418
40177,8,40176,0.982386
40177,9,8653,0.981637
40177,10,29970,0.980860
40178,1,23747,0.975918
40178,2,28384,0.974171
40178,3,23760,0.973262
40178,4,40008,0.972835
40178,5,29961,0.968663
40178,6,23780,0.966365
40178,7,28297,0.965371
40178,8,28286,0.964882
40178,9,40172,0.964757
40178,10,23749,0.964374
40221,1,14836,0.983637
40221,2,14828,0.980250
40221,3,14820,0.978979
40221,4,36025,0.978385
40221,5,18811,0.977596
40221,6,14165,0.977188
40221,7,42939,0.976989
40221,8,42960,0.976811
40221,9,34549,0.975825
40221,10,12454,0.975784
40255,1,40261,0.992829
40255,2,43486,0.992209
40255,3,40258,0.991478
40255,4,13395,0.991409
40255,5,6981,0.990880
40255,6,24697,0.990715
40255,7,13461,0.990604
40255,8,11692,0.990535
40255,9,10478,0.990443
40255,10,33065,0.990271
40271,1,14087,0.967127
40271,2,13939,0.966016
40271,3,7927,0.965797
40271,4,31680,0.964954
40271,5,6767,0.964944
40271,6,4388,0.964341
40271,7,40036,0.964311
40271,8,9310,0.964256
40271,9,6787,0.964152
40271,10,42097,0.963445
40288,1,40289,0.770654
40288,2,46850,0.767508
40288,3,10757,0.764629
40288,4,40291,0.760977
40288,5,10739,0.759795
40288,6,15859,0.759019
40288,7,22534,0.757025
40288,8,40292,0.754110
40288,9,8746,0.753657
40288,10,10766,0.751997
40290,1,40291,0.947786
40290,2,40292,0.946495
40290,3,40289,0.944816
40290,4,15861,0.943397
40290,5,15849,0.940828
40290,6,10748,0.940687
40290,7,10761,0.940498
40290,8,22534,0.940378
40290,9,10743,0.940342
40290,10,10740,0.940116
40294,1,35558,0.790821
40294,2,40309,0.780344
40294,3,46836,0.779177
40294,4,35542,0.766918
40294,5,15895,0.755302
40294,6,35546,0.743650
40294,7,15869,0.740636
40294,8,46850,0.739851
40294,9,35530,0.738031
40294,10,35561,0.737674
40311,1,40309,0.864038
40311,2,46836,0.826387
40311,3,15895,0.805579
40311,4,12523,0.763007
40311,5,35546,0.756348
40311,6,15889,0.753719
40311,7,15890,0.752436
40311,8,35530,0.751410
40311,9,15853,0.747919
40311,10,15869,0.746584
40317,1,13909,0.966729
40317,2,26685,0.963829
40317,3,40478,0.961992
40317,4,22151,0.959714
40317,5,26708,0.959655
40317,6,28323,0.952845
40317,7,3627,0.951310
40317,8,23901,0.951167
40317,9,4109,0.950535
40317,10,5608,0.950173
40375,1,5112,0.833585
40375,2,45103,0.819060
40375,3,42399,0.815330
40375,4,7197,0.807371
40375,5,26955,0.805816
40375,6,11430,0.802770
40375,7,6241,0.799411
40375,8,14073,0.799382
40375,9,6259,0.799324
40375,10,36733,0.797300
40385,1,8432,0.956484
40385,2,27263,0.955177
40385,3,16147,0.953072
40385,4,19593,0.952010
40385,5,8460,0.951164
40385,6,16141,0.951103
40385,7,7699,0.948956
40385,8,9106,0.947090
40385,9,16212,0.944531
40385,10,19676,0.944167
40395,1,48503,0.925837
40395,2,37933,0.920877
40395,3,26862,0.920225
40395,4,40394,0.919891
40395,5,37916,0.919262
40395,6,46270,0.916799
40395,7,43620,0.915848
40395,8,6887,0.914049
40395,9,48506,0.913946
40395,10,41404,0.913349
40405,1,49650,0.729865
40405,2,6879,0.711956
40405,3,41789,0.705895
40405,4,29187,0.704269
40405,5,10428,0.704256
40405,6,6886,0.700959
40405,7,5869,0.699869
40405,8,43618,0.698121
40405,9,13471,0.698037
40405,10,41386,0.697963
40415,1,45103,0.784678
40415,2,38843,0.782759
40415,3,43699,0.770591
40415,4,32597,0.763788
40415,5,41781,0.763268
40415,6,41784,0.762455
40415,7,48478,0.757888
40415,8,4935,0.757753
40415,9,4936,0.757532
40415,10,34592,0.755146
40427,1,37204,0.739690
40427,2,39720,0.721168
40427,3,48522,0.719427
40427,4,48523,0.713800
40427,5,43317,0.711023
40427,6,43679,0.705145
40427,7,43674,0.704585
40427,8,43655,0.685917
40427,9,43675,0.682594
40427,10,43666,0.567159
40442,1,42542,0.743650
40442,2,12772,0.742131
40442,3,18266,0.730939
40442,4,40586,0.729923
40442,5,27091,0.725202
40442,6,39150,0.725030
40442,7,41797,0.724287
40442,8,12770,0.720560
40442,9,39171,0.718972
40442,10,46015,0.717679
40530,1,40532,0.992042
40530,2,40533,0.977472
40530,3,46491,0.975237
40530,4,45186,0.973878
40530,5,46480,0.973326
40530,6,39024,0.972937
40530,7,40551,0.972931
40530,8,46490,0.972556
40530,9,39022,0.972360
40530,10,49879,0.972345
40535,1,51041,0.516504
40535,2,50984,0.516247
40535,3,18687,0.513494
40535,4,49982,0.510793
40535,5,51776,0.509087
40535,6,49985,0.505923
40535,7,22538,0.503927
40535,8,28894,0.502216
40535,9,28889,0.502076
40535,10,49983,0.501206
40537,1,40551,0.952748
40537,2,40541,0.949548
40537,3,39022,0.942586
40537,4,21688,0.938905
40537,5,46490,0.938898
40537,6,45199,0.938344
40537,7,19299,0.937825
40537,8,43159,0.937784
40537,9,45899,0.937446
40537,10,43161,0.937336
40538,1,40542,0.942334
40538,2,46491,0.940021
40538,3,40554,0.939081
40538,4,40536,0.937931
40538,5,40551,0.936969
40538,6,40543,0.936354
40538,7,46574,0.932693
40538,8,40531,0.932531
40538,9,49877,0.932283
40538,10,46490,0.930103
40549,1,36772,0.632333
40549,2,45021,0.613670
40549,3,13053,0.608325
40549,4,45025,0.604491
40549,5,33933,0.603003
40549,6,37292,0.600453
40549,7,36756,0.599814
40549,8,51628,0.598753
40549,9,29509,0.598429
40549,10,29461,0.598101
40553,1,40552,0.991074
40553,2,49880,0.973142
40553,3,45166,0.959482
40553,4,40540,0.959446
40553,5,49873,0.959410
40553,6,49879,0.957039
40553,7,49883,0.955662
40553,8,51517,0.954923
40553,9,51636,0.953732
40553,10,46450,0.953132
40560,1,40515,0.935570
40560,2,36776,0.934794
40560,3,40506,0.932800
40560,4,33903,0.932378
40560,5,40501,0.929292
40560,6,36769,0.928098
40560,7,40504,0.928085
40560,8,45880,0.927893
40560,9,40513,0.927383
40560,10,51510,0.923639
40567,1,22776,0.987111
40567,2,11801,0.984584
40567,3,30839,0.984234
40567,4,11552,0.983915
40567,5,21923,0.983834
40567,6,11625,0.983575
40567,7,24387,0.983519
40567,8,30867,0.983516
40567,9,28715,0.983470
40567,10,42425,0.983448
40568,1,39143,0.966042
40568,2,39139,0.965860
40568,3,28966,0.963408
40568,4,25590,0.963214
40568,5,25592,0.961816
40568,6,28985,0.961706
40568,7,21912,0.960843
40568,8,21910,0.960755
40568,9,25600,0.960579
40568,10,43437,0.960550
40581,1,49770,0.889346
40581,2,47031,0.886995
40581,3,40575,0.884914
40581,4,35041,0.884794
40581,5,32210,0.873905
40581,6,46019,0.866706
40581,7,7412,0.866118
40581,8,31309,0.863801
40581,9,25820,0.863315
40581,10,49648,0.862067
40591,1,46014,0.928156
40591,2,42641,0.927459
40591,3,18290,0.925692
40591,4,40579,0.921096
40591,5,45831,0.918228
40591,6,7423,0.916910
40591,7,46015,0.916887
40591,8,18273,0.912689
40591,9,39155,0.912469
40591,10,11790,0.912462
40596,1,31937,0.828953
40596,2,24172,0.792606
40596,3,39457,0.788582
40596,4,9799,0.788381
40596,5,42228,0.782396
40596,6,46275,0.776025
40596,7,40437,0.765598
40596,8,33747,0.763199
40596,9,33207,0.759022
40596,10,46248,0.752050
40598,1,24172,0.910992
40598,2,31937,0.907163
40598,3,9799,0.864294
40598,4,33747,0.858424
40598,5,46275,0.841627
40598,6,22438,0.834044
40598,7,42221,0.824766
40598,8,38833,0.813262
40598,9,43332,0.813133
40598,10,15092,0.812025
40600,1,40664,0.987735
40600,2,24382,0.987232
40600,3,27277,0.986976
40600,4,42546,0.985977
40600,5,19073,0.985932
40600,6,24602,0.985307
40600,7,42545,0.984655
40600,8,42543,0.984174
40600,9,22029,0.983788
40600,10,40611,0.983269
40619,1,40616,0.982059
40619,2,45732,0.973645
40619,3,42640,0.972102
40619,4,50325,0.971711
40619,5,31315,0.970903
40619,6,49765,0.970681
40619,7,31308,0.970231
40619,8,50353,0.969232
40619,9,46017,0.969062
40619,10,40573,0.967849
40627,1,40647,0.944210
40627,2,40657,0.935466
40627,3,40624,0.933695
40627,4,40643,0.933029
40627,5,40611,0.932510
40627,6,40610,0.931791
40627,7,40645,0.930887
40627,8,40620,0.930868
40627,9,40601,0.929332
40627,10,40605,0.928994
40638,1,35041,0.917378
40638,2,50353,0.903606
40638,3,49770,0.900809
40638,4,47031,0.898377
40638,5,45751,0.895688
40638,6,42428,0.893281
40638,7,31309,0.891436
40638,8,50346,0.890864
40638,9,12076,0.886768
40638,10,40642,0.885247
40640,1,45752,0.983629
40640,2,24369,0.983571
40640,3,30860,0.982019
40640,4,47023,0.980507
40640,5,42559,0.980256
40640,6,24503,0.980008
40640,7,28752,0.979786
40640,8,24517,0.979775
40640,9,42545,0.979492
40640,10,11626,0.978984
40641,1,42553,0.985623
40641,2,45732,0.985449
40641,3,27092,0.985166
40641,4,28752,0.984509
40641,5,11618,0.984232
40641,6,45752,0.983888
40641,7,24369,0.983661
40641,8,19063,0.983520
40641,9,45725,0.983266
40641,10,22018,0.983102
40653,1,40623,0.980267
40653,2,40652,0.979000
40653,3,40611,0.978545
40653,4,23239,0.976663
40653,5,40646,0.976192
40653,6,31694,0.975635
40653,7,40621,0.974641
40653,8,28747,0.974412
40653,9,40602,0.974356
40653,10,11536,0.974286
40668,1,33974,0.931153
40668,2,16605,0.921323
40668,3,35262,0.919387
40668,4,16602,0.918546
40668,5,51438,0.917575
40668,6,11031,0.917080
40668,7,21156,0.915247
40668,8,21164,0.911715
40668,9,18756,0.910553
40668,10,27863,0.910191
40675,1,27263,0.943712
40675,2,16137,0.942857
40675,3,16139,0.941905
40675,4,40417,0.939781
40675,5,40083,0.939744
40675,6,7699,0.938527
40675,7,16142,0.938148
40675,8,34568,0.934756
40675,9,40381,0.934656
40675,10,26913,0.934390
40689,1,18872,0.979562
40689,2,6507,0.979190
40689,3,40688,0.979074
40689,4,40447,0.976514
40689,5,10302,0.973597
40689,6,9703,0.973443
40689,7,35483,0.973128
40689,8,35491,0.972970
40689,9,18871,0.972835
40689,10,10297,0.972357
40693,1,17036,0.942711
40693,2,22704,0.935000
40693,3,25452,0.934915
40693,4,6670,0.933417
40693,5,19940,0.932285
40693,6,22096,0.930236
40693,7,7046,0.927343
40693,8,42128,0.926998
40693,9,44493,0.926069
40693,10,25447,0.924807
40696,1,40695,0.999920
40696,2,13975,0.964968
40696,3,17493,0.964565
40696,4,12981,0.962665
40696,5,19873,0.960516
40696,6,5635,0.960004
40696,7,18653,0.958470
40696,8,35668,0.958318
40696,9,21188,0.957027
40696,10,34813,0.956875
40698,1,6418,0.966718
40698,2,35666,0.964074
40698,3,30243,0.960238
40698,4,6411,0.957030
40698,5,35668,0.955972
40698,6,6651,0.955253
40698,7,35667,0.954105
40698,8,16735,0.952209
40698,9,5635,0.951862
40698,10,40697,0.948809
40737,1,3798,0.941069
40737,2,6432,0.939513
40737,3,6426,0.939319
40737,4,7729,0.935541
40737,5,43893,0.934642
40737,6,24666,0.931851
40737,7,5866,0.931119
40737,8,29088,0.930102
40737,9,2503,0.929711
40737,10,6428,0.927648
40741,1,40742,0.974759
40741,2,9045,0.830399
40741,3,35573,0.829462
40741,4,18908,0.824056
40741,5,26375,0.818861
40741,6,17024,0.818109
40741,7,19872,0.811133
40741,8,6464,0.807919
40741,9,43368,0.807296
40741,10,6178,0.806004
40745,1,20061,0.889925
40745,2,20056,0.875354
40745,3,21439,0.873432
40745,4,19743,0.872787
40745,5,40747,0.866302
40745,6,19884,0.865600
40745,7,33775,0.863646
40745,8,20048,0.861992
40745,9,2589,0.861601
40745,10,11121,0.861265
40758,1,40748,0.981002
40758,2,44202,0.979956
40758,3,33859,0.977387
40758,4,25485,0.975463
40758,5,44214,0.973407
40758,6,22490,0.973139
40758,7,51214,0.972904
40758,8,44218,0.970915
40758,9,49824,0.970628
40758,10,26676,0.969277
40762,1,7056,0.916047
40762,2,46623,0.909647
40762,3,7074,0.909330
40762,4,9492,0.907835
40762,5,7089,0.905322
40762,6,4683,0.905056
40762,7,21264,0.903571
40762,8,7065,0.902669
40762,9,6515,0.901088
40762,10,9525,0.900727
40765,1,44853,0.945126
40765,2,15539,0.944270
40765,3,43070,0.943803
40765,4,28654,0.942009
40765,5,4450,0.941629
40765,6,38127,0.941298
40765,7,43552,0.940840
40765,8,29034,0.940356
40765,9,12438,0.939920
40765,10,18207,0.938603
40780,1,40777,0.906154
40780,2,7731,0.892990
40780,3,6753,0.892226
40780,4,46106,0.890930
40780,5,40782,0.887019
40780,6,23823,0.886053
40780,7,6414,0.883138
40780,8,17027,0.881786
40780,9,43368,0.881003
40780,10,21217,0.880400
41106,1,10514,0.940818
41106,2,8436,0.939236
41106,3,8450,0.938255
41106,4,11427,0.937307
41106,5,7207,0.935836
41106,6,39732,0.934512
41106,7,40390,0.933960
41106,8,7208,0.933658
41106,9,43435,0.933485
41106,10,39216,0.932300
41141,1,37198,0.983667
41141,2,37937,0.983377
41141,3,48474,0.982474
41141,4,43511,0.981819
41141,5,39227,0.980634
41141,6,33226,0.979842
41141,7,32576,0.979444
41141,8,39716,0.978863
41141,9,48473,0.978363
41141,10,48466,0.977863
41144,1,32402,0.760496
41144,2,33762,0.760395
41144,3,44678,0.756772
41144,4,42248,0.751482
41144,5,8456,0.749674
41144,6,41377,0.743221
41144,7,8455,0.743178
41144,8,37223,0.739042
41144,9,6950,0.738743
41144,10,30954,0.738510
41162,1,11317,0.834447
41162,2,27920,0.819858
41162,3,27902,0.800143
41162,4,50956,0.791200
41162,5,44945,0.790090
41162,6,27910,0.789240
41162,7,32404,0.787931
41162,8,27923,0.786354
41162,9,27919,0.784104
41162,10,51609,0.782905
41208,1,7826,0.959640
41208,2,20875,0.955046
41208,3,19309,0.949592
41208,4,2963,0.944592
41208,5,18419,0.943747
41208,6,12979,0.939193
41208,7,25572,0.936213
41208,8,20874,0.935592
41208,9,3304,0.934096
41208,10,31210,0.932815
41219,1,41215,0.954104
41219,2,6117,0.950285
41219,3,2250,0.945473
41219,4,15385,0.943012
41219,5,21179,0.935421
41219,6,26687,0.932988
41219,7,23822,0.932128
41219,8,24631,0.925450
41219,9,19128,0.924113
41219,10,23831,0.923774
41249,1,41239,0.996083
41249,2,36022,0.994671
41249,3,51255,0.994496
41249,4,36021,0.994291
41249,5,41237,0.994095
41249,6,51765,0.994060
41249,7,36017,0.994012
41249,8,27810,0.993860
41249,9,38384,0.993689
41249,10,42944,0.993551
41252,1,51257,0.995867
41252,2,37996,0.994639
41252,3,41254,0.994550
41252,4,51262,0.994393
41252,5,50830,0.994206
41252,6,36026,0.994156
41252,7,49574,0.993859
41252,8,51258,0.993434
41252,9,41256,0.993313
41252,10,49573,0.993260
41255,1,41237,0.998474
41255,2,27821,0.997751
41255,3,51255,0.997648
41255,4,36022,0.997331
41255,5,36021,0.997034
41255,6,41254,0.995787
41255,7,41248,0.995675
41255,8,51256,0.995622
41255,9,38385,0.995366
41255,10,36017,0.995273
41266,1,36097,0.997413
41266,2,51772,0.997032
41266,3,38296,0.996461
41266,4,38299,0.995568
41266,5,43389,0.995333
41266,6,34133,0.995176
41266,7,27768,0.995004
41266,8,36912,0.995003
41266,9,43394,0.994861
41266,10,41258,0.994443
41300,1,37600,0.960400
41300,2,13220,0.957634
41300,3,8366,0.957039
41300,4,24914,0.949346
41300,5,37544,0.948522
41300,6,37587,0.942725
41300,7,48259,0.942664
41300,8,31156,0.942248
41300,9,37623,0.941812
41300,10,17797,0.941211
41322,1,41320,0.964727
41322,2,41317,0.958697
41322,3,41315,0.949148
41322,4,41316,0.942082
41322,5,23303,0.941734
41322,6,30816,0.937846
41322,7,12157,0.937621
41322,8,42350,0.937385
41322,9,25900,0.937170
41322,10,39124,0.935177
41328,1,36475,0.879050
41328,2,42428,0.868344
41328,3,12128,0.861050
41328,4,35042,0.860425
41328,5,36494,0.858623
41328,6,15839,0.857194
41328,7,22041,0.855575
41328,8,47020,0.854588
41328,9,51232,0.852633
41328,10,42509,0.851355
41350,1,11332,0.977511
41350,2,41359,0.976327
41350,3,24755,0.975300
41350,4,11328,0.974824
41350,5,11331,0.974494
41350,6,11350,0.974357
41350,7,16510,0.972910
41350,8,28794,0.972642
41350,9,15670,0.972453
41350,10,10438,0.971703
41382,1,10363,0.929170
41382,2,21422,0.924091
41382,3,39223,0.921144
41382,4,42210,0.920257
41382,5,42203,0.918125
41382,6,42202,0.917242
41382,7,21113,0.916298
41382,8,33756,0.916148
41382,9,31316,0.916107
41382,10,39215,0.914072
41393,1,13813,0.960006
41393,2,11043,0.958892
41393,3,38798,0.957911
41393,4,38796,0.950492
41393,5,34206,0.946332
41393,6,18618,0.945531
41393,7,37716,0.944955
41393,8,13420,0.943789
41393,9,34231,0.942841
41393,10,17288,0.940193
41398,1,20318,0.969840
41398,2,36861,0.969604
41398,3,12908,0.968021
41398,4,10369,0.967869
41398,5,33057,0.967341
41398,6,5990,0.967025
41398,7,37738,0.966512
41398,8,33055,0.966386
41398,9,37139,0.965645
41398,10,8194,0.965181
41433,1,46797,0.974662
41433,2,14345,0.974321
41433,3,35698,0.973286
41433,4,15416,0.973174
41433,5,25584,0.973094
41433,6,27640,0.970918
41433,7,44763,0.970013
41433,8,12956,0.966661
41433,9,25423,0.965991
41433,10,7592,0.965758
41451,1,44784,0.969753
41451,2,44502,0.954336
41451,3,40466,0.953821
41451,4,39675,0.952778
41451,5,11974,0.952068
41451,6,11972,0.951600
41451,7,25453,0.949704
41451,8,12986,0.949018
41451,9,36449,0.948414
41451,10,6470,0.948102
41469,1,33520,0.963056
41469,2,46826,0.955389
41469,3,33519,0.952749
41469,4,46610,0.952494
41469,5,17658,0.951383
41469,6,35783,0.948647
41469,7,2897,0.946100
41469,8,46827,0.945778
41469,9,14415,0.944515
41469,10,2876,0.943983
41571,1,43627,0.937534
41571,2,38832,0.934154
41571,3,42551,0.933216
41571,4,38847,0.929685
41571,5,48084,0.928937
41571,6,39217,0.925185
41571,7,43625,0.923936
41571,8,49633,0.920409
41571,9,6875,0.918309
41571,10,40618,0.916994
41589,1,10430,0.983373
41589,2,16392,0.981044
41589,3,43488,0.979168
41589,4,37729,0.978854
41589,5,25533,0.978801
41589,6,16406,0.978311
41589,7,10421,0.978232
41589,8,20183,0.977972
41589,9,51420,0.976512
41589,10,13868,0.976388
41593,1,37723,0.990063
41593,2,37733,0.987967
41593,3,9875,0.987722
41593,4,27563,0.987448
41593,5,25540,0.986852
41593,6,37143,0.986691
41593,7,37141,0.986674
41593,8,37748,0.986506
41593,9,9244,0.986076
41593,10,28786,0.985871
41605,1,37731,0.982045
41605,2,37748,0.981726
41605,3,37787,0.981722
41605,4,37743,0.981248
41605,5,29657,0.981172
41605,6,20140,0.980794
41605,7,8877,0.980773
41605,8,16027,0.980368
41605,9,19718,0.980235
41605,10,37740,0.980054
41607,1,37764,0.960173
41607,2,19183,0.958269
41607,3,51410,0.955358
41607,4,8775,0.954715
41607,5,43488,0.952983
41607,6,51411,0.952908
41607,7,21021,0.952875
41607,8,41587,0.952868
41607,9,29798,0.952486
41607,10,16797,0.952451
41625,1,37102,0.961712
41625,2,37111,0.961624
41625,3,39811,0.959693
41625,4,39806,0.951379
41625,5,29676,0.951336
41625,6,15127,0.950920
41625,7,23072,0.948959
41625,8,39809,0.948557
41625,9,26384,0.948385
41625,10,39793,0.947660
41666,1,33329,0.992969
41666,2,18974,0.990798
41666,3,11063,0.990316
41666,4,41654,0.989483
41666,5,33249,0.988770
41666,6,33240,0.988640
41666,7,10355,0.988532
41666,8,39803,0.988461
41666,9,26801,0.988281
41666,10,33244,0.988171
41700,1,41696,0.988787
41700,2,41695,0.982645
41700,3,27629,0.980562
41700,4,28497,0.980066
41700,5,29690,0.977831
41700,6,12672,0.977172
41700,7,32457,0.977051
41700,8,10004,0.977028
41700,9,24309,0.976046
41700,10,41701,0.976027
41704,1,27084,0.984515
41704,2,46612,0.983161
41704,3,33135,0.983007
41704,4,47573,0.982730
41704,5,11492,0.981534
41704,6,20907,0.981164
41704,7,13028,0.980989
41704,8,33521,0.980964
41704,9,41688,0.979850
41704,10,17685,0.979303
41709,1,49602,0.975780
41709,2,19052,0.975059
41709,3,49590,0.974356
41709,4,13028,0.973664
41709,5,41688,0.971448
41709,6,17654,0.970798
41709,7,36614,0.969227
41709,8,39620,0.969086
41709,9,33135,0.968339
41709,10,22273,0.968066
41736,1,41671,0.974297
41736,2,41683,0.972863
41736,3,43927,0.971421
41736,4,41673,0.970142
41736,5,39606,0.969571
41736,6,39590,0.969173
41736,7,39610,0.967646
41736,8,22499,0.967104
41736,9,49579,0.966832
41736,10,39578,0.966532
41755,1,31158,0.958836
41755,2,31143,0.955137
41755,3,24907,0.953378
41755,4,35995,0.953103
41755,5,35895,0.952532
41755,6,24906,0.949179
41755,7,24908,0.949138
41755,8,36314,0.948981
41755,9,33139,0.946773
41755,10,48259,0.946700
41787,1,50708,0.965811
41787,2,47678,0.965677
41787,3,41767,0.963588
41787,4,39223,0.959743
41787,5,34574,0.959173
41787,6,41799,0.957361
41787,7,49652,0.957010
41787,8,43620,0.956345
41787,9,32401,0.955714
41787,10,10363,0.955024
41825,1,12972,0.957118
41825,2,10088,0.955824
41825,3,5619,0.955441
41825,4,44612,0.955296
41825,5,5240,0.955030
41825,6,43349,0.954983
41825,7,23843,0.953755
41825,8,10092,0.953546
41825,9,25461,0.953363
41825,10,44613,0.953005
41831,1,25440,0.948058
41831,2,17732,0.944072
41831,3,15518,0.943933
41831,4,12430,0.933746
41831,5,18482,0.930709
41831,6,44777,0.928935
41831,7,13076,0.926971
41831,8,36468,0.926256
41831,9,19302,0.925822
41831,10,40694,0.925758
41833,1,17747,0.945266
41833,2,25575,0.938611
41833,3,12717,0.936835
41833,4,4555,0.935808
41833,5,39639,0.931611
41833,6,34508,0.931594
41833,7,15375,0.930833
41833,8,15731,0.930655
41833,9,44758,0.929175
41833,10,5483,0.928560
41839,1,15385,0.963978
41839,2,6117,0.936378
41839,3,42997,0.929564
41839,4,23831,0.928878
41839,5,38669,0.927144
41839,6,39544,0.907473
41839,7,13974,0.907219
41839,8,26687,0.901486
41839,9,19128,0.900716
41839,10,41215,0.900712
41855,1,9436,0.886569
41855,2,41533,0.882874
41855,3,49802,0.878644
41855,4,19439,0.877316
41855,5,49794,0.877057
41855,6,48535,0.866564
41855,7,16537,0.864415
41855,8,49799,0.863057
41855,9,12439,0.858899
41855,10,49793,0.855294
41875,1,41877,0.940615
41875,2,5475,0.931891
41875,3,16111,0.917640
41875,4,15542,0.916831
41875,5,11965,0.914404
41875,6,22255,0.906156
41875,7,15253,0.901656
41875,8,22247,0.894587
41875,9,44942,0.887455
41875,10,18497,0.887039
41876,1,41877,0.986617
41876,2,41878,0.965929
41876,3,11965,0.951120
41876,4,11943,0.942488
41876,5,15738,0.942209
41876,6,26678,0.935768
41876,7,15070,0.933030
41876,8,16989,0.931668
41876,9,18497,0.931078
41876,10,33662,0.930469
41900,1,41901,0.993022
41900,2,41902,0.992845
41900,3,41899,0.988811
41900,4,41898,0.987131
41900,5,44140,0.979694
41900,6,23550,0.978931
41900,7,41903,0.978408
41900,8,44083,0.978238
41900,9,25991,0.976731
41900,10,46721,0.976078
41908,1,41906,0.980211
41908,2,23599,0.979683
41908,3,41905,0.979594
41908,4,41907,0.977950
41908,5,23589,0.976915
41908,6,23591,0.976829
41908,7,43088,0.975947
41908,8,23590,0.975805
41908,9,23608,0.974593
41908,10,18452,0.972700
42021,1,7048,0.953801
42021,2,40791,0.949951
42021,3,2503,0.947069
42021,4,6426,0.940603
42021,5,26691,0.940362
42021,6,4023,0.940293
42021,7,3246,0.940073
42021,8,19771,0.934711
42021,9,6368,0.934516
42021,10,17040,0.933566
42027,1,6656,0.972736
42027,2,13650,0.972277
42027,3,24408,0.971439
42027,4,43335,0.970931
42027,5,23941,0.969695
42027,6,41436,0.968825
42027,7,46080,0.968565
42027,8,40480,0.968407
42027,9,23939,0.967957
42027,10,5322,0.967885
42039,1,42034,0.950395
42039,2,28638,0.949859
42039,3,3460,0.946936
42039,4,25415,0.943936
42039,5,4549,0.943000
42039,6,22719,0.942089
42039,7,15709,0.941594
42039,8,6673,0.940549
42039,9,8976,0.940328
42039,10,29123,0.939738
42054,1,37650,0.991029
42054,2,42864,0.986592
42054,3,47291,0.986360
42054,4,48147,0.986277
42054,5,38469,0.986237
42054,6,33396,0.985633
42054,7,33446,0.985609
42054,8,33382,0.985193
42054,9,48148,0.985059
42054,10,44257,0.984775
42070,1,42084,0.950389
42070,2,37863,0.941655
42070,3,21821,0.936529
42070,4,37847,0.935312
42070,5,14968,0.926887
42070,6,25740,0.923080
42070,7,28594,0.921178
42070,8,14866,0.920887
42070,9,37864,0.920861
42070,10,28593,0.917512
42102,1,6484,0.985597
42102,2,42109,0.981733
42102,3,31263,0.979400
42102,4,12572,0.979055
42102,5,40078,0.977195
42102,6,3865,0.975127
42102,7,16493,0.974894
42102,8,17935,0.974560
42102,9,12636,0.974024
42102,10,24572,0.973658
42104,1,42122,0.992798
42104,2,18868,0.992288
42104,3,32429,0.990552
42104,4,13112,0.989789
42104,5,13111,0.989673
42104,6,24311,0.989580
42104,7,42115,0.989193
42104,8,40082,0.988764
42104,9,26465,0.988537
42104,10,40095,0.988412
42117,1,10831,0.981579
42117,2,14911,0.980629
42117,3,7352,0.980310
42117,4,9938,0.979197
42117,5,7278,0.978747
42117,6,28929,0.978734
42117,7,28928,0.978277
42117,8,10845,0.978106
42117,9,16441,0.977627
42117,10,3015,0.977283
42127,1,42092,0.896087
42127,2,15393,0.889505
42127,3,46109,0.884662
42127,4,22260,0.879351
42127,5,41880,0.875693
42127,6,2251,0.873101
42127,7,25494,0.872975
42127,8,30245,0.872712
42127,9,12980,0.870978
42127,10,3630,0.867700
42140,1,26607,0.978707
42140,2,42181,0.971315
42140,3,36461,0.969603
42140,4,44231,0.968910
42140,5,43335,0.968844
42140,6,5336,0.968044
42140,7,4151,0.966557
42140,8,7222,0.966367
42140,9,36458,0.966058
42140,10,23848,0.965603
42147,1,17034,0.907861
42147,2,44758,0.904285
42147,3,17039,0.903906
42147,4,43871,0.901822
42147,5,5933,0.900558
42147,6,15734,0.899540
42147,7,3560,0.899246
42147,8,15251,0.898919
42147,9,17038,0.896792
42147,10,22704,0.896396
42164,1,12622,0.976767
42164,2,8047,0.975186
42164,3,17266,0.973568
42164,4,44830,0.973565
42164,5,24044,0.973432
42164,6,16289,0.972629
42164,7,31582,0.972424
42164,8,28996,0.972179
42164,9,8412,0.972087
42164,10,31368,0.972022
42171,1,6116,0.952540
42171,2,13468,0.947982
42171,3,49942,0.943807
42171,4,16932,0.936710
42171,5,10373,0.935004
42171,6,7964,0.933354
42171,7,24341,0.930650
42171,8,17262,0.929082
42171,9,18611,0.926219
42171,10,24314,0.926021
42200,1,33163,0.919943
42200,2,42247,0.896897
42200,3,40376,0.895500
42200,4,45965,0.888166
42200,5,42210,0.880547
42200,6,15030,0.878763
42200,7,33751,0.878703
42200,8,40416,0.875746
42200,9,25702,0.873923
42200,10,33540,0.872507
42205,1,43518,0.832436
42205,2,37223,0.826885
42205,3,40435,0.823171
42205,4,41098,0.822786
42205,5,6987,0.820631
42205,6,48088,0.819922
42205,7,32566,0.818875
42205,8,32886,0.816671
42205,9,41777,0.815930
42205,10,44678,0.815528
42207,1,44690,0.935163
42207,2,43650,0.921857
42207,3,46274,0.914510
42207,4,11016,0.911977
42207,5,42231,0.907763
42207,6,42244,0.903040
42207,7,19737,0.895254
42207,8,11034,0.894847
42207,9,48492,0.893552
42207,10,34476,0.889568
42209,1,42235,0.843208
42209,2,7197,0.839872
42209,3,38843,0.811999
42209,4,45103,0.807904
42209,5,11430,0.806987
42209,6,12066,0.802343
42209,7,26955,0.798097
42209,8,42399,0.794726
42209,9,40622,0.794479
42209,10,40407,0.789541
42214,1,48492,0.923833
42214,2,37265,0.916379
42214,3,46274,0.911386
42214,4,11525,0.903755
42214,5,41377,0.902918
42214,6,31316,0.901939
42214,7,7317,0.901866
42214,8,38866,0.901238
42214,9,19737,0.899150
42214,10,44690,0.897742
42223,1,24172,0.804218
42223,2,33747,0.790981
42223,3,31937,0.787585
42223,4,9799,0.784514
42223,5,46275,0.774590
42223,6,42228,0.774556
42223,7,38833,0.772267
42223,8,15092,0.763083
42223,9,18892,0.758699
42223,10,42221,0.754771
42225,1,26955,0.926979
42225,2,12610,0.913121
42225,3,42230,0.907609
42225,4,33755,0.904658
42225,5,12606,0.895597
42225,6,19637,0.889204
42225,7,10514,0.887488
42225,8,16136,0.887228
42225,9,42399,0.886324
42225,10,38863,0.884452
42232,1,26952,0.933521
42232,2,26888,0.931416
42232,3,26893,0.929833
42232,4,42399,0.928091
42232,5,27263,0.927210
42232,6,5750,0.926845
42232,7,9106,0.924342
42232,8,16140,0.923896
42232,9,16147,0.923514
42232,10,40119,0.923118
42250,1,7305,0.964229
42250,2,44683,0.964048
42250,3,39216,0.962970
42250,4,39718,0.961156
42250,5,20126,0.960622
42250,6,39730,0.958619
42250,7,38866,0.957485
42250,8,10382,0.957112
42250,9,8450,0.956931
42250,10,21113,0.956703
42255,1,44288,0.863639
42255,2,27621,0.853718
42255,3,40278,0.846755
42255,4,44289,0.846392
42255,5,37102,0.844299
42255,6,29677,0.844024
42255,7,27622,0.844007
42255,8,44290,0.843431
42255,9,29676,0.841807
42255,10,37111,0.840540
42272,1,42270,0.973764
42272,2,17694,0.971170
42272,3,42274,0.966078
42272,4,49408,0.963361
42272,5,49406,0.960730
42272,6,5864,0.955284
42272,7,49434,0.955111
42272,8,49419,0.954409
42272,9,24299,0.952416
42272,10,18539,0.951368
42327,1,42323,0.993406
42327,2,42326,0.992700
42327,3,34963,0.992535
42327,4,49918,0.992155
42327,5,34987,0.992090
42327,6,34982,0.991887
42327,7,50889,0.991845
42327,8,50871,0.991562
42327,9,45991,0.990935
42327,10,50880,0.990771
42330,1,42319,0.991356
42330,2,34995,0.990097
42330,3,49928,0.989400
42330,4,34987,0.989322
42330,5,51101,0.989249
42330,6,50889,0.989049
42330,7,49923,0.988937
42330,8,45988,0.988899
42330,9,34983,0.988869
42330,10,50903,0.988770
42400,1,33751,0.949292
42400,2,42210,0.934130
42400,3,40376,0.930843
42400,4,48092,0.925206
42400,5,25702,0.923333
42400,6,45965,0.919329
42400,7,39721,0.919292
42400,8,26912,0.918947
42400,9,40424,0.917037
42400,10,23052,0.915625
42430,1,28720,0.917539
42430,2,40182,0.912903
42430,3,14540,0.910985
42430,4,12110,0.907938
42430,5,24173,0.907929
42430,6,22774,0.903284
42430,7,28952,0.900729
42430,8,28769,0.900154
42430,9,25692,0.898539
42430,10,11556,0.898415
42511,1,33540,0.918038
42511,2,40387,0.906310
42511,3,20364,0.899765
42511,4,20014,0.880867
42511,5,42401,0.876671
42511,6,30909,0.871152
42511,7,33163,0.865657
42511,8,26912,0.862308
42511,9,25702,0.861850
42511,10,42247,0.861804
42513,1,31937,0.904203
42513,2,46275,0.876681
42513,3,42228,0.856572
42513,4,9799,0.855783
42513,5,46287,0.851113
42513,6,43332,0.846827
42513,7,18892,0.843755
42513,8,15092,0.840119
42513,9,38833,0.835309
42513,10,30958,0.834055
42528,1,11625,0.988100
42528,2,42546,0.987156
42528,3,22776,0.986805
42528,4,32231,0.986627
42528,5,12061,0.986067
42528,6,22761,0.985955
42528,7,12063,0.985818
42528,8,28724,0.985603
42528,9,21930,0.985528
42528,10,22052,0.985127
42530,1,50323,0.987674
42530,2,42559,0.986187
42530,3,39453,0.985096
42530,4,42553,0.984706
42530,5,42655,0.984678
42530,6,39181,0.984659
42530,7,22018,0.983747
42530,8,18295,0.983034
42530,9,40570,0.982904
42530,10,40576,0.982753
42536,1,20112,0.987502
42536,2,45724,0.987265
42536,3,42549,0.985929
42536,4,42425,0.985024
42536,5,42535,0.984153
42536,6,36492,0.983626
42536,7,24373,0.983354
42536,8,42545,0.983347
42536,9,24387,0.983003
42536,10,42546,0.982880
42550,1,33022,0.982999
42550,2,24537,0.981923
42550,3,22741,0.980791
42550,4,11804,0.980413
42550,5,28940,0.980296
42550,6,39151,0.978325
42550,7,27275,0.978177
42550,8,27301,0.978097
42550,9,12787,0.977425
42550,10,40663,0.977391
42556,1,42546,0.990886
42556,2,36492,0.989981
42556,3,19100,0.989690
42556,4,42545,0.989649
42556,5,40625,0.989406
42556,6,28745,0.989393
42556,7,39449,0.989336
42556,8,15840,0.989292
42556,9,33016,0.989030
42556,10,40660,0.988984
42563,1,40387,0.919690
42563,2,14103,0.919533
42563,3,20364,0.911204
42563,4,20119,0.905851
42563,5,34577,0.904017
42563,6,25702,0.891424
42563,7,42401,0.887422
42563,8,45965,0.872225
42563,9,42247,0.863742
42563,10,40376,0.863617
42564,1,40387,0.892444
42564,2,27876,0.892410
42564,3,12769,0.872218
42564,4,42248,0.838237
42564,5,27879,0.811678
42564,6,19062,0.809872
42564,7,45962,0.809590
42564,8,21168,0.807092
42564,9,30909,0.799412
42564,10,41387,0.797651
42566,1,21128,0.892912
42566,2,51453,0.881296
42566,3,25700,0.879586
42566,4,45983,0.874010
42566,5,51454,0.869868
42566,6,39218,0.868329
42566,7,18740,0.867966
42566,8,40429,0.866082
42566,9,32257,0.864376
42566,10,11038,0.863630
42583,1,21270,0.603488
42583,2,20937,0.589590
42583,3,2366,0.588678
42583,4,1934,0.587160
42583,5,51321,0.578585
42583,6,3334,0.578408
42583,7,9525,0.577997
42583,8,29192,0.575586
42583,9,46623,0.570838
42583,10,22971,0.570512
42608,1,48335,0.904248
42608,2,35120,0.893605
42608,3,48341,0.875963
42608,4,48332,0.872205
42608,5,46132,0.871037
42608,6,46145,0.869417
42608,7,48346,0.867411
42608,8,46124,0.865939
42608,9,46129,0.860910
42608,10,46170,0.859329
42625,1,42621,0.934274
42625,2,48651,0.929546
42625,3,42622,0.929293
42625,4,35309,0.928580
42625,5,46048,0.928386
42625,6,48674,0.926486
42625,7,48667,0.925411
42625,8,43770,0.924435
42625,9,43788,0.923432
42625,10,48610,0.922442
42685,1,39460,0.988286
42685,2,18267,0.987434
42685,3,42654,0.987100
42685,4,23319,0.987081
42685,5,42657,0.986836
42685,6,21923,0.985740
42685,7,42684,0.985667
42685,8,30871,0.985607
42685,9,33020,0.985455
42685,10,42683,0.985441
42690,1,13553,0.986871
42690,2,29121,0.984829
42690,3,13481,0.981632
42690,4,47616,0.981546
42690,5,13479,0.980419
42690,6,45405,0.980101
42690,7,47587,0.979273
42690,8,42695,0.978578
42690,9,47624,0.978386
42690,10,22263,0.977078
42691,1,32834,0.975212
42691,2,45423,0.973550
42691,3,47454,0.969913
42691,4,47620,0.963843
42691,5,42692,0.962685
42691,6,51763,0.960067
42691,7,26175,0.959826
42691,8,47615,0.959548
42691,9,10282,0.959140
42691,10,47453,0.958787
42708,1,47569,0.946335
42708,2,47570,0.945747
42708,3,22257,0.937731
42708,4,32809,0.936325
42708,5,50168,0.933541
42708,6,47567,0.932402
42708,7,47566,0.926421
42708,8,41740,0.925769
42708,9,47582,0.925337
42708,10,32812,0.923978
42723,1,13553,0.978524
42723,2,13479,0.973500
42723,3,45405,0.972327
42723,4,42722,0.971184
42723,5,47587,0.971033
42723,6,47624,0.970481
42723,7,45424,0.970290
42723,8,49593,0.970229
42723,9,45408,0.969934
42723,10,42696,0.969563
42725,1,13045,0.985147
42725,2,47587,0.984098
42725,3,20901,0.983278
42725,4,13479,0.983069
42725,5,47586,0.982869
42725,6,45394,0.982380
42725,7,45413,0.981250
42725,8,50169,0.980770
42725,9,45420,0.980390
42725,10,13483,0.978734
42729,1,47563,0.952763
42729,2,42727,0.914840
42729,3,45796,0.914444
42729,4,45386,0.914203
42729,5,10619,0.912857
42729,6,19018,0.907633
42729,7,44458,0.907522
42729,8,47464,0.906974
42729,9,45387,0.903996
42729,10,47564,0.899514
42807,1,42819,0.932729
42807,2,42820,0.929948
42807,3,42813,0.929010
42807,4,42812,0.929004
42807,5,42826,0.924334
42807,6,49983,0.921094
42807,7,42811,0.920518
42807,8,42822,0.919177
42807,9,42808,0.918943
42807,10,28880,0.918396
42814,1,42820,0.965955
42814,2,42813,0.963179
42814,3,42827,0.961905
42814,4,42819,0.959619
42814,5,42826,0.958834
42814,6,42812,0.958489
42814,7,42804,0.956660
42814,8,42823,0.955048
42814,9,42805,0.954978
42814,10,42810,0.954835
42815,1,42826,0.960794
42815,2,42820,0.959263
42815,3,42819,0.958266
42815,4,42812,0.956869
42815,5,42805,0.954412
42815,6,42813,0.953677
42815,7,42821,0.950018
42815,8,42827,0.949513
42815,9,42811,0.949506
42815,10,42816,0.948230
42829,1,5775,0.637443
42829,2,6217,0.614625
42829,3,45561,0.604721
42829,4,48509,0.595659
42829,5,42236,0.594774
42829,6,43702,0.590085
42829,7,48095,0.586847
42829,8,12851,0.584412
42829,9,51460,0.577277
42829,10,32569,0.574969
42853,1,42850,0.959952
42853,2,47363,0.959015
42853,3,42862,0.958926
42853,4,36989,0.958814
42853,5,21979,0.956795
42853,6,49528,0.954928
42853,7,16745,0.953379
42853,8,42879,0.953228
42853,9,42889,0.952437
42853,10,36983,0.952291
42861,1,50188,0.974708
42861,2,35901,0.972685
42861,3,50187,0.970895
42861,4,25188,0.970347
42861,5,14794,0.970281
42861,6,21950,0.970181
42861,7,10725,0.969886
42861,8,10224,0.969532
42861,9,34559,0.969404
42861,10,50238,0.969218
42897,1,37706,0.962043
42897,2,38415,0.959972
42897,3,42896,0.959793
42897,4,33482,0.959219
42897,5,38411,0.955828
42897,6,38418,0.954535
42897,7,18023,0.954472
42897,8,37056,0.953758
42897,9,17073,0.953465
42897,10,20408,0.951637
42903,1,42894,0.989608
42903,2,33475,0.979802
42903,3,33481,0.977878
42903,4,33469,0.976596
42903,5,33472,0.975853
42903,6,33726,0.975179
42903,7,20408,0.973638
42903,8,37063,0.973567
42903,9,42904,0.973100
42903,10,37056,0.972958
42907,1,45303,0.515713
42907,2,27797,0.513820
42907,3,25740,0.512791
42907,4,18818,0.512714
42907,5,8114,0.512446
42907,6,7646,0.510748
42907,7,37236,0.508119
42907,8,45318,0.507652
42907,9,14866,0.507065
42907,10,25755,0.506198
42936,1,18793,0.773798
42936,2,35176,0.770111
42936,3,15295,0.757480
42936,4,15293,0.754766
42936,5,20927,0.754499
42936,6,36052,0.747110
42936,7,25717,0.746366
42936,8,36035,0.744261
42936,9,51325,0.744231
42936,10,15660,0.744026
42941,1,42953,0.991794
42941,2,37993,0.991687
42941,3,37446,0.991457
42941,4,36022,0.990597
42941,5,18836,0.990451
42941,6,38386,0.990247
42941,7,27808,0.989918
42941,8,15938,0.989893
42941,9,15941,0.989696
42941,10,41241,0.989634
42972,1,42970,0.896450
42972,2,21589,0.888808
42972,3,1583,0.888009
42972,4,42969,0.886541
42972,5,2188,0.884647
42972,6,42971,0.880295
42972,7,2247,0.877458
42972,8,42974,0.876477
42972,9,42973,0.874570
42972,10,1580,0.866356
42983,1,42982,0.985744
42983,2,42981,0.982741
42983,3,42980,0.981574
42983,4,47271,0.979419
42983,5,51390,0.976496
42983,6,51385,0.976376
42983,7,51389,0.976051
42983,8,42978,0.976014
42983,9,42979,0.975807
42983,10,47272,0.973727
42984,1,40322,0.966558
42984,2,41231,0.955457
42984,3,6855,0.952947
42984,4,29123,0.951293
42984,5,36427,0.951152
42984,6,14333,0.949835
42984,7,4535,0.947792
42984,8,28638,0.947277
42984,9,42142,0.946501
42984,10,34638,0.945253
42995,1,35705,0.950490
42995,2,4553,0.944679
42995,3,22710,0.939725
42995,4,13971,0.936097
42995,5,4516,0.935825
42995,6,40320,0.934742
42995,7,31974,0.934104
42995,8,31975,0.933094
42995,9,47168,0.932884
42995,10,36417,0.931951
42998,1,32816,0.897177
42998,2,49814,0.881574
42998,3,16248,0.877873
42998,4,20940,0.874594
42998,5,44725,0.871989
42998,6,32814,0.866493
42998,7,35703,0.865322
42998,8,35578,0.863651
42998,9,49818,0.861319
42998,10,32803,0.861029
43007,1,17815,0.915817
43007,2,38788,0.913414
43007,3,19361,0.910553
43007,4,41862,0.907463
43007,5,3504,0.901623
43007,6,35699,0.899030
43007,7,22171,0.897815
43007,8,12484,0.897529
43007,9,22891,0.895203
43007,10,22694,0.894401
43046,1,38599,0.987698
43046,2,30621,0.984076
43046,3,44220,0.983901
43046,4,28562,0.983840
43046,5,38579,0.982429
43046,6,31465,0.982181
43046,7,9551,0.980776
43046,8,1907,0.980554
43046,9,22640,0.980407
43046,10,38634,0.980192
43047,1,5432,0.978610
43047,2,38639,0.976143
43047,3,1911,0.975855
43047,4,32638,0.975454
43047,5,30644,0.974422
43047,6,28616,0.974227
43047,7,28516,0.973680
43047,8,2273,0.973647
43047,9,22640,0.973360
43047,10,28562,0.973158
43080,1,34107,0.799595
43080,2,10647,0.785330
43080,3,4623,0.776794
43080,4,26893,0.771071
43080,5,12831,0.770159
43080,6,10656,0.768832
43080,7,29170,0.767257
43080,8,4926,0.765841
43080,9,44799,0.765813
43080,10,14073,0.765558
43083,1,43081,0.983639
43083,2,43082,0.983283
43083,3,14134,0.982912
43083,4,32635,0.982840
43083,5,30616,0.981123
43083,6,14029,0.979136
43083,7,9754,0.978805
43083,8,12810,0.978714
43083,9,10023,0.978678
43083,10,6526,0.978025
43153,1,17450,0.948802
43153,2,45039,0.945381
43153,3,32349,0.945342
43153,4,17426,0.945265
43153,5,45165,0.945150
43153,6,33875,0.944959
43153,7,32292,0.944830
43153,8,46544,0.944747
43153,9,32293,0.944678
43153,10,17448,0.942888
43154,1,11225,0.978697
43154,2,28441,0.975481
43154,3,40536,0.975194
43154,4,45897,0.975082
43154,5,46575,0.973877
43154,6,43197,0.973160
43154,7,49324,0.973074
43154,8,43194,0.972477
43154,9,25615,0.972408
43154,10,21688,0.972271
43160,1,45898,0.780748
43160,2,10329,0.780217
43160,3,21692,0.779719
43160,4,30018,0.774853
43160,5,37488,0.774399
43160,6,43155,0.773468
43160,7,25619,0.769382
43160,8,8137,0.769035
43160,9,19285,0.768583
43160,10,51530,0.768081
43167,1,38020,0.794286
43167,2,30036,0.787675
43167,3,43207,0.786648
43167,4,36756,0.784075
43167,5,5078,0.782873
43167,6,29513,0.782623
43167,7,25658,0.780855
43167,8,25679,0.780364
43167,9,39018,0.776447
43167,10,46476,0.775851
43170,1,13926,0.973908
43170,2,43197,0.973765
43170,3,28441,0.972886
43170,4,33917,0.971715
43170,5,45209,0.971425
43170,6,46312,0.971050
43170,7,51530,0.970638
43170,8,45213,0.970140
43170,9,25618,0.969749
43170,10,25615,0.969457
43180,1,32301,0.971246
43180,2,38043,0.970060
43180,3,43200,0.968861
43180,4,48035,0.968447
43180,5,31862,0.967839
43180,6,33889,0.967746
43180,7,30081,0.967676
43180,8,46563,0.967352
43180,9,32342,0.967031
43180,10,44980,0.966743
43211,1,25327,0.961102
43211,2,51549,0.960613
43211,3,32358,0.960322
43211,4,29494,0.959867
43211,5,49848,0.958782
43211,6,37324,0.957976
43211,7,45254,0.957391
43211,8,36784,0.955351
43211,9,29466,0.954319
43211,10,45914,0.954213
43219,1,46538,0.953124
43219,2,37324,0.951702
43219,3,37483,0.951031
43219,4,29466,0.950835
43219,5,44991,0.950688
43219,6,22922,0.949857
43219,7,25327,0.949767
43219,8,32358,0.949297
43219,9,51549,0.948982
43219,10,45295,0.948878
43253,1,28720,0.953422
43253,2,12110,0.930043
43253,3,11576,0.925655
43253,4,40182,0.921953
43253,5,25692,0.921351
43253,6,11556,0.918306
43253,7,19082,0.917785
43253,8,14540,0.917229
43253,9,14539,0.915434
43253,10,24173,0.915086
43264,1,36501,0.963281
43264,2,36503,0.961522
43264,3,33021,0.959070
43264,4,11596,0.957908
43264,5,28906,0.957684
43264,6,28871,0.957265
43264,7,32267,0.956884
43264,8,40570,0.956815
43264,9,39456,0.956628
43264,10,28954,0.956245
43285,1,1525,0.855001
43285,2,8352,0.846941
43285,3,25884,0.846483
43285,4,44279,0.844591
43285,5,21268,0.841362
43285,6,39509,0.832711
43285,7,29100,0.831727
43285,8,39490,0.828011
43285,9,4589,0.825963
43285,10,24325,0.824252
43290,1,44250,0.948592
43290,2,37419,0.946598
43290,3,37002,0.946101
43290,4,46978,0.945850
43290,5,28448,0.945628
43290,6,48186,0.945325
43290,7,17127,0.944300
43290,8,24624,0.943043
43290,9,37411,0.942710
43290,10,35909,0.942467
43294,1,38475,0.931680
43294,2,20593,0.929374
43294,3,36537,0.929149
43294,4,33383,0.927595
43294,5,14857,0.927298
43294,6,21019,0.926734
43294,7,14858,0.925271
43294,8,20559,0.925152
43294,9,20434,0.923865
43294,10,14853,0.922400
43319,1,21455,0.935196
43319,2,3976,0.935050
43319,3,16146,0.926068
43319,4,16145,0.923576
43319,5,10512,0.923373
43319,6,26360,0.921145
43319,7,27263,0.920883
43319,8,26872,0.919157
43319,9,35984,0.918955
43319,10,43531,0.917584
43322,1,32597,0.860236
43322,2,43699,0.839140
43322,3,34592,0.839097
43322,4,4935,0.812308
43322,5,4936,0.810828
43322,6,11432,0.805418
43322,7,38843,0.802203
43322,8,41784,0.801921
43322,9,45779,0.798800
43322,10,45102,0.787176
43333,1,43334,0.999530
43333,2,47379,0.976171
43333,3,37858,0.973968
43333,4,25168,0.973777
43333,5,25164,0.973333
43333,6,37415,0.972828
43333,7,25181,0.971797
43333,8,17122,0.971569
43333,9,27732,0.971018
43333,10,33404,0.970135
43345,1,35673,0.941460
43345,2,28315,0.937428
43345,3,32741,0.935608
43345,4,35676,0.935567
43345,5,35656,0.935474
43345,6,49502,0.935022
43345,7,49059,0.934950
43345,8,42275,0.934083
43345,9,15072,0.932194
43345,10,26531,0.930980
43356,1,34840,0.987971
43356,2,26600,0.982441
43356,3,22735,0.980874
43356,4,8071,0.980216
43356,5,42999,0.978546
43356,6,38673,0.978236
43356,7,10110,0.977923
43356,8,18409,0.977857
43356,9,40483,0.977284
43356,10,31689,0.977008
43363,1,22717,0.935740
43363,2,24629,0.933780
43363,3,8072,0.931718
43363,4,22492,0.930891
43363,5,3163,0.928374
43363,6,13688,0.925774
43363,7,15304,0.924743
43363,8,5618,0.924694
43363,9,26604,0.924597
43363,10,39896,0.923507
43373,1,41231,0.963898
43373,2,43232,0.961117
43373,3,34818,0.959229
43373,4,34638,0.956717
43373,5,6620,0.955557
43373,6,36427,0.952947
43373,7,36957,0.951512
43373,8,34822,0.951344
43373,9,23939,0.950757
43373,10,40322,0.950420
43374,1,43231,0.888320
43374,2,5585,0.885958
43374,3,39340,0.884956
43374,4,34653,0.877751
43374,5,35704,0.876933
43374,6,42013,0.872569
43374,7,36426,0.871236
43374,8,44231,0.870956
43374,9,41444,0.869084
43374,10,15714,0.868816
43378,1,19927,0.934763
43378,2,36693,0.930559
43378,3,41074,0.929379
43378,4,20869,0.924145
43378,5,26708,0.923801
43378,6,18401,0.922254
43378,7,19770,0.921169
43378,8,35591,0.920743
43378,9,13909,0.920239
43378,10,3627,0.919080
43399,1,29192,0.726002
43399,2,7781,0.719075
43399,3,24725,0.707910
43399,4,7522,0.705530
43399,5,5261,0.703987
43399,6,7090,0.701660
43399,7,19414,0.697102
43399,8,7123,0.695040
43399,9,15929,0.694506
43399,10,39488,0.693120
43400,1,18947,0.888496
43400,2,15535,0.885754
43400,3,49987,0.882048
43400,4,32024,0.866512
43400,5,18218,0.860623
43400,6,46870,0.858091
43400,7,46869,0.853705
43400,8,18948,0.849851
43400,9,18943,0.848567
43400,10,18951,0.846996
43479,1,7407,0.950827
43479,2,43478,0.948354
43479,3,10156,0.947063
43479,4,22184,0.944969
43479,5,22158,0.944642
43479,6,39261,0.944637
43479,7,43875,0.944278
43479,8,20699,0.943640
43479,9,20700,0.943152
43479,10,40694,0.941310
43493,1,43494,0.972870
43493,2,34348,0.969657
43493,3,43500,0.967570
43493,4,34379,0.967040
43493,5,38789,0.966781
43493,6,36173,0.966031
43493,7,34317,0.965619
43493,8,34339,0.965606
43493,9,4417,0.965531
43493,10,7475,0.964867
43528,1,40435,0.938651
43528,2,25894,0.937522
43528,3,38866,0.937350
43528,4,37933,0.936446
43528,5,7310,0.935937
43528,6,42206,0.935853
43528,7,21141,0.935665
43528,8,41377,0.935478
43528,9,43641,0.935241
43528,10,34597,0.933792
43530,1,37265,0.590577
43530,2,37925,0.569656
43530,3,18238,0.566981
43530,4,33182,0.561163
43530,5,37186,0.561156
43530,6,33181,0.559759
43530,7,37189,0.558704
43530,8,26894,0.558142
43530,9,9801,0.556984
43530,10,22485,0.556914
43540,1,46425,0.971718
43540,2,30057,0.968557
43540,3,51552,0.967959
43540,4,43188,0.967014
43540,5,45925,0.966712
43540,6,36900,0.966673
43540,7,32354,0.965794
43540,8,43193,0.965364
43540,9,45015,0.965352
43540,10,51551,0.965299
43547,1,11877,0.984398
43547,2,11912,0.984002
43547,3,15067,0.983910
43547,4,9102,0.983277
43547,5,11876,0.983030
43547,6,44533,0.982511
43547,7,11935,0.982298
43547,8,4648,0.981538
43547,9,24689,0.981322
43547,10,15361,0.981137
43559,1,17300,0.992853
43559,2,29114,0.986589
43559,3,43558,0.981901
43559,4,17301,0.980881
43559,5,43561,0.980577
43559,6,41851,0.979460
43559,7,17302,0.979068
43559,8,25434,0.978243
43559,9,7667,0.978012
43559,10,30547,0.977548
43572,1,47881,0.804379
43572,2,35147,0.802140
43572,3,27060,0.800936
43572,4,47148,0.799092
43572,5,51942,0.797054
43572,6,34766,0.796746
43572,7,25174,0.795460
43572,8,35900,0.794866
43572,9,47144,0.794824
43572,10,25286,0.794125
43614,1,33227,0.693234
43614,2,32597,0.685056
43614,3,11432,0.683785
43614,4,45102,0.681889
43614,5,49650,0.678726
43614,6,43699,0.667325
43614,7,10647,0.666261
43614,8,33178,0.660954
43614,9,19648,0.660948
43614,10,43637,0.660588
43615,1,33197,0.955948
43615,2,33183,0.949622
43615,3,33160,0.944579
43615,4,42249,0.942635
43615,5,37943,0.942218
43615,6,46272,0.938250
43615,7,32262,0.938082
43615,8,33162,0.937627
43615,9,42201,0.937582
43615,10,45778,0.936431
43643,1,34585,0.806914
43643,2,48478,0.798008
43643,3,41784,0.797795
43643,4,46216,0.797214
43643,5,43633,0.796386
43643,6,48469,0.793532
43643,7,26935,0.791845
43643,8,43644,0.791446
43643,9,34564,0.789797
43643,10,18758,0.789285
43667,1,18755,0.937117
43667,2,13470,0.936413
43667,3,18754,0.935948
43667,4,43652,0.932852
43667,5,42591,0.930895
43667,6,18735,0.929344
43667,7,32379,0.929090
43667,8,18894,0.928007
43667,9,38842,0.927954
43667,10,49647,0.927443
43701,1,2482,0.907528
43701,2,32568,0.896568
43701,3,7207,0.894807
43701,4,44683,0.893941
43701,5,33753,0.892839
43701,6,26956,0.889256
43701,7,46268,0.888543
43701,8,44642,0.887455
43701,9,2591,0.886864
43701,10,44679,0.885558
43723,1,43753,0.988839
43723,2,43722,0.982884
43723,3,43715,0.980541
43723,4,43754,0.978106
43723,5,43724,0.977593
43723,6,43745,0.975102
43723,7,43710,0.974895
43723,8,43751,0.974855
43723,9,43711,0.974754
43723,10,43735,0.971647
43737,1,43727,0.988459
43737,2,43710,0.986768
43737,3,43745,0.986512
43737,4,43715,0.985206
43737,5,43722,0.985091
43737,6,43757,0.985029
43737,7,43730,0.983359
43737,8,43711,0.982891
43737,9,43751,0.982196
43737,10,43753,0.981612
43744,1,43753,0.986627
43744,2,43730,0.984746
43744,3,43715,0.984251
43744,4,43745,0.984053
43744,5,43711,0.983599
43744,6,43751,0.982918
43744,7,43735,0.982601
43744,8,43710,0.981043
43744,9,43727,0.979957
43744,10,43740,0.979844
43755,1,43711,0.985344
43755,2,43756,0.985049
43755,3,43751,0.983328
43755,4,43718,0.983303
43755,5,43721,0.982653
43755,6,43714,0.982600
43755,7,43757,0.981745
43755,8,43745,0.981660
43755,9,43730,0.979445
43755,10,43715,0.979023
43768,1,43789,0.986564
43768,2,43841,0.984665
43768,3,43837,0.984255
43768,4,43786,0.983690
43768,5,43791,0.983483
43768,6,43790,0.982272
43768,7,43787,0.982066
43768,8,43815,0.981262
43768,9,43808,0.981053
43768,10,43816,0.980698
43795,1,43780,0.970090
43795,2,43794,0.969699
43795,3,43796,0.966525
43795,4,43792,0.962291
43795,5,43822,0.953313
43795,6,43819,0.952294
43795,7,43776,0.951168
43795,8,43793,0.950864
43795,9,43815,0.950217
43795,10,43816,0.947771
43811,1,43829,0.985266
43811,2,43813,0.984576
43811,3,43828,0.983547
43811,4,35315,0.982554
43811,5,35334,0.981498
43811,6,48650,0.981261
43811,7,43857,0.981193
43811,8,43831,0.980966
43811,9,43777,0.980766
43811,10,35327,0.980733
43812,1,43861,0.992577
43812,2,35316,0.990803
43812,3,48650,0.990799
43812,4,43859,0.990669
43812,5,43857,0.990468
43812,6,43866,0.990085
43812,7,48694,0.989753
43812,8,43776,0.989581
43812,9,43817,0.989178
43812,10,31714,0.989138
43820,1,43815,0.992271
43820,2,43776,0.990617
43820,3,43819,0.990553
43820,4,43830,0.989388
43820,5,43816,0.989289
43820,6,43763,0.989238
43820,7,35333,0.988995
43820,8,35315,0.988575
43820,9,43817,0.988430
43820,10,43861,0.988079
43821,1,43816,0.997791
43821,2,43817,0.997772
43821,3,43819,0.997444
43821,4,43776,0.997110
43821,5,43822,0.994386
43821,6,43818,0.994220
43821,7,48650,0.993221
43821,8,43815,0.993183
43821,9,43763,0.991560
43821,10,35316,0.991329
43838,1,43841,0.998209
43838,2,43837,0.995429
43838,3,43835,0.991669
43838,4,48713,0.991422
43838,5,48679,0.991022
43838,6,48650,0.990381
43838,7,48606,0.990117
43838,8,48684,0.989857
43838,9,48712,0.989606
43838,10,48675,0.989549
43858,1,43857,0.985058
43858,2,43855,0.984142
43858,3,43863,0.983501
43858,4,48692,0.983030
43858,5,43763,0.982717
43858,6,43864,0.981981
43858,7,43859,0.981478
43858,8,43866,0.981150
43858,9,43856,0.980582
43858,10,48626,0.980420
43888,1,47632,0.893133
43888,2,41466,0.868475
43888,3,12526,0.863147
43888,4,47640,0.858360
43888,5,17660,0.855074
43888,6,17683,0.847170
43888,7,13354,0.845239
43888,8,43889,0.842446
43888,9,22912,0.841632
43888,10,44460,0.840567
43890,1,26692,0.990104
43890,2,38550,0.988544
43890,3,13536,0.988444
43890,4,38551,0.986773
43890,5,4646,0.986711
43890,6,33862,0.985799
43890,7,34820,0.984780
43890,8,25448,0.984732
43890,9,33865,0.984038
43890,10,5609,0.983396
43891,1,16970,0.957945
43891,2,23895,0.953874
43891,3,16974,0.952745
43891,4,12858,0.952313
43891,5,41460,0.951040
43891,6,44441,0.949476
43891,7,6824,0.949152
43891,8,23502,0.947897
43891,9,20837,0.946109
43891,10,17973,0.946061
43897,1,6775,0.974627
43897,2,7913,0.974206
43897,3,35970,0.971434
43897,4,33070,0.969236
43897,5,17287,0.969219
43897,6,14315,0.968806
43897,7,38794,0.968747
43897,8,17285,0.968587
43897,9,29598,0.968521
43897,10,9310,0.967921
43959,1,12485,0.824717
43959,2,13172,0.823622
43959,3,12476,0.822822
43959,4,34120,0.808917
43959,5,26640,0.801231
43959,6,12489,0.798920
43959,7,24703,0.791102
43959,8,22886,0.787541
43959,9,43877,0.783300
43959,10,17815,0.779672
43977,1,43978,0.964155
43977,2,23569,0.962715
43977,3,43992,0.961709
43977,4,43966,0.960445
43977,5,44038,0.959922
43977,6,44132,0.958863
43977,7,23611,0.958858
43977,8,44162,0.958353
43977,9,46766,0.957752
43977,10,44053,0.956664
44045,1,44044,0.972569
44045,2,44380,0.969069
44045,3,46721,0.966875
44045,4,44381,0.966275
44045,5,44091,0.965435
44045,6,36807,0.965243
44045,7,27322,0.964927
44045,8,30976,0.964883
44045,9,23526,0.963069
44045,10,23567,0.962558
44051,1,37906,0.934836
44051,2,44070,0.930090
44051,3,44093,0.926714
44051,4,37910,0.923535
44051,5,25995,0.921320
44051,6,44040,0.908585
44051,7,46700,0.904593
44051,8,23606,0.894291
44051,9,37908,0.890264
44051,10,44124,0.884690
44056,1,46750,0.981868
44056,2,44142,0.981300
44056,3,26860,0.980490
44056,4,46918,0.980490
44056,5,46770,0.978188
44056,6,46919,0.977799
44056,7,46721,0.977797
44056,8,23603,0.977703
44056,9,44164,0.977603
44056,10,26028,0.976945
44065,1,46926,0.898939
44065,2,46790,0.897229
44065,3,26205,0.894431
44065,4,44142,0.894061
44065,5,46764,0.892868
44065,6,46751,0.892161
44065,7,44017,0.890669
44065,8,43972,0.888814
44065,9,46765,0.888028
44065,10,44380,0.887594
44068,1,44049,0.948945
44068,2,44952,0.946038
44068,3,28248,0.944902
44068,4,28221,0.941743
44068,5,32547,0.941418
44068,6,45773,0.941186
44068,7,43106,0.940593
44068,8,27339,0.939992
44068,9,44054,0.939907
44068,10,22553,0.939315
44073,1,37906,0.901741
44073,2,44070,0.900665
44073,3,36709,0.890766
44073,4,44040,0.886773
44073,5,46700,0.885529
44073,6,25995,0.881324
44073,7,46688,0.880710
44073,8,37908,0.880095
44073,9,37910,0.878995
44073,10,44090,0.877074
44115,1,36696,0.984198
44115,2,45669,0.982559
44115,3,44092,0.982083
44115,4,46770,0.981545
44115,5,44091,0.981331
44115,6,26029,0.980919
44115,7,30976,0.980436
44115,8,23603,0.980383
44115,9,23567,0.979883
44115,10,46932,0.979785
44150,1,44147,0.957520
44150,2,28221,0.954348
44150,3,44151,0.953736
44150,4,45717,0.951874
44150,5,46665,0.951722
44150,6,44007,0.951262
44150,7,23556,0.951207
44150,8,27326,0.950226
44150,9,46646,0.950174
44150,10,28232,0.949355
44154,1,44156,0.936427
44154,2,23570,0.930118
44154,3,44155,0.929070
44154,4,32523,0.928996
44154,5,23545,0.926328
44154,6,32533,0.922337
44154,7,23561,0.922184
44154,8,32521,0.920031
44154,9,44153,0.919693
44154,10,44167,0.919548
44174,1,44155,0.691380
44174,2,23570,0.687278
44174,3,32523,0.680799
44174,4,26784,0.680798
44174,5,41910,0.678770
44174,6,32533,0.678191
44174,7,32534,0.678020
44174,8,32522,0.678006
44174,9,23545,0.675658
44174,10,32521,0.671755
44179,1,44181,0.986126
44179,2,44180,0.984573
44179,3,23611,0.984453
44179,4,27329,0.983510
44179,5,46953,0.982904
44179,6,23613,0.982360
44179,7,44162,0.981475
44179,8,27321,0.981285
44179,9,43993,0.980687
44179,10,45710,0.980547
44193,1,44195,0.988232
44193,2,44199,0.986462
44193,3,44218,0.984967
44193,4,44721,0.984912
44193,5,44209,0.984713
44193,6,44206,0.984396
44193,7,40759,0.983751
44193,8,40751,0.982823
44193,9,49815,0.980977
44193,10,49838,0.980734
44198,1,45796,0.948588
44198,2,47563,0.932950
44198,3,47564,0.931239
44198,4,40752,0.927497
44198,5,45824,0.926568
44198,6,22502,0.916649
44198,7,47464,0.899708
44198,8,49827,0.884552
44198,9,49826,0.883542
44198,10,19018,0.880930
44210,1,44200,0.983301
44210,2,41912,0.978544
44210,3,44192,0.977682
44210,4,49816,0.976295
44210,5,40749,0.975795
44210,6,44189,0.975502
44210,7,44196,0.975486
44210,8,44202,0.975450
44210,9,41921,0.975229
44210,10,44208,0.974863
44217,1,41938,0.986226
44217,2,44212,0.985515
44217,3,44191,0.985208
44217,4,44207,0.985000
44217,5,41939,0.984109
44217,6,36134,0.983452
44217,7,44213,0.983243
44217,8,44204,0.982718
44217,9,44197,0.981657
44217,10,49836,0.978874
44219,1,7585,0.981159
44219,2,15347,0.979715
44219,3,9556,0.974860
44219,4,2615,0.974672
44219,5,1913,0.970654
44219,6,7577,0.970500
44219,7,7555,0.970073
44219,8,7519,0.969542
44219,9,7521,0.968782
44219,10,44223,0.967302
44229,1,6624,0.965124
44229,2,22983,0.960793
44229,3,35934,0.960503
44229,4,15314,0.959797
44229,5,5459,0.959165
44229,6,46799,0.958527
44229,7,43362,0.957212
44229,8,9112,0.955974
44229,9,5590,0.955528
44229,10,7724,0.955005
44244,1,44242,0.972331
44244,2,25168,0.969870
44244,3,42840,0.968112
44244,4,17123,0.967276
44244,5,17128,0.967232
44244,6,2649,0.967097
44244,7,17130,0.965975
44244,8,27746,0.965882
44244,9,38434,0.965616
44244,10,21996,0.964750
44254,1,29081,0.942968
44254,2,18596,0.909926
44254,3,35106,0.902142
44254,4,50816,0.901920
44254,5,37864,0.901800
44254,6,14860,0.900308
44254,7,21818,0.898777
44254,8,14870,0.897300
44254,9,21822,0.896475
44254,10,37874,0.895114
44271,1,36542,0.994822
44271,2,42067,0.993605
44271,3,36097,0.993499
44271,4,41267,0.993337
44271,5,37876,0.992906
44271,6,38299,0.992750
44271,7,38298,0.991660
44271,8,51772,0.991619
44271,9,41258,0.991288
44271,10,40219,0.990986
44273,1,44272,0.992292
44273,2,36922,0.990468
44273,3,43386,0.989407
44273,4,43393,0.988902
44273,5,43388,0.987972
44273,6,37873,0.987553
44273,7,37871,0.986469
44273,8,42965,0.986399
44273,9,27791,0.986151
44273,10,25088,0.985772
44287,1,6160,0.975396
44287,2,13437,0.973178
44287,3,37977,0.971265
44287,4,10467,0.969961
44287,5,10480,0.968987
44287,6,13423,0.968595
44287,7,34207,0.968159
44287,8,34232,0.967477
44287,9,6097,0.966299
44287,10,12196,0.965657
44333,1,6014,0.955362
44333,2,5974,0.954386
44333,3,9748,0.953830
44333,4,44292,0.952197
44333,5,39776,0.952051
44333,6,5947,0.951694
44333,7,5943,0.951256
44333,8,10793,0.951126
44333,9,5966,0.950840
44333,10,6016,0.950495
44377,1,44063,0.850796
44377,2,22560,0.832079
44377,3,22558,0.829680
44377,4,28257,0.828881
44377,5,44957,0.827163
44377,6,44049,0.818718
44377,7,28232,0.816934
44377,8,44952,0.816763
44377,9,44096,0.816370
44377,10,44955,0.816162
44382,1,27305,0.982062
44382,2,44955,0.981148
44382,3,44956,0.979814
44382,4,27308,0.977182
44382,5,32547,0.974499
44382,6,27327,0.972980
44382,7,28222,0.972568
44382,8,27306,0.972275
44382,9,44957,0.972174
44382,10,27328,0.971382
44397,1,44396,0.955742
44397,2,44398,0.939905
44397,3,12957,0.938224
44397,4,39639,0.937092
44397,5,5577,0.936461
44397,6,9208,0.934282
44397,7,7987,0.933471
44397,8,9213,0.932883
44397,9,39891,0.932530
44397,10,4517,0.932303
44406,1,44405,0.956398
44406,2,26645,0.940558
44406,3,18480,0.934214
44406,4,9213,0.931082
44406,5,9380,0.927237
44406,6,46327,0.926790
44406,7,24253,0.923793
44406,8,3297,0.922624
44406,9,15721,0.922341
44406,10,44403,0.921598
44444,1,25494,0.882299
44444,2,45824,0.853981
44444,3,42092,0.852173
44444,4,47564,0.851971
44444,5,8077,0.846890
44444,6,20955,0.840581
44444,7,8546,0.839201
44444,8,24079,0.835814
44444,9,41880,0.826169
44444,10,49826,0.826167
44454,1,44458,0.911999
44454,2,10270,0.907658
44454,3,2877,0.899025
44454,4,22539,0.883330
44454,5,21721,0.881665
44454,6,10272,0.879947
44454,7,32809,0.876696
44454,8,47458,0.871991
44454,9,46819,0.867459
44454,10,13040,0.866458
44501,1,44502,0.983242
44501,2,11972,0.973990
44501,3,40466,0.971900
44501,4,10160,0.971326
44501,5,44493,0.970325
44501,6,44500,0.969522
44501,7,39642,0.969024
44501,8,40467,0.968989
44501,9,34088,0.968400
44501,10,22094,0.967686
44503,1,42990,0.932634
44503,2,8220,0.929348
44503,3,6681,0.924370
44503,4,36417,0.922152
44503,5,3376,0.913909
44503,6,4562,0.908644
44503,7,3375,0.908507
44503,8,5473,0.907338
44503,9,42989,0.907242
44503,10,46089,0.906112
44532,1,44535,0.977900
44532,2,11911,0.976976
44532,3,44559,0.976028
44532,4,44547,0.974254
44532,5,28320,0.971609
44532,6,44560,0.971465
44532,7,44546,0.971051
44532,8,44549,0.969944
44532,9,24687,0.969417
44532,10,44518,0.968785
44539,1,44512,0.985317
44539,2,44529,0.978662
44539,3,28332,0.976649
44539,4,44541,0.976045
44539,5,39287,0.975945
44539,6,34521,0.975179
44539,7,44556,0.975012
44539,8,44511,0.974757
44539,9,44563,0.974720
44539,10,28328,0.974678
44552,1,44555,0.981215
44552,2,44568,0.979475
44552,3,9018,0.977345
44552,4,12865,0.976845
44552,5,11907,0.975776
44552,6,11935,0.975462
44552,7,28328,0.975221
44552,8,15362,0.974555
44552,9,39826,0.974555
44552,10,12869,0.974393
44569,1,44564,0.993708
44569,2,39282,0.977006
44569,3,44563,0.973444
44569,4,21087,0.972620
44569,5,44568,0.970936
44569,6,44555,0.969372
44569,7,21095,0.968792
44569,8,44520,0.966780
44569,9,44525,0.966318
44569,10,39822,0.966152
44572,1,23895,0.967731
44572,2,16972,0.967668
44572,3,22689,0.964123
44572,4,33647,0.961578
44572,5,26688,0.960209
44572,6,35501,0.958612
44572,7,17960,0.958344
44572,8,5296,0.957331
44572,9,44448,0.955879
44572,10,44570,0.954967
44586,1,44583,0.984480
44586,2,42258,0.979507
44586,3,44579,0.979471
44586,4,16510,0.979344
44586,5,44924,0.978889
44586,6,10485,0.978690
44586,7,46895,0.978421
44586,8,24204,0.978275
44586,9,14124,0.978053
44586,10,10489,0.978029
44608,1,41267,0.992913
44608,2,41272,0.992484
44608,3,41269,0.992291
44608,4,42073,0.992203
44608,5,44604,0.991682
44608,6,41273,0.991584
44608,7,42067,0.991194
44608,8,38296,0.991111
44608,9,41271,0.991041
44608,10,36098,0.990504
44632,1,32620,0.994501
44632,2,38575,0.993897
44632,3,38576,0.992959
44632,4,17927,0.992808
44632,5,30651,0.992427
44632,6,46748,0.992263
44632,7,38572,0.991994
44632,8,32645,0.990651
44632,9,38573,0.989351
44632,10,11275,0.989297
44635,1,1949,0.908188
44635,2,37901,0.902473
44635,3,6791,0.894277
44635,4,21225,0.892489
44635,5,12633,0.890115
44635,6,7796,0.889088
44635,7,19425,0.888074
44635,8,8748,0.887637
44635,9,6932,0.887565
44635,10,44926,0.886436
44676,1,44670,0.971063
44676,2,25523,0.966857
44676,3,43226,0.963536
44676,4,44675,0.962679
44676,5,43305,0.961977
44676,6,27869,0.960441
44676,7,18750,0.957276
44676,8,7149,0.956265
44676,9,41388,0.954730
44676,10,48093,0.953464
44681,1,30837,0.936264
44681,2,45731,0.929576
44681,3,40574,0.927561
44681,4,28948,0.927070
44681,5,28703,0.926750
44681,6,28734,0.925925
44681,7,42673,0.925722
44681,8,32212,0.925425
44681,9,23211,0.924887
44681,10,45832,0.924445
44687,1,44688,0.979426
44687,2,51448,0.968982
44687,3,43672,0.967707
44687,4,47674,0.967205
44687,5,25908,0.967126
44687,6,34572,0.966626
44687,7,48477,0.966500
44687,8,39723,0.966166
44687,9,6874,0.963664
44687,10,47651,0.963263
44703,1,44678,0.950527
44703,2,43641,0.939796
44703,3,41377,0.933274
44703,4,48088,0.932538
44703,5,11525,0.928964
44703,6,32381,0.928433
44703,7,40435,0.925623
44703,8,41777,0.922884
44703,9,41791,0.921900
44703,10,8456,0.921795
44714,1,33863,0.977857
44714,2,44715,0.977453
44714,3,41213,0.977210
44714,4,44719,0.976134
44714,5,38676,0.974984
44714,6,44709,0.974249
44714,7,30244,0.973639
44714,8,32185,0.971979
44714,9,17969,0.970310
44714,10,39950,0.970299
44731,1,15878,0.688619
44731,2,33087,0.688227
44731,3,14364,0.686738
44731,4,40740,0.657157
44731,5,22533,0.645336
44731,6,39203,0.641200
44731,7,32830,0.634807
44731,8,33098,0.631882
44731,9,20956,0.629325
44731,10,32851,0.628553
44742,1,3677,0.945268
44742,2,3654,0.942588
44742,3,38657,0.941777
44742,4,8215,0.941165
44742,5,34846,0.937271
44742,6,36948,0.936533
44742,7,15399,0.936472
44742,8,25440,0.935265
44742,9,34837,0.935154
44742,10,40326,0.934917
44747,1,7828,0.865669
44747,2,19311,0.836926
44747,3,11932,0.834323
44747,4,3218,0.824920
44747,5,10635,0.808640
44747,6,22914,0.803357
44747,7,13542,0.798186
44747,8,34520,0.794890
44747,9,24259,0.788668
44747,10,17684,0.784629
44751,1,7395,0.959525
44751,2,6377,0.958844
44751,3,5050,0.953290
44751,4,44758,0.952494
44751,5,6376,0.951726
44751,6,28614,0.951505
44751,7,22091,0.951175
44751,8,17034,0.950818
44751,9,26633,0.950421
44751,10,34640,0.949521
44764,1,44762,0.979183
44764,2,4151,0.975147
44764,3,24428,0.975084
44764,4,42131,0.974353
44764,5,44763,0.973635
44764,6,26597,0.973035
44764,7,26607,0.972416
44764,8,42993,0.971774
44764,9,4469,0.970060
44764,10,7830,0.969774
44771,1,22543,0.941913
44771,2,23908,0.938737
44771,3,13071,0.935345
44771,4,29562,0.934631
44771,5,9213,0.932419
44771,6,23500,0.932245
44771,7,17483,0.932129
44771,8,39639,0.931427
44771,9,3674,0.929895
44771,10,13116,0.929874
44776,1,5699,0.939966
44776,2,7037,0.939425
44776,3,13072,0.939076
44776,4,34642,0.937701
44776,5,4270,0.937321
44776,6,5723,0.935511
44776,7,44492,0.934795
44776,8,13116,0.934441
44776,9,5703,0.931536
44776,10,2380,0.930822
44778,1,4997,0.953503
44778,2,42178,0.952502
44778,3,13917,0.951376
44778,4,8083,0.948066
44778,5,33828,0.947994
44778,6,40468,0.946797
44778,7,2219,0.946667
44778,8,8967,0.943671
44778,9,29561,0.942818
44778,10,12900,0.942510
44814,1,37190,0.934392
44814,2,44799,0.921883
44814,3,11036,0.918406
44814,4,33221,0.916778
44814,5,27260,0.913556
44814,6,11097,0.911329
44814,7,16149,0.910609
44814,8,33212,0.908097
44814,9,26954,0.906914
44814,10,10414,0.906139
44832,1,26281,0.979051
44832,2,18631,0.972852
44832,3,29551,0.972199
44832,4,26502,0.971334
44832,5,31283,0.970537
44832,6,22480,0.970413
44832,7,7439,0.970348
44832,8,24021,0.970102
44832,9,12729,0.970021
44832,10,10066,0.969694
44848,1,24341,0.966543
44848,2,16932,0.960743
44848,3,4814,0.955898
44848,4,17262,0.954108
44848,5,24314,0.950688
44848,6,6116,0.950471
44848,7,48075,0.949110
44848,8,13467,0.948102
44848,9,3926,0.947193
44848,10,49942,0.946623
44881,1,44917,0.900687
44881,2,34201,0.898642
44881,3,44914,0.896739
44881,4,21600,0.891111
44881,5,13108,0.889706
44881,6,18976,0.888200
44881,7,32456,0.887717
44881,8,26464,0.885782
44881,9,40108,0.885303
44881,10,26317,0.885257
44895,1,12624,0.970883
44895,2,10840,0.969113
44895,3,22318,0.968979
44895,4,4096,0.967959
44895,5,15474,0.966927
44895,6,16206,0.966789
44895,7,14681,0.966660
44895,8,19244,0.966264
44895,9,15192,0.966221
44895,10,10460,0.966034
44898,1,44887,0.980623
44898,2,36862,0.974915
44898,3,6113,0.974289
44898,4,18940,0.972377
44898,5,7454,0.972307
44898,6,31266,0.970708
44898,7,44886,0.968967
44898,8,29784,0.968711
44898,9,24335,0.967438
44898,10,16900,0.966978
44930,1,48384,0.971029
44930,2,23453,0.965647
44930,3,44932,0.965123
44930,4,48387,0.965094
44930,5,31673,0.963643
44930,6,23457,0.963431
44930,7,16921,0.963416
44930,8,16920,0.962965
44930,9,31672,0.962104
44930,10,11294,0.961954
44954,1,28227,0.988636
44954,2,27307,0.988386
44954,3,44956,0.988140
44954,4,28275,0.987416
44954,5,22553,0.987327
44954,6,28231,0.987283
44954,7,28247,0.987011
44954,8,28250,0.986892
44954,9,26746,0.986395
44954,10,28254,0.986231
44965,1,44975,0.980943
44965,2,44966,0.977625
44965,3,44968,0.976018
44965,4,44969,0.973878
44965,5,36777,0.972979
44965,6,44963,0.966349
44965,7,11212,0.961725
44965,8,49747,0.960869
44965,9,51135,0.960175
44965,10,36764,0.959595
44977,1,21669,0.940978
44977,2,41047,0.939766
44977,3,43200,0.939025
44977,4,45160,0.938219
44977,5,30051,0.937647
44977,6,25668,0.937187
44977,7,38042,0.936736
44977,8,32333,0.936640
44977,9,45265,0.936318
44977,10,43185,0.935852
44978,1,45898,0.931125
44978,2,19289,0.925946
44978,3,11208,0.920794
44978,4,23290,0.916837
44978,5,37481,0.915694
44978,6,45136,0.915618
44978,7,17456,0.914503
44978,8,19299,0.914224
44978,9,33916,0.912485
44978,10,33930,0.912479
44985,1,44983,0.843201
44985,2,44984,0.826944
44985,3,43168,0.795565
44985,4,46479,0.795277
44985,5,36806,0.793299
44985,6,43194,0.792810
44985,7,19259,0.792623
44985,8,33923,0.790608
44985,9,46459,0.790129
44985,10,49324,0.789965
44993,1,22920,0.876445
44993,2,19298,0.875396
44993,3,26337,0.861785
44993,4,19267,0.859446
44993,5,36757,0.858235
44993,6,45179,0.858151
44993,7,46308,0.857561
44993,8,51525,0.854777
44993,9,19296,0.854593
44993,10,48027,0.854127
45022,1,45021,0.981659
45022,2,45025,0.981039
45022,3,45026,0.975011
45022,4,13057,0.965095
45022,5,43194,0.963907
45022,6,33918,0.963588
45022,7,45023,0.962996
45022,8,40534,0.962901
45022,9,37334,0.962305
45022,10,51627,0.962262
45024,1,45026,0.998017
45024,2,45025,0.987156
45024,3,46575,0.984194
45024,4,49870,0.983148
45024,5,33918,0.981470
45024,6,40534,0.980504
45024,7,45198,0.979029
45024,8,49324,0.978156
45024,9,45200,0.978110
45024,10,45186,0.977765
45049,1,48528,0.967934
45049,2,34813,0.963894
45049,3,3621,0.962794
45049,4,30244,0.961543
45049,5,11852,0.959686
45049,6,44711,0.959610
45049,7,42022,0.959393
45049,8,6122,0.958981
45049,9,22962,0.957817
45049,10,15409,0.957486
45119,1,45118,0.984438
45119,2,17436,0.981406
45119,3,17423,0.977852
45119,4,45140,0.977187
45119,5,45138,0.976282
45119,6,33883,0.974386
45119,7,17417,0.973539
45119,8,10236,0.973488
45119,9,46561,0.973360
45119,10,29751,0.973101
45120,1,45299,0.922290
45120,2,33911,0.921323
45120,3,26337,0.905218
45120,4,25327,0.902994
45120,5,29466,0.900106
45120,6,40522,0.899701
45120,7,29491,0.897755
45120,8,32358,0.897163
45120,9,48030,0.897046
45120,10,37324,0.896299
45126,1,26328,0.982107
45126,2,45210,0.981196
45126,3,5079,0.979951
45126,4,13054,0.979107
45126,5,10705,0.978459
45126,6,17435,0.978327
45126,7,49324,0.978283
45126,8,45213,0.977945
45126,9,43196,0.977541
45126,10,45911,0.976876
45142,1,33912,0.954712
45142,2,44979,0.950283
45142,3,45916,0.950173
45142,4,51659,0.948616
45142,5,31824,0.948251
45142,6,45173,0.948086
45142,7,45168,0.947861
45142,8,29433,0.947627
45142,9,33905,0.947071
45142,10,45030,0.946941
45149,1,37290,0.982191
45149,2,33883,0.981837
45149,3,51655,0.979748
45149,4,51659,0.979013
45149,5,32325,0.978451
45149,6,45118,0.978198
45149,7,17436,0.977687
45149,8,45906,0.977305
45149,9,46483,0.976463
45149,10,29457,0.975218
45152,1,45256,0.970806
45152,2,37290,0.970000
45152,3,33900,0.967176
45152,4,45034,0.966194
45152,5,51655,0.965354
45152,6,41041,0.964706
45152,7,45906,0.961014
45152,8,11634,0.960146
45152,9,37296,0.960030
45152,10,37293,0.959842
45155,1,37290,0.984807
45155,2,33884,0.983730
45155,3,32357,0.982946
45155,4,10587,0.982229
45155,5,33883,0.981039
45155,6,29457,0.980509
45155,7,51659,0.980200
45155,8,29439,0.979984
45155,9,43193,0.979627
45155,10,32293,0.979445
45156,1,30081,0.946028
45156,2,44980,0.942798
45156,3,8108,0.935456
45156,4,38008,0.935402
45156,5,48035,0.933358
45156,6,45027,0.932463
45156,7,46563,0.931438
45156,8,39021,0.931410
45156,9,46737,0.928447
45156,10,32375,0.928093
45164,1,25327,0.964298
45164,2,33911,0.962932
45164,3,40522,0.960698
45164,4,49848,0.959612
45164,5,36784,0.958088
45164,6,45920,0.957430
45164,7,32358,0.956851
45164,8,46552,0.953148
45164,9,46519,0.952798
45164,10,26337,0.952474
45190,1,51636,0.989062
45190,2,45186,0.987189
45190,3,45215,0.986520
45190,4,45198,0.985464
45190,5,11214,0.983808
45190,6,45195,0.983786
45190,7,25630,0.983571
45190,8,46575,0.982987
45190,9,40534,0.982934
45190,10,45200,0.982483
45196,1,51636,0.986621
45196,2,46490,0.985355
45196,3,28441,0.984719
45196,4,45186,0.984672
45196,5,45195,0.984573
45196,6,45199,0.983932
45196,7,45198,0.982759
45196,8,49871,0.982361
45196,9,40534,0.980031
45196,10,46491,0.980009
45197,1,45199,0.995620
45197,2,49871,0.991791
45197,3,45195,0.990773
45197,4,28441,0.986056
45197,5,46491,0.984064
45197,6,45186,0.981839
45197,7,51636,0.981793
45197,8,45187,0.981282
45197,9,45198,0.981027
45197,10,11214,0.980462
45205,1,21699,0.960271
45205,2,45923,0.958301
45205,3,37288,0.955565
45205,4,25333,0.955544
45205,5,45924,0.955145
45205,6,45294,0.955021
45205,7,10141,0.953135
45205,8,45901,0.950839
45205,9,17452,0.948723
45205,10,28428,0.947842
45212,1,45213,0.985932
45212,2,45206,0.976539
45212,3,45211,0.975458
45212,4,10105,0.970566
45212,5,50389,0.968920
45212,6,10705,0.966455
45212,7,26331,0.964377
45212,8,45210,0.962805
45212,9,50390,0.962636
45212,10,8102,0.962594
45214,1,51549,0.967146
45214,2,29494,0.964774
45214,3,21700,0.962751
45214,4,37483,0.961772
45214,5,51547,0.961227
45214,6,19284,0.960698
45214,7,45201,0.958522
45214,8,29466,0.957579
45214,9,19287,0.957210
45214,10,46538,0.957039
45220,1,36761,0.977075
45220,2,45160,0.970221
45220,3,32339,0.968679
45220,4,41047,0.968246
45220,5,41048,0.968235
45220,6,31836,0.968030
45220,7,46739,0.967996
45220,8,29525,0.967797
45220,9,10192,0.967082
45220,10,45121,0.966880
45247,1,49858,0.954809
45247,2,49857,0.947804
45247,3,49856,0.945766
45247,4,49855,0.945707
45247,5,16773,0.945102
45247,6,4694,0.944430
45247,7,4709,0.944350
45247,8,16781,0.941141
45247,9,49861,0.940799
45247,10,16780,0.939853
45250,1,45252,0.980216
45250,2,45014,0.976903
45250,3,32354,0.974399
45250,4,38039,0.974026
45250,5,46507,0.973517
45250,6,45151,0.973511
45250,7,29451,0.972457
45250,8,21710,0.971453
45250,9,25314,0.971445
45250,10,45228,0.971422
45270,1,46495,0.926180
45270,2,17427,0.925137
45270,3,29453,0.923386
45270,4,45141,0.922970
45270,5,45229,0.922428
45270,6,46443,0.921683
45270,7,45146,0.921326
45270,8,51661,0.920634
45270,9,10387,0.920519
45270,10,46440,0.919526
45277,1,42046,0.983433
45277,2,47427,0.982572
45277,3,51895,0.979402
45277,4,47286,0.974703
45277,5,47370,0.974059
45277,6,33602,0.973321
45277,7,48146,0.972177
45277,8,48155,0.971032
45277,9,45274,0.966526
45277,10,51897,0.966476
45285,1,31831,0.973854
45285,2,36898,0.973550
45285,3,43179,0.972938
45285,4,19762,0.972877
45285,5,44981,0.972808
45285,6,45036,0.971303
45285,7,23292,0.971070
45285,8,11202,0.970760
45285,9,37293,0.970748
45285,10,43199,0.970531
45290,1,10141,0.961887
45290,2,19287,0.959633
45290,3,51549,0.956092
45290,4,45294,0.955197
45290,5,21700,0.954986
45290,6,21699,0.954122
45290,7,37288,0.952857
45290,8,51547,0.952435
45290,9,46537,0.952206
45290,10,46538,0.950096
45291,1,45924,0.937136
45291,2,45923,0.924050
45291,3,23291,0.923839
45291,4,43148,0.922593
45291,5,33922,0.922473
45291,6,37320,0.920798
45291,7,29754,0.920544
45291,8,45289,0.920212
45291,9,45136,0.917808
45291,10,37322,0.917303
45319,1,45378,0.916004
45319,2,45424,0.913463
45319,3,45399,0.913027
45319,4,45420,0.912592
45319,5,42736,0.911668
45319,6,17001,0.911309
45319,7,45408,0.908903
45319,8,22276,0.908845
45319,9,20767,0.905996
45319,10,42737,0.905975
45322,1,37967,0.900217
45322,2,13014,0.892982
45322,3,20765,0.892669
45322,4,46587,0.891377
45322,5,19044,0.890644
45322,6,22257,0.886102
45322,7,47571,0.885336
45322,8,49623,0.884665
45322,9,22258,0.884089
45322,10,39563,0.884089
45346,1,41677,0.983332
45346,2,43946,0.983194
45346,3,45375,0.982801
45346,4,46593,0.981959
45346,5,45368,0.981567
45346,6,41708,0.981257
45346,7,41473,0.980586
45346,8,39602,0.979510
45346,9,39590,0.978768
45346,10,41706,0.978005
45362,1,45361,0.992470
45362,2,45352,0.992406
45362,3,46616,0.990030
45362,4,50162,0.988538
45362,5,45377,0.988342
45362,6,45370,0.988044
45362,7,43951,0.987233
45362,8,49587,0.987129
45362,9,41706,0.986845
45362,10,46621,0.986669
45363,1,46617,0.992627
45363,2,50162,0.991469
45363,3,45355,0.991341
45363,4,47580,0.989770
45363,5,45364,0.989581
45363,6,46616,0.989114
45363,7,46603,0.989059
45363,8,45361,0.988732
45363,9,41707,0.988595
45363,10,14366,0.988246
45373,1,45356,0.963588
45373,2,45374,0.957005
45373,3,45369,0.953410
45373,4,21720,0.947231
45373,5,45357,0.947096
45373,6,35814,0.946529
45373,7,47590,0.945639
45373,8,11518,0.944476
45373,9,47549,0.944183
45373,10,37960,0.943567
45376,1,45358,0.994047
45376,2,45377,0.993637
45376,3,45370,0.990452
45376,4,10292,0.990190
45376,5,46621,0.989832
45376,6,49587,0.988747
45376,7,45368,0.988495
45376,8,41706,0.988477
45376,9,45366,0.988359
45376,10,45352,0.987137
45383,1,45382,0.980337
45383,2,45413,0.971340
45383,3,47619,0.970465
45383,4,17023,0.970215
45383,5,45395,0.968079
45383,6,45418,0.966147
45383,7,35787,0.966114
45383,8,47583,0.965552
45383,9,45412,0.965408
45383,10,19033,0.964987
45384,1,13479,0.970981
45384,2,45378,0.969758
45384,3,45413,0.968178
45384,4,47587,0.967791
45384,5,13483,0.967588
45384,6,20901,0.962671
45384,7,50169,0.961677
45384,8,42703,0.960965
45384,9,13481,0.960758
45384,10,47619,0.960238
45396,1,17001,0.977738
45396,2,45378,0.975876
45396,3,45420,0.972862
45396,4,42737,0.972811
45396,5,42736,0.971010
45396,6,45394,0.970540
45396,7,45419,0.969459
45396,8,45399,0.968575
45396,9,45424,0.967312
45396,10,13045,0.966878
45409,1,11502,0.865811
45409,2,22539,0.856002
45409,3,42720,0.854997
45409,4,47455,0.852968
45409,5,33100,0.848796
45409,6,46828,0.843907
45409,7,10270,0.840217
45409,8,39560,0.837927
45409,9,33086,0.836961
45409,10,51750,0.835269
45414,1,13483,0.989444
45414,2,35358,0.989256
45414,3,45413,0.989065
45414,4,42728,0.988673
45414,5,50169,0.986420
45414,6,47583,0.986379
45414,7,22262,0.985905
45414,8,13480,0.985664
45414,9,47612,0.984217
45414,10,47585,0.983975
45415,1,45386,0.890728
45415,2,47464,0.884857
45415,3,19018,0.879506
45415,4,2612,0.876162
45415,5,47565,0.873746
45415,6,42727,0.873686
45415,7,10619,0.872895
45415,8,47557,0.871796
45415,9,27074,0.868863
45415,10,47453,0.863653
45440,1,33081,0.980469
45440,2,44873,0.979745
45440,3,34358,0.979431
45440,4,13441,0.979349
45440,5,43494,0.979044
45440,6,12644,0.978783
45440,7,13422,0.978637
45440,8,10443,0.978249
45440,9,9858,0.978198
45440,10,34248,0.978025
45611,1,45610,0.995065
45611,2,50277,0.994992
45611,3,45622,0.994807
45611,4,10638,0.994652
45611,5,44429,0.994508
45611,6,46795,0.994495
45611,7,47648,0.994061
45611,8,50775,0.993945
45611,9,35416,0.993742
45611,10,2375,0.993694
45615,1,45622,0.994780
45615,2,45584,0.994391
45615,3,46795,0.994088
45615,4,45598,0.993072
45615,5,10281,0.992962
45615,6,12863,0.992925
45615,7,10277,0.992704
45615,8,45610,0.992683
45615,9,2640,0.992588
45615,10,10286,0.991896
45648,1,15797,0.993316
45648,2,47275,0.992516
45648,3,45635,0.991929
45648,4,45644,0.991859
45648,5,47274,0.990852
45648,6,50622,0.990736
45648,7,15789,0.989815
45648,8,47259,0.989336
45648,9,45646,0.988672
45648,10,42414,0.988243
45656,1,45657,0.999877
45656,2,18376,0.983108
45656,3,45650,0.970942
45656,4,18691,0.969739
45656,5,50491,0.966528
45656,6,25361,0.964590
45656,7,49931,0.961508
45656,8,50673,0.960052
45656,9,50467,0.959557
45656,10,28074,0.959226
45658,1,42977,0.948449
45658,2,28082,0.939699
45658,3,34603,0.934107
45658,4,43014,0.931021
45658,5,28085,0.929824
45658,6,18391,0.928338
45658,7,28059,0.927017
45658,8,28050,0.925147
45658,9,25342,0.922969
45658,10,42408,0.921988
45662,1,50521,0.972143
45662,2,50500,0.970962
45662,3,32046,0.970805
45662,4,50640,0.969867
45662,5,13574,0.969333
45662,6,50636,0.967785
45662,7,49978,0.967749
45662,8,13565,0.967525
45662,9,17882,0.967412
45662,10,49981,0.967366
45690,1,44173,0.625380
45690,2,44071,0.620692
45690,3,27341,0.619989
45690,4,44093,0.616398
45690,5,45673,0.616316
45690,6,46694,0.615293
45690,7,44015,0.613724
45690,8,46793,0.612656
45690,9,27335,0.612504
45690,10,44181,0.611157
45723,1,45742,0.986793
45723,2,42552,0.984234
45723,3,46017,0.982814
45723,4,45856,0.981715
45723,5,11805,0.981614
45723,6,11537,0.978106
45723,7,45848,0.977440
45723,8,42680,0.976979
45723,9,36819,0.976842
45723,10,22766,0.976768
45735,1,40571,0.974436
45735,2,45731,0.966800
45735,3,19099,0.962741
45735,4,11559,0.961032
45735,5,28707,0.960147
45735,6,20097,0.960092
45735,7,42643,0.959632
45735,8,12134,0.958958
45735,9,11608,0.958635
45735,10,11590,0.958627
45748,1,12081,0.976449
45748,2,18290,0.971766
45748,3,33023,0.971059
45748,4,32275,0.970606
45748,5,28754,0.970316
45748,6,40582,0.969977
45748,7,27287,0.969329
45748,8,40570,0.969122
45748,9,40573,0.968906
45748,10,11801,0.968512
45764,1,45763,0.936276
45764,2,44039,0.936066
45764,3,28233,0.889658
45764,4,45774,0.866048
45764,5,45759,0.863551
45764,6,45760,0.859596
45764,7,45773,0.843875
45764,8,28255,0.843521
45764,9,28262,0.831649
45764,10,45565,0.828618
45770,1,44960,0.923141
45770,2,46635,0.920781
45770,3,46295,0.919701
45770,4,44389,0.918913
45770,5,27380,0.918004
45770,6,46641,0.916655
45770,7,44146,0.914448
45770,8,44961,0.912772
45770,9,21238,0.912322
45770,10,28223,0.912254
45776,1,16212,0.933993
45776,2,40083,0.927394
45776,3,46276,0.926722
45776,4,5755,0.923192
45776,5,19677,0.920752
45776,6,19684,0.919267
45776,7,9340,0.918501
45776,8,19593,0.917923
45776,9,27851,0.917157
45776,10,11365,0.917130
45806,1,44458,0.926648
45806,2,2877,0.924325
45806,3,22502,0.924047
45806,4,42693,0.919892
45806,5,47582,0.916526
45806,6,39582,0.915983
45806,7,22263,0.910018
45806,8,27085,0.905508
45806,9,10270,0.904977
45806,10,49594,0.898795
45822,1,45821,0.977374
45822,2,41739,0.955580
45822,3,41743,0.953556
45822,4,39621,0.952514
45822,5,47554,0.950141
45822,6,19023,0.947997
45822,7,45332,0.947782
45822,8,47639,0.947652
45822,9,14377,0.946472
45822,10,14409,0.946060
45837,1,43909,0.831657
45837,2,39159,0.826433
45837,3,45736,0.819022
45837,4,12091,0.810653
45837,5,23228,0.809063
45837,6,11597,0.808379
45837,7,50328,0.806126
45837,8,18895,0.805732
45837,9,11589,0.804303
45837,10,28908,0.804070
45845,1,45736,0.960232
45845,2,42642,0.949390
45845,3,50350,0.946293
45845,4,42676,0.943474
45845,5,46019,0.941819
45845,6,25841,0.940819
45845,7,32233,0.939878
45845,8,42527,0.939635
45845,9,12079,0.936742
45845,10,18895,0.936568
45873,1,45871,0.959251
45873,2,45891,0.953728
45873,3,46485,0.952467
45873,4,32339,0.952386
45873,5,45121,0.952141
45873,6,46737,0.952125
45873,7,8108,0.951884
45873,8,32301,0.951322
45873,9,43200,0.951153
45873,10,48035,0.950191
45874,1,32342,0.976408
45874,2,51564,0.972441
45874,3,29440,0.971095
45874,4,43200,0.970900
45874,5,8108,0.970585
45874,6,17447,0.970401
45874,7,30052,0.970283
45874,8,10608,0.969550
45874,9,32301,0.969114
45874,10,17448,0.968699
45884,1,37310,0.975457
45884,2,45893,0.970805
45884,3,36901,0.969092
45884,4,45909,0.965203
45884,5,46461,0.965050
45884,6,45883,0.964064
45884,7,46561,0.962082
45884,8,45124,0.961048
45884,9,45133,0.960682
45884,10,45882,0.960025
45910,1,43149,0.968103
45910,2,30012,0.964770
45910,3,46486,0.962569
45910,4,46485,0.960847
45910,5,46440,0.959826
45910,6,45121,0.959629
45910,7,45111,0.958484
45910,8,33893,0.957352
45910,9,30178,0.954695
45910,10,31820,0.954690
45928,1,11198,0.966461
45928,2,25325,0.964844
45928,3,21713,0.964807
45928,4,29751,0.964036
45928,5,29938,0.963074
45928,6,37311,0.962740
45928,7,25328,0.962339
45928,8,11218,0.961360
45928,9,36904,0.960640
45928,10,17417,0.959550
45929,1,29457,0.970022
45929,2,45906,0.969877
45929,3,37474,0.969665
45929,4,11198,0.969229
45929,5,45916,0.968996
45929,6,37497,0.968829
45929,7,46467,0.968253
45929,8,45930,0.967821
45929,9,44988,0.967585
45929,10,46483,0.967514
45933,1,40522,0.921969
45933,2,32286,0.913407
45933,3,45109,0.906240
45933,4,49848,0.901753
45933,5,46500,0.900238
45933,6,45254,0.900202
45933,7,45111,0.899968
45933,8,36793,0.899269
45933,9,46489,0.898302
45933,10,32358,0.898205
45942,1,39230,0.941495
45942,2,21133,0.933471
45942,3,43642,0.932743
45942,4,43670,0.925205
45942,5,39223,0.924993
45942,6,40416,0.924642
45942,7,44809,0.924010
45942,8,43641,0.922679
45942,9,14102,0.917679
45942,10,21169,0.917088
45968,1,26362,0.960374
45968,2,8432,0.957850
45968,3,26893,0.955361
45968,4,11437,0.953439
45968,5,7195,0.953040
45968,6,16136,0.952033
45968,7,8463,0.949448
45968,8,16137,0.949165
45968,9,29145,0.949026
45968,10,12606,0.948627
46002,1,46011,0.978800
46002,2,50896,0.975738
46002,3,42322,0.975436
46002,4,34983,0.974984
46002,5,46000,0.974488
46002,6,46013,0.973784
46002,7,45994,0.973692
46002,8,42319,0.973488
46002,9,51101,0.973472
46002,10,50886,0.973332
46004,1,45999,0.995022
46004,2,46007,0.993964
46004,3,34963,0.992975
46004,4,45994,0.992957
46004,5,45998,0.992553
46004,6,45989,0.992018
46004,7,46009,0.991800
46004,8,34981,0.991712
46004,9,46006,0.990866
46004,10,46001,0.990524
46005,1,46011,0.986608
46005,2,49924,0.985250
46005,3,34983,0.985013
46005,4,50903,0.984867
46005,5,50896,0.984812
46005,6,34982,0.984508
46005,7,50886,0.984208
46005,8,45987,0.983810
46005,9,51101,0.983563
46005,10,50884,0.983474
46030,1,48335,0.852702
46030,2,35120,0.838276
46030,3,48896,0.815791
46030,4,48858,0.789174
46030,5,46133,0.785446
46030,6,46170,0.778596
46030,7,46132,0.778251
46030,8,46140,0.778128
46030,9,48332,0.778020
46030,10,48346,0.777617
46032,1,42612,0.984002
46032,2,48771,0.975425
46032,3,43707,0.974777
46032,4,48762,0.972018
46032,5,46039,0.971537
46032,6,48768,0.971258
46032,7,48756,0.970854
46032,8,42615,0.970050
46032,9,42619,0.969074
46032,10,48763,0.968597
46036,1,46034,0.979362
46036,2,42618,0.970844
46036,3,48765,0.968622
46036,4,43707,0.968533
46036,5,48764,0.967806
46036,6,43704,0.967702
46036,7,48756,0.967437
46036,8,48771,0.967399
46036,9,48769,0.967311
46036,10,46195,0.966915
46070,1,27830,0.954630
46070,2,41243,0.948383
46070,3,42960,0.948229
46070,4,46305,0.947903
46070,5,14837,0.947492
46070,6,41242,0.947211
46070,7,28596,0.945833
46070,8,14905,0.945799
46070,9,18813,0.945080
46070,10,42948,0.943516
46077,1,16119,0.866953
46077,2,2227,0.861750
46077,3,16117,0.861725
46077,4,12924,0.859140
46077,5,50763,0.856829
46077,6,5617,0.853501
46077,7,6393,0.852053
46077,8,2215,0.851777
46077,9,44933,0.848821
46077,10,4446,0.847281
46082,1,42028,0.977072
46082,2,31207,0.975744
46082,3,5618,0.975131
46082,4,24629,0.974336
46082,5,4637,0.970817
46082,6,9402,0.970386
46082,7,4638,0.970328
46082,8,32190,0.969086
46082,9,7721,0.968235
46082,10,3162,0.968101
46090,1,5699,0.905746
46090,2,15249,0.905073
46090,3,7716,0.897691
46090,4,13071,0.896898
46090,5,9274,0.893679
46090,6,6677,0.891745
46090,7,17483,0.889970
46090,8,13116,0.889369
46090,9,3175,0.888516
46090,10,8089,0.887006
46098,1,39280,0.977539
46098,2,39309,0.972342
46098,3,21067,0.971094
46098,4,39304,0.969115
46098,5,9028,0.967563
46098,6,50737,0.967091
46098,7,9034,0.966513
46098,8,22177,0.966101
46098,9,9035,0.965986
46098,10,22847,0.965569
46105,1,40776,0.987661
46105,2,41222,0.982778
46105,3,16738,0.982677
46105,4,46101,0.981144
46105,5,24110,0.980091
46105,6,16982,0.979996
46105,7,26673,0.978725
46105,8,16732,0.978358
46105,9,46104,0.978116
46105,10,30251,0.977938
46112,1,22103,0.847349
46112,2,6380,0.839958
46112,3,38788,0.796781
46112,4,41862,0.787026
46112,5,13076,0.786892
46112,6,9497,0.786186
46112,7,26542,0.778942
46112,8,13189,0.773548
46112,9,22487,0.772675
46112,10,3241,0.769100
46130,1,46145,0.934429
46130,2,48341,0.924712
46130,3,46124,0.924549
46130,4,48346,0.923844
46130,5,35120,0.923542
46130,6,48755,0.923288
46130,7,48332,0.920823
46130,8,35127,0.919064
46130,9,46170,0.916633
46130,10,46137,0.916601
46139,1,46126,0.942276
46139,2,46170,0.941781
46139,3,46150,0.937610
46139,4,46153,0.933300
46139,5,46140,0.932494
46139,6,46124,0.931393
46139,7,48338,0.930754
46139,8,35127,0.930189
46139,9,48346,0.929731
46139,10,48345,0.929135
46151,1,46126,0.986529
46151,2,46164,0.986140
46151,3,46150,0.985839
46151,4,46155,0.985376
46151,5,48346,0.983789
46151,6,46125,0.983663
46151,7,46122,0.983523
46151,8,46152,0.982399
46151,9,46165,0.982124
46151,10,46137,0.981762
46156,1,46158,0.987211
46156,2,46165,0.981524
46156,3,35116,0.977388
46156,4,48346,0.977339
46156,5,48345,0.976834
46156,6,48332,0.975481
46156,7,35118,0.974476
46156,8,48347,0.973427
46156,9,46153,0.972667
46156,10,48343,0.972264
46177,1,48335,0.906832
46177,2,35120,0.892950
46177,3,46170,0.854249
46177,4,35127,0.849362
46177,5,48346,0.847853
46177,6,46132,0.847752
46177,7,46140,0.844846
46177,8,46124,0.843573
46177,9,48332,0.842954
46177,10,46145,0.842779
46187,1,46184,0.963694
46187,2,46190,0.962985
46187,3,46198,0.962978
46187,4,46182,0.961481
46187,5,46195,0.960012
46187,6,46192,0.959281
46187,7,43707,0.957179
46187,8,43704,0.956795
46187,9,48771,0.955256
46187,10,46180,0.954697
46205,1,43754,0.844066
46205,2,48752,0.840828
46205,3,48751,0.839977
46205,4,48753,0.839448
46205,5,48750,0.839223
46205,6,46207,0.837609
46205,7,46212,0.831790
46205,8,43722,0.829571
46205,9,35136,0.827433
46205,10,46210,0.826390
46246,1,40203,0.825838
46246,2,9151,0.823421
46246,3,43261,0.790030
46246,4,23216,0.778328
46246,5,49772,0.774211
46246,6,18283,0.772563
46246,7,23221,0.770763
46246,8,36240,0.769046
46246,9,12095,0.768591
46246,10,23228,0.760301
46253,1,46017,0.982782
46253,2,31314,0.982239
46253,3,45848,0.981885
46253,4,42552,0.981507
46253,5,36818,0.981315
46253,6,33020,0.980337
46253,7,40659,0.979110
46253,8,39460,0.978454
46253,9,33036,0.978283
46253,10,49773,0.978236
46254,1,46287,0.924364
46254,2,28478,0.920902
46254,3,30958,0.911323
46254,4,46286,0.909093
46254,5,42228,0.908116
46254,6,40437,0.903453
46254,7,30960,0.901259
46254,8,46251,0.890208
46254,9,15092,0.888546
46254,10,42229,0.886334
46263,1,23213,0.839326
46263,2,18274,0.838700
46263,3,12770,0.828782
46263,4,23233,0.825410
46263,5,7429,0.825076
46263,6,36240,0.822231
46263,7,46248,0.820622
46263,8,12772,0.820420
46263,9,42235,0.815160
46263,10,43323,0.815135
46277,1,39217,0.935015
46277,2,32378,0.934338
46277,3,38847,0.931454
46277,4,26974,0.930745
46277,5,37936,0.929379
46277,6,48084,0.929000
46277,7,37911,0.928977
46277,8,39234,0.928721
46277,9,8480,0.928709
46277,10,49647,0.927912
46279,1,46282,0.953935
46279,2,36238,0.953099
46279,3,23441,0.952255
46279,4,43664,0.951918
46279,5,20349,0.951046
46279,6,42222,0.950576
46279,7,31936,0.950503
46279,8,20348,0.950146
46279,9,45780,0.948838
46279,10,43663,0.948045
46285,1,30854,0.938725
46285,2,28475,0.937223
46285,3,22032,0.932086
46285,4,49766,0.930614
46285,5,12782,0.930421
46285,6,47029,0.927571
46285,7,18265,0.927120
46285,8,28722,0.926935
46285,9,47010,0.926335
46285,10,40636,0.926278
46298,1,46296,0.990193
46298,2,22548,0.988716
46298,3,27313,0.988234
46298,4,28217,0.987805
46298,5,23582,0.987575
46298,6,44951,0.986639
46298,7,46293,0.986361
46298,8,26732,0.985762
46298,9,28213,0.985486
46298,10,46656,0.985407
46299,1,43998,0.950471
46299,2,44124,0.950226
46299,3,43992,0.948182
46299,4,44130,0.947743
46299,5,46301,0.947556
46299,6,46950,0.947482
46299,7,18448,0.946003
46299,8,44122,0.944650
46299,9,27341,0.944451
46299,10,46953,0.944154
46318,1,33890,0.965942
46318,2,40524,0.964929
46318,3,30051,0.963483
46318,4,45921,0.961915
46318,5,32342,0.961824
46318,6,41036,0.961675
46318,7,33891,0.961389
46318,8,25665,0.961109
46318,9,46738,0.961074
46318,10,25311,0.959924
46335,1,26615,0.976928
46335,2,26600,0.975962
46335,3,36219,0.975533
46335,4,18409,0.975382
46335,5,43003,0.974934
46335,6,34650,0.972991
46335,7,36231,0.972906
46335,8,13163,0.972344
46335,9,26702,0.972322
46335,10,34840,0.972161
46359,1,46360,0.973502
46359,2,25533,0.971589
46359,3,13868,0.968625
46359,4,26418,0.968028
46359,5,7051,0.967564
46359,6,13862,0.967499
46359,7,16396,0.966817
46359,8,46362,0.966539
46359,9,25536,0.966508
46359,10,12656,0.966103
46365,1,25538,0.953847
46365,2,11719,0.953296
46365,3,5990,0.953198
46365,4,7169,0.951601
46365,5,29292,0.950992
46365,6,20183,0.949682
46365,7,19693,0.948367
46365,8,11473,0.948298
46365,9,8793,0.946184
46365,10,8735,0.944922
46367,1,16312,0.963151
46367,2,13862,0.962246
46367,3,13739,0.961250
46367,4,8813,0.960436
46367,5,10440,0.959854
46367,6,5990,0.959350
46367,7,46361,0.958978
46367,8,16791,0.958622
46367,9,11699,0.958503
46367,10,51399,0.958382
46379,1,10807,0.916763
46379,2,37736,0.908335
46379,3,38796,0.906175
46379,4,29664,0.898856
46379,5,26403,0.895216
46379,6,37735,0.894889
46379,7,23872,0.893671
46379,8,5954,0.892802
46379,9,37767,0.892292
46379,10,11051,0.891715
46383,1,16280,0.725960
46383,2,22626,0.723839
46383,3,24291,0.721015
46383,4,15585,0.720757
46383,5,14924,0.719082
46383,6,15318,0.713614
46383,7,22642,0.712755
46383,8,19322,0.711624
46383,9,20197,0.711614
46383,10,23138,0.711433
46386,1,6791,0.950377
46386,2,37901,0.950347
46386,3,37719,0.942391
46386,4,4361,0.940413
46386,5,10862,0.940008
46386,6,17288,0.939668
46386,7,44342,0.937085
46386,8,40036,0.935709
46386,9,33943,0.935386
46386,10,4388,0.934640
46389,1,19789,0.966406
46389,2,32416,0.961487
46389,3,44862,0.960286
46389,4,11391,0.960262
46389,5,44901,0.956892
46389,6,48077,0.954030
46389,7,48417,0.952856
46389,8,4195,0.952727
46389,9,44845,0.952613
46389,10,6110,0.951662
46400,1,46399,0.984438
46400,2,51379,0.982711
46400,3,42105,0.979726
46400,4,51380,0.979697
46400,5,33068,0.979671
46400,6,44919,0.979286
46400,7,19687,0.979021
46400,8,32431,0.978442
46400,9,32420,0.977682
46400,10,14934,0.977682
46401,1,30611,0.860229
46401,2,30615,0.849638
46401,3,1758,0.847124
46401,4,3323,0.845623
46401,5,15964,0.841159
46401,6,20790,0.839810
46401,7,20793,0.838128
46401,8,1579,0.836553
46401,9,24845,0.835409
46401,10,6785,0.835226
46424,1,25631,0.970664
46424,2,33917,0.964575
46424,3,11214,0.964206
46424,4,45166,0.959990
46424,5,25609,0.959937
46424,6,25662,0.959561
46424,7,45215,0.958929
46424,8,23259,0.958924
46424,9,46423,0.957964
46424,10,43197,0.957895
46441,1,11198,0.963428
46441,2,30070,0.961771
46441,3,46499,0.961196
46441,4,46542,0.960985
46441,5,45916,0.959586
46441,6,45134,0.959180
46441,7,45906,0.958431
46441,8,33884,0.958353
46441,9,41041,0.958169
46441,10,37290,0.957924
46442,1,36804,0.958210
46442,2,17421,0.952478
46442,3,11653,0.951151
46442,4,45230,0.948517
46442,5,49868,0.948000
46442,6,32328,0.947873
46442,7,37294,0.945376
46442,8,45916,0.945278
46442,9,51556,0.945044
46442,10,11222,0.944373
46454,1,46452,0.974908
46454,2,46428,0.974216
46454,3,48031,0.971587
46454,4,45185,0.967172
46454,5,46507,0.966014
46454,6,46569,0.965550
46454,7,48036,0.962831
46454,8,36795,0.961202
46454,9,45228,0.960350
46454,10,45192,0.959803
46458,1,32317,0.964025
46458,2,37335,0.963074
46458,3,29490,0.962674
46458,4,51623,0.959172
46458,5,46530,0.957789
46458,6,37288,0.956115
46458,7,8101,0.955513
46458,8,29949,0.954152
46458,9,51625,0.953354
46458,10,51624,0.953205
46466,1,49870,0.974563
46466,2,46465,0.971700
46466,3,46490,0.969485
46466,4,46481,0.964986
46466,5,46579,0.962111
46466,6,46491,0.960627
46466,7,45200,0.958911
46466,8,45198,0.957953
46466,9,46575,0.956557
46466,10,40534,0.954789
46469,1,46468,0.984254
46469,2,29457,0.980348
46469,3,45916,0.975226
46469,4,32357,0.973888
46469,5,46499,0.971771
46469,6,45893,0.971475
46469,7,46483,0.971102
46469,8,32340,0.970055
46469,9,51655,0.969032
46469,10,45115,0.968854
46477,1,25337,0.977709
46477,2,45292,0.977316
46477,3,51623,0.976815
46477,4,51636,0.975938
46477,5,46532,0.975525
46477,6,26340,0.975002
46477,7,33925,0.974946
46477,8,45166,0.974911
46477,9,45924,0.974776
46477,10,28440,0.974699
46484,1,46440,0.981380
46484,2,43149,0.976918
46484,3,46482,0.976348
46484,4,17448,0.974701
46484,5,32339,0.974050
46484,6,17424,0.973554
46484,7,30014,0.971635
46484,8,32334,0.970749
46484,9,45872,0.970115
46484,10,45150,0.970077
46549,1,45116,0.966182
46549,2,45921,0.965198
46549,3,33908,0.965016
46549,4,45895,0.963591
46549,5,41047,0.961799
46549,6,46737,0.960867
46549,7,38035,0.960817
46549,8,45254,0.960468
46549,9,46558,0.959418
46549,10,45920,0.958164
46580,1,3711,0.921165
46580,2,23881,0.921031
46580,3,29584,0.920335
46580,4,44852,0.919958
46580,5,19626,0.919514
46580,6,12055,0.918153
46580,7,44857,0.917351
46580,8,8318,0.915694
46580,9,2481,0.915201
46580,10,27580,0.913537
46583,1,20276,0.982531
46583,2,13002,0.981563
46583,3,47594,0.976811
46583,4,45370,0.976722
46583,5,45353,0.976251
46583,6,14389,0.976103
46583,7,37968,0.975673
46583,8,45361,0.974747
46583,9,39189,0.974583
46583,10,45374,0.973778
46619,1,17001,0.883654
46619,2,45789,0.874053
46619,3,17000,0.872819
46619,4,47582,0.872351
46619,5,45416,0.870839
46619,6,43882,0.870677
46619,7,13542,0.870286
46619,8,45378,0.869913
46619,9,26178,0.868104
46619,10,45408,0.867853
46629,1,46628,0.981302
46629,2,46636,0.977446
46629,3,44960,0.974923
46629,4,27380,0.974638
46629,5,44961,0.969923
46629,6,23587,0.969916
46629,7,44959,0.967699
46629,8,44958,0.967506
46629,9,28223,0.966819
46629,10,46295,0.966752
46630,1,46643,0.982703
46630,2,23580,0.979226
46630,3,46296,0.978254
46630,4,23582,0.974809
46630,5,46651,0.974039
46630,6,23583,0.973686
46630,7,28234,0.972251
46630,8,46659,0.970266
46630,9,27313,0.970197
46630,10,28213,0.969644
46632,1,27380,0.988302
46632,2,21238,0.987965
46632,3,46292,0.987003
46632,4,44389,0.986421
46632,5,23587,0.986065
46632,6,46295,0.985882
46632,7,44391,0.985854
46632,8,44950,0.985587
46632,9,45758,0.985100
46632,10,46635,0.984862
46644,1,46660,0.968120
46644,2,46665,0.966701
46644,3,46646,0.964299
46644,4,46633,0.958248
46644,5,46667,0.958217
46644,6,27326,0.955007
46644,7,45762,0.954720
46644,8,23527,0.954206
46644,9,28271,0.953740
46644,10,45771,0.953057
46647,1,46657,0.978878
46647,2,46663,0.978302
46647,3,46636,0.976343
46647,4,46656,0.974989
46647,5,28236,0.974692
46647,6,23582,0.974255
46647,7,28214,0.973736
46647,8,44959,0.972953
46647,9,44958,0.972821
46647,10,44387,0.972691
46649,1,46662,0.989706
46649,2,23582,0.986661
46649,3,46657,0.986598
46649,4,23584,0.986107
46649,5,28234,0.985856
46649,6,46663,0.985740
46649,7,23581,0.985584
46649,8,21238,0.985448
46649,9,44387,0.984271
46649,10,46656,0.984107
46652,1,46667,0.995885
46652,2,46666,0.990482
46652,3,46669,0.989263
46652,4,46668,0.988636
46652,5,46633,0.987127
46652,6,46646,0.985162
46652,7,44161,0.983717
46652,8,44170,0.981430
46652,9,44027,0.979305
46652,10,46642,0.979082
46654,1,44387,0.978586
46654,2,46657,0.977463
46654,3,46635,0.976025
46654,4,28213,0.973138
46654,5,23610,0.972283
46654,6,44178,0.972163
46654,7,28214,0.971789
46654,8,46295,0.971447
46654,9,23609,0.971116
46654,10,46658,0.971050
46661,1,45759,0.940386
46661,2,45760,0.936491
46661,3,28262,0.935913
46661,4,45774,0.930617
46661,5,20076,0.930092
46661,6,45773,0.929744
46661,7,45771,0.929278
46661,8,45565,0.928252
46661,9,28245,0.927498
46661,10,28270,0.927461
46676,1,46677,0.992085
46676,2,46680,0.982291
46676,3,46681,0.979597
46676,4,46953,0.977899
46676,5,44053,0.973281
46676,6,36809,0.972844
46676,7,25996,0.972842
46676,8,46763,0.972616
46676,9,23611,0.972572
46676,10,46955,0.972545
46719,1,44072,0.931253
46719,2,44070,0.929674
46719,3,36709,0.928505
46719,4,37902,0.926709
46719,5,44090,0.926697
46719,6,46688,0.924422
46719,7,36707,0.924361
46719,8,44040,0.923664
46719,9,44128,0.919863
46719,10,25998,0.918021
46724,1,37906,0.956331
46724,2,37910,0.946152
46724,3,23606,0.927457
46724,4,44093,0.924928
46724,5,44070,0.911839
46724,6,26213,0.909634
46724,7,44124,0.905109
46724,8,26210,0.901673
46724,9,23531,0.893213
46724,10,25995,0.887602
46728,1,27335,0.882810
46728,2,27317,0.880943
46728,3,27319,0.872910
46728,4,27320,0.868685
46728,5,27321,0.866974
46728,6,44076,0.864837
46728,7,46941,0.861270
46728,8,44071,0.861220
46728,9,26001,0.859841
46728,10,27318,0.859599
46735,1,48036,0.979397
46735,2,48007,0.978074
46735,3,46428,0.977325
46735,4,45191,0.977315
46735,5,48031,0.976093
46735,6,37473,0.974915
46735,7,46507,0.973290
46735,8,45185,0.973214
46735,9,51553,0.972626
46735,10,41050,0.972385
46741,1,32454,0.929290
46741,2,48447,0.919865
46741,3,4403,0.914304
46741,4,30646,0.911493
46741,5,19753,0.910014
46741,6,2491,0.909271
46741,7,7503,0.907982
46741,8,7527,0.906036
46741,9,30620,0.902419
46741,10,38559,0.900344
46744,1,38570,0.991303
46744,2,28632,0.984863
46744,3,28521,0.983129
46744,4,7490,0.981930
46744,5,43076,0.980787
46744,6,7507,0.979927
46744,7,32655,0.979664
46744,8,7510,0.979048
46744,9,2306,0.978021
46744,10,43078,0.974005
46749,1,46743,0.999147
46749,2,46746,0.991842
46749,3,7767,0.991716
46749,4,46747,0.990487
46749,5,17927,0.989721
46749,6,46745,0.989077
46749,7,38576,0.987770
46749,8,30651,0.987239
46749,9,32620,0.986670
46749,10,38572,0.986450
46752,1,44093,0.946601
46752,2,37910,0.939432
46752,3,23531,0.934452
46752,4,44124,0.933802
46752,5,26210,0.933147
46752,6,26213,0.927018
46752,7,46301,0.926011
46752,8,27341,0.922580
46752,9,46680,0.918416
46752,10,46782,0.917333
46753,1,37906,0.947736
46753,2,44070,0.935805
46753,3,46700,0.927556
46753,4,37910,0.923902
46753,5,46688,0.913464
46753,6,37908,0.913243
46753,7,25995,0.908356
46753,8,37907,0.896024
46753,9,36709,0.894304
46753,10,44093,0.893990
46777,1,45669,0.956625
46777,2,46770,0.955883
46777,3,46721,0.952406
46777,4,46772,0.952362
46777,5,44091,0.951550
46777,6,46929,0.951149
46777,7,36696,0.949725
46777,8,37902,0.949704
46777,9,26856,0.949305
46777,10,30976,0.949091
46796,1,9043,0.994175
46796,2,40690,0.992509
46796,3,22139,0.991621
46796,4,10637,0.991536
46796,5,10171,0.991509
46796,6,22138,0.991441
46796,7,23249,0.991387
46796,8,22119,0.991328
46796,9,39264,0.991132
46796,10,23245,0.990870
46809,1,38631,0.978692
46809,2,2311,0.978026
46809,3,12794,0.976968
46809,4,7504,0.976283
46809,5,28574,0.973685
46809,6,32643,0.973213
46809,7,7484,0.972977
46809,8,28530,0.972452
46809,9,12803,0.970894
46809,10,2294,0.970169
46825,1,2887,0.939044
46825,2,15490,0.937729
46825,3,2874,0.935311
46825,4,17662,0.934742
46825,5,33113,0.931431
46825,6,17663,0.931273
46825,7,33518,0.931083
46825,8,17655,0.929706
46825,9,17673,0.927268
46825,10,42740,0.926896
46833,1,40987,0.970550
46833,2,38494,0.969258
46833,3,41747,0.968561
46833,4,38492,0.967768
46833,5,40985,0.966489
46833,6,36313,0.965811
46833,7,36725,0.964963
46833,8,33255,0.964812
46833,9,37620,0.964757
46833,10,5486,0.963522
46861,1,16239,0.867101
46861,2,47493,0.857039
46861,3,20864,0.854565
46861,4,10747,0.853381
46861,5,40313,0.851433
46861,6,40312,0.849495
46861,7,15855,0.839044
46861,8,40303,0.838469
46861,9,40308,0.837642
46861,10,8754,0.836783
46892,1,46894,0.995457
46892,2,44932,0.971937
46892,3,21583,0.969812
46892,4,44587,0.959225
46892,5,51476,0.959207
46892,6,11283,0.958769
46892,7,11310,0.958680
46892,8,11296,0.957879
46892,9,28791,0.957065
46892,10,11332,0.956506
46939,1,44093,0.970130
46939,2,44124,0.969701
46939,3,46301,0.967181
46939,4,46680,0.961711
46939,5,26210,0.959834
46939,6,27341,0.956010
46939,7,18468,0.954729
46939,8,26213,0.951816
46939,9,43109,0.951531
46939,10,26206,0.951333
46949,1,36700,0.961647
46949,2,43974,0.960906
46949,3,46300,0.955270
46949,4,46755,0.955116
46949,5,46953,0.954443
46949,6,46784,0.951789
46949,7,46763,0.951275
46949,8,46705,0.950943
46949,9,44132,0.950822
46949,10,46952,0.950359
46967,1,51906,0.978794
46967,2,17124,0.978286
46967,3,25159,0.976574
46967,4,18042,0.974218
46967,5,17139,0.973212
46967,6,27736,0.973185
46967,7,47129,0.972751
46967,8,42841,0.970988
46967,9,38755,0.970892
46967,10,42840,0.969537
46981,1,22012,0.967268
46981,2,22013,0.966836
46981,3,21560,0.966586
46981,4,22007,0.965768
46981,5,25241,0.963897
46981,6,20491,0.962833
46981,7,21541,0.962642
46981,8,46978,0.962243
46981,9,46980,0.962080
46981,10,22006,0.961567
46984,1,25228,0.964150
46984,2,25221,0.955485
46984,3,50187,0.952686
46984,4,49551,0.951038
46984,5,46975,0.950808
46984,6,47397,0.950109
46984,7,50188,0.949365
46984,8,25181,0.948375
46984,9,48190,0.947993
46984,10,48179,0.946807
46997,1,36471,0.927541
46997,2,42539,0.923952
46997,3,42509,0.923088
46997,4,15100,0.922525
46997,5,35042,0.921055
46997,6,35043,0.919026
46997,7,39169,0.914823
46997,8,39184,0.913816
46997,9,39175,0.913581
46997,10,32215,0.912792
47000,1,11813,0.972928
47000,2,46019,0.968840
47000,3,11789,0.966943
47000,4,32269,0.966313
47000,5,15841,0.966265
47000,6,31315,0.965071
47000,7,15834,0.963638
47000,8,12075,0.962531
47000,9,42415,0.962209
47000,10,12099,0.962196
47009,1,35043,0.968348
47009,2,42509,0.966070
47009,3,36493,0.965462
47009,4,42539,0.961860
47009,5,33050,0.959853
47009,6,43267,0.959683
47009,7,35042,0.959460
47009,8,39184,0.959010
47009,9,25819,0.958994
47009,10,28766,0.958637
47011,1,24591,0.979655
47011,2,21923,0.976308
47011,3,40637,0.976254
47011,4,32226,0.975843
47011,5,36818,0.975049
47011,6,42671,0.974820
47011,7,20110,0.973868
47011,8,23227,0.973327
47011,9,23319,0.973238
47011,10,46018,0.973045
47016,1,33020,0.987181
47016,2,36815,0.986748
47016,3,36827,0.985539
47016,4,23319,0.985052
47016,5,40570,0.984754
47016,6,39460,0.984105
47016,7,23315,0.983391
47016,8,19063,0.983144
47016,9,42553,0.982726
47016,10,30871,0.982647
47019,1,49768,0.978239
47019,2,47010,0.976921
47019,3,47014,0.969159
47019,4,15836,0.969084
47019,5,40585,0.968887
47019,6,47038,0.968556
47019,7,49775,0.965671
47019,8,42423,0.965633
47019,9,19070,0.965339
47019,10,31315,0.965237
47032,1,46017,0.973564
47032,2,40573,0.971081
47032,3,33020,0.968508
47032,4,49768,0.967989
47032,5,12142,0.967798
47032,6,31315,0.966594
47032,7,36815,0.966545
47032,8,19063,0.966330
47032,9,47035,0.966173
47032,10,45732,0.966146
47044,1,47049,0.900934
47044,2,47058,0.876526
47044,3,47042,0.811361
47044,4,47050,0.806204
47044,5,47056,0.800212
47044,6,47041,0.800192
47044,7,47043,0.788184
47044,8,47048,0.787213
47044,9,47047,0.782623
47044,10,47054,0.780504
47061,1,47071,0.915209
47061,2,47073,0.914558
47061,3,47063,0.912365
47061,4,30894,0.902936
47061,5,47062,0.901082
47061,6,47080,0.901062
47061,7,47066,0.899030
47061,8,47072,0.898993
47061,9,47064,0.896911
47061,10,47078,0.896509
47065,1,47063,0.969503
47065,2,47064,0.963022
47065,3,47062,0.960464
47065,4,30894,0.960333
47065,5,47076,0.958471
47065,6,47070,0.957030
47065,7,47066,0.956532
47065,8,47073,0.954077
47065,9,47080,0.953696
47065,10,47069,0.951145
47074,1,47079,0.964792
47074,2,47072,0.963525
47074,3,47078,0.963488
47074,4,47067,0.958569
47074,5,47068,0.958358
47074,6,47062,0.957026
47074,7,47073,0.956612
47074,8,47077,0.955507
47074,9,30893,0.955008
47074,10,32246,0.954755
47113,1,46885,0.931228
47113,2,46962,0.930758
47113,3,46959,0.923112
47113,4,47088,0.921048
47113,5,47114,0.920300
47113,6,47087,0.918401
47113,7,46958,0.917401
47113,8,47095,0.916927
47113,9,47089,0.911259
47113,10,47105,0.908987
47115,1,46962,0.941795
47115,2,46885,0.940543
47115,3,47088,0.935660
47115,4,46959,0.935515
47115,5,47087,0.932196
47115,6,47114,0.931836
47115,7,46958,0.931321
47115,8,47095,0.927802
47115,9,47089,0.926326
47115,10,47105,0.924647
47122,1,35383,0.911112
47122,2,47121,0.906054
47122,3,47100,0.899663
47122,4,47109,0.899108
47122,5,35381,0.892951
47122,6,47123,0.891289
47122,7,47110,0.890966
47122,8,47099,0.890575
47122,9,46883,0.885976
47122,10,46884,0.885718
47124,1,47123,0.938051
47124,2,46883,0.932137
47124,3,47109,0.930667
47124,4,47092,0.929040
47124,5,46884,0.927598
47124,6,47121,0.923573
47124,7,47110,0.918831
47124,8,47097,0.918593
47124,9,47099,0.917968
47124,10,35383,0.916892
47125,1,6138,0.645511
47125,2,3826,0.644717
47125,3,40300,0.641047
47125,4,40301,0.636397
47125,5,40305,0.635000
47125,6,6136,0.634489
47125,7,40307,0.633584
47125,8,16246,0.633215
47125,9,15864,0.625956
47125,10,40285,0.625077
47145,1,47144,0.963910
47145,2,47146,0.959705
47145,3,47139,0.955331
47145,4,34782,0.953672
47145,5,18029,0.949407
47145,6,34773,0.949275
47145,7,47917,0.948001
47145,8,47148,0.947961
47145,9,33434,0.947283
47145,10,47138,0.947084
47181,1,22158,0.960753
47181,2,22093,0.959147
47181,3,22165,0.958332
47181,4,22095,0.955115
47181,5,40971,0.953976
47181,6,22184,0.953305
47181,7,37240,0.952842
47181,8,7403,0.952122
47181,9,10306,0.951592
47181,10,10156,0.951562
47183,1,45619,0.966147
47183,2,24690,0.961397
47183,3,22158,0.958753
47183,4,44766,0.956594
47183,5,50778,0.954542
47183,6,7379,0.953841
47183,7,35681,0.953823
47183,8,44434,0.953384
47183,9,7377,0.953306
47183,10,19352,0.952188
47185,1,7397,0.981007
47185,2,50740,0.979962
47185,3,7400,0.979500
47185,4,24691,0.979212
47185,5,12512,0.978847
47185,6,28314,0.978622
47185,7,45605,0.978608
47185,8,17819,0.978579
47185,9,20691,0.978127
47185,10,21103,0.977936
47192,1,11891,0.988310
47192,2,12864,0.987814
47192,3,47194,0.985778
47192,4,12480,0.985732
47192,5,7392,0.985369
47192,6,40452,0.984648
47192,7,10153,0.984587
47192,8,11889,0.984570
47192,9,11890,0.983995
47192,10,11895,0.983610
47201,1,47190,0.996119
47201,2,47200,0.995396
47201,3,47279,0.995072
47201,4,47220,0.994588
47201,5,10150,0.993883
47201,6,12517,0.993655
47201,7,47203,0.993640
47201,8,22119,0.993414
47201,9,47227,0.993411
47201,10,11902,0.993374
47219,1,47208,0.994087
47219,2,47220,0.993629
47219,3,47189,0.993239
47219,4,47227,0.993124
47219,5,12862,0.992196
47219,6,24480,0.991775
47219,7,12861,0.991116
47219,8,22136,0.990952
47219,9,47209,0.990932
47219,10,47211,0.990818
47240,1,3596,0.897541
47240,2,3609,0.893237
47240,3,3590,0.886968
47240,4,47239,0.886806
47240,5,25404,0.885402
47240,6,3606,0.884954
47240,7,6434,0.883475
47240,8,3790,0.881114
47240,9,22239,0.876520
47240,10,10158,0.873845
47252,1,50447,0.994060
47252,2,15781,0.992665
47252,3,47249,0.991850
47252,4,50530,0.991582
47252,5,50473,0.991556
47252,6,15904,0.991390
47252,7,47518,0.991333
47252,8,47256,0.991232
47252,9,47265,0.991062
47252,10,45645,0.990823
47258,1,47256,0.993625
47258,2,18079,0.993360
47258,3,47273,0.993312
47258,4,47265,0.993266
47258,5,15784,0.993163
47258,6,15904,0.992436
47258,7,47253,0.992419
47258,8,15793,0.991928
47258,9,50510,0.991859
47258,10,45647,0.991764
47261,1,15904,0.995019
47261,2,47253,0.994648
47261,3,47265,0.994626
47261,4,50486,0.994211
47261,5,50501,0.994138
47261,6,47273,0.993939
47261,7,50507,0.993860
47261,8,50453,0.993410
47261,9,50473,0.993407
47261,10,50445,0.993063
47266,1,47255,0.991310
47266,2,45644,0.990911
47266,3,42414,0.990818
47266,4,47275,0.990759
47266,5,45635,0.990689
47266,6,47259,0.990448
47266,7,47274,0.990015
47266,8,15789,0.989534
47266,9,47254,0.989477
47266,10,50628,0.989268
47268,1,47275,0.990609
47268,2,47259,0.990531
47268,3,50622,0.989951
47268,4,15797,0.989923
47268,5,50486,0.989524
47268,6,45646,0.988048
47268,7,47274,0.987865
47268,8,15789,0.987490
47268,9,45635,0.987295
47268,10,47255,0.987109
47269,1,47267,0.993764
47269,2,50507,0.991596
47269,3,47264,0.991128
47269,4,47263,0.990961
47269,5,47265,0.990710
47269,6,45627,0.990192
47269,7,47250,0.989786
47269,8,47262,0.989077
47269,9,47520,0.988995
47269,10,47254,0.988383
47277,1,47272,0.976287
47277,2,44790,0.969052
47277,3,44791,0.968778
47277,4,51387,0.968323
47277,5,51392,0.968315
47277,6,47276,0.967517
47277,7,47271,0.966816
47277,8,42979,0.966787
47277,9,47270,0.966739
47277,10,51391,0.965166
47278,1,47202,0.995270
47278,2,47279,0.995216
47278,3,47208,0.991509
47278,4,17763,0.991362
47278,5,47189,0.991018
47278,6,22119,0.990787
47278,7,7876,0.990630
47278,8,47200,0.990272
47278,9,12863,0.990164
47278,10,9762,0.989790
47283,1,39414,0.738781
47283,2,29787,0.714170
47283,3,1890,0.709299
47283,4,34378,0.708922
47283,5,3057,0.708749
47283,6,22583,0.708605
47283,7,48456,0.706524
47283,8,4055,0.706187
47283,9,24598,0.706112
47283,10,7559,0.705927
47295,1,27727,0.969806
47295,2,47296,0.969470
47295,3,25221,0.965621
47295,4,19945,0.964918
47295,5,47397,0.962972
47295,6,25220,0.962835
47295,7,27737,0.962627
47295,8,47377,0.962393
47295,9,21999,0.961455
47295,10,47889,0.961083
47297,1,21521,0.920296
47297,2,2671,0.911611
47297,3,21753,0.901140
47297,4,49526,0.889660
47297,5,38458,0.889257
47297,6,51956,0.887893
47297,7,33424,0.887444
47297,8,21487,0.887118
47297,9,33429,0.886925
47297,10,36508,0.885870
47303,1,42871,0.978115
47303,2,47315,0.975932
47303,3,33622,0.973904
47303,4,33445,0.973401
47303,5,47428,0.962932
47303,6,25114,0.958338
47303,7,33362,0.950404
47303,8,36680,0.946132
47303,9,48352,0.945257
47303,10,36988,0.944888
47317,1,47341,0.968533
47317,2,36677,0.849826
47317,3,47881,0.845709
47317,4,42868,0.843190
47317,5,25292,0.836383
47317,6,33734,0.835663
47317,7,51323,0.834225
47317,8,24738,0.832983
47317,9,42859,0.831989
47317,10,25293,0.831825
47319,1,47314,0.894285
47319,2,47311,0.874157
47319,3,47357,0.870152
47319,4,37087,0.869407
47319,5,33372,0.869267
47319,6,20580,0.867470
47319,7,47307,0.867311
47319,8,38447,0.867053
47319,9,47369,0.866086
47319,10,20462,0.861888
47322,1,47321,0.780158
47322,2,47309,0.778992
47322,3,37087,0.775284
47322,4,47311,0.773028
47322,5,47388,0.770161
47322,6,47357,0.769371
47322,7,20556,0.767807
47322,8,37086,0.767304
47322,9,20579,0.765637
47322,10,37085,0.765114
47331,1,47357,0.975640
47331,2,47385,0.969950
47331,3,47388,0.969261
47331,4,47369,0.964535
47331,5,47307,0.963255
47331,6,47299,0.962629
47331,7,47309,0.962441
47331,8,20578,0.957960
47331,9,47365,0.957097
47331,10,37087,0.956569
47361,1,7608,0.847957
47361,2,7614,0.836561
47361,3,40764,0.836451
47361,4,40763,0.831854
47361,5,41527,0.827383
47361,6,41854,0.820435
47361,7,42937,0.817988
47361,8,7612,0.815790
47361,9,21497,0.815285
47361,10,5856,0.781570
47371,1,33448,0.986439
47371,2,38469,0.985045
47371,3,37650,0.984347
47371,4,48148,0.982871
47371,5,48147,0.981748
47371,6,33405,0.981440
47371,7,33363,0.980859
47371,8,33618,0.980462
47371,9,33397,0.980072
47371,10,20494,0.980070
47373,1,47372,0.987139
47373,2,21946,0.977117
47373,3,29069,0.976817
47373,4,47421,0.976418
47373,5,50186,0.976325
47373,6,35899,0.976148
47373,7,49551,0.975872
47373,8,37858,0.975767
47373,9,22001,0.974160
47373,10,21498,0.973693
47374,1,43281,0.917780
47374,2,37074,0.909968
47374,3,49568,0.908692
47374,4,37075,0.903176
47374,5,37071,0.902191
47374,6,49567,0.900845
47374,7,38448,0.895789
47374,8,42868,0.893603
47374,9,37067,0.892675
47374,10,37069,0.889722
47400,1,47321,0.817980
47400,2,47309,0.798075
47400,3,37085,0.797971
47400,4,47311,0.794981
47400,5,33372,0.791821
47400,6,20581,0.789227
47400,7,37087,0.786853
47400,8,47357,0.785956
47400,9,47388,0.785268
47400,10,20556,0.784682
47408,1,51886,0.969657
47408,2,42005,0.967827
47408,3,33375,0.967455
47408,4,47310,0.967323
47408,5,47358,0.965649
47408,6,47409,0.964930
47408,7,38463,0.963888
47408,8,34728,0.960414
47408,9,33405,0.960253
47408,10,33401,0.959714
47426,1,14897,0.977019
47426,2,20464,0.975624
47426,3,33388,0.975406
47426,4,47332,0.975076
47426,5,44253,0.971288
47426,6,38135,0.970725
47426,7,51893,0.969567
47426,8,48152,0.968706
47426,9,51894,0.968237
47426,10,47324,0.967678
47446,1,47477,0.939402
47446,2,47450,0.939222
47446,3,45425,0.929790
47446,4,47464,0.929404
47446,5,47447,0.921118
47446,6,47453,0.920355
47446,7,47454,0.913817
47446,8,32834,0.912944
47446,9,47565,0.911572
47446,10,10619,0.908956
47456,1,47454,0.980497
47456,2,47453,0.977674
47456,3,47545,0.967212
47456,4,47612,0.959076
47456,5,32834,0.954952
47456,6,19018,0.954050
47456,7,47556,0.953949
47456,8,47557,0.953946
47456,9,47544,0.951698
47456,10,45423,0.951408
47463,1,27085,0.903312
47463,2,47464,0.888716
47463,3,47560,0.885391
47463,4,47476,0.884913
47463,5,47477,0.872662
47463,6,27074,0.871497
47463,7,19018,0.871208
47463,8,47557,0.867687
47463,9,10619,0.866534
47463,10,47564,0.862528
47475,1,47477,0.949646
47475,2,47447,0.948857
47475,3,45425,0.939857
47475,4,47450,0.932739
47475,5,47452,0.928829
47475,6,47448,0.922341
47475,7,51763,0.920453
47475,8,47476,0.916729
47475,9,32834,0.910378
47475,10,47584,0.910166
47495,1,47493,0.979174
47495,2,20864,0.963919
47495,3,10747,0.960518
47495,4,15847,0.952916
47495,5,40285,0.951698
47495,6,40308,0.950932
47495,7,6350,0.950104
47495,8,15858,0.949082
47495,9,16246,0.948384
47495,10,15855,0.948027
47507,1,50029,0.978342
47507,2,45660,0.972615
47507,3,49969,0.971607
47507,4,25373,0.967546
47507,5,32046,0.967226
47507,6,47503,0.966582
47507,7,25382,0.966158
47507,8,47506,0.965814
47507,9,15820,0.964672
47507,10,50495,0.964076
47513,1,45640,0.997085
47513,2,47518,0.996142
47513,3,45647,0.993998
47513,4,47519,0.993990
47513,5,47514,0.993711
47513,6,47509,0.993637
47513,7,47520,0.993335
47513,8,47508,0.993177
47513,9,45645,0.992610
47513,10,45636,0.992255
47522,1,47521,0.983446
47522,2,47526,0.982668
47522,3,50472,0.979978
47522,4,47516,0.975968
47522,5,47511,0.974704
47522,6,47259,0.973626
47522,7,47520,0.973528
47522,8,15799,0.973202
47522,9,47509,0.973182
47522,10,45637,0.973171
47537,1,47538,0.997743
47537,2,47531,0.960712
47537,3,37239,0.960062
47537,4,37238,0.959499
47537,5,47530,0.957649
47537,6,47528,0.953580
47537,7,47529,0.952655
47537,8,47535,0.952366
47537,9,34448,0.950579
47537,10,47533,0.948512
47542,1,47540,0.944879
47542,2,10309,0.863622
47542,3,44933,0.847733
47542,4,2609,0.845674
47542,5,47543,0.833438
47542,6,17003,0.827948
47542,7,42694,0.827521
47542,8,47452,0.816532
47542,9,16999,0.814545
47542,10,26176,0.813507
47546,1,42692,0.980877
47546,2,47615,0.977392
47546,3,47545,0.977262
47546,4,47544,0.974970
47546,5,22262,0.974272
47546,6,17016,0.972991
47546,7,45423,0.971407
47546,8,35358,0.970702
47546,9,10282,0.970410
47546,10,47612,0.970133
47555,1,46603,0.975049
47555,2,50164,0.974805
47555,3,46612,0.974198
47555,4,39202,0.973948
47555,5,46617,0.973931
47555,6,39195,0.973802
47555,7,32855,0.973480
47555,8,47553,0.973004
47555,9,46616,0.972182
47555,10,41725,0.971727
47559,1,47452,0.952680
47559,2,47620,0.929091
47559,3,45425,0.925457
47559,4,47450,0.924665
47559,5,47560,0.921727
47559,6,47451,0.914310
47559,7,51763,0.912919
47559,8,32834,0.911540
47559,9,16999,0.909064
47559,10,13645,0.907823
47562,1,35363,0.907136
47562,2,10272,0.890617
47562,3,11502,0.884168
47562,4,2877,0.882487
47562,5,10270,0.879754
47562,6,45800,0.878141
47562,7,45784,0.876647
47562,8,13040,0.873164
47562,9,47455,0.870854
47562,10,39868,0.870042
47576,1,47573,0.975304
47576,2,49620,0.970696
47576,3,47575,0.967147
47576,4,46585,0.964863
47576,5,39620,0.964312
47576,6,32855,0.962542
47576,7,14363,0.962463
47576,8,46622,0.962272
47576,9,39202,0.962100
47576,10,47626,0.961723
47577,1,22273,0.978779
47577,2,8175,0.968592
47577,3,36614,0.968285
47577,4,47591,0.967899
47577,5,11507,0.967235
47577,6,39620,0.966266
47577,7,43947,0.966074
47577,8,19052,0.965595
47577,9,49602,0.964835
47577,10,39619,0.963582
47581,1,47583,0.986508
47581,2,42703,0.977874
47581,3,47584,0.977751
47581,4,45413,0.977362
47581,5,22262,0.976933
47581,6,47612,0.975895
47581,7,35358,0.975253
47581,8,42728,0.975166
47581,9,13483,0.972978
47581,10,45395,0.972036
47600,1,47599,0.986608
47600,2,27084,0.984416
47600,3,11507,0.980962
47600,4,13028,0.977584
47600,5,17654,0.975415
47600,6,39620,0.974432
47600,7,33135,0.973610
47600,8,20266,0.973075
47600,9,15565,0.972202
47600,10,47579,0.972041
47631,1,51751,0.961179
47631,2,47629,0.958100
47631,3,35786,0.953722
47631,4,47630,0.953530
47631,5,20735,0.953217
47631,6,25017,0.949367
47631,7,43364,0.947848
47631,8,24073,0.944833
47631,9,45407,0.939155
47631,10,34520,0.937934
47645,1,47647,0.992477
47645,2,33336,0.991367
47645,3,45598,0.991219
47645,4,47209,0.990594
47645,5,35416,0.989819
47645,6,47220,0.988742
47645,7,33251,0.988729
47645,8,50277,0.988668
47645,9,35399,0.988099
47645,10,12863,0.987926
47646,1,7408,0.982900
47646,2,23250,0.980170
47646,3,35237,0.978458
47646,4,11921,0.977921
47646,5,10302,0.977865
47646,6,45604,0.977306
47646,7,35491,0.976847
47646,8,16158,0.976789
47646,9,7372,0.976433
47646,10,7399,0.976378
47654,1,43637,0.903257
47654,2,40431,0.890525
47654,3,41784,0.886456
47654,4,25971,0.885215
47654,5,4935,0.885214
47654,6,44694,0.884581
47654,7,4936,0.884549
47654,8,47650,0.883429
47654,9,43513,0.879200
47654,10,25972,0.878647
47668,1,33173,0.840606
47668,2,44700,0.824815
47668,3,33544,0.789953
47668,4,37919,0.778921
47668,5,43624,0.766550
47668,6,44801,0.765241
47668,7,40198,0.757805
47668,8,46267,0.755098
47668,9,33213,0.752507
47668,10,43636,0.750098
47669,1,47664,0.875010
47669,2,47667,0.872730
47669,3,47672,0.869951
47669,4,47670,0.863459
47669,5,47666,0.861474
47669,6,47653,0.858389
47669,7,47665,0.855719
47669,8,35095,0.855441
47669,9,47663,0.853653
47669,10,25936,0.852482
47732,1,21942,0.973619
47732,2,25197,0.972273
47732,3,25199,0.969264
47732,4,47305,0.968656
47732,5,42851,0.968260
47732,6,2649,0.967580
47732,7,35918,0.966595
47732,8,14882,0.966438
47732,9,25168,0.966201
47732,10,25204,0.966105
47857,1,25173,0.982686
47857,2,25168,0.982657
47857,3,27733,0.982471
47857,4,17134,0.981983
47857,5,39549,0.980883
47857,6,21963,0.980744
47857,7,27738,0.980514
47857,8,35918,0.979815
47857,9,25199,0.978604
47857,10,25190,0.978358
47930,1,51906,0.973025
47930,2,38434,0.967442
47930,3,42840,0.967155
47930,4,25159,0.966948
47930,5,27677,0.966895
47930,6,17134,0.966653
47930,7,17124,0.966186
47930,8,27736,0.966184
47930,9,25153,0.964170
47930,10,2649,0.964086
47977,1,37326,0.976999
47977,2,25625,0.976327
47977,3,39370,0.975416
47977,4,25681,0.974958
47977,5,30086,0.974399
47977,6,48021,0.974177
47977,7,43218,0.972258
47977,8,37479,0.970192
47977,9,21695,0.970165
47977,10,39018,0.970005
47995,1,10317,0.946448
47995,2,36757,0.945746
47995,3,45293,0.945477
47995,4,45898,0.944607
47995,5,25661,0.941632
47995,6,25616,0.941507
47995,7,50403,0.941018
47995,8,45218,0.939378
47995,9,43162,0.939295
47995,10,45188,0.938946
48028,1,51534,0.947980
48028,2,11653,0.944517
48028,3,11217,0.942827
48028,4,11198,0.942365
48028,5,45230,0.942016
48028,6,36790,0.940931
48028,7,29753,0.940702
48028,8,37509,0.939181
48028,9,10241,0.938412
48028,10,29452,0.938046
48063,1,29669,0.955759
48063,2,29765,0.951510
48063,3,13486,0.949500
48063,4,33787,0.945947
48063,5,23872,0.944673
48063,6,29664,0.942859
48063,7,16399,0.935909
48063,8,37725,0.934711
48063,9,29292,0.930510
48063,10,11051,0.928710
48081,1,32428,0.965609
48081,2,26295,0.957991
48081,3,8318,0.957592
48081,4,26719,0.955372
48081,5,40092,0.955197
48081,6,2158,0.954784
48081,7,27365,0.954401
48081,8,26283,0.954283
48081,9,19785,0.954131
48081,10,11395,0.953030
48106,1,16147,0.950681
48106,2,16141,0.940432
48106,3,27263,0.939980
48106,4,7017,0.939299
48106,5,20247,0.938183
48106,6,16145,0.938105
48106,7,16271,0.937014
48106,8,16142,0.936230
48106,9,3971,0.935526
48106,10,16146,0.933865
48113,1,36885,0.983094
48113,2,41016,0.981650
48113,3,51254,0.979259
48113,4,25756,0.978967
48113,5,24677,0.978390
48113,6,36514,0.978205
48113,7,38407,0.976730
48113,8,14589,0.976348
48113,9,36515,0.972869
48113,10,41018,0.971051
48137,1,51886,0.989273
48137,2,47409,0.984881
48137,3,42005,0.982970
48137,4,33620,0.982943
48137,5,33618,0.982913
48137,6,48147,0.981928
48137,7,42056,0.981723
48137,8,33405,0.981648
48137,9,33619,0.980797
48137,10,48136,0.980716
48142,1,47332,0.969497
48142,2,48140,0.967356
48142,3,48163,0.964476
48142,4,47323,0.960794
48142,5,33417,0.959679
48142,6,33416,0.959628
48142,7,47324,0.958689
48142,8,47404,0.958015
48142,9,47432,0.957062
48142,10,47387,0.956053
48150,1,47432,0.993032
48150,2,33416,0.987259
48150,3,47387,0.987161
48150,4,47323,0.985499
48150,5,47333,0.983610
48150,6,33376,0.983330
48150,7,47290,0.982771
48150,8,47324,0.982682
48150,9,47404,0.981755
48150,10,42921,0.981326
48153,1,33405,0.988969
48153,2,38134,0.987906
48153,3,48147,0.985720
48153,4,38469,0.984936
48153,5,33619,0.984897
48153,6,48136,0.984690
48153,7,33618,0.984388
48153,8,48160,0.984114
48153,9,48148,0.984101
48153,10,45282,0.983727
48156,1,48161,0.975541
48156,2,42919,0.972198
48156,3,48155,0.969951
48156,4,51886,0.969011
48156,5,47358,0.968864
48156,6,33609,0.968544
48156,7,20412,0.967321
48156,8,33623,0.967295
48156,9,51882,0.965960
48156,10,51900,0.965841
48158,1,33629,0.991179
48158,2,48161,0.989847
48158,3,33446,0.989569
48158,4,48155,0.989308
48158,5,48139,0.988344
48158,6,48160,0.988043
48158,7,45281,0.986350
48158,8,48138,0.986338
48158,9,20585,0.985274
48158,10,33618,0.985030
48167,1,47315,0.966663
48167,2,47428,0.962158
48167,3,33362,0.952088
48167,4,42871,0.948802
48167,5,25114,0.945779
48167,6,33445,0.940759
48167,7,48352,0.938045
48167,8,36680,0.936015
48167,9,36987,0.930722
48167,10,31915,0.930548
48168,1,33629,0.980805
48168,2,48148,0.979924
48168,3,33446,0.979349
48168,4,48173,0.978814
48168,5,48147,0.978109
48168,6,38429,0.977161
48168,7,48138,0.976662
48168,8,42919,0.976210
48168,9,37650,0.976148
48168,10,20562,0.975560
48183,1,48184,0.959416
48183,2,47338,0.932589
48183,3,37074,0.926970
48183,4,37077,0.924395
48183,5,17132,0.923807
48183,6,10231,0.923042
48183,7,38314,0.922438
48183,8,37069,0.921527
48183,9,37071,0.920874
48183,10,27745,0.920866
48199,1,8620,0.975956
48199,2,30674,0.974400
48199,3,29869,0.972615
48199,4,49672,0.972586
48199,5,29868,0.972193
48199,6,30675,0.969389
48199,7,28423,0.968284
48199,8,48200,0.967206
48199,9,49673,0.967049
48199,10,51671,0.965179
48202,1,29869,0.972967
48202,2,49672,0.966676
48202,3,51670,0.966325
48202,4,21334,0.964304
48202,5,29868,0.963612
48202,6,8620,0.963094
48202,7,30673,0.960961
48202,8,8622,0.960861
48202,9,48200,0.960476
48202,10,28334,0.960027
48204,1,23704,0.910049
48204,2,28404,0.896938
48204,3,28378,0.895908
48204,4,16109,0.895822
48204,5,28211,0.893810
48204,6,30267,0.890427
48204,7,16948,0.888742
48204,8,23764,0.888005
48204,9,23703,0.887478
48204,10,29869,0.885692
48209,1,48210,0.973966
48209,2,28156,0.968730
48209,3,17332,0.967456
48209,4,16948,0.964733
48209,5,17218,0.960407
48209,6,17230,0.957393
48209,7,17219,0.957121
48209,8,51664,0.954623
48209,9,30266,0.953052
48209,10,23770,0.950902
48212,1,48213,0.990522
48212,2,30565,0.971810
48212,3,48215,0.969666
48212,4,30556,0.968760
48212,5,48217,0.967512
48212,6,30559,0.965506
48212,7,38238,0.962670
48212,8,21320,0.962610
48212,9,28289,0.962270
48212,10,48214,0.961844
48227,1,30571,0.988626
48227,2,17331,0.986946
48227,3,30680,0.985921
48227,4,17212,0.984584
48227,5,28412,0.982207
48227,6,16941,0.979976
48227,7,17323,0.979050
48227,8,17335,0.978848
48227,9,48197,0.978487
48227,10,28418,0.978460
48230,1,30557,0.989606
48230,2,8653,0.988427
48230,3,21321,0.985157
48230,4,30265,0.984246
48230,5,30681,0.983591
48230,6,21320,0.982921
48230,7,38239,0.980915
48230,8,38238,0.980503
48230,9,16949,0.979301
48230,10,16878,0.978846
48231,1,17223,0.877776
48231,2,28156,0.872984
48231,3,23731,0.866790
48231,4,48224,0.866221
48231,5,48208,0.865206
48231,6,38230,0.865131
48231,7,8687,0.860946
48231,8,16948,0.860920
48231,9,21281,0.858790
48231,10,21276,0.857620
48244,1,48250,0.989136
48244,2,48257,0.987522
48244,3,17613,0.982570
48244,4,15572,0.981154
48244,5,34682,0.979976
48244,6,13254,0.979107
48244,7,40141,0.978924
48244,8,31107,0.978379
48244,9,36001,0.978357
48244,10,8340,0.977440
48248,1,12847,0.972823
48248,2,48243,0.966415
48248,3,48256,0.965300
48248,4,24873,0.962360
48248,5,35999,0.962337
48248,6,48257,0.961243
48248,7,10054,0.959662
48248,8,13254,0.959045
48248,9,35895,0.958719
48248,10,15572,0.958663
48320,1,48318,0.839918
48320,2,48319,0.830624
48320,3,48588,0.820746
48320,4,48566,0.820159
48320,5,14864,0.818261
48320,6,46060,0.818194
48320,7,43731,0.817398
48320,8,48313,0.816597
48320,9,35133,0.815642
48320,10,48573,0.811206
48342,1,48341,0.979142
48342,2,46145,0.965029
48342,3,48346,0.964587
48342,4,48332,0.963633
48342,5,46132,0.962101
48342,6,46129,0.958606
48342,7,46158,0.958552
48342,8,46170,0.957839
48342,9,46126,0.957830
48342,10,46137,0.957812
48361,1,14738,0.981290
48361,2,33239,0.977965
48361,3,29633,0.977738
48361,4,29665,0.977505
48361,5,29371,0.977138
48361,6,19201,0.976954
48361,7,11143,0.976735
48361,8,33328,0.976682
48361,9,37808,0.976558
48361,10,26049,0.976113
48365,1,26113,0.972956
48365,2,19838,0.972146
48365,3,16340,0.970128
48365,4,21021,0.969820
48365,5,29665,0.969238
48365,6,13666,0.968385
48365,7,46378,0.967844
48365,8,37753,0.967435
48365,9,41598,0.967268
48365,10,41597,0.967125
48368,1,48369,0.978685
48368,2,5970,0.978364
48368,3,20172,0.977988
48368,4,16044,0.977652
48368,5,20145,0.977502
48368,6,20179,0.976547
48368,7,19835,0.976510
48368,8,28807,0.976061
48368,9,20160,0.976059
48368,10,12664,0.975875
48370,1,37771,0.918627
48370,2,41606,0.912656
48370,3,37782,0.908371
48370,4,17168,0.906155
48370,5,37766,0.903710
48370,6,8151,0.895762
48370,7,41596,0.894174
48370,8,43488,0.893659
48370,9,10812,0.892828
48370,10,9793,0.892614
48373,1,51408,0.962984
48373,2,51420,0.962894
48373,3,20153,0.960001
48373,4,10421,0.959686
48373,5,10815,0.958786
48373,6,33293,0.957075
48373,7,17167,0.956985
48373,8,20154,0.956963
48373,9,41586,0.956785
48373,10,16392,0.956670
48386,1,48385,0.967919
48386,2,51495,0.959514
48386,3,51482,0.952096
48386,4,42262,0.948191
48386,5,14130,0.947796
48386,6,51471,0.943356
48386,7,11308,0.938732
48386,8,46890,0.938283
48386,9,37205,0.933936
48386,10,44923,0.932973
48391,1,44923,0.980471
48391,2,14130,0.976182
48391,3,48384,0.976177
48391,4,39388,0.974768
48391,5,37205,0.974270
48391,6,42260,0.974019
48391,7,31668,0.972031
48391,8,48385,0.971583
48391,9,46890,0.971196
48391,10,11347,0.970015
48400,1,32425,0.948755
48400,2,10358,0.937725
48400,3,26275,0.930371
48400,4,24341,0.923161
48400,5,44875,0.922966
48400,6,17876,0.920809
48400,7,49940,0.920191
48400,8,13425,0.918357
48400,9,7007,0.918165
48400,10,49939,0.916569
48403,1,19665,0.950308
48403,2,48417,0.929284
48403,3,6116,0.929226
48403,4,44835,0.924264
48403,5,44850,0.918903
48403,6,24314,0.918467
48403,7,3926,0.918275
48403,8,17262,0.917930
48403,9,40060,0.917586
48403,10,38791,0.916367
48419,1,34366,0.960468
48419,2,44844,0.956630
48419,3,19629,0.951779
48419,4,48440,0.950092
48419,5,44846,0.950016
48419,6,1938,0.949004
48419,7,2762,0.948387
48419,8,44833,0.948222
48419,9,6108,0.948216
48419,10,44865,0.948093
48429,1,20191,0.959236
48429,2,11737,0.948900
48429,3,16916,0.946484
48429,4,19519,0.942512
48429,5,10426,0.939433
48429,6,16926,0.939139
48429,7,17197,0.938520
48429,8,19162,0.938303
48429,9,15003,0.936735
48429,10,19165,0.936494
48434,1,8270,0.964008
48434,2,1857,0.959291
48434,3,5499,0.958840
48434,4,17253,0.958425
48434,5,17277,0.958136
48434,6,27370,0.957551
48434,7,27375,0.957018
48434,8,16218,0.956806
48434,9,35277,0.956579
48434,10,14531,0.956373
48442,1,48070,0.949065
48442,2,32466,0.946772
48442,3,44900,0.945872
48442,4,3761,0.945636
48442,5,3872,0.945530
48442,6,19149,0.945390
48442,7,2006,0.944884
48442,8,40081,0.944784
48442,9,3101,0.944364
48442,10,18847,0.943177
48451,1,46381,0.922053
48451,2,12055,0.921532
48451,3,21364,0.911121
48451,4,44834,0.909701
48451,5,1798,0.907835
48451,6,48417,0.907276
48451,7,17238,0.906829
48451,8,44876,0.905845
48451,9,44857,0.905478
48451,10,11450,0.903438
48457,1,48460,0.681760
48457,2,51398,0.645702
48457,3,51394,0.631592
48457,4,44625,0.629513
48457,5,26240,0.626935
48457,6,22987,0.622656
48457,7,40082,0.621290
48457,8,26311,0.620284
48457,9,40068,0.619935
48457,10,19948,0.619658
48468,1,51797,0.901493
48468,2,50983,0.901329
48468,3,51032,0.889083
48468,4,51036,0.886917
48468,5,39241,0.881776
48468,6,51811,0.880365
48468,7,51806,0.877380
48468,8,51807,0.874875
48468,9,39240,0.873608
48468,10,51844,0.873488
48472,1,47650,0.959295
48472,2,44643,0.953029
48472,3,25972,0.947031
48472,4,25971,0.946403
48472,5,48481,0.945354
48472,6,48471,0.944815
48472,7,29158,0.942834
48472,8,8482,0.942768
48472,9,43646,0.942652
48472,10,44944,0.940494
48480,1,42216,0.991152
48480,2,50698,0.989009
48480,3,43511,0.988790
48480,4,42591,0.987034
48480,5,48476,0.986855
48480,6,33976,0.986662
48480,7,48474,0.986367
48480,8,48466,0.985990
48480,9,35989,0.985731
48480,10,46271,0.985570
48491,1,51437,0.718412
48491,2,45959,0.687646
48491,3,35016,0.675514
48491,4,49640,0.672977
48491,5,26955,0.663943
48491,6,20248,0.659957
48491,7,13847,0.656901
48491,8,35009,0.656758
48491,9,30908,0.655827
48491,10,34968,0.655520
48537,1,48535,0.827712
48537,2,9436,0.810987
48537,3,7619,0.800204
48537,4,41533,0.788718
48537,5,12439,0.786177
48537,6,12681,0.786113
48537,7,16537,0.785634
48537,8,49236,0.781670
48537,9,19439,0.781530
48537,10,49794,0.778460
48577,1,48580,0.916740
48577,2,48581,0.914394
48577,3,48582,0.912415
48577,4,48575,0.908380
48577,5,48579,0.907041
48577,6,48564,0.906975
48577,7,48584,0.906541
48577,8,48559,0.899365
48577,9,48562,0.897623
48577,10,48561,0.895218
48578,1,48580,0.640964
48578,2,48733,0.639244
48578,3,48745,0.637493
48578,4,48581,0.635742
48578,5,48732,0.625179
48578,6,48738,0.622254
48578,7,48744,0.618654
48578,8,48741,0.617583
48578,9,48560,0.615063
48578,10,48735,0.614783
48583,1,48582,0.900620
48583,2,48581,0.897152
48583,3,48575,0.894482
48583,4,48563,0.894148
48583,5,48561,0.893687
48583,6,48564,0.892936
48583,7,48559,0.891168
48583,8,48579,0.889787
48583,9,48562,0.889230
48583,10,48584,0.885110
48605,1,48707,0.991868
48605,2,48667,0.990755
48605,3,48681,0.989724
48605,4,48704,0.989450
48605,5,35309,0.989140
48605,6,48633,0.989041
48605,7,48694,0.988927
48605,8,48638,0.988771
48605,9,48593,0.988368
48605,10,48626,0.988362
48616,1,48617,0.963469
48616,2,48601,0.962766
48616,3,48716,0.953851
48616,4,48593,0.953287
48616,5,48599,0.952333
48616,6,48683,0.951736
48616,7,48713,0.950872
48616,8,48591,0.950509
48616,9,46050,0.950002
48616,10,43783,0.949928
48619,1,48692,0.991214
48619,2,43855,0.988858
48619,3,42623,0.988606
48619,4,48591,0.987870
48619,5,43857,0.987007
48619,6,48693,0.986991
48619,7,43763,0.986954
48619,8,48681,0.986754
48619,9,43859,0.986670
48619,10,48657,0.986509
48637,1,48726,0.995697
48637,2,48679,0.995414
48637,3,48713,0.995262
48637,4,48728,0.995135
48637,5,48596,0.995016
48637,6,48721,0.994872
48637,7,48621,0.994520
48637,8,48622,0.994441
48637,9,48684,0.994314
48637,10,48724,0.993860
48645,1,48674,0.994896
48645,2,48625,0.994019
48645,3,48684,0.993957
48645,4,35300,0.993555
48645,5,48602,0.993538
48645,6,31720,0.993295
48645,7,48606,0.992624
48645,8,48597,0.992488
48645,9,48718,0.992371
48645,10,48604,0.992289
48652,1,48644,0.989418
48652,2,48655,0.989319
48652,3,48646,0.988392
48652,4,48636,0.988321
48652,5,48684,0.987423
48652,6,48603,0.986886
48652,7,48647,0.986833
48652,8,48676,0.986564
48652,9,48607,0.986036
48652,10,48726,0.985863
48659,1,48710,0.994231
48659,2,48712,0.994125
48659,3,48708,0.993384
48659,4,48713,0.992836
48659,5,48613,0.992146
48659,6,48695,0.992043
48659,7,48633,0.991964
48659,8,48660,0.991926
48659,9,48693,0.991703
48659,10,48683,0.991618
48662,1,42621,0.946051
48662,2,48667,0.944643
48662,3,46048,0.942207
48662,4,35309,0.938425
48662,5,48629,0.936820
48662,6,31702,0.936082
48662,7,48638,0.936069
48662,8,42629,0.933534
48662,9,48681,0.933406
48662,10,48704,0.932144
48720,1,48602,0.993886
48720,2,48684,0.993447
48720,3,48603,0.993163
48720,4,48655,0.993128
48720,5,48726,0.992286
48720,6,48679,0.992271
48720,7,48650,0.991811
48720,8,48674,0.991384
48720,9,48644,0.991356
48720,10,35300,0.990870
48725,1,48710,0.996595
48725,2,48718,0.995777
48725,3,48712,0.994999
48725,4,48717,0.993559
48725,5,48606,0.993240
48725,6,48684,0.992710
48725,7,48664,0.992613
48725,8,48604,0.992479
48725,9,48702,0.992133
48725,10,48713,0.992062
48737,1,48733,0.948197
48737,2,48732,0.943790
48737,3,48741,0.941539
48737,4,48745,0.941467
48737,5,48738,0.940131
48737,6,48744,0.934810
48737,7,48736,0.933873
48737,8,48735,0.933540
48737,9,48734,0.930552
48737,10,48742,0.930112
48757,1,48756,0.983825
48757,2,48758,0.982776
48757,3,48771,0.981942
48757,4,48768,0.981627
48757,5,48764,0.981068
48757,6,48762,0.978661
48757,7,48763,0.978569
48757,8,48765,0.976192
48757,9,46195,0.974932
48757,10,48767,0.974915
48760,1,48764,0.990395
48760,2,48758,0.990124
48760,3,48763,0.988788
48760,4,48768,0.988493
48760,5,48766,0.988156
48760,6,48771,0.986695
48760,7,48767,0.985631
48760,8,48762,0.985182
48760,9,48756,0.984373
48760,10,48761,0.983153
48778,1,48861,0.716384
48778,2,48782,0.715110
48778,3,48825,0.713554
48778,4,48806,0.712596
48778,5,48833,0.711239
48778,6,35124,0.710522
48778,7,48908,0.710057
48778,8,48869,0.708447
48778,9,48900,0.707817
48778,10,35336,0.706944
48809,1,48834,0.829035
48809,2,48782,0.827327
48809,3,48854,0.825069
48809,4,48856,0.824715
48809,5,48824,0.823986
48809,6,48844,0.823981
48809,7,48943,0.823384
48809,8,48843,0.823251
48809,9,48914,0.822948
48809,10,48902,0.822692
48836,1,48899,0.986235
48836,2,48882,0.985508
48836,3,48903,0.984265
48836,4,48865,0.982927
48836,5,48902,0.980590
48836,6,48915,0.979608
48836,7,48914,0.978857
48836,8,48843,0.978843
48836,9,48846,0.978646
48836,10,48908,0.978512
48837,1,48843,0.982184
48837,2,48808,0.981925
48837,3,48883,0.979874
48837,4,48784,0.979159
48837,5,48895,0.979027
48837,6,48835,0.978697
48837,7,48846,0.978093
48837,8,48866,0.977883
48837,9,48908,0.977811
48837,10,35336,0.977704
48870,1,48843,0.981334
48870,2,48903,0.980218
48870,3,48846,0.980135
48870,4,48908,0.979213
48870,5,48824,0.979035
48870,6,48774,0.978899
48870,7,48883,0.977905
48870,8,48861,0.976912
48870,9,35336,0.975845
48870,10,48885,0.975757
48879,1,48862,0.994295
48879,2,48848,0.991368
48879,3,48908,0.990994
48879,4,48903,0.990272
48879,5,48824,0.989697
48879,6,48846,0.988490
48879,7,48827,0.987854
48879,8,48882,0.987777
48879,9,48900,0.987695
48879,10,48917,0.987495
48887,1,48845,0.983513
48887,2,48793,0.969304
48887,3,48871,0.968673
48887,4,48885,0.968062
48887,5,48883,0.968060
48887,6,48843,0.966091
48887,7,48846,0.965909
48887,8,48808,0.964248
48887,9,42606,0.963952
48887,10,48835,0.963271
48907,1,48810,0.855068
48907,2,48845,0.854070
48907,3,48823,0.846605
48907,4,48861,0.844994
48907,5,48792,0.844671
48907,6,48791,0.844194
48907,7,48871,0.844181
48907,8,48788,0.843749
48907,9,48783,0.841663
48907,10,48834,0.840112
48916,1,48917,0.957664
48916,2,48886,0.956832
48916,3,48888,0.956031
48916,4,48772,0.954206
48916,5,48882,0.953441
48916,6,48816,0.953191
48916,7,48903,0.953124
48916,8,48783,0.950983
48916,9,48892,0.950529
48916,10,48899,0.950413
48921,1,48922,0.962736
48921,2,48931,0.958536
48921,3,49021,0.955655
48921,4,48993,0.953937
48921,5,49010,0.952815
48921,6,48935,0.952188
48921,7,49057,0.948781
48921,8,48970,0.947882
48921,9,48941,0.947694
48921,10,48983,0.947118
48945,1,48958,0.991370
48945,2,48953,0.990580
48945,3,48956,0.989187
48945,4,48962,0.987632
48945,5,48964,0.986683
48945,6,48948,0.985644
48945,7,48947,0.985162
48945,8,48954,0.985099
48945,9,48967,0.985028
48945,10,48946,0.984315
48981,1,48970,0.986115
48981,2,48972,0.982001
48981,3,48992,0.973355
48981,4,49010,0.972336
48981,5,49005,0.970522
48981,6,49041,0.970053
48981,7,48994,0.969814
48981,8,49018,0.969215
48981,9,49006,0.968962
48981,10,48922,0.968107
48988,1,49039,0.995290
48988,2,48989,0.994177
48988,3,48975,0.993267
48988,4,48990,0.992913
48988,5,49014,0.992431
48988,6,48928,0.991795
48988,7,48992,0.991166
48988,8,49047,0.990808
48988,9,49025,0.990776
48988,10,49033,0.990728
48991,1,48941,0.912532
48991,2,48931,0.899435
48991,3,49010,0.898325
48991,4,48933,0.894079
48991,5,49047,0.893241
48991,6,49021,0.893089
48991,7,48922,0.892024
48991,8,48935,0.891302
48991,9,48983,0.889155
48991,10,49054,0.888701
49001,1,48897,0.808018
49001,2,48806,0.806625
49001,3,48871,0.798541
49001,4,48808,0.798483
49001,5,48812,0.797234
49001,6,48822,0.796383
49001,7,35124,0.796105
49001,8,48895,0.795262
49001,9,48772,0.794576
49001,10,35123,0.794289
49008,1,49005,0.990215
49008,2,49029,0.989072
49008,3,49041,0.988121
49008,4,48936,0.987981
49008,5,49012,0.986858
49008,6,49026,0.986740
49008,7,49019,0.986706
49008,8,49033,0.986634
49008,9,48927,0.986427
49008,10,49025,0.985580
49023,1,49039,0.996068
49023,2,48925,0.995065
49023,3,49014,0.994467
49023,4,48980,0.994171
49023,5,49025,0.994123
49023,6,48976,0.994073
49023,7,49033,0.993888
49023,8,49040,0.993720
49023,9,48929,0.993595
49023,10,49026,0.992743
49035,1,48992,0.995671
49035,2,49033,0.995437
49035,3,49014,0.995186
49035,4,49049,0.995113
49035,5,48929,0.994790
49035,6,48980,0.994631
49035,7,49039,0.994586
49035,8,49052,0.994557
49035,9,48925,0.994383
49035,10,49041,0.994285
49061,1,14505,0.926071
49061,2,44739,0.920480
49061,3,49060,0.912263
49061,4,6470,0.908115
49061,5,46102,0.904776
49061,6,7037,0.902689
49061,7,3646,0.900156
49061,8,16168,0.900096
49061,9,5699,0.899760
49061,10,47246,0.899647
49090,1,49093,0.999981
49090,2,49091,0.999980
49090,3,49092,0.999970
49090,4,49136,0.999953
49090,5,49151,0.982631
49090,6,49149,0.981739
49090,7,49150,0.980784
49090,8,49132,0.979026
49090,9,49134,0.976832
49090,10,49142,0.864904
49108,1,49107,0.995045
49108,2,49126,0.994547
49108,3,49106,0.990669
49108,4,49085,0.989437
49108,5,49131,0.988326
49108,6,49145,0.987397
49108,7,49130,0.987228
49108,8,49127,0.987152
49108,9,49125,0.986375
49108,10,49166,0.984800
49109,1,8422,0.629972
49109,2,2356,0.629427
49109,3,4007,0.620310
49109,4,8426,0.617288
49109,5,4009,0.617026
49109,6,2354,0.615650
49109,7,1628,0.614417
49109,8,4013,0.613666
49109,9,4011,0.613095
49109,10,4010,0.612976
49121,1,49124,0.999779
49121,2,49123,0.999520
49121,3,49119,0.999218
49121,4,49120,0.998912
49121,5,49122,0.998518
49121,6,49117,0.982414
49121,7,49133,0.981681
49121,8,49115,0.981326
49121,9,49118,0.981171
49121,10,49114,0.980970
49144,1,49141,0.985555
49144,2,49142,0.961872
49144,3,49140,0.941466
49144,4,49143,0.879385
49144,5,49091,0.761788
49144,6,49136,0.761543
49144,7,49093,0.761451
49144,8,49092,0.761319
49144,9,49134,0.759891
49144,10,49149,0.758291
49165,1,49163,0.979024
49165,2,49087,0.967955
49165,3,49094,0.966713
49165,4,49089,0.965164
49165,5,49105,0.962743
49165,6,49162,0.960063
49165,7,49135,0.959513
49165,8,49137,0.949646
49165,9,50181,0.948640
49165,10,49088,0.943465
49247,1,49248,0.953631
49247,2,19439,0.946793
49247,3,40769,0.939089
49247,4,49793,0.931477
49247,5,18214,0.930234
49247,6,41535,0.927006
49247,7,49794,0.926213
49247,8,49244,0.925742
49247,9,49234,0.925528
49247,10,3471,0.925471
49268,1,18588,0.989118
49268,2,43405,0.987277
49268,3,49266,0.986459
49268,4,49300,0.985864
49268,5,18953,0.985603
49268,6,49303,0.983580
49268,7,49287,0.983552
49268,8,49304,0.983472
49268,9,51347,0.983467
49268,10,46868,0.982458
49269,1,49222,0.979872
49269,2,49307,0.979412
49269,3,43562,0.979128
49269,4,29111,0.978933
49269,5,43558,0.978886
49269,6,12403,0.978658
49269,7,7667,0.977558
49269,8,29209,0.977230
49269,9,20828,0.977130
49269,10,30548,0.977078
49302,1,49303,0.991226
49302,2,49266,0.990636
49302,3,49304,0.988203
49302,4,43405,0.987377
49302,5,49300,0.987274
49302,6,41850,0.987160
49302,7,18953,0.986772
49302,8,46862,0.985783
49302,9,49249,0.985532
49302,10,18588,0.985382
49310,1,49266,0.990310
49310,2,49303,0.987639
49310,3,49300,0.985620
49310,4,49304,0.985154
49310,5,18588,0.985106
49310,6,43405,0.984586
49310,7,49308,0.983178
49310,8,18953,0.982882
49310,9,46862,0.982090
49310,10,49287,0.981971
49325,1,26328,0.972916
49325,2,45135,0.971970
49325,3,49876,0.966554
49325,4,37479,0.966490
49325,5,17435,0.965753
49325,6,33932,0.965520
49325,7,45204,0.965076
49325,8,49324,0.964220
49325,9,30023,0.963645
49325,10,46459,0.963213
49353,1,25447,0.936828
49353,2,15734,0.929818
49353,3,39979,0.929366
49353,4,13907,0.928300
49353,5,6670,0.922085
49353,6,23839,0.921555
49353,7,50376,0.920724
49353,8,39272,0.920697
49353,9,42044,0.919589
49353,10,19940,0.919351
49435,1,29556,0.970057
49435,2,49434,0.969876
49435,3,49408,0.966060
49435,4,17694,0.965240
49435,5,44786,0.964491
49435,6,49491,0.964067
49435,7,17707,0.963011
49435,8,42271,0.962955
49435,9,44657,0.962463
49435,10,42270,0.960756
49516,1,43149,0.975071
49516,2,33881,0.974705
49516,3,45154,0.973837
49516,4,45925,0.972261
49516,5,29453,0.970347
49516,6,46482,0.970060
49516,7,45139,0.970004
49516,8,51552,0.969874
49516,9,46440,0.969837
49516,10,49515,0.969802
49517,1,29434,0.969155
49517,2,29433,0.967373
49517,3,45039,0.966575
49517,4,51542,0.964924
49517,5,32299,0.963222
49517,6,45925,0.962940
49517,7,46425,0.961660
49517,8,29408,0.960637
49517,9,30014,0.960020
49517,10,33891,0.959035
49527,1,33404,0.951858
49527,2,51931,0.951795
49527,3,10322,0.951540
49527,4,49555,0.949840
49527,5,34773,0.949733
49527,6,50179,0.948944
49527,7,50186,0.947322
49527,8,10249,0.947304
49527,9,24624,0.945784
49527,10,16768,0.945705
49537,1,49529,0.885609
49537,2,2667,0.852641
49537,3,16764,0.839253
49537,4,20930,0.832176
49537,5,25707,0.825943
49537,6,2672,0.814614
49537,7,37002,0.813434
49537,8,28448,0.811840
49537,9,51937,0.811540
49537,10,44278,0.811255
49542,1,49541,0.944416
49542,2,49540,0.916497
49542,3,24738,0.901754
49542,4,27060,0.899970
49542,5,27665,0.897424
49542,6,25292,0.893434
49542,7,47395,0.893004
49542,8,27680,0.892397
49542,9,25293,0.892066
49542,10,20419,0.891840
49543,1,49541,0.945563
49543,2,49540,0.941350
49543,3,44249,0.921364
49543,4,38452,0.916216
49543,5,34557,0.915910
49543,6,27672,0.915226
49543,7,15442,0.914916
49543,8,25251,0.913911
49543,9,36536,0.913800
49543,10,3384,0.913767
49548,1,49549,0.842875
49548,2,49547,0.820753
49548,3,33402,0.816598
49548,4,27046,0.808977
49548,5,47420,0.802215
49548,6,35923,0.793268
49548,7,51924,0.793227
49548,8,31933,0.791890
49548,9,26445,0.790476
49548,10,32724,0.789763
49552,1,17126,0.954277
49552,2,25159,0.953112
49552,3,22000,0.948702
49552,4,50184,0.946065
49552,5,25174,0.944929
49552,6,47393,0.943591
49552,7,50185,0.941589
49552,8,15451,0.941537
49552,9,36664,0.941275
49552,10,46975,0.940746
49553,1,50184,0.967064
49553,2,17126,0.962843
49553,3,33404,0.962337
49553,4,34760,0.962282
49553,5,43571,0.962111
49553,6,22000,0.961985
49553,7,50188,0.961937
49553,8,50187,0.961645
49553,9,10725,0.959902
49553,10,25159,0.959679
49571,1,49572,0.987665
49571,2,50832,0.987218
49571,3,36018,0.986482
49571,4,51253,0.986269
49571,5,45309,0.986237
49571,6,36017,0.985963
49571,7,36024,0.985371
49571,8,21804,0.985131
49571,9,50839,0.985106
49571,10,38386,0.984885
49601,1,22273,0.982702
49601,2,19052,0.979760
49601,3,39620,0.976874
49601,4,39619,0.976862
49601,5,11507,0.975519
49601,6,47591,0.975183
49601,7,22275,0.974251
49601,8,49590,0.974180
49601,9,33135,0.973647
49601,10,49602,0.972818
49604,1,20902,0.977779
49604,2,41473,0.968466
49604,3,41667,0.965803
49604,4,45336,0.964652
49604,5,39610,0.963899
49604,6,45370,0.963624
49604,7,20752,0.962917
49604,8,45374,0.962741
49604,9,45340,0.961900
49604,10,45368,0.961707
49614,1,19020,0.987563
49614,2,20907,0.985741
49614,3,17685,0.985698
49614,4,49615,0.984909
49614,5,41688,0.983468
49614,6,43949,0.982783
49614,7,19019,0.982585
49614,8,15546,0.981918
49614,9,49616,0.980738
49614,10,14351,0.980255
49657,1,41387,0.912218
49657,2,40387,0.910108
49657,3,27876,0.904722
49657,4,42401,0.902052
49657,5,25702,0.901069
49657,6,31783,0.898275
49657,7,34577,0.889878
49657,8,33540,0.883625
49657,9,25698,0.879625
49657,10,20364,0.878128
49661,1,49662,0.999503
49661,2,16959,0.986904
49661,3,16080,0.986665
49661,4,28282,0.985650
49661,5,38159,0.984905
49661,6,38158,0.984342
49661,7,23738,0.984262
49661,8,16850,0.984252
49661,9,50235,0.984169
49661,10,17312,0.983801
49674,1,28374,0.981968
49674,2,49675,0.978728
49674,3,49673,0.973607
49674,4,30674,0.969391
49674,5,49672,0.969373
49674,6,29881,0.968117
49674,7,28334,0.962526
49674,8,48193,0.962265
49674,9,28300,0.961767
49674,10,17335,0.961484
49727,1,49709,0.998239
49727,2,49710,0.998192
49727,3,49723,0.997418
49727,4,49719,0.997271
49727,5,49700,0.997206
49727,6,49704,0.997187
49727,7,49696,0.997115
49727,8,49729,0.997060
49727,9,49714,0.996957
49727,10,49726,0.996724
49745,1,49728,0.999223
49745,2,49718,0.998715
49745,3,49701,0.997987
49745,4,50308,0.997942
49745,5,50306,0.997810
49745,6,49681,0.997730
49745,7,49689,0.997669
49745,8,49692,0.997222
49745,9,50304,0.997003
49745,10,49721,0.996798
49751,1,50311,0.996171
49751,2,49740,0.995961
49751,3,36351,0.995129
49751,4,36363,0.994487
49751,5,50307,0.994232
49751,6,49739,0.994178
49751,7,49720,0.993798
49751,8,50305,0.992807
49751,9,36359,0.992322
49751,10,49746,0.991950
49767,1,43627,0.965191
49767,2,42551,0.952880
49767,3,40618,0.945128
49767,4,38832,0.938338
49767,5,38847,0.933017
49767,6,43625,0.932230
49767,7,18755,0.928407
49767,8,6875,0.925753
49767,9,12076,0.919102
49767,10,43648,0.918868
49782,1,31295,0.767729
49782,2,21112,0.766761
49782,3,3700,0.763400
49782,4,36736,0.760273
49782,5,20375,0.759446
49782,6,38152,0.755380
49782,7,31290,0.754690
49782,8,7055,0.753873
49782,9,33565,0.753555
49782,10,7135,0.753523
49787,1,49236,0.915425
49787,2,49791,0.909451
49787,3,18208,0.885676
49787,4,49238,0.883150
49787,5,49246,0.882038
49787,6,49233,0.879887
49787,7,15025,0.879778
49787,8,49804,0.876980
49787,9,49793,0.875961
49787,10,18212,0.873630
49833,1,49812,0.963095
49833,2,44215,0.958171
49833,3,44203,0.957254
49833,4,49811,0.956513
49833,5,49813,0.955955
49833,6,44192,0.952631
49833,7,44214,0.951035
49833,8,44202,0.950727
49833,9,44194,0.950453
49833,10,41912,0.950027
49835,1,44211,0.981080
49835,2,41940,0.973856
49835,3,49823,0.968434
49835,4,49834,0.968331
49835,5,49810,0.967830
49835,6,49838,0.967632
49835,7,32817,0.966963
49835,8,44199,0.966470
49835,9,6437,0.966199
49835,10,33858,0.965974
49839,1,44213,0.964385
49839,2,44197,0.964170
49839,3,44204,0.964166
49839,4,44207,0.963883
49839,5,44212,0.962371
49839,6,49825,0.960570
49839,7,49836,0.958857
49839,8,44189,0.957677
49839,9,41938,0.956650
49839,10,36134,0.954548
49846,1,46554,0.981714
49846,2,32368,0.972488
49846,3,32324,0.972396
49846,4,11191,0.971433
49846,5,48007,0.971243
49846,6,48035,0.970992
49846,7,45047,0.970988
49846,8,39021,0.970686
49846,9,45036,0.968295
49846,10,30041,0.967449
49864,1,49863,0.876144
49864,2,51271,0.866463
49864,3,18533,0.863923
49864,4,18534,0.862724
49864,5,49884,0.842374
49864,6,18530,0.842276
49864,7,49907,0.838074
49864,8,49899,0.836201
49864,9,49896,0.828668
49864,10,51269,0.821652
49892,1,49902,0.985078
49892,2,49891,0.981631
49892,3,49898,0.980907
49892,4,49886,0.978980
49892,5,49893,0.978575
49892,6,49885,0.978570
49892,7,49894,0.973580
49892,8,16788,0.968735
49892,9,4709,0.965674
49892,10,49900,0.965512
49895,1,49900,0.983862
49895,2,49891,0.974186
49895,3,49885,0.972794
49895,4,49894,0.970959
49895,5,36762,0.969467
49895,6,49898,0.968551
49895,7,49893,0.967341
49895,8,49897,0.966292
49895,9,49902,0.965980
49895,10,49886,0.965303
49904,1,49903,0.937053
49904,2,49902,0.925886
49904,3,49891,0.923363
49904,4,49894,0.919430
49904,5,49885,0.914756
49904,6,49898,0.909268
49904,7,49886,0.906572
49904,8,49897,0.902906
49904,9,49861,0.902676
49904,10,49900,0.902434
49914,1,33889,0.966615
49914,2,10584,0.955384
49914,3,32324,0.955283
49914,4,46560,0.955152
49914,5,29432,0.954752
49914,6,11191,0.954044
49914,7,39027,0.953966
49914,8,45041,0.953792
49914,9,39019,0.953369
49914,10,17455,0.952214
49919,1,49918,0.991578
49919,2,50869,0.990071
49919,3,42323,0.988824
49919,4,42326,0.988623
49919,5,49915,0.988010
49919,6,50889,0.987403
49919,7,45991,0.987075
49919,8,34987,0.985532
49919,9,49917,0.985263
49919,10,50904,0.985170
49922,1,49923,0.990897
49922,2,50906,0.989259
49922,3,45991,0.989083
49922,4,50883,0.988963
49922,5,49926,0.988126
49922,6,50892,0.987650
49922,7,50902,0.987612
49922,8,50878,0.987513
49922,9,34956,0.986656
49922,10,49927,0.986553
49925,1,50880,0.993087
49925,2,50903,0.991496
49925,3,34982,0.990647
49925,4,49923,0.990288
49925,5,45989,0.989468
49925,6,46011,0.989443
49925,7,34963,0.989126
49925,8,34995,0.988850
49925,9,51101,0.988799
49925,10,46009,0.988674
49930,1,45992,0.978552
49930,2,50881,0.978301
49930,3,45995,0.978188
49930,4,34949,0.978121
49930,5,34991,0.978121
49930,6,50902,0.978111
49930,7,42331,0.977876
49930,8,50884,0.977671
49930,9,34985,0.977669
49930,10,50878,0.977462
49965,1,19114,0.707855
49965,2,9536,0.696969
49965,3,23056,0.695506
49965,4,18630,0.690228
49965,5,38153,0.690084
49965,6,1812,0.690002
49965,7,4088,0.689750
49965,8,3706,0.689629
49965,9,1759,0.688139
49965,10,19409,0.685813
49967,1,25388,0.984910
49967,2,25342,0.981853
49967,3,28099,0.981489
49967,4,28051,0.980250
49967,5,28059,0.979087
49967,6,28052,0.978612
49967,7,28082,0.977850
49967,8,27956,0.977582
49967,9,25347,0.977497
49967,10,27995,0.977482
49995,1,51808,0.717251
49995,2,41570,0.707569
49995,3,18736,0.702138
49995,4,42551,0.688048
49995,5,51999,0.686807
49995,6,11589,0.682468
49995,7,38843,0.681587
49995,8,38832,0.677178
49995,9,48463,0.676164
49995,10,43653,0.675491
50002,1,49999,0.988623
50002,2,50966,0.987184
50002,3,51000,0.985853
50002,4,50046,0.984607
50002,5,50011,0.984364
50002,6,30464,0.983253
50002,7,50000,0.983002
50002,8,51005,0.982732
50002,9,50001,0.982649
50002,10,50013,0.982333
50020,1,30613,0.849303
50020,2,21593,0.843837
50020,3,6523,0.833835
50020,4,3510,0.830542
50020,5,51369,0.830145
50020,6,7492,0.829857
50020,7,3483,0.829682
50020,8,27028,0.829033
50020,9,8758,0.828001
50020,10,27417,0.827160
50022,1,50956,0.669594
50022,2,27015,0.649573
50022,3,11317,0.648617
50022,4,51613,0.638562
50022,5,27023,0.637425
50022,6,7192,0.635552
50022,7,27936,0.630826
50022,8,27938,0.629674
50022,9,41352,0.627552
50022,10,12760,0.622658
50038,1,21645,0.996608
50038,2,50966,0.983138
50038,3,51004,0.982368
50038,4,51029,0.981946
50038,5,51000,0.981827
50038,6,30528,0.981777
50038,7,50006,0.981198
50038,8,51200,0.980603
50038,9,50978,0.980394
50038,10,51005,0.980193
50040,1,50966,0.983983
50040,2,21647,0.983538
50040,3,50005,0.983407
50040,4,51200,0.982200
50040,5,51005,0.981533
50040,6,30478,0.981529
50040,7,21645,0.981371
50040,8,51025,0.980942
50040,9,21642,0.980830
50040,10,50013,0.980769
50051,1,49974,0.967971
50051,2,49979,0.964232
50051,3,49978,0.963741
50051,4,50552,0.961804
50051,5,49977,0.961562
50051,6,25396,0.961219
50051,7,49972,0.959280
50051,8,50500,0.958987
50051,9,50492,0.958940
50051,10,15757,0.958746
50149,1,41742,0.951996
50149,2,14386,0.949220
50149,3,49624,0.948430
50149,4,49594,0.948009
50149,5,49593,0.945454
50149,6,47618,0.944697
50149,7,47566,0.944596
50149,8,41731,0.944374
50149,9,47610,0.943944
50149,10,41733,0.942798
50161,1,22276,0.976704
50161,2,50168,0.971738
50161,3,42733,0.971507
50161,4,45408,0.971408
50161,5,47624,0.970192
50161,6,50167,0.969183
50161,7,20923,0.968634
50161,8,49593,0.967947
50161,9,47566,0.966672
50161,10,42730,0.965699
50163,1,13014,0.973364
50163,2,22257,0.970556
50163,3,41740,0.968269
50163,4,50168,0.955242
50163,5,50160,0.954949
50163,6,22276,0.953601
50163,7,41676,0.952897
50163,8,49623,0.951072
50163,9,36614,0.948580
50163,10,14461,0.948440
50170,1,50160,0.980378
50170,2,33521,0.979604
50170,3,39584,0.979329
50170,4,33135,0.978596
50170,5,46826,0.977295
50170,6,47597,0.972637
50170,7,46602,0.972369
50170,8,47573,0.971571
50170,9,46581,0.971302
50170,10,2880,0.971282
50171,1,39584,0.980454
50171,2,46826,0.980119
50171,3,33521,0.978854
50171,4,50164,0.977292
50171,5,33135,0.977288
50171,6,50160,0.976622
50171,7,46602,0.975587
50171,8,45364,0.973854
50171,9,2880,0.973583
50171,10,13013,0.973434
50173,1,47629,0.974550
50173,2,24074,0.973521
50173,3,47630,0.973260
50173,4,20735,0.969138
50173,5,25017,0.967768
50173,6,24073,0.966917
50173,7,34074,0.964364
50173,8,43364,0.963980
50173,9,34520,0.960424
50173,10,17009,0.959759
50174,1,13045,0.942753
50174,2,23796,0.941293
50174,3,50172,0.939591
50174,4,42736,0.939417
50174,5,49588,0.939227
50174,6,27076,0.938597
50174,7,50168,0.937661
50174,8,37962,0.937524
50174,9,45420,0.936087
50174,10,16997,0.936082
50180,1,38452,0.984949
50180,2,50187,0.982929
50180,3,27731,0.982437
50180,4,9442,0.982282
50180,5,37428,0.980944
50180,6,50188,0.980698
50180,7,25212,0.980315
50180,8,14882,0.979198
50180,9,30205,0.978828
50180,10,25275,0.978492
50190,1,21422,0.939409
50190,2,10363,0.933453
50190,3,25894,0.928556
50190,4,43620,0.927983
50190,5,40404,0.927492
50190,6,6894,0.926613
50190,7,25541,0.926013
50190,8,21423,0.925870
50190,9,44701,0.925710
50190,10,46270,0.925696
50218,1,37056,0.942884
50218,2,50220,0.942155
50218,3,33728,0.941193
50218,4,37055,0.939177
50218,5,33729,0.938925
50218,6,38418,0.937247
50218,7,20408,0.933295
50218,8,50224,0.933098
50218,9,20542,0.931503
50218,10,33474,0.930955
50223,1,50222,0.945485
50223,2,24680,0.943406
50223,3,33730,0.943150
50223,4,50226,0.941826
50223,5,33731,0.939773
50223,6,20069,0.939519
50223,7,48114,0.932578
50223,8,17062,0.932211
50223,9,48117,0.928208
50223,10,21440,0.927084
50227,1,33730,0.965806
50227,2,50228,0.965247
50227,3,48114,0.964888
50227,4,33731,0.962245
50227,5,17060,0.959233
50227,6,50226,0.958996
50227,7,50214,0.957628
50227,8,14587,0.957446
50227,9,50222,0.956701
50227,10,17062,0.956580
50231,1,16850,0.977587
50231,2,17209,0.976613
50231,3,38182,0.971920
50231,4,16945,0.970426
50231,5,38205,0.970036
50231,6,16081,0.968102
50231,7,16959,0.967590
50231,8,38209,0.967205
50231,9,48223,0.965129
50231,10,16079,0.964949
50239,1,9925,0.945150
50239,2,17128,0.944771
50239,3,27677,0.943045
50239,4,42841,0.942498
50239,5,25197,0.940478
50239,6,38756,0.937697
50239,7,25178,0.936899
50239,8,8518,0.936555
50239,9,47378,0.936484
50239,10,48533,0.936483
50281,1,50286,0.993575
50281,2,50285,0.993009
50281,3,50283,0.992940
50281,4,50290,0.991828
50281,5,36343,0.991552
50281,6,50284,0.991492
50281,7,35080,0.991176
50281,8,36370,0.991108
50281,9,50294,0.991003
50281,10,36364,0.990674
50289,1,49750,0.991817
50289,2,49688,0.991162
50289,3,49684,0.988625
50289,4,40234,0.987398
50289,5,49756,0.986796
50289,6,36360,0.985769
50289,7,50318,0.985756
50289,8,35084,0.985497
50289,9,11158,0.985174
50289,10,36347,0.984976
50291,1,50290,0.998576
50291,2,50285,0.997305
50291,3,50286,0.997233
50291,4,50284,0.997075
50291,5,50294,0.996923
50291,6,50288,0.996621
50291,7,50295,0.996123
50291,8,36345,0.995880
50291,9,49756,0.995590
50291,10,35080,0.995459
50298,1,50290,0.996444
50298,2,50286,0.995816
50298,3,50285,0.995271
50298,4,50284,0.994815
50298,5,36345,0.994799
50298,6,50283,0.994239
50298,7,35079,0.993074
50298,8,50288,0.993037
50298,9,50294,0.992950
50298,10,49756,0.992825
50316,1,50318,0.997952
50316,2,49732,0.997864
50316,3,49696,0.997478
50316,4,49704,0.997337
50316,5,49694,0.997174
50316,6,49709,0.997028
50316,7,49744,0.997013
50316,8,49723,0.996868
50316,9,49726,0.996816
50316,10,49729,0.996728
50322,1,45856,0.986250
50322,2,11805,0.977504
50322,3,12059,0.976864
50322,4,23315,0.975340
50322,5,23313,0.973053
50322,6,36819,0.971674
50322,7,22764,0.971667
50322,8,22769,0.970445
50322,9,12057,0.970296
50322,10,42552,0.969056
50339,1,15590,0.891077
50339,2,50708,0.890637
50339,3,5757,0.888898
50339,4,21128,0.888615
50339,5,47678,0.887400
50339,6,41799,0.885436
50339,7,39216,0.883311
50339,8,11427,0.882694
50339,9,40390,0.882018
50339,10,8436,0.882012
50383,1,50385,0.960938
50383,2,50382,0.959451
50383,3,50386,0.958857
50383,4,50379,0.958764
50383,5,50378,0.958510
50383,6,50384,0.917641
50383,7,34267,0.448705
50383,8,34301,0.445852
50383,9,34300,0.442770
50383,10,28988,0.438308
50394,1,25615,0.944987
50394,2,43197,0.943752
50394,3,32371,0.943078
50394,4,5077,0.942283
50394,5,43195,0.941534
50394,6,8104,0.941253
50394,7,25659,0.940644
50394,8,43196,0.940590
50394,9,46577,0.940435
50394,10,25678,0.939190
50396,1,49870,0.984698
50396,2,49876,0.982062
50396,3,46575,0.980385
50396,4,49324,0.979590
50396,5,40534,0.979473
50396,6,45135,0.979214
50396,7,33918,0.978858
50396,8,49871,0.977907
50396,9,43194,0.977886
50396,10,26328,0.977236
50423,1,15353,0.956387
50423,2,41478,0.955230
50423,3,21079,0.954426
50423,4,10627,0.952820
50423,5,18404,0.951655
50423,6,26560,0.951408
50423,7,12522,0.951189
50423,8,50279,0.950111
50423,9,6460,0.950102
50423,10,22183,0.948981
50454,1,50486,0.993033
50454,2,50453,0.991457
50454,3,47253,0.990440
50454,4,50507,0.990388
50454,5,47515,0.990209
50454,6,50509,0.990108
50454,7,15786,0.989852
50454,8,43013,0.989686
50454,9,15904,0.989607
50454,10,47254,0.989413
50457,1,50503,0.992280
50457,2,50464,0.991323
50457,3,50540,0.990631
50457,4,50465,0.989058
50457,5,50593,0.987951
50457,6,45645,0.986749
50457,7,50476,0.986597
50457,8,50473,0.986593
50457,9,43013,0.986323
50457,10,50589,0.986317
50474,1,50445,0.990939
50474,2,50443,0.990938
50474,3,50473,0.990348
50474,4,50541,0.990186
50474,5,18387,0.989420
50474,6,15768,0.989043
50474,7,50501,0.988731
50474,8,50532,0.988513
50474,9,42414,0.987711
50474,10,49966,0.987711
50478,1,50536,0.965661
50478,2,50601,0.964654
50478,3,20080,0.961733
50478,4,50543,0.957048
50478,5,50530,0.956328
50478,6,50458,0.956101
50478,7,45639,0.955622
50478,8,50540,0.954974
50478,9,50590,0.954455
50478,10,50594,0.953986
50487,1,50712,0.975411
50487,2,50515,0.973086
50487,3,50603,0.972983
50487,4,50690,0.971825
50487,5,50692,0.971321
50487,6,50694,0.970720
50487,7,17859,0.969561
50487,8,18378,0.969323
50487,9,50469,0.969137
50487,10,50489,0.968355
50533,1,50436,0.987071
50533,2,50599,0.985481
50533,3,50597,0.985388
50533,4,50592,0.985359
50533,5,50530,0.984545
50533,6,50590,0.984508
50533,7,50540,0.983870
50533,8,50606,0.983684
50533,9,50610,0.983336
50533,10,50464,0.983133
50561,1,50565,0.987633
50561,2,50564,0.981785
50561,3,50560,0.976526
50561,4,50563,0.972923
50561,5,27989,0.972083
50561,6,18393,0.971797
50561,7,17868,0.971462
50561,8,27991,0.970488
50561,9,18395,0.970306
50561,10,28129,0.969986
50602,1,50604,0.979876
50602,2,50691,0.978741
50602,3,50469,0.978470
50602,4,28068,0.976209
50602,5,49931,0.974322
50602,6,50680,0.974220
50602,7,50694,0.973808
50602,8,50631,0.973656
50602,9,50690,0.973578
50602,10,50712,0.973522
50611,1,50619,0.998624
50611,2,50627,0.992025
50611,3,50613,0.991016
50611,4,50617,0.989628
50611,5,50506,0.987439
50611,6,15782,0.984651
50611,7,20084,0.983880
50611,8,15791,0.983245
50611,9,50437,0.983162
50611,10,50509,0.982819
50612,1,50619,0.965695
50612,2,18392,0.964642
50612,3,50613,0.963273
50612,4,50601,0.963056
50612,5,50617,0.962862
50612,6,50459,0.960821
50612,7,15792,0.960671
50612,8,50476,0.958744
50612,9,28042,0.958341
50612,10,44796,0.958279
50614,1,50620,0.944587
50614,2,50503,0.943734
50614,3,50540,0.943083
50614,4,50463,0.941146
50614,5,50618,0.939974
50614,6,50465,0.938821
50614,7,50508,0.937431
50614,8,50459,0.936148
50614,9,50436,0.936124
50614,10,18699,0.934852
50616,1,34602,0.875381
50616,2,42409,0.868818
50616,3,50463,0.858832
50616,4,42408,0.857126
50616,5,28009,0.855360
50616,6,18391,0.852519
50616,7,50620,0.850098
50616,8,18704,0.846991
50616,9,50601,0.846746
50616,10,50459,0.845743
50635,1,1966,0.977662
50635,2,15822,0.973539
50635,3,50552,0.971257
50635,4,28145,0.969991
50635,5,50495,0.969969
50635,6,50498,0.968568
50635,7,50642,0.967382
50635,8,15766,0.966029
50635,9,49970,0.966015
50635,10,13567,0.965534
50655,1,18135,0.761533
50655,2,13632,0.724154
50655,3,49944,0.723115
50655,4,50656,0.713597
50655,5,32072,0.712927
50655,6,50657,0.709270
50655,7,50659,0.704918
50655,8,49945,0.703871
50655,9,49948,0.697021
50655,10,13624,0.695139
50658,1,50659,0.979407
50658,2,13632,0.969540
50658,3,50657,0.968816
50658,4,50656,0.967825
50658,5,32072,0.966381
50658,6,13624,0.962662
50658,7,50651,0.962139
50658,8,28139,0.960341
50658,9,13627,0.960214
50658,10,49949,0.959503
50666,1,50662,0.959306
50666,2,50660,0.956857
50666,3,50030,0.953384
50666,4,49954,0.946807
50666,5,41693,0.945038
50666,6,50033,0.944000
50666,7,50032,0.943845
50666,8,50661,0.943341
50666,9,22998,0.942164
50666,10,32266,0.940752
50681,1,50576,0.997353
50681,2,50574,0.996469
50681,3,27960,0.982579
50681,4,50569,0.981710
50681,5,28075,0.979899
50681,6,50674,0.979535
50681,7,28108,0.977991
50681,8,50631,0.976158
50681,9,17862,0.975948
50681,10,28076,0.974914
50683,1,50574,0.996669
50683,2,50576,0.992522
50683,3,27960,0.980191
50683,4,50567,0.980044
50683,5,50569,0.977152
50683,6,50674,0.976661
50683,7,28075,0.976593
50683,8,28107,0.975471
50683,9,50571,0.974495
50683,10,28013,0.974458
50686,1,50684,0.983648
50686,2,50682,0.973739
50686,3,50673,0.973366
50686,4,18691,0.973170
50686,5,18376,0.973112
50686,6,50573,0.971376
50686,7,50467,0.970567
50686,8,50516,0.970398
50686,9,50488,0.970269
50686,10,50678,0.968740
50720,1,4213,0.749837
50720,2,4717,0.749006
50720,3,3902,0.746028
50720,4,4186,0.735205
50720,5,38907,0.734557
50720,6,37566,0.731155
50720,7,4214,0.730161
50720,8,4216,0.730150
50720,9,4718,0.729657
50720,10,37637,0.729655
50741,1,5692,0.969775
50741,2,5706,0.968968
50741,3,2383,0.963809
50741,4,39306,0.962445
50741,5,5674,0.961963
50741,6,2381,0.960396
50741,7,9030,0.959522
50741,8,5675,0.958910
50741,9,44436,0.958265
50741,10,5316,0.957711
50749,1,39261,0.941705
50749,2,50748,0.940994
50749,3,10156,0.940275
50749,4,12511,0.934530
50749,5,15354,0.932844
50749,6,9029,0.930102
50749,7,20700,0.929525
50749,8,20699,0.925601
50749,9,14559,0.924437
50749,10,44817,0.923331
50756,1,44547,0.983140
50756,2,9019,0.976620
50756,3,50757,0.975622
50756,4,50733,0.975048
50756,5,7404,0.973683
50756,6,50734,0.972973
50756,7,39286,0.972488
50756,8,11911,0.971943
50756,9,50762,0.970898
50756,10,11877,0.970309
50758,1,39286,0.982553
50758,2,50757,0.977825
50758,3,50765,0.972820
50758,4,22888,0.972683
50758,5,50733,0.972154
50758,6,11962,0.970411
50758,7,9019,0.969466
50758,8,23296,0.969111
50758,9,6396,0.968610
50758,10,9018,0.967926
50761,1,7373,0.981390
50761,2,2821,0.980508
50761,3,50734,0.976430
50761,4,50765,0.976055
50761,5,39827,0.974447
50761,6,17816,0.974004
50761,7,7404,0.973672
50761,8,2820,0.973250
50761,9,39299,0.972211
50761,10,11877,0.972016
50828,1,41274,0.986365
50828,2,41261,0.981355
50828,3,38366,0.980110
50828,4,38364,0.979995
50828,5,38358,0.978611
50828,6,41272,0.978024
50828,7,36104,0.977921
50828,8,27758,0.977327
50828,9,47422,0.976393
50828,10,50819,0.976014
50860,1,50892,0.979006
50860,2,50902,0.978765
50860,3,50906,0.978562
50860,4,50884,0.977859
50860,5,42331,0.977773
50860,6,50901,0.976887
50860,7,50870,0.975972
50860,8,50883,0.975744
50860,9,34961,0.975725
50860,10,50850,0.975426
50887,1,50883,0.993864
50887,2,50902,0.993106
50887,3,50871,0.991622
50887,4,50906,0.991181
50887,5,50889,0.991052
50887,6,49923,0.990902
50887,7,50892,0.990574
50887,8,50852,0.990242
50887,9,50872,0.989845
50887,10,50890,0.989708
50891,1,50852,0.991654
50891,2,50881,0.990752
50891,3,50903,0.990538
50891,4,46009,0.989761
50891,5,50880,0.989311
50891,6,34982,0.988739
50891,7,34988,0.988572
50891,8,34995,0.988267
50891,9,49923,0.987999
50891,10,45989,0.987914
50939,1,51778,0.950869
50939,2,50495,0.942881
50939,3,50029,0.937894
50939,4,50496,0.933235
50939,5,49970,0.932400
50939,6,15766,0.927246
50939,7,28092,0.924968
50939,8,50015,0.924773
50939,9,28147,0.923598
50939,10,50522,0.923478
50942,1,27920,0.935059
50942,2,32404,0.930747
50942,3,27902,0.928558
50942,4,27913,0.923376
50942,5,44945,0.921095
50942,6,27919,0.919150
50942,7,32405,0.918797
50942,8,27923,0.916815
50942,9,51605,0.913695
50942,10,27916,0.913669
50947,1,51616,0.961303
50947,2,26988,0.959699
50947,3,51592,0.953919
50947,4,33736,0.953543
50947,5,51589,0.951842
50947,6,27007,0.949472
50947,7,51583,0.949160
50947,8,37207,0.947771
50947,9,33715,0.947018
50947,10,41134,0.945432
50967,1,51000,0.980943
50967,2,39539,0.979715
50967,3,50978,0.979667
50967,4,51777,0.979138
50967,5,51847,0.979053
50967,6,50969,0.978413
50967,7,50965,0.977732
50967,8,50036,0.977424
50967,9,30495,0.977305
50967,10,30478,0.976995
50968,1,51016,0.989730
50968,2,51047,0.989210
50968,3,50979,0.988658
50968,4,51847,0.988457
50968,5,45092,0.988306
50968,6,51826,0.987945
50968,7,30468,0.986851
50968,8,45093,0.986691
50968,9,30483,0.985871
50968,10,27141,0.985397
51001,1,21661,0.978309
51001,2,50036,0.974717
51001,3,50047,0.974649
51001,4,50044,0.973093
51001,5,30527,0.970446
51001,6,50045,0.970317
51001,7,30495,0.969135
51001,8,51188,0.968710
51001,9,21612,0.968668
51001,10,50966,0.968633
51014,1,51847,0.991679
51014,2,30468,0.991389
51014,3,50978,0.990664
51014,4,51016,0.990633
51014,5,50966,0.989945
51014,6,21616,0.989849
51014,7,50996,0.989688
51014,8,50965,0.989611
51014,9,51004,0.989575
51014,10,51025,0.989555
51015,1,51029,0.987722
51015,2,50978,0.986828
51015,3,51016,0.986628
51015,4,51051,0.986315
51015,5,51847,0.986215
51015,6,50997,0.986181
51015,7,27141,0.986134
51015,8,30468,0.985652
51015,9,51012,0.985045
51015,10,50996,0.984655
51020,1,51051,0.990142
51020,2,50979,0.989141
51020,3,21637,0.989121
51020,4,27141,0.989092
51020,5,51016,0.988523
51020,6,45092,0.988440
51020,7,50997,0.987756
51020,8,30468,0.987542
51020,9,39541,0.987519
51020,10,50965,0.987379
51030,1,51005,0.992174
51030,2,51847,0.990156
51030,3,50966,0.989813
51030,4,51000,0.989546
51030,5,30468,0.989050
51030,6,50978,0.988555
51030,7,45096,0.988273
51030,8,51025,0.988069
51030,9,51022,0.987876
51030,10,21616,0.987817
51034,1,43652,0.777894
51034,2,43666,0.772201
51034,3,48473,0.766001
51034,4,43653,0.763545
51034,5,39724,0.758970
51034,6,48484,0.757772
51034,7,43331,0.757129
51034,8,51999,0.753241
51034,9,48478,0.749633
51034,10,43513,0.747289
51059,1,49647,0.944611
51059,2,43632,0.944592
51059,3,48484,0.942738
51059,4,43510,0.942732
51059,5,43658,0.940861
51059,6,38838,0.940479
51059,7,47651,0.940247
51059,8,41565,0.940154
51059,9,26974,0.939563
51059,10,39233,0.938854
51060,1,51999,0.808908
51060,2,43652,0.797065
51060,3,43677,0.781616
51060,4,32577,0.779583
51060,5,49634,0.779467
51060,6,37929,0.776529
51060,7,8486,0.774665
51060,8,48463,0.770809
51060,9,43302,0.770415
51060,10,41765,0.770159
51090,1,51077,0.935743
51090,2,51084,0.934326
51090,3,51118,0.934014
51090,4,51088,0.931504
51090,5,51092,0.928421
51090,6,51081,0.928308
51090,7,51126,0.927842
51090,8,51108,0.926291
51090,9,51078,0.923621
51090,10,51115,0.921195
51140,1,36373,0.993908
51140,2,36372,0.992901
51140,3,36378,0.991897
51140,4,36387,0.991522
51140,5,51348,0.991065
51140,6,51185,0.989884
51140,7,51150,0.989015
51140,8,36400,0.988732
51140,9,36374,0.988617
51140,10,31991,0.988535
51151,1,51335,0.991297
51151,2,51164,0.990704
51151,3,36400,0.988454
51151,4,51346,0.987658
51151,5,51185,0.987601
51151,6,51152,0.986850
51151,7,51177,0.986839
51151,8,51341,0.986406
51151,9,51176,0.985084
51151,10,36372,0.984869
51158,1,51337,0.991846
51158,2,51339,0.989978
51158,3,51156,0.988425
51158,4,51171,0.987150
51158,5,51182,0.986395
51158,6,36389,0.986342
51158,7,51165,0.985324
51158,8,46879,0.984710
51158,9,36391,0.984395
51158,10,51141,0.984040
51159,1,36374,0.993213
51159,2,36387,0.990577
51159,3,36372,0.988073
51159,4,51348,0.987975
51159,5,51173,0.987834
51159,6,36390,0.986461
51159,7,51185,0.985970
51159,8,31991,0.985944
51159,9,36373,0.985789
51159,10,36378,0.985388
51166,1,36400,0.991134
51166,2,51185,0.988998
51166,3,51156,0.988213
51166,4,51181,0.987852
51166,5,51176,0.987297
51166,6,36374,0.986362
51166,7,36390,0.986088
51166,8,51164,0.985718
51166,9,36372,0.985280
51166,10,36373,0.984860
51179,1,51344,0.977212
51179,2,51184,0.975845
51179,3,51173,0.973174
51179,4,36386,0.969200
51179,5,51169,0.964310
51179,6,31995,0.963857
51179,7,36387,0.960106
51179,8,36375,0.959573
51179,9,51168,0.959456
51179,10,36398,0.957823
51205,1,30534,0.988338
51205,2,51206,0.982201
51205,3,51784,0.981637
51205,4,21637,0.981516
51205,5,27141,0.981442
51205,6,39539,0.980854
51205,7,51009,0.980684
51205,8,39541,0.980631
51205,9,51200,0.980558
51205,10,39535,0.980453
51226,1,40422,0.929224
51226,2,40406,0.919634
51226,3,39729,0.915299
51226,4,37160,0.914777
51226,5,18715,0.914387
51226,6,34574,0.912861
51226,7,33995,0.905488
51226,8,14717,0.904678
51226,9,34480,0.903577
51226,10,14136,0.902845
51267,1,42953,0.992564
51267,2,41241,0.990505
51267,3,36022,0.989299
51267,4,51264,0.989045
51267,5,27821,0.987883
51267,6,41237,0.987590
51267,7,42954,0.987426
51267,8,36017,0.987196
51267,9,51256,0.986649
51267,10,51259,0.986105
51272,1,51269,0.943886
51272,2,49911,0.932892
51272,3,49896,0.928197
51272,4,49888,0.927520
51272,5,49884,0.927087
51272,6,49887,0.926843
51272,7,18530,0.926023
51272,8,49890,0.925128
51272,9,18533,0.917466
51272,10,49907,0.914778
51320,1,36977,0.804468
51320,2,16752,0.803192
51320,3,32723,0.800414
51320,4,42866,0.794597
51320,5,26444,0.794422
51320,6,38459,0.793580
51320,7,35146,0.791721
51320,8,33378,0.791460
51320,9,38427,0.789268
51320,10,25142,0.789228
51324,1,37677,0.962440
51324,2,4582,0.961880
51324,3,21193,0.960926
51324,4,8219,0.959957
51324,5,35192,0.957275
51324,6,6544,0.956143
51324,7,6517,0.956089
51324,8,5218,0.955637
51324,9,6520,0.955107
51324,10,35207,0.954832
51336,1,51340,0.995976
51336,2,51153,0.990178
51336,3,51167,0.987318
51336,4,51180,0.979612
51336,5,51163,0.978982
51336,6,51161,0.971435
51336,7,36378,0.971206
51336,8,36400,0.970770
51336,9,51152,0.970630
51336,10,51172,0.970389
51338,1,51156,0.987468
51338,2,51185,0.985062
51338,3,51337,0.984255
51338,4,36400,0.983769
51338,5,51177,0.982593
51338,6,51335,0.982340
51338,7,51341,0.981847
51338,8,51176,0.980236
51338,9,51157,0.979661
51338,10,51152,0.979435
51342,1,51184,0.991569
51342,2,51185,0.988822
51342,3,36378,0.987541
51342,4,36373,0.987234
51342,5,51170,0.987201
51342,6,49249,0.986927
51342,7,49303,0.986580
51342,8,51168,0.986367
51342,9,36400,0.986278
51342,10,51152,0.986015
51345,1,36373,0.993083
51345,2,51185,0.990257
51345,3,51148,0.990154
51345,4,36384,0.988528
51345,5,36390,0.988072
51345,6,51157,0.988071
51345,7,36372,0.988018
51345,8,36400,0.986986
51345,9,36410,0.986902
51345,10,40239,0.986256
51354,1,51355,0.996783
51354,2,26995,0.983353
51354,3,21585,0.977756
51354,4,50958,0.977355
51354,5,50963,0.975870
51354,6,29178,0.975805
51354,7,11237,0.975030
51354,8,27023,0.974601
51354,9,14128,0.974538
51354,10,24754,0.974529
51377,1,51395,0.972744
51377,2,51382,0.972203
51377,3,41695,0.971559
51377,4,51380,0.970321
51377,5,51379,0.969498
51377,6,39080,0.968094
51377,7,51394,0.967881
51377,8,33068,0.967679
51377,9,51381,0.966705
51377,10,22814,0.965926
51400,1,1812,0.755949
51400,2,48080,0.754559
51400,3,37151,0.753842
51400,4,46406,0.752891
51400,5,2682,0.745809
51400,6,28612,0.745627
51400,7,42172,0.744910
51400,8,20668,0.744878
51400,9,14299,0.744788
51400,10,2033,0.744353
51409,1,9235,0.945000
51409,2,9473,0.943932
51409,3,9070,0.943750
51409,4,27151,0.942798
51409,5,9069,0.942088
51409,6,9245,0.941326
51409,7,8848,0.941157
51409,8,10421,0.940759
51409,9,13745,0.939768
51409,10,31027,0.939302
51412,1,8792,0.951951
51412,2,14768,0.942374
51412,3,41636,0.941190
51412,4,9229,0.936365
51412,5,8791,0.936283
51412,6,51431,0.928403
51412,7,33331,0.926535
51412,8,9073,0.925806
51412,9,14517,0.925075
51412,10,8865,0.923745
51421,1,51399,0.966333
51421,2,51401,0.949763
51421,3,19695,0.947717
51421,4,11699,0.945674
51421,5,11707,0.945607
51421,6,9266,0.945500
51421,7,11676,0.945229
51421,8,15086,0.944811
51421,9,31289,0.944526
51421,10,41395,0.943792
51436,1,43624,0.809324
51436,2,40419,0.792809
51436,3,33544,0.792112
51436,4,43640,0.790625
51436,5,43700,0.784263
51436,6,44801,0.780925
51436,7,45983,0.776576
51436,8,40198,0.776555
51436,9,40195,0.775144
51436,10,45980,0.773671
51446,1,43651,0.975525
51446,2,8491,0.972816
51446,3,39718,0.971769
51446,4,25541,0.965480
51446,5,21422,0.964624
51446,6,25543,0.964444
51446,7,34597,0.963617
51446,8,34573,0.962270
51446,9,44645,0.961461
51446,10,38864,0.961134
51447,1,34592,0.808278
51447,2,45779,0.805363
51447,3,38843,0.801673
51447,4,11033,0.788024
51447,5,4935,0.776354
51447,6,4936,0.775142
51447,7,33975,0.774776
51447,8,9151,0.765662
51447,9,43699,0.760379
51447,10,18736,0.758869
51462,1,41784,0.924807
51462,2,26935,0.924516
51462,3,48469,0.916008
51462,4,34581,0.912813
51462,5,34578,0.910201
51462,6,26934,0.910087
51462,7,43645,0.908795
51462,8,43303,0.907682
51462,9,34567,0.906633
51462,10,33997,0.905513
51503,1,51506,0.989152
51503,2,51497,0.988439
51503,3,51500,0.982559
51503,4,14126,0.982431
51503,5,51507,0.982326
51503,6,26995,0.980948
51503,7,51602,0.980016
51503,8,51499,0.979775
51503,9,14122,0.978772
51503,10,51509,0.978463
51516,1,45898,0.886789
51516,2,45912,0.885775
51516,3,46480,0.885580
51516,4,31865,0.884647
51516,5,49879,0.883318
51516,6,40532,0.882530
51516,7,40539,0.878796
51516,8,51627,0.878392
51516,9,36756,0.877188
51516,10,33927,0.875780
51524,1,51523,0.910141
51524,2,45043,0.909054
51524,3,44980,0.908558
51524,4,30051,0.907837
51524,5,43151,0.904793
51524,6,33885,0.904734
51524,7,29465,0.904123
51524,8,38035,0.903493
51524,9,25640,0.903177
51524,10,11138,0.903099
51546,1,32358,0.954429
51546,2,30090,0.943340
51546,3,25327,0.942727
51546,4,51549,0.942441
51546,5,45044,0.941377
51546,6,45201,0.938894
51546,7,37301,0.937377
51546,8,29494,0.937135
51546,9,46552,0.935387
51546,10,19267,0.935186
51550,1,45297,0.923441
51550,2,51541,0.919916
51550,3,37490,0.916780
51550,4,36787,0.914830
51550,5,29499,0.912920
51550,6,25611,0.912232
51550,7,5073,0.911452
51550,8,10388,0.911406
51550,9,29500,0.910974
51550,10,5081,0.910631
51557,1,51556,0.968191
51557,2,11653,0.967021
51557,3,10241,0.964883
51557,4,49868,0.964252
51557,5,25623,0.964174
51557,6,44970,0.963715
51557,7,23271,0.962991
51557,8,29457,0.962868
51557,9,11634,0.962709
51557,10,40561,0.962677
51576,1,29411,0.962944
51576,2,21680,0.944134
51576,3,13840,0.943186
51576,4,21671,0.942331
51576,5,51526,0.940798
51576,6,38049,0.940752
51576,7,45896,0.940635
51576,8,22941,0.939980
51576,9,11000,0.936592
51576,10,51561,0.934089
51586,1,51590,0.961903
51586,2,51618,0.956030
51586,3,51588,0.955926
51586,4,51582,0.955361
51586,5,33736,0.954310
51586,6,26989,0.954104
51586,7,27007,0.953640
51586,8,27004,0.952895
51586,9,27009,0.950856
51586,10,33718,0.950255
51595,1,11317,0.853022
51595,2,41352,0.843469
51595,3,26993,0.814837
51595,4,51587,0.812101
51595,5,40364,0.808463
51595,6,32560,0.807539
51595,7,26999,0.807245
51595,8,50961,0.801324
51595,9,9145,0.800968
51595,10,50960,0.799066
51598,1,51504,0.961761
51598,2,32567,0.957685
51598,3,51606,0.957095
51598,4,44816,0.952817
51598,5,50953,0.952316
51598,6,51351,0.951736
51598,7,51506,0.951535
51598,8,23400,0.951502
51598,9,51509,0.951045
51598,10,51507,0.950743
51599,1,51597,0.992244
51599,2,29178,0.987755
51599,3,11237,0.987072
51599,4,7180,0.986168
51599,5,13346,0.985757
51599,6,14128,0.985158
51599,7,9147,0.985125
51599,8,12333,0.984138
51599,9,26995,0.983555
51599,10,50963,0.983238
51604,1,51362,0.916249
51604,2,32901,0.904453
51604,3,41314,0.862839
51604,4,51612,0.860099
51604,5,50018,0.856260
51604,6,23043,0.852229
51604,7,50021,0.849889
51604,8,51614,0.846426
51604,9,43524,0.839534
51604,10,33958,0.836947
51607,1,50956,0.893704
51607,2,11317,0.868138
51607,3,41352,0.867413
51607,4,50952,0.831861
51607,5,11301,0.829242
51607,6,40364,0.827630
51607,7,7192,0.827515
51607,8,48494,0.819139
51607,9,48500,0.817779
51607,10,11241,0.817207
51617,1,26999,0.959029
51617,2,26993,0.957138
51617,3,51351,0.954133
51617,4,51585,0.949311
51617,5,27022,0.948910
51617,6,27000,0.947966
51617,7,50945,0.945064
51617,8,50960,0.945053
51617,9,50954,0.943435
51617,10,51352,0.941829
51633,1,29758,0.983158
51633,2,51624,0.982022
51633,3,51630,0.979693
51633,4,51623,0.977272
51633,5,45296,0.976297
51633,6,45297,0.976032
51633,7,37334,0.975123
51633,8,26335,0.975101
51633,9,29461,0.975054
51633,10,29492,0.974388
51637,1,51636,0.992925
51637,2,45186,0.983897
51637,3,45215,0.982789
51637,4,11214,0.982180
51637,5,46450,0.982147
51637,6,45166,0.981657
51637,7,45188,0.980236
51637,8,28440,0.979614
51637,9,26350,0.979571
51637,10,28441,0.979519
51638,1,28431,0.964893
51638,2,17452,0.964605
51638,3,28433,0.962948
51638,4,21698,0.962900
51638,5,28439,0.961683
51638,6,19249,0.960819
51638,7,19250,0.960269
51638,8,28428,0.958439
51638,9,47992,0.958240
51638,10,30074,0.956709
51667,1,21331,0.974178
51667,2,51680,0.968881
51667,3,28196,0.968766
51667,4,16088,0.968314
51667,5,39997,0.962910
51667,6,28205,0.961046
51667,7,51706,0.959414
51667,8,28160,0.958387
51667,9,38313,0.958327
51667,10,41520,0.958094
51669,1,16109,0.960186
51669,2,16108,0.958527
51669,3,30669,0.954815
51669,4,16855,0.953544
51669,5,16948,0.950465
51669,6,21355,0.950025
51669,7,38311,0.943609
51669,8,51670,0.943044
51669,9,30675,0.941151
51669,10,29868,0.940549
51673,1,28423,0.988905
51673,2,16861,0.980570
51673,3,17335,0.980467
51673,4,28373,0.979269
51673,5,28418,0.979220
51673,6,21356,0.979187
51673,7,16839,0.978959
51673,8,49673,0.976490
51673,9,17308,0.975200
51673,10,28334,0.975015
51688,1,51685,0.952286
51688,2,51686,0.951331
51688,3,51677,0.946244
51688,4,51687,0.940889
51688,5,21341,0.937136
51688,6,29877,0.934722
51688,7,51683,0.934477
51688,8,28358,0.934257
51688,9,21348,0.934158
51688,10,16950,0.931626
51690,1,51664,0.964510
51690,2,51692,0.954321
51690,3,48225,0.951664
51690,4,51662,0.948821
51690,5,48210,0.947021
51690,6,51725,0.946104
51690,7,28378,0.942342
51690,8,40007,0.941389
51690,9,51723,0.939740
51690,10,17332,0.936329
51708,1,51719,0.958514
51708,2,51710,0.954582
51708,3,51721,0.949890
51708,4,51712,0.945078
51708,5,51701,0.939515
51708,6,51718,0.938115
51708,7,51713,0.937508
51708,8,16895,0.937128
51708,9,51693,0.935213
51708,10,23753,0.933905
51716,1,50200,0.958875
51716,2,48223,0.943986
51716,3,8654,0.942352
51716,4,23771,0.940417
51716,5,38182,0.928053
51716,6,8640,0.925153
51716,7,23743,0.925138
51716,8,29142,0.924908
51716,9,16850,0.923420
51716,10,16852,0.919260
51757,1,17662,0.980311
51757,2,17673,0.969224
51757,3,2874,0.967934
51757,4,14437,0.967862
51757,5,17661,0.965648
51757,6,21042,0.965240
51757,7,21030,0.962518
51757,8,42740,0.962132
51757,9,2887,0.959243
51757,10,23797,0.958956
51758,1,17655,0.987656
51758,2,15497,0.984452
51758,3,33514,0.982701
51758,4,21042,0.980238
51758,5,17672,0.980089
51758,6,17673,0.979744
51758,7,20730,0.979578
51758,8,51760,0.977985
51758,9,15493,0.977902
51758,10,17656,0.977897
51764,1,14833,0.988706
51764,2,42952,0.988578
51764,3,51253,0.988259
51764,4,42953,0.988144
51764,5,21774,0.987866
51764,6,42946,0.987779
51764,7,50839,0.987632
51764,8,34125,0.987622
51764,9,42947,0.987568
51764,10,21804,0.987524
51767,1,37993,0.993531
51767,2,15936,0.992282
51767,3,21791,0.991956
51767,4,14981,0.991748
51767,5,15941,0.991729
51767,6,50836,0.991717
51767,7,24621,0.991713
51767,8,21754,0.991582
51767,9,21774,0.991396
51767,10,27808,0.991279
51795,1,50990,0.973925
51795,2,31897,0.971312
51795,3,28785,0.970389
51795,4,28896,0.969728
51795,5,31898,0.968977
51795,6,27488,0.968944
51795,7,28902,0.967682
51795,8,28880,0.967309
51795,9,50987,0.966809
51795,10,31908,0.966705
51810,1,51797,0.697986
51810,2,51844,0.686146
51810,3,51807,0.685910
51810,4,51809,0.677251
51810,5,51811,0.675965
51810,6,50983,0.675727
51810,7,39241,0.674665
51810,8,51812,0.673027
51810,9,51802,0.672380
51810,10,51033,0.670576
51898,1,38430,0.955641
51898,2,38467,0.951136
51898,3,34730,0.946882
51898,4,51899,0.942089
51898,5,33624,0.941420
51898,6,51895,0.939992
51898,7,33408,0.939852
51898,8,47427,0.937671
51898,9,42046,0.936921
51898,10,20426,0.936917
51910,1,25182,0.957052
51910,2,21939,0.954182
51910,3,25213,0.954165
51910,4,48180,0.952786
51910,5,25180,0.951269
51910,6,25245,0.951146
51910,7,25398,0.948888
51910,8,25223,0.948009
51910,9,50243,0.945328
51910,10,25220,0.944408
51916,1,50425,0.761525
51916,2,47417,0.759997
51916,3,33394,0.759501
51916,4,47148,0.758767
51916,5,51932,0.757372
51916,6,51915,0.757047
51916,7,51942,0.756748
51916,8,27699,0.756178
51916,9,25160,0.755345
51916,10,48131,0.754192
51919,1,18036,0.948728
51919,2,25180,0.946213
51919,3,17128,0.945680
51919,4,21996,0.945443
51919,5,18039,0.945212
51919,6,33423,0.945148
51919,7,10210,0.945068
51919,8,26436,0.944876
51919,9,17131,0.944676
51919,10,42840,0.944528
51927,1,25230,0.911053
51927,2,49067,0.892098
51927,3,49065,0.890172
51927,4,25159,0.890147
51927,5,25184,0.887701
51927,6,25174,0.886628
51927,7,37422,0.885663
51927,8,9914,0.884527
51927,9,20521,0.883863
51927,10,12734,0.883235
51951,1,38462,0.712697
51951,2,42865,0.712319
51951,3,26439,0.712224
51951,4,38436,0.700064
51951,5,42846,0.692398
51951,6,38456,0.688021
51951,7,26426,0.685292
51951,8,20041,0.685214
51951,9,33455,0.685199
51951,10,47386,0.682499
