id,gender,masterCategory,subCategory,articleType,season,usage,source,label_source
910000,Women,Personal Care,Makeup,Compact,Spring,Casual,external_cosmetics2_v1,gender+season+usage propagated per articleType from provided train
910001,Women,Personal Care,Makeup,Compact,Spring,Casual,external_cosmetics2_v1,gender+season+usage propagated per articleType from provided train
910002,Women,Personal Care,Makeup,Compact,Spring,Casual,external_cosmetics2_v1,gender+season+usage propagated per articleType from provided train
910003,Women,Personal Care,Makeup,Compact,Spring,Casual,external_cosmetics2_v1,gender+season+usage propagated per articleType from provided train
910004,Women,Personal Care,Makeup,Compact,Spring,Casual,external_cosmetics2_v1,gender+season+usage propagated per articleType from provided train
910005,Women,Personal Care,Makeup,Compact,Spring,Casual,external_cosmetics2_v1,gender+season+usage propagated per articleType from provided train
910006,Women,Personal Care,Makeup,Compact,Spring,Casual,external_cosmetics2_v1,gender+season+usage propagated per articleType from provided train
910007,Women,Personal Care,Makeup,Compact,Spring,Casual,external_cosmetics2_v1,gender+season+usage propagated per articleType from provided train
910008,Women,Personal Care,Makeup,Compact,Spring,Casual,external_cosmetics2_v1,gender+season+usage propagated per articleType from provided train
910009,Women,Personal Care,Makeup,Compact,Spring,Casual,external_cosmetics2_v1,gender+season+usage propagated per articleType from provided train
910010,Women,Personal Care,Makeup,Compact,Spring,Casual,external_cosmetics2_v1,gender+season+usage propagated per articleType from provided train
910011,Women,Personal Care,Makeup,Compact,Spring,Casual,external_cosmetics2_v1,gender+season+usage propagated per articleType from provided train
910012,Women,Personal Care,Makeup,Compact,Spring,Casual,external_cosmetics2_v1,gender+season+usage propagated per articleType from provided train
910013,Women,Personal Care,Makeup,Compact,Spring,Casual,external_cosmetics2_v1,gender+season+usage propagated per articleType from provided train
910014,Women,Personal Care,Makeup,Compact,Spring,Casual,external_cosmetics2_v1,gender+season+usage propagated per articleType from provided train
910015,Women,Personal Care,Makeup,Compact,Spring,Casual,external_cosmetics2_v1,gender+season+usage propagated per articleType from provided train
910016,Women,Personal Care,Makeup,Compact,Spring,Casual,external_cosmetics2_v1,gender+season+usage propagated per articleType from provided train
910017,Women,Personal Care,Makeup,Compact,Spring,Casual,external_cosmetics2_v1,gender+season+usage propagated per articleType from provided train
910018,Women,Personal Care,Makeup,Compact,Spring,Casual,external_cosmetics2_v1,gender+season+usage propagated per articleType from provided train
910019,Women,Personal Care,Makeup,Compact,Spring,Casual,external_cosmetics2_v1,gender+season+usage propagated per articleType from provided train
910020,Women,Personal Care,Makeup,Compact,Spring,Casual,external_cosmetics2_v1,gender+season+usage propagated per articleType from provided train
910021,Women,Personal Care,Makeup,Compact,Spring,Casual,external_cosmetics2_v1,gender+season+usage propagated per articleType from provided train
910022,Women,Personal Care,Makeup,Compact,Spring,Casual,external_cosmetics2_v1,gender+season+usage propagated per articleType from provided train
910023,Women,Personal Care,Makeup,Compact,Spring,Casual,external_cosmetics2_v1,gender+season+usage propagated per articleType from provided train
910024,Women,Personal Care,Makeup,Compact,Spring,Casual,external_cosmetics2_v1,gender+season+usage propagated per articleType from provided train
910025,Women,Personal Care,Makeup,Compact,Spring,Casual,external_cosmetics2_v1,gender+season+usage propagated per articleType from provided train
910026,Women,Personal Care,Makeup,Compact,Spring,Casual,external_cosmetics2_v1,gender+season+usage propagated per articleType from provided train
910027,Women,Personal Care,Makeup,Compact,Spring,Casual,external_cosmetics2_v1,gender+season+usage propagated per articleType from provided train
910028,Women,Personal Care,Makeup,Compact,Spring,Casual,external_cosmetics2_v1,gender+season+usage propagated per articleType from provided train
910029,Women,Personal Care,Makeup,Compact,Spring,Casual,external_cosmetics2_v1,gender+season+usage propagated per articleType from provided train
910030,Women,Personal Care,Makeup,Compact,Spring,Casual,external_cosmetics2_v1,gender+season+usage propagated per articleType from provided train
910031,Women,Personal Care,Makeup,Compact,Spring,Casual,external_cosmetics2_v1,gender+season+usage propagated per articleType from provided train
910032,Women,Personal Care,Makeup,Compact,Spring,Casual,external_cosmetics2_v1,gender+season+usage propagated per articleType from provided train
910033,Women,Personal Care,Makeup,Compact,Spring,Casual,external_cosmetics2_v1,gender+season+usage propagated per articleType from provided train
910034,Women,Personal Care,Makeup,Compact,Spring,Casual,external_cosmetics2_v1,gender+season+usage propagated per articleType from provided train
910035,Women,Personal Care,Makeup,Compact,Spring,Casual,external_cosmetics2_v1,gender+season+usage propagated per articleType from provided train
910036,Women,Personal Care,Makeup,Compact,Spring,Casual,external_cosmetics2_v1,gender+season+usage propagated per articleType from provided train
910037,Women,Personal Care,Makeup,Compact,Spring,Casual,external_cosmetics2_v1,gender+season+usage propagated per articleType from provided train
910038,Women,Personal Care,Makeup,Compact,Spring,Casual,external_cosmetics2_v1,gender+season+usage propagated per articleType from provided train
910039,Women,Personal Care,Makeup,Compact,Spring,Casual,external_cosmetics2_v1,gender+season+usage propagated per articleType from provided train
910040,Women,Personal Care,Makeup,Compact,Spring,Casual,external_cosmetics2_v1,gender+season+usage propagated per articleType from provided train
910041,Women,Personal Care,Makeup,Compact,Spring,Casual,external_cosmetics2_v1,gender+season+usage propagated per articleType from provided train
910042,Women,Personal Care,Makeup,Compact,Spring,Casual,external_cosmetics2_v1,gender+season+usage propagated per articleType from provided train
910043,Women,Personal Care,Makeup,Compact,Spring,Casual,external_cosmetics2_v1,gender+season+usage propagated per articleType from provided train
910044,Women,Personal Care,Makeup,Compact,Spring,Casual,external_cosmetics2_v1,gender+season+usage propagated per articleType from provided train
910045,Women,Personal Care,Makeup,Compact,Spring,Casual,external_cosmetics2_v1,gender+season+usage propagated per articleType from provided train
910046,Women,Personal Care,Makeup,Compact,Spring,Casual,external_cosmetics2_v1,gender+season+usage propagated per articleType from provided train
910047,Women,Personal Care,Makeup,Compact,Spring,Casual,external_cosmetics2_v1,gender+season+usage propagated per articleType from provided train
910048,Women,Personal Care,Makeup,Compact,Spring,Casual,external_cosmetics2_v1,gender+season+usage propagated per articleType from provided train
910049,Women,Personal Care,Makeup,Compact,Spring,Casual,external_cosmetics2_v1,gender+season+usage propagated per articleType from provided train
910050,Women,Personal Care,Makeup,Compact,Spring,Casual,external_cosmetics2_v1,gender+season+usage propagated per articleType from provided train
910051,Women,Personal Care,Makeup,Compact,Spring,Casual,external_cosmetics2_v1,gender+season+usage propagated per articleType from provided train
910052,Women,Personal Care,Makeup,Compact,Spring,Casual,external_cosmetics2_v1,gender+season+usage propagated per articleType from provided train
910053,Women,Personal Care,Makeup,Compact,Spring,Casual,external_cosmetics2_v1,gender+season+usage propagated per articleType from provided train
910054,Women,Personal Care,Makeup,Compact,Spring,Casual,external_cosmetics2_v1,gender+season+usage propagated per articleType from provided train
910055,Women,Personal Care,Makeup,Compact,Spring,Casual,external_cosmetics2_v1,gender+season+usage propagated per articleType from provided train
910056,Women,Personal Care,Makeup,Compact,Spring,Casual,external_cosmetics2_v1,gender+season+usage propagated per articleType from provided train
910057,Women,Personal Care,Makeup,Compact,Spring,Casual,external_cosmetics2_v1,gender+season+usage propagated per articleType from provided train
910058,Women,Personal Care,Makeup,Compact,Spring,Casual,external_cosmetics2_v1,gender+season+usage propagated per articleType from provided train
910059,Women,Personal Care,Makeup,Compact,Spring,Casual,external_cosmetics2_v1,gender+season+usage propagated per articleType from provided train
910060,Women,Personal Care,Makeup,Compact,Spring,Casual,external_cosmetics2_v1,gender+season+usage propagated per articleType from provided train
910061,Women,Personal Care,Makeup,Compact,Spring,Casual,external_cosmetics2_v1,gender+season+usage propagated per articleType from provided train
910062,Women,Personal Care,Makeup,Compact,Spring,Casual,external_cosmetics2_v1,gender+season+usage propagated per articleType from provided train
910063,Women,Personal Care,Makeup,Compact,Spring,Casual,external_cosmetics2_v1,gender+season+usage propagated per articleType from provided train
910064,Women,Personal Care,Makeup,Compact,Spring,Casual,external_cosmetics2_v1,gender+season+usage propagated per articleType from provided train
910065,Women,Personal Care,Makeup,Compact,Spring,Casual,external_cosmetics2_v1,gender+season+usage propagated per articleType from provided train
910066,Women,Personal Care,Makeup,Compact,Spring,Casual,external_cosmetics2_v1,gender+season+usage propagated per articleType from provided train
910067,Women,Personal Care,Makeup,Compact,Spring,Casual,external_cosmetics2_v1,gender+season+usage propagated per articleType from provided train
910068,Women,Personal Care,Makeup,Compact,Spring,Casual,external_cosmetics2_v1,gender+season+usage propagated per articleType from provided train
910069,Women,Personal Care,Makeup,Compact,Spring,Casual,external_cosmetics2_v1,gender+season+usage propagated per articleType from provided train
910070,Women,Personal Care,Makeup,Compact,Spring,Casual,external_cosmetics2_v1,gender+season+usage propagated per articleType from provided train
910071,Women,Personal Care,Makeup,Compact,Spring,Casual,external_cosmetics2_v1,gender+season+usage propagated per articleType from provided train
910072,Women,Personal Care,Makeup,Compact,Spring,Casual,external_cosmetics2_v1,gender+season+usage propagated per articleType from provided train
910073,Women,Personal Care,Makeup,Compact,Spring,Casual,external_cosmetics2_v1,gender+season+usage propagated per articleType from provided train
910074,Women,Personal Care,Makeup,Compact,Spring,Casual,external_cosmetics2_v1,gender+season+usage propagated per articleType from provided train
910075,Women,Personal Care,Makeup,Compact,Spring,Casual,external_cosmetics2_v1,gender+season+usage propagated per articleType from provided train
910076,Women,Personal Care,Makeup,Compact,Spring,Casual,external_cosmetics2_v1,gender+season+usage propagated per articleType from provided train
910077,Women,Personal Care,Makeup,Compact,Spring,Casual,external_cosmetics2_v1,gender+season+usage propagated per articleType from provided train
910078,Women,Personal Care,Makeup,Compact,Spring,Casual,external_cosmetics2_v1,gender+season+usage propagated per articleType from provided train
910079,Women,Personal Care,Makeup,Compact,Spring,Casual,external_cosmetics2_v1,gender+season+usage propagated per articleType from provided train
910080,Women,Personal Care,Makeup,Compact,Spring,Casual,external_cosmetics2_v1,gender+season+usage propagated per articleType from provided train
910081,Women,Personal Care,Makeup,Compact,Spring,Casual,external_cosmetics2_v1,gender+season+usage propagated per articleType from provided train
910082,Women,Personal Care,Makeup,Compact,Spring,Casual,external_cosmetics2_v1,gender+season+usage propagated per articleType from provided train
910083,Women,Personal Care,Makeup,Compact,Spring,Casual,external_cosmetics2_v1,gender+season+usage propagated per articleType from provided train
910084,Women,Personal Care,Makeup,Compact,Spring,Casual,external_cosmetics2_v1,gender+season+usage propagated per articleType from provided train
910085,Women,Personal Care,Makeup,Compact,Spring,Casual,external_cosmetics2_v1,gender+season+usage propagated per articleType from provided train
910086,Women,Personal Care,Makeup,Compact,Spring,Casual,external_cosmetics2_v1,gender+season+usage propagated per articleType from provided train
910087,Women,Personal Care,Makeup,Compact,Spring,Casual,external_cosmetics2_v1,gender+season+usage propagated per articleType from provided train
910088,Women,Personal Care,Makeup,Compact,Spring,Casual,external_cosmetics2_v1,gender+season+usage propagated per articleType from provided train
910089,Women,Personal Care,Makeup,Compact,Spring,Casual,external_cosmetics2_v1,gender+season+usage propagated per articleType from provided train
910090,Women,Personal Care,Makeup,Compact,Spring,Casual,external_cosmetics2_v1,gender+season+usage propagated per articleType from provided train
910091,Women,Personal Care,Makeup,Compact,Spring,Casual,external_cosmetics2_v1,gender+season+usage propagated per articleType from provided train
910092,Women,Personal Care,Makeup,Compact,Spring,Casual,external_cosmetics2_v1,gender+season+usage propagated per articleType from provided train
910093,Women,Personal Care,Makeup,Compact,Spring,Casual,external_cosmetics2_v1,gender+season+usage propagated per articleType from provided train
910094,Women,Personal Care,Makeup,Compact,Spring,Casual,external_cosmetics2_v1,gender+season+usage propagated per articleType from provided train
910095,Women,Personal Care,Makeup,Compact,Spring,Casual,external_cosmetics2_v1,gender+season+usage propagated per articleType from provided train
910096,Women,Personal Care,Makeup,Compact,Spring,Casual,external_cosmetics2_v1,gender+season+usage propagated per articleType from provided train
910097,Women,Personal Care,Makeup,Compact,Spring,Casual,external_cosmetics2_v1,gender+season+usage propagated per articleType from provided train
910098,Women,Personal Care,Makeup,Compact,Spring,Casual,external_cosmetics2_v1,gender+season+usage propagated per articleType from provided train
910099,Women,Personal Care,Makeup,Compact,Spring,Casual,external_cosmetics2_v1,gender+season+usage propagated per articleType from provided train
910100,Women,Personal Care,Makeup,Concealer,Spring,Casual,external_cosmetics2_v1,gender+season+usage propagated per articleType from provided train
910101,Women,Personal Care,Makeup,Concealer,Spring,Casual,external_cosmetics2_v1,gender+season+usage propagated per articleType from provided train
910102,Women,Personal Care,Makeup,Concealer,Spring,Casual,external_cosmetics2_v1,gender+season+usage propagated per articleType from provided train
910103,Women,Personal Care,Makeup,Concealer,Spring,Casual,external_cosmetics2_v1,gender+season+usage propagated per articleType from provided train
910104,Women,Personal Care,Makeup,Concealer,Spring,Casual,external_cosmetics2_v1,gender+season+usage propagated per articleType from provided train
910105,Women,Personal Care,Makeup,Concealer,Spring,Casual,external_cosmetics2_v1,gender+season+usage propagated per articleType from provided train
910106,Women,Personal Care,Makeup,Concealer,Spring,Casual,external_cosmetics2_v1,gender+season+usage propagated per articleType from provided train
910107,Women,Personal Care,Makeup,Concealer,Spring,Casual,external_cosmetics2_v1,gender+season+usage propagated per articleType from provided train
910108,Women,Personal Care,Makeup,Concealer,Spring,Casual,external_cosmetics2_v1,gender+season+usage propagated per articleType from provided train
910109,Women,Personal Care,Makeup,Concealer,Spring,Casual,external_cosmetics2_v1,gender+season+usage propagated per articleType from provided train
910110,Women,Personal Care,Makeup,Concealer,Spring,Casual,external_cosmetics2_v1,gender+season+usage propagated per articleType from provided train
910111,Women,Personal Care,Makeup,Concealer,Spring,Casual,external_cosmetics2_v1,gender+season+usage propagated per articleType from provided train
910112,Women,Personal Care,Makeup,Concealer,Spring,Casual,external_cosmetics2_v1,gender+season+usage propagated per articleType from provided train
910113,Women,Personal Care,Makeup,Concealer,Spring,Casual,external_cosmetics2_v1,gender+season+usage propagated per articleType from provided train
910114,Women,Personal Care,Makeup,Concealer,Spring,Casual,external_cosmetics2_v1,gender+season+usage propagated per articleType from provided train
910115,Women,Personal Care,Makeup,Concealer,Spring,Casual,external_cosmetics2_v1,gender+season+usage propagated per articleType from provided train
910116,Women,Personal Care,Makeup,Concealer,Spring,Casual,external_cosmetics2_v1,gender+season+usage propagated per articleType from provided train
910117,Women,Personal Care,Makeup,Concealer,Spring,Casual,external_cosmetics2_v1,gender+season+usage propagated per articleType from provided train
910118,Women,Personal Care,Makeup,Concealer,Spring,Casual,external_cosmetics2_v1,gender+season+usage propagated per articleType from provided train
910119,Women,Personal Care,Makeup,Concealer,Spring,Casual,external_cosmetics2_v1,gender+season+usage propagated per articleType from provided train
910120,Women,Personal Care,Makeup,Concealer,Spring,Casual,external_cosmetics2_v1,gender+season+usage propagated per articleType from provided train
910121,Women,Personal Care,Makeup,Concealer,Spring,Casual,external_cosmetics2_v1,gender+season+usage propagated per articleType from provided train
910122,Women,Personal Care,Makeup,Concealer,Spring,Casual,external_cosmetics2_v1,gender+season+usage propagated per articleType from provided train
910123,Women,Personal Care,Makeup,Concealer,Spring,Casual,external_cosmetics2_v1,gender+season+usage propagated per articleType from provided train
910124,Women,Personal Care,Makeup,Concealer,Spring,Casual,external_cosmetics2_v1,gender+season+usage propagated per articleType from provided train
910125,Women,Personal Care,Makeup,Concealer,Spring,Casual,external_cosmetics2_v1,gender+season+usage propagated per articleType from provided train
910126,Women,Personal Care,Makeup,Concealer,Spring,Casual,external_cosmetics2_v1,gender+season+usage propagated per articleType from provided train
910127,Women,Personal Care,Makeup,Concealer,Spring,Casual,external_cosmetics2_v1,gender+season+usage propagated per articleType from provided train
910128,Women,Personal Care,Makeup,Concealer,Spring,Casual,external_cosmetics2_v1,gender+season+usage propagated per articleType from provided train
910129,Women,Personal Care,Makeup,Concealer,Spring,Casual,external_cosmetics2_v1,gender+season+usage propagated per articleType from provided train
910130,Women,Personal Care,Makeup,Concealer,Spring,Casual,external_cosmetics2_v1,gender+season+usage propagated per articleType from provided train
910131,Women,Personal Care,Makeup,Concealer,Spring,Casual,external_cosmetics2_v1,gender+season+usage propagated per articleType from provided train
910132,Women,Personal Care,Makeup,Concealer,Spring,Casual,external_cosmetics2_v1,gender+season+usage propagated per articleType from provided train
910133,Women,Personal Care,Makeup,Concealer,Spring,Casual,external_cosmetics2_v1,gender+season+usage propagated per articleType from provided train
910134,Women,Personal Care,Makeup,Concealer,Spring,Casual,external_cosmetics2_v1,gender+season+usage propagated per articleType from provided train
910135,Women,Personal Care,Makeup,Concealer,Spring,Casual,external_cosmetics2_v1,gender+season+usage propagated per articleType from provided train
910136,Women,Personal Care,Makeup,Concealer,Spring,Casual,external_cosmetics2_v1,gender+season+usage propagated per articleType from provided train
910137,Women,Personal Care,Makeup,Concealer,Spring,Casual,external_cosmetics2_v1,gender+season+usage propagated per articleType from provided train
910138,Women,Personal Care,Makeup,Concealer,Spring,Casual,external_cosmetics2_v1,gender+season+usage propagated per articleType from provided train
910139,Women,Personal Care,Makeup,Concealer,Spring,Casual,external_cosmetics2_v1,gender+season+usage propagated per articleType from provided train
910140,Women,Personal Care,Makeup,Concealer,Spring,Casual,external_cosmetics2_v1,gender+season+usage propagated per articleType from provided train
910141,Women,Personal Care,Makeup,Concealer,Spring,Casual,external_cosmetics2_v1,gender+season+usage propagated per articleType from provided train
910142,Women,Personal Care,Makeup,Concealer,Spring,Casual,external_cosmetics2_v1,gender+season+usage propagated per articleType from provided train
910143,Women,Personal Care,Makeup,Concealer,Spring,Casual,external_cosmetics2_v1,gender+season+usage propagated per articleType from provided train
910144,Women,Personal Care,Makeup,Concealer,Spring,Casual,external_cosmetics2_v1,gender+season+usage propagated per articleType from provided train
910145,Women,Personal Care,Makeup,Concealer,Spring,Casual,external_cosmetics2_v1,gender+season+usage propagated per articleType from provided train
910146,Women,Personal Care,Makeup,Concealer,Spring,Casual,external_cosmetics2_v1,gender+season+usage propagated per articleType from provided train
910147,Women,Personal Care,Makeup,Concealer,Spring,Casual,external_cosmetics2_v1,gender+season+usage propagated per articleType from provided train
910148,Women,Personal Care,Makeup,Concealer,Spring,Casual,external_cosmetics2_v1,gender+season+usage propagated per articleType from provided train
910149,Women,Personal Care,Makeup,Concealer,Spring,Casual,external_cosmetics2_v1,gender+season+usage propagated per articleType from provided train
910150,Women,Personal Care,Makeup,Concealer,Spring,Casual,external_cosmetics2_v1,gender+season+usage propagated per articleType from provided train
910151,Women,Personal Care,Makeup,Concealer,Spring,Casual,external_cosmetics2_v1,gender+season+usage propagated per articleType from provided train
910152,Women,Personal Care,Makeup,Concealer,Spring,Casual,external_cosmetics2_v1,gender+season+usage propagated per articleType from provided train
910153,Women,Personal Care,Makeup,Concealer,Spring,Casual,external_cosmetics2_v1,gender+season+usage propagated per articleType from provided train
910154,Women,Personal Care,Makeup,Concealer,Spring,Casual,external_cosmetics2_v1,gender+season+usage propagated per articleType from provided train
910155,Women,Personal Care,Makeup,Concealer,Spring,Casual,external_cosmetics2_v1,gender+season+usage propagated per articleType from provided train
910156,Women,Personal Care,Makeup,Concealer,Spring,Casual,external_cosmetics2_v1,gender+season+usage propagated per articleType from provided train
910157,Women,Personal Care,Makeup,Concealer,Spring,Casual,external_cosmetics2_v1,gender+season+usage propagated per articleType from provided train
910158,Women,Personal Care,Makeup,Concealer,Spring,Casual,external_cosmetics2_v1,gender+season+usage propagated per articleType from provided train
910159,Women,Personal Care,Makeup,Concealer,Spring,Casual,external_cosmetics2_v1,gender+season+usage propagated per articleType from provided train
910160,Women,Personal Care,Makeup,Concealer,Spring,Casual,external_cosmetics2_v1,gender+season+usage propagated per articleType from provided train
910161,Women,Personal Care,Makeup,Concealer,Spring,Casual,external_cosmetics2_v1,gender+season+usage propagated per articleType from provided train
910162,Women,Personal Care,Makeup,Concealer,Spring,Casual,external_cosmetics2_v1,gender+season+usage propagated per articleType from provided train
910163,Women,Personal Care,Makeup,Concealer,Spring,Casual,external_cosmetics2_v1,gender+season+usage propagated per articleType from provided train
910164,Women,Personal Care,Makeup,Concealer,Spring,Casual,external_cosmetics2_v1,gender+season+usage propagated per articleType from provided train
910165,Women,Personal Care,Makeup,Concealer,Spring,Casual,external_cosmetics2_v1,gender+season+usage propagated per articleType from provided train
910166,Women,Personal Care,Makeup,Concealer,Spring,Casual,external_cosmetics2_v1,gender+season+usage propagated per articleType from provided train
910167,Women,Personal Care,Makeup,Concealer,Spring,Casual,external_cosmetics2_v1,gender+season+usage propagated per articleType from provided train
910168,Women,Personal Care,Makeup,Concealer,Spring,Casual,external_cosmetics2_v1,gender+season+usage propagated per articleType from provided train
910169,Women,Personal Care,Makeup,Concealer,Spring,Casual,external_cosmetics2_v1,gender+season+usage propagated per articleType from provided train
910170,Women,Personal Care,Makeup,Concealer,Spring,Casual,external_cosmetics2_v1,gender+season+usage propagated per articleType from provided train
910171,Women,Personal Care,Makeup,Concealer,Spring,Casual,external_cosmetics2_v1,gender+season+usage propagated per articleType from provided train
910172,Women,Personal Care,Makeup,Concealer,Spring,Casual,external_cosmetics2_v1,gender+season+usage propagated per articleType from provided train
910173,Women,Personal Care,Makeup,Concealer,Spring,Casual,external_cosmetics2_v1,gender+season+usage propagated per articleType from provided train
910174,Women,Personal Care,Makeup,Concealer,Spring,Casual,external_cosmetics2_v1,gender+season+usage propagated per articleType from provided train
910175,Women,Personal Care,Makeup,Concealer,Spring,Casual,external_cosmetics2_v1,gender+season+usage propagated per articleType from provided train
910176,Women,Personal Care,Makeup,Concealer,Spring,Casual,external_cosmetics2_v1,gender+season+usage propagated per articleType from provided train
910177,Women,Personal Care,Makeup,Concealer,Spring,Casual,external_cosmetics2_v1,gender+season+usage propagated per articleType from provided train
910178,Women,Personal Care,Makeup,Concealer,Spring,Casual,external_cosmetics2_v1,gender+season+usage propagated per articleType from provided train
910179,Women,Personal Care,Makeup,Concealer,Spring,Casual,external_cosmetics2_v1,gender+season+usage propagated per articleType from provided train
910180,Women,Personal Care,Makeup,Concealer,Spring,Casual,external_cosmetics2_v1,gender+season+usage propagated per articleType from provided train
910181,Women,Personal Care,Makeup,Concealer,Spring,Casual,external_cosmetics2_v1,gender+season+usage propagated per articleType from provided train
910182,Women,Personal Care,Makeup,Concealer,Spring,Casual,external_cosmetics2_v1,gender+season+usage propagated per articleType from provided train
910183,Women,Personal Care,Makeup,Concealer,Spring,Casual,external_cosmetics2_v1,gender+season+usage propagated per articleType from provided train
910184,Women,Personal Care,Makeup,Concealer,Spring,Casual,external_cosmetics2_v1,gender+season+usage propagated per articleType from provided train
910185,Women,Personal Care,Makeup,Concealer,Spring,Casual,external_cosmetics2_v1,gender+season+usage propagated per articleType from provided train
910186,Women,Personal Care,Makeup,Concealer,Spring,Casual,external_cosmetics2_v1,gender+season+usage propagated per articleType from provided train
910187,Women,Personal Care,Makeup,Concealer,Spring,Casual,external_cosmetics2_v1,gender+season+usage propagated per articleType from provided train
910188,Women,Personal Care,Makeup,Concealer,Spring,Casual,external_cosmetics2_v1,gender+season+usage propagated per articleType from provided train
910189,Women,Personal Care,Makeup,Concealer,Spring,Casual,external_cosmetics2_v1,gender+season+usage propagated per articleType from provided train
910190,Women,Personal Care,Makeup,Concealer,Spring,Casual,external_cosmetics2_v1,gender+season+usage propagated per articleType from provided train
910191,Women,Personal Care,Makeup,Concealer,Spring,Casual,external_cosmetics2_v1,gender+season+usage propagated per articleType from provided train
910192,Women,Personal Care,Makeup,Concealer,Spring,Casual,external_cosmetics2_v1,gender+season+usage propagated per articleType from provided train
910193,Women,Personal Care,Makeup,Concealer,Spring,Casual,external_cosmetics2_v1,gender+season+usage propagated per articleType from provided train
910194,Women,Personal Care,Makeup,Concealer,Spring,Casual,external_cosmetics2_v1,gender+season+usage propagated per articleType from provided train
910195,Women,Personal Care,Makeup,Concealer,Spring,Casual,external_cosmetics2_v1,gender+season+usage propagated per articleType from provided train
910196,Women,Personal Care,Makeup,Concealer,Spring,Casual,external_cosmetics2_v1,gender+season+usage propagated per articleType from provided train
910197,Women,Personal Care,Makeup,Concealer,Spring,Casual,external_cosmetics2_v1,gender+season+usage propagated per articleType from provided train
910198,Women,Personal Care,Makeup,Concealer,Spring,Casual,external_cosmetics2_v1,gender+season+usage propagated per articleType from provided train
910199,Women,Personal Care,Makeup,Concealer,Spring,Casual,external_cosmetics2_v1,gender+season+usage propagated per articleType from provided train
910200,Women,Personal Care,Makeup,Foundation and Primer,Spring,Casual,external_cosmetics2_v1,gender+season+usage propagated per articleType from provided train
910201,Women,Personal Care,Makeup,Foundation and Primer,Spring,Casual,external_cosmetics2_v1,gender+season+usage propagated per articleType from provided train
910202,Women,Personal Care,Makeup,Foundation and Primer,Spring,Casual,external_cosmetics2_v1,gender+season+usage propagated per articleType from provided train
910203,Women,Personal Care,Makeup,Foundation and Primer,Spring,Casual,external_cosmetics2_v1,gender+season+usage propagated per articleType from provided train
910204,Women,Personal Care,Makeup,Foundation and Primer,Spring,Casual,external_cosmetics2_v1,gender+season+usage propagated per articleType from provided train
910205,Women,Personal Care,Makeup,Foundation and Primer,Spring,Casual,external_cosmetics2_v1,gender+season+usage propagated per articleType from provided train
910206,Women,Personal Care,Makeup,Foundation and Primer,Spring,Casual,external_cosmetics2_v1,gender+season+usage propagated per articleType from provided train
910207,Women,Personal Care,Makeup,Foundation and Primer,Spring,Casual,external_cosmetics2_v1,gender+season+usage propagated per articleType from provided train
910208,Women,Personal Care,Makeup,Foundation and Primer,Spring,Casual,external_cosmetics2_v1,gender+season+usage propagated per articleType from provided train
910209,Women,Personal Care,Makeup,Foundation and Primer,Spring,Casual,external_cosmetics2_v1,gender+season+usage propagated per articleType from provided train
910210,Women,Personal Care,Makeup,Foundation and Primer,Spring,Casual,external_cosmetics2_v1,gender+season+usage propagated per articleType from provided train
910211,Women,Personal Care,Makeup,Foundation and Primer,Spring,Casual,external_cosmetics2_v1,gender+season+usage propagated per articleType from provided train
910212,Women,Personal Care,Makeup,Foundation and Primer,Spring,Casual,external_cosmetics2_v1,gender+season+usage propagated per articleType from provided train
910213,Women,Personal Care,Makeup,Foundation and Primer,Spring,Casual,external_cosmetics2_v1,gender+season+usage propagated per articleType from provided train
910214,Women,Personal Care,Makeup,Foundation and Primer,Spring,Casual,external_cosmetics2_v1,gender+season+usage propagated per articleType from provided train
910215,Women,Personal Care,Makeup,Foundation and Primer,Spring,Casual,external_cosmetics2_v1,gender+season+usage propagated per articleType from provided train
910216,Women,Personal Care,Makeup,Foundation and Primer,Spring,Casual,external_cosmetics2_v1,gender+season+usage propagated per articleType from provided train
910217,Women,Personal Care,Makeup,Foundation and Primer,Spring,Casual,external_cosmetics2_v1,gender+season+usage propagated per articleType from provided train
910218,Women,Personal Care,Makeup,Foundation and Primer,Spring,Casual,external_cosmetics2_v1,gender+season+usage propagated per articleType from provided train
910219,Women,Personal Care,Makeup,Foundation and Primer,Spring,Casual,external_cosmetics2_v1,gender+season+usage propagated per articleType from provided train
910220,Women,Personal Care,Makeup,Foundation and Primer,Spring,Casual,external_cosmetics2_v1,gender+season+usage propagated per articleType from provided train
910221,Women,Personal Care,Makeup,Foundation and Primer,Spring,Casual,external_cosmetics2_v1,gender+season+usage propagated per articleType from provided train
910222,Women,Personal Care,Makeup,Foundation and Primer,Spring,Casual,external_cosmetics2_v1,gender+season+usage propagated per articleType from provided train
910223,Women,Personal Care,Makeup,Foundation and Primer,Spring,Casual,external_cosmetics2_v1,gender+season+usage propagated per articleType from provided train
910224,Women,Personal Care,Makeup,Foundation and Primer,Spring,Casual,external_cosmetics2_v1,gender+season+usage propagated per articleType from provided train
910225,Women,Personal Care,Makeup,Foundation and Primer,Spring,Casual,external_cosmetics2_v1,gender+season+usage propagated per articleType from provided train
910226,Women,Personal Care,Makeup,Foundation and Primer,Spring,Casual,external_cosmetics2_v1,gender+season+usage propagated per articleType from provided train
910227,Women,Personal Care,Makeup,Foundation and Primer,Spring,Casual,external_cosmetics2_v1,gender+season+usage propagated per articleType from provided train
910228,Women,Personal Care,Makeup,Foundation and Primer,Spring,Casual,external_cosmetics2_v1,gender+season+usage propagated per articleType from provided train
910229,Women,Personal Care,Makeup,Foundation and Primer,Spring,Casual,external_cosmetics2_v1,gender+season+usage propagated per articleType from provided train
910230,Women,Personal Care,Makeup,Foundation and Primer,Spring,Casual,external_cosmetics2_v1,gender+season+usage propagated per articleType from provided train
910231,Women,Personal Care,Makeup,Foundation and Primer,Spring,Casual,external_cosmetics2_v1,gender+season+usage propagated per articleType from provided train
910232,Women,Personal Care,Makeup,Foundation and Primer,Spring,Casual,external_cosmetics2_v1,gender+season+usage propagated per articleType from provided train
910233,Women,Personal Care,Makeup,Foundation and Primer,Spring,Casual,external_cosmetics2_v1,gender+season+usage propagated per articleType from provided train
910234,Women,Personal Care,Makeup,Foundation and Primer,Spring,Casual,external_cosmetics2_v1,gender+season+usage propagated per articleType from provided train
910235,Women,Personal Care,Makeup,Foundation and Primer,Spring,Casual,external_cosmetics2_v1,gender+season+usage propagated per articleType from provided train
910236,Women,Personal Care,Makeup,Foundation and Primer,Spring,Casual,external_cosmetics2_v1,gender+season+usage propagated per articleType from provided train
910237,Women,Personal Care,Makeup,Foundation and Primer,Spring,Casual,external_cosmetics2_v1,gender+season+usage propagated per articleType from provided train
910238,Women,Personal Care,Makeup,Foundation and Primer,Spring,Casual,external_cosmetics2_v1,gender+season+usage propagated per articleType from provided train
910239,Women,Personal Care,Makeup,Foundation and Primer,Spring,Casual,external_cosmetics2_v1,gender+season+usage propagated per articleType from provided train
910240,Women,Personal Care,Makeup,Foundation and Primer,Spring,Casual,external_cosmetics2_v1,gender+season+usage propagated per articleType from provided train
910241,Women,Personal Care,Makeup,Foundation and Primer,Spring,Casual,external_cosmetics2_v1,gender+season+usage propagated per articleType from provided train
910242,Women,Personal Care,Makeup,Foundation and Primer,Spring,Casual,external_cosmetics2_v1,gender+season+usage propagated per articleType from provided train
910243,Women,Personal Care,Makeup,Foundation and Primer,Spring,Casual,external_cosmetics2_v1,gender+season+usage propagated per articleType from provided train
910244,Women,Personal Care,Makeup,Foundation and Primer,Spring,Casual,external_cosmetics2_v1,gender+season+usage propagated per articleType from provided train
910245,Women,Personal Care,Makeup,Foundation and Primer,Spring,Casual,external_cosmetics2_v1,gender+season+usage propagated per articleType from provided train
910246,Women,Personal Care,Makeup,Foundation and Primer,Spring,Casual,external_cosmetics2_v1,gender+season+usage propagated per articleType from provided train
910247,Women,Personal Care,Makeup,Foundation and Primer,Spring,Casual,external_cosmetics2_v1,gender+season+usage propagated per articleType from provided train
910248,Women,Personal Care,Makeup,Foundation and Primer,Spring,Casual,external_cosmetics2_v1,gender+season+usage propagated per articleType from provided train
910249,Women,Personal Care,Makeup,Foundation and Primer,Spring,Casual,external_cosmetics2_v1,gender+season+usage propagated per articleType from provided train
910250,Women,Personal Care,Makeup,Foundation and Primer,Spring,Casual,external_cosmetics2_v1,gender+season+usage propagated per articleType from provided train
910251,Women,Personal Care,Makeup,Foundation and Primer,Spring,Casual,external_cosmetics2_v1,gender+season+usage propagated per articleType from provided train
910252,Women,Personal Care,Makeup,Foundation and Primer,Spring,Casual,external_cosmetics2_v1,gender+season+usage propagated per articleType from provided train
910253,Women,Personal Care,Makeup,Foundation and Primer,Spring,Casual,external_cosmetics2_v1,gender+season+usage propagated per articleType from provided train
910254,Women,Personal Care,Makeup,Foundation and Primer,Spring,Casual,external_cosmetics2_v1,gender+season+usage propagated per articleType from provided train
910255,Women,Personal Care,Makeup,Foundation and Primer,Spring,Casual,external_cosmetics2_v1,gender+season+usage propagated per articleType from provided train
910256,Women,Personal Care,Makeup,Foundation and Primer,Spring,Casual,external_cosmetics2_v1,gender+season+usage propagated per articleType from provided train
910257,Women,Personal Care,Makeup,Foundation and Primer,Spring,Casual,external_cosmetics2_v1,gender+season+usage propagated per articleType from provided train
910258,Women,Personal Care,Makeup,Foundation and Primer,Spring,Casual,external_cosmetics2_v1,gender+season+usage propagated per articleType from provided train
910259,Women,Personal Care,Makeup,Foundation and Primer,Spring,Casual,external_cosmetics2_v1,gender+season+usage propagated per articleType from provided train
910260,Women,Personal Care,Makeup,Foundation and Primer,Spring,Casual,external_cosmetics2_v1,gender+season+usage propagated per articleType from provided train
910261,Women,Personal Care,Makeup,Foundation and Primer,Spring,Casual,external_cosmetics2_v1,gender+season+usage propagated per articleType from provided train
910262,Women,Personal Care,Makeup,Foundation and Primer,Spring,Casual,external_cosmetics2_v1,gender+season+usage propagated per articleType from provided train
910263,Women,Personal Care,Makeup,Foundation and Primer,Spring,Casual,external_cosmetics2_v1,gender+season+usage propagated per articleType from provided train
910264,Women,Personal Care,Makeup,Foundation and Primer,Spring,Casual,external_cosmetics2_v1,gender+season+usage propagated per articleType from provided train
910265,Women,Personal Care,Makeup,Foundation and Primer,Spring,Casual,external_cosmetics2_v1,gender+season+usage propagated per articleType from provided train
910266,Women,Personal Care,Makeup,Foundation and Primer,Spring,Casual,external_cosmetics2_v1,gender+season+usage propagated per articleType from provided train
910267,Women,Personal Care,Makeup,Foundation and Primer,Spring,Casual,external_cosmetics2_v1,gender+season+usage propagated per articleType from provided train
910268,Women,Personal Care,Makeup,Foundation and Primer,Spring,Casual,external_cosmetics2_v1,gender+season+usage propagated per articleType from provided train
910269,Women,Personal Care,Makeup,Foundation and Primer,Spring,Casual,external_cosmetics2_v1,gender+season+usage propagated per articleType from provided train
910270,Women,Personal Care,Makeup,Foundation and Primer,Spring,Casual,external_cosmetics2_v1,gender+season+usage propagated per articleType from provided train
910271,Women,Personal Care,Makeup,Foundation and Primer,Spring,Casual,external_cosmetics2_v1,gender+season+usage propagated per articleType from provided train
910272,Women,Personal Care,Makeup,Foundation and Primer,Spring,Casual,external_cosmetics2_v1,gender+season+usage propagated per articleType from provided train
910273,Women,Personal Care,Makeup,Foundation and Primer,Spring,Casual,external_cosmetics2_v1,gender+season+usage propagated per articleType from provided train
910274,Women,Personal Care,Makeup,Foundation and Primer,Spring,Casual,external_cosmetics2_v1,gender+season+usage propagated per articleType from provided train
910275,Women,Personal Care,Makeup,Foundation and Primer,Spring,Casual,external_cosmetics2_v1,gender+season+usage propagated per articleType from provided train
910276,Women,Personal Care,Makeup,Foundation and Primer,Spring,Casual,external_cosmetics2_v1,gender+season+usage propagated per articleType from provided train
910277,Women,Personal Care,Makeup,Foundation and Primer,Spring,Casual,external_cosmetics2_v1,gender+season+usage propagated per articleType from provided train
910278,Women,Personal Care,Makeup,Foundation and Primer,Spring,Casual,external_cosmetics2_v1,gender+season+usage propagated per articleType from provided train
910279,Women,Personal Care,Makeup,Foundation and Primer,Spring,Casual,external_cosmetics2_v1,gender+season+usage propagated per articleType from provided train
910280,Women,Personal Care,Makeup,Foundation and Primer,Spring,Casual,external_cosmetics2_v1,gender+season+usage propagated per articleType from provided train
910281,Women,Personal Care,Makeup,Foundation and Primer,Spring,Casual,external_cosmetics2_v1,gender+season+usage propagated per articleType from provided train
910282,Women,Personal Care,Makeup,Foundation and Primer,Spring,Casual,external_cosmetics2_v1,gender+season+usage propagated per articleType from provided train
910283,Women,Personal Care,Makeup,Foundation and Primer,Spring,Casual,external_cosmetics2_v1,gender+season+usage propagated per articleType from provided train
910284,Women,Personal Care,Makeup,Foundation and Primer,Spring,Casual,external_cosmetics2_v1,gender+season+usage propagated per articleType from provided train
910285,Women,Personal Care,Makeup,Foundation and Primer,Spring,Casual,external_cosmetics2_v1,gender+season+usage propagated per articleType from provided train
910286,Women,Personal Care,Makeup,Foundation and Primer,Spring,Casual,external_cosmetics2_v1,gender+season+usage propagated per articleType from provided train
910287,Women,Personal Care,Makeup,Foundation and Primer,Spring,Casual,external_cosmetics2_v1,gender+season+usage propagated per articleType from provided train
910288,Women,Personal Care,Makeup,Foundation and Primer,Spring,Casual,external_cosmetics2_v1,gender+season+usage propagated per articleType from provided train
910289,Women,Personal Care,Makeup,Foundation and Primer,Spring,Casual,external_cosmetics2_v1,gender+season+usage propagated per articleType from provided train
910290,Women,Personal Care,Makeup,Foundation and Primer,Spring,Casual,external_cosmetics2_v1,gender+season+usage propagated per articleType from provided train
910291,Women,Personal Care,Makeup,Foundation and Primer,Spring,Casual,external_cosmetics2_v1,gender+season+usage propagated per articleType from provided train
910292,Women,Personal Care,Makeup,Foundation and Primer,Spring,Casual,external_cosmetics2_v1,gender+season+usage propagated per articleType from provided train
910293,Women,Personal Care,Makeup,Foundation and Primer,Spring,Casual,external_cosmetics2_v1,gender+season+usage propagated per articleType from provided train
910294,Women,Personal Care,Makeup,Foundation and Primer,Spring,Casual,external_cosmetics2_v1,gender+season+usage propagated per articleType from provided train
910295,Women,Personal Care,Makeup,Foundation and Primer,Spring,Casual,external_cosmetics2_v1,gender+season+usage propagated per articleType from provided train
910296,Women,Personal Care,Makeup,Foundation and Primer,Spring,Casual,external_cosmetics2_v1,gender+season+usage propagated per articleType from provided train
910297,Women,Personal Care,Makeup,Foundation and Primer,Spring,Casual,external_cosmetics2_v1,gender+season+usage propagated per articleType from provided train
910298,Women,Personal Care,Makeup,Foundation and Primer,Spring,Casual,external_cosmetics2_v1,gender+season+usage propagated per articleType from provided train
910299,Women,Personal Care,Makeup,Foundation and Primer,Spring,Casual,external_cosmetics2_v1,gender+season+usage propagated per articleType from provided train
910300,Women,Personal Care,Makeup,Highlighter and Blush,Spring,Casual,external_cosmetics2_v1,gender+season+usage propagated per articleType from provided train
910301,Women,Personal Care,Makeup,Highlighter and Blush,Spring,Casual,external_cosmetics2_v1,gender+season+usage propagated per articleType from provided train
910302,Women,Personal Care,Makeup,Highlighter and Blush,Spring,Casual,external_cosmetics2_v1,gender+season+usage propagated per articleType from provided train
910303,Women,Personal Care,Makeup,Highlighter and Blush,Spring,Casual,external_cosmetics2_v1,gender+season+usage propagated per articleType from provided train
910304,Women,Personal Care,Makeup,Highlighter and Blush,Spring,Casual,external_cosmetics2_v1,gender+season+usage propagated per articleType from provided train
910305,Women,Personal Care,Makeup,Highlighter and Blush,Spring,Casual,external_cosmetics2_v1,gender+season+usage propagated per articleType from provided train
910306,Women,Personal Care,Makeup,Highlighter and Blush,Spring,Casual,external_cosmetics2_v1,gender+season+usage propagated per articleType from provided train
910307,Women,Personal Care,Makeup,Highlighter and Blush,Spring,Casual,external_cosmetics2_v1,gender+season+usage propagated per articleType from provided train
910308,Women,Personal Care,Makeup,Highlighter and Blush,Spring,Casual,external_cosmetics2_v1,gender+season+usage propagated per articleType from provided train
910309,Women,Personal Care,Makeup,Highlighter and Blush,Spring,Casual,external_cosmetics2_v1,gender+season+usage propagated per articleType from provided train
910310,Women,Personal Care,Makeup,Highlighter and Blush,Spring,Casual,external_cosmetics2_v1,gender+season+usage propagated per articleType from provided train
910311,Women,Personal Care,Makeup,Highlighter and Blush,Spring,Casual,external_cosmetics2_v1,gender+season+usage propagated per articleType from provided train
910312,Women,Personal Care,Makeup,Highlighter and Blush,Spring,Casual,external_cosmetics2_v1,gender+season+usage propagated per articleType from provided train
910313,Women,Personal Care,Makeup,Highlighter and Blush,Spring,Casual,external_cosmetics2_v1,gender+season+usage propagated per articleType from provided train
910314,Women,Personal Care,Makeup,Highlighter and Blush,Spring,Casual,external_cosmetics2_v1,gender+season+usage propagated per articleType from provided train
910315,Women,Personal Care,Makeup,Highlighter and Blush,Spring,Casual,external_cosmetics2_v1,gender+season+usage propagated per articleType from provided train
910316,Women,Personal Care,Makeup,Highlighter and Blush,Spring,Casual,external_cosmetics2_v1,gender+season+usage propagated per articleType from provided train
910317,Women,Personal Care,Makeup,Highlighter and Blush,Spring,Casual,external_cosmetics2_v1,gender+season+usage propagated per articleType from provided train
910318,Women,Personal Care,Makeup,Highlighter and Blush,Spring,Casual,external_cosmetics2_v1,gender+season+usage propagated per articleType from provided train
910319,Women,Personal Care,Makeup,Highlighter and Blush,Spring,Casual,external_cosmetics2_v1,gender+season+usage propagated per articleType from provided train
910320,Women,Personal Care,Makeup,Highlighter and Blush,Spring,Casual,external_cosmetics2_v1,gender+season+usage propagated per articleType from provided train
910321,Women,Personal Care,Makeup,Highlighter and Blush,Spring,Casual,external_cosmetics2_v1,gender+season+usage propagated per articleType from provided train
910322,Women,Personal Care,Makeup,Highlighter and Blush,Spring,Casual,external_cosmetics2_v1,gender+season+usage propagated per articleType from provided train
910323,Women,Personal Care,Makeup,Highlighter and Blush,Spring,Casual,external_cosmetics2_v1,gender+season+usage propagated per articleType from provided train
910324,Women,Personal Care,Makeup,Highlighter and Blush,Spring,Casual,external_cosmetics2_v1,gender+season+usage propagated per articleType from provided train
910325,Women,Personal Care,Makeup,Highlighter and Blush,Spring,Casual,external_cosmetics2_v1,gender+season+usage propagated per articleType from provided train
910326,Women,Personal Care,Makeup,Highlighter and Blush,Spring,Casual,external_cosmetics2_v1,gender+season+usage propagated per articleType from provided train
910327,Women,Personal Care,Makeup,Highlighter and Blush,Spring,Casual,external_cosmetics2_v1,gender+season+usage propagated per articleType from provided train
910328,Women,Personal Care,Makeup,Highlighter and Blush,Spring,Casual,external_cosmetics2_v1,gender+season+usage propagated per articleType from provided train
910329,Women,Personal Care,Makeup,Highlighter and Blush,Spring,Casual,external_cosmetics2_v1,gender+season+usage propagated per articleType from provided train
910330,Women,Personal Care,Makeup,Highlighter and Blush,Spring,Casual,external_cosmetics2_v1,gender+season+usage propagated per articleType from provided train
910331,Women,Personal Care,Makeup,Highlighter and Blush,Spring,Casual,external_cosmetics2_v1,gender+season+usage propagated per articleType from provided train
910332,Women,Personal Care,Makeup,Highlighter and Blush,Spring,Casual,external_cosmetics2_v1,gender+season+usage propagated per articleType from provided train
910333,Women,Personal Care,Makeup,Highlighter and Blush,Spring,Casual,external_cosmetics2_v1,gender+season+usage propagated per articleType from provided train
910334,Women,Personal Care,Makeup,Highlighter and Blush,Spring,Casual,external_cosmetics2_v1,gender+season+usage propagated per articleType from provided train
910335,Women,Personal Care,Makeup,Highlighter and Blush,Spring,Casual,external_cosmetics2_v1,gender+season+usage propagated per articleType from provided train
910336,Women,Personal Care,Makeup,Highlighter and Blush,Spring,Casual,external_cosmetics2_v1,gender+season+usage propagated per articleType from provided train
910337,Women,Personal Care,Makeup,Highlighter and Blush,Spring,Casual,external_cosmetics2_v1,gender+season+usage propagated per articleType from provided train
910338,Women,Personal Care,Makeup,Highlighter and Blush,Spring,Casual,external_cosmetics2_v1,gender+season+usage propagated per articleType from provided train
910339,Women,Personal Care,Makeup,Highlighter and Blush,Spring,Casual,external_cosmetics2_v1,gender+season+usage propagated per articleType from provided train
910340,Women,Personal Care,Makeup,Highlighter and Blush,Spring,Casual,external_cosmetics2_v1,gender+season+usage propagated per articleType from provided train
910341,Women,Personal Care,Makeup,Highlighter and Blush,Spring,Casual,external_cosmetics2_v1,gender+season+usage propagated per articleType from provided train
910342,Women,Personal Care,Makeup,Highlighter and Blush,Spring,Casual,external_cosmetics2_v1,gender+season+usage propagated per articleType from provided train
910343,Women,Personal Care,Makeup,Highlighter and Blush,Spring,Casual,external_cosmetics2_v1,gender+season+usage propagated per articleType from provided train
910344,Women,Personal Care,Makeup,Highlighter and Blush,Spring,Casual,external_cosmetics2_v1,gender+season+usage propagated per articleType from provided train
910345,Women,Personal Care,Makeup,Highlighter and Blush,Spring,Casual,external_cosmetics2_v1,gender+season+usage propagated per articleType from provided train
910346,Women,Personal Care,Makeup,Highlighter and Blush,Spring,Casual,external_cosmetics2_v1,gender+season+usage propagated per articleType from provided train
910347,Women,Personal Care,Makeup,Highlighter and Blush,Spring,Casual,external_cosmetics2_v1,gender+season+usage propagated per articleType from provided train
910348,Women,Personal Care,Makeup,Highlighter and Blush,Spring,Casual,external_cosmetics2_v1,gender+season+usage propagated per articleType from provided train
910349,Women,Personal Care,Makeup,Highlighter and Blush,Spring,Casual,external_cosmetics2_v1,gender+season+usage propagated per articleType from provided train
910350,Women,Personal Care,Makeup,Highlighter and Blush,Spring,Casual,external_cosmetics2_v1,gender+season+usage propagated per articleType from provided train
910351,Women,Personal Care,Makeup,Highlighter and Blush,Spring,Casual,external_cosmetics2_v1,gender+season+usage propagated per articleType from provided train
910352,Women,Personal Care,Makeup,Highlighter and Blush,Spring,Casual,external_cosmetics2_v1,gender+season+usage propagated per articleType from provided train
910353,Women,Personal Care,Makeup,Highlighter and Blush,Spring,Casual,external_cosmetics2_v1,gender+season+usage propagated per articleType from provided train
910354,Women,Personal Care,Makeup,Highlighter and Blush,Spring,Casual,external_cosmetics2_v1,gender+season+usage propagated per articleType from provided train
910355,Women,Personal Care,Makeup,Highlighter and Blush,Spring,Casual,external_cosmetics2_v1,gender+season+usage propagated per articleType from provided train
910356,Women,Personal Care,Makeup,Highlighter and Blush,Spring,Casual,external_cosmetics2_v1,gender+season+usage propagated per articleType from provided train
910357,Women,Personal Care,Makeup,Highlighter and Blush,Spring,Casual,external_cosmetics2_v1,gender+season+usage propagated per articleType from provided train
910358,Women,Personal Care,Makeup,Highlighter and Blush,Spring,Casual,external_cosmetics2_v1,gender+season+usage propagated per articleType from provided train
910359,Women,Personal Care,Makeup,Highlighter and Blush,Spring,Casual,external_cosmetics2_v1,gender+season+usage propagated per articleType from provided train
910360,Women,Personal Care,Makeup,Highlighter and Blush,Spring,Casual,external_cosmetics2_v1,gender+season+usage propagated per articleType from provided train
910361,Women,Personal Care,Makeup,Highlighter and Blush,Spring,Casual,external_cosmetics2_v1,gender+season+usage propagated per articleType from provided train
910362,Women,Personal Care,Makeup,Highlighter and Blush,Spring,Casual,external_cosmetics2_v1,gender+season+usage propagated per articleType from provided train
910363,Women,Personal Care,Makeup,Highlighter and Blush,Spring,Casual,external_cosmetics2_v1,gender+season+usage propagated per articleType from provided train
910364,Women,Personal Care,Makeup,Highlighter and Blush,Spring,Casual,external_cosmetics2_v1,gender+season+usage propagated per articleType from provided train
910365,Women,Personal Care,Makeup,Highlighter and Blush,Spring,Casual,external_cosmetics2_v1,gender+season+usage propagated per articleType from provided train
910366,Women,Personal Care,Makeup,Highlighter and Blush,Spring,Casual,external_cosmetics2_v1,gender+season+usage propagated per articleType from provided train
910367,Women,Personal Care,Makeup,Highlighter and Blush,Spring,Casual,external_cosmetics2_v1,gender+season+usage propagated per articleType from provided train
910368,Women,Personal Care,Makeup,Highlighter and Blush,Spring,Casual,external_cosmetics2_v1,gender+season+usage propagated per articleType from provided train
910369,Women,Personal Care,Makeup,Highlighter and Blush,Spring,Casual,external_cosmetics2_v1,gender+season+usage propagated per articleType from provided train
910370,Women,Personal Care,Makeup,Highlighter and Blush,Spring,Casual,external_cosmetics2_v1,gender+season+usage propagated per articleType from provided train
910371,Women,Personal Care,Makeup,Highlighter and Blush,Spring,Casual,external_cosmetics2_v1,gender+season+usage propagated per articleType from provided train
910372,Women,Personal Care,Makeup,Highlighter and Blush,Spring,Casual,external_cosmetics2_v1,gender+season+usage propagated per articleType from provided train
910373,Women,Personal Care,Makeup,Highlighter and Blush,Spring,Casual,external_cosmetics2_v1,gender+season+usage propagated per articleType from provided train
910374,Women,Personal Care,Makeup,Highlighter and Blush,Spring,Casual,external_cosmetics2_v1,gender+season+usage propagated per articleType from provided train
910375,Women,Personal Care,Makeup,Highlighter and Blush,Spring,Casual,external_cosmetics2_v1,gender+season+usage propagated per articleType from provided train
910376,Women,Personal Care,Makeup,Highlighter and Blush,Spring,Casual,external_cosmetics2_v1,gender+season+usage propagated per articleType from provided train
910377,Women,Personal Care,Makeup,Highlighter and Blush,Spring,Casual,external_cosmetics2_v1,gender+season+usage propagated per articleType from provided train
910378,Women,Personal Care,Makeup,Highlighter and Blush,Spring,Casual,external_cosmetics2_v1,gender+season+usage propagated per articleType from provided train
910379,Women,Personal Care,Makeup,Highlighter and Blush,Spring,Casual,external_cosmetics2_v1,gender+season+usage propagated per articleType from provided train
910380,Women,Personal Care,Makeup,Highlighter and Blush,Spring,Casual,external_cosmetics2_v1,gender+season+usage propagated per articleType from provided train
910381,Women,Personal Care,Makeup,Highlighter and Blush,Spring,Casual,external_cosmetics2_v1,gender+season+usage propagated per articleType from provided train
910382,Women,Personal Care,Makeup,Highlighter and Blush,Spring,Casual,external_cosmetics2_v1,gender+season+usage propagated per articleType from provided train
910383,Women,Personal Care,Makeup,Highlighter and Blush,Spring,Casual,external_cosmetics2_v1,gender+season+usage propagated per articleType from provided train
910384,Women,Personal Care,Makeup,Highlighter and Blush,Spring,Casual,external_cosmetics2_v1,gender+season+usage propagated per articleType from provided train
910385,Women,Personal Care,Makeup,Highlighter and Blush,Spring,Casual,external_cosmetics2_v1,gender+season+usage propagated per articleType from provided train
910386,Women,Personal Care,Makeup,Highlighter and Blush,Spring,Casual,external_cosmetics2_v1,gender+season+usage propagated per articleType from provided train
910387,Women,Personal Care,Makeup,Highlighter and Blush,Spring,Casual,external_cosmetics2_v1,gender+season+usage propagated per articleType from provided train
910388,Women,Personal Care,Makeup,Highlighter and Blush,Spring,Casual,external_cosmetics2_v1,gender+season+usage propagated per articleType from provided train
910389,Women,Personal Care,Makeup,Highlighter and Blush,Spring,Casual,external_cosmetics2_v1,gender+season+usage propagated per articleType from provided train
910390,Women,Personal Care,Makeup,Highlighter and Blush,Spring,Casual,external_cosmetics2_v1,gender+season+usage propagated per articleType from provided train
910391,Women,Personal Care,Makeup,Highlighter and Blush,Spring,Casual,external_cosmetics2_v1,gender+season+usage propagated per articleType from provided train
910392,Women,Personal Care,Makeup,Highlighter and Blush,Spring,Casual,external_cosmetics2_v1,gender+season+usage propagated per articleType from provided train
910393,Women,Personal Care,Makeup,Highlighter and Blush,Spring,Casual,external_cosmetics2_v1,gender+season+usage propagated per articleType from provided train
910394,Women,Personal Care,Makeup,Highlighter and Blush,Spring,Casual,external_cosmetics2_v1,gender+season+usage propagated per articleType from provided train
910395,Women,Personal Care,Makeup,Highlighter and Blush,Spring,Casual,external_cosmetics2_v1,gender+season+usage propagated per articleType from provided train
910396,Women,Personal Care,Makeup,Highlighter and Blush,Spring,Casual,external_cosmetics2_v1,gender+season+usage propagated per articleType from provided train
910397,Women,Personal Care,Makeup,Highlighter and Blush,Spring,Casual,external_cosmetics2_v1,gender+season+usage propagated per articleType from provided train
910398,Women,Personal Care,Makeup,Highlighter and Blush,Spring,Casual,external_cosmetics2_v1,gender+season+usage propagated per articleType from provided train
910399,Women,Personal Care,Makeup,Highlighter and Blush,Spring,Casual,external_cosmetics2_v1,gender+season+usage propagated per articleType from provided train
910400,Women,Personal Care,Eyes,Kajal and Eyeliner,Spring,Casual,external_cosmetics2_v1,gender+season+usage propagated per articleType from provided train
910401,Women,Personal Care,Eyes,Kajal and Eyeliner,Spring,Casual,external_cosmetics2_v1,gender+season+usage propagated per articleType from provided train
910402,Women,Personal Care,Eyes,Kajal and Eyeliner,Spring,Casual,external_cosmetics2_v1,gender+season+usage propagated per articleType from provided train
910403,Women,Personal Care,Eyes,Kajal and Eyeliner,Spring,Casual,external_cosmetics2_v1,gender+season+usage propagated per articleType from provided train
910404,Women,Personal Care,Eyes,Kajal and Eyeliner,Spring,Casual,external_cosmetics2_v1,gender+season+usage propagated per articleType from provided train
910406,Women,Personal Care,Eyes,Kajal and Eyeliner,Spring,Casual,external_cosmetics2_v1,gender+season+usage propagated per articleType from provided train
910407,Women,Personal Care,Eyes,Kajal and Eyeliner,Spring,Casual,external_cosmetics2_v1,gender+season+usage propagated per articleType from provided train
910408,Women,Personal Care,Eyes,Kajal and Eyeliner,Spring,Casual,external_cosmetics2_v1,gender+season+usage propagated per articleType from provided train
910409,Women,Personal Care,Eyes,Kajal and Eyeliner,Spring,Casual,external_cosmetics2_v1,gender+season+usage propagated per articleType from provided train
910410,Women,Personal Care,Eyes,Kajal and Eyeliner,Spring,Casual,external_cosmetics2_v1,gender+season+usage propagated per articleType from provided train
910411,Women,Personal Care,Eyes,Kajal and Eyeliner,Spring,Casual,external_cosmetics2_v1,gender+season+usage propagated per articleType from provided train
910412,Women,Personal Care,Eyes,Kajal and Eyeliner,Spring,Casual,external_cosmetics2_v1,gender+season+usage propagated per articleType from provided train
910413,Women,Personal Care,Eyes,Kajal and Eyeliner,Spring,Casual,external_cosmetics2_v1,gender+season+usage propagated per articleType from provided train
910414,Women,Personal Care,Eyes,Kajal and Eyeliner,Spring,Casual,external_cosmetics2_v1,gender+season+usage propagated per articleType from provided train
910415,Women,Personal Care,Eyes,Kajal and Eyeliner,Spring,Casual,external_cosmetics2_v1,gender+season+usage propagated per articleType from provided train
910416,Women,Personal Care,Eyes,Kajal and Eyeliner,Spring,Casual,external_cosmetics2_v1,gender+season+usage propagated per articleType from provided train
910417,Women,Personal Care,Eyes,Kajal and Eyeliner,Spring,Casual,external_cosmetics2_v1,gender+season+usage propagated per articleType from provided train
910418,Women,Personal Care,Eyes,Kajal and Eyeliner,Spring,Casual,external_cosmetics2_v1,gender+season+usage propagated per articleType from provided train
910419,Women,Personal Care,Eyes,Kajal and Eyeliner,Spring,Casual,external_cosmetics2_v1,gender+season+usage propagated per articleType from provided train
910420,Women,Personal Care,Eyes,Kajal and Eyeliner,Spring,Casual,external_cosmetics2_v1,gender+season+usage propagated per articleType from provided train
910421,Women,Personal Care,Eyes,Kajal and Eyeliner,Spring,Casual,external_cosmetics2_v1,gender+season+usage propagated per articleType from provided train
910422,Women,Personal Care,Eyes,Kajal and Eyeliner,Spring,Casual,external_cosmetics2_v1,gender+season+usage propagated per articleType from provided train
910423,Women,Personal Care,Eyes,Kajal and Eyeliner,Spring,Casual,external_cosmetics2_v1,gender+season+usage propagated per articleType from provided train
910424,Women,Personal Care,Eyes,Kajal and Eyeliner,Spring,Casual,external_cosmetics2_v1,gender+season+usage propagated per articleType from provided train
910425,Women,Personal Care,Eyes,Kajal and Eyeliner,Spring,Casual,external_cosmetics2_v1,gender+season+usage propagated per articleType from provided train
910426,Women,Personal Care,Eyes,Kajal and Eyeliner,Spring,Casual,external_cosmetics2_v1,gender+season+usage propagated per articleType from provided train
910427,Women,Personal Care,Eyes,Kajal and Eyeliner,Spring,Casual,external_cosmetics2_v1,gender+season+usage propagated per articleType from provided train
910428,Women,Personal Care,Eyes,Kajal and Eyeliner,Spring,Casual,external_cosmetics2_v1,gender+season+usage propagated per articleType from provided train
910429,Women,Personal Care,Eyes,Kajal and Eyeliner,Spring,Casual,external_cosmetics2_v1,gender+season+usage propagated per articleType from provided train
910430,Women,Personal Care,Eyes,Kajal and Eyeliner,Spring,Casual,external_cosmetics2_v1,gender+season+usage propagated per articleType from provided train
910431,Women,Personal Care,Eyes,Kajal and Eyeliner,Spring,Casual,external_cosmetics2_v1,gender+season+usage propagated per articleType from provided train
910432,Women,Personal Care,Eyes,Kajal and Eyeliner,Spring,Casual,external_cosmetics2_v1,gender+season+usage propagated per articleType from provided train
910433,Women,Personal Care,Eyes,Kajal and Eyeliner,Spring,Casual,external_cosmetics2_v1,gender+season+usage propagated per articleType from provided train
910434,Women,Personal Care,Eyes,Kajal and Eyeliner,Spring,Casual,external_cosmetics2_v1,gender+season+usage propagated per articleType from provided train
910435,Women,Personal Care,Eyes,Kajal and Eyeliner,Spring,Casual,external_cosmetics2_v1,gender+season+usage propagated per articleType from provided train
910436,Women,Personal Care,Eyes,Kajal and Eyeliner,Spring,Casual,external_cosmetics2_v1,gender+season+usage propagated per articleType from provided train
910437,Women,Personal Care,Eyes,Kajal and Eyeliner,Spring,Casual,external_cosmetics2_v1,gender+season+usage propagated per articleType from provided train
910438,Women,Personal Care,Eyes,Kajal and Eyeliner,Spring,Casual,external_cosmetics2_v1,gender+season+usage propagated per articleType from provided train
910439,Women,Personal Care,Eyes,Kajal and Eyeliner,Spring,Casual,external_cosmetics2_v1,gender+season+usage propagated per articleType from provided train
910440,Women,Personal Care,Eyes,Kajal and Eyeliner,Spring,Casual,external_cosmetics2_v1,gender+season+usage propagated per articleType from provided train
910441,Women,Personal Care,Eyes,Kajal and Eyeliner,Spring,Casual,external_cosmetics2_v1,gender+season+usage propagated per articleType from provided train
910442,Women,Personal Care,Eyes,Kajal and Eyeliner,Spring,Casual,external_cosmetics2_v1,gender+season+usage propagated per articleType from provided train
910443,Women,Personal Care,Eyes,Kajal and Eyeliner,Spring,Casual,external_cosmetics2_v1,gender+season+usage propagated per articleType from provided train
910444,Women,Personal Care,Eyes,Kajal and Eyeliner,Spring,Casual,external_cosmetics2_v1,gender+season+usage propagated per articleType from provided train
910445,Women,Personal Care,Eyes,Kajal and Eyeliner,Spring,Casual,external_cosmetics2_v1,gender+season+usage propagated per articleType from provided train
910446,Women,Personal Care,Eyes,Kajal and Eyeliner,Spring,Casual,external_cosmetics2_v1,gender+season+usage propagated per articleType from provided train
910447,Women,Personal Care,Eyes,Kajal and Eyeliner,Spring,Casual,external_cosmetics2_v1,gender+season+usage propagated per articleType from provided train
910448,Women,Personal Care,Eyes,Kajal and Eyeliner,Spring,Casual,external_cosmetics2_v1,gender+season+usage propagated per articleType from provided train
910449,Women,Personal Care,Eyes,Kajal and Eyeliner,Spring,Casual,external_cosmetics2_v1,gender+season+usage propagated per articleType from provided train
910450,Women,Personal Care,Eyes,Kajal and Eyeliner,Spring,Casual,external_cosmetics2_v1,gender+season+usage propagated per articleType from provided train
910451,Women,Personal Care,Eyes,Kajal and Eyeliner,Spring,Casual,external_cosmetics2_v1,gender+season+usage propagated per articleType from provided train
910452,Women,Personal Care,Eyes,Kajal and Eyeliner,Spring,Casual,external_cosmetics2_v1,gender+season+usage propagated per articleType from provided train
910453,Women,Personal Care,Eyes,Kajal and Eyeliner,Spring,Casual,external_cosmetics2_v1,gender+season+usage propagated per articleType from provided train
910454,Women,Personal Care,Eyes,Kajal and Eyeliner,Spring,Casual,external_cosmetics2_v1,gender+season+usage propagated per articleType from provided train
910455,Women,Personal Care,Eyes,Kajal and Eyeliner,Spring,Casual,external_cosmetics2_v1,gender+season+usage propagated per articleType from provided train
910456,Women,Personal Care,Eyes,Kajal and Eyeliner,Spring,Casual,external_cosmetics2_v1,gender+season+usage propagated per articleType from provided train
910457,Women,Personal Care,Eyes,Kajal and Eyeliner,Spring,Casual,external_cosmetics2_v1,gender+season+usage propagated per articleType from provided train
910458,Women,Personal Care,Eyes,Kajal and Eyeliner,Spring,Casual,external_cosmetics2_v1,gender+season+usage propagated per articleType from provided train
910459,Women,Personal Care,Eyes,Kajal and Eyeliner,Spring,Casual,external_cosmetics2_v1,gender+season+usage propagated per articleType from provided train
910460,Women,Personal Care,Eyes,Kajal and Eyeliner,Spring,Casual,external_cosmetics2_v1,gender+season+usage propagated per articleType from provided train
910461,Women,Personal Care,Eyes,Kajal and Eyeliner,Spring,Casual,external_cosmetics2_v1,gender+season+usage propagated per articleType from provided train
910462,Women,Personal Care,Eyes,Kajal and Eyeliner,Spring,Casual,external_cosmetics2_v1,gender+season+usage propagated per articleType from provided train
910463,Women,Personal Care,Eyes,Kajal and Eyeliner,Spring,Casual,external_cosmetics2_v1,gender+season+usage propagated per articleType from provided train
910464,Women,Personal Care,Eyes,Kajal and Eyeliner,Spring,Casual,external_cosmetics2_v1,gender+season+usage propagated per articleType from provided train
910465,Women,Personal Care,Eyes,Kajal and Eyeliner,Spring,Casual,external_cosmetics2_v1,gender+season+usage propagated per articleType from provided train
910466,Women,Personal Care,Eyes,Kajal and Eyeliner,Spring,Casual,external_cosmetics2_v1,gender+season+usage propagated per articleType from provided train
910467,Women,Personal Care,Eyes,Kajal and Eyeliner,Spring,Casual,external_cosmetics2_v1,gender+season+usage propagated per articleType from provided train
910468,Women,Personal Care,Eyes,Kajal and Eyeliner,Spring,Casual,external_cosmetics2_v1,gender+season+usage propagated per articleType from provided train
910469,Women,Personal Care,Eyes,Kajal and Eyeliner,Spring,Casual,external_cosmetics2_v1,gender+season+usage propagated per articleType from provided train
910470,Women,Personal Care,Eyes,Kajal and Eyeliner,Spring,Casual,external_cosmetics2_v1,gender+season+usage propagated per articleType from provided train
910471,Women,Personal Care,Eyes,Kajal and Eyeliner,Spring,Casual,external_cosmetics2_v1,gender+season+usage propagated per articleType from provided train
910472,Women,Personal Care,Eyes,Kajal and Eyeliner,Spring,Casual,external_cosmetics2_v1,gender+season+usage propagated per articleType from provided train
910473,Women,Personal Care,Eyes,Kajal and Eyeliner,Spring,Casual,external_cosmetics2_v1,gender+season+usage propagated per articleType from provided train
910474,Women,Personal Care,Eyes,Kajal and Eyeliner,Spring,Casual,external_cosmetics2_v1,gender+season+usage propagated per articleType from provided train
910475,Women,Personal Care,Eyes,Kajal and Eyeliner,Spring,Casual,external_cosmetics2_v1,gender+season+usage propagated per articleType from provided train
910476,Women,Personal Care,Eyes,Kajal and Eyeliner,Spring,Casual,external_cosmetics2_v1,gender+season+usage propagated per articleType from provided train
910477,Women,Personal Care,Eyes,Kajal and Eyeliner,Spring,Casual,external_cosmetics2_v1,gender+season+usage propagated per articleType from provided train
910478,Women,Personal Care,Eyes,Kajal and Eyeliner,Spring,Casual,external_cosmetics2_v1,gender+season+usage propagated per articleType from provided train
910479,Women,Personal Care,Eyes,Kajal and Eyeliner,Spring,Casual,external_cosmetics2_v1,gender+season+usage propagated per articleType from provided train
910480,Women,Personal Care,Eyes,Kajal and Eyeliner,Spring,Casual,external_cosmetics2_v1,gender+season+usage propagated per articleType from provided train
910481,Women,Personal Care,Eyes,Kajal and Eyeliner,Spring,Casual,external_cosmetics2_v1,gender+season+usage propagated per articleType from provided train
910482,Women,Personal Care,Eyes,Kajal and Eyeliner,Spring,Casual,external_cosmetics2_v1,gender+season+usage propagated per articleType from provided train
910483,Women,Personal Care,Eyes,Kajal and Eyeliner,Spring,Casual,external_cosmetics2_v1,gender+season+usage propagated per articleType from provided train
910484,Women,Personal Care,Eyes,Kajal and Eyeliner,Spring,Casual,external_cosmetics2_v1,gender+season+usage propagated per articleType from provided train
910485,Women,Personal Care,Eyes,Kajal and Eyeliner,Spring,Casual,external_cosmetics2_v1,gender+season+usage propagated per articleType from provided train
910486,Women,Personal Care,Eyes,Kajal and Eyeliner,Spring,Casual,external_cosmetics2_v1,gender+season+usage propagated per articleType from provided train
910487,Women,Personal Care,Eyes,Kajal and Eyeliner,Spring,Casual,external_cosmetics2_v1,gender+season+usage propagated per articleType from provided train
910488,Women,Personal Care,Eyes,Kajal and Eyeliner,Spring,Casual,external_cosmetics2_v1,gender+season+usage propagated per articleType from provided train
910489,Women,Personal Care,Eyes,Kajal and Eyeliner,Spring,Casual,external_cosmetics2_v1,gender+season+usage propagated per articleType from provided train
910490,Women,Personal Care,Eyes,Kajal and Eyeliner,Spring,Casual,external_cosmetics2_v1,gender+season+usage propagated per articleType from provided train
910491,Women,Personal Care,Eyes,Kajal and Eyeliner,Spring,Casual,external_cosmetics2_v1,gender+season+usage propagated per articleType from provided train
910492,Women,Personal Care,Eyes,Kajal and Eyeliner,Spring,Casual,external_cosmetics2_v1,gender+season+usage propagated per articleType from provided train
910493,Women,Personal Care,Eyes,Kajal and Eyeliner,Spring,Casual,external_cosmetics2_v1,gender+season+usage propagated per articleType from provided train
910494,Women,Personal Care,Eyes,Kajal and Eyeliner,Spring,Casual,external_cosmetics2_v1,gender+season+usage propagated per articleType from provided train
910495,Women,Personal Care,Eyes,Kajal and Eyeliner,Spring,Casual,external_cosmetics2_v1,gender+season+usage propagated per articleType from provided train
910496,Women,Personal Care,Eyes,Kajal and Eyeliner,Spring,Casual,external_cosmetics2_v1,gender+season+usage propagated per articleType from provided train
910497,Women,Personal Care,Eyes,Kajal and Eyeliner,Spring,Casual,external_cosmetics2_v1,gender+season+usage propagated per articleType from provided train
910498,Women,Personal Care,Eyes,Kajal and Eyeliner,Spring,Casual,external_cosmetics2_v1,gender+season+usage propagated per articleType from provided train
910499,Women,Personal Care,Eyes,Kajal and Eyeliner,Spring,Casual,external_cosmetics2_v1,gender+season+usage propagated per articleType from provided train
910500,Women,Personal Care,Lips,Lip Gloss,Spring,Casual,external_cosmetics2_v1,gender+season+usage propagated per articleType from provided train
910501,Women,Personal Care,Lips,Lip Gloss,Spring,Casual,external_cosmetics2_v1,gender+season+usage propagated per articleType from provided train
910502,Women,Personal Care,Lips,Lip Gloss,Spring,Casual,external_cosmetics2_v1,gender+season+usage propagated per articleType from provided train
910503,Women,Personal Care,Lips,Lip Gloss,Spring,Casual,external_cosmetics2_v1,gender+season+usage propagated per articleType from provided train
910504,Women,Personal Care,Lips,Lip Gloss,Spring,Casual,external_cosmetics2_v1,gender+season+usage propagated per articleType from provided train
910505,Women,Personal Care,Lips,Lip Gloss,Spring,Casual,external_cosmetics2_v1,gender+season+usage propagated per articleType from provided train
910506,Women,Personal Care,Lips,Lip Gloss,Spring,Casual,external_cosmetics2_v1,gender+season+usage propagated per articleType from provided train
910507,Women,Personal Care,Lips,Lip Gloss,Spring,Casual,external_cosmetics2_v1,gender+season+usage propagated per articleType from provided train
910508,Women,Personal Care,Lips,Lip Gloss,Spring,Casual,external_cosmetics2_v1,gender+season+usage propagated per articleType from provided train
910509,Women,Personal Care,Lips,Lip Gloss,Spring,Casual,external_cosmetics2_v1,gender+season+usage propagated per articleType from provided train
910510,Women,Personal Care,Lips,Lip Gloss,Spring,Casual,external_cosmetics2_v1,gender+season+usage propagated per articleType from provided train
910511,Women,Personal Care,Lips,Lip Gloss,Spring,Casual,external_cosmetics2_v1,gender+season+usage propagated per articleType from provided train
910512,Women,Personal Care,Lips,Lip Gloss,Spring,Casual,external_cosmetics2_v1,gender+season+usage propagated per articleType from provided train
910513,Women,Personal Care,Lips,Lip Gloss,Spring,Casual,external_cosmetics2_v1,gender+season+usage propagated per articleType from provided train
910514,Women,Personal Care,Lips,Lip Gloss,Spring,Casual,external_cosmetics2_v1,gender+season+usage propagated per articleType from provided train
910515,Women,Personal Care,Lips,Lip Gloss,Spring,Casual,external_cosmetics2_v1,gender+season+usage propagated per articleType from provided train
910516,Women,Personal Care,Lips,Lip Gloss,Spring,Casual,external_cosmetics2_v1,gender+season+usage propagated per articleType from provided train
910517,Women,Personal Care,Lips,Lip Gloss,Spring,Casual,external_cosmetics2_v1,gender+season+usage propagated per articleType from provided train
910518,Women,Personal Care,Lips,Lip Gloss,Spring,Casual,external_cosmetics2_v1,gender+season+usage propagated per articleType from provided train
910519,Women,Personal Care,Lips,Lip Gloss,Spring,Casual,external_cosmetics2_v1,gender+season+usage propagated per articleType from provided train
910520,Women,Personal Care,Lips,Lip Gloss,Spring,Casual,external_cosmetics2_v1,gender+season+usage propagated per articleType from provided train
910521,Women,Personal Care,Lips,Lip Gloss,Spring,Casual,external_cosmetics2_v1,gender+season+usage propagated per articleType from provided train
910522,Women,Personal Care,Lips,Lip Gloss,Spring,Casual,external_cosmetics2_v1,gender+season+usage propagated per articleType from provided train
910523,Women,Personal Care,Lips,Lip Gloss,Spring,Casual,external_cosmetics2_v1,gender+season+usage propagated per articleType from provided train
910524,Women,Personal Care,Lips,Lip Gloss,Spring,Casual,external_cosmetics2_v1,gender+season+usage propagated per articleType from provided train
910525,Women,Personal Care,Lips,Lip Gloss,Spring,Casual,external_cosmetics2_v1,gender+season+usage propagated per articleType from provided train
910526,Women,Personal Care,Lips,Lip Gloss,Spring,Casual,external_cosmetics2_v1,gender+season+usage propagated per articleType from provided train
910527,Women,Personal Care,Lips,Lip Gloss,Spring,Casual,external_cosmetics2_v1,gender+season+usage propagated per articleType from provided train
910528,Women,Personal Care,Lips,Lip Gloss,Spring,Casual,external_cosmetics2_v1,gender+season+usage propagated per articleType from provided train
910529,Women,Personal Care,Lips,Lip Gloss,Spring,Casual,external_cosmetics2_v1,gender+season+usage propagated per articleType from provided train
910530,Women,Personal Care,Lips,Lip Gloss,Spring,Casual,external_cosmetics2_v1,gender+season+usage propagated per articleType from provided train
910531,Women,Personal Care,Lips,Lip Gloss,Spring,Casual,external_cosmetics2_v1,gender+season+usage propagated per articleType from provided train
910532,Women,Personal Care,Lips,Lip Gloss,Spring,Casual,external_cosmetics2_v1,gender+season+usage propagated per articleType from provided train
910533,Women,Personal Care,Lips,Lip Gloss,Spring,Casual,external_cosmetics2_v1,gender+season+usage propagated per articleType from provided train
910534,Women,Personal Care,Lips,Lip Gloss,Spring,Casual,external_cosmetics2_v1,gender+season+usage propagated per articleType from provided train
910535,Women,Personal Care,Lips,Lip Gloss,Spring,Casual,external_cosmetics2_v1,gender+season+usage propagated per articleType from provided train
910536,Women,Personal Care,Lips,Lip Gloss,Spring,Casual,external_cosmetics2_v1,gender+season+usage propagated per articleType from provided train
910537,Women,Personal Care,Lips,Lip Gloss,Spring,Casual,external_cosmetics2_v1,gender+season+usage propagated per articleType from provided train
910538,Women,Personal Care,Lips,Lip Gloss,Spring,Casual,external_cosmetics2_v1,gender+season+usage propagated per articleType from provided train
910539,Women,Personal Care,Lips,Lip Gloss,Spring,Casual,external_cosmetics2_v1,gender+season+usage propagated per articleType from provided train
910540,Women,Personal Care,Lips,Lip Gloss,Spring,Casual,external_cosmetics2_v1,gender+season+usage propagated per articleType from provided train
910541,Women,Personal Care,Lips,Lip Gloss,Spring,Casual,external_cosmetics2_v1,gender+season+usage propagated per articleType from provided train
910542,Women,Personal Care,Lips,Lip Gloss,Spring,Casual,external_cosmetics2_v1,gender+season+usage propagated per articleType from provided train
910543,Women,Personal Care,Lips,Lip Gloss,Spring,Casual,external_cosmetics2_v1,gender+season+usage propagated per articleType from provided train
910544,Women,Personal Care,Lips,Lip Gloss,Spring,Casual,external_cosmetics2_v1,gender+season+usage propagated per articleType from provided train
910545,Women,Personal Care,Lips,Lip Gloss,Spring,Casual,external_cosmetics2_v1,gender+season+usage propagated per articleType from provided train
910546,Women,Personal Care,Lips,Lip Gloss,Spring,Casual,external_cosmetics2_v1,gender+season+usage propagated per articleType from provided train
910547,Women,Personal Care,Lips,Lip Gloss,Spring,Casual,external_cosmetics2_v1,gender+season+usage propagated per articleType from provided train
910548,Women,Personal Care,Lips,Lip Gloss,Spring,Casual,external_cosmetics2_v1,gender+season+usage propagated per articleType from provided train
910549,Women,Personal Care,Lips,Lip Gloss,Spring,Casual,external_cosmetics2_v1,gender+season+usage propagated per articleType from provided train
910550,Women,Personal Care,Lips,Lip Gloss,Spring,Casual,external_cosmetics2_v1,gender+season+usage propagated per articleType from provided train
910551,Women,Personal Care,Lips,Lip Gloss,Spring,Casual,external_cosmetics2_v1,gender+season+usage propagated per articleType from provided train
910552,Women,Personal Care,Lips,Lip Gloss,Spring,Casual,external_cosmetics2_v1,gender+season+usage propagated per articleType from provided train
910553,Women,Personal Care,Lips,Lip Gloss,Spring,Casual,external_cosmetics2_v1,gender+season+usage propagated per articleType from provided train
910554,Women,Personal Care,Lips,Lip Gloss,Spring,Casual,external_cosmetics2_v1,gender+season+usage propagated per articleType from provided train
910555,Women,Personal Care,Lips,Lip Gloss,Spring,Casual,external_cosmetics2_v1,gender+season+usage propagated per articleType from provided train
910556,Women,Personal Care,Lips,Lip Gloss,Spring,Casual,external_cosmetics2_v1,gender+season+usage propagated per articleType from provided train
910557,Women,Personal Care,Lips,Lip Gloss,Spring,Casual,external_cosmetics2_v1,gender+season+usage propagated per articleType from provided train
910558,Women,Personal Care,Lips,Lip Gloss,Spring,Casual,external_cosmetics2_v1,gender+season+usage propagated per articleType from provided train
910559,Women,Personal Care,Lips,Lip Gloss,Spring,Casual,external_cosmetics2_v1,gender+season+usage propagated per articleType from provided train
910560,Women,Personal Care,Lips,Lip Gloss,Spring,Casual,external_cosmetics2_v1,gender+season+usage propagated per articleType from provided train
910561,Women,Personal Care,Lips,Lip Gloss,Spring,Casual,external_cosmetics2_v1,gender+season+usage propagated per articleType from provided train
910562,Women,Personal Care,Lips,Lip Gloss,Spring,Casual,external_cosmetics2_v1,gender+season+usage propagated per articleType from provided train
910563,Women,Personal Care,Lips,Lip Gloss,Spring,Casual,external_cosmetics2_v1,gender+season+usage propagated per articleType from provided train
910564,Women,Personal Care,Lips,Lip Gloss,Spring,Casual,external_cosmetics2_v1,gender+season+usage propagated per articleType from provided train
910565,Women,Personal Care,Lips,Lip Gloss,Spring,Casual,external_cosmetics2_v1,gender+season+usage propagated per articleType from provided train
910566,Women,Personal Care,Lips,Lip Gloss,Spring,Casual,external_cosmetics2_v1,gender+season+usage propagated per articleType from provided train
910567,Women,Personal Care,Lips,Lip Gloss,Spring,Casual,external_cosmetics2_v1,gender+season+usage propagated per articleType from provided train
910568,Women,Personal Care,Lips,Lip Gloss,Spring,Casual,external_cosmetics2_v1,gender+season+usage propagated per articleType from provided train
910569,Women,Personal Care,Lips,Lip Gloss,Spring,Casual,external_cosmetics2_v1,gender+season+usage propagated per articleType from provided train
910570,Women,Personal Care,Lips,Lip Gloss,Spring,Casual,external_cosmetics2_v1,gender+season+usage propagated per articleType from provided train
910571,Women,Personal Care,Lips,Lip Gloss,Spring,Casual,external_cosmetics2_v1,gender+season+usage propagated per articleType from provided train
910572,Women,Personal Care,Lips,Lip Gloss,Spring,Casual,external_cosmetics2_v1,gender+season+usage propagated per articleType from provided train
910573,Women,Personal Care,Lips,Lip Gloss,Spring,Casual,external_cosmetics2_v1,gender+season+usage propagated per articleType from provided train
910574,Women,Personal Care,Lips,Lip Gloss,Spring,Casual,external_cosmetics2_v1,gender+season+usage propagated per articleType from provided train
910575,Women,Personal Care,Lips,Lip Gloss,Spring,Casual,external_cosmetics2_v1,gender+season+usage propagated per articleType from provided train
910576,Women,Personal Care,Lips,Lip Gloss,Spring,Casual,external_cosmetics2_v1,gender+season+usage propagated per articleType from provided train
910577,Women,Personal Care,Lips,Lip Gloss,Spring,Casual,external_cosmetics2_v1,gender+season+usage propagated per articleType from provided train
910578,Women,Personal Care,Lips,Lip Gloss,Spring,Casual,external_cosmetics2_v1,gender+season+usage propagated per articleType from provided train
910579,Women,Personal Care,Lips,Lip Gloss,Spring,Casual,external_cosmetics2_v1,gender+season+usage propagated per articleType from provided train
910580,Women,Personal Care,Lips,Lip Gloss,Spring,Casual,external_cosmetics2_v1,gender+season+usage propagated per articleType from provided train
910581,Women,Personal Care,Lips,Lip Gloss,Spring,Casual,external_cosmetics2_v1,gender+season+usage propagated per articleType from provided train
910582,Women,Personal Care,Lips,Lip Gloss,Spring,Casual,external_cosmetics2_v1,gender+season+usage propagated per articleType from provided train
910583,Women,Personal Care,Lips,Lip Gloss,Spring,Casual,external_cosmetics2_v1,gender+season+usage propagated per articleType from provided train
910584,Women,Personal Care,Lips,Lip Gloss,Spring,Casual,external_cosmetics2_v1,gender+season+usage propagated per articleType from provided train
910585,Women,Personal Care,Lips,Lip Gloss,Spring,Casual,external_cosmetics2_v1,gender+season+usage propagated per articleType from provided train
910586,Women,Personal Care,Lips,Lip Gloss,Spring,Casual,external_cosmetics2_v1,gender+season+usage propagated per articleType from provided train
910587,Women,Personal Care,Lips,Lip Gloss,Spring,Casual,external_cosmetics2_v1,gender+season+usage propagated per articleType from provided train
910588,Women,Personal Care,Lips,Lip Gloss,Spring,Casual,external_cosmetics2_v1,gender+season+usage propagated per articleType from provided train
910589,Women,Personal Care,Lips,Lip Gloss,Spring,Casual,external_cosmetics2_v1,gender+season+usage propagated per articleType from provided train
910590,Women,Personal Care,Lips,Lip Gloss,Spring,Casual,external_cosmetics2_v1,gender+season+usage propagated per articleType from provided train
910591,Women,Personal Care,Lips,Lip Gloss,Spring,Casual,external_cosmetics2_v1,gender+season+usage propagated per articleType from provided train
910592,Women,Personal Care,Lips,Lip Gloss,Spring,Casual,external_cosmetics2_v1,gender+season+usage propagated per articleType from provided train
910593,Women,Personal Care,Lips,Lip Gloss,Spring,Casual,external_cosmetics2_v1,gender+season+usage propagated per articleType from provided train
910594,Women,Personal Care,Lips,Lip Gloss,Spring,Casual,external_cosmetics2_v1,gender+season+usage propagated per articleType from provided train
910595,Women,Personal Care,Lips,Lip Gloss,Spring,Casual,external_cosmetics2_v1,gender+season+usage propagated per articleType from provided train
910596,Women,Personal Care,Lips,Lip Gloss,Spring,Casual,external_cosmetics2_v1,gender+season+usage propagated per articleType from provided train
910597,Women,Personal Care,Lips,Lip Gloss,Spring,Casual,external_cosmetics2_v1,gender+season+usage propagated per articleType from provided train
910598,Women,Personal Care,Lips,Lip Gloss,Spring,Casual,external_cosmetics2_v1,gender+season+usage propagated per articleType from provided train
910599,Women,Personal Care,Lips,Lip Gloss,Spring,Casual,external_cosmetics2_v1,gender+season+usage propagated per articleType from provided train
910600,Women,Personal Care,Lips,Lip Liner,Spring,Casual,external_cosmetics2_v1,gender+season+usage propagated per articleType from provided train
910601,Women,Personal Care,Lips,Lip Liner,Spring,Casual,external_cosmetics2_v1,gender+season+usage propagated per articleType from provided train
910602,Women,Personal Care,Lips,Lip Liner,Spring,Casual,external_cosmetics2_v1,gender+season+usage propagated per articleType from provided train
910603,Women,Personal Care,Lips,Lip Liner,Spring,Casual,external_cosmetics2_v1,gender+season+usage propagated per articleType from provided train
910604,Women,Personal Care,Lips,Lip Liner,Spring,Casual,external_cosmetics2_v1,gender+season+usage propagated per articleType from provided train
910605,Women,Personal Care,Lips,Lip Liner,Spring,Casual,external_cosmetics2_v1,gender+season+usage propagated per articleType from provided train
910606,Women,Personal Care,Lips,Lip Liner,Spring,Casual,external_cosmetics2_v1,gender+season+usage propagated per articleType from provided train
910607,Women,Personal Care,Lips,Lip Liner,Spring,Casual,external_cosmetics2_v1,gender+season+usage propagated per articleType from provided train
910608,Women,Personal Care,Lips,Lip Liner,Spring,Casual,external_cosmetics2_v1,gender+season+usage propagated per articleType from provided train
910609,Women,Personal Care,Lips,Lip Liner,Spring,Casual,external_cosmetics2_v1,gender+season+usage propagated per articleType from provided train
910610,Women,Personal Care,Lips,Lip Liner,Spring,Casual,external_cosmetics2_v1,gender+season+usage propagated per articleType from provided train
910611,Women,Personal Care,Lips,Lip Liner,Spring,Casual,external_cosmetics2_v1,gender+season+usage propagated per articleType from provided train
910612,Women,Personal Care,Lips,Lip Liner,Spring,Casual,external_cosmetics2_v1,gender+season+usage propagated per articleType from provided train
910613,Women,Personal Care,Lips,Lip Liner,Spring,Casual,external_cosmetics2_v1,gender+season+usage propagated per articleType from provided train
910614,Women,Personal Care,Lips,Lip Liner,Spring,Casual,external_cosmetics2_v1,gender+season+usage propagated per articleType from provided train
910615,Women,Personal Care,Lips,Lip Liner,Spring,Casual,external_cosmetics2_v1,gender+season+usage propagated per articleType from provided train
910616,Women,Personal Care,Lips,Lip Liner,Spring,Casual,external_cosmetics2_v1,gender+season+usage propagated per articleType from provided train
910617,Women,Personal Care,Lips,Lip Liner,Spring,Casual,external_cosmetics2_v1,gender+season+usage propagated per articleType from provided train
910618,Women,Personal Care,Lips,Lip Liner,Spring,Casual,external_cosmetics2_v1,gender+season+usage propagated per articleType from provided train
910619,Women,Personal Care,Lips,Lip Liner,Spring,Casual,external_cosmetics2_v1,gender+season+usage propagated per articleType from provided train
910620,Women,Personal Care,Lips,Lip Liner,Spring,Casual,external_cosmetics2_v1,gender+season+usage propagated per articleType from provided train
910621,Women,Personal Care,Lips,Lip Liner,Spring,Casual,external_cosmetics2_v1,gender+season+usage propagated per articleType from provided train
910622,Women,Personal Care,Lips,Lip Liner,Spring,Casual,external_cosmetics2_v1,gender+season+usage propagated per articleType from provided train
910623,Women,Personal Care,Lips,Lip Liner,Spring,Casual,external_cosmetics2_v1,gender+season+usage propagated per articleType from provided train
910624,Women,Personal Care,Lips,Lip Liner,Spring,Casual,external_cosmetics2_v1,gender+season+usage propagated per articleType from provided train
910625,Women,Personal Care,Lips,Lip Liner,Spring,Casual,external_cosmetics2_v1,gender+season+usage propagated per articleType from provided train
910626,Women,Personal Care,Lips,Lip Liner,Spring,Casual,external_cosmetics2_v1,gender+season+usage propagated per articleType from provided train
910627,Women,Personal Care,Lips,Lip Liner,Spring,Casual,external_cosmetics2_v1,gender+season+usage propagated per articleType from provided train
910628,Women,Personal Care,Lips,Lip Liner,Spring,Casual,external_cosmetics2_v1,gender+season+usage propagated per articleType from provided train
910629,Women,Personal Care,Lips,Lip Liner,Spring,Casual,external_cosmetics2_v1,gender+season+usage propagated per articleType from provided train
910630,Women,Personal Care,Lips,Lip Liner,Spring,Casual,external_cosmetics2_v1,gender+season+usage propagated per articleType from provided train
910631,Women,Personal Care,Lips,Lip Liner,Spring,Casual,external_cosmetics2_v1,gender+season+usage propagated per articleType from provided train
910632,Women,Personal Care,Lips,Lip Liner,Spring,Casual,external_cosmetics2_v1,gender+season+usage propagated per articleType from provided train
910633,Women,Personal Care,Lips,Lip Liner,Spring,Casual,external_cosmetics2_v1,gender+season+usage propagated per articleType from provided train
910634,Women,Personal Care,Lips,Lip Liner,Spring,Casual,external_cosmetics2_v1,gender+season+usage propagated per articleType from provided train
910635,Women,Personal Care,Lips,Lip Liner,Spring,Casual,external_cosmetics2_v1,gender+season+usage propagated per articleType from provided train
910636,Women,Personal Care,Lips,Lip Liner,Spring,Casual,external_cosmetics2_v1,gender+season+usage propagated per articleType from provided train
910637,Women,Personal Care,Lips,Lip Liner,Spring,Casual,external_cosmetics2_v1,gender+season+usage propagated per articleType from provided train
910638,Women,Personal Care,Lips,Lip Liner,Spring,Casual,external_cosmetics2_v1,gender+season+usage propagated per articleType from provided train
910639,Women,Personal Care,Lips,Lip Liner,Spring,Casual,external_cosmetics2_v1,gender+season+usage propagated per articleType from provided train
910640,Women,Personal Care,Lips,Lip Liner,Spring,Casual,external_cosmetics2_v1,gender+season+usage propagated per articleType from provided train
910641,Women,Personal Care,Lips,Lip Liner,Spring,Casual,external_cosmetics2_v1,gender+season+usage propagated per articleType from provided train
910642,Women,Personal Care,Lips,Lip Liner,Spring,Casual,external_cosmetics2_v1,gender+season+usage propagated per articleType from provided train
910643,Women,Personal Care,Lips,Lip Liner,Spring,Casual,external_cosmetics2_v1,gender+season+usage propagated per articleType from provided train
910644,Women,Personal Care,Lips,Lip Liner,Spring,Casual,external_cosmetics2_v1,gender+season+usage propagated per articleType from provided train
910645,Women,Personal Care,Lips,Lip Liner,Spring,Casual,external_cosmetics2_v1,gender+season+usage propagated per articleType from provided train
910646,Women,Personal Care,Lips,Lip Liner,Spring,Casual,external_cosmetics2_v1,gender+season+usage propagated per articleType from provided train
910647,Women,Personal Care,Lips,Lip Liner,Spring,Casual,external_cosmetics2_v1,gender+season+usage propagated per articleType from provided train
910648,Women,Personal Care,Lips,Lip Liner,Spring,Casual,external_cosmetics2_v1,gender+season+usage propagated per articleType from provided train
910649,Women,Personal Care,Lips,Lip Liner,Spring,Casual,external_cosmetics2_v1,gender+season+usage propagated per articleType from provided train
910650,Women,Personal Care,Lips,Lip Liner,Spring,Casual,external_cosmetics2_v1,gender+season+usage propagated per articleType from provided train
910651,Women,Personal Care,Lips,Lip Liner,Spring,Casual,external_cosmetics2_v1,gender+season+usage propagated per articleType from provided train
910652,Women,Personal Care,Lips,Lip Liner,Spring,Casual,external_cosmetics2_v1,gender+season+usage propagated per articleType from provided train
910653,Women,Personal Care,Lips,Lip Liner,Spring,Casual,external_cosmetics2_v1,gender+season+usage propagated per articleType from provided train
910654,Women,Personal Care,Lips,Lip Liner,Spring,Casual,external_cosmetics2_v1,gender+season+usage propagated per articleType from provided train
910655,Women,Personal Care,Lips,Lip Liner,Spring,Casual,external_cosmetics2_v1,gender+season+usage propagated per articleType from provided train
910656,Women,Personal Care,Lips,Lip Liner,Spring,Casual,external_cosmetics2_v1,gender+season+usage propagated per articleType from provided train
910657,Women,Personal Care,Lips,Lip Liner,Spring,Casual,external_cosmetics2_v1,gender+season+usage propagated per articleType from provided train
910658,Women,Personal Care,Lips,Lip Liner,Spring,Casual,external_cosmetics2_v1,gender+season+usage propagated per articleType from provided train
910659,Women,Personal Care,Lips,Lip Liner,Spring,Casual,external_cosmetics2_v1,gender+season+usage propagated per articleType from provided train
910660,Women,Personal Care,Lips,Lip Liner,Spring,Casual,external_cosmetics2_v1,gender+season+usage propagated per articleType from provided train
910661,Women,Personal Care,Lips,Lip Liner,Spring,Casual,external_cosmetics2_v1,gender+season+usage propagated per articleType from provided train
910662,Women,Personal Care,Lips,Lip Liner,Spring,Casual,external_cosmetics2_v1,gender+season+usage propagated per articleType from provided train
910663,Women,Personal Care,Lips,Lip Liner,Spring,Casual,external_cosmetics2_v1,gender+season+usage propagated per articleType from provided train
910664,Women,Personal Care,Lips,Lip Liner,Spring,Casual,external_cosmetics2_v1,gender+season+usage propagated per articleType from provided train
910665,Women,Personal Care,Lips,Lip Liner,Spring,Casual,external_cosmetics2_v1,gender+season+usage propagated per articleType from provided train
910666,Women,Personal Care,Lips,Lip Liner,Spring,Casual,external_cosmetics2_v1,gender+season+usage propagated per articleType from provided train
910667,Women,Personal Care,Lips,Lip Liner,Spring,Casual,external_cosmetics2_v1,gender+season+usage propagated per articleType from provided train
910668,Women,Personal Care,Lips,Lip Liner,Spring,Casual,external_cosmetics2_v1,gender+season+usage propagated per articleType from provided train
910669,Women,Personal Care,Lips,Lip Liner,Spring,Casual,external_cosmetics2_v1,gender+season+usage propagated per articleType from provided train
910670,Women,Personal Care,Lips,Lip Liner,Spring,Casual,external_cosmetics2_v1,gender+season+usage propagated per articleType from provided train
910671,Women,Personal Care,Lips,Lip Liner,Spring,Casual,external_cosmetics2_v1,gender+season+usage propagated per articleType from provided train
910672,Women,Personal Care,Lips,Lip Liner,Spring,Casual,external_cosmetics2_v1,gender+season+usage propagated per articleType from provided train
910673,Women,Personal Care,Lips,Lip Liner,Spring,Casual,external_cosmetics2_v1,gender+season+usage propagated per articleType from provided train
910674,Women,Personal Care,Lips,Lip Liner,Spring,Casual,external_cosmetics2_v1,gender+season+usage propagated per articleType from provided train
910675,Women,Personal Care,Lips,Lip Liner,Spring,Casual,external_cosmetics2_v1,gender+season+usage propagated per articleType from provided train
910676,Women,Personal Care,Lips,Lip Liner,Spring,Casual,external_cosmetics2_v1,gender+season+usage propagated per articleType from provided train
910677,Women,Personal Care,Lips,Lip Liner,Spring,Casual,external_cosmetics2_v1,gender+season+usage propagated per articleType from provided train
910678,Women,Personal Care,Lips,Lip Liner,Spring,Casual,external_cosmetics2_v1,gender+season+usage propagated per articleType from provided train
910679,Women,Personal Care,Lips,Lip Liner,Spring,Casual,external_cosmetics2_v1,gender+season+usage propagated per articleType from provided train
910680,Women,Personal Care,Lips,Lip Liner,Spring,Casual,external_cosmetics2_v1,gender+season+usage propagated per articleType from provided train
910681,Women,Personal Care,Lips,Lip Liner,Spring,Casual,external_cosmetics2_v1,gender+season+usage propagated per articleType from provided train
910682,Women,Personal Care,Lips,Lip Liner,Spring,Casual,external_cosmetics2_v1,gender+season+usage propagated per articleType from provided train
910683,Women,Personal Care,Lips,Lip Liner,Spring,Casual,external_cosmetics2_v1,gender+season+usage propagated per articleType from provided train
910684,Women,Personal Care,Lips,Lip Liner,Spring,Casual,external_cosmetics2_v1,gender+season+usage propagated per articleType from provided train
910685,Women,Personal Care,Lips,Lip Liner,Spring,Casual,external_cosmetics2_v1,gender+season+usage propagated per articleType from provided train
910686,Women,Personal Care,Lips,Lip Liner,Spring,Casual,external_cosmetics2_v1,gender+season+usage propagated per articleType from provided train
910687,Women,Personal Care,Lips,Lip Liner,Spring,Casual,external_cosmetics2_v1,gender+season+usage propagated per articleType from provided train
910688,Women,Personal Care,Lips,Lip Liner,Spring,Casual,external_cosmetics2_v1,gender+season+usage propagated per articleType from provided train
910689,Women,Personal Care,Lips,Lip Liner,Spring,Casual,external_cosmetics2_v1,gender+season+usage propagated per articleType from provided train
910690,Women,Personal Care,Lips,Lip Liner,Spring,Casual,external_cosmetics2_v1,gender+season+usage propagated per articleType from provided train
910691,Women,Personal Care,Lips,Lip Liner,Spring,Casual,external_cosmetics2_v1,gender+season+usage propagated per articleType from provided train
910692,Women,Personal Care,Lips,Lip Liner,Spring,Casual,external_cosmetics2_v1,gender+season+usage propagated per articleType from provided train
910693,Women,Personal Care,Lips,Lip Liner,Spring,Casual,external_cosmetics2_v1,gender+season+usage propagated per articleType from provided train
910694,Women,Personal Care,Lips,Lip Liner,Spring,Casual,external_cosmetics2_v1,gender+season+usage propagated per articleType from provided train
910695,Women,Personal Care,Lips,Lip Liner,Spring,Casual,external_cosmetics2_v1,gender+season+usage propagated per articleType from provided train
910696,Women,Personal Care,Lips,Lip Liner,Spring,Casual,external_cosmetics2_v1,gender+season+usage propagated per articleType from provided train
910697,Women,Personal Care,Lips,Lip Liner,Spring,Casual,external_cosmetics2_v1,gender+season+usage propagated per articleType from provided train
910698,Women,Personal Care,Lips,Lip Liner,Spring,Casual,external_cosmetics2_v1,gender+season+usage propagated per articleType from provided train
910699,Women,Personal Care,Lips,Lip Liner,Spring,Casual,external_cosmetics2_v1,gender+season+usage propagated per articleType from provided train
