id,articleType,path,readable,width,height,source_mode,file_bytes,file_sha256,pixel_sha256,thumbnail_sha256,standardized_sha256,dhash,border_brightness,error
900000,Eyeshadow,notebooks/Task1/dataset1/images/900000.jpg,True,207,198,RGB,13092,b0c630c5ee44e21fe1d4f647c0f9d125814ce195d77c3f1461bab97091e3cfed,64842dbb9a6b32ad59e66b3f75e61a2be5a9cff543be80af32440678209de83e,ac2b088e62bc4e6895d2fe7a6984c7aff8cc63519efd29844b77feedea0af0b1,c5598af62d7843c1d76faff8225b7c5b3b953588586cd4f5c55e9a593d4cfa45,8084178719219151280,110.01943755169562,
900001,Eyeshadow,notebooks/Task1/dataset1/images/900001.jpg,True,146,136,RGB,11435,0e69343df584881ea2395c4a0b85e97ec5f012b7e7285c962da251398f074670,bc791337f7c7b06689c28397874a067d97c88d5dbf1941d063eb5352c0db5e87,ee72a642013dbee94eed3350fcd5d5a43cf67fcccbc4cab5a45bbe0cbe59d897,8a5af4172ecf55a93c6b141fc90e4ceb14000925a881ebfd9a32a64c998fa342,1382993174056415506,98.625,
900002,Eyeshadow,notebooks/Task1/dataset1/images/900002.jpg,True,181,194,RGB,22814,393b9c70cfa6d2a04181783c2517499891482bf7888a3a4bdc7b181d890a1e71,388e819ef0ad7bd3e8e8cb4925b6fe25fb58a07a6a3e558c0f709bdfb528a46e,2ceaa77b3f977102ab6613ca9b665b19765eb592434e638cf8a0bd980705b3e8,48d9eba3ecb47dd9f5410e9900805b8388578587b11f76f4cb771e19bf5ba3d0,11293509802388650441,97.20956210902591,
900003,Eyeshadow,notebooks/Task1/dataset1/images/900003.jpg,True,132,165,RGB,11498,736316a048a585d9b99f36ccae4792e71b0dc3641dc2ad5c1562f719e3c94f25,953d381d654951c89c5f70bb172733475475f481a00e7a4c8fcae8f5117eba5a,bb58c8f6ccd0f507cb07470f755c5769191821b3ce2b7d10648fe001190a4e36,1752477de607819dadbc4ecfaaf402bddbbf7bd3b6f9e7b967296dbfc3d980f0,16706909677885532041,65.14858757062147,
900004,Eyeshadow,notebooks/Task1/dataset1/images/900004.jpg,True,222,198,RGB,21568,e38c4b4d4685095e1d17b80ad41c6f0552b2ca4ddc6830c33e40f25b5d536237,17890de603adc8a7c7fa846f481b0b95127bbb402d0292ee1cbebc1346c113d6,05e89d72fb58fb1f4072d96d7809947cb617f204d9e9bbdae3234ef614f5f82f,63e125b2c0255b0d9468c22bc7f4ebfdf3d62a33f24c22d8f8a8ba764116bfbd,5520870204489025068,191.52472089314193,
900005,Eyeshadow,notebooks/Task1/dataset1/images/900005.jpg,True,147,169,RGB,11115,50221e39757e30368e553951fd87848c90dcd7af20492be9f2ed1564384f6540,c7a224eed407da3e8933f9093ff6f8b63014d7749ef6dc608d38072c45905306,b8f2b8099e01f36230c4d17372fcaa0d2359de44effc879cbd4ec2428c322fff,049f977afbb1df0d781146e67d36d1a9c678efbf94be9698985a8b36208c5579,14564068001888044812,142.8975583864119,
900006,Eyeshadow,notebooks/Task1/dataset1/images/900006.jpg,True,116,105,RGB,6057,dd27b2fa54373ea21140553c6cf8f231cfccd92976b880f2bfec98322889f8a5,00e3d8faf919c80d747c7624a5c7d0f45bee427baa2fd4640c0fb6c022f1f0e0,9aefe2c78fe30b80b370e95aba7221c8ae5997528cb2c4cc7a4e816f84642109,fc24b9340757c25745cca56cc756b7bddcb1fdbe60b5913a106d74c656b9eb1c,12940845567713835421,95.64535768645358,
900007,Eyeshadow,notebooks/Task1/dataset1/images/900007.jpg,True,132,124,RGB,9780,f75e59974636471e69fec97663bb005f90ac48aa0ba19e25e991650d3aa55090,0367f05c8561c0affd23f7a87caa1ad1a60a806ca53b91a1fd1c5557421d84bb,61a2234576d5334cbfdacc94caf54689733b3d062765d5b832300a28235cb7e9,c5d01ed9f40dd04433efd5d168725fcb9aab96bd20e303bfcae5b5c8b1983e21,5303385247843643940,56.62795275590551,
900008,Eyeshadow,notebooks/Task1/dataset1/images/900008.jpg,True,104,95,RGB,5597,a0116e9db8bdff85c950fa842364c99d134d70a44d18f7f68ff2630048227a23,d5078bb984aee547d306d06bbb6cb0c83a888b37dfb00354eef9ada3905064fb,696dff809f8003170f238f53eb46dfe61d9763159ff6d6630cfd2b8d19aec3d4,6306c8e6c9598d93bbdf6d391e907e6ed3e0f27c0463b2e1304d5226ba45b792,14036271615193946354,109.06852791878173,
900009,Eyeshadow,notebooks/Task1/dataset1/images/900009.jpg,True,119,144,RGB,8175,37eb1318a51b03817278a5b20e1c0f7e36cd4655637f5ed7785c8b619fb67322,15c4d40836bfbf91cb2de3cd9ea775daae945c7c8ab14d0e763bb727f405b91f,ddd11707d9326e9f22ecd502ceecd92a4426384c06738d8d0fcce5248ffebfc4,a30360e9d19225f64d18f4e0396848e465b5bbe62e3e8d0f2a0bfca30b9809f2,10176421674795587699,1.234993614303959,
900010,Eyeshadow,notebooks/Task1/dataset1/images/900010.jpg,True,92,129,RGB,8597,e2fb8d7d9ca0a8ae4e93ad2b47a7391e1a8763bb933462af296190843d205cf9,5d1de455a97c1f7e1c7944bec0438d3618a067e8ab2af66c2f12cd906155521b,d9d8e44c1390200655210a9782ffffaa62ed429dfd9f881253cf709e73260e89,8415d2534f47925d7428dae2b5fd0062bbbed95205f451a587da9e7eeaf1e6de,10125878933185182781,91.49543378995433,
900011,Eyeshadow,notebooks/Task1/dataset1/images/900011.jpg,True,229,228,RGB,24194,a1958b1c5fb5a9b88c89e49cd243bb26d562c656b08a7ee366717cf74b7bc295,90b0461928c77abf0ac6f15a046fa3e1ab928d4be044d8469542a5a51b768077,9ed9e5da7a3571eb64f55d42970dde69481f29acc81fce7e77b3c81d8907711c,84d5243c79d01c081802b58d3ba55aa641430eb60e3414de65ea6a73b26afd6b,11909368602700450890,167.7882783882784,
900012,Eyeshadow,notebooks/Task1/dataset1/images/900012.jpg,True,177,178,RGB,14901,afc6fe9297284ca0fa418c79204d69f7cd9db1d0f35a390079b00fd4ec641127,d006c0fab61361b98d8da4c212d89ac6a109b298acfd2404de5655e9c127f660,79dd93afeca9e6b65a850d813ae6a1b71487d4dd2705f5255650cd5b15622aa4,6045e8d482f2b5a796a59197848b31db64305e963215b9ed99d477618f97562d,15181670813028403559,119.171388101983,
900013,Eyeshadow,notebooks/Task1/dataset1/images/900013.jpg,True,99,139,RGB,6658,ab0b7fff77f0f5f0ddc9ba26b06166f012d6d7632633bedfcda9742ab7bdd197,6f87a6aeb525e70cc471cf4faa64daee94f28e4dde6c4718a7eeac3d81a847f8,43afab7fbbf0945a660f9fe9e717db536936e8ead50953fac56f65e1f8ff57bf,b03dc731327748971f295ce4629ef8127774e9291400238ea82852fd941baafe,14536694799605614770,19.55720338983051,
900014,Eyeshadow,notebooks/Task1/dataset1/images/900014.jpg,True,47,157,RGB,6131,1e5e5b5d5f5f854b87b74dc8273201f2461d05836a1a61134d861b53c3b9518e,fc0aa4e59af7a2c8a5c2600404b5c7df475ca5c38bdbbe96f903c61c796419bc,30d3a900ebcfadde19c51bf020a8d9ddf61a084de29d233093129ce6ef1e9e04,b34052eaf19578ed662576c3383d4c9c2ea89313793e6ce6ae0de8555c0b154c,8088116493569688230,141.6105610561056,
900015,Eyeshadow,notebooks/Task1/dataset1/images/900015.jpg,True,155,128,RGB,14363,14d50b7e13f9e51f741ac8038be2fc46f0df88eb0ab4a41b09810a504e606f8a,db35fc3c0735a0db55efa7b09c3da99d1e2e8f5dcc8c6b28c45594accfd2f608,78bd55223dbfeba97efd42cf364ea85edcbb29949284a20644c21556bd0f6363,90e2053f56a7115866762ca3856cfa8772ef91ea5f8825de9ad35a4398860949,1388400281773519858,95.20462633451957,
900016,Eyeshadow,notebooks/Task1/dataset1/images/900016.jpg,True,214,163,RGB,19792,00eb2b6ea13408ad0ba31fa13973b1ac9a2a3b0c91ac01c21695dffa58ddb596,8e6b6e525e517514481912fe99237d5c6840703fbdccdc103106ca7c01321137,77c93cb40046a2051c425dc09e48567167b2284adff39de9a58da755aa48e852,cb0cdc424c5e80417ec14e30d9deb72867afeb9cf060c1f2ea392abcb10b1f3d,17777491258365211700,128.2542222222222,
900017,Eyeshadow,notebooks/Task1/dataset1/images/900017.jpg,True,158,162,RGB,12153,2d2d964e39e637656ce9a573f7ba83bc555655e103d277071324302afe66caf1,73218c64028e84c213ea3acce112c922b22bbab4619233ddfaa93abfd0ea42ac,d1cf770dc1a8b123ef0da1959e3d7f5e04a0a161d17971c15ad3d1cc791dc229,f669598944cd7a31c0052aa374767c70f1760cd454d2e731bbb88857f8f77f93,5444014409410578240,142.9224318658281,
900018,Eyeshadow,notebooks/Task1/dataset1/images/900018.jpg,True,190,185,RGB,16222,31801112c949574d282f0a03c367ecd28bb555e55e03ddf5039bae0437a24ae6,0bb570d4b889768490e5b1960669afc896ce1b18e321f63d0284d9f46fe2cced,fa35bc7d6e6f0131b6bdb81be480ee5bbd30536d7baa2d48755582c6d760305a,05e502b93a2c34ac9a7a3fcf395d8731017b87b0fd78e9cd9cc09e0b22d0c4ef,8957122225910254574,168.69079535299375,
900019,Eyeshadow,notebooks/Task1/dataset1/images/900019.jpg,True,177,162,RGB,12579,b12c6a704dcfa7ca560dd2725a41c9703b4f9c8070c8be1bee0b450873548a71,2cfc3738f56bc084847ab10f3203269c2be607dec14166d144022a5af7c0605e,581610a67711a3caa64f0a34f08b9247c3db8a5e4f5baf72963a7f20a9de6a67,20d6d97713ed6af27865103e8e184e2469bd3191b76862cb463b9976a45ac80d,2750642809625455629,121.26211671612265,
900020,Eyeshadow,notebooks/Task1/dataset1/images/900020.jpg,True,240,254,RGB,37383,222260d2f6a565d1706fee4a007504aaaa7fc0f4f59303c80e80795d4d1296ef,0855428b5df3af7c8e1624ed7dbe382cf6d1a3020b9b397889a237cc4e3657fa,74c9b2bd8e6b4979deef932e57bb4d768daf3861d11ef068c97c1bb83209b76c,4b286e82a78792ffcdf864c6a2d59292897bc20cb4b9931e82c715adb9fcfeed,4331960816956022729,140.51558265582656,
900021,Eyeshadow,notebooks/Task1/dataset1/images/900021.jpg,True,142,147,RGB,9279,71f9f1a4834df399d31832add7cd6a02816594fea7a0f1f52c878031e8ce75b1,568323176b56808f9a1482c92f86ab32ca4885dbfaa665c8af764fab6cf5a821,159b2928d1b16b67803c3d2ed0195b120dfaf8aa1e18f3fd6f20289cab86baf9,e9c71a544f020073fa2de19b34297736475dc52a13b8b93b24abdc1a6fe0b4f7,12205529942475770822,44.02787456445993,
900022,Eyeshadow,notebooks/Task1/dataset1/images/900022.jpg,True,174,161,RGB,13472,dd73437c7a6ab077ef9d5a99960cba5cda4cca25932683b1f960e45539ecfbbb,7c1b8943dd6e2f0dd87dc23df3acaa4bd02f47cc43351522897babd672ca5200,457afc93aa7de2a3a8ac34057c5422359038e9c28733953ade4345b6a99fd348,37892ea5ef855a0acdb813bc442fbd9612682f5ead5989ba382973e80964aae6,10856399208858971358,113.57107107107107,
900023,Eyeshadow,notebooks/Task1/dataset1/images/900023.jpg,True,248,248,RGB,32783,eaeb52e5c1bedd2664eca8329db42f21c9563e0f87d34bfe659e9f765a137237,f3cc629fd887f4c33f902f9a2845249ea6af77f82c19b441c7d072aba4f9aeb8,419e76e00f2ac239f09cde94999a626ae7607f3ab864f7998414300e80fe40c3,eacbc4ee6c8886646e9f702214fcbf8908a33df3578072f64e94a089fe262c69,1785121168940965820,165.277665317139,
900024,Eyeshadow,notebooks/Task1/dataset1/images/900024.jpg,True,134,142,RGB,8511,436b4cb277b781daeee64e455c828879ff45f097b8f5d8c19c565c1802328fd7,a794a412aa97d090ceea0c11cfece93d9089fd56e50a3f679bb6a0f88961bf86,babbd72259fb76bcf2cc5f0f7fe2d1df90555735ce9e09e9d08d0acb2ccfaf35,fca5cdf12996cedbf300cccacfdfe9fde43b452d93bd8f5c278f6d6559224420,7794945070915587469,143.3911192214112,
900025,Eyeshadow,notebooks/Task1/dataset1/images/900025.jpg,True,222,186,RGB,20608,f4e7a7ab55e76d18ce52ea4f010c1843f01000228b6d8c9e81d288a85a1d5771,360cdb14b57beaea2594c93549c7b5255d5cf36a3346b8a4eab5129edf7ce4e5,db6d2907c5ed508e9715e64e364bd6d7db0ab9a2e52947136f02623dcc34179b,73d9dbf5411baf6c9508d85add1dadf3261bd76b840d1b6279c6606843b4391e,5593145057183300066,92.06486042692939,
900026,Eyeshadow,notebooks/Task1/dataset1/images/900026.jpg,True,198,135,RGB,12551,90cea8ee13e1f1bdfd19fea5fe8d8ae5448c1533fcf286dfb0bffca0756ee270,84b670c13256c8cbb11f6c41f8f158cedea22b42703aa4f147bba58ed5322d60,cfdce61bb2ab65b121bea0bb10ed6a3b3336c0e4583ce5c31cafc0b39f5a26a1,226dcc158861b5bdba78879b790e4140f9afa59d238a28f014c4a6ee0085f50f,11805224162147343740,23.28197381671702,
900027,Eyeshadow,notebooks/Task1/dataset1/images/900027.jpg,True,209,228,RGB,16254,da8a39cf0fee27eb6a327eeeeeb16ed7801eeb9157aa0c4adc35b055fe1efcd3,72d12e5c5f393988439622f8e5e528065a889e5995b4c4b509e3429d0f5cced3,959ea368a4d4d38c1f0f7a1a62fe212de2f2fada5c5a6f8858283d81ca18d5a1,f3016a5b60edcd5d67115268ea308fc712b3a5209466caf94ed5f5d257124646,18300033551191298787,144.75708812260535,
900028,Eyeshadow,notebooks/Task1/dataset1/images/900028.jpg,True,226,226,RGB,38868,26513928eb66f3c3a3eb4e0f5283819cf3209b34b465cb88ef48ab2202960247,04be20fa8e24c4c211a35bd3f02718ad199934aa76c8ef19a6c54fe863e22d15,529d7238177f3918d23bde75a36e03b16ff55b80dddf5780d609f1a93bcdf11c,e7e737d8b9e8766cbc9e50bf542d733ffe41f7ad48f1b8e5c31447dd6a1e9002,9659741019289806025,129.76888888888888,
900029,Eyeshadow,notebooks/Task1/dataset1/images/900029.jpg,True,202,223,RGB,18735,179b03551999212c3e3f06419fb133a1167c18b403f0af1ec0a1fe8db78f4ab6,0669272eb8210ad8a52cdf710bd0a7be76399cdb4b92972695dab4ef607a5aec,4741b9cead0c67a443a76afd17237d26383e0d142d1e9c3aa176daa6dce1b08e,ba47996ab69ae3d0c10d74b55fa0fb38f62fbed49c3d84592f2e97beb60e74f4,13898869260370241244,44.22734436564224,
900030,Eyeshadow,notebooks/Task1/dataset1/images/900030.jpg,True,168,174,RGB,12060,200116820e1aad47f78bcfc2fc2d1bb009d5156c900081231e0915bf749e9432,a9557a22da1ba117bfe14ea2ca1cd4a94ea080ad3c3d2a547a0604a2ded0e3bf,3ab2b4c66bfef950b2e528a90974f62e40148e60ae0d5bd9bc4f311f9987c8bc,6e10701c6946a100edf169d373ed9185bc60aab5e4e3f39137028407398dcb7c,14599850061632587556,181.18774509803922,
900031,Eyeshadow,notebooks/Task1/dataset1/images/900031.jpg,True,152,171,RGB,12159,3f7fa43dc2522dc0919db52889cdbf76e02b855382fae2d57f98da812b3395d2,05a896517780a4ba7a0d3ad9bd115ef227b412f97740e2c2f9ec2dbeb30673ce,a892274180c47599922b00899e38c112fa5741d950c2cecc50456905e25e9e72,50def0163b5c2767946e08f3d322a403b816b95ccfa62a01b11bf19b425d17e3,14534155436299774458,62.890965732087224,
900032,Eyeshadow,notebooks/Task1/dataset1/images/900032.jpg,True,116,120,RGB,7781,7040ebbf6dd44cc2b10ff7d0a4907ebb1bb6556f7f113b03e117af3678d720c6,9499d597a32405242c8b307e0c9bd5b5d2ed87c666fdc7468ea180503c9b8d96,a1e23944ecad3586a8ddc75d9a0d904e011bafa43de749c3f9d16de0ce517a33,32a67bffd88b1a0ce8237ef918d1719dc1800fa919f2a0fee011301642d997d2,9042998714654738118,93.53490028490029,
900033,Eyeshadow,notebooks/Task1/dataset1/images/900033.jpg,True,134,153,RGB,12298,9c28a8435244a4b08f9565068ef0fa886fb03e70c360258c534145af775fa0ea,b14e16441041dded3b2fdbb16f661a9f9fdd433cac8021290c2b20239372068a,e860995e9f10443d213b1bec87520b7179997a4c4c92e9f8df7b60b7ddcdc866,cad3f54b3b84e2ddc21c4908c93966c5d9e697d2da2ca3717e3b675d5b096377,15899721111378214534,96.38888888888889,
900034,Eyeshadow,notebooks/Task1/dataset1/images/900034.jpg,True,199,251,RGB,15162,e31a9f6eb9a9f55241b5c124143c12069736c9f865e9cedc63200dfbdc776a12,f189fd4402595dea630d25a1254fd35371fb52ccaa3c1187596e03c73792c056,1328a0fe78953e3eacd53e3843a2724b4c51c081d062a69d0db83248cedd725b,a5e938723a85d2e7a4f469688c0d7656bf398b488e31d70465f4928fd7cd6cf0,2202035183736546885,206.29166666666666,
900035,Eyeshadow,notebooks/Task1/dataset1/images/900035.jpg,True,133,132,RGB,10114,1d85c73b258b8a9f7ff72ec26012df9f83d3260f46f068ff95eb99bf3f6fed7a,fd2bbdebfdfe7acf46a953d44274717da5acfc6bbbd1140edd039a6572692250,2afb9b922189ef5a63d57e939d0e3531ae1f313d0e5baf43071740ed7ac2b78e,c828a7bc4e990761361cd519c7b7b63f4159ee37556ea33b4d07dabf60072a6e,12421878809628046745,79.58048162230672,
900036,Eyeshadow,notebooks/Task1/dataset1/images/900036.jpg,True,222,221,RGB,19386,0b7a6b00fbcb2fe27b03ec56284620ad7b98250a02bad3c264cf08c92ac5a45c,9997880cfe2038496ee414430c6d6db37709693a5c3a18a40dfb12b5f8b84a9f,89ad624d31a01c25154c0fd0ead8ff87f923764bbb39069e25f720487db61df4,f03d86d8cd1461efc8722bdf7ead2e26a3637789f9f817219bf112a90a4be527,8104320827299232232,69.09863945578232,
900037,Eyeshadow,notebooks/Task1/dataset1/images/900037.jpg,True,179,166,RGB,18413,8e35177e5348eb12244c901c189839811d73a618a23601bb1fd1fe728079d2fe,8c95a4282451cf74df1ffc6e569402ccef5dc4b31d256d68a2c61e650290b2f6,092435ff54bdb5a468f12180e91a0b86050d7cbe406f5d1aa0578b8f4035e727,b5d15729fac879f4a529ab76853f7e9a7ae4061d871b5e0b57713f712ccf7ce1,1614343744485419429,140.1214771622935,
900038,Eyeshadow,notebooks/Task1/dataset1/images/900038.jpg,True,240,208,RGB,21823,711515071a3963feb420c21fb72e8308dd42afda0dc8239422010b33f8eccff0,b059c24956a54f27e21e899e74157aa483b93fc3d81c0afc05434cb7d07bbc6e,93be3612e2c68171bdff7abb1d9953bc5d667d8207b9883b95958347114816e5,13b6e7bb050bfd26ff02067f08063afa5796b629345542227009c02733a19461,2687939221732617246,113.23841554559043,
900039,Eyeshadow,notebooks/Task1/dataset1/images/900039.jpg,True,293,292,RGB,31910,2886df6992431b1418f9c6a6c71d54bf6c02313994151922bdacf826592e07b3,bab490a03540ca8c7dcd0d48b538123f099b9f7e77ac6c9dcb62dd28cdee74f0,f5f4aceb6b9495d548eea912743900f1638a08e87bab843b4af5cc007c333e6e,60c3becd53bca98b05472f6c6c08a78aeccb23964820f222f4e729ef1cf92ca8,445887505462753624,25.859348198970842,
900040,Eyeshadow,notebooks/Task1/dataset1/images/900040.jpg,True,125,120,RGB,8354,cee9bc67e26bc10718c9d974219f7c99153afcc8ef960720619890b8883ed2d7,e4ec7c4fdd80998fd31c6facddb16d394381a7019cee832a82d512e9e94fb37a,48b55c4617594f823abefef0849809a4fe1ddc3de6ed5dff5c024f8b83980c98,bd784f229392503ff5e48b22f35a5236fa516700fa1d9aa3ad7eb0e4bdd79110,10202513788228595175,124.97736625514403,
900041,Eyeshadow,notebooks/Task1/dataset1/images/900041.jpg,True,143,126,RGB,6657,8e91f1f3d0f348d02ae549a897c37461051c292d3c00bfa3b6066b9d7ddb8ef7,89d01069fe679b6e10df073e64cb1d900d4795fb6014c0dfba79920121e49b65,671b86805e0ae9b0e7513e9ba2b56e73fc751c69286555a2a8e37bcb81142583,12b0add54f56740bd56799d0e5931d9a7f814afec3e6d9ce6821dad61b97f449,5568667841787718403,165.5792759051186,
900042,Eyeshadow,notebooks/Task1/dataset1/images/900042.jpg,True,147,168,RGB,14053,c66b65f0d596996e6768dc2c463b14d2348d0e792ffb451d6160df2689c9336c,858bbc82c9076f8094332136484cd2940ca9c621d6cbac2b8b0adb17100d7586,75df84d91a5875911928ed2ce8ae013dc061b4cd2896a51a672c21214ba5dbdf,a168970dfb06b95064fbf7d7ba4b9c60e485141566d4956336be60554ae149d5,4738939603649038619,149.2364217252396,
900043,Eyeshadow,notebooks/Task1/dataset1/images/900043.jpg,True,185,210,RGB,18512,b29ff6cdb4fdcf6ca7d86345a12d708bd23648fd0df4d6e3b6a906d585fe9660,ee4e6a192ec78a040be2c915704d0efeb707d0859fa4166db705dfe8fb29751d,f38f2c53ac0da697be4565a81cb4c42d5ca1d2a82ee4fd6ee5249f07516abc32,c1fadddadab870ac258a4b20c4675a1ad325bbbde5e6721ecec29b512da1b196,2992813541919143628,97.0,
900044,Eyeshadow,notebooks/Task1/dataset1/images/900044.jpg,True,193,184,RGB,23607,49d7630fe5a63d569392a96197a3ecdeb9210267bc15386e64d552306a7e8235,94d205a0f7a354b35004ee8552b5899eaab4311c4b841b2d64856d31eb766865,6c01e25dd11fe1394c4b4ee6b40cb4b1576dd7cdf54ca2425fa03b3795cb356a,ee044a754733e48bece3dce497e0393d2575a692e9086f4d00f3c045f41dcc8e,2626986977591584423,64.76622222222223,
900045,Eyeshadow,notebooks/Task1/dataset1/images/900045.jpg,True,191,181,RGB,13845,f8e676ff96ce98a150c012dfa78b3912e2151bbd714b5da57f9c729864088cd4,7e4058b155cb16b3e03e31a26b90255d7e4a478e1f89b3f6dda775f8c1453990,dff7bd51c0f2364bd930e99f06608de22136be5bda2c2219516508c7e903c6a3,eaa59f805327a1c26526d1e413468aedb4950b5e535b4d74059d07b0724ae4e2,4393495584775794800,6.326126126126126,
900046,Eyeshadow,notebooks/Task1/dataset1/images/900046.jpg,True,116,96,RGB,8304,d56bb94ab2f0f3ac35b551d8b87b3556a6fdb73d203c5cf5820784c7c38c89e8,e79fc7ad63571e9e959697053ac92cc103efd2a5ca1c77644440723b37182150,c00b8a6666ba186b3c98aca16ecaf34a752b6ced66f84b5d11092e8579981b1d,417a022e1a256c9598be02d01bd8ada2059a0d653dff464b6cb8aed0ee70d96a,7196979749675978568,145.6579365079365,
900047,Eyeshadow,notebooks/Task1/dataset1/images/900047.jpg,True,129,132,RGB,8723,119201dd780f9f441a3ac16af86495d1e5b7cb597fad91a35eee2e4a181a5c4f,320ac0ff12abdda87b5bf622b7426d934ae0ea305efbb96cc93b152bc0677137,0cda7e7a5053f75c646bfaa0f03d5b4c31b20f35e206bdabf97532aded626eb7,ca44689d3000aa3a000dac658b396b23dc8837c1942b0334735de5a481adba95,3503439266307120141,131.04118404118404,
900048,Eyeshadow,notebooks/Task1/dataset1/images/900048.jpg,True,113,71,RGB,5145,def7c066016bc9812820223915b32c9ec12e7bcde3f51e5f0b1b6d9776e33463,883a2adf7df78cda62c7ef1484731104af0b3fc8d1b7a0e3074c97c579785eec,31bab47c3a84a9efebf1b79bbdc7c7e460aed516b9e5b287552df271ee8e983c,66ae31895f85f2a8e7f33fb875c4b7739b6405e2163486a4d84795f4c782790a,10750990650850927089,127.94871794871794,
900049,Eyeshadow,notebooks/Task1/dataset1/images/900049.jpg,True,192,156,RGB,14310,e74b514699bcea5c8e023ac620a9de6443fd3ee44e9cba5a72d681f731359605,729b3d7d3753caedab8b436ff0a4f874bf302d826b157a55e18194654a7e4299,0f04c517074a079b35d6567c4740e89cb9303dd9d085558beeae09e14b5a00e5,9702d30974b9c0e081d1a553f7800b8110bb6ffbaf9f49f03b1648fa01cff0c3,1808644805154607249,111.39017341040463,
900050,Eyeshadow,notebooks/Task1/dataset1/images/900050.jpg,True,177,168,RGB,14310,57f5abaae474449a50d39311dc12ecc14b3af3b3ac884730ab56cc8321dc08fd,e8a48424b728600cc70439326a629a890d715360e501437800a0338ac1f149b6,c8442fcf2c4c95967630e5a4dcc15b712b16b0978eccb8999d600b3027404079,2f2e02ff5772e806ff87cf68f19da25f8612e6deee716c1952665f95b312eea9,13094843164107380354,44.072886297376094,
900051,Eyeshadow,notebooks/Task1/dataset1/images/900051.jpg,True,191,177,RGB,12014,33dbfc9cb24702d88f9a8024d0660908be3a28df7c356f569a72aff8691d65c7,4f52f97a6c2d72abd33672f653ff3b8891651bf827aca93bc757781beb5e8050,dba0100989cf557d6a8a8c54d170adf603ebd40b1d48a168fbfe12ba5bc8f9ab,45bd849b089f9e7a1d439306c156358d0844bfca4131474e5987e23b294b6197,17984268338217935041,23.933060109289617,
900052,Eyeshadow,notebooks/Task1/dataset1/images/900052.jpg,True,91,105,RGB,5422,01458bfbd59d2400d9dd59897b83e565e97862523170d5c348799eb1447e670e,7f970f259fb65733917713b758c751079e63891342a3b21d342396bfc819c338,d1454bf67d2160f4c9dcfd1ea47585d537b071da8d7acec2ecddb934ef9bf19c,9db7098fd251de4dd3f7d5349e0ffd826c1e6402e9d454c70d2116ec599401d8,866956510467105273,136.2766323024055,
900053,Eyeshadow,notebooks/Task1/dataset1/images/900053.jpg,True,123,148,RGB,12679,7c29e777810f6de4542c4e34f7de45f2f0e8e8a63941d84d9974489c28b60ad8,4c2b491248f931ac2d36b1864bfb43664bc060aca9d0f21864fa0242d8296cea,af612a21700d1f922f535c570205b6a154531228d867e4cfafdab98bcee513dc,9cff7e07944512b02f64505276f16da3ec83535da6e6fd62fcec313e6d5bc080,11857515444651805516,165.62887236679057,
900054,Eyeshadow,notebooks/Task1/dataset1/images/900054.jpg,True,220,216,RGB,20843,11e26d464c4a1c335ac243f46a8bd803a6bb47cd5315a244addd2c889da8bc56,2a9684828678da8217ff150f36d8cf71494920e0c4d5449abb3bc33e4da52bc7,07a66c7e5084b9b62c5ba9804d1175087c0c0fea8cfa284f5ed9a8b904aedfe0,55a7bc08408eb49d4b4acdf17d000e9f21407a512d3bea1417c801b449ab63ce,17470726151241759177,25.60407066052227,
900055,Eyeshadow,notebooks/Task1/dataset1/images/900055.jpg,True,182,181,RGB,17433,3faf6bace134120630fd2dbd7bbe8add1b342e8a421ba82b6a1c08afbfbaffd8,766b47ebdbc529fe7245cdb95f820837d2e8620f3533b24d8356f7bd0431f346,e4bd358dfca2305c33d80e976fcaeb4388e4ea26a9503898186ed9be576ba168,3a2079e9b6a4157a12f51ecaee6e88cfca988865e6f9715b5999a2aadd69e97b,4049921756657553295,126.86518928901201,
900056,Eyeshadow,notebooks/Task1/dataset1/images/900056.jpg,True,199,155,RGB,17916,e4a8d94aa57a57449b57cbe6b47c31e6f47ae5138fd53cd97d597934f0ae4ab6,6beaf558b4fe985fc2706e8d4d062021a34cae8690452125244066b525426d57,c64f6b037632da04a83e60820c3a309b8461978333130ce5a30a19fcb8129d9e,be6ad3f981fa93623b5157a952be96e34a8467401e035c8acce1278a00cd5660,15049240666259941809,101.45407196969697,
900057,Eyeshadow,notebooks/Task1/dataset1/images/900057.jpg,True,138,158,RGB,9111,a569495d61aa2058bc23d4687db205a3c0c727b6c0366e38600b44cfc2742a40,3fc3e33e9fe7d78f4b1a91e6b4b045223d9102fbab3c14d7c7da61dc7d4aa444,f7c5de294969b39343874b277a2611c78afc0f4aeefeadba8f179e8569523cc7,6dad9ecc26dbab8d554355f13fc62b95ab43b88db6b1fece30e890baac126c7c,1817299884951662696,27.496598639455783,
900058,Eyeshadow,notebooks/Task1/dataset1/images/900058.jpg,True,126,133,RGB,7307,d698ac3019319d0b6620f3735a22236958adbfcf198b62f2b1fd55c97dd10e88,8dc35f217194ce937f861355c9dbb08e4bc9fc09b6dbe18f26c6f1428360300e,b8dea0711d5af06ffc249b68d367263a5b83d141f604f350fb5547828c55ea59,3ca046da5ac5220ea38adf85697716acc99de2de721cb5bf6497d74a5f3062bf,5067024951092081493,15.558365758754864,
900059,Eyeshadow,notebooks/Task1/dataset1/images/900059.jpg,True,201,221,RGB,15975,3c63d97c92ceb6dd8401afdc1a3d0d5bf778431a9bac2aeb0489594226f6ef75,572350be0516f50497f2fffd8077d74dca3d35c330ddbc16e7765a75620bc161,1fe0ec670abae43142fd3b9804bcfa6f30ff17b1982388d13c926f1989aeb54f,d9c3206b965f902278b18055612f08e1b45236fa743103ebc672b85fcdfd5d10,16223258450735812141,124.48611111111111,
900060,Eyeshadow,notebooks/Task1/dataset1/images/900060.jpg,True,151,125,RGB,7480,1a702b1bcf4f1e7124b921c50dc902309c630f09e49b771327727a79f1c9b350,da41026731f53f0ad692f46e0ce43d699c031a3f9ba73c257672c17b9e0febce,3980e6e553f34234f000a984263c198bf69fb985158802cc8dac3f56e4933e1a,b8f70e75399c6def18ea77a3bcae0ee1c5a8febcddab528369aaee1ca8c2a44f,7245439445860716312,65.62104622871047,
900061,Eyeshadow,notebooks/Task1/dataset1/images/900061.jpg,True,221,200,RGB,26466,8a35ad26732839f7b8334c3f442a34ce15accda8fe373009246eddd56d8460bf,9aaba800e35b7e32335a214aad1314b06620e1849ae89851cc470712c576d2a6,be78cf690444b95276f072b78f6629aa61d68ab76f73ae4eee7cec02606499c6,4d30ec79438b92e100576e14dc0e6e6f7bf834ebabb23b11dc4afa7adb78fa63,2464830958938683556,114.49880668257757,
900062,Eyeshadow,notebooks/Task1/dataset1/images/900062.jpg,True,157,141,RGB,10774,a29ec48dd7b2a3177ae1d006a6b1e489e94c6063721d2f0e0795aba4b705a041,316289f7960c091cb0a9c44d2ed2e3daa8c64c4231eafe3bb7898e3cbfaffc1c,8d5c9d6e84c3d00a7aa7e1d3b6c89381710de7e77203fb57c1fb5c5433968e6b,dcef825b43d76f0b58aec8f4aa02921e5254a0b719d61e6e5e07336da9927461,16702039246521436077,112.81756756756756,
900063,Eyeshadow,notebooks/Task1/dataset1/images/900063.jpg,True,110,106,RGB,6311,13fb9444efd299d539c6e4773a995857c2e4f65e2cbd93504a8e3d80a721b20b,67bb07213cacd5387c60423d79bba95e6df0d74b6cc915736bfe292931ff36a5,242d12a4813780b74d550f261d366949eeb6b9de62c820430b97d5feb2e054dd,d3569b0cc4b9391fd8127ad46a19e99d0adb733081396c936e76e3c6545c4950,17468103112948781342,152.16043613707166,
900064,Eyeshadow,notebooks/Task1/dataset1/images/900064.jpg,True,164,156,RGB,11728,8c23eb5c740c68b3b26efd84ab4258b7ebbed44cb61c9bc512ab28e3fde73339,caa1e45b0a6e77ae254573c469517b1aca8996bce9eef73e3a75872b51f08d9c,49cdd0a56217ad61934d19b646805ab28ea1405c83f3f4d2097fa1ba904f331f,e82dd85cd733723c0bfa3e32f2a39e62cbdbfa92fa5d850b2401e101f258248a,1809114209340381459,153.32966457023062,
900065,Eyeshadow,notebooks/Task1/dataset1/images/900065.jpg,True,200,196,RGB,19139,7afc8e07376909f298cd5a91875291b34254ddb322d49c06d6371b7fb73b3114,bc49112e18277efa3de03b2ad9006e488974bc37a252a032309d8a291020e0e3,258f76b2a2934dc58daa0a73cc84a70a024131806ae39ad45f5b4c404e95900b,d5eb0a8a2becc6fad8798eb5a592a5697e76fbf6c8876c8628334cbb56c0231d,16382927400838229963,132.7072758037225,
900066,Eyeshadow,notebooks/Task1/dataset1/images/900066.jpg,True,112,141,RGB,7057,717c30d6a9eb979fe7a94209af73bcd3d928284d86fda4b699b05ac9bbfc37e4,3bf3c68a97df6ad63a2ca19f20a82c64d399506978ec0390d433b9a82ce35e79,2ebe2d7b932f1f9472921a2fc8ede4977bf455da5d5f9ad8d9a8241e5f0fd615,3c7a4f22f4fb514eb86d20592da6c4209c3a5dd42095de424159bd8f69aebb81,3815165445802916121,55.765604249667994,
900067,Eyeshadow,notebooks/Task1/dataset1/images/900067.jpg,True,157,176,RGB,17592,6a6784dcd1b46f948ecaa964f5eeb11b352a48a4d5110f72e3f179d3e6e8b823,d3a91d1042983d91586db42ebe4bac974f8175ae38f7fe6755946bbc543a8e56,9917534f3d056e2aad0ff2e5b50ed4805f8c543beb577869ce9a0987444d3ad5,ce830e15fe31547cd1dabb2b705e3ef45bf9bb98c26ed3f0ec70af682d267aaa,5429817680168849317,123.09113796576032,
900068,Eyeshadow,notebooks/Task1/dataset1/images/900068.jpg,True,65,122,RGB,5052,272b24ede98f2cd20fc972a8c2d9d8c5191eef96053ba129a6674c9d606287ff,ea3281f99bb62129dcdd039b494df97f9d65e24fa39c3649cbc650efe7d7e732,f9016afd83635990b469cbb59da497b56ac10705a0797d8b861a6cbed66ebffb,73cc966064546e740cb490f120f21bf2f7d625030bbe7e50bf1fc92f2e094b82,17433588590958898209,51.82612612612613,
900069,Eyeshadow,notebooks/Task1/dataset1/images/900069.jpg,True,187,170,RGB,12273,1f857ef289735f86f9da8b6693598f9baa62e0276fc6489737237a3502d987be,6ff8cc5f1e42568b8ee206df16b6f7319549c8b2b30eddff05300ada0b093d0e,03b6014cd30ff4cce218ebb9253498076c1290709d9b328e87d2576de53f7682,72fcf8e7e8d0800bd3de68bc663e3cd57c5f301ae44adada911adff606a1aa3a,12863787082313890809,144.07417840375587,
900070,Eyeshadow,notebooks/Task1/dataset1/images/900070.jpg,True,120,125,RGB,4980,69d8b782153bc1c5646632c6c7b2f4ff1e6fcb577259bc7f4cb06bb4ec9f43f1,3ff7d21365beb87ca6f2c0b84d2addaa03167fc4fd6d1e7c5988e8374eb8539f,518fbe172fa5bf9e53dfaf61f9c7a5b72be0955d3c0f0c83a81694105b73a88a,ccd1a74eb255ada7bfb8e929bbfce4acf76144d42955691eb9ee56c08b509d36,892541521603369306,13.742798353909466,
900071,Eyeshadow,notebooks/Task1/dataset1/images/900071.jpg,True,197,210,RGB,16923,25adc12a79b8c25dad042e0aa71ab676236f1f409e7b73790bfce67d7855843e,76a07e3ecb89c87706fe6e820f13023cad47ff2e34e2963bf2a6f8912d5f56cd,1d4868c02e01dbc965b19d488b495f0a21bbcecd36ccf1a0ae73fdd8c948510c,f1b443fc94a8790e536f24b975a67337e988b67ab19fb68e40dddc5096f2e5fc,14169084963132273380,22.620576131687244,
900072,Eyeshadow,notebooks/Task1/dataset1/images/900072.jpg,True,169,224,RGB,22795,8cae83be1b4d1f11b4932d2789946ae5342a8440c7ad42d2658ed3ba5e717c28,e24924bd44a2dc1873ccee213840d0fd501e8a31a5d3b6cdb86be674defe4cbb,e7e4997fb1b5f1607e73d95088b9cba50b4b9cbdc665ff11807bfc45b6d63af2,b02e91c841c3ddbc97de0c8ec7745c4c26acc5f11d4d9046943209ddb297d56b,14740777782807574399,105.26044330775788,
900073,Eyeshadow,notebooks/Task1/dataset1/images/900073.jpg,True,136,171,RGB,14276,054a9f37f1de942c564e5eda6c35c173354f6c7a3dafb0ed1236ebcba293ec30,d97b10033236fff07a982e9f0ded27e525da111ac219089a1fe11b472044d6f5,0beb70abda0c6eef2114e46c160519585ea02f0dcfd6f395ab415097ce559f7b,9c9c41fd9e36ecb4bf95cd808dde4aa37800d491af9ff363adb7789cc1cabfc0,646499302121970170,87.05136612021857,
900074,Eyeshadow,notebooks/Task1/dataset1/images/900074.jpg,True,109,128,RGB,7930,8e5cc42541073b632a6244cc70788e3c86bf2f607fdae5b61797dcd87d14ca8d,736392c8e39e76022d4f916a32d0784ea1d3422a48060b26cb3920461127a0fc,38e528327fd186d56688677ffb0d139836e5a36166dd24bf4492cd5ee63d9e37,2a7633c507c44dbf9d2a99a5c5d60d029e884cb4d2d6f0908bb1e8ac09ea34ac,12607718693379293511,123.89858156028369,
900075,Eyeshadow,notebooks/Task1/dataset1/images/900075.jpg,True,198,221,RGB,31036,2cdf9e4551fb77c299a5c220491a78df051a685bbb988f3ac9d89a5ecb1d08ec,788bfb4bb366a4909d26c8196a5a1f94cc71d8159f0f4ddbe86e001686452a54,694fb1823d9e8f1ca8b50d1bc2ae1b2259f0c1e96d8b4387be9c0416a0f70919,4a205e822a79930210d8b28dfda5632814e7d6738924f18dbaf5a147b05b4f4f,15164153022520029605,108.15667466027178,
900076,Eyeshadow,notebooks/Task1/dataset1/images/900076.jpg,True,134,134,RGB,9769,9d6641bf210fe2f680b8915cc1b95eaecba9e08535482f09740596cf2296038f,64931332eb05e0243a75f1f67bbc7ede9752f91f858c44442f57c60cc620a61c,4115b523f499ce7a7f3585ff45de3861ef2639a7feb6ed7ba4b8230764bdb584,7bbdbb39d405917f8a9c0427c81f1594ba4e9623a12204a2bc95324e7c1abf41,4387813084975780040,32.863408521303256,
900077,Eyeshadow,notebooks/Task1/dataset1/images/900077.jpg,True,166,170,RGB,13156,8f151f46d8e4ecca13491424e058522b6f8b57dc435f8535f0b0bd8f032b2e68,d6b858f93db3139b66aa8f0b8c4e35abbe2913060b07fcd1aefcc0f530a13053,e0887dc8ce1ae1c9242a30ddb18ce89c0ca25b1b7e7e5c821f02c0674b9b7de8,6e1ca6874fa66c7ae85c838b7d72fb90e5df8f3f3b312073bc84fdc80b8e1013,4031734908097760711,137.45259481037925,
900078,Eyeshadow,notebooks/Task1/dataset1/images/900078.jpg,True,97,118,RGB,5378,9b34eb2ff825266139ad166f36cbf312eeb71484473c629d8debe73d66f7f091,ffe17a685bfe422b2c9a435c8df0afb71d5a641a4f88cb800b331154fd896cb7,d01a8f0544f9d4b0547ae0d0164781f96a5be8d50f2eb2b669ed288370c7312c,0bface0ebe6e3815ae4d8cf4416314b1b6db8c9c613ba63940441fb6df9d1b88,5430244053595233293,141.1377151799687,
900079,Eyeshadow,notebooks/Task1/dataset1/images/900079.jpg,True,151,114,RGB,10265,bc26e4124ff23b10078f007ad78f5d55359da95a581147a431692930e2e2afbe,b65bcf9162ac373514ceeaf396fd44413caaf3b808951b286267ed87a7d9d653,fdbfa667474fd2d2be0b4861ae4a6ca58e488b854be0d7ed7772b3c006bc0d37,9987e1c17f412bcc5fed051f1a88e255a63a53e23cb85cc7c5b3c9198ef7f630,2262432934424404747,87.1596958174905,
900080,Eyeshadow,notebooks/Task1/dataset1/images/900080.jpg,True,168,182,RGB,14501,cecec845a130df1cb49b940b8036d5b7d85f6642207957e92f7c97e93c16158e,3283fb5930742f0dcc31e638822f6dda3013e8b1613d84f2358c390ef5ddd44e,79ad1727ed2cf83ff5059fc23eb00e4ca65040609962ca1a0f57dee550a406cd,ce31cadb8603b1d2c0fc99bf827474ce635d40ffd7c35ee306f772ec10397a76,13363563876697063755,49.6977969348659,
900081,Eyeshadow,notebooks/Task1/dataset1/images/900081.jpg,True,243,240,RGB,29967,4ef0981a39ceeae949b91fef647fc8dc2cc00b84e9eeb636177e065489ff2d84,6c8ec37d72df792af42ce3f8782966d564e39da952c5ac6a2616f13962a87ca2,309a57cf128e1c5ad5649a9ba75b151b9779b1cb3513b4e79db27a99d4ad4632,f481c0fd3d3da88854d561fb91726f764a40c9efd10c8ee3102634e5162e1ece,7749589310325104201,144.54677754677755,
900082,Eyeshadow,notebooks/Task1/dataset1/images/900082.jpg,True,158,129,RGB,11176,2a58ccfe4b4dc367fd2f2959789c06bc90d94c15875fb2e81201e9b94a7efbaf,6fd8a6b05f92a7b2f1a5e2771f872bd793222ab713ef7d445d30e5178137080a,8e5b312e175d24fa7b518cda84ae720245b793a247aa57d87f96d79994b3354c,ad07eb103a0dfe519a3223b30e8a4c6177ff3dd9f3c76b2799a8b472dafc8a0a,14065958599595276934,90.40526315789474,
900083,Eyeshadow,notebooks/Task1/dataset1/images/900083.jpg,True,126,224,RGB,10686,290e0ed69e436df3accf31c8b3cfd0973d68db0a8402f5e7ee904aa9be16c15d,48595562d159421c27cd346e33ac69f8e532fcb378811bad6e6455ce18dd86cb,6362d349e952daf8c7a7f2acc9c1f8b88a313e11060aa63a8b1e885f4d2b4ae0,10ea539cdd40cf4bc366c667a72daf97a37396ff2278c1bb3dfe75aae6d4fd87,17218093434364945845,9.134578544061302,
900084,Eyeshadow,notebooks/Task1/dataset1/images/900084.jpg,True,128,142,RGB,10288,7041bd84c4a6c098ace1f79c4c971c0d974a7b01bfac3310a2a19418ea606d75,669c756c3c8edd1567a027d837427ee7731c1a6c188bd99ba58bc99c4766635f,f2db0359c779f7e15647d65f9d698c3578c4c172e0beb5acb1549d193439d9d1,9ca7de27d650d0f313cf1dd319d265fbc778e408bdd51442cee9bf08eaae7efd,15182303700774579385,20.387437810945272,
900085,Eyeshadow,notebooks/Task1/dataset1/images/900085.jpg,True,113,109,RGB,8305,95721d9c8242a2fc7f9b07b4ee708cf56c394c92bf948708d4653bd9c1fcca2a,c6cdb2bfe1f9b558260a1524766a8244d6a1d3a2c5f0b900ce5dcef6a36293b0,613f1d048bc43325e13ec4f720c6f9704d4b7578e5ad957bfa70817e2bc20af6,9d6a0f20a1fe34e0eb6969b3b6588c8eb6c2ee9623e4438bb873239b5e96f309,1318224046248954931,165.84166666666667,
900086,Eyeshadow,notebooks/Task1/dataset1/images/900086.jpg,True,149,150,RGB,12666,3001938b2acb1902f73b4e71d443ed7defa7c7bb6d20076a199b0f7ab985458e,3e1a020a645bc4ceaf563ae5bf5a0a2479e3f5de05ec6214d1e826b6f514ef6a,8e45b8a0a2f6615f6ddbfc66662490062073e598d16fe537e90e05dae9c15be4,45581f69ca117b6e8b751a2631a04630a9f67c8074d7395be8f699c724b40f27,10633888456183117363,121.0314253647587,
900087,Eyeshadow,notebooks/Task1/dataset1/images/900087.jpg,True,167,179,RGB,14004,1414784115ae8b0aa43b5212262c70940362f53952eb16fb63a12469e341fdeb,16857c91e68cfe0f2e93d9cddb0e843946817150dd5c0f5f385ca28698647160,1ee6e9559e5239478964f2bdc028d57f8179a53f279d7def0b7c93ef7bf3a9a6,3b948e3226b131d02ce49a84c4dbdfb491f935d8637cba5b4ee16ad679351317,7850522564289607860,77.32558139534883,
900088,Eyeshadow,notebooks/Task1/dataset1/images/900088.jpg,True,222,184,RGB,16664,da2a8ae9ce125c9e4b25784019aeda8f29a27beff680cf47b06bddb6f29cd02d,dcaec535cb33e9f46751e7967c7a0ba32d96c571f8909cdc5ff4e578e2a58bcb,d99aa8c894a7a1d9590522d4ca3e118686850d076d3fb680125539ce755480b5,e7945b0fa2166081f8c1eb9c0a54ee9e35ca3bda6490834e4de3897777c4f94b,16205622548785805647,91.00825082508251,
900089,Eyeshadow,notebooks/Task1/dataset1/images/900089.jpg,True,198,153,RGB,15289,fe231eeb27907b8aeb99c0f2b94e66d60926c306d28716fdc34b37e3fbcf7f6f,52fe01294675be2e01be31cec761b27b2f217bbe537376902b1d5ef8ae500855,74c035e07ae48334f89c25b4c4e84901a61e3d02a068199d8d4e57f09d6dfb98,9b82991b5cb37185f62d8b203ca0149b1f79d5cae1e3d9e6ac950c7efc7676dc,14661790618482142385,52.634192932187204,
900090,Eyeshadow,notebooks/Task1/dataset1/images/900090.jpg,True,183,178,RGB,15324,e5850eb62e192f57d3de800272b26913910fd618ce769c7da88f20e923526e98,74afccd6032453662656edd894f05aa27abf1e50f48058384ce5ee78ac31f599,0ea1e7f7c0eaf45554c30e0d073d110c4668b5cd30df680be71d6c4ff51b65ae,6610dcbf124115006ec50bdd5e874a281f91e160413452ffd1529ecea1bdf227,7459996673727339539,144.5427112349118,
900091,Eyeshadow,notebooks/Task1/dataset1/images/900091.jpg,True,264,281,RGB,32046,fb1e0c652b4746fc13a2c691568ccdb582c92efc8455e91b0c334cafe56bea38,f51b45e3d2bf4d454ccffaaff242483ad9f852ab6a7f253c5a4eec1bdc1f085b,02ceeb2fe5665aa2e5ad73a54fb1e061ec845607b09d47801162fe3632a9f4ff,5b32267f307c4d6a14c49702d59b915fd7eb37007461f8ce83dd2582d7134ee6,7417701998239611630,49.24309392265194,
900092,Eyeshadow,notebooks/Task1/dataset1/images/900092.jpg,True,185,166,RGB,12252,e1f80f0bd95da48ec33896a45febca34e55498b659b22df8f5e844bcaef1bd14,b81b3f4ffea66fe4c0dbf096f57ddb42b4e99dd7cf043fe243a2f3191b06d77a,ad7220378dc9605353c71c3b1f6926c3056e0385497003c39948df5563b12331,16c5dbc3c8af82ffe7871cdd678ab595ad3a365fc63d33bdd74f0a109a0a9291,13961376434393312027,32.54536771728749,
900093,Eyeshadow,notebooks/Task1/dataset1/images/900093.jpg,True,211,191,RGB,17416,6acdda5273cd7f696f2dc63e0bcb4c471dbd16528a6fb01ed8a26680f59eac68,bf9a076a0df2dd58e1d7c50ca48f9cca35a05df00d6530ef701dd59fb7759f9a,ae2f202bc1b6c1614431fe69af401809a414705a0a82ea4daa15c26a16f6f824,badf5c3dd82b98882a59d6034b3f1503d167519d8444933529d5978f10c2fb1b,2046589666787586802,127.60708333333334,
900094,Eyeshadow,notebooks/Task1/dataset1/images/900094.jpg,True,166,140,RGB,9478,3fc739f0e7c706386411a9ef60a41892e13c127fb5349e7e212acd938a2dbac0,56833029646ef24bd622a2b5f5bccf883cf92836172cb2225d9b716c9e8227e2,9230dbda076189392ce3b869bca60d409accf9178c1feec062aa31b4b2f2d108,911e63c7099f7bbd94b363001e6aa06ef61a996d5f04c2a9ae0f52ae73d51ee0,519411776965259826,81.91502192982456,
900095,Eyeshadow,notebooks/Task1/dataset1/images/900095.jpg,True,113,104,RGB,7724,3d6983e59ef3318cdde402609c0b5a49c0147fb6a5e4e652c317131b68aa66f0,36d275e76777e1a6a3488d2d7111ff27f0570b58aa7d39bec51f0c8f8238020c,f05d7086db8f1117d5ccbd919107a104f1dad5093322e0678f8e39a1a06e5bf4,119afce445f77b4b8dc58a926c44d0cc336cf01ad6b23a66fa2dc257c929011f,4194091372435815748,123.25503875968992,
900096,Eyeshadow,notebooks/Task1/dataset1/images/900096.jpg,True,155,163,RGB,18466,e94928e3e8ba93fda15c63d90a07243296a05e29495adfbf932cdbfdd7952a05,3cd1c7490344c66bdb0de8ecb7bded39a764d2bd4c89f72835924098da62b3fd,ed9874736d0d301bff09c03872367290ce30edb6f61c2a76e90d6eba503bd990,182b88b6b4c66f9d96e6e4c271a9c696a323637fcde55ab9d704c89a9050fed3,5555870555341168478,129.96993670886076,
900097,Eyeshadow,notebooks/Task1/dataset1/images/900097.jpg,True,168,170,RGB,17046,575603622c2922dbe96863df5d54276e2f13e4962d426507084a94da7b332b22,94cb205e07eff6de7fe97db9ff8de27aef839d4ea39df75bb21f7cfb1bdb4e7d,4b04804e226943e8530bd7fc6c1c217bb4053c659f205e8074b39bb26f96e537,4fff183924837a3cc66c737c932cf038f5ca20b11cfaf4aa9957af1768096948,11056562127703699491,42.501488095238095,
900098,Eyeshadow,notebooks/Task1/dataset1/images/900098.jpg,True,255,247,RGB,35990,69e75ce733d9874e1979984816648e44e56c25a78c5b22a85b7d02a8a6912755,1b18d3dec3c0421129625c8767f34f4ad27257ad0f3c38787c430a08f7874c9f,d2c641ace233a89f6a8b28256b427d52d32ced401e4d84dad686e60bfec39a1f,ca36981e500cff7abdf84baa34fe24378da5394b5e2bdc810ca8ed4f35887cd3,11281289730914485834,178.80466666666666,
900099,Eyeshadow,notebooks/Task1/dataset1/images/900099.jpg,True,142,176,RGB,11661,8123592b4f81f75f44c8824a2d430fdd817ad17bb7f104393393e2f73b7ebf51,af7caf3a579f308ebfdff249e16ca13641f2fede24e00711b82c233ae0f28ca2,8d0fddf3e222cd655f6841d22f98bc451604c1d58f752ac473f4cd01ea399776,036d902f0a68fb6377cd3bf5f9ba67a916dc1d939fcb56839d92df03ff305504,1883635020632940495,136.19462025316454,
900100,Eyeshadow,notebooks/Task1/dataset1/images/900100.jpg,True,129,134,RGB,9930,edaca0fea4dcc776b25d6e1ae9470c946b9de82753c23e5ff2e1a7079cf96f03,9205071465eb19e2a0f73efaba7f42505c7dcd5d2ba63b8421f54800bd372139,d7157b9e2b60c686e065678437bd6cb32f3958c00d8ce7d72269ab154fc71127,07931059b83422b1a276c43bd6349f73a12f9aca6c4b8d781d54786228ce6edc,5479832088608295683,82.56577266922095,
900101,Eyeshadow,notebooks/Task1/dataset1/images/900101.jpg,True,254,236,RGB,29012,95932db27fa628c6101ce4765a9b2e954a334acf81f7f560f37f2179bcb932a7,3d04538db4e88e3f268f83b3fdda1ea5857ff7e7ddd3000741e8a8eb30d79b55,de589821058a2d0de31553d047fef9a6f66e5d8b3a8343822d807f2dab08b3f9,6fa7ac87164f87de2d2835e302486df6af32c7b87ea102a77a3ea2b97d751ed5,8160248846226425490,165.45696721311475,
900102,Eyeshadow,notebooks/Task1/dataset1/images/900102.jpg,True,146,119,RGB,8821,6f20bda91ca7c35394c33a781460460f3cd8db4e4428e0f1b4ab52e7a75930b9,2dcefa60928133b43fa4427838868df748228358b00db08e5034471fcd023fed,a81327101f537e158b5a6ee4d1a7861b923d66c31dd614500f513fa90debce20,407933ed28723e1e980da0840f5efef079f36ead3cdfd8484114eebb3d0ecffe,16493839640358654971,146.33650190114068,
900103,Eyeshadow,notebooks/Task1/dataset1/images/900103.jpg,True,107,118,RGB,7770,ccbcf98c4563e8b4c4b0d5b678c0ca353b90e36c4e73efd707eb6c71ced6936f,2b3a49e5035b4b1e3335b5200b66f062e2e25062a548c676ee9b2708c1e33bc8,bb6fbed5397d6ec0ce44d96fc10527949f943292dbb52c687619590ec59a80f2,fdc8f064202ebacb10e64d3594ada9572bc088569ca683c41592cc18f68a7eb8,14888397178102110770,101.21823617339312,
900104,Eyeshadow,notebooks/Task1/dataset1/images/900104.jpg,True,182,208,RGB,19544,5a285aa2b944879054fec7caeb1e4b02eb54915b94b6cc2c1efbfebe3419225b,3ab1587ccb6a87cba92aebc4c73243952cb38a7e24ece98018d3f61731f6753a,5f91759f628973e36a0aa331db979c967901fe4e323ce9366fafc200a968b470,659ee2dc9aea94e35045b30248c9793551daa1aa1d2ff22740dcce16c81cddc1,7227370897428803462,60.91752577319588,
900105,Eyeshadow,notebooks/Task1/dataset1/images/900105.jpg,True,199,220,RGB,11364,87ae6ded573c5a4e089dffce2d58b0b251e28c733abb009de385543890285486,af0af1ceb4a69afd12fac707db3c5e8f870148e2c2fe48de7fc3309fd644f407,85eaafbfd750d23b515bee5f62a3108064e234610cdc4b7335922bdca4a6ad89,bdc17462e6deef5b0ff72a4740f65939e1d6232002a6037a3c7b09a0f1e64811,11417163684492521958,24.30095923261391,
900106,Eyeshadow,notebooks/Task1/dataset1/images/900106.jpg,True,152,136,RGB,11749,afeb5fcde91456aca17cc39957841dafc0f978ae635859132102b1a4875bc901,0c079d65f16b2d5018c0ad3ab5b7dca324f1f15fb54d7e1ddcaf3d6c3a62f499,7d074ccb140166b061f9c90e8ad442f13b585b037b5e5a0791fe4fc63aaad70a,a6b4746efdcfa0ebb3b131db7fb98e8f84f58058458fef8dbb2a02526c8f6b47,5415443372518643273,143.9481351981352,
900107,Eyeshadow,notebooks/Task1/dataset1/images/900107.jpg,True,140,143,RGB,12937,ccd9826e03b7f3134502bdcfee1fbcd6264892dac3e8fd4d01848309bee1afd7,655621cfbaf69afe7e6e2e17cb2b85fcea9caa7e3f23baff2916a66815153174,82c116e11b1abe5d54589f097b817f7b320706c256ffbc5ec5e35012b5fadece,b9109388b6ed00e1362f14e04b63c64a4262d1a7d3f88b5f31db36ef69419a3b,1959598055706915299,89.2864768683274,
900108,Eyeshadow,notebooks/Task1/dataset1/images/900108.jpg,True,128,143,RGB,13197,ba0d658f71d03aeb120c94a8d6c22b7a1db14ff40dd4973f0cc462c9984efa5f,f17d2a82688f868d16fbc7c9cdbe314a8ce2ae82776b8791dab3f7238ca45c69,2bf00c61a9312f6e137ad3f5c5f5046c8412380e1db9fc136d6f2ac8392708f1,21fecbe6354ddf77ad280573d36278a984f466e03ca23f33affa5b8c8af31074,17789626205013304754,128.4188351920694,
900109,Eyeshadow,notebooks/Task1/dataset1/images/900109.jpg,True,151,147,RGB,13052,0ce13b55bd76edaaf4a4d76235be1cd7c6aad56d2fb3c87616a8b394d50320e4,3ef23cb28e5d47b4f71ebfa8705954c15d608359fbb375df00f86f601dfb3baf,ade180d25b84300829c4acd2688e3fe71bad9a529a69f19e4d1ed6e2558d1708,af6e06767c329fe451967dfdb9d11780b8ff021fc72e57f65fec29bda33256d0,514863264616370946,95.92342342342343,
900110,Eyeshadow,notebooks/Task1/dataset1/images/900110.jpg,True,196,194,RGB,22155,6d658e14794663e134938997825e0bac7fbaa4c8f279274f49660587a668b75e,8bda7ba64e5e6023dd22bc68ec600be846e5f6edb2b4e2128118427d39c801da,8593248fec3a2abe96c08de4b5df330a9ab5d5829a7b4c32d812adb9db782618,27e0567d1b4a6420ad458bd5deb3e240d7733b82b2afd9c250dd14165fb246e8,3271218485060130468,83.29209621993127,
900111,Eyeshadow,notebooks/Task1/dataset1/images/900111.jpg,True,181,147,RGB,13377,421fc72c31f8a3b15219335ffc7fdcbfa7a05e7b8ae8218945441f7f66a87d68,e676d8214c5706f0c13035434e7dd1f5711f5d7338114a50b6fcb3cbd72578ed,55bd2d201c84668992dd39e0ad792d7fc83fa0adf9a62b8d5ce0841c1265687d,1af61fca301b2ed7776c5aa5b7916c1fd4f86ae8da4abb19eb31ba68afa0ad14,4337641971536107592,163.01022494887525,
900112,Eyeshadow,notebooks/Task1/dataset1/images/900112.jpg,True,138,135,RGB,12134,c948ef1df84d7a1f68f0a2cf29436739d43d9ff47f7a4e7a5f256ff1b3196238,9e860e7d508006e3d692d5f15b9ab3e62be9b2fffc9005c17b6d12c8a33b8c4c,683e58040199520f4d610cc99692ecde63687de8f09e0ddd5894dd2b18559dfa,47282de985b8223131e947201c1064560ebbc4568d5238561d8de37b93708b65,11292656041638938364,96.9790897908979,
900113,Eyeshadow,notebooks/Task1/dataset1/images/900113.jpg,True,124,122,RGB,8679,ab3b7ec3b4c3ce0d767a8d328d1daf6632405b88a25b6093530c432c44ae5cec,469e7e2011d80414a432cac492322e8229cd5db5ff0ab43621bb0854b1b5c894,3ce47626cf6af0227a93273604e3a53da86b8beb0c36b7d17c91d89905261558,a0fc10c996c8c17046441e31c1e4c83be21650d872ff4a25531dc50b0ac08631,1980965408853961635,114.55669398907104,
900114,Eyeshadow,notebooks/Task1/dataset1/images/900114.jpg,True,133,153,RGB,9598,fd7235488b7eeeb29597fa1256b1f7735ce0c8d794003b03c41aadbf8e2d6df7,127f8cc0245c45f9c0af694d2ecba2272ee345418559dc228379d0fcba4670c9,25bc1785a05fd0206a4cb88f313769362daac703209fc125064604a0b403fa6f,07cf23e8e291c0d02518263b692aaff96e8b28045a3324ea4010884e1426f7ae,2183150831546107589,163.968896713615,
900115,Eyeshadow,notebooks/Task1/dataset1/images/900115.jpg,True,127,157,RGB,10027,3660551335db9963dc4e15d762c2202da5f8aa5c6f1281f026a87fa6bb38c6d1,f4bf908cac1ca1f8b82baa6e748ece17e24121d92c2f75ef4123857c5c3563a3,a596d730e998ab779b2ea1debb5aff25627bdd3c83e18bbe8d9c93d27d071d3a,497d33616dc4e208f6cb69c60d20bdcc243ef3aecb3b271bcea382c38d612880,8305039286990980067,154.36702127659575,
900116,Eyeshadow,notebooks/Task1/dataset1/images/900116.jpg,True,123,100,RGB,6075,36f761a3ca547a00b8a18fa28d3308d36db4673cfd0119b10d63b83404bb60f6,740bfcbb99a2d2207bb8b37e1a84349b932f868c6cf28af48cd12183f3f942fe,31b741897e3c441b92f3c846c9de8a7990309f929f204253eb6ac6ff4cb5884d,8d88494db6ef92b2273ce7c89052b1e2c6a7dbacdc93857ce17514524a5a8e65,7984757153986055526,202.82428355957768,
900117,Eyeshadow,notebooks/Task1/dataset1/images/900117.jpg,True,139,165,RGB,13136,22144d3c0c3b7a26ad639afcbca59e4de95397e451fccda50f44f4dc8ccca99f,5fa6a9eb2864e1c6690ed3e33ed861e95dd9b8ed88d0e1462149aec4ce44ba69,4c5fecfb909bc34611ee1fe7ace9fd265e5026ccfdafcfb4b6d7bec0c9509745,96a188bd65477d85368c96e573b60395c54d5f45dca621b067e8255d7f073f8a,2785031527505179485,132.49724061810156,
900118,Eyeshadow,notebooks/Task1/dataset1/images/900118.jpg,True,222,251,RGB,25492,1ce86a281f947708abca18e90dd80610492f4ef380405eb6375889b5010bf4a5,ab41fbfb6af51555b2936088537aef18fa3783e27b206ece164f84a19848f924,1a01b0b85e11680c7e827c21170c44018f3fb74aabf57fa094a2d127ac085efd,9e0dc2ff0b547f8def114441e4e84dcf70e116138b1d745f0f036a8aef99ff5a,1829807741498772419,121.4992922859165,
900119,Eyeshadow,notebooks/Task1/dataset1/images/900119.jpg,True,132,142,RGB,9848,5ccaceda15196b7a2c9dafe3dfa582cba17c817737f3819240759a1242f5b19f,2b06ea6aa48bdd55bf374938bab58f8d7d4c234f92ee8b1b0333cb5537048b28,818ee2f749d65b0efc31397313d7c93c05e6ee79fe50efb784c8fa480547d237,595ca2aa9f57cf26d380e488ab5110a90786b9270f282872c449202fa7209a2e,1392830905933132855,113.33272058823529,
900120,Eyeshadow,notebooks/Task1/dataset1/images/900120.jpg,True,122,116,RGB,8216,422d2595f3ca94fcf18358115c2a27036fb6b3395582fc02b35fc583df9b403e,0f478f239694097644a755daa74ee6f65f903f1bb9624a88d29107a127d331ca,b7b5c5cfc9ad62de2e089e38e3b056dc6a21d6cc0f852486afba7116be8d53bb,84bce84fb183861dea305e399d547aae255278937344feb2a67f65014ad76eb4,2975835210002871833,94.41737288135593,
900121,Eyeshadow,notebooks/Task1/dataset1/images/900121.jpg,True,151,157,RGB,12034,71afe674f4297e789efe533110dd791310c0e021c4afd0d4cd4df2130b22b734,c5da5f20c16aa4f8a2a00e9d070cf68b8cc1512dc88f6af23cae8d886f5efdd5,c0d720116f6963fba9e891404d9d8ce933711e5fa8129ac49cc95835a04ac4a0,9db60e223f896aa172650d63fff4d9347955faf6314266e52c38088559e081fc,8243971505233128508,43.589324618736384,
900122,Eyeshadow,notebooks/Task1/dataset1/images/900122.jpg,True,200,207,RGB,14132,adbd832eb467d15a1aec259b0ca784f958c5b8d0dec2e3fb9701ee5e1611ed0f,24a00b00f65d9f1a5d1aa1455f3cde75b6ba9fd6fc7905a04c17847c66e8072f,764761539a21e7259b88baf0d57462261317c96327bcafaa2fb411b60d528d80,67f7a9f7a82483823720ee45ed0de8faa6f7397447a7c497288113ee6b992f78,8324735905816091804,194.06872427983538,
900123,Eyeshadow,notebooks/Task1/dataset1/images/900123.jpg,True,170,170,RGB,16782,02b546517f38a754a9ffe17fcda6ab7fc4b24ccdebc0c6e9ec67f6228cba1501,3967938f4ad783002870540d02639513d540df528412c98c8bc772bb42efb173,2c2f5cb85bacd50945d198853af61de907a3fb5b6a52a5c514433da73d66651a,cbcd7496bf5580e6bf31241a5ea0706cb5c809977df624443c1df1e8f71dfc43,5604129237753389887,114.1543392504931,
900124,Eyeshadow,notebooks/Task1/dataset1/images/900124.jpg,True,263,274,RGB,24144,2288b0140db2abca58af92ddc13055ab9083aaef4da5a26e5911510f26192634,f8db7d4fa4f764d6caa148baf6e34ce227aad51865ca1064ca21c6b6a74fe353,a9aebc2a00ce9d7fa3789fc8eb3d9ffcadd2f5fd11ebeee2930fa3ded294f711,a073d39da7d713544e3e770f3a95824f45d6f820efd69ef99e3ed7ea2428d080,8319257819537764663,39.826479750778816,
900125,Eyeshadow,notebooks/Task1/dataset1/images/900125.jpg,True,91,132,RGB,7922,0be77254147ce52874aac9c3840045a5ed8f3809906faa976c9db583c6db72fb,50776dec48520dcf549c369f6cd3d110e6eb10e503471e25aa38250accf22028,f4576a8adebb3908b3257901e121c15fadcf6f28743f2673370cce3495541edc,56d49e8194fcbe4f23438c5282ca4ef9db03214a93b9f7dd08a790b5b276a8bb,17422674642841295217,160.7503770739065,
900126,Eyeshadow,notebooks/Task1/dataset1/images/900126.jpg,True,255,239,RGB,40153,7153430d2a20df296d4b83112d3f756193707f7d666e2b55747e9641a9e623e3,4c97eca81e148c4376bf94e2d95a42481bee87ccee313696ac4a8680cffaf4d2,3bcc8e448619df0e023cf1c2d81fa4ed8a09fb0b36d280c6d1ae5f7a144a410b,36af17f64dbd69ab4d987733bbb9f38b1cc2df73aefbf24550a3968b0edd552f,15680705236053477286,137.85027100271003,
900127,Eyeshadow,notebooks/Task1/dataset1/images/900127.jpg,True,149,167,RGB,12177,b269c297247434a9eca8728a5155b2b36ae6d0493f1a694a0f2a918495cdc4c0,9d91bd021023d7b09d45339993045acf97f4a63fea7a7fe26b7295e065277860,17458b5a7c491a214f5ded35f63b3d52421f76248c92cc70b609a1672e66b8c5,425918f28b4eb5afbd339d0618052417793bcd39d135b602914a2fb1e4f19d39,8915852708180353971,36.169851380042466,
900128,Eyeshadow,notebooks/Task1/dataset1/images/900128.jpg,True,158,158,RGB,11542,7595d89f3ed454701888828d8e2024877a14cefd5f33087102c47dd44833505e,85874478d8b2d659c2ad9638f07026d84669d2ea6d34542ecb1d8a53bcf6e682,8f56aa0877b040573a2149d92d64c71837b185c63a3ac57c440a3357b3f3d9b6,25eb4405d998bb4623680c3e3b5526a0e1abb4f454f1c13ce99f28ef3cc5d973,3756449379096720988,133.12685774946922,
900129,Eyeshadow,notebooks/Task1/dataset1/images/900129.jpg,True,132,113,RGB,7715,fc4e48885d278f9338480e19b944d54e7939d9344427bf100d4dfe1f792ecfa2,8ef8d373c368ac184dd17bf9fbae6e9f3a3772e55c7b1e375e73ab65cc1c11c5,a3b82e9e141feb6c676971ed58cfcb4a6acf96eac23e958f718e2a7380762f98,0e46645083933f8224e47d0886aaba57d0592d4a5d54705ff1fb3f49281d13bf,9224590657930421806,85.20644718792867,
900130,Eyeshadow,notebooks/Task1/dataset1/images/900130.jpg,True,118,108,RGB,8096,029049bcb59fc6b7fb2780d2cdcad490aaf3daea11f3c85e524a9f2110089eb2,e64aa23e844efcce1734a523086ebaf119b658b36af3bad877ab85a8481346d2,9264ac7cdeb97e4f92821be609c2905bf65fed3212bda264d585af6ac4b94ab1,0b5528ad00b37d7e630210d7d484d7297c67db05e712b672a7154e367d188583,1762262678645939656,90.53125,
900131,Eyeshadow,notebooks/Task1/dataset1/images/900131.jpg,True,190,221,RGB,23782,c68f7cdf1e0f91233d37bf789828526516957f85523dd792f9ab569841b855bb,b28760f64ab35b922b22b6d3f71af5c69087a1ee7abbccea236140dee2459c7a,e2617fbf52367d1f5833176ce01363461eb236a59dd1ffb6f50e5537af5b4dbc,9f98f06c62f6b1a77f4b683cca74c604a9d0501d0b2ea338480f5f709ee9b8a4,6641590217993760391,115.38508557457213,
900132,Eyeshadow,notebooks/Task1/dataset1/images/900132.jpg,True,202,210,RGB,23226,62bc1a0e2aca51e1a741a196b9edcec83b457894567c6bcaa76b35cde6985b55,27362021a91355799738cf60756d820b34e7c3bcfe54402a92e5ba48812d579a,a3af25769ca48e70f2c1d6c20a7bca680eb9cf9d5eb3320137e573e3faaf85ca,207e8c1248c2abeeaf68f41ec2c77028713e5808bfbb097dfafff5d9c3b31804,2614983265140231640,155.77845528455285,
900133,Eyeshadow,notebooks/Task1/dataset1/images/900133.jpg,True,235,235,RGB,31208,b86a86b682db29c199334b55ebf84506fbcdadf03978ed1c9663b6dbdda9bca4,99ea47ecce25f4bada43b9f3c4e5c29ee2c25cd26d83540656e3e83d194b427e,e793260ac9f1e319db5f5f96c71390a7cdcdc757036f0a1e4ab8d3cfe52cfffb,ec07d38d86c010ff4732a20c5793a5e5b5983d913b4e9dc5fc4be5dc9da8511a,14976253741472584839,81.20762108262109,
900134,Eyeshadow,notebooks/Task1/dataset1/images/900134.jpg,True,150,149,RGB,13855,7650ff307e6bbd5a89e6a48188609a34169b76f14291cd8605065b5dc7a441be,09609280751dffae76fb63e6c3c8e7f7d4af371aafc7dde2462d54e117ac1bf9,5bed8921f9bac22a3f84a39680492a7dc798d9706a4172c17d90c6455e21118d,cd887ae66e917326fad13a5a116d777afa4d1ff96463fc32663b1271a01a7b98,17395405249724406520,30.947811447811446,
900135,Eyeshadow,notebooks/Task1/dataset1/images/900135.jpg,True,166,139,RGB,12896,77a6b7c5333d93bd2174adbb2a03362e16fa9b4001c5ca403fbfecf9cf06b6e1,1f1382ed45355b9d7049b5ddf3dd38ff9d6686a713f2e2fae8e1cd9a8df187a7,fb244ccea50feadfb31206055181e9d00774d93969364b0ffa41c54233d28376,068bb677af8f87854a1c749a10d678ac12ec313b30dc89fca6c791b5093aa983,7167147112467674668,105.5918591859186,
900136,Eyeshadow,notebooks/Task1/dataset1/images/900136.jpg,True,172,161,RGB,12569,8f0f7b5a45d57d9fe3ccb3ae7e49c12935b624f384074f44152f9e3f2e024860,29518b8f6f3d8480cc8ab5584bbc0eb0d6006afef976bf1ea84ace1ec01b0445,e256f9737388574d5e9cfa635b5535e5a7320fb65c56465aef06acc8ac036d50,98f39f7fb83f7a45a895ae316e20c04035fe60e8141fbea28125dd6f70e2696f,16235932918209083800,152.9038267875126,
900137,Eyeshadow,notebooks/Task1/dataset1/images/900137.jpg,True,133,123,RGB,7070,28ef446c4331a60fa6c3f7de81ebbffc497ce3ab9b4cc3e7455821044dca9e8b,fc6bc1cabc0ee52cd0907434e6593a943e49f481b549c7bf8a3488786454b61e,927fbabc8e21725403e9976ae1ebe5118472b9ce942aed5c02e936655894db9c,5942994e89979ea0a276d1a17e7b953facae793119e3af6f24a1a97eec54c71b,10426027358537655330,46.908792650918635,
900138,Eyeshadow,notebooks/Task1/dataset1/images/900138.jpg,True,107,112,RGB,7904,597936d2ac488886dad0634a63915e6da7cd54853b245c96bf748a06f8038f84,2b7f60fa97a6589a021029d4b2c26e7d9ada92c6e49be724f62751ffe9daf3a7,96c2ada3c17615443a1e25b8317255c36ee0a514ca496492972ddc137a86dc8b,b3e04aecdbf1bbcbd34b8a586205084216a33e1becaa277d6b2f28151f8850c2,2023396299484062924,119.85099846390169,
900139,Eyeshadow,notebooks/Task1/dataset1/images/900139.jpg,True,204,200,RGB,16207,7c0db997cf36416cccf1ea206779d7e629eb51136fa33d57df1a6f25d6127b04,a33e5eaaf9957a538e5b61e6ce52bb7aa1da978ae05dc708a5e856207eb87f8f,6b10f30ff3b482c0bc326c509b02d304259a77094d876b064b47d8eb860097ea,3cf8996de9773e77ebc4d95b35048782640a188bce7c8a936fae9f13749c0f7c,7165495787757351281,24.975953565505804,
900140,Eyeshadow,notebooks/Task1/dataset1/images/900140.jpg,True,129,178,RGB,11881,bc855058abdfb4e9132e33d96e28c7b4828c79ac441e9eff17c70576cbfdb3a2,c3e2f110f0922f9dd0ebb6300074738eea813ad1236c28b5da8f73a3a5efe112,12b25d55ca0f5196cc134fdd8f065096ad51d45f90090b5c4a48a8f917d5718f,6d28fd2f540161597bcc11045422306be07f61005efd62625e96a0c87b0e3175,13897805892770255633,103.45081967213115,
900141,Eyeshadow,notebooks/Task1/dataset1/images/900141.jpg,True,171,158,RGB,14126,90e39d4d6cc98cc9ca91e298e1c95417d3c05a947e838031d92884b60a6d5988,f7ebfab080c7eba58cd2c52b13cf28e992b1860e2fc3aa753c378794565ee974,704f80dfb7a24aebf4fe8f4251b22b9356b961f5e602666755a6c3153897123b,8823151db9bd4abbc014ca3109732b1b69afe398e999940e3f4863c438cf075c,1809448659242941263,146.70285423037717,
900142,Eyeshadow,notebooks/Task1/dataset1/images/900142.jpg,True,142,182,RGB,11539,2e1f4981de039d40c893831fb4861a649c85f85a45a6cbd1f21c38fe030423ab,eb27249afe629e1baa63ffc6ce2b8fb7d2fbe60af856dea98bd1306aed04aaa0,bf119983749129712f90e2bfdb763a65b55b0bd8e522905b22c1967076cc9929,8363920e21c933afa91e8a77ac25e9751003a329d0091563d5cf8735371293c3,14310781061622855363,53.09989648033126,
900143,Eyeshadow,notebooks/Task1/dataset1/images/900143.jpg,True,165,187,RGB,14260,8f31d4d5a19b4090a4388a5d1ea03bcbd9cdd9805adc41752a0b214e40705077,e93475037c74e4bad72ea6a83c6b1d048aed8e3d36e60521c35ff944077b3781,8fe0e72d4eace9b86047c8e715d433de0e9a37d4fcd07edd389752d5b2ddfcc0,9427f6997110a0889b4481ca0dd8af673bb08d05e9c2cb6c8e042b53a35d65e0,16638224812663218471,131.8204761904762,
900144,Eyeshadow,notebooks/Task1/dataset1/images/900144.jpg,True,120,110,RGB,5996,364d01ed62233bf1b253de5b1742ccbae1ceee1781fc6248f93c8191e3809dd5,f37110a5b4645d26b452bf70d3bf8523c11961ed16f63c49eb2edd9a17f5aae9,48a7de30f6766ad6be7126e0d2149552b0e36ac9a8e918648d70ac65ffd89c5a,95167747f88a0e1b24930c0ee8abb088033db4e31ae6620ec28c7324ce640028,16286553190956744498,113.23464912280701,
900145,Eyeshadow,notebooks/Task1/dataset1/images/900145.jpg,True,238,200,RGB,21954,bd4cc24d32d1d7b97e8c8a26d66f6ad656651fe3bf7503f8f3c01bf40f7e53cd,409d54c283f715fd0380803b847150be198709fc7af73e3f199ce8f3be0ef386,dea19a1b60b4a5a6f2271a2c8183ff571d5361796d8b82036fa5152d2b1c522c,881f114098ca9048278f025b6ee775abd76e1e63e3ff392c5c7d045896d4fc67,17383683209683213063,133.66284403669724,
900146,Eyeshadow,notebooks/Task1/dataset1/images/900146.jpg,True,165,153,RGB,13844,1d7b1c94b6684e18929657f9cb7a557c74fa215d3c1746ab578fd095717c2a19,109ff9fd3b3797a739bd64eeaa7422277c7ce7d918f16224a971476d4911ca62,6ece8a0972cf98d7752404b1789e3c37e12480ee203946f77c831ecbc69fb05e,c8eae10b2984881ebb3ea1d2a98a8bbc475d37bd1c266081210c28902dfbebf4,16672862261587245561,84.86339662447257,
900147,Eyeshadow,notebooks/Task1/dataset1/images/900147.jpg,True,122,138,RGB,9228,b3e8894c2ce24497d88536a657d113b63122dcce85e270ea149251c28db74eab,28d7e551e92d05ca3f5f0708f6fd9ab498e403c9237edb06e27d46c2640fc0bd,10727953108543fbd6f41090c8712b4a7912843419757775ab484e21b01b8402,27bf546c1219415c8f8bc4a45ce3f277c11a89ca98682728f10b3a8e996f3176,7165500436256684297,12.319121447028424,
900148,Eyeshadow,notebooks/Task1/dataset1/images/900148.jpg,True,292,276,RGB,42290,f0d9dcb56365976c391b514b1c5f241a820c5a1068cdb86646e008e343bd6f28,51002cc244d668cbe238281402874517d854fc91b28a099cc32a7491fa4de849,2d1ef7eed054e0b7e3208f18f5e454cf78af0512089d1eb78b8034de73d92b3b,e4dc4bf5534e70c057995989901731747b6b6a5cf08633a983802ee812a1674d,11790883320625180740,40.022673733804474,
900149,Eyeshadow,notebooks/Task1/dataset1/images/900149.jpg,True,174,205,RGB,18356,8f24f35a430e529fdd67a64ebf8146c5f764f1be05619eddd43f419350f7ba2e,5bc3b02d4d4b398ebf5bfc5f8131aadc2d0c4531c71be737ea06b756cc646e91,a6c9e59b12ef9b11f0a394a0a32a329dafc4944f6caeb545fabe71bb3d0974ee,1b2c68003ed9eeab3cbae06f2b497458929824d7a9c6e776a072e7500799310b,6468166774585403276,111.54111405835543,
900150,Eyeshadow,notebooks/Task1/dataset1/images/900150.jpg,True,178,177,RGB,15666,376d81b62e22f6a232d8e83bb59cc72ee7a96bc6f0f7a14ff539a4af77e3688f,73dc2b8f6147f289a18b4c1c2af006703908f5c7a76a29d240eef55530e7b589,a47b9d2c85165c0b8806aa188d014c3aa2d6f9dbe31785c76a2c95718b53df23,81f0ce387910d39eb5a4d18c3eee543b69d69a48c34c6680480612379db9b8d7,3618688991826439758,138.45892351274787,
900151,Eyeshadow,notebooks/Task1/dataset1/images/900151.jpg,True,158,187,RGB,13725,39bf5fa22c194ccd870c21ef05d1fb0e77653991c71b37045e2cb75a9e4e4b19,4735da7270c5145d366d113d1ed1d855327a405a7d71b2c7ee2d06136d40278e,20fb4bed88617f3721f5ebd18fbb3ba0620cecd9b757f7bbb8720941697ca783,47741c4aa074463b4023d61c26e49eec57caeb8e601b772fbbae3d75303a5102,9566502442890503608,98.94071914480078,
900152,Eyeshadow,notebooks/Task1/dataset1/images/900152.jpg,True,94,108,RGB,6287,1ad9959bd647bef76ac558829f81dadd864aac258c51b65bd481b412400e40dd,8d95fdb6da9c2fbd12f282757773da79e763a26e7eec3cda4bf114cc214f1241,c09fc21f6d20e91fa0bdf975e33d1a77bab9fd0a8e69f0121da3312bbd78ae24,179a3bd1cc2ec6d0d55b5cf4cd43ea8b489379e967bf74fd68635480c3e5ee70,8391581370084742219,93.0325,
900153,Eyeshadow,notebooks/Task1/dataset1/images/900153.jpg,True,129,151,RGB,12937,61739e559aa0893292cee9a87d93169e0025ad257435644d8ecb8e3e6e4567f1,f9b28c049e5f25a67f194693a45cf518165c8752a850b5254595e6ccf344cb33,fa26fca739e7c658b00d331c5dc2bd13b482cefc3ab3d64461e6e7f3d2344acb,f00b46bc63d38334ebe6c8b7938aee6a895f074394e196951e85b8dfa024a6d0,15770076514328598552,121.0251798561151,
900154,Eyeshadow,notebooks/Task1/dataset1/images/900154.jpg,True,157,157,RGB,14974,c7fb9195dd8f71a005dcafd6794449c3dfb116cc443ffdb5839c09e0886c540a,57b60cf4ed3863e99202216f9a217946f42ab30f458f5c9f14ccbc0a78d92a8c,45aeefd4ddad874ae873cfeb5826b23beea3e2e98990187188ee2c600317a356,d160aaa11a0a2413b7eddcb15173b9f92ac2ee6f8afd475a63529173f482a29e,4123970463433303867,118.45299145299145,
900155,Eyeshadow,notebooks/Task1/dataset1/images/900155.jpg,True,201,197,RGB,13857,d1ff79d3a15df38521fec4c578055baa9b73b5a667310c3111d8e2b4f6438f0d,5964b5a88222b15815b2fdb96f8a5cb3f956b851c87bcc5a1125b691ef361a64,c7a177e2a445fd5502630029bb24dc2423b7c1c30955a9a8e1caa2f847e9b84b,853cb1efe1862546066f6e0969ef180f05e433fd62b11a80a4a48eca9a0b73ac,1962410332375048677,70.19570707070707,
900156,Eyeshadow,notebooks/Task1/dataset1/images/900156.jpg,True,152,180,RGB,14678,900af5860e77920c63b4d9458743372f3ceb94494ddd388c225d52a13c802490,2f081f25801ed78de2c0c7cd86cc34530b47e0bb6a157ee49ab4100f458dd6d4,69149f9f52233fac81585014e47dc9c4ed09613ac0ee1c1b15a6dc3ef94e290e,e8dee3e00c8774ecc1891ac0e3388d1cd53c762e115806edc73ae75598f8251b,7179727176666788723,56.906060606060606,
900157,Eyeshadow,notebooks/Task1/dataset1/images/900157.jpg,True,140,119,RGB,10100,47c90f215d2ae031197fe08f5c8ecff184b2bc971ae7652c0e5519aa58118389,8d47d76abdfff5bdf0d751441565ed9b877cdcb5951c37d576925fadb3771f2c,d02fbe69fd3c7e2c833c44255c7a46cd5a4a49f83d46117073b382750e7c8e7d,27c348088041c523caf057a25b788c6b5f8de1dbe99ac935e92877e3aa48bde2,11796200502339435524,104.44228274967574,
900158,Eyeshadow,notebooks/Task1/dataset1/images/900158.jpg,True,230,229,RGB,27408,c2955f4498c634d5f847cf7d93c3167de61c711b1490520a2eda533c3a1efe2f,0e4fcacf35089b065683a33f7f46b1f232c773c5facd13e13da460deb9289f11,a671b763d31fe35ebf5b2fe053a0a5a13dbbb5ec72d3ef869d61bd5bde8228c4,3fc5b9f330c041235967a60ea13d06741a0634b1d4f6b27f4acc41d9904290c4,15134077499981801150,129.92195477753464,
900159,Eyeshadow,notebooks/Task1/dataset1/images/900159.jpg,True,178,156,RGB,18288,26af5bc17a1196d5dceb74270ecec114d28da31d885ef48949cfbdc2c4fe941f,d5cee7725895674a8953c762bf96d66721389c487e7ae124fd435d6e21d61c55,59ae0499dffb3f99a4f328c0620d8662078a937cead36bf3fb70cfb82be2d254,7957b600a9ad1e24c95f6b2b8fc3f1c983f4e492ba7fd01d7418c0509a3472ec,1305510990906475106,114.04718875502007,
900160,Eyeshadow,notebooks/Task1/dataset1/images/900160.jpg,True,120,123,RGB,8524,c37070be64f01e834615d69cf2c9da8d949ffb88a67ffb9fcd720602a72d8250,d82050f617a430a9fc6fd1bc72936fe0b28b5c4a2d3ade68359d7ad4a4bc5627,db217451c1ac539be4720ff39b3c0415d5e4799837aedd00e2a1385c991247e3,a770132ef53d205b90307fc0a1cbdb429202497a3c254c2886bacdc395fe6a71,8370690511784753584,167.85961272475797,
900161,Eyeshadow,notebooks/Task1/dataset1/images/900161.jpg,True,263,263,RGB,37553,96530aa58baed0e46b143c0c61a47a28eb712de026b14132069535dad399744a,ab9467e1b02c2553f056137974c096a20d5e52c7b899328b676b3d080b24d665,418ea393f1ea27ec2fda63430faa78f7327c28f40ba26b9351a4900309bc0d28,243a844ac60dbd1a1488d5efbd527fe1f1de079151b9189bd8b9c00127b601ee,7028023500478563887,151.19211195928753,
900162,Eyeshadow,notebooks/Task1/dataset1/images/900162.jpg,True,162,152,RGB,11320,37fad327d39b3e32ad56fd070adc4588daa388be76f6fc863e17d2dc2d828904,ce2b530f8436dc55142aed07448a054eedf8579adea60c2b59c93a0fce36f9e6,febfa5c2cf8ddc63966d9dfeeef5a8c2e8a34026d4f2fadac56cec0a9e794a4f,57163cd2366909dac87294ea44e9eb105774bd64b6a5634dc8e53ef64e170db2,6934159369537666451,183.97649572649573,
900163,Eyeshadow,notebooks/Task1/dataset1/images/900163.jpg,True,196,184,RGB,13745,4c3df68362ba8bb0b7b645584263c55f1758549fdc68e5ea6a92cdd28c29af0b,584fa225bd2e28723c044ff925b4e525891bf0be24b6532fdd5110b0ccd544c7,9d1c65c4c645b0529593540584b1b72a7a32a9d655d24adc9ca4dccfba116f2f,b788ded573451f2e2505c563e416c581cddde6bce1db5ed7306daa0b2e97a519,7120666905107290450,28.952821869488535,
900164,Eyeshadow,notebooks/Task1/dataset1/images/900164.jpg,True,199,181,RGB,21908,7c12a98cb3e4fad7a316b010b54465ab98bd33477538f6b9937994d4df2860a1,b1bf748746c46e47804040fccac457c5f58bb8dbbd92b5c1905f3fa97da36ebb,13a9f2b6d620fb82e8189ba556ee36877f2a592a7ccd45022d53d17737817051,76fc8cd057f8f677f80abc42b69420c37152a9872cb7f7968d2515117fd75e56,10828487101252840987,151.1093474426808,
900165,Eyeshadow,notebooks/Task1/dataset1/images/900165.jpg,True,210,208,RGB,24654,768e93ddde34202f190dad67240bfd59ae6f262a40fef6e48c28e2c0abd1a713,637b19ddba298425bf6b8e71df8eb7e8b9a09ea459a23ac1850a9bda1fadd314,47c8dd2c9c67ba7ba5cce14a0d05f31fc6fdaadca1be3e38e96c92573d68c430,a24fce18b512e4270cf6a0dbe1d24093adf897adc55e4935ea08187b91e10659,14542599715511890104,55.92147435897436,
900166,Eyeshadow,notebooks/Task1/dataset1/images/900166.jpg,True,216,226,RGB,18549,954cb02df39b983117d2bf725726d6ca44bee554dd85db6218e00e1b8734b9a2,1f54de78394ab1e33571aaca2155c63059f4985e62415eb6fbf8a277c53c1cd2,77df1fed82efa9abd12aa03bcc76ff2907aa0e88657e9604743d49adc3376980,f50483c41c067b073f1f67afc4a494bebbb697cda21b8b75abfa8c57da662c7a,4032929713189317010,117.69962121212122,
900167,Eyeshadow,notebooks/Task1/dataset1/images/900167.jpg,True,156,136,RGB,16376,fddfaec658cd76147a3977f0263fc4f4d28f4faa0d23c88d97b43f37f43362bc,f5fe03f1d619d7d4ceb0a19ea5c4091ccb3ac8307908ae5b4c86f6341cf1919a,3bf705e2236e5334a0050c06ba505f87cab92a91bacda425fc3c1358889455fb,9f050087ae21b1cbb3f2e45cab7aefe139acb18c334b709bba297207a83dd69f,14505011051595123481,124.51034482758621,
900168,Eyeshadow,notebooks/Task1/dataset1/images/900168.jpg,True,63,36,RGB,2530,aa55c3bc05dc9abc7604e70b6d9464b5757ad30c77d72e1f7cf760216918f12a,17e3fcd674e4b42ce4f9610105bda33c5e359ab38380511944cb86933a563a3a,19ad54975f8109c93bb63037b007694bf6a30ba938cfa5ce314ca529bc8fcaf4,f2914d59684845e1c25fb07436ba96cc5875419b607b597d4ccf1f5e121e2adb,4851262236657345604,131.8848797250859,
900169,Eyeshadow,notebooks/Task1/dataset1/images/900169.jpg,True,122,127,RGB,7544,98979bf8a9ce796f6964fc0b8253aa13e23174d1674f487f3ce009d5fe281d38,1aaa5f1ca79cc8b7130aaf9a32e49669c954fbd6f5facce4efbfe954cb1120ca,7a76834c562e4c90e253502e53faf0931ed293be6525c7faca3793b024628757,9d9dacea576a2ffbea6be6c1def03853d09979a696dd91c0662a3f2ec537ee23,5511613656809037316,107.42780026990553,
900170,Eyeshadow,notebooks/Task1/dataset1/images/900170.jpg,True,139,124,RGB,8790,29dc3edbf26c76aa207c64afdd1c27b95a4773bb66db76c4ecbc67ba0ebf2e9e,778f6d42568bb15fb05920c1da9a106f7ea603b19882e0eb640f0c0a9ff954ad,0c322008bb03244e7788e7d802e7f7b243b2dc6cb3c78d37dd7896fa79188443,9014e6830a986569d503634bfacdb2aead632d4e29b2a3ca75b2623f4628986b,3618419319751981854,178.0434227330779,
900171,Eyeshadow,notebooks/Task1/dataset1/images/900171.jpg,True,163,141,RGB,13505,8a99fea5525bf6c84c8528cf36d26c22673a1e65a49e0b7b252ce9a1e96bf030,d02a1684a83fccb93b3987f37b2680273b7f86fdd5ff0d42c03b1567a7e01d82,adb74c64a2e0eafc448da5634af6a8f942a09b19dcd45d744d372ff188ce26db,1f91e6155e4a9304ece97aea757bc7c30beb62f41f424883d28c8113a80c5fd5,12699068244973814754,116.15066225165563,
900172,Eyeshadow,notebooks/Task1/dataset1/images/900172.jpg,True,149,183,RGB,13419,8c48c23310015b81b33c8ebe44a3f26a092f03c14c4f80d43c34fd4a66edc666,e8f37e7604e372cc6c744f2ded447b68184a05195eb36f5c606c220855676155,b3eb509ad92597b4443aae2199e1de94c5d478a91d91537ede14979785cfc0ed,a133b782a5a9332ed891aaad923bffc13edf17e68b903a5d6bedb5a5a39c1f07,18192697981844165051,81.30555555555556,
900173,Eyeshadow,notebooks/Task1/dataset1/images/900173.jpg,True,126,124,RGB,7275,a6ed5e6c3b946a20015b32556be9129e31f20a4b3e40c7340f324b789415f76a,0a8e97b6b2be571bafebc481ee7c556b70fb7ddcb247c477c65a28ea3dce9644,9e49ed6a265bd5cff557361d508976c23aac3dc18d1803b1e3449719f2157ae4,0fb2189a84f9f0d71977e9c224421796ef0bcf805d14e552b91e3e8a5f4db93b,8758147454110853361,126.60887096774194,
900174,Eyeshadow,notebooks/Task1/dataset1/images/900174.jpg,True,211,82,RGB,9909,328a0d7b59132c16e8a2dc772ba425fed34f31c04d0549bf0800cbbe8def7194,a0aa28a942cf942b2538cf1492c0a1d80b9a5fac6d034bb2c6efe368b939b78c,30f8add34010768a673b1fa401807ecfd8e6a28854628a1c90e1e83995ecf1b5,6325487f978b10505501c1056a78ab59c5d27de356f29b53850ea1c6edd166c8,9738866186271647463,84.39576174112257,
900175,Eyeshadow,notebooks/Task1/dataset1/images/900175.jpg,True,159,166,RGB,16042,47ddd9a79e8bfae6ae0c5b17d2d84123da529b56a39457f6ae4cb72119f70f91,da43e32c09ac2078f9525326a7f12339463f8d331a230116ae5df676ce04fc90,12f36eb68e75a38c925a171cdeb42a1537e762be49cc1ac0c3ac3e3e859e9048,1fdd83dab7bb2c7a1c35c88034efce6074e47ccdd3d6e6435c07d0528aa9beb8,2082042580790122551,116.00154798761609,
900176,Eyeshadow,notebooks/Task1/dataset1/images/900176.jpg,True,254,268,RGB,29349,6d35a6dbbd257182fa90e74a6435bf807967327adfab0ee1cf8c1b2b631ee851,c56058cd00096398cda6b94447a6f89993de7062d5a786a3f38e08dec74c298e,b35b44d8abb16ac8f66c9c935a94b5aa6ace1fd135ce03da9604d9d5693f7690,29a58b1c447b9083ada88dc15ea5b221a3808de060434c8efbc680a4f611d1be,3662188653752853833,96.82692307692308,
900177,Eyeshadow,notebooks/Task1/dataset1/images/900177.jpg,True,134,129,RGB,9217,73d8be4f5207e52a361118b3923fc1dad6cab46aa0e75b88a76c08951ff738fd,aa47959cec2e003b1b7195602e7a89fbf5be822e2f1b5e299c20119b9bbf4216,30fb27226e0f462b154106184041b8b12c9908ffc4b6875bb04c3ca6a45428d1,b9c28179e0aa4a9e278cb045728791c222de2bb01edb2de196a842639921f558,7597908176785430050,107.55108556832695,
900178,Eyeshadow,notebooks/Task1/dataset1/images/900178.jpg,True,239,240,RGB,35420,12efb75347d8165d7fc0575204abec0e9f7a1bb3b055d096ba50b86f8313f511,114cc40c114ef9b59f0383d25f23cab0bee81d4d03d007d955ca6c7808cf6582,5918109474e12553191c56e0fe8ff941c9d8982953e98392346381bf9f17ed66,4222ba2903ded8e9b4e162ef82f0a8936eae1515a67e7f0753c642fe8b2fb892,14612706150616058586,60.8696715583508,
900179,Eyeshadow,notebooks/Task1/dataset1/images/900179.jpg,True,266,272,RGB,30328,fbb0f2abe2730cf6fecb32fbb94e4043300dd45f04f4538da2a145bc1e03a138,ff46efd5d5ec42ac30670076c353e3bf743858686da87fd6e265b16da0a9e062,01c1aafccfa2a9962f450bb6f6fb27c23e2091f012d7a2316269f0dbe82e698a,11aae90e593409a53ede8987b6cd28c6ed9d8e4616e186f1736a283cb76a9581,2767027374179578450,118.26305970149254,
900180,Eyeshadow,notebooks/Task1/dataset1/images/900180.jpg,True,174,183,RGB,14710,31bcb9807dff7004bc417ed5c5cfd36fc89f16b64335180fec07443cfad1d2b9,fa173a3df2cdab5a578dde3f523537b5a8c28ae24d028b0e0794d2b288892e09,0223318b583efd550c730bca779725a1666814b249c271ec91c947aee9f93e06,01100a2b313355626b227729ff7e8c0db84b61b96b7aaa6a4405ba8789d674a8,5092069434897119393,136.74272300469482,
900182,Eyeshadow,notebooks/Task1/dataset1/images/900182.jpg,True,165,164,RGB,14384,a22253250fe3a762a2c9c486688fdef0317dbda86c41549b8ecd6ff7d47ca6f3,c0d4d712d38fa85401d9f6ff03d10cba479d360d0e43b2526007bb7d02c0f86e,6098e236bf5fa87887eac97431d8336d058eba2cda6a447ad0cd72a4761109e6,fc41a7bb3c9a8dd28bb9f7e0eab552ae33e22ba3a9297c4c8bbedab6a2a4794f,38570910986299640,110.60244648318043,
900183,Eyeshadow,notebooks/Task1/dataset1/images/900183.jpg,True,149,119,RGB,10742,e1d387819e4109064cc47b12f7d00ed42f6281de392fd42e25e9b50a3473a374,6f2399c3952b25c5126615d5ea7cbb6879e034d433c87241d4db4561935e6842,51d6b833898bcdffbab50d2d769da280b26c9fe73c161db45739f7d4370947ce,42d2a24f8ee4d64640b9b00d932eca3a8b7832c6703a10d247a22870226c403c,16783167350601865940,98.87593984962406,
900184,Eyeshadow,notebooks/Task1/dataset1/images/900184.jpg,True,138,142,RGB,12919,747bcc1a0c3c225518549996a983814ea1ddc6ca92dcba64dd43cf57404d586e,457ceffbdc50c140715696314e0a1f6948eea07dd6907e07a4fac8fc2f608c3f,656280f6d3a75dec77627181af9b35616847edbfeb177a36b6db10db40af473b,4d1156ab36afdc9c10de2d9734b1aad72770e762f829db4b286006069bc62b85,9836302701650429291,115.03057553956835,
900185,Eyeshadow,notebooks/Task1/dataset1/images/900185.jpg,True,198,158,RGB,16206,b5ab5840ae3b64fb3ec38a58d3828e3915eb867e98e482869f0e7b37dc63763c,0ffab5347975c8db218be573097fd36f915fe93d427411c885465e70d0238435,2324ecc4e389487cafefe46e20647937d93035f834b6f5e670bc003d2018f25b,b9e9bd5a118489de4dc55b6d89aa7799d8d7307f067ee8970038ea40a8e2bb4c,11083332129983912320,126.51459510357816,
900186,Eyeshadow,notebooks/Task1/dataset1/images/900186.jpg,True,98,202,RGB,9320,c738bf3766b9019fc6e3ce977d1cf4650038f0e6e7061cb6ae5660ebfb835885,363247283345a2f4919e3095e67d68e21376beb3a4b8d8b3484ce43d48bbbdb4,4fd5c8b9fdca38c1c90a8237fdd61ef299f0b30161a3f31ea64adea2396bbc1c,ffced5c9161faa2607e40c3207acd3a77eaa924f182215118c9103fd8d130772,16688781990703832611,32.70581655480984,
900187,Eyeshadow,notebooks/Task1/dataset1/images/900187.jpg,True,125,114,RGB,6341,47ec4e3b54ddf245282fe8a1b10696cc47ebe81bdd8868ddc7597e3840dd0978,c85f316e8c95e277f07639e82f205cd126b9f7d9be13bd810f4e11df5900042e,a66f19f390fecb8da31ba1501a38e8c67f6f3746900e2973df71243658cffe2f,5af6ed604fb8b7c9e30ac54fb62c15201110c5fab0541e7fd55becfe85a34346,17034830332839853232,133.83614627285513,
900188,Eyeshadow,notebooks/Task1/dataset1/images/900188.jpg,True,149,166,RGB,11510,03ee72ba88bd18be29ecb91576f6d2f91e9d37963abc25d7b2d03ea75b8a3545,efa8a3b9c9bed70911b80cd0c60cf8a7dac52aa728c7117dc1ff3331338b7388,e9ee02839019b5cf64d38d7d19f0ef078cda5f022deb76d9ceb32f3ebb6a7e7a,72a63dd88fcd9c8e0d13b23a5af158854d560d0686ed3b43c7875df5a8473bac,2172478953418573316,82.96219382321618,
900189,Eyeshadow,notebooks/Task1/dataset1/images/900189.jpg,True,142,121,RGB,12398,dca76efc4975898c8080551347533fde0a2bd3744cb92740de147c9a0d70ceb6,0b270f4d0043434fac74ffcec987dae2b1ed46ace03ce2fc8416915299790ea8,2fda6a9ada5bb44dd6931cb4b6fe405e95830a52eea66d5208b2a187264c4b19,b36229f9507a41c145bb45b239dc276273b511218ae545c3530149c9152d5da0,2604219834733626291,82.27522349936143,
900190,Eyeshadow,notebooks/Task1/dataset1/images/900190.jpg,True,125,116,RGB,8833,5f53e70f4c2237a2eda24fcae3db4106f4de5b511712adf9b58c81b252f088a4,de96d7c4e56df4e44c257ba572b68edc0c88d8396d17f832dd69b5afd3ac996f,84b0a44699ca05af372b131551a142fcb2369f03f216297220c9318c6b8cd882,ea2564c399f53713fe3153e430ace537e8b55baecf72a1dc9e12cca13ffc449b,11039705781696297003,114.68898186889818,
900191,Eyeshadow,notebooks/Task1/dataset1/images/900191.jpg,True,250,262,RGB,25366,f341c7f98b9f306e2f44835ce00a70d566555c72dd4e259662a0486545833b1c,ead52d8810eaf7c60c558576ebdd91a23e59d52c3ba2db29b3272865eff6fa61,5e9e676c2417a8b89bcebb91e8154e196ca0a4eedbbd00de01ceb1622152a906,0c5828844686f0a6ee7e8825147dacb2d02c8fa41e7cc9456ee23cac15a748f0,13129744698831603650,184.60816993464053,
900192,Eyeshadow,notebooks/Task1/dataset1/images/900192.jpg,True,153,167,RGB,15095,2fd6aa7a1c8cb3939fbfb089f08a916c23bd48806551e836f896568fe73f966c,f76e5bc85a5e391d3fcd59e7306a5db514ade00f5b2a568e80514e019e7567de,3d6e7dd55138583f4b5a7dc9a3b6f931733d5027a83c57613a7887dcb5d6486f,512776ed666a1eee9f83fef36ccda01e08ab47288bb4fb0b9d5586542b9ca16c,6425998724242886413,105.41561844863732,
900193,Eyeshadow,notebooks/Task1/dataset1/images/900193.jpg,True,186,193,RGB,17576,140d4881d6878e4c9655dd989c6a86798e0818c249b10c08055b7aa9f0f21e9b,d38e22ee35c9f6de2263d7ae89484ac0cfd167c77e6809a079afe700d29eabfd,459494ebeb9b8bd1bf8ff3c78d150c1f6e974c02cc6bd68a36b010e30d40b18f,352c390f52ecdf23e248405261ce385a3e5a211d6cfc5cd107ef93376e3b6a46,11217940397995445398,112.94385499557913,
900194,Eyeshadow,notebooks/Task1/dataset1/images/900194.jpg,True,155,129,RGB,13831,cdbb785eb30a182c4b6a8e4b4dd59c613fb2b204b650ec7eb592daa6c1665933,bc821ad1e4cbb659ddc6255544bb034bd7073d850751c965e492dbcfd0687683,ccd9fa0e175932b801c59bb7abec80db7beb1b8b50d13fac7dd0e35a7fc0401f,cf267c44b264337c70c1a34a9a9e8d47e16684083cdd8b1f0d277a27201e1fd0,2570818947135738059,148.64716312056737,
900195,Eyeshadow,notebooks/Task1/dataset1/images/900195.jpg,True,137,133,RGB,11248,ff4fc89f9c961554ac0614d2dbf03d09d79df3d72a84f1028b54c169807ca510,cd7a0aaad1d21815b8ad20d03e6704ce6f64df191985527e22c1bcd5040e328f,e76c625cdb62a201c35739e2c4aaa7b05d1881bd414b9d8b0119a9877d7db335,e61e5d16f41ff011a81ee6495d68f1df1c21c9ae72006343dd9ca7eb199af039,4886650528363486015,60.348880597014926,
900196,Eyeshadow,notebooks/Task1/dataset1/images/900196.jpg,True,195,196,RGB,17963,f6220c499d6bddd186580b79fe1491f42aac36c8e430cdb8add649f16d9bfdb4,e308a53eb12af843acac72b40d4c20f0728d3ca2c57c1049c2ee96e0e518bec8,f2c7b988bbf2fcd21130f7b7c70097eaedd2a83d19fa9f8b1074492c2f8bcfae,828a5953dd164029d6920a51a434b41cac0c4ece4f82ac279d4a8a8818b20509,13375434961478163846,167.43701799485862,
900197,Eyeshadow,notebooks/Task1/dataset1/images/900197.jpg,True,156,177,RGB,9817,75050efc37b69c6396af761ff55f4bc0165c1a465bb6679ef6f59cbfd9c08ec5,2f7392fca149b6fccc220bde17c9f54c21f1a2985156405b40ad76d662537316,dfa0644f341ff299d5facad6e4696ee59728bf18c6211c1beae4b876c4bf1cf7,8d5b6e0ad394b8c3268955cbc1bc9effa711c1a99cb540c05c85cc31ddb9b460,12858309971227456208,4.06294058408862,
900198,Eyeshadow,notebooks/Task1/dataset1/images/900198.jpg,True,201,200,RGB,18050,8b029de625b149105a72e84593fd64b74881b02e60591bb25e160c954626f357,e371010e99da17e54ce44abc7ed971917dcd72761014113e632971a2297b58a2,0e68f57f4472cabe25122c489b2b6621f36a315f76336000df36af1d7271a426,702ce6ca7c5bf36d45449c5473ca77e062161d97f435e4b34cb53e3c71bb0586,4101207416969783843,64.49624060150376,
900199,Eyeshadow,notebooks/Task1/dataset1/images/900199.jpg,True,163,176,RGB,10478,8721b58f275a9c73bb2471e4474a3f7bf15e7809a1e0da6e8a92b55381648501,80555b51bf60f5d3d59dc50af4021e2b9c067e8b10faec8e3a05765e8e8e8dbb,fda15823b554339ec3c95d5b1615010538fffd64b9083c7c6dbdc399ba008178,10c9d0ce6ddad183ece605712af56cc6ee904805f4522d8a23c70d877c14ee37,3933625216534319296,149.18694362017803,
900200,Eyeshadow,notebooks/Task1/dataset1/images/900200.jpg,True,193,174,RGB,16548,5be9f0815936a75df8df692b2f54f63fccf48a6a8de5ee36dfff184084e1b645,5ca14bf8c409f1badee24936d72b2010cf2a3cfdc4acb45901d0d42366a7cad7,5335e12943b379070da62aa1b95998c91e59476b852cc0e2ae677a4b24c5eea4,bd0acd9073427f00e40c8940e0ca01e23c67c192f3a6c0a52ea6842a9106220b,8993653236671492576,101.24109589041096,
900201,Eyeshadow,notebooks/Task1/dataset1/images/900201.jpg,True,122,152,RGB,10735,97613375da1811f68d92cbf64d3f46d5ec95f8f90b707b721cf68b6b239c71a6,6c13a458bb4c6c1793ffce5208b7da2b120e55da7bfe1d2bea28fef281eebcc0,423703edd9c6500b6dbd67487acdc0ae7ec3ecc1844f8a2381fd2759a80b56d8,26151aee13f0a84ef53c235abf2a6043a511874df05b7e59173be2a5df2e1846,11799071099660202938,45.19424019607843,
900202,Eyeshadow,notebooks/Task1/dataset1/images/900202.jpg,True,229,251,RGB,21872,e906cdd5cdb934c74ea22e1a247bf1e021b3af88741b474c8f758cdbb8a69c0e,344a8cb98e872b2d01fae51ac5d31967be566ff63d63b430e0dc5d34c9de44fb,0fdf62f3ff32065cbb8c2c6cce96848b8a5af601c2e5135b1f5b6f4343d4ced7,eb94f31b5f25ce313d521048dac853b72671291812b520e8d7efe58a525f6151,9450072448738842972,102.77022315202231,
900203,Eyeshadow,notebooks/Task1/dataset1/images/900203.jpg,True,112,132,RGB,7693,7501e6731db07e553ab6fe8aef8f7e27fbf5bd75253e45c4bcd1f897ceed1cce,7ee772e4b4ffb1c060b00b25dd7b171c509585059765bdc87919ba4fa77ca8f1,909e5fcae87c7c5b02a82bebd4936ffb5a0482369b8b9e51373503850a46f805,bcfd10f763d610d9fbe3ee32e8b9c12e63d59ce6f383c5c1c3e8f69653c0b919,9239483428597182109,157.43457300275483,
900204,Eyeshadow,notebooks/Task1/dataset1/images/900204.jpg,True,113,121,RGB,9505,17cef5410adf9ea801092b0bcea167e7c2c67af75e30859faa16f05ae31112e6,1fae41e6cf22cd45111d236d84d825af658fcf7aa42ee782ebb19f70c2a27a3d,858ecd3e57073c787d0d170b1a7fc7202831945eb581c126ba807e9026ffe1ae,aafbf954ed63f5f848f738b9165f56b5ffbfa6098c96cd459fe4e12ab7da2ed5,1353486290967213676,92.7507183908046,
900205,Eyeshadow,notebooks/Task1/dataset1/images/900205.jpg,True,100,121,RGB,6870,ce546d392de8450eade7cd20510a4b73da47b646c1711328536cb3fa7cd2726c,70f4a3f236d1603c3398c7831532cfb1523d4bc54a7014a2aa93b3e7ff2bba2d,2839ed494259a2bdc279b79cc24d324bf915c85872118eae8f7836176b1e9e15,8dba573a2fe0348c0db28735e84b11300caedde469d8866098d526ec0d2bd303,18408838395725890584,85.82115677321157,
900207,Eyeshadow,notebooks/Task1/dataset1/images/900207.jpg,True,119,120,RGB,7126,36f5007cf4c2d3c1d0c1dca149e7d3ea0d55fdcb00ca57c021901403731c79fe,cb72c8ba12fd4c3c05a0b716a12b5ff8216dec897f5b7ee47cc7b89840915f5f,84cb8b938a3f24a80de01b39c96977d5b03f3da1f168a23eb827f1d04bdeda19,8371c2eb7f02ecb6d6dc0bd0afc9fdfa22d026b98102c3af66281479fce01645,17979230888169451523,133.8382559774965,
900208,Eyeshadow,notebooks/Task1/dataset1/images/900208.jpg,True,137,137,RGB,8647,adb937ae08903f0151490b92abd3345d076d8ebeab8985baf72cb1ba093fe63e,0da83f0693cc1aaf34fe71181940fe77d0b6ae4ae3d47bb4edd97fdbeee8ed6e,4a386c1046d007c4607bb065feac6b06413381beffcaf94f960452024fdfba46,67e4bb23e011a507ec6c48ea58f8bc969a050d16b3913c11ee7eb88f908c1f15,6936308581302484926,197.26654411764707,
900209,Eyeshadow,notebooks/Task1/dataset1/images/900209.jpg,True,258,250,RGB,33380,0a353db9831b24454741d108158a3d833cdf012d044287bd74a6fb8278bd2e4b,eaccd7a1f33fc38b0546efc36e301263c08e75d88f6dbcf515493dad77dee977,3bfa5beb59c54337dbc30a4c1dc709ad75af1607d95f3e90dca4db88954818bf,78c556f01c3d6978227b7efaaae533901ba5b9849e5e7ebe67a66a8db491a8f0,6068979773338839472,68.58168642951252,
900210,Eyeshadow,notebooks/Task1/dataset1/images/900210.jpg,True,99,129,RGB,6594,463401d4c7598fd59f4160b5d5f9d8fa5ff324e9ed0221a6eac8077124e914a6,ee87c8fecf3012bb1b3ad3af4dafc2951c284e45c3a69350dfaf022b77856ebf,fad0a3d314b2b1a1bdf8fd95334dfa3f4c89a0a219b8ec82c050352591ebff4c,b3a433b0255b52004f7d028aff402bea14ca39892aae9c58ed8d5a10018638f9,1089374651835414194,129.19247787610618,
900211,Eyeshadow,notebooks/Task1/dataset1/images/900211.jpg,True,127,116,RGB,8094,7548f66f08bbd5ef036d589d2761457dfb048d78b152e830cbc665527c5c1458,95fdeff73c823fc7d1f46ff56832ca59743991a73d19d71a0a20d664cef4002b,03765176cad8b9bedfcf9e8c51cbb76b0d41ea2770cb6a301d525fbca6998ca5,0f218bc8c748fd168e6f99f3e80ce8ac23ca34ac4d73da42e7a886b934a5b80d,7510087874199725153,109.72060857538035,
900212,Eyeshadow,notebooks/Task1/dataset1/images/900212.jpg,True,132,124,RGB,6729,310ccf833408743849e22739d125da0ba4e494752a23f7e6ef77dc4304fdb42f,404744e6faea7a71d6134d4ddb6260048afd7ba3111aa2a55f36284cbdaed40b,257d606179db7dee72231d7ef08cafd8dcb481e54d30813703e8be4bf1ab43b5,077b254de216353debe5c28cb93fc0b46ea6c5c85e068885c32c3b0ab3abb771,1332075403335620555,153.54593175853017,
900213,Eyeshadow,notebooks/Task1/dataset1/images/900213.jpg,True,195,190,RGB,15394,b2b0b01382191acff7fe10a9e755f5dc5be5b671b67ee53734ce8d2896fd9972,0211c2f65bba9d491ab110bffe0bfbe2bdd1a098a3a87d2d08e5de233e14ce3b,1a98716e1edca198b58f9c5032ed77155962234984451fa6a27c1981ce38a043,e5b3cf027a388118302b798421f9410a8e3cac1612509edf76ede799f1cd041a,12651758398329157844,161.81505657093123,
900214,Eyeshadow,notebooks/Task1/dataset1/images/900214.jpg,True,64,206,RGB,7780,dc3089707a8723d7117eee791a2b4642b9b3b50ca02130823cabfbb251cbc041,dd4d8b85433f944c37da0847426a9c11a1f57cf82299c7902f4016fd48a0b67d,784effadd4dfb6d08f33b982787b275ca4e71665075fda5716db86c4390e1812,63809fe37a25719e88b58fb120fafde7b002a942f05dacce445f38a90bb7781b,2652087438807533007,104.49378109452736,
900215,Eyeshadow,notebooks/Task1/dataset1/images/900215.jpg,True,121,116,RGB,9191,8fe72cd72410f3e8145203618ef6ebb756be63ecfe6ba30403120f0d49643d60,e977964c59e0b17f48317e1bae94b845a45c6f4b71fa85e1ae7808b9047df046,06bf4ca3c92a997d4eb0c3e2272083156b2627f023debbcdf5028ac02373d7b9,a5b1f6ba57c5f7b1cef893b17d205d0073bb9e548d3b2fc1899aade24db24644,10955925052513245467,164.7354609929078,
900216,Eyeshadow,notebooks/Task1/dataset1/images/900216.jpg,True,205,213,RGB,26448,f1b14260353f02737b0f981812abf7e8e698e970d288a42eac16d22a610188ae,a711f97d96489ae5b6b29ee88be0373724ec7f30cccbf50844315209c9ad03d5,109395e8ba2aeede26b5974558e386164861a414e39082224ca69500bca19737,f9bada936822be16aae5aea114cf5892a05e92995908be3ff7a28c472a929adc,10165543058342227817,128.53685897435898,
900217,Eyeshadow,notebooks/Task1/dataset1/images/900217.jpg,True,169,157,RGB,13992,608616bbd829703fb743240320905ada2ed90eddaa63268d8465321d4abb3873,6deed5ba7884abcce13458887da6476244dabe9b053e8561ea8123ebfb440f18,5ccfe6bfc07a9c2ca420840002c4b317833d7e2b52876a1a463ea7d05008540d,dea7ac3129e30838ce49a55f7c8b51e83586ad81412f3827d26eab5551f199a6,12099330459506112986,94.74125514403292,
900218,Eyeshadow,notebooks/Task1/dataset1/images/900218.jpg,True,118,137,RGB,7525,03b5f3eb06517a6e1c4508d0f76527f3f216769ebb9f5a5d40d184dad7c5a98c,89d94f15e704be40a887649df20ed3876d260fd3ad1f2f9c5b876c6a98d62c80,64390fa5e7829d690525bc19237403dacdd810ff9bbc4808e93060c9cad3e12d,58728102d5782a516f14a1d6a562d9d5d3cf60b0ce8d9538cd2ccbb0ecdf1678,6601475285152636621,198.08036890645587,
900219,Eyeshadow,notebooks/Task1/dataset1/images/900219.jpg,True,153,140,RGB,11640,aef82edb581bd7da069a14795c475b1a48fb6a4e490b7150c87ecabb312f266b,a99b63ba5a55c8de6f4b6b11a84dcb4957d9b5e53df5eda64797c4e02a1b92c0,8a537dc5689ed38e4e72847db26cc98e622834f248a186a274a9f7efae661bf7,afdeb615ae9a8a8f22e280a93124c52c8b9a4e9a29fa78e3e796a90700625989,15993677062268046578,58.233676975945016,
900220,Eyeshadow,notebooks/Task1/dataset1/images/900220.jpg,True,204,228,RGB,20005,c7a47e078cdd1859570360c9b0f0e51bf69b86410efaae7b5c7f24d601e69ef6,94bdb9dd2534190419c9304126f202bb7e00200c77e46a57e1fd0a2950e36a5d,62bab8eb22243b9d3775737c4ec222166386c0ba549bd6ad824dd30710affd1c,f75af15146d3e976dcad778e4559e93692b75a44b3853eafe4f9fe910efc5ac0,2551813582343412042,81.0670542635659,
900221,Eyeshadow,notebooks/Task1/dataset1/images/900221.jpg,True,259,259,RGB,30573,2e3864373e01f991bc74ce5b3329e90a3adb51b7117b561cb993c1bdd17cdb20,5e8e3859dfb80bac4ae43a3f350ae91b79f45af8c88e69301ac24597ede8d3d0,8c698f57c7ece36bd68e6c26f791a2af483d9736b65afff712d9961dbccdc718,a68b9ba5d7fcf3ed7f3a12e44f10945502c991b8555f89cf0e3350f8292e398a,16101250671183109871,102.12144702842377,
900222,Eyeshadow,notebooks/Task1/dataset1/images/900222.jpg,True,104,89,RGB,6194,6eed2b116f9c793b0e0eeabd84c0aaa8261559aabddc3711256264cb658aa462,dadd3782157c282363b1100674afcd534f865950b52ca127b9d2d0db88a9f1ea,0a37853a8dfe049cb82e760e089358ae511c0e04dad3f84c32c45bf57022f830,7f7136f10ec92794310ce0c319cea5ebb122f5cc3c2da04cf4ed50512dad8ca7,16313519759222806672,65.98167539267016,
900223,Eyeshadow,notebooks/Task1/dataset1/images/900223.jpg,True,198,171,RGB,16169,bf58bb73bc40885f3a05ea91377a343608cd40e278fda4779b616a4bf30541dd,e26d6427721309b626ab2521c86063c3b00699b4f36aa3857aef082e0ebe9234,414276e6848e06132ea1cf8d23b6b3a5318594783deda5e2d68a3c5c4f208958,e8be306ca4e5d700882d41167ace1681460967a58444f026c16641c27c669e80,4185941179440512568,155.75930971843778,
900224,Eyeshadow,notebooks/Task1/dataset1/images/900224.jpg,True,155,156,RGB,10608,67ac9b300f8884c8a914c851b6fa9633d6d062d82464f57340dc3992b5357a9e,f7e5c0ad518a0285bab82e8089f384689013058a3e0cd80678edc5ec64c34051,56f1761392a082c40fa65a0222b8a9973db44e43d648ded5bc1dd3dc08e6052f,303160cc9604d675d0f21ca2217de372d852823d898fca17a43aad62da150a81,6047024594989185318,26.5933117583603,
900225,Eyeshadow,notebooks/Task1/dataset1/images/900225.jpg,True,223,221,RGB,20382,0d3ec1de20d829720e8a6f7e85b9f8661acd053451a007fa69352bf6b6acadd3,b1dc9dba85ce50ec17b0c8704289ec02bb3ee5c5e84ef9f7f5895b1ae23965e6,70a48d1269b23522a32f96980de81c5e0cc430caf65d1a205c46e12b0e95736e,95d54cfaf105304cb2565d557437be4411f98027bfa7d8bda117c5dcd92e7aa6,17499198371861292549,35.88763197586727,
900226,Eyeshadow,notebooks/Task1/dataset1/images/900226.jpg,True,186,162,RGB,13348,47b7b67403be0a09e70c4f93e8067d1a9884c00049db1335314c82a2015a9f0b,c11587c8cb79890fe4f50ab362e17ab7765964d29dccdae90a361b7a7d5ba9e3,f4c196556ae462bbff0d94b0b99b197f51e7b377407c5fa0bf5818ba56ee8ff7,510c880fb2652e31dc614d2b34dde54fa1122b19c0c2279881fccfe253f0611e,2163738987442070841,125.72687861271676,
900227,Eyeshadow,notebooks/Task1/dataset1/images/900227.jpg,True,162,214,RGB,25938,759184e531d8ce78f567c470b9483b6dc0da7f4fe32bc99050c5dea9b48779c2,b15750f89b4fb0f5e47aa6ec2291a48e664f98c10c23df3ea4ddfcafcd0dd820,c102c24dcb5b49d556f0e519398f06a6abcc91723e9db311a7f90dad50afd7cb,f3f3d34a3f42e860074e467b9fa78531bfd94f2425a8a90c073171a8ef78f223,1951351265537930917,134.10472370766487,
900228,Eyeshadow,notebooks/Task1/dataset1/images/900228.jpg,True,170,162,RGB,15751,326e889cd819a9fb3377d95288f0135f9a479b96232c1eaa1eaf112ed25a2122,d85e6b38674ffa2e243d6c3e2b1cafb37c191840c7e55d41bdd0b05ecc90a170,7e205578b68ddf629f873870e26036364d322109e72c07383773c56305318288,5120028318847de61b7532a42f753092e47fae2d61d344d0db60cc5a2aa2b28d,7240439324014388659,146.1888888888889,
900229,Eyeshadow,notebooks/Task1/dataset1/images/900229.jpg,True,182,186,RGB,13760,f3a7cb0f6886269fc8868866ce0aa3a1290678fb018f020665dedd3353d081cb,d4a88b12a1a7ddecf4e325241eaf4ca8304c45b66a785125af1ea5b6833b8ed8,4018958e15da970131e4257983108f797979fb4bc8d964f937def69fe82ffe70,1ebe97723232c745a5909abcba0a57f99f5357440af31b07f7c682ce43b1d857,8963898468853018777,122.47768670309654,
900230,Eyeshadow,notebooks/Task1/dataset1/images/900230.jpg,True,196,220,RGB,18849,60c312eb1d250f6d25ff93535278b85945bcce02dcb75e69f314b3fcdef378f1,c8be4b1b56b40b038786d66dd549ecd19c07931673320edc0a11d4adfa27a914,e4222e422c9932760e77a2f04c56633998efefb0e2bb227e768a905724399453,5b7f1e9386c026341f54d930ecdd28ad30cb16721725dd506cc4457ed174bc77,3756389970085181598,38.741143317230275,
900231,Eyeshadow,notebooks/Task1/dataset1/images/900231.jpg,True,198,153,RGB,14564,47af124fadee0aef8571591b60c543ef7002807a6b436db476ca90f61bab32ea,4bd327309b5ee85dc2be46ddf1db8d4b206d67340afe94a4f84ae2d506e40361,bc231edf6bae3c7a9897bcc373e0650fa5315eb94d40937e953c07b67156dcc7,b252a55729b6b05e5505a3659be4c4f996bc08171e2b464c2f3f468aed996361,11176162562224434176,57.25644699140401,
900232,Eyeshadow,notebooks/Task1/dataset1/images/900232.jpg,True,165,125,RGB,11499,90e637a0a7dc638f8377ffd3f92ee5de66ad6099c5e2562ce55339adfd22a1d4,a70daab5ed2c81f203493142a63bd6cf931acd221f0b3327f7b5ecd348ed5cf4,1428379b3f2cb98a42c79832ff698d74a5b7d6aaff704398f8ee53d9e90083e1,2604ed9686bce31603f6c92513530fc3bab28a1ec42ed526004a4c1acbdedd71,3992130548250756485,155.77604166666666,
900233,Eyeshadow,notebooks/Task1/dataset1/images/900233.jpg,True,118,111,RGB,6554,bee1a7a40f73f92be12bb996dd2f85d1ce0c9bd1683a817bd58af40833325470,ad7c43e1f579780709aee38c050df0a8c2330808708a6c988552f5f11eacee98,94dba9a5d6daa11ad65c6ecebc996a73654122d15ac46ca761fc1b93834200c6,2f5b4f6faff74af1554e82c3557ac486506aa23cd7996be382c1ea513dc8860e,4488764309351113721,198.60425844346548,
900234,Eyeshadow,notebooks/Task1/dataset1/images/900234.jpg,True,140,126,RGB,12001,931d2002d6c64a09d04351267e559d2a57fdf908517fb0644a63f6dbdec32440,c136cfc9723951fb720a45b896f4e2d53c49c2c1aed3af9b8f9d96938022804f,0e23e3ed4e910c5bd6d3faf7aaacd6571872aed55fdcd4e5df8ee4d026f7fba1,90299c260a39d5533f02e501890cbfe808a78577b609e9aa0f59684901f54601,2532039845394298915,156.635101010101,
900235,Eyeshadow,notebooks/Task1/dataset1/images/900235.jpg,True,183,163,RGB,21364,058a0db9993454a0a228c16cec90a40b58487b78122a18a799494587b28fc1f7,c7ce8333d55d6f0cf74c06fee77e308bafe983932099885be59d1d05f053aafa,d2e7d7d978c0fee49f411a3cf1df3d1d19cd71bfb7202cd15bbcaf807fb14aa4,b0afc262a4a7e694955dd1070773f67aff4ea4e102455335c593b19b6b355063,16513970641755283120,130.8110465116279,
900236,Eyeshadow,notebooks/Task1/dataset1/images/900236.jpg,True,123,63,RGB,5045,ad1d0e35b8a2d50e479dbd52e94c3c61ccec6d2c2316ec2cc04835843ad6b00d,5ac884c45a9d1795fb22905eb289ca84ea14fdc3d7e37bd8f8d8f55e0cdb211c,f39f63ea17325931ad68d5e1cf0ebcf7bf588d77bc9e13bc12eac3ae5cd56f91,7bddf82aea4c7b08b9b24ddde7203de2fa5fc69dde46e7baf9b3aa422c306ae4,13188588405518406279,80.02898550724638,
900237,Eyeshadow,notebooks/Task1/dataset1/images/900237.jpg,True,124,144,RGB,10577,960a9b6a9bed3af0cb1f61937d9b1ff73dff25bf56f670e82b5e7276897cfe07,a42c6c2c9ae4d7bfef54b005fde7c57f55df11f7b4666138387004b3c8acfcfb,e9e888ee662bfe5a2cf961a5e995716c43bdfe5423b977a58a15de031c83d53d,b9ab9c6c244e8ecd46e4366dc9b830af5c4e51cf49cced17df9c18cb8be1ed54,472364687754545553,124.60213032581454,
900238,Eyeshadow,notebooks/Task1/dataset1/images/900238.jpg,True,132,124,RGB,9229,48b2943f2e1a57957f66b667c010dd6f283503697907b6de330534b2f1623ecc,249c20a9e458ad3afe0a7aef16a8937fc5445426b217569fb5b8c748e1c6d094,3e14967b5b199bff1ce908e911ede020baf984c6ee61b97fd2b3de59042d6090,bf25c3bb311ef7412f69c8f033e5b15828459de69502231c3d63a8d23fac2e65,11320215736118853251,127.5485564304462,
900239,Eyeshadow,notebooks/Task1/dataset1/images/900239.jpg,True,106,100,RGB,6520,5e9b963585cd60606cb75610a94ad03d1c4a7b59a35378d42f65053734814370,a8ccc0f3f877344f613c7292d6ecc04ea382e66f72369b8dfa1621b980f1825f,de8632be8da854134bced62b1979ea86c9b058dfa7feaec1e4a9ccf5d5f81b67,7d503c17b07a8a9180e0b67fb34a2dfa2edbc746120cd90a47854299bb6aa7e5,13038195291412139481,87.84313725490196,
900240,Eyeshadow,notebooks/Task1/dataset1/images/900240.jpg,True,153,176,RGB,11976,9a2e44c3ea4d1d6b1c64aeb41fe804eadf674746488e1cd23e59d79a2b74083f,eb441d51c5f8e4f607e1a062c675a855cb4a87c5eda40406b4e031f652ebbb4f,5ceecf62b4de92a28728e9a66a0a3c56b9e8987d750e191068a571d963701d66,18f17fd19331bd96fcc1bc5ef8a2a2255cbf9468664ba2509b3914aa5fd7a2af,4393411969917707464,40.313455657492355,
900241,Eyeshadow,notebooks/Task1/dataset1/images/900241.jpg,True,195,195,RGB,22113,61ebe7ae3319ef6c4daf8addeb6d66893f88a249ea6dd989dc9326911359fa3f,cc1404456a01b23a28123cb6ea681567705261988ceac05427b33fd0702b1f77,2fbfc5f5d2c50fbca27a591cedb48725788aa8cbbbb16651a7a4935eed445ab1,5619d7dc0f6ce146470316dd8487a998dd4bad0721bf62cb60b22e2f849adcf5,12936321896139834131,128.0996563573883,
900242,Eyeshadow,notebooks/Task1/dataset1/images/900242.jpg,True,255,266,RGB,35761,0e9ae83a805c6b65dfb76d334e8b67b2de87d861dc5eb3aed53dd0d91a507e9d,3dcffdd53e5f49f0f56e810f9b5288e8b5e6dd54c36598f2139a85dd1e8f3107,b302e5939cbd2d303f9a30110e3ffb0cf003a7c11f20028b1289aff3db9cc139,8d16f272adff3af20ab4f7c9d659e5467ad38d6be091577b4bd979722644dd4b,4195518057007998304,48.00610147719974,
900243,Eyeshadow,notebooks/Task1/dataset1/images/900243.jpg,True,151,169,RGB,17110,b3b4d4dbb8fc8f81e7e73609825d9db2c726e014843fe6b2d69c1add3ed85936,58d22ff2e2b82730f4eb71e93e36f84818dc6ade8e7414b4d691d41128f2c4ee,156a0ddecd778cbb66fe0d47cf3921f905cdfe21031a5a0257b25f568f52f509,0f071e01f31ebef5f50c8788d265bfa683b78f0f02940e227e7edcbe692297c5,15130318632039319067,68.76519916142557,
900244,Eyeshadow,notebooks/Task1/dataset1/images/900244.jpg,True,273,273,RGB,35565,9986368bfceefef22fd1456ae0faa550b7a0c3fbeabec86bd59578f8a6beaad4,60b3cd1c56697c56c7503b43b11a4435de5106680ab91878b3b53c43063c21be,5599cc95e61540cf3d6505404413304b576c2f158291c54a93f750f0c38bbfc1,ca512ae9a796e6e23bfef7ebca584cebe01713529e8c2a0c5253493ecd33bb0b,12769377011677878584,57.90931372549019,
900245,Eyeshadow,notebooks/Task1/dataset1/images/900245.jpg,True,208,151,RGB,13691,b2160854062035249e415ba8fa49b1150b6c169155247beb1de4f556d52463c5,68ad4614fdb239acc8557261eba7f619ec98166eb91f302acdff90aa1cd74fa1,934705eb3dadf608e3e0c9e9e37f1c2ba524493676edb9a72d51765275c70c5d,39527f553d03ac0d645387ea3612e744fdc7f5d7811df6134e4f58dcdd295589,14053208950573850137,163.4607843137255,
900246,Eyeshadow,notebooks/Task1/dataset1/images/900246.jpg,True,201,198,RGB,16830,1bc50fa76f097eec62da8b36e598a4e1ff205fcfe18b8a329ac153e0dd608fe6,cb9625f4e2c44307c5e35ba1dfaf9bb645cdcf7537c795108b1c6d9463c2b7be,e7a37246b396016d5af6e1e2deda81254203db2a27fb9f96c8b62cf7f19e7161,7596b9bc38a01eb3fb0e05ca04730ad402224b63fc4319f6fd5909b6b3cae92a,3426894564530805298,195.13182199832073,
900247,Eyeshadow,notebooks/Task1/dataset1/images/900247.jpg,True,227,243,RGB,20762,ba3aca0813408cf2422638e7e3113bd50378afd54642a0c7ce230da66f9422fb,8f5dcef3d92244f5535c3d4ea6ca6db52e722c82a9ea3f0e1e537d71c9c7045f,1f76312feb053018e3e53353ba59bd0c8f39aff05772e7c45d941cd5e1bb26c9,60f334c3c2d55fde197557126406d8cfc45f0ad48dc1906ca61b5b6bb3e8b69f,14523470304499207942,123.75356125356126,
900248,Eyeshadow,notebooks/Task1/dataset1/images/900248.jpg,True,141,125,RGB,9582,9424a1e287b9ce062a6f968d32616aa7d72dd7ef646c11225bb1a9f1d86966e4,ee7cf6a29cda8aa70d6d1ebaf7947e8f221752c69baad0d05924d50e388028ce,d7b2303377a2aa4b8ea5a53d60a3bfe6117d7338fbddaebe463c791fad9c2e62,96b9c41fe10a0cb2eb84c3aff9568bd89cc7d27fe278122f74a1ec33dd96fc54,2894891230086456488,100.23358585858585,
900249,Eyeshadow,notebooks/Task1/dataset1/images/900249.jpg,True,116,125,RGB,9247,5bc2ceaeebda17838ef48573ef4ca636bf447d7e7ae985b152d69870d17a8a3d,c3054b8cd2fe736a4c47a5669208151260815adee5850065670d3ebe8a0f067d,04aafb78b57d4ff1db0e01309e67463e9f3000a25020c40f105677a9778ec69a,4cb8e55e7a36705d18f538d4f81ce4211201e9b16a7faf379638f8ee21951d64,4971112936841203809,89.99232914923292,
900250,Eyeshadow,notebooks/Task1/dataset1/images/900250.jpg,True,214,204,RGB,22255,141ebd14c452d839681fe8c2aac0e95137a65f6a847a8eb5af21c60621ff32c5,e947c1ffc6441fabf8285873c5c49e8cffb6c824963480ac4979d2f0aad506d2,7b1635a3200054c2ae26843522a5c96326ad4c5fcba8acb099525bb44773f191,7b646e81478de4d801f35472bfdfb9a334336523e51f233f16e01cc2b4480a98,15678329158013717835,164.15144230769232,
900251,Eyeshadow,notebooks/Task1/dataset1/images/900251.jpg,True,171,141,RGB,12671,acc8f0c43dc38324b59a4bd806d4163b2d1d20279ec694ba1dee8c9d52bd80f2,9929221519fde0c7fc3d28b255472f7b41d283ae91eea9962d718af2e460bee8,58b79312de30a17210b5a4b3890dfbb3eb278e1c3b576b8bc656f3210f854b91,ae44f04f4a24a63472cf1ac6c65ace776b28847c25f3aaa9e73ba7b5d9cd3ad9,17508149689481522587,89.76612903225806,
900252,Eyeshadow,notebooks/Task1/dataset1/images/900252.jpg,True,128,148,RGB,10841,2ab0fc741d4298947bba00d79e1c497d44ff7a23a8e61aabd1f7a003f44f52a3,f3d4fa7aeefc5d0fcfaea81a7e2c8732fd21ef42d35b66ceaa0a3229d729f7d5,e184b9d5e2704e59bc4acbae541282b48bc44f3db2f4e8421e342d8438fdcf40,82b8adff415d3205713037acce35175e8f42eb69dc0bd9f4cc04f28f056b89f5,12011189046196630713,116.68126520681265,
900253,Eyeshadow,notebooks/Task1/dataset1/images/900253.jpg,True,133,114,RGB,9587,7899315f9ca33c3c479b1b5d118a7018a1c5a3ef9e9f501a439ddc74ee9c1faf,129154f829a55fc8e8c01e2472b77b3e806ed3a03dbd689c476e5880f980cb20,17e34254fb107ec1cef3f1bbebfca768f265ca995014e12ddfbfa435d30ab5d5,0251301fa81353d91cab10dbfd8312587fa6270ff3346d06614d02a6b6da7119,1587549855911811228,84.75034013605442,
900254,Eyeshadow,notebooks/Task1/dataset1/images/900254.jpg,True,267,267,RGB,28429,04f67ac22432d7c4d1bdf41bc89d0f2c2527f8a87d1ea082fc5d1f47d75b4192,a7d2d018c5b373a40e655268030b6ea0298f317f80e0f7afbb6ddd4b713820fb,08a80e5a53341de339e0aba2d72a073c9f38539cb198756c51c6d930613dc479,85aafdbc7af19483297a1b538df94a90880c6b3bd4a68e8939b210850ad3b0cb,11844854952282061210,8.331453634085213,
900255,Eyeshadow,notebooks/Task1/dataset1/images/900255.jpg,True,113,127,RGB,7941,8a94067589c70cec429c9af56a5abeefe791e68c129c2f7977264294d88f1577,46638077543b6133cd5e66b833c87e2ee857cc7fbfffed86be96802ffb12ac57,38ebaae83483f984c55612b57fa143b8d0c9c114f2b405e0a2318ca87a6079a3,aa9523848465759e0f537b64009ebae3c310b41200f15982689c9e1fdd23062c,13606168683882009653,64.62394957983193,
900256,Eyeshadow,notebooks/Task1/dataset1/images/900256.jpg,True,154,162,RGB,10585,a780e3a32a9b42055032d3eafcf98b357dfffc1e0196b7fa90051075bff9e002,2225560ed42c95c3257c579e2a67ec97edc7a8ab80aa789c8e69cb249fdd4ad3,3e177731841c578da4f9cd8e79003ab22434a46b9d96d151c04980e0badd55c1,00dcfec7793b35869566bf850d2bf9f26f20cedd11807bbf0e33ef5e934b4285,11501381240690164579,143.43577494692144,
900257,Eyeshadow,notebooks/Task1/dataset1/images/900257.jpg,True,90,110,RGB,6119,86f6dd568ef6793355782d96e351415a53c8f9996e14202c722d727363bc0368,7424b4cf66390453da819e6cb6fcba9a0da53c0d9a54ba652b50ea06076a00a1,ca25a9505c1cb9d934cd29d28082bacc1919297645a2720f7e3c255287b66f9f,d72a3c90993760a4f39ea078298b3eba49b2873909f99d45c3d86d68cc2ff817,9209807649994164521,152.00589225589226,
900258,Eyeshadow,notebooks/Task1/dataset1/images/900258.jpg,True,126,140,RGB,5923,97fc0859386ecc33b3a1866ca43feecacf7bf5004452b65bc4063ebb89f96b9d,ae06a12a341cb1c77636e07e719a77aa60560a610561b64c38712dc19cb83027,8e913cc646309ea4e0e8fd952df235065d88b714c03ed26984c20c8568297e7a,e76a1e0d96cb4bd2467e81d6d22ab1fb057256b30982c9ce4e0fa00f4a187acf,11845154869984245247,21.29229797979798,
900259,Eyeshadow,notebooks/Task1/dataset1/images/900259.jpg,True,140,151,RGB,10769,89b13c01ee3a96ea53fb758d5ac0fe6b4666cd9b6f4da727d1a2199b875c9c89,d066e91c9b1a071da812eff279c3b99f68787a340095370def803d6609c4e594,32f3756b10ff0880a6a27c3357845c724d017ac18885d68c86ac8d9571aec72d,eda8752a15c58607d1fa5824ed579df7a77c508b394d61f06311016d4a6ccca0,4283896067564010129,68.78143021914649,
900260,Eyeshadow,notebooks/Task1/dataset1/images/900260.jpg,True,141,163,RGB,12235,f9a786ddf2c8ced2364fd16bfb4de727e482a51717d13a731ef08222c4645ba5,82cdd23a9f90651431e3b3991e05c0b86debd722870121f8141abbaa1d4a8e56,71d4de237b991c31456d75d12dcc1a750affe286d20b0a87cf2e37e3d88780c3,5632933d5a065016034381c8cf1b017a7883a216d7f7c4cd6df5884ca0331158,4098436846372442292,48.567328918322296,
900261,Eyeshadow,notebooks/Task1/dataset1/images/900261.jpg,True,114,161,RGB,12616,5d4a0ccc8686cec2766054b3a5795d6fcae770e43a39a0e43199f9c5c2cd5025,9116eb4b59f534d1e4016af0f8366a06b1ca887f5e5b6a688a0e8ed17ff9220d,fa7d553a823d8132b35e8ba025ae4642fa42d3e7d9dda61f9814f23efdb5c80a,9333495fac1afde398803b4966dc123f678db9bb8809d84394d61c2c525b38f2,12856820792153894162,95.55433455433456,
900262,Eyeshadow,notebooks/Task1/dataset1/images/900262.jpg,True,230,220,RGB,22684,98261de837daa22a97390d7c8a8ac7e06e883546bdc509f304ebe8976e22b60c,4fb83c87fff288b44e1ba62b29f7d9ff7e0a0ec34963f70f21ac72ca9ee5ae7f,f9f3b17d2ce392c64ba5af7d1e7e5f435f723700bc8ed2cb3793bc829331e5de,20f0ea95a79f5919d6a6f046a87622322a11eb872fc23e931a110f4df809f347,11128949763707292454,54.892113095238095,
900263,Eyeshadow,notebooks/Task1/dataset1/images/900263.jpg,True,149,136,RGB,9216,da350c525516e1299857912628439d363b0e4dce8498018cebf915d2d4533180,aec3ded462d2513f140ab312f082e42a6aba9fc8f1ff64fc0b5c78bd451603bd,c4c569140f8f62adec6fe4274a7cca36c1218cc953ad5cdf74facb57aadf5155,5b49492aa34a721609cdd2d20ce508e8b64b6902a79f28659dc90d9eb45f0c8d,14184592706080905457,116.61248527679624,
900264,Eyeshadow,notebooks/Task1/dataset1/images/900264.jpg,True,225,171,RGB,17741,bf82df9f13a6492f3afa4b77ebd1059538ff72c2581bae6d7725ac051679706a,15e91d60abd3ccd925eccd3a0d9b9f8473a26edf8803b62dd4407f8b96ad5e66,0197a2e79abee0cc1710073000419efe317b03bc33074ce9713a794f442681cb,fa7ad3ed269b1e7cbcd3578fc19e294dd3632132728adf7e29e29831cdb42457,14649432116426818628,40.14678510998308,
900265,Eyeshadow,notebooks/Task1/dataset1/images/900265.jpg,True,77,111,RGB,5040,649ba8ff72490e6c699f3d63fec8ac62f3f95c34fda1fadd4e83762699ab2a2b,adddea1a2324b6910dd6aa2de92452afa650e8b1a4c5cd72b13dc94df6eedb8d,6db62fc37816cb9f95e329bdfbd8262a264d031040dbf394442ce82798cabf29,94b78d65bfbbff2a82b5bc91eaa20e9e5260ca55127db13d7d1fac99a9429d61,2159732086229985379,21.61200716845878,
900266,Eyeshadow,notebooks/Task1/dataset1/images/900266.jpg,True,156,164,RGB,12938,9cdb76cced1a26fde832d198f27a0c4d640d8976b20f8d67c37c5aa9febefe38,49f870dcbc5a3499a19058151d88ad8842912a0fdf6223547eb485973d0832f1,bac1258ba60b660ea2cebbe6abde17ac4631144038ba67e903632d744ecaa312,8d8f23ca53aa1c82fce5fe36199dd6ed4e2f221a9309f11e4f50febe3a1333cf,2088804623130222659,43.219601677148844,
900267,Eyeshadow,notebooks/Task1/dataset1/images/900267.jpg,True,193,170,RGB,17997,d48e494aba73a0ad04c798ddb2571f1364d21e523e623e6a66d7ef09bd9ea68d,1ec8e11c265cfaee4d16dbde26430f3cfe571555610062e9cf8ca0bed94a5669,8bdb43e5ed0d146ab924a734150aeed9a45312eb43d5c931dc085463b44bd4d7,c0e812dca04aab6818f9ec5c0d5afb5f1be7ecb3a9c7cfea9dc606e0fb1be316,2535866016959484658,152.90489381348107,
900268,Eyeshadow,notebooks/Task1/dataset1/images/900268.jpg,True,153,146,RGB,11257,61e9cf9b893a9dadf5c1f0049cbd619eb3b32441fb580fc75025a9eded695f33,8ffa0998d8eb01960702da31a72b366ef061ab5255c1571f06f4c3aefdb20e28,bceed179e8cc1c8f85f2334b384ef6b9d25a51d5feff71adb42b5c5ad61ec63e,5ac628a163fff3b9d3b7b207c18a0be941c1ca356aaf7521ea9a69472a57a896,16493528534277473520,92.92817059483725,
900269,Eyeshadow,notebooks/Task1/dataset1/images/900269.jpg,True,190,196,RGB,18301,9297a42060885ff02061866bdb6363f8415f8cb1bea22d520862edaf1fed1042,73aea232f6268e0e70b97f83865d12732c37137d589ad3ad5ce578c305f386ff,c1347f18edcc5357c73a6e766ea8ab31f0d2845b3daf2c30df28e6f7fd8b16d8,0449c8c21ab7da35b4cacfb4d6b13d7dc4e8452cc3ea6312019ab446197e92ca,940276292621520233,79.97829861111111,
900270,Eyeshadow,notebooks/Task1/dataset1/images/900270.jpg,True,176,224,RGB,15062,cd5b6a882e9fe187837f704ff378d505ca4dd153c5befe8c86fcb42217570a56,35c63251e0887b229ffbe03cf2f820427f384167e1cc04c6832ee0393168954d,0263e30cc02f6a34697f23093f3c842be97e74c3409b86437e2dfc248d4f6fb0,aa09b37c22cba886e69c0e2c1956b807684f5ac3b25c0e937ffa4f988823be8d,7528018410261469926,39.10929648241206,
900271,Eyeshadow,notebooks/Task1/dataset1/images/900271.jpg,True,126,121,RGB,8635,6bc239b01ec294679fb74f29b7822a012bad2bf63fdf9690f837d2e6f283ff83,5357f5c39d992c3b70eccc8e84f9b4d032ca5a3f1e215b207d350434db9ae457,61d3e4c84ee7086305f02c83dbfdf5bf0970c8daa57c3a0628a6c9de35d627ef,bc1be24d9c80af5b80b8613a0ecabcd9b8da05dfcf16989880fe92f2622ab408,12448756812644928943,57.09931972789116,
900272,Eyeshadow,notebooks/Task1/dataset1/images/900272.jpg,True,219,196,RGB,17654,25d9b92fc6417b37698fb51ea3e051b24f5ebbf14be2050be993181d8765ad75,9a12edcda43d79acd74c1a8c38ec416c076fbea438b7a7e01b3af7ce5f8fc8e8,f50d19bfbdd6d4193912f0e74c0d748c5ebde4cc1519551d65f4205788ae4c97,30de9e7e4118466cc83b355c098de36e083052011c532fc77656eaa933ad1e23,3974192540998241368,163.70056497175142,
900273,Eyeshadow,notebooks/Task1/dataset1/images/900273.jpg,True,138,133,RGB,9958,ae77ba20074ca290866369cf91144100682569e61ebcc5aeb62d0be3304c2678,f495d7db28fd15fb93cb020d691a4d8b923a2fcf1355fe57d969f0db5311e524,1dfa9b2301a5367c755e7013e5a475343d9c42263431f87f2b1a5973344c749c,9e48cdbf7807145e101bc0c3b63e001cbd3e550a58d512f718498d9a14c6dec5,6429439104024928562,24.249690210656752,
900274,Eyeshadow,notebooks/Task1/dataset1/images/900274.jpg,True,132,119,RGB,9764,53cce45eed011f68548faa4a37e87a3758fde4cdc1338a6a93749761fffd2b3b,39a3f0a12c16ce673cfc7e74316ce54635c4da5de0817bd94cd9cceaa4fc9744,76ef9428e4a831bc2205c8a10c1518038c8c9cd9848795f094052e894a48929e,92095186657363d6838e362ec55001ea8a2c72f7605d31873e247f6a6f42a693,14621438585014645203,69.80254350736278,
900275,Eyeshadow,notebooks/Task1/dataset1/images/900275.jpg,True,152,161,RGB,14807,9e0c0826afa8014365a556f8c24cb08cdc54091f32b1b9cef520570012f87de8,5be0cfb50bfc070afb6a1e1e2cb640c23ca4a99f12a44c4509bd74ee920df82e,5cb58c311b28e705f2ed5c6b55ea9fa4799156786ca8e6d5c32e0203b4ba17f3,9559d952831168845db4a382c2d40ed765fc32d3a0fc5ff5bf5d8688a22660fa,14745545714364019687,111.02143622722402,
900276,Eyeshadow,notebooks/Task1/dataset1/images/900276.jpg,True,98,119,RGB,7153,1c8691f54b0c96d019e46cfec05d94d88f8643be622ec66be8c93349ebc246c5,023c1b35d4eb0dd374116e30a7ab44315ff93c813845132cacfc3b022cf063b0,c35b21d45132598fb116e5135a480bc53609251aa6abcf69477c5dcbda8eb8c8,bff24290c68df2c4fd4f62a0afc99a33a56bd3a30b41b000ad50904ea87a3936,5100553918444223526,85.55503875968992,
900277,Eyeshadow,notebooks/Task1/dataset1/images/900277.jpg,True,241,251,RGB,26414,4ec2235691dead5f26ec166f36327e78a0443329c970c3067d03c56d8c075f46,c82ca9101842ed1791048910b3f0b6fcf4be898891028c00898b3a3e00fbc14b,28c0fbd3bad20390615025e2c993251737cff6f73642cf6783f7dd304b0c6404,03ffdaa8c34da3c9c8133d8d2dcf0ee72cce9de7c8a375b6266932958c15b62f,17557720313568408439,137.4061224489796,
900278,Eyeshadow,notebooks/Task1/dataset1/images/900278.jpg,True,199,202,RGB,21191,c630dbe7fb1af2fc32329d75bc10f0e9b06e087e2948528dd2580826c16b1678,e76ef2f9d86c2ea3a806647cf42f8fde61f82986b96a623c24e019bcbc703f80,88375bce1e5107228c8f1943ff34aca7fb1bdfee3e754b2ff578d19603e8ac4e,ff49694bcad4d2bbbaabb8fa84da4d1e047747ca0f28a00e5b12a88256132d45,9317120098037044557,159.62865497076024,
900279,Eyeshadow,notebooks/Task1/dataset1/images/900279.jpg,True,118,137,RGB,8256,d535d77d4a7032385590bacfc7ff11e8260014d4c02148782f7886804a87a968,09b4ddb2baf2928d3f92123443e60db2fc5a2f46e02f99013b28eff350222939,01eeafe40f4da43e88921c43f83b54fd92b3cd3201876e75d2e2ee5009442503,34decf34aa98754a35cdf86e10c2d572d674f49aecb912d6530747c067fef344,1216466511656284704,2.2674571805006587,
900280,Eyeshadow,notebooks/Task1/dataset1/images/900280.jpg,True,212,199,RGB,17084,e42b441979abf90c33af529caaf91d52348d20eb44afed1e84a822af681dc090,cc81df62fb529ef9a6bc5a58abe9bb855c74add10d84b527af8f3bb37516d6c2,6f3f9c9b0c2d390d4908ef5ddfc1a11209a54f59b218d4ded678aaa06201f369,6feddc0db01467f2cacc2c697632293d4bf9bab05d31771ce791e289f0c9cbab,10417437525749045513,111.80725346373268,
900281,Eyeshadow,notebooks/Task1/dataset1/images/900281.jpg,True,128,187,RGB,16163,f26540710d449f708222f050a671a0504a10a524362f58a1fb177a099d905747,2ea1c59c87cfd4ff33adbcc28ae3ef5e32a0b78e91adf347d5e750ee2ae653a3,d2aac86f84246ecec836954ea4d9f000dda07d1295f4570ed471b29c2eef76f6,6131a8f81b2a55f4f2235c62ab19bb25409afb58685d618077468e09e6e98e3b,362077129371641711,153.0010649627263,
900282,Eyeshadow,notebooks/Task1/dataset1/images/900282.jpg,True,191,169,RGB,14714,a2875d85478972775ce5564747efee57184e3c1bcb158f9b67af21354ad27ddc,75b81f60e1b011126185f3e53ddb363187813a41c503bf928ef038939ded0060,c0359341e52d72d6b9925314eb44ccd5104264e4b48557de166bc7d804bf1aef,6399f04c9cc46a95581b4d43d30bd5984e60b7b69427678a7dffdb36208a1ab8,13089664300730573152,68.63361266294227,
900283,Eyeshadow,notebooks/Task1/dataset1/images/900283.jpg,True,216,129,RGB,16838,cdb54d90c12d6845b0d396a540bf692e45625d7134e9388ab1c226f842900c4b,2dc16b1d24da1518d57e9554868f8dc6825ef21ad8c75c73bb6fe68f78446455,1ebb3ce7302920622e753b91420aaae9b2b3c8d7b8f24b76cfc2442c8aace3cd,efc7e1d89551b9e6febb1cd142dd3dc47c1cb631f81961032a74fabb3a7a1e78,4893686376153508195,72.47473275024295,
900284,Eyeshadow,notebooks/Task1/dataset1/images/900284.jpg,True,129,146,RGB,12240,002931afcb4fc2ea15763f670d95baf7fcb7595f049c204f8062df896a97913d,e20b1688749027b3832ca5ecdd7eb16503d202fcf00aa86fac897e7127a4f7b0,3a88a088e3a3b17174d7f10b2eb8074f1ebe1c67651d3647891afe3f6c0ccb15,61298b3a95c0eb9d7e3cad01cec47519e53d9a4f922f9551b7bca18664d93441,9663417677063364422,137.84310134310135,
900285,Eyeshadow,notebooks/Task1/dataset1/images/900285.jpg,True,192,177,RGB,15833,92a82534700a449d82f96e04e5fcf8fe3a69be8c6c96db30359886203f0b62da,d53afccdbdf8fbfb67cea3590d2a3eced0f5cc1751c981fcf068251cf509b6be,e3315e1879cdb9a47f2f6f4cc6363b81ab764b3e556358c476558d54be963ea0,7cf5faead334aeebd825eb0037d7f55cef7e3d6d2a78ed9fe694f4975877c9f5,11200439036180952759,105.85740236148955,
900286,Eyeshadow,notebooks/Task1/dataset1/images/900286.jpg,True,126,100,RGB,7236,ae24528cf44d9f085dd9a7636c03516f8d6509b292af329644553154dce193de,3f03728ac1c225c8db222c7e7c452a7450c64231d680418a76843f03e91b5cd0,4428598a84d543e2abddd97588136d45f5c034521cb9d5b3794f12181c322b18,760c1c8190381c44ee97d181c1c61081279c8b3d6e9bf3edc32c2788a2133384,649968892274676777,165.3608630952381,
900287,Eyeshadow,notebooks/Task1/dataset1/images/900287.jpg,True,99,121,RGB,9425,9577c98e6d0f328cc1034ae7b6681d6f37f9a67fb5f40963987d86da80dd5776,c6f3ef6fbe2698428b3b605f5781f384bed44c64f87f46ab2b757db4c1a867bf,ff253c6f89ca2f43ee139eb67812acc25857489edf219172071af44b40de6759,a9e22e939b4c4c557f439aa98d01938c27d564fea0867a902b8b11de634a66f5,4954351955817448034,84.68119266055047,
900288,Eyeshadow,notebooks/Task1/dataset1/images/900288.jpg,True,163,228,RGB,17049,7925665b40057f356cb542e4b4bc936732b5735392a458d56e3d4becfb81e23c,7d99356ae03cdb97bdeec422dc252824978ea731c258d347a13521058eb4e9bc,353480354b535841bc922b4cc434058c7189ae030484bdcdc3d7b571002a4968,35ae26a00e608a2b6e0f881d6892a2b270f069423db407930ebc9e5b3c68a2c0,14635319281366873010,79.80462724935732,
900289,Eyeshadow,notebooks/Task1/dataset1/images/900289.jpg,True,199,208,RGB,17139,abdd6936c496ab1d38ed7d3343dc417adeba837d08362e9a27380eb2f6b05097,f9812389d0c829f40c13532661a294227928b22166f933a7e99cd360c6f69483,8db2340a420c48e26b0d427eff6c6807a0de96567dd7b92a443b5918b21caefb,a2fa08830772201c61a2bf882c87a4de55e461ef0982f2845e9d77037ae74775,13021288423806528350,85.62551440329219,
900290,Eyeshadow,notebooks/Task1/dataset1/images/900290.jpg,True,224,201,RGB,26034,e7835f23a054c8e38772eba817275aa306dcf3fab727960f3928e210ab180fc6,12fa70b41f09bcb692b30e35a2828f7e86a266374ca6e29e1819f99a1d045334,b35acc54e507e1db143d6c17d7c35a8e99a5a3b7736e63feb4c987d8d971870b,e01a9dad686ff820d04e6b6fd1b1f852e7b1c2fcabb44d867246e741bdd53a23,14829671005510108234,155.04570527974784,
900291,Eyeshadow,notebooks/Task1/dataset1/images/900291.jpg,True,153,161,RGB,13816,78030a44ace40c63e5db6473dc11d3d0e152f020efca38c936d5bf7144dda808,aad3373a5fc6ea7bef5e9395b0c82131d25b723042c930553759d620f1f6a722,07efb09f0e239a2e3a49ec6f3514202c9d0cedb814fc3097f06e24ab98824182,c71704cbf90e24036692575eb3b8fdef369e2cdf3c7b3892115c11bd925de059,14990260020643070501,107.55715811965813,
900292,Eyeshadow,notebooks/Task1/dataset1/images/900292.jpg,True,133,199,RGB,13072,4fe4278ff9d8ea749966773642467ddd07ba2c32bfdc1509f07c6d3791c13e67,bfa465a0f2cf0e330e787710f59d02a79c26f38321c0142d46d3032881295298,f2c530ea1d523ea1bedfbb56023377880368626fa73b1f9a6872c9b25caf7d36,a7f64e9830f2259fc63d05944d77f1b86e5592f279de6dc2d668b6cd4863e44a,2319738577289949724,97.26464646464646,
900293,Eyeshadow,notebooks/Task1/dataset1/images/900293.jpg,True,124,160,RGB,10646,cae43ddaa5b6bdebf95c5336d461667746ae9cf584144210dc5705a95e486532,0bb74114a7f329b82bd40301ef55a1fd5ce7e0d466652bee5c7f3c12a89fa5b2,5a5010adc763b7c506df7c0286dc5f4c3f6e304e81a8bda8256f88aae9a7394d,7855b8bcf5c9fffc6621e6ffdf8d3a7f6e5ca35aaf870cdd6b8cd0b98b11ac67,7812977123013325254,80.29018912529551,
900294,Eyeshadow,notebooks/Task1/dataset1/images/900294.jpg,True,187,58,RGB,5498,f5cece4ec91bb480d9f9d4eec4aec216a2f0c102eefb29ac085d27b8bb99c91f,e0602f9bd2b2c42f0d4fe2ae3fd0651481f13b27f7c6062d1a08a6f8260d4fba,847849b852d68e31d7079e87a91638ea178e3a3b8b7b702c235e12f98672ba25,2d9045f3834164cfb7e0375ae8c8d06daf8a09284f44b2c9e66ac77f3266ffb3,4711154186563648601,14.670781893004115,
900295,Eyeshadow,notebooks/Task1/dataset1/images/900295.jpg,True,214,208,RGB,22662,b08082bed50bc22f9c82910fa66d55beddc47ddd75fcdc8b0e40c6f5cd040610,ea1557a62abd5fe93fec78929afe699a47c8497d07954ff2c3b4eb8a328f1c28,9ccad76d2e84aa86c35e54e2ff8a6934fd485c10e5f4f6585180b97cfc0b9a94,61add0482f7d7812f924fd0ea5ac1a5191a97eec9b8640fe3f56e8ca02ab4b8a,11813717334275908993,107.29603174603174,
900296,Eyeshadow,notebooks/Task1/dataset1/images/900296.jpg,True,126,136,RGB,7462,d7772a431ce3a5ff8b6dab3d49fea4fb78471fc21e854cc7a42a4ab5705b2d01,8ac4d6d97a64a4cff698ccdfa21a3ff9ffc5c2badf326e20c9da7ac03303b5a3,20a614517bd32d0037d99737cedc8e526ce7e3429169d9e312b339b6037bb3b1,f1593ef8104d55f5708e3c2e30bed8ea44c24a80c6656b00a22816e855ace634,7461523140256875781,190.62371794871794,
900298,Eyeshadow,notebooks/Task1/dataset1/images/900298.jpg,True,205,205,RGB,25677,3772fa512134b92b8100cfd7478ed16289e6fbc40b1a8ed2525289b1b625080b,0202adad98fdb5599a7f1a492610d97076a9a4ac817dc6bf40b239f0bc82bab5,018b844128172967a18466c7775f87943a29272fb09e19d9516effed840e5a13,9d30ba31d351d5841495ad16818a476938aafcc28a285ce44b056d9407110a47,958341393098673741,152.4734477124183,
900299,Eyeshadow,notebooks/Task1/dataset1/images/900299.jpg,True,215,210,RGB,15703,a660ba1b6732663893b55adfa6380fdaf057e2c91ec9f78a596c353a90b05661,2b8c24651fbab176e77c66c3f597f9d69f6574263e1d12fb0f950bd1ebf8f6da,82242a2fbb61c211dacac44fcc3a372082e3c4ffd8b16842be8813153d568e23,a4fcb2f03fee6b4b90df549eadff828f3b7cb7d061fd7bbc4698c1103aa0db86,9919713041853400839,116.96296296296296,
900300,Eyeshadow,notebooks/Task1/dataset1/images/900300.jpg,True,165,219,RGB,17408,aeedd9a679b54843c1e8f04c6b8df0fef704f592319ee35efb2ea72e60fcb79b,d045c687aedda1c3d3670a7bb5aa9d96cc9c6b95430019442cbb31fe01b1651d,0919dfb7a04a74da62cfbad4861214b2152933c0999d216aa89bad2166977026,1af4bd8fadc95fcdbe2f76e62c53e4ce0bbf1e8085994d36f41f517c25d30088,7449358510482844985,49.77006980802793,
900301,Eyeshadow,notebooks/Task1/dataset1/images/900301.jpg,True,112,133,RGB,10288,8bf83510812ea08c9568f40c0be322397972e33fcd0bc463327ab6ca5f2fb906,9d10e7787d080c11dfa9c782c2d9daa2ced33d98d8024795ceb4bc1f0776ac36,6ffc7ddef61a22b1b2f1d4d5c5d6956e112c6ca35da361aca103945c07b539fb,63e483da7d59f3ee84eeb220e8d7cafc89e881b1a9fbc8f801f24927065f0719,7400427702697368729,71.42455418381344,
900302,Eyeshadow,notebooks/Task1/dataset1/images/900302.jpg,True,150,143,RGB,10089,f409e475ef4c71924506cee78b3ab89958ff9836c52879a72ded1522cf37d1ec,4b27848323382c550c4f0c3199a5bc8665984d95fd26c7d67f82ac937612f7f7,05e3ee3c6775389b87725bbeacaab5f198633f6a4fe341c8b6427d9aa0da9fa1,b342b8ac586e308a93201c4f8f752f927c125cd8e42b1c430ac778f3dbd05ed3,4857447891118267245,185.68556701030928,
900303,Eyeshadow,notebooks/Task1/dataset1/images/900303.jpg,True,210,142,RGB,12242,7b7ba804f631c77617b11c0e55dca2bc869dba10469dd6bc0d48426f4adf6b38,49b10f210e597ce829eae2820e4ee4f142d909ed6682b43e198fdd207607b216,563f843f7c3286ca857fd581d81083a88157cac56895c7fef400e9cb7f36496c,94494d037e4daa6c99d1ae8596624694fb2b1add43bc2ccf8cd55aa7125138be,1867248675093770401,3.064761904761905,
900304,Eyeshadow,notebooks/Task1/dataset1/images/900304.jpg,True,143,137,RGB,12277,3e6ccf3f67f232059238fa9299131c9fe4c3579a562d0bfa5bc7b7a7ad771e4c,2041d79005b2eb0438e7958200d0bc1340237ca4ea998ecc1c3050b1d65f870d,3f2c6b3646ecc0564f3b2c9f5eb35a3a074d749d1cf55cb51d2e310380b8d07f,baf06d3be3430896afacd60f0c1990d2bcb4b6e7dc893359325c548dddb20bc8,11981693819708380235,144.91846522781773,
900305,Eyeshadow,notebooks/Task1/dataset1/images/900305.jpg,True,236,185,RGB,20978,2edc6153ea86054e0f3008f9b3098f1ae05c5dc81e62dee5c095c27e71347a87,766f8fa860381a4e147dd702f9c3481798f39a712010b58c816f4bfbcd601667,725380f8cd27f6312800d89ccbf8c46c4e2d0a7cfe83d352ea2ea43f8374083d,779aa0f0ab1f629197f805e54b2bb65fb2c8a86dd4f715b6ac4a6609219a5d5d,7521403854919629305,20.116547334924423,
900306,Eyeshadow,notebooks/Task1/dataset1/images/900306.jpg,True,132,104,RGB,9049,afb42688a4a5a3dac1554901ef627da235e964348b037e55ae6f1fdc2a34a196,d33fcb7b969f2e90c15ba9fcc6e6b5cdac493731a3531f9c71e8d03adeb1bdd7,91c002f6c4102ed23462494bf162ddb40f02c2f9414fc7b1fd9aa6f2fc912faf,791edb88be542ea8a1a031a6cf2b744ab1b49fb7de62c0cd1448adc4c56c2dc7,9394892123775714275,111.6923076923077,
900307,Eyeshadow,notebooks/Task1/dataset1/images/900307.jpg,True,180,204,RGB,18743,6f3441094d80c194de875c48af80d5088daaee1fa2255287b6ff76d55a04f473,db29383971963e7648819b9fba8ee15563d1fc22c78add0e9cdccbd174679bbe,c718a5a18afb7feaa30311370296795a9de0ed02716ee9b1ab66150674e3d407,7c2c229b2a7856a65ffd1740f750a0c27189fc1ee8e16f804d3b532594d17d29,15202174290325430339,56.99171029668412,
900308,Eyeshadow,notebooks/Task1/dataset1/images/900308.jpg,True,119,81,RGB,5374,b2c3a18179675d08788523288c01885a7e378fe1b2c18f2c1c06b981b02ee776,8697f99a015500432ec7a2b4cb8dfd25bf47228a70f2d5f9b69c2cc2b3da9afb,8614142f2209f6eab3035199b3fce429a305f6d85f78ab93362c9dc1a28bc5da,de2b99649b91fead28a0ec1cf1480ac09a2ab72e3b7672fa40486c0d98ef83f2,3904669972471377570,92.55555555555556,
900309,Eyeshadow,notebooks/Task1/dataset1/images/900309.jpg,True,251,224,RGB,27245,30f639b4c1d26e8022af8fadbfba25d174df28e8f9256bba87b21921b0d8df61,ac38e01b3cb4010fa4158428b43514d8b0aa793c7dfb99ceb738b2da5155e8c0,36eb9711904ca7d3a40e51efe809a419832112b61345c85afedd462f115fcbfc,b8fab3b283994adb7701e6e8512921efe81a438e4b04d603fd136e66deaaf09f,18408271975527028774,96.08703312191685,
900310,Eyeshadow,notebooks/Task1/dataset1/images/900310.jpg,True,170,179,RGB,13334,1bb9d0fbd02943cd8db8190fbfb82fdeda827cff20ec823411e18ae97767c11f,06169dc351a7d198580ca3657838e195c18bbc9c9d887b34db6df2bd6531bf4b,450ffe009f7b64cdebc442e4cfec6c8cb7c684cf4e7a613e089343a5af31e638,1de064ed0340fc814d5f0af253371da274936c91c3f1f7f22c7b21f17a09ceab,12699087294335798214,80.59942363112393,
900311,Eyeshadow,notebooks/Task1/dataset1/images/900311.jpg,True,163,146,RGB,13004,b7076a8dbcc726c1013aad7e96125a1c7aa18518b18a0e51942ff4ea724fc8e7,632f47693098671ca887a5b2a637dc27d10706a6f87ba629427c8008672b3854,276b54c1a9522b3f601253bc16ee951d0da90f4ac9a8aa3a3b2038df3a221d53,928095e74e0af9532e3163e9d06663888829034c6d884af6beed5cc61afc687e,15310335706695900248,137.89467969598263,
900312,Eyeshadow,notebooks/Task1/dataset1/images/900312.jpg,True,128,158,RGB,12044,51ea51af3e2004fa94b4e9e5b45ef6375d4d9fa52fbb36c55706c8e0e36a3a50,1b2a0b10e1694efca87fdc64b540222c37b4412f67bc7a1010c11c9b4aa092d6,3f22c84848f52f6207b1353122811955be5e652b9d4e2c3256efd7ddda30f113,1edf34089d3ab233505a34f5b1abbc7896d9a89089fe8cdd25f6d67eb08554cd,16531000749015357746,82.18368544600939,
900313,Eyeshadow,notebooks/Task1/dataset1/images/900313.jpg,True,157,122,RGB,10462,27e084bd162039bd9635c2217692d7ba12c2ccad11ec51ffbeb2bd308595563b,415c27b87464a0c2df3686fcfeacf20bfe967c81b95e22828469cfd2181b0794,b955305d6951eb26004a942f0d385f8cd4fa65bb765698d1a640d5babfeacc90,b28bb46561964ab950922f79a8bfce117f14870aa7d7ffff3f6ff6267a37a54d,10601039375964572989,135.6540312876053,
900314,Eyeshadow,notebooks/Task1/dataset1/images/900314.jpg,True,163,186,RGB,14781,8cd453162a9f0ecf591614ddf7ff3ba7e12d6009e6d784d3565834566096507f,6d77aa66468413ecfb2bb82929b6e7c6e17a12260984a49c25e7ec40f1d57950,90d0b26ed3b9d1fe206dbe9459c25712bfe07dc548b1f8bd156a3349e12fe55d,228b651f35d739cbbf795aa954ecda12f73cc631a93f1e3676711009d7d42129,17257680953697703898,100.78097982708934,
900315,Eyeshadow,notebooks/Task1/dataset1/images/900315.jpg,True,157,178,RGB,17794,68d0ec989a9fd963fdafbed1eb799aa596ba939e43882c32ef9a362dfe68bad0,a1d32c06390159aeeb2ee369e69d8aa487ce1bd83ce2712aa4dcc528c0e0eaa8,6b0e6eb18652503beb823e0b544caa36121f65643cd55afa6d5db2a6383c5ead,02c6ba0890e6f5156263294f9e45f5bbaacce01bf632e29b91e0c0aaeb339dcc,16961553914949379868,83.48198198198199,
900316,Eyeshadow,notebooks/Task1/dataset1/images/900316.jpg,True,112,126,RGB,7111,30c5e40715f01a37d8d9f97d4f76e80d22cfe4a19857c20ca92cb8837746cbe8,407249084e1dc079b3a8ba0372822c8abd2c2d1ece087a403786b0949208ea5f,c27f04211bf42f5dc0f6206ce6baff9d402083a69e2a0885553089817ed05b23,f2185295baf2918f3ed6bdd2862a8eabef7c9c967b73d28b990debeb640f4dde,6759568545695341048,89.66525423728814,
900317,Eyeshadow,notebooks/Task1/dataset1/images/900317.jpg,True,194,128,RGB,12336,03d38cf25ae9b78945bd7fd5c82399a04836857ad014492a6dd01fe330222d5a,12561bb27f2f471df765ab6af65e7dd0e2460e9f87bc7f0080968b7d49a66d34,91dd14ca73330fedca55767a3815fe553b5b217e00c890d9790a9d0f81c83b08,ec00a42fdde982758417063d99e6678f4f1481b7ccc39fd6b2ed9f4f361a367d,1670018825489402339,151.22916666666666,
900318,Eyeshadow,notebooks/Task1/dataset1/images/900318.jpg,True,128,111,RGB,7870,03e18e9abc71b0feaaeacc6e4b4a8944495418bab85263eab1d1aa87672fe296,becf52961494df48365b6c33ca37c3d63ed3ed2f881d01b50c152b3e12c5aa60,f8d8cbb1c451feeaeae566092cba152944da0d1de60536120879c712bbdab2dd,3178091c0b1dcef21f8d4dd4d9efa80dece39c23985ab3a913215a7706e1c722,9900393889865046168,105.69338959212376,
900319,Eyeshadow,notebooks/Task1/dataset1/images/900319.jpg,True,222,216,RGB,25252,f203821dc0576bf8b4ab4313af298c0aa52bce9e0e4965a08d61740b39d3bfff,c35eb79da71cc744f62e1d32645833f1dc8e5bb3ae2fcaee85d5b106d1807bd7,6c6d3d60103cf25c9e4d1afd09737c01c6c7f1f388346877632d9087c809dbf2,8a54f3a3e3a222399f70f9806bf977c5b43d2ddb23ed17038a93c7a5a195cd5a,11556485716659377059,106.4625382262997,
900320,Eyeshadow,notebooks/Task1/dataset1/images/900320.jpg,True,220,209,RGB,25794,83ea666c424fa32793ff31430a00a0da9a5f43a3c043814ad8b99927f44e3bf7,75d8fa0a2c242f32be8373a9a7dfadb25ab6327544241b70943d6b157c1c3be4,4d6cdcb9bb21db7c4bf94d35e0259a62be2f09b214f9919b8745e6bccde2d5e1,fb8b486bc11dc5a30c37b4bb72787e75b87ecbc49d08b29d785ee34dae0458c7,11981346507547318172,121.61007025761124,
900321,Eyeshadow,notebooks/Task1/dataset1/images/900321.jpg,True,147,172,RGB,9447,9bf02873b495d9e5bdfb5aae5f2774aed6a78cec0237dc04425ca2513510b850,11aa94e2bf680835e0bb32aa374365f24b95dd437e135c15f07ce4f71b86b195,8537da8f2e4679bf94d7049fac6a788ae81ae62269e58eb4ab11e707e515fb30,b207b05fc369406f74410fa9f65aadaabe62d0362ffdf0bb23f774acb1d8cda5,5588460335813444435,193.88590956887487,
900322,Eyeshadow,notebooks/Task1/dataset1/images/900322.jpg,True,209,224,RGB,17867,23a614cdf8bc51b590ecb8b8b4a9c27c3bc65cdb3477495f9838b53ae5a30e11,a24815aa02eec5483b93048e6abcfc82f651ce70d0cfdc5c70a47a6af1b77df5,f5c68c6055f1a6fa4fb27035eefc6aea584d6ceaaf1e046568973e71cefdb1c5,b516d3df72dc6a1a147c85b0c2d0b056cf5dccda1fb7a4ed4cbf64b2deacbd38,7749628748970323693,136.93696829079659,
900323,Eyeshadow,notebooks/Task1/dataset1/images/900323.jpg,True,118,128,RGB,8066,e8e02004e52d45eecbb1da73e625e943ce6a533287c6e04ec9def74c5fc521fd,f93f230356cd187b0a808a58e347c78ab8880250039eb7c7ad1319c36d66f735,b93bb0654ac94aa13cda3c95859cbbde4ef3ebc7b0be75249259ffa2cd946c47,272aee8873808bb3618ee10fa23657a381046040d7b69f4e67900c93af3e9fb8,14811272767089364684,110.9672131147541,
900324,Eyeshadow,notebooks/Task1/dataset1/images/900324.jpg,True,149,156,RGB,12049,d9d224d22c547a43e024f377fc2b85a47cef86759a6a4a24950d6d4783654c5b,f0977da2b2c648d223a5f1e057d43f05c920ca35f5fdbccbc10be45c54c67a97,01e88b40de015660aab3b249e1773fa8dee3f703a3d1cbf52f140b8f332b00fd,72bafc64e4a9e3c646d437e7ec8460dcd5a9c01ab894db506345cbc1c86ea18f,12966815334698084791,67.85533553355336,
900325,Eyeshadow,notebooks/Task1/dataset1/images/900325.jpg,True,134,156,RGB,11241,937a6933a99d73c43f61cbab19760b0b61e18abb5ee8d88f0541460d0c9f72ed,c88a4409a071047844f9907226d0714183c1a98830e3dfe6a1d2d8bf6d30786d,07bdde2926d6b97d6449be391a02678ba256b1d175abab8692411b640727aacb,76fc9dd2502ec2de02b0ccf136133bb9b94a29a1f0abea7421427b0a4376c106,10178850288755353510,106.2042824074074,
900326,Eyeshadow,notebooks/Task1/dataset1/images/900326.jpg,True,195,137,RGB,11047,731679ec31b8082dfcd60b7b29b12164eacd4bc90538b44c5d028419367db93e,9a9d9c37375a8f5e6776babfacf25a44542e9add31e5492692e4f6dbe5cb9d42,c8f8e05f5f3a5a3cb37e9fa9934afd4ecd5abaf7e893046382c827310bf2e246,7644b2ac5fafaafdd5f2453438e8fa0af11fb67f4d9b2419858269c7284832d4,12112484131755317745,20.4010101010101,
900327,Eyeshadow,notebooks/Task1/dataset1/images/900327.jpg,True,83,120,RGB,7529,291052486778104b28532e5061edf9c8cf69fd813e028164ffeb5d2121e3a3fa,b12b2608697e6184d4d352c1f9221098abbd7300df418a3178081e7b4bd56fcf,d167ecdcec494c86ea44a0803ba06c67e475cba38eb85644c3f415345fd49fd8,c5afade6c7d4f0bd46279d2380569d1afc90fbda7839499d97d3a19cdb736d7e,6438279108424904819,33.088723051409616,
900328,Eyeshadow,notebooks/Task1/dataset1/images/900328.jpg,True,234,221,RGB,23918,2e165906e6ba49b31373324e19c7737d14fda09f4dc772d0b8b7db8fcd8e6f79,620643120ec11257c8f4862ca80c817353ecdc861dcf5cd32dcee1393cee9b26,1d01afb0739dcd7b82287a54358768bdd60167c66a45e6a584b70a2c83bcbef6,9baaebaf12972d64792216dfa2f795f07f813c0fb423620e1a77248d60754be6,2229555499012431416,54.003679175864605,
900329,Eyeshadow,notebooks/Task1/dataset1/images/900329.jpg,True,186,200,RGB,16263,781fe2200e63d527829d504d0160fa4dadd75c15a9a52586e9fb0661f73d9435,8b65c79ad60b777ffc5c580cf0548a98fa190485fb8c9ce215112ae38c996d86,6b9fda427e142ba5ab66432d2c5c6fb289ce88d678e3570e6c8e48e4221f7cd9,f081a4ae5d391e324b4a6d7812cbc354c101734ec9cc81dcd1d909085346e16a,1102694278425358921,155.67708333333334,
900330,Eyeshadow,notebooks/Task1/dataset1/images/900330.jpg,True,179,179,RGB,12581,20f2bb455e52c51eef61320e2d18ac6f0f6867699acef55ec71fe691ecd753fb,75c06bcd9305ede14acdcb5f604115a39e50f52bd4194a560f36ec81c65a16d2,463d0d8f897466d07fe8380b0bc635833980b78e14fe2d66e4848e749621124a,c04f7218d6932299d83557c14eee16a8c30db45e142ead276a001edfb6ebf1a9,17303298901971481322,159.23548689138576,
900331,Eyeshadow,notebooks/Task1/dataset1/images/900331.jpg,True,137,106,RGB,7533,63c5012d686d4688d3f0b477595691bda7604af8147fb88cc8631653eabfb427,e5efeba3d308f190f3f2edb907cd7ae94eee208db8cada5f1dd31ef530c12307,d1790ff7146f0636bbcc8f045bc245f53e8e98905c9a4215718dc93552283bd7,6d06a8957677d4deb56b3c00934bde36f625c3a7353ce2af81089a6d5d6c8457,9254418417751474370,22.27939142461964,
900332,Eyeshadow,notebooks/Task1/dataset1/images/900332.jpg,True,127,122,RGB,10286,e8129d505c02a16929885c3ecdd8abe2b1b6b4084e65e76c73214d10c1f3b20a,e567524c42fcbcb5b9df1b9259066a7ca9c654c69260eab9bc929680db19dbf6,6cb26bc2431e9b2dfb0a7cfcbd670b8c6888e63b95a960192a65f4e255186a40,021e261e456b5e4b02ff306af98c11abe534f11a812d2fea8b847580d1b080ab,3758649220094762070,157.34750337381917,
900333,Eyeshadow,notebooks/Task1/dataset1/images/900333.jpg,True,209,244,RGB,31606,0fc2e16bcab8a58b4c0785fe333ac6011558f13a36c880f5455b3e5cd00cbaa5,bd5c9d2e8553c662d07056201edab79396205eb3edbb8601d555f9fce5d577e5,18b1f66033a245bbed22f7c3a86cae035be8934e44e4a969904f590a2287d37a,1e534a394a9856c4ca23aefdd7209fd7aaa4c96f41c7c85642764709ce03f7dc,2397774568519583588,151.9131559497413,
900334,Eyeshadow,notebooks/Task1/dataset1/images/900334.jpg,True,126,135,RGB,7933,a52ed2ed544b2ed421c4a2652bc2a4b7a0c4c4c090e257a711d27bd54927917c,45e4e87a92d906ea75d987e3bf8a6291a7494a8821d59bd7c977e8168b63f2e9,5ae894ac4bf7cda895ffa8bc47592ac30b034fbf05893c949a1ab007cbb94adb,c183d96a8c016d2416695beb0882186ca7522a596e222929b1159366c1a65ee7,6514990490619240774,25.256113256113256,
900335,Eyeshadow,notebooks/Task1/dataset1/images/900335.jpg,True,210,225,RGB,26612,71da7206059c1e23ba0a8001b1b6050520b76fb053fb399be18551d0d136ed88,cbc9c8de84f489206f86bbe59f6f5f6b3ce1215a6972ef05abba10b53f322083,619254efe94bbabd0e9d9f4b24d7c09e85846c1a7d3b9bc786c4f2abbde7cc93,7a351e8b2ab8f7bbf007c3d40d528da8393125bd58a8a40766fa62bb40d06493,15436362544461931190,60.8810623556582,
900336,Eyeshadow,notebooks/Task1/dataset1/images/900336.jpg,True,209,190,RGB,21755,ba58188dc31b6476d43d1ddde7d2f5efc95dd1acc1dbe66484e68e8275e6aea6,362ab755eef5f4170345a4a0e7ce2621c4e2cd04f725869faea574a60141a5c9,63ee714babc3f8fc1ac9603e062eb67f294e61edf971d740e80c28a1e560e950,0fabcb64d3a1a3a4e96ef9cdd1cb64aa1ef35a3107774bfec4558045aa76c339,6765376909596021554,105.74139378673384,
900337,Eyeshadow,notebooks/Task1/dataset1/images/900337.jpg,True,129,99,RGB,7451,45e9f62fe29d041a57a0259fbf50bfcfa1e71447b10d3dbe6b33d7eaf2228a0b,49531afcf52aca41af81ba134724ac4adef7fcc7ea2b16bede2c99311c0f9b95,ea2c60f24fdf8c0101beb9af528d8200ba69a4a8720d8454a1814b6733bf6903,df17737a00899a799e283d10cd6b8f3f35adad8ca1f1df784fb72cecfd7e2a54,11067204766507475271,91.92699115044248,
900338,Eyeshadow,notebooks/Task1/dataset1/images/900338.jpg,True,93,113,RGB,6930,a612482bd09dbc32e9d35d685c1f7c830ced89162422ed762c6770dff2184ad4,8a3d5e2a0305637ce27fa73dd1bbf6a2d7d1a61396179cfde935780316fb5853,771da2ec8aaa461bd079622123446654c9bac80828cefecec0330d585ec31ff2,90253532d26adca13d37f990e1abd7190485000969f675bc3264e82c75d75e0c,9577021001693753940,95.64787581699346,
900339,Eyeshadow,notebooks/Task1/dataset1/images/900339.jpg,True,171,142,RGB,11461,4b84be3201fbbb2fc531723649a2d42b453c1577c077a9e7f85e1013eefcd647,caf7f16021d209e9acf1af0fdbd2dd66a0ae74171e55ef71c2cdd363d05c7b4a,97a94d695ce9b3a1515eb4d86519ad05e2450ac7743cc8dced2faec8f51b344e,a7fdb7d365a941f0eb0550665c297a6bf8bc769c0406db6c8b58b323dfe98b77,17548079466333413680,154.7679528403001,
900340,Eyeshadow,notebooks/Task1/dataset1/images/900340.jpg,True,92,111,RGB,6440,1af5f062d3c07080a265904ebbfbca9420324f49b8fd9becea8196f723499144,e8bfd07219b8cf757e2e066a50f47971f4bbc8f243812f7bdd60f9f4517c5544,c1daccafb0a7eeeea782b8395765d173193eeb40663a58afc1ef894b364a7b93,41dba4bf5b9d8d528ba6e01abe4cfb52c7a254b75eacfb14f81fa97667569445,3259827938801299263,144.87313432835822,
900341,Eyeshadow,notebooks/Task1/dataset1/images/900341.jpg,True,144,172,RGB,14315,f30cb5d33de8fb9317a63079a5a24c8eb7f531cb285871501e8bba134d4b5e27,68e187ecd6f8ff4c93bce312dcdf32d7b5c4b42ccca3da0c4579358650879041,92058bcf40023aef0356675338481d3f9327d96f6cb6b63eb238567187655e4a,fc48d2898dc7b9c1fcb91a6ff0198cb67ae1a14fe5a3799bfa3ef80d18238ab8,8097794144124176124,81.16613588110404,
900342,Eyeshadow,notebooks/Task1/dataset1/images/900342.jpg,True,166,169,RGB,14957,283182c4b166f1a32a99d68fd7b9c06d7e706caf1c75f9d6bcaf129cbe52b3c5,08d81b23a05e4542a0f67260f1dc37f45e9cfa3c74d6d486dd374b83c2b5b74b,be32742ea0260d4af32f31b463b0892918afbb1b6d21274045f261311423adb1,4a71004db73062ddd001cfe149c686aab60805710b9358153e7f6ad84069deff,6671964706972582707,109.41541541541541,
900343,Eyeshadow,notebooks/Task1/dataset1/images/900343.jpg,True,214,220,RGB,18861,2b336065eae57fbc199c0b112f50c46ec61a96eabf66bdd09c0e51f1043f6e30,160f77302ca66b3cde1a9f293b10d92c0ccb342bf6faa109f5b4baa465617585,2936fd7b461bc8065dd33a66fd400ec11d2726e5fad074a612e91e680877c6b2,c7e7b709484fb5ab12d3d36328a3f7c6c4cba1fc291bfb1b79e7a4019c59b209,4177318181064682908,75.63888888888889,
900344,Eyeshadow,notebooks/Task1/dataset1/images/900344.jpg,True,268,268,RGB,38889,6a72f2f82c339adab686b8521d24ad7ad5ec39d8b7b06c186d370f966859a38a,57eaec35b9b8387ff42c12ad07307098761ad52d761d1ad3f2deadd1adbbb18c,18f984a7da70611e3055888727bf0872ea6cfb062b7bed7d89a752c8ab53d474,95d97fbe22265f5ff0d13337a2bfff1e703651bb4aba6760c8fb5713848f1a93,10997270415443887814,160.26498127340824,
900345,Eyeshadow,notebooks/Task1/dataset1/images/900345.jpg,True,195,155,RGB,19360,c0b8c8f21aa965c5e6bb3fb59c954f1f21d3d7a7a8724f16325a28e2ec6a9adc,601f13e389b64f9b29e24af8f26f6762181d958cf89e650efc5003f7dcb89cb3,046776d64e59e315f68e80b2698f60a5d93edc048239053433b09a9dd50e8d42,eef2a48d294975855ae54e36e28e536a51223f717ab712b3c52acec91466f530,2277308250645808398,114.05795019157088,
900346,Eyeshadow,notebooks/Task1/dataset1/images/900346.jpg,True,171,153,RGB,12890,5eb6ff3fe2704c71e295c9d7799ddc98882931cf38778412c1020256098f1494,68ba90a32d48a79d4f16017cd46dcfd998923502973b41980fdeff8a19ebc5f6,34acf1778e49b697bcdaed52f352e6361531a61daaa1f22140f52ae83026b95f,4911a57b0a6ae3a6ab3c142df46850ec3f13264cf78406385dd65f3bf34849a1,15052970373328705761,40.21169772256729,
900347,Eyeshadow,notebooks/Task1/dataset1/images/900347.jpg,True,122,110,RGB,8255,107ff2fefd32e1de1f1e72fa453be9b4614ae3e03bd9d7aed41641cefd7778c4,a09d84d7f1182451cb7a8b4544b3e9cdfc51daa3246967243f61d891a6fe216d,c86f94a01ac8da259318f0efb2fd4f40f02c111a754b5cfe98e212b09d69a330,ba3443d7c07ed1ace2ca89d691f6afe360e086dc6435cbcb6989135a67f2d660,11443474523371141772,78.31884057971014,
900348,Eyeshadow,notebooks/Task1/dataset1/images/900348.jpg,True,107,132,RGB,9727,cbdee9aa175a1854f73c78b4e9d0c9e2e0c5c1bca826f06f50f882928afcbc1b,306c6277160aa5cbeaf4f13520188ca7552b51e3305801fc038f87f3c4eddd88,f623cbb7bdbef022c812ce2e894eae7a069db037846feeeace50362660634a1e,bb2bcffe7e72c93567e02349bcf88237ad9bd5a44dbabcb60c1d77b3d991845a,8421812190638343142,147.20956399437412,
900349,Eyeshadow,notebooks/Task1/dataset1/images/900349.jpg,True,223,201,RGB,19767,7856b1588f82ad6109eebb8d6246dcb9a6b943122139ece0b2924def2bf5de5f,f85dfd554694232689489cf245d9319cc0cba01d42f15cd7a4d3f3eaffc4ccd4,05b7740cc7be880bc08e47e3ef30263622570409ba941aa86b1d36295b3ef40d,b26edc5da6bd151b1017f9d23f58d507bcfa2149563fa822c8384ec53b38cd62,17504014028845363507,83.75236966824644,
900350,Eyeshadow,notebooks/Task1/dataset1/images/900350.jpg,True,178,190,RGB,21192,dd141ec591a6926c033da739f155a763ae6a15f5347318ed8077192515ef184d,13afcfaf3932381b276dfc2c598890650d1c0791359b7b0c6d49a501c00ad803,d93cc2f53a163f03ba2982920bf995621fc151a81bfe87b7c6848fb31aae4237,914a2406bcaf8beaffb604cf0537dca091ca377dedb9976f74b65dfc0f436835,13076260438642223350,128.25956284153006,
900351,Eyeshadow,notebooks/Task1/dataset1/images/900351.jpg,True,178,174,RGB,13501,3dd2e1656e5adebd391a76d06800c9a4f4ed1093ce0ba9a3c39e078659dba55e,0ca47c7c263ade3e71e09f465d21dbe47c82fec91d859270c8303df1ea32d5cd,0e7780ffbe8a39fbf9f3b13dc5f9f94dd01623df7cb1cdc8c44bea9cd37ee7c7,227e9f6d5d84348a668608536be6b7fdc6d29621144e2828c3b998158d77dc36,17976652162850742711,104.42714285714285,
900352,Eyeshadow,notebooks/Task1/dataset1/images/900352.jpg,True,125,99,RGB,5350,25ef110fbc295dad87a82de517c42fe02c107a95358d4edfb18f34575d6e5946,de9471bdbd64b524be6433d316f3ef25b2ff2676f002ad5c3711d19c1355208f,c441977bc796e96316f520c4b93fe67512179341813377d41b15339896b4c4dd,3ed593d851c82cec62e04cf112afa4a2f45ff3cb44575bf48a1aba27694ca9ee,7916339567275492940,19.45195195195195,
900353,Eyeshadow,notebooks/Task1/dataset1/images/900353.jpg,True,157,135,RGB,10120,25e66854c9837cc898e715efde779623ac9dce769030f519a0602bca43cdf613,7a59c655b6c7ba1c063cbb0eb01f147d82f9ba045db14131655bca505e5ac25d,675895869426d53e61c66fcef7a8f2574756f378ea2f74676fadce5e3a15daf2,e7122b167b68811e7a566102f49dedcef3a4ec4b130d5879ae8e00c284e7bc76,5433990326856230139,97.91436781609195,
900354,Eyeshadow,notebooks/Task1/dataset1/images/900354.jpg,True,113,132,RGB,7584,ae418374c1d06da485eda47a952098f02683d594bd5b02d6ac4e9f2771fb7ada,ee7beb4f87898eb905020bc5d2930d982ee4be0a7669f4c7057883ffda1a06be,8fb0b018389a35f17e0fc3aaa587b6741c94090058c4e2b6b09221e4e4e5c480,8f15c3d11a42aac960ba8e70dd65cc7275a93c0840007ade6848e01cb5f76675,10374582511675794021,58.040466392318244,
900355,Eyeshadow,notebooks/Task1/dataset1/images/900355.jpg,True,208,198,RGB,19007,faeffd0a89d504671cdf5afc9d9aec377bd0aebf390bf809436be526bdfd4ad7,8fe9c1214868c6b081cd7401a490bb3bf496ae89923f74e2f68489ed1aca4e0d,a85d622a6540b05c7a39ef4c58c754cafab0a491de7fd2b4cca0ce626ff4832f,ada7645336dba37f28c216791f2668c98c2f9648c1ba4d643467c98785924fbe,1934768431791218249,73.20750825082509,
900356,Eyeshadow,notebooks/Task1/dataset1/images/900356.jpg,True,119,103,RGB,5724,013893c24c6bde473649dea63426d66611c346eca81f832921f03d01f40c684b,ee34004a2064d7bd95c1507b0bfd55613e51d3ea37542c624bf1e15842fa54f5,9767c353b3429ad7d2899e4eea0e16c941ec0aea3f76822c64c78e49895cfb42,7268bfab300228098f281f5c2ba58317b1cb948be92997693d2e736f7f270c2d,338810554143924457,49.231818181818184,
900357,Eyeshadow,notebooks/Task1/dataset1/images/900357.jpg,True,107,120,RGB,9642,ff924fdd1cce7b5d6224d0f335df10d88b150228074b3fc3fa1fade8fccfa087,76d2e92f3e4c281b8409bbac6665e3b559b763465dce291d12380dd0937bcb0e,0c0cccdea90afa05987fcbae2a38a2d866082b03c07ff972ca298b862f23ab3b,2b95b4c05cdde98692068585cdb58ec1fbb2e9cbd2a2885f2f2c664950109dd4,4102986788637755030,90.53185185185185,
900358,Eyeshadow,notebooks/Task1/dataset1/images/900358.jpg,True,142,170,RGB,12827,d6903bf1995b7316cf0405d59fce3e38452137b3e7a7f94e887fef1337094bf5,474abb9f103e96b34cb37f488845703d3b02ffd38bf90baa6237a646c04b127a,441ae587d4baff159b354509c6281d7b7b24c88bd388dc2eabb370b5f3cf176a,e4d42c6d9feb69f4722934a59dbb8e001948e0fc9fd1110348b195066f90717d,14217281719706764998,89.84623655913978,
900359,Eyeshadow,notebooks/Task1/dataset1/images/900359.jpg,True,123,79,RGB,7224,1ea6d1eb6bad272e5953c09e2cf0a61b03d72411ceed7b42d559fb075eb80fa8,cc3998bd40750bce2e15a552aaae7dab218c7ee5cf5b22290f86456766bcada4,e60da52cf3d9fa6c3f3a712644e91f25cac9dc03e9626e3220517a80639b678c,e48e9444e73575eebe5504e3de99dfa2e5594a571188dc61c82bacdc00844950,18003654961330449612,110.77416666666667,
900360,Eyeshadow,notebooks/Task1/dataset1/images/900360.jpg,True,187,219,RGB,18853,16d9fe18059148b05ee175ed799283bd3cca8ffb8df0925b6c02f1b061b65f0a,8cda11940fc89c1f857523110d543a9d205ac743d317c6f5efca3d00c30bed4e,a2237f2b155c387e3f514e9e95f6baa25f216a7334f24a0687c179af6394cd26,78a71bd8261e9500775a66d78b616b5856a78019c68ce75b2fd61c0d34f530f3,7351645961693150395,103.19059405940594,
900361,Eyeshadow,notebooks/Task1/dataset1/images/900361.jpg,True,129,136,RGB,10500,e435d2d5d8a9c6001d760b25b1f38c1f103cd4188caf6b021abeb43b1ce7e98e,6f3694cdd3ac2e2c80078b7a89ead51ae1fbd32e3f4f02995c3f4e47605b3119,68041bd8d2a678759d6becf4b97e36fde3917cbaf565da6a8fe3b16b034b8966,f16b406d6b975288e1e9b332bff238cf9282553908cb2745f6d4c5a12018f4b1,7021650454507633222,84.7319391634981,
900362,Eyeshadow,notebooks/Task1/dataset1/images/900362.jpg,True,200,219,RGB,20656,bf16479d9c284c2e7b7c0bf99cfcfc185c23affa1773f10b58410aefb869eb72,32184dbfd4a44f44869087e5256b7847f416adbdc11bf7dd99d9bc4f5ad3303c,07059e409661634d4fbd18b4e664a9ff63ec02e151d99c50f84e6fe0d7986dcd,d16c8aa906e5fc890f50c6af6891b7dc39c720dcbdbbb1e6a2d1a8f4420a8eb8,904718603404294352,113.39488409272582,
900363,Eyeshadow,notebooks/Task1/dataset1/images/900363.jpg,True,125,134,RGB,8026,9ccf763da77118b077282556426d3baead8594f227fead31e3fb8de8256e631e,ef588cc14f2108bd190dc0ccdb7002d0ed5bc80fbf592683dfbc80f54884d54c,f847e749fccd59030c4a9e23b0fcfacc05b729a24c0f433b3656878382df5a14,755a01aafa43313d53565a31e387b638a71fbb638272f4b0be3bdda9a1fe4dcc,12264199593600093805,135.43385214007782,
900364,Eyeshadow,notebooks/Task1/dataset1/images/900364.jpg,True,281,278,RGB,27404,8a1b252c1ce2cbb6eb55e91125416e43d787db8956922ac095df502bef2f30e7,7976b66cf6160055601d55ececd25a237b375451d8b17016536ea48e4b5cdc50,ee6cfcfa00e63d899e3985713007561e28927ae164c73d89994b10807f764e1e,4280a00fb8dd22102f87730e2aee0b85cb139aa016c6cab4252bd7d9c1ad2c93,652232673671192137,164.53381208856973,
900365,Eyeshadow,notebooks/Task1/dataset1/images/900365.jpg,True,193,163,RGB,21539,c11fba62b0b05078081c9e9b932c7ad6b76ee5c9772ef7bd0bf19969a98248d4,f59c5e53334563f40f3dc80655e7d486b6b96b9d583f9def91c3778928f5974a,4c06039c4a5bef5d6ae677df65b517637352fafa6bea8ef4e3b474455b8d5d0f,3ad99fca4d3eddeafe3b0af2dde5dfe9e6f2c10829ea70a3c988bfa293523cf7,17486607423791502950,88.02306967984934,
900366,Eyeshadow,notebooks/Task1/dataset1/images/900366.jpg,True,99,107,RGB,4823,3a8a6eb90ff58cbb2a123bfc16071e7226119733997cb79017b4a149f326f30e,6005216693b3d45f0295eb12c7a338fa6b0c3b2fa3ece7ab03f3d3e3e0e3ab92,4851a6ac14e38d03432516e629f62dca44c1214081d5b928ebec346c320bfb82,1a0d3190be617e12ca163cb510f5f103b6b8a0c4baf5067b7001da7cfe809744,8186431815895794940,33.939542483660134,
900367,Eyeshadow,notebooks/Task1/dataset1/images/900367.jpg,True,143,157,RGB,14630,f59ef93668f9c2efdb2dae2d04858ea19e35a6f15a6fb14600c756a649484920,69ee10d4ef791052de5cfd8c4ec67ea5df8e247b44a0c1aa659b82cab32c7fa0,d36044750a9fbe7681622e38b9ef562f2ad852327d9b0c7b97b046efd2d4af07,9ad7391bd5abb5d7f1f6b4eb45746359000b4fc02b29ef842baeede37de7989f,13255485576800684272,108.44742729306488,
900368,Eyeshadow,notebooks/Task1/dataset1/images/900368.jpg,True,109,103,RGB,5466,5138263bf6ecef823bfde058d0cac7a99283b21b51292cfb137f89a6908bdbaf,4ac5e40da6d32ec6a3b828e1ec09fbdf55a8652d77d12ad2026093cf10e0a348,356d7f121be06a9465d2de0998ca837fe3fdd453758e0718a4aaf877c3e9124a,0427222acae435adc134939bc270de80ee3ff8da4955e48009676720f2d4f007,11946584002878695182,25.387301587301586,
900369,Eyeshadow,notebooks/Task1/dataset1/images/900369.jpg,True,138,123,RGB,9461,cccb130134662c5b59c1f89c69340987d74425050644e1764ba775ba90e7898d,ec293d86a9f96453e5072ec2e2b34c60879d63ee76203279c519882ce9306b40,9c6ac4599cdb09db4b0ee811e086bbf3d28d73f7886b760ff59eff097e7a3018,49b44fc78f9e165cc04b91b6d7028007370f20db459bbcada294d8a67139a5c0,15448411756881801782,48.93371943371943,
900370,Eyeshadow,notebooks/Task1/dataset1/images/900370.jpg,True,214,223,RGB,19350,9763989c675485aa484f04fb5583bf2e9d200789eb28696121be83d61af96a79,ff97b6b134312f35a1a91f12dca2963526594d0310268618194dd734a568973a,91cbef1bb735360214813c75b097da32a6a9863606191a1ec504e09238520fde,c675ab6744e7a8f96597d9574165b338727241d66d66885354a6dab4d6ef73e3,4010975316398848571,77.14214559386973,
900371,Eyeshadow,notebooks/Task1/dataset1/images/900371.jpg,True,118,96,RGB,7184,1ca7ed593eba609c5609b06301861538c5ebabfd7fc5dc3d49402b4036390e58,88effebd7f8562680e604c1cd178fc851c814e9ced75634c5836000603eb734d,f052b9ef2b1806bfd3decd92d4348f95fbcd053c9061bba24c198e35f0079eeb,2b004843060bc097630d8029eaa792cadbc6ab3dfd9c7f345449333b6709a9fd,3564770954284745852,121.05424528301887,
900372,Eyeshadow,notebooks/Task1/dataset1/images/900372.jpg,True,107,147,RGB,12185,27fbbd58b0efffd6cbc33499fbcf9286bce8b3b775cea270ace6f3fe2496b863,a4e9b2fd0a560f09c630ffd9260e73a109a10af4317ff039118fb6569f39da7f,db848322ffe887d5612abeb9fe3014daa5dcf223a8618f4c4173f03135ef55e9,405161e384641d94f185f32071a60cfd7125e457774526d7e3f90430e2d55bb6,5445287580395812504,102.64748677248677,
900373,Eyeshadow,notebooks/Task1/dataset1/images/900373.jpg,True,150,146,RGB,12208,308e9a9223b8bf0ace0c46762e0f2838454ce690cdfab75e87f8baab86cdba87,10ce0bb67ed9d38815ed6fcd01a4cc6fe9c781aa747109bb590e08af9fc5d810,fc466b1f19815fd5512f05b0b668b40b80f3334e05531fd64b41a8fb8fa025eb,c14d4140db5e867bae60ba191007038b15585129695946fa52ea22fdc2fb456e,11074686904355972051,149.0283446712018,
900374,Eyeshadow,notebooks/Task1/dataset1/images/900374.jpg,True,134,118,RGB,9584,9aeaef29f0077e292fbe98a368a86b95b12b0091463c87f4bf2e35d1ffb1b1ce,dd3f59723dace93dad738ed87c48f523b8527bb81f3f04d26b1a1b7c905c1211,56d8e483b18656b0fb17358163f9a55f77a01a2816eb2ecc626cfedb3df2b6e2,e3ffe8c444f28e9418c6905cd664b0475ef35953ebf38fd1c4fffa87abcba9bd,16811884115635013068,175.63133333333334,
900375,Eyeshadow,notebooks/Task1/dataset1/images/900375.jpg,True,148,187,RGB,13124,70ed6997385b2edaa231bcdefbd9a91e3c53a7799989ed2552442894e3bd56e9,b114543d0396088daa6c1f33b3239cb6a97ed2b29ca7303d6dc559be26b9a6a7,6b31c0f9ba44008ba448d051d0480197fbdc097d0e070a548a2ebd5249733b3f,ce9b72ed0c546f73c7ce64daa574a7dad052816c6aee0db4db06808dde13f2b6,1424231879716779572,72.72372372372372,
900376,Eyeshadow,notebooks/Task1/dataset1/images/900376.jpg,True,199,194,RGB,14966,743bae6ad6ce1e08ee9617086f48f5bae9ae902c11fa0263ac81bb2ccbda3a4e,1c9e64b00f191717cb0d1618068b1380778f5f3b0345d445be8b07e02e3467be,cd0e55102eac1086a918509bd8f86e0646c3076b57020f78b58e5f35e08d617c,2734ce4f89bf922386bc2ab712e3a55050df98de3cf37ddd96298954e39ab336,15904587345881848139,31.813725490196077,
900377,Eyeshadow,notebooks/Task1/dataset1/images/900377.jpg,True,170,89,RGB,8897,9a7c0a3dbfc9f8be9dd80f6ba68ba805db01d097b064588e184e96c41508161b,643eee2fde0c21dd8b0e0b7a19cc67175256ea08a297e02347aad5b397574150,4d73755416b64f6221210049f44ef7cf742d1a33986503b2264bcbc83a9770e6,79f165f3863c9a1f522d95a380e572e6c28adfe854886ce3e802c9dc70fd847e,883346766454723684,91.65499351491569,
900378,Eyeshadow,notebooks/Task1/dataset1/images/900378.jpg,True,150,113,RGB,8989,a63811cb8523eb7bad8b550bd0708f77e723474bf9ac473a30b98dc0ce96dc69,3968c9ca70ae5cec2db529c8e57a72d4127ff5540fd797104e7d897be40143d0,951b33c24a3f268e3303f2fb23546306095376f018bf00edf32a1c3007befa7a,035b8ae3ea44459f6b38b1db54b0d088cbfbde99a7718e354586c48f94b1c7c0,7862287438278211127,70.4418901660281,
900379,Eyeshadow,notebooks/Task1/dataset1/images/900379.jpg,True,211,193,RGB,18801,b2b125a1d2d68bc2d5f5d0c6f8f2fb68d9a57f718d7579a54eb5626f86a43194,6b5e7ec2040624e28a60fc4d7a623f9c6cb97d2045a1508f98cb49e342d0b003,0e736e668dbbffc17ee1498accfb688c053d166e97902a6364b94985d8746724,70598563a4834ceeab7121635d25d0389c3592890ac59fe76e6d10280208500f,17936469818794349670,155.50414593698176,
900380,Eyeshadow,notebooks/Task1/dataset1/images/900380.jpg,True,107,139,RGB,12934,2a4255bf019db06503194d0c4a4fcbc70071b3d46b6e38fac4ef235f822330df,67952afb41d9b4ce2296f72ef8b9616155955110df8bd32d50e35aeace22c047,566d1774642ec921579ff5f0801f3345647c8806e92d286781e2f9dcab434dc2,03882347c21fff2013a1e625bce3fd2b7cd59f33a27ee5cb82d8315d1c0c37cd,1234355249806534468,137.82445355191257,
900381,Eyeshadow,notebooks/Task1/dataset1/images/900381.jpg,True,118,78,RGB,6295,ebbc2181307b4d07256ece3865501eef00dffcb319a37459c8422bee02b44fde,569157f92f51319c669102cb7ebb47d5edcaeab00bbaaf52369f958aa69c65c2,0d5cae49bd890996cff045969d422be148c51b7e8212ee1b88934058268bf26a,86124d9a8717f0922f013281f6ced342ea6c57994f8cd08831c48336b16a9963,7600168164375849265,182.37886597938143,
900382,Eyeshadow,notebooks/Task1/dataset1/images/900382.jpg,True,161,168,RGB,12158,ec87886db9dab853177b57c30dffa2d4c2865287f81b774006c63544357fb2d6,2af31beddfea2085e4e0df7c0a515ece9f23fb5db14d989b90dbe050d505f7e6,79a0c54029297bf7dc145732ceaa9c071ae0b577cefffdb755c320e915a9ee73,699423f80ffd592f36d003d6606ece623452c3c3f82b922a09da1c0ea3a208c1,16127191576317904928,127.46483180428135,
900383,Eyeshadow,notebooks/Task1/dataset1/images/900383.jpg,True,147,192,RGB,12376,8d2c878873bfdb9c7ec89f9db555df74aa5f111c8c4f09ed5e69fc5283009b11,b56f87ce11c9755cdbcd75056ae5250806753d85cdbf3c59c7f3766e57d0faa4,5b73e8f91d18054c8b970ae99464c9ed1f82a737aafb475e8b0e336a3c9d6568,bd5c6f34a52cc202b45d68eb8d705968732f3aeb1cbe9323ceeced76b0a4ffbc,11181714684740059702,159.80909990108802,
900384,Eyeshadow,notebooks/Task1/dataset1/images/900384.jpg,True,215,222,RGB,21361,3f027bdfd6a2481238d98bd3d5875b355d9a826f9af41629c6b5cd9b2b5375cc,a761346777b025eb6708ba5f21ff1fb4e5952d3bc05b49c4da02e788f24806f5,84eb734bceaf43febada5d33b0253134a2708a042cd6bee74d2ac6d86b529154,8aa86e4728087da2ee8450b16878f81ab942fdc692bacfb9c73ee018e9e6b0e0,5226447447369306733,169.3478927203065,
900385,Eyeshadow,notebooks/Task1/dataset1/images/900385.jpg,True,185,138,RGB,12012,1ca870ae3e838585e3db60fd20d582f5ad615164567631fff3dda63c2e301d84,63b8cc9b1fa65317546abd6dce2fbb86a7766a37d07b10dcaea3b668ccef604d,a23cc6a93bfbfb7a2ad22624c8c1a50a6eb4885187e1558f4f080dcdbba5a7bd,1d9deecb565dae86f4c35d1c2ee7f37003bb55b4fb61edcb0b67b6f7311c2d86,12881046877948032550,139.99584631360332,
900386,Eyeshadow,notebooks/Task1/dataset1/images/900386.jpg,True,104,97,RGB,6417,4c0cce9fc03265121547aa411e735a1f9661691d6efe7ea4321aed51d6188efe,4a24137e11a797c86f980439e819e3ed314a0b6f0efcb6d3aa20720991a19820,ed8b087d9605d04f15e543536687b76558b4bb9035b84de9e4d3c9c0805e14a5,1a930df7f9827e21e6b6307b4930da21952230786a1528095b82fac83c3bae8f,16359136892277172285,150.4857621440536,
900387,Eyeshadow,notebooks/Task1/dataset1/images/900387.jpg,True,167,139,RGB,8641,f65700a694a298169ab61f5a26ec2a9a268951200b4025abf3de4dd807c31499,dabc4e3ddfb04820180c3b461a869821f72941bf08a1eac67232f69f24f4e708,2bfc932f806619e7493302494b155ca4eaab81d96b4f9d7eb58dd10f9766758a,fcd88482410e3ff2756f558f5ce5315cf210a02defddf9811a51a280d1f9c123,5988986137784817423,114.54769736842105,
900388,Eyeshadow,notebooks/Task1/dataset1/images/900388.jpg,True,177,176,RGB,12762,3c93303fc984dab3f3c03fb8891ed63123da71fb4bc6d602e02089a5a5c22792,99013cf5185c4be0e0334ae1049808de275bba620435eceeb0c4232f5c3bfdba,973d9c71214265c29e7a7362f4bfa3c9d5661da00d3c68aea9a066d28cff8abd,f57538147da6f010c301ccbce4405cbde765b924798f1e18861a2f7714597abd,7225752429767562252,167.3034188034188,
900389,Eyeshadow,notebooks/Task1/dataset1/images/900389.jpg,True,170,192,RGB,21771,15a0fcf14cd8154dc3aa0fbba9623167c7bffd7b0a014dde47ac163ae122d407,d83434abf075dc125b6e486f1cb3db0a26f6110372c97dde8772c9f38753decc,cac7067506f470342238e3eb70f4cb58d9b07fd42e8ab1c46d18bc5084c2d73f,79ba40fa0d6004484a1010dd97a9a33e69cc90facc239a9f64ecb52ec7b6fb53,4733463299615946876,116.88888888888889,
900390,Eyeshadow,notebooks/Task1/dataset1/images/900390.jpg,True,190,185,RGB,18581,9c992f316601770fa656876fa8d60e52727bfb50eb37f34f9c666435b8e094bd,fa48b889c9b5764ec1b5bf7f161d85e798aa4692160ecde6a5851d9a54df1672,9a27d4af868a10097a5205c0b2cb8ee0b3a348a3c9111fcc68d1b34790e6b3e0,b81780e42a2e3e1baeee3b285aeac171af65df3b298f9d79b72317bea47eec61,12474456212783740477,112.84450402144772,
900391,Eyeshadow,notebooks/Task1/dataset1/images/900391.jpg,True,212,197,RGB,16589,f7602931336234b2c433073904b2a8e346cbfad638d76dc01b214770a90738c2,4a34c8152f7c8e36add6826e91c91c0903657c9956ebba21c6a6dfb60f838ccc,37aeb5baac283c790b7c9f96fcd1af15f40eb5bd2e7ef91361cfa32359414660,61fe5f7942f80c6a0f9189f295a3efdc5951396d55532b242b03fd1616ae7742,12642720076205668789,16.10933660933661,
900392,Eyeshadow,notebooks/Task1/dataset1/images/900392.jpg,True,153,126,RGB,12112,51a576a2aa5b40d1e66c54905ea18d1f2f72202506a8e782dfcff008b8c7cdf9,0d670a1b766d088f8a7678f4d780a584e9d4c2ce22ac8586ef54f4b3ccb40f53,b3c659d2c968e52c4fc5bd0c7c6ed44415ac22326ac07d56e5e194d011b1c6de,acbce3691ad6b7932843270d6cbd3e38e0371c7d864779582b068a2cb58809a8,6215643017226311730,134.56558363417568,
900393,Eyeshadow,notebooks/Task1/dataset1/images/900393.jpg,True,107,134,RGB,9570,d7cdb47d23c6d206a22e8ffb9d50c5c0f1e58c554fce2b0631c963e807be0218,26f3c05cafab583e66ab4ba9a132d0289a959e482f2f3385a4d11598effcddd6,937fb8475173538eee968ad9ad59066be8fa85a3ef13d25a07b7b2f7d46decbd,7adf5782e47064ed690e5a6e01b8b392b2346db633013203abcdc7baea949c9f,11257939399964655162,127.27545327754532,
900394,Eyeshadow,notebooks/Task1/dataset1/images/900394.jpg,True,120,136,RGB,8832,227676d75dc651a422ef98d583341e302dfde38091e0902975d8cc4d127491b2,c40aa88241c33d2884843353a13f0ca5c6583b4a7875bfc2379f80d77c210577,19287581972d52fe5cfc489246b1ee967a8ee8f3f83d2233f55abb45cfcc8ddf,7cc39990670a968066c44bb853bead9d417b2264c1bf3a643639759b2add5adf,13579711442149317142,73.86548556430446,
900395,Eyeshadow,notebooks/Task1/dataset1/images/900395.jpg,True,296,294,RGB,32925,5933c0c90bf54038137e0826239850a994b4550aa1223b7fa847c85c0df6dbc1,849b197272e1c2934e856d50d68c12655e3242ef46316ae0c80c9419f84c1762,b22dc1111d2b567d6906fa410b845c8ea87b65eb4d76ee6ed7e64378ec3f4a82,380dd00790b86c302fcc3165ba769d420173c6f5f172d319f605c255ee80c830,7389012064960374383,150.26615646258503,
900396,Eyeshadow,notebooks/Task1/dataset1/images/900396.jpg,True,120,128,RGB,9221,33662a8222d1d1649d20a647d8f4d6c0f62073d7da438db425372458fedb0e1b,b2d0f2fb87cf45af2e8343147429e5c2e735dd64d48ad0d0bf9a97a8b1bdf8e8,91cf16ba5d5977357f9a57828bc97f8bf02273d151f24bece3449171c2b70311,c079b65402f393f3a74b12366b9b7e00cfa73c21e4ada385fcdf5d408485e23a,15690757510976946940,143.2418699186992,
900397,Eyeshadow,notebooks/Task1/dataset1/images/900397.jpg,True,149,125,RGB,9541,90fb2342ae3c4470f0049d360e83438e64f6d0f687c87f4563df73eaa748dade,dff5959d3f612ac160b0cfee61a24309c4e50e1c7f3e882c835e2d5041a2deeb,036b589764c73fab5650aaefc197d1d9e86caf84ffb606071c7e2d2812c556fe,6d53fa2df1c4a2e97c497bfbe53c4f50cfb35627e556496a4cf55e166c1c4c65,8020844646198834778,116.52512254901961,
900398,Eyeshadow,notebooks/Task1/dataset1/images/900398.jpg,True,126,82,RGB,6420,baa24654bbb0686fc3b0a4749a20a1831b875bce6da7bfe4884c43f34b999e0c,675a5815375d27bc17f08f365a1031e9f7e6f15c9ea51f253f9bb85d8d6af4ac,45582125f79cf0640881af3bec3328e099f1128974197b9c45d378126f3d2e8c,fb7937812d486255d2f6a208b51a11bdf96af0b92a96e7204d8b3cf36e756019,4177605273534131244,33.30663430420712,
900399,Eyeshadow,notebooks/Task1/dataset1/images/900399.jpg,True,212,177,RGB,20023,5936cb0fdc0a2dff17f9dc5e7a8c0cfe85fbedcd5de84e22d909d90979efb188,2538fc70c27b12385afaf98c0af9900fe1176999bdac313c19b7d1914de79a80,b41414765b1766c10d542ba7c6ef493feff617492af6be227170c3c119d816a7,cfc1638f49dd470646756c8bad075868ac0a863e634f100d0acf0e64a4dca7ce,3683686579871384545,138.45219638242895,
900400,Lipstick,notebooks/Task1/dataset1/images/900400.jpg,True,197,31,RGB,4153,118e40735f612e7d3af1ddaad728f48b140c47697c8cb02789bee297b3df4b4c,6be5ee250411133f609f5486fb3723d6873ada31c3cb389a7dc2d3672a1459e9,5ac0f123bdf29530800ea0dc009c59d0c67e0c749bbbb2142a91e0b73085dd68,4ebc6563eab623d81ef54432f6a25e7493e9bd1cbf46ff39d2643e6340944f1c,2342879536734165534,31.580383480825958,
900401,Lipstick,notebooks/Task1/dataset1/images/900401.jpg,True,83,99,RGB,6635,b6c97e6b7c114946e7790ead4cde427a6e8fd696bbc93e2a5cc6a379bfb6e92c,acfb84404e3e9da668e8be11b3322312421a0098a7d451b8c8cb41e0c1ff0a6f,2212f09c86a2dbaed505be3fa3083c84e85713db20dbd2892e6320e967a369da,15d27a1d6430eb80697e70ef2c6bad1f658b1d60f8e1b39bf6c64d0848c3a915,16587073915363494217,107.11481481481482,
900402,Lipstick,notebooks/Task1/dataset1/images/900402.jpg,True,124,93,RGB,5018,5c7910cbca85ecbd2c1f3c71fabd1d90b7bccdc433342c7e1b4c90c726a3ce53,76cc561c33af544282d4ee15052ca4b2935225daf59f096ba9ea49014c1bde50,c46d258329a21fd2f542f4410d41e6655c5378934c513d1b4df118519fca3d66,f102e95c146d7e6165f164a9a80093a1ecf3708e97c2500eec4232806ef7ddc6,7380300762456574417,19.95813953488372,
900403,Lipstick,notebooks/Task1/dataset1/images/900403.jpg,True,95,113,RGB,4793,ba3d7d13ed3942b8f72a05b70452c416a44d7e45bd71605df4d6a78f46197f37,9ea5217123af9756cd3a590eeca7707bac8483ec9f333335930cfbcc820f4a53,3c6db73f91557357d03c5bac8eb64504100b125c3f7c858d91a997770fd6f076,0ad26f837650c66668ee5f462715f1f2ba2a2097c9078de6beb83598a7ec69b3,10092745188768821539,96.0873786407767,
900404,Lipstick,notebooks/Task1/dataset1/images/900404.jpg,True,99,96,RGB,6182,43e6c6d3734221603f6fdb50d8dadc2e908f2edb262031eae3a3bad79632936a,a844acd4a909d8ab814d88503b0c4419812d70e2487c908c8f4d148598ed0d64,c55a215470bae27117d323b27cc5f8ff28d89a77609d8ab21630693c13522cac,d7dcf8a3b1c28b2b8da79336605e751765e8dc22bfed81d13cf7711cfe7d922a,4712367586142274528,89.49222797927462,
900405,Lipstick,notebooks/Task1/dataset1/images/900405.jpg,True,52,150,RGB,5041,c82532fa4aa2521d0c624627f83b8baa27ce5a76843f31c84aed81de4a19d63d,0543619ec4ba48f682f3f90bf35afe90ae57738b67fc2ff8025f33b7ce2c63fd,4cf88375bfbddc3c7d7193b4eb8a487b166c496c5c950ffea55ddce8ec029a85,2bbb09f0744abf444dfab642dfd5dd66208f8d728ac5096f2c79e83a6eb83146,9531353641592676785,178.08583333333334,
900406,Lipstick,notebooks/Task1/dataset1/images/900406.jpg,True,55,126,RGB,4239,4b4fd6ae35ab564b04f0e6832c7efbb0838c8e927fc8b8379f1cef1a90e301f3,09874f38d000293dc20cbd152a6d0f202adac82f224fe0cd9307d3ad953abac0,086dde990d01486c608c4699add5a12cd65a36e1c69afd6290c46e6034d608c9,ad5cb86a30c683e897507a5c2f1c908f4ddae408d876875d32ebf5ae5e0d997b,7297597362935007513,166.27653631284917,
900407,Lipstick,notebooks/Task1/dataset1/images/900407.jpg,True,120,63,RGB,4445,b635e8e69409b4ee886cf5f6a0b81a69f4168fafb98c5d661c50c22290dea930,cea8a3a843991da0769e778b2ef9dee4a2317a8d804095cdc8996e8f7909c8d0,1f321dffa55dec4ec3561534901b27b558ad0a1bdc6832016f8cb09d137aabe5,29872965be4ece2ac784b803443effe1a205cc2d8391f5e0097605d8460f6fc3,12336830626160933180,143.84806629834253,
900408,Lipstick,notebooks/Task1/dataset1/images/900408.jpg,True,55,168,RGB,4794,1ca67d4f90f82c653dd9a5ef195e9fe9790b994161df0d6bc36e14810a26a488,6e527a00321baafeb688433d5592717f3d04a0245805469596a6f34257783318,0d9169212111edf9b17efa5d6f608b5fd6ac59fc0b1c1b28bef84574d16c3399,dcadd7ae0bbb0f81090a18266b3287eed7e05a39bea4da3509729e1f9ebb4dae,3689300002111217433,140.8763197586727,
900409,Lipstick,notebooks/Task1/dataset1/images/900409.jpg,True,216,104,RGB,11220,44bd046d7d30ff9fa57c2a21a6907f91b5fbc374e14f7da331ffd1ccf9229094,41df64d042f9e246d8af2fae25ff7437806467d08f295e010a2d42f5c65815ab,1596a736980989e03bae47ac0fe7fdecd651175d613da8327fe74b51cd85ab6c,6d6f6fa66aa4f18973593948debb11b10b82515c2218d5e2a93a3d4340289342,3761511409967073928,81.18815513626835,
900410,Lipstick,notebooks/Task1/dataset1/images/900410.jpg,True,166,112,RGB,6137,43d06ea9e81ba6f0af6403c0a4e194887d6dd6ef789d3f31d0b67bc6e3128321,5556fa0a77c41230167b81661b1acad7b6c09320f0cfb613d93f59f4095ee749,fbecfc2cc3baf52b04414103f46229ac6ef8535944e06706b59114638bac063b,f3cf70d525dc0d65478b519415e804f5b8fa79c46a2cc5b25a573d49f97afe70,5386568604349544,158.08152173913044,
900411,Lipstick,notebooks/Task1/dataset1/images/900411.jpg,True,134,190,RGB,13843,5af18a017e79dbb1653300c6d94f21888c54ee9275d4553b315187c1c2f48639,a7bda8395f9a25817b6097a3e15234c532d16e3a027b9c3fd41224330a22fa30,023bf75996eca69ce7fb0d5ba53cf13e0b7fdf1da436718cc0f9791f742f5326,eb0f8ea7389f58fca4fea1a90b5c64580f15f04e21dd93b2c450290c8f4a5a2a,12219153011610560231,164.14958592132504,
900412,Lipstick,notebooks/Task1/dataset1/images/900412.jpg,True,111,62,RGB,4832,c393be0a58a0f810a0cdf5a59d24c50c51a3c63b1516a97dea668e070e9ef8ca,1b3707789a4220fec5a797cb9b2d5836f5cc66660ac1cdb907472625848de0c9,984887133891eff3266a8dad146ad21f72140314caee6f7b44e3b49341f08a03,d39d1d6a4ed2332aa39e6320bbe1253c56de05f3140c164ad1c68f17a9229a12,12846066224549980374,99.2300194931774,
900413,Lipstick,notebooks/Task1/dataset1/images/900413.jpg,True,177,167,RGB,10161,feb57e4a7092b498b6abd7b55178434fd2027838b84ba1d42466ab753d36a012,93c56c36c391c1f5fe2b500c3d33ba0256594a1424fc769b70af09dea9b80cab,6682f3a76d75b40fbadb836a0a5f445ecd07bc766a141fbae0ce6685336d6fa7,a26aad1b021d0d3d14a67da172dfd947771ac92afd8de2fc3ea3e3be9c90f574,11640367860796537522,15.747076023391813,
900414,Lipstick,notebooks/Task1/dataset1/images/900414.jpg,True,92,171,RGB,9417,46feeed104e6459806ef5ad388a9013feb4d9cc54f7c8f4ca09446df114a2d81,a429b56b7e183770b0f509adec21df5ab5450b877029df949db627afea146845,0f7922ea8b448a6f5b75b6eebae09b1c9a56803853a27ad24a6586af616030ab,99375e8fe0a3a8a7c55349051e05801529893148deb4d54f52b54cfd58636468,7165280448581920280,97.12835249042146,
900415,Lipstick,notebooks/Task1/dataset1/images/900415.jpg,True,129,193,RGB,9269,65bdd23e1f01fd98e4a089379846b90159bcbcace42321ae3449df4baafe6fd8,d1bbad7dd2a189fa081307d7f9c962a74af552a1100567de48db7576b3d93c9c,37660835c45179b246181d15754346fc7185e312c6b14e26465cc42d9ba3c5b5,d316ef134a417201757ec01cf55cda43c6ee23f2292e059a64a1200862315a4a,17931135109172463302,20.794791666666665,
900416,Lipstick,notebooks/Task1/dataset1/images/900416.jpg,True,89,182,RGB,5615,33e5107a8f648519f9a6c38bffebf6ea770a9a75c9ba32713204db038c52c577,07456c4e5bc8eb7e7ca891be2760fe14d8f9875f2d2c8c459ed34ef44e5dba7d,085fe4685fa207a4f4b0f7f5408514f53e33c0368bbacda178ea6bf448435e7d,ee575f8a1b806dcd84f29b488334c981b0ff1b99a382dec1b477916afc93f2db,6346476089074157470,14.205700123915737,
900417,Lipstick,notebooks/Task1/dataset1/images/900417.jpg,True,179,154,RGB,17003,1a3ff75f7c5bebaf918a7df4dda633502e321ea5e60b0743f132893d68691db3,6ccaffffa1852a003c60e2087eb623693d447c6bfcb1ae2e652e0b1a675e82cd,d3b0586848c7cf04756f4025d229ecd63b06b4142f1b9c601acdf6de86fab350,ea9a6da83f88fa3545e2d7fb3b438c389c541410160106b99577414fe1104762,662525471212787795,168.54330312185297,
900418,Lipstick,notebooks/Task1/dataset1/images/900418.jpg,True,65,194,RGB,6685,1dbcc5e6c9008be30120f3dc560123e5b4d2c70db78d32959816431e70da56fd,f3acb4456c97c545c49d880a750200c65c37e98d5c1da96603a79b7641b6ba67,b4f4e3ed006bb5ad32a903af280e8f46a4ab712383e4819df81c38000b8d6e48,f68d1c62c2e2b21c4226576d30d5347a13ed71987f11764b128eeddada4d260d,11169778149925004870,154.8320363164721,
900419,Lipstick,notebooks/Task1/dataset1/images/900419.jpg,True,118,86,RGB,8129,8f1e533da5e3281eb4c9e10ae84d64ead97939d4a96e88a0e5f44d768068c051,85a7371322b3d7faed27c47f1144dfaf7ea9a26232fdc4359bd6b8dd33f40e62,6d11047420658b269f92d99616c894f3a39444b1573fb7924e94cc4c69cc9e46,c77672604017da155784c72c51f500702398b4f53434d4e8e3e0fdb40aa72184,1736763498100865935,115.92904290429043,
900420,Lipstick,notebooks/Task1/dataset1/images/900420.jpg,True,83,205,RGB,10875,4f93eb9128b3a3fc5048177eca2bdef03569d82355861392da600402549958eb,6e77a47acfc111da5d763ea1f220b04f8bceae026b98283c2c094587d1ff49d1,81a901ee89c54ada7967f0d176c615e6283a6cb5fe760afac7c4a9796f554965,57f79a58e595ba756367b1aec745c2ad82f44f19ddffe4d5e603cb96bf613081,14397226776589205108,118.26456876456876,
900421,Lipstick,notebooks/Task1/dataset1/images/900421.jpg,True,137,143,RGB,8376,5d98c8621723a9fe09027179664d770a6de50044601597821ee37a2ce65da3bb,bcd328370292ecebaec865bba1c564c698f9d66be323ffa4ea16d390252496ff,4d97a150b384b7c30cca6baf01352c55d2dfb786de0a027f758202d342eee1e6,f1f142468b82abd362d23dd69cfb43b100d3a8ba81683e07d03bf7de605b8bc7,10793196006626816875,84.69544364508393,
900422,Lipstick,notebooks/Task1/dataset1/images/900422.jpg,True,199,124,RGB,11589,5cd8f08eab75ba84db7940c926fdde74eda67255e013bcb401622f5672931fea,455b3603de7c344aecff7fb2ed72e46d7d11ae67a1c9d4a19f72d1f1f3774b53,f718f71a120ec747cb11104d54d1906e8a20dc9be47ccda0e80df4f114161624,08d5dcea945de672db3e26fbf9258e1de2ff518bd2c3c0d1f1f8357ceb2b7db2,10776501921658405649,120.06282450674973,
900423,Lipstick,notebooks/Task1/dataset1/images/900423.jpg,True,54,165,RGB,4436,a9c6d8c673f4545581427f563c0122772e3be42a65b304b0bfd4aad0b6f1c28c,48b848c32d1eed8a59e94d03eee29cfae9788c45d554d07959f261a97e9445fe,07911dd29e4972dc32a710b32e3c0418d3a8ca9c87beb6227ebee16a1dabcf3c,eb2b643e22b76e2ea4b0302364023305845206954ac3637ae4ff4786862df89a,14547984461017282168,8.569124423963133,
900424,Lipstick,notebooks/Task1/dataset1/images/900424.jpg,True,143,107,RGB,4341,4bd3fdec318eb43c88e7bddc08cea2647ccd90c02d033a3911cedaa9a54074e5,43cd792aa4d9de239c8949fe3b709173f92f671a860a303eaa8fc9e1e6a5a520,9a266d56b56f54f2f166ee0ac81c62025669d1d3b7301961990831d29f8c447f,576ef536705a0f07e45c076ff633e20ac2abc7d7204439426fc2970bf03cdc66,5220861142689370601,191.17674731182797,
900425,Lipstick,notebooks/Task1/dataset1/images/900425.jpg,True,104,191,RGB,9915,4afb675106e90915a5ad4d66cb1d881f8f760d1e3b4f9f616726ec5acda49c70,1a32639fa560e01715058dfe582bababcd7d09b1d26da44136d9735a466d6eea,cc59b6a29510994b26a1b2fa9329be1e376f80f03a587a182005c47c99cb273f,e8174082d15b1d8ae246e053ab9b2e496e5b84ced16fa2d742a94676c35216f3,1913336744667623110,75.22127417519908,
900426,Lipstick,notebooks/Task1/dataset1/images/900426.jpg,True,151,195,RGB,12111,92d0b167bcfa99a478a5af7f457e0da779d3e75412fce95fdbaa002096c5d4c2,b34c23a8ce7ae559e4c750ed95adafa15f9055f55c7cd58f41bc9cc0066f4e16,403d0a74c2add0278e842560db497a8a764e5f7bf18d33b62fe4a75325d5a711,b94aa8276d90ba4b23f0dee2c01e5666cd0861a946212310a1794b385b3219a5,11903643411435424619,173.34593023255815,
900427,Lipstick,notebooks/Task1/dataset1/images/900427.jpg,True,149,200,RGB,14166,a8d895ed6e19c8f0fb7ec78ccd0fefc13f3e61814df27a0cebc02e7fc43c1a41,91782bd0d42b5f9d1dc7e6b2b6dcf9b22dbc8acad442c436a25419473e1d6cda,48cfa7b17ad13751e505cccb2249c9e14f55bb81ee4024b95262892c99305419,38c1c5e0508c815960f642f3bb550c9a1d66d552e5c64c148a25f553bd0620ee,5436169824918251102,93.68299711815563,
900428,Lipstick,notebooks/Task1/dataset1/images/900428.jpg,True,103,223,RGB,15276,a019520dcc12339d250b7b02f64f1129faabc5409c5001397ee958a5586026eb,09bf0d3d2a016c2247bd8b2c9551fe550fd3d4ff31093ea13c612b4c7262af44,6027a74db5f1078e4594816ab1a9eccb9ed1ba99f8c9334b29b602692e5cafd4,7e7d9813b2b22b0427283e234087ad442dfbe47ac663aa5183dfd7f3761d569e,11083296067150036468,95.14454732510288,
900429,Lipstick,notebooks/Task1/dataset1/images/900429.jpg,True,223,107,RGB,12191,144e83407413c58adbc336c2121c726260cfcf70a78fe35a62ae0997a3019fa2,a321e8dd2ca393c0f92337e61359d38a27d3c422541458ae3317b409e69c58ce,d6ae0dc560b035c3fbbc71f5adaaca9e470b4c6882c756b0ea7886634967f117,3eb73972f7c1ea5a16cbd9b84480ab023eb55f0c5f1fd0da212c82434769c85f,10849798426022030263,37.6229674796748,
900430,Lipstick,notebooks/Task1/dataset1/images/900430.jpg,True,55,123,RGB,5054,37a898487a0ae23c2ef993649b05d05f7a52601861054be4c173a54194045c97,5208a4059f2d1df783e77263c69cec4c36961be7844c010df4ff826a54b157cf,9aa14aed1b8b85743419bfbf24e55e76b7071b3828de89348dd2faa912b51190,50539187f18aede43e9263e4b08f7e86402b7690e89822ec4e1d1b5b837ebbe8,9279165764639934040,92.5965909090909,
900431,Lipstick,notebooks/Task1/dataset1/images/900431.jpg,True,146,56,RGB,6106,f4d199549dabaa8251fed5386cb1f54e717ad2ef3bf5883318adceae5c162deb,33e02e04a367deaa45756efe8fbc1effd3097f396b52b943673cda2065862795,0a9b243c0b5305975cb550b57dc83e05cac5fb16d65b6ed20866809b9e6191b2,70bb099e834d3984fbc0df668cddd5c47eab6455688b98e76f03b53d2a19fdff,7596224795427148697,120.09083333333334,
900432,Lipstick,notebooks/Task1/dataset1/images/900432.jpg,True,75,183,RGB,7394,bed57b2ba05477ddb9bad418a4c55325a74978b5b348a36eadb05e60c28dd8dd,bd9c42514f36f1d4cebda03909b66232e378443ee235f14885fd759cfd4cea1d,9c2caf63902f269596914fbc01afbc6aa7ebb708922395f19bc48d16bbd5355c,f7040192732cb246938ac6e713effd72387d1969cd0ddac232a464891af87b84,2164482539676449145,81.1171875,
900433,Lipstick,notebooks/Task1/dataset1/images/900433.jpg,True,51,164,RGB,4194,ba4c892a8d15dc239ca41dbac593e9721644e42a63874d615cf16598d5daff0e,e732dc18310e85c1eb250921446527916dcf744a421ea9e8e7fa61b106090a18,7bce9c30ec351cd828a50a43cc9fc5b332e239e4b5ee51a30dc467e7d75a7f52,52639d94fe7ebd46fc3c31119ad7632c0c4605ecca676992e1db7227a36e4f97,12136195960004004297,59.557120500782474,
900434,Lipstick,notebooks/Task1/dataset1/images/900434.jpg,True,253,95,RGB,7157,44e8e0a2fb56074bd83eff45aefb2ee8b306c5a6b0ee53a339d789003b68d9ee,da0a743119df54ff9b130c27b23a7c70876e03b53d6d896f439cfe4a5dd84071,3e5cadcf7ed7f2ab4aac0f877edaf9443f2b96435cbace4bb22db76e611480b7,bb0288ddb2357012cc13bcda8986dd953839a4e25b57fcf12988a6e61e31d1a5,946038509175536749,162.55684007707129,
900435,Lipstick,notebooks/Task1/dataset1/images/900435.jpg,True,156,91,RGB,8619,f0331a506a656c2d9a87a036aa0fe4ef6c3f1cc4fbc288e3f2098e885107335b,7abe1df7f1549b5f3ae5b41ff65503d86b3c374804b7e7c6c7a9417ee2317b45,e8b5e09df4d789426a19a5466095af23014a2248cad65502bad9c64faec28139,65c7fb9e42c5afb310f0d8b0f9c655b5d7c9cec9fe168fdee70eb6dec7da8366,3717659263590095580,42.96802721088435,
900436,Lipstick,notebooks/Task1/dataset1/images/900436.jpg,True,190,77,RGB,6825,11d8fa331b474bab3f099c547ae8ee8c73771c932bd8ee8c8a1620bab93c0689,2b323287180ebc5832adcd5694549325945409aacc815989e589090e360e5576,f83c88b36b68e4fb45e0449a85286dc22385e06d2e05d61037ee4380ea08748b,a0d55e88ceda4b8f37ad871c89c4c0bc87f0ae7aa66f7f093c73f6bf321ef03c,9114791132779483571,178.78930817610063,
900437,Lipstick,notebooks/Task1/dataset1/images/900437.jpg,True,90,162,RGB,8246,91249ba3cc7020401f28f8ebe322b575111649bbf1b8a82a8d47c57513cdbb01,472dfc01715dc7a74eb834c323d8b0e2ccccef1564cc0a2814e3084d68207b1f,0f8712dfdde8f30a46ae0cfdb370bedca31bfd6bab1214304e4cfdfff629a58c,efc06f3dd9bc1535dcd3c7e016879f28f798ed2cd21ef1ee9f993631d0d94407,8314263633729402488,93.55533333333334,
900438,Lipstick,notebooks/Task1/dataset1/images/900438.jpg,True,109,70,RGB,6748,c3b7c6b8066a4452a764f777258501bd380813e9e3993e8cb5011ed2837f3cd8,372ea10ccd0fe3c9c4167eb3baa0c3bfba16e5e87ce6fe9f1bcea4dfff70940a,37987931c3b0c413b65dcd1dd62e1e058f8c9815a8336f421bb8fd4943a8a3ee,1873e116ea2cb71b7caa5f677f64ca84a893657c1b6c63fb81356308cad52330,4770210416258693475,101.62806026365348,
900439,Lipstick,notebooks/Task1/dataset1/images/900439.jpg,True,183,38,RGB,4319,a732a87f9305ca143d0e132c88268e55498961d5a1c879bfd06f30c2e6af7b2d,da2bebbbedebc961b1511a63c32bdaddc990e5d5f935ae818fb185897afd3fcc,bebba704fb1ddb2025093d19aae406e12dd2a0d058e5fafe67d5373dcf71d4dd,22f350343ec35db555b821ac29812787605a0ee8097a0ed69e5a34a6ace6f90d,3815326869135414243,48.211567732115675,
900440,Lipstick,notebooks/Task1/dataset1/images/900440.jpg,True,188,152,RGB,16858,339c3cc88c6f38bafa23870468a9b7359248ef190bbb64a6d646ffb2e7d13762,20b35d15f64f7d14ee5e84dec042fdfd5a6ba8c2b8509a3cd31132a91fab1b87,da94842a46c37099b8a242ef47dd34e4e06071c412228b993b3a3339a07274f0,8dffb289eaf0c01615f85c818fc7db9862f8f08943ecae9a99b8acdc2a3a61c6,15416212363088064364,120.7603550295858,
900441,Lipstick,notebooks/Task1/dataset1/images/900441.jpg,True,105,147,RGB,5477,3f9f691d57c4175be24bb9aa7c4325184e18723c17ee5e8390db247038ae63e2,3fe10ece1c22f3947d45c464b9bfad8c226a05d3883c3873e6c206c110f658fd,8b9335790ebfe1e7ce58f7951d03d205ef438f7cbbe0e3127e54a807dd4dfaed,aff60c2a33d848e0fc2a4da8bf2e84e498ebfc1acd6fe2b31e2db534837a3a7c,17021408258227970658,60.192,
900442,Lipstick,notebooks/Task1/dataset1/images/900442.jpg,True,232,68,RGB,8150,ac194c40f54461342b458cc631e95cdf2ddfa1c410fc0ddb12a6fa87e6333127,6298dee84906dd628667677d9732577a8dfbb8afcbaf41d2d8fd751a663d7923,a5906c4083bcb05149d404bf5847a5a4447b8e2a19a8d34822288754d4b589e2,91e45eb953ffc42ec067c39ea94c9f77a4595960e98fca36eeffec24ba27c77d,14180969518964991194,62.901006711409394,
900443,Lipstick,notebooks/Task1/dataset1/images/900443.jpg,True,149,200,RGB,10290,ab1a3332eb9ffbebd92f79388a63a540cead233823be019eb54972868e03c4be,065f0e02b1bf0cfd320e18b86de50f3a75753c87134843f51406376762f3f0d9,37e2f1e17859f672e0146c2c47db466013ddae2148152371db046ffbbdd138ce,11bc464e8c3b1b365aec0514971d16a126295aca20452fabf2427d9271108fd1,15482913985924342986,14.353506243996158,
900444,Lipstick,notebooks/Task1/dataset1/images/900444.jpg,True,68,105,RGB,4661,a3a6803df75c7266e4a730cd37b80299682a09aab6f4de4792668631ab80deea,1dfe155d4511686ce24b6e74fc0db5656fd6349f9f28b3b6c27f0fd423c9e82b,7174d1be567b23297bacae66a965f094d3fcdc24f40daba720053c6c17c6d981,ca61728c4c962a51d7f72440722b147b850dc95199451f43e8bf54bfdfd277a2,10554714370311747123,113.1608187134503,
900445,Lipstick,notebooks/Task1/dataset1/images/900445.jpg,True,156,121,RGB,13233,69f28a07fd28471d2c15cade036e0f67ed366247648da1cbf693fc63bf3fca20,3c127d0501855fde79f3a2d1f5d128260ed2d3d7f3b2f713a3126665faf2941d,af2aef572af1b80752d4736c4af5824e4d56d071e9ca83253800083b6714d814,7f4230184505780837a0464677270cd0eef60be1623a182c43c3f8745dafddc7,6515927844018120249,83.75878787878789,
900446,Lipstick,notebooks/Task1/dataset1/images/900446.jpg,True,139,178,RGB,15172,f070dd561fa9251fa412905ba6a3efe0b4480713a7f073b87e23de13f34d89a4,150b4388add048641a83ed955484ce2e7acaa57d659ed9bd084218853b34c2d2,9b8804439e1a8bb47b8c94127eb4eb16f4cb629f1532a28a0e562bdcd21985e9,1586d01ea50b940b1b7c03bd081a750c7b19f38e4339cc2441b6f363435210ef,797989418695684634,108.97777777777777,
900447,Lipstick,notebooks/Task1/dataset1/images/900447.jpg,True,202,114,RGB,8964,b296436b116b4099388d875aedd0a8321847164f4e85b97b31f47713222b2eb2,2618465e4258f86e6b69b959165292125b043cee512b295f16fc185160505d30,06f9aee0342bdfb9b0fa107e635f85e89fe876c5a9547f3c88d70a89de49d555,a373eed17b5a84b3b162eb10c6ab5cc3e3d37228a826e4a008801d3345182a6e,12119251564345518468,118.67515923566879,
900448,Lipstick,notebooks/Task1/dataset1/images/900448.jpg,True,152,163,RGB,9167,3b313c33afb80761ac9787c0429831e138ff9e1b6ee4badf7eada2a7537c1f93,c6ae7088207a81d623e21e8ae95dac27bdece8f7b1d6844546a1242adad4f126,bdb84dd3ddec107c9e3ce05ecac43bccbf9cdac44fccc8cc2d88649c85e76b97,92d5c7713c38e188d3145703255eae4369b1162a85c07f8645c7a53f1809c712,221559579508895824,148.7768903088392,
900449,Lipstick,notebooks/Task1/dataset1/images/900449.jpg,True,112,71,RGB,4412,544c804ef280d0c5ae084cc212de0ad505b63c8bb569a6c139905f1c1b24405f,1227bd996e18fb46553c2dcf5b4d7814ccace5535a5eae0c452d6d9ede45fc8f,195b4870de9297e5812f724fd91ddba0e3cf342569e788716ffcd83f0fef38be,116f2c24e9bd7f2ce477d80b9305d05d0b228d2b86839aade0e4ffe3522e39d0,9149897090063975877,42.54419889502763,
900450,Lipstick,notebooks/Task1/dataset1/images/900450.jpg,True,153,84,RGB,6388,ec045513ada030163f1e0ba3b8bc667151b9d5d8b81c141f712a49225958ac34,7b1d0f96fe680445bf02b8c709fbac7865eb1a57eeb6f29d0ba7efa66dc705bc,dd720807d174d7e531639c3b97d9725d9438fd76053ad4f02af0160122b2ba1a,76af7bd2147fbc8108edb278673fcbed2a9ddaa2c6716aba9f719bc317adac1f,3041684660677208453,181.29219858156029,
900451,Lipstick,notebooks/Task1/dataset1/images/900451.jpg,True,134,69,RGB,7200,2c737bba59feb72bc934dabc05e023d695d538e73b91121db491750d8fe89cbd,06268e7abc4edbdc187531f75efbfe3d31ac18443eedf453b4797b3fa4e2c8d6,58e1c613d4362b35d09e1fc46842d318eb4834ca2edfd2db804beee5d322812b,62bd0b40d1be15ef6df28f6f33ef080036d4d29ce37b04a298a22f01d72cd617,15308412012635714657,101.44941956882255,
900452,Lipstick,notebooks/Task1/dataset1/images/900452.jpg,True,66,212,RGB,8348,c1ac532e0893cc1448da1164ee065ed6939a4a49b21f432ef3675ffd580173fe,32e646af77827d6def593efed44cbaafac97dc6a6c978103e23b6b377db8e394,fd05a075897d6ef7545d29e132eb965747e483eb79a871f4eab775061690d8c9,edc6fd4aa66038f9e7b7e8731ed67dd4b88a62d42132073e403808b6709588d9,9191792720323532663,114.70410628019323,
900453,Lipstick,notebooks/Task1/dataset1/images/900453.jpg,True,51,180,RGB,4883,3a8c23109be5e69190fd5ad578a4f497f65e3afb4c698463c9bd90f241acfb9d,5b9ce9ef5531c9e0a3e728b09c6c3bfb40bf924901cc207e1d94ccfe54f3e8f7,ba4361fdc756728d188a8683958cbfcfc9288ca08da9401340e6a77b92b2ceb8,41155bd679adc3b0c588d6f09d577eeca5aed44c351af9a566ea92afb9db74a0,8777908541031909126,135.4934497816594,
900454,Lipstick,notebooks/Task1/dataset1/images/900454.jpg,True,92,42,RGB,2783,0463fea498e6921bcc29af1c2368ca3b9e081470fa7326419f6ba7c3719a1a81,495657630ee828e70d42cc4fbe7488a497cbedf7eb9a6e1d87f7e08bbfab168f,d9fbd08331e7ce4c7f07b77008f9982c66f66a59282818ebdf24af3806c18dbd,014c7f6f20c3ade6865d62a1a1d503f19658d040bce59831909c3146f8851b12,10376459127747735833,150.41540404040404,
900456,Lipstick,notebooks/Task1/dataset1/images/900456.jpg,True,204,125,RGB,12897,6254290d1ed2d49d040fe480e3dc9cef9f067fddaae85163abaf84cb89b8b25f,3745a6dcded0970bf4884fea406e00b6060b4c91b715f9b11d06af85c73ae8c0,6a5bafc73c72df8f83f257d7bca97d47e62df700faaea99ae608d048b01b48da,9542ac06ee40e0763370d2827859ec1ada6efe997159a15e817fac4afed63264,12289935872467155241,75.83282364933741,
900457,Lipstick,notebooks/Task1/dataset1/images/900457.jpg,True,67,183,RGB,6806,0971206ebeeca2737b74e973fe18eb15fd726725b1805bf9bdd20a9e847cd3f5,654928e7382cc0f1ca54010e5fc0f5cb49cf00c6691eb393d6bd8fa21eeddc9b,e2050fab86f3d129c9dfbc9a9e20960ef4426010a9808d2a13ccd82c69765b08,ce31680af0448adbd5f8ffe652553a93c35199e327586358eb2f27e8cb2006b4,17949595799803735146,123.32123655913979,
900458,Lipstick,notebooks/Task1/dataset1/images/900458.jpg,True,109,127,RGB,6159,a6a45b012e2f90988df5872969bf54bd0d4c456a6f2656a2185efa7da5fcc6c9,811ee998282dc44b7413fe7eee47b1f9b2549901832ac9f415ce11f281b58083,e977a3707b7de18d07736496922fc88ae86603fb9118057b653368ad7a204601,6f7888cbdb7ddb442fa3769e75f15541a43f36ef690b1d43fa77db67dc922870,4261690342066624892,41.202991452991455,
900459,Lipstick,notebooks/Task1/dataset1/images/900459.jpg,True,62,129,RGB,2874,7ec9af1b28b1a0590c18af09bbe672f60a3cceb1bf6e7250ad8553078fdee372,23cd66ccddbb0be130f3ea8b8caacc69914dd28c874bcf9458022605c97ddba7,b8b1631277a54d7a4f2a032478bb66cf14b54184197d2a32209dcd25f376112a,fc822af6dfbe0567ee0580c826de4be88cd690f58546855452feb681c147fcf9,1781380811025926290,5.213403880070547,
900460,Lipstick,notebooks/Task1/dataset1/images/900460.jpg,True,51,250,RGB,5980,8aca1dd159316f797b0596b45d22e633500cca788e71c18fa90883d5aab68719,c3fcd8b3a12c14646ee01c81924bea688f5d8bf9c788793a4139c8758a106bfb,a1a3eaa8111becd99dc25faff9b2f41791d4080a8d823e3af3543be2d6b3b652,5d86241ef2381324bd5ebb70e081aa9fdd23f031edc2c11b70c5fb70b741c4d2,2749209148789298975,157.83333333333334,
900461,Lipstick,notebooks/Task1/dataset1/images/900461.jpg,True,41,151,RGB,3556,582b784f84c7c1a4bb89dba1ca533047cee643a31a52cca3614e4afb774950d7,f4e408eb0ea3ebc1b7e7745b298d48d1f8a31e2c7127d3ea175b5548d2dca270,aac8aff83bedc94d4c43f11c4d83b884b1ff8ef5db57e7cdda52d84e936139a7,22994b6405b334316c6bfd3e0745f80239d156273b7fd1f769bae55828217f00,868656914065100165,119.32631578947368,
900462,Lipstick,notebooks/Task1/dataset1/images/900462.jpg,True,120,78,RGB,6465,1600cc990f58a70ee2df5cd92f144bbedc9e06e381948a6736eceb9e01a2781b,ae6ecc6d2d0aa2110df3a4bc72796453d01a1ba9f02efa00c9f06b00900ac5f4,9b493260c90c47f30c3be9a393f562e94d996f3cf29a4dde8dd6a9d4af785a54,66b5be7f3426b2ac806c9b03807f7e80223952ad29cbdc4d5c6960cbcf6bef77,6118477877341665597,148.4515306122449,
900463,Lipstick,notebooks/Task1/dataset1/images/900463.jpg,True,232,99,RGB,12439,c573c67fe38d2b96d23146e921bfa29a394bd1afa9e212e98e03ee67ab3d9829,43c528b18c6aaf54a66df35d4242dea43ffc6c5ef0e13a97b8b5ae108bba3322,d6814736a32307f68a7566b0c7e3be6aa90c309f5f1edddae6029bb5eae4d58d,ccfdbd4e20369b9298b06b134f4021b3c6a137515d18ee077f2b27d584e5eb80,13058681845630024889,130.02684903748732,
900464,Lipstick,notebooks/Task1/dataset1/images/900464.jpg,True,151,31,RGB,2853,11fc0624dd046647f00abfa9a81f1eaee36f15bce9a6e72635e691c46c14eb72,f3fe3e394a25797fe4d3c9c5c86d5a2ddb9b9b492f39aa1edd96e7f04684c35e,a2abc77baf694332facb1f1bcef812c838c1d751b0d285b74ab5b03305afb403,42d2ece296da33f1dff498fb5baeca8ee69a8766026bba4cb11546ec60f8146d,7850551035545379472,32.153703703703705,
900465,Lipstick,notebooks/Task1/dataset1/images/900465.jpg,True,216,51,RGB,7086,89fe5d259b6222e6c5123e420cf575cc11f8bc4ffcd1a393f3fe2ce96a162ada,fbd60cf9fe6f8c9815d3bd718611dc802c260d7fcc5bf071d5292fd70c5cc7dc,1695efea3da88bd58eeaf5df3c724953da07e22d97a29018b6809ed90f624a7c,3eeb8fa1e1686d38ae507ea01329be730ab2836769dbe94bdec58b618fa85628,5437311986062013473,147.16477987421385,
900466,Lipstick,notebooks/Task1/dataset1/images/900466.jpg,True,168,93,RGB,7071,85d6eebc7e10c00582db2561914c39c6edf0c2c59f61a4056b73ee0872e8a3b7,dd11db92cfd2e6183404cbfc99760e2c6aa3dbbaf92be430790b78a8da5b13f1,d9d29bb05c6d6876b5182ab70c6b17950095a5cc6c97945733b4dfe3f7e400ce,12039dedb5944031c0c920496a17d309bac978216e0f8f4bc99dba09fba106b9,4380002086414465076,45.082368082368085,
900467,Lipstick,notebooks/Task1/dataset1/images/900467.jpg,True,165,89,RGB,5738,0dd06748ae0451c16effe58cf6be7e130492a45477b28510a7230086f7d6eee1,488639e44ef1c56bf64bea1701f4d5944c317f6e9b4a8c87f334ddc050160d23,f111aa584e9639bf797a2e735b3670d5d595db25e52668af20f720e4c33b2484,a4c0eb079d03151cf82e6977dc8befb03b5133a85fde645a16388e02c1e1fe66,2749084896996001446,29.751984126984127,
900468,Lipstick,notebooks/Task1/dataset1/images/900468.jpg,True,48,167,RGB,4610,b609c2bdf39bbb92eca54efbfc457ae6f5c65d1081fc6f06789f37641cdc3989,4e3781b91b3dfcea9792c2d5ec75fd968e8dfd601e595e91ace88909bf63ba17,20e97cccfa495840e3f16aa4930595c3587a29bc03859967b43a4ff46c428398,5904a63a7b235edeab7677f6839eeadd803e276dc6d2480f6101e1496fd7095f,1083985472579647260,123.27230046948357,
900469,Lipstick,notebooks/Task1/dataset1/images/900469.jpg,True,148,35,RGB,4032,36251755a63ace2fc7e9c82f4d7212d528685e8ff42cba34cd5bfc5e6c4172b6,f7737807e3c4fd4073363b2ff856d2b47a7f550e2ee26f6ddb7b9d7b655d12c3,5782ebe0fda4da77185dd5abb0b3ad424867aedaa0fefbc201141bb47dc4a4ab,1ad9534d43477c2900ccb5a8249b67c03f555e3b8c83526def7f77a999bd098d,10120565079024146713,156.10405156537755,
900470,Lipstick,notebooks/Task1/dataset1/images/900470.jpg,True,129,183,RGB,11290,4789243e95540ce181ef7c00f4d8b9f269300bcd0ee6251387dd0f584968dc85,27b24f89c98a49ce399e6993b96e6b2e73ad76755fef436741b08021541e51a8,415037efb25a15587614ee2b42eb5311d743f3403b79d527e1d5eb4f4527a85a,944f98ab85a7c75bcdc70c43ca06b5194b35203fe1466247042c53a08afee27f,4371239757470644763,178.6247311827957,
900471,Lipstick,notebooks/Task1/dataset1/images/900471.jpg,True,158,184,RGB,8940,a706360c525006364d770884ed6030d872adc119cc1e492c3bb125f889a9de1b,e94ba86548204d1141318639153eb36ff98fd9b2aee2b03e4689ef1d7b2ac08a,3dc40f0b2f3c0ed2f3b27df1967ec77887264fdeaca7112e9f8b96ec49ee9f01,779204bbab62b4af6fd1cfe052f54349a3da2284626112d4c73991ed0b7be3bd,4643251004598194963,161.96764705882353,
900472,Lipstick,notebooks/Task1/dataset1/images/900472.jpg,True,178,104,RGB,7158,95c395bbcb0f61a956c3bd07ad26997f37f37b6c8cbd9f9f5fd1ea2c7ede44c1,bfbb8e4a52d0bf780159465776601438a23911338d6e4e365bf1b0734a6e3d5a,a87e4ff7a9f917efc1eb06e2f19022751aa5c9ba2ed4330100f2fc6b0c81652a,97af9f84f60c668014c635663f4828a3f66d80b1d66f99f314e5a984f41b1bd5,2752326224249044259,163.50833333333333,
900473,Lipstick,notebooks/Task1/dataset1/images/900473.jpg,True,187,80,RGB,8552,7787723f84d935c9afd45a3d86b5158610540ab2ab032358c86a0dfc85b78c09,076ce5434b1a3eb477b8523b3c6152ba50aa2ed08ef4d6186e49473deaf6772e,bccf7128d9f2ef8a57ccdffe09834d548d5a082d03df2320f7ea6676a57f055d,78665b8a56f435e536af855761c40a4fc49759599f0e5a476bedd1daa81efd14,10929454054507803508,139.30691823899372,
900474,Lipstick,notebooks/Task1/dataset1/images/900474.jpg,True,169,139,RGB,9639,02698da0a408fedfa9968e1d40360eead5079cf2d7067bb7640dc8bc8eff8901,6f37e48ee8b0b3a24b686b276cb860527dea8d0ca1193ebc1c56782bb3098291,643fcf8f47ed9234e56381e76aa9ff74b29afb06e4be3896abdfdf0e3cf34a1d,854fdf57997acc5c7ad889ad58f835a0ba0e5fd070c6d221de3d379a5baaabae,6701854998926878307,85.60457516339869,
900476,Lipstick,notebooks/Task1/dataset1/images/900476.jpg,True,119,215,RGB,16206,bc24e3cd873549f9556f181852329d765737028ea26b75b4ae701db0c413eb68,b442504ea5958076a9a29630d8a5f06cb06512ed687342c0cf50d946d96b43ac,d5230b2404780f3d6e2d2a058e3894ba7c7fc032cd36392852770e0d170d6848,2ff7df018f138814637818be5b270a5eb31573824639a2b893b684deb748b72b,559855992360934811,101.03263052208835,
900477,Lipstick,notebooks/Task1/dataset1/images/900477.jpg,True,65,161,RGB,4756,79c4f9f3556698ea11dbea13ab487eb768d37af9eeed627e23d7fa523739dc30,dd6f49594098b367eaa1c3b43218e97bc171d2a7304df81c9f3eaadc93f434b5,42ddf98f127981abe66220a5cab950862b2f096d10dded88574ab287d007eae8,40f5250eefd7be1ed8b9b8bcd67b993de49bb8a361ac8c65e8db4639b5ded3bd,14425890646995125110,51.25,
900478,Lipstick,notebooks/Task1/dataset1/images/900478.jpg,True,116,152,RGB,9802,8f89c8a28a696001df99effc554ef03ec280ccf8d3df5933ec70144650c82784,07641db58c1d4077c17efb5d587fa15ab45278da58cbc9fdfcc9f3f523db78a0,31933888060d3eda76034c4c99be25cd6c7c8087dc620538207e730b993821be,071ad840d1abe916e9b540f29c25c4b96ea382836b07c7f3c57f9974b607cdd3,2915265523574063393,156.54573934837092,
900479,Lipstick,notebooks/Task1/dataset1/images/900479.jpg,True,114,138,RGB,7439,99a5ac65bd4954d3bd1831c557ed85854d24c26ca807eeda7de2e74e8ba60e44,c8635b1659e979326eaa3f62c95fe085dc91ba37204c091d9177531ff2665e3b,6672913ca2dc70bbd1d9b22af3dae7dfaf3855e2102cf38fccf93e2440f38bfb,9491a36985262b563e19640429c00d506457c68829ff01c9da44bd04ff96ae9a,2494418900294843198,16.266,
900480,Lipstick,notebooks/Task1/dataset1/images/900480.jpg,True,55,183,RGB,5407,b1a101d53da35c027b15ff2a96481d41d73542adc6f284e3bd93f4160ab1cda9,d983f855c7fc2986dec613722b024e8c5cf80e9b978ef2feaad91da6f87c9c2e,dafacc8215507bf2821313d3749cd0610f90e3ec36760bd4a5d31d04c1869f07,41eaf50ca8d460174e130cdc68348cefbf997209df4927262e56676fe358f69a,17619373438293422684,19.319209039548024,
900481,Lipstick,notebooks/Task1/dataset1/images/900481.jpg,True,187,104,RGB,9182,655b16ceb6100f6ea99fa48a1febcb1e44d73459b13ca60b5cfc9e0a23c5eb43,aa04f49502a5064a053cf939064ec0beba8607c2b64aa2a15bfa54cc1e7f86e3,78b53310bcaa26468c14a6cb0bf5f6f5b69b0b9f0c97286134cced0d0757f40b,d3b4914e66b49997153628da8013c75c216e45830f568a1e92f1740a11ad90a9,5434503587461296561,146.90772779700114,
900482,Lipstick,notebooks/Task1/dataset1/images/900482.jpg,True,172,113,RGB,8313,3fe36f011c239040681c629c53639b8460d596b3b2623780fb56a4bd7a3e7a87,0bad56beb145febed494aa614a0656a176cfa8b016a4282ac79d505e5b121459,825ea215035847d4d92c95b492783c3da7b1087af94294d619e9775c9f4e56b3,a76549be0e284e34d8008c942380c5e239483350e2bf1336b1d027537ca197d3,4363077476271951526,47.57479387514723,
900483,Lipstick,notebooks/Task1/dataset1/images/900483.jpg,True,174,148,RGB,11339,532ff13410005e7c6bfcca3fb283a762168e54ededa3e52d19145a8f78bd3fc2,b15a39ae1a5922f91c888d31adaed226bc76c2c6bdd73d4682e52e951f565baa,38eac672ed8d74d68046737933a7ce4a558eed5c7ce20e93aab52e3b45049a33,6ff5c1177761bbc1a03ddaa40e27372a9ac2f8b4b9a7ad2473d96652a85b3fea,4121131998964952351,96.3171875,
900484,Lipstick,notebooks/Task1/dataset1/images/900484.jpg,True,154,122,RGB,8170,7e2d854351ea24f53a1c24796ccc1092c415a9584fb787c98b82a38168a50009,bddadd6237d5386b5bf8673ae6571d36e16ad123b04065a639bce693f0e08de5,2bcb309bf87cd12398f5dc8b07f11ec40815e321b83b4cb4940b7c2e039f8258,1b41691070a648b79b7a663fdde314d182e4f09bf767ad3b4c3862226ac93e5b,2676655050351342131,202.78953771289537,
900485,Lipstick,notebooks/Task1/dataset1/images/900485.jpg,True,143,40,RGB,4098,753098728bc116d5cd9432b00eae9c4250ff46ba7cae7c0897ed3eceda0a8795,c4c310072bf52dce81e76eb8c13ab3707b496d8c14241291eff33cf780382b39,c8da17e00017e49190d68978b3d8593a6472e5bf16b0a579bc963b99d8b5c980,01b8ce1abd9154fc49854b7b6074ad1abf6578d5d707e41f34461d8d2f85dc59,9904245994859737406,104.01197053406999,
900486,Lipstick,notebooks/Task1/dataset1/images/900486.jpg,True,138,140,RGB,10380,14e7be6d7a308f808cad06b834d40a29ad8c841fcef0b3bd5b24292e41b335b2,1b21b4781589dcd34ac29572648a1fbd56d1af6f271d1e17703c62512e671cfc,1d4174f29063241d7750c362b0848aa7af12ed40acd2aab78abefcbaa3523d8a,a08b3351b41330d1c0a9335e6ba829b7e34ee5c33c1a47e9675fc6e24121d730,332380442565222508,53.804951690821255,
900487,Lipstick,notebooks/Task1/dataset1/images/900487.jpg,True,92,162,RGB,7693,e0e64140f9e391427ba51986eaed14ec6e7edfcd1e4b9573cc249475c12a0b0b,23dbca66b688975d2fd04228a522a868219e37119b800be6b80ca0edc8a2248e,29b6e251c20311ee9e3a7dab1b997599f2e1d2b6a4dd8207b26a78338d634ada,56ad525fd445732a08a5ea9d133c4a9be44789a9be94a8944aa91d107b345453,15839452301357419727,119.62037037037037,
900488,Lipstick,notebooks/Task1/dataset1/images/900488.jpg,True,111,153,RGB,7110,b1411e85020e315022c87dd33e4de61cca4708a564298084e6734e3c5f726e7e,f9a1e901e460a8649327326e04acc4a9169e6bfcb5448338165d9e71cba09719,3eed224b3fc070dacfacce6e0f0ae7a6054756151f532312a8f1da7ee0e7e934,a933c2d7a168c862e57be589ef7cbae9f6335fddb772297daf75193f9e6f6915,18300679477492074383,131.09796437659034,
900489,Lipstick,notebooks/Task1/dataset1/images/900489.jpg,True,51,54,RGB,2152,f7fde0fc676d0fd4f61d44d52f54ee029d0ea73eb8984cc9c49ce6437ec60a8d,ca3db4b805911978240a0d77a53c605a063cbfba7f0067fc38c6c413b5b8bc5c,671153c548aa1bc52e5b3dcf7e7632cd275b5278e81adb5b8b46572b62eaa6d6,c717eb19c85ff23885bfa0219a94d0172c8801a3ee4ea83d8b0c3f67a3f09d9a,17907726103456597070,192.77022653721684,
900490,Lipstick,notebooks/Task1/dataset1/images/900490.jpg,True,81,153,RGB,5252,dc879b6237da44a226fe38fda29f64febf3c942dcc0765f8cd69216754fd0274,f407ba21630d79a53d6e61579a5fce8c98cbe696557049771fc5fdd112040acf,4e41b3334e07eacbe8fe48b662017281d105ca4bf69aea6b7824d482d6ef7055,3cf4f0dc45c4599c87cb662041082cd6cd3cae2c07e61fd70f1dc45211643698,15471806580707400967,30.948994252873565,
900491,Lipstick,notebooks/Task1/dataset1/images/900491.jpg,True,104,134,RGB,6317,9179d36bc2ad150166cef10e87cb3d63eacc50b1e2d91a0c10647e063661fdc4,89974fce8b8894ef752ddd3610542f89154a4d612a0f784b64bd0fce978fae5a,c21f514971f01e95f99671696e10e339b9cdc860526c2f6a20555a70f49d2e44,a1b455cd7f3b3696b7217d49fb130d7426e987dcc83c7568afb9e6fc5e70077c,11721915646316962856,12.552966101694915,
900492,Lipstick,notebooks/Task1/dataset1/images/900492.jpg,True,33,114,RGB,2825,67efcffa5aa8c6056e4df075fcaf97be71fb69fae20f9f8d125c3feced53f40f,f05e2845cca28e343375be8328e6728017301029ef2fa5e246cb51fbf091bd59,85230e5438a1dad61cf703369a7b7dc4af7f6d4af25a2da1fbe22ffc246ca7aa,df5c76b69e73aa1b765b0547f5562b32af17c8e30a65e916109f14e507068fe1,2130148536364067305,23.858620689655172,
900493,Lipstick,notebooks/Task1/dataset1/images/900493.jpg,True,188,116,RGB,8640,ff7eb5c14e3bf25eea4168d6ed1ce866677766be4a2932e2667a37ddd6baef9e,f21d8655785c86f0fec1fa986b788ff68ba0f29d638099e6a35dcaba5637a604,b365f6ce66f52888d33922f5edc4a274fe34e67efe76e6ab380d0bf1a3c09aff,b88ea0ed3e05581d6a1cea7908968cd56f8e9c53be0f38bf2b11a65ecbf6a4e6,7394478371433973639,13.159492273730685,
900494,Lipstick,notebooks/Task1/dataset1/images/900494.jpg,True,139,157,RGB,12229,c65322a6cda91c86b72485d01341cf10dd8a91eea4a000f11c93aebe16c52e99,b96972ced16a8a3178422d6975a6e21b1cc98ef754dcd8f747cea03c8b86738e,ca33adb24358fc13b1a423a43570773c9d4ad8dd08e600d93b0ca02ef47cc9f3,d5ae486bca94505b1fd458bd23187ee750b0896e879daee299cf473c065298d5,3112840071434340685,112.11904761904762,
900496,Lipstick,notebooks/Task1/dataset1/images/900496.jpg,True,120,174,RGB,8294,e4018754ab171be603e8702b4fed75b9d30d64121058de815738bd7752a7e0e2,b3fa83a545259a3220ebcdae827b62f37b7e2396e9b97334f08be80989ab73e1,d5fabc1cc3f5dc4a74792b91ef129836fe80a02fe1fbc8060db244d038a4e9fb,adf6ff91414d1e8ecfc835caa554a119dd05c362db107faa5fd1e7d9e7718d8f,16472704425153784188,158.6090182648402,
900497,Lipstick,notebooks/Task1/dataset1/images/900497.jpg,True,51,165,RGB,4303,8f0fa31bdc94f4831e823c3568e03716827b0bb972ed52ab90ae5486d40c07f7,8b34af769f9dfa336932382bf0103f6225d855a5fefd376b33abb2ee5b1ebc06,1fc3b4c91a81e1bcde266d65b9ec931015445816db496a695c849281b4af8f86,a94e421b4450b74a9b4ec427e8fe651b274acc884dfcef5b896388e22f46da0f,11543880582008969182,124.3613707165109,
900498,Lipstick,notebooks/Task1/dataset1/images/900498.jpg,True,35,37,RGB,1622,e2a3924b75409c781fda9cceb8a8d51b6971e0cb269de04cffbc586de2503648,92bc125497c1e24df8f38afda89c840161076159d2666fca89c30b9d37d53792,69925c345984d3eaa9ce1a3c613476b69ee5f396b812548d941279fb9ac926b5,af72b448d318af1a26a687cba5c9bc766f7563dd4cb176f46f3a0f6eba2f1036,15619878635618605945,32.90714285714286,
900499,Lipstick,notebooks/Task1/dataset1/images/900499.jpg,True,195,155,RGB,11864,7b958485a545b847d494129e3f427ae40eca1e3d59921a187a4ceda362cec54c,0111267aa1b769e43bc0232023a9511ea3a8033423ef5ef6b3c8ce07d59d57c7,ab706c7693d3a4f133b61f9b8d0109806bd75b1f11d6b7a7ff1914e6af5067af,b0cbc4a1e23fa29b17c820ce9a06f8dac341a9abdb836bbcc703f6f71076ec2a,15674131824549020376,42.515325670498086,
900500,Lipstick,notebooks/Task1/dataset1/images/900500.jpg,True,108,108,RGB,9028,cff288bd5d63cb05b9b57da13e9540272739553eefdc935cc8468b68a46a2070,1ee5b8702c446885d35845a902c74f1674bb4ec6cf62f2c02eb7aac233a7a96b,91657e1eecf9b64ccb189a2cfc40e682a8672984cc09fb80816f6455aa6747c1,8d3706589fe50317069b0d66677aafb4d208afa82c42bccecffb0d900459eb0d,5023093910328813972,135.9696261682243,
900501,Lipstick,notebooks/Task1/dataset1/images/900501.jpg,True,78,149,RGB,7836,e5427cf9667426ec0dea7abff4bfcbd8e1e0444f1f774f6aa0aaaa30b7f542de,c9d3840cd3bb547169487ebf809902e6139db5f509ced7450cae92633b25f3f0,0a73cfc66672dd34e84599eb62220b592e19cfdda921e8d683837af0ab2a1dc2,0d8508f558f676cace67e61558535112242adc923613696704ba44cc2e57e7a2,16319121749379193634,106.46074074074075,
900502,Lipstick,notebooks/Task1/dataset1/images/900502.jpg,True,128,111,RGB,5892,8eae9fc2d2ef0499db50abdc8db3bb58083541ec5993c90c47304c6b55cc2417,d1ecb55a4ac3af5a8638d52456a195c0b44c65a5bb5e7ec3bd514464a40c0f9e,ff8ce8db86b43ce53ba46f6a05b0a2e9d3bd2a0802975d2ad757cbde399eb11a,ffe457f11ab3d1957c24ced22df225d65817427a77d1376db07b6a9222a88239,5329165104438276603,143.6350210970464,
900503,Lipstick,notebooks/Task1/dataset1/images/900503.jpg,True,190,66,RGB,7421,c3b532b212c37822acb7f7f55591dde66c1a4c6ef55cc2ad67558e7fcf60ccd8,0712f10c279b199b43e4602c7ac6ae8ef730792470897599a34ebbdaec95c436,0bf79312a99bfbf963002b8162cbd7eff837fd6ae265af1b765518f04f218d34,05236645f4ff5bec6a2f8fa84037aab4e9792e6198d8a9285ae91be62a26f3ce,11842881912292728346,123.28412073490814,
900504,Lipstick,notebooks/Task1/dataset1/images/900504.jpg,True,168,142,RGB,7713,0467f185c1ba053bc76698a297ec97957030511c4950170dfd508e49c0cf83c9,a0158e6df6c17b2a583caf61d3a00beee5a0ddf1af6462e88efaff0777b21835,412ccb5dfbb6d06cd04ccb7ba4dd51f3b5ba0ceafaab5e84ec99e70c70fd8ddb,fc57ca5030744e1d17c7731401e3f412d4c0a06ae6e66a1723ffaeb6bc8ffd67,10432839720325515460,30.551948051948052,
900505,Lipstick,notebooks/Task1/dataset1/images/900505.jpg,True,183,143,RGB,11443,65ab5cbe87d5bd9ea5f6130f03da8b31f0136ce2014a89dd507fe1358d3c16ce,a4f8773c4853351ef994b042cde94e270d92f5a33b1b80d57e393201e8672800,6f4025b359dfef466ab7254fd11682057dc9e5768cb6f4e3899cee13cfc98b15,ba61dc77a89d5aa1a08c5e5741507f7dd9253d9a6611ebc0c2cbe47723eb1ccb,721606842897451156,87.66358024691358,
900506,Lipstick,notebooks/Task1/dataset1/images/900506.jpg,True,157,124,RGB,7180,1239d6c288db9f0271e8e42ce6cf3802946c94c5d8e569594dcc2b2cfe3ddbdc,9ee26ee01846a46d43b66ed7e8f1db30a40ecbb0a63131a68cfc2b2cb3c3b925,2d01de898ef6813d2d73dea8d7320844f32e0a22103db4700da36fa2d64a92c5,568537afeb97559995db1f2d00a3565c979184d73addbfe5a76ff4a8f7b491c9,9666515327952133464,45.41756272401434,
900507,Lipstick,notebooks/Task1/dataset1/images/900507.jpg,True,123,214,RGB,14429,342af3c631911dbedc4b5bbceaff08df2bcafd932b28c071c51a197811e17389,f841eb8e9969eb2c65d5a903ea9d309e515a01beb1c077ad2ed156b6bf0edc3d,4798650506ba328ad0d9d02267f1730b8805f3c6ce34c3f348c49da850b3a037,378cbce01962cfcfb0141f0950daab5fa656a6b46130d3929533ac89e3b76f65,10417161948636849804,115.6905472636816,
900508,Lipstick,notebooks/Task1/dataset1/images/900508.jpg,True,118,75,RGB,5524,c2c4dc527a05071a07dc7504429fd6842bbe325387cba47181a7e422ed6a3a35,72a645b7e2c69684bd1e1412f166e3afccc7b5ccffd28574f8a1584cedb8cd4b,95c615c89e70d1eb6c78a5963c4cb8f8909afb8fe99a8b0d4325d9367f2ccbae,1e61ce4f7c42182f58484165f12b7f1af4108525d2db94388c3f109f7cb320ac,3667649471119661843,28.19633507853403,
900509,Lipstick,notebooks/Task1/dataset1/images/900509.jpg,True,78,201,RGB,7557,6755fcd8735c674393fae6b9c2470d03912b61ef2f47e2a72e144ae336f64e9c,129a87c0eec9288b8554599c6780d74b72d5995ec02e4c47416f84b7201e167b,adfa4c412d51aec5626a406e95d5b5b0a7efbbbfe640df14bfd0f3bb42cb821d,4f4f8397f439ad5138dac7960dddc0ed3f791cd288a9b6f2f6d1748b21e8775c,12697370343595281231,178.7123947051745,
900510,Lipstick,notebooks/Task1/dataset1/images/900510.jpg,True,52,147,RGB,5003,24e6a85cc2d43d3518c0db5ed2597291867f1ff23658092f1ccef6c8d22babb4,f06488acb7e07bfda921e148a6a9140619118d9a0a39a70b7f5cc3f5c40dd674,a35a4153191c8aa6223476ff35a5ce1d5c07a6c95da6fb06c92407bb8ae7b360,0b70a41409571e0a3990ae3b6e41ca6212d7bd4572ebed016c28a7c098c4b3a2,11225158904475498046,98.23011844331641,
900511,Lipstick,notebooks/Task1/dataset1/images/900511.jpg,True,225,89,RGB,7137,fd7853165d3a34318796d4400f926402b7c93e538c3b6d388f15dbde0c8c1a21,e983d479a15ebfe91654c0a5872879367acdd152c971bff8373e293ccd164954,126079963d647f4406c7468800c5fa66cb3445008bf322f15bc2326418d06e97,eb399c6e9d4a5caa8dbe8af5c8038d11f6cc5c1bdadb0cf9fcb496796424f871,7378286748940546971,18.107371794871796,
900512,Lipstick,notebooks/Task1/dataset1/images/900512.jpg,True,162,70,RGB,5908,356bf78839fe0f129c5fd65730491ef929dbd2ccaeab3226947afd8d1afcd4cf,fa66bb2076ce228948cd0ac721a29c0c4be43cc493d874ed43745826675f7eef,fb5fed65746a6b7d07e4580e2f0ff151688649f538eff0a70e760b0419164392,e0036cd5b2188d8553706be17ba06761c91ad6d300413dbbb268c0c6be5aa7c6,5933023328609080757,27.95072463768116,
900513,Lipstick,notebooks/Task1/dataset1/images/900513.jpg,True,122,119,RGB,6393,5997047f2aed2b77a6983ff618d452f76e252d385d19d61d4fd61322238a8b3a,3ec72cfa15b71f386664b09584bb1793eeda61ba3a66c27ced2e0adeade1cf99,045f3ef10a9c8841a86676d3fb367dd461fa13cc3e90e5a0deed367bb12836d3,cfcc635b887cd6b9293d6ad2dbd79af8508bd9b84c5ff8f236176564ce60fa45,22697525863069238,125.85704323570432,
900514,Lipstick,notebooks/Task1/dataset1/images/900514.jpg,True,95,47,RGB,2737,9bf74cee6faed1cada63da9fb2c35719a0032fd0e3bad393fbcbb84470f909d0,ebdfa59273e1609b9db1a0a6afadd3f7c1abc0653ea9514857cba91ffc8a3ff8,cb017afea2a2ae610133eea250c746fde660bfbcea67e0ae9da16428793ab68f,58327e3a51d23f37cf9327d1d06b199a8ec97dcd471acebf108fa771187db599,1880928222781162148,31.117857142857144,
900515,Lipstick,notebooks/Task1/dataset1/images/900515.jpg,True,195,45,RGB,5728,4e641b51cd43fb3ec018f5fc59b8e15a02b8dca63bb6350bac66b42cfba6f17c,cec4e3df487a87f4150ca0b882e430d3b39a16a742eb653cc44909448babddde,0fdf56bf1b06961ed53f378b9caf44fc6366f6d37382af59305f8cd5c3d134be,7315d88e2c3e0c77547b783830b4c164bd412282ce39c3663b04df9283884c28,9765802481728690457,115.60504201680672,
900516,Lipstick,notebooks/Task1/dataset1/images/900516.jpg,True,33,120,RGB,2316,9bdf9d4f8fbb9871c5e8d7065bdb65d5f3df4beb00ddb0f7b20b1990c966530d,702ffb8efe3c0699acf231165603969d82107f07a6dd01ea2c677b9ae9b6c43f,ed083b166e141cc550843c28642cf74189a34afaa07e2ddde01cf15d9545577f,64468114afb3c851f2c0ba06bcacdf9685834f10b90b3c2a129bdf0ad324db8a,2103969224901565848,167.52649006622516,
900517,Lipstick,notebooks/Task1/dataset1/images/900517.jpg,True,215,116,RGB,9150,171fdc428eb7ab9c231cf9b382db27be7151123f5f3c1056885aea9677c9bfc3,27318e01cf25a85b0172b371290a2bc38effff54deb873f0737397dba5566c2f,fa30d4e61a2a9a8871b317f388a81da4ed03abc3b98e4bf114630425b738a0d3,a89cf7855615d0914c354af297283bc3f94e2999b2dd9a057a8db1fcd9d5f668,6670309431193662572,187.09929078014184,
900518,Lipstick,notebooks/Task1/dataset1/images/900518.jpg,True,219,111,RGB,11896,e9b510ee208d5493e005589ab95e87ff5c64e38f28be31405ac2563870fd1536,4b18f646697aa7c47b41cd65f000959f76764cd79fd9f408791ce20ac57e70e3,6ba04c29f5bffc21866dcd32dc4c772c8712e0648c531a8e6ebaf252cb8de7c2,4b4ca34d970a1d00f909021d22c5b2979c8faa9c847ce211fa41108410e4b0dc,5292075049920073992,161.7464430894309,
900519,Lipstick,notebooks/Task1/dataset1/images/900519.jpg,True,84,94,RGB,5782,cdda4b1ce64ba0b15ebb94229158ae25bb33f0f59c48118513a2e70b88bb6d0e,629852e7f7714ae809034c0f79dcd366f1ab33c569247c57a4254f54b3f362fd,f27f39bcb4380e4f9b90be64028ceb49f679df0f2f1b68a45c701152aa72281e,baad09f76c35eafb372e37e2f504cc61a4401b6ccb89a4ab2eb84bfaf9b47a6a,15704589513993384732,143.6780303030303,
900520,Lipstick,notebooks/Task1/dataset1/images/900520.jpg,True,37,187,RGB,4186,b7321a7ac4a32258fb5a5dbf1bd1746f0579a43205796d02c41b5b75294246ca,db2378cffaad84e418e48236600e573fcf0315bb2654d5a439099ea180158377,3e0a4be3ca29dc4dfc1f41994dfff14cc71421a181b8a84ad97da8708511ee66,3f6b1488709364f803e3b340fa7e2669667d9a100b7135086b6e2cf6a9151750,14924406267009560316,105.993993993994,
900522,Lipstick,notebooks/Task1/dataset1/images/900522.jpg,True,150,97,RGB,9171,2c08b426361aefe283282cddb338add5ce403bd6e7a4eefddd43bfec338c84b1,fa6a42da81ee988563bfcb7b9245fac6909c5113cb7d6296f0aa206e109d147e,5e3e75e886ba077983466f4fa965913d56c7bb65d5ed73be09efac35dc1a04d6,c5a39edc2ded48fc38c324a33c3c1365bc4bf62a0562332bbe73d3925c125c04,15187946575175150250,68.37278911564626,
900523,Lipstick,notebooks/Task1/dataset1/images/900523.jpg,True,187,181,RGB,16743,ab51ffedbc4566475f92cd0e8a2ee865a33d19669ae6dc9803b5f078d4050ff8,52a4befcd8e81645e030cb2f937edb2968e62ebcd3081e93c3534af4e60c13ad,cf6fa3cc528c2796636003d2feb56540deedfc52617fa77c50f6427174ddd791,147d6546a2a7627375bc4082e9aff6264409dadefabf83f2c1e4170779c9da99,15338236380352727479,91.21584699453553,
900524,Lipstick,notebooks/Task1/dataset1/images/900524.jpg,True,203,81,RGB,11739,4c30d31deadd0141085d7b7a94fe56739291d8aa6358b01aca0222de9b1ddf4f,62fb629563ec735947aa5b8a14c8d7bb1114efe020457087fb18012fcd13b590,dbd993950267ac3b80b464fafbb91f51844a4a75e8c1ff5e3f37b9881e05cd02,f4647231184a63590fb536bd7d6207a9f1958022d0b3d1b2f55a22a47840e529,13952583534161990547,55.608156028368796,
900525,Lipstick,notebooks/Task1/dataset1/images/900525.jpg,True,170,33,RGB,3305,5450c298c378fd80b1bf35c7975a4e479bd490b99c5493c9f5aa7aaffee80297,d232214f404981e3a9ce4fa35313acb0cd3f8ed0d1de146a1ce21237705fdd02,246f1847d6e5ba675c170d07e95fb8a48e2a10b378c72196dc194246af72ce58,c7a5f700a3081039087c5e74b821262327106970d1ca3c4865a299677a359fb0,6936479183607681939,130.07462686567163,
900526,Lipstick,notebooks/Task1/dataset1/images/900526.jpg,True,178,80,RGB,6799,d2d073f22a59a192fbb3ffb45c364096d2adcfe10e1e83efefb12a16a8cfa3bb,0da12d03ed70537a9a83824fabdb44b4acd93879ed4af8779f123c935b61bb2e,4c2f02fa4750c8056916fc04780f663398c1eeb672120b1e85912f76c12985d0,d2791da3af5706b286a6dda787d0e364704d571aeba22849475d2262c68a9347,8319339657436555603,165.44921875,
900527,Lipstick,notebooks/Task1/dataset1/images/900527.jpg,True,68,164,RGB,5165,3ac8ab41aee79e2e6632e8dae4fead4794058a804cb44291a7efbec2fe20b852,fefd48e685487c575fe179d1ae86f64ba41e7aec2e3fed448f509c8d72f93767,59cd6e2c077d14cbc7f6cb1c8903b7f731141a09000db1ec9e3f0942fcb591aa,e4aada0e1f42d3fb8a4d943bc1f8701174fb00338e972c5470f39151375e7309,7867109633937763796,149.27101449275364,
900529,Lipstick,notebooks/Task1/dataset1/images/900529.jpg,True,54,116,RGB,4476,3c060890ce87f0236eea0fc94c9c08150da0f268216c91e0ed0ec529540a510e,cebd6e0a3fdc6fb9846fa3035d45693e3b5be25a58128009d0b3eca9f358a974,bdd189ac523a2ff5dfc48536b841a007065ebc14d35b9a672bbd02e952cf047c,c29bfc263db9a7a325276a020e081ceaf1d84acad3c03919d2168014ef188f7f,2749767719862235696,112.82837301587301,
900530,Lipstick,notebooks/Task1/dataset1/images/900530.jpg,True,178,171,RGB,11833,faff2c0df79a5163f878603d6109e7c645638eb36d040dc23a51826447a4f315,a5e9b8d6f628adc3636dbe48a8f5e97456014264632ee4d67204437f9ef34157,3b8261bedd84a6843f28c3637921dda08351aacb00b7e228fab7691c85ba56e4,779563c85856fd1f1e93265189dbd70773a80ca733770dc5f7b2d9385567e2dc,2755485436701340015,110.9418828049952,
900531,Lipstick,notebooks/Task1/dataset1/images/900531.jpg,True,116,109,RGB,5348,5e68f40fbf039222369535d0e084c3e254ebf2c3e1faf383618e4562afb09d5f,26610d13faf090246e706a899bc57047732d12c67e0b9ba36856e2c38781f097,47a89cc7dc61226bc91e8899a672593ea489a04b8066edaff6c5b76cad4b3fea,9540d0ad1757a785d960bdae4a0952fa74c23c85217970bf398813948a7b52c5,5653769667541709698,166.42301943198805,
900532,Lipstick,notebooks/Task1/dataset1/images/900532.jpg,True,64,111,RGB,5900,fce680647b150ba1d0c2c21e8b11bd066281a6c4f8307d6f92d03f5c17a91819,22f5b579190ac63e28dcef594232b67e010dda331c9c0f4dc46dddc6fbe47a08,21f123f3b36c66b91ef307e5a2638b93a1788b6bd19e3bfb6c925466ab8df728,331158fbedf1596669c79f8e059093d8121611cd7474c4f503ccd2acd5c3a66f,3126583739042698003,105.42870905587668,
900533,Lipstick,notebooks/Task1/dataset1/images/900533.jpg,True,128,129,RGB,6523,4610195f18618d527788ad40dfc14370ce5a12376e48b2515bf1bb16fff83521,520aedf78a56883d264f03edeaa2d0eb5e7c5f5079f6d7a0c4972c5520aa6e55,04ef1707a773ac58f5485686de8c8021342f740a333cb82c619e53d0e3b5f2df,e21adcea3472372983d42d80f97c7773dcb90c24a9fc700e72bb993b97c7a6d9,14738091561005123728,33.437254901960785,
900534,Lipstick,notebooks/Task1/dataset1/images/900534.jpg,True,155,135,RGB,12073,5bec1c5aba76d2998e9dddceee2402c829c0aa77e8cf88b591cea7a9ba3755f8,e03291e6a62ff9ff5353085653117a22957d05290a0db156aa2b831ad0174cab,0ee0165da0fe4ce2b231ed8152067103691670eaceae320e083303899e4cd3d4,752da69d89fb3abc7175e746bdd79c4d67ceeed1c46664afb6646a78467b4eb6,8247042971425403232,165.70891203703704,
900535,Lipstick,notebooks/Task1/dataset1/images/900535.jpg,True,99,170,RGB,10529,d3e45d725878aa23d2ce5f3366c4f9040c77bfd174b4200e00fe1a8476b1f7c7,cc625a5b2c0ef39c801086ee69cecc040d8296b5d7202da8d7d0b110d4093415,7cd6258b81653017ab368595af72ffb314cfcf8c81b740c943a2292ac203ac5f,45bbbd60174b7e6edfdb682313b03cdcc731035b3a24574cafa8b2d070bf96e0,13338311236934774945,120.78152309612983,
900536,Lipstick,notebooks/Task1/dataset1/images/900536.jpg,True,82,128,RGB,6345,4a745320e4eaa64b78109bcff6d754b4a92cbb2c221f28dfe1df29cf821ff3e4,043b090cdd076ad410bc55725ba048d22bc335ba26a74bb443563b7f47c0d295,3d1d107df5233253c07275e62df14658a49be8ae9baaadb7b0d63390803f56e7,5d1efc1760aeddead526bd81e4ab4cbca560c42ad2d3356d7d05e39f627898a2,5390098277218864,120.28525641025641,
900537,Lipstick,notebooks/Task1/dataset1/images/900537.jpg,True,89,215,RGB,7238,86560a4055f4ee0fddca7cf500a56d1f0b0beba81b7d2b1299b8db26c6f1c992,c513595e13e55271187416d474e4e70e0874184637dea39c8dcd201614c7e05b,fea56dc465e5dfeeb6e76111be0509b803c97bcbd1075bbfb89ac498b798a346,a558e26635bd61fe7fcaff77e708e19967dbefae45dd9163eaccc4f1f514fcd9,13092971217721751523,129.5253863134658,
900538,Lipstick,notebooks/Task1/dataset1/images/900538.jpg,True,121,110,RGB,4890,8edd02c278be09d7486b0046bd45056b3cd4caece7d5c38ef036310cdb3f5d00,a4facc647413136cda682789822fdf98344c2afbe230c3e982b11c2496cbb5b1,0148d91b2cd8bfadc44fca46c72e657b82c8df1bd509e2a573f7395f55922632,913b3f62cbc530fbf82547165e150bab1cc7d6cdbd2ae6c546791c50473dbfa5,11354018067055670380,186.8056768558952,
900540,Lipstick,notebooks/Task1/dataset1/images/900540.jpg,True,152,116,RGB,13723,76bed45addc8d0fdf9ddc11a9ce37701f0591c3595505007f99356a577891b26,dc2edbb18b06df1dfd1e39270e297e73038ec9b6fb5b09e06c0113466b08139a,71ddc02587e1360def0e83e109198dcea0d582bb87a76964287fd84f5d2b4900,0f4fff4552b0c41779f38556bcb96d85a0c51863ff2c5cebe373b15da4101b66,2750741465158296997,113.84899749373433,
900541,Lipstick,notebooks/Task1/dataset1/images/900541.jpg,True,121,107,RGB,7725,fcf76f9b41aa1c79eca88e0c6720ac8fa39791d0e1829514542cd4ec2d7ba9d3,156ac8bd8201c4dc097b0daa4123d39c5b39910772aa86b156ff50055204cdca,cca752ad8ae282069ec7116ae351fd6bc5b69b2f3f4cbbced8ae6e371d718d1a,de64d699193adc195cf5f703bb725e4002d2be6201933b108b3b6319bce69a24,12722748546757161424,132.82448377581122,
900542,Lipstick,notebooks/Task1/dataset1/images/900542.jpg,True,142,206,RGB,19473,592b41c19fbcf0dfb039be11b6f1bc26a280b44cdb9fe0cb67d27612776839f6,375610305c16b48992d7c47a315e0fe47c703348cdd3e52ae4c418fb34deb849,8bde4b938e17d37d7937f92231ca3856102a824aba34685b202e4674bcb041b6,3353ae425be943024d73b752190dbe8dd400a763efa1ea0a9baa70b3816e4b3e,3236635513634330533,135.71868978805395,
900543,Lipstick,notebooks/Task1/dataset1/images/900543.jpg,True,96,151,RGB,6565,5bc7d29650a8d69718d2641f033ac2c5f7107369682203cada78319e6de91dec,c9028cdcc1c59b75328b6b509d4c3d5f7ea5507902714989f78b733c4b36fd88,73f1ea806e968ecd9217c5f54d616bc1136ec169a6c35ca545b130d70ffb3721,93b071aa51ab29780128f19c209cd8551dd8d8eca6da00b891698beb6be143fa,1436147152325732729,15.396598639455782,
900544,Lipstick,notebooks/Task1/dataset1/images/900544.jpg,True,83,109,RGB,4146,98d4eeda5bfc4244949d23d64851cf444b3d9018ca686ab2f081be9c8c2a232d,2023ee9c31dee5e0548cd99305c89a9ae684a41d82088f7e457145bb9e085f12,964e4f8192ec7e23b86bd7a0a0c8f90137b1c5d4a7a9593db2c3a122638e7470,2032dfb367723177824110bc44422c0356158d0925e2f3edcb9f72eaeda08473,3687947206380319152,3.1850877192982456,
900545,Lipstick,notebooks/Task1/dataset1/images/900545.jpg,True,150,152,RGB,12479,60d23ec2c464d2e8d84bb12f99ef9c08f582b20bdc974f8b0141e30a52ce5ba9,73253f5fa1f64add461866e0c4bc422def0b9482f70f29fe5e8f7733755f1500,9d30eb8cd53f441bf90fa880accca4f4670c4dd477a0bb63817d9feebf2f8d85,c6014839547c5f12c363f60d79c71aa79e593d2f783e0a7a9860ba51fec368c8,10846539491516785956,36.70111111111111,
900546,Lipstick,notebooks/Task1/dataset1/images/900546.jpg,True,53,168,RGB,5212,6d65ed614c4ac01fb0d531887f965c38521fe588e3497f5c98d4bbfefdcbfab3,c02a920b88803f078d01fcb3613c153471948648263bd401e4d159b74d3c4b6e,64a8048cba6d74dffade67123dd3a873486b3fb340a0f53eae0f148aead949e4,5d0137e15707983d0f35acb98a23af1cba326b19a356e42f00f30a0fe799c394,11656392480645195171,177.96727549467275,
900547,Lipstick,notebooks/Task1/dataset1/images/900547.jpg,True,46,132,RGB,2840,eed40cc4c6a9e7c0051e652036ae54e2735a904df6b5f056380c478e7325b086,7bd33be7a298f678f521779e54d2f2df7011d42f4ddc8ab20204b32f33e37a95,3659dce0645dbd39b428f6a92cf5b3d4fb2160a18fda18dece955384839ecc2d,3b55a93caac42427d6961e0eb4bd905787dae4e1a95a9a428965c4084e2f083a,7497938050985269729,9.815340909090908,
900548,Lipstick,notebooks/Task1/dataset1/images/900548.jpg,True,112,215,RGB,11775,4ff30265eb2135b1f8988c13f883d46b11369832d4c45d7ea26a7b0a9571cb85,48c2e0294779b09b5653b36b7cf526be486cd1c9770f555608fc63e9c9389bf7,4e88689c55618fbf33157f7de58bccdae6161a07def5df76dc75a6a72ce75b25,6b24324d4baccd7e92bab8a80610b7eccd2f112bbaef7ee2b7d4d359d124c5f0,8246710466106965689,89.04615384615384,
900549,Lipstick,notebooks/Task1/dataset1/images/900549.jpg,True,126,61,RGB,4117,53c6e2db12aa16cd6d5806e4617b3bbb959891eede6d44aaeaed06948d79fda4,3dbf2d872698f707a8fce544a1187e53e7ef8d0b9fe914ca54948007225a28f0,534b3b523a31c3a4641c0f76bb1a54e0577939f10f28c7c994305710806ef363,e4352332021447fca99a6394c53fa46c46d7454768fb94b59add8248d7c780cd,17073642643104756840,173.8990990990991,
900550,Lipstick,notebooks/Task1/dataset1/images/900550.jpg,True,177,172,RGB,10248,945ed46d2340f33e07ea356753909d8ff99fb5c01105ffa622680b596f82b211,365f9841ed3ecaa0288252fe91b224fb7af0846a7ea92245e8058a6e032a70f9,fcb47c1b93e557063c1d095ee5ed06663af8fdbbecbf40369c19bd96d57a1d63,21fa67e69b3d82b9b902e9453076637bf1e6bb68170f476982a0b9b2463c767d,15044524116329410022,15.046109510086456,
900551,Lipstick,notebooks/Task1/dataset1/images/900551.jpg,True,144,84,RGB,9279,f27779f2e2e895883341a256f5ffb13fd40dd738cce1a9ab8dfea521942b909b,028d1a11de6682de234393f18c7a0670b34ce59a0fce532ade495fd82b6369f4,fdf59ac281c765cf201c2bc12a1da7abedaed4c2cd5a45e2d6d104c5c48dc906,22a96cc6f8fc8c16720f05a470835a43403100233dc6c45952548fe05191ac4c,8180735891158638238,82.00442477876106,
900552,Lipstick,notebooks/Task1/dataset1/images/900552.jpg,True,117,121,RGB,4753,667cb0050925e822849284bf09c2b98fe89b66f82e107ee84a020fa9f2db8603,3b247392a2c4981611e51af5d186540469a6f9a627b512006fb1a340c356932f,34cd03a4e71d084d0123354d1a9daad593b015e301642b5cd8d61e05912eabd6,f5dfcab0d3f0b2df31265cf4962cff70130f3c16a4c792524f609e7a1de3579a,463389400775181336,22.01412429378531,
900553,Lipstick,notebooks/Task1/dataset1/images/900553.jpg,True,104,226,RGB,10231,0fe49dc83af6e1a467fec2b6b36744d0c50364dbe8ef8e4996c1e7c80911388d,e427d381f3be1e6eb59501c2bd51c5e57db007f5bc77e0bf6e018cfc535f34e7,cec63207c8a448b6a314310d561eff71c9dbee773d156b38460f3eb5359564db,2db7da99bd768da92f2df6182562a27df04f5286c9d32520ab1a394907429002,10714437013098802701,168.3064024390244,
900554,Lipstick,notebooks/Task1/dataset1/images/900554.jpg,True,195,135,RGB,15713,e09bb744f022d69ec7b3dd7522e855b58b9fb88a17158f2cea9f3fcae47d3bae,20831e1ce5d9ad8b319a17595de1f2a2dc3e0b1793646255e9e62c8f3842aa21,cea6ec9a6230bb9ddc565ec75012f276876422275a2efb5f34775d9b3fefca7e,cdcdee1993058cba163eda06b91836df787c3240d2599a093fda92e6f72184d5,7868978326308870540,140.03912601626016,
900555,Lipstick,notebooks/Task1/dataset1/images/900555.jpg,True,169,148,RGB,10945,89cc7ce2b21add240948f5476368c97e9c0a128343a4e21dcf1c10c5603ecaca,9134981e0c3a2a9abb5cd09f0c03fcac4de6919ba5a6af6fddc8a33880ae8326,7ed02b9ae32727112a6210af691112a9fcf58d2bb68901203aed13b7e1c008c8,e89a415238ed711f2e5937bcef92a78cfba88591628d3d4db9f33c939f69d4dc,16442704844653661513,99.52698412698413,
900556,Lipstick,notebooks/Task1/dataset1/images/900556.jpg,True,108,99,RGB,6152,df373920acd3d1604bacd29d91eddb58cf8972f298f6e3317fbe5dff1bedece5,163abf0466c85315142551c285cbcefb91a621cbf52b0797363e23201dd44cf6,11922c17f2a96a50ef81c1e9f947a18f889828319574ece4d44cc192ccdacfff,c9ae74ac1c223bfc355b71da6b61952f045a58589bfd2b4dd39a614b4dc02688,3402816634370078491,102.82682926829268,
900557,Lipstick,notebooks/Task1/dataset1/images/900557.jpg,True,176,207,RGB,22918,5d3d343f4c1578ea2a20de491d2d047e4c879fe1077b2a368b0146ab91148f02,fbe44600d31616988a591f20c81597756ba8c97900b301ba4483c048ab548d60,63d77901abcbc9a97dc51954690bb948d18a5e1c1830dccf52cfd10eae10919a,a9bca80a487250621fdd18179caa52b0574b382ba858dd528a2c8d6f5964f420,4050770215305989548,118.79483814523185,
900558,Lipstick,notebooks/Task1/dataset1/images/900558.jpg,True,147,137,RGB,10000,480326e5db7a313e1cf440ea0b2b649a578699da5c16340d715396faebe69aa2,333ca2261ec3428a5b0fa238d028f97404fd99b1c4f34594364b1833fbf687a4,dc34ff12b723030d21fa7a71c7c0020d88d656225753e65c2020c08a556ee42e,f070147df32e0b2dbd746be10b7a640158e03d09a524ce28abe7e495b0dde722,436317245882499584,65.59042553191489,
900559,Lipstick,notebooks/Task1/dataset1/images/900559.jpg,True,172,52,RGB,4966,54ba1ef997bd6322c78dfbf5c2c23f5f71ae5ba3b5fe70081d1b8358d5f5544d,eda806cf4d5531405b8bf6a1be696ad88c904ff11928ba28e771c7bdbc1eb618,4b4ed2d52f20317009b3318a2b4c2cb45a723f34230371ac665ffb5c6b5ff48d,a0cee9363b7b5f34736a71f4fbf5b5bad1a411a306b70b2023be65a2197a6b32,4644400104484822782,77.07282282282283,
900560,Lipstick,notebooks/Task1/dataset1/images/900560.jpg,True,83,178,RGB,9121,e64d8f5addd783e0127480466559f369f4622260ad6a354f00d58abe5917652a,7a914c061ec38f85ffab0af752e5ecc8d1d8c3147e06a09d439fc831fa3e21c7,16217e96d85a86bc839fbd73859507f069ec275f67280928af9cc64ed01631ab,a926c36e58bd51547c1c513ec66c9e58cd28c815eec2bdabe389e1b74eaa96f7,7785631521508397420,109.32110682110682,
900561,Lipstick,notebooks/Task1/dataset1/images/900561.jpg,True,165,132,RGB,11917,022220412c0a1e6a8f1e3f442ef6367202699eec21708ea971865706662bcb1c,e730da5d04bb8a280a206ab27d68b3816f66747554e20b0651f23b539370d627,6edb2aa254535ec4ca65d80d6b0710b20a41229873ad8eb1c967e46878479129,7e76a8d56a6d97998c5426259390d58d9829b568398dff007dba8bf00fc95605,14757238366520974833,84.97118644067797,
900562,Lipstick,notebooks/Task1/dataset1/images/900562.jpg,True,105,154,RGB,11260,90e5e070bcd77437aa474bae6838d4bd44ee99eaeefe1fb285548ca2984afe6e,45c2cfcf789fce49ad94be6d9bfc0d89d104fb7aad009d1ab69dbad9b4921bb5,4a1a738a52d01a8f062608185792fb09fec97ee2659b6e4574558f4eb58f81aa,d51b6df84f2686356b55fb6baa5ceaf3023793a712c88e043866d42f95654c29,8661044600448869935,95.3916990920882,
900563,Lipstick,notebooks/Task1/dataset1/images/900563.jpg,True,107,113,RGB,7077,7ba6ad92e594c61906fd76a491b4531f57d3fe1abf0c71c402321aa9041fa39a,ccbe2add865fcbca7517fce8c12ad964a9cec0fab543a9d4f0e052f5b8db6b02,9cbe77e22820f17f371ac0d5ff91edd8bbb5829a2082b0849806c2bc282adbf2,04522d574a42dc61f612dfca4844fed6f42c7ae12146e07e1069693993265b53,10204483643623277004,147.9816513761468,
900565,Lipstick,notebooks/Task1/dataset1/images/900565.jpg,True,148,109,RGB,7669,f794026cd898bba1440ac3567253afdb91448849092e44bbab3d431f54073be5,0870ad728301544cbb3978ba6a1b610570f0cb996cd54f1fc49cb71ba47b78cf,9ac92415dc25b0889fd42eb7142f2f54dceec4e9fc616baf64ff254f47ef0263,fa605f06c8cbf6e9184e63d87765beabcd5560d99299670f40a84bef547ab8f5,7144569737855480734,88.35424836601307,
900566,Lipstick,notebooks/Task1/dataset1/images/900566.jpg,True,141,184,RGB,8172,94d1768b5265974646cae9a29e09102020654871867310cdc9df8739c4350ce4,fc0161096dee4de427e424f10ba5ecf94c287a02911adadf513e8cded0bf36a9,550abe49ff4f41c84813617825a9b34f1454b9c5a5f9a628066f35c323c26ac6,18b85986b758271eb2d4d7deadfabcb8b704389bca24eaaad4de26a3c745efc9,614957275149772306,21.932920536635706,
900567,Lipstick,notebooks/Task1/dataset1/images/900567.jpg,True,216,132,RGB,12897,f2aec6b6df6d0249771a3ef7322783f44e4de4720746ee035f7f878b99e3ccb9,a3b81eb17c35afc233b66972908af2a7dccf13f54d51d9da665b0cc50ab27fd6,fc6aabeadf7ecf5fe124fe8e2ca9b2eef6803f382e043d5e9a17f5bf62e26c27,f1393fcd2cf80ea307c62d7c3690e9306cb25c153bc330936e5375713617afeb,13833196985074012997,147.83092485549133,
900568,Lipstick,notebooks/Task1/dataset1/images/900568.jpg,True,105,96,RGB,6106,be750d6b1b8d3ca86af1de4d72ab3f48190c9cecad556e53ae3ba49cde79241a,d42961f13ba53c3daabd6156e2b0c037c3db0f082c6b37f5b8373ffb113e0398,26f157f28a2090330f6731e51c7728e02a0a9f32b9a8db5c5a263a372ef20e73,514d360aa3aa65323eb550fdd1a37a6608185bca17ba631c5c9b70efca8c54de,11830161398856638820,189.56616415410386,
900569,Lipstick,notebooks/Task1/dataset1/images/900569.jpg,True,104,185,RGB,9840,cdc58295ac12a4af6622476f9ec11b0c22ffdaf83b9d2f8a34f1945ad3a2d313,4adba5aad1a954ca04b96e2e65fb1e2d4ab9f14a43acb42872c86fe7d79229a6,9dfa12b7dc1d0bdfa7da5e69cf8debd15b90d85ac2765b2e5376cef499dbb190,52f977a5266313fa7da904bc646558317a0d25502f051c3e9714a36dfe51fc3c,9926147853323386486,18.73170731707317,
900570,Lipstick,notebooks/Task1/dataset1/images/900570.jpg,True,122,132,RGB,10007,ab0768ec43c2fb1e1fc3a32b2028c941a831d2e9e43a48cd76219bfb777b8198,13023d2fc623bef5d496efc261cc76564bfdd6675471bb74f8cc3c9938342b99,4a9eb52ba9cee0bbc65180b1faf14864b191ca3f95f2abd4463dfad6ea72ed98,a28d0bb5492029f00e55eb11eb57a869a9222f1798b7845d291eb1cb3267deae,17128059782116864112,174.56150793650792,
900571,Lipstick,notebooks/Task1/dataset1/images/900571.jpg,True,54,126,RGB,3605,28d95ac2ffab118b6c4dd544e084e9ca1eb43388c477050a80e005d8e41b8f3e,78caca8ff2d0eaad73c632a58dd7561a6a1637cf2e5550e3a941dd32b37f24b6,e98fbeab55953700b7a7848126369d45d0977d8092a4537ec32043ff44c8bec4,7a62e892924f03d40c9cb9425746844a83851efc54eb24a7a2a8145e4a74685c,2896159934260380455,104.25936329588015,
900572,Lipstick,notebooks/Task1/dataset1/images/900572.jpg,True,88,121,RGB,6801,bc56bb544ed85239a8b6f94123ac040242e35eddc31bee5e97b753fd521868c3,3e612da5d33b1ed07e502acc44dc036e2c00b2af135860598ffff2757644601e,27305b63f6421b9e51042b9456ba39b1bd11210a08d4d814e997b69a4a574f88,28478a46c65657ea31d78d12f4c72df7ea31f45e863d740cae827eba66ab9130,6672426384509264598,55.646537842190014,
900573,Lipstick,notebooks/Task1/dataset1/images/900573.jpg,True,208,132,RGB,14069,9658c895f17abfd930e3e2d4fb0bb7d26905c4fa3e5fd5f842b35ff8c9e9446c,d46940d790df986761a266b511e419bb7978fcaf58686cc44484f177e1ad75c2,c0cc64480047065c26a9ad6476aef9a470bc1e775f34aee63369229f7fc5c05c,6eafe5a69bf865026d1700fed9fbba153d5b2846e16fe879cfa6207598bd9b82,225911473666579543,94.3629191321499,
900574,Lipstick,notebooks/Task1/dataset1/images/900574.jpg,True,100,198,RGB,8478,4827a5f6c4a7deb641e222f19a7afa83d3599d946a0b511090cba9f99b3116e0,11b8a7e22a2aea4fd80f2b0e215cb473393b11de73925f36840d0d8d3c190a0b,9c2bffd197f44e1e39e2fedfc2175d03395f3e5675c44f3f0fde1a6939b44c47,b2bae2ef10c1b2abaf6f176c69482fedccf66d39819e0b263b2b8d5f5ba27a38,15865153102165889764,35.539414414414416,
900575,Lipstick,notebooks/Task1/dataset1/images/900575.jpg,True,110,206,RGB,8861,c8d0a5f54f1258925817e142b06c28e4507937ae60c2d4a6896584db8ce92ffb,a7d7b76a1769008093eeb6db23b4d1919308f92ac46f0d3fae817c5023bed8c5,570ce116f88a29384109219fc5bf673bc11fb0193dfaf48be18f54a29ce07dca,2ac9b38f45c2017e73f94010b2ec8a1e6af8ef66348f1c24da5cf4fda4998f70,13237165415356416970,32.84447983014862,
900576,Lipstick,notebooks/Task1/dataset1/images/900576.jpg,True,100,198,RGB,10642,dc1c06b37dfa9dc6095bb52bb6229e8874557a7a77a97b1aa8410dcf949b31f3,7c3eefcf0a45199c3bef70b80c35ae236f55106bde5967c2fedf9007c196ef11,71a92a1cec2a9f18efcef5df74d5d38cb7a2309cd357c012bb773ace07f46fe0,687e4d50e17eaec87aaa32fa43f6d29b16d0264f150a36f5d19d20c98da8b1bc,17253344503471180045,126.06869369369369,
900577,Lipstick,notebooks/Task1/dataset1/images/900577.jpg,True,121,140,RGB,9698,1bb72e2b0773161ee8a48b5c661dc0e5a354b37c8f95a4587dd427fee3289684,8ecbafb11f50e74e54239a4b38872aa9d00d26122045688cccbb04e40729d57e,522dbae2be16e485b5d876d4b95f2ad3921466e04e0e668a30a517614a1e2c78,21334d51076b7c5f4659c74e501cf1f90210bf86479e5cae20310f511c724c43,4267567622076262616,76.06756756756756,
900578,Lipstick,notebooks/Task1/dataset1/images/900578.jpg,True,198,169,RGB,12140,3a21b4e04a13577277ee4fc208aecede8dae2be7863cfccd5eba45e7287452bd,91697a2e5a5f5fab882de8c17de32c4c6ee3b3a51fc8540aa33fd46ce05ab6af,b2bd4554fa16cede243635c1a9bfc5653e528f0bb33b5a3cb38170f21b5c35c0,900a923f876bd1cf2da0766c0b993901a185c0a603adabff63015de57475bfec,13907453971613561980,156.9634703196347,
900579,Lipstick,notebooks/Task1/dataset1/images/900579.jpg,True,176,68,RGB,8928,70d687f130c3a3b190e59ccfb16b69a46c5400058b3161521bcb4b9eb942971a,b1d839fcfafd5895aa5e0ad9238de11bb96fdd217a6d2b4ba2ebdb5f20e23a49,c17e471ecf86afd27e81373b352e61673c3d2b363c521b65479c7ad7dcedbc05,9f9fd7d5a86239ca320c448dc6b5162cd19d47722031c76b238d019a31f96e19,10758029793366907462,90.96694214876032,
900580,Lipstick,notebooks/Task1/dataset1/images/900580.jpg,True,183,90,RGB,7551,f5cf95472d8461c6c622772ab5012ccb8944562e5d535a32cef7643c4f12708b,6a7e82a42da3ae07070d5421752826616663965773735bb7e8bc2b4fcbec8310,97f952cfd5fe112fde320ab4b7975df5baf103891a75a1fb11f22eea9b8e8405,ae77cf0deccb5c14c7ff12b2d226d8936fb87f0441dd03c994106a85641a24f1,11081532631227250278,165.77121771217713,
900581,Lipstick,notebooks/Task1/dataset1/images/900581.jpg,True,172,150,RGB,14258,0eb0784167a9c5d4b841145bc7342f4e88b80a64b3976e3a2ec476fec3f187ad,75ef98668a0a999f320cafa4ce354485aea0614271972a386fba2d71387b50b1,dc95c1ecab5406d3819a14bddb5f37d9bbeae48fcff2b8aa5c39fb8769c1d781,fa7cde4af1a4affeef040496ddca0ba72bfefc5a6b00a44a44c9ec847d359b50,15246606080241339524,52.3859375,
900582,Lipstick,notebooks/Task1/dataset1/images/900582.jpg,True,143,158,RGB,8550,ebf04a847ace48532869779abf7e7a169456e029ce821037e424ab566bdc4409,870b495433867c458bb58c4de5a953e9b13540c72b51bb95440386fd698a6c1e,1ac22568535a3533f4d384f542529518ea64121840257d0ffa1e6a48c57a1140,a97aa9ea0f4ec60726e33c548c737e92326ddff39d75651e45c0ec5868974aa9,15695506249562666275,111.07134894091416,
900584,Lipstick,notebooks/Task1/dataset1/images/900584.jpg,True,165,110,RGB,7512,9c9c13259c60b90eab150bbb2b290fd218b7b8955aaab3f24027927008bed290,4ffcfc1a9feeb9f8cd462c2888d0d4b36942c97ef784260028154c5b96ec640d,e78451588daa94abaeae44ecf1bd7d170fb41a967dbacc65916a0c650e4579b9,e1c86a75a1503c13ee2cf87d9c6aef00d858ba16351bc2e6d17c6fdf739ee92c,10853181304013571738,9.67032967032967,
900585,Lipstick,notebooks/Task1/dataset1/images/900585.jpg,True,76,152,RGB,6473,13959ccfbef417c5921c46b86f0668e0f5bd40899c320986ace678544b0b9131,7a1e22b65bb1544600d573666d43ab721f4f4fdd103351095b9e62dc61e21254,1e12056af61cb82d6620a79537fd8afb32f6ec54d2c0628357527f33ba90a4a0,e2999e1a0a3612c076d9de9930cc0d780c1a5e454ba8b585dba77483445bef52,15407772120605293371,44.674041297935105,
900586,Lipstick,notebooks/Task1/dataset1/images/900586.jpg,True,149,60,RGB,3581,70547f2ccb3818b7864e87f5447b4a1d89d0a6ad81c9438d9f5e5002acb8c0b6,c81d5cd5176aa1308e8e1d6af94898269bd07ff8d09e7f6ea3eee9151f91385b,5afc4025aa572ff2664a3d72de1a9a268ecaa0d68c99399b9a3b17cac94a7258,ccceb2cb0716bcfd7c634e1f15834f1408cb73cdaea1d6003b804dd649d011a3,7168425954652535113,208.81884057971016,
900587,Lipstick,notebooks/Task1/dataset1/images/900587.jpg,True,68,136,RGB,4953,9466d0fd07a8231e808e845df7a887d864f698d04023e108e865dfaa6a9d1558,cd241599903ccd23d8abccd792287f50f5c00d585e8abff1300421573a174224,ec5aa7a34283f0babd9e1e025e93757425f1d6e4959a0f94da55a3c017c5931a,9209d6918332f0369c2a33108ec398694266b847e2f6896a859c53388e25a19f,10934903285681106460,59.87376237623762,
900588,Lipstick,notebooks/Task1/dataset1/images/900588.jpg,True,79,114,RGB,5301,0ef558af3994d0effe178806cd604ae3916a8829625b24a811682a44a511251b,49ea77649fe0aa0f2a5740711ebabc1934f44f15d4e9f5c03d191a3c7b98d02e,6e4f223c1337fb5ce2b1e24e80f7e98bf3392e2a7b22af83cbc5b44115fdb5cd,b51ef90cfe226e01461850f4e7d176b14e1f261e2c2dda5c1099dc859901eebc,11782476313013140281,103.1893542757417,
900589,Lipstick,notebooks/Task1/dataset1/images/900589.jpg,True,164,49,RGB,3145,12c0226c4728d01c6548237294435a0e02692682e2d2e738310b85ba827ae605,baabdf7ee4ccbfc861c6ca55dd6a42514ea7838184d046965393936ac9726930,c6426d88c38b45a89d70364d5bc09c8f2de501a040d2c2da4fe1557f50a6513d,e1b17bcf404149d0bcfe21b2a8241bd54adbe77e82fa7c5bd4deed5cf884fb91,10629886765981366328,2.0552922590837284,
900590,Lipstick,notebooks/Task1/dataset1/images/900590.jpg,True,114,204,RGB,10719,63da225fa9c79efae9fb690b0ad49643e6bb332ac5b760839f27ee26b24c4674,1075c8c711e9e4021065e211f39672e4a536f116baa9b0c2c2819d5a23fee205,e8440105542679c8f29ed342056a07c7d0e1dde0a01f00ebd7d6cb873ec01e04,d39816135ec3bfea74aab44d53836925bb34a1644dcdcf2db6da771ff282606f,14455064296827753188,8.900316455696203,
900591,Lipstick,notebooks/Task1/dataset1/images/900591.jpg,True,134,169,RGB,11508,14daa7db4826ff561aaef0c6247edb860faff3e5efa8bb5d957d8463ca87588c,e3fc7efe48773d9cd3048c74a4f3a6564fc3b31e04c91493519cf1275693b27e,b0af145ce16a707919d9ef29c67d190e60a4798e65d10f44addd3e82c28b1490,cc73c62d43a79d2cb3a62fb0dba139b8aaa19900759b0de2d68b412920890a45,7897404496445995425,158.30121816168327,
900592,Lipstick,notebooks/Task1/dataset1/images/900592.jpg,True,127,40,RGB,4238,f23a6585c6f6f86092376f567aea89c2a15f02e7741953615ac77a70c55e2e14,a64ce48639f8b16a2e1f378fe68d8b35dccc88a772a61619daa0bd39f19db134,9c7497568abf6abb783c73d5f08df3576f4bbb625a5a1051a81a2c88597e0acf,3f985f7e7b6938b2dffbcf5810c3206a44846948c9ab812c650573b3ecb1d48a,15914016037231074616,115.42020202020203,
900593,Lipstick,notebooks/Task1/dataset1/images/900593.jpg,True,125,67,RGB,4940,88551bcfe8971f4ace471acfb95f235f0c876fb6aa29edde50a4c87675136242,b29e9b8d6c3aef843ea25884690d7bfe131a4e32eb89a02b50bd839d47a444c4,02eee506bb2ccc2a3b7eb8f8d51b4d19a882aaa6db806a215b0cf99d79aeea51,74beba3f21ccb4400be823ed0ee61e7cab2bf92012fc62be91f5feae92ebc904,12163124876250126641,113.95877192982456,
900594,Lipstick,notebooks/Task1/dataset1/images/900594.jpg,True,92,229,RGB,10696,9b8cc30d98d7626463935c20ebdedd8d326bc873daebb112192e9e80de433276,93d3971a11497a9aecb4fd212cc3f3556398d565317e295d8edba8103ee280af,bffb51735bbb3814d20a13ec68b84ff6063ca3daaaedcecd55d4da41e5d6e13d,f089de9023c7651448312309aa568cf7701570630e94ddf8318f6699738f06c6,868400908667700071,184.46969696969697,
900595,Lipstick,notebooks/Task1/dataset1/images/900595.jpg,True,138,37,RGB,2556,275b31b14fa56183b1691b951b824ce0654d5a569a71c5e0731c610a561c41be,48b4c35a0009a41cb9255e70ce5ab46e5e3d02ee440bd9330e3f8afc25c12738,816a9804dada145998e28ac33100c27acc092fe5a5b8910f1e80b6bef109af6d,e0d0968b60389cfd127de591af7ff2393f567ccb2e3288bb48639afbd0838d3b,4337954949810821939,189.4354527938343,
900596,Lipstick,notebooks/Task1/dataset1/images/900596.jpg,True,114,30,RGB,2702,bc98a1b97365cea15d5bc7a3907c9977afce21a355a940e3fcf96a32bc148127,47ae047eb410a7d55ce36ef8662ee58ea13ef2515943796986d499e7fb6c5ea4,ef2db58fa834eb2c07825f6a8dbe99301192ba5de1fd72b928704ec0137d2dd6,9f10fe423e0c4040e59b7472067d8bb42010674e56fb0b2f1fbdf72493a649ad,9417511399186807024,4.055164319248826,
900597,Lipstick,notebooks/Task1/dataset1/images/900597.jpg,True,177,80,RGB,10086,135a56fb2d0f4ef9d050f7886c00f84aef99ec21f30742b8c442a42e12561e2f,ce2072e330107bbe3c0389fabbf023723f3943175eb1e9e935d19ccf4899bddf,5238843ef941fd8a7712ef40e37f2809060923e9aeee1c768bd7c99d1fb4af64,66dd9cc5328227a63547daf94aceb5b84ec3845b75f433a77556b7eb65a34798,10475761692064037172,128.13856209150327,
900598,Lipstick,notebooks/Task1/dataset1/images/900598.jpg,True,170,118,RGB,13932,ef5115dd902c3f86db83767e6cc7a44a3ebbf9dedd5ccfee4364ffdb7556345b,23cfc1c32ab1dda81a2a46c452ae1c9e5e87ea961d8ae03d40db2287f5532eaf,5196895a4bd12e0a360c78c4d7fce4235bd5d2c464ef974dbbd9ca665dbea2da,7b2fbe208b643aa0318c740aac5a7ba824b0ffdf26461101a0a6128f47552a49,18300697351301119309,154.33391608391608,
900599,Lipstick,notebooks/Task1/dataset1/images/900599.jpg,True,122,186,RGB,11953,20628182f8a5674d6a2151667ecc7e3caf95d908a90fd2ab02573034e648f70e,4c6b7904daef0b26535f1e6f74c3f69dc0150fcbfc5ddede5f161803cf9e702a,54ab7e62d0257f645632243d0cb29889c22e4a5215c6f351834809a3dd79459d,13744fd270cbc9e59fa9c081587861c3206026633deae1f351c406625ee87ceb,9354511117685963319,186.75708061002177,
900600,Lipstick,notebooks/Task1/dataset1/images/900600.jpg,True,107,95,RGB,6303,0d96f4831b1b379617562b37cfabb66bb2f6a31534c2f87005e34bd71663f46e,15fc9513465d81185d203a3fa5ceec8c58ba9e354a929b03a73439b1522dcb57,7e762c74f2b0bcb23071b1e2cc27f826d7d40412607751a206f25c957b992b3e,f1cb8cb2da6e8c9a708df894da9c53345ead601998bec2cb4f266b4c76ff4305,6505498198133531208,22.071666666666665,
900601,Lipstick,notebooks/Task1/dataset1/images/900601.jpg,True,193,64,RGB,6906,4dafae5da69790c8f06686d283e206e85ecffd793b3cd586f4147db0074bc536,20a4213681c582ebf99c1bd67e9a0d83330df7c2ff44bc0cf0d52c65c9322bea,ead55fe1bdef0ac76558a908efea341e349df35d78d8db476ab15bd9301366e8,dfc410e1afdbfcc153d182415667905911e90879158ef69cecedd2ab33ec5041,3798702373091140346,113.88888888888889,
900602,Lipstick,notebooks/Task1/dataset1/images/900602.jpg,True,96,150,RGB,6754,433c90c06cc59cce2b1ac2249ffbb5d0d0a9b428d6e4adeef395f97e118e0a20,8a79a3ea0b602b11529474f7c9db8703129f4d9e46c0004c6b206c5d6b9da2b9,82e0a8d7824bee2d832f17f792fa83c799570008a4fd3f929ddbee022a4ab50b,9877376b2584c33cf2787c8bbf3baefbd765765e21570bb2a93ac01b48fb9bb9,8301008786583269486,152.3224043715847,
900603,Lipstick,notebooks/Task1/dataset1/images/900603.jpg,True,21,128,RGB,2463,bbd24d0422fab30bcdf49e52de90f504170d2a21e5ca35db314aae2d257cc987,1547252eb23d5d1bcdcd10ea5ca07cbdbbb52199496d5d29667b2200a891dcc1,4229503b7cbf7f5bde1ebe6f763b163c4d972695435aa649aab90afbf658f0b2,04b738a5cf83ce316e5b992a364726ef7d75b3f54a6c11d4a829c397cdd1d9fa,10888894242076995309,121.82539682539682,
900604,Lipstick,notebooks/Task1/dataset1/images/900604.jpg,True,80,215,RGB,6788,e869e245fa9a839b741b0ab1dedc7bcd87b3e66d1022a6dad32f5922e96f14be,e7b7a0a62f6e00490654be2c28c211b5a634e4438fc27beab4e6c015847273c3,098a0da7cda854309a148af72ca5abed0e234af9a91f3a675a24d8db0b7f26d6,891eb28a5efe20826eaa0c8339ed0cd349583ab9790a86646516c087bf26f020,14548792253362453775,34.88509670079636,
900605,Lipstick,notebooks/Task1/dataset1/images/900605.jpg,True,181,91,RGB,8501,12b9ca3e1ec4b32a4eac9aea9af708179fb2007784b76884189475a374ee5525,eb823f73864609165d07d6ce3d6ec5f712e8c8fdf644ade3c193c534f771a746,c9ef308c27d35e186a2b18c853fc7336d24a3a797a0288e69a704feb1af3d0cf,723986c0205685974e04e4591b57d5722e7ca0465cc1b3b6677d0f7da4eb9e0c,10637754053121853122,25.096296296296295,
900606,Lipstick,notebooks/Task1/dataset1/images/900606.jpg,True,118,211,RGB,13666,6ae74dda6f342a0af6ccfa90929b57fd10510dacf47bf2b86ed4a5abf388cc5e,842d4616f33623aafcfc7b6316eef428d6fd2e9a352738a09bc01c807767939a,6d161badbaa50fdce57c027ad359faaeb4eca1a373b459062a9e8fda89b632be,0b77afe08ef37756e2c4a0c324fb759fe6f09a62076386f13a7d733888993e93,4049446651467239670,125.15647298674821,
900608,Lipstick,notebooks/Task1/dataset1/images/900608.jpg,True,222,56,RGB,8171,4b8119215a1a988a3db1a6ef69b58a1242d200f3eb7a5aaf6faa6fc1d819b8f8,de67ea21c6268e80be24680323f3d7f296468e6e806b26fba887ad0555331578,a4c4c09eec2c9a74e120ca5b2436816b51f118c93620d98d905c8ff76c218679,571a8546ec9652f87bc1e4bf0b428e209020c8cf5b57dea72b41030fb426c796,15155582937940321767,139.77596618357487,
900609,Lipstick,notebooks/Task1/dataset1/images/900609.jpg,True,111,136,RGB,10809,c1e25982b318b013b6d9a41a6dc4d21a2637ce23edf7919c12d241c06386e633,c21bf563a5b696c3af895e3943ee525933e53e07d0acd43527ecd86f2aaa3ee2,ad7fea939ff2f33d0293faf4b9963ebcd65993a238f068a4ff9921ca5beb3e63,8992b346087aaca219fb71ab9938b6400be12cba677dd9b1e6e64b7b665f2857,15191330467869017806,27.39591836734694,
900610,Lipstick,notebooks/Task1/dataset1/images/900610.jpg,True,206,148,RGB,8443,ba3074d27bd49576a76f9c2fc07870b40055ec3f80e5ee5d89535677fc6e0b17,6ce78ae2b0acf7af2c972f892eeed3aa7fe63fae3f3471b6f8f10128987090e0,72f6f21582672ce859a51d6599d011900fda10b80b1eb64e4ca68c68941aefea,9106336259e56424fce1f4ec27eb722d23d6955cdfe65298c2777ce501d488ff,9296313149105632226,157.70407196969697,
900611,Lipstick,notebooks/Task1/dataset1/images/900611.jpg,True,183,46,RGB,4128,e4a4556e5d1d1aec984c874a452d19ce39a81c9777c4bc3b24cef6e0e64decae,136e614462c0de3fde08747b7da309384ac491d31390767e84e3797498833f6f,e741a27ef458d7f5d30bd70043cf6479b8f29c37d92d04e7c9ce42eaa20d1b11,74ff3a8e33ec4eec7218d45f985ad7f8d9a4defb5ca1946ad96f22551961d9d7,9512180808083407814,113.51395007342144,
900612,Lipstick,notebooks/Task1/dataset1/images/900612.jpg,True,42,191,RGB,4046,323f1f918adcda6569364d693c0b063f2d74105a894beee584dd7a0c2293a2af,6127e10feb6ac1d8d9f0fdd7294454853b4c6eb7c393441c2f77500fa6493456,7d338d87def823e258514f3fef67c3e7ed4f2bcc640c1ec4ddd1a5e706caf12a,b0fb1f92babd2d6fff34cd857ecc8b7abd8b73f9601b8855e19e3b29d395ba1c,226063197501381631,133.74603174603175,
900613,Lipstick,notebooks/Task1/dataset1/images/900613.jpg,True,71,77,RGB,3837,6db6ad88a9decb3e623d937928d2c57be1f71f193b825e1a3a766bf11b216e7d,e6d2a8589057b8aadbd56fa9f7c8af8ae0defa2dc91ea75ce7ad34f55be1059a,e71554545b44e4edc46436e5243b3df7cad13ca8e15f8739b9ba2ef3deecd34a,ac3e09bc258619e3f46306c8a1ef054d9ba105430a8cfe69d4a454c8b9a298b1,6714645622993433499,108.68721461187215,
900614,Lipstick,notebooks/Task1/dataset1/images/900614.jpg,True,138,225,RGB,19103,295995f61b7e1171d6beb39f6b09afc185d196feced744099a45e7e3ac313abc,10d1cedd50703b2af3c3bc5b56f030a971a5c9c0fdc8efac60949626ada2c0ad,75995ab39951bc93a9c86f13a88467396406965e39051d4f53e9fc4efb1c12bc,5cda5e7ee452c690e821dc95d6b1c45664696b4f77a0d5f93043572efb000604,1631361924062753324,129.2197599261311,
900615,Lipstick,notebooks/Task1/dataset1/images/900615.jpg,True,169,126,RGB,7060,f7273a0159773f6b776e3cb45da1a8dbecc09c0de0dbe2a3407f0922567eb090,5e93c47c02fc16a4c11e85f577fbfa409ff974255c662fe3488500c28f3adbf4,a001681609668d493f96090d79a73f552cd276925c99921c0f4fddf3abb1cbd5,78273bacda4e3d4d0008f48357f7f2f1213e95ae46eb76753b3b9c9b5c48552c,1596065065235613846,9.215017064846416,
900616,Lipstick,notebooks/Task1/dataset1/images/900616.jpg,True,77,188,RGB,5516,99d6b8bcae668e3744266edafeb250b147c0e0b0dcb733a3c4fd677c142e6f91,f627837f2707e16ee8bf8751b39bbd11fccc4601250f4505070b745f58e02dc0,80f6ef26089f174976575048d4fa50bb0b0ae229ca78d1f33f371576c88dc35b,16d4df842624085e3f21b22211a024173dcdae5f8322e6aba8a8979c5f7a3990,14746142843943154237,10.224968314321927,
900617,Lipstick,notebooks/Task1/dataset1/images/900617.jpg,True,114,34,RGB,3822,38720e6926ae78798fdb745ca9b5569d64a2084f722a8b8d2445b2dc50e34820,32447281e1d3723efddda316bc0e861e6cf13693b6c6901e08fd2f8134bd8e1c,366c02b34166a3ac27079b5d523ba2504e1dfef36fcf3085031f8b57a325aecd,57ccf2d81b2393f3f0aeeeabaddd806238fd243800b3701178798b80eb79bedb,1618871654809702805,109.42351598173516,
900618,Lipstick,notebooks/Task1/dataset1/images/900618.jpg,True,156,155,RGB,16021,f7aa7cb77a67fb4504aa3501bcb8a5dc8524c808887cea91213c113705e89d00,973cd9c94c4ee7530f20506c2d328d1da492636e1c6aec5a59b2302499fd0b16,4c91ee2a54aee14a0ac2b67a5b7f4bfdfae89d2c6743692f60627432ea3b7d17,c4a6a08a6ab7379053383b7e992fcf693c0bba9765243fbf05dc646a8fb5a926,4124069991368910182,150.56148867313917,
900619,Lipstick,notebooks/Task1/dataset1/images/900619.jpg,True,209,98,RGB,14141,ffcdd5ab929fad82d8beda86776b81c78a1a90d397464ce2a71aa78091d2bfd0,ff58bd210b5a16e7931161ddfad7ed2fedb69d5351ecd9043e7e1ee3ef702b3a,f48b20a4d11c136d44882e58bb981612b850e53f2af4b336ee42b2722ded0926,a36922456d614093bcfd2f87dd374ca3a6383dc53e30b3953a70fbdadf18c6f3,16376153321433702826,134.14590163934426,
900620,Lipstick,notebooks/Task1/dataset1/images/900620.jpg,True,149,46,RGB,2909,88d490e3fffd003af3c0372adbc47bcc6b317f5ae0c52846ad6917b86fc8bbae,81303f7aa2c77d1f0522ce739579b12aa55bf41a468dbbe0f67aae4909bacbcf,b9cdc14c440e50800b5ec4d9f46a30395233d4dae15e7b94f3cb979a054db4cd,9eb7de607e74fd5f71a8abee3981700c9018f66b312d5d64a688e17a0a384a86,1336471167939417734,21.91105354058722,
900621,Lipstick,notebooks/Task1/dataset1/images/900621.jpg,True,139,91,RGB,4908,34fe7f1b30737903ee2ddc06e2c32b1a8d555733cc11df1044d7890bcfdbe68f,28f5266a2b6f913a43509b8826f381e6dbf091b8a7fa5d41731458993b87344a,06f09d41099508964a97c60ad222ff0591f47d9b8db3b0cf1108da700efed0b8,2d43d43c7969312c57b0d8f6c912cede0cc3e50825744f18455956471c2d97d9,10396896848750228390,100.89546783625731,
900622,Lipstick,notebooks/Task1/dataset1/images/900622.jpg,True,187,92,RGB,11634,3b1dc0b676851160ee2c86d35c8e41fb8335940750034a745f0b4ddf8a0c7042,ae8fc18c77b689fab65ef43cca2d01bf2a4977577d39ffc675a16166721e419f,cf2a583162b2a7f1e14f08a19e97a8006198116dc27dbcdc5a9f1aba65fcc55c,02e89d413325638fa282e7bcdae3bc6569643407c93454f86579f2f2cf343a28,3889378868811163675,138.2214199759326,
900623,Lipstick,notebooks/Task1/dataset1/images/900623.jpg,True,104,106,RGB,7108,574aa4dd561a52ce34371acebd495287bb497056671abc0fc35fc8240cea36a9,4600b4edc6944226170543694803eec06e50141e32531962905b9cd8c9242849,60bf5f9ec7b5b6e2761ce13e7247a01ed120ed0a7ceb8201440e87fc792418de,165773ac13afcc563cdfd9357ce9953df40dd29f3f8a6f498f687f8279c58b85,14497424988909196630,127.69471153846153,
900624,Lipstick,notebooks/Task1/dataset1/images/900624.jpg,True,55,174,RGB,6314,ed1667a36176e4b67dc2c56d07cf8ee76cf069bd74cbf2b80123754f903bd110,9bacdf22c1e37c347a877f5e22c2f44dd6e82add72add2b46de778f62590c864,828431f2d1f095c96dcc6f03c02dac54dd37bcb4082256032d4a5ec7c2d18cbf,90aa6d1252cecc737bea6e10f436a63ed7cccabf6aac9c6a95e0f141ebc14072,1736179628266300713,96.71879588839941,
900625,Lipstick,notebooks/Task1/dataset1/images/900625.jpg,True,163,42,RGB,4635,6d6573fd95710bf54d1f6e82ff1d27ad9de4700981f3e23e9f522f21d94a99bc,dc1c734075617360337e8c5eeba437807175bcacc17d2427bb2fc3a332ee6588,de7420cb7ac1934ff3dad51f6e4cc6ebf2502ee5cd612561075537f405eeedc8,0cd6e9813f5a03f9768f7ae7e8d02b8ccd2b8d3b6b65f88c690c4ec6b970574b,5570729732228324364,151.5270935960591,
900626,Lipstick,notebooks/Task1/dataset1/images/900626.jpg,True,39,129,RGB,2778,f4a3f0fec46210339c7f1361a5e89dc4d6d0b03bca9d3f4bd62bdc15a9f1d11d,87cdae3c91538085e4ba7d643a2cde2e1bbd0c49c92dd40549cb0f983f0fcf53,2e2ffaf3a6b89f5114d63d9ecf9135450132d363f34ea43c9af6de10b2067808,ecbaeeb638352fa9002c9e318419daf5865bbf00eca3ac9ea3d09f23f26c243a,3668680825209939184,5.895582329317269,
900627,Lipstick,notebooks/Task1/dataset1/images/900627.jpg,True,54,211,RGB,7167,5a3e45609d63cfb39bba8454471ecb39cc125c8415775c73147c70b494c6ffac,62b013717a866a5ae9be35f6f075406d0cddb66d65341719c003e9858b6615f0,cebb7dc43342c2c1096a01f464a2a829787578b7be4b961256b433b0d29b1db1,d847b09fa9fdb554444d353229a05c705bf77d481103a838d2f26bcc1092547a,3181289782131105084,147.3681875792142,
900628,Lipstick,notebooks/Task1/dataset1/images/900628.jpg,True,180,139,RGB,10355,a9bb809a4cb88da010122a4f8b64b0d06bceba2834e46ac3d55aa8eb1ad4efd0,51d9baca38266399955095c873eaee0703d8f6c18ec0144e99f511c8bfcbc2f1,4376fa57c4c41e84775f4b0bd65aa6e4fece29c00f580f2db3cfa9c13ce3d9b2,627bd6daaf460a3da8a1196328e95155dd3ab2c4e157038bba59f6dc2e155c45,3475772639310709513,147.87066246056781,
900629,Lipstick,notebooks/Task1/dataset1/images/900629.jpg,True,153,187,RGB,18868,3d20b39e3340538ff280dcbb5be1527e856bfcf7e4aa8ee6a852861291c36073,4221f2da1034b0313cfdec7e24f86652a23492e3011a65e74b39bd21722c2b1b,396d7bef314f62af2a2d11298e46faf130e8749690e1b30f4441303645e0b9e5,1ff8352576acdf2175827dc8a1ed3c93407672a80c51dc279c3f4871ee9f3e8d,5515883376215497302,104.2731755424063,
900630,Lipstick,notebooks/Task1/dataset1/images/900630.jpg,True,85,149,RGB,7150,0c08b3bd777af51aba15cce798837edb2c3bd625da439726f62a15e7b27ae557,f6add80f63a432074b575eea5d42fb3838f2b27692f2517e0fea1c8643a25cf0,9fcdd41de1ba8b777c005e3167580cf832923609e0164fbf5b38ad220cccf8df,38a24cc89ea38cb1a2506eefe0819bb5e430d95934d89e7ea7240478a2fd58dc,2272918750377098551,111.83620689655173,
900631,Lipstick,notebooks/Task1/dataset1/images/900631.jpg,True,80,190,RGB,7459,44fc976e16d2392d380b4f1412cec674c9e2ab1d3ab3de1d8a4f582d8893d633,173e492054280bf9b5ddc8dadc9eb7ffe86e971e86ad2146ea7c13a114ad1959,a269228077686237e65a431243ebaaa5e7181753fe97d6d18d059a6ca6fdf63b,ba7c8af2c74345488a20fff72dbcb99a22c6bc8054181a2020f4da67c15004e7,14414921307641058652,180.4471393034826,
900632,Lipstick,notebooks/Task1/dataset1/images/900632.jpg,True,167,134,RGB,11940,92470662d845ef12329e4f7f54fea93def7ad72a8a7cf9829294b0b06be65cd0,c319800a8e8c86da39c2f6660b4df39ae32868204b1b55d6c4434f7912bc3f38,03e3d948a5eddcd0464613d624a86f258e6a941cdce873463efde957ab9f67ab,8c9ba45fe1f324be075528ac117de6bfee4d1fae9716b29da7abdb39cb2ceb38,13543352566657212566,115.05239687848383,
900633,Lipstick,notebooks/Task1/dataset1/images/900633.jpg,True,180,193,RGB,16665,9a26d2125795a5f3bfae814f1139dc64ee236d9189e8f3ffcfc5c0ebfdf9318b,40740a10fe00076b0f3fc622060a1c0a050cd7ba8cac2bb96e73d376a91d4248,6c60b621638e03b4219f8765d86f45173cd29b2acebf6a4ad70750703708bcc0,100757f0e6e4b7227667307c08b0d1144500380822de8276b159a1fd6cde16cd,16463309091498064845,120.42767295597484,
900634,Lipstick,notebooks/Task1/dataset1/images/900634.jpg,True,154,136,RGB,11707,6a111587db699008492d649618c5e85ed9a09b5ded55f405ac87171126da6e0c,481ca66e5ac0e1f3bf0d75ef93f853f6ca6835c9cf0b49787f1281f936db06a6,2f902c7faeba450bbadfd708d80dcd274aade226659e22da48cd8d6fbebe25bc,1e95daa20bfd0822a0f31748c4ea1827a7b134f1a5df80a6fa45e1bb6c0b3eea,6065251593312965283,59.139467592592595,
900635,Lipstick,notebooks/Task1/dataset1/images/900635.jpg,True,107,81,RGB,6223,1de1e7ec570b75ea7b8a46e8cbde0d1f07ff2ed822c97e8a28c1a42df6db158f,f4d008274ad3957548e5da1be1756b092d3d28356b2e4002b5ac2cc0aba36b61,104466f1dbb3abc9e0876edd2c2b1fad97bdedb8fdf97dbcd89e18348fb369f5,663ed5166d420bf1827f9ca3edb128904039667362f405948cf75fb20646390f,7237745602022553111,135.87275985663084,
900636,Lipstick,notebooks/Task1/dataset1/images/900636.jpg,True,165,199,RGB,18662,c9ce5cef01d78942d146509874e0a4441977280a617c60b20e7a73bad0510791,2afd619ea7b2563857e2bdfc57a01ff55e2335693a8917784a5256d7dd94ee3b,d9e5abd476b8486d80039a5ec244cacf5905595111a686de338829767dac51ff,c3c7a3456d8bed1fb4754ec943363d54a288e10816bacb7fb4d7cd393571ba9b,4834063989876601395,151.76151012891344,
900637,Lipstick,notebooks/Task1/dataset1/images/900637.jpg,True,170,187,RGB,12896,c2d8187f833713d1d0340b916d489a4ee429c696c1a2ad0fb3b0bb4919ee4cd5,bc0413ef8f97fc2c01be9d805f446f202b70a03c4c4c54bc1e2d0a12ca1acda6,7fd2f0c05009f71e39d212c38c01d544637e44513d7054452a4d2df9890af2ea,0c48d1eca52a732fdc7e5b76a5b28606555a6db91c156336f5adc861c8a19540,11785054300261868622,46.413145539906104,
900638,Lipstick,notebooks/Task1/dataset1/images/900638.jpg,True,156,163,RGB,13239,23ab747d30275f517835625b0c3f09329a34507c41cb690b3af754f000b1cea7,31fe5574fc4eb8f9f88fac7c588013dedfe0fcf253829089225415e8d5c3a048,280691900ae46de38a34935169a229737061c6afd7b889e43ec617a88fab15b4,073e108afee493f81459fa29c3ada87a490e95d0951ff80c0516834f718b0a3a,3041084838969487666,115.93059936908517,
900639,Lipstick,notebooks/Task1/dataset1/images/900639.jpg,True,123,180,RGB,9344,6b2bd1fd3652ceb0e3122c6040f25dc40959eb830110a5084884f5a2cda9e36e,00ef64a4b8b65c126b884b4ad0ee2aa531272ffb3d3e8652f3c1341a41ead3af,168f543809f7795d6e35569173ba24e63a8e20a64d8e72dd066efb817afc9ffe,c3a77f160d3679d9824f0559b640d8d76501ea4ddbee947b5f045013f32264f7,8604012594519073279,91.46345514950166,
900640,Lipstick,notebooks/Task1/dataset1/images/900640.jpg,True,27,113,RGB,3109,a592bf0dfd4e0007420e827b49b1b527400fc5526bf9b50a9af303417acb7223,3264448909dc3d42c1c258f26b2843d772662fb11a50f5ab8f8406ede5f6e3bf,508e9e1c785531660f9601c9445a0fa949b0c1d740ae72300f2ecada0e178fb1,a8264d83a8b0ff47954a2972cb026ab2fe4c2f0150ca9bbe99196dde4bed04c1,2956344740873875857,88.02053140096618,
900641,Lipstick,notebooks/Task1/dataset1/images/900641.jpg,True,148,83,RGB,6963,85b80a9abe94ce7554cb7e0c3759443ff930525a5cae3bad67f2e736ae38535e,2b1977ee59959bf0bf5596e075b2d4ef6d6449658196a48cf7b7c7fd2f86e3c0,2d977ef14d04d43808946347f93e5561c384664f3919d34f0af46f9f05218659,ab10b3bb8ad23897a6f784521a91f86a0bc3818dd6f014ff13f196f22a788480,7078170806192622471,23.972343522561864,
900642,Lipstick,notebooks/Task1/dataset1/images/900642.jpg,True,195,98,RGB,8765,96a32d3fe3137d54c14fdbcb52413d3400ba00d253a9deb7ad5864f6597accdf,774ca6776851e9effb3be7653950266e2a53523cd9e21b76650101ac11a7ae8b,af2aee17a5e2fcc0bbf611c02c02d5374c7de28034acc5e275ad11be33ec0229,0b168c7fbae75556b42e174bae5af11d42034bcd97ed7627a8794b089c00d3dc,11298683727625490002,47.195303550973655,
900643,Lipstick,notebooks/Task1/dataset1/images/900643.jpg,True,149,123,RGB,10580,23ddc841572fceb8a45e5831ce4669caa62398f727237aaaa3797ffe513eeb87,313f54219f9322dcb0bbcecc38223a2c881c4dd03aca2bb5bd3237e9c1cedadb,dd883e01bcc2b1d80d10d30bf353f6a4f3747fe9c6446aee583821e64745e178,71fb9dfcdaa71543b325a32ee63099c9a66959db295424a6ccf241945ae265f6,11084310340842765949,186.63456790123456,
900644,Lipstick,notebooks/Task1/dataset1/images/900644.jpg,True,215,107,RGB,13633,f00e7cca65db2f3cba8596e5e9fdc851f7db1ac51e9910a8ba1bfd317e44da5b,33cdeaa15e3bd3073c36eba56e5f30408f79c02e2693185f004b47a50f3b20e9,4ae00ed0d9acb11452865a7162bbd6fe6118b4b6673281f30526c428c03392f8,2aa565db88e1526c91428a5788a63936ace16230e784e193a2bab38f410a518c,16496845429162228723,125.0453125,
900645,Lipstick,notebooks/Task1/dataset1/images/900645.jpg,True,83,161,RGB,6191,aeb64c24e1c74ac863e0ba2dd28f9362d60b584ac4edc1959a860ec5a17f19de,c4c59b89383ee6651ab8e14c33681255124f7cd46ced8d475294df8267c2694e,9666c33422f1c89450b2fef57b1be534d0849bc8fde90e5d1f8416fef4063859,cd90cfc61090a8e17e94587c02bfd5fedfd1b0aeea3b790c9a9ff8823d296251,7816621803111802584,171.4318181818182,
900647,Lipstick,notebooks/Task1/dataset1/images/900647.jpg,True,113,58,RGB,3820,243d858e05856ba7e996e0c363c7c93791d51263f3699ebee740277d700ba98f,e6b29837a76866ca20dab88f3ede509ac031a2f12ff93842c897be5f11a19410,3cf21dd9a1a7e5a5a591a3b28c26b11ab2ca428626182539a4deb62b52404577,a7fe2d259067cf166967c5267e44a1bb224a26ed7cca21613735e66984ede824,5437880066897029553,197.62426035502958,
900648,Lipstick,notebooks/Task1/dataset1/images/900648.jpg,True,201,41,RGB,5170,136121042d49c1037ea6289512aa6820ba0063a661d2f74d5f9ec82a26c874da,f38f12d7ceb090c72927bf3a024ce84496d0e9338b1e80d23b57f322da6e9227,375e3cb30324ac52665a5b5d280702cdfe49266004b14aae046c8f77ebd98d65,c830289df4cf88d45bb5479d8c00b5d32428624bcad9cb92205e5e704d4d0c75,14902066798885385446,45.16458333333333,
900650,Lipstick,notebooks/Task1/dataset1/images/900650.jpg,True,47,150,RGB,5012,881e42ca435f591373b968b33f0706405170c48894862680eeef33ceba2d12eb,8c592d213d0d54266fdb3e6b6e3d47895126a83153eb4e256cf0db2683018aaf,ebc777c891c584a0132d147c935c76ee94a9ed1ac6b9a3658536fcedf315c37d,7cdf7e164ff520749fb051afe231857fbd7bd120d6cc0e8f301181436637d4a8,14398810499935293075,47.523931623931624,
900651,Lipstick,notebooks/Task1/dataset1/images/900651.jpg,True,106,192,RGB,7283,34a1903f3b586f958535d5a7806dbf8e49e84772e59213d174702e3f9390ec65,ab05d8ca32fd828468caada9dcdf2a0dcb2a0da51dfaea96801c8758d77520ef,0bd94bccaf0cf086c58a1ab1ccae659a210a14604dc6082d79bbde1c97184c10,368253ca17660b2d1391238a972f8d4b2c4406ec6c88f9bd952a77668ec1d762,2024733373479468085,153.22353603603602,
900652,Lipstick,notebooks/Task1/dataset1/images/900652.jpg,True,239,91,RGB,11238,6be3aa3c9eb2ad50a275d897dd51705e9e5d1abbb987eb523367c5213b3bf683,28c015074ceb65d67dfa89b37501a6676eb8d9111be31f29b26b74fc7ab0880b,c5f16c5286bc7ef7c562f5231f54cd5c33a1cbbc076c9f105f2304454e082325,8568c99d7f2ddbbc1d44f203bf368788a8885ffa86cbb78dceefd3dcf41efab1,5154144646628330444,175.47052845528455,
900653,Lipstick,notebooks/Task1/dataset1/images/900653.jpg,True,120,56,RGB,3492,333490dc796e0a81bf8e70d1a8390a8d131ad84f5263e488afb4cff1508e58f0,511b91ffea2fd3e89acbea02eadf9b586297f2bf6670b0f53c7ce0677f01e2bc,1cf1bd4b792d183218a435d0ceca810c32d2911e8e1a6907f95d42bdb109e87c,86a56426c8be950dfb722d55b57d8e1d4ed1accfb84c88739cbd65787307b3ab,11045669006822496966,20.600574712643677,
900654,Lipstick,notebooks/Task1/dataset1/images/900654.jpg,True,139,113,RGB,11380,91079cb774525bd5bc9f80245a6f3b70cd7cb26964b8849bb5c7adc941d77673,8c7c2f479abd30917b614900575f3c6ade4e62e644b9af366e83735a6074b03e,d1bba31861108ea8218860df87fb5e7ecf5d2baa4086126901557ce684d32969,c64cba4bff3dc6cde22a7f4b0c62d50b292d2f703c8a76c58fd415c823fdd4d7,15697791223062770069,135.32533333333333,
900655,Lipstick,notebooks/Task1/dataset1/images/900655.jpg,True,192,127,RGB,17846,7819009a277596f7cc13104a14d63337ad6a8952e8fab8e3d750e8352e8ec010,50b4bb0fd9ee11978552b8c38bc079e067cb011713a844d35c29e81a42398b3d,ef9900d1eb2d3350ed6cab15705ffaf35800fae3c445ee580738e5f75a5bdc55,e2f371d6c534bf39441f0ab222e1cd766aa89ee97efd3480e403c8872834d008,8104289224746021801,99.41745531019978,
900656,Lipstick,notebooks/Task1/dataset1/images/900656.jpg,True,71,221,RGB,6654,6b2dce2716598c4a7488f9c70a6519eac622214a2edb5468acb84ea177beae1b,f98211a9cf43634d8b0d31cfd6c0fa336b47c29ff4d490a8d478dceb99b26fa8,51b499814c535c5c68b2edc115859687f57aaca69cb278e70b5234d27b4d7e32,4b5395eb9a52eff2a510a6303b7119d72f569a1074c540af5b10ae809f081a82,449848344619471819,137.31724137931033,
900657,Lipstick,notebooks/Task1/dataset1/images/900657.jpg,True,47,128,RGB,3551,c41f5f7dedbc39dc1a7ae785c25684efcc57e10b4dd12c5e0ceb68b15712b977,7685a39c52fe2a0bad8dd1756099126cda9228a69701b55bb7f44f5c87cb73d3,a0186da0afb3d1d588505cc8ef959ad078a980b4dbd2a895cd3f17765f6196dc,72f76cb39709a30b1bd82b755397be4299dd68f1ba51bb98073e5ea57eca9d7f,17616667690699267447,150.23795761078998,
900658,Lipstick,notebooks/Task1/dataset1/images/900658.jpg,True,105,180,RGB,9682,dfef61644272798bcfa67f15ac48a1c9179075f2e8c1396cefcb4852ba766312,f1611b8b4ed6c61e351997dd2228ac95d4af3d2f12c242e9ddd0459bf6f20ef8,86434ed3c367fe7c822ed429764a2305c6ef01b4f10c986e318cd95552481450,0b5a264d152c9ce12d959c8601f899a1dbf273c1f1c76aa248f727c002e892ff,248018378103274257,151.7926972909305,
900659,Lipstick,notebooks/Task1/dataset1/images/900659.jpg,True,100,104,RGB,4011,4e6c84be29fbdd74a6a1487b376f0f7777d8f4be1524bd2b0d514faea888dfb9,6e0a0a50a6679cf69aae9360b2555dbccd2d2b9b19e1f4d5ae6ef84139e6e85b,6803c9b09cf4f674b6877f965abbdcda3ce55b4ca986a2ca20774d0e50a63cc0,d0a46b55a70533f42ff9bc8a39f6e0f824722a5822b2eb27b55c6e4e25fbd203,6480944166418433128,22.730198019801982,
900660,Lipstick,notebooks/Task1/dataset1/images/900660.jpg,True,134,90,RGB,5300,069fd230c52da5c2cc8fcb84c65ffa8ce9151956e03df1c44bcd7afb8a760cdd,ccb0d9a7350ed2239f48d6e8265a8f6c23d7bc43d0929d390a114cfd0df83417,0a20ab2f5625380f052aaa56b66b8674facf5562b8b3e945d7507ae04915f9de,607931d548d4334ff7384d3a0fe7f06cc8817908d357aa00eaed9132df24914b,13526857415114994057,158.26951951951952,
900661,Lipstick,notebooks/Task1/dataset1/images/900661.jpg,True,172,48,RGB,4255,7cd8898434e75b873aa12db62539cc41fa5604e102c1052b5f1213e6e558851b,239d082f09fe3ff93497decbfa64a8db9c45cdc58d4f3572cb7d051803fb3c91,efcd1c2bba23d27311c2f6d0bf77ff9eb404797f7821395e2bb271164e356f65,af8def05b499490bdfae81645e05a9a353a8bd3fc17f28a91aa779c78559f186,15128286311599559132,164.4678899082569,
900662,Lipstick,notebooks/Task1/dataset1/images/900662.jpg,True,123,135,RGB,11478,efbb9dd520929b48746068ca69a20853274738272ec686ec51843b9d3c5bd06d,7af92b9b1f24595a20844d0400937e62b393b240e66f4aaa743d0526438ea03a,5c5a628d316e90d37ea6590306bd7c3a67db81b1f418a9b33272b4e687a3ed46,5cd5e1da003e5d9a1b805c94901551d5cbfc940e6ae4ff26b389aa487ba5e49c,9904439528928263570,137.11653645833334,
900663,Lipstick,notebooks/Task1/dataset1/images/900663.jpg,True,211,41,RGB,4347,a7968cf7be87f51e31a6800c550450faadb8513367ee41100b50b2b481ae3784,9e18cf6f6e4fcb83c0983f89641c8798bd4e7fbe72c433b20810b12a6d0d1ac7,6ded7cad5d2f625c61460c5478e0a94be1c032c920fbcd1980215ed112bc3d6a,3d001bdb30767a9eec533367d673330ec64e0a330c95d3debf231f98f6813017,13165769894331987126,98.23466666666667,
900664,Lipstick,notebooks/Task1/dataset1/images/900664.jpg,True,155,174,RGB,10399,da4362cea7323077580dd4228bdb446d854fbb5e0a1979ef6d2bb079afab31fd,e879b961d31293221f987c2bcc255f9c7598399cf8f83a84985ea675b997f8b4,962fed3d1a0dfb09b8068a75ad782b09b8c17db3427d04f7227bba4735ba96e6,47fc835ccd1b6b50f544dde643b224d7987d31b5106e70f304bf8da3a8f15a98,11140982931769018409,27.040774719673802,
900665,Lipstick,notebooks/Task1/dataset1/images/900665.jpg,True,37,132,RGB,3689,b4ee09abcb85df095c281928a425ef5e7f3503f0d7fff203daba6a1b305a5d4c,c005b2e0cd4c152cbc1f9039c11c876071ac739563904892b75e2d699a7233ce,3ca563b8c57d114644da8ea8d02c1918bd9862a7900f065c3bcd6e8579f6ad6d,30f8cb6ffed8c7ef8acb6082aefa6b33b07ce0c7bf7ea2b52aed78c55fe38e4d,17573968915349847822,179.7864271457086,
900666,Lipstick,notebooks/Task1/dataset1/images/900666.jpg,True,40,168,RGB,4097,b363a2c6517f89da6487771f199a7102bf2abd6ae32c7eb36076879dfcf0f0e0,cbd1af404df40fbd88a262821196747ca5a8fbeb91ff7ad9e3b47e3ccada2dca,554444ac60c65bcbbe0c83ffd2a65a1c71ce8c6787b6b0157f7ad607a10d6e9d,b0b3ad1fc86f6bd638169afbe36a379ea9b84737a773f01b31aaa3f2fb929f43,658945888259122071,109.10355987055016,
900667,Lipstick,notebooks/Task1/dataset1/images/900667.jpg,True,51,199,RGB,4739,7817384578ad6acc42d0cd8c675142fcf90edb3c2b3b683d97a3da324953832d,751de8919119cbd895c4ecdee1208a6a7628ce5236c5e8fcd3d2ed1146e92873,b18bed37d5f4e0f43adab3b4c8f8013cd0683f9e9bc83610a338b440a53d1d03,791fe6e36530ae1f385a87c13da29499962e94dbc5ac6ab0a2593a7b4be9f037,292485977661325888,65.34139784946237,
900668,Lipstick,notebooks/Task1/dataset1/images/900668.jpg,True,96,120,RGB,6022,a7710d6e000478b3b169649a87ccdac1a86b5396536587ebf01a2f0da0dfc382,afcea5171c5ab2f3770a98611625a2f53bbb72718747aadde23af394cfb2fefe,ae61a179406485ed0dd0ea750b2acbc1df6e0ddb250fe874b79c0f4ac8d2b8ae,6166ae8d6fa0c414e62d8435a2b6bb108f1670606f9c5956ab603e2befae8fd3,15727492726676731191,143.38006230529595,
900670,Lipstick,notebooks/Task1/dataset1/images/900670.jpg,True,120,91,RGB,8104,e6ef4904e34dbeeba79cb6b7ea0791c35e69eef35c78198b3a3df1d3c7198d2b,7d51ace4af1960df30a3c6d70babd552121382c1fba3172f8d3acca5790cc8e6,cdd897ebf8407c2b6a9e1a53176139733329a1c9c07d366e075ec8a56a029556,e67bf0b895ec3ccc980f80fff3b7533bfe1e343cb8dbf8b12f060d1be66d88c2,11356135661222915614,117.0622009569378,
900671,Lipstick,notebooks/Task1/dataset1/images/900671.jpg,True,97,168,RGB,10552,3b728140b205dfa3c8e9309e0e723305adfb1743387477ea950e826a2b9274e6,f489c19776b92a7a8734bef7ea24631f8370cfbe8233497df5ba0106f95747ec,304a7bc699e77c866fcafff5178b9007e00e05e3b15c16056cacc1168214ad64,1fb3126eb7631439eb726ddd94c46b93f19415d741bf90205f372338b789bb7e,7389218814263256438,102.29911280101395,
900672,Lipstick,notebooks/Task1/dataset1/images/900672.jpg,True,114,35,RGB,3325,031f3cd3a371d2fbfda7ee504f6d57b0b5b8b8ce5a73853bff6d9a62c228305d,ef76d21f73a6b8c0ce6236fa8d77049b775a0dd799a12dd3f5c7e1df05243e4d,b12fdd4715ada7454528b580ab883e9c50e79732c6931f2679c4230000fb7782,79436f544a3929800215204ecad1b4bad3913172018ca0d49b6f79b2f5829542,14766568017746976992,46.66439909297052,
900673,Lipstick,notebooks/Task1/dataset1/images/900673.jpg,True,127,148,RGB,8817,b017a32fc193b6e7aa25ecaa5af20c8e3403e7098dc3a10ce9ceddf1a9c248b5,b5a2c90e961f995c1ef11410c61bcc7fcf714a8ab98233a59f0840d6268f7c05,f0b852aa9283ed364f7b884270a402d6791f19849d9230f6053509e01ffa085f,919a83c6ef896e96423060e86e862d11e8d073b87e841ec3356346feb28f2aa6,3472301723271957767,43.243589743589745,
900674,Lipstick,notebooks/Task1/dataset1/images/900674.jpg,True,70,151,RGB,5669,f3b5fc593d9b0281565e8790faef04b574189ec483ec411618e4dfe30f207ec3,cb34bc9074f61574ca12ce71514594a493e272c1f2cbc676d632c508d2ee6414,885359562c216836f754e300420996b980a0915dc8935faba8e174b0f41147fa,da18a168255487e3a43e04e77eb3c1af504eedcaaea112f2970d48328d0e5c3f,11031911688746777544,166.48858447488584,
900675,Lipstick,notebooks/Task1/dataset1/images/900675.jpg,True,112,61,RGB,5207,5288891ebab257f03764ecdb1439b7fb3029b641d9123101e9e98099ea3332aa,c97036439aff7c7b0725cdb162939b56d3602af9533562e6f55024f0188c0114,b8f2295460a5c030c4b13310523c3a850774d56f637fa256499fe6d675a09785,1d2ec848db3ab4279c8fee337f15be73bdcd1fbf19dfc49d222a1a4abb3f737b,11353481862692706990,66.57797270955166,
900676,Lipstick,notebooks/Task1/dataset1/images/900676.jpg,True,212,53,RGB,6172,7d0233f2dce80a8239592aeb0492748c01f1755389dc68178da0fef26da38ba4,c49b1a400393b2b017b80c2331d0d0302b4bf6e3b33717210c7374ca90ff2411,0aa4edf8d709b096b972b1e6bb88c25fc5f93995dd6defeccfb0995a62717c22,75273d3f96fdf81cd196ffad4d3c1f31a4367b19930c717b1ce8389b50be7008,18174691342322073209,131.16286438529784,
900677,Lipstick,notebooks/Task1/dataset1/images/900677.jpg,True,134,97,RGB,8009,8e9bf91251293b101d6e147e99b3406452d09110b81e5d37bdc247bc9e360d82,543c3ec3a09a84c86b3489e4d1ec126e01ac5fc20cc3e0109647de57d3dbf47f,d203016d00c7522b6de0d7e6c3298613078845f2508f1d5d49a2564c3d3cdb24,65d41250b92b78e09ed68e706f5701d9cc93876a683f1954f33daa77e4be667d,13381384845781572198,106.59752547307133,
900678,Lipstick,notebooks/Task1/dataset1/images/900678.jpg,True,47,216,RGB,5829,c3016d76d24001c6642b977760725be98419ae5020bdb6cf665720c28017f0a8,1bedcbe552cf8011aab0d580d22ccd905a442cbdc2822c2140d9b75feb2a25f8,b95e9e5d9a210f3f047871bd5f91765123ca682354e17b2486f9e43e98afae99,b0979784e5a59bb26c72ae32f3745873aa526ccb33624d3339a93ae9c221af4d,11084087198284457510,111.0779054916986,
900679,Lipstick,notebooks/Task1/dataset1/images/900679.jpg,True,79,154,RGB,6357,42392a8f33903a93e41d0254c265e7e1e910a1fe1766b2ba32641aa0df9a4506,714a6eed0c6804a5517e30b41f8cd14a75e081e195a01a1a9e7b6878c5137643,dcf01b64b9b1f2460199cdda986818ff9623fe63a17c5bccaaa7def3d29f0457,d82e12beba2e5ceaafb7f20e4560a917e9443d9faa32161a4da251f0e8d760c2,14007145248191711632,40.27489177489178,
900680,Lipstick,notebooks/Task1/dataset1/images/900680.jpg,True,196,138,RGB,6609,1b8f0d6005962154a62cb3bb948776430a7cebe62bf86f39c49a174cf23d2973,15d21fa5b0a88e93a5dd3d6c8cff00a763bc38d557f07dce49472c8a41d51b9c,82e26cebc5078d2e41c892d39eb5563fde95c576ef18300b3675c892255d6a2c,90653880d6466251fb929ec0fd0739034ab45e89942ab59d8a78ba45c00df764,11569967768922752522,0.5190763052208835,
900681,Lipstick,notebooks/Task1/dataset1/images/900681.jpg,True,157,82,RGB,7681,69ba40ad6e0633c049a21bc0433d76c30b73df21a8e3337fb7e4e6cdf7eeca43,f2a821440f78afd8cf2931c82bfc01955036f0b919bfc146f87de9ca44a94a7e,a1f9b8b84e0030b404a440a92c40aca365afdd6843f5ee594e3bd6199ded9f2f,91cccfc6f3ca273f8f11cef3d2d4b907e6b1657a0bc0b18ea74de82df176d115,14828597989453756015,110.68354430379746,
900682,Lipstick,notebooks/Task1/dataset1/images/900682.jpg,True,89,215,RGB,10906,3c1fa6a02cdbd65c205ea42bef97cbea4a34b42fd6cefaae9e53db2185bc93a4,90457ad25cfda226bbbd0c19e9908ec19c994c59c9e9cdd357cc5fb840f8ecb4,e7e1bf7d15f93255c4bc6d9e9bdaec00f57d79a6222beebbe6831c1c68795a91,33632b441122a3563dd483858fec80f168deae4c2b9a88135d0458897fdefcf3,14162845204398005356,35.73620309050773,
900683,Lipstick,notebooks/Task1/dataset1/images/900683.jpg,True,169,155,RGB,8752,071038d5d9bcf8f8d2278ed702bad1e8df7814bbd9ded2df22cbb051f0ff1a9b,66ba07000b97b52237032fde5cd887aebc54746f8861707932cc7f437bb09279,e60ec8fae2a8bc6d1d22704dca0d913b0a064d149f32766463ea1b0086f5ed9e,14d4a998031e5380a6e1e6b0dd8ca1813e254bb1b98513d67cd1bdd76c6b08cd,12479799112792437864,170.4187370600414,
900684,Lipstick,notebooks/Task1/dataset1/images/900684.jpg,True,155,150,RGB,15700,453e07590fe522c4cc8e8e065dddc2a21f1be9558ad21f587a567dc190bcd85c,4330eea8e4926efe67041bedf0ab76586e16251bf76013c9f56a6d8e53b8596f,45e43743b799a8a63e51eed74cc0bfcff7946d5e1a800ad3b59f884a2221f297,8fa1cce42f2156365753378c3309ec61a58ba7518e8bdad7d2a144e33339c72c,13991334474524969498,120.12431243124313,
900685,Lipstick,notebooks/Task1/dataset1/images/900685.jpg,True,167,166,RGB,12417,e7c91b747340bd4d535057bb4183ef01df775cac5bd42f2f1df735fb6bb7e285,39be95e988bdde6bc737ecadf5b192c5dbcb568386ff45de58b16bd07dddf726,963050f4c6335bc6fc59784d34dc375549ea8e8c4461d29b83917db7b3c47908,ab7ea693142fc0e9e0b0b8c9894cf0ebf7de245b6f92c4b8597fd632f2ccc13e,10866947971692769980,82.88721047331319,
900686,Lipstick,notebooks/Task1/dataset1/images/900686.jpg,True,165,76,RGB,7065,f0db39e2ef6be786942a3ffc5870a7b41dc7a6b3a8e9f68e4bcee685ab906bfb,ec284a849b97ca6e7249bfdd23123be9503e8e28c06780ca8e868dd60d76d8a7,f18c37f3cc14b2395ac31f97fae966ff6054db009dbc6225a42af917bdf5d11d,7a0e379d78e69f22e0bb5ac7e95600794caccad57a019b214e6948b400cb8ac5,14133445276570781394,28.96373779637378,
900687,Lipstick,notebooks/Task1/dataset1/images/900687.jpg,True,208,126,RGB,11916,306e309a646019e17e957e649508ec6030d01882b320a4efa0ec797d0f826fc5,4da5ba4c5afdefce1a9e2dae0fe09c1e37699f8f9a20abf49cdeea526b9ee6dd,f3efdfd318913b04bc0c0bf18dbbff6cc1d7f71dcde7557336d1df153071e7be,b659bd5d15eb11851c44fc0195475206167ca161fc1a17c312870bc7e3705ff3,11513367341763598876,77.12901606425703,
900688,Lipstick,notebooks/Task1/dataset1/images/900688.jpg,True,169,182,RGB,14143,2eda041d4dd1a9f67679513b8ddf630c93a388d9deec21a9d46731761f2c1944,863efa3cbb6b11a59b494650c302447d94ebf97cb5dc9d00e58297aa7ae06e96,08b42b9481fbb2bc87df7fd8b10e645f195fe42c39e71f1dbf9f53726d937196,cb1c0b0db89001a21c218a9639193cc0dd966bf8404ef6ee4ffb11511422f459,4652386433167371450,43.989016236867236,
900689,Lipstick,notebooks/Task1/dataset1/images/900689.jpg,True,49,198,RGB,4857,a567c3beb51f448818111d20af095536815ea88bdfd389fe327547519540354e,0dc524daa25c101e994b158004678fd2fabefee0027b0997073a6c1d94da2808,76799cc94d1c331e5840e76e971980ca78475dfd9b036931399d3b8965c4483f,69e452eceafcc3559c0546146b9e40ce65dfeb9e20aa8a89b07487721d68c0fd,1125791112085185851,175.07142857142858,
900690,Lipstick,notebooks/Task1/dataset1/images/900690.jpg,True,85,129,RGB,7386,74f0af238a49b830cf11aac255cd10ff97897d4696c32a98b9e1d455351b78d3,b278113445f6e78251d808eec5e5944496c3722ccc34982c7a4bbc8ab6887e0a,95bc412ecfccc4791fe3457a3fb9f3b66cd1303b31cdb246245dca6a5e4a78c5,3e1a23d3e73279073ef04fd153f56ca29a1c7e1f03ae590361915537e794e64f,16400219980608792956,150.18553459119497,
900691,Lipstick,notebooks/Task1/dataset1/images/900691.jpg,True,158,97,RGB,5602,fab1208df432fa1a8cefc10fd62983dd4d17fc90d6239f47aac18022ee55748e,14384af101bba16b81596cc06cc3285db1b2e93f63038cfa4efd9e0e556c8028,1ce9f24184eb7c071b05e3e481c7aa0cb45577205ba003fe333312866a9d0d8c,38fcf0547cb83e255272a389692c904c2199ca3881179d0b0ef8f5fd4b67a532,15627167710271653273,11.237154150197629,
900692,Lipstick,notebooks/Task1/dataset1/images/900692.jpg,True,148,176,RGB,13685,ea302b5c6bbcb7c70d8e56321df7ea1dc3bd5dd1f1f95f453bbb50802fb774cd,c9905054dce0a7e26b2ea72189736240c17ff66c198d570b77546b4c3f133318,d6c063c22f7e2aa1b568d508c0a084ac46832f605ce52843554b3fa579d601ac,61de9f0c97a5378271aaf8edc2c52427432fc171b6e56ea67419978b01fd0d5d,15306850740871836771,107.02536231884058,
900693,Lipstick,notebooks/Task1/dataset1/images/900693.jpg,True,74,226,RGB,9571,dee5d755db7c9dfe2ea92d915e7c8b63e899ec975f7b1c14be5f5f15b5122b04,53e73c74302902ffd3f0b3c5390e85f9173fe5791b1b46f593e140be81446ed5,4cdc1e980062b98a83dba410da4fdd63a10bbc30954b62088f48e4c3bd3f2e9e,411f19c4be8441341f99b96153078b7f4a11765540b52d50c4d7c4d7e35221d5,3403906854647465871,79.42393736017897,
900694,Lipstick,notebooks/Task1/dataset1/images/900694.jpg,True,106,126,RGB,8386,92fd599892dc9ff13a6894239294b9010f599d3eb25bf3398cbcb9f3e0329417,0e3c4a3f24073b3b75cc1863f0dd05a93facf8c90cdc5204007d2359391fce38,5216042b6fe571f1db8f2b6fb26bc2eb70462eca31b3057583f92833ceec8220,95e9f77de04eaa1582a7581486cdbe9edf05ad05e0226424aa25a14bfe4d0b4a,14873625530823308219,136.37173913043478,
900695,Lipstick,notebooks/Task1/dataset1/images/900695.jpg,True,121,194,RGB,16600,5552a316c7c57dd977bb5edddda36bc7d7864d21491d8083d19a42039851f372,a446ad1ca0c2f76abc497145e3cf04171cd0a827abadd59db5bae4d3a0eb465c,f1331de567306fb5899b77a7b1be0910accdb0fec41bd4c0eceb2cb7d91abd26,c83777cda5d50f66a7ec875334dfa268f2bdba610234846b1c85805b17be5b63,7977090556232815542,58.67305644302449,
900696,Lipstick,notebooks/Task1/dataset1/images/900696.jpg,True,107,77,RGB,4427,ad340d6040bf75ba214c942c5c12011c2249c637a06e741e1c836d79da43eef3,e1bc48aceeebf5b20bcbb01657b7b7e265c20319e45dcaed84534b644689df92,c2526b4a61f368db5e768f85ab4e0144dd3757dccd231437bda864f620bf0d91,1cba9c549a37fd84a09ccf74e4a2000faf4d14a28c4fca55af3e052b0a9b69f6,13017187118817733531,65.46794871794872,
900697,Lipstick,notebooks/Task1/dataset1/images/900697.jpg,True,135,161,RGB,11527,7d5a39ffac88a62c0eb631667c4de188ee075f9ac7274d510bb009b2abbe116b,6c3d7d6f8faa8623f63ce57a2343f0f6b4f15f9f6a93285392274bef19f6daf9,5dc7ef2c6aac53264316eabc3581bfbf8132cf8fa86fa2bd4cb7dd231dc0a5e2,f8aa52fa53c3edf81b50606ef7b64ecf8d709fa2befa5e21db55c63f7d74464d,13202635801564360994,127.4359410430839,
900698,Lipstick,notebooks/Task1/dataset1/images/900698.jpg,True,39,166,RGB,4710,dfcf8374857f5229cc026f4e7db676726ba07e35851df1aadc811ba324822fc6,2e68baaa144632fb5f405a6efa212f21a8ede80e05fbe3934e7882205eb5639d,e5486c1d174f3e71e63c56c5fdeb3bdd743b8775562487eceeca0bd957b43fb8,554cbea9872091ae4db450dfed30c44d8a6f6a8565f42592772b766ec4d661e6,9222055709080364337,116.19293924466338,
900699,Lipstick,notebooks/Task1/dataset1/images/900699.jpg,True,154,186,RGB,9436,2beb5e392a0dabeb1048ce35f4b2ee9df950b75d730e2e51cbeaecb8bd5bcc17,cb0138f1cef32c6e4bc2770594ed3f9c1e5f78e2d9b23450e0887661ef7d21df,83df8da5bce1fe8f33445a671c6a178a3ca9a3046939057a64b35e7e2c115b05,e565cd67989f74dbb0b8e82a883e839dab7103a2181acf45fdbe9827d7159b95,12144176747135818511,28.95414201183432,
900700,Lipstick,notebooks/Task1/dataset1/images/900700.jpg,True,124,128,RGB,10953,92bb0fc482bc3231ba193a9dccacd5fa4efd4f6e7e38c40818644fefe9e988db,0fba69dcbbc5082ab1adef53c2be9afbbddfef24238d7fc11f6e151bf19be046,26ec71d58fbc1db658c5be4c7580211986a4f955f8f59904c91eb153f08ec658,8839bf57c0d3f4c155dc5a53104c7ccbed2bc2db68d9c0c7e6cf91a069fb4e6a,3688792850871597348,171.47533333333334,
900701,Lipstick,notebooks/Task1/dataset1/images/900701.jpg,True,39,142,RGB,3570,259deed4995e64aa8f1a60974b512b4b28dd569d5bebe057ccfee6c5fd7c909b,8a3f9340a0523d21e90e9dd8ee7f4ebf138b79d79ed756cef93b0ea89a3377ea,35ddcdda1c94b181f097389367f35025c0996464b93da6971585f24a9860e76f,315bdf6031cf9f464013a41b13398d18c7d3290ef3633446db5b104f6b7bce8b,14193427545976153919,183.6610800744879,
900702,Lipstick,notebooks/Task1/dataset1/images/900702.jpg,True,186,78,RGB,4216,da9aba617f8dfd99da782687524a9b8234897369aa5a620425735630621afad5,ff68fffe26ee3cdab9d22cba147c0521bd8b1ff26a98cc5aa4cf74780ac20ef2,4815583533e18ef9c9c9731db2c8746a299ff7c9df3e4a4bc1626f1e064a6a30,984db8680fb5def7a62be2fe9d4bef521f43fc96a0383b6f70eec07030002d77,10692797000661609998,33.93638676844784,
900703,Lipstick,notebooks/Task1/dataset1/images/900703.jpg,True,166,58,RGB,5989,79e140f36d316dc0d5a20a2bec47367d21e6b7eb870975034ca019bbab5b263a,f617b03997892f1728555ad84e53197792ba27e2057e4722b37a6d2b2e2b4a5d,8b6ab886c0aa04c7e6ed5a525838aa303eafd024943345f5df79fcf459b456a8,fbce343c0504dc13a2d367359a71e086b1bed070010447d6ead2ff5ad41d9a9a,9491510811739549918,68.63663663663664,
900704,Lipstick,notebooks/Task1/dataset1/images/900704.jpg,True,77,197,RGB,5397,69265f40b0a538a1d667b48878859747000cb50ace513c44b9683f48e41956ee,3515df6f1b024dfa031e307b9b6e54476f0a7aa1d9b94e5c5c1422242a819efe,8ea8005f915cd87e4d842b63f80eb2dbeab1bdfb20e9243010cc96ce6d064976,82e687def0cac9a2a3f29b3e8c8531ef25205f594622d2b2fe929c9f9bc99678,6664408774094275268,2.449142156862745,
900705,Lipstick,notebooks/Task1/dataset1/images/900705.jpg,True,36,134,RGB,3626,8208311b8a92b98d9f85a4c3183b54d0a3155f3b8895cbaa8bda6ebc0774e49f,709817842e76b79f76bb3fb22d693645680fd177e4e2d9641bb80570604af35b,e094eb45bdd47318da2ba588a7389ee757aaa9b3d8eadfce70c612252e4a4bef,386874be4eeffd63ac303605442af32209361a5641fcdf0f5da66b386e5ce491,5281335977614191410,131.5952380952381,
900706,Lipstick,notebooks/Task1/dataset1/images/900706.jpg,True,96,166,RGB,8219,94e149564c5e935b13baf255a391fc478b85f83044367e26e32342a1236d1460,850eb02b30c8df5bfab9469418a21f0f305352798e13774c6764b69abb04a232,7b95f889399fe4e191d35aac1d929585ad8254036da983b906cbf1dd083c88a7,235033fb3b87b801fc702b642a72766c8e65cb793963f317fea9c0c9a45b0989,2968278117145584467,95.02948717948718,
900707,Lipstick,notebooks/Task1/dataset1/images/900707.jpg,True,53,153,RGB,5968,acea4bbd9333b43ec3e0c208c91a7f3bc3dcbdeb33e422e9f3f3d6435b69a97f,c650ab2c774599844755c1c34c722c686bc31a888676718d8fd9069f9a541aa9,cd2a40a3a57733b18d26dec23a31c52edf140f8d56c2d738789e4413ec6aeebf,826b4df46f5df4a96019e1e1c6cffc0c15eb86257914292c33fb4833ec9aa2b2,4511015613242771865,95.69771241830065,
900708,Lipstick,notebooks/Task1/dataset1/images/900708.jpg,True,134,97,RGB,5857,b78a74b826cbc348e8344d8a98e3e6805443a5bd019c08b603c125fa6afd80a1,986f279c6670d61ae4ddaa852d49bde29f935facdb9a0426dd75decfd956820e,320e51f5da84d8ab8cbe6ad230f37dc5c0f69029705a93a6d9687a753f29bee5,8d7665331ff105c2ffc5823977d31483d880f40b8a9e780effb35f71a553ebc7,15454578470129561696,104.25109170305677,
900709,Lipstick,notebooks/Task1/dataset1/images/900709.jpg,True,156,121,RGB,11406,78c20436b88caef9672630d8eb37131ac320601584da95ef559bd15609d4c5ac,501891d375e11ce73a9af8d33f4a9fc87a7e1488bb938f9349f3c02f18caa0d4,0c1645a49766f451c80a983f8ed3aecdc919b57b2865dd7206e7b18063461413,9747d6602e4c3e6e5addc115a5644b3b8ac7341ec52826217492b2ad4088a80b,11285204384446676335,112.60181818181819,
900710,Lipstick,notebooks/Task1/dataset1/images/900710.jpg,True,111,92,RGB,5795,0ab8bbee1d4c1aa916df7cc9ba47eaf1586b967e2d22150db0aac53410a4a5c9,988e9f78c3f6cd176fda3260030efc7dfd7eb066b4730c580a8d6d00ae764d84,3e83efc6c23a1a417e0b71768d687a00b3e6339c2e80051fe4fad01bf6370c09,01800bb8779879028c7b6850099e6791c0c8cd563bf082a031ccfde3eda4d616,11419640384179073903,82.53233830845771,
900711,Lipstick,notebooks/Task1/dataset1/images/900711.jpg,True,132,167,RGB,8467,cb8cc521f06f8d28e527441a866b345d6bb337733cff33c7df0cac91fbbd340a,d1c52f39e02bc3785cc13bebf8f65ad5cbca2016732887819daff071d38c3df3,32134d6d13282269de3ef31fdbc6bb88480f5a4f29378357b99f75790dc89e9e,9aabcb6dd167d952d208520efbc017b8f014f1bc9c8f2bc694039bce0e97e5c3,5461670503231549034,17.421997755331088,
900712,Lipstick,notebooks/Task1/dataset1/images/900712.jpg,True,134,252,RGB,14127,9b2a5ea44b027dcd17ddabb642973432e58fb0f5e363269793cf8fea885c019d,e3f2dc58726d7196cf14adad5005f20dd764a6fc3491d4f5d30c2d5b7ad2f632,56ff2beddad6931e2f0f3842b49027ef00f3accbad02824c6101c832e924c72c,f42789b18eab1cd5eed4475d27e18af209ba69340d62eb3e7ca192f15dcd2c9d,7900951371941571084,35.404513888888886,
900713,Lipstick,notebooks/Task1/dataset1/images/900713.jpg,True,83,161,RGB,7696,bafd4b6592478224a88ce7cba7f4a2fea5cef21c82bbfec036ecee03abd0d8e8,03ec193df70e79d8c953612d7de506b879c565e2f2c4310ee220ad70b2b8a294,b31e476778673fddaf8a7ffc4d8f6af5b880b8b6add1c192a599b04351138c92,9e109fe6b18fae6080e73554c3243de40d36a3ce7fd6f903bfa0dfe35d9d3042,11388837162692582275,92.09986225895317,
900714,Lipstick,notebooks/Task1/dataset1/images/900714.jpg,True,108,195,RGB,10690,cfc2aed3a5b7544d09b4d1bed00b99417e347a98322e3386ebfb04e5e65ccd32,0dcd69fd8285745300b4b5ef1a8fb22c4b5f8d532378e91ba27b2bd3c681a9a1,5ab78985b7649e58c513b3a5476e3ac0ab6060dba3b633a8fccd61ffb1cd93b1,0960a1adcb010102303c661c56cebc6faff76ab642fa8440627873ba7ba148ce,16513934876514720466,174.6533776301218,
900715,Lipstick,notebooks/Task1/dataset1/images/900715.jpg,True,125,119,RGB,7750,6175dd51521d6ec33bcd4b9f280197ad16d77f52ba634a4add91ede3752945c9,0695c10a92358c170d0bc3df5c1f25c53d34ce9c662a7dd59a8884cdda30edef,d762307139f5198f1ff20a3904e11ed3388d24fc25e5b3aa2220ef96bfbef3ad,6102c1c0cf4bc2b2b1870fa23dab1646ad497333ee9f0a2e9af9e7d2833fdd76,14716664122806340964,161.9896694214876,
900716,Lipstick,notebooks/Task1/dataset1/images/900716.jpg,True,75,118,RGB,4986,34873704d44544bcad25a26dbefc45fef9a55ad1e7faeb890a0f7e371040a30c,1a26eabca8c4fca60b617db2913c490d6374132243b5953328122407fc7d1356,c6f789f8b06c2d3e951b7389d1ab6cd45ad669e1cc98a9113ee7293b78abfc2e,470c3ca4268333190acf76378e005d59d39a03382ad36cb99ce824c98862a3d2,13950759452999368006,123.95375218150087,
900717,Lipstick,notebooks/Task1/dataset1/images/900717.jpg,True,151,93,RGB,10529,f85feab6d99582d159f1946b8cc3c41f349be4fb0135761fde10a32db8a3f32a,3dd8e70a0951c7394a4ec8dba3ac30be50efabb0a42ba404d0dfcbab35136611,17bef48e1e2894d3639aa13bf4e01c246dc29868befbc4532ddd7fbf519ba2ab,3224e261e67c3162851daa36000a98aa2070c348beac2360aa6c2f931d213a5a,11054428661115611544,79.90082644628099,
900718,Lipstick,notebooks/Task1/dataset1/images/900718.jpg,True,105,45,RGB,3614,e04a5d431608bc1e41d7ac19ec34639d7984c02b7c89ee15466077d171fe14c6,2b4b76140f7af93f30077479c8c3ef5d96eef7ed41b84d17a640becdb6ba7758,d124e60ead571874933f3cadfc3a8e6e9aa891aab1fb6062830cab04f6aaad6f,6a98724a0996cc5ba1f43f824c12c50d53f069a8eceb8ce78a8c54a7fa1b4fb1,7161677498942237772,112.38851351351352,
900719,Lipstick,notebooks/Task1/dataset1/images/900719.jpg,True,60,128,RGB,4966,a08664c01f8cc7d20c62ab10a4b42b54ad2873fce460c4e415d8b3cd425fc7e8,f0972eae84126d651c513a1ed1106bc345d25714a7aa0b73bfa1f0920d12ac43,4100ff1db6c3287cab29b72faad5ca8a8de3fd583add9fc47ee077e936f061b2,c6291dd96834f7c0beb36fc769f3445d5b51ae1e7320a8148223871d788ea97e,5280896740065938956,168.88082437275986,
900720,Lipstick,notebooks/Task1/dataset1/images/900720.jpg,True,204,74,RGB,10294,fc954012ea3aa020818bdfc5a8d9626bc1f86529d7ef84d09b90cd42534b405f,e598b38d90aeeef83a1894d8c3034f552bba8c0b450486dcafb340a0d1e9882b,a3c47901006db3e91f4f5c54f3ad49175a711ba7189160e6ab3abba5be221e2c,e0df6c1bf7fae60218bae7cbad9c9e657c9c7eb8933ce769174b950db4fb5fb5,3609244442633495746,86.34963768115942,
900721,Lipstick,notebooks/Task1/dataset1/images/900721.jpg,True,75,135,RGB,7145,3716f6ceb83dbd316baa647e873fce9104d7529879603e559c08dcedbf69c5b1,db1a6b707d40efc4f4e4d2b6b7be127c0af3634a7eb11f731fff8391c431c269,d19ea539673546cc2f4dd48ffc2e09c86f0e7af605c5c071eb465b06080befe2,cfe4afb5f37bbbf82fc0eb140c96a3c8da74933bb9368004a2bfb6083487842a,8031802531768574787,129.83653846153845,
900722,Lipstick,notebooks/Task1/dataset1/images/900722.jpg,True,219,105,RGB,10782,20d1955d70e1d90de74c63961f1cc667938ecab7e8de94ac0899084276a1dee1,b498bf5f736c6f754e1b1e25f8e37fa80e080b6d56a23fc3c25d52659d823341,3d13eb00d0088b34aa6cf3c5492b0a3a895914c537b49dd47df908f32ec08b60,9c2298ce083ce69ecc342f701f62fbc1faf7f403723ced0efddf292ca568cf6a,18221873578849562087,142.78053830227742,
900723,Lipstick,notebooks/Task1/dataset1/images/900723.jpg,True,122,68,RGB,5732,4fc4991fd188a8fe6656283be934cfbf2cf500b508fdfcbc2459b1ea83edcde6,3ee9b92729e1f6a4bdf292a54087c320bb23e1fefee5f6eca675f2606e1dec40,dfc18c87b7928397a6a5cea5eb685210fa534d5ee071c9691053d0a8006b97a1,d17407b95b2f7ab91a51b4be0bded54b0c6fe9a4bf75700b7a07bff1d20c61a1,8227684901132737434,98.42198581560284,
900724,Lipstick,notebooks/Task1/dataset1/images/900724.jpg,True,225,149,RGB,15312,66fcaafd2245298d65896c26f6a12a112178b4b29dfa646b355392208f565a2a,c6a198330ab694b87bbec81d209f4b61843d650a76481a4ec7ef7cf6c6ab6081,952b9ae7d37f4811ee0b48ead37f00a170530123c760853c5591b3789394f469,20bc1473a52fa6c0576a59d2cd6ed7d8f0e123392c828f388de55b03e12152a7,16205330100241714694,51.189516129032256,
900725,Lipstick,notebooks/Task1/dataset1/images/900725.jpg,True,122,164,RGB,10886,a381cd3637ee8ce3ed099b47bc19e8a934b5732341b860cef32d6542e04673ba,795d9c6974a48d050e71a84a3f44b897624ab5bc13cf7dfb2ed02844c70dbc8e,a6b9e0be2fba8f7bc8ebb7236f2b3e6be70321c63648da826616b22ba151da31,1e4cbb8ab31bb3b24d88e1a9d2ec3faf1b74cd52f31ce2281440b978cd408f44,15358460108332282627,90.25469483568075,
900726,Lipstick,notebooks/Task1/dataset1/images/900726.jpg,True,66,200,RGB,7507,19520dd823d170f0c89dee9567362a1ec68649f630fe921abfb6775dfb176bf3,191ce01e64907d644000bc6b5d10d65fb057d0cb230a88733d672928809381f4,629751d8186c281b0f0c051028727bca972a592117066df06c5d628c3360d556,907cb10c02dc1b7e37bf64bb30528c27cf11572d428927e9ddf0764047ceeca6,866404765708686137,164.19065656565655,
900727,Lipstick,notebooks/Task1/dataset1/images/900727.jpg,True,156,121,RGB,10882,d38694facd7c6ff99e2c13ce6009cd835d3eb09af651fcdc645c24b95d864af2,eef8d2eec5083424cf6a7b0bac2c4ea463b6a44df25391c760723f7a10805e05,c40eb4c1d3ef85520107ed4a87b8d233ea9fac2bbba7408c848f48aa7312a117,6457efedd47e3cb347ab635cbc4bae84adf6d3daddf936f75117803fb0d9ba5f,7653366316373632461,186.48181818181817,
900728,Lipstick,notebooks/Task1/dataset1/images/900728.jpg,True,100,134,RGB,6441,6e7ba4d8840e3135c309c39daa0aa520cc1b852bc70b77337466bdac786e0441,1362a7c266277414f65b5c817bf850d51e4b7f058729a1ec4b682a002fe6b6af,432462c3f939b320e5b2fecaf127deb7cd3c49ee147c4798b122061ad8c4893d,e02a299fcf3597275fbc8caf978113d7952743558ff7c28f42f5ab4ad8e337bb,14949767810554263524,152.27514367816093,
900729,Lipstick,notebooks/Task1/dataset1/images/900729.jpg,True,270,109,RGB,15900,26d0fbe2e02db0eca0c637c1123df27ea2f4c9cf6671d860e9bf3c6a35689ace,264ee5477eb6de3c69c29575b9e192f247cf0d816f8682deb5930cd5c66760a8,d7215533ef2a88dd3403cfab46447eb2321b40f6fb98f871c0b515aa574df87f,2b8570e1e61c93c61fd8e2d28f4adee2c3f84d9753e0f280ce892b74dc4d3bba,1836972051879631982,102.16136162687887,
900730,Lipstick,notebooks/Task1/dataset1/images/900730.jpg,True,221,63,RGB,6502,ddbc4d859098f821aee35ceabe9785e21ac93823ec7014a6422959332f044509,f1b8f06151f7b5a767a3d4e72961a08e4999b90550e0c5b13cbee1d768cb40b0,d51ec9f8edba38501e92010a666b00a0a3b0addaf3a940be55ab1d417b6ac9c1,f22e3da814923cf901d551bf01d1d3000808a7e793dc52756cf7b0f9595e5504,11686894016652128611,72.68557919621749,
900731,Lipstick,notebooks/Task1/dataset1/images/900731.jpg,True,191,113,RGB,8883,e0c8d720f3b340e83b5ee7d4a901b90acaf9d459d33fe5ed2696f75b9810740d,87a37fef55e5ac43ac519a1210e044d5cde766cc282e160b05d6c95f3d7abdad,28925ebdda8c3e846f9d94af3474e783dcdd8938230cdf862a88d3106e7580ed,010630e2a1226f736ffb27e55afb513b8bed4b9b6f67785be66ab68fb802d87f,5270274844215418297,161.86147902869757,
900732,Lipstick,notebooks/Task1/dataset1/images/900732.jpg,True,169,121,RGB,5742,0c590ccbd2ff4f25f4c4d1688ac525fb619946b25582145b927315c44c83090b,c94a5067035b87d27dcfd6d9d2f3422fbfb6e4ca06f681e1672cd4ef5a029775,e584d81db43bef2d46a16edd407fcdaa7d6fccdb1de1d91e9878465d63b9fe79,2a639ac449f577706e61447ad67bfaa0be0ce697aa195f7b430b25bc4ec55bbe,13606472389128919216,107.94502314814815,
900733,Lipstick,notebooks/Task1/dataset1/images/900733.jpg,True,225,94,RGB,11163,142d3ff6b02e5fe59d18658729f9dc4a3557eb4df17de9425e6ff30b010ca9ac,1f1a01d292496c8fc24debf1631e835bd8e6a6487bf630522419cf06dcbf3ad2,e6cb9259e9209e87455af0bbe47337b12b486a5408175756aeaec87c96cbd8cf,b20ecd15fb33d5276c6362d559ab9ac4f6eb6290b2d97343721b921e63050586,3742846574454594999,185.108832807571,
900734,Lipstick,notebooks/Task1/dataset1/images/900734.jpg,True,162,148,RGB,17454,82da1958b11326fe989addc5530f33342968d5a8e33ab23cc6c22c3a4b08c3e1,894f16162a3bfdd9e5184238806aef59d2dc5bc6a2e3873f6a66d774feed72cf,226179cbac807c07a6151efb36784b1919eee9e98583e2ed8cee9b136fc7a791,e0b96c09604034ba2d8c94b999478f4d97b54af633ac001a782991ac0cf50eaf,18371712590387191046,105.58928571428571,
900735,Lipstick,notebooks/Task1/dataset1/images/900735.jpg,True,53,45,RGB,2165,9eaed89788ce71d991ff7af749c037faca05659e6af10d1e52a50f7946121c6a,410c8974a4229b2e861714382ef2e7fa1db588f7e08353544c6a4f480727a06d,e9a8c41aab911f7f20be36fc85988e8048b1aad665c54c46e67e4e5531519637,a79ca8ff0d62af01aa47c85238bee7b71d88a82167fc5959d2ff0392c40c7303,2494574945575145102,135.56076388888889,
900736,Lipstick,notebooks/Task1/dataset1/images/900736.jpg,True,162,232,RGB,25374,b7b854cdb2ea795512f5272f80aff8e13399a2e8aa2014880973c5587dfabf6f,2eea06ab11bc82e3dbaf69fa46522b5df65aedefd8f3ef1ce5bf1a65c8fdc60f,89a8981d09a0a78ebd091121fb70216a143d12898463f3e02c5f4d9056b6c902,7459de306de860693b507395a1abecc3d6d7b0fff98e42bc406c8e6fc994676b,2721165986382521543,88.61139455782313,
900737,Lipstick,notebooks/Task1/dataset1/images/900737.jpg,True,105,132,RGB,9813,818d0afb83a48e1a3ee9aa16095ecf52e1a1d7ae145d046d805143a694ba2551,085a59491360643bd2706534ffdf2fcae390dad9fb3b18c7c04147398ea7f505,def8774e55491962f98f75e83793a9b723cd0880c6750b03c9b36876a8917a9d,62fe2d9ada31d05a0ec4ee01b0e9fdd64534845dd53c1f671386b3a658a5249f,5361882378036298643,160.05460992907803,
900738,Lipstick,notebooks/Task1/dataset1/images/900738.jpg,True,98,107,RGB,6274,be34886b578ca74e359fd671042e9e7bc28fff5301f5541415d3ce6235ff7b24,21ce349c76a5ca12df0b1e3c07c1c2525deaf49f3e564e15292e0e5498aceb87,4cfef9e5862ee44374f1299840a62e0a8f0fb92768ed492b8833817eed2f731e,f669a531b0ca8045c91000ad4346e5d6436b099d92dc5d0b01791b2c3c51e5e8,5300804994600258254,103.19704433497537,
900739,Lipstick,notebooks/Task1/dataset1/images/900739.jpg,True,155,112,RGB,7839,643643d03382e2e1d46bb5cd4170d8159b4eac6b91414708d78f5b5446e86b75,85f8f64c081d96fafcaf0ba504e515816ad65374c90e4c449cfc7dcc8af9cfd1,ab492a4a2c9c027651e6aa1b5f66c8f3e328c971e10c68b01be24055093d64ca,74ec0d77dbdcab7325f3a5897071a72be651f0bb3078c093a67eb2a9c0d9115b,2751203692547236761,168.48050314465408,
900740,Lipstick,notebooks/Task1/dataset1/images/900740.jpg,True,199,141,RGB,9014,92521f5f0459c5b5fcdcc1685c89d307d9b85731c752c2cbfcf97c33dd72a749,e77593779aa991509d049af58572f441d404f8b291a369da0943cbf531bd1ac7,d8a18b0b95503450e9cc1b48eada71f4b5b2052ef5d309eb791698d3a9068991,c65790de2ddb741916301dd3e39671369297aa2a59f63a6054a7d5a15ed1e492,8608413120913994209,161.7879684418146,
900742,Lipstick,notebooks/Task1/dataset1/images/900742.jpg,True,99,148,RGB,9609,5b489a1478413262817a7eb86cb4fc860d1cde45f2267e87b369db25af732204,b5260f7be3bcd7f4f474625804f1ba9fca13e5e8a00e07870af556d387a581a8,5d1819379f8e54fc4e1c0866e72e899b015deca31417e325d3483449a98622de,322d8db9d16caebec09c051506b0dd880d7750ea3971154007dad96269c37ccb,18150038278866941546,147.47551020408164,
900743,Lipstick,notebooks/Task1/dataset1/images/900743.jpg,True,193,107,RGB,8900,c9cdd39b0eca97cf4cb2e9d03ff834676fc64a1c0e807713aed47baaeff52efb,25b17869f81aca3a7714749599c6b769cc46bcfea81eca05ac635e959098b49f,8a7ac507c44b6d9312e666811e03dc2eb03e38153717749888d8df5aaac56a24,dde1fec55f6315710181de959ef5f0f4463a08c389794f14d130b317da365bbd,8249592005881010210,63.72539149888143,
900744,Lipstick,notebooks/Task1/dataset1/images/900744.jpg,True,123,79,RGB,5006,b76d4012d2106cd2247945d9d7a3e3f8ee92dbb5cbea0c0dbd541485b05ef3a9,007497a717183c41a0c2257fd4984bb4606e33093bc31c0980fc0e1923aed001,cb21516a7ebe85000156ba155d33c6167dce8c1a0f44b5da657ed148f34d0e42,ee01042bf44a58af2c566a895bd5fd76d5b3258597433416fb412a5996927e72,7588885637329728098,162.2475,
900745,Lipstick,notebooks/Task1/dataset1/images/900745.jpg,True,187,70,RGB,6887,2592c683334b7dc6e9fc1761db5b194d2fc994477097474114ca70a3c54c764a,40b9709a14fd6f50fa8caad74bfca95b1c7e38ec1a6624a73312d01c7ed88336,1f88787e79ec1bd532ef3a82a9eb8da7d3405890de460708bfaef87ebc2cb380,79e00d164f9557f5e77f2b308ea163fda3a47e6fef17b05903c1ef5538272e90,11213759894901362182,83.06535947712419,
900746,Lipstick,notebooks/Task1/dataset1/images/900746.jpg,True,216,74,RGB,7486,b1300398925cb5b7989d21d1bd71144bb8000903f54fb3b0ca62b1964e45eb38,8b15e8693e2b8f6ae9c15f24570cd5225baaa53af6e92c9139400ebf89b82a7c,4f110f1a99de93a2c57af6962d284a9e33b08a072667c949bdca36a595d0386e,bf215037e5c7dcd78b26ffc3661522948cca5eb93b87d578460cff840aa635aa,9592952054759964932,136.3153935185185,
900747,Lipstick,notebooks/Task1/dataset1/images/900747.jpg,True,127,234,RGB,12482,1f3ed7c92874d1d2bd4c4b9b33de74336c4b2a24ef391d35c63e85f0bfb3cf67,91180af358b74dad7d9b7834c8a085f309d58d988d918236f91abfced6f3e377,ea3ca0c0c682741485c0ac41d1a99d8592efee4184ba9a45ccb9fd906a4acae2,23118fed6a28f58866cb73f982c970e2649d88f66107f81bade43ae7a2e5fa05,7739228216876372643,53.85654596100279,
900748,Lipstick,notebooks/Task1/dataset1/images/900748.jpg,True,199,103,RGB,12642,956057c66e391b38f9f400db58241604cf190c5ed41e801cf01a8295545d88bc,a9bb150c7994ebef4416051738bb9f171dc82f7227634c95b6becb411c7e6ff8,27c6ee3fbf15cd0890e0a2cc2603475fae523a92d6d6dc4256be2a1a664b5bd2,1f54ec91fd5c259118ebc8f8c2a4b205807d12a302db4a38b24196dade23e65b,8156411885742289494,149.40666666666667,
900749,Lipstick,notebooks/Task1/dataset1/images/900749.jpg,True,63,152,RGB,7269,897262004cd1cbcdc9fddc3d27b9d23315c3631becb7e08010f3fb98cd62aaa1,15fa6aae0c9638d14ae15ee681927409af2f145cb209149a0c2521c3a586c10b,8e5040e1d3e16d5964db90f6a829508a1e48e8e671e0be9b20a3b0636650ad3f,a07d8756ce5aa1d59c75295d9448785548bb0e5bb83679b426695b9fa08c903c,9601180126425143418,106.2981220657277,
900750,Lipstick,notebooks/Task1/dataset1/images/900750.jpg,True,127,192,RGB,10819,1b8f6eb4aa71cff91d528a6f60d9e05f52423d01305d844bcada12c9010ed4d0,a3cf61e5cbdb0dac8b5bf7a2bcdab1226fd7e4f8facb5fda7af08dd2cf23e231,672bb659b7d8944849143c4ac8d54223fd6e9c060d7cdb5e387b0c42051f6a35,fc143fba1336c41bf8c6883af76304c82bcedfa241b4a6e8a9f413d2b117f852,7674630070838257498,22.97528916929548,
900752,Lipstick,notebooks/Task1/dataset1/images/900752.jpg,True,140,49,RGB,4613,59c2f5defc0d8c5bf626569670ab1a8b196aa966ce37d1351ba1becbe78f9a18,b8d318c9db93dab28a1d5bbe17dfdc8e34e2fbe09e9f8c229062cff07e010549,b4010dbd6e5db54caa9365cc5e761b53b292c4b032df8e2c6761c1cf87b8953d,4b7ff25473be8c93e8132ec36bbb4b4e000cb9ea02d89a6ba95118090e2c722d,310298099803449657,115.74688057040999,
900753,Lipstick,notebooks/Task1/dataset1/images/900753.jpg,True,55,166,RGB,4687,913fd466cd0b7a72135932e7137554f8cffebfb4586f073aab5317c84072df06,c6d42b04b68b206e95e2c32d13a59fb4f05ac11b988ab6b0154b4a85d123957d,4f4085ea72e57a8bd058cf4b4deefac9cdc21c858540d3d25443ddec03494495,f999e0ff7f9104b0ecf4c7d98e4eb266e7d14c4190368449b9e484154c676d67,17962443988509342057,85.64383561643835,
900754,Lipstick,notebooks/Task1/dataset1/images/900754.jpg,True,122,63,RGB,4729,bf66b2e4e9920c1cc500d9be38a87c8a60f09081f1b1226bc0db2352b1310284,de1280d61273f68483f0bb0b7d09df57b67062bee28837b7e17dda4f8b261e34,29eea8c92cf2cc8fdb271fda10927a6a06abc89fed4a081b93fd50cbc96101a2,4afec359497057ee545c58de0178fb6130744bb7db6a675baae99d2c76b413c9,14440567321155293577,101.5127504553734,
900755,Lipstick,notebooks/Task1/dataset1/images/900755.jpg,True,111,171,RGB,11069,5c00da6e82273721ece872798f92b90370656c07a38999e5ccff2ac4fd013e94,815a333b676dc70b4685fd95c275e9d9f6f640a9270256478917edd1ddbf77c1,c6b94c6a001374dd6a8bbd020f208b790b559f35b526a9fa1a3e3fe25b84af4a,33fdf8b5264e862ab2d6baf668c1ba958541e0ce53e4dbcc213b30504ba81670,3724500017770619842,57.88809523809524,
900756,Lipstick,notebooks/Task1/dataset1/images/900756.jpg,True,108,194,RGB,13624,64e1ea3508492f4825c23673a68334ce539b5ff3e7cdf3ce63e142e74b344812,645eb6c406f4752e815d2b6539c8be639f1b49923263d45474f04cdf579e42c4,7b8721c5903bbe54415852dc7e6bf9c0f3d9e5544350278bed897efec1b265c4,cb7b8567f027cca201cd43723879a7ffbfd088632684f2d50311366b2a95dac4,16184051014778996997,163.4622222222222,
900757,Lipstick,notebooks/Task1/dataset1/images/900757.jpg,True,50,159,RGB,4758,31e9998d149d55ec6bb378f16015bf93369738417481b80209fc86b996796b3d,a72a1ec3e04e93c07ab60dea3f212a2f106499b5a118ff2642372bc15c146ded,d2f1d24a04a5aa5c8aa39979e6522886cff2b3820ef27225e18adb9f9277e98a,60e94c517781dbae94afea28f6c67d8a474fb87899d2eee3e89cb92b46ab85d7,1374604571303585191,167.085346215781,
900758,Lipstick,notebooks/Task1/dataset1/images/900758.jpg,True,219,95,RGB,9239,d5927efbb685d0bd1c7f090d1cc1094be4856a773e65bd6ec015aaa0635568bf,861a0060af6f1675ec4ec40bc456f814329561b89d6304ce80e13ddc169dde74,912d6a9676b23dba8cb50764e8fc8770e14e221736b1e24f59c734d77c91422c,4b28db49c61680a9185c0ac2d0c1d7be539cadc125298ff4461d558d22660711,10846551215533450195,69.86591880341881,
900759,Lipstick,notebooks/Task1/dataset1/images/900759.jpg,True,124,197,RGB,8080,7e7c4b2e13dc4b212ab90b1df1d89e3c48c6124f9cf80f09d712604e68748d2f,0ab17ee2d252748d602f63b87b2823cd1f8546718fb53ea70eddd921a62b7cdf,32b8e92e377303d546824d0969d7074b70cda84cc4b4f949026dff7dbdecfa88,2a6c364c8aaef17c493a29a7eb1f25a524184b373047239881f4764e2cf4164e,10585244939271262818,30.21003134796238,
900760,Lipstick,notebooks/Task1/dataset1/images/900760.jpg,True,67,170,RGB,5753,a82c912b73d8f41889afe2849806c8580dab0fcbc9343442d2b06be895a29fbb,8070bc4fb7a4d9d077f95a4ad4f76c960cd740c252d7d2d549f8ad8831137bbb,5c2d4314aec9076acad946b5c3a642bb94e3fd666deff4cddc1ba9f31f237e17,e9838d1fd85d49270b5e596e28f72a17aedb2751423938df2025c1f71b240764,9819613721736194409,168.03829787234042,
900761,Lipstick,notebooks/Task1/dataset1/images/900761.jpg,True,215,82,RGB,8981,ebc35747d65e2d73a36725fc4782deec7f5077c0e388d39ebde449dca56b9374,ac9ea960cea2fcf9a4a7020f8e1ebbd926db27666aa831eb32e732ed7307502f,bd94d61fda914790d29e26cf077aeaddf80041b80630f83c72362a0503bde3fb,df9c84047917a9b3aa73e1c4c8c239ebc22392968dd8a1bc0aeb728f8230b978,13380636433835327089,139.06553672316383,
900762,Lipstick,notebooks/Task1/dataset1/images/900762.jpg,True,37,133,RGB,3278,00840f319a3152848da7b94300879d7423fd8fff0ad9054e041f95b3cf6409b9,afe1a1aeaf10c33b7170908075bcd084ba6eb6c05dd09bad32faf426f0a15777,d7b4f82029bdad1980976d53fd22d6bf97ec86955a28dc06800b5a8730656d7d,9008dd135b0b87d91fd38657516ced92b2e6f5f514b76aa5a1191fcf3419dc68,14353037612109210397,94.23611111111111,
900763,Lipstick,notebooks/Task1/dataset1/images/900763.jpg,True,121,135,RGB,8650,4063632385add6739ab75e6f628ca883c5ba7ce9ad96d53726b233fb9c30e5b8,9b3704d6b68d931f0911e76dcf0a3cf18df25d28da54475792647741e6ce1195,2761fafc659d4eb3d606d07de813cccb67d7181d50dcced48e411b0e9907f221,1e3789218be47ad319fb8f2daa1072e94c80b7d088fddc868f30d9a9053805f9,15611049188330609820,113.62204724409449,
900764,Lipstick,notebooks/Task1/dataset1/images/900764.jpg,True,99,133,RGB,8575,00a40be4b5ea2e8e5f576d74493c989fa7afde88984aa57c1998240444a63294,9975133cb1b61a0e4c70c8885ba68bbe4875d60e786edd2687a83f92b495f4bd,82b38ea6dbc84d0db589a24fe05a5c9248715a7e136251fd245e522c8aeac30d,2726f768177d6261bc3b864b0920afadcb785959dffac56fe1fb46bf47d70b0d,10028353525521161614,71.04710144927536,
900765,Lipstick,notebooks/Task1/dataset1/images/900765.jpg,True,36,149,RGB,3699,29e0411138819a45e431cb012ccfd012bf6336b29319b90fd9a180d584014d43,10705dba775f3405aa5390a7bae41cd5af4170c2da8a5567f6dee995366fb7b2,de439a23ad54de56c359191c40334c0fdef5d90aa39e432de0f52c1589218f4f,35eb8f76e28752268df9cb29283f301e76b2e15649fa79e0c682ffe3683c9d7f,3906366867747039593,105.97996357012751,
900766,Lipstick,notebooks/Task1/dataset1/images/900766.jpg,True,105,65,RGB,4401,df37cf630633d148ff4651fbedc0476279b7b6123b9a4c4a0374f193d091b565,74afa8a5eda26da9b881d4727afb59c9a78d18c98ec4131d24df25ab277031e7,3b3c6a96a34c6ec2a8dd24435bce68aa3fcfb16e6296c14814dcfd2f16a25560,01fce3b4f659cb954a961ce3c3a06549dd2f81a87953f8b712d7e0181e66c504,4476189475075138762,67.02480158730158,
900767,Lipstick,notebooks/Task1/dataset1/images/900767.jpg,True,106,163,RGB,6830,6a52f37024bd47789a1d156988bc1ba1242db6bef5ca978bf8dddc046afa5a33,292e1407b985766e17e983c34c63ceffd080096dafad48a8d30a26117191eda1,7eeffcbe6bf07493ae8af9a7509ba4c08f184b0e6702a7b70e079df8c9556c6d,9c6703e2785bb8d68b995d8e56b3156bdf741bcff2629afd2cca1d476792a958,3702881692566041708,159.25593008739077,
900768,Lipstick,notebooks/Task1/dataset1/images/900768.jpg,True,89,134,RGB,6507,8765c6fc2209ba92de5bbfe3cc0f8a8900b4b8b3aca27f496a37fc4b42a9435f,f796c496e4406b6e2dec9fa515bace40290405ec91dbfdabbee1283a22974737,965a92482108de0cafe79eb4989214d89618079dbe88d885ff4fbe9f48428863,7a26dd2f86e6298a5e0f7e5b0f784aee51ff5e6641cb89e3929e63c67e8fa858,11946303445936909982,104.8340874811463,
900770,Lipstick,notebooks/Task1/dataset1/images/900770.jpg,True,110,166,RGB,6305,659fc2a4911f5b22efb79f432f967d58b49192b0c14eb700ecbfa3bdac1dc1e7,45435ef618d3e6898f7346d4a3ed305c7e57b914ac2d8b91dc5d6db6e9aa74a2,d932f19aea0adab637f17257eb7e6b04f58ba857c4e35cc6b021621574db8809,c4303d5663cbb38db8f792a82f49fd0d029950e9a1382799eb5c839d57240368,6870976515353552751,37.465328467153284,
900771,Lipstick,notebooks/Task1/dataset1/images/900771.jpg,True,62,228,RGB,6373,45caa679de3c4002c38677c6ab72e828c02e7b19cc26feeaaff6052871d856c8,6b13c11feddee2da1fa00e474db985298f73abbebf56a4b8465b5f718f126d75,f2ce34e6f60cbce63efdf31376c232675a8d19e98f10f810535fe056401fa8da,fc8aceff61f633db798176b01a10ef883bc4c083c479ee3a1ae1c528c2dad6ce,8921574566707773689,93.00462962962963,
900772,Lipstick,notebooks/Task1/dataset1/images/900772.jpg,True,58,190,RGB,5100,6eb46fa89c694b285e965be93bdb4e1abacea7c69b038ebc9079c5d250726993,8c6cd100d15bd9ab7020925df97ea65cf3fad2cde22026de9a54aa51b9cf4166,5d86e039150f5cb3888474c072b8772cbcee03609176b45b4e205d96c9840504,a6b860d4a3876066cd2b1af2b12e4b9f089daf6cb5427a432a8d65f43b0e73c9,12532131067499619219,34.9159891598916,
900773,Lipstick,notebooks/Task1/dataset1/images/900773.jpg,True,176,190,RGB,25671,3307c5f58e08a3dc6d46e58124be26f862e70e015fabfb43fb444430881a429b,ed19eae75004d9833c5dfa85f8270556b8ed2946d9ba3a8296a3d8c88768642b,5ccd344e84d3a0f0e8ee48d19dbe817f3299b7fccc4f52991ac63588821b1187,0ca27bbbf4383a14508d81bf90aeb413a302bd04ddd9f92812f9efaa34777e45,15304977127915910134,119.85531135531136,
900774,Lipstick,notebooks/Task1/dataset1/images/900774.jpg,True,158,98,RGB,6271,f68b8fe948501ee13598000b1c22210ed4ff0a60db66e123598af8ef063c107e,f4b4138db92dc1dab4c5c17d1213e640c14581f137f2cc7fdff878cf554101e2,fa1c96f2f866cecabc73eee50afad2f7f2a47df45114b493713451f347e52c4c,799b48487e64ebfea1c05520d7d7f863ba4b10d3b779bade8e0d8aad040a03b5,15695541197965590254,179.33595800524935,
900775,Lipstick,notebooks/Task1/dataset1/images/900775.jpg,True,91,136,RGB,4906,7a0aa58962292319809fafa8328509172861b160574b462c979c36f9394f48dd,0c41021750b29673fa2768a6803dda09f184deca7148cdd165b878562876c18b,8a2ade00908e5908970281c3ecda9c0950611eba2829b2bd8d2635b254ab7ea2,c73c308e60e3f129c0eec0a530e2cc04aeb278d6c4269ca04baa73fd5ee7b0d1,3836854736081347443,176.5762962962963,
900776,Lipstick,notebooks/Task1/dataset1/images/900776.jpg,True,125,239,RGB,16959,661fac0c923c822fa5e218b591d333a3ea95ed04ea593e52081e40ad2002ab63,366992a50ca4e2fe6705fd52c5e348f405adf6b23bf75f3e10948f7b4eaae376,0972d9e4aa46bc5e03722630ea089b4a465b97c0120b09239a3132b3c4524a2a,ee2be210e27ae85a5ee4f06bc344eb640ee1713b103af013dcd29ba988c00c9e,6728698433058351015,154.2937384898711,
900777,Lipstick,notebooks/Task1/dataset1/images/900777.jpg,True,147,83,RGB,7213,b5d9b772faa3ba9273442682ad95f2b0af1cdb9735a6b9c2fe9264852cc7a30d,ecf83b9e0f15cfddaee74b48c7d146b25e61242c1cfd997939c410ba1ffa3c13,e39f3b599e45a7bd320f75959805d02b99620274b2c5eaf7d9530d2e2d43766d,30eb7fdeadaca54b0a6556323554b381fdb354a09d9b9f23289d13f4f9e94fbe,5281989334176201948,54.45614035087719,
900778,Lipstick,notebooks/Task1/dataset1/images/900778.jpg,True,136,215,RGB,16842,7335791e2af5c9a75ed8dafd4db08ccfbfaec76d89e8ea19730f08ae38762648,704c5fda079c579c0637cefb4bae3184a3958e87e36cd2cbdacac686d2064f32,14b5ead696dfda9347f3b9b19d60c8c7227eb54f35111fd5e2ccb93f35d75ab6,3b045863da7a0fdb3860b6f69414fb42e18d2d25d6724be0128bee7706d27373,7307811276283854460,119.6676217765043,
900779,Lipstick,notebooks/Task1/dataset1/images/900779.jpg,True,95,91,RGB,5268,b3740590c680c20827b2fc3e6262191e17cd4e77186a58ec2952b6d30fe0b16e,310dbd1f6aa043d1d80af196e81e930aa6302c028a09fb03d0bc37092759e7d4,29da58ff5f2fb785469e927363c54767978ee5c5e1959f19c176ed7ba9678bb7,88327a8e8a250e4837dbd9cfe617bee76f6bad312506d78ac2ef671786b957ca,9693656327937361538,69.78623188405797,
900780,Lipstick,notebooks/Task1/dataset1/images/900780.jpg,True,66,214,RGB,6271,a3d70bbcd942808f7c9df6d6b3042ac20fafd5026dfade5fab74494791bb4117,83d82529bdec9fb725e8bbcc2a1b0b5ac3a7a6bd6169ec1b5664a2c1e575d30f,fbd3de464e4c583c8abd2686a3a47a081e2ada0bf6dbbbcca6b02df7764fccd8,5228332c592561458983a91232b1de0d151d3f99d3a537a32183e9536d426c20,9658825935608201699,161.95203836930455,
900781,Lipstick,notebooks/Task1/dataset1/images/900781.jpg,True,202,146,RGB,19269,6df1d9ab8577f0bc47fd4a5bcaa41645c0f702d4b7ce66afb3d926f755e3eba4,73ef1a86ff33a7756bebe4f89c0b02a02f59f4da28248e7430243e69090b008e,cbe75042365d3205231211cea40076c82db856cd99ef8c632f6778676629236d,adbb652c172e1f32a7b8fa86f6008a166f09ccb90f77da0aefe3dc35adb74e1b,8319173093093725149,143.14499036608862,
900782,Lipstick,notebooks/Task1/dataset1/images/900782.jpg,True,134,124,RGB,7341,3b67c44ef45f26895f8b7ddadfbcd20bcf4fbc3404dd5c37c67c9e4de8961717,9462359ee11abe998bf9d8585aeaddd34996363947b0b0868a9204563e7afb8e,f092aa0fdc5f7b577d6c27bca877bf8c7b706f4f5afd9a13a461c7e47c757165,0e7c050da047e813ed13a5f38a4bb859c68fb6841c8870345dabb8a915fac3bd,1625372803193630717,42.0078125,
900783,Lipstick,notebooks/Task1/dataset1/images/900783.jpg,True,194,111,RGB,13222,61123d9a1c2b3b0a37d3abbefbafe52e3bd255f86c141ac15a2e3d53470554f0,a1fe8d86913b2a90bd86479b47bf719fe89878a4b43487140884b87a94c93a35,ff7ac6bc7084151d7d39092e55c04f62041da5bceb67c62cf94489f739bc24f5,b4a008544d23490ec6a959b1b9ceffc7b3fce68a50c2b25a7110eee86901c7e5,12533996890701265996,133.3228822882288,
900784,Lipstick,notebooks/Task1/dataset1/images/900784.jpg,True,134,195,RGB,10638,4161e67f7314f52c03f2f2a87a0d12af719a3d687459b2b67e2324fb97ae8265,0eb5dc583e80d70de4cd00ca6b97f7640d86412239c5f7abf881188bfd0d1f06,b60dac35d30e48f78e3b7d12fd6d5092234a039eeb594669f629de16cfa70283,e243e6e9c973a1455466f1c7592570d447cbfc009b851d3b70708075c6d54147,1110106034821768943,49.8506625891947,
900785,Lipstick,notebooks/Task1/dataset1/images/900785.jpg,True,207,126,RGB,11755,ff0909add4cb08d4da690e7747b42f5fad115028e452b38bf262d5cf1ff38ed6,3635267c934515871cb782772d8a4c6a36adc11ca771f5407294e8c7cc64ccf6,4e1b7c966b9dc02246b24eefdb435fcfcb8eec5a7c7b90405f75aed0925ab7df,bb136546390137f408b403be58777b2840d44f40821b05e8a7c31157b0335f61,5218127442838386791,109.5221550855992,
900786,Lipstick,notebooks/Task1/dataset1/images/900786.jpg,True,93,250,RGB,9978,628e6dbe8fa5083d8f5a303be31c704c7fbe506664fcc92310eaf5462e2e8d5e,1b8148b9cd173a94dbcb599b8b601315de873e8a6881708041182732710b54ba,eed91581b5d0be5ca7f3a740d0b7609187355b297a358f3c420ac84060929173,5d756faca3c7615a2f9439ffb7d91166518e458ce609022cecb3bee818050030,14792938875039555206,94.68817204301075,
900787,Lipstick,notebooks/Task1/dataset1/images/900787.jpg,True,56,151,RGB,6254,33ce9c32ed0ab2b74f06bd2deff0d924e0462e48bb345d3cf7ef9b06cd6f75fe,e2cb2180a00f2e7f7faadd3e545a33efe528836515b1c69351540b3d7d4c7f00,4a68fe33786a1f8ec84e7e5fab3149f66c8dc857dea26983a080feed40503669,b1ed25ab291044f9b7b80054dd7e7d0e56134dd533c6d73aedb68b60e9eb7b37,17524954220032593355,85.83739837398375,
900788,Lipstick,notebooks/Task1/dataset1/images/900788.jpg,True,166,93,RGB,8146,c169e851b36a6d8fd18c7a4db2ff508c3cae25d8239b92687ca7cc819a12c3f6,f8df06e2eb079496c09de0027f2e42d8013bb9e5bb86c44fb2ca932fbbd587c4,13ebdc37630933a2bf654b24df800c60d5eed996c9d48f7a7da8cba0d0e65c40,a3c3e3bffb2b6b16ef364e5c6e31c35723c198c5c70f246d22497efb2f49ff01,1593776106453174677,43.83527885862516,
900789,Lipstick,notebooks/Task1/dataset1/images/900789.jpg,True,178,46,RGB,4419,8a1775ad07ea0a878c970706fc79c434df047a8ffb3b467c1a8f3df8080827ff,d0e2427c8a0dc244aec3b95eed15e3e0e27d2fe1dc604fa1d2b202d7521800b5,6ef91b2920924e4343327a6e00534cef1d36b9e69d713c25322286aecbe6e77e,ee5b883e906ae5cf877c7503b6966cec2b74ca570ba628d9cc93f44c840efe91,16172629643411143152,98.253003003003,
900790,Lipstick,notebooks/Task1/dataset1/images/900790.jpg,True,113,71,RGB,5018,d8f0cb10ecfe8c97e1a198f74936c3fca07f82ab57911b87cab3dd060aa2d64a,509763a8f03b8bc7e1b981da118ffa8c0fb0e1577c30ec98d580b5e494e312f4,ef43877b135523a8925787fb2dacb41862169fa38827a57d288fdb4ddce83d39,05c571b3ddee86d581072c10f7ec36331170bdd1da5c0983104864ec16ab4e1b,9713518044417450568,28.237179487179485,
900791,Lipstick,notebooks/Task1/dataset1/images/900791.jpg,True,170,41,RGB,3981,48d3e2bcd2f63e1f178eea8dfebeabe798c65294432a2ee174287f968b266936,79b5a6666c4f063f168da918671bb352c1d1d4ce0957789e85795e3746f520b5,fac440d381c9808d4774d5da509ebf5df044632c370957a3920db23f462e0487,1c764857cbf28355f721fb52fd0309b61c383c734940d0df1b2d704f1fe6e412,16478733126516373616,51.33014354066986,
900792,Lipstick,notebooks/Task1/dataset1/images/900792.jpg,True,134,178,RGB,7428,3c032a786b1c9d143af7f665c5f3605facdb52254f6cbef95140bfa617162f5b,fa08550fd4eb731be837d1581a609271d9bd867e39ca5cfb6b7797a02cd0b363,4612716f0ab44aa683c2139d656dad3b703465437911fb4b30ae142c63b4a6c3,9d23bd1b6d1effb25aa4dca6f6e27bf8a7482e42afdafe1cba91671fb20f6a5f,7952145713004531097,3.315591397849462,
900793,Lipstick,notebooks/Task1/dataset1/images/900793.jpg,True,137,167,RGB,11676,b25bf4b7fd84bd484e53d0f9ff87a7c13d9fff8245f2de5887083e3d6cf210ef,edf8926a97ba7760a9ae8c77dfed44965fa5a25d27d8e759736fec6ba8693f2c,05a24ba9bff8fa8432dc7288447303da55a7875e2303ecbb6eb02541582605ef,5edc0936720e9998901dfd3005990a72a7bf98dbd0f1ae1186ac48283583916b,4180046228082407833,78.21799116997792,
900794,Lipstick,notebooks/Task1/dataset1/images/900794.jpg,True,147,226,RGB,12671,1f20382673eb0af79a857f0ad6a23663b2ce1e25992fbe858c342f62517cc4af,f03dc23d3f77e79484e41394c4918321525180cf2418c5cd36d9794cf6a9e7d0,cb0db8d6b5f1a463c6787e970eb8ac42f66b8fb2d990fbb98c32207e58272284,35a580d299fad78fe4aba9065bab787d46b3663d06a4b7f979d55ec7c37ee47a,14746741735061594736,35.42138364779874,
900796,Lipstick,notebooks/Task1/dataset1/images/900796.jpg,True,105,197,RGB,9492,d9c0e5486068260a9aba3cea2030826566e1fe29693acc0352a45cc6e83db370,f5a6aa56c82ea5bb533d0c35978d272a1e63fd28a6de9b2956a35798d53c3b5a,05f4a778532d665ec702f40a4d39479f55810a7b72b24b9164eb0a5c1ce81bd9,9a3137662c6e1d3a0b2fb6fe0e2918643171865f9abb96bec32955cbacc75750,3777637011385070322,15.661111111111111,
900797,Lipstick,notebooks/Task1/dataset1/images/900797.jpg,True,125,54,RGB,4194,dec122ff51d540f2fb1c59a285bda11f60bdfa1ef5e438ea410f312f98d1bcf2,c403363e29e4e3c7df6c70991ba4064a45a513e8d81403f44171eeacf02604c3,55e7e544dea32ab093d9b593a0fa02fa5132b9bb75bd249282af614971a41af2,54b19cab00a26e9c730c723a24ed28149c5fc7b357c8433c6909499cf12515d0,14746142335234683149,84.79566854990584,
900798,Lipstick,notebooks/Task1/dataset1/images/900798.jpg,True,206,106,RGB,7030,51c690c8f26558edcf2dff9195eb192e5a84fcb8fd9a15d99eb056c1b3d268ab,b787aa5a85f38072a990d577cca1ccca49bbe3d99247b544f2cfc1846a9028b5,2ee15fcd67b9ef53fc336fd467465bd58e82fe87d43effadfbc3540d961dd53b,bcfdd019fc42b5f2f0053f4e69f3ae343cae17bbd7f9531139b21ec990e905df,731303042517844044,11.28010752688172,
900799,Lipstick,notebooks/Task1/dataset1/images/900799.jpg,True,116,124,RGB,5534,f00250a5a1c9dc16f5fce29b9b8c1d50d741398dac72aed1cbb1317e567127b7,f7c65b4467652187c2e0665630a8b8b9b021d2005d89fecff58a61a871a6c278,123e335899f4a55ad51b43441ed92d6b0fafbb004ac0c1d33fdeab71d9391c7e,64f4755b61453ea2d6889a3c2f0b64046cbfd2e8311fcd7d6bbfe00a41b58b3d,3778084563932518299,42.50770308123249,
900800,Nail Polish,notebooks/Task1/dataset1/images/900800.jpg,True,124,151,RGB,11471,61b33ab9078525874c8cbad3e8038cb0ced5695caafd09c502f8e140f8811310,8ea9bf65cbb4678042770bebb606ffd1a800a00bb4ff71799f8d9dbe21bc0bd3,79ba8c4f3d17bcf9e8766d2e398942cadddac3f4c781ed1d2245e3a02f3ea677,07f3dcfcbd84d654f7edff9f86f6a5f75dfb43054a036e608adc2c22da42d0fa,1588441941125512499,161.57387057387058,
900801,Nail Polish,notebooks/Task1/dataset1/images/900801.jpg,True,91,143,RGB,7658,50b8d84cf3c7d40b4d5b32575509f150e6373aebf77bfd659903ad35deb58182,cd6bf10669ee271c28ddac9b190a62ce4ab2db2c45c871f13e10edca49e023d1,78cc50d076f32d4a58e9af7289a9d99d37525ba70ba80f18c1f632bcac35e1ee,ff231e0168dc5cd37d24d3a597a343702c2ee6f2ec284a29b4cef764297b4f3b,12714302714358019603,57.383620689655174,
900803,Nail Polish,notebooks/Task1/dataset1/images/900803.jpg,True,212,197,RGB,20908,08fea2d5300622d4ba9d4946c529608338e20ce3bcbc946e83b111d3a861928a,874c919767b53fbeefedabad729e217a04b53c4d12c2d65d6977e161de17db0a,48a4194f977ed19559e4c0661973320effa7996f44a09cfdc918d4857a68cb4e,2eeb061f7f7f5a4b9f85e181756167fcfb94e076b462f9a3380cf7a953932478,2843241541023000294,146.88820638820638,
900804,Nail Polish,notebooks/Task1/dataset1/images/900804.jpg,True,98,140,RGB,8110,723b82f7039c9e32c9b44cecc9c9b9d441dc68126dc3a58248e7add3c3ddad9e,d8e9b9a4455f4803f7147bc4581b5c8ac28ad5c470f74c0d5583c1e0ed3c20f7,ed85ea4f615f2ae7f1e67b96d7910bdcdf76413fc17f9fb1125d246f2cb8c49e,3e0a025cd0f79840b2bb02b7ff2a0c2662e8b655f248a2aec238b5128f027b9b,5264152726293001508,100.39689265536722,
900805,Nail Polish,notebooks/Task1/dataset1/images/900805.jpg,True,104,205,RGB,13330,08aa40cba39082715f1e18de2357867d85f4baaed509856a55dd60bd0722e9f4,19b66b8230778bbfb976c5c9111d49de4ce868ee299b21ccf53c9b7f3576c18b,67d8790406fd2d2a89b2bd18275778229831cb5cb76d13ee022754e758e76e7a,a1570032c596f88014d0532b03b419b7c9999ce3a22ca70b4cae12d851647531,5412497224407633644,79.45602605863192,
900806,Nail Polish,notebooks/Task1/dataset1/images/900806.jpg,True,119,67,RGB,4412,d5f37945a5f23d44bbe73d98e09c99c4fb903e9826c926a931d886a516a9ea1a,57e841317b7d577afbbc646cc079ef5aa8c0f8358c3473ed76f7d523e3f5db47,1cda51ae4104f7b791bedd8f2f81648084fe77388a5f60e7b428375570ec1a15,b110ebaf4751e5e1702314b1395b0e7e106bb3e4790d71b4ee0bdbfc0e00a299,7455556477886350155,164.5878623188406,
900807,Nail Polish,notebooks/Task1/dataset1/images/900807.jpg,True,174,118,RGB,7950,60fede31d43542c28b57bb05caaeb6b0d58f152bc1f81a142bc077d6e486b85b,5c8dec81556e9a39c8fcacf1e5d9a53f3ee05fecd74e722edb5473af88e9e336,f25f05a362411ebf602fed46bf473194e5012859f30d99290fb53bdc429a19d0,7e2686b4d07137a70b842b3a6f8db10fd345528d721f61614c2b7b930b5a3102,10635083014551840147,169.4844827586207,
900808,Nail Polish,notebooks/Task1/dataset1/images/900808.jpg,True,151,46,RGB,5521,34b555f1db523016b68cb8d3124aa16f130cef2096955023a6a18685a4656f2d,ccc8bfbefc0d7b2a5ec8eda06935096fc9f3308845cf076cc8b82a51781161ba,2dcb73fe819deda42a955d36f335dcdba4591593bbebaee6a640263ab41cc91b,85eb519e0fada3e49dde7fa485923b4adc37ec1138dfa56768979cfd82752230,12442961217130417479,132.0222222222222,
900809,Nail Polish,notebooks/Task1/dataset1/images/900809.jpg,True,125,150,RGB,13310,003f57d487ed192ecc2947f2cfacce7ca9bb649222e8ff6f66458291c31eca0c,68872bdadbfb7bff426b555e9755b7a614d8e3aa334d27d8c27db4aaa03f2314,668a45f7b4251d7569831af7b0a0070acdddc3ea9da245423f18c62fed8f6e2b,ed886a6024e4a16a3a57293f7ab15385a126fee0a51ce5019d3e5e8d70d32cbd,8380220988715026625,94.66483516483517,
900810,Nail Polish,notebooks/Task1/dataset1/images/900810.jpg,True,105,82,RGB,5544,63214d914600c038ced52399ec8afcab1e5fede4630383724405e1c132aa6696,3485636e69e2c206b3add68dda2a6817d9bd474b0ea08ba970a997f2fbc2963c,d679f956fe7421050de3c86d7ebf72fa0efabdf8e0844e1162e2ff61252bb838,9906aa9ed900376edda3d9c813b7c213cbec536fe745a918a708628c58532fba,5506898679343024911,98.1009009009009,
900811,Nail Polish,notebooks/Task1/dataset1/images/900811.jpg,True,66,191,RGB,6229,616e9d0c7f07e36fd7ca95fb9be2413e5037a2eaa2c90d3e496cca81e3a8c1ba,fbec57da40118c706318fe8c2597ebe43fb43ee1d401cc0be77dc4f75dd4fd1f,8761d1129326ae476aa9abe2ccb52b88c1b0ae832aab4b29a2ccd271a91bccdd,b179666cb89ae3d30dc104e1cf98c0d0a7f6e982adb72026b964544d552adb19,15909050402538328395,159.24313725490197,
900812,Nail Polish,notebooks/Task1/dataset1/images/900812.jpg,True,122,227,RGB,10224,cb6f6e32112ad69714122c74684bc1263f10f91771cf80bfc614cf6d618ae523,04c0cfc7e35110401d736edb0020612276bd9c5a87f6cabe631a16449c05210d,017d79225f19b6404adc16f18e4f5cb9e7bfd36607559bbbdf2dff308a556ed8,50474c64a31703b62fabd6e2f2227bf6393a35577522532fa2abb671c7cf4a81,7288007207119812816,23.46829971181556,
900813,Nail Polish,notebooks/Task1/dataset1/images/900813.jpg,True,138,128,RGB,7097,91f36e1e7c58bb7e337cd3eb281e1962612621b9e3f37479e40ee16a57054772,3dc429024bd850a79a5f53bc02c05a8ead09eeb60300c5841d073cc348bb3c38,17fe5f9c9cffdb0b508ad77ecd5acf2ec814f79bbbd57b45384e1c51029fdb37,374324f1e8cea59f11a91147e493db853fb46127b5b980ee83ddc9a19baaeebf,11296268769350302873,4.899621212121212,
900814,Nail Polish,notebooks/Task1/dataset1/images/900814.jpg,True,136,95,RGB,5629,07c6b10559ca0c29a181424577add6a6cc6c438f85af85093dd703fe81f693a6,3ffa8b3054417254316b6f16d40b6162afcdff961dc79f10f357e4c39101ad12,10cecc5c2fce98ce4fe9fd6827c252d5e52f9cc1d4e48dae3a49584dcad59ec0,b4854f88628fa47a29da2bb10af9ef52796d5be2aa203e4492a43ffae4f86c80,7599322030791959323,210.9505094614265,
900815,Nail Polish,notebooks/Task1/dataset1/images/900815.jpg,True,166,182,RGB,5506,099a1eb76f01791fb4b5d5f829d4bfad351b57993e027a1557995bcf90f5d863,81626517c1bf8837dcdab5a4b935cb87a3cee82dd5092c3c0dc58c0575a390c1,9becf103d2e80959b05d918e83e38440b1736f670c298df214b50fdc65ba003b,4d06220b5ca605737aa1bff252d1b68363bc721b0b92f6c27c9f21ffaf00b501,15045649913175344683,0.8554913294797688,
900816,Nail Polish,notebooks/Task1/dataset1/images/900816.jpg,True,75,139,RGB,6351,cc842f98c379b2d5e46ca77843f0f8d366d84e94cc6d323fefb73c04e7c688f9,db200b1e2481e982849ed7862232766536e4a49287d025448449efaa4bff6e69,8827aa4d93ac7731b1f936ba90b479d9e6bdad14a095234d3fc882e03ca55eaf,52067276f98ee17346f46c9145a656bc653d924d2923f6bf3b6d866ce6d14bf7,6403156106973912267,104.66588050314465,
900817,Nail Polish,notebooks/Task1/dataset1/images/900817.jpg,True,123,161,RGB,12675,f21caadca7457ef9145abdc78deced88f45ac4def8d43cb26ad8d3ec21a94424,cd863e4a457bc2226b6f26890134faa091683ebf9f8ba1d9d351906d721eb725,551de51041161dc177239972da421983922211bf2dbda440b625ba73f785f0c6,99735f622902f9daa13c9aaeff97e24f8182af5ad55d725271468c63fb7409b7,15062580382417514809,145.91371158392434,
900819,Nail Polish,notebooks/Task1/dataset1/images/900819.jpg,True,192,183,RGB,19892,4416c164d8062329acfd1553cb625f340c511333680fa3fd1d7d9e366cb236b8,3acd31836b4e6ad61a6f246791c12f7f649c1043cd9006ece3662beccf12b26e,9c2d97e7321aac2978798302c20720cea3c2b0ba6fc86bcd98fc59e836c6751b,7c0442837f2c4ec0edabfe741574e012c296c9de888d30b8c7b81baf4bae83d6,13388083036552522059,110.70822162645219,
900820,Nail Polish,notebooks/Task1/dataset1/images/900820.jpg,True,88,154,RGB,5013,2cdb4f73c93d2ea81e604ccd065ce7e713a4b79c9d892569ed3f9b9a822ece27,e9d8c4c8b9752a3eabc4d77b83bb7dd212321848c6843cf5688de744e15eb3ff,14345d51206811432b5d1852fd3c6f6bfab4cab3df5ad145812e58e9824e626a,c7be9c58ac943ddd68af1496331efa553b51a08569a3b2cff8da24ca770325fe,9002907589471164424,3.042361111111111,
900821,Nail Polish,notebooks/Task1/dataset1/images/900821.jpg,True,71,109,RGB,3984,683fedc09c337c45c5b0b40dbd45d9bfd9e9c4255a739aa4a60a1caf119aba19,821b4b6be84a44e4f456bd165af3505cca7f1b3847f89d5cc0bc7bf2c55b7c34,aa36a701f27f6c53d5182413aa11e270345d9e3b9a11673ca5f0f0598b8c0b27,fec59d63895f1f38ce3bba356bfb3c488b3521c9aef17bdadf10486ab84e0d9f,9042729145124986751,138.13576779026218,
900822,Nail Polish,notebooks/Task1/dataset1/images/900822.jpg,True,214,135,RGB,7603,704fb19ace3dc482d00bb0570c0ed22806f2212eeef137b808f079f382d5f1e3,799db9b6baa4703252421233f08cdc8d589a80c17591b0de2e0f7081826486f1,0b35cad368d34940c4a0a512e7cfc5c430db6c4bff071443d2dd1a63bf009e79,858a2175217df6e5eabbc183e2851ee90a4f38cb32a0431f124df6f720e86a10,4807169277238101192,1.7377521613832854,
900823,Nail Polish,notebooks/Task1/dataset1/images/900823.jpg,True,129,194,RGB,14374,1b3e1c4018f4424c5eeb418f7b5071a602bd4505e9f89f5d519621b479571a08,900e737877ba12229e898439dec70c0bd258e344c07251d09e5caa0eec018ec6,6ee6735e294d6fb0331c280624d146c1fb02056656705af4d9ef434e5a3417e3,d3860f17b24f7df7fd7a22d0cea9506e6d96585f83ec964dc95220c974ae9e89,11140669074935565513,127.07528556593977,
900824,Nail Polish,notebooks/Task1/dataset1/images/900824.jpg,True,116,94,RGB,4881,04517cb4fa4977a8728c47fab93c241b6911b56112f8bffad67468ff072c274f,3e02daa74956bd78f6055bc9b0b178b9f5e329022ea9c09ade6fe01ea1b8fe2b,d1503714657e8437f64badd66bfaf77f88f00ed7d218f87de8ecc1cd6c5052cf,ea641e7db18ff02c270e95427ccce72d084fe26b374d6e6692a938c18610c338,10818648542132240159,135.13381410256412,
900825,Nail Polish,notebooks/Task1/dataset1/images/900825.jpg,True,105,191,RGB,8978,53b4b6cfbd963c851b57250a47a6a306ceb2dcbecc2ea9198625785b0648221b,e69c5a491be13998eb409607fed733ea0917c074897f6ba4d62c147e1f29505f,f600b355b2557ecd59d4c160d1504a4ce7d403b0334ee981b668745b8b0f379c,200b31caf316d7ca88b51730628e3b30d13312bcc9408edeaaad7765abf52c5d,9936018044910432371,59.91269841269841,
900826,Nail Polish,notebooks/Task1/dataset1/images/900826.jpg,True,132,98,RGB,6304,e5746e6a63190f2d4b5034d695cb3518505399dc735094f1b1a376f81341482e,ca354770960775e14cb219305f1a2f2dc730ce84933282ff1fc17f878d3892f6,f842938aeade1d9b0a4e49e455e97f8e96d654da635895097a8634f9cfb1648e,f2ff2f7ea36d767a6dda4acd451143d6dfe9933ee7d507aa1f5bf9f6cd06a7f2,721196135955900002,59.41081871345029,
900827,Nail Polish,notebooks/Task1/dataset1/images/900827.jpg,True,120,105,RGB,6393,dd7fd73085552f453fc1c50796ab1e1b08fab808049a8161e60c2edf6f1570f7,976cb5b445022457d39a330833c4ca73fc3cc1c8b40189329cf2826a3df54d58,ea656582a686a871ef5a451bcd721a9d44f2f526f6a134e949c0d1e3d772a1a8,3936805e8e2f2279bf175e2dedecbae55b6acb17b73773ef4ce55606762db406,1297885254121306990,191.94469357249628,
900828,Nail Polish,notebooks/Task1/dataset1/images/900828.jpg,True,184,71,RGB,6560,6d5a0414526446a1b224295b48a37cfbdcaffce3ab555d7cf65df21214b2731b,f32014f80e1af7f307c500279b2484ee97c918a463f3b4a7497a42e2a95a3503,67bdacbf029e49f8e46417e1bc4821d8616fe4c04ef5c70df75fd90e7fab01f5,fe35f6f50542b2c4b4c10a00b5f0c6e72249a66b78f3354cd1b42e3c49b08b05,4160760340791721502,51.04084321475626,
900829,Nail Polish,notebooks/Task1/dataset1/images/900829.jpg,True,78,140,RGB,5157,7f085bb5fabb4e6efd5fb7a1c0407568e81dac5d6b76f1f538c8f64835bec68d,b8e8148af6efb94bb2a97e12c259e9e6670c64de98fa4e4154ec7ef7dfc93c71,238016c100f989d2afecf44df9effce773aacdc1d303b112c0217cee0daeee53,00fda68a9cc3559f3ecf7da3d5cc9c3470c1dc128a74d71c21e8937dc1e7b692,2203317703207488264,81.98996913580247,
900830,Nail Polish,notebooks/Task1/dataset1/images/900830.jpg,True,126,221,RGB,11493,45ef121175ac4e1e8c1bff426311e4f89a808652d75ee5e7b0b5ce2832066469,36ab2240b04ee10eb5c45cc9e29f7416190686ce2126f72d8773c9a64133b086,3ebf29f43460199a6c75d4242e1b4181aff1ff9dde9be4d78f41557ded0bb47b,af293e67456bd49be44d3a35a2ea581e4ab8b75779fd0f84d0abd9bfb83af9b0,4476299868449282074,131.51787439613526,
900831,Nail Polish,notebooks/Task1/dataset1/images/900831.jpg,True,169,127,RGB,13260,5defa314cf57fd156ecb85719348e490dc39a70351c8562dc6cb1dc305cbebad,ed508b668651c561f2fbdbd2baeb918a59bf10555dc3ac915946fee472cf0386,761167e76e10d1ea821fd5f34d1197f295408ab436e975ba701c0c0d7d1aff1c,4e43c675071ae03f9b13d5014a11683d940a6cd5601f0a1da76ad497f09b0e89,8032491971859948528,91.46655328798185,
900832,Nail Polish,notebooks/Task1/dataset1/images/900832.jpg,True,193,104,RGB,7297,2dce14c5751a07e6471b693fdb0fe9ca0db236872f05bea47c7ba79647330d36,1de88fd14fb40a5de2ca1ccdab3bde41ab37125d49fb5a4ba0c6984bf0c1f464,de4626ad67528120687b05eb473311305905c3c59e1a126cf857a4227380ec49,e20835502e3abf4c21917d8bf5184f68589046045db439f7d2a232cad5e77967,5857229348195604813,84.22485875706215,
900833,Nail Polish,notebooks/Task1/dataset1/images/900833.jpg,True,126,158,RGB,14462,67f1d9346a6489640f209f306093e78fc32f6baf4aae608ac286370e492e7e92,bb7aa117077c7664d21bf06dbe8b31c6e8e96f4395dd0f84cbef7dad536de96f,046e465fa580278de0475c5d879760a7fae9503d58e6efe21f5cc18835727eab,1a14c027011a277393af86e561da466dba7ddad2dd617d5ba4b89ce27b9060c7,3122088997558206823,126.90543735224587,
900834,Nail Polish,notebooks/Task1/dataset1/images/900834.jpg,True,202,120,RGB,14947,8c0f969b4fbc7f0e19b784cc481238a5f21753349da475fc2ff5594c728405e1,e94d54a6e900ecdc45cf91c32fc78f062721b6b138ac84227231b646eeca1d67,16089692d7b4f0967e269d5231069cf8e5c55a88e3a9ec6f5b73d6d5d966809a,1f2a6a7ddf2cc204b25cb8394e788b78c5304e5e110329d87bdcbd464797c3b2,10741427331021155412,98.18125,
900835,Nail Polish,notebooks/Task1/dataset1/images/900835.jpg,True,226,181,RGB,10308,d145a4353d99cb26babd54704702b590bfde3129a3fd5d4cfb0b42392e4b3f9e,871fd4546c5eb63f2f216f88c91b7db724feb3b1fd9e86970dd984c5de5559fc,11a06758b0ae4145b473b1a297cbbb4d90d41ebd436f9cfe9b1aca9e0b5c0127,41fe50f581524af9104dd4f4c786ac3a510215f8d64ed9e0e947be161b2da10b,5083469108284677567,29.549794238683127,
900836,Nail Polish,notebooks/Task1/dataset1/images/900836.jpg,True,168,86,RGB,7098,d7e9475929d285e6a4cdaf569258f083615f85868413c938e5b6da593d2164b0,863117bc10b2751e7d4ea9c06674d41cdc8c2c3a897d144dbe6d629fdfb65476,4468f421d6d11932e763d115ab127a7bb16e395311dec9abaf90ecbe0aa27021,7b0156e854ab7ba23e8a16086583f57f80fad3e93766cfebfde0a12deab5c37b,6951407550895194373,136.94510582010582,
900837,Nail Polish,notebooks/Task1/dataset1/images/900837.jpg,True,99,108,RGB,4791,1b828961f6bd8328c08bcfaff9f9f469fe244da889008deee76682f921d5f3de,2380515db468e5593f9eb7ba9abd3cb5bee617de7ba3a28d93fbf8f2ff429c27,65192868c4fe6ac7af0c5e4b2a2fe524b2a3306fe3787e00777e94e2d63e3086,7e473ab4eef2a2bb30651ecd607068a8eab6479af98c48093085959e137f5331,4940093547793665200,20.95772357723577,
900838,Nail Polish,notebooks/Task1/dataset1/images/900838.jpg,True,95,186,RGB,10217,aead819ea75cd1db95aa17f22202e9d295fccce6239fdcebbc1a2027a7db54b4,b8526deeffae72a0453a35b9db191b273ece609ddfe7b534bd1333e20e653780,c2567a8767169ef8ac0f0a9b3732d02c156c2c08fa7e94986a8f7eec72234d30,5aae3cbfb75f5b164ec50c44d635eac45aef0035014592b1c34196d233a92d82,12963534371583067111,60.95459976105138,
900839,Nail Polish,notebooks/Task1/dataset1/images/900839.jpg,True,53,167,RGB,4342,893ee542df7e090590206764a054d64d6b5d2c031f804819075b5c452a780978,042a1151f9fb50aa636ebb0fcc919c024c2621fc1d7a706b80b30fa308684f25,e23e28bb01778c1a641f55eb436bb325884747f6e852a54a1fa75e399b2f21db,8055106367eedd0e14b3a7814d129e2f0c56966c29e3c61ea6f76b1b9960d375,10010645401304894733,106.89525993883792,
900840,Nail Polish,notebooks/Task1/dataset1/images/900840.jpg,True,94,161,RGB,9914,38109861cf5985ff2ddd53d23806fd04eecbfa6aa99a0dc2699290092dc06eaa,58fe38e0cc1c71a70c5fe4582e301cd40a1da54d951bdb754b2ceea92c14008e,cf3a0b7daddf486d75e434a61b096bbc6b837436ec6a3ef99458899771108a34,abe24b4b067cf83cfd55c47df685af59a5d9524c3b8a2b05c150ad026c5b9a64,12289967950876438642,82.26811594202898,
900841,Nail Polish,notebooks/Task1/dataset1/images/900841.jpg,True,119,164,RGB,10646,ccb61009d1386018f408eb0ced9cb48290c4850554586b7294593af2e280941b,4173aae224faca7db2dd78892b5a175056e48512c4b8f15fb65d2d7792370d4c,bd14129728c92d92d85c641913155742e341eb3a3f7990f0ca1f61f154220a8f,e1d2ee4dcf4b390dd91c91ba7ae1b91cc83a09c71e60007eed83ad85527b732a,15272699805416427149,205.56524317912218,
900842,Nail Polish,notebooks/Task1/dataset1/images/900842.jpg,True,136,64,RGB,4462,7324b7444e1f50021bb853e1050928911d9d926a895d8d5f45bccde79582861e,aca3f5e0197ccd4ce9f628651608d14e361eef76991c0eb728cae5c3a3fc053d,7944772e52de2b643734a82633b175219a37b9487ad9e0c12a6e23c346bcc0fa,394240214d0f0b8652f49aba71381830c216fc10ec934a7ad74c66811862026c,5930554128765565285,114.79461279461279,
900843,Nail Polish,notebooks/Task1/dataset1/images/900843.jpg,True,95,148,RGB,8462,58b92d64a3471e4e7a13cf03de27d7d8f848ec5c23060905a89ed34a6c8d3583,f0386b1605ce47cf67d33204c4ada460d3708b88aa7fa432cb99f484ab2b8669,d55d4f8d3de5dac91089d2faf477fc1a4bb98feb18507c32d2ea41c516812e57,c9c5b11b479d8f14e4109cdaea05294139aeb56aa09a626249b3394e57e93818,3693945269063224742,124.0359612724758,
900844,Nail Polish,notebooks/Task1/dataset1/images/900844.jpg,True,90,148,RGB,6641,4b379b4c21cac3c52d127e45f6e0f1078d485b0578346b397fdb39320709619c,f290050ef22d7fbb5221cae9ab27d85e9aac6abb50a99a1ab664f84ec9cdb098,898b62a48e0c4c7396f1289161c00ec96d0efb89d15a7528dbe42f95795b615c,9540083f6099ac7c9497816147aecdff570de3cbc84a0e2c1c53d689657d9e1b,1017547137379473671,120.9590395480226,
900845,Nail Polish,notebooks/Task1/dataset1/images/900845.jpg,True,148,85,RGB,6028,4547dd3f51e7291627eef21f0ed0716a09fb9c9d656fcb5202decd886fc9d34c,b80aa5c6f7ce0f117710b6cca6eaf44975a0ac4d2e92052a4e4958e7de518864,8aec8ca5359bef227918f6a10578245564f16277a2a70335b77d858fc9feb64f,86ce0e34ba6b6da8b93a89bb649970d4cb90f70f795960fe258a4564c70929fb,14743830362195609914,83.34126984126983,
900846,Nail Polish,notebooks/Task1/dataset1/images/900846.jpg,True,181,185,RGB,15339,df66023ee030f1ff40757e3ca2e2548fe25323c4deb49fd9e1da3c0edf9a124e,8f39dcc9ac5dac865514afea61b49b963758b208492647a5afe8ed04d8283b4d,6f319a1f5c06e53803471a540a117739d57398c581c0cf58b58ddf57206213e1,49fa69101c9c624c48c624eb82047c71fc385726e123fbf4084fd0e8515fb400,16197416788477139102,45.46978021978022,
900847,Nail Polish,notebooks/Task1/dataset1/images/900847.jpg,True,76,144,RGB,6067,74c598dafc354dda7d7ea73cdfa9b3522c8decd6a70f4909a101be65970b39e5,5993689270ddaf8d5acfd4c2f23d86f1adf925d02190b3498ea30fc48a23d623,0217078ad9b84a250f7455820e044a952debba478810588f1366d66e64a21631,b7720a55f05a5b1adb4f17f6eb492d224dd9f43604dcb54238b16197ad8aa4bc,9154411799394092942,167.31574923547402,
900848,Nail Polish,notebooks/Task1/dataset1/images/900848.jpg,True,122,82,RGB,5876,f279483f129caeca2347fa37d92f192db99ff7de3a0b4ab58fd21396c9f318c7,60281498f69fe69c10cb661b7bff3de18690a793fc9f657a6d02f00be3fade93,91567d824a2f3456ba213606c35ce055bbd254917ef8db702ffaad01ecca6b32,69397f6ce7d09dec9adcfbc64cb46532617a96a1b1c876ea2bd9c1a094955b28,14785671100355148398,149.68894389438944,
900849,Nail Polish,notebooks/Task1/dataset1/images/900849.jpg,True,187,92,RGB,10453,4f484dc73884a64aacf978a955f905c07f371633ce0690f5f9722e5d1dcfbe8d,0283eb6b28fd68d84fd8c0eeab981b376dfe2e2e91cd9eed25d6063597db29e6,390065638d8fa3495fc6645ce18a6c1ee0c26effb45f60e3a247e5d655746ed4,5fe1ddb1be0bbc3e42e64c65b34bc9ed9c9853c198c72828920bae242e069ebc,9466902386898690979,63.77617328519855,
900850,Nail Polish,notebooks/Task1/dataset1/images/900850.jpg,True,74,141,RGB,5618,9709474cba689535b907db1fe77a7cf0f5ab03256257125fab2ddad6c97cf25b,51a6ac54e426bff6fe70f120e8bfa8f51ae3894b54fd3d0f4c3cdb89f8cc8d77,8ebc5bae8e8b53fd8a89bd53d965611b1ab00244127044dee69ced7e429de1de,686e49e56e5f3980c0da3f9918697cc7c4c3e24848659aa6cd6194863d82077c,4340931954361564272,85.03129890453835,
900851,Nail Polish,notebooks/Task1/dataset1/images/900851.jpg,True,221,94,RGB,5608,66537af21aa0b0a999e5093affcc46e0cdf58a0707aa3a716f050c4b51644799,6ce10c73b02f09a941f0d556fe80be34b79f708121a7ee64557f86606d7915ab,ba7b4e9cda4025d5ba1b19fa43edbfe8ee748090ac310d1409cded81da901fe6,40371349e1da9fdaf3cb5b838dcbca14871d0af510cbd6c4246c8357037be1d8,1746521996075773990,161.78966986155484,
900852,Nail Polish,notebooks/Task1/dataset1/images/900852.jpg,True,197,113,RGB,10538,ddffcc5a2bc1c945e400c00d4de288a7c621fafe18ab66b4e8ab3c8807d18f36,fd4f3ad5c443100859ceaffaa081f26fd5c969ea6d474029202c3d84aa5632fb,7f06e47cef3b586559ab41c9b066628f151f3162a232408bef4faf8a3beb7044,4e6e8ab73c6b1fbb752ec293d7a111665b0c9c737176e197e7bb6f730ff0b86f,3546926926247197561,137.81493506493507,
900853,Nail Polish,notebooks/Task1/dataset1/images/900853.jpg,True,201,118,RGB,8971,7e446cb635a669f36be3e8b60b51835efd6726787ae73f71275bc96ec1de798b,13d70876bcd31b85c62c44e0d995b7f2b94669ee21daefeecaa498ca713bb943,701c07fa4f867df59721688333cc3969d277dcda7404e686fcef5217cb6a3d29,d0cf3f358baea94785ed41269b17514a5c7789e0677db1f1f3e2be6ec2a74520,2755103711504841590,44.965825446898,
900854,Nail Polish,notebooks/Task1/dataset1/images/900854.jpg,True,195,110,RGB,8695,0858e17bf305ee9d33e7cafadaf3b9ab257fc2cf629943ffabd93e336047a24a,e6fd02f397e0a231b2dc8ef17c981b28849aabce5af4848093ddd720444560f3,91e4b21ef723aa0eb319b03e77a4c53dfe296084838df00a8b1f1c264fd9dc65,abaad8b02e8e4167ea2676583923bfe29adeed1b1b59edcf6bfc8bab85ca5754,11317888600868731441,171.06160616061607,
900855,Nail Polish,notebooks/Task1/dataset1/images/900855.jpg,True,191,58,RGB,5710,1f4eb5bd57c2498b5b0b55909bca748f2fc59bb1216b7e8aa45d9212d4bc016e,686d64969e82e89a598d61be87d63f8c7fc39b2fb7a51b507e7b64e80afbb251,7fcd0c5836aefbcc48ed633fd1a52b00c86a41e4b41abbaaab11a4b3cb0412ad,88e7d42046b5c046020bf6ff36fd0445e8b454589afbdea5703e71d826d46c7f,596530189659583601,104.20647773279352,
900856,Nail Polish,notebooks/Task1/dataset1/images/900856.jpg,True,137,104,RGB,9299,4c20b165b5e70c138ecc09afe9b6f94384be62ca7cfd3247eedd7ea594941388,d9834347f0ede25346d79a15e58b468486f2b3b4f803c4a1ab181b2e43c978c6,15ef75ea011a600c60445636db46dd194e7ba655882f5340c04a3b23720aa3eb,4db721c0363e8cd0143b072146259a71a07571eb3ccd92af6cff3a4a27e17f86,15191295012795495473,85.75662482566248,
900857,Nail Polish,notebooks/Task1/dataset1/images/900857.jpg,True,89,174,RGB,7161,c4fbd4dd7d595b3c4b015129983c6cdcc3af77781916eabb3d47db9f056c802e,68664ee9c1f10a1de461fe02470dad7364ad3fcb7e94903fa2a0a0c8ca8f6597,92542550e566a427ee196f89fae5c6050ae357125b61e22d40bb94d4c8902baf,d5e14b53726d15176051a678888fc4113dd4f69b372553863c60c960dc720ac6,834155241448822470,82.56768837803321,
900858,Nail Polish,notebooks/Task1/dataset1/images/900858.jpg,True,163,209,RGB,16747,ba98d7f96d0729ca8ddd8c9150c84e385cbbe06529879335acb473bc9bafff39,39e2203bb4845b7d4410954dadce6cf634e109184a5587c97e9eed38754f198e,d89d7d197852a44dea4e78f84b27b5aa535bf63baf1adf81048d9056ca1cc885,e012e4c6490ce520c26bdfd002589ab32f056b90969d0e8a8abcd80471931738,8427250836002272102,31.836936936936937,
900859,Nail Polish,notebooks/Task1/dataset1/images/900859.jpg,True,122,107,RGB,5379,6b17aff51e872dec02d342ce9fb22ca8814f0717313f3b9324f8df2d91e900aa,0d92c543ccb00b17cd3e0a9aab2cc2f7d0ee4479852bb5596f540a640b79bfd9,427ebd32ec7c4027ee3dd6edf91b2181aa0bff4936f9b60d85ec708c584c0205,dd86c21951d189328d36f0be836205c993ba4211374bb4f0ace2feff135d1a6d,18152784603833397119,126.63729809104258,
900860,Nail Polish,notebooks/Task1/dataset1/images/900860.jpg,True,149,161,RGB,11660,92e8bfc3dfa02e177b77b74ece452fe0d8d0b5ae326dac3f1fa99e1ef7d9df72,c62004b14df42ed296f5207a77918d6a4957f4ecbadaacfd18a70bc1691f0855,2d2defadbf5c6b73b1b1ff5e4cac2b73c183ae331fffc747b18e4cf4bf0e3131,6e868cf5149d2fc7107956e1c4ced7c311ea8ee6c5dbfa32dcf713e8f044afee,6591976465453262831,77.2943722943723,
900861,Nail Polish,notebooks/Task1/dataset1/images/900861.jpg,True,54,103,RGB,4438,fcbf15c7e4d33b05c66532b284ee436af841e62f21ed535a3c41141ef87f54c7,222e5c44bb44869a206abebaa6d11b4c8e1a468301888605482c0808fb83d409,d852a77b68be53773cd5631cd1375207cb47ff96d03e51791d1f4ffbb87d3104,79267235300f041761a65df905ef956268a88833b954590d2d11f8d9d3e81c79,9057075334549375250,83.67096774193548,
900862,Nail Polish,notebooks/Task1/dataset1/images/900862.jpg,True,91,180,RGB,6948,fbf79c92f2215e34f84b2d91c467787817a015bf1b910e936ca1e8f61858c70b,a8f72506f4f981479e87fca81d589ba33bd094087d5fb4f7f55d72079f107704,b1dac91f177a67c1881dffaf7cae2606e9ea8f5ff308440be59ffb5b7fbc3ef8,e99d458a07a808ba287a2e732084049865fd3c39ec6f8385fae67e9cb223d910,16040863757166730361,154.45848822800497,
900863,Nail Polish,notebooks/Task1/dataset1/images/900863.jpg,True,191,204,RGB,17153,2766cf0fda682d1d0ba7f9208b9205c239a82819cb378a373d457d9c6a920b58,97c73408d922264217075a41948a5398101e2b5a6216c9ae1c3a3d7001571090,9ab4a5147d2bf9621b6fa395a515334576b52036e8526553693f6a9089534001,7ceb0baa1649a427e2b26fefa62bc312dc43e0bb5714f5d8accc8cdac8e92850,7861476902360110181,111.96776929601357,
900864,Nail Polish,notebooks/Task1/dataset1/images/900864.jpg,True,152,198,RGB,8999,5c15d9d935085c35f15799078dd47d1762b87b7e05ea9b404d569967d273c941,c3dcf5c897f76b81ed57b9b9d2bf6d68e4a2ab5ee6ed22d0c99b047aed66616d,6ed1662506868bb8c7adb5dc1f1bb06b4bdf3ea7613e014876d1555573035890,1d13c58f3cf7815107dadbe2ede9dd16f467bd284c01bfdf17c4bf8668464168,4482269765827530669,179.94827586206895,
900865,Nail Polish,notebooks/Task1/dataset1/images/900865.jpg,True,152,111,RGB,9715,38a38c393c7579b03c25ef7ab7f3f8b4c55df54d9f93e6c5b4eed6bd373d01ff,5bb6714cdffa346bc78d5209e1cb3b37a74cacd1fe5c5ddd9682a644b4ab4ca9,53933eca115660d53180caabc7614706cf6b63d5318dd747b7bf47ccdce22391,b14a7ed3cc65d3f8d0fcab46d1faac2f7b462be306e0a6f773f13bc9f39288e4,5533819051351159085,85.92017879948915,
900866,Nail Polish,notebooks/Task1/dataset1/images/900866.jpg,True,155,93,RGB,8748,b2c33c9aee330df7513eac445a860c12337dcd483b5097d7d93ed955326b8f90,4d0d2a416664cb38108fa59c61d926ba30b8d73cd68f97f982046053de011a65,af5786723320e4262c71290182f91d628d7c355942805002ed0d0d19587a03a3,ba454999ef0af52f30090eb9de92bed10f185bc30a07867f6a5bf6e373181326,10251965639342623451,64.81436314363144,
900867,Nail Polish,notebooks/Task1/dataset1/images/900867.jpg,True,88,165,RGB,6861,89c60c48f0379fecec75ac68fbbbcdf86c3fd32b06daac8c7cfc7b2ebf5cd891,d74b42e8c93a7e62b953b9697a539cb19b9bc708410a5d58edf29b4d04354368,9b5c5d54aaa78a70b3fa95e75a8412dd0a2ddec3e53d3d4d21575e99caa05ed0,afd05a79429d13898bc173979a887877819e59476feefd6c02f5767ec203b94e,796023114271985283,79.39043824701196,
900869,Nail Polish,notebooks/Task1/dataset1/images/900869.jpg,True,96,150,RGB,8818,9089cee7e625ee488e0ddcded4eab8675787092ee93fef88728cc7b6994f206e,0f70bfcee61cb27b23e25e96ce4575e53d7713cf54068c895d65be142f5cda02,b7d6058172571f6d5d8d81a24c4c7a940da4ddf33f678ca26e765bdfe7d3c826,36015786b47a9004b21f17b76f4da5cd98f5d3fdc7ab220516e687b22197476b,1601484655143367474,132.61680327868854,
900870,Nail Polish,notebooks/Task1/dataset1/images/900870.jpg,True,111,66,RGB,4401,090063e82d5fddd2466b6d3fff26e21a6f7aa73389fa778e8f1c0dce88129bf7,f88b5a27114ded1ea58a92d8b0a05ce83109fc69fbc1b2328aa8bbd98b054d91,37cbf144f22a91f25d0151f28f6b3448f68157be4039cecb8ce0f9a5e8dee433,9b292f21deb5529fbeef1575bac761930ac1bcddb6fb04fdcdb48d906e61e503,9641129928462512441,85.39904761904762,
900871,Nail Polish,notebooks/Task1/dataset1/images/900871.jpg,True,183,207,RGB,16138,6203495a11983fb21cdbe0f7f8c0362854b3d24df4a9fe47511ba6ce26f55c26,18c475e6280c314b8f7a344e0076e73164cd2f8a74103276f91e853c517cb2be,ff7baab41438b43dd5f3bb102802b7cd6f893f8be9df04cdf6c2833c15ab622b,e9bd731e15d4ae3f6e7d0e30b64230e1a90d743774c23cc51326f8cf57000b51,2273019991254777382,120.66494845360825,
900872,Nail Polish,notebooks/Task1/dataset1/images/900872.jpg,True,93,135,RGB,6437,85c1625d1b0562079cc4fbdc9ab662ad0bbdc7dc445ddef69d2361fe32e23aec,52ba87da2fb0edb1b87f197e4179c796b24a4b6731339a74d01f0509c3d9a6ca,97b007710b0867edc825aa79f0912b7bf10e9cf231fbd5fe1b0e882d88279258,628abef03cb4bbaceca3a522482316710e2100b0626be1672535594399494e66,17625558007467471843,166.21533923303835,
900873,Nail Polish,notebooks/Task1/dataset1/images/900873.jpg,True,163,95,RGB,10350,8e0292e503c325d0986fe1a7a482e2bd7b4d038879043283d62c18863211ed42,d83fe1072632991796b4f89698d39dd2aebb877bc0d5d855cdc02e5596fcb648,0ea6d5bc8ffe4d83017e0b57298a954b701a7502c51ccd9e4c14928e78cb610d,3561cd2e3437c307168c7a425a12db86aedfd69833b8b26d5a6d8b24be065056,4757558898393842562,62.208333333333336,
900874,Nail Polish,notebooks/Task1/dataset1/images/900874.jpg,True,200,99,RGB,6323,1a1fbd270b278b88776cb4d3e4fe49fef2a776c3e6fa901a3c2e4167ee0a756f,4e48afa11eda89ae0b341db7cd79f9336c0af3ea004543e0db595980fb925c9d,d73987b4c4358915971abf9abfd5047ea6e92f69f90110fd34450c424bab90b2,a896990630680c78921de85527f5870ce9f7cf74d968b039b5b8aedde0aa6a30,2676582126788485927,175.14085297418632,
900875,Nail Polish,notebooks/Task1/dataset1/images/900875.jpg,True,142,206,RGB,19445,86f547c6c35595d9c6f978c74bb01bd825f1d7fae45d4dbdc89c0c095884b34d,755756f93740a3af9c497e49ca3f376d6bba044b31f03ae2826957ddf890c3b2,30d3760ec4d0bf27705a5e47b9df867cd1a84ada54b10080d9a199c6383e5c06,73665563ed57c0025297c7acb82cd8f443a6081d270c89fec9f9d67712421434,4266683027361343025,129.18256262042388,
900876,Nail Polish,notebooks/Task1/dataset1/images/900876.jpg,True,133,161,RGB,9180,5a9699db3ddcc617223104883b34d19d6bd889066f81f945af1631a79eea1fbc,69056ad8f0aa7297ab5d889cb148f143ed05879f5ff992cc65285d717dbabfdd,a0fdabc1a673c0241f2f196f24e607b1f1e77efcb6a79cd6e21964d45a3c50a3,31a52ca0c189d5e3af80748c667a545ea00ff6dabefbe152912fc59d50458514,13178910693596296137,90.68835616438356,
900877,Nail Polish,notebooks/Task1/dataset1/images/900877.jpg,True,122,159,RGB,14194,ce25af7c727f93244083b6fb88474c1d00e5025ed3c30f8a7e10ec564a949af7,e46b0699487dad35045cbb5f811c632f506017b7adfde7698279a6e6a90cdf67,f2e2fd69359b9bc3d8b5d505f1a52fdcb9416eb580da57b6f9513629fa743e93,c59a30db37eccd1fb0b22f25a90562e4e5a87a7095637879ccc4ff8823831acb,11298938717101276488,131.6690561529271,
900878,Nail Polish,notebooks/Task1/dataset1/images/900878.jpg,True,74,108,RGB,4287,bf4d5f91f72e7e333c7b211984c2872382b70d8795cf15171ce347a0bc80aec0,15c95461397cadffc53585b3eea3334343a95a2637b49e3859f5281c04f1ed8f,423748c0f609ef6c099c3931f95bcb4f6b9dae01edaab3f97219d382ffadabae,dd8e76e57488418466af39cc7f2240f0343c19a42544efe850564f8c729f31b9,7050612278361971707,45.45185185185185,
900879,Nail Polish,notebooks/Task1/dataset1/images/900879.jpg,True,103,139,RGB,7279,1073a020a2f4500a88821ebce878e5a119b6e9381590147e29f50013ca084fa0,b14f98a59296d7add2a40eb0eecc4a6cbf0a0912f80ad1de6ad201b81881ab17,e702295192f29d6ca59f470722adb6147b5cb7cb030f3a81834bb38f546941d9,174bde50ddcae0fdeddcaa704620aee5bfa3e34188d2577929bba825655d33a3,7486059876082834542,100.90138888888889,
900880,Nail Polish,notebooks/Task1/dataset1/images/900880.jpg,True,223,122,RGB,14310,87c2ad26df9bc878d8cc42691dde59df21e3bec75547b325d4aab9071c227b91,4b76c8c5c64767ab06cfe480feab4c29aaad80ad2b3255dbf1d84cc1c9299d93,1d90347b46c4e43073dabe9c0da66fdbed0cea4cf5110a69bab43bdce565cdbc,186ecbd2c80a233b20590d2e48af16436665f731efc46ad18730449a174fd0ac,9519549851113963916,99.12342079689019,
900881,Nail Polish,notebooks/Task1/dataset1/images/900881.jpg,True,53,129,RGB,5045,f63643f6206190a931f1bf34b2914d9fb5999ee6ea516360f5a3a4492182406a,7e0a31b2d6c6f24c8f921aa5bb9abaa5f3205cbe9216c9bdaa8e0b28a5f34011,52ab98cf6691405758597a6ea85a6a2adb25e59afdbc6fa6262e0c9b8c07e36f,73c34aa817f603cb41d7f44c48e84a8aca87a1c6c328fffc7003360b310b7e64,17328862339717002118,107.40833333333333,
900882,Nail Polish,notebooks/Task1/dataset1/images/900882.jpg,True,171,174,RGB,14459,9b7ea31996160fde35ccc9852c4a441601345ce1980ffa3d68aa1b7ab5a6c768,8af3c80391548bafcff7ea9e23f343bb6f031aaf4631cfc359d77468f281b5d7,d5349b1ac258c34aba1760f4daf2367dfc8d1e2f834d9fc3daebe4cb773f0999,a4200854cb0362ca9a7ab393a765c8a4b1748e1cf669fadd3ffc9b33ba61c14f,5640234685362800015,53.38483965014577,
900884,Nail Polish,notebooks/Task1/dataset1/images/900884.jpg,True,137,132,RGB,9420,ee9c56fdbd5f62f5f1c6b4d7247a819678b407ae50261895c708898905e73111,1b995825be52e91412b16dc61c84c0bd51de4b1c9faf018a0e6a888686cd7f3c,f17a93be2a320b6170a4ac12da07856c40e1d71ee1488ff2eb9cbcfc4face913,88c9d8b92ee632fc5a082f520545fd6bac78f434de7cb496d60898559f78522d,16493471102184897787,65.00624219725343,
900885,Nail Polish,notebooks/Task1/dataset1/images/900885.jpg,True,139,206,RGB,15148,b9b8dfe44d0c6d95995a53b07ae488dc9eb25fc5f55a99bb8cfdef97bf064a7d,37140416718dc5b91951928093768892cbe717c87c0dad3b9b6c53f6a572435e,49bc74aeda8b8f2d0611683b3d6c1f5ffb996e3b255fbfd0292dc56fb281eee1,bb03789efcdbf99746b96150926c6b657bd8b4ce6de37acd4ce4ff9360b414ff,3691315100497160524,88.41448007774538,
900887,Nail Polish,notebooks/Task1/dataset1/images/900887.jpg,True,113,55,RGB,3068,4fd0b7930f43a855303aa3a3a390df95b6adb263990ef7aedfbcb66681a8a08c,b30ba6a03448b1ecdfa9d4eebcc428803b5afd38288f434733dfd5b1ff9ca226,f828202824687d2e7d704d790da23f70ce153d7c33e2d1f12a17cd155d889f42,a0453f42ff344b1428c65f9a6d959be5350617fd01d99d2aad8f2c92b4553717,11296929787725508763,2.4859437751004014,
900888,Nail Polish,notebooks/Task1/dataset1/images/900888.jpg,True,122,221,RGB,13849,9387541a06eaaaa95c6d088bf80f054d560adb3b81e6f36cd166d927c45d5d70,a94299c0a8dd39261eddf8d522974663c122d4ff97811304ebbea6c0841766ab,b0cf0b8ab4aeb9bf9ad622eb04512800772fc508af65d6d76a62b6c80b2f5824,01a4612ffd99a028f0b23281660f98090f02d42ec0e063633f46b8e53b86b4f6,13301545899632568006,138.0909090909091,
900889,Nail Polish,notebooks/Task1/dataset1/images/900889.jpg,True,156,97,RGB,8815,90a2fe3ab5d668d1980c581113e98c606e429e8a7dd95fcb3d57f765465757a0,6937c460ebd87338c4099a6dd9c274eb06235ed317459bd9a41429d7ef4f9781,75bdeb61ee31054e9e355da50bcd5740d5606f5c060ddae0779864ce127e85b4,5f9ce35080b7ef9ab0f9a571ce2ad0faad30ba2fd6a793d56d70bbc26d323555,1630480786981090141,118.51460823373174,
900890,Nail Polish,notebooks/Task1/dataset1/images/900890.jpg,True,69,123,RGB,5097,046ea0973b8a2b9a6a72b0bd6f9b2e95e7c7b55c9d4bf7cb010e0698f3259b19,8cfdeb4e566df9db4cc65491bb1c364cb9242a17dcac9933cc9bbf1a53cbaf3d,dc29f506af52a2b0c13496442ba46ca7a3863ea7a025a2844963de0d13a362a3,57146e73f0207ef2b3e635c9685f50c10a29dfd5636c3b9157712ab5ff3dabff,10096243049165737538,128.43947368421053,
900891,Nail Polish,notebooks/Task1/dataset1/images/900891.jpg,True,142,92,RGB,7274,a9b87666c408b9c50a29ea16477db502cf4f0b43f46007b34c3cca38c12501fc,ebfb51b9b4df7a46f300c8327a0ecf5bb53175c612905a48f573b610a69ba911,e5fc241d7cbd94897756716f1da73f979b63fa9018c1393b31e26e2c6a84d2b6,0767307bf30a87f1d3cf30c9fca6f2de48e50c633ff2e49a6d1ef5473b18dd11,5847159985724928436,124.0646551724138,
900892,Nail Polish,notebooks/Task1/dataset1/images/900892.jpg,True,77,237,RGB,7027,c35192db37bf4cded914bb6f75b431b4d718996f828c63e0c2d69b6d499410ce,0f84a0cff7abc5a6a4d983ae15c57768a3ebb2071fff75e79bc987574411e11b,bb73442d5db225d04d507197974db8734d6230b8d2708ef05dfb5cfa379cff05,108d6f2bb951e270c91912e21da6048865f136f568b50f8509098ce6055db092,10043911059628158126,40.542735042735046,
900893,Nail Polish,notebooks/Task1/dataset1/images/900893.jpg,True,151,99,RGB,7115,f3d8a097a356c88eea0bed96d6843d80083c7c7890a2b883d9d60ce505b5d14c,c17b3b0edcb80184a9a38d6aa339eb2ff542567902efacd71dd12c2b4f6d465a,712332a9216c0d1c89e24ff06d222dc9c86fb2e89ae6e17473d62c4578432465,4d5be989e327ff5ad328ed117dda70c6e513aa4c416695b72ed2b8d47be772ac,9424196317178395760,25.596774193548388,
900894,Nail Polish,notebooks/Task1/dataset1/images/900894.jpg,True,79,144,RGB,5119,e26b1f6741b0ce66127612a1d34e26c2a60d246fc0c31619dfef59595c648efa,41a8dae6d669bdaa8e3d5423b46d323db4c626dc7b929d45994ccba919662b65,056aa978b1fa6bacd3b50c316afa36fbcdcc9ffe4ffd63935af57091eaebdde0,08fa21da9fdbf56a32907925c8944ee13dc84f4b6f47fc9084ae5de747a5acc6,15603854693540807631,170.4683257918552,
900895,Nail Polish,notebooks/Task1/dataset1/images/900895.jpg,True,103,166,RGB,10639,d1b3b956dd3b1667e13f5a09c1437050a810d6fd3bc6eaa0bc41f1f65741b319,dd1db360cd7e0be347d2c9670475ef082826a1d487f881120d09e6191725e6b0,c1e46ccee525b9c3f1ae669cf03cfa5e5d95c6cd10b1e64580a07c5f78bee574,df847412b27f07659a35ff73b045390d54e0e4977fb5ddebe6bd9c23a8c06579,3730039626190307171,145.6410736579276,
900896,Nail Polish,notebooks/Task1/dataset1/images/900896.jpg,True,92,177,RGB,8473,846e77e446198e9bc63f551c23ce6636cb413ef688b4c5eddaf54bcbd8a01e51,719149d820df8e8b4fe15a9a1e3981a24cd6fca559134d91fe26051b8dc26089,a6614d30bd7966228c8c8a73ce17286c63c52a9f79958a47aac133dc3a3348be,bfaf0cc21878d10b7963175319b9c068127ddf27a82a8acb2196ec83fc7f8a41,11357971187222058752,92.7103620474407,
900897,Nail Polish,notebooks/Task1/dataset1/images/900897.jpg,True,99,111,RGB,5071,0ecc4f012ca82529d35eb758f1c8ec71de1bb2c7465a4133887524f1a5acb881,9a86aa390231a994439a1da6be28e4482ce71a882ddbc6cf6bdc9d86e86044bd,4f55587cf9501aae560d263fd8b67dad84ebc6a6b5a851646ac99ac51c5e1cd5,69c2094c057baf3fc9c2c856d361d2598d9862f6b00f3f85f2335f1ce54c81cb,446488129441620452,142.1698717948718,
900898,Nail Polish,notebooks/Task1/dataset1/images/900898.jpg,True,205,136,RGB,12458,5e477d95225586e726234710763b24cf27001cf36f8e35afbe7e11ab4c25f6a5,07d2afd6b8afe2a8ae07b2c2ecf6d5bed0a5d94761ca257a63a2db031e645b18,4df9d8d0974e1d851b74f838572fd3e2cb27949ed661672a2bd22e0c0a69ee35,242724ecb4b9e5baf6ec4949c25fb44ea89c99074b2f7954e4518fc745202c91,9552436265827966022,93.33185840707965,
900899,Nail Polish,notebooks/Task1/dataset1/images/900899.jpg,True,107,158,RGB,7051,42f2c97b92778e7deb63abc4a1cca482ecfd06a820b5433e57552feb7416e062,2f8c02f885bad9ee6274d58dc4a953fb04b0d3b1daf4acdfc9a57a2d73f578a6,42bd4fc97c5ed9bc0aaa6f63fe15e10f7957436679a1a4ea03260829b9ddbf73,0d65fb06a6b2e2ce3631198f8ee46c63c82f78b88beb383bad8a6a2b3ff3fcaf,362050914785415497,161.7103929024081,
900900,Nail Polish,notebooks/Task1/dataset1/images/900900.jpg,True,107,148,RGB,9524,0cc5fde3940367a9f18f6b994a33d1768b093eadea043bcf8b662ef17b9eaf76,4289ceec2d85846ec6ebc15c5e247c447209376ff2f2c5d5435efd1ef5276e8b,36da161cb5ef232da7b6e5e64f7759e56b0e9506c6083f6d62adf3eb4a4e37e5,05f84bdf9078a27d325494f4a0f689914059e602e31b5363de657597ca25813c,14729774153850930585,142.71541501976284,
900901,Nail Polish,notebooks/Task1/dataset1/images/900901.jpg,True,69,105,RGB,4324,bf10f49b4ecff14f39450feafd5e3f83f510a55ee4188246adbf3f6cc149ba3e,94ed8f70dea83d772cedf47f0f0750b9798456b4093a0b1483eebb29f036e03c,7ce382e608aede60ddee0964d57a381c4904b513454f1af50829fbcfab00573b,d7c0bc9212013d35d47c0f0bc19f8c8f28f55205b5987dea97d0d5caa418c5c8,7091004021796602672,66.6327519379845,
900902,Nail Polish,notebooks/Task1/dataset1/images/900902.jpg,True,157,91,RGB,9866,c7da40b4c46a38c95388af15249476b9f11c90734ee60649ccb07d4c31869287,e2bb2d6079bfb553c1a482e00412fe84270915f03de88b6cbbd31c83f6c4bb48,57259136e169b3e568b39cbd6231c5a28ff6a9885550e94bd77f6c2b27362695,1b79779e73b12e1b1019bf61fb54d59b0c9d8864b3a00b35d07b2e1af62cffcf,5636564017470312857,139.08468834688347,
900903,Nail Polish,notebooks/Task1/dataset1/images/900903.jpg,True,97,136,RGB,8166,44d8b6c99edccee69729fc27ef28611631281228d98fdec96c7b9d84eb92ed2a,e9a3eab363e465e3dd386fca53618521b5f30f92aac7a2bbf2f400a069b3c462,7f7dbefbf12221ec6252e82ec539cb80f3f960f98f64b6da94b5b2904c1763b7,d03539c6e4d9a9325f4477c183f1522deb75020cc9e45d3a94639eb99dac30bc,3779427863566888807,129.06854256854257,
900904,Nail Polish,notebooks/Task1/dataset1/images/900904.jpg,True,93,127,RGB,4778,078f10ed2416c3a0461bc917feed0d4ea8c42d026fdb679cdb5625fcda75d57e,83d8d8d344f24d01b2650a4491cd41fadabb4d6408054dc8461dce19d2217e53,90c1274412da452d3d3fff2776dba2f96a4106467d3c47c97bfa72836d16a536,84a2757cf399448328ab9729c9f032b259ce092440a989e1ceb78f88e4552c3f,15460448974826948976,21.835626911314986,
900905,Nail Polish,notebooks/Task1/dataset1/images/900905.jpg,True,119,137,RGB,9026,8446b78d46e8982e26cb73ded1fa5d10ab883db8c795899a2e6c69cb93ce7373,97e7d0698f6e4d001d69676fdb64469ea2ef1f74dd15378d485bb3e39af928ac,2fe60c3a45a08bea9f0ad18ff07df0287f9c85ea5a35b57fd7ad104ab3c3f604,52a3d341eae8119909cf51373811a2852d7724bb0d4cf64db6cac6ac237aeb1b,8175397489640459156,75.54068241469817,
900906,Nail Polish,notebooks/Task1/dataset1/images/900906.jpg,True,67,118,RGB,5234,af3c48d930b31abc61bd6a2096bbe219df874959aec0805423792ee1bec70238,73da17e6880c151589a63eb5b93b23fdfef0d409bc9e91396f11eaad167530cb,4f1770eecb5420f10f7c3c984f03d1b7be0a80104e8be538085c24c8c6f1fb29,42842591a4dcd5b2a675a2c2276725586e87157404d1d5cf79d9f96d40de6cb7,4747009302135193143,91.95901639344262,
900907,Nail Polish,notebooks/Task1/dataset1/images/900907.jpg,True,155,120,RGB,8351,1286a18138227a7d4e3fc82ff937fdcf5830d6846133d8c7f83e5b39c1d37b88,1d97815627f713ba1c54d83866a68c2816cc11e1ade87b8a73e7b4764a348da8,660c501e988a8c5ed4c07ce30c25b9b6f00e9b8b434f84d1fe731762385bec65,19939a85ed837a1e7dc8f521d5e80cb4b2b5ae1393d58d848bd568c1ec29d81a,7676112229228782627,155.26495726495727,
900908,Nail Polish,notebooks/Task1/dataset1/images/900908.jpg,True,118,70,RGB,4137,36fcf766ff6964632f4bd624bf429341c92b1c2ab5d0dd3d65dabffb42148037,4aa93c6e4e8987793f7b509a88a8110a60447088987c7e1801830003cba013f1,41f25c004109a2c7b5fb18365e4490177fede33dd9e3dc4b3302c1c94f943e81,d094d3f517f586c841bfe04253e073771f1f43ae6787741f2e0682c396c7bb77,11084418352777226086,130.55645161290323,
900909,Nail Polish,notebooks/Task1/dataset1/images/900909.jpg,True,96,64,RGB,3512,e74768ff6c717a562735cc23708572303837498052cbcb1977d5510bae7fbdcf,c25855557a26955c1ea7ff6e2a4838940ec7462715fd7f3fee22bcb06a5960b6,a2e81839528f976380917927eb7304634f9e6cbb00c8ee975b6fdfba2d9f4f34,dfd8d67c66e5077a9f94d96b3cfcb2a775981ab2312454702617545bb8d54123,386351762981275746,38.684599156118146,
900910,Nail Polish,notebooks/Task1/dataset1/images/900910.jpg,True,83,162,RGB,6644,4ff438fbdd352a43848e6e3f2e65012550385cf17867aa558e667ab3e490566f,0afa4818bf3ddbe7136e32a65c3ea58bba7fc1c9e91e3f33a2df9449bdb7eb34,60c7be066339efe303aad63043493fd7bfcc958c9f69b3dde33a81c4e30d2329,da4042c770411b449758058c1b5dd85430d6c33b0d9a96ed1301feebe3173285,2179071094453777667,129.5034293552812,
900911,Nail Polish,notebooks/Task1/dataset1/images/900911.jpg,True,154,51,RGB,3116,583cb7158944e92362af7fb4b0454f75414279cc9e390189c5d406fd0afbc5f9,00d4dbcee8d81c84168a23fd422bb77f44350984add0c33266394b4e19d6d02e,0468700f755c7a9bd150c6059ef8b697082f62d3e7705935d0841d48bb29d6a4,822c97f590e5a7292750f6a5186ed0386eb53c8ee184b031f9a0f3f5b8f26999,13291880537569277105,6.961412151067323,
900912,Nail Polish,notebooks/Task1/dataset1/images/900912.jpg,True,225,123,RGB,11712,46cf14b938ec1ea63133cd3517cb2978e8eb6daf697804ddacac2b30b5596e21,46e06de72b57b4daad42723676027b790f57c8ca1707f5a9404e32a5789932ca,371384d115307ccce8bb1ec2ae14600cff4bbb0e079d7114a7d31eac2f62122b,d1f5cdea0edfddf1ead5cb4136ff8caf1ccfeb7fee81b74f6ac37b7b5515184c,2893390768124901556,30.98843930635838,
900913,Nail Polish,notebooks/Task1/dataset1/images/900913.jpg,True,168,53,RGB,4697,d079f76dbba819d8f45b83d16c6ee567360f685995158ab3073a2c3a1f9332d5,6dcb71b367c9daabed74698e549b8108c65e6686393ab02d6ea13335419628f0,913f33efa2ca5a55d2055259462d3fa4cc1a8c6a37813baf872f3ba1fdb54dbb,6cc7fe846d43fe20bfa363a19e03701f6deda1253e0aa6ccdf2c80290f633f51,10643117288464814481,22.202435312024352,
900914,Nail Polish,notebooks/Task1/dataset1/images/900914.jpg,True,133,113,RGB,6497,f4f39455b4b958726028b751aa3d11e1f32b9f711f2fbed5c17e45968ada3c65,9955bcdfb249be3ed72775f867f6c756a3e559416004a2d7c655cfe3a488528f,5a6702eabb7dda4a5393b96ede0b0a8fee3c0bc53c3f3beea9313a52f1a6756a,3256c9e176410d50173b8369158415c98acffe4e45c5154162ff491eb4a41a2f,7912221569569991995,58.27117486338798,
900915,Nail Polish,notebooks/Task1/dataset1/images/900915.jpg,True,103,113,RGB,7527,bbd9918d9c135b2fa25095202256a310976426c4be2d5141510c742a6d87a003,87d67a7a31d1c2b59a02eeea99f180c3b276339ec0860f29e5224814830b6cd0,21b7bd9804541cf2a7dc8bdaf36e06fe0a2e80d263b7b55fbf1b1c40aad07396,76bb59e28926989096f5d5246256f4fec37c2f66ed9b169375f36b7f0f5707af,4708001174619401421,95.69548286604362,
900916,Nail Polish,notebooks/Task1/dataset1/images/900916.jpg,True,120,139,RGB,10318,49008c8948df6abb1315fd3d803ade922c30abb02cfd646e9448e346e62e5cb7,74ddee27f349aa15df1bdf34bcf85b3195579be64231e2041f6bcd96bf7b6198,8c5c4b6e25688b584e8cb89ab40efb9b91a5cc6e7ff16ad6867a3bcdf30bab04,42da91632dc8ae011ed1091564d402757bcf61c21ec9a9efc02eef10b550afd0,2682237997544610221,134.04474708171207,
900917,Nail Polish,notebooks/Task1/dataset1/images/900917.jpg,True,106,178,RGB,7718,68782f3b9d8e8c01438e9d41437dc3b2c1aa18ad0f05dbb3b3976443b1af4b63,55236efb9c2b2ccdc41fca3f69f0c84bdf2506f0a10b78db7753e66574cf6bfd,fb2b54ae1695e7fb1ff6e942ed47e4dd08ff6c2a01dfc4bcd542be58b2b9448a,38269d6f8f7ee841306cbc7b2c0cdab5e83c1aa183cd4d21fa537a0ed7156630,3978956770781374357,159.78605200945626,
900918,Nail Polish,notebooks/Task1/dataset1/images/900918.jpg,True,54,148,RGB,4464,1ad606b1a4162cee5bfe0d7b4ee7175fc47b472a77dfc9559eacd07d96bc8c4f,103aff091b2cdd5cc59a26dbca8151a55ef886ec8db1d6689565b347b152741d,ffc7e25a72ded77b60cfd30fdf41cc7cb864c7d2d6744f2e1e0be4924f6cd1fb,630c4ae37125c4bef51478546a176e2a701678435dfea429764aa80764cbb57b,17578440128678013189,124.6725,
900919,Nail Polish,notebooks/Task1/dataset1/images/900919.jpg,True,100,169,RGB,9446,fe1431e809c61b20ec4934b079c4a9517a72afd0ccf94964dd20253692cbb0ab,62f1f60b3cdb1bfdd08a6ef07e308f3c8952e6b09c6f7f9e1d0b6b83eb97c33d,02cebe7502a9cccbdc50c622a9bd8fa37014b1a48939651bb69bc08914b31a87,765a3c14af8d01d5361df9df1f75e9bfbe167a3364481c71b40f0b42033c467b,15666325694767341324,96.25717852684144,
900920,Nail Polish,notebooks/Task1/dataset1/images/900920.jpg,True,210,149,RGB,13535,0e14871461ac986bbe92d4a1c8a03923e28eacdb914d1d9972a8f6080f7daf8f,f0ac5513644b672f39f27e2d03d31ea85708b403df09650312c96925157cf9ce,f5d67c36a419c124898a3732975f3108660b12206e91e7ac10c9ec307c6ce467,da696c2a21b2d08bfa52cd3cdab45aa6f98760848237ccb50fdb7e4d34f89ded,9041395293716981687,127.08916900093371,
900921,Nail Polish,notebooks/Task1/dataset1/images/900921.jpg,True,195,119,RGB,11828,ec83ee9f47c0b528c9b804f0545478342e36e82472762b65f1f201e88c648d1c,0951bd7517d75ad7f139d673fd423b5aa948c6d04b69ad2f850c60e07efd3337,48564a943ef87cb9070dca8874cfda75f6b55162307152c370183b907b8b13ad,2f66764e9aea385aa41c723cceb3d28ae585b38225af7da9e4ff6095752c5741,11515593860530752737,154.16720085470087,
900922,Nail Polish,notebooks/Task1/dataset1/images/900922.jpg,True,167,77,RGB,5307,ef71af9ac25287aded541230b61812f4d610ec2b6ce6167aa4d55bc291a20ac8,883df70d1194794cfa9562b3c2c3bff587518a2f2e0dacc7c7af1a137557963e,985b8575dba3f124f95795d008e970e84550b7e8ca53833b5e3b77cabb3079a4,6990c81cccc78646ddd271b8f9931bfe99413db77e0ed57de1379d002cfaf3c4,937651658627846637,122.59917355371901,
900923,Nail Polish,notebooks/Task1/dataset1/images/900923.jpg,True,113,206,RGB,9713,8ef4b068f461cbed849e587dd507fb00025839caf2ebea46303b8042a8df4d23,fb04f1433f88af10c8ef2f455bd61fdb33de5ecc5ebb0a3a418a3dbedae548bf,3212daa291ac6761fae6fa27389f64597a015f2cbe5d46ea621698474c6d94f2,b158f4a4041b8dcc4caa347e1a620226a2f6930bc3ec05c9a93c8f709d3f26a0,11844790306585626615,177.0168243953733,
900924,Nail Polish,notebooks/Task1/dataset1/images/900924.jpg,True,179,119,RGB,9120,eb4a1118b7d0c3f05bcfa9792332a07ffa246f98eb8620d4c8f49eba908a7801,1530c86f1ee1dcd121c2e7fac88d1838a0132f4b5db9c981e59599d2491c997f,07635be012187693918bafeb831cef9114e71d95543a7883c925fd69e2859619,0b48ee79c0bf733cdab86671cc0e57e2725bc628daab6daea0f8c54b0babb42e,13659720238419884349,131.4769144144144,
900926,Nail Polish,notebooks/Task1/dataset1/images/900926.jpg,True,148,187,RGB,15992,4029e50058d0b7cf9b2de10d9c42b75adc0f2c3fe153a2f1424d686b7ba31c1b,e10671eccab5b98de038de2710b71a046e59511ddc1edb336a9553b04bb76741,81310571d74a46b7c801c34f33adde57f3bc1507213a49c62d16e3b1776aca4e,f01d1ec537b9597842309e114d53c584d421c5bfd6c22fbf73ebc0da340f7c20,7595900830778117473,149.23673673673673,
900927,Nail Polish,notebooks/Task1/dataset1/images/900927.jpg,True,171,200,RGB,19362,c741c553a65b4b1ff62fdb6d440fb5717357bc84545a3be1377b96ff7369d439,aa2900e33f635677ee81edd554cda478b2a66fa2f695a51511d872104cd15a54,33b287ebca4374ce2d7491d26878b5ca535d7097aa9a76819e00279420ee1fbc,26d440bbd85057c7ad794e3d8edf3b5eb9d5c78ab2cd23b4e1132aa4f25d9bc5,12263328289084863065,85.32655826558266,
900928,Nail Polish,notebooks/Task1/dataset1/images/900928.jpg,True,153,151,RGB,7417,113a6585238b3f27ce6463b721bcaff06e14f3b38e783d57ae6abb2c6360c074,54ac90f2f5816d42e295dbce13965fdfa9470215b43aeb5497996803f4312df4,f108c9861178798e84f62dd93a0372cf1bbfa85f0d023a35b28009e17b5c2693,0aaf567e0a32ceb058584aeb87544e1e87049f3ef3271bbc9a4eee6f1dd71953,2384141884799410469,17.339955849889623,
900929,Nail Polish,notebooks/Task1/dataset1/images/900929.jpg,True,55,154,RGB,4186,faee2699eaba4306333a9dddc0c180ccab2784d7d40a5075c6ff3cdfb69bdcc4,398924107479cd295116eb02759e51947117516e07ecfb33ec12a6f76c8b030c,1a2ee3b4a954642db57c787f1d055596c339c7b6d0f18d9d06380eb439457242,07c224af76638e941dc159357e779f504d4c09ab035b5e1c80b3d6d87a50ac90,16222441699993026833,59.58373590982286,
900930,Nail Polish,notebooks/Task1/dataset1/images/900930.jpg,True,172,108,RGB,8415,9b0abb899167f55f7e7463f7ebbb42b4cde8d2c1a29b6d6629b3dfdf1490665e,eebf8289bb021cbbec261147e3ea2739d403e252346f0437932c32e7539cf412,c2c33302484183ead89fbce67f0bfaf7f8a93face43be02f2e73514a200ab8ca,6a7cae0ba1aba5119aa04bc930a11a559f02fab842c5fdfb023745b36e9e80e2,9885736961929826199,62.98081534772182,
900931,Nail Polish,notebooks/Task1/dataset1/images/900931.jpg,True,50,161,RGB,4411,57fa0fb8be9fe61eb8580568dc577be74b5a1134a104c1b498e936e43c77c611,d7b5515055fab660cfc1ea765a11304ea59e90d4bc10326c51a950b00f42d4ba,78739a4db4b32277c008bfed717ac8eb2f8ca647446f15ad11cd685a6df80108,7cfec0944724a274e7e6ec1a7c95d2fa4a7833ef842ee5386dc59ff0f9399383,10309623787297819721,120.33732057416267,
900932,Nail Polish,notebooks/Task1/dataset1/images/900932.jpg,True,116,121,RGB,6423,51a006bbbbc5ca8ea27d22ebb46dce12430b730f80831e12f6ec3ed2803c9822,d2454e2f38b41116db6554d79b057ad010bb260b86ed3faa7ce51dd224f26224,594fc986162a057828d2837df38132cf17d848edd91f4da7be0eb3f4573256ad,7bdc6b966c5cb251259ae7c1bc343a7f4c470cc6667b49ffbd0d97a0a70a929b,2320549621606641660,165.18510638297872,
900933,Nail Polish,notebooks/Task1/dataset1/images/900933.jpg,True,207,113,RGB,9300,f4caa5a3e38b65d3af25f4884d095f628a5ec7175c17f643977f676e36f2913d,d323868b1bc6d45218b573fc5bf2797022e40e0614a3333e0f87f34da1334a44,d14c278fae7438ebac8d803a8f0455db69a6381045c35833b8d2634fcbb61a28,ce3266fbb318a129b1783982580d3a4a5699cb422cf0d317c3a20c75ed516043,16258740874115212932,17.521488469601678,
900934,Nail Polish,notebooks/Task1/dataset1/images/900934.jpg,True,98,186,RGB,10916,b2d80ffcc77ca33e8415f3b4a045978643fade6c1788279a1ef5d1890172f80f,373a4301334c2aa58f6109c7ada8148edd417c9fddffde5c149367362622615a,47076b91323e24d6b47f0b6d54f337f375da9a2be89911c1b49b8983fdc24617,75fff4d056e6daf7f113615615ca323bc429906fb590db4b9412577ace222e6f,16975056312680567419,73.66193853427896,
900935,Nail Polish,notebooks/Task1/dataset1/images/900935.jpg,True,185,147,RGB,14322,3d2f451acbda12f7a9e1cb58f40c43467393ee98531643b5009afb99b4bb8d38,aaa6d6425d23a4a39e0ff7bb4d47f762f22d739f4d12258e38ee5db7c8217f08,3f891aef37ab7a021e8767b76906990dff1b0e211340385a59ccc4bb68aa3b49,b6a6f0c1b80b1e2ec8371583b77f39ba506efe659bbc1be8a74f53b37a5b41bd,5423349602510385465,89.32777777777778,
900936,Nail Polish,notebooks/Task1/dataset1/images/900936.jpg,True,149,88,RGB,7858,13691897f26859f92bcbcf6d8b3f81627953e28d7c58542b03bd8f5e013ecc9b,7ec66a9e2d40b1c5d00dc88205d27a7d24c03c0ca0d0650f2b92a0a0a8f512f9,2912ece35412b9f20b6ca432fd0c7bf934aeaf004f87de5fa9644b9ce2fe9137,229608c9b8e328376c20c208c605d990257c1d16cd494e367dd6cc2d141b53c4,15650346406280259126,168.33829787234043,
900937,Nail Polish,notebooks/Task1/dataset1/images/900937.jpg,True,141,96,RGB,6983,047e91293ebf6562a00bbf5fa06f942e4c0071f4d1d85ddd73b12c40eac51c3d,f8dac9b9456a6c92ef497c42e1b2de0941c97fac15e62ade4f0a76fbe677b3ed,69aec873170198ed688bef947d67f788c01e56bb0cc7177ad29256649f020112,092044ee44f66137238be8ed3a70e73e46a8141bb1f286802b4d2f0470aa9e9d,7378654900951409505,127.63475177304964,
900938,Nail Polish,notebooks/Task1/dataset1/images/900938.jpg,True,128,121,RGB,9301,d817b0df3fcbb49246dea1e494c7cd6aa61df91a0cb34b71d1ece092ab7755ae,a3621ae1cf9ffe9c423d1cb5c5d1f79351439be96711762aac3a349cc9d62863,ea6bbce2d38d32ecfa94e5e4613697798c10077d46f09f3a32bd0fc9f3980b80,5f1d34a27c302cbcc074afa9fff39a063294499b834eefab87f4b165c50ff46c,4349407098985526075,71.18960863697706,
900939,Nail Polish,notebooks/Task1/dataset1/images/900939.jpg,True,219,181,RGB,17172,4ee88fdbfdff6d92c4901694ba617e413b788af2b64d382efaddd20b5133d842,ad00d4cf9190e8765bd38a24c620fefc6a3df017fcece99c048b96844bc1e95b,cb8ea576f60915471225459d14fc04a89be5e3698422c9a166b6014f7d3bd3d8,4c90db440182b36fd99d61b107b170b8501af115cd4e0e32b7e54291bb4b546a,7887555142913270844,140.6461474036851,
900940,Nail Polish,notebooks/Task1/dataset1/images/900940.jpg,True,153,95,RGB,8835,176a3594ce0ff38300b0b88df1b3124199671a7f10a83449d4ba90b9969ad271,b71bd57dc45029b73889450acc53c5d785ef5f623c524a96a89282fa863a0f49,30145a52ea5ddfe2337c7da3969448646d30cfe5a893d26652567d682019a075,223fb3debb2aad25d7c2e65a656066b3c0e38f0afa2bce3a61e3b7127e0b0a60,16830377901502154324,139.80149051490514,
900941,Nail Polish,notebooks/Task1/dataset1/images/900941.jpg,True,166,86,RGB,6238,3a475fbd86d187abec30c64477ea03b33882fe5062a2d8e85b8a4e28b7fd3672,16878e8e618a45142c33ad85e4cbfff20f5c29df7cfaf8a33c7a2ecf526690d0,ba44a5dd756bf4a9ec45b73780f980908fa459a6621c966508cf740c99855b27,2852bc882f8384a5f29f1b4072de8655e161fda7e599056283aece3fec80ece8,4932699538544043696,132.57866666666666,
900942,Nail Polish,notebooks/Task1/dataset1/images/900942.jpg,True,140,215,RGB,12357,1e942a289c984d0c6e8ac38c72b2080b1b7e8265f7d000e1cc368820dcbcba74,d71138bbe0649c4077f91691dcea847272102f2aafcb197df7e5c661f7d2a56a,914e9ccc273054ef8ae8221d9ca0d7a74211d4fe2c4ae3fcee2eba638b58fad9,f06947568829772481fdb7cc2fcf7c27b244615706eca550f61f470b5ca41abf,6932046259233535684,34.07459867799811,
900943,Nail Polish,notebooks/Task1/dataset1/images/900943.jpg,True,65,168,RGB,6703,a9bed433263013d2bbca42fde22e261097b7a0f8f9a151162431ad4fd494b0d4,98562a829f17cac87467097211d9130647b508e34a57032c8489f525f7a536c2,022e4b882aa58d487b128e68e17fef566ba78e1fb95a92bbcf606d2dd2705258,5a63ba487e7e2553970b6d50d94cb2598f4af5e0c6b5f3fa85718541bffa9c8d,16703171163443534782,98.84776334776335,
900944,Nail Polish,notebooks/Task1/dataset1/images/900944.jpg,True,185,54,RGB,5653,506ad5e84d2da92405d5288ae11ec0c0cd4d2be62ebbd66da60a023aef24a337,44775e9b2305d818ae9f63832a1b9dd347c285f4fca47b22fd15474982f2a2c2,deb9467258a53df467a2e2a233d6835b82931f1802647ec6ac4f7e6dd5d673b5,c6916d1a9a82144c2615877e2d318b0a5c0db15f8af3f115b01101bd72f952c5,4341242601954169089,171.12165963431787,
900945,Nail Polish,notebooks/Task1/dataset1/images/900945.jpg,True,116,126,RGB,5987,871c0a9c39876111b848f891ab73e0241fea0b5f371588db422b060af4e70be6,2897a0dec85dcd19ac9aaf2cae3970dc03430ae59a919682cca238bc707d3485,1dba9115b4ea199a66f1da92fe8aab56ff9856ab29c27ba751007ec4c4867b97,aa982d5d74d8073e65083bc1101ab821fb610cf482163420182f559316119fdb,7369233536760870012,22.214583333333334,
900947,Nail Polish,notebooks/Task1/dataset1/images/900947.jpg,True,149,135,RGB,10229,986838c5eefa43a48c76cdb9c272cd574b75843cb151081d79e9187afc9ea655,28808cd5cda9f6cef7911ae71d47ce3d302467d072f11744e068a196639b050b,22b8cab5d1f6b6acceb4ff2928d26eb5967da4d9ee28eca85b53372fea808db5,d39affe28a66c6ea52a380159acd26cbe8079d1334faa3345122053931d0504c,4114316154827979026,37.705673758865245,
900948,Nail Polish,notebooks/Task1/dataset1/images/900948.jpg,True,65,125,RGB,5440,151c0f2dac06ef0d9b382225fda3ec4ea33a236bc002c1d68f6c8a4da2a2c7c1,adaa763a3c4a47bdbe80186adebe640968e529c41588ac73d454511d3670baad,958ec8df7938588fed185bd3cdb77894c20f96173431b2f52555356a2eac7cf8,8bf21ea067fe552f1de6968f5d3902cf30c0a4a9eea7fe0ef47f6b80663143c6,11014842118973629616,51.163120567375884,
900949,Nail Polish,notebooks/Task1/dataset1/images/900949.jpg,True,182,120,RGB,10634,37ec827a60cd759c1f11fc73f2a09804baf47bdb282132a1a0a7338946f5c40d,34ada648f741ad3d8758b3a459cec17961e8ba10ebfa2f78e5013128bfcdcf51,0beae4375657b22327a0418508bdc6e4853968c08e0cc6130da3313a11516345,1f0fcf4b4c8a366077315fe95e13bf9cf46e44a4dc75d21b47c912eb4de6b110,13014515423320389809,36.370555555555555,
900950,Nail Polish,notebooks/Task1/dataset1/images/900950.jpg,True,151,78,RGB,5854,82e6ca05da75b62baf233ab4fa23632ced0708888dfb784fcdd041622f913949,c84d00f8dfe17b8b8547a5b93cfb51b3be5601734a6635c8d1b1862a4a3f4204,4c0f33cd310da8b8e3104b1bf1b73a7d0da6832c31b29fcec159b3f2a45577dd,f7c512fdc51c5b313077005267ea5cc0e2f9ab5928fe6a037d2efaf484829ad0,15824962641622572882,133.29515418502203,
900951,Nail Polish,notebooks/Task1/dataset1/images/900951.jpg,True,92,171,RGB,6505,f5f783a32cceb12acf5476a33267944674768f3ba2fdedfd45e9a8c042ba6c6c,70dbbf2fa9e3d1eca77c16d70ba6660e40c5ee901569d0ae939645d1c44d2277,1bb0266c5bde9c41c8f658c6636754cbd045f3ec4ad8d19d88ecf5161a613ed5,1c07093f28987d1a30246a2b7b509743f215bc095fde95477e5858bc5f256e09,724805776908897385,112.02043422733078,
900952,Nail Polish,notebooks/Task1/dataset1/images/900952.jpg,True,134,67,RGB,4965,8f14918b70f9a85b260bb85c1c065a4ce574ccdf5a9dd2af58288cfa4b57be1f,577e04db036837b02ef4a2b2b09ff59ca00c7770bddbaa6157c3c6c8d03c25fc,269c8152d71e070ca12e078e240a4afa0d9dbbd95951728b43dc449c31acbd4d,e7db92c46c8ad1ed695f352bf3f25a476f6ab9d4e6813e9b26f14a0c739dc4b8,4191777181572610316,172.88525963149078,
900953,Nail Polish,notebooks/Task1/dataset1/images/900953.jpg,True,64,122,RGB,4004,ec6ba76d2b627389517db730251ee9f0fc8e840f19264b005cb5fab69a649fe8,0b5be4fae7aaa2a85efa7abe54cde0ea5e6aa90f7ea1274a7d6a814bf19a08ce,51cdab3662cd76f4fd5065d584d23c3a05c26fe4e791b2e771c18f99ebf08fc0,8fc4643d357ec16cd8d7b01380a163443c87c5c51941541dc593499771d7cb35,9118254076253065755,52.51268115942029,
900954,Nail Polish,notebooks/Task1/dataset1/images/900954.jpg,True,154,136,RGB,6490,1b38d5f3731fdda0954e374c20ccb37ad568d3546c3e0299831a1c9f79b291a9,868c79022ec90bc68b2cd5bdc99f59df4bce2322325ad26718627b5725e64d5c,0bdd5deb9e2427ecc22891261887790015c30052d3d718e29a499faa64eddc4a,9bb8d7a47e21638809ebbad870c771eb5453baf72d2d9d4538974a064064640f,14178150197907317857,15.340856481481481,
900955,Nail Polish,notebooks/Task1/dataset1/images/900955.jpg,True,216,155,RGB,17530,20e43a530d9ac3f5116ef1fddca858c767a82e3a09e3e0106fafe83aaf4a0d47,b8c2820e129358d8043605b2a1061864e5385f3870d73d5b8065232d9eae88f2,cca440909ddadda9556e8cedb7456fecb49fee36ff31544c77ba25efc41dedde,d27276d0a0acb37cad1d130606e82872e671fd70dcbd7f1d98726f662fe0ff0a,2763660235274352180,101.99051490514906,
900956,Nail Polish,notebooks/Task1/dataset1/images/900956.jpg,True,133,64,RGB,4919,2a5f9ad96c5a590913bf8d35620511a020792dc0cc80e176e9f60860d71b721c,8b744ceaf4049c7e05165da100dbf38d283656f0c85b6c3a1cb160d7082f34df,cb69fa28bcc32434035fee2d82e285de06ab388cada3d6f38dab47f235d5b9f7,ac8efe1d792e2882c757049d4b2e92351601e330953c5847c8afd4fa77a32a5c,15153080624057492753,165.5957264957265,
900957,Nail Polish,notebooks/Task1/dataset1/images/900957.jpg,True,125,228,RGB,12784,01a9393a06a1c60311e56fdc31e7b3967d3c5f5b59536cc078e4f7786a77445a,f01805184df2584b71a50d29c1be048a9eef72f6c553df164793358065e558bc,f782cc030d1186722f7ca058f366fc71844aa007f323755c96d343464392e3b2,c53627ab140f7aa06fc3864cc9166d7be40574fb18f5a0aaa1c7569586e6c86b,4079581374565500615,140.664767331434,
900959,Nail Polish,notebooks/Task1/dataset1/images/900959.jpg,True,140,201,RGB,14560,695cca8a785250708c8c48c14234c9e354be9b2cc817c2f4eb3f9dff182dfdb7,3a002be64c5444333f8c90f5f0ce65c7225a55792aba404826a64f1a7c86f3ef,f4e07785356fa34df3251ffcff7ab4edc8f628049defabfea5b82f539df0f897,ca1438015f177df9c225e28a027dbfe2a581fd02ccabbb3a123505a3955e1b6a,10118705422550483955,39.196656833824974,
900960,Nail Polish,notebooks/Task1/dataset1/images/900960.jpg,True,81,151,RGB,6371,536e4e4572e05a51819a3e09cb5e81e47068ae9452c8ce47ceb314ec75ba0eaa,13b4a80c925ebc2683d276877861283c84136806f7064fe5dff19a83a64ad351,9d5f2424586e7437b22f4e32de240a072317e718a75a02f305b5cc268f1c7844,878390b44680679cba5a509a373d9ebc39f6d2bace245f5a39d70b083d63d335,262277087313731551,119.43478260869566,
900961,Nail Polish,notebooks/Task1/dataset1/images/900961.jpg,True,108,211,RGB,9831,301a0d6ad54606cb9bc87aedfbf37011ccadc24415d48ac14b3a6cf7b24f8584,a8525fee80f9a5e472aeeb73bb58736c0e0ebbf7d84df66ba249cfe40d37aa5e,c05ed26261c4e7683c8049e98af470e51b9ba786c6821d8236fabce454a4da1f,959c9f3f5d14a0b10ec593148ff805b19fe42cb4e15e083957fb41a1096ad804,2531944422338989064,122.78706624605678,
900962,Nail Polish,notebooks/Task1/dataset1/images/900962.jpg,True,84,98,RGB,5224,e3b7a934cf3ff58f77d60863b7b748ea73c8b79eb1e3e3e532a4cacb87a62112,7734126152f72fc801130847fd795e44daa5e1f308ab14960bf2a0e53b606107,3200e1d1993480776c58d044704635f3d0693af605924c997ab4b9b176f7a6bb,4acb09b38dcbf3b75fd0bce2699ed9e396da5f6a16b980cc70b0450904276c92,4130701467247489934,96.1138888888889,
900963,Nail Polish,notebooks/Task1/dataset1/images/900963.jpg,True,153,153,RGB,10484,a6d05b0fc48037fd278c0d7d230aa3765867f1eca063a9dbb715486926a6adc4,ffa15676b51b8c01bef62d9fccba62f6c83eab83d1f9eadfbd29fb742cffc5e8,84c0db53041209f83d7daa0e9f41a923f95d63a4038b841d7ea081e762bf0cdb,3d0d310b251beefdeb9327e06f2e5e3c7a5a6f0f3d2bd7ae8e69799078bd161a,15607238041673109865,140.984649122807,
900964,Nail Polish,notebooks/Task1/dataset1/images/900964.jpg,True,120,82,RGB,7609,4cc01ce9344c4534c0440fb07ccd56555b47a2cfbbe6b542b77c884ec38a774f,c3e9f2b65aaeab546800fdfbe802b3406995ffd01945828dd68f64dca042f0ff,6f80a9c3890bde95ed0d99a563aaea9b459b54faf68614f680945bd178604d42,ca235b157f402180974a0e32d49dbc327ce5172c7abda6763879b2588667b63e,3275071043285249894,169.66083333333333,
900965,Nail Polish,notebooks/Task1/dataset1/images/900965.jpg,True,218,118,RGB,11257,6bf0e3630e21457433c8969f2dc19ef237d80a8f705a86784c7c6368bd259991,7d7c297abe9ed913a6ccd8e0f63ae06d5a7b09895bed500e7be58117392aa196,76b40d9c46ed62c5b8c30d595c56245506655f476a484ea3e6557fb64632e867,75610036ea9822628ead510b7a0207e7117e5a61cb818e43a9cf61d0e5e3b308,10888952946951955315,127.87924151696606,
900966,Nail Polish,notebooks/Task1/dataset1/images/900966.jpg,True,140,128,RGB,13520,b3b7a8e7170a3aac507360d320a86c7e66d1e26890a8988b495242c1068b9fab,d9ec129310a4b07ebd05779ea24ea3e193273b448060974db8463f4438cd234a,0527887bd8febb2859973d88d0458f8a11824733a35a6773e10a4a6fe81aae4d,4e06d13407fec65f04d10fc68a17e90ab219980d6a429e6c306f2e774c9d4bc5,3013228688619239959,118.01378446115288,
900967,Nail Polish,notebooks/Task1/dataset1/images/900967.jpg,True,132,185,RGB,15512,6099ce0c70e6b98bc7572802b6c700c2c64b60f5ee11cb3dd325320ad4b06fbf,7ba76cf1cd8b7a9458d839a1b3d247dffc1428562c1d991f32c0b6349946857b,006b12fc8999dfda1fea7309f44de9d7e51189a7d1c326ef469c4900a04b066a,76cb1a30824a6ae99c689217e36d3368211f4a4fc107d63f740d75538f78dc52,10494731580161408164,94.95925925925926,
900969,Nail Polish,notebooks/Task1/dataset1/images/900969.jpg,True,123,135,RGB,4996,4d88fdcd1780d08618d633412d271466372786338d0f2aac38cd73a3bc7d6294,6e1af22652405070247b93f11422f68b9699e39ece4fff07d9f387df2adcf89d,7b079bc3b041a71d1bf2cb049c37a8766443f3fb8dc58fe15683dacd0571c82e,a9c0ddd8f5674ca1322926c0effda65746eb6d8794e6106439239b9cb84f950e,10721630062566620185,3.1458333333333335,
900970,Nail Polish,notebooks/Task1/dataset1/images/900970.jpg,True,177,118,RGB,11476,3d744c2390c5b282589c5026fd61b8ffd83f174e304351c0890cd6562d1cad6e,312918f1e163f20a3eec0a2b8f64cd0d557450a49613841650002c8192bd3410,d3bad8497c57b83facb052243292515c17fa6e10dcafb0004915dc9cf5bb746d,302e2c2dbeff94a3ee9029184c8bc8caf51eb94794c59a30acf151c9ceda58b2,12939133157238798108,123.86860068259385,
900971,Nail Polish,notebooks/Task1/dataset1/images/900971.jpg,True,71,125,RGB,4481,3f1b1035257ede051ce5d2bf12acb417e6ca8ff8c506ebfc394ada0b932f57d6,a43afb912c27b20c8f4eb3140c829464dbd272018eed1fa374aa87c77a852709,232986b38f5742716c70bb4b8b92ae6700074f2dd2d4873b6a19305899cfd4c9,3443345dde0cd9fa53ce864b294bf3d07f760701f65a317e6d3f1773d1bb2895,1853511055674962284,26.564432989690722,
900972,Nail Polish,notebooks/Task1/dataset1/images/900972.jpg,True,221,142,RGB,8243,289dfd80c1da3d46f79900f51dba3e217a7f9edcd253acfa20147fbc5ad2cdd5,1ecc06a600c81bd697ee0aa2a433c91b68d63b9c1883c741845273a779428d15,03f1fa0e40f8f304486ea99e07ec1c68d7ecc6ffd7b8125231e215f8b8b5335f,5cb1f3db03f50f6aa74263a852fa38f08bdcc5badc6b2c0d69858d662f479b24,7240794666973561476,22.841643582640813,
900974,Nail Polish,notebooks/Task1/dataset1/images/900974.jpg,True,166,216,RGB,19665,02e58077b56ed2cc23609df265587fcc2b7c08d157b8036fc3576da6c89beac6,b7be61b8fc136103699f60a1ea06466976d5e670c4c2718cf809aac7c6a0623f,2a80c6f60b37602454710cb5853dc3d28608eb40448beda8f2b9450d1ff7875f,15ccda0b31029605caf2753f2d8208583a9fec6188117d3bea70e9ef994415c4,7311374221821071310,184.6640350877193,
900975,Nail Polish,notebooks/Task1/dataset1/images/900975.jpg,True,113,171,RGB,12268,e9ca81e953d3df07faa196cd2584a3d75bec8d21c039b9354d47de2c6e690cdf,c1b60481808bd86c4382cc5c1a00065fe9947da06772500b0dd25dea9128a0ce,c6c3292dc95497179afd2484043740c7addaedad8ec5723bb62dc359c32b7d56,47e82265c9fdce3e5f58ca566570f10fe9f86222120e53a03d9028a194833cde,2969027850698527430,104.69385342789599,
900976,Nail Polish,notebooks/Task1/dataset1/images/900976.jpg,True,68,151,RGB,6423,08754ec6b5dbe45b718bd2b5b88f1195ab3c8c340ada46db217b4a56ba1a97b4,dd0250b9225d4ff8a65e5ce0e18c2c03ca6bde4055a4592dc74159a6d9df5a7d,7f7dd36d497c8de9bed4a49df0476cfdb723582922165f724fa8036b6d8ea096,b0aa3d7b52d5e4b0170071f5a81c1507c39b8df0fd5e9d776a388359e8ea9481,13293628827264143564,32.945468509984636,
900977,Nail Polish,notebooks/Task1/dataset1/images/900977.jpg,True,155,178,RGB,13062,1cc8ec0e063682998aebf3141fe7338159ebdf9488aeed70266dd059c56e34c8,eb7815f4343e702b44729293eb7116e8de24518758bb6b50318ba37955c96a6e,08573f521f9608e275c4d344b8f6e2d81f991f69eb3525170150b1559a7ba81e,9879a8f48e9c5d60476e5733a402d2cf143d9a27b5291080bf50002338bdabcf,547667504606355015,151.65659617321248,
900978,Nail Polish,notebooks/Task1/dataset1/images/900978.jpg,True,229,168,RGB,18400,d58d226b0f77436d9284d82a3b8e5337a16d43f779b88ec11fe558dcd704f26f,0b8568a4221d6bcab04f99e7b3788f5122e7164620663d3f2f2f63f98e69f6a0,a0bec325caea7046fa8886f7432be7ab430fa3ea5668093901703ace62d0580d,cdb80a60fde4bc7aa6a21cd01b9aba1ba5b262777eca126e67169f009b380c32,943806686252120672,122.35569620253165,
900979,Nail Polish,notebooks/Task1/dataset1/images/900979.jpg,True,126,197,RGB,8488,4f0e934520b006bcc605b47fbcfd4405548cb6728440b6b4c7f603ab178d2c8c,db130da64ab3027be3bd8977504e10a797a04d746cc5f4542e48bee6fb84e97b,85d01239d33b43cb103b70a4e1777545a9da925a13c9548ae850886b7b7f2fcb,9213c05114aabb93ef205ca8894d69a1c9fb49358e872fc6f9f265a054f97fc1,3618975003913730548,177.61370716510905,
900980,Nail Polish,notebooks/Task1/dataset1/images/900980.jpg,True,119,62,RGB,4249,34c162739f531af73fecd03a79893a16f7fe7e8fa5aa51be433ffa218d4e96f8,cdfd582cc49bc5fa3360d4b1e141f7c5eb0a31bf3c4edae5e0ab3018e2cb96ed,9c715093ee8df9d574126505001ae9acd0ada84f18e1b7b82349ff0b4a7a29bf,16b7a88a1a621b7aec380cb50884b1790ca44d0a1c8285dc2d6ac03d6ca9c61f,18057211564717857084,142.14525139664804,
900981,Nail Polish,notebooks/Task1/dataset1/images/900981.jpg,True,186,62,RGB,5459,9935b8f49a70b6369bff0d4da78ccafdf3928a57860f6b88506bb222603c0972,01bb785d83a941c4ab545ab473b072d81119f2931477d59a5783028d5ac1d1e2,804cfa988635474bb78dca72b560058f157e95c0eb08aa730e447bea546592fd,b30cfbb74eafd7530cc66b0f259e7fff1262c855c860095b6b52a51694656e27,9760218215266476835,125.63617886178862,
900982,Nail Polish,notebooks/Task1/dataset1/images/900982.jpg,True,204,106,RGB,8172,9eedc60b38bd9da27482f22d44888383173512e1e1a2d1d91577f59cb46e9f0d,e13f9de5b49d412837847fcb12ad1904df6f4e5cf6f48447f2c3353e1e185550,59998ecc3201fa44386707f3ccde7567b85a201258eb50fe98f0842102aeaa6f,8b9e030879684e222a1c20488f4cf5454c82dd052f1deb32949ee2d3cf7fb1b9,939857125003436807,207.19372294372295,
900983,Nail Polish,notebooks/Task1/dataset1/images/900983.jpg,True,121,216,RGB,9766,2eb4a704d9dfa711157b3363fdc3b80e76c1f4c2891539a9319ee4b0e3720753,2f32bd3b4457806edca6ae663a7691c73fd5ae2a0b6fc3eebb615c7bebf71de3,655326db4a6fa1f66f569f3d383b8b4e903972d7b792c1e7a0fe6783717907d9,dbc405a506c5aa84ed7192b5f2b582f5124a5cc6f9c8821ca08b8da093dd708d,17069039342196803296,21.85223880597015,
900984,Nail Polish,notebooks/Task1/dataset1/images/900984.jpg,True,112,122,RGB,7196,6436b8d4675138b7071f80b64785ea89ebdf65aaeadc5f1e75418ab39f6f8fed,4a63a71ac4d713d526babc435944e8ec44cb85733f65b230a68d79ddd45c81a8,26f4c57e2b3a926914aa9baf1694e1e6cb5eab0e6ddee93804d37cb1d5a94b57,7f2c9f41d1dc1a0c4e5091df077153ccd8ed4f89f502a125181463f908ea6b57,14587976005740671334,96.0941091954023,
900985,Nail Polish,notebooks/Task1/dataset1/images/900985.jpg,True,129,111,RGB,4262,a3cb5bd99450919fe01e8ec5e31941ffa4c9129a9ee7873d98b7af2b2fe337ee,9dd7e1d59f291c9334981744c5ab70da98be08a32f9f9876516b5b461a9a3c07,a3b5f6672004d0fe5aeb168d9cfbcdc91fdd30b1ebcc5a14930c5b87ca5fe89c,f3bd1a1aa23a7cd352b925c2d40c4cff6ec17260d7df0da4512c4cf3f4aa7f26,14832661114554714386,20.165266106442576,
900986,Nail Polish,notebooks/Task1/dataset1/images/900986.jpg,True,129,81,RGB,4765,bf50d252c48c33ce2d202d7e4490ceca4df6e0bb961afbe47d75255d7f199fe5,1bd8cb4deae035d6a5b78815836bb375d6affdc06f2030a75e7b62509abf5b0d,c8163708a81e6c32d4864c54ec3f9135a637e41fd133bcbf9486c4a50b35b7de,2239b427c751e199e67ee6677d8be41833904886497b2d626cffb3f2fd7287ba,17138750916203985970,201.28285256410257,
900988,Nail Polish,notebooks/Task1/dataset1/images/900988.jpg,True,167,140,RGB,12720,381d55082001b43afd0bc78ac4e0b55561bbb64a454c2518af03fba912875b4e,56fbe7139beba6f8ae42dba20fa559943423769ced281e7d36d3c68b9f6cd3ee,daf6f48b35f2a6e5f924d8289ffade7a7cb38c4c41df57689436b5bd8539e09f,c7b56efd1c6b2a49e36657d17e0d1da957437bdbeca9f177a924cf8afe224c73,11079140434996189796,162.01639344262296,
900989,Nail Polish,notebooks/Task1/dataset1/images/900989.jpg,True,71,127,RGB,6647,d040e57cccffcfec0870d21a8a73d9eb1e4bf9cf70e6178f1cef7c44b6b0e47b,db069bc0aac2a4d591a08665c500ddf06011423869cb90a095a28d97a9822f5e,5af2323bd9d7c9f533e675f0b6ec8b3e090a85b8c376da948d942fe5d391d675,1dbd8c8f85b63d310a2f7248487561e6f1a780ff185753f9f2a33b7798ca93c3,13573493569799911734,120.94302721088435,
900990,Nail Polish,notebooks/Task1/dataset1/images/900990.jpg,True,181,118,RGB,7675,bf2f2ea31341b59abfdece0e64a35a1d4372d97f167adab6380e62aa7a58e91d,b7fdf2a6c4ea4b5426beeb77b58a8b3975cbfa2788f42e70aa026b07d300ce72,1ed6d3b3f9ad35cc5624ad0bc124d37711cb78516bfd857851260580b628eb4f,8c854116b48e779a18386a970910ee2773531ddd6d2f9b81a9283af86fd0399a,3561967521532102372,187.77441077441077,
900991,Nail Polish,notebooks/Task1/dataset1/images/900991.jpg,True,93,129,RGB,8604,a39c0d55888fa360981754925e5b3d6838c84b099be72c388236cd7e1577b3e3,5c4f707a359192dc9fcac7336613f7055127528fd2118a7f43560b7cc5194c47,070560da3bc6f5543f17535a3464dfa034070b77f4d29097c8d7837f022dca4f,cd754ade6189d4f885eecf74065901be8250253880823827c1d227db5b323a32,1197410242994780720,114.40227272727273,
900992,Nail Polish,notebooks/Task1/dataset1/images/900992.jpg,True,151,108,RGB,8637,d94f3ba59d0ab030227621235ec7370e0bfeb518a33f47c9afe6c533daba6890,8218f1e847d9e02e24b2478a3f87b3b6a7409f2fd5b609931309f85dc8a2c563,1d7a91947c515bee4b1a7c40c8904ab47b4b96547d44c762e51640f82f22806d,5d34e9d55656aafbd29da7d820dce779f0c3eef434543c4b594eff1cab9b2722,16420797273552080156,101.81452658884565,
900993,Nail Polish,notebooks/Task1/dataset1/images/900993.jpg,True,119,95,RGB,3947,677646f4d48460ef220bc936883198674e63f592676bc7a4717eaf91e09b4e54,e4c07dd4be4d2ce9de263c32a7ea05761e30105f2f4ff3986609bc1d4d9bc26e,9ce9212d00aace8d719f795d0a2c7ff344c9c169106599023f497d65d08413c9,fed9418b05dfb9318b33d22ee649ae4b106c1d085e3a912cbb3e615bd578b2af,14833925553262201751,9.959905660377359,
900994,Nail Polish,notebooks/Task1/dataset1/images/900994.jpg,True,103,157,RGB,8352,a81902764843602f76ce606df9ca6118136fd5dbae18fde6d370ae405b2cd3dd,b9c64130429f5046e2d15084a5f7ca28dad371ee3a6335e975a69e35393005f9,2ff3ae2f7ed4281cd20cd8fe45c770bd0ddb75998a9b995a6f5b7d74fad7718a,0ceb9283b0086fffd1fb2683610059a9da89c9832209cfed70105998d0696f45,512130281696527974,142.01356589147287,
900995,Nail Polish,notebooks/Task1/dataset1/images/900995.jpg,True,148,221,RGB,14992,6e5ca7b6c538c81b81914d0cfb7540c60e5512c6e31374b91bf341cf9c7cfb34,d06f5e488a2d49aed9d35c84387167146905a9ad3835b37eaf7e4be14b3f2665,17e7daea255b04518f6c68cc7ec3445645f751f049835fd40b25ebfdfc317969,9657e75d068c1ce05787941faeb717c6944f6138a05b5be882439d96e20e5c39,3919907140342160094,77.93460490463215,
900996,Nail Polish,notebooks/Task1/dataset1/images/900996.jpg,True,142,207,RGB,11223,b5e245e59ac38180d49cf4956861e1182ea9f2cd7ba273f873fed1fb65a94db1,836e1e454126e3d48543b49cdeb55369426ea2c4e7a959deca5597227d99ccfe,0d9bd02bb1077192881a4fcd1a4f0690fa1216b19c79b410a6ff68d681ce2d54,1cfab5a0634c4fb5a1bb2dac7539d9c4a670ebe5cde3d39a388f58f09f88bf38,14526649785178859297,127.4433237271854,
900997,Nail Polish,notebooks/Task1/dataset1/images/900997.jpg,True,146,95,RGB,8522,098bde680e2bc6f1a90d097a63a6d3cea933212200b7ee11e5ac314886fd658a,3bef03a504b6edaeaf4c7bbb320461aeec2d543911436acd764523db7626afc6,ec01f761f71e5f0fb53fd3cec646a22407e87ea2d6ab2ee5d416cba0fe61af54,92405de34161de68c7a37fc733a15822772008c5685088d1325be099a9150eed,4994799538902567937,89.98256624825663,
900998,Nail Polish,notebooks/Task1/dataset1/images/900998.jpg,True,120,134,RGB,8499,f6a1c9edcb80e1cfc6cec6cf7560084ddac5b080cd3b2f4b3a9560c686309262,e3b22116e2970cc46802bf42c80c3253ca0b2a719d6ca938753d7f523f3182e7,43272dd2e9345a3cd24afb3552c85ef4201fdc8b60b33dcd87a918b3b505fd93,2e08a6b680a55e288e812976135b5ccfdb47b2de68aaf8c963abe8f1151acf2f,14479467868640585752,74.24669312169313,
900999,Nail Polish,notebooks/Task1/dataset1/images/900999.jpg,True,147,206,RGB,12428,ad2fc10468b276955390c6aead5da901a25767ce6034a08a40010e64c9d03a3c,40a4c6abefcbce2ee54453091d09d148287cc0a26ec3acdc25e54489998378e6,25a0dc7f2b1885e18ab2dd5f3f551ece6bee41aad48d4e8845b306330b6e45ad,d1950dfeb617264e9cee8c13d18c44163e7fc308dfbef9018253466e158cc6b8,16299153354721207985,107.44586894586895,
901000,Nail Polish,notebooks/Task1/dataset1/images/901000.jpg,True,84,157,RGB,5729,bd963fcc471cae9fc806cfe09012b6fcc9ec1ce5e12c13e60eba4ce5cc590120,7147000d2e92bef371395c963983f0b012e7f7ddc36441bbf1202a4e6af53710,88662eaf63ae85472a2bd22ade8da47fda8d6d8eddda19c902c14a49730ce43b,07a9a0da72b0225f6fa4440c09adc03ce42ec47b2dc8db5e7cf0e1229b7be6d1,13593038834003265252,3.894700139470014,
901001,Nail Polish,notebooks/Task1/dataset1/images/901001.jpg,True,99,200,RGB,9138,42ea18d4d8bbdd2a0290f9543290fab66ccaaec78c8dbfc5f0acf0adb6fc9fbd,c6fa16b97b0e70736e8171d44cda481f455d4740d7a96153994c8e2469a1f3f2,20787f7af802e02b902c1b7214cafeb85a856e237e8552dc55186c6f3a1f8b56,0dbda99c3f39feced27f16bc3f38dda3d15f81634a07faa3ae7aa40676a277aa,8951409792132713752,131.2850729517396,
901002,Nail Polish,notebooks/Task1/dataset1/images/901002.jpg,True,124,129,RGB,5120,c15c6b217294b47f69845fbfa41026176c80ff55bafe5a0903f3137a9acfa1f7,f42d9e0bf8735bdc2d50d0544a278c0005f3f37300b997a6470941b36df704ac,fac832ba34a056178f4fcfffb55292913e6084e224c0b60d753a071c7454e94c,159e009a0c6c5f44e1943d683ca9c8780264e94c7fb0c5285e8780d76340c45a,5285347542448379606,206.5152722443559,
901003,Nail Polish,notebooks/Task1/dataset1/images/901003.jpg,True,76,140,RGB,6233,ec31e4da6506b33598131d0ab65ead2f1933fab022da0155361dfb6b4b75f948,bd9a495c729ee5c6d1c8a9b1e569588d5efacd60c81a546bfa261bcd05aef087,057131a2f9f95f04ef4354808a495c75f2c6a05b4aa3b14d100b54d6047d1da7,931d5beb90cb0df31d57be48530d162fa495b3005201f128ead2c5f3c95526f8,1127948363296819175,156.14252336448598,
901005,Nail Polish,notebooks/Task1/dataset1/images/901005.jpg,True,155,76,RGB,7138,6c668cf847e443a015d3acd72fc76461b70fa1fe6695369215273ce201f3178f,dc075a0f5a438067e36ae5c662e884acf4b9442b1e8e19af19c849015d3d29f1,7ede510ff63edcccf4a0392565a11d47c053a665e06863a4916047cc454cc752,664aa3801f939f46ec59bea8f971d221363ca59121a5620906c0975f49393bd7,7817226850463632868,130.7758369723435,
901006,Nail Polish,notebooks/Task1/dataset1/images/901006.jpg,True,161,188,RGB,10345,9730ab3e54965a6f2ad87233df1729021d96412345f7dc3247c830155992cc10,a034d89094610ca5c21181b15e11de2a3b234224ffab6114aef73467680a1218,2ae4662d4b80896f167c8a6fd87dd11a38dc266595cad641bb8d2906c6521baf,f86d6bade4b27ac4bad9041e7fa98370a379d932a91d5a6e79546ad458c3423d,16920697670091760230,27.09942363112392,
901007,Nail Polish,notebooks/Task1/dataset1/images/901007.jpg,True,64,112,RGB,5093,685c5e33060e54d9b74b896f6c6c27ad4a53eff6a973db564462ca802d4a19ba,3b71a0368c9bba220e7d32aa36af76b217f5fd1db9ddd4f7510e85300dfec874,bc7b17f2e6f65de7b00cec40e52add917793a3570ab94c99b7eac327f99af6a6,ffa47c67f69665a442f9cd06c546b7b1e61975e07f7d609f33a5f654336a804c,10609686956412205516,162.74425287356323,
901008,Nail Polish,notebooks/Task1/dataset1/images/901008.jpg,True,65,93,RGB,3966,95d8ae709a8008e96bf344ee64bc5b7c7fa81fc439818b1f3604a71316220935,963a0a5133301607bbb33d2c3b90928a827f72404fd6919770abb70e405ab3dc,4055ebb8d809f91bd53ff44c9f80622f4356f2a29ef4a70dd1bd8d8425495790,9ec397eef2978e992a6f987bbf07c3d1b9dec21db4d889485f6fea14a3e89f64,13394203116657133056,95.77350427350427,
901009,Nail Polish,notebooks/Task1/dataset1/images/901009.jpg,True,147,50,RGB,3762,6a291335f8b183f45e80779be58594912a3a8a3ad1b5e647b5737801dca31bf4,e8bdd3a6a1fa75296cb2469b1ba8222848cbdba01a7932ec7d7596ddc2da2452,2198dcc6d307ae9ff6e800d4f3062d892cca624314d843b38b5d72b3f5b3339d,8a125ab404c9036f5881654512a37cad685f06863ae8cc06b80aca9ac76902e6,14523806199815915825,40.858119658119655,
901010,Nail Polish,notebooks/Task1/dataset1/images/901010.jpg,True,138,228,RGB,20182,4682aa1ba917b85169e73373e1f1b099dfe86b6346462e37f260c503633d7fbe,060385ad4b557e5b29ceb7dc7a89e66f792d1d348607124b51ac5d379cc057c1,a0bcf4e74ea568a37f4698e6ef9f33333a39e62fa51d5875af505a07442462e0,ee055321df07a1e7b42b1040e91cdec98d17bc6edc726853042a5bed335ced2b,14404733408638409163,140.24358974358975,
901011,Nail Polish,notebooks/Task1/dataset1/images/901011.jpg,True,196,129,RGB,9226,abd97875ff537f0a917de4b9a823bb32d45e66f81ffd1dc948a4186045a4cfd6,d011996c8643dcdd5b728fe6691374987784af7847ccfcd43b8e364d0574a223,b467b1c3660ba4f7d1e0d9501dcc0bbea402e217eed0796068d9979253d9c90d,fce025bc70e63ab37b8dc1209b7e3fe4da24f92030de801739e83e22f90ed2c0,1037981448276330969,17.08720330237358,
901012,Nail Polish,notebooks/Task1/dataset1/images/901012.jpg,True,154,213,RGB,16039,e06157538b79f3a8b1b0d952bd873503a9cf086c5f2ae11249c654c6011e4bde,d91cf88762fee14bcafb70709f5ed2500c4cbdb70e50b12fe6b868b00884e1d7,22663acbb264abd68d31787504ab8de96de44cd8bd39270eb95643a2905be4ff,8bba57b8c5c9698d1eade825af666ffe001e60ed37df854200562e6006c1fc4f,4265818210473304116,175.31050228310502,
901013,Nail Polish,notebooks/Task1/dataset1/images/901013.jpg,True,146,163,RGB,12485,3e817628d6d3abdaec82f4df27e250426a3c26e40e7bd786043154c5141730ff,96ba05e701855d4c7797354ab81c906ffe58e8b85a7959dc2a108ad7cef73eda,a543ca1c7618cb413556ee5a40ec0cd38b512192b2e32800586d0250495541f4,9fddbfa93fdc3d741209566425f7ae3fd2b6a269e08a9bb0baea7afd9645185f,13370922371593210265,134.05266015200868,
901014,Nail Polish,notebooks/Task1/dataset1/images/901014.jpg,True,125,207,RGB,10140,abade3e1b98a38968dfa4200baae26dc0ff8ad7d7ad91480f65457fff6180e67,c7522d97218b1175be22a38b0082e0f70fc3691180ba651977e926f8b6f9c53f,4dbe1115c0c242f7efe8ab1df9fc3b339b76b13e9271a39beb94c63266b05edc,1bb03ada20a02ed27165920aca4ebcffb04c276faf648a9379ce12a563dc38d8,7184340536075762931,111.01363636363637,
901015,Nail Polish,notebooks/Task1/dataset1/images/901015.jpg,True,94,161,RGB,7857,20ab009c8f04678c8f254df18fba828d1daa5db3e4533dd2e0356f52592f1001,12ad11ab587576c9f884ed19214cf866121b3333206b056696e357b27c989c60,f1428c021ee22c524677db09760a3d6932a319c9ab5009bb6201be0873941769,f6e467f3107b69eebb4afaa01a8502c0d51d5c44c6c747f4c5491baa4aaaa5c7,17555545585775030860,84.88339920948617,
901016,Nail Polish,notebooks/Task1/dataset1/images/901016.jpg,True,98,143,RGB,6142,cf85f966eeb644e7e7906797f89dcde3996d9098e4da8709bc2efd102b21e0e1,8c63d387550427339feebabf024b74b02a45cf0883d4d3a4fa0f5b2d4d0feb07,8e96c0004ad46e580f8d052a89d476c492139e2c87575a5aa88e85f03d70589e,37c5c7a07d806f3ffe6160fa19e571c3ad8a26b33c4ec3dfcb35f3952f4237ac,798090441214856838,230.36331938633194,
901017,Nail Polish,notebooks/Task1/dataset1/images/901017.jpg,True,109,224,RGB,11856,0df99c1c00e60ddf7e32dc67433fbff5cd3d9d7722758334bfe3a32c208af3b4,add7c1729e1b339e4fa30ffe46db65e49a1efd0f827425f933db0f4aef10f903,ad1b359f16a3c9e30695f5eb5c3083448597c8b6a1f37f1f37368e48faf228e9,e26ee290b30c3c51646032dbd9e8b75d5436a1297ccc92798ede05d95e9ca7e4,16613259419408912331,156.75427995971802,
901018,Nail Polish,notebooks/Task1/dataset1/images/901018.jpg,True,172,214,RGB,14988,f817e848fed01e7a1d428ed9112564db36f77910484574767271cb157e16a10e,d2e5817110718d176eff49d2591e99104bf59ead49a0d979e1dfbe2702afbf9a,e7849ea06e33ad997c5781cdb0b41674f4cc69eafaac90c8cc92a20f99799d52,e385cb5e603ee6538bc9469cca447b1a770a83f894f6eaf922b7a3a8879341d6,4027203552603738497,86.41102430555556,
901019,Nail Polish,notebooks/Task1/dataset1/images/901019.jpg,True,62,178,RGB,4333,1b1221f9c91d2ce592e5364ae94d111ccc7d28a7bef70abad3500dbc3a39cd68,a618077829644b156e8d4a94939e806555b59a4b94ced21205c6489c9cf491e2,3e668cbdcc190d6245ccbefc0d555194cc50de7a331af010d45684ea4de33edc,641f750752cd274b83875cc086dfbf1d4a42e62cda888dcf85bda5c4c87d63d0,834621877961961909,63.43347338935574,
901020,Nail Polish,notebooks/Task1/dataset1/images/901020.jpg,True,99,186,RGB,8706,5592e9c87005a76337cb174d833a793245d2b17557556086f1c7174b01418f92,8eaf91a35176d7abf45fa59ef23274bdc40a30802cb97ff10d6ac476924aa1cb,e9fd8f3d70f9121dd41e04ab742adbd5bf8df3a0637bf8285db273c7d5c982fb,a8c4816e2dfeb6cca3262d257ed8ed7f0ee6a1bd6a713b19de3cafbedf2282e1,16702102603424817955,144.6572438162544,
901021,Nail Polish,notebooks/Task1/dataset1/images/901021.jpg,True,198,111,RGB,7505,7607ff2e79209f24f9b0286b2622ee9270e9f9d37ecad46e8c97028d56f46d67,d8da233247cc706f4a46329328aed7db29187914c6facf34bdd8c3a8562e04c0,55d23c2a70d51fb208ab2c8c431c92a188ae33f17170aa88a1f700323ada32a2,92b5200f91084a44e53978df7ad54624ea50e85b0bb3ffa8afef802d5335a354,7078369882559399574,38.93268186753529,
901022,Nail Polish,notebooks/Task1/dataset1/images/901022.jpg,True,124,193,RGB,10059,eacb06668e28ab93c1abe3d0617fb925c12809000da9080d70605875bda7f715,0c372089d6259d1067b8b00a043a08803f2712d5f43cc9c409a966fe025124fb,e6093f9ebb978a4eda534a5fed98d4339b320cb5305a873ebaa324f4161f5981,58c568047355cf4eb8ae32214ef5a6a8084fd1a2fa165963ae8bc90a6e81df0c,11285777689607746611,199.1121693121693,
901023,Nail Polish,notebooks/Task1/dataset1/images/901023.jpg,True,121,124,RGB,8636,286e63fdf950c51a5f55078eb33608044ad3d9ff2a364263049942aeb2d5ec58,4b3dd22a9222e6f27c4a2d8ec0de0423d8394b9a3d435829500accea18eab883,84351464197c605e9f3ff8ca54d0ac7cc5afdf706283c5b3dc081605931c80b9,587eb70549083fa7d4fa93675ba720c069420915f181fca4aba9b225f0927322,14016919591755968888,107.31550068587106,
901024,Nail Polish,notebooks/Task1/dataset1/images/901024.jpg,True,134,78,RGB,5397,0146d400b5ca500e99a6e7ea8ed0d6cfbf47c8a16cdf3c7ac889d15f1722481c,a2ca39cd7309c9e869b1481cd58eb9e98e3c4734d8b5c5630fbb980f2045772a,3718d88de63d70901e54bf3eee53940fb4dc9636065fc6ba8956ed4eba4a6596,49fd819080216c905ab65c920d00b988da6bda39c44aa745b0a77aa4280a401a,15980990785534523108,74.29444444444445,
901025,Nail Polish,notebooks/Task1/dataset1/images/901025.jpg,True,120,109,RGB,8373,5d23cb0ba075dcbbc384a81c76ad2707b6fa5dcacc03b4e63e5c165fb000c724,dcd420f24f1507d5a4a157d2d868153b3ba59b9d81409754c933049fcaf84219,6b12301fec4d4463b6ba227cdc745c784069f588aae07156e7100fb41ece6631,042ab0f24b0e8504f54e4501baf43f4caf20ea1818aa5bcc10006786fe278043,4907036069776407139,166.91336270190897,
901026,Nail Polish,notebooks/Task1/dataset1/images/901026.jpg,True,154,78,RGB,6873,4bf3629752d130f6737f41397486abe1bb2c09b1722ebd6b95bac2fb1fcc4e0a,2bc614b016c700b6b0f2dafb4fafd576f7738fd0f2766a3b0e63bd096b143128,ea2d0eddab3e1e0ec4a74d03f47e362341b0b8d00bee3b97f8833c5f54dae587,831b32b026d2e0d38c0ace923e6661dd784853568fa5dbb05fde7a8a0806a36e,14300647469867033878,137.2876811594203,
901027,Nail Polish,notebooks/Task1/dataset1/images/901027.jpg,True,184,99,RGB,11093,5b2599e6aa7d998085e7aa40a9ef4a23ba5c7c58bb525904475b78336518b97c,7b27f5c25a96738ff9c3e037155e62153ff0e1495a1667e68928acde446b8c96,19f208df79dc274ff9cd105ee27642cf41fbcc93352bf69e8cb0e6aaf2c31c02,3b28df81e32ceed19bd763e159570faf11894a6240413b07271e353ca4cc52e2,14467979449642112743,104.86002372479241,
901028,Nail Polish,notebooks/Task1/dataset1/images/901028.jpg,True,69,210,RGB,6584,eda30362c05cc88b00c8936dd9943202004c2546dbbc23d6e0a1a0b275b32b85,a17ac1189c35bdb143eb28f5b7e98c469ef51be327589ead604b12dd0c973ab7,4c9d3dcf3b1fe495f7d56a4f81751ed4f2752da138a4d0b23af7ea7dc7dfebc3,79411bf090f2fa956159aa3cddbb576b374748a70c67c5c18cf5e25d22658abe,5013541219197634696,66.29061371841155,
901029,Nail Polish,notebooks/Task1/dataset1/images/901029.jpg,True,135,219,RGB,10428,726813ce7267af0b4a386a452c57d31476d0b0cd65b020eebbce7d462b1594c3,6a26cbf70f09543a4eca0e7fc5d44d1e5d274f8d27af8d2f388829f0255aaef4,5802593776d977652a89f56d0e93abfb48d693672a5aa2a9b2cc8cb22c09335d,0cd14c347eb4ce9ef4932c74f3a3697610c4e1af2fdd45e48345359bdfd5c125,11830760977174863655,194.74763257575756,
901030,Nail Polish,notebooks/Task1/dataset1/images/901030.jpg,True,220,121,RGB,10341,57d6e82e9adfd4fa5dade3674a33876d341283c274b3bcabf93edfa802fb5b7e,f03593068bcf29f9db9b6d07759ad23cea67a387a1615ed9a6ae67b51bddcd8e,bc81b3c6fdc17ebbead4eacd115e83faa17abaef97281ab4a64c95b5104297ee,1d302f7ee34c29d5656cc2cb5c879d74421edb652c2e8eefd4796c2ef5443af4,11284929053638334818,186.04621435594888,
901031,Nail Polish,notebooks/Task1/dataset1/images/901031.jpg,True,129,211,RGB,15817,b30a3054f6d56cbe006d1dcff4b7c520dec97f405fc6337fe60a0d80ec569f96,ce0c7a10c77fccdee291a8af666c4a88e903372d045df12c69f0ca313d08f08c,c4eb77ed297cce021a1a76c389b0b5c96383e1bc8bca69836d1195194bc47df2,2ee6811761e00174105f527fdf38c085dac1747de50e2a8e4d5b2706558e5de2,5409710488927668094,105.84418145956607,
901032,Nail Polish,notebooks/Task1/dataset1/images/901032.jpg,True,128,81,RGB,3837,1ddab7e3134a25c3c6513a0efcdd968387e92cdc46ffb535c563ae85bf38c9bc,c057c8cf8faeb34b47eef72a12e1bbc8c66959ca4688d42d7c140cce38aef531,385e7cb426041757cb582efe98a6a3f857595505d4e90cb6875d25285a30737e,c912ef8d33137130e275bdccf7a2fbd2649559e64e7debd13c52ee06001348d9,16123893348935230502,23.946054750402578,
901033,Nail Polish,notebooks/Task1/dataset1/images/901033.jpg,True,122,148,RGB,7990,3214c11857a6725ffbb1adaef900addbf6c0b9a55cb152ed7d6de9505353b9ba,a58860584b6770d5e46d768bdcbc43a61cfe2be63cce6429166607e234ccc487,cb14f15fcff08e107542afe33cc3bc710b11d2ccc7402100db5423a730a4ba95,8947729ddd3cd3778e72f47a880dba7e6bb2839c9d022d66e01ebd3599f0a7cb,4634808905675360816,61.273009950248756,
901034,Nail Polish,notebooks/Task1/dataset1/images/901034.jpg,True,113,99,RGB,6889,260ca3b8f993487fce469501e47b6b13dfd8360a174ff89793108e77365a3246,ea6f0796af294184da00790f80af5e8accb8467aeb1386200aa4e4bbd10575c7,7da25b9f6dd59346f8915bc55184c6ad71c118c9ce7935f476e0930473f80a94,73d19ddd84a6a2aecc527403951eb5167d15b72e4715336d7ccab95df683bb2a,3648904449085290364,125.49285714285715,
901036,Nail Polish,notebooks/Task1/dataset1/images/901036.jpg,True,183,106,RGB,10041,9a64a65e9e8a8c59e7e91ee9a128e230e8c587e302199ecc0b85e0c6a3112a48,1e31725b60444951488bbebab6b057c7f740b92b7c9ff1928967b8877e487447,42cf005dddd24f350359ea6e2e6985d4c295a0f46b43c892c4b1d25d4bd299bb,15708f5bd732c056e5fb3d1212bb70fd3562203ffa0aec18772261a3e6e51379,6634122377552280886,163.59407665505228,
901037,Nail Polish,notebooks/Task1/dataset1/images/901037.jpg,True,141,93,RGB,7308,2ae89597c1bb6328a64125e7052df0e5d269c688baec02575657b671e5bcf8f9,32c6f08a8eee209964099b9a16c1f40d002f552579f827494bfac0d5660a050b,4d5b2ae9004db78a3545c15a86cd0ea82e943296eeb91e390266a5735b43be24,83d1dd889b1bf1010c5129e399fe73235cb7a979375965dacb039514c9b35f9a,463711463944559069,109.57543103448276,
901038,Nail Polish,notebooks/Task1/dataset1/images/901038.jpg,True,166,219,RGB,12092,11b4d708665b52d432fa746c4130e4bfb9f064ec9c93789f4b1202397e8d76cd,3075731041f955888f537a20b63ab55b70731a1a4b1171de5a41dd153f35e2b7,668815bdcc1b12bf27b2accc3d5e1184c5c5d612b932cbd12270b7bdf4a5e631,2cb46846ef6b4fbbb2323a9a4a05bd545bd42bf31c54760bfb08d6b19b060467,7198094452420267044,36.51740644038294,
901039,Nail Polish,notebooks/Task1/dataset1/images/901039.jpg,True,114,74,RGB,3920,c5269f0aea167628077d92f8aed8023081121a35e1ec84e655ab09d9b886f7d1,78168d2deeefa75ffa7b521667c5d054fba9abd56b620e19c1fb20e2882cfc89,74932929dd6982ea790852c1d338e9cbc0d17a1ea57d3e8245137676c186d77a,942c96d47377000408bf2db0d5983c54b167f35d3201620d546cc52eda8fac4d,8538469170761272472,9.327060931899641,
901040,Nail Polish,notebooks/Task1/dataset1/images/901040.jpg,True,147,144,RGB,15235,61b60b0c3bb6ad112fa103df3abef3124f60d3a46c1972d7f624febaf7ecd392,56a12938cf38aa7453753cd0205e7314b45d0ae4afc13720c65615cc4f3bd2fd,b1aa9421fb3784c73c467a7014fa42fe385b4773fa49f95059d99eda5bc94eb7,5c22000de74efd020983bb53a1f3569a832cd3ffdeba481f3b2b574384aea219,2753454225207226836,98.55305651672434,
901041,Nail Polish,notebooks/Task1/dataset1/images/901041.jpg,True,149,96,RGB,7086,9cbd13b6a75ec9770530271a560b5f125c221f40940069f4cc87762b99128f26,d2085537172a4071a11d303b301b6deed29fa7c06b7ed0ca105bf271abcdd0f4,3f1489c02c53d40b6444ffce6401a04003f56e468c578d09de8ec1510ea55064,558ee0c5877b960b7decd54b6178a4d7ace79e5923bcc08be5a671e9ca293640,9560289727854930883,27.20164609053498,
901042,Nail Polish,notebooks/Task1/dataset1/images/901042.jpg,True,81,193,RGB,7218,45745a566e1bb435bd9a8e02ffd2115a242bd05918a13210d370acfbfddb8fbd,43f1163b4440e773d4cf2ac54726af5e8c791ec33239919b931d9f2519436cb7,a979b408da700a794d800153cc726fe7e9df67274ce09109340d8fcae475b0fb,db4239853a46066ecfd345b2a5543471be3bbde19a3f1c397734e5f47e5efe53,1382384820584702921,110.97120098039215,
901043,Nail Polish,notebooks/Task1/dataset1/images/901043.jpg,True,99,222,RGB,9251,eb9b93f46bb95f4d293674eed7e8628df3d3d568fc5131629e52cd34adf3419a,4a0a7a15fdd91e84b58f5d973ef25d936ca8a9f470f5b27ab9def0521b62f82c,1c58f1460acf91e61fa181b769d61c9307c4adac9da4012c5c4a80bda8b07cb1,4312c88ef986ee501f1d31c332f528c4be56fc4ea5506e19f63f1c69be9525a1,16212549760987233529,50.185475444096134,
901044,Nail Polish,notebooks/Task1/dataset1/images/901044.jpg,True,133,70,RGB,6157,2a5968b4c3d3b91e3388e060e431c5a332ec2652918c1f271981d512558287b1,bfad0ca76b95b50433dc413b3a404717ee8beef022eeaf7330716c8c1c7525c1,72596ce9d93ecda38a74afb3255ea14bda4c68b527370923e0760fddd9db842e,f83c8f0c73493da6ac089c813e1da96c1b391337d1253a87ada3fe9f7030f21f,17021669454660617686,122.30182421227197,
901045,Nail Polish,notebooks/Task1/dataset1/images/901045.jpg,True,153,195,RGB,12246,f360c33dacf81f497470bd58f4f0db6cdbfcc2bdf5a0d0e84f2279a6d1584ce4,b5d7259dd675db3f803a7afab121e108e7401a39974e0dd13782812897baf364,f92b22a7dce16bf21112e4caf2d7efed561354fcb48023f2bb2cf75bbcd0dfe6,f98dfb2f589495789a1bfa4fba10c837a9303cc507c818510b7a354795a1bc2e,10158146017592477198,35.623795761078995,
901046,Nail Polish,notebooks/Task1/dataset1/images/901046.jpg,True,166,198,RGB,14663,b76bc18acfca4ae38cdfbfea960c9ddaa7e474f896ca9f606acc91589c1bb05b,5ad70d1b006c29c9235fd69250b40ada4da112ebb681c5379cbc63e9cc77f7e1,fe957fe237344f2edf13e1efdd0030f2ebfb44fc7f15108f192d83c78c6e2e33,c2fde19c754f42258acc08356cd0dc04c0860222ad0c93b43da3676c673adfc4,13579591573487536633,110.60267034990792,
901047,Nail Polish,notebooks/Task1/dataset1/images/901047.jpg,True,113,40,RGB,3323,dbe7260fd1c4ab324c27e7510de91a62fcf45af64f43bbe296c244bbae971749,bbe8d5f55281f9fde0acf07f94431599774e33c18a550af2e0bc10c8e3b512d7,483bf96de9c6bc753167947a2dc7880e83cfd19667db4ab635257b178b8ade88,2cf07bd0e682d52d3459ad2e534099a073836d3185d0164db9a5dfad72e0686b,796872320526077722,104.13576158940397,
901048,Nail Polish,notebooks/Task1/dataset1/images/901048.jpg,True,94,94,RGB,6059,4b76511be7c802aa6f1a924cf05a94a10079f5115a73c3ba87bd9807fe3450c9,c6830bfb9dcbace59d7ac6e3cef9555b815cb8712d0a2582a30e563bff3d076f,0ddef2d5cabb8bbd47254a218bbced5598a0d5764d54149eb0b3cbb7a48cc528,c754d70e3beb7e14db16ad1621e530c6f9ad49b8c6f60c499aac37df8ffc4c44,2466069371366596988,135.37186379928315,
901049,Nail Polish,notebooks/Task1/dataset1/images/901049.jpg,True,194,77,RGB,8720,036edf36f35df4d6a045b7cfdaa44c139e8fce3e59fabee3c08219f9318d6cae,d6e800099a709866b74183d24289a018566533244598b88b457603b9077302d5,12ec554c7f187dac1e127a063b520e88686125a9d31e304ec7e37f16e2e4a9c5,d0f9932c2ce2ca0f16b5981930c22a8aed56824b623780d5b3b2639316396c46,2107110463740678937,76.98265179677819,
901050,Nail Polish,notebooks/Task1/dataset1/images/901050.jpg,True,118,122,RGB,7512,7ad86f2fa4891b156e6b21c9b6933e8f620e35c11419cfdaa1a0872022b1ddee,a45640841908421eed28f306e1403e69e80a60c9aded26b6b91a469086546577,4e772284c1e01bbc02499394997fc3e670d718e7025b7df667caa205acb4978c,17ee102cbb17d271dd5c2589afece0222c1e33f8ff23af2fc8b695b08e8bf89c,2745901529810134126,23.622549019607842,
901053,Nail Polish,notebooks/Task1/dataset1/images/901053.jpg,True,149,128,RGB,10492,2fde672a631e8e0aab3789bd45a0f998728c4657cbd23bd64024b384e90dd271,630b7cdab0f883a4b66d60462b1339979689124e78c9ff0e9213748c92f14fd3,2106ff73eda1df74dad5df7d7ee5774c239aaa8b23d9c1c23d57580ddd381d4d,6699e972ee4c3d1035ac095e218b01af4803894d1c472004f298617925f9d193,13964482516899559544,62.20424242424242,
901054,Nail Polish,notebooks/Task1/dataset1/images/901054.jpg,True,208,143,RGB,17000,ec1386ecf764c78ffdfcb0dd3f22b08c04be9993c86cc6cfc65aa0042e00a39e,ccc162d06ebe630bb4245d64d48c5b5359d4ed9a88fb08bddf4f3c77e1949a89,39b4751938430cc72c30aa575cc70f6bcbf011fd85ad59b1f2285547864ad413,ba5c646998009dfb928985e281a895d85c1689829d922bd0c5865f6791be6188,345710860148046437,140.45845272206304,
901055,Nail Polish,notebooks/Task1/dataset1/images/901055.jpg,True,162,157,RGB,13440,2681fdca6a04f8b2005fa4dde8d710dc623f7fe1d19717a90a2ac3674e7b49f0,d2c3c9ab674d526b9e446279e60c2954aa08488d96b68e15d6e4afd041e8ebc5,869d1dc0225d325b45aeffb03ef5d9bc58da2e52b2c0a3929420911295baba8d,8f7b838e6cea80687292682c27c6ed7847abcb4cfa6bf1370fc1ad2d65f8f771,16784704359744955702,149.84490010515248,
901056,Nail Polish,notebooks/Task1/dataset1/images/901056.jpg,True,181,113,RGB,9538,304aaa72f713901c8b935cd16df70efc3a66fd7743d2f8f0ad7d38ddba04c6fb,f2e528c3849f7e4be56ba1ef4938a76e2e149beaf7416d1eed88b10cdcd43b09,59e8ed909dd0e6ed9d7500eca716d96153dfc0223817651792e19394a3182c65,8844c03b885f94800b3fe45fc8ba857f8ccf3033434e5d79c898e40ffdd17208,7341409085881218100,17.73744292237443,
901057,Nail Polish,notebooks/Task1/dataset1/images/901057.jpg,True,139,68,RGB,5939,0af21949edbd5104fd8ab7b3c4f25511c6573dff9ee60c6b41695a08358a94aa,0ec3091c50e0e5caf7ff2b7f6800a51f813b8fc2ba3af4dfede2bba79d046b7a,b451ae3cae4bc266078eeb2bfd5109445d28b8f1b1a0a9e7047b1acba5b81b87,dd444de02c09c71b79f74223f05167b4d980bb832cc2772a2ee0286dd66c4160,13168966992917861513,117.7479674796748,
901058,Nail Polish,notebooks/Task1/dataset1/images/901058.jpg,True,148,212,RGB,15031,a5602ad085e56055cafedf661fdee63b2870cf8dbb1aecaf6baf6463f93fdfda,8259026d79dd5bb688594c2560318639793a3bd28b3a812ac03c787bec90128d,e500dd5a9d28b863b810f757e6d836d2ec14b48701ae9e7a62881ef82cee09db,bbdcd205749eec6036fffc6011571123db61dfb19dd49910cb4510ef5a23d26d,3140107516619049521,148.68761638733704,
901059,Nail Polish,notebooks/Task1/dataset1/images/901059.jpg,True,156,147,RGB,12133,b27321215ef71ae5692a79d4b815148a56dd66d74c851915a3f9b195d556f976,2329723be9f1a7eb806492d849df92d47afdb8b0b07f3bdcb345c5fd688ab110,0e5241ff64d084d0a950b3061e3874025a50f558f25d91083daf59a2feb69b80,176240ec45febfca6a923590098fe9b34eed1d9b373a1b12ec75cb8a00fcdca0,7826190086319496556,91.65669988925804,
901060,Nail Polish,notebooks/Task1/dataset1/images/901060.jpg,True,150,126,RGB,7891,2bfa838a9ace5a48061725dadd4b9b4ca8ed7d2b636aab1996acf7d505cdcdf9,91a89deb0f73acbc82d00e3438d4ad9fef4536ef0b67d2b5f851d458a51796e3,846c8774ef7b65171bf8102bd4c70f0b0c3c3afbc72aaca4d9dc2fb2c9f0ec27,60b5b80c586396370849631b2013cc5511a7d4b5656b36545d87680c75a2a6fc,8527071798356842012,97.05961070559611,
901062,Nail Polish,notebooks/Task1/dataset1/images/901062.jpg,True,229,120,RGB,10416,86f5d5accb132ff57bb61a1b5c2372f6abf72848c88d16923fe17212373184cd,dfb387105f25e4c7769b9d8bca2737e561b15e77d2d7a7d45641a863bdbf7a30,bcb519d8047c0e35e295f264a29a10dd9a9b843bf8aaf8735094fba921056e2d,20dea41fb943dfa514dac81bf309c93972521f4d98cb270ed39d6fc5b5cecd55,16493943575366551374,101.07973102785783,
901063,Nail Polish,notebooks/Task1/dataset1/images/901063.jpg,True,97,184,RGB,7755,273f1f286cf79a1138d7ff0f8bc9f201cf60595d2b27b3c235b9c52d4bf99259,b3d83d6bc8f78ca7e2d9127fda6d5dc5daca033539fc45e887e088ef81cdc989,3d6564842cf035f9297c9fd639ec343363a7d00b8445708a37cbedbe98d3a022,15009c268e7f216ab3c911555d35db4d3e45d3dc2e1892aa1777097aecda147b,17950509380718167558,163.3584229390681,
901064,Nail Polish,notebooks/Task1/dataset1/images/901064.jpg,True,123,68,RGB,4093,1b8aad6a09a6dce4d3b0108c46a587b92a7533c4e5eefaa5e02f6a7c288c6d0a,35b093b369b66b684ac793dac806d26c6eb07dacddeafb7402c2ce67871df140,50b0023cd8eb066df4baf7018d15967288c91f217de95ae3695a47639be8d89d,e4a0b88bb624bf30892c542ff840c9a49687e46074d210eb6b2249c2603f5d24,2782301395527700882,6.783068783068783,
901065,Nail Polish,notebooks/Task1/dataset1/images/901065.jpg,True,123,136,RGB,7331,a8cb01914c98e3ab5013cfb50881f9a4125fdf50b2f4a1458f41162cdccdb48a,e05e52bbcaa970030e2f421afc05176860d69428659cb0229da89e16a3ff102d,11e3c2c4749dcc75c9acf566b5e15cc29bb447efd0615242920d25d1c826ab7b,e6d748f9ee0abe10bd3411614486597a5af2d1294f775ecdea834640321849d8,439712734393266868,33.701686121919586,
901066,Nail Polish,notebooks/Task1/dataset1/images/901066.jpg,True,133,140,RGB,11887,76447314e1728f90b10b01eb81f42c0204ca5ab3ccca2df98507044ea63adae9,ddae98662f56691403ce6dfc0e6793191d7f52c7e83706f8cfbb1cd08199a73e,1c9819c3d86232c7ef2cda81a2402d6c2f6df2305c95a26c70e02a2343b1f74d,f9c4fc30e99047bc8afaf771033b197a2fa169c1fc2ab54348a0c7142664542f,1012978735116434363,71.65375153751538,
901068,Nail Polish,notebooks/Task1/dataset1/images/901068.jpg,True,138,67,RGB,5837,f0862f9b948e219fee760b61063718f7fe3e625aef623e9b15487789b691262e,6a5bf2b74c6616d266be64f418c238b64c294a92e3bd79750402347c9a737a85,af3d5d6650b9ae9c0081db842d4a8752e1093cbcef6eb61ab9b319b5e849cab9,62c3e1e63c3ab1a1d4e5c26832f94ac40d2af27b3d7bde5765eb00d3796fc14e,9761054229850744095,149.3694581280788,
901069,Nail Polish,notebooks/Task1/dataset1/images/901069.jpg,True,77,163,RGB,7091,2701e517b2f1e9dbacd27bb2b576c767a512d9a8ad4c7178d5c10e7f3dbbc994,42fc8b8832a567dd28a8248fa4a2d63808f14686bf5248b377871f40e1cbf9a6,bb8f715d05424e442a38c16830b74cd2731fa6e0c65e120f4e70cc69a720caf7,8969e977c38d868491b5332f20f5de3d8f009d8e29bfbd098fb46fe407b630fb,13293559794896966659,167.4593837535014,
901070,Nail Polish,notebooks/Task1/dataset1/images/901070.jpg,True,149,150,RGB,12048,1da15163bab2677ff401c6a2ded2bac958fd796262277f467fb2eea68a623ed9,28a38fcf345d4392a1c017aed56aa40d187de98111cf88d914e2b3595ac96861,fcdff072a0697648016acc774aea619ddd09856a03be93a243d1fa72ccfb0245,dada4ddcbc6475e7358a4455b47b6d6c0429e196f0712acc0b74c30978e7f77b,9713678795764122084,64.59483726150393,
901071,Nail Polish,notebooks/Task1/dataset1/images/901071.jpg,True,119,128,RGB,7770,d30018ada401695c8fb5e49fa1843909c93888ffd57d8d69fe580ce822c1f2b1,2a20950632a6bc941fd6c047f84ee343c4c9aa71e91a4b1a56aa348903d515d0,a23d52370433269a45605597be2a86723ab5edf3b5eaa7b01fdc028edf828a27,e796918cbe3a4d87740695ef95bbaf8c4938e8021fa176e36a0f8157a57cc729,6920206455477619786,95.67619047619047,
901072,Nail Polish,notebooks/Task1/dataset1/images/901072.jpg,True,157,97,RGB,8741,bfd50e9750a8965d9be1de9a691f785162aa5b428845e9c77b69ed8b1f72972e,4aca16ba4ab7107e87dcde4c8f7452eb16cffc093cadbe18c3dcd401eda2c6ac,7a0000a53586674e4b022e108a6d87d1196ed5ed562d35e5e400f9894e52da7d,fef0845aae66e25fb5ea3fde92fa81ed1ddb50a9532b3a93a15e33ef74b18799,5509646253788653094,144.0952380952381,
901073,Nail Polish,notebooks/Task1/dataset1/images/901073.jpg,True,172,190,RGB,11396,36d9df3a92da9bd1bd4c8031ee7626d8e3ec3cca39a16c1d18bfe72023ccd0ef,795965d6fe74cf877c3f2609ab5d756a42d51beef98536bca5c3ebfd363f20c5,c23a17e56479f5a90e8f10e011e64e31b5df0ef3395c097beeb435024c43782f,a3d1ba53a325ad0a5c1a341397681377a30e569a5d71dd0e4343ad84e038815e,17309651267672819510,152.6449074074074,
901074,Nail Polish,notebooks/Task1/dataset1/images/901074.jpg,True,155,162,RGB,12486,a3fe6c75bfeb8e60402c8d33b47970d6567d1874fe1765db836aa90ca7a07e62,73d01ca1b6586c594a9eec6b9e8e845c554f97771ed2853a536abefaef318700,15bb1fb2e08d9d152f163fa26e4bdd2f8a3b47345755503e2c8e558159a13fa3,41d7e2ee74c4f4e487ca31ac3283f37d91a7e6d5ef3b48102f5471657302fa5b,15615236506482504689,87.82539682539682,
901075,Nail Polish,notebooks/Task1/dataset1/images/901075.jpg,True,194,65,RGB,7542,a63a06f4dcf3e7077e7b7f257822cdb12085943b23a09a21c9e79467f220734d,ff61c2d61f277f8300ce0ef77cb03fd7eb73e9503c70f96af7fdf6e55d6e736f,2f492b98c07b792b3e0902aba48ea020e5d528e123da94b4842ea9140eb07b9f,bbb3a1636df4ac61c6573fa50ac2fe8f20c197fe852437a25a1c8b235fdd6012,14396577453039078395,49.17444876783398,
901076,Nail Polish,notebooks/Task1/dataset1/images/901076.jpg,True,76,139,RGB,5039,95048a98e72f38d50be1cfa5f3b2a732fc8ef5ec25d47e1c705f6b880a8d4c80,770876284e350c35540741c0933517780b526f35624da3aa5fc72bedf809e2d4,d12ee529045bb48c312af1bfb096361715cb9f7e42267d95bf53928276d17bfb,c8443aa142892f8bf763c9ca240d438f48b185ea3d6985ddaf0564f0542bdc08,16136159081246029968,81.80438184663537,
901077,Nail Polish,notebooks/Task1/dataset1/images/901077.jpg,True,150,70,RGB,5323,a5a7e960cabb78da287eb9a50e7037d80c95045dfe6fadbf0062c3f192b793fa,f31784a68d72f1a4d5b8f75a993f669752310cc544848bc8a8cbb73c61df419d,4c5c7a11323d1ceeb706b5dabddfe2e1b89454835feddaf0ffb4ea1fd62312bb,7eff04662bc0e8959442c71fad1b13abf34a5edaf5c016cdcd276d7dc322e586,18207432675202710756,96.82262996941895,
901078,Nail Polish,notebooks/Task1/dataset1/images/901078.jpg,True,103,118,RGB,8428,dae6370efe2ee9087d79bf7e91bb744e87cd13c66aec08a72bc4b882f46cc78d,b51cba63fd63e304a8359f2ae60b46f6903934fe3cc99d7b6547a6d3881f40f2,2b9630c958ee39862663f06b34b121bb1483ce3f67c4688a2dcc3b09bdd7d2e5,1f578c0014fa461a90e6c9c2ee414dff191d03fb16576b967999c7fe295d3287,13014727528857179019,157.62937595129375,
901079,Nail Polish,notebooks/Task1/dataset1/images/901079.jpg,True,176,222,RGB,11345,2a65db0c83cbff4050d3568621d3128f6290c26fe49f7d9c494ba015583cd9d2,2eb8bace0394a752f0974cf807576788c411fa4a428ad02b1d4c7dd703aa80bd,533d38d0423074df54e2f56783db81935bf151a9c914ffb32ad7787a3f0ad2d1,dc94a2db5ab531205dca5ea9acd040b83eb6fe717f503f8d088c884d87aab9e4,2768225460941279922,7.337962962962963,
901080,Nail Polish,notebooks/Task1/dataset1/images/901080.jpg,True,76,116,RGB,6779,478b1900dad1c0601561b84953c47b458d374582f666994bc4781c0bc539a4fe,815d881b1558001eef8b35c3206629303a840d869bbad207811a7d1ee0d2438a,fb961cf642526d5e1c607546ab0a56c6b7e6d0d39050a4f958bf19e5a1599bfa,1237eb4d17886f87e67161687a55c30a75c5a96ed6e4c1842990bfa53c585696,8208035499886954617,102.33245614035087,
901081,Nail Polish,notebooks/Task1/dataset1/images/901081.jpg,True,170,69,RGB,6608,54a47824309c0a6e19164e98a97bd6ba1c539190f520d01b2f9275675cc284fd,da5197e14e7c3101e01ce42efefad726a13669a8aa0545ceb71190d153fc8738,83ed9ad5ec24b6beb823008dcf135b92303955f6d54a8ab714780ce842644a80,bf18771eb6ef5c00f519d15e877d08f2513e749e6348f5a30ccc823c29dec851,12530638033162446022,79.0309423347398,
901082,Nail Polish,notebooks/Task1/dataset1/images/901082.jpg,True,187,129,RGB,10446,432e8c3f10a3a24456bbc89051a2abf768d541076c4100b8f11e5733fa649265,826f3256d1a2acd16ab0abd7031a83cdcd66d0554f6d4d82c9dc561a72cda99c,1ac38cc400cf23dba82314dfe2c83add23bf6f3381f98617deeb6047ce4a8104,5b61eda2eba0250e7c32a59d217e1551527c676af0ea90034508ed10b35f2e95,7990478158700887566,14.76592356687898,
901084,Nail Polish,notebooks/Task1/dataset1/images/901084.jpg,True,191,185,RGB,20436,e2384357f202379a4663fed355737b840d695a3c9d87464a9d77391e0c8811b5,062feacecdfa67dc12e876aa34619098ff31e8a49b3e1e8ecff99e98b20139e9,cdbb055365129a51bf5966a7a8b2ffef895645421ac91835789a7c066bd18ee4,fe393caed13a6568e5b47193c64de34e9f57757e8d61164f783d2d23bf226c4e,10630688879247564511,160.61274509803923,
901085,Nail Polish,notebooks/Task1/dataset1/images/901085.jpg,True,120,150,RGB,7610,f0ec0e9881cdae8905fa89b7ece654a14711ea64c47ced894a5baa4c5f260b49,d93d45cf120fc3b488d920547b0b955f07e17905446e167f925ffcfaa409f35f,2d243d7362e16563fd0defdd87c7f8ee89078bdc84f98a42619c31db5344f628,bb298b6d91fa1fe24dd31c226f67426d69dc3c846937d076cac6bb852495bde0,1085011650157766688,76.33706467661692,
901086,Nail Polish,notebooks/Task1/dataset1/images/901086.jpg,True,208,128,RGB,10035,dd1014ff0e004e044fbb43976722568bb5be52684f509056bb53936398a4abab,87e73e7f4db6657318b33a70439c23eecad952ce5ebfc06373fd696e95c1fdfa,6037fe61bb9065809c83a6e9ff3aa1e2107e689ed4c2448a3617303a28099c8f,8a8bd49baf8fc405286c510d41bcf6f3e719c2f485ab900f879d8bc474f3d98c,655573029196872022,53.23203592814371,
901087,Nail Polish,notebooks/Task1/dataset1/images/901087.jpg,True,92,186,RGB,7409,1bb059466e5b3fd166211022b3f06d9279b90bae94409356217eb1ff0d24185a,3479d2deaaf9af67c3017b2e707dcb0c6226ed54e07f5b5b7e2e3a028052b376,12bfa43bd6f963cef9ac4b3ee44161e9018e5f84443521aa5438017a4afc0886,ed6138792ec66dc25d2311e6b81d3808d9fe64f2887f5ac83f1fda45f08b01d6,8128238443267016422,21.003623188405797,
901088,Nail Polish,notebooks/Task1/dataset1/images/901088.jpg,True,113,58,RGB,3695,5f825c0410680617782445a98e64206731f054d887b36424a651a77a110d3a07,27325636edec8934b5106d4b1dd2d4a52c761596cce983bb85e77265e58483f7,983c48339cac9dce5a40929e5477632c03745e5f3c0b18bec15f45b04b9c1dd7,dd67af84dae1486094e05eec8e6722be66d37f0da5bd44a7ded27a2ca3dd3492,12564615225008102553,45.69033530571992,
901089,Nail Polish,notebooks/Task1/dataset1/images/901089.jpg,True,120,69,RGB,4911,faa9416f84e0ef7228b78362e4ef0bcd4072a35bb1fc2f60dd85fefbbdac6fa7,b86e781935e944eec8e99e31b370210a11e747d01987f98de784675ca2eb8c8d,29149dab2880e3b7bf97bf426b5299255125de138ac8b15ef4e85824eead5870,4808a3f8109bcbb165dfa9373d4c1e77c862fee3f990cfe50af02d83f40761e5,7454428370238423918,137.8235294117647,
901090,Nail Polish,notebooks/Task1/dataset1/images/901090.jpg,True,97,153,RGB,6370,2ed5e1d67c6222f18258c4a88bc06551c6a960360c78a34065bc2ec8755eea05,8a5da5ec03f86a35acedcbfa6c7a6680e915810b968e875b9cdddc0a756f13e1,aa09f34e08210dfda20d7d8fa9f7537a7ed0e7215fe4cd878d3b9f52c1aa5c68,bf2cd33b5d61eebf30ba32bd13ee608dcca50f30dafbe5f998392cd1c420e271,17572138002140126760,19.0497311827957,
901091,Nail Polish,notebooks/Task1/dataset1/images/901091.jpg,True,208,124,RGB,10679,4643279bc781f0145fbf66c370b7647698329728a3f8cc7ad56fff600caca9f5,8a924c179da24778522b338f69c53229f5af3e4acbdc03ca7b863564a7927294,eceaccae7639a74da8e5fbd2983cc83ab33bb6ca5f50d0dd8e9912ddc67aa3e2,50f9eb7ce34dd37a097cb564e4fc10de0b4e799b95dacabb45b3ef0892d7337d,7238478748425856604,110.85252525252525,
901092,Nail Polish,notebooks/Task1/dataset1/images/901092.jpg,True,126,148,RGB,10184,514b1b2477cafdb3379c536aecd89d8f10f7417b3f64a27a63ab9d9e98c2eec3,7a39e9f6a6e3147c85f31a4d01d20712b4105442881b5ab90e386e6dc9ec2f99,bcabfb85fabdb97275940f24776603f4b99b96df400dd130f04ea5ded89540a7,47e37380694fad59413f2a4c71af4b807637d36c555db829b7dd2aaf5479c691,4485369260832667580,80.88541666666667,
901093,Nail Polish,notebooks/Task1/dataset1/images/901093.jpg,True,193,219,RGB,13189,c8ef3403b3a3861ff89fc638b24360d48ee1dae1a6dd868583acc37e00ca29cb,0e067eb9f7fdd78449a91a995ad6ab9c3c966cf998325af630633586df0ff143,11c1b7b195392bea6e920e4499bed2abff12522ac5a061f6ab3c4b11e66d6ce5,c2ed2f337933e4d0140cb618744b3a30408948efd30d0f1f6bded5aefb94fa75,17110369718076935047,194.60650406504064,
901094,Nail Polish,notebooks/Task1/dataset1/images/901094.jpg,True,92,162,RGB,7656,3235360aad9988fa669a175a011aa1cbf24b5fd8e2c07f958930875c5e761527,364f0601d5526f5e548e291bdad5015da06aacbc5a5d2f770c393da662e463e7,908abebe6655e567890d26801d83eb51365b1eaf86f99e9b8f514ca99841d5cb,809b28210bcc29e8f584c518a59b609d0d40096529605969cc552bed33acd662,3617018983850318528,105.29497354497354,
901095,Nail Polish,notebooks/Task1/dataset1/images/901095.jpg,True,154,162,RGB,9258,64aadb0914d584185511dfe4e6664490a45a2709cdbf295a609508d815586354,44441274d3906995861823ec2c80cccb2dedc00a6f1b08bd420b0b22f389fdda,2e782035b79d08f8fc397eb475371fbc40c7ab2d1e0db3f8de45180cd518e178,31889ed262c74bdf0075e5c7728dcd8f5c4a1b4ca38434afcb3a771ff572e159,16353328671268347174,6.574309978768578,
901096,Nail Polish,notebooks/Task1/dataset1/images/901096.jpg,True,118,111,RGB,10305,4713561927943c3922dc147da74eb75441197bd3f4287389f34846a84cb7a7c5,d5619b4d3f860f757d23911fe69c81433b991c529a770bff38b025fc79a817bb,3768f6b0e6a8350fce0b7b1f4ea033deeee747de840d13ac6e8029aab424fd07,3b25a9000c06dc9637fbc75a8877a8d70a2aa0e4b2d71f956479b7bf04511b53,15695365580969797487,94.08370044052863,
901097,Nail Polish,notebooks/Task1/dataset1/images/901097.jpg,True,63,118,RGB,2890,b571908dae57c1059648ca4c5fe48b97678d79594ff2887fa9ec8a5c5ba35207,716d809d42cf728d779daf88d90dabf16527b7a95c4105e5656140d7bbad75a7,b62a0af83be197f34c2690f1a79a43b9c2eb98d13c6a50e897e68cc1ad7919dd,658f251bf08a97c2e2e2feeb780ddf130143bb6e3cf260879492e930938966f2,16195156192507551842,17.15735567970205,
901098,Nail Polish,notebooks/Task1/dataset1/images/901098.jpg,True,120,77,RGB,5099,2d64dc155b2fd925aeebb72ad46652ea4e0316f049abd5c37a161de17f3a0367,da0ed76639c11699a97388eb48bb65d1c7189f69a5c9fcc79907e45fe33d829b,911357bbb4b1f5a5b25393d491eccb0b975a4d3c249e883333ce54f3a46a57f9,936f31496590114391a3251c20f8b963484d4d8a3ebe92f2605525ee9426471a,7400170885950451988,75.17264957264958,
901099,Nail Polish,notebooks/Task1/dataset1/images/901099.jpg,True,139,72,RGB,5627,39125546427af49dba17b908841c2bb651e2297943b82e750751fcbbbdcde29c,fed886d8fa56d32017234a2b80b50b1b44f58e136b7f08f4a5d50d0e0c2388fc,13c7531405d1471052bbc0940efd6b6e64d32ab1821a43142e342059bb8cc87c,faa54b0a48c96a9ae83666e0b6fa712f6d98e168f16545698d770e3f92ca5238,876244367903045730,173.73205741626793,
901100,Nail Polish,notebooks/Task1/dataset1/images/901100.jpg,True,107,114,RGB,6042,8edeff2f7e108e4814a9ea2afec7922b4f99bc2e4d04c1bff05ed002c66839f5,3dc486775ca30a6005f520c59889547db6cf2785bb17440cd790b6f7dea6b691,1ea20f03015aaa08adf9c02e414bfc5062045038655b92aa4871891c5b2eac13,5675329d93fc3051b5ae028a25bddf3719f383cc3f91f5a46dd88bfced0fcff5,11273766465697345909,74.02054794520548,
901101,Nail Polish,notebooks/Task1/dataset1/images/901101.jpg,True,147,123,RGB,10003,a791f48aa0a8283d35eeee3ee6cc40deeef963e70dcdf9bbb967d66a7fa553ec,e59602d64d9698d1c6e93a415e78bff4121e2b27d87aba6626df616cfc832bc9,633b492628b4d2510f9b83145868291734a3bb0f3959ae3f404d7a398eb02dad,a485f50f02d5012866defa3e1a864ad7c41a3eb991ad3b52942f7f46fc3185f8,7368666289053057329,91.8955223880597,
901102,Nail Polish,notebooks/Task1/dataset1/images/901102.jpg,True,199,165,RGB,14528,d120b0b7ae45c9d65f4e6c1b891401364b1e03313dcf50e0d19eeb18cb5e7d35,411e2361456f91da498e9194539477600e9cb984147c37f53a801e7a0be9eeea,f7f7f7c940994efc5772412f182ada394d7a5d3073beb1edcd78de5ce42745ba,31667d2173876b1d5e0b5e5e956e4bd75cbad64325074904e8bb636ed9ec4f2d,7088774135484827467,74.45718232044199,
901103,Nail Polish,notebooks/Task1/dataset1/images/901103.jpg,True,143,70,RGB,5721,98e8ddb5f68d482c357ded962ff9e3fd2527d2e7b6101db581e3cbc8611f2ea8,427549ae769f5ed83f41d9695c1780c217a322557ac8f615dbe5a5f5e55ff0e8,82d061cd1e7beb42014c3e7aa82bec43cb0e8396bb438a4c2e813759929841a7,3b95462f5d1e83aabd1f8fb2e73b83816b9637f61915cd7597940f2edb798db5,7888362714693397580,97.68009478672985,
901104,Nail Polish,notebooks/Task1/dataset1/images/901104.jpg,True,200,182,RGB,16805,0d0bea5709b54b0470bc3833e36fa2c379671d37db3b093369eaf2eec1e2ade9,14632f950d103873ff5f54774ccd31006893feccdd90ecf72a04281dc4f99f49,3d84d8c285d7a30502a5cdcbabe7052b0a113be1b3020588dcd9bcc12edea233,10403ae07cd7a3cf49f3be6dcad85d820beb0dcc838e1b7d142f2a17c3f1a123,15837718364557285500,123.79780701754386,
901105,Nail Polish,notebooks/Task1/dataset1/images/901105.jpg,True,180,74,RGB,5761,fdf4be402ae48572225c6d3d2cb3240c397a28c46792b6ffde65243599c643fc,4579d7bea87f1cb21d4a34d5e77aa732f8d0f38d16ef5892248870922f2701db,049c78d75235034239fc58627bc47036212c649b5a62dc6256b21d207acde88d,fb30f224f918397fe7876e1ba8b391b11de177d09417eb3914993484e767a22d,7093972161166874681,88.27843915343915,
901106,Nail Polish,notebooks/Task1/dataset1/images/901106.jpg,True,149,63,RGB,4664,2042920e525b0cedbf008cef791cf8509fb3a7c27b147641bf602cee523557b7,06c9a52dfb16e4522e15d03a5c0d0772ba44ba436575abf3e9cb3328f07bf107,5e0381e6cd8dde4657ff03ab07f3c798dad8d8282b7209ad24d691aa2449d016,86d8c3248071ecdadee64838f72057856f9284f16f40481e0bb05773f1da86cf,10240373139398663229,207.43333333333334,
901107,Nail Polish,notebooks/Task1/dataset1/images/901107.jpg,True,61,192,RGB,5626,acf6235236970bee90d78d3c4c5bab226e47b575773f3f24aba190f473b78563,07358a49b097e3629bf8cf443833822167a2333809c32a2fa54c51b629e7496c,a85db743b26c0776b7c59313ed5b4d7f4a63c5ae9b5313120ef1b84b60f01586,8d3b783da75ebbac58659f0f2edf4f7af2e35b4780089d115b46f67cedb472ae,2820136419874336039,117.24701195219123,
901108,Nail Polish,notebooks/Task1/dataset1/images/901108.jpg,True,93,174,RGB,8134,e677afe976393b9a03698641b65d4e1a65c00a9f28390aa86d51ad558235b849,7a6427f7eb9d6e6a8a007352fdeed1bc6288236e951b971e2924690e87e5f4c1,58b7843b6f246704aa021ed14a63e15ed7ab447e27da8af62322e29495037df7,cde6dd381d8ad84faa5916764acea72bcb7185f8965b5d1696103c6340335086,4191844429980405488,49.538364779874215,
901109,Nail Polish,notebooks/Task1/dataset1/images/901109.jpg,True,132,176,RGB,9082,c75fc19bd13a1d2b2fdb970ec5a70f802868d9fda4df7fda5eeea3adf1a87a8b,a81db88680d24f9666cfddefa186a0b3257688b18909b9c1f4626831db2ccca1,6f2fa2e66d836102fa2635c177639d90479b5e709a9dde409eed6222b167737c,0d1a26f71147ea76adad181cb99ede8e92cd7b549d1c69b5b5ec796dafa47a52,10215963227750984050,26.191721132897605,
901110,Nail Polish,notebooks/Task1/dataset1/images/901110.jpg,True,146,213,RGB,17574,b31e7485b2c52a498b706d7cd320687ce3a3104354159afde8e4e256f85969df,e2decabede4a5a1c3abb23f4fce2c137a243ee08dcde2173628d98fbab915500,95cf05079eec0285370239fcd754b9bddeced1c2e84a042d470d4de529040cae,bcc20d883432202b2b6feff569adc589653b98b2e12c2b147437db1a04b61803,16659863120896046901,115.47759103641457,
901111,Nail Polish,notebooks/Task1/dataset1/images/901111.jpg,True,126,70,RGB,4613,94791b4f33eb348511639b23c8acb420d8a181cc81c471e1357403ca631e76af,1e61be83d45be7b052ed12f6ca66b77985d8561ddaea5db9cfe8b2927005c686,bf1e1ef2cfe9aa930b7130c2fbf4a162aa23e53448e2c1407ae33fda7a8c95f0,56b967f90c56f0ba221f7dc682ce5c6d47dec7ad9c7a2510fbf8946df1488f87,14383287436496878686,100.72594501718213,
901112,Nail Polish,notebooks/Task1/dataset1/images/901112.jpg,True,190,109,RGB,7927,216f7eb861765c3844c033c2eb6a4b6464fd4b75e2a7a31456e720c79a538f13,373614c79216fbc0dae85b935b179cb4ca1848468620ea475e8bfc9ccb50a40e,ad1270aae7eb4cf5c09fae48656bfd47ffe04b3181b46ed94856145a927c52ec,8053e96ff787a5317a6e10ff450f7874fd786be43a6f062516b133349e7154d7,9693618576827798483,16.30808080808081,
901113,Nail Polish,notebooks/Task1/dataset1/images/901113.jpg,True,198,181,RGB,11317,88b2d70a8f4e9829a05a2adbdaf8b896bf88dd09f0b0a8c2b98963846f14ea75,e135e89011ceb88838417d73bdec7dc7601e12fc72ad3fdf6abfb98aa5c0b73a,4d4b0f8e4a9709a2261fd95a546de2e25b52dd9a0f608ad77953297557189aa3,3595d0a915db742f3acf6113cec5edbfd3fada7105245d0244138327c57b9b28,10702358081531828329,8.76657824933687,
901115,Nail Polish,notebooks/Task1/dataset1/images/901115.jpg,True,111,181,RGB,10688,4f3d16a0d16bd2bfc9f25477c9857609e0b92377cd8b1999dcb0e4b2526c971f,db96c41f2aaa22f91c703bf41bedb69e91f0c442ef4ccdd432f9ab27c065a992,6627ccafe6fde57b84e0e9b66b6dda33e54343fdd1780167dbdb8a274d031624,52a5d6d080549e0222b22c428c66e9746cc016400d398240dbcb05ad9db2db26,17351387511524995388,81.02298850574712,
901116,Nail Polish,notebooks/Task1/dataset1/images/901116.jpg,True,150,81,RGB,7984,426a1e62522949673c2e37ac426d2e1558cc17c912251c1587206039f156e03b,0a13be445bd995bbc39125922dec5ff626ac7902b4137d0fc4a5b46ae7b5de7f,b8434b556401b19f20717a6e17a8f3ad0921298c6270785c804ae3e2a60eb9bc,8950eb6a7ef341ff3f384ee5a6ec16d30435469beff613f1fcb3782a68d52120,10091739517928464817,111.77001455604076,
901117,Nail Polish,notebooks/Task1/dataset1/images/901117.jpg,True,103,107,RGB,8752,63171f7b377837d40249b2bca76391c36cd454edac98e72239565676c152b441,bf879c3d28ae8135b2b91186c81aebf1253402ba57ef52b9ba0b234cfd078ca7,72d810bf28d0e24adbe2b6eab1d30c3b462e748658898b0886e06d53bab05e5a,a5c165698c735adc9388661a597a92b7b9e98c9280a3a341404680cd5c493bb8,3101616369164871535,90.17628205128206,
901118,Nail Polish,notebooks/Task1/dataset1/images/901118.jpg,True,183,84,RGB,8493,3fb2ff9d8a11cc3000faa14fab20c158310b2967e41c42cc8a855113eee00bd9,854fa7fcaf1a728a743d7054f25480ec689027cf90363681934998ff0bebbc4f,ce0fbc54fd57cad00aeb4595ac7a3a78dd30e47d0112ee9c77203d7a89a6de4c,bcbbe720c427d6c6645bb874e1c22d8789a0e87cbad21c54556dcbc8b4c2c502,12434685577605470601,41.32830188679245,
901119,Nail Polish,notebooks/Task1/dataset1/images/901119.jpg,True,149,140,RGB,13927,341e88f88accead60626cce2652d9e52e664673f2d7afa1a3dd3946934e49e1b,2c6e051e903ea2f3f8753d5cf39ab099d938df6857489c7271cde900e24f750f,5a164c18c8900180403554809a0be28a3bee8aa3c75d2290e29233ffb28e1f67,469b5d94d37cebbddef2bea736061d4533b47edd0479612afcad840aaae1058a,4229733052333389160,152.0458768873403,
901120,Nail Polish,notebooks/Task1/dataset1/images/901120.jpg,True,108,132,RGB,7081,b4d4fda1686d0011bd3673deaaed5a3e47d54357e664c24b240655a8ed7b044f,3b8b1f59f247ab115bf4ede26c4da6e491689c800152f89b168bbef614b22ff0,0c75ae5ffacc0cf25ff415dfbddb6e9451c8755a6cc9558f8560a381d0a8136a,c4153857fa63e2f7d37e287765944ac312c2ddd232a4e315a99371f6a2cf6855,11425528366327412266,185.4124649859944,
901121,Nail Polish,notebooks/Task1/dataset1/images/901121.jpg,True,70,140,RGB,4819,753ae9bba5e9c5f3709a14112083f125f0e1352801cc93979c0fa56109c3352d,4d8cd9890c090daabeb8cfc0ac5c6d3195edd74ae0763da2aefb106557bc6c6c,37bce6a472584a395861803cbc5c6ec53e56fb3b8bd8fdf072605e02930a862a,f0eb6db6dfbf02b1c80eb10bf2371f8ebe57769a5f753c2b2068b8d392bbba9f,12433537851758622745,35.94471153846154,
901122,Nail Polish,notebooks/Task1/dataset1/images/901122.jpg,True,183,179,RGB,12468,30aeeb59bf4cf728c8d5c58e5f3d4833ba2308c5a5f097352f47abe313dabee5,06d12329a94cd631ed8be35f192f627291cfc3e9b6d864201bda992da7c077b8,c0db16d84511a4f3cd161b40e9d3eb67a08d527edfcd3924e46e7f36673a7032,1ab835f8da115c301f03b9cbed1dcaff66805141502d91a75c60b6c20665d086,7916042699102281859,36.75972222222222,
901123,Nail Polish,notebooks/Task1/dataset1/images/901123.jpg,True,227,134,RGB,15058,fbeff23c92dc4143cad4db2d3ea033be78e9c28d76e29ad3bd5cdb1250d264b2,7520271c0fe5e45abe1f38225f2de3180fd53a702b07d0380d55668f72d7e09f,54717f7d3bc621ad43c1a655dd1a41eb7e2585b4b8cb70aeac848200b1b90306,5c9edd33edc6b374ff0c65ef003185658bc9ff411963d30a553c1670ee28a7c6,11121775750469264915,83.37279480037141,
901124,Nail Polish,notebooks/Task1/dataset1/images/901124.jpg,True,147,74,RGB,4675,0956676df9e176d45dcc65b83eee9c98fc397c635c3064698f31c0a52db3f176,5c4fd0570227d1abbcda62bae5f5d836c029a525e35cb6bf602c1ddd81f7b1e1,3ef6ab68682943081e93dd302518950c61bb947d898030c208ab509e1a2dcbc5,e86285a89b7bbbf647fae29de6e058026cd7a6ad95ad4ff5324960fcaa29925c,1702244330882799772,143.09056316590562,
901125,Nail Polish,notebooks/Task1/dataset1/images/901125.jpg,True,168,192,RGB,11410,340412a15022cafac586fa39bed9047ef6fa4b7f355f761c3154a8dce6808737,5b98d75f452b27ee1a6632ee3e25a716830c0b3609694b3d449186698472d087,8ea11ce121fcc274355a8bd3476868352e161489709296fe7d52c70cdf544184,3bfc378beb0369f208527e531605fd81e9375956aab69e7bf15882c8f7dfd51e,18090130733771493785,169.0195530726257,
901127,Nail Polish,notebooks/Task1/dataset1/images/901127.jpg,True,129,91,RGB,6174,41797cfe3c8dc4b0e19529dce44d21de0dc49ca3b3f86f6eb269c3bf7e426130,f5d9c33da9f1241f378a995cbc2c190a26f82f5a04dabb75d9c98e6a564d6858,eeecffb2652f86f3f2c72ff4ff7b4738c49b2ed9c2bae1c7569849d65fb30435,ea0f050f956ee8d7f3dacec9ffa2b6acb4ec7d1a8c2261c5c11bd7f5261f1ab9,14286410038372099662,41.485474006116206,
901128,Nail Polish,notebooks/Task1/dataset1/images/901128.jpg,True,186,158,RGB,11827,b65fca78000a320d688fa5ef732cd6149f412fe0b6eb0252066a1cc39a21490b,73b9af3796fbd4d113f28faf80259de6d76a0bce5e1fd8ff87be5722d3788c4b,0ab48d18a8b49c766e09df08bcfc5d037255fb968d6ad7c59c1cc2965519b8c4,d1d3389935f4a7652015d0de8f0294eb44368067529e17d891eba8757eafc006,14760706876015018643,12.508284600389864,
901129,Nail Polish,notebooks/Task1/dataset1/images/901129.jpg,True,195,139,RGB,10887,47f250432a198365c35885ae670b46c89d611a01c6b9d742fb752db86f0ef1e7,58fef771182f8181cce705e8c2daeaadc9af29849ae483ddf5ba5ebb3eda0dd1,5e647457de634f9634f588f70ca2f76ddd0d6e0b85b167b698cd149bee9be289,155c576b9e122ff5f742bbc367069122d7129e8af13ff4c3c6e54733cfe45c99,9912917024920334369,166.60793172690762,
901130,Nail Polish,notebooks/Task1/dataset1/images/901130.jpg,True,216,125,RGB,11583,623b537bdb0cf7b5ae5c51ae3e73670d1911e4758bb3d33d9f83bd77fabf6d40,c5ee1bd4e568098ee1ec0a94df16d815868b3d29be8916ce2048ab40b243a658,c7eb8021de0fd9f326aafab6c1b43648c3ae07381b1c0b34be374ff5c5c43510,aa771fa84c12395ccefdfdad8b63be81642d243245f4d4fc696c24fd17cb6a74,6807046920119722787,143.33874139626352,
901131,Nail Polish,notebooks/Task1/dataset1/images/901131.jpg,True,144,219,RGB,8469,4d6ff0873080642f6b58790f33e6b3619bcc431b6fb159bd5373253cb7cf6fd8,7e83c8cf77ad3150294677ea94542528a0979a8f9320847f259344e126c8945a,57af9597d18d896bee183a197b0a7c24581d2ca21be8cf59aae80f0637c309be,4254f9a32191d80677ad4d858798d8b92d970d8e526edfa658f00fbfbc7316a9,16640412972246559032,18.17543859649123,
901132,Nail Polish,notebooks/Task1/dataset1/images/901132.jpg,True,164,200,RGB,13704,e217eb94f951bee1ded78440823cf2cf80ac9917c29794a444a620d371187958,de87d8d55d988c11ce741d87cdbb42796aabfd4cbf3156acc52242b61e91582f,287781b80ed49af01afa7a12bf0ddfa608c1c82876ddd84d11dfd8eb19a4565c,d81ed3a9af2125b7cafab277ed37703f03c95fec1c8cbef64fbe690682b3cd08,14510918109537396279,124.48066298342542,
901133,Nail Polish,notebooks/Task1/dataset1/images/901133.jpg,True,110,136,RGB,7525,a090db1bdf4582def83b47145211a43ae579e771de0b5086f2445048b1d4d56f,cee8a35224b3440ff0144bbb062ecc1eb5ea74ed2176da76b4e37bf121787d93,d70af490e4274468a836f3463142ec512754e3b1ed69722bfd48f312730d61cf,2eea043659aa7f0c04901798da029ca9748f3f7c919d7bcf926519764d7dd0b9,5723062298417613161,76.12295081967213,
901134,Nail Polish,notebooks/Task1/dataset1/images/901134.jpg,True,196,128,RGB,7174,d6629462a16468b5848cd7acc721378b72470882bd6cffa4aa3f9127ef637a24,a523b761b6546f7aa9f73681b0ae1762a2015e4061a3409ac4f80d71496cb3a3,247948665db97f19a3eb96238e3ecd5b727958f7a4c51b7480662ac90ad9c9f8,4bc2dd719d63a7593bfb7449d4b0ff56d9542b3a7f460c0d7f0155b481c4c1a5,17574140600156125038,184.6656314699793,
901135,Nail Polish,notebooks/Task1/dataset1/images/901135.jpg,True,112,137,RGB,7535,d86ca3f65ccd63ea35026a978588374c8cb22c1a6c448d983d7a171b34b688e9,cb2d8bdddcb475090a29802bb72cb2c7bbe42c6f56aa57814954dff8200e6d97,f03ca163bbbfdb89d83f81cb3305bbfac8b0833af7ef9c69d5edfa9fe05ee5d8,b20a301836769b9f1fdd606a2f51dbda5a97f3431259081c9bd16fc9047a6dde,1817593354452340486,142.0620782726046,
901136,Nail Polish,notebooks/Task1/dataset1/images/901136.jpg,True,111,220,RGB,15385,ddba443ee63a83c89009a7f6540ded6fb529d8b7691742b08edc6804552d2264,c43d3698e9201af04c348792f14b42866a3234fdaef6354b5ee975789e247eb7,0da5da8db7d98109925070b261576191d693fe47593e9344bef86ce6bc723751,566922cce87ef52b011957fdd2222e4778aa889987f75a63a17f2d153871d009,8148751758012503751,78.790273556231,
901137,Nail Polish,notebooks/Task1/dataset1/images/901137.jpg,True,225,132,RGB,11092,8037b210feaa630b6bd63aff616275a3333b9c28aa1420659a59b351498c0bf3,baf0cf6e58d9de1463ddf26605903dc65d47e4e1f755c306ab64f21be46d373c,42c67c4c287917d050342b6d1be4e022d644ad9e8d655809dde74666334271f6,4eabe68c3f2fc1938480592ae90bdf00b4ff5ca30249cf7ef352d158ebd5110a,7016995535753802594,112.28873239436619,
901139,Nail Polish,notebooks/Task1/dataset1/images/901139.jpg,True,163,85,RGB,8306,d070ec06153f8a2452818bacc863c9e1b1eea5ef91e3afc116f2bd1412fa63d1,45800e900ead76dba0f7482f336d55960ebc1a2afc084be7389ef9546cea218b,895fe4fda1bcb8153a4df49216e4134a9f8ae1c629c3631982baccce1a2296d3,018a975af9489d5f1f309151d368dfb92be811e142233b4f0d43c732d338189f,13177179139856111543,98.63888888888889,
901140,Nail Polish,notebooks/Task1/dataset1/images/901140.jpg,True,170,54,RGB,5584,1a8d20599f2ce1366f81c9b785382a2829231ecf70f9dbf49368454586d2c5fe,f3c6ed50ddd66587e8096f9ca30fe24ea81bdce766edd1c243a35f1bd38671cb,84d47c0d6d37a89227dc0bd09cfe5001a9c4c1f2b97848d5e4e50a6167a586d8,31b32080c7fde2018a333521e299f2295dd0f8b7f023b0c8546077b2400fccea,9911310410415213965,135.88288288288288,
901141,Nail Polish,notebooks/Task1/dataset1/images/901141.jpg,True,74,180,RGB,6977,7f28b542abd9d6f6b7bf67e2357083f01019aa5a7fbb56116bb4ee4542ff2157,018d722c8177574637432513bd6bc6e05cf5dd121389ce1f6bd123a0462d843c,d97a20ff396f70b467b31c7c6434dcc7447a53bcce467652874c9226f8d290d0,4ffd9755c24736c3fefe281f0fe9b7b2e4df0644f9471c0d53e6025c040da79e,6021661767185111442,123.1547619047619,
901142,Nail Polish,notebooks/Task1/dataset1/images/901142.jpg,True,137,70,RGB,5997,0916bb1ed7638390e3e22ea61e0e1f8ad5400ed78b727b6950d9bbd38b2177d3,52c521e17b5c54880a4fe66c49497398771ccf2823e547c8be38c741fbf6a0b4,45b05ff3fbb3ef5d9485ebd37a1779ac63ce0122cc9412a16eb3cd2cae277cf0,f650a308f5e929a5e776f8bcc3b19968e3ceb686c1fb0f334c39fe47a40f74d9,9296136638532117383,136.07479674796747,
901143,Nail Polish,notebooks/Task1/dataset1/images/901143.jpg,True,55,170,RGB,4973,4551d4088126dc0b1b0638c7893dd47708634ac17be34ff3e1ae12246d35fea8,5d05423ec56fbdd3301b4cb9fe536bf05cdae2e3163bf96a4b0ca6ec94e6016f,d6016b19f1a633a3ea8d27affa2f9f8927eed92c524b56fba97e39b71ef61789,c559dd0d219d19ecded345ab8748164ee19340fe2acf52e944bc6f1fbe5aaef3,1120711376081984263,186.49775784753362,
901144,Nail Polish,notebooks/Task1/dataset1/images/901144.jpg,True,68,105,RGB,5201,dd8494aa83dd82ffaaca9707e4dbb96015abc91b35c6f73573d6595442d7d5f8,742cd3676d223b21a933c42008673014b19ba1f0788e055d17a3e367a5ed83b8,e00f947464a856b80b018744457619f66cc48d36988603c229beb9987d9b449a,c51ffe4643d8dbc1132ca1711088c34aa69144e7e10d8ca6c3c1d6b22fc6836d,4834116999184633190,122.29044834307992,
901145,Nail Polish,notebooks/Task1/dataset1/images/901145.jpg,True,162,103,RGB,10213,4a1decdbda49a1d9c2dd1650386ef44409c5d7d390d246ca4e1ed88997057b44,3181086e71184c1351d778e8a9b1c604667c12a84235664d9dc2da60987b9313,5765932aa0b4772e02d8597bf95bea4b1b3bca4d2b412140a4a358f4105656ac,7daddeeaa188addac6ca964efff33906e26d78bb3f0823a46d0d618dcf5cd795,165565229074102307,90.66920152091255,
901146,Nail Polish,notebooks/Task1/dataset1/images/901146.jpg,True,162,141,RGB,9756,056ab15a6037fa513256c5802dc38006fd4066e58906c1a65804413a8d733221,88b62a0c5245f19b4607c54da1d461771dc16455e30f5f0074e3701f812f1bc5,d9f347cbafb14b981af5268326e3de4030266d88d2b4b97da6915f335e9fae10,ee348f3ef9442237c2ce68f59f74b46bded188d686282c62a6f6fd3c26b98a0e,3271608632886099160,93.937430786268,
901147,Nail Polish,notebooks/Task1/dataset1/images/901147.jpg,True,150,150,RGB,9153,2ca83b26ea9ada71ce1b4971dacd0407be9e0b6d0dfc520c5f822685fb1d7a6f,6078ea0d9edaf08ef45b26f4bccc7335622e6924795ecae60bae970eb269b47e,afce0a85a7c12ca6e973f128bf29b88456199302bb826984f25ffd3985ed832b,5089abd61c4d7f8bc33395a12551350d1ee947f33e50266cdabfc4ee1077d2b4,5990141013074024584,161.4765100671141,
901148,Nail Polish,notebooks/Task1/dataset1/images/901148.jpg,True,121,196,RGB,13791,ceebb9c955a5d5a3c0e31a30edb55d1d07c25ffc7cc7e012aaad19643c29aa73,951eb62bceb02242ba541fb7fcdcbcd48014ed6f5cc0ff0a4ac29826dc4a75e4,ea91439c896c7c838f6f99c4f1affe7510cbbe56e19f3e074afbb6bcb26f5cb8,6986ac54a3a0365cac137b797acfdb0c2c05f18723f58c9196e7949ca4cbcf94,10996835457864003400,78.22169312169312,
901149,Nail Polish,notebooks/Task1/dataset1/images/901149.jpg,True,128,168,RGB,11336,59328169f881528a2570ff16f98a775c50e06648ea33656866ebb5cc29cef16b,e4c23833a3432708b34b0e22c32a2fd00b365486c5fb3aedc89bdc6464d20bea,f5e16dc5ea3f581340a004d36e8db2b5f2f7228c2fcfd29f16b11fe2e4c4319e,9607c8dca2114ab487bd7b2b294eae9384608ff15f4f8352872d07578eafc843,2168311290238287674,151.10657596371883,
901150,Nail Polish,notebooks/Task1/dataset1/images/901150.jpg,True,164,234,RGB,17595,9a63cad05004f088916a585681ac6ab075eee072994db96705dcfb773599081c,e404cc5fbab871bc06c1f84c545b30b3074f1b603b27e9ae9ea3d2121a8bc886,2254fa0aac4491517da7825e77ff9839f3a2269b43078feea2ec15503dea2541,cce2f5b900b95b69e9e1cc207956f523d37060621fde4818c5aaa8b27d059ab9,1880844634829641754,53.157407407407405,
901151,Nail Polish,notebooks/Task1/dataset1/images/901151.jpg,True,83,135,RGB,7153,b174944c732ff1d5299a85cc8e89b59145a6ce4de7deb2d08a18f6528296f721,5816716f51102f7e9b492f1bf1a687694da71294da5fd77e58984d50798695ed,defecedd0ebbc2dd55da1f067fbabed89becd375e3c9b665f1d25bf9334b8cf1,7284e09152b85e4fa918887b97037ba929537e9410a929a4dc529e817bf6a917,8229101154469317689,114.5300925925926,
901153,Nail Polish,notebooks/Task1/dataset1/images/901153.jpg,True,143,146,RGB,11831,3de4f0b960ad7490b8be4cbc3d80c26f76b2bb641598bb3addc178fbe33a139a,f5d57a50e7b01ebd698817d5209038971a47fdb2c817aa59d6613122bc487569,f0aa6f8024a34ba0b0524b15acc987b57ef621761d701acf440b2a52e84e1eb6,75cd37cc9285875669361d71fdb9b9e5bab88b3dce4d0ac1e047d06980ac05c8,17134944847319519705,97.14169570267131,
901154,Nail Polish,notebooks/Task1/dataset1/images/901154.jpg,True,220,150,RGB,19755,ba1c648051324d32c49f8add210351b858e953b62a04762c0f3718eafef5264b,88034663c8e8a7a9877d8e6ae3878937504612f25d7e55be1ef5253626a7052f,b9e2ec76087a405f4b26b247e5794f527982186321ec1081b48472603a5c817e,a8cd9d69591c288c37197a0227573547293cae7bf438977fe957088d42a8bdb3,8462566234080943340,135.78351449275362,
901155,Nail Polish,notebooks/Task1/dataset1/images/901155.jpg,True,82,241,RGB,12293,516b992d6ded508ab5970d4e72ea5c58677bd61d9997901b00f16d459ff999df,fc13429de090bd5f7066253fdeda9f29242d50e2cf991c7001e11219039441f3,a15fe76310065018235edae194d73ff4bc53a900fda41dea72fc8d8fa15d4602,e26c98afa747fcd6d37ef70e83b994f6e59bc258cb0c027b9118a18546af7feb,6390930544550162998,81.3380062305296,
901157,Nail Polish,notebooks/Task1/dataset1/images/901157.jpg,True,91,126,RGB,5625,f67b010a38d583203ff33321e16d6eb68b8b2498ddf97a0f402c1de825773d9c,20902c8274651220210607e3b3a22d1021ae6951313c9bd01b62d8b82f342abd,081d987d0cd16cf4c141d915f20df09344b0016e1a141f09e95a6a31138ac2f7,1950ef5931f5b6567484e1086b509edae73082a92040532099cb6e9bddcf27ac,14467781306873075737,25.441860465116278,
901158,Nail Polish,notebooks/Task1/dataset1/images/901158.jpg,True,122,151,RGB,7874,ab00fd935d3afab5c9dd69fa006f1d5c80c8db4901951daa1ab23860460c16d4,06f07024b82d524069b70b693e2623571260c785167bc003753fee04d89cbf00,ce3bd1401fa7c6a40f6c2067d8b447e3e8f2035b37685d5371b39298ef82ee11,5d939b0c9153d32d5bc9845bfa3c072dd0f5435472ad8a9b06e1c951723fac5d,4070241235172641256,15.411439114391143,
901159,Nail Polish,notebooks/Task1/dataset1/images/901159.jpg,True,143,143,RGB,8017,b1b52a87b4ae7d72893cee3ac82e4d0323f446ba156551ff1fdf17a0c6385233,97d9fe2d5c4c7b8e0b44f0dce53463c4f66cf3f5253a5d4ceb3a6766bb116f2a,fdc000412e0cb028e970f95bc0e35dee8891dc616f8698a3cb5e20e49d978dc8,ac32190bcc62b9281be487a6f421e741fe329231c2a855df486f169ec94b169f,11486236852914172894,151.53169014084506,
901160,Nail Polish,notebooks/Task1/dataset1/images/901160.jpg,True,64,119,RGB,4130,953da367582b09e82081e9b760c535e1d66c12696090603dab44df510098c28a,2bcc32a5547fefc042fe7bae9de7e144da4e2695576d371f196f7f91ebb3b255,3af6a7e4b106b40ee8bea36b0001973e711d033bed998ef95e5c66f5197169bb,a242031e10d045d2aec10582c6f82583bdc7b06909048354fc58dda8d5d34a1e,1737568317600073350,176.01381215469613,
901161,Nail Polish,notebooks/Task1/dataset1/images/901161.jpg,True,127,129,RGB,8752,33f0926434a5af031e17daea4daa93ef6f49f35691863f6279bdac3a0aa5e06f,1cf4de810bc3a80437dc28cb5be7c58b99a99562ed3cdb7ee3b5220ddc9faae0,6f21b0662176e5301c25a57fa557840ab882cfeede4e282b715bb9413a8f1935,19439b4f22067a4db07fbd82b7fde41e96ba7b2b91e50ac6cc743773193c0a45,11031996256659039015,64.64895013123359,
901162,Nail Polish,notebooks/Task1/dataset1/images/901162.jpg,True,178,136,RGB,10859,0f6e93f58167b910b06c27a0f391786bafc4da875b1874f930ad70f9019d66ac,86eaaf494b2fbf667d061758be637e24f571c0ab3e6408593f7d9ead1e32cbd0,94d21c90b5efea3e5fa7eeb46a60fa996ebb40f066745df9f5e077dc6cf17c4e,67553fc3f4b8560132ec4fe998fa6425bcea15ed310019556dc2a635ed7513ce,5543023797620596739,68.29113247863248,
901163,Nail Polish,notebooks/Task1/dataset1/images/901163.jpg,True,179,129,RGB,9397,8710b0a9622e6602c84c08e160ee3c053bddc158baca8ab50bc8b395a1352565,462d2cd04fcaa02de3873c8f094fd4b20f901a04a439780dd8dacced34dbff34,e90bf10254ad1305f60d5486945975fd65e5137af44d56c5468d995db32d82fd,499521005e47ab71d3186c1c9bbab2e71e92917432ea9ede1a3d0dd86232011c,5919672457917426784,36.24128540305011,
901164,Nail Polish,notebooks/Task1/dataset1/images/901164.jpg,True,221,136,RGB,16305,734bd2cd04a51a427dcf882d881f8ae51a9dec23cd8d42661adaebc95269b793,fc23b5028a0cc35c5869a5e9dad9abc37c259b50d2592de58427e2d17d3e6d68,fe122d3eb173fc1825e355926a3647bdc6cc801169a8cb2ef4a91254e897e636,e3adf26c85e9568987368e720b1ea5dcdd1b088e40f3586d784986d2f756f0a8,867375616932716108,114.86197183098592,
901165,Nail Polish,notebooks/Task1/dataset1/images/901165.jpg,True,107,151,RGB,7366,b46612579ef7279fb538f467345306a940f46904629482e8100a453844039691,abe70ba82172019d44f66b1850a828b39f066f13277730fa350413c5f3d1753f,c0587e85a3dcd16d6a5ecf1d7e6b86c93c1d89381eaa6e97ce0657cc6c0d73e4,d5c83f15f45f24415c47a0ecfa0179c3cf9919288b9e9525262e4a4c16c03047,14124985010733387140,125.91666666666667,
901166,Nail Polish,notebooks/Task1/dataset1/images/901166.jpg,True,194,135,RGB,10008,6c7aaf8329a52e51825505e1863b5e6bd29e075d42487f6effb29504443a8d45,eb60ad1440e5afeba21038b8b1b20f7ea33b412340978ab03f277806166075f3,64bd5b675c2cfdd97536f09eafa4abb9411bddb6a3544e071adb2f044aa8f013,214019a4e8d2e95e3739a4056bfe3613339c5fb662a6c4a90467ba515960154d,12978561780619387339,163.782874617737,
901167,Nail Polish,notebooks/Task1/dataset1/images/901167.jpg,True,126,97,RGB,7132,7c9794084ae6db220d071c485cced02057f4b5314f659a195e9635ec521a7701,6e2ca2f7c6c15a8be0d971836f9be91b9b02a7fd2c30c9556b272b44c5471985,dfbd3381ad66c619c24d6858a34e8cb7b5078830d77dc8731142c1eb5ae9b2b3,84e545b31a736bd9111b408b330315317e37dcbd3152b2cd195e17beab0d782d,14308855086071659372,108.31598793363499,
901168,Nail Polish,notebooks/Task1/dataset1/images/901168.jpg,True,109,83,RGB,4713,83ae4ff39c82ffc10fc44ff3c2a66b2a5081e541a0243037a80511aaf2340d26,48aa025bc80ce15e7f7d2ca8c7c3031d5a57dd040f9c6f745e86e848f7c24c90,43eda26b2c606c0fa35cb5901c74e0c833918947df1b1e18aa0d6bdf562a045f,195b0f198906b08697dff35c5d5a595f2e8ba9fe2ed9a5d6cd25f5e226187766,1088808058848047462,93.55175438596491,
901169,Nail Polish,notebooks/Task1/dataset1/images/901169.jpg,True,120,158,RGB,10373,1874ff6fc531955b85f97ff70185e35834f75c7ffff33780b2a09ffa5b54b082,5076f0c25dbd8662b4d030bdcbbd4bde6fc6c6cc82c915669df05c2eed9edab3,5b673bf74df3ad22cbfef810890f52ff8b432c1a34d3b76d1c952738a11281dc,a83d530375dc77c05394e4816edeca5c243a3552f7db9820f01aa368ad4b417b,10509332687890232968,54.45229468599034,
901170,Nail Polish,notebooks/Task1/dataset1/images/901170.jpg,True,70,93,RGB,3681,3babcc88703ed9b98497143bfde2c3d3e902c92f1458a1bdfebecd0c3a7b2438,96fd183fd7793200c40a4cb747cc3bb11c6b7c94bbb1aa332eaf5882b2f864c6,2138efdf2d15e597c400be1ecd72980016b3368a87a90f8fb4a7b47c0a34720c,42de7864dbbfb7e7404e1bb144b455e5a8d6bac6a34088e73e10d35b2d050acc,9440414564402434323,172.74223602484471,
901171,Nail Polish,notebooks/Task1/dataset1/images/901171.jpg,True,69,221,RGB,7104,cce0fe45abd0c4e0a9fef11a27a859baff77037a33ea5af5e277b01e660ae40a,556607db1678f42cae38cd548e8711560916a392e31a38b9a7189bf68b99cd03,359d8e4cb2a3e7247c350e2f5f5ac9929eb3ca043ab9bd6e231f1a7227326625,7b94f5253e029e69b622bbcf56f8ba60576107dbb8b34fe4e925be74666acb43,1096181658249737163,138.10474537037038,
901172,Nail Polish,notebooks/Task1/dataset1/images/901172.jpg,True,190,219,RGB,9444,dbfc7e9c2c6c3151cc34b5a91cca4134c3bc7cf8d90a357821e12c6a1045cb34,28fb9f9142304925b8ea5ed7802bcda09e135b809c4513180f04baeb8e7b5102,30e96001870b86a7be8f4e4198394a4eab7fb845d3bf8c24e263a8867edf53e6,095046ddf6ef172aefa9a746eafeec033343a07002d6fe1c60519e4b51446849,6462795621723635717,8.065929565929565,
901173,Nail Polish,notebooks/Task1/dataset1/images/901173.jpg,True,210,124,RGB,12080,3f2150ad3c21fc55c18641a7fcc77eee45ff0c64b929013af6a58055fb2d1ff7,46a5520fc9f032c992916f8c0a98f7e7fad043e7db2fa5ecedf9a4203a4ca53f,37e9ea0f3307051bbccedb1d32389c74f7702a58ad6e894bb5f61cb87e4575b6,93af4d401e51699b2a84f521f0bed303ffd684035695eca9969c39f899648d1f,4043243016888417292,78.98443775100401,
901174,Nail Polish,notebooks/Task1/dataset1/images/901174.jpg,True,125,113,RGB,9229,993de50244b24799c1eaafd26525813b952707d38a0be4fe69a584b23cb42d1c,17514159a1c20b77d66fcedcecda1f243df85808cfa927b1781fb72fba7addc1,e3e595c3eb87b4d57f57c6528f5a5eb32e3ffb08e135d6d0e4a2b4816891dfc9,bbc596cd1af943e134d60e6bd483931c52d1f26c6977984a8b33e6eba5fa0139,7669978286731012053,164.41313559322035,
901175,Nail Polish,notebooks/Task1/dataset1/images/901175.jpg,True,195,153,RGB,14396,2aa0b47e245499a71c91a79219be7742924fe3b3d78fcfec2a163ab1bd8aa553,2423475298b89103dddd78aee5be58d92a821e58e115af8b4f75ba0cd3dd68d6,b009aed4bf75423f3e11ee0990d07319f469eed572b176fbb3536f83d5561c1e,f3b0476501df95c158bd5571954c49e2c5dbf90e4ce5e2511f7bdd3bc933129a,1019839472127459961,103.07851637764932,
901176,Nail Polish,notebooks/Task1/dataset1/images/901176.jpg,True,177,161,RGB,9920,d54dbd20b1a1a6ddc6f8f0c47c52eb99bed09287743880ca4efc23b3c5cb103a,1f2f6d488ac9ff03276be48280dc9b7a2ce99d7f06d69486516d89100f1fa3c6,deea16267e2a485f384e810b22fbb6e188c87732fab400c92925ad5246ee3141,297c7c1cc5aed1b967c2ccdfec511774bbb4fcada35a1d361e8eaa205f7e4600,9260216829139477741,62.186011904761905,
901177,Nail Polish,notebooks/Task1/dataset1/images/901177.jpg,True,179,163,RGB,16281,9f157cb4d6166d96e727c3b7f7dec1bdc5c632fd30ca88fd3676260c1248b15a,ee307949ab879436319baf1a393a1d9414c1f61189026e63ab62f5e4822bb3bd,9dde7a7ca31123785076b6c1b97e67dfd1d5ee2805c5ad2aa48b8aac0a02cabc,49f6d8f06024a370893b30cd4465902a3af85c36489169c69e411e14311116a1,656512632565347044,141.67990196078432,
901178,Nail Polish,notebooks/Task1/dataset1/images/901178.jpg,True,106,153,RGB,10043,3eb5dcc08cac69c9efc3c9a729ced6c85a902ae4421127b7ffb0d1c4b4496fbd,cdbc835385b0e6ec752ad4ed451d60cb558409064fb23b7f17598483a45691be,6c36ff84c5fcfcc319577797a9e10e8f5535840710f4297cee23f2b8d537aecd,aae401d0f07e48cd5b302f62d40d70eaff79ae43161ffb1539f53632ebfd9b56,8710953569753796887,91.7496757457847,
901179,Nail Polish,notebooks/Task1/dataset1/images/901179.jpg,True,137,183,RGB,8133,1b8f9a1025933d6dd73b77baa88fe74251f641c3e3efabbfba24ff87aa02587d,9e114eea5f62b22b61d6b9c1ab61bb51973a7da2c0c4e5e1131a64c90897f97f,12b2c1d703b3a015722796fad399b2f4926f323eb742264863f905c969d7438f,b03acb7a2bb07d0211645beafcb8308ac6fc52b10b65a7f8188c34eb91a76e58,14701516131242545609,229.71750524109015,
901180,Nail Polish,notebooks/Task1/dataset1/images/901180.jpg,True,107,198,RGB,9181,40073270de671c321acbeaa2c4a64a7845f4f6011e23564168cb3f19e56545f9,d809d246c608ab7de79fabdb79329e39cc5bf6f142ceea350d7714d8353a38d0,b6396412947eb73256f3f29fec73bb55d4d659e69cfb523f4319ad149aceb6c1,68a7468673bf636603be8aa0f794571dc6b2b666e324c650c62e043e0e2bb68c,10132887224524903395,118.17546754675467,
901181,Nail Polish,notebooks/Task1/dataset1/images/901181.jpg,True,79,168,RGB,6135,5395634938cba50c475fe99d9669efbb71dc322f416cb43b4e53a5f9e48edf9e,1d45f6ce13f884f6f820953b72f3cfb2f5ed01cdc170bbf43c833ec0719c58de,cb3a8c102eeb0d635be6451e22f1d5a4e76458243b7fe6d0c503053be7d9f964,6ba1ea6b8e5a31e0c1b1d7bb05ba6259ce0bbe2f6e2df1ff67032aa330e3c2c3,14666531824735769274,27.85918367346939,
901182,Nail Polish,notebooks/Task1/dataset1/images/901182.jpg,True,140,177,RGB,9981,55540a6c02457b017514a2bee65ee741b2324bc9e62d2d858c460dafd278c301,f89b51703561dedaa0c74fa67998e69a11a5b0758892ef460a656e4c26defa48,aadc8d19c56b4d2f465f4be73766375aa1ab6a264f3960b8d9e5dda901552806,1b1f0f4715a9358645111cd141f162934ede39363c72cdbd67ef0335d997db56,6030748866160702496,56.36613756613757,
901183,Nail Polish,notebooks/Task1/dataset1/images/901183.jpg,True,179,191,RGB,14576,125bb168a94161f576dfc72d63b688f6802cc6d5ff5533ceb82ff9ee24c454a5,4cdfb761a7e409fec95f4edd17161071720d6fdb00f755ed402125c0cf11dda8,cd2838fd5148be076e27cba95fe186243c1fccf4fe5e31262ba3bc3563889f87,3ebe88d9429fd66f0c296edd996c49ff93bb7458ff9fcfba77aecb097e520697,7846002659767524344,37.091485507246375,
901184,Nail Polish,notebooks/Task1/dataset1/images/901184.jpg,True,84,205,RGB,8412,b5095c8688fac7d7fbe80df901598fab527c57d4320135d61bbdcf51aed1fc50,d5495a7c5c5aa70a4bf871b90037e808e31cd29a19ce2cda701dcd5ebe13c2a3,a76b346b714862533228980ca39fdf1a5218015488a0f9d43a17f746438d52be,b78614d70750f690a8308d48ca8e6f4a2e8136aef2cd2c52e61b301dcb1b0136,18084338411249465798,111.46980255516841,
901185,Nail Polish,notebooks/Task1/dataset1/images/901185.jpg,True,119,148,RGB,7213,7e2dc5c601ddb077b3212485648a44930840310fced7e4d0c4470124de03cc1b,eeebafb890cb8ed9da6284ee2c2f0ac00126ab438af93bd993166d5847f298b5,1f87c1d22b3aa7ba0b3278ab80783a20077b559b6f471f3856c63006f08d8c7a,d216f59870d1208fb1026893f76f8ac3b289ffb883747c02cabd3a9c1df35d30,7919529132880841766,23.831446540880503,
901186,Nail Polish,notebooks/Task1/dataset1/images/901186.jpg,True,136,113,RGB,6419,1bc5502928e0e872fef4b94ed9590865e033f0d0999b56c48e3333f5c85b6fe4,667d3b9dfd132b059e00deb54400b9da7dc56d9bfb319f50be4a300c63f75e3e,145af3d3c1bb1e29ce12acd0a1777ea65ec8a2a196d64b172c9e9fb32eb36942,0f1cd4aa3e0eacea88f16e8ec006c2787bc179ed015b461fea19a42c309f4c69,10145940939955074927,114.30566801619433,
901187,Nail Polish,notebooks/Task1/dataset1/images/901187.jpg,True,182,94,RGB,6567,4197923a68cd1f02896eff00deb1f45cede76f2e600a4935c9f137b1ed87157c,bc37cac13a7c6b67d9d8983405aa9d8e5ca9ee0f2cd9dea2c2dae6dbb43ceead,14e7573959c729824b9647095aa5a9c756f091d75b83470629ee56e26feb0120,c0282b59acc9f5d2e372e710e83c234a642a2bc52d1b120b0b4995b883dc6b60,4114633117702232921,129.242700729927,
901188,Nail Polish,notebooks/Task1/dataset1/images/901188.jpg,True,113,103,RGB,6053,18e2e18f8311e88f2481bdd7618189ac8ac5e851f2b8852c0870017b22581b79,9dd10bd815006e05a79fc711a29d00352631899fb36d2efcdf9cc314abb8d652,d4bf8302433b9b0318e88e6b71ecf09ff1db6e3c24d81902cbb239771cdef651,50f47731aa708aa81577777971870362c2b834e2eabc425520a7b470d4baf563,7307586426335542680,93.52803738317758,
901189,Nail Polish,notebooks/Task1/dataset1/images/901189.jpg,True,230,128,RGB,8562,684406ab5c221969f49dde27b2a243e38414af22c3451858eb9cda043c3e464f,97e61cfd53ab3328ddbd16793ca5f8a3b54b1348709e5c566404670bf83cceea,a3f9637187fb6748fb5298e34ca42fa0287fe5a49af61f0ab144b78d6821f60c,1f56fb44e295db03c1790ad052b770c2f6b4667650de001aa80467b9b33a21f1,17742805102124139608,139.4569288389513,
901190,Nail Polish,notebooks/Task1/dataset1/images/901190.jpg,True,161,94,RGB,8635,8a4cf5bb27851b822afeeae6a498623f9c7683fea41394b195afd899caec34b4,cd5ce7a2d3e0c4bc10bc26698539e1d9e4b3d5aa251473c924f6a5750bb8b8c5,827635ab254632c11b832646c712ab328f01cb904f6c7f46f16deca7463ea0f1,9e7668f01bb63fe6b88a74e3439459b5cf152b7acb192e08f0aef9d1e12bd34e,12225341434194768742,106.60606060606061,
901191,Nail Polish,notebooks/Task1/dataset1/images/901191.jpg,True,127,71,RGB,4664,f533b750bd09e5e559ede8b3da28d07434fb5956b01195f93409d814a4ba0fc7,e828636553b41db1b72c3a2282c062824f580b47e75a4219679bd835a6680073,b9147b168e0cd19f7d33643c2e26e91dd9204c4e6801d4e9cb596d84a54286ad,16bd17f9c8bd9a8381eff45f7ce5b98edc029aa92f4f7a7504ecbc4c5d01f284,9981261572979869413,36.93197278911565,
901192,Nail Polish,notebooks/Task1/dataset1/images/901192.jpg,True,125,90,RGB,6057,4d96ccfe08f9f455be519e64aa8dd918e44de86214e351dbece6efcf649eaa7c,d3718614cb8fe19c8aeb4c6379f20bc27ac90d87d0ef5a975f779e31f778e86e,eb9f18570a853c212f59d4a0e0d1b8d053c2339aabac9de0931cb28d861f1e86,f623bcaeb92e34c4665d93e9a64debf76be1eb3cf8b1a9d968e5d1eb918511e9,3684906857827628652,153.29577464788733,
901193,Nail Polish,notebooks/Task1/dataset1/images/901193.jpg,True,135,134,RGB,11420,5262886f38cb78054a2a326ff58053d9462ea7adebbdc7eef9677c6e18fe688a,12dc2fecaa6e9386ffbd8236c447883187196665eaeb006d96d1151e85816651,d894f9ff477673161f3703a4040d6c0820936f7e53b3c55811e5438b910d43cd,f8c16f71f15105c57a637e94a4c2ce5b090cd0d7a53adf02028dc66a55d8e64a,14098491985418424203,89.05555555555556,
901194,Nail Polish,notebooks/Task1/dataset1/images/901194.jpg,True,56,128,RGB,3776,acc78200f5f603a86eb150f597618d98162bcbf2549bd6c0bf4f8195a48599a2,5e1146a2b2540e9b27b430a61b66c8fe69f9811bb5401de90b2449dd9ee32ebb,6758dddd3712d9fa33502f12f8428e1b7a84da7fa6755a0782862d6fad70311c,8ba3c62b91bfbf7e71a692bff555c99f37bd83392e9bf19e4f8cbfb19e5f0ade,5157102305794211116,158.17765567765568,
901195,Nail Polish,notebooks/Task1/dataset1/images/901195.jpg,True,65,174,RGB,5123,1071a32e5d2cbadbc4a1ff93763569a3f1bcfd06abb523aec99947fae2c2ada0,aa1aed1ac1d946a6b2845e619b50a2e8c743345996f3fc0f9d4461d4bc1c945f,e5994192649985be8a17440fb1383e48d977b7d6222ba847d9e2df60b3e27b81,4cc17e3fc25399aeefb69559430a9e05359774f9a01951ec821aac9598853dcf,13821351280975655218,49.561181434599156,
901196,Nail Polish,notebooks/Task1/dataset1/images/901196.jpg,True,65,120,RGB,4063,8b096b406360ae956f6deb1a23b4b00875ad7823e8c35c1fe6b3b435a9e3aebc,0b2c7a4313be8d9a29f1c551cc74d8d7d8b81e7abfaabfacc60e0562cca7cadc,0203e58f59a698ebef91d7cc4ed46f2e4037c4c203aa1a19b79c91a91d6917f0,62c6d319a4bd6d6fae769164199b1a267bf584f6760897c4ccc6ba912d7f477f,9665995889407098088,80.50728597449908,
901197,Nail Polish,notebooks/Task1/dataset1/images/901197.jpg,True,92,134,RGB,7755,4eb1ede012eda1b4cf9e531b82d02b545cd22539297d9edeb1b7499f42c1d800,dea8c0b83a8207dba2d26e95a8ed03fb57f2a48eae5dfe7033420f5bc599c102,c7a4128bc9ccef869fe5222e2f01178854a55eda9ff5c97a9dadeb4cee86085b,ea1b3825954522231d5ea0c542fe8d3e46fc7933fa90c73cfd746094c719f786,7417653748174875752,50.25297619047619,
901198,Nail Polish,notebooks/Task1/dataset1/images/901198.jpg,True,105,211,RGB,9474,ba555e83c76d4948372cbb1fa1c48731503fe19ab7f1beda3e6c532280cd2510,f5728309a70ec3ac3cefd5c125b527711ce9717049b3e4a8622cd5f8a2cc7d2b,113398d1e1328e60b7638fd637f833e64a38e71aceed446df9ff37435aab45db,d358649d2f41b87eaa448e78192141187924e4906a98bb5425392ce880050111,16438300033644541592,26.671974522292995,
901199,Nail Polish,notebooks/Task1/dataset1/images/901199.jpg,True,103,211,RGB,12017,dd2470c89901b55623684abf45f4bea0e75ca737cf59ee4a02d882b96824ecc0,bfe6266175e1e8d84a5fba6d37df5bd8c6c54e6ec2b87a4f6a0e05b1170922c9,83df26acdf2412be0b580862c61ccd5249d3360b12fe2c8aca6b2c6ce80c73fc,4a48ac2550509ed158ad0217a233c85b7fe13d42adc001f5fa89bbb8b3d82d3b,4439825107485726905,144.3520299145299,
