id,articleType,review_status,proposed_action,reason,review_method
900000,Eyeshadow,no_obvious_issue,candidate_for_training,No obvious target or crop problem in contact-sheet screening; label not independently authenticated.,full_contact_sheet_screen
900001,Eyeshadow,no_obvious_issue,candidate_for_training,No obvious target or crop problem in contact-sheet screening; label not independently authenticated.,full_contact_sheet_screen
900002,Eyeshadow,no_obvious_issue,candidate_for_training,No obvious target or crop problem in contact-sheet screening; label not independently authenticated.,full_contact_sheet_screen
900003,Eyeshadow,no_obvious_issue,candidate_for_training,No obvious target or crop problem in contact-sheet screening; label not independently authenticated.,full_contact_sheet_screen
900004,Eyeshadow,no_obvious_issue,candidate_for_training,No obvious target or crop problem in contact-sheet screening; label not independently authenticated.,full_contact_sheet_screen
900005,Eyeshadow,no_obvious_issue,candidate_for_training,No obvious target or crop problem in contact-sheet screening; label not independently authenticated.,full_contact_sheet_screen
900006,Eyeshadow,no_obvious_issue,candidate_for_training,No obvious target or crop problem in contact-sheet screening; label not independently authenticated.,full_contact_sheet_screen
900007,Eyeshadow,no_obvious_issue,candidate_for_training,No obvious target or crop problem in contact-sheet screening; label not independently authenticated.,full_contact_sheet_screen
900008,Eyeshadow,no_obvious_issue,candidate_for_training,No obvious target or crop problem in contact-sheet screening; label not independently authenticated.,full_contact_sheet_screen
900009,Eyeshadow,no_obvious_issue,candidate_for_training,No obvious target or crop problem in contact-sheet screening; label not independently authenticated.,full_contact_sheet_screen
900010,Eyeshadow,no_obvious_issue,candidate_for_training,No obvious target or crop problem in contact-sheet screening; label not independently authenticated.,full_contact_sheet_screen
900011,Eyeshadow,no_obvious_issue,candidate_for_training,No obvious target or crop problem in contact-sheet screening; label not independently authenticated.,full_contact_sheet_screen
900012,Eyeshadow,no_obvious_issue,candidate_for_training,No obvious target or crop problem in contact-sheet screening; label not independently authenticated.,full_contact_sheet_screen
900013,Eyeshadow,no_obvious_issue,candidate_for_training,No obvious target or crop problem in contact-sheet screening; label not independently authenticated.,full_contact_sheet_screen
900014,Eyeshadow,no_obvious_issue,candidate_for_training,No obvious target or crop problem in contact-sheet screening; label not independently authenticated.,full_contact_sheet_screen
900015,Eyeshadow,no_obvious_issue,candidate_for_training,No obvious target or crop problem in contact-sheet screening; label not independently authenticated.,full_contact_sheet_screen
900016,Eyeshadow,no_obvious_issue,candidate_for_training,No obvious target or crop problem in contact-sheet screening; label not independently authenticated.,full_contact_sheet_screen
900017,Eyeshadow,no_obvious_issue,candidate_for_training,No obvious target or crop problem in contact-sheet screening; label not independently authenticated.,full_contact_sheet_screen
900018,Eyeshadow,no_obvious_issue,candidate_for_training,No obvious target or crop problem in contact-sheet screening; label not independently authenticated.,full_contact_sheet_screen
900019,Eyeshadow,no_obvious_issue,candidate_for_training,No obvious target or crop problem in contact-sheet screening; label not independently authenticated.,full_contact_sheet_screen
900020,Eyeshadow,no_obvious_issue,candidate_for_training,No obvious target or crop problem in contact-sheet screening; label not independently authenticated.,full_contact_sheet_screen
900021,Eyeshadow,no_obvious_issue,candidate_for_training,No obvious target or crop problem in contact-sheet screening; label not independently authenticated.,full_contact_sheet_screen
900022,Eyeshadow,no_obvious_issue,candidate_for_training,No obvious target or crop problem in contact-sheet screening; label not independently authenticated.,full_contact_sheet_screen
900023,Eyeshadow,no_obvious_issue,candidate_for_training,No obvious target or crop problem in contact-sheet screening; label not independently authenticated.,full_contact_sheet_screen
900024,Eyeshadow,no_obvious_issue,candidate_for_training,No obvious target or crop problem in contact-sheet screening; label not independently authenticated.,full_contact_sheet_screen
900025,Eyeshadow,no_obvious_issue,candidate_for_training,No obvious target or crop problem in contact-sheet screening; label not independently authenticated.,full_contact_sheet_screen
900026,Eyeshadow,no_obvious_issue,candidate_for_training,No obvious target or crop problem in contact-sheet screening; label not independently authenticated.,full_contact_sheet_screen
900027,Eyeshadow,no_obvious_issue,candidate_for_training,No obvious target or crop problem in contact-sheet screening; label not independently authenticated.,full_contact_sheet_screen
900028,Eyeshadow,no_obvious_issue,candidate_for_training,No obvious target or crop problem in contact-sheet screening; label not independently authenticated.,full_contact_sheet_screen
900029,Eyeshadow,no_obvious_issue,candidate_for_training,No obvious target or crop problem in contact-sheet screening; label not independently authenticated.,full_contact_sheet_screen
900030,Eyeshadow,no_obvious_issue,candidate_for_training,No obvious target or crop problem in contact-sheet screening; label not independently authenticated.,full_contact_sheet_screen
900031,Eyeshadow,no_obvious_issue,candidate_for_training,No obvious target or crop problem in contact-sheet screening; label not independently authenticated.,full_contact_sheet_screen
900032,Eyeshadow,no_obvious_issue,candidate_for_training,No obvious target or crop problem in contact-sheet screening; label not independently authenticated.,full_contact_sheet_screen
900033,Eyeshadow,no_obvious_issue,candidate_for_training,No obvious target or crop problem in contact-sheet screening; label not independently authenticated.,full_contact_sheet_screen
900034,Eyeshadow,no_obvious_issue,candidate_for_training,No obvious target or crop problem in contact-sheet screening; label not independently authenticated.,full_contact_sheet_screen
900035,Eyeshadow,no_obvious_issue,candidate_for_training,No obvious target or crop problem in contact-sheet screening; label not independently authenticated.,full_contact_sheet_screen
900036,Eyeshadow,no_obvious_issue,candidate_for_training,No obvious target or crop problem in contact-sheet screening; label not independently authenticated.,full_contact_sheet_screen
900037,Eyeshadow,no_obvious_issue,candidate_for_training,No obvious target or crop problem in contact-sheet screening; label not independently authenticated.,full_contact_sheet_screen
900038,Eyeshadow,no_obvious_issue,candidate_for_training,No obvious target or crop problem in contact-sheet screening; label not independently authenticated.,full_contact_sheet_screen
900039,Eyeshadow,no_obvious_issue,candidate_for_training,No obvious target or crop problem in contact-sheet screening; label not independently authenticated.,full_contact_sheet_screen
900040,Eyeshadow,no_obvious_issue,candidate_for_training,No obvious target or crop problem in contact-sheet screening; label not independently authenticated.,full_contact_sheet_screen
900041,Eyeshadow,no_obvious_issue,candidate_for_training,No obvious target or crop problem in contact-sheet screening; label not independently authenticated.,full_contact_sheet_screen
900042,Eyeshadow,no_obvious_issue,candidate_for_training,No obvious target or crop problem in contact-sheet screening; label not independently authenticated.,full_contact_sheet_screen
900043,Eyeshadow,no_obvious_issue,candidate_for_training,No obvious target or crop problem in contact-sheet screening; label not independently authenticated.,full_contact_sheet_screen
900044,Eyeshadow,no_obvious_issue,candidate_for_training,No obvious target or crop problem in contact-sheet screening; label not independently authenticated.,full_contact_sheet_screen
900045,Eyeshadow,no_obvious_issue,candidate_for_training,No obvious target or crop problem in contact-sheet screening; label not independently authenticated.,full_contact_sheet_screen
900046,Eyeshadow,no_obvious_issue,candidate_for_training,No obvious target or crop problem in contact-sheet screening; label not independently authenticated.,full_contact_sheet_screen
900047,Eyeshadow,no_obvious_issue,candidate_for_training,No obvious target or crop problem in contact-sheet screening; label not independently authenticated.,full_contact_sheet_screen
900048,Eyeshadow,no_obvious_issue,candidate_for_training,No obvious target or crop problem in contact-sheet screening; label not independently authenticated.,full_contact_sheet_screen
900049,Eyeshadow,no_obvious_issue,candidate_for_training,No obvious target or crop problem in contact-sheet screening; label not independently authenticated.,full_contact_sheet_screen
900050,Eyeshadow,no_obvious_issue,candidate_for_training,No obvious target or crop problem in contact-sheet screening; label not independently authenticated.,full_contact_sheet_screen
900051,Eyeshadow,no_obvious_issue,candidate_for_training,No obvious target or crop problem in contact-sheet screening; label not independently authenticated.,full_contact_sheet_screen
900052,Eyeshadow,no_obvious_issue,candidate_for_training,No obvious target or crop problem in contact-sheet screening; label not independently authenticated.,full_contact_sheet_screen
900053,Eyeshadow,no_obvious_issue,candidate_for_training,No obvious target or crop problem in contact-sheet screening; label not independently authenticated.,full_contact_sheet_screen
900054,Eyeshadow,no_obvious_issue,candidate_for_training,No obvious target or crop problem in contact-sheet screening; label not independently authenticated.,full_contact_sheet_screen
900055,Eyeshadow,no_obvious_issue,candidate_for_training,No obvious target or crop problem in contact-sheet screening; label not independently authenticated.,full_contact_sheet_screen
900056,Eyeshadow,no_obvious_issue,candidate_for_training,No obvious target or crop problem in contact-sheet screening; label not independently authenticated.,full_contact_sheet_screen
900057,Eyeshadow,no_obvious_issue,candidate_for_training,No obvious target or crop problem in contact-sheet screening; label not independently authenticated.,full_contact_sheet_screen
900058,Eyeshadow,no_obvious_issue,candidate_for_training,No obvious target or crop problem in contact-sheet screening; label not independently authenticated.,full_contact_sheet_screen
900059,Eyeshadow,no_obvious_issue,candidate_for_training,No obvious target or crop problem in contact-sheet screening; label not independently authenticated.,full_contact_sheet_screen
900060,Eyeshadow,no_obvious_issue,candidate_for_training,No obvious target or crop problem in contact-sheet screening; label not independently authenticated.,full_contact_sheet_screen
900061,Eyeshadow,no_obvious_issue,candidate_for_training,No obvious target or crop problem in contact-sheet screening; label not independently authenticated.,full_contact_sheet_screen
900062,Eyeshadow,no_obvious_issue,candidate_for_training,No obvious target or crop problem in contact-sheet screening; label not independently authenticated.,full_contact_sheet_screen
900063,Eyeshadow,no_obvious_issue,candidate_for_training,No obvious target or crop problem in contact-sheet screening; label not independently authenticated.,full_contact_sheet_screen
900064,Eyeshadow,no_obvious_issue,candidate_for_training,No obvious target or crop problem in contact-sheet screening; label not independently authenticated.,full_contact_sheet_screen
900065,Eyeshadow,no_obvious_issue,candidate_for_training,No obvious target or crop problem in contact-sheet screening; label not independently authenticated.,full_contact_sheet_screen
900066,Eyeshadow,no_obvious_issue,candidate_for_training,No obvious target or crop problem in contact-sheet screening; label not independently authenticated.,full_contact_sheet_screen
900067,Eyeshadow,no_obvious_issue,candidate_for_training,No obvious target or crop problem in contact-sheet screening; label not independently authenticated.,full_contact_sheet_screen
900068,Eyeshadow,no_obvious_issue,candidate_for_training,No obvious target or crop problem in contact-sheet screening; label not independently authenticated.,full_contact_sheet_screen
900069,Eyeshadow,no_obvious_issue,candidate_for_training,No obvious target or crop problem in contact-sheet screening; label not independently authenticated.,full_contact_sheet_screen
900070,Eyeshadow,no_obvious_issue,candidate_for_training,No obvious target or crop problem in contact-sheet screening; label not independently authenticated.,full_contact_sheet_screen
900071,Eyeshadow,no_obvious_issue,candidate_for_training,No obvious target or crop problem in contact-sheet screening; label not independently authenticated.,full_contact_sheet_screen
900072,Eyeshadow,no_obvious_issue,candidate_for_training,No obvious target or crop problem in contact-sheet screening; label not independently authenticated.,full_contact_sheet_screen
900073,Eyeshadow,no_obvious_issue,candidate_for_training,No obvious target or crop problem in contact-sheet screening; label not independently authenticated.,full_contact_sheet_screen
900074,Eyeshadow,no_obvious_issue,candidate_for_training,No obvious target or crop problem in contact-sheet screening; label not independently authenticated.,full_contact_sheet_screen
900075,Eyeshadow,no_obvious_issue,candidate_for_training,No obvious target or crop problem in contact-sheet screening; label not independently authenticated.,full_contact_sheet_screen
900076,Eyeshadow,no_obvious_issue,candidate_for_training,No obvious target or crop problem in contact-sheet screening; label not independently authenticated.,full_contact_sheet_screen
900077,Eyeshadow,no_obvious_issue,candidate_for_training,No obvious target or crop problem in contact-sheet screening; label not independently authenticated.,full_contact_sheet_screen
900078,Eyeshadow,no_obvious_issue,candidate_for_training,No obvious target or crop problem in contact-sheet screening; label not independently authenticated.,full_contact_sheet_screen
900079,Eyeshadow,no_obvious_issue,candidate_for_training,No obvious target or crop problem in contact-sheet screening; label not independently authenticated.,full_contact_sheet_screen
900080,Eyeshadow,no_obvious_issue,candidate_for_training,No obvious target or crop problem in contact-sheet screening; label not independently authenticated.,full_contact_sheet_screen
900081,Eyeshadow,no_obvious_issue,candidate_for_training,No obvious target or crop problem in contact-sheet screening; label not independently authenticated.,full_contact_sheet_screen
900082,Eyeshadow,no_obvious_issue,candidate_for_training,No obvious target or crop problem in contact-sheet screening; label not independently authenticated.,full_contact_sheet_screen
900083,Eyeshadow,no_obvious_issue,candidate_for_training,No obvious target or crop problem in contact-sheet screening; label not independently authenticated.,full_contact_sheet_screen
900084,Eyeshadow,no_obvious_issue,candidate_for_training,No obvious target or crop problem in contact-sheet screening; label not independently authenticated.,full_contact_sheet_screen
900085,Eyeshadow,no_obvious_issue,candidate_for_training,No obvious target or crop problem in contact-sheet screening; label not independently authenticated.,full_contact_sheet_screen
900086,Eyeshadow,no_obvious_issue,candidate_for_training,No obvious target or crop problem in contact-sheet screening; label not independently authenticated.,full_contact_sheet_screen
900087,Eyeshadow,no_obvious_issue,candidate_for_training,No obvious target or crop problem in contact-sheet screening; label not independently authenticated.,full_contact_sheet_screen
900088,Eyeshadow,no_obvious_issue,candidate_for_training,No obvious target or crop problem in contact-sheet screening; label not independently authenticated.,full_contact_sheet_screen
900089,Eyeshadow,no_obvious_issue,candidate_for_training,No obvious target or crop problem in contact-sheet screening; label not independently authenticated.,full_contact_sheet_screen
900090,Eyeshadow,no_obvious_issue,candidate_for_training,No obvious target or crop problem in contact-sheet screening; label not independently authenticated.,full_contact_sheet_screen
900091,Eyeshadow,no_obvious_issue,candidate_for_training,No obvious target or crop problem in contact-sheet screening; label not independently authenticated.,full_contact_sheet_screen
900092,Eyeshadow,no_obvious_issue,candidate_for_training,No obvious target or crop problem in contact-sheet screening; label not independently authenticated.,full_contact_sheet_screen
900093,Eyeshadow,no_obvious_issue,candidate_for_training,No obvious target or crop problem in contact-sheet screening; label not independently authenticated.,full_contact_sheet_screen
900094,Eyeshadow,no_obvious_issue,candidate_for_training,No obvious target or crop problem in contact-sheet screening; label not independently authenticated.,full_contact_sheet_screen
900095,Eyeshadow,no_obvious_issue,candidate_for_training,No obvious target or crop problem in contact-sheet screening; label not independently authenticated.,full_contact_sheet_screen
900096,Eyeshadow,no_obvious_issue,candidate_for_training,No obvious target or crop problem in contact-sheet screening; label not independently authenticated.,full_contact_sheet_screen
900097,Eyeshadow,no_obvious_issue,candidate_for_training,No obvious target or crop problem in contact-sheet screening; label not independently authenticated.,full_contact_sheet_screen
900098,Eyeshadow,no_obvious_issue,candidate_for_training,No obvious target or crop problem in contact-sheet screening; label not independently authenticated.,full_contact_sheet_screen
900099,Eyeshadow,no_obvious_issue,candidate_for_training,No obvious target or crop problem in contact-sheet screening; label not independently authenticated.,full_contact_sheet_screen
900100,Eyeshadow,no_obvious_issue,candidate_for_training,No obvious target or crop problem in contact-sheet screening; label not independently authenticated.,full_contact_sheet_screen
900101,Eyeshadow,no_obvious_issue,candidate_for_training,No obvious target or crop problem in contact-sheet screening; label not independently authenticated.,full_contact_sheet_screen
900102,Eyeshadow,no_obvious_issue,candidate_for_training,No obvious target or crop problem in contact-sheet screening; label not independently authenticated.,full_contact_sheet_screen
900103,Eyeshadow,no_obvious_issue,candidate_for_training,No obvious target or crop problem in contact-sheet screening; label not independently authenticated.,full_contact_sheet_screen
900104,Eyeshadow,no_obvious_issue,candidate_for_training,No obvious target or crop problem in contact-sheet screening; label not independently authenticated.,full_contact_sheet_screen
900105,Eyeshadow,no_obvious_issue,candidate_for_training,No obvious target or crop problem in contact-sheet screening; label not independently authenticated.,full_contact_sheet_screen
900106,Eyeshadow,no_obvious_issue,candidate_for_training,No obvious target or crop problem in contact-sheet screening; label not independently authenticated.,full_contact_sheet_screen
900107,Eyeshadow,no_obvious_issue,candidate_for_training,No obvious target or crop problem in contact-sheet screening; label not independently authenticated.,full_contact_sheet_screen
900108,Eyeshadow,no_obvious_issue,candidate_for_training,No obvious target or crop problem in contact-sheet screening; label not independently authenticated.,full_contact_sheet_screen
900109,Eyeshadow,no_obvious_issue,candidate_for_training,No obvious target or crop problem in contact-sheet screening; label not independently authenticated.,full_contact_sheet_screen
900110,Eyeshadow,no_obvious_issue,candidate_for_training,No obvious target or crop problem in contact-sheet screening; label not independently authenticated.,full_contact_sheet_screen
900111,Eyeshadow,no_obvious_issue,candidate_for_training,No obvious target or crop problem in contact-sheet screening; label not independently authenticated.,full_contact_sheet_screen
900112,Eyeshadow,no_obvious_issue,candidate_for_training,No obvious target or crop problem in contact-sheet screening; label not independently authenticated.,full_contact_sheet_screen
900113,Eyeshadow,no_obvious_issue,candidate_for_training,No obvious target or crop problem in contact-sheet screening; label not independently authenticated.,full_contact_sheet_screen
900114,Eyeshadow,no_obvious_issue,candidate_for_training,No obvious target or crop problem in contact-sheet screening; label not independently authenticated.,full_contact_sheet_screen
900115,Eyeshadow,no_obvious_issue,candidate_for_training,No obvious target or crop problem in contact-sheet screening; label not independently authenticated.,full_contact_sheet_screen
900116,Eyeshadow,no_obvious_issue,candidate_for_training,No obvious target or crop problem in contact-sheet screening; label not independently authenticated.,full_contact_sheet_screen
900117,Eyeshadow,no_obvious_issue,candidate_for_training,No obvious target or crop problem in contact-sheet screening; label not independently authenticated.,full_contact_sheet_screen
900118,Eyeshadow,no_obvious_issue,candidate_for_training,No obvious target or crop problem in contact-sheet screening; label not independently authenticated.,full_contact_sheet_screen
900119,Eyeshadow,no_obvious_issue,candidate_for_training,No obvious target or crop problem in contact-sheet screening; label not independently authenticated.,full_contact_sheet_screen
900120,Eyeshadow,no_obvious_issue,candidate_for_training,No obvious target or crop problem in contact-sheet screening; label not independently authenticated.,full_contact_sheet_screen
900121,Eyeshadow,no_obvious_issue,candidate_for_training,No obvious target or crop problem in contact-sheet screening; label not independently authenticated.,full_contact_sheet_screen
900122,Eyeshadow,no_obvious_issue,candidate_for_training,No obvious target or crop problem in contact-sheet screening; label not independently authenticated.,full_contact_sheet_screen
900123,Eyeshadow,no_obvious_issue,candidate_for_training,No obvious target or crop problem in contact-sheet screening; label not independently authenticated.,full_contact_sheet_screen
900124,Eyeshadow,no_obvious_issue,candidate_for_training,No obvious target or crop problem in contact-sheet screening; label not independently authenticated.,full_contact_sheet_screen
900125,Eyeshadow,no_obvious_issue,candidate_for_training,No obvious target or crop problem in contact-sheet screening; label not independently authenticated.,full_contact_sheet_screen
900126,Eyeshadow,no_obvious_issue,candidate_for_training,No obvious target or crop problem in contact-sheet screening; label not independently authenticated.,full_contact_sheet_screen
900127,Eyeshadow,no_obvious_issue,candidate_for_training,No obvious target or crop problem in contact-sheet screening; label not independently authenticated.,full_contact_sheet_screen
900128,Eyeshadow,no_obvious_issue,candidate_for_training,No obvious target or crop problem in contact-sheet screening; label not independently authenticated.,full_contact_sheet_screen
900129,Eyeshadow,no_obvious_issue,candidate_for_training,No obvious target or crop problem in contact-sheet screening; label not independently authenticated.,full_contact_sheet_screen
900130,Eyeshadow,no_obvious_issue,candidate_for_training,No obvious target or crop problem in contact-sheet screening; label not independently authenticated.,full_contact_sheet_screen
900131,Eyeshadow,no_obvious_issue,candidate_for_training,No obvious target or crop problem in contact-sheet screening; label not independently authenticated.,full_contact_sheet_screen
900132,Eyeshadow,no_obvious_issue,candidate_for_training,No obvious target or crop problem in contact-sheet screening; label not independently authenticated.,full_contact_sheet_screen
900133,Eyeshadow,no_obvious_issue,candidate_for_training,No obvious target or crop problem in contact-sheet screening; label not independently authenticated.,full_contact_sheet_screen
900134,Eyeshadow,no_obvious_issue,candidate_for_training,No obvious target or crop problem in contact-sheet screening; label not independently authenticated.,full_contact_sheet_screen
900135,Eyeshadow,no_obvious_issue,candidate_for_training,No obvious target or crop problem in contact-sheet screening; label not independently authenticated.,full_contact_sheet_screen
900136,Eyeshadow,no_obvious_issue,candidate_for_training,No obvious target or crop problem in contact-sheet screening; label not independently authenticated.,full_contact_sheet_screen
900137,Eyeshadow,no_obvious_issue,candidate_for_training,No obvious target or crop problem in contact-sheet screening; label not independently authenticated.,full_contact_sheet_screen
900138,Eyeshadow,no_obvious_issue,candidate_for_training,No obvious target or crop problem in contact-sheet screening; label not independently authenticated.,full_contact_sheet_screen
900139,Eyeshadow,no_obvious_issue,candidate_for_training,No obvious target or crop problem in contact-sheet screening; label not independently authenticated.,full_contact_sheet_screen
900140,Eyeshadow,no_obvious_issue,candidate_for_training,No obvious target or crop problem in contact-sheet screening; label not independently authenticated.,full_contact_sheet_screen
900141,Eyeshadow,no_obvious_issue,candidate_for_training,No obvious target or crop problem in contact-sheet screening; label not independently authenticated.,full_contact_sheet_screen
900142,Eyeshadow,no_obvious_issue,candidate_for_training,No obvious target or crop problem in contact-sheet screening; label not independently authenticated.,full_contact_sheet_screen
900143,Eyeshadow,no_obvious_issue,candidate_for_training,No obvious target or crop problem in contact-sheet screening; label not independently authenticated.,full_contact_sheet_screen
900144,Eyeshadow,no_obvious_issue,candidate_for_training,No obvious target or crop problem in contact-sheet screening; label not independently authenticated.,full_contact_sheet_screen
900145,Eyeshadow,no_obvious_issue,candidate_for_training,No obvious target or crop problem in contact-sheet screening; label not independently authenticated.,full_contact_sheet_screen
900146,Eyeshadow,no_obvious_issue,candidate_for_training,No obvious target or crop problem in contact-sheet screening; label not independently authenticated.,full_contact_sheet_screen
900147,Eyeshadow,no_obvious_issue,candidate_for_training,No obvious target or crop problem in contact-sheet screening; label not independently authenticated.,full_contact_sheet_screen
900148,Eyeshadow,no_obvious_issue,candidate_for_training,No obvious target or crop problem in contact-sheet screening; label not independently authenticated.,full_contact_sheet_screen
900149,Eyeshadow,no_obvious_issue,candidate_for_training,No obvious target or crop problem in contact-sheet screening; label not independently authenticated.,full_contact_sheet_screen
900150,Eyeshadow,no_obvious_issue,candidate_for_training,No obvious target or crop problem in contact-sheet screening; label not independently authenticated.,full_contact_sheet_screen
900151,Eyeshadow,no_obvious_issue,candidate_for_training,No obvious target or crop problem in contact-sheet screening; label not independently authenticated.,full_contact_sheet_screen
900152,Eyeshadow,no_obvious_issue,candidate_for_training,No obvious target or crop problem in contact-sheet screening; label not independently authenticated.,full_contact_sheet_screen
900153,Eyeshadow,no_obvious_issue,candidate_for_training,No obvious target or crop problem in contact-sheet screening; label not independently authenticated.,full_contact_sheet_screen
900154,Eyeshadow,no_obvious_issue,candidate_for_training,No obvious target or crop problem in contact-sheet screening; label not independently authenticated.,full_contact_sheet_screen
900155,Eyeshadow,no_obvious_issue,candidate_for_training,No obvious target or crop problem in contact-sheet screening; label not independently authenticated.,full_contact_sheet_screen
900156,Eyeshadow,no_obvious_issue,candidate_for_training,No obvious target or crop problem in contact-sheet screening; label not independently authenticated.,full_contact_sheet_screen
900157,Eyeshadow,no_obvious_issue,candidate_for_training,No obvious target or crop problem in contact-sheet screening; label not independently authenticated.,full_contact_sheet_screen
900158,Eyeshadow,no_obvious_issue,candidate_for_training,No obvious target or crop problem in contact-sheet screening; label not independently authenticated.,full_contact_sheet_screen
900159,Eyeshadow,no_obvious_issue,candidate_for_training,No obvious target or crop problem in contact-sheet screening; label not independently authenticated.,full_contact_sheet_screen
900160,Eyeshadow,no_obvious_issue,candidate_for_training,No obvious target or crop problem in contact-sheet screening; label not independently authenticated.,full_contact_sheet_screen
900161,Eyeshadow,no_obvious_issue,candidate_for_training,No obvious target or crop problem in contact-sheet screening; label not independently authenticated.,full_contact_sheet_screen
900162,Eyeshadow,no_obvious_issue,candidate_for_training,No obvious target or crop problem in contact-sheet screening; label not independently authenticated.,full_contact_sheet_screen
900163,Eyeshadow,no_obvious_issue,candidate_for_training,No obvious target or crop problem in contact-sheet screening; label not independently authenticated.,full_contact_sheet_screen
900164,Eyeshadow,no_obvious_issue,candidate_for_training,No obvious target or crop problem in contact-sheet screening; label not independently authenticated.,full_contact_sheet_screen
900165,Eyeshadow,no_obvious_issue,candidate_for_training,No obvious target or crop problem in contact-sheet screening; label not independently authenticated.,full_contact_sheet_screen
900166,Eyeshadow,no_obvious_issue,candidate_for_training,No obvious target or crop problem in contact-sheet screening; label not independently authenticated.,full_contact_sheet_screen
900167,Eyeshadow,no_obvious_issue,candidate_for_training,No obvious target or crop problem in contact-sheet screening; label not independently authenticated.,full_contact_sheet_screen
900168,Eyeshadow,no_obvious_issue,candidate_for_training,No obvious target or crop problem in contact-sheet screening; label not independently authenticated.,full_contact_sheet_screen
900169,Eyeshadow,no_obvious_issue,candidate_for_training,No obvious target or crop problem in contact-sheet screening; label not independently authenticated.,full_contact_sheet_screen
900170,Eyeshadow,no_obvious_issue,candidate_for_training,No obvious target or crop problem in contact-sheet screening; label not independently authenticated.,full_contact_sheet_screen
900171,Eyeshadow,no_obvious_issue,candidate_for_training,No obvious target or crop problem in contact-sheet screening; label not independently authenticated.,full_contact_sheet_screen
900172,Eyeshadow,no_obvious_issue,candidate_for_training,No obvious target or crop problem in contact-sheet screening; label not independently authenticated.,full_contact_sheet_screen
900173,Eyeshadow,no_obvious_issue,candidate_for_training,No obvious target or crop problem in contact-sheet screening; label not independently authenticated.,full_contact_sheet_screen
900174,Eyeshadow,no_obvious_issue,candidate_for_training,No obvious target or crop problem in contact-sheet screening; label not independently authenticated.,full_contact_sheet_screen
900175,Eyeshadow,no_obvious_issue,candidate_for_training,No obvious target or crop problem in contact-sheet screening; label not independently authenticated.,full_contact_sheet_screen
900176,Eyeshadow,no_obvious_issue,candidate_for_training,No obvious target or crop problem in contact-sheet screening; label not independently authenticated.,full_contact_sheet_screen
900177,Eyeshadow,no_obvious_issue,candidate_for_training,No obvious target or crop problem in contact-sheet screening; label not independently authenticated.,full_contact_sheet_screen
900178,Eyeshadow,no_obvious_issue,candidate_for_training,No obvious target or crop problem in contact-sheet screening; label not independently authenticated.,full_contact_sheet_screen
900179,Eyeshadow,no_obvious_issue,candidate_for_training,No obvious target or crop problem in contact-sheet screening; label not independently authenticated.,full_contact_sheet_screen
900180,Eyeshadow,no_obvious_issue,candidate_for_training,No obvious target or crop problem in contact-sheet screening; label not independently authenticated.,full_contact_sheet_screen
900181,Eyeshadow,limited_view,hold_for_review,Only a narrow edge and overlapping packaging remain; the assigned palette is hard to identify after padding.,contact_sheet_and_source_plus_60x80_recheck
900182,Eyeshadow,no_obvious_issue,candidate_for_training,No obvious target or crop problem in contact-sheet screening; label not independently authenticated.,full_contact_sheet_screen
900183,Eyeshadow,no_obvious_issue,candidate_for_training,No obvious target or crop problem in contact-sheet screening; label not independently authenticated.,full_contact_sheet_screen
900184,Eyeshadow,no_obvious_issue,candidate_for_training,No obvious target or crop problem in contact-sheet screening; label not independently authenticated.,full_contact_sheet_screen
900185,Eyeshadow,no_obvious_issue,candidate_for_training,No obvious target or crop problem in contact-sheet screening; label not independently authenticated.,full_contact_sheet_screen
900186,Eyeshadow,no_obvious_issue,candidate_for_training,No obvious target or crop problem in contact-sheet screening; label not independently authenticated.,full_contact_sheet_screen
900187,Eyeshadow,no_obvious_issue,candidate_for_training,No obvious target or crop problem in contact-sheet screening; label not independently authenticated.,full_contact_sheet_screen
900188,Eyeshadow,no_obvious_issue,candidate_for_training,No obvious target or crop problem in contact-sheet screening; label not independently authenticated.,full_contact_sheet_screen
900189,Eyeshadow,no_obvious_issue,candidate_for_training,No obvious target or crop problem in contact-sheet screening; label not independently authenticated.,full_contact_sheet_screen
900190,Eyeshadow,no_obvious_issue,candidate_for_training,No obvious target or crop problem in contact-sheet screening; label not independently authenticated.,full_contact_sheet_screen
900191,Eyeshadow,no_obvious_issue,candidate_for_training,No obvious target or crop problem in contact-sheet screening; label not independently authenticated.,full_contact_sheet_screen
900192,Eyeshadow,no_obvious_issue,candidate_for_training,No obvious target or crop problem in contact-sheet screening; label not independently authenticated.,full_contact_sheet_screen
900193,Eyeshadow,no_obvious_issue,candidate_for_training,No obvious target or crop problem in contact-sheet screening; label not independently authenticated.,full_contact_sheet_screen
900194,Eyeshadow,no_obvious_issue,candidate_for_training,No obvious target or crop problem in contact-sheet screening; label not independently authenticated.,full_contact_sheet_screen
900195,Eyeshadow,no_obvious_issue,candidate_for_training,No obvious target or crop problem in contact-sheet screening; label not independently authenticated.,full_contact_sheet_screen
900196,Eyeshadow,no_obvious_issue,candidate_for_training,No obvious target or crop problem in contact-sheet screening; label not independently authenticated.,full_contact_sheet_screen
900197,Eyeshadow,no_obvious_issue,candidate_for_training,No obvious target or crop problem in contact-sheet screening; label not independently authenticated.,full_contact_sheet_screen
900198,Eyeshadow,no_obvious_issue,candidate_for_training,No obvious target or crop problem in contact-sheet screening; label not independently authenticated.,full_contact_sheet_screen
900199,Eyeshadow,no_obvious_issue,candidate_for_training,No obvious target or crop problem in contact-sheet screening; label not independently authenticated.,full_contact_sheet_screen
900200,Eyeshadow,no_obvious_issue,candidate_for_training,No obvious target or crop problem in contact-sheet screening; label not independently authenticated.,full_contact_sheet_screen
900201,Eyeshadow,no_obvious_issue,candidate_for_training,No obvious target or crop problem in contact-sheet screening; label not independently authenticated.,full_contact_sheet_screen
900202,Eyeshadow,no_obvious_issue,candidate_for_training,No obvious target or crop problem in contact-sheet screening; label not independently authenticated.,full_contact_sheet_screen
900203,Eyeshadow,no_obvious_issue,candidate_for_training,No obvious target or crop problem in contact-sheet screening; label not independently authenticated.,full_contact_sheet_screen
900204,Eyeshadow,no_obvious_issue,candidate_for_training,No obvious target or crop problem in contact-sheet screening; label not independently authenticated.,full_contact_sheet_screen
900205,Eyeshadow,no_obvious_issue,candidate_for_training,No obvious target or crop problem in contact-sheet screening; label not independently authenticated.,full_contact_sheet_screen
900206,Eyeshadow,poor_crop,hold_for_review,12x39 dark blurred fragment; no recognizable eyeshadow palette.,contact_sheet_and_source_plus_60x80_recheck
900207,Eyeshadow,no_obvious_issue,candidate_for_training,No obvious target or crop problem in contact-sheet screening; label not independently authenticated.,full_contact_sheet_screen
900208,Eyeshadow,no_obvious_issue,candidate_for_training,No obvious target or crop problem in contact-sheet screening; label not independently authenticated.,full_contact_sheet_screen
900209,Eyeshadow,no_obvious_issue,candidate_for_training,No obvious target or crop problem in contact-sheet screening; label not independently authenticated.,full_contact_sheet_screen
900210,Eyeshadow,no_obvious_issue,candidate_for_training,No obvious target or crop problem in contact-sheet screening; label not independently authenticated.,full_contact_sheet_screen
900211,Eyeshadow,no_obvious_issue,candidate_for_training,No obvious target or crop problem in contact-sheet screening; label not independently authenticated.,full_contact_sheet_screen
900212,Eyeshadow,no_obvious_issue,candidate_for_training,No obvious target or crop problem in contact-sheet screening; label not independently authenticated.,full_contact_sheet_screen
900213,Eyeshadow,no_obvious_issue,candidate_for_training,No obvious target or crop problem in contact-sheet screening; label not independently authenticated.,full_contact_sheet_screen
900214,Eyeshadow,no_obvious_issue,candidate_for_training,No obvious target or crop problem in contact-sheet screening; label not independently authenticated.,full_contact_sheet_screen
900215,Eyeshadow,no_obvious_issue,candidate_for_training,No obvious target or crop problem in contact-sheet screening; label not independently authenticated.,full_contact_sheet_screen
900216,Eyeshadow,no_obvious_issue,candidate_for_training,No obvious target or crop problem in contact-sheet screening; label not independently authenticated.,full_contact_sheet_screen
900217,Eyeshadow,no_obvious_issue,candidate_for_training,No obvious target or crop problem in contact-sheet screening; label not independently authenticated.,full_contact_sheet_screen
900218,Eyeshadow,no_obvious_issue,candidate_for_training,No obvious target or crop problem in contact-sheet screening; label not independently authenticated.,full_contact_sheet_screen
900219,Eyeshadow,no_obvious_issue,candidate_for_training,No obvious target or crop problem in contact-sheet screening; label not independently authenticated.,full_contact_sheet_screen
900220,Eyeshadow,no_obvious_issue,candidate_for_training,No obvious target or crop problem in contact-sheet screening; label not independently authenticated.,full_contact_sheet_screen
900221,Eyeshadow,no_obvious_issue,candidate_for_training,No obvious target or crop problem in contact-sheet screening; label not independently authenticated.,full_contact_sheet_screen
900222,Eyeshadow,no_obvious_issue,candidate_for_training,No obvious target or crop problem in contact-sheet screening; label not independently authenticated.,full_contact_sheet_screen
900223,Eyeshadow,no_obvious_issue,candidate_for_training,No obvious target or crop problem in contact-sheet screening; label not independently authenticated.,full_contact_sheet_screen
900224,Eyeshadow,no_obvious_issue,candidate_for_training,No obvious target or crop problem in contact-sheet screening; label not independently authenticated.,full_contact_sheet_screen
900225,Eyeshadow,no_obvious_issue,candidate_for_training,No obvious target or crop problem in contact-sheet screening; label not independently authenticated.,full_contact_sheet_screen
900226,Eyeshadow,no_obvious_issue,candidate_for_training,No obvious target or crop problem in contact-sheet screening; label not independently authenticated.,full_contact_sheet_screen
900227,Eyeshadow,no_obvious_issue,candidate_for_training,No obvious target or crop problem in contact-sheet screening; label not independently authenticated.,full_contact_sheet_screen
900228,Eyeshadow,no_obvious_issue,candidate_for_training,No obvious target or crop problem in contact-sheet screening; label not independently authenticated.,full_contact_sheet_screen
900229,Eyeshadow,no_obvious_issue,candidate_for_training,No obvious target or crop problem in contact-sheet screening; label not independently authenticated.,full_contact_sheet_screen
900230,Eyeshadow,no_obvious_issue,candidate_for_training,No obvious target or crop problem in contact-sheet screening; label not independently authenticated.,full_contact_sheet_screen
900231,Eyeshadow,no_obvious_issue,candidate_for_training,No obvious target or crop problem in contact-sheet screening; label not independently authenticated.,full_contact_sheet_screen
900232,Eyeshadow,no_obvious_issue,candidate_for_training,No obvious target or crop problem in contact-sheet screening; label not independently authenticated.,full_contact_sheet_screen
900233,Eyeshadow,no_obvious_issue,candidate_for_training,No obvious target or crop problem in contact-sheet screening; label not independently authenticated.,full_contact_sheet_screen
900234,Eyeshadow,no_obvious_issue,candidate_for_training,No obvious target or crop problem in contact-sheet screening; label not independently authenticated.,full_contact_sheet_screen
900235,Eyeshadow,no_obvious_issue,candidate_for_training,No obvious target or crop problem in contact-sheet screening; label not independently authenticated.,full_contact_sheet_screen
900236,Eyeshadow,no_obvious_issue,candidate_for_training,No obvious target or crop problem in contact-sheet screening; label not independently authenticated.,full_contact_sheet_screen
900237,Eyeshadow,no_obvious_issue,candidate_for_training,No obvious target or crop problem in contact-sheet screening; label not independently authenticated.,full_contact_sheet_screen
900238,Eyeshadow,no_obvious_issue,candidate_for_training,No obvious target or crop problem in contact-sheet screening; label not independently authenticated.,full_contact_sheet_screen
900239,Eyeshadow,no_obvious_issue,candidate_for_training,No obvious target or crop problem in contact-sheet screening; label not independently authenticated.,full_contact_sheet_screen
900240,Eyeshadow,no_obvious_issue,candidate_for_training,No obvious target or crop problem in contact-sheet screening; label not independently authenticated.,full_contact_sheet_screen
900241,Eyeshadow,no_obvious_issue,candidate_for_training,No obvious target or crop problem in contact-sheet screening; label not independently authenticated.,full_contact_sheet_screen
900242,Eyeshadow,no_obvious_issue,candidate_for_training,No obvious target or crop problem in contact-sheet screening; label not independently authenticated.,full_contact_sheet_screen
900243,Eyeshadow,no_obvious_issue,candidate_for_training,No obvious target or crop problem in contact-sheet screening; label not independently authenticated.,full_contact_sheet_screen
900244,Eyeshadow,no_obvious_issue,candidate_for_training,No obvious target or crop problem in contact-sheet screening; label not independently authenticated.,full_contact_sheet_screen
900245,Eyeshadow,no_obvious_issue,candidate_for_training,No obvious target or crop problem in contact-sheet screening; label not independently authenticated.,full_contact_sheet_screen
900246,Eyeshadow,no_obvious_issue,candidate_for_training,No obvious target or crop problem in contact-sheet screening; label not independently authenticated.,full_contact_sheet_screen
900247,Eyeshadow,no_obvious_issue,candidate_for_training,No obvious target or crop problem in contact-sheet screening; label not independently authenticated.,full_contact_sheet_screen
900248,Eyeshadow,no_obvious_issue,candidate_for_training,No obvious target or crop problem in contact-sheet screening; label not independently authenticated.,full_contact_sheet_screen
900249,Eyeshadow,no_obvious_issue,candidate_for_training,No obvious target or crop problem in contact-sheet screening; label not independently authenticated.,full_contact_sheet_screen
900250,Eyeshadow,no_obvious_issue,candidate_for_training,No obvious target or crop problem in contact-sheet screening; label not independently authenticated.,full_contact_sheet_screen
900251,Eyeshadow,no_obvious_issue,candidate_for_training,No obvious target or crop problem in contact-sheet screening; label not independently authenticated.,full_contact_sheet_screen
900252,Eyeshadow,no_obvious_issue,candidate_for_training,No obvious target or crop problem in contact-sheet screening; label not independently authenticated.,full_contact_sheet_screen
900253,Eyeshadow,no_obvious_issue,candidate_for_training,No obvious target or crop problem in contact-sheet screening; label not independently authenticated.,full_contact_sheet_screen
900254,Eyeshadow,no_obvious_issue,candidate_for_training,No obvious target or crop problem in contact-sheet screening; label not independently authenticated.,full_contact_sheet_screen
900255,Eyeshadow,no_obvious_issue,candidate_for_training,No obvious target or crop problem in contact-sheet screening; label not independently authenticated.,full_contact_sheet_screen
900256,Eyeshadow,no_obvious_issue,candidate_for_training,No obvious target or crop problem in contact-sheet screening; label not independently authenticated.,full_contact_sheet_screen
900257,Eyeshadow,no_obvious_issue,candidate_for_training,No obvious target or crop problem in contact-sheet screening; label not independently authenticated.,full_contact_sheet_screen
900258,Eyeshadow,no_obvious_issue,candidate_for_training,No obvious target or crop problem in contact-sheet screening; label not independently authenticated.,full_contact_sheet_screen
900259,Eyeshadow,no_obvious_issue,candidate_for_training,No obvious target or crop problem in contact-sheet screening; label not independently authenticated.,full_contact_sheet_screen
900260,Eyeshadow,no_obvious_issue,candidate_for_training,No obvious target or crop problem in contact-sheet screening; label not independently authenticated.,full_contact_sheet_screen
900261,Eyeshadow,no_obvious_issue,candidate_for_training,No obvious target or crop problem in contact-sheet screening; label not independently authenticated.,full_contact_sheet_screen
900262,Eyeshadow,no_obvious_issue,candidate_for_training,No obvious target or crop problem in contact-sheet screening; label not independently authenticated.,full_contact_sheet_screen
900263,Eyeshadow,no_obvious_issue,candidate_for_training,No obvious target or crop problem in contact-sheet screening; label not independently authenticated.,full_contact_sheet_screen
900264,Eyeshadow,no_obvious_issue,candidate_for_training,No obvious target or crop problem in contact-sheet screening; label not independently authenticated.,full_contact_sheet_screen
900265,Eyeshadow,no_obvious_issue,candidate_for_training,No obvious target or crop problem in contact-sheet screening; label not independently authenticated.,full_contact_sheet_screen
900266,Eyeshadow,no_obvious_issue,candidate_for_training,No obvious target or crop problem in contact-sheet screening; label not independently authenticated.,full_contact_sheet_screen
900267,Eyeshadow,no_obvious_issue,candidate_for_training,No obvious target or crop problem in contact-sheet screening; label not independently authenticated.,full_contact_sheet_screen
900268,Eyeshadow,no_obvious_issue,candidate_for_training,No obvious target or crop problem in contact-sheet screening; label not independently authenticated.,full_contact_sheet_screen
900269,Eyeshadow,no_obvious_issue,candidate_for_training,No obvious target or crop problem in contact-sheet screening; label not independently authenticated.,full_contact_sheet_screen
900270,Eyeshadow,no_obvious_issue,candidate_for_training,No obvious target or crop problem in contact-sheet screening; label not independently authenticated.,full_contact_sheet_screen
900271,Eyeshadow,no_obvious_issue,candidate_for_training,No obvious target or crop problem in contact-sheet screening; label not independently authenticated.,full_contact_sheet_screen
900272,Eyeshadow,no_obvious_issue,candidate_for_training,No obvious target or crop problem in contact-sheet screening; label not independently authenticated.,full_contact_sheet_screen
900273,Eyeshadow,no_obvious_issue,candidate_for_training,No obvious target or crop problem in contact-sheet screening; label not independently authenticated.,full_contact_sheet_screen
900274,Eyeshadow,no_obvious_issue,candidate_for_training,No obvious target or crop problem in contact-sheet screening; label not independently authenticated.,full_contact_sheet_screen
900275,Eyeshadow,no_obvious_issue,candidate_for_training,No obvious target or crop problem in contact-sheet screening; label not independently authenticated.,full_contact_sheet_screen
900276,Eyeshadow,no_obvious_issue,candidate_for_training,No obvious target or crop problem in contact-sheet screening; label not independently authenticated.,full_contact_sheet_screen
900277,Eyeshadow,no_obvious_issue,candidate_for_training,No obvious target or crop problem in contact-sheet screening; label not independently authenticated.,full_contact_sheet_screen
900278,Eyeshadow,no_obvious_issue,candidate_for_training,No obvious target or crop problem in contact-sheet screening; label not independently authenticated.,full_contact_sheet_screen
900279,Eyeshadow,no_obvious_issue,candidate_for_training,No obvious target or crop problem in contact-sheet screening; label not independently authenticated.,full_contact_sheet_screen
900280,Eyeshadow,no_obvious_issue,candidate_for_training,No obvious target or crop problem in contact-sheet screening; label not independently authenticated.,full_contact_sheet_screen
900281,Eyeshadow,no_obvious_issue,candidate_for_training,No obvious target or crop problem in contact-sheet screening; label not independently authenticated.,full_contact_sheet_screen
900282,Eyeshadow,no_obvious_issue,candidate_for_training,No obvious target or crop problem in contact-sheet screening; label not independently authenticated.,full_contact_sheet_screen
900283,Eyeshadow,no_obvious_issue,candidate_for_training,No obvious target or crop problem in contact-sheet screening; label not independently authenticated.,full_contact_sheet_screen
900284,Eyeshadow,no_obvious_issue,candidate_for_training,No obvious target or crop problem in contact-sheet screening; label not independently authenticated.,full_contact_sheet_screen
900285,Eyeshadow,no_obvious_issue,candidate_for_training,No obvious target or crop problem in contact-sheet screening; label not independently authenticated.,full_contact_sheet_screen
900286,Eyeshadow,no_obvious_issue,candidate_for_training,No obvious target or crop problem in contact-sheet screening; label not independently authenticated.,full_contact_sheet_screen
900287,Eyeshadow,no_obvious_issue,candidate_for_training,No obvious target or crop problem in contact-sheet screening; label not independently authenticated.,full_contact_sheet_screen
900288,Eyeshadow,no_obvious_issue,candidate_for_training,No obvious target or crop problem in contact-sheet screening; label not independently authenticated.,full_contact_sheet_screen
900289,Eyeshadow,no_obvious_issue,candidate_for_training,No obvious target or crop problem in contact-sheet screening; label not independently authenticated.,full_contact_sheet_screen
900290,Eyeshadow,no_obvious_issue,candidate_for_training,No obvious target or crop problem in contact-sheet screening; label not independently authenticated.,full_contact_sheet_screen
900291,Eyeshadow,no_obvious_issue,candidate_for_training,No obvious target or crop problem in contact-sheet screening; label not independently authenticated.,full_contact_sheet_screen
900292,Eyeshadow,no_obvious_issue,candidate_for_training,No obvious target or crop problem in contact-sheet screening; label not independently authenticated.,full_contact_sheet_screen
900293,Eyeshadow,no_obvious_issue,candidate_for_training,No obvious target or crop problem in contact-sheet screening; label not independently authenticated.,full_contact_sheet_screen
900294,Eyeshadow,no_obvious_issue,candidate_for_training,No obvious target or crop problem in contact-sheet screening; label not independently authenticated.,full_contact_sheet_screen
900295,Eyeshadow,no_obvious_issue,candidate_for_training,No obvious target or crop problem in contact-sheet screening; label not independently authenticated.,full_contact_sheet_screen
900296,Eyeshadow,no_obvious_issue,candidate_for_training,No obvious target or crop problem in contact-sheet screening; label not independently authenticated.,full_contact_sheet_screen
900297,Eyeshadow,limited_view,hold_for_review,Almost entirely an edge-on closed case; very little class-specific detail survives at 60x80.,contact_sheet_and_source_plus_60x80_recheck
900298,Eyeshadow,no_obvious_issue,candidate_for_training,No obvious target or crop problem in contact-sheet screening; label not independently authenticated.,full_contact_sheet_screen
900299,Eyeshadow,no_obvious_issue,candidate_for_training,No obvious target or crop problem in contact-sheet screening; label not independently authenticated.,full_contact_sheet_screen
900300,Eyeshadow,no_obvious_issue,candidate_for_training,No obvious target or crop problem in contact-sheet screening; label not independently authenticated.,full_contact_sheet_screen
900301,Eyeshadow,no_obvious_issue,candidate_for_training,No obvious target or crop problem in contact-sheet screening; label not independently authenticated.,full_contact_sheet_screen
900302,Eyeshadow,no_obvious_issue,candidate_for_training,No obvious target or crop problem in contact-sheet screening; label not independently authenticated.,full_contact_sheet_screen
900303,Eyeshadow,no_obvious_issue,candidate_for_training,No obvious target or crop problem in contact-sheet screening; label not independently authenticated.,full_contact_sheet_screen
900304,Eyeshadow,no_obvious_issue,candidate_for_training,No obvious target or crop problem in contact-sheet screening; label not independently authenticated.,full_contact_sheet_screen
900305,Eyeshadow,no_obvious_issue,candidate_for_training,No obvious target or crop problem in contact-sheet screening; label not independently authenticated.,full_contact_sheet_screen
900306,Eyeshadow,no_obvious_issue,candidate_for_training,No obvious target or crop problem in contact-sheet screening; label not independently authenticated.,full_contact_sheet_screen
900307,Eyeshadow,no_obvious_issue,candidate_for_training,No obvious target or crop problem in contact-sheet screening; label not independently authenticated.,full_contact_sheet_screen
900308,Eyeshadow,no_obvious_issue,candidate_for_training,No obvious target or crop problem in contact-sheet screening; label not independently authenticated.,full_contact_sheet_screen
900309,Eyeshadow,no_obvious_issue,candidate_for_training,No obvious target or crop problem in contact-sheet screening; label not independently authenticated.,full_contact_sheet_screen
900310,Eyeshadow,no_obvious_issue,candidate_for_training,No obvious target or crop problem in contact-sheet screening; label not independently authenticated.,full_contact_sheet_screen
900311,Eyeshadow,no_obvious_issue,candidate_for_training,No obvious target or crop problem in contact-sheet screening; label not independently authenticated.,full_contact_sheet_screen
900312,Eyeshadow,no_obvious_issue,candidate_for_training,No obvious target or crop problem in contact-sheet screening; label not independently authenticated.,full_contact_sheet_screen
900313,Eyeshadow,no_obvious_issue,candidate_for_training,No obvious target or crop problem in contact-sheet screening; label not independently authenticated.,full_contact_sheet_screen
900314,Eyeshadow,no_obvious_issue,candidate_for_training,No obvious target or crop problem in contact-sheet screening; label not independently authenticated.,full_contact_sheet_screen
900315,Eyeshadow,no_obvious_issue,candidate_for_training,No obvious target or crop problem in contact-sheet screening; label not independently authenticated.,full_contact_sheet_screen
900316,Eyeshadow,no_obvious_issue,candidate_for_training,No obvious target or crop problem in contact-sheet screening; label not independently authenticated.,full_contact_sheet_screen
900317,Eyeshadow,no_obvious_issue,candidate_for_training,No obvious target or crop problem in contact-sheet screening; label not independently authenticated.,full_contact_sheet_screen
900318,Eyeshadow,no_obvious_issue,candidate_for_training,No obvious target or crop problem in contact-sheet screening; label not independently authenticated.,full_contact_sheet_screen
900319,Eyeshadow,no_obvious_issue,candidate_for_training,No obvious target or crop problem in contact-sheet screening; label not independently authenticated.,full_contact_sheet_screen
900320,Eyeshadow,no_obvious_issue,candidate_for_training,No obvious target or crop problem in contact-sheet screening; label not independently authenticated.,full_contact_sheet_screen
900321,Eyeshadow,no_obvious_issue,candidate_for_training,No obvious target or crop problem in contact-sheet screening; label not independently authenticated.,full_contact_sheet_screen
900322,Eyeshadow,no_obvious_issue,candidate_for_training,No obvious target or crop problem in contact-sheet screening; label not independently authenticated.,full_contact_sheet_screen
900323,Eyeshadow,no_obvious_issue,candidate_for_training,No obvious target or crop problem in contact-sheet screening; label not independently authenticated.,full_contact_sheet_screen
900324,Eyeshadow,no_obvious_issue,candidate_for_training,No obvious target or crop problem in contact-sheet screening; label not independently authenticated.,full_contact_sheet_screen
900325,Eyeshadow,no_obvious_issue,candidate_for_training,No obvious target or crop problem in contact-sheet screening; label not independently authenticated.,full_contact_sheet_screen
900326,Eyeshadow,no_obvious_issue,candidate_for_training,No obvious target or crop problem in contact-sheet screening; label not independently authenticated.,full_contact_sheet_screen
900327,Eyeshadow,no_obvious_issue,candidate_for_training,No obvious target or crop problem in contact-sheet screening; label not independently authenticated.,full_contact_sheet_screen
900328,Eyeshadow,no_obvious_issue,candidate_for_training,No obvious target or crop problem in contact-sheet screening; label not independently authenticated.,full_contact_sheet_screen
900329,Eyeshadow,no_obvious_issue,candidate_for_training,No obvious target or crop problem in contact-sheet screening; label not independently authenticated.,full_contact_sheet_screen
900330,Eyeshadow,no_obvious_issue,candidate_for_training,No obvious target or crop problem in contact-sheet screening; label not independently authenticated.,full_contact_sheet_screen
900331,Eyeshadow,no_obvious_issue,candidate_for_training,No obvious target or crop problem in contact-sheet screening; label not independently authenticated.,full_contact_sheet_screen
900332,Eyeshadow,no_obvious_issue,candidate_for_training,No obvious target or crop problem in contact-sheet screening; label not independently authenticated.,full_contact_sheet_screen
900333,Eyeshadow,no_obvious_issue,candidate_for_training,No obvious target or crop problem in contact-sheet screening; label not independently authenticated.,full_contact_sheet_screen
900334,Eyeshadow,no_obvious_issue,candidate_for_training,No obvious target or crop problem in contact-sheet screening; label not independently authenticated.,full_contact_sheet_screen
900335,Eyeshadow,no_obvious_issue,candidate_for_training,No obvious target or crop problem in contact-sheet screening; label not independently authenticated.,full_contact_sheet_screen
900336,Eyeshadow,no_obvious_issue,candidate_for_training,No obvious target or crop problem in contact-sheet screening; label not independently authenticated.,full_contact_sheet_screen
900337,Eyeshadow,no_obvious_issue,candidate_for_training,No obvious target or crop problem in contact-sheet screening; label not independently authenticated.,full_contact_sheet_screen
900338,Eyeshadow,no_obvious_issue,candidate_for_training,No obvious target or crop problem in contact-sheet screening; label not independently authenticated.,full_contact_sheet_screen
900339,Eyeshadow,no_obvious_issue,candidate_for_training,No obvious target or crop problem in contact-sheet screening; label not independently authenticated.,full_contact_sheet_screen
900340,Eyeshadow,no_obvious_issue,candidate_for_training,No obvious target or crop problem in contact-sheet screening; label not independently authenticated.,full_contact_sheet_screen
900341,Eyeshadow,no_obvious_issue,candidate_for_training,No obvious target or crop problem in contact-sheet screening; label not independently authenticated.,full_contact_sheet_screen
900342,Eyeshadow,no_obvious_issue,candidate_for_training,No obvious target or crop problem in contact-sheet screening; label not independently authenticated.,full_contact_sheet_screen
900343,Eyeshadow,no_obvious_issue,candidate_for_training,No obvious target or crop problem in contact-sheet screening; label not independently authenticated.,full_contact_sheet_screen
900344,Eyeshadow,no_obvious_issue,candidate_for_training,No obvious target or crop problem in contact-sheet screening; label not independently authenticated.,full_contact_sheet_screen
900345,Eyeshadow,no_obvious_issue,candidate_for_training,No obvious target or crop problem in contact-sheet screening; label not independently authenticated.,full_contact_sheet_screen
900346,Eyeshadow,no_obvious_issue,candidate_for_training,No obvious target or crop problem in contact-sheet screening; label not independently authenticated.,full_contact_sheet_screen
900347,Eyeshadow,no_obvious_issue,candidate_for_training,No obvious target or crop problem in contact-sheet screening; label not independently authenticated.,full_contact_sheet_screen
900348,Eyeshadow,no_obvious_issue,candidate_for_training,No obvious target or crop problem in contact-sheet screening; label not independently authenticated.,full_contact_sheet_screen
900349,Eyeshadow,no_obvious_issue,candidate_for_training,No obvious target or crop problem in contact-sheet screening; label not independently authenticated.,full_contact_sheet_screen
900350,Eyeshadow,no_obvious_issue,candidate_for_training,No obvious target or crop problem in contact-sheet screening; label not independently authenticated.,full_contact_sheet_screen
900351,Eyeshadow,no_obvious_issue,candidate_for_training,No obvious target or crop problem in contact-sheet screening; label not independently authenticated.,full_contact_sheet_screen
900352,Eyeshadow,no_obvious_issue,candidate_for_training,No obvious target or crop problem in contact-sheet screening; label not independently authenticated.,full_contact_sheet_screen
900353,Eyeshadow,no_obvious_issue,candidate_for_training,No obvious target or crop problem in contact-sheet screening; label not independently authenticated.,full_contact_sheet_screen
900354,Eyeshadow,no_obvious_issue,candidate_for_training,No obvious target or crop problem in contact-sheet screening; label not independently authenticated.,full_contact_sheet_screen
900355,Eyeshadow,no_obvious_issue,candidate_for_training,No obvious target or crop problem in contact-sheet screening; label not independently authenticated.,full_contact_sheet_screen
900356,Eyeshadow,no_obvious_issue,candidate_for_training,No obvious target or crop problem in contact-sheet screening; label not independently authenticated.,full_contact_sheet_screen
900357,Eyeshadow,no_obvious_issue,candidate_for_training,No obvious target or crop problem in contact-sheet screening; label not independently authenticated.,full_contact_sheet_screen
900358,Eyeshadow,no_obvious_issue,candidate_for_training,No obvious target or crop problem in contact-sheet screening; label not independently authenticated.,full_contact_sheet_screen
900359,Eyeshadow,no_obvious_issue,candidate_for_training,No obvious target or crop problem in contact-sheet screening; label not independently authenticated.,full_contact_sheet_screen
900360,Eyeshadow,no_obvious_issue,candidate_for_training,No obvious target or crop problem in contact-sheet screening; label not independently authenticated.,full_contact_sheet_screen
900361,Eyeshadow,no_obvious_issue,candidate_for_training,No obvious target or crop problem in contact-sheet screening; label not independently authenticated.,full_contact_sheet_screen
900362,Eyeshadow,no_obvious_issue,candidate_for_training,No obvious target or crop problem in contact-sheet screening; label not independently authenticated.,full_contact_sheet_screen
900363,Eyeshadow,no_obvious_issue,candidate_for_training,No obvious target or crop problem in contact-sheet screening; label not independently authenticated.,full_contact_sheet_screen
900364,Eyeshadow,no_obvious_issue,candidate_for_training,No obvious target or crop problem in contact-sheet screening; label not independently authenticated.,full_contact_sheet_screen
900365,Eyeshadow,no_obvious_issue,candidate_for_training,No obvious target or crop problem in contact-sheet screening; label not independently authenticated.,full_contact_sheet_screen
900366,Eyeshadow,no_obvious_issue,candidate_for_training,No obvious target or crop problem in contact-sheet screening; label not independently authenticated.,full_contact_sheet_screen
900367,Eyeshadow,no_obvious_issue,candidate_for_training,No obvious target or crop problem in contact-sheet screening; label not independently authenticated.,full_contact_sheet_screen
900368,Eyeshadow,no_obvious_issue,candidate_for_training,No obvious target or crop problem in contact-sheet screening; label not independently authenticated.,full_contact_sheet_screen
900369,Eyeshadow,no_obvious_issue,candidate_for_training,No obvious target or crop problem in contact-sheet screening; label not independently authenticated.,full_contact_sheet_screen
900370,Eyeshadow,no_obvious_issue,candidate_for_training,No obvious target or crop problem in contact-sheet screening; label not independently authenticated.,full_contact_sheet_screen
900371,Eyeshadow,no_obvious_issue,candidate_for_training,No obvious target or crop problem in contact-sheet screening; label not independently authenticated.,full_contact_sheet_screen
900372,Eyeshadow,no_obvious_issue,candidate_for_training,No obvious target or crop problem in contact-sheet screening; label not independently authenticated.,full_contact_sheet_screen
900373,Eyeshadow,no_obvious_issue,candidate_for_training,No obvious target or crop problem in contact-sheet screening; label not independently authenticated.,full_contact_sheet_screen
900374,Eyeshadow,no_obvious_issue,candidate_for_training,No obvious target or crop problem in contact-sheet screening; label not independently authenticated.,full_contact_sheet_screen
900375,Eyeshadow,no_obvious_issue,candidate_for_training,No obvious target or crop problem in contact-sheet screening; label not independently authenticated.,full_contact_sheet_screen
900376,Eyeshadow,no_obvious_issue,candidate_for_training,No obvious target or crop problem in contact-sheet screening; label not independently authenticated.,full_contact_sheet_screen
900377,Eyeshadow,no_obvious_issue,candidate_for_training,No obvious target or crop problem in contact-sheet screening; label not independently authenticated.,full_contact_sheet_screen
900378,Eyeshadow,no_obvious_issue,candidate_for_training,No obvious target or crop problem in contact-sheet screening; label not independently authenticated.,full_contact_sheet_screen
900379,Eyeshadow,no_obvious_issue,candidate_for_training,No obvious target or crop problem in contact-sheet screening; label not independently authenticated.,full_contact_sheet_screen
900380,Eyeshadow,no_obvious_issue,candidate_for_training,No obvious target or crop problem in contact-sheet screening; label not independently authenticated.,full_contact_sheet_screen
900381,Eyeshadow,no_obvious_issue,candidate_for_training,No obvious target or crop problem in contact-sheet screening; label not independently authenticated.,full_contact_sheet_screen
900382,Eyeshadow,no_obvious_issue,candidate_for_training,No obvious target or crop problem in contact-sheet screening; label not independently authenticated.,full_contact_sheet_screen
900383,Eyeshadow,no_obvious_issue,candidate_for_training,No obvious target or crop problem in contact-sheet screening; label not independently authenticated.,full_contact_sheet_screen
900384,Eyeshadow,no_obvious_issue,candidate_for_training,No obvious target or crop problem in contact-sheet screening; label not independently authenticated.,full_contact_sheet_screen
900385,Eyeshadow,no_obvious_issue,candidate_for_training,No obvious target or crop problem in contact-sheet screening; label not independently authenticated.,full_contact_sheet_screen
900386,Eyeshadow,no_obvious_issue,candidate_for_training,No obvious target or crop problem in contact-sheet screening; label not independently authenticated.,full_contact_sheet_screen
900387,Eyeshadow,no_obvious_issue,candidate_for_training,No obvious target or crop problem in contact-sheet screening; label not independently authenticated.,full_contact_sheet_screen
900388,Eyeshadow,no_obvious_issue,candidate_for_training,No obvious target or crop problem in contact-sheet screening; label not independently authenticated.,full_contact_sheet_screen
900389,Eyeshadow,no_obvious_issue,candidate_for_training,No obvious target or crop problem in contact-sheet screening; label not independently authenticated.,full_contact_sheet_screen
900390,Eyeshadow,no_obvious_issue,candidate_for_training,No obvious target or crop problem in contact-sheet screening; label not independently authenticated.,full_contact_sheet_screen
900391,Eyeshadow,no_obvious_issue,candidate_for_training,No obvious target or crop problem in contact-sheet screening; label not independently authenticated.,full_contact_sheet_screen
900392,Eyeshadow,no_obvious_issue,candidate_for_training,No obvious target or crop problem in contact-sheet screening; label not independently authenticated.,full_contact_sheet_screen
900393,Eyeshadow,no_obvious_issue,candidate_for_training,No obvious target or crop problem in contact-sheet screening; label not independently authenticated.,full_contact_sheet_screen
900394,Eyeshadow,no_obvious_issue,candidate_for_training,No obvious target or crop problem in contact-sheet screening; label not independently authenticated.,full_contact_sheet_screen
900395,Eyeshadow,no_obvious_issue,candidate_for_training,No obvious target or crop problem in contact-sheet screening; label not independently authenticated.,full_contact_sheet_screen
900396,Eyeshadow,no_obvious_issue,candidate_for_training,No obvious target or crop problem in contact-sheet screening; label not independently authenticated.,full_contact_sheet_screen
900397,Eyeshadow,no_obvious_issue,candidate_for_training,No obvious target or crop problem in contact-sheet screening; label not independently authenticated.,full_contact_sheet_screen
900398,Eyeshadow,no_obvious_issue,candidate_for_training,No obvious target or crop problem in contact-sheet screening; label not independently authenticated.,full_contact_sheet_screen
900399,Eyeshadow,no_obvious_issue,candidate_for_training,No obvious target or crop problem in contact-sheet screening; label not independently authenticated.,full_contact_sheet_screen
900400,Lipstick,no_obvious_issue,candidate_for_training,No obvious target or crop problem in contact-sheet screening; label not independently authenticated.,full_contact_sheet_screen
900401,Lipstick,no_obvious_issue,candidate_for_training,No obvious target or crop problem in contact-sheet screening; label not independently authenticated.,full_contact_sheet_screen
900402,Lipstick,no_obvious_issue,candidate_for_training,No obvious target or crop problem in contact-sheet screening; label not independently authenticated.,full_contact_sheet_screen
900403,Lipstick,no_obvious_issue,candidate_for_training,No obvious target or crop problem in contact-sheet screening; label not independently authenticated.,full_contact_sheet_screen
900404,Lipstick,no_obvious_issue,candidate_for_training,No obvious target or crop problem in contact-sheet screening; label not independently authenticated.,full_contact_sheet_screen
900405,Lipstick,no_obvious_issue,candidate_for_training,No obvious target or crop problem in contact-sheet screening; label not independently authenticated.,full_contact_sheet_screen
900406,Lipstick,no_obvious_issue,candidate_for_training,No obvious target or crop problem in contact-sheet screening; label not independently authenticated.,full_contact_sheet_screen
900407,Lipstick,no_obvious_issue,candidate_for_training,No obvious target or crop problem in contact-sheet screening; label not independently authenticated.,full_contact_sheet_screen
900408,Lipstick,no_obvious_issue,candidate_for_training,No obvious target or crop problem in contact-sheet screening; label not independently authenticated.,full_contact_sheet_screen
900409,Lipstick,no_obvious_issue,candidate_for_training,No obvious target or crop problem in contact-sheet screening; label not independently authenticated.,full_contact_sheet_screen
900410,Lipstick,no_obvious_issue,candidate_for_training,No obvious target or crop problem in contact-sheet screening; label not independently authenticated.,full_contact_sheet_screen
900411,Lipstick,no_obvious_issue,candidate_for_training,No obvious target or crop problem in contact-sheet screening; label not independently authenticated.,full_contact_sheet_screen
900412,Lipstick,no_obvious_issue,candidate_for_training,No obvious target or crop problem in contact-sheet screening; label not independently authenticated.,full_contact_sheet_screen
900413,Lipstick,no_obvious_issue,candidate_for_training,No obvious target or crop problem in contact-sheet screening; label not independently authenticated.,full_contact_sheet_screen
900414,Lipstick,no_obvious_issue,candidate_for_training,No obvious target or crop problem in contact-sheet screening; label not independently authenticated.,full_contact_sheet_screen
900415,Lipstick,no_obvious_issue,candidate_for_training,No obvious target or crop problem in contact-sheet screening; label not independently authenticated.,full_contact_sheet_screen
900416,Lipstick,no_obvious_issue,candidate_for_training,No obvious target or crop problem in contact-sheet screening; label not independently authenticated.,full_contact_sheet_screen
900417,Lipstick,no_obvious_issue,candidate_for_training,No obvious target or crop problem in contact-sheet screening; label not independently authenticated.,full_contact_sheet_screen
900418,Lipstick,no_obvious_issue,candidate_for_training,No obvious target or crop problem in contact-sheet screening; label not independently authenticated.,full_contact_sheet_screen
900419,Lipstick,no_obvious_issue,candidate_for_training,No obvious target or crop problem in contact-sheet screening; label not independently authenticated.,full_contact_sheet_screen
900420,Lipstick,no_obvious_issue,candidate_for_training,No obvious target or crop problem in contact-sheet screening; label not independently authenticated.,full_contact_sheet_screen
900421,Lipstick,no_obvious_issue,candidate_for_training,No obvious target or crop problem in contact-sheet screening; label not independently authenticated.,full_contact_sheet_screen
900422,Lipstick,no_obvious_issue,candidate_for_training,No obvious target or crop problem in contact-sheet screening; label not independently authenticated.,full_contact_sheet_screen
900423,Lipstick,no_obvious_issue,candidate_for_training,No obvious target or crop problem in contact-sheet screening; label not independently authenticated.,full_contact_sheet_screen
900424,Lipstick,no_obvious_issue,candidate_for_training,No obvious target or crop problem in contact-sheet screening; label not independently authenticated.,full_contact_sheet_screen
900425,Lipstick,no_obvious_issue,candidate_for_training,No obvious target or crop problem in contact-sheet screening; label not independently authenticated.,full_contact_sheet_screen
900426,Lipstick,no_obvious_issue,candidate_for_training,No obvious target or crop problem in contact-sheet screening; label not independently authenticated.,full_contact_sheet_screen
900427,Lipstick,no_obvious_issue,candidate_for_training,No obvious target or crop problem in contact-sheet screening; label not independently authenticated.,full_contact_sheet_screen
900428,Lipstick,no_obvious_issue,candidate_for_training,No obvious target or crop problem in contact-sheet screening; label not independently authenticated.,full_contact_sheet_screen
900429,Lipstick,no_obvious_issue,candidate_for_training,No obvious target or crop problem in contact-sheet screening; label not independently authenticated.,full_contact_sheet_screen
900430,Lipstick,no_obvious_issue,candidate_for_training,No obvious target or crop problem in contact-sheet screening; label not independently authenticated.,full_contact_sheet_screen
900431,Lipstick,no_obvious_issue,candidate_for_training,No obvious target or crop problem in contact-sheet screening; label not independently authenticated.,full_contact_sheet_screen
900432,Lipstick,no_obvious_issue,candidate_for_training,No obvious target or crop problem in contact-sheet screening; label not independently authenticated.,full_contact_sheet_screen
900433,Lipstick,no_obvious_issue,candidate_for_training,No obvious target or crop problem in contact-sheet screening; label not independently authenticated.,full_contact_sheet_screen
900434,Lipstick,no_obvious_issue,candidate_for_training,No obvious target or crop problem in contact-sheet screening; label not independently authenticated.,full_contact_sheet_screen
900435,Lipstick,no_obvious_issue,candidate_for_training,No obvious target or crop problem in contact-sheet screening; label not independently authenticated.,full_contact_sheet_screen
900436,Lipstick,no_obvious_issue,candidate_for_training,No obvious target or crop problem in contact-sheet screening; label not independently authenticated.,full_contact_sheet_screen
900437,Lipstick,no_obvious_issue,candidate_for_training,No obvious target or crop problem in contact-sheet screening; label not independently authenticated.,full_contact_sheet_screen
900438,Lipstick,no_obvious_issue,candidate_for_training,No obvious target or crop problem in contact-sheet screening; label not independently authenticated.,full_contact_sheet_screen
900439,Lipstick,no_obvious_issue,candidate_for_training,No obvious target or crop problem in contact-sheet screening; label not independently authenticated.,full_contact_sheet_screen
900440,Lipstick,no_obvious_issue,candidate_for_training,No obvious target or crop problem in contact-sheet screening; label not independently authenticated.,full_contact_sheet_screen
900441,Lipstick,no_obvious_issue,candidate_for_training,No obvious target or crop problem in contact-sheet screening; label not independently authenticated.,full_contact_sheet_screen
900442,Lipstick,no_obvious_issue,candidate_for_training,No obvious target or crop problem in contact-sheet screening; label not independently authenticated.,full_contact_sheet_screen
900443,Lipstick,no_obvious_issue,candidate_for_training,No obvious target or crop problem in contact-sheet screening; label not independently authenticated.,full_contact_sheet_screen
900444,Lipstick,no_obvious_issue,candidate_for_training,No obvious target or crop problem in contact-sheet screening; label not independently authenticated.,full_contact_sheet_screen
900445,Lipstick,no_obvious_issue,candidate_for_training,No obvious target or crop problem in contact-sheet screening; label not independently authenticated.,full_contact_sheet_screen
900446,Lipstick,no_obvious_issue,candidate_for_training,No obvious target or crop problem in contact-sheet screening; label not independently authenticated.,full_contact_sheet_screen
900447,Lipstick,no_obvious_issue,candidate_for_training,No obvious target or crop problem in contact-sheet screening; label not independently authenticated.,full_contact_sheet_screen
900448,Lipstick,no_obvious_issue,candidate_for_training,No obvious target or crop problem in contact-sheet screening; label not independently authenticated.,full_contact_sheet_screen
900449,Lipstick,no_obvious_issue,candidate_for_training,No obvious target or crop problem in contact-sheet screening; label not independently authenticated.,full_contact_sheet_screen
900450,Lipstick,no_obvious_issue,candidate_for_training,No obvious target or crop problem in contact-sheet screening; label not independently authenticated.,full_contact_sheet_screen
900451,Lipstick,no_obvious_issue,candidate_for_training,No obvious target or crop problem in contact-sheet screening; label not independently authenticated.,full_contact_sheet_screen
900452,Lipstick,no_obvious_issue,candidate_for_training,No obvious target or crop problem in contact-sheet screening; label not independently authenticated.,full_contact_sheet_screen
900453,Lipstick,no_obvious_issue,candidate_for_training,No obvious target or crop problem in contact-sheet screening; label not independently authenticated.,full_contact_sheet_screen
900454,Lipstick,no_obvious_issue,candidate_for_training,No obvious target or crop problem in contact-sheet screening; label not independently authenticated.,full_contact_sheet_screen
900455,Lipstick,ambiguous_target,hold_for_review,Eyeshadow palette dominates; only part of the labelled lipstick is visible behind it.,contact_sheet_and_source_plus_60x80_recheck
900456,Lipstick,no_obvious_issue,candidate_for_training,No obvious target or crop problem in contact-sheet screening; label not independently authenticated.,full_contact_sheet_screen
900457,Lipstick,no_obvious_issue,candidate_for_training,No obvious target or crop problem in contact-sheet screening; label not independently authenticated.,full_contact_sheet_screen
900458,Lipstick,no_obvious_issue,candidate_for_training,No obvious target or crop problem in contact-sheet screening; label not independently authenticated.,full_contact_sheet_screen
900459,Lipstick,no_obvious_issue,candidate_for_training,No obvious target or crop problem in contact-sheet screening; label not independently authenticated.,full_contact_sheet_screen
900460,Lipstick,no_obvious_issue,candidate_for_training,No obvious target or crop problem in contact-sheet screening; label not independently authenticated.,full_contact_sheet_screen
900461,Lipstick,no_obvious_issue,candidate_for_training,No obvious target or crop problem in contact-sheet screening; label not independently authenticated.,full_contact_sheet_screen
900462,Lipstick,no_obvious_issue,candidate_for_training,No obvious target or crop problem in contact-sheet screening; label not independently authenticated.,full_contact_sheet_screen
900463,Lipstick,no_obvious_issue,candidate_for_training,No obvious target or crop problem in contact-sheet screening; label not independently authenticated.,full_contact_sheet_screen
900464,Lipstick,no_obvious_issue,candidate_for_training,No obvious target or crop problem in contact-sheet screening; label not independently authenticated.,full_contact_sheet_screen
900465,Lipstick,no_obvious_issue,candidate_for_training,No obvious target or crop problem in contact-sheet screening; label not independently authenticated.,full_contact_sheet_screen
900466,Lipstick,no_obvious_issue,candidate_for_training,No obvious target or crop problem in contact-sheet screening; label not independently authenticated.,full_contact_sheet_screen
900467,Lipstick,no_obvious_issue,candidate_for_training,No obvious target or crop problem in contact-sheet screening; label not independently authenticated.,full_contact_sheet_screen
900468,Lipstick,no_obvious_issue,candidate_for_training,No obvious target or crop problem in contact-sheet screening; label not independently authenticated.,full_contact_sheet_screen
900469,Lipstick,no_obvious_issue,candidate_for_training,No obvious target or crop problem in contact-sheet screening; label not independently authenticated.,full_contact_sheet_screen
900470,Lipstick,no_obvious_issue,candidate_for_training,No obvious target or crop problem in contact-sheet screening; label not independently authenticated.,full_contact_sheet_screen
900471,Lipstick,no_obvious_issue,candidate_for_training,No obvious target or crop problem in contact-sheet screening; label not independently authenticated.,full_contact_sheet_screen
900472,Lipstick,no_obvious_issue,candidate_for_training,No obvious target or crop problem in contact-sheet screening; label not independently authenticated.,full_contact_sheet_screen
900473,Lipstick,no_obvious_issue,candidate_for_training,No obvious target or crop problem in contact-sheet screening; label not independently authenticated.,full_contact_sheet_screen
900474,Lipstick,no_obvious_issue,candidate_for_training,No obvious target or crop problem in contact-sheet screening; label not independently authenticated.,full_contact_sheet_screen
900475,Lipstick,ambiguous_target,hold_for_review,Palette occludes the lipstick in a narrow crop; the target is difficult to isolate.,contact_sheet_and_source_plus_60x80_recheck
900476,Lipstick,no_obvious_issue,candidate_for_training,No obvious target or crop problem in contact-sheet screening; label not independently authenticated.,full_contact_sheet_screen
900477,Lipstick,no_obvious_issue,candidate_for_training,No obvious target or crop problem in contact-sheet screening; label not independently authenticated.,full_contact_sheet_screen
900478,Lipstick,no_obvious_issue,candidate_for_training,No obvious target or crop problem in contact-sheet screening; label not independently authenticated.,full_contact_sheet_screen
900479,Lipstick,no_obvious_issue,candidate_for_training,No obvious target or crop problem in contact-sheet screening; label not independently authenticated.,full_contact_sheet_screen
900480,Lipstick,no_obvious_issue,candidate_for_training,No obvious target or crop problem in contact-sheet screening; label not independently authenticated.,full_contact_sheet_screen
900481,Lipstick,no_obvious_issue,candidate_for_training,No obvious target or crop problem in contact-sheet screening; label not independently authenticated.,full_contact_sheet_screen
900482,Lipstick,no_obvious_issue,candidate_for_training,No obvious target or crop problem in contact-sheet screening; label not independently authenticated.,full_contact_sheet_screen
900483,Lipstick,no_obvious_issue,candidate_for_training,No obvious target or crop problem in contact-sheet screening; label not independently authenticated.,full_contact_sheet_screen
900484,Lipstick,no_obvious_issue,candidate_for_training,No obvious target or crop problem in contact-sheet screening; label not independently authenticated.,full_contact_sheet_screen
900485,Lipstick,no_obvious_issue,candidate_for_training,No obvious target or crop problem in contact-sheet screening; label not independently authenticated.,full_contact_sheet_screen
900486,Lipstick,no_obvious_issue,candidate_for_training,No obvious target or crop problem in contact-sheet screening; label not independently authenticated.,full_contact_sheet_screen
900487,Lipstick,no_obvious_issue,candidate_for_training,No obvious target or crop problem in contact-sheet screening; label not independently authenticated.,full_contact_sheet_screen
900488,Lipstick,no_obvious_issue,candidate_for_training,No obvious target or crop problem in contact-sheet screening; label not independently authenticated.,full_contact_sheet_screen
900489,Lipstick,no_obvious_issue,candidate_for_training,No obvious target or crop problem in contact-sheet screening; label not independently authenticated.,full_contact_sheet_screen
900490,Lipstick,no_obvious_issue,candidate_for_training,No obvious target or crop problem in contact-sheet screening; label not independently authenticated.,full_contact_sheet_screen
900491,Lipstick,no_obvious_issue,candidate_for_training,No obvious target or crop problem in contact-sheet screening; label not independently authenticated.,full_contact_sheet_screen
900492,Lipstick,no_obvious_issue,candidate_for_training,No obvious target or crop problem in contact-sheet screening; label not independently authenticated.,full_contact_sheet_screen
900493,Lipstick,no_obvious_issue,candidate_for_training,No obvious target or crop problem in contact-sheet screening; label not independently authenticated.,full_contact_sheet_screen
900494,Lipstick,no_obvious_issue,candidate_for_training,No obvious target or crop problem in contact-sheet screening; label not independently authenticated.,full_contact_sheet_screen
900495,Lipstick,ambiguous_target,hold_for_review,Eyeshadow palette fills most of the crop; only a small lipstick fragment remains.,contact_sheet_and_source_plus_60x80_recheck
900496,Lipstick,no_obvious_issue,candidate_for_training,No obvious target or crop problem in contact-sheet screening; label not independently authenticated.,full_contact_sheet_screen
900497,Lipstick,no_obvious_issue,candidate_for_training,No obvious target or crop problem in contact-sheet screening; label not independently authenticated.,full_contact_sheet_screen
900498,Lipstick,no_obvious_issue,candidate_for_training,No obvious target or crop problem in contact-sheet screening; label not independently authenticated.,full_contact_sheet_screen
900499,Lipstick,no_obvious_issue,candidate_for_training,No obvious target or crop problem in contact-sheet screening; label not independently authenticated.,full_contact_sheet_screen
900500,Lipstick,no_obvious_issue,candidate_for_training,No obvious target or crop problem in contact-sheet screening; label not independently authenticated.,full_contact_sheet_screen
900501,Lipstick,no_obvious_issue,candidate_for_training,No obvious target or crop problem in contact-sheet screening; label not independently authenticated.,full_contact_sheet_screen
900502,Lipstick,no_obvious_issue,candidate_for_training,No obvious target or crop problem in contact-sheet screening; label not independently authenticated.,full_contact_sheet_screen
900503,Lipstick,no_obvious_issue,candidate_for_training,No obvious target or crop problem in contact-sheet screening; label not independently authenticated.,full_contact_sheet_screen
900504,Lipstick,no_obvious_issue,candidate_for_training,No obvious target or crop problem in contact-sheet screening; label not independently authenticated.,full_contact_sheet_screen
900505,Lipstick,no_obvious_issue,candidate_for_training,No obvious target or crop problem in contact-sheet screening; label not independently authenticated.,full_contact_sheet_screen
900506,Lipstick,no_obvious_issue,candidate_for_training,No obvious target or crop problem in contact-sheet screening; label not independently authenticated.,full_contact_sheet_screen
900507,Lipstick,no_obvious_issue,candidate_for_training,No obvious target or crop problem in contact-sheet screening; label not independently authenticated.,full_contact_sheet_screen
900508,Lipstick,no_obvious_issue,candidate_for_training,No obvious target or crop problem in contact-sheet screening; label not independently authenticated.,full_contact_sheet_screen
900509,Lipstick,no_obvious_issue,candidate_for_training,No obvious target or crop problem in contact-sheet screening; label not independently authenticated.,full_contact_sheet_screen
900510,Lipstick,no_obvious_issue,candidate_for_training,No obvious target or crop problem in contact-sheet screening; label not independently authenticated.,full_contact_sheet_screen
900511,Lipstick,no_obvious_issue,candidate_for_training,No obvious target or crop problem in contact-sheet screening; label not independently authenticated.,full_contact_sheet_screen
900512,Lipstick,no_obvious_issue,candidate_for_training,No obvious target or crop problem in contact-sheet screening; label not independently authenticated.,full_contact_sheet_screen
900513,Lipstick,no_obvious_issue,candidate_for_training,No obvious target or crop problem in contact-sheet screening; label not independently authenticated.,full_contact_sheet_screen
900514,Lipstick,no_obvious_issue,candidate_for_training,No obvious target or crop problem in contact-sheet screening; label not independently authenticated.,full_contact_sheet_screen
900515,Lipstick,no_obvious_issue,candidate_for_training,No obvious target or crop problem in contact-sheet screening; label not independently authenticated.,full_contact_sheet_screen
900516,Lipstick,no_obvious_issue,candidate_for_training,No obvious target or crop problem in contact-sheet screening; label not independently authenticated.,full_contact_sheet_screen
900517,Lipstick,no_obvious_issue,candidate_for_training,No obvious target or crop problem in contact-sheet screening; label not independently authenticated.,full_contact_sheet_screen
900518,Lipstick,no_obvious_issue,candidate_for_training,No obvious target or crop problem in contact-sheet screening; label not independently authenticated.,full_contact_sheet_screen
900519,Lipstick,no_obvious_issue,candidate_for_training,No obvious target or crop problem in contact-sheet screening; label not independently authenticated.,full_contact_sheet_screen
900520,Lipstick,no_obvious_issue,candidate_for_training,No obvious target or crop problem in contact-sheet screening; label not independently authenticated.,full_contact_sheet_screen
900521,Lipstick,ambiguous_target,hold_for_review,Lipstick case is partly concealed by another object's packaging; product identity is uncertain.,contact_sheet_and_source_plus_60x80_recheck
900522,Lipstick,no_obvious_issue,candidate_for_training,No obvious target or crop problem in contact-sheet screening; label not independently authenticated.,full_contact_sheet_screen
900523,Lipstick,no_obvious_issue,candidate_for_training,No obvious target or crop problem in contact-sheet screening; label not independently authenticated.,full_contact_sheet_screen
900524,Lipstick,no_obvious_issue,candidate_for_training,No obvious target or crop problem in contact-sheet screening; label not independently authenticated.,full_contact_sheet_screen
900525,Lipstick,no_obvious_issue,candidate_for_training,No obvious target or crop problem in contact-sheet screening; label not independently authenticated.,full_contact_sheet_screen
900526,Lipstick,no_obvious_issue,candidate_for_training,No obvious target or crop problem in contact-sheet screening; label not independently authenticated.,full_contact_sheet_screen
900527,Lipstick,no_obvious_issue,candidate_for_training,No obvious target or crop problem in contact-sheet screening; label not independently authenticated.,full_contact_sheet_screen
900528,Lipstick,ambiguous_target,hold_for_review,Eyeshadow palette dominates with only a red lipstick end visible behind it.,contact_sheet_and_source_plus_60x80_recheck
900529,Lipstick,no_obvious_issue,candidate_for_training,No obvious target or crop problem in contact-sheet screening; label not independently authenticated.,full_contact_sheet_screen
900530,Lipstick,no_obvious_issue,candidate_for_training,No obvious target or crop problem in contact-sheet screening; label not independently authenticated.,full_contact_sheet_screen
900531,Lipstick,no_obvious_issue,candidate_for_training,No obvious target or crop problem in contact-sheet screening; label not independently authenticated.,full_contact_sheet_screen
900532,Lipstick,no_obvious_issue,candidate_for_training,No obvious target or crop problem in contact-sheet screening; label not independently authenticated.,full_contact_sheet_screen
900533,Lipstick,no_obvious_issue,candidate_for_training,No obvious target or crop problem in contact-sheet screening; label not independently authenticated.,full_contact_sheet_screen
900534,Lipstick,no_obvious_issue,candidate_for_training,No obvious target or crop problem in contact-sheet screening; label not independently authenticated.,full_contact_sheet_screen
900535,Lipstick,no_obvious_issue,candidate_for_training,No obvious target or crop problem in contact-sheet screening; label not independently authenticated.,full_contact_sheet_screen
900536,Lipstick,no_obvious_issue,candidate_for_training,No obvious target or crop problem in contact-sheet screening; label not independently authenticated.,full_contact_sheet_screen
900537,Lipstick,no_obvious_issue,candidate_for_training,No obvious target or crop problem in contact-sheet screening; label not independently authenticated.,full_contact_sheet_screen
900538,Lipstick,no_obvious_issue,candidate_for_training,No obvious target or crop problem in contact-sheet screening; label not independently authenticated.,full_contact_sheet_screen
900539,Lipstick,ambiguous_target,hold_for_review,Eyeshadow pans dominate; a partial lipstick is visible along the upper edge.,contact_sheet_and_source_plus_60x80_recheck
900540,Lipstick,no_obvious_issue,candidate_for_training,No obvious target or crop problem in contact-sheet screening; label not independently authenticated.,full_contact_sheet_screen
900541,Lipstick,no_obvious_issue,candidate_for_training,No obvious target or crop problem in contact-sheet screening; label not independently authenticated.,full_contact_sheet_screen
900542,Lipstick,no_obvious_issue,candidate_for_training,No obvious target or crop problem in contact-sheet screening; label not independently authenticated.,full_contact_sheet_screen
900543,Lipstick,no_obvious_issue,candidate_for_training,No obvious target or crop problem in contact-sheet screening; label not independently authenticated.,full_contact_sheet_screen
900544,Lipstick,no_obvious_issue,candidate_for_training,No obvious target or crop problem in contact-sheet screening; label not independently authenticated.,full_contact_sheet_screen
900545,Lipstick,no_obvious_issue,candidate_for_training,No obvious target or crop problem in contact-sheet screening; label not independently authenticated.,full_contact_sheet_screen
900546,Lipstick,no_obvious_issue,candidate_for_training,No obvious target or crop problem in contact-sheet screening; label not independently authenticated.,full_contact_sheet_screen
900547,Lipstick,no_obvious_issue,candidate_for_training,No obvious target or crop problem in contact-sheet screening; label not independently authenticated.,full_contact_sheet_screen
900548,Lipstick,no_obvious_issue,candidate_for_training,No obvious target or crop problem in contact-sheet screening; label not independently authenticated.,full_contact_sheet_screen
900549,Lipstick,no_obvious_issue,candidate_for_training,No obvious target or crop problem in contact-sheet screening; label not independently authenticated.,full_contact_sheet_screen
900550,Lipstick,no_obvious_issue,candidate_for_training,No obvious target or crop problem in contact-sheet screening; label not independently authenticated.,full_contact_sheet_screen
900551,Lipstick,no_obvious_issue,candidate_for_training,No obvious target or crop problem in contact-sheet screening; label not independently authenticated.,full_contact_sheet_screen
900552,Lipstick,no_obvious_issue,candidate_for_training,No obvious target or crop problem in contact-sheet screening; label not independently authenticated.,full_contact_sheet_screen
900553,Lipstick,no_obvious_issue,candidate_for_training,No obvious target or crop problem in contact-sheet screening; label not independently authenticated.,full_contact_sheet_screen
900554,Lipstick,no_obvious_issue,candidate_for_training,No obvious target or crop problem in contact-sheet screening; label not independently authenticated.,full_contact_sheet_screen
900555,Lipstick,no_obvious_issue,candidate_for_training,No obvious target or crop problem in contact-sheet screening; label not independently authenticated.,full_contact_sheet_screen
900556,Lipstick,no_obvious_issue,candidate_for_training,No obvious target or crop problem in contact-sheet screening; label not independently authenticated.,full_contact_sheet_screen
900557,Lipstick,no_obvious_issue,candidate_for_training,No obvious target or crop problem in contact-sheet screening; label not independently authenticated.,full_contact_sheet_screen
900558,Lipstick,no_obvious_issue,candidate_for_training,No obvious target or crop problem in contact-sheet screening; label not independently authenticated.,full_contact_sheet_screen
900559,Lipstick,no_obvious_issue,candidate_for_training,No obvious target or crop problem in contact-sheet screening; label not independently authenticated.,full_contact_sheet_screen
900560,Lipstick,no_obvious_issue,candidate_for_training,No obvious target or crop problem in contact-sheet screening; label not independently authenticated.,full_contact_sheet_screen
900561,Lipstick,no_obvious_issue,candidate_for_training,No obvious target or crop problem in contact-sheet screening; label not independently authenticated.,full_contact_sheet_screen
900562,Lipstick,no_obvious_issue,candidate_for_training,No obvious target or crop problem in contact-sheet screening; label not independently authenticated.,full_contact_sheet_screen
900563,Lipstick,no_obvious_issue,candidate_for_training,No obvious target or crop problem in contact-sheet screening; label not independently authenticated.,full_contact_sheet_screen
900564,Lipstick,ambiguous_target,hold_for_review,Eyeshadow palette covers the middle of the lipstick; heavily occluded narrow training view.,contact_sheet_and_source_plus_60x80_recheck
900565,Lipstick,no_obvious_issue,candidate_for_training,No obvious target or crop problem in contact-sheet screening; label not independently authenticated.,full_contact_sheet_screen
900566,Lipstick,no_obvious_issue,candidate_for_training,No obvious target or crop problem in contact-sheet screening; label not independently authenticated.,full_contact_sheet_screen
900567,Lipstick,no_obvious_issue,candidate_for_training,No obvious target or crop problem in contact-sheet screening; label not independently authenticated.,full_contact_sheet_screen
900568,Lipstick,no_obvious_issue,candidate_for_training,No obvious target or crop problem in contact-sheet screening; label not independently authenticated.,full_contact_sheet_screen
900569,Lipstick,no_obvious_issue,candidate_for_training,No obvious target or crop problem in contact-sheet screening; label not independently authenticated.,full_contact_sheet_screen
900570,Lipstick,no_obvious_issue,candidate_for_training,No obvious target or crop problem in contact-sheet screening; label not independently authenticated.,full_contact_sheet_screen
900571,Lipstick,no_obvious_issue,candidate_for_training,No obvious target or crop problem in contact-sheet screening; label not independently authenticated.,full_contact_sheet_screen
900572,Lipstick,no_obvious_issue,candidate_for_training,No obvious target or crop problem in contact-sheet screening; label not independently authenticated.,full_contact_sheet_screen
900573,Lipstick,no_obvious_issue,candidate_for_training,No obvious target or crop problem in contact-sheet screening; label not independently authenticated.,full_contact_sheet_screen
900574,Lipstick,no_obvious_issue,candidate_for_training,No obvious target or crop problem in contact-sheet screening; label not independently authenticated.,full_contact_sheet_screen
900575,Lipstick,no_obvious_issue,candidate_for_training,No obvious target or crop problem in contact-sheet screening; label not independently authenticated.,full_contact_sheet_screen
900576,Lipstick,no_obvious_issue,candidate_for_training,No obvious target or crop problem in contact-sheet screening; label not independently authenticated.,full_contact_sheet_screen
900577,Lipstick,no_obvious_issue,candidate_for_training,No obvious target or crop problem in contact-sheet screening; label not independently authenticated.,full_contact_sheet_screen
900578,Lipstick,no_obvious_issue,candidate_for_training,No obvious target or crop problem in contact-sheet screening; label not independently authenticated.,full_contact_sheet_screen
900579,Lipstick,no_obvious_issue,candidate_for_training,No obvious target or crop problem in contact-sheet screening; label not independently authenticated.,full_contact_sheet_screen
900580,Lipstick,no_obvious_issue,candidate_for_training,No obvious target or crop problem in contact-sheet screening; label not independently authenticated.,full_contact_sheet_screen
900581,Lipstick,no_obvious_issue,candidate_for_training,No obvious target or crop problem in contact-sheet screening; label not independently authenticated.,full_contact_sheet_screen
900582,Lipstick,no_obvious_issue,candidate_for_training,No obvious target or crop problem in contact-sheet screening; label not independently authenticated.,full_contact_sheet_screen
900583,Lipstick,ambiguous_target,hold_for_review,Multicolour eyeshadow palette dominates; the lipstick is peripheral and partly hidden.,contact_sheet_and_source_plus_60x80_recheck
900584,Lipstick,no_obvious_issue,candidate_for_training,No obvious target or crop problem in contact-sheet screening; label not independently authenticated.,full_contact_sheet_screen
900585,Lipstick,no_obvious_issue,candidate_for_training,No obvious target or crop problem in contact-sheet screening; label not independently authenticated.,full_contact_sheet_screen
900586,Lipstick,no_obvious_issue,candidate_for_training,No obvious target or crop problem in contact-sheet screening; label not independently authenticated.,full_contact_sheet_screen
900587,Lipstick,no_obvious_issue,candidate_for_training,No obvious target or crop problem in contact-sheet screening; label not independently authenticated.,full_contact_sheet_screen
900588,Lipstick,no_obvious_issue,candidate_for_training,No obvious target or crop problem in contact-sheet screening; label not independently authenticated.,full_contact_sheet_screen
900589,Lipstick,no_obvious_issue,candidate_for_training,No obvious target or crop problem in contact-sheet screening; label not independently authenticated.,full_contact_sheet_screen
900590,Lipstick,no_obvious_issue,candidate_for_training,No obvious target or crop problem in contact-sheet screening; label not independently authenticated.,full_contact_sheet_screen
900591,Lipstick,no_obvious_issue,candidate_for_training,No obvious target or crop problem in contact-sheet screening; label not independently authenticated.,full_contact_sheet_screen
900592,Lipstick,no_obvious_issue,candidate_for_training,No obvious target or crop problem in contact-sheet screening; label not independently authenticated.,full_contact_sheet_screen
900593,Lipstick,no_obvious_issue,candidate_for_training,No obvious target or crop problem in contact-sheet screening; label not independently authenticated.,full_contact_sheet_screen
900594,Lipstick,no_obvious_issue,candidate_for_training,No obvious target or crop problem in contact-sheet screening; label not independently authenticated.,full_contact_sheet_screen
900595,Lipstick,no_obvious_issue,candidate_for_training,No obvious target or crop problem in contact-sheet screening; label not independently authenticated.,full_contact_sheet_screen
900596,Lipstick,no_obvious_issue,candidate_for_training,No obvious target or crop problem in contact-sheet screening; label not independently authenticated.,full_contact_sheet_screen
900597,Lipstick,no_obvious_issue,candidate_for_training,No obvious target or crop problem in contact-sheet screening; label not independently authenticated.,full_contact_sheet_screen
900598,Lipstick,no_obvious_issue,candidate_for_training,No obvious target or crop problem in contact-sheet screening; label not independently authenticated.,full_contact_sheet_screen
900599,Lipstick,no_obvious_issue,candidate_for_training,No obvious target or crop problem in contact-sheet screening; label not independently authenticated.,full_contact_sheet_screen
900600,Lipstick,no_obvious_issue,candidate_for_training,No obvious target or crop problem in contact-sheet screening; label not independently authenticated.,full_contact_sheet_screen
900601,Lipstick,no_obvious_issue,candidate_for_training,No obvious target or crop problem in contact-sheet screening; label not independently authenticated.,full_contact_sheet_screen
900602,Lipstick,no_obvious_issue,candidate_for_training,No obvious target or crop problem in contact-sheet screening; label not independently authenticated.,full_contact_sheet_screen
900603,Lipstick,no_obvious_issue,candidate_for_training,No obvious target or crop problem in contact-sheet screening; label not independently authenticated.,full_contact_sheet_screen
900604,Lipstick,no_obvious_issue,candidate_for_training,No obvious target or crop problem in contact-sheet screening; label not independently authenticated.,full_contact_sheet_screen
900605,Lipstick,no_obvious_issue,candidate_for_training,No obvious target or crop problem in contact-sheet screening; label not independently authenticated.,full_contact_sheet_screen
900606,Lipstick,no_obvious_issue,candidate_for_training,No obvious target or crop problem in contact-sheet screening; label not independently authenticated.,full_contact_sheet_screen
900607,Lipstick,ambiguous_target,hold_for_review,Green nail-polish bottle dominates and obscures most of the blue lipstick behind it.,contact_sheet_and_source_plus_60x80_recheck
900608,Lipstick,no_obvious_issue,candidate_for_training,No obvious target or crop problem in contact-sheet screening; label not independently authenticated.,full_contact_sheet_screen
900609,Lipstick,no_obvious_issue,candidate_for_training,No obvious target or crop problem in contact-sheet screening; label not independently authenticated.,full_contact_sheet_screen
900610,Lipstick,no_obvious_issue,candidate_for_training,No obvious target or crop problem in contact-sheet screening; label not independently authenticated.,full_contact_sheet_screen
900611,Lipstick,no_obvious_issue,candidate_for_training,No obvious target or crop problem in contact-sheet screening; label not independently authenticated.,full_contact_sheet_screen
900612,Lipstick,no_obvious_issue,candidate_for_training,No obvious target or crop problem in contact-sheet screening; label not independently authenticated.,full_contact_sheet_screen
900613,Lipstick,no_obvious_issue,candidate_for_training,No obvious target or crop problem in contact-sheet screening; label not independently authenticated.,full_contact_sheet_screen
900614,Lipstick,no_obvious_issue,candidate_for_training,No obvious target or crop problem in contact-sheet screening; label not independently authenticated.,full_contact_sheet_screen
900615,Lipstick,no_obvious_issue,candidate_for_training,No obvious target or crop problem in contact-sheet screening; label not independently authenticated.,full_contact_sheet_screen
900616,Lipstick,no_obvious_issue,candidate_for_training,No obvious target or crop problem in contact-sheet screening; label not independently authenticated.,full_contact_sheet_screen
900617,Lipstick,no_obvious_issue,candidate_for_training,No obvious target or crop problem in contact-sheet screening; label not independently authenticated.,full_contact_sheet_screen
900618,Lipstick,no_obvious_issue,candidate_for_training,No obvious target or crop problem in contact-sheet screening; label not independently authenticated.,full_contact_sheet_screen
900619,Lipstick,no_obvious_issue,candidate_for_training,No obvious target or crop problem in contact-sheet screening; label not independently authenticated.,full_contact_sheet_screen
900620,Lipstick,no_obvious_issue,candidate_for_training,No obvious target or crop problem in contact-sheet screening; label not independently authenticated.,full_contact_sheet_screen
900621,Lipstick,no_obvious_issue,candidate_for_training,No obvious target or crop problem in contact-sheet screening; label not independently authenticated.,full_contact_sheet_screen
900622,Lipstick,no_obvious_issue,candidate_for_training,No obvious target or crop problem in contact-sheet screening; label not independently authenticated.,full_contact_sheet_screen
900623,Lipstick,no_obvious_issue,candidate_for_training,No obvious target or crop problem in contact-sheet screening; label not independently authenticated.,full_contact_sheet_screen
900624,Lipstick,no_obvious_issue,candidate_for_training,No obvious target or crop problem in contact-sheet screening; label not independently authenticated.,full_contact_sheet_screen
900625,Lipstick,no_obvious_issue,candidate_for_training,No obvious target or crop problem in contact-sheet screening; label not independently authenticated.,full_contact_sheet_screen
900626,Lipstick,no_obvious_issue,candidate_for_training,No obvious target or crop problem in contact-sheet screening; label not independently authenticated.,full_contact_sheet_screen
900627,Lipstick,no_obvious_issue,candidate_for_training,No obvious target or crop problem in contact-sheet screening; label not independently authenticated.,full_contact_sheet_screen
900628,Lipstick,no_obvious_issue,candidate_for_training,No obvious target or crop problem in contact-sheet screening; label not independently authenticated.,full_contact_sheet_screen
900629,Lipstick,no_obvious_issue,candidate_for_training,No obvious target or crop problem in contact-sheet screening; label not independently authenticated.,full_contact_sheet_screen
900630,Lipstick,no_obvious_issue,candidate_for_training,No obvious target or crop problem in contact-sheet screening; label not independently authenticated.,full_contact_sheet_screen
900631,Lipstick,no_obvious_issue,candidate_for_training,No obvious target or crop problem in contact-sheet screening; label not independently authenticated.,full_contact_sheet_screen
900632,Lipstick,no_obvious_issue,candidate_for_training,No obvious target or crop problem in contact-sheet screening; label not independently authenticated.,full_contact_sheet_screen
900633,Lipstick,no_obvious_issue,candidate_for_training,No obvious target or crop problem in contact-sheet screening; label not independently authenticated.,full_contact_sheet_screen
900634,Lipstick,no_obvious_issue,candidate_for_training,No obvious target or crop problem in contact-sheet screening; label not independently authenticated.,full_contact_sheet_screen
900635,Lipstick,no_obvious_issue,candidate_for_training,No obvious target or crop problem in contact-sheet screening; label not independently authenticated.,full_contact_sheet_screen
900636,Lipstick,no_obvious_issue,candidate_for_training,No obvious target or crop problem in contact-sheet screening; label not independently authenticated.,full_contact_sheet_screen
900637,Lipstick,no_obvious_issue,candidate_for_training,No obvious target or crop problem in contact-sheet screening; label not independently authenticated.,full_contact_sheet_screen
900638,Lipstick,no_obvious_issue,candidate_for_training,No obvious target or crop problem in contact-sheet screening; label not independently authenticated.,full_contact_sheet_screen
900639,Lipstick,no_obvious_issue,candidate_for_training,No obvious target or crop problem in contact-sheet screening; label not independently authenticated.,full_contact_sheet_screen
900640,Lipstick,no_obvious_issue,candidate_for_training,No obvious target or crop problem in contact-sheet screening; label not independently authenticated.,full_contact_sheet_screen
900641,Lipstick,no_obvious_issue,candidate_for_training,No obvious target or crop problem in contact-sheet screening; label not independently authenticated.,full_contact_sheet_screen
900642,Lipstick,no_obvious_issue,candidate_for_training,No obvious target or crop problem in contact-sheet screening; label not independently authenticated.,full_contact_sheet_screen
900643,Lipstick,no_obvious_issue,candidate_for_training,No obvious target or crop problem in contact-sheet screening; label not independently authenticated.,full_contact_sheet_screen
900644,Lipstick,no_obvious_issue,candidate_for_training,No obvious target or crop problem in contact-sheet screening; label not independently authenticated.,full_contact_sheet_screen
900645,Lipstick,no_obvious_issue,candidate_for_training,No obvious target or crop problem in contact-sheet screening; label not independently authenticated.,full_contact_sheet_screen
900646,Lipstick,ambiguous_target,hold_for_review,Eyeshadow palette obscures the lipstick; little target detail survives in the narrow crop.,contact_sheet_and_source_plus_60x80_recheck
900647,Lipstick,no_obvious_issue,candidate_for_training,No obvious target or crop problem in contact-sheet screening; label not independently authenticated.,full_contact_sheet_screen
900648,Lipstick,no_obvious_issue,candidate_for_training,No obvious target or crop problem in contact-sheet screening; label not independently authenticated.,full_contact_sheet_screen
900649,Lipstick,ambiguous_target,hold_for_review,Palette and packaging dominate; the intended lipstick is not clearly identifiable.,contact_sheet_and_source_plus_60x80_recheck
900650,Lipstick,no_obvious_issue,candidate_for_training,No obvious target or crop problem in contact-sheet screening; label not independently authenticated.,full_contact_sheet_screen
900651,Lipstick,no_obvious_issue,candidate_for_training,No obvious target or crop problem in contact-sheet screening; label not independently authenticated.,full_contact_sheet_screen
900652,Lipstick,no_obvious_issue,candidate_for_training,No obvious target or crop problem in contact-sheet screening; label not independently authenticated.,full_contact_sheet_screen
900653,Lipstick,no_obvious_issue,candidate_for_training,No obvious target or crop problem in contact-sheet screening; label not independently authenticated.,full_contact_sheet_screen
900654,Lipstick,no_obvious_issue,candidate_for_training,No obvious target or crop problem in contact-sheet screening; label not independently authenticated.,full_contact_sheet_screen
900655,Lipstick,no_obvious_issue,candidate_for_training,No obvious target or crop problem in contact-sheet screening; label not independently authenticated.,full_contact_sheet_screen
900656,Lipstick,no_obvious_issue,candidate_for_training,No obvious target or crop problem in contact-sheet screening; label not independently authenticated.,full_contact_sheet_screen
900657,Lipstick,no_obvious_issue,candidate_for_training,No obvious target or crop problem in contact-sheet screening; label not independently authenticated.,full_contact_sheet_screen
900658,Lipstick,no_obvious_issue,candidate_for_training,No obvious target or crop problem in contact-sheet screening; label not independently authenticated.,full_contact_sheet_screen
900659,Lipstick,no_obvious_issue,candidate_for_training,No obvious target or crop problem in contact-sheet screening; label not independently authenticated.,full_contact_sheet_screen
900660,Lipstick,no_obvious_issue,candidate_for_training,No obvious target or crop problem in contact-sheet screening; label not independently authenticated.,full_contact_sheet_screen
900661,Lipstick,no_obvious_issue,candidate_for_training,No obvious target or crop problem in contact-sheet screening; label not independently authenticated.,full_contact_sheet_screen
900662,Lipstick,no_obvious_issue,candidate_for_training,No obvious target or crop problem in contact-sheet screening; label not independently authenticated.,full_contact_sheet_screen
900663,Lipstick,no_obvious_issue,candidate_for_training,No obvious target or crop problem in contact-sheet screening; label not independently authenticated.,full_contact_sheet_screen
900664,Lipstick,no_obvious_issue,candidate_for_training,No obvious target or crop problem in contact-sheet screening; label not independently authenticated.,full_contact_sheet_screen
900665,Lipstick,no_obvious_issue,candidate_for_training,No obvious target or crop problem in contact-sheet screening; label not independently authenticated.,full_contact_sheet_screen
900666,Lipstick,no_obvious_issue,candidate_for_training,No obvious target or crop problem in contact-sheet screening; label not independently authenticated.,full_contact_sheet_screen
900667,Lipstick,no_obvious_issue,candidate_for_training,No obvious target or crop problem in contact-sheet screening; label not independently authenticated.,full_contact_sheet_screen
900668,Lipstick,no_obvious_issue,candidate_for_training,No obvious target or crop problem in contact-sheet screening; label not independently authenticated.,full_contact_sheet_screen
900669,Lipstick,ambiguous_target,hold_for_review,Nail-polish bottles dominate; only a small red lipstick fragment appears at the edge.,contact_sheet_and_source_plus_60x80_recheck
900670,Lipstick,no_obvious_issue,candidate_for_training,No obvious target or crop problem in contact-sheet screening; label not independently authenticated.,full_contact_sheet_screen
900671,Lipstick,no_obvious_issue,candidate_for_training,No obvious target or crop problem in contact-sheet screening; label not independently authenticated.,full_contact_sheet_screen
900672,Lipstick,no_obvious_issue,candidate_for_training,No obvious target or crop problem in contact-sheet screening; label not independently authenticated.,full_contact_sheet_screen
900673,Lipstick,no_obvious_issue,candidate_for_training,No obvious target or crop problem in contact-sheet screening; label not independently authenticated.,full_contact_sheet_screen
900674,Lipstick,no_obvious_issue,candidate_for_training,No obvious target or crop problem in contact-sheet screening; label not independently authenticated.,full_contact_sheet_screen
900675,Lipstick,no_obvious_issue,candidate_for_training,No obvious target or crop problem in contact-sheet screening; label not independently authenticated.,full_contact_sheet_screen
900676,Lipstick,no_obvious_issue,candidate_for_training,No obvious target or crop problem in contact-sheet screening; label not independently authenticated.,full_contact_sheet_screen
900677,Lipstick,no_obvious_issue,candidate_for_training,No obvious target or crop problem in contact-sheet screening; label not independently authenticated.,full_contact_sheet_screen
900678,Lipstick,no_obvious_issue,candidate_for_training,No obvious target or crop problem in contact-sheet screening; label not independently authenticated.,full_contact_sheet_screen
900679,Lipstick,no_obvious_issue,candidate_for_training,No obvious target or crop problem in contact-sheet screening; label not independently authenticated.,full_contact_sheet_screen
900680,Lipstick,no_obvious_issue,candidate_for_training,No obvious target or crop problem in contact-sheet screening; label not independently authenticated.,full_contact_sheet_screen
900681,Lipstick,no_obvious_issue,candidate_for_training,No obvious target or crop problem in contact-sheet screening; label not independently authenticated.,full_contact_sheet_screen
900682,Lipstick,no_obvious_issue,candidate_for_training,No obvious target or crop problem in contact-sheet screening; label not independently authenticated.,full_contact_sheet_screen
900683,Lipstick,no_obvious_issue,candidate_for_training,No obvious target or crop problem in contact-sheet screening; label not independently authenticated.,full_contact_sheet_screen
900684,Lipstick,no_obvious_issue,candidate_for_training,No obvious target or crop problem in contact-sheet screening; label not independently authenticated.,full_contact_sheet_screen
900685,Lipstick,no_obvious_issue,candidate_for_training,No obvious target or crop problem in contact-sheet screening; label not independently authenticated.,full_contact_sheet_screen
900686,Lipstick,no_obvious_issue,candidate_for_training,No obvious target or crop problem in contact-sheet screening; label not independently authenticated.,full_contact_sheet_screen
900687,Lipstick,no_obvious_issue,candidate_for_training,No obvious target or crop problem in contact-sheet screening; label not independently authenticated.,full_contact_sheet_screen
900688,Lipstick,no_obvious_issue,candidate_for_training,No obvious target or crop problem in contact-sheet screening; label not independently authenticated.,full_contact_sheet_screen
900689,Lipstick,no_obvious_issue,candidate_for_training,No obvious target or crop problem in contact-sheet screening; label not independently authenticated.,full_contact_sheet_screen
900690,Lipstick,no_obvious_issue,candidate_for_training,No obvious target or crop problem in contact-sheet screening; label not independently authenticated.,full_contact_sheet_screen
900691,Lipstick,no_obvious_issue,candidate_for_training,No obvious target or crop problem in contact-sheet screening; label not independently authenticated.,full_contact_sheet_screen
900692,Lipstick,no_obvious_issue,candidate_for_training,No obvious target or crop problem in contact-sheet screening; label not independently authenticated.,full_contact_sheet_screen
900693,Lipstick,no_obvious_issue,candidate_for_training,No obvious target or crop problem in contact-sheet screening; label not independently authenticated.,full_contact_sheet_screen
900694,Lipstick,no_obvious_issue,candidate_for_training,No obvious target or crop problem in contact-sheet screening; label not independently authenticated.,full_contact_sheet_screen
900695,Lipstick,no_obvious_issue,candidate_for_training,No obvious target or crop problem in contact-sheet screening; label not independently authenticated.,full_contact_sheet_screen
900696,Lipstick,no_obvious_issue,candidate_for_training,No obvious target or crop problem in contact-sheet screening; label not independently authenticated.,full_contact_sheet_screen
900697,Lipstick,no_obvious_issue,candidate_for_training,No obvious target or crop problem in contact-sheet screening; label not independently authenticated.,full_contact_sheet_screen
900698,Lipstick,no_obvious_issue,candidate_for_training,No obvious target or crop problem in contact-sheet screening; label not independently authenticated.,full_contact_sheet_screen
900699,Lipstick,no_obvious_issue,candidate_for_training,No obvious target or crop problem in contact-sheet screening; label not independently authenticated.,full_contact_sheet_screen
900700,Lipstick,no_obvious_issue,candidate_for_training,No obvious target or crop problem in contact-sheet screening; label not independently authenticated.,full_contact_sheet_screen
900701,Lipstick,no_obvious_issue,candidate_for_training,No obvious target or crop problem in contact-sheet screening; label not independently authenticated.,full_contact_sheet_screen
900702,Lipstick,no_obvious_issue,candidate_for_training,No obvious target or crop problem in contact-sheet screening; label not independently authenticated.,full_contact_sheet_screen
900703,Lipstick,no_obvious_issue,candidate_for_training,No obvious target or crop problem in contact-sheet screening; label not independently authenticated.,full_contact_sheet_screen
900704,Lipstick,no_obvious_issue,candidate_for_training,No obvious target or crop problem in contact-sheet screening; label not independently authenticated.,full_contact_sheet_screen
900705,Lipstick,no_obvious_issue,candidate_for_training,No obvious target or crop problem in contact-sheet screening; label not independently authenticated.,full_contact_sheet_screen
900706,Lipstick,no_obvious_issue,candidate_for_training,No obvious target or crop problem in contact-sheet screening; label not independently authenticated.,full_contact_sheet_screen
900707,Lipstick,no_obvious_issue,candidate_for_training,No obvious target or crop problem in contact-sheet screening; label not independently authenticated.,full_contact_sheet_screen
900708,Lipstick,no_obvious_issue,candidate_for_training,No obvious target or crop problem in contact-sheet screening; label not independently authenticated.,full_contact_sheet_screen
900709,Lipstick,no_obvious_issue,candidate_for_training,No obvious target or crop problem in contact-sheet screening; label not independently authenticated.,full_contact_sheet_screen
900710,Lipstick,no_obvious_issue,candidate_for_training,No obvious target or crop problem in contact-sheet screening; label not independently authenticated.,full_contact_sheet_screen
900711,Lipstick,no_obvious_issue,candidate_for_training,No obvious target or crop problem in contact-sheet screening; label not independently authenticated.,full_contact_sheet_screen
900712,Lipstick,no_obvious_issue,candidate_for_training,No obvious target or crop problem in contact-sheet screening; label not independently authenticated.,full_contact_sheet_screen
900713,Lipstick,no_obvious_issue,candidate_for_training,No obvious target or crop problem in contact-sheet screening; label not independently authenticated.,full_contact_sheet_screen
900714,Lipstick,no_obvious_issue,candidate_for_training,No obvious target or crop problem in contact-sheet screening; label not independently authenticated.,full_contact_sheet_screen
900715,Lipstick,no_obvious_issue,candidate_for_training,No obvious target or crop problem in contact-sheet screening; label not independently authenticated.,full_contact_sheet_screen
900716,Lipstick,no_obvious_issue,candidate_for_training,No obvious target or crop problem in contact-sheet screening; label not independently authenticated.,full_contact_sheet_screen
900717,Lipstick,no_obvious_issue,candidate_for_training,No obvious target or crop problem in contact-sheet screening; label not independently authenticated.,full_contact_sheet_screen
900718,Lipstick,no_obvious_issue,candidate_for_training,No obvious target or crop problem in contact-sheet screening; label not independently authenticated.,full_contact_sheet_screen
900719,Lipstick,no_obvious_issue,candidate_for_training,No obvious target or crop problem in contact-sheet screening; label not independently authenticated.,full_contact_sheet_screen
900720,Lipstick,no_obvious_issue,candidate_for_training,No obvious target or crop problem in contact-sheet screening; label not independently authenticated.,full_contact_sheet_screen
900721,Lipstick,no_obvious_issue,candidate_for_training,No obvious target or crop problem in contact-sheet screening; label not independently authenticated.,full_contact_sheet_screen
900722,Lipstick,no_obvious_issue,candidate_for_training,No obvious target or crop problem in contact-sheet screening; label not independently authenticated.,full_contact_sheet_screen
900723,Lipstick,no_obvious_issue,candidate_for_training,No obvious target or crop problem in contact-sheet screening; label not independently authenticated.,full_contact_sheet_screen
900724,Lipstick,no_obvious_issue,candidate_for_training,No obvious target or crop problem in contact-sheet screening; label not independently authenticated.,full_contact_sheet_screen
900725,Lipstick,no_obvious_issue,candidate_for_training,No obvious target or crop problem in contact-sheet screening; label not independently authenticated.,full_contact_sheet_screen
900726,Lipstick,no_obvious_issue,candidate_for_training,No obvious target or crop problem in contact-sheet screening; label not independently authenticated.,full_contact_sheet_screen
900727,Lipstick,no_obvious_issue,candidate_for_training,No obvious target or crop problem in contact-sheet screening; label not independently authenticated.,full_contact_sheet_screen
900728,Lipstick,no_obvious_issue,candidate_for_training,No obvious target or crop problem in contact-sheet screening; label not independently authenticated.,full_contact_sheet_screen
900729,Lipstick,no_obvious_issue,candidate_for_training,No obvious target or crop problem in contact-sheet screening; label not independently authenticated.,full_contact_sheet_screen
900730,Lipstick,no_obvious_issue,candidate_for_training,No obvious target or crop problem in contact-sheet screening; label not independently authenticated.,full_contact_sheet_screen
900731,Lipstick,no_obvious_issue,candidate_for_training,No obvious target or crop problem in contact-sheet screening; label not independently authenticated.,full_contact_sheet_screen
900732,Lipstick,no_obvious_issue,candidate_for_training,No obvious target or crop problem in contact-sheet screening; label not independently authenticated.,full_contact_sheet_screen
900733,Lipstick,no_obvious_issue,candidate_for_training,No obvious target or crop problem in contact-sheet screening; label not independently authenticated.,full_contact_sheet_screen
900734,Lipstick,no_obvious_issue,candidate_for_training,No obvious target or crop problem in contact-sheet screening; label not independently authenticated.,full_contact_sheet_screen
900735,Lipstick,no_obvious_issue,candidate_for_training,No obvious target or crop problem in contact-sheet screening; label not independently authenticated.,full_contact_sheet_screen
900736,Lipstick,no_obvious_issue,candidate_for_training,No obvious target or crop problem in contact-sheet screening; label not independently authenticated.,full_contact_sheet_screen
900737,Lipstick,no_obvious_issue,candidate_for_training,No obvious target or crop problem in contact-sheet screening; label not independently authenticated.,full_contact_sheet_screen
900738,Lipstick,no_obvious_issue,candidate_for_training,No obvious target or crop problem in contact-sheet screening; label not independently authenticated.,full_contact_sheet_screen
900739,Lipstick,no_obvious_issue,candidate_for_training,No obvious target or crop problem in contact-sheet screening; label not independently authenticated.,full_contact_sheet_screen
900740,Lipstick,no_obvious_issue,candidate_for_training,No obvious target or crop problem in contact-sheet screening; label not independently authenticated.,full_contact_sheet_screen
900741,Lipstick,ambiguous_target,hold_for_review,Palette covers much of a pale lipstick case; the class-defining lipstick is obscured.,contact_sheet_and_source_plus_60x80_recheck
900742,Lipstick,no_obvious_issue,candidate_for_training,No obvious target or crop problem in contact-sheet screening; label not independently authenticated.,full_contact_sheet_screen
900743,Lipstick,no_obvious_issue,candidate_for_training,No obvious target or crop problem in contact-sheet screening; label not independently authenticated.,full_contact_sheet_screen
900744,Lipstick,no_obvious_issue,candidate_for_training,No obvious target or crop problem in contact-sheet screening; label not independently authenticated.,full_contact_sheet_screen
900745,Lipstick,no_obvious_issue,candidate_for_training,No obvious target or crop problem in contact-sheet screening; label not independently authenticated.,full_contact_sheet_screen
900746,Lipstick,no_obvious_issue,candidate_for_training,No obvious target or crop problem in contact-sheet screening; label not independently authenticated.,full_contact_sheet_screen
900747,Lipstick,no_obvious_issue,candidate_for_training,No obvious target or crop problem in contact-sheet screening; label not independently authenticated.,full_contact_sheet_screen
900748,Lipstick,no_obvious_issue,candidate_for_training,No obvious target or crop problem in contact-sheet screening; label not independently authenticated.,full_contact_sheet_screen
900749,Lipstick,no_obvious_issue,candidate_for_training,No obvious target or crop problem in contact-sheet screening; label not independently authenticated.,full_contact_sheet_screen
900750,Lipstick,no_obvious_issue,candidate_for_training,No obvious target or crop problem in contact-sheet screening; label not independently authenticated.,full_contact_sheet_screen
900751,Lipstick,ambiguous_target,hold_for_review,Overlapping lipstick and nail-polish bottle make the intended object ambiguous.,contact_sheet_and_source_plus_60x80_recheck
900752,Lipstick,no_obvious_issue,candidate_for_training,No obvious target or crop problem in contact-sheet screening; label not independently authenticated.,full_contact_sheet_screen
900753,Lipstick,no_obvious_issue,candidate_for_training,No obvious target or crop problem in contact-sheet screening; label not independently authenticated.,full_contact_sheet_screen
900754,Lipstick,no_obvious_issue,candidate_for_training,No obvious target or crop problem in contact-sheet screening; label not independently authenticated.,full_contact_sheet_screen
900755,Lipstick,no_obvious_issue,candidate_for_training,No obvious target or crop problem in contact-sheet screening; label not independently authenticated.,full_contact_sheet_screen
900756,Lipstick,no_obvious_issue,candidate_for_training,No obvious target or crop problem in contact-sheet screening; label not independently authenticated.,full_contact_sheet_screen
900757,Lipstick,no_obvious_issue,candidate_for_training,No obvious target or crop problem in contact-sheet screening; label not independently authenticated.,full_contact_sheet_screen
900758,Lipstick,no_obvious_issue,candidate_for_training,No obvious target or crop problem in contact-sheet screening; label not independently authenticated.,full_contact_sheet_screen
900759,Lipstick,no_obvious_issue,candidate_for_training,No obvious target or crop problem in contact-sheet screening; label not independently authenticated.,full_contact_sheet_screen
900760,Lipstick,no_obvious_issue,candidate_for_training,No obvious target or crop problem in contact-sheet screening; label not independently authenticated.,full_contact_sheet_screen
900761,Lipstick,no_obvious_issue,candidate_for_training,No obvious target or crop problem in contact-sheet screening; label not independently authenticated.,full_contact_sheet_screen
900762,Lipstick,no_obvious_issue,candidate_for_training,No obvious target or crop problem in contact-sheet screening; label not independently authenticated.,full_contact_sheet_screen
900763,Lipstick,no_obvious_issue,candidate_for_training,No obvious target or crop problem in contact-sheet screening; label not independently authenticated.,full_contact_sheet_screen
900764,Lipstick,no_obvious_issue,candidate_for_training,No obvious target or crop problem in contact-sheet screening; label not independently authenticated.,full_contact_sheet_screen
900765,Lipstick,no_obvious_issue,candidate_for_training,No obvious target or crop problem in contact-sheet screening; label not independently authenticated.,full_contact_sheet_screen
900766,Lipstick,no_obvious_issue,candidate_for_training,No obvious target or crop problem in contact-sheet screening; label not independently authenticated.,full_contact_sheet_screen
900767,Lipstick,no_obvious_issue,candidate_for_training,No obvious target or crop problem in contact-sheet screening; label not independently authenticated.,full_contact_sheet_screen
900768,Lipstick,no_obvious_issue,candidate_for_training,No obvious target or crop problem in contact-sheet screening; label not independently authenticated.,full_contact_sheet_screen
900769,Lipstick,ambiguous_target,hold_for_review,Large nail-polish cap dominates and obscures a partial pink lip product.,contact_sheet_and_source_plus_60x80_recheck
900770,Lipstick,no_obvious_issue,candidate_for_training,No obvious target or crop problem in contact-sheet screening; label not independently authenticated.,full_contact_sheet_screen
900771,Lipstick,no_obvious_issue,candidate_for_training,No obvious target or crop problem in contact-sheet screening; label not independently authenticated.,full_contact_sheet_screen
900772,Lipstick,no_obvious_issue,candidate_for_training,No obvious target or crop problem in contact-sheet screening; label not independently authenticated.,full_contact_sheet_screen
900773,Lipstick,no_obvious_issue,candidate_for_training,No obvious target or crop problem in contact-sheet screening; label not independently authenticated.,full_contact_sheet_screen
900774,Lipstick,no_obvious_issue,candidate_for_training,No obvious target or crop problem in contact-sheet screening; label not independently authenticated.,full_contact_sheet_screen
900775,Lipstick,no_obvious_issue,candidate_for_training,No obvious target or crop problem in contact-sheet screening; label not independently authenticated.,full_contact_sheet_screen
900776,Lipstick,no_obvious_issue,candidate_for_training,No obvious target or crop problem in contact-sheet screening; label not independently authenticated.,full_contact_sheet_screen
900777,Lipstick,no_obvious_issue,candidate_for_training,No obvious target or crop problem in contact-sheet screening; label not independently authenticated.,full_contact_sheet_screen
900778,Lipstick,no_obvious_issue,candidate_for_training,No obvious target or crop problem in contact-sheet screening; label not independently authenticated.,full_contact_sheet_screen
900779,Lipstick,no_obvious_issue,candidate_for_training,No obvious target or crop problem in contact-sheet screening; label not independently authenticated.,full_contact_sheet_screen
900780,Lipstick,no_obvious_issue,candidate_for_training,No obvious target or crop problem in contact-sheet screening; label not independently authenticated.,full_contact_sheet_screen
900781,Lipstick,no_obvious_issue,candidate_for_training,No obvious target or crop problem in contact-sheet screening; label not independently authenticated.,full_contact_sheet_screen
900782,Lipstick,no_obvious_issue,candidate_for_training,No obvious target or crop problem in contact-sheet screening; label not independently authenticated.,full_contact_sheet_screen
900783,Lipstick,no_obvious_issue,candidate_for_training,No obvious target or crop problem in contact-sheet screening; label not independently authenticated.,full_contact_sheet_screen
900784,Lipstick,no_obvious_issue,candidate_for_training,No obvious target or crop problem in contact-sheet screening; label not independently authenticated.,full_contact_sheet_screen
900785,Lipstick,no_obvious_issue,candidate_for_training,No obvious target or crop problem in contact-sheet screening; label not independently authenticated.,full_contact_sheet_screen
900786,Lipstick,no_obvious_issue,candidate_for_training,No obvious target or crop problem in contact-sheet screening; label not independently authenticated.,full_contact_sheet_screen
900787,Lipstick,no_obvious_issue,candidate_for_training,No obvious target or crop problem in contact-sheet screening; label not independently authenticated.,full_contact_sheet_screen
900788,Lipstick,no_obvious_issue,candidate_for_training,No obvious target or crop problem in contact-sheet screening; label not independently authenticated.,full_contact_sheet_screen
900789,Lipstick,no_obvious_issue,candidate_for_training,No obvious target or crop problem in contact-sheet screening; label not independently authenticated.,full_contact_sheet_screen
900790,Lipstick,no_obvious_issue,candidate_for_training,No obvious target or crop problem in contact-sheet screening; label not independently authenticated.,full_contact_sheet_screen
900791,Lipstick,no_obvious_issue,candidate_for_training,No obvious target or crop problem in contact-sheet screening; label not independently authenticated.,full_contact_sheet_screen
900792,Lipstick,no_obvious_issue,candidate_for_training,No obvious target or crop problem in contact-sheet screening; label not independently authenticated.,full_contact_sheet_screen
900793,Lipstick,no_obvious_issue,candidate_for_training,No obvious target or crop problem in contact-sheet screening; label not independently authenticated.,full_contact_sheet_screen
900794,Lipstick,no_obvious_issue,candidate_for_training,No obvious target or crop problem in contact-sheet screening; label not independently authenticated.,full_contact_sheet_screen
900795,Lipstick,ambiguous_target,hold_for_review,Green nail-polish bottle obscures much of the lipstick and its packaging.,contact_sheet_and_source_plus_60x80_recheck
900796,Lipstick,no_obvious_issue,candidate_for_training,No obvious target or crop problem in contact-sheet screening; label not independently authenticated.,full_contact_sheet_screen
900797,Lipstick,no_obvious_issue,candidate_for_training,No obvious target or crop problem in contact-sheet screening; label not independently authenticated.,full_contact_sheet_screen
900798,Lipstick,no_obvious_issue,candidate_for_training,No obvious target or crop problem in contact-sheet screening; label not independently authenticated.,full_contact_sheet_screen
900799,Lipstick,no_obvious_issue,candidate_for_training,No obvious target or crop problem in contact-sheet screening; label not independently authenticated.,full_contact_sheet_screen
900800,Nail Polish,no_obvious_issue,candidate_for_training,No obvious target or crop problem in contact-sheet screening; label not independently authenticated.,full_contact_sheet_screen
900801,Nail Polish,no_obvious_issue,candidate_for_training,No obvious target or crop problem in contact-sheet screening; label not independently authenticated.,full_contact_sheet_screen
900802,Nail Polish,wrong_target_visible,hold_for_review,Crop shows a multicolour eyeshadow palette; no clearly identifiable nail-polish bottle.,contact_sheet_and_source_plus_60x80_recheck
900803,Nail Polish,no_obvious_issue,candidate_for_training,No obvious target or crop problem in contact-sheet screening; label not independently authenticated.,full_contact_sheet_screen
900804,Nail Polish,no_obvious_issue,candidate_for_training,No obvious target or crop problem in contact-sheet screening; label not independently authenticated.,full_contact_sheet_screen
900805,Nail Polish,no_obvious_issue,candidate_for_training,No obvious target or crop problem in contact-sheet screening; label not independently authenticated.,full_contact_sheet_screen
900806,Nail Polish,no_obvious_issue,candidate_for_training,No obvious target or crop problem in contact-sheet screening; label not independently authenticated.,full_contact_sheet_screen
900807,Nail Polish,no_obvious_issue,candidate_for_training,No obvious target or crop problem in contact-sheet screening; label not independently authenticated.,full_contact_sheet_screen
900808,Nail Polish,no_obvious_issue,candidate_for_training,No obvious target or crop problem in contact-sheet screening; label not independently authenticated.,full_contact_sheet_screen
900809,Nail Polish,no_obvious_issue,candidate_for_training,No obvious target or crop problem in contact-sheet screening; label not independently authenticated.,full_contact_sheet_screen
900810,Nail Polish,no_obvious_issue,candidate_for_training,No obvious target or crop problem in contact-sheet screening; label not independently authenticated.,full_contact_sheet_screen
900811,Nail Polish,no_obvious_issue,candidate_for_training,No obvious target or crop problem in contact-sheet screening; label not independently authenticated.,full_contact_sheet_screen
900812,Nail Polish,no_obvious_issue,candidate_for_training,No obvious target or crop problem in contact-sheet screening; label not independently authenticated.,full_contact_sheet_screen
900813,Nail Polish,no_obvious_issue,candidate_for_training,No obvious target or crop problem in contact-sheet screening; label not independently authenticated.,full_contact_sheet_screen
900814,Nail Polish,no_obvious_issue,candidate_for_training,No obvious target or crop problem in contact-sheet screening; label not independently authenticated.,full_contact_sheet_screen
900815,Nail Polish,no_obvious_issue,candidate_for_training,No obvious target or crop problem in contact-sheet screening; label not independently authenticated.,full_contact_sheet_screen
900816,Nail Polish,no_obvious_issue,candidate_for_training,No obvious target or crop problem in contact-sheet screening; label not independently authenticated.,full_contact_sheet_screen
900817,Nail Polish,no_obvious_issue,candidate_for_training,No obvious target or crop problem in contact-sheet screening; label not independently authenticated.,full_contact_sheet_screen
900818,Nail Polish,ambiguous_target,hold_for_review,Palette blocks much of the peach nail-polish bottle.,contact_sheet_and_source_plus_60x80_recheck
900819,Nail Polish,no_obvious_issue,candidate_for_training,No obvious target or crop problem in contact-sheet screening; label not independently authenticated.,full_contact_sheet_screen
900820,Nail Polish,no_obvious_issue,candidate_for_training,No obvious target or crop problem in contact-sheet screening; label not independently authenticated.,full_contact_sheet_screen
900821,Nail Polish,no_obvious_issue,candidate_for_training,No obvious target or crop problem in contact-sheet screening; label not independently authenticated.,full_contact_sheet_screen
900822,Nail Polish,no_obvious_issue,candidate_for_training,No obvious target or crop problem in contact-sheet screening; label not independently authenticated.,full_contact_sheet_screen
900823,Nail Polish,no_obvious_issue,candidate_for_training,No obvious target or crop problem in contact-sheet screening; label not independently authenticated.,full_contact_sheet_screen
900824,Nail Polish,no_obvious_issue,candidate_for_training,No obvious target or crop problem in contact-sheet screening; label not independently authenticated.,full_contact_sheet_screen
900825,Nail Polish,no_obvious_issue,candidate_for_training,No obvious target or crop problem in contact-sheet screening; label not independently authenticated.,full_contact_sheet_screen
900826,Nail Polish,no_obvious_issue,candidate_for_training,No obvious target or crop problem in contact-sheet screening; label not independently authenticated.,full_contact_sheet_screen
900827,Nail Polish,no_obvious_issue,candidate_for_training,No obvious target or crop problem in contact-sheet screening; label not independently authenticated.,full_contact_sheet_screen
900828,Nail Polish,no_obvious_issue,candidate_for_training,No obvious target or crop problem in contact-sheet screening; label not independently authenticated.,full_contact_sheet_screen
900829,Nail Polish,no_obvious_issue,candidate_for_training,No obvious target or crop problem in contact-sheet screening; label not independently authenticated.,full_contact_sheet_screen
900830,Nail Polish,no_obvious_issue,candidate_for_training,No obvious target or crop problem in contact-sheet screening; label not independently authenticated.,full_contact_sheet_screen
900831,Nail Polish,no_obvious_issue,candidate_for_training,No obvious target or crop problem in contact-sheet screening; label not independently authenticated.,full_contact_sheet_screen
900832,Nail Polish,no_obvious_issue,candidate_for_training,No obvious target or crop problem in contact-sheet screening; label not independently authenticated.,full_contact_sheet_screen
900833,Nail Polish,no_obvious_issue,candidate_for_training,No obvious target or crop problem in contact-sheet screening; label not independently authenticated.,full_contact_sheet_screen
900834,Nail Polish,no_obvious_issue,candidate_for_training,No obvious target or crop problem in contact-sheet screening; label not independently authenticated.,full_contact_sheet_screen
900835,Nail Polish,no_obvious_issue,candidate_for_training,No obvious target or crop problem in contact-sheet screening; label not independently authenticated.,full_contact_sheet_screen
900836,Nail Polish,no_obvious_issue,candidate_for_training,No obvious target or crop problem in contact-sheet screening; label not independently authenticated.,full_contact_sheet_screen
900837,Nail Polish,no_obvious_issue,candidate_for_training,No obvious target or crop problem in contact-sheet screening; label not independently authenticated.,full_contact_sheet_screen
900838,Nail Polish,no_obvious_issue,candidate_for_training,No obvious target or crop problem in contact-sheet screening; label not independently authenticated.,full_contact_sheet_screen
900839,Nail Polish,no_obvious_issue,candidate_for_training,No obvious target or crop problem in contact-sheet screening; label not independently authenticated.,full_contact_sheet_screen
900840,Nail Polish,no_obvious_issue,candidate_for_training,No obvious target or crop problem in contact-sheet screening; label not independently authenticated.,full_contact_sheet_screen
900841,Nail Polish,no_obvious_issue,candidate_for_training,No obvious target or crop problem in contact-sheet screening; label not independently authenticated.,full_contact_sheet_screen
900842,Nail Polish,no_obvious_issue,candidate_for_training,No obvious target or crop problem in contact-sheet screening; label not independently authenticated.,full_contact_sheet_screen
900843,Nail Polish,no_obvious_issue,candidate_for_training,No obvious target or crop problem in contact-sheet screening; label not independently authenticated.,full_contact_sheet_screen
900844,Nail Polish,no_obvious_issue,candidate_for_training,No obvious target or crop problem in contact-sheet screening; label not independently authenticated.,full_contact_sheet_screen
900845,Nail Polish,no_obvious_issue,candidate_for_training,No obvious target or crop problem in contact-sheet screening; label not independently authenticated.,full_contact_sheet_screen
900846,Nail Polish,no_obvious_issue,candidate_for_training,No obvious target or crop problem in contact-sheet screening; label not independently authenticated.,full_contact_sheet_screen
900847,Nail Polish,no_obvious_issue,candidate_for_training,No obvious target or crop problem in contact-sheet screening; label not independently authenticated.,full_contact_sheet_screen
900848,Nail Polish,no_obvious_issue,candidate_for_training,No obvious target or crop problem in contact-sheet screening; label not independently authenticated.,full_contact_sheet_screen
900849,Nail Polish,no_obvious_issue,candidate_for_training,No obvious target or crop problem in contact-sheet screening; label not independently authenticated.,full_contact_sheet_screen
900850,Nail Polish,no_obvious_issue,candidate_for_training,No obvious target or crop problem in contact-sheet screening; label not independently authenticated.,full_contact_sheet_screen
900851,Nail Polish,no_obvious_issue,candidate_for_training,No obvious target or crop problem in contact-sheet screening; label not independently authenticated.,full_contact_sheet_screen
900852,Nail Polish,no_obvious_issue,candidate_for_training,No obvious target or crop problem in contact-sheet screening; label not independently authenticated.,full_contact_sheet_screen
900853,Nail Polish,no_obvious_issue,candidate_for_training,No obvious target or crop problem in contact-sheet screening; label not independently authenticated.,full_contact_sheet_screen
900854,Nail Polish,no_obvious_issue,candidate_for_training,No obvious target or crop problem in contact-sheet screening; label not independently authenticated.,full_contact_sheet_screen
900855,Nail Polish,no_obvious_issue,candidate_for_training,No obvious target or crop problem in contact-sheet screening; label not independently authenticated.,full_contact_sheet_screen
900856,Nail Polish,no_obvious_issue,candidate_for_training,No obvious target or crop problem in contact-sheet screening; label not independently authenticated.,full_contact_sheet_screen
900857,Nail Polish,no_obvious_issue,candidate_for_training,No obvious target or crop problem in contact-sheet screening; label not independently authenticated.,full_contact_sheet_screen
900858,Nail Polish,no_obvious_issue,candidate_for_training,No obvious target or crop problem in contact-sheet screening; label not independently authenticated.,full_contact_sheet_screen
900859,Nail Polish,no_obvious_issue,candidate_for_training,No obvious target or crop problem in contact-sheet screening; label not independently authenticated.,full_contact_sheet_screen
900860,Nail Polish,no_obvious_issue,candidate_for_training,No obvious target or crop problem in contact-sheet screening; label not independently authenticated.,full_contact_sheet_screen
900861,Nail Polish,no_obvious_issue,candidate_for_training,No obvious target or crop problem in contact-sheet screening; label not independently authenticated.,full_contact_sheet_screen
900862,Nail Polish,no_obvious_issue,candidate_for_training,No obvious target or crop problem in contact-sheet screening; label not independently authenticated.,full_contact_sheet_screen
900863,Nail Polish,no_obvious_issue,candidate_for_training,No obvious target or crop problem in contact-sheet screening; label not independently authenticated.,full_contact_sheet_screen
900864,Nail Polish,no_obvious_issue,candidate_for_training,No obvious target or crop problem in contact-sheet screening; label not independently authenticated.,full_contact_sheet_screen
900865,Nail Polish,no_obvious_issue,candidate_for_training,No obvious target or crop problem in contact-sheet screening; label not independently authenticated.,full_contact_sheet_screen
900866,Nail Polish,no_obvious_issue,candidate_for_training,No obvious target or crop problem in contact-sheet screening; label not independently authenticated.,full_contact_sheet_screen
900867,Nail Polish,no_obvious_issue,candidate_for_training,No obvious target or crop problem in contact-sheet screening; label not independently authenticated.,full_contact_sheet_screen
900868,Nail Polish,ambiguous_target,hold_for_review,Narrow overlapping-product fragment; nail-polish bottle body and identity are difficult to establish.,contact_sheet_and_source_plus_60x80_recheck
900869,Nail Polish,no_obvious_issue,candidate_for_training,No obvious target or crop problem in contact-sheet screening; label not independently authenticated.,full_contact_sheet_screen
900870,Nail Polish,no_obvious_issue,candidate_for_training,No obvious target or crop problem in contact-sheet screening; label not independently authenticated.,full_contact_sheet_screen
900871,Nail Polish,no_obvious_issue,candidate_for_training,No obvious target or crop problem in contact-sheet screening; label not independently authenticated.,full_contact_sheet_screen
900872,Nail Polish,no_obvious_issue,candidate_for_training,No obvious target or crop problem in contact-sheet screening; label not independently authenticated.,full_contact_sheet_screen
900873,Nail Polish,no_obvious_issue,candidate_for_training,No obvious target or crop problem in contact-sheet screening; label not independently authenticated.,full_contact_sheet_screen
900874,Nail Polish,no_obvious_issue,candidate_for_training,No obvious target or crop problem in contact-sheet screening; label not independently authenticated.,full_contact_sheet_screen
900875,Nail Polish,no_obvious_issue,candidate_for_training,No obvious target or crop problem in contact-sheet screening; label not independently authenticated.,full_contact_sheet_screen
900876,Nail Polish,no_obvious_issue,candidate_for_training,No obvious target or crop problem in contact-sheet screening; label not independently authenticated.,full_contact_sheet_screen
900877,Nail Polish,no_obvious_issue,candidate_for_training,No obvious target or crop problem in contact-sheet screening; label not independently authenticated.,full_contact_sheet_screen
900878,Nail Polish,no_obvious_issue,candidate_for_training,No obvious target or crop problem in contact-sheet screening; label not independently authenticated.,full_contact_sheet_screen
900879,Nail Polish,no_obvious_issue,candidate_for_training,No obvious target or crop problem in contact-sheet screening; label not independently authenticated.,full_contact_sheet_screen
900880,Nail Polish,no_obvious_issue,candidate_for_training,No obvious target or crop problem in contact-sheet screening; label not independently authenticated.,full_contact_sheet_screen
900881,Nail Polish,no_obvious_issue,candidate_for_training,No obvious target or crop problem in contact-sheet screening; label not independently authenticated.,full_contact_sheet_screen
900882,Nail Polish,no_obvious_issue,candidate_for_training,No obvious target or crop problem in contact-sheet screening; label not independently authenticated.,full_contact_sheet_screen
900883,Nail Polish,wrong_target_visible,hold_for_review,Eyeshadow palette dominates; no clearly identifiable nail-polish bottle.,contact_sheet_and_source_plus_60x80_recheck
900884,Nail Polish,no_obvious_issue,candidate_for_training,No obvious target or crop problem in contact-sheet screening; label not independently authenticated.,full_contact_sheet_screen
900885,Nail Polish,no_obvious_issue,candidate_for_training,No obvious target or crop problem in contact-sheet screening; label not independently authenticated.,full_contact_sheet_screen
900886,Nail Polish,ambiguous_target,hold_for_review,Large lipstick occludes the nail-polish bottle behind it.,contact_sheet_and_source_plus_60x80_recheck
900887,Nail Polish,no_obvious_issue,candidate_for_training,No obvious target or crop problem in contact-sheet screening; label not independently authenticated.,full_contact_sheet_screen
900888,Nail Polish,no_obvious_issue,candidate_for_training,No obvious target or crop problem in contact-sheet screening; label not independently authenticated.,full_contact_sheet_screen
900889,Nail Polish,no_obvious_issue,candidate_for_training,No obvious target or crop problem in contact-sheet screening; label not independently authenticated.,full_contact_sheet_screen
900890,Nail Polish,no_obvious_issue,candidate_for_training,No obvious target or crop problem in contact-sheet screening; label not independently authenticated.,full_contact_sheet_screen
900891,Nail Polish,no_obvious_issue,candidate_for_training,No obvious target or crop problem in contact-sheet screening; label not independently authenticated.,full_contact_sheet_screen
900892,Nail Polish,no_obvious_issue,candidate_for_training,No obvious target or crop problem in contact-sheet screening; label not independently authenticated.,full_contact_sheet_screen
900893,Nail Polish,no_obvious_issue,candidate_for_training,No obvious target or crop problem in contact-sheet screening; label not independently authenticated.,full_contact_sheet_screen
900894,Nail Polish,no_obvious_issue,candidate_for_training,No obvious target or crop problem in contact-sheet screening; label not independently authenticated.,full_contact_sheet_screen
900895,Nail Polish,no_obvious_issue,candidate_for_training,No obvious target or crop problem in contact-sheet screening; label not independently authenticated.,full_contact_sheet_screen
900896,Nail Polish,no_obvious_issue,candidate_for_training,No obvious target or crop problem in contact-sheet screening; label not independently authenticated.,full_contact_sheet_screen
900897,Nail Polish,no_obvious_issue,candidate_for_training,No obvious target or crop problem in contact-sheet screening; label not independently authenticated.,full_contact_sheet_screen
900898,Nail Polish,no_obvious_issue,candidate_for_training,No obvious target or crop problem in contact-sheet screening; label not independently authenticated.,full_contact_sheet_screen
900899,Nail Polish,no_obvious_issue,candidate_for_training,No obvious target or crop problem in contact-sheet screening; label not independently authenticated.,full_contact_sheet_screen
900900,Nail Polish,no_obvious_issue,candidate_for_training,No obvious target or crop problem in contact-sheet screening; label not independently authenticated.,full_contact_sheet_screen
900901,Nail Polish,no_obvious_issue,candidate_for_training,No obvious target or crop problem in contact-sheet screening; label not independently authenticated.,full_contact_sheet_screen
900902,Nail Polish,no_obvious_issue,candidate_for_training,No obvious target or crop problem in contact-sheet screening; label not independently authenticated.,full_contact_sheet_screen
900903,Nail Polish,no_obvious_issue,candidate_for_training,No obvious target or crop problem in contact-sheet screening; label not independently authenticated.,full_contact_sheet_screen
900904,Nail Polish,no_obvious_issue,candidate_for_training,No obvious target or crop problem in contact-sheet screening; label not independently authenticated.,full_contact_sheet_screen
900905,Nail Polish,no_obvious_issue,candidate_for_training,No obvious target or crop problem in contact-sheet screening; label not independently authenticated.,full_contact_sheet_screen
900906,Nail Polish,no_obvious_issue,candidate_for_training,No obvious target or crop problem in contact-sheet screening; label not independently authenticated.,full_contact_sheet_screen
900907,Nail Polish,no_obvious_issue,candidate_for_training,No obvious target or crop problem in contact-sheet screening; label not independently authenticated.,full_contact_sheet_screen
900908,Nail Polish,no_obvious_issue,candidate_for_training,No obvious target or crop problem in contact-sheet screening; label not independently authenticated.,full_contact_sheet_screen
900909,Nail Polish,no_obvious_issue,candidate_for_training,No obvious target or crop problem in contact-sheet screening; label not independently authenticated.,full_contact_sheet_screen
900910,Nail Polish,no_obvious_issue,candidate_for_training,No obvious target or crop problem in contact-sheet screening; label not independently authenticated.,full_contact_sheet_screen
900911,Nail Polish,no_obvious_issue,candidate_for_training,No obvious target or crop problem in contact-sheet screening; label not independently authenticated.,full_contact_sheet_screen
900912,Nail Polish,no_obvious_issue,candidate_for_training,No obvious target or crop problem in contact-sheet screening; label not independently authenticated.,full_contact_sheet_screen
900913,Nail Polish,no_obvious_issue,candidate_for_training,No obvious target or crop problem in contact-sheet screening; label not independently authenticated.,full_contact_sheet_screen
900914,Nail Polish,no_obvious_issue,candidate_for_training,No obvious target or crop problem in contact-sheet screening; label not independently authenticated.,full_contact_sheet_screen
900915,Nail Polish,no_obvious_issue,candidate_for_training,No obvious target or crop problem in contact-sheet screening; label not independently authenticated.,full_contact_sheet_screen
900916,Nail Polish,no_obvious_issue,candidate_for_training,No obvious target or crop problem in contact-sheet screening; label not independently authenticated.,full_contact_sheet_screen
900917,Nail Polish,no_obvious_issue,candidate_for_training,No obvious target or crop problem in contact-sheet screening; label not independently authenticated.,full_contact_sheet_screen
900918,Nail Polish,no_obvious_issue,candidate_for_training,No obvious target or crop problem in contact-sheet screening; label not independently authenticated.,full_contact_sheet_screen
900919,Nail Polish,no_obvious_issue,candidate_for_training,No obvious target or crop problem in contact-sheet screening; label not independently authenticated.,full_contact_sheet_screen
900920,Nail Polish,no_obvious_issue,candidate_for_training,No obvious target or crop problem in contact-sheet screening; label not independently authenticated.,full_contact_sheet_screen
900921,Nail Polish,no_obvious_issue,candidate_for_training,No obvious target or crop problem in contact-sheet screening; label not independently authenticated.,full_contact_sheet_screen
900922,Nail Polish,no_obvious_issue,candidate_for_training,No obvious target or crop problem in contact-sheet screening; label not independently authenticated.,full_contact_sheet_screen
900923,Nail Polish,no_obvious_issue,candidate_for_training,No obvious target or crop problem in contact-sheet screening; label not independently authenticated.,full_contact_sheet_screen
900924,Nail Polish,no_obvious_issue,candidate_for_training,No obvious target or crop problem in contact-sheet screening; label not independently authenticated.,full_contact_sheet_screen
900925,Nail Polish,ambiguous_target,hold_for_review,Eyeshadow case obscures much of the brown nail-polish bottle.,contact_sheet_and_source_plus_60x80_recheck
900926,Nail Polish,no_obvious_issue,candidate_for_training,No obvious target or crop problem in contact-sheet screening; label not independently authenticated.,full_contact_sheet_screen
900927,Nail Polish,no_obvious_issue,candidate_for_training,No obvious target or crop problem in contact-sheet screening; label not independently authenticated.,full_contact_sheet_screen
900928,Nail Polish,no_obvious_issue,candidate_for_training,No obvious target or crop problem in contact-sheet screening; label not independently authenticated.,full_contact_sheet_screen
900929,Nail Polish,no_obvious_issue,candidate_for_training,No obvious target or crop problem in contact-sheet screening; label not independently authenticated.,full_contact_sheet_screen
900930,Nail Polish,no_obvious_issue,candidate_for_training,No obvious target or crop problem in contact-sheet screening; label not independently authenticated.,full_contact_sheet_screen
900931,Nail Polish,no_obvious_issue,candidate_for_training,No obvious target or crop problem in contact-sheet screening; label not independently authenticated.,full_contact_sheet_screen
900932,Nail Polish,no_obvious_issue,candidate_for_training,No obvious target or crop problem in contact-sheet screening; label not independently authenticated.,full_contact_sheet_screen
900933,Nail Polish,no_obvious_issue,candidate_for_training,No obvious target or crop problem in contact-sheet screening; label not independently authenticated.,full_contact_sheet_screen
900934,Nail Polish,no_obvious_issue,candidate_for_training,No obvious target or crop problem in contact-sheet screening; label not independently authenticated.,full_contact_sheet_screen
900935,Nail Polish,no_obvious_issue,candidate_for_training,No obvious target or crop problem in contact-sheet screening; label not independently authenticated.,full_contact_sheet_screen
900936,Nail Polish,no_obvious_issue,candidate_for_training,No obvious target or crop problem in contact-sheet screening; label not independently authenticated.,full_contact_sheet_screen
900937,Nail Polish,no_obvious_issue,candidate_for_training,No obvious target or crop problem in contact-sheet screening; label not independently authenticated.,full_contact_sheet_screen
900938,Nail Polish,no_obvious_issue,candidate_for_training,No obvious target or crop problem in contact-sheet screening; label not independently authenticated.,full_contact_sheet_screen
900939,Nail Polish,no_obvious_issue,candidate_for_training,No obvious target or crop problem in contact-sheet screening; label not independently authenticated.,full_contact_sheet_screen
900940,Nail Polish,no_obvious_issue,candidate_for_training,No obvious target or crop problem in contact-sheet screening; label not independently authenticated.,full_contact_sheet_screen
900941,Nail Polish,no_obvious_issue,candidate_for_training,No obvious target or crop problem in contact-sheet screening; label not independently authenticated.,full_contact_sheet_screen
900942,Nail Polish,no_obvious_issue,candidate_for_training,No obvious target or crop problem in contact-sheet screening; label not independently authenticated.,full_contact_sheet_screen
900943,Nail Polish,no_obvious_issue,candidate_for_training,No obvious target or crop problem in contact-sheet screening; label not independently authenticated.,full_contact_sheet_screen
900944,Nail Polish,no_obvious_issue,candidate_for_training,No obvious target or crop problem in contact-sheet screening; label not independently authenticated.,full_contact_sheet_screen
900945,Nail Polish,no_obvious_issue,candidate_for_training,No obvious target or crop problem in contact-sheet screening; label not independently authenticated.,full_contact_sheet_screen
900946,Nail Polish,ambiguous_target,hold_for_review,Eyeshadow palette covers most of the nail-polish bottle; partial body and cap remain.,contact_sheet_and_source_plus_60x80_recheck
900947,Nail Polish,no_obvious_issue,candidate_for_training,No obvious target or crop problem in contact-sheet screening; label not independently authenticated.,full_contact_sheet_screen
900948,Nail Polish,no_obvious_issue,candidate_for_training,No obvious target or crop problem in contact-sheet screening; label not independently authenticated.,full_contact_sheet_screen
900949,Nail Polish,no_obvious_issue,candidate_for_training,No obvious target or crop problem in contact-sheet screening; label not independently authenticated.,full_contact_sheet_screen
900950,Nail Polish,no_obvious_issue,candidate_for_training,No obvious target or crop problem in contact-sheet screening; label not independently authenticated.,full_contact_sheet_screen
900951,Nail Polish,no_obvious_issue,candidate_for_training,No obvious target or crop problem in contact-sheet screening; label not independently authenticated.,full_contact_sheet_screen
900952,Nail Polish,no_obvious_issue,candidate_for_training,No obvious target or crop problem in contact-sheet screening; label not independently authenticated.,full_contact_sheet_screen
900953,Nail Polish,no_obvious_issue,candidate_for_training,No obvious target or crop problem in contact-sheet screening; label not independently authenticated.,full_contact_sheet_screen
900954,Nail Polish,no_obvious_issue,candidate_for_training,No obvious target or crop problem in contact-sheet screening; label not independently authenticated.,full_contact_sheet_screen
900955,Nail Polish,no_obvious_issue,candidate_for_training,No obvious target or crop problem in contact-sheet screening; label not independently authenticated.,full_contact_sheet_screen
900956,Nail Polish,no_obvious_issue,candidate_for_training,No obvious target or crop problem in contact-sheet screening; label not independently authenticated.,full_contact_sheet_screen
900957,Nail Polish,no_obvious_issue,candidate_for_training,No obvious target or crop problem in contact-sheet screening; label not independently authenticated.,full_contact_sheet_screen
900958,Nail Polish,ambiguous_target,hold_for_review,Eyeshadow palette covers most of the nail-polish bottle.,contact_sheet_and_source_plus_60x80_recheck
900959,Nail Polish,no_obvious_issue,candidate_for_training,No obvious target or crop problem in contact-sheet screening; label not independently authenticated.,full_contact_sheet_screen
900960,Nail Polish,no_obvious_issue,candidate_for_training,No obvious target or crop problem in contact-sheet screening; label not independently authenticated.,full_contact_sheet_screen
900961,Nail Polish,no_obvious_issue,candidate_for_training,No obvious target or crop problem in contact-sheet screening; label not independently authenticated.,full_contact_sheet_screen
900962,Nail Polish,no_obvious_issue,candidate_for_training,No obvious target or crop problem in contact-sheet screening; label not independently authenticated.,full_contact_sheet_screen
900963,Nail Polish,no_obvious_issue,candidate_for_training,No obvious target or crop problem in contact-sheet screening; label not independently authenticated.,full_contact_sheet_screen
900964,Nail Polish,no_obvious_issue,candidate_for_training,No obvious target or crop problem in contact-sheet screening; label not independently authenticated.,full_contact_sheet_screen
900965,Nail Polish,no_obvious_issue,candidate_for_training,No obvious target or crop problem in contact-sheet screening; label not independently authenticated.,full_contact_sheet_screen
900966,Nail Polish,no_obvious_issue,candidate_for_training,No obvious target or crop problem in contact-sheet screening; label not independently authenticated.,full_contact_sheet_screen
900967,Nail Polish,no_obvious_issue,candidate_for_training,No obvious target or crop problem in contact-sheet screening; label not independently authenticated.,full_contact_sheet_screen
900968,Nail Polish,wrong_target_visible,hold_for_review,Tiny blurred crop shows an eyeshadow-case fragment; no recognizable nail-polish bottle.,contact_sheet_and_source_plus_60x80_recheck
900969,Nail Polish,no_obvious_issue,candidate_for_training,No obvious target or crop problem in contact-sheet screening; label not independently authenticated.,full_contact_sheet_screen
900970,Nail Polish,no_obvious_issue,candidate_for_training,No obvious target or crop problem in contact-sheet screening; label not independently authenticated.,full_contact_sheet_screen
900971,Nail Polish,no_obvious_issue,candidate_for_training,No obvious target or crop problem in contact-sheet screening; label not independently authenticated.,full_contact_sheet_screen
900972,Nail Polish,no_obvious_issue,candidate_for_training,No obvious target or crop problem in contact-sheet screening; label not independently authenticated.,full_contact_sheet_screen
900973,Nail Polish,ambiguous_target,hold_for_review,Palette obscures the nail-polish bottle; mostly a dark cap remains visible.,contact_sheet_and_source_plus_60x80_recheck
900974,Nail Polish,no_obvious_issue,candidate_for_training,No obvious target or crop problem in contact-sheet screening; label not independently authenticated.,full_contact_sheet_screen
900975,Nail Polish,no_obvious_issue,candidate_for_training,No obvious target or crop problem in contact-sheet screening; label not independently authenticated.,full_contact_sheet_screen
900976,Nail Polish,no_obvious_issue,candidate_for_training,No obvious target or crop problem in contact-sheet screening; label not independently authenticated.,full_contact_sheet_screen
900977,Nail Polish,no_obvious_issue,candidate_for_training,No obvious target or crop problem in contact-sheet screening; label not independently authenticated.,full_contact_sheet_screen
900978,Nail Polish,no_obvious_issue,candidate_for_training,No obvious target or crop problem in contact-sheet screening; label not independently authenticated.,full_contact_sheet_screen
900979,Nail Polish,no_obvious_issue,candidate_for_training,No obvious target or crop problem in contact-sheet screening; label not independently authenticated.,full_contact_sheet_screen
900980,Nail Polish,no_obvious_issue,candidate_for_training,No obvious target or crop problem in contact-sheet screening; label not independently authenticated.,full_contact_sheet_screen
900981,Nail Polish,no_obvious_issue,candidate_for_training,No obvious target or crop problem in contact-sheet screening; label not independently authenticated.,full_contact_sheet_screen
900982,Nail Polish,no_obvious_issue,candidate_for_training,No obvious target or crop problem in contact-sheet screening; label not independently authenticated.,full_contact_sheet_screen
900983,Nail Polish,no_obvious_issue,candidate_for_training,No obvious target or crop problem in contact-sheet screening; label not independently authenticated.,full_contact_sheet_screen
900984,Nail Polish,no_obvious_issue,candidate_for_training,No obvious target or crop problem in contact-sheet screening; label not independently authenticated.,full_contact_sheet_screen
900985,Nail Polish,no_obvious_issue,candidate_for_training,No obvious target or crop problem in contact-sheet screening; label not independently authenticated.,full_contact_sheet_screen
900986,Nail Polish,no_obvious_issue,candidate_for_training,No obvious target or crop problem in contact-sheet screening; label not independently authenticated.,full_contact_sheet_screen
900987,Nail Polish,ambiguous_target,hold_for_review,Makeup brush dominates and obscures much of the nail-polish bottle.,contact_sheet_and_source_plus_60x80_recheck
900988,Nail Polish,no_obvious_issue,candidate_for_training,No obvious target or crop problem in contact-sheet screening; label not independently authenticated.,full_contact_sheet_screen
900989,Nail Polish,no_obvious_issue,candidate_for_training,No obvious target or crop problem in contact-sheet screening; label not independently authenticated.,full_contact_sheet_screen
900990,Nail Polish,no_obvious_issue,candidate_for_training,No obvious target or crop problem in contact-sheet screening; label not independently authenticated.,full_contact_sheet_screen
900991,Nail Polish,no_obvious_issue,candidate_for_training,No obvious target or crop problem in contact-sheet screening; label not independently authenticated.,full_contact_sheet_screen
900992,Nail Polish,no_obvious_issue,candidate_for_training,No obvious target or crop problem in contact-sheet screening; label not independently authenticated.,full_contact_sheet_screen
900993,Nail Polish,no_obvious_issue,candidate_for_training,No obvious target or crop problem in contact-sheet screening; label not independently authenticated.,full_contact_sheet_screen
900994,Nail Polish,no_obvious_issue,candidate_for_training,No obvious target or crop problem in contact-sheet screening; label not independently authenticated.,full_contact_sheet_screen
900995,Nail Polish,no_obvious_issue,candidate_for_training,No obvious target or crop problem in contact-sheet screening; label not independently authenticated.,full_contact_sheet_screen
900996,Nail Polish,no_obvious_issue,candidate_for_training,No obvious target or crop problem in contact-sheet screening; label not independently authenticated.,full_contact_sheet_screen
900997,Nail Polish,no_obvious_issue,candidate_for_training,No obvious target or crop problem in contact-sheet screening; label not independently authenticated.,full_contact_sheet_screen
900998,Nail Polish,no_obvious_issue,candidate_for_training,No obvious target or crop problem in contact-sheet screening; label not independently authenticated.,full_contact_sheet_screen
900999,Nail Polish,no_obvious_issue,candidate_for_training,No obvious target or crop problem in contact-sheet screening; label not independently authenticated.,full_contact_sheet_screen
901000,Nail Polish,no_obvious_issue,candidate_for_training,No obvious target or crop problem in contact-sheet screening; label not independently authenticated.,full_contact_sheet_screen
901001,Nail Polish,no_obvious_issue,candidate_for_training,No obvious target or crop problem in contact-sheet screening; label not independently authenticated.,full_contact_sheet_screen
901002,Nail Polish,no_obvious_issue,candidate_for_training,No obvious target or crop problem in contact-sheet screening; label not independently authenticated.,full_contact_sheet_screen
901003,Nail Polish,no_obvious_issue,candidate_for_training,No obvious target or crop problem in contact-sheet screening; label not independently authenticated.,full_contact_sheet_screen
901004,Nail Polish,wrong_target_visible,hold_for_review,Crop shows an eyeshadow palette; no clearly identifiable nail-polish bottle.,contact_sheet_and_source_plus_60x80_recheck
901005,Nail Polish,no_obvious_issue,candidate_for_training,No obvious target or crop problem in contact-sheet screening; label not independently authenticated.,full_contact_sheet_screen
901006,Nail Polish,no_obvious_issue,candidate_for_training,No obvious target or crop problem in contact-sheet screening; label not independently authenticated.,full_contact_sheet_screen
901007,Nail Polish,no_obvious_issue,candidate_for_training,No obvious target or crop problem in contact-sheet screening; label not independently authenticated.,full_contact_sheet_screen
901008,Nail Polish,no_obvious_issue,candidate_for_training,No obvious target or crop problem in contact-sheet screening; label not independently authenticated.,full_contact_sheet_screen
901009,Nail Polish,no_obvious_issue,candidate_for_training,No obvious target or crop problem in contact-sheet screening; label not independently authenticated.,full_contact_sheet_screen
901010,Nail Polish,no_obvious_issue,candidate_for_training,No obvious target or crop problem in contact-sheet screening; label not independently authenticated.,full_contact_sheet_screen
901011,Nail Polish,no_obvious_issue,candidate_for_training,No obvious target or crop problem in contact-sheet screening; label not independently authenticated.,full_contact_sheet_screen
901012,Nail Polish,no_obvious_issue,candidate_for_training,No obvious target or crop problem in contact-sheet screening; label not independently authenticated.,full_contact_sheet_screen
901013,Nail Polish,no_obvious_issue,candidate_for_training,No obvious target or crop problem in contact-sheet screening; label not independently authenticated.,full_contact_sheet_screen
901014,Nail Polish,no_obvious_issue,candidate_for_training,No obvious target or crop problem in contact-sheet screening; label not independently authenticated.,full_contact_sheet_screen
901015,Nail Polish,no_obvious_issue,candidate_for_training,No obvious target or crop problem in contact-sheet screening; label not independently authenticated.,full_contact_sheet_screen
901016,Nail Polish,no_obvious_issue,candidate_for_training,No obvious target or crop problem in contact-sheet screening; label not independently authenticated.,full_contact_sheet_screen
901017,Nail Polish,no_obvious_issue,candidate_for_training,No obvious target or crop problem in contact-sheet screening; label not independently authenticated.,full_contact_sheet_screen
901018,Nail Polish,no_obvious_issue,candidate_for_training,No obvious target or crop problem in contact-sheet screening; label not independently authenticated.,full_contact_sheet_screen
901019,Nail Polish,no_obvious_issue,candidate_for_training,No obvious target or crop problem in contact-sheet screening; label not independently authenticated.,full_contact_sheet_screen
901020,Nail Polish,no_obvious_issue,candidate_for_training,No obvious target or crop problem in contact-sheet screening; label not independently authenticated.,full_contact_sheet_screen
901021,Nail Polish,no_obvious_issue,candidate_for_training,No obvious target or crop problem in contact-sheet screening; label not independently authenticated.,full_contact_sheet_screen
901022,Nail Polish,no_obvious_issue,candidate_for_training,No obvious target or crop problem in contact-sheet screening; label not independently authenticated.,full_contact_sheet_screen
901023,Nail Polish,no_obvious_issue,candidate_for_training,No obvious target or crop problem in contact-sheet screening; label not independently authenticated.,full_contact_sheet_screen
901024,Nail Polish,no_obvious_issue,candidate_for_training,No obvious target or crop problem in contact-sheet screening; label not independently authenticated.,full_contact_sheet_screen
901025,Nail Polish,no_obvious_issue,candidate_for_training,No obvious target or crop problem in contact-sheet screening; label not independently authenticated.,full_contact_sheet_screen
901026,Nail Polish,no_obvious_issue,candidate_for_training,No obvious target or crop problem in contact-sheet screening; label not independently authenticated.,full_contact_sheet_screen
901027,Nail Polish,no_obvious_issue,candidate_for_training,No obvious target or crop problem in contact-sheet screening; label not independently authenticated.,full_contact_sheet_screen
901028,Nail Polish,no_obvious_issue,candidate_for_training,No obvious target or crop problem in contact-sheet screening; label not independently authenticated.,full_contact_sheet_screen
901029,Nail Polish,no_obvious_issue,candidate_for_training,No obvious target or crop problem in contact-sheet screening; label not independently authenticated.,full_contact_sheet_screen
901030,Nail Polish,no_obvious_issue,candidate_for_training,No obvious target or crop problem in contact-sheet screening; label not independently authenticated.,full_contact_sheet_screen
901031,Nail Polish,no_obvious_issue,candidate_for_training,No obvious target or crop problem in contact-sheet screening; label not independently authenticated.,full_contact_sheet_screen
901032,Nail Polish,no_obvious_issue,candidate_for_training,No obvious target or crop problem in contact-sheet screening; label not independently authenticated.,full_contact_sheet_screen
901033,Nail Polish,no_obvious_issue,candidate_for_training,No obvious target or crop problem in contact-sheet screening; label not independently authenticated.,full_contact_sheet_screen
901034,Nail Polish,no_obvious_issue,candidate_for_training,No obvious target or crop problem in contact-sheet screening; label not independently authenticated.,full_contact_sheet_screen
901035,Nail Polish,ambiguous_target,hold_for_review,Overlapping palette and nail-polish bottle make the intended target ambiguous.,contact_sheet_and_source_plus_60x80_recheck
901036,Nail Polish,no_obvious_issue,candidate_for_training,No obvious target or crop problem in contact-sheet screening; label not independently authenticated.,full_contact_sheet_screen
901037,Nail Polish,no_obvious_issue,candidate_for_training,No obvious target or crop problem in contact-sheet screening; label not independently authenticated.,full_contact_sheet_screen
901038,Nail Polish,no_obvious_issue,candidate_for_training,No obvious target or crop problem in contact-sheet screening; label not independently authenticated.,full_contact_sheet_screen
901039,Nail Polish,no_obvious_issue,candidate_for_training,No obvious target or crop problem in contact-sheet screening; label not independently authenticated.,full_contact_sheet_screen
901040,Nail Polish,no_obvious_issue,candidate_for_training,No obvious target or crop problem in contact-sheet screening; label not independently authenticated.,full_contact_sheet_screen
901041,Nail Polish,no_obvious_issue,candidate_for_training,No obvious target or crop problem in contact-sheet screening; label not independently authenticated.,full_contact_sheet_screen
901042,Nail Polish,no_obvious_issue,candidate_for_training,No obvious target or crop problem in contact-sheet screening; label not independently authenticated.,full_contact_sheet_screen
901043,Nail Polish,no_obvious_issue,candidate_for_training,No obvious target or crop problem in contact-sheet screening; label not independently authenticated.,full_contact_sheet_screen
901044,Nail Polish,no_obvious_issue,candidate_for_training,No obvious target or crop problem in contact-sheet screening; label not independently authenticated.,full_contact_sheet_screen
901045,Nail Polish,no_obvious_issue,candidate_for_training,No obvious target or crop problem in contact-sheet screening; label not independently authenticated.,full_contact_sheet_screen
901046,Nail Polish,no_obvious_issue,candidate_for_training,No obvious target or crop problem in contact-sheet screening; label not independently authenticated.,full_contact_sheet_screen
901047,Nail Polish,no_obvious_issue,candidate_for_training,No obvious target or crop problem in contact-sheet screening; label not independently authenticated.,full_contact_sheet_screen
901048,Nail Polish,no_obvious_issue,candidate_for_training,No obvious target or crop problem in contact-sheet screening; label not independently authenticated.,full_contact_sheet_screen
901049,Nail Polish,no_obvious_issue,candidate_for_training,No obvious target or crop problem in contact-sheet screening; label not independently authenticated.,full_contact_sheet_screen
901050,Nail Polish,no_obvious_issue,candidate_for_training,No obvious target or crop problem in contact-sheet screening; label not independently authenticated.,full_contact_sheet_screen
901051,Nail Polish,poor_crop,hold_for_review,30x42 blurred fragment; insufficient visible bottle structure at the model input size.,contact_sheet_and_source_plus_60x80_recheck
901052,Nail Polish,poor_crop,hold_for_review,25x23 blurred bottle fragment; almost no class-specific detail remains.,contact_sheet_and_source_plus_60x80_recheck
901053,Nail Polish,no_obvious_issue,candidate_for_training,No obvious target or crop problem in contact-sheet screening; label not independently authenticated.,full_contact_sheet_screen
901054,Nail Polish,no_obvious_issue,candidate_for_training,No obvious target or crop problem in contact-sheet screening; label not independently authenticated.,full_contact_sheet_screen
901055,Nail Polish,no_obvious_issue,candidate_for_training,No obvious target or crop problem in contact-sheet screening; label not independently authenticated.,full_contact_sheet_screen
901056,Nail Polish,no_obvious_issue,candidate_for_training,No obvious target or crop problem in contact-sheet screening; label not independently authenticated.,full_contact_sheet_screen
901057,Nail Polish,no_obvious_issue,candidate_for_training,No obvious target or crop problem in contact-sheet screening; label not independently authenticated.,full_contact_sheet_screen
901058,Nail Polish,no_obvious_issue,candidate_for_training,No obvious target or crop problem in contact-sheet screening; label not independently authenticated.,full_contact_sheet_screen
901059,Nail Polish,no_obvious_issue,candidate_for_training,No obvious target or crop problem in contact-sheet screening; label not independently authenticated.,full_contact_sheet_screen
901060,Nail Polish,no_obvious_issue,candidate_for_training,No obvious target or crop problem in contact-sheet screening; label not independently authenticated.,full_contact_sheet_screen
901061,Nail Polish,poor_crop,hold_for_review,65x51 blurred packaging/cap fragment; no clearly identifiable nail-polish bottle.,contact_sheet_and_source_plus_60x80_recheck
901062,Nail Polish,no_obvious_issue,candidate_for_training,No obvious target or crop problem in contact-sheet screening; label not independently authenticated.,full_contact_sheet_screen
901063,Nail Polish,no_obvious_issue,candidate_for_training,No obvious target or crop problem in contact-sheet screening; label not independently authenticated.,full_contact_sheet_screen
901064,Nail Polish,no_obvious_issue,candidate_for_training,No obvious target or crop problem in contact-sheet screening; label not independently authenticated.,full_contact_sheet_screen
901065,Nail Polish,no_obvious_issue,candidate_for_training,No obvious target or crop problem in contact-sheet screening; label not independently authenticated.,full_contact_sheet_screen
901066,Nail Polish,no_obvious_issue,candidate_for_training,No obvious target or crop problem in contact-sheet screening; label not independently authenticated.,full_contact_sheet_screen
901067,Nail Polish,wrong_target_visible,hold_for_review,Eyeshadow palette fills the crop; no clearly identifiable nail-polish bottle.,contact_sheet_and_source_plus_60x80_recheck
901068,Nail Polish,no_obvious_issue,candidate_for_training,No obvious target or crop problem in contact-sheet screening; label not independently authenticated.,full_contact_sheet_screen
901069,Nail Polish,no_obvious_issue,candidate_for_training,No obvious target or crop problem in contact-sheet screening; label not independently authenticated.,full_contact_sheet_screen
901070,Nail Polish,no_obvious_issue,candidate_for_training,No obvious target or crop problem in contact-sheet screening; label not independently authenticated.,full_contact_sheet_screen
901071,Nail Polish,no_obvious_issue,candidate_for_training,No obvious target or crop problem in contact-sheet screening; label not independently authenticated.,full_contact_sheet_screen
901072,Nail Polish,no_obvious_issue,candidate_for_training,No obvious target or crop problem in contact-sheet screening; label not independently authenticated.,full_contact_sheet_screen
901073,Nail Polish,no_obvious_issue,candidate_for_training,No obvious target or crop problem in contact-sheet screening; label not independently authenticated.,full_contact_sheet_screen
901074,Nail Polish,no_obvious_issue,candidate_for_training,No obvious target or crop problem in contact-sheet screening; label not independently authenticated.,full_contact_sheet_screen
901075,Nail Polish,no_obvious_issue,candidate_for_training,No obvious target or crop problem in contact-sheet screening; label not independently authenticated.,full_contact_sheet_screen
901076,Nail Polish,no_obvious_issue,candidate_for_training,No obvious target or crop problem in contact-sheet screening; label not independently authenticated.,full_contact_sheet_screen
901077,Nail Polish,no_obvious_issue,candidate_for_training,No obvious target or crop problem in contact-sheet screening; label not independently authenticated.,full_contact_sheet_screen
901078,Nail Polish,no_obvious_issue,candidate_for_training,No obvious target or crop problem in contact-sheet screening; label not independently authenticated.,full_contact_sheet_screen
901079,Nail Polish,no_obvious_issue,candidate_for_training,No obvious target or crop problem in contact-sheet screening; label not independently authenticated.,full_contact_sheet_screen
901080,Nail Polish,no_obvious_issue,candidate_for_training,No obvious target or crop problem in contact-sheet screening; label not independently authenticated.,full_contact_sheet_screen
901081,Nail Polish,no_obvious_issue,candidate_for_training,No obvious target or crop problem in contact-sheet screening; label not independently authenticated.,full_contact_sheet_screen
901082,Nail Polish,no_obvious_issue,candidate_for_training,No obvious target or crop problem in contact-sheet screening; label not independently authenticated.,full_contact_sheet_screen
901083,Nail Polish,ambiguous_target,hold_for_review,Eyeshadow case obscures the bottle body; mostly a long cap is visible below it.,contact_sheet_and_source_plus_60x80_recheck
901084,Nail Polish,no_obvious_issue,candidate_for_training,No obvious target or crop problem in contact-sheet screening; label not independently authenticated.,full_contact_sheet_screen
901085,Nail Polish,no_obvious_issue,candidate_for_training,No obvious target or crop problem in contact-sheet screening; label not independently authenticated.,full_contact_sheet_screen
901086,Nail Polish,no_obvious_issue,candidate_for_training,No obvious target or crop problem in contact-sheet screening; label not independently authenticated.,full_contact_sheet_screen
901087,Nail Polish,no_obvious_issue,candidate_for_training,No obvious target or crop problem in contact-sheet screening; label not independently authenticated.,full_contact_sheet_screen
901088,Nail Polish,no_obvious_issue,candidate_for_training,No obvious target or crop problem in contact-sheet screening; label not independently authenticated.,full_contact_sheet_screen
901089,Nail Polish,no_obvious_issue,candidate_for_training,No obvious target or crop problem in contact-sheet screening; label not independently authenticated.,full_contact_sheet_screen
901090,Nail Polish,no_obvious_issue,candidate_for_training,No obvious target or crop problem in contact-sheet screening; label not independently authenticated.,full_contact_sheet_screen
901091,Nail Polish,no_obvious_issue,candidate_for_training,No obvious target or crop problem in contact-sheet screening; label not independently authenticated.,full_contact_sheet_screen
901092,Nail Polish,no_obvious_issue,candidate_for_training,No obvious target or crop problem in contact-sheet screening; label not independently authenticated.,full_contact_sheet_screen
901093,Nail Polish,no_obvious_issue,candidate_for_training,No obvious target or crop problem in contact-sheet screening; label not independently authenticated.,full_contact_sheet_screen
901094,Nail Polish,no_obvious_issue,candidate_for_training,No obvious target or crop problem in contact-sheet screening; label not independently authenticated.,full_contact_sheet_screen
901095,Nail Polish,no_obvious_issue,candidate_for_training,No obvious target or crop problem in contact-sheet screening; label not independently authenticated.,full_contact_sheet_screen
901096,Nail Polish,no_obvious_issue,candidate_for_training,No obvious target or crop problem in contact-sheet screening; label not independently authenticated.,full_contact_sheet_screen
901097,Nail Polish,no_obvious_issue,candidate_for_training,No obvious target or crop problem in contact-sheet screening; label not independently authenticated.,full_contact_sheet_screen
901098,Nail Polish,no_obvious_issue,candidate_for_training,No obvious target or crop problem in contact-sheet screening; label not independently authenticated.,full_contact_sheet_screen
901099,Nail Polish,no_obvious_issue,candidate_for_training,No obvious target or crop problem in contact-sheet screening; label not independently authenticated.,full_contact_sheet_screen
901100,Nail Polish,no_obvious_issue,candidate_for_training,No obvious target or crop problem in contact-sheet screening; label not independently authenticated.,full_contact_sheet_screen
901101,Nail Polish,no_obvious_issue,candidate_for_training,No obvious target or crop problem in contact-sheet screening; label not independently authenticated.,full_contact_sheet_screen
901102,Nail Polish,no_obvious_issue,candidate_for_training,No obvious target or crop problem in contact-sheet screening; label not independently authenticated.,full_contact_sheet_screen
901103,Nail Polish,no_obvious_issue,candidate_for_training,No obvious target or crop problem in contact-sheet screening; label not independently authenticated.,full_contact_sheet_screen
901104,Nail Polish,no_obvious_issue,candidate_for_training,No obvious target or crop problem in contact-sheet screening; label not independently authenticated.,full_contact_sheet_screen
901105,Nail Polish,no_obvious_issue,candidate_for_training,No obvious target or crop problem in contact-sheet screening; label not independently authenticated.,full_contact_sheet_screen
901106,Nail Polish,no_obvious_issue,candidate_for_training,No obvious target or crop problem in contact-sheet screening; label not independently authenticated.,full_contact_sheet_screen
901107,Nail Polish,no_obvious_issue,candidate_for_training,No obvious target or crop problem in contact-sheet screening; label not independently authenticated.,full_contact_sheet_screen
901108,Nail Polish,no_obvious_issue,candidate_for_training,No obvious target or crop problem in contact-sheet screening; label not independently authenticated.,full_contact_sheet_screen
901109,Nail Polish,no_obvious_issue,candidate_for_training,No obvious target or crop problem in contact-sheet screening; label not independently authenticated.,full_contact_sheet_screen
901110,Nail Polish,no_obvious_issue,candidate_for_training,No obvious target or crop problem in contact-sheet screening; label not independently authenticated.,full_contact_sheet_screen
901111,Nail Polish,no_obvious_issue,candidate_for_training,No obvious target or crop problem in contact-sheet screening; label not independently authenticated.,full_contact_sheet_screen
901112,Nail Polish,no_obvious_issue,candidate_for_training,No obvious target or crop problem in contact-sheet screening; label not independently authenticated.,full_contact_sheet_screen
901113,Nail Polish,no_obvious_issue,candidate_for_training,No obvious target or crop problem in contact-sheet screening; label not independently authenticated.,full_contact_sheet_screen
901114,Nail Polish,ambiguous_target,hold_for_review,Eyeshadow palette covers much of the nail-polish bottle; target is ambiguous.,contact_sheet_and_source_plus_60x80_recheck
901115,Nail Polish,no_obvious_issue,candidate_for_training,No obvious target or crop problem in contact-sheet screening; label not independently authenticated.,full_contact_sheet_screen
901116,Nail Polish,no_obvious_issue,candidate_for_training,No obvious target or crop problem in contact-sheet screening; label not independently authenticated.,full_contact_sheet_screen
901117,Nail Polish,no_obvious_issue,candidate_for_training,No obvious target or crop problem in contact-sheet screening; label not independently authenticated.,full_contact_sheet_screen
901118,Nail Polish,no_obvious_issue,candidate_for_training,No obvious target or crop problem in contact-sheet screening; label not independently authenticated.,full_contact_sheet_screen
901119,Nail Polish,no_obvious_issue,candidate_for_training,No obvious target or crop problem in contact-sheet screening; label not independently authenticated.,full_contact_sheet_screen
901120,Nail Polish,no_obvious_issue,candidate_for_training,No obvious target or crop problem in contact-sheet screening; label not independently authenticated.,full_contact_sheet_screen
901121,Nail Polish,no_obvious_issue,candidate_for_training,No obvious target or crop problem in contact-sheet screening; label not independently authenticated.,full_contact_sheet_screen
901122,Nail Polish,no_obvious_issue,candidate_for_training,No obvious target or crop problem in contact-sheet screening; label not independently authenticated.,full_contact_sheet_screen
901123,Nail Polish,no_obvious_issue,candidate_for_training,No obvious target or crop problem in contact-sheet screening; label not independently authenticated.,full_contact_sheet_screen
901124,Nail Polish,no_obvious_issue,candidate_for_training,No obvious target or crop problem in contact-sheet screening; label not independently authenticated.,full_contact_sheet_screen
901125,Nail Polish,no_obvious_issue,candidate_for_training,No obvious target or crop problem in contact-sheet screening; label not independently authenticated.,full_contact_sheet_screen
901126,Nail Polish,wrong_target_visible,hold_for_review,Lipstick and other packaging dominate; no clearly identifiable nail-polish bottle.,contact_sheet_and_source_plus_60x80_recheck
901127,Nail Polish,no_obvious_issue,candidate_for_training,No obvious target or crop problem in contact-sheet screening; label not independently authenticated.,full_contact_sheet_screen
901128,Nail Polish,no_obvious_issue,candidate_for_training,No obvious target or crop problem in contact-sheet screening; label not independently authenticated.,full_contact_sheet_screen
901129,Nail Polish,no_obvious_issue,candidate_for_training,No obvious target or crop problem in contact-sheet screening; label not independently authenticated.,full_contact_sheet_screen
901130,Nail Polish,no_obvious_issue,candidate_for_training,No obvious target or crop problem in contact-sheet screening; label not independently authenticated.,full_contact_sheet_screen
901131,Nail Polish,no_obvious_issue,candidate_for_training,No obvious target or crop problem in contact-sheet screening; label not independently authenticated.,full_contact_sheet_screen
901132,Nail Polish,no_obvious_issue,candidate_for_training,No obvious target or crop problem in contact-sheet screening; label not independently authenticated.,full_contact_sheet_screen
901133,Nail Polish,no_obvious_issue,candidate_for_training,No obvious target or crop problem in contact-sheet screening; label not independently authenticated.,full_contact_sheet_screen
901134,Nail Polish,no_obvious_issue,candidate_for_training,No obvious target or crop problem in contact-sheet screening; label not independently authenticated.,full_contact_sheet_screen
901135,Nail Polish,no_obvious_issue,candidate_for_training,No obvious target or crop problem in contact-sheet screening; label not independently authenticated.,full_contact_sheet_screen
901136,Nail Polish,no_obvious_issue,candidate_for_training,No obvious target or crop problem in contact-sheet screening; label not independently authenticated.,full_contact_sheet_screen
901137,Nail Polish,no_obvious_issue,candidate_for_training,No obvious target or crop problem in contact-sheet screening; label not independently authenticated.,full_contact_sheet_screen
901138,Nail Polish,ambiguous_target,hold_for_review,Eyeshadow pans dominate; mostly a nail-polish cap remains visible at the side.,contact_sheet_and_source_plus_60x80_recheck
901139,Nail Polish,no_obvious_issue,candidate_for_training,No obvious target or crop problem in contact-sheet screening; label not independently authenticated.,full_contact_sheet_screen
901140,Nail Polish,no_obvious_issue,candidate_for_training,No obvious target or crop problem in contact-sheet screening; label not independently authenticated.,full_contact_sheet_screen
901141,Nail Polish,no_obvious_issue,candidate_for_training,No obvious target or crop problem in contact-sheet screening; label not independently authenticated.,full_contact_sheet_screen
901142,Nail Polish,no_obvious_issue,candidate_for_training,No obvious target or crop problem in contact-sheet screening; label not independently authenticated.,full_contact_sheet_screen
901143,Nail Polish,no_obvious_issue,candidate_for_training,No obvious target or crop problem in contact-sheet screening; label not independently authenticated.,full_contact_sheet_screen
901144,Nail Polish,no_obvious_issue,candidate_for_training,No obvious target or crop problem in contact-sheet screening; label not independently authenticated.,full_contact_sheet_screen
901145,Nail Polish,no_obvious_issue,candidate_for_training,No obvious target or crop problem in contact-sheet screening; label not independently authenticated.,full_contact_sheet_screen
901146,Nail Polish,no_obvious_issue,candidate_for_training,No obvious target or crop problem in contact-sheet screening; label not independently authenticated.,full_contact_sheet_screen
901147,Nail Polish,no_obvious_issue,candidate_for_training,No obvious target or crop problem in contact-sheet screening; label not independently authenticated.,full_contact_sheet_screen
901148,Nail Polish,no_obvious_issue,candidate_for_training,No obvious target or crop problem in contact-sheet screening; label not independently authenticated.,full_contact_sheet_screen
901149,Nail Polish,no_obvious_issue,candidate_for_training,No obvious target or crop problem in contact-sheet screening; label not independently authenticated.,full_contact_sheet_screen
901150,Nail Polish,no_obvious_issue,candidate_for_training,No obvious target or crop problem in contact-sheet screening; label not independently authenticated.,full_contact_sheet_screen
901151,Nail Polish,no_obvious_issue,candidate_for_training,No obvious target or crop problem in contact-sheet screening; label not independently authenticated.,full_contact_sheet_screen
901152,Nail Polish,ambiguous_target,hold_for_review,Eyeshadow palette obscures most of the nail-polish bottle.,contact_sheet_and_source_plus_60x80_recheck
901153,Nail Polish,no_obvious_issue,candidate_for_training,No obvious target or crop problem in contact-sheet screening; label not independently authenticated.,full_contact_sheet_screen
901154,Nail Polish,no_obvious_issue,candidate_for_training,No obvious target or crop problem in contact-sheet screening; label not independently authenticated.,full_contact_sheet_screen
901155,Nail Polish,no_obvious_issue,candidate_for_training,No obvious target or crop problem in contact-sheet screening; label not independently authenticated.,full_contact_sheet_screen
901156,Nail Polish,ambiguous_target,hold_for_review,Eyeshadow palette and brush obscure much of the green nail-polish bottle.,contact_sheet_and_source_plus_60x80_recheck
901157,Nail Polish,no_obvious_issue,candidate_for_training,No obvious target or crop problem in contact-sheet screening; label not independently authenticated.,full_contact_sheet_screen
901158,Nail Polish,no_obvious_issue,candidate_for_training,No obvious target or crop problem in contact-sheet screening; label not independently authenticated.,full_contact_sheet_screen
901159,Nail Polish,no_obvious_issue,candidate_for_training,No obvious target or crop problem in contact-sheet screening; label not independently authenticated.,full_contact_sheet_screen
901160,Nail Polish,no_obvious_issue,candidate_for_training,No obvious target or crop problem in contact-sheet screening; label not independently authenticated.,full_contact_sheet_screen
901161,Nail Polish,no_obvious_issue,candidate_for_training,No obvious target or crop problem in contact-sheet screening; label not independently authenticated.,full_contact_sheet_screen
901162,Nail Polish,no_obvious_issue,candidate_for_training,No obvious target or crop problem in contact-sheet screening; label not independently authenticated.,full_contact_sheet_screen
901163,Nail Polish,no_obvious_issue,candidate_for_training,No obvious target or crop problem in contact-sheet screening; label not independently authenticated.,full_contact_sheet_screen
901164,Nail Polish,no_obvious_issue,candidate_for_training,No obvious target or crop problem in contact-sheet screening; label not independently authenticated.,full_contact_sheet_screen
901165,Nail Polish,no_obvious_issue,candidate_for_training,No obvious target or crop problem in contact-sheet screening; label not independently authenticated.,full_contact_sheet_screen
901166,Nail Polish,no_obvious_issue,candidate_for_training,No obvious target or crop problem in contact-sheet screening; label not independently authenticated.,full_contact_sheet_screen
901167,Nail Polish,no_obvious_issue,candidate_for_training,No obvious target or crop problem in contact-sheet screening; label not independently authenticated.,full_contact_sheet_screen
901168,Nail Polish,no_obvious_issue,candidate_for_training,No obvious target or crop problem in contact-sheet screening; label not independently authenticated.,full_contact_sheet_screen
901169,Nail Polish,no_obvious_issue,candidate_for_training,No obvious target or crop problem in contact-sheet screening; label not independently authenticated.,full_contact_sheet_screen
901170,Nail Polish,no_obvious_issue,candidate_for_training,No obvious target or crop problem in contact-sheet screening; label not independently authenticated.,full_contact_sheet_screen
901171,Nail Polish,no_obvious_issue,candidate_for_training,No obvious target or crop problem in contact-sheet screening; label not independently authenticated.,full_contact_sheet_screen
901172,Nail Polish,no_obvious_issue,candidate_for_training,No obvious target or crop problem in contact-sheet screening; label not independently authenticated.,full_contact_sheet_screen
901173,Nail Polish,no_obvious_issue,candidate_for_training,No obvious target or crop problem in contact-sheet screening; label not independently authenticated.,full_contact_sheet_screen
901174,Nail Polish,no_obvious_issue,candidate_for_training,No obvious target or crop problem in contact-sheet screening; label not independently authenticated.,full_contact_sheet_screen
901175,Nail Polish,no_obvious_issue,candidate_for_training,No obvious target or crop problem in contact-sheet screening; label not independently authenticated.,full_contact_sheet_screen
901176,Nail Polish,no_obvious_issue,candidate_for_training,No obvious target or crop problem in contact-sheet screening; label not independently authenticated.,full_contact_sheet_screen
901177,Nail Polish,no_obvious_issue,candidate_for_training,No obvious target or crop problem in contact-sheet screening; label not independently authenticated.,full_contact_sheet_screen
901178,Nail Polish,no_obvious_issue,candidate_for_training,No obvious target or crop problem in contact-sheet screening; label not independently authenticated.,full_contact_sheet_screen
901179,Nail Polish,no_obvious_issue,candidate_for_training,No obvious target or crop problem in contact-sheet screening; label not independently authenticated.,full_contact_sheet_screen
901180,Nail Polish,no_obvious_issue,candidate_for_training,No obvious target or crop problem in contact-sheet screening; label not independently authenticated.,full_contact_sheet_screen
901181,Nail Polish,no_obvious_issue,candidate_for_training,No obvious target or crop problem in contact-sheet screening; label not independently authenticated.,full_contact_sheet_screen
901182,Nail Polish,no_obvious_issue,candidate_for_training,No obvious target or crop problem in contact-sheet screening; label not independently authenticated.,full_contact_sheet_screen
901183,Nail Polish,no_obvious_issue,candidate_for_training,No obvious target or crop problem in contact-sheet screening; label not independently authenticated.,full_contact_sheet_screen
901184,Nail Polish,no_obvious_issue,candidate_for_training,No obvious target or crop problem in contact-sheet screening; label not independently authenticated.,full_contact_sheet_screen
901185,Nail Polish,no_obvious_issue,candidate_for_training,No obvious target or crop problem in contact-sheet screening; label not independently authenticated.,full_contact_sheet_screen
901186,Nail Polish,no_obvious_issue,candidate_for_training,No obvious target or crop problem in contact-sheet screening; label not independently authenticated.,full_contact_sheet_screen
901187,Nail Polish,no_obvious_issue,candidate_for_training,No obvious target or crop problem in contact-sheet screening; label not independently authenticated.,full_contact_sheet_screen
901188,Nail Polish,no_obvious_issue,candidate_for_training,No obvious target or crop problem in contact-sheet screening; label not independently authenticated.,full_contact_sheet_screen
901189,Nail Polish,no_obvious_issue,candidate_for_training,No obvious target or crop problem in contact-sheet screening; label not independently authenticated.,full_contact_sheet_screen
901190,Nail Polish,no_obvious_issue,candidate_for_training,No obvious target or crop problem in contact-sheet screening; label not independently authenticated.,full_contact_sheet_screen
901191,Nail Polish,no_obvious_issue,candidate_for_training,No obvious target or crop problem in contact-sheet screening; label not independently authenticated.,full_contact_sheet_screen
901192,Nail Polish,no_obvious_issue,candidate_for_training,No obvious target or crop problem in contact-sheet screening; label not independently authenticated.,full_contact_sheet_screen
901193,Nail Polish,no_obvious_issue,candidate_for_training,No obvious target or crop problem in contact-sheet screening; label not independently authenticated.,full_contact_sheet_screen
901194,Nail Polish,no_obvious_issue,candidate_for_training,No obvious target or crop problem in contact-sheet screening; label not independently authenticated.,full_contact_sheet_screen
901195,Nail Polish,no_obvious_issue,candidate_for_training,No obvious target or crop problem in contact-sheet screening; label not independently authenticated.,full_contact_sheet_screen
901196,Nail Polish,no_obvious_issue,candidate_for_training,No obvious target or crop problem in contact-sheet screening; label not independently authenticated.,full_contact_sheet_screen
901197,Nail Polish,no_obvious_issue,candidate_for_training,No obvious target or crop problem in contact-sheet screening; label not independently authenticated.,full_contact_sheet_screen
901198,Nail Polish,no_obvious_issue,candidate_for_training,No obvious target or crop problem in contact-sheet screening; label not independently authenticated.,full_contact_sheet_screen
901199,Nail Polish,no_obvious_issue,candidate_for_training,No obvious target or crop problem in contact-sheet screening; label not independently authenticated.,full_contact_sheet_screen
