id,articleType,group_id
1163,Tshirts,00f9e2852e2727492ea7f7bb1cd751ba7c1b012dbd5d4de141d2b08b0bd73f89
1164,Tshirts,b2943e771e61145743485c9f2a5227479f01fcdd669aecc1d0ad6fe393efdca8
1529,Tshirts,380ab41c30b5ff5b3527d3c531c3acb55a99c7b1a999546bb3daa874f6f6100a
1532,Tshirts,c8d4e272dad87ffe2095906be10175b3fcc55687d63bbb59e2dea2d3df97a7dd
1536,Tshirts,d91c7e17c5fc501b2885a0aa4a936782c1d8875cfb79d6e7ec173da4fc1d9518
1540,Tshirts,53e770fec832e711944ac6b8df78d6e366373bd8299cd07dcdf13223c42bf9de
1553,Footballs,fb8c12e6a62a67f09455de76d5655d332499024469cc62d95436fadc1e85fa9a
1555,Water Bottle,cdc96baa58b977be55be87b4161fb20454430c52066a1a6aee0f6d57ea432f69
1572,Track Pants,488e59bd904cb75d5063eb5e7f0b36f5b618583b22d8d54a8b90c5d576e06cf2
1580,Swimwear,c7cde519705514089dc70d3ac545090569e3201f7f4693f11aa034772a9fce82
1584,Jackets,ce5ea8eb171d53ca8999d9b02fc26175132b3e6c847f3763c929b89824e2844a
1590,Sports Shoes,cdc7da44d5ccf3bef943e63248d28432d94c9aa958814a07f4f5b1d6e4db44ca
1594,Casual Shoes,f706913e11564f85fea46f8fbec73f968d0dca286a7dd2a096bbebeced8dc6b2
1599,Handbags,1fe02257505a932f8b1bee8c16af189c13005a36abd99722ebb150704f161a2f
1604,Track Pants,5682a34c29bc670df43a36e2a1345171ad7add08e04515f20433ec87b4e0ab29
1611,Jackets,413ff951584f895a81212357b8217ead931c17ba861292dec95a09d45813e711
1618,Sports Shoes,9b8b84ff84896e8807a362d5582f04e8476df1b6f93892b301461a2bfecee354
1634,Sports Shoes,f9cf97db18a781657a5ee9a8f23d633ac8bf2a7ecf28d96c312d11649646dbf7
1647,Backpacks,d563322a4050786384fe687865389bbed4bc7ec20e77091df9137d3bfdab7313
1654,Sports Shoes,41fbe1a0467888454e64bebc5940ce41ad543acbaf04def35d9b6ad360265a98
1729,Casual Shoes,103277af2a18c1570561d3f5dc10e799fd59a3b9487b7a20d8611b24a91717b7
1752,Tshirts,a20b30aeec09bc0b7b207c907fe1cf3130c0192e05a00bf0696556337a45e02c
1758,Jackets,2a6e919e1d236870af4610bb1d455723b1d2ee7924d9d6b5e3dec7f58f1681e3
1760,Tshirts,169e3aa3b565cbf546aac153ae4d1dcc2ee737de15a036244d046fedefd43072
1800,Backpacks,b78a02bab93b856cb1e241550fddaa81634870aa2b41f27ca772579b07dc8659
1802,Sports Shoes,47979c39eb11291f6456b33a1319fcfefeea9b634e6e4c6c302483b830de3991
1806,Sandals,bbf1fecb9ea4e6091a1149d0403a5046eb2f2b61e96f24e2176c1c67985b05df
1809,Tshirts,0dc715cae6009f3371d022a5d8e631fe864aeef24186083d9a82aed42695b7d4
1810,Tshirts,670c899005a63096d188676ac63c9dd5eb8616271f834e9cdb0eb964459b7e9a
1833,Sports Shoes,e539f637aab24c8c79d9495d2ae9e37df55fcbc0b0a29c986da2d3fe5861c1c2
1845,Tshirts,cfbd173bb7a2c6b284ead1ab087ac6ae68709213185f964fe30694324e159301
1847,Tshirts,54e567e62fdbe97518129bef94a606f8b0beb75f86ce4a20b97b310dfc3c8f4a
1861,Tshirts,a607aa5dccbaf3c5cf3e9444ba86f5e422059cb63bdac9403dcd42799448d0d1
1869,Tshirts,182e2a268cd316ee4810c555fea0ad70e8757764e663673338b76ad8bd82fd33
1871,Tshirts,9e546532cbfc4f8715af276ee5b3d54202b017e30195604fa7da7d01546ed15b
1875,Tshirts,cb3240671fefda10bb57daf2c4cdd5ba2681d7cb709369daf65ed16a3bd7aa2d
1879,Tshirts,a730f8a6f421ffb8365f765c3cc696f8e7740c13b60d76ebb37d38f3e25e48e8
1886,Tshirts,85eb25b4c9c19c7dfb29039acf77cca57c3a942edc743b32aeef31cd22a42c22
1912,Tshirts,604196286f81985daa39ae2045b5eb70599c11159f232ccb3262586ee164547c
1913,Tshirts,d9688d57c036e7fcc827931016bd04f74aef46e01f515eacfef069087c180309
1930,Backpacks,2a97019ce020fc6735a40f346f98373894d01b18a0c76268d034e94d461b9335
1932,Casual Shoes,e3a23859adb84719717867eadc9370622745e979cedd5a44e90edb2bdefe3a1b
1933,Backpacks,b997ad4359a86b6c2f81134baa7cf74b002e6de5fb86280b56681ad5c991af90
1937,Sports Shoes,f7d0ed54ad41b0616a40c96287dd20b3675584539682ba39cc9d18b36d0e1445
1942,Tshirts,df4c2131dc6af0deaf76a71247f6e88479ca154bbe7763695d25ab6c4877f65e
1950,Tshirts,4f7b48831b94f2a8076037b96168885c007b745134cc772306cf5f16f1faaf87
1963,Sports Shoes,7b8140529613f0e83b42533e0213f4f9af8fa9867d520a6a7c6772f416650922
1978,Tops,bff6d24107a910116f29fde6e9edab162ccdb162c5e25b8cdfcb66b189776ffe
1998,Tshirts,85cdeea1118d66f293dafa49de15ac857e8b4d5a872dc80c5dc10710e9e8c72e
2001,Tshirts,72633fd767c348cb0352477ee76c6c648b3e14dcd159284c646b68146e99ba18
2004,Tshirts,e51518f6e882d8f37072937647941961e46aea5a3c07ada089f0612bf859fd86
2011,Tshirts,940a84d7af029238fc65a8a90a9b9c00e47a8ef468831e71e3a6170f3c3574af
2031,Jackets,b3fef94d34ff0324c3ecfb6ed1483931855864fbe3a21509feb43b32d5365170
2032,Tshirts,190603fb1bfa24badb1e8a9c958263c22b6c6905336f9a24e23a9ea6ccd19fa2
2052,Tshirts,45dc0c9c21a227770982c7b292c28ff1fc8d406c71a194841c998351c924c7f3
2056,Tshirts,c121809d65591674fd9516b22997a4a34cf09bb009031d074fd67c1e985ac079
2058,Tshirts,1a199be182f1aa88efb77ed39e497f176e6f213d113c756b38e515131e690d35
2062,Tshirts,0d7ee2800a74234be91d75489e48cc04f6e2daf6554d0723cac61c0f5baf7d3b
2069,Tshirts,fbc2235e5bfa497f32bed7569a631e4d1668b46f6c95f68d9f4464a9c24099d3
2078,Tshirts,47535d6ab74f24817bd1e044cb21cf7cb9284b4d660576956df2e2df549b6de4
2091,Tshirts,99fe060125664e536b1c7d9f9a25c658caea42df53d920170ea924456d3ce16d
2094,Shirts,49cf9f2891ccf78b4186cb483f8fdf228979c5043202cbc3c5b9a00d4f3bb118
2096,Shirts,c5407893474a65b55c79b1a2d1883443f4d6f7581fe07e97c628d4537cdb7c08
2102,Shirts,d7bbe8989412222be0bfe2205c12b5b1d3a5ee2ed4bc9b8e7dd9475673e862c2
2103,Shirts,f1a5d17bd0ca3f0681e7ef02d8c11b0845ea7db4507053b413978acc414c2a09
2105,Track Pants,5853d291e65bd24748bcdc205a3471c5d97f04a65e72145083e1a3bc5ee19927
2108,Shorts,2d4d55a904e36e9dade3d46b3655a1191be0c14f8195598ccb8e39ab8f37846c
2113,Track Pants,ae1156deec7cbb8b423996d9e90fb227fe290c3307329dc9c142313a0b0da4cf
2114,Track Pants,85f94d507b8a4564f26500a10f825c96e0d2feca336cb5e7bc67eb3c6120eb27
2130,Shirts,a1e2de641fb6ba61af327dbfd0e694cc25d1c3e620a736930e47e31c7b637ce5
2133,Shirts,dfaf017b8fd3715f90768b2b885ce056ca39083901418dc6515ecad4eff39df6
2141,Tshirts,5b05ebe6bc64231cd26bf7a4ebf72337f42741807502a04e78d499254aa493c4
2142,Tshirts,22f5ddc8e4eee9ffd147fe7e6b22d131a16c1ab7e9b0bf34855619f851b88f92
2146,Tshirts,13b22b5e66d59028eccc54e95a4e9fc68fca364634d715c983391ea2350f74f0
2159,Tshirts,9fa3a105e346e7479b5dc5d3d4fb1deb643d960ccb72337e4934728b538cc6e4
2165,Shirts,a870f228988a83ec8ccd58c48a581a91318c8541df4921b67413dd207fd5529b
2168,Shirts,4cd8b1208287304f0777e2a764b79237c6455370a85220fb723d5cde0864f02b
2171,Tshirts,c1c9ba797687ea15ff47183ac450fa8320875227067f1b5bb555c103ccf61b2e
2182,Tshirts,54f7789ffb3125b7010412a48f3adae1da3a94ca3d8c07680fb848b43e1b8a3b
2183,Tshirts,d62a4361a31284ce81d408ed6146615f4d20dd62c6d513bcf05e095031deb492
2190,Track Pants,65a9ec65f6aec07ca52f3ebc0cd6404b90c3012737bbd0a507f6bce594fcae86
2194,Tshirts,6b45169ef3cfdb99ebb4264558a4384d79335dcc987659be5daaa358c4b8200e
2195,Capris,727779faeaace0db67c126dd9996f109d80423a54680c697522fd380f4dda3d9
2203,Tshirts,708e72ff940d12988e7579c4b55e77173c0ec198793cfe7a63172a4a5b41e6f8
2206,Tshirts,8d5e8911d9676cfda74d7642b92cca58cf61f344f67cc415af39edea7a14b1ca
2210,Tshirts,f10558d7bfd513155dcb74dc0b3078d00b0920ad3711a48b5cba66e3bbb69f44
2214,Socks,30322fb3991692aba5935af5d2c62688641c4ffb013f684e5ed1515149cec21b
2231,Sandals,4514f02a2f302eacb3299c59c5731db175f87c5d6f4f91614e5ca6d66a456c53
2244,Tshirts,ac8543e2739533d86aef577fc9e99f6b2ea2b2259d1b6e7b0170ccb4d673da4d
2246,Backpacks,23d46d305f992c2e8e409df39daf5b9658925e950369f83e061b8c98ac638445
2254,Tshirts,ad360ba6dd20b929bc40cce2ab75f58c7037928a37e7a0ebadbfb1ec300837a6
2255,Track Pants,ada2040b7f46c2e61065b818146d0ad23d103340ae12de7555d07249a8136a76
2261,Backpacks,4035ce2a6420a5ddcfafc7203cf6c38d3a8848cadb7bb1b5d221f68bf8d5359e
2264,Backpacks,621d1fc0f1a6b49437453319cd77136c7425a73eaebe15e57798e21a6cd87282
2266,Tshirts,3c31409d2eb479203b05ae43c50392c3783a5d9e9b226586424b18fba8a6b9b5
2267,Tshirts,c85e3cf845d0f554def73150e36bba70350a462e18cb8e86bfdba9e281f5af7d
2268,Sweatshirts,aebf9b66c45f0dc9efab881c90e2bfb51af68e7964de51816d23dd24afe98686
2271,Tshirts,e38b6bb19481f8a8add9614eaf6743e5904a3b2d39b532c97bc55ff924873716
2272,Tshirts,b55f29651f6114f37fea641b93ed4b26c43b0b2b10e47ec936d677f6204b79c7
2280,Tshirts,1b23e7ae1a2cc06db4d0475ea531a32cf29cdf0d78721e48b08d20308eb59797
2284,Tshirts,8e06a604c913bc514810fde8a3d65844acfe677237b95ab67e74e0bec82c84dd
2285,Tshirts,d816ddf9df125aabe88796500066357923bc96af33c221f0a80c6cb7efc4cec9
2302,Tshirts,5f47cbcede7fff2c99507a09222073a9280c63fa35497542a43293092bbaecd6
2309,Tshirts,54503a4ee8b70ac1b4acee6925f8d08cff4213f21bd73b00b5ee10c7048bc2c4
2324,Tshirts,b7cb4fbe2b7c958b1370b1cfd7d7f1be7b7048d22f1e8c52279060e8318684c2
2325,Tshirts,70bac5e688333dcbcfdcd08de768158b071bb067ee9fd5e1a70bfdc387631ec3
2327,Tshirts,8b2189a3a5b68e0d450db4851ccc715aa6f581d9796fc4870982408667fbaa8d
2332,Tshirts,bc5aa0bda182aaeefbf36668a82e1d5a9a8100792c5fe9af3fc72c09c7c26e91
2334,Tshirts,32f7e70346b3a2cd5fdf91a21dd56d7f7c4a404a776a837e97d908181484c9cc
2335,Tshirts,8ebd6a65c015fdcaa282f55519d0b53d67bf2bfc33aa57ea2d5b004361b2834f
2350,Tshirts,e77a10c93da2bd9b1b79bfbd4c6c1ad1f3a86a8d065a11ce118e28b43e08ab45
2361,Caps,9ea132e0c9b20d266a9482813b64332a85a137b092aa4368a1c78017bd195e66
2382,Formal Shoes,76bc7f6419aeb8d66cf843740f63e1d9155ac48a94362ff8cada11a5edcaee37
2383,Casual Shoes,c6016f4a5adc30a445183f85cf4b1154d608d88e6bed5746efb635b52ad1b1bd
2390,Casual Shoes,9ff2cc0d4e4cd2c695d822e4d7cc9b0b3289050763b6993ffd9fcda1cce88f23
2393,Casual Shoes,fecae269110b980e75ebed31e09c8494bd24bfee4508201043b7d405b522785b
2394,Casual Shoes,341b72a895869816a51d127e155fd66e1dbe02bdd07183afd865ca9c9c93bdbe
2399,Casual Shoes,2982acf6dfa97300722a9abe7440a1707567cb3d0088fe40b76f923b1a9fbf9d
2493,Tshirts,cf6a77b8e0b6e26956a358cf0cac34e5fdaf910decbe8cdf3253d70077a9a2de
2501,Casual Shoes,f00ab2e5159ac90269738e5aba2fad819df4008f740b8d2b8d68f0c66366a85e
2503,Casual Shoes,670bc5f97251f7c29ceba26a683be73f742876d69d960550000b7b942bc6fdfe
2510,Casual Shoes,09cb951cf51ef6314bc295c701d52eadf4d43c21120d1bc030665aa79ec965fa
2541,Casual Shoes,4028c0862842b0d18b8216c31d6323c853c06a87fbb05f90e4a0543441062807
2543,Flip Flops,1f030a514389ff3b5c2f8690d472d74886beac425ba9603419df24ec3b09049d
2556,Tshirts,636722f8b30362dfb01087fbc2a6ed048c2b8951cbe5941994b9a313eacba9c9
2577,Tops,c3120c9138dfa21a261aff3fe927253be23aff1f4a33b75c165785397a223be5
2606,Tshirts,1e33c21d82307bb06f892a5f284f16488af88a3a24f15ae6ba14a1748d3e2dfc
2611,Heels,4d5c94a22804eca593ae9c61206fc44b9c2b5749cf1ff96a61cb5f04c8eb71a7
2615,Tshirts,c40a4036fda9bd8d781dd58b6e4f2d68bf311e05d4b5f313fb4910c248b81c42
2631,Flats,e715636ee55c0321a9b5361f4400422922f4490a8b9775d99fe10c860c850bc5
2641,Casual Shoes,77f9f511cd0968cd2e34e1e5faa6afd07970b1a839a46a3691b2927783c9d3e1
2651,Handbags,86b6bc0ca954ca9f197884a48a8950c870937545c39c85ee055497f6faf196c6
2663,Handbags,f599b565dac7f1a16f05b107bd70f971f47c5cbc4912797a24103663457f7896
2679,Tshirts,b4b8bd006ba43070bebb0562c9979570e332bc4bd467ed96994db4e6809c5bbc
2681,Tshirts,afebeaf275eda415810602274c4315868f689f1722b74d01870b8e2fe1073d4f
2695,Tshirts,96cffa05f26031f364550df19ebe69774dd757fbb4b13fb8757ceddd00d3d27b
2701,Tops,799a982bb0768b3e8f249b29eeb782358a91fadec53be7e14f8a3873919a1d30
2704,Dresses,20765cee9219b20c5ce0342365212116ec0d90831f4dc213785f28e016211533
2710,Dresses,e33025347770cb94d3eaeaa56eae38f0fe30110ca061c949f03e7cc65eee477c
2715,Tops,506cbe3da586720222ebd41a6c99074338bd8e1ff5af3b5c3f6d9e935a882c76
2716,Tops,57364181334c366874a0810a28a25150e85d4e623a974cdb52ace0c950dadaa1
2722,Shorts,ed126405ccbfdcfcf5a0d19c10bce4a25d2e0ab73b9217ed27f2d14c1b8ac212
2748,Tshirts,86c35ebad2e70ed0fb364d33dfd2521c33a007006df35e613be6c6c05dbf89dc
2751,Tshirts,3e8a46c61fec187e27287d63031d3a944f442dbd4804de5fa7c319bd8e12c7b3
2753,Tshirts,ac99f1937c7b1e1f670228179808cac7d2cae3521c1cf89aec197c73a468f856
2778,Tshirts,91433bace6a9b92a8ee1b294356bba33ecb73494a3bc616b1cbfb512b2ef66f5
2800,Casual Shoes,4d639f898f2a9b47f47c00adb72983419e80e3b4cf0f54337f6cda4dab321e84
2802,Sandals,2261982b77ceb05ffa967b749d1e4e72d7412fb957496a798ec8844006952441
2823,Formal Shoes,16a95a24784327852d8b5df949f0cfd0e4433bc2942555f6320367b94b61e76d
2825,Formal Shoes,3c899f6f5776e82de1b824786fff38b40bb7ab05fb32bc465dce8b6f41f68544
2831,Casual Shoes,5bd6a4bc8739c630e88e54acc352ef9f51644f4eca6e784299ad2368add04d0c
2832,Casual Shoes,d5bf4da4b977b7968faf89613d4bcf119b383c64cc11235008cfac610ed14758
2835,Tshirts,f257760319279445e912c93cecbd4863965304b6ba463b2a757024a67088c657
2843,Tshirts,3153bd6288c70e789a464cad78e679fa204724513f116ac4d5207504d5603cc2
2845,Tshirts,3c9b5e6eead213928d414fcd0a17b21fab4afcc559cebc9bb3d2b824e9fe8f56
2849,Tshirts,df28cf19caf485ce14441aaed94a8919d2b8f3a1a7f716b1c28e154aeac84d35
2852,Tshirts,563bce6f3b7a83626d5b92e5e9e8e7ab8cb154fba3431fb3baf68f25ee568756
2857,Tshirts,3d7c3e7a9c89700e1052015d7ad6da8b7ae9d4f89a38d6fc67b5f5ef7fe0fa39
2859,Tshirts,3648214a32477808a5f63a507217b09f8284efb069686f864220a166d39c6bee
2865,Tshirts,f9c2696e23e631cc661967b7b2d7f1db712a1eb1d3efb7cc67858c8ef43b3dbb
2885,Heels,1c3ef6b9d25b40d7db9819015ce8ee9a470d026b0cf41240b98ff3a9fd91def6
2901,Heels,92c80320da1786c30b2edec2311e918a02f7c713c27066250e8c46103b91b942
2918,Tshirts,e6fbf97d9b1ef039f760a4dec3cc60b4b77ae2d231c8b1cc8ff20b53d60a12f9
2928,Tshirts,1b96a63d4493c28f7f4a942110baa1384ca4a7b1bafd64a1a0bb495c8b27ccf2
2940,Tops,d3e2f6fcb16f0cc87baadebcbe97335e59501c4d1069d644620497e4e60dea72
2956,Tops,184aeeb0e7f36d2f5680cd52ca01bc2a406d9075e276ed2e40744caeae21a657
2972,Tshirts,3f51828c00a9c6a4971a1fd52d960dca6e2273a4565c1a995c022ef8136fc0df
2977,Tshirts,5d3523763c8b8e9561b71f93b17d903f52fd181d5e78ed9afe27fb045eb213c3
2988,Casual Shoes,3864cdd6976aa9e4725d86dbaf481dd4cc8c9fa98beef0afecc09cc42c642a03
3017,Tshirts,b51b0a36c2e4c5e4ef9e2cd966fd653d6fbb8e739f3fbfb1bbf5c8ecdb3f2368
3021,Tshirts,625bf778980e61969f4621f277193599ae536ce7c48c5a73ae31490575a49bb7
3027,Tshirts,7e86381ea8c10b7d1c8f22fbd78fb380a4a8b7cba124ac10478bd9f2a29e4daa
3048,Tshirts,74da82f9bd1d2c46a33fd6222d966ae7cab404dbea731d81331267cdc1459804
3054,Tshirts,4f6f9918dc3ebf95ba302780efa2df46412a95dea6195fb9de84eea31cf9eaaa
3056,Tshirts,d580cc194672bcee178051931b26a3cad3daa6408630aa7c790a739b94b6a576
3058,Tshirts,1ee2660a4fd7b15f7ed1875e97974196e5a8c17a5d1af4850979252f5b5b07d8
3068,Tshirts,3f08ef05774112274679361cdec96c89d855c86b397b0834fc2e16b9f114541c
3077,Tshirts,552901bb0715794c3030843500b1762da51c498049cebc76deec980724e95506
3082,Tshirts,1bf04f52fbfed199377c0b6abf2ef0aa78613bb02b29d5385629c6e7e13da2cb
3095,Tshirts,2090d2434b7fcd594e74d05101317582d5323b288236a4fd81367112e641107a
3108,Tshirts,34faf9cbaec9d24b5605322e8cf30e1262705d9ca2db19342cce76836ccac35e
3129,Tshirts,6e4b119800cb8cdbe708339624db2dca8ea050ce4fb68310ff22198871d3b8ca
3141,Heels,a030f9e30e9e80605a7518e2bc3c35a29b89cbe3a2935d3c00e0ab34741fc902
3163,Sports Shoes,0a077f452b37c23f5008d4d4b2011625c9ee38ef7f84d2faaf72239ce5e9e088
3192,Tshirts,04414bb8ae5aa8441c878d5d717bdd2330a151da7d019452dffefa26f4639719
3193,Tshirts,b8908ae6a7f5217cc9843a9fe3ffbdfe294565c5675524b13c03488c2ff627c2
3203,Tshirts,acd3025a62c53914f7ef5cd839c4839b09077b77964b8d040a841bf04e5ac3e6
3208,Tshirts,1f0180ba9038f9b0c3801af728502e10afb004bc1e9d51acd4f17a31cc430ced
3214,Flip Flops,0b1bac511984120555a152cadfdca2a92fc134a96cff6934327fd4017f8435ab
3216,Sandals,414151b0deb7f3e13e8d399a8e50f5fbfa11d68693f5fc898dd5b1e2ffc5df5c
3221,Sports Shoes,970254994740e0845008aa298d1691ac520212db3248cbc5956edd005d8cf265
3235,Casual Shoes,69718badf895fd78186222a08d0575e120b6f58e2202ae8185d2365edd217550
3239,Sports Shoes,c241846a402b00677d76368c7e26274745c91bea644ee3824fa72f6e56f6b413
3245,Casual Shoes,7ae2c59e028ac426cf4424f6a11e3dc713b6d32935ad7d31653aae3b844d46b8
3246,Casual Shoes,75c6701d1c8b0b1b944eaff914b4df228cd4a86b8c9698d13abcc1683ed8e34e
3252,Sports Shoes,de541a7b5f4781b54464495a577882bbb16425f49c9190bbba385d28f7840a9e
3261,Tshirts,5cc4c6c192792da85794b7b5de9bec368ad687faed30d71d4a06732c28085a80
3264,Tshirts,9b823476cc400345dee405014c7cf59210a39a095785cbbf0204a2ad55a36e07
3269,Tshirts,af139ac54bede847f19775847d354776b083dd3ff1fe11c4375ae2b5aad18641
3270,Tshirts,fa8674ef2e2071a1df0d710ec6e13c823a1b06e9a46ff821b4b06b91947eccfe
3281,Tshirts,89768f757170c3fdc134eacd3d06d1871908d64ae26f18aeffcd406ccfb07c87
3288,Tshirts,fa5b47ddcf8b0536858d469d47f694b66f4f0a636fa85ef69d51928ec30160fd
3294,Sports Shoes,3bfeb64a9ac13bcb5288f73f6d4d7e57684e190c092b5084e154964b4e42a35e
3303,Sports Shoes,e62f6701a75af25654ba0ed41254e19370d4919a3111991a34e88fe48fa2918f
3304,Sports Shoes,93e4f4054227dde71098e064324a84735f2f6c9deaa54d9c4e9705005cdbe613
3310,Sports Shoes,2e7811b3115b5fdf120f7380632eea101c05a506b305ebae1850488215571669
3318,Tshirts,6041468263cb8fdaac44b755809f632b879e850d8e189d30c9f9e88232374a98
3320,Tshirts,52344161e9aca5a7865f5f0ed2cc8cdd933c439d2546d4452087343ef5252386
3327,Tshirts,6abad21ae8f9f8c1e3d2fb13e3ea28fcbdbbb6cf5e64224574096c9a07c316f6
3329,Tshirts,5b43b39e8db1102fa78e31a302ef64d13ed35c8f81188a6f359a895b0bd4fab1
3330,Tshirts,a16701cfffa464401327cc87c57dd6e49cb00cef83fab82de501449fac435951
3334,Backpacks,bbc93e533ef1a70b4ca6210e4096947ccae1669d701ffc030ef5954e6035c0f1
3336,Tshirts,3bb89dcd95ed32e77a98ca65c8607d6ef70b43344d7e4e826561abefa6de5b51
3349,Tshirts,39cdcb112dbcb222749a92ae47c97f5ff356131800e491564605bf74ef8acc89
3374,Sports Shoes,eb729c3a2e3f5391550f3e4352a6e750355bab9f183b05d1ef9dadccd3a51dc3
3376,Sports Shoes,d0740135b980715155b294275dc07692787f58b58237ca7422cbde09192b20ff
3384,Handbags,70a9f3f3f66e54b8f03eac0106200c12c006ca08da48fcd5c4a91de123becc9f
3401,Handbags,e128d456cee6d550f3d5576645fcf9ca78348b39b823da6e44e6b97235cb7501
3412,Tshirts,69326b738b223511edb312a31ea307c863fe66cff53963011ddb6d8a0055a92c
3413,Tshirts,298f700b3e6b4655773262e08fb414940915516b9dafd877f561d9226412729d
3414,Tshirts,56c5eef70b27b0de717aaaccecfe6ee0b97a1553ee575c88432066349926bfff
3421,Tshirts,bafa86497bec97e9bec35a8043cbc768da26dc5bfe248c7d239497e73957628d
3426,Tshirts,c6060c1f9c188339bcd05f6f796f4b634b58411e15735a1e1efd6b3304190c58
3427,Tshirts,1f2811adcc7d49b21a2853c7df376affa2720edec60d9977b60fe0b3eedc07f7
3431,Tshirts,887bc2dcfc80b17f63ab167226bc6377317b27f2719266b383fef99c10d60015
3446,Tshirts,7c3a6f4f3af6a1c742fd553069c3b88e2131a2b214836cd475ec7ee4a01202c9
3448,Tshirts,407f8478260558d0913f330f7741783a676f66f17d567ba3c123224b6ba1b98d
3451,Tshirts,e80d60ad48a6ab25cc22bde7bd01d64138bc5f3c3094c518760bfd313d35b9e2
3453,Sports Shoes,5cc3b56363700864e7451b0c55721a4a2e7ea79737b17f82d785536956ecdb05
3455,Sports Shoes,cbb0060a5e6f8e658aa3b6f23ddb3086150d4fea89faf31a9d1c609f736b0634
3461,Sports Shoes,562f22869310a633cab7bfe089b8c06f63ceacba385b802da48cf4a605141fbd
3465,Swimwear,79e811f8fc0a0874306c536267a94f330dce4a5154b288dd274d35d2d60da7db
3470,Backpacks,dc0560f11a0ac7af9ebe5f2c9fe76c49f8a0a5a69f41dac3e3a5c321d64a29ab
3481,Track Pants,a0176971753642fd336fb1c1e2323d65495cf50e98dbb7c06e0a4e0c644812dd
3493,Casual Shoes,112b2a4d19206f7221099643711f45e2e7fecc553e2d37d22697374f5ee824f2
3498,Casual Shoes,d6dab2d8107688fd9b96a1dc4591112e492d19dbd7399e2190f7baa3d8daa8c3
3501,Sports Shoes,b67f76e5bf6ef03273d35c147e5941a13edf0b021f93fa328657c890211883f8
3506,Casual Shoes,4e740d354b770df212a7fbcf8f80e6b95d8ca0709032cc44fcc84ed11d8dcf87
3510,Capris,da59556d965b5bd116cc090aefbe4f257902b1cea0c7597d84ea37dc1c923314
3518,Tshirts,31d6a5115e902bb2668f9c6c89ede522e66ccd626032ebb4ba14dad67488c406
3519,Tshirts,a422ede234b63abb2a3d87ba464940a99045ef53659f678997c47f74b743f4e1
3524,Tshirts,fda767246c04f2b373bf060499f7271a100c19db484c3136c39a7fc533c6fc43
3531,Tshirts,68ff191427928387d840df9012401e11e3ef5a810f5ed19210bc56b69235ccfa
3533,Tshirts,a6a02bb13fe6e6700e5e67870c67086b6ca9bd5df13dd637fe5e543667792221
3538,Tshirts,f4c89f2af8bb5d7b530c893829c9c0b01af4c9fe09b89bd84cc5c66d4fedc5ba
3544,Tshirts,3d3bf9482c40a053d64f0854ae3f82bd46cffd7a69b8e9c526045f3ef5948fb5
3579,Sports Shoes,ccbfddb7c730b2192b8d63cb2574e4d81dde7c87f9c60be6b6e391a18be57aab
3596,Casual Shoes,0b7c00225b05189522275fd018ec6955423d5e94aed0ecd648f8c3b58baf2788
3597,Casual Shoes,826c2ccf8f0c003a120be3f6b6fc9209c8c58edd261534c810c410752b1ff5a9
3600,Tshirts,959d71b14cede63535f9d9d50e5c1df82ba9be2bceb4b7e2210920695db8cbaf
3629,Flip Flops,687cc9d78135fec03aa82eed121b53a1b00731eedc9a0a5fa5479d73d00cb894
3632,Flip Flops,986c6f9f0b59b9caee69bd9a655dc64c1abd8e712b1d8dff9ed2d4b0c4690ad2
3642,Casual Shoes,e8f29006f7b60cdefabdda6f5039b3ef648eff97a774b2f2ef8bee60e69a9b38
3653,Casual Shoes,92542e2f71b1cb27440f7729c0714208866e634dd374c6d083e84cdfba9c2895
3654,Casual Shoes,45b019479e712c7423c421709960614a4ebe5ba9a57afca60ee3de9f4945ccf1
3661,Sports Shoes,bf077512f0e9a052d7c5561194ac49581049dab7c2592dcc88cc3cc10cf29aca
3666,Sports Shoes,0283bb403fb3f453d4b10ef6de3e5d57ce53b674a4a4a893096487dd01c59c72
3673,Sports Shoes,669d61720dff068200dd5737e5076fdf024c7e59ab1aeffe174a15c44233c984
3690,Sports Shoes,afc51c93c1e307e6e45c8cb0d3f6d89fd8d02279a8018fc6fd5f7d68e6188931
3694,Casual Shoes,ab4aa8d476c0e6f1cc8ad77d1efe2330d2c054f01d5efb273a2e762047df1208
3716,Tshirts,95f307c6248f768317df13b6b0c29cd7b77af52811d1fda358f6c515fe013121
3719,Tshirts,2d3aa3d269b27113d3e55bdbc3931d9b684a7ce702c93e9eb44c3171af516b8b
3728,Tshirts,644b20fe8c0b6e85919cdc3b5a37a260c1853033e3b7e25d3b5ba86798099446
3737,Caps,4e26153004c3592d3927f7f5f37d1e5cf9b7c989bd6abc632cb20051bdfe7bf5
3743,Tshirts,98524826aac382cf0ad174e0f8a80b2c794904925d66f83fccf4208edadeca43
3745,Tshirts,09e586811b29c9ded9fa035ba134dd05b6d839a59bc48bf1a8abf9a82fec66ed
3752,Tshirts,803c1c7f51ed6c4f75e7e64ab079c07549dfac4efe97b10865bb5a12eec046f3
3776,Tshirts,0504ce7abd5c0d87b71caad00e23444db48e91c32d86dceba95382371b3c96bd
3780,Tshirts,4eda922f7e9d77daebef2ddf114f86c8076ff9170d856a62b08e4ebb0baa732d
3781,Tshirts,d73222528b0a11cb18f03f0a3dbc46fbb351141a1cc22656f19ce9763e2c8511
3786,Tshirts,9170a8298298a5e7a0791395c0afbd4961e94c506166ad302e745da1a4d7196b
3788,Tshirts,8f0b44171f55f104dee9387d9268fd4b6e62a6326d46e95d4c04b55b8bb9fa87
3804,Casual Shoes,8aaf43749f2ddb6f32e12e3a07205489a5fc7cf09ceac0c8e3a2b9855c5d9072
3806,Tshirts,9bdac62bc1b6af9bdae684a117fbe28696ff3e34ea3f3f88ba701feb356e8b54
3813,Tshirts,d3d0e06863fcca2ab5233499d516f73b06e3c188dfe8333d7428802be4ae1414
3821,Flip Flops,836112f3e1a8a682b2615aeddb85d45b5586249ebac1416479bd9b2fbc82ab76
3828,Flip Flops,8c1724f25eaab19d93ff194b14bb2d9f335c37339f79df306e0bcd50ec23b61b
3829,Sandals,d913a1e0934bb3b8fcd76643826018526105890683cf31fed8967c4c3e149e09
3830,Flip Flops,8b7780e6bfeae1e4c47f7035f986f7d96036953fc8ff2ab34dced38de96b6f1a
3837,Sandals,63e240e273ecced7dc72a7b4ccec2da4a815cc49ca1ac1026e449950d11011a6
3841,Flats,4f88d430ca18182122d3c3f93cf0fc865dbadab90c070b9ebdd34219a68f6dec
3849,Tshirts,51de733545e47a42735f41a3127e7f6755e302f72795b747c5b5693b5ffe5d2d
3852,Tshirts,1217219b14c910968212ec5a4242bb799cc9bd4f65758257dc4717ddb4386a27
3856,Tshirts,a5595839b61be7b005f57d0ef3160319a15a9a02aed513e8070b03d0ae630301
3862,Tshirts,115465f9fd46ef9f3c3c8c775163a462f0f84369004563092389ea4cf273d95a
3866,Tshirts,3531bcbb3bc882663723ae0aa59eea87a90855156bfca62be01689c07aff6ee0
3867,Tshirts,535298a35f01e2741a3db00f51f6a4290d007cc3c6688c32dad196488f38f188
3874,Tshirts,73b65c57dfa61090e819044bd858c297dedf186472d1d4d331ad15ab8aff75c6
3876,Tshirts,507c32b350ebbdc48197358ff3d218462eeced5bb25f5baa76773564530ad778
3882,Tshirts,22da44efa5713ca3471ea39d8d6769d6b17acbf94364b079cd59346cdaab9c29
3886,Tshirts,9a2b5ec23421213fa9099bd3f58e7fd8f3544f7c0d870081f1b80d2c2da556f8
3892,Tshirts,01c448c5ea388dffaa70a3ce0731853e775a9406d3c07d75aa780cd17557499a
3893,Tshirts,210623932b3ee37439cfbe06472085a6341a9bf919c4057656ba287080880e9f
3896,Skirts,2f969837d163f79c7fd09cfc1e34a5c779a95e140d19a38ade748fa60faf7391
3897,Tshirts,def7970c82484df1880f8cc4dedbb05c11189aa3305935f4219414ae64e0336d
3909,Capris,36aeb7f12136c8f3fe8bd80991c34aeab03d3db3590d9d9f4f6814b85fa5edb6
3914,Tshirts,07d01e5c7d7ce638f520fa9f2ef608beed64a73e1f0c40709860438bfc06e787
3918,Track Pants,31a5eb235e6f11c38a96407b854d8221454c19bbc8158e9b2d3c7dd49bceb93c
3923,Track Pants,0a789f8269918db2ab42d82fd575ab82788e53080154464597af5a05f9c6e156
3928,Tshirts,033169929efcb33685a349af956853d84535e0cc31f8eaf1da4d9e735c86f0e7
3938,Tshirts,222e7b02ad4a5c88f347fcfe1079070868f2548340aa967527bba807b586467a
3943,Tshirts,6d554ddb2efada9561c897bb7becbf45b3dcf5b37d6953803e3379aa75b89354
3944,Tshirts,db91fe4a7501242d8c98ae4e896c01232592da187a55e63c191cc0c703dd4f2f
3946,Tshirts,09335dbfcca72adf4a56af2973943113776855ab83152be12ebc403bdf8d245a
3948,Tops,c6ca285db22bf7f1216b97661e4b8ae55766cec69f1377d5cd38a872c2d9995a
3949,Tops,57f81a16d4b978cc221247a47554609e07256be6bf2e70925408b3066a049417
3950,Tops,228e66cda0a054d98e6dd846bc888a69450f8d471d4de27591373c605b606818
3953,Tshirts,643f42a2395172462b559a189a676e00f4515bce1977e34233eaf0a9157f4cbd
3956,Tops,4c9d3fa9fd1342ae566fd38374cb7330dbe5d81ffe120003df5e3baa73c7235a
3969,Tops,8c1698acab782d9db2b3d0f92c828a82b1049821e93ca6b19c66b005e63ad7e5
3976,Tops,7da3b9d37a3873d518097fd6e69e1f244f0393abebc87b4c0594271ec0a28bfc
3981,Tshirts,766e23e1f68bcd2cdf4edcdc40f2917607a34cf8054fce35da460434a81d2a49
3983,Tshirts,1cdb12f99cf6c0aa8813997e4840dad00f5626f6bedfd7ad9c9b52420f234873
3990,Tshirts,17135d8f2f47de7c5dbc82e23af641fdc85211f62a9533b25c3dbaf4c5ba2a77
3997,Flip Flops,1815cf00f3b3a7b6c227fbde9a66cd0d7f3e95e6927ffc535ecf0c93cd1cacee
4001,Flip Flops,8b5719f386d2717f324f6c928a35d13d626e3589f65da7830a1b482bad977ed4
4005,Flip Flops,bc0f28cb22c6095e2523ae91d7009f90f827960c51f69c264c5ed33482b1f7bc
4015,Tshirts,99467f226e71da0f15adc91c7c7119b21c29fec196e030de95f5b2255d69b255
4021,Casual Shoes,3cc32f1be2942c51c52fbd0fa522511a6e9d6e350dd0e351bbe4cc0e540f6f84
4023,Casual Shoes,34848cdaa0ad67d1e9eff1bc2e22ce9a401310c70277356184c8a181d4713645
4027,Casual Shoes,36e2adc40417e74e677f1bb4e39286b35b93d5b12fea6052b05f4f95a3aad598
4030,Tshirts,f796f861760176b4334b2cc2772af13980b0ca81e535b0b44eb2745c62fdd465
4039,Caps,10727652dc10c71c01c0c6db3fd09489003fcf0845e66c4b5605694251bbc156
4046,Sports Shoes,eb0f564b724c681d68cbd5cd4ac8930b5f9b97079a89fec321b2acd119297c45
4048,Sports Shoes,546c0b3f1725a5f29a1c7498ad11513fbeee6ae4fdddb806f1fe55cc27e4b180
4056,Tshirts,ab647006f8864d36a9f0136785c23c445b02fa58a75e0618467a47f35abc2783
4059,Tshirts,ebb2dc542c2030de9123fd2dd7e5b1beef77db33a475c446353e838d480337b9
4074,Casual Shoes,f8de27a9a7e22535ca22ec181659a1e2757a950e81f33ba3f58649bee75b0686
4082,Tshirts,eda8211a7cb3fd274b3249ec97f5357825ce923aba2afa7d6bfd810c88a8365e
4084,Tshirts,01f86cefde6bf4a64bef945572f5a5063c7593aac0e0f1eff8c2d735dd1469eb
4088,Tshirts,c31343499e3c73275436dea8ae00051d607d77a9ab80ac1570e2910275ba9f4a
4101,Sports Sandals,8a24d554c21dcade42c83a2d144fbbb1e978e755236e7ae1274120360490768c
4109,Sandals,e3aeb3237f75d90bfcf15049a8ea0fe7b3ac03ac0ac81a2ec1a70e67380f3d03
4118,Casual Shoes,fd14244e7ca83b1ea6e057eabb451288ae63f75604a6056a5ff5c37eeab109c8
4123,Casual Shoes,88d72eaa876204eeffac1ad9383e11a9778c601c8a825b1dadc8b82b78de2c66
4124,Tshirts,a112c43dc02d8040fe4bc18efd5b396d23b271d4e8d9634a9f145f62f5683eef
4134,Casual Shoes,626f6aae87921d14634a4e6b9f0a935c824b944562aa587180f3506bf722acd4
4137,Casual Shoes,09cb4301d95a9452bde13c736dffcb9594f1fec248766630a77a317bf38d83bb
4146,Sports Shoes,50104e042847eb782063400af1d693b78e0d2d709e989eaffa74fe268a45353e
4148,Sports Shoes,0d06170e5b265e86dc9c61a717d860e5734ef1b603bc676e943987ce86c4d9fd
4150,Sports Shoes,27ec07a930ffb4b9786f6301c6a70f987375beb20635ca49e2afdec3eaf31e80
4152,Sports Shoes,34f373f1d39e9e9ca8b54bc5ba0916da2014e7bf44a29dab72ccdf0326731434
4157,Sports Shoes,20edd17b377522dd001db21aab0a5096bfd580ff23aba4f2fbb6fd4b435ca040
4160,Tshirts,66c70aca7067cb1acb4cdb49628d7e97b9b396ece4e17045eab1e40f3e29573b
4170,Sports Shoes,4c58fdf45d19a09e3a161425e4c97f249bd0e0a6a1fa373b8bb658fc7a233a8f
4181,Formal Shoes,c76eaa318e2958836d6d9a5921b7b8b340b802620eb9ebfd2275902244139f21
4184,Casual Shoes,b6784ee8cbf657d9dbffc0d388b6c5ef86a5915dbde1417581f60d98ff115f24
4188,Tshirts,0cdc86f743263e98062972ef4c866b8150b59f3698e4b5b56dd2948dd0570853
4190,Tshirts,cee6482cd1ca9b6cd0f3334dde263042e61bf0b65377b0708d8e3f4609509c35
4194,Tshirts,b1b74f40f8dca0aa7893118e14053c050c9beb9b78e05ecec760b3636ac0319d
4195,Tshirts,3718e95dc49d1fa28ef0b1c62d18c39b6a43ff6736da74f66549945c6ab04e4d
4199,Tshirts,7cd2b06b7a050e90e65d60803e5eba7f010ed4bcdcbb29a54c41591539b21785
4202,Tshirts,8b8e7d2d3efce5e0693376051a90816fb47c253b3f6d5b4ff75e0a445335e7c5
4213,Tshirts,1a13d8b24c243a029066e412376274976f25210d93bc76fd881a6579caf03941
4223,Tshirts,2de2f1083cdabe0d73dd5a2c62c9ee7d11528169e605eb196c487207d51e3e4c
4236,Tshirts,1710d8b459f33abc5cb46bfbcbeb8b4ebfb63413f858f4251465332f511dcaaf
4242,Tshirts,2d11513c4970e210b4596f740e33e9927d182f9b573256259513f309c6efc0df
4247,Tshirts,2625bafaf33180e56a5d083fb958df14fa71a6c595275df83dce16a6e4c8eb9b
4258,Tshirts,6f013bf31a6ea725c8a90e98d553174c1eda7a65dd20d20a6c50a2e634b30aa3
4272,Formal Shoes,f0fb53a62910b9e9db7eae7b992e8c2068377c2e341e3291e1ce6edf65024e42
4275,Casual Shoes,a3218d355b0d75d7ff0462bd5915c49694c689b0218541a8cca70847b867464d
4309,Tshirts,cdf1d015b09b3ed88c80049c6f4292d6ef6843c4b1cffa3ff867d058dd786d10
4324,Tshirts,f275c084f1df73f2be85de1b4dd91f41e3594f66217aa43a24e2932df84c7e98
4330,Tshirts,7a26044d8fa96cf8455991524ba9b74058f49545e88ab9bbe1553bd50411e2c0
4343,Casual Shoes,5bb7bd809a6cf2e238b41e3e5c1b67411713bd24e47bd43c55c0ea402fecb8c7
4354,Tshirts,7971f4e6fc94b253b81035ec4e047e9d9bff9f20dc36272b92c96f0bdc550362
4356,Tshirts,0a7bc1fd31cc4ea518dc5064cdaf2e01d389b98ea9082ad0e83cc39eaa81adf8
4357,Tshirts,eac84fbbbb977e7776fa411f1e9550ab3c8a16b4d8f7f4b5d3a1b83aa1215fcf
4358,Tshirts,fc84295abd3e86b588476d82dc6ffb39abe62b2d32a21109988d855668f5396b
4367,Tshirts,b005c8b4cd10c568d0699d1e96def2bf43be8e8cb144bc93f1249e9855d50210
4388,Tshirts,edd1c00e1df79961acff3f618a2be527012941ebba822464f616892bc0ae9ddd
4392,Tshirts,05ebf307a3fef7b07608ec57d868b81f35975e4ad8088f01408a468aaff73a5a
4405,Tshirts,820c223212052c8b2748acdda7c6c011c8127f640b8799b82069852e02db0961
4410,Tshirts,d1445124108fc61013f4b3fe40362e486081c7b330e02abbe26bcd30bd95e73a
4411,Tshirts,4d425f4f4d70fe155d694e771b01c18d7824e9dc20c5cd0860329cc71f65272c
4413,Tshirts,cf18d2e3fa94555e64f9feb3b9e6e3b53ec0849cce2116cd18410b8ec5f0abc2
4425,Tshirts,97fc49e58d5d17f1ea2a5c5d91f707c168b8183691d711d481ab34ae77938751
4433,Tshirts,62c74125bf2051ec2d877b1ee310bf46a70a83ec332e44f25c0fae22c593dbbb
4436,Casual Shoes,10e462f37abf1aa3eb9ae4abe19e81cee0a2c9492e6a06253cb9cb050087b11a
4450,Caps,d442b9cf78aa085f9aeb1e7abc37880f5cdd30b7cc4b4a8a54fb1b2e35881898
4454,Casual Shoes,99602bf02f6301c81a5de53d6e3de96bb5e045edd32850c03ba55a589c4bfc95
4459,Tshirts,e2b40a920d4bda5b7ead0638f83350dd2aa786869bc4898b083b111751d32d72
4471,Sports Shoes,29c610945e1a0851f5fa45a3a952cd95568ee8ba8a615cd879b86a4916434450
4472,Sports Shoes,485812539cc14ce5abf77a94ec84a0983fb5a6bc2ed03c9123f1799eae4fa489
4473,Sports Shoes,f3fc6bd45e50958261cf470d1892a8f84e0548c6fb03fdd7921cea5ce782450f
4491,Sports Shoes,56b8c9ae589eea8d7abc090129aa1faebf45b67af269f4b2dd608de64905d5dc
4493,Sports Shoes,c9b37541bee00d3375a333be6960223ae9a9ade304e219d1a7ebba1249a420d4
4496,Sports Shoes,f0a6feee869a793d62299180d06093704d462ef9192be0aee497c783d301c3db
4506,Casual Shoes,73451b71aafd7350866291e9aa9857152d7c99bf1c5538746f95b95c0273524d
4514,Sports Shoes,fff6d1960a3588b1f2618e44bb9164435286424d41ae919a73136ab7463dae1f
4520,Sports Shoes,b2f98680020abc0dd46cd7cec30bdf40584df8ec8728a3e2be8539e8aab9c583
4543,Sports Shoes,51ff2d7620f73d276ad76c5ef281255c405540b5f87db3e7bbcdba0018323a3d
4544,Sports Shoes,3d460bf498a83150f2b60f8ddef7fcd3c520a903b84d82a2859e590b573d57b3
4553,Sports Shoes,a176978aaa23fcf1adb4910be365293e08ebc85ea029acbd1e51a9ef41bc4424
4563,Sports Shoes,f9d7f1c44eca0cdf220ac0e86d0ba11f4059926b3e067251322dd64eebce1a78
4567,Flip Flops,7e5f4b1999d03e58eb054fa00049c70c7a88b72c09629e5bd6fa2aa8508be5ff
4571,Sports Shoes,f0294d4ef144fc76bc45569bc14810fe6ff0708d6bd4dfa2d6846ad370aa9262
4573,Sports Shoes,15a269c4903e5a491fb9b2985de904fcdfb4da5c03711e857594d8462ba8e60c
4574,Sports Shoes,f1ca894a47406d8828767ae498004cc0fb6432fe2077da96fc0436ef7a1a4759
4586,Backpacks,2eb305106afe0a9dd4c283a35146b33e7864a7d484c7a7978788ba077a8d22a8
4593,Backpacks,199170dc236f32b04a002538f93ad6f01bad60c1e108fb1c26bb620da01953b8
4600,Duffel Bag,d24eb403a4d8929a6b45dd477c1ac83f185dcd67c3aeff6828889238eab89ab7
4603,Handbags,cb8f118189df39fdca0e3e1435ed5331fdee078d10c82676077dd6c3e9bf1ba9
4605,Backpacks,2c214fb27031d921c8ba5bf56924a1074b7b3b6c34c53eb71910d690a3a4f019
4616,Backpacks,fa9bf7be7300b53ea3579d326e8bfe852c9bc53d9b21200cb64757d7df0ce05a
4618,Tops,d341568991689fd17d297bbedecb647ca23e9d31827b7608a6a5c8b4de3ca96c
4621,Tops,23e92dd75d05a9cd09b00088855205dcf07a9576d4e5dadf949bc8e167a12f18
4628,Sandals,d6ef4af5c3ad59507c6b9066d54e8636f3d6da79013c287544ef0880a4c67783
4650,Sports Sandals,e514c1bf52c304242af8ca9e9389036d7218fc624660d0388c77b84285cc645f
4672,Backpacks,202002e3bf60ae5805ef807421b3e5115db5e59c3bc99d5a067cabd38a363be8
4678,Backpacks,3ec4ca777eca6b940a2f488d0b6a9b8868aa7d28ef7910b076cf3da548634938
4690,Watches,17736bf4f015c757004b147450a29db1d2de7604b080832130eaf648a26c55d6
4698,Watches,7038a096be765d943285f3d720a8c3b49a23a924287ea917eecf35f840d18d48
4707,Watches,23a178e48e8484e73b058de2226aee1efd3495f36dec7bbb4e918b93109a3cd3
4716,Watches,c3c0ce8258c8398983483871b6b599635c9127d06a54bede3a417f09f2866d9a
4729,Tshirts,af1564b386df6bab0cdef034095031309144074e03b95d782aa7af52d57ccb3e
4737,Casual Shoes,6ae5e3ce775b9f97e67b65e181417273dfb24e8217fa3d6a3f46143373c7f082
4739,Casual Shoes,2b44c4fe125cd696eabbd9101358d58b8432bdeb3670fcef2e5a95abac47cb27
4744,Tshirts,b082d558542b5348bae20b5926105c895b6c19098a350fb45b42890176f79fb2
4753,Tshirts,8630bd0878e57f6c1fefb7fe71a5a3ed2d7f97d5035101b8dd80f0f015475a26
4760,Tshirts,4af4a4e9b27d71d25c41affaebc0cb2d893f4b09cec49a3946a2374638aacab0
4770,Capris,efc929f0839859d1fc8b99af112343c7ab6d6061e3b5eb72b6e7ecbcc6d8692d
4773,Capris,64812f04ada4488bfa2962f82495defa90d2bbf95be14c8c4b2b24fd70fae818
4784,Tshirts,ddb44f2ec28c29609065d8c41b6f6060380cf6757ebe505a5e4b735927680d76
4785,Shorts,641ed9854b226774cf560a5b151b8ecae3876a960dcfeb463f9652c44dd9a99e
4788,Tshirts,05229d0b43e2c8f4144cbd3a8a0b7b1cee6cc2dd514e4533115e8c9c1abe2805
4800,Tshirts,2bfc3e80cd84f6f53e6e3587dc3e57c063016283fa8b08f268491d981f1269c3
4807,Tshirts,9cc42db31eca8a972b3a0da89a72d395b76f52c929fbe93be751f524430b8ee4
4808,Shorts,efc447ff9fc7755143aaa9e991f2bdd08d0872556d4ea7e62de5bedb79c2e6e4
4827,Track Pants,4f4a4157fc3c871e4307e24197d8bc2efa2dc0f339b7e353d25433d82363b80b
4835,Track Pants,2c91a786f3c88d313ebd9c08d1f09ec4a615f1440dcd3029b139fea683d989c6
4836,Tshirts,fe7b80965df8112db66effc71bc2129c1a24abbe4cbb0a9e240f36e1de85a018
4838,Tshirts,7ae860d54da620b028c95d2d597d4de226387e15316803b4dad09a877330ad4d
4843,Tshirts,b31c1dfd9350458d8664515e9f882ee96b917c86d22a36e2ff576372d7827413
4844,Tshirts,6e6cda3e2267c473459f7fe6303faad6db7ed484e68f40e02d288307e69d708c
4855,Casual Shoes,a2b41d3a03d37695edd2d33b7f8087415981469ac774088ce7d4b703bce82fba
4857,Tshirts,57c9fa37f137e0732451a66499e80fc117afc7ed3003a9af1d1d950eac9cce53
4858,Tshirts,9804155dab3b8ffe6221d400ace680a906fd8ff12c68f549db936442f2ca60a7
4859,Tshirts,1e39545885414ac1be78aa4a36893ac9f9eecea94cd469bab6fe10fe93328dfa
4867,Tshirts,8b64edf5f87ea066acf29549e31961b35079ee9b82821e8a286be5a91a430339
4875,Tshirts,5f0d3481351370c4181ad76ec5715b73cadaac7bc306be337448c32aad7db17f
4877,Tshirts,98e00928c033f2d9e3d23cad3d9badebdc6ffc58189035579d472a72bbe2382e
4892,Tshirts,3128c1c4ba3a32b2b2058e502412c6d3a25cd6c30e973c1873a9a1d870b74178
4923,Tops,35deae64113860bbd450fdd1adcda776b06f6548782200e1ebaa8354a575c5ba
4929,Skirts,d215398f36dc1071a1daa63e67a02498f2a528514d5b6f1a14832b85d6c46c17
4941,Tshirts,756e4b3abb08233c2d925805e561d8ebcdb907b86ba42f43dbc8dfc2af92ba57
4943,Shirts,2f51b7e71b9f412f3a3d6637123284b2651d0206040858ea2f9aca7e34085b10
4949,Shorts,57b6ff6d886c5fb342f11602dd4c29b1a3b1fcdf230fa38e6765e0c0d87ac9de
4953,Tshirts,00026c40be6dff44714cf8d39db4aff99f98627a2664b2cb5b4a0c66bb62c714
4956,Shirts,d93b1a01ec7955c773bd14f11d61a7116a318b5a611fd1bf20999e3ca7eb6749
4959,Tshirts,5cd1be6293add410b1dd68b599ad6c912fde52c1e58dd2565b4defa7aae5a7a1
4962,Tshirts,d96bb24b3e4069ddea700e02225b044b5b65c10d4a9826fb157ecc957a6bde32
4965,Tshirts,148447abe30fecc20b56b9655de5f1a9e5a927d41ce64de3e4de6d7a7a7255d9
4977,Jeans,11eab837274018e4e96a4421aeacbde7478ab060e5c265613b72162ab6a649c8
4979,Tops,4326cf8b512a3cfb19fd024c6a63fc6bae3f8ec9dfbaa9d9f628166cda9d1955
4982,Tops,61c46822746088ea7157207ac25d21a052c29d12a4ee348c4c6bc6e76a259f6c
4989,Shorts,000d7d885288d974a92265587a1ef85a943764831c46cfe7b76eb72dcd6cc71a
4997,Sports Shoes,40d0e506147863c9ff4199b2a7a24f513495fa321499d8a3af47e61089694848
5008,Dresses,5e5b46d2c6cab5d89acb645e095d3e53fa6e61d0e4e2805028e6c7dcfa0b5522
5013,Tops,56590a2df8cba649d88df86df0814a349f76ec3a659988bcafa4a677c7c5043e
5045,Casual Shoes,bc67a72809fb2a56f8e140eef21be5ecb09bba313af6448f0377ee52195b5e2c
5050,Casual Shoes,be1a8557eabf3a20157082e1d6b8cefb2f54939d60059abfa2e423347d922507
5053,Sports Shoes,36ef2c7f42c2352aa9ef8a45418e360019494f1b9ab7833aa16f558ad56fd824
5068,Watches,465abcae3d704cf53035c661ff8991d4af3d31c67afb9dcceff2a6ac1556ed72
5072,Watches,8ce0f2e2347a63d81511765a7909f43205c1da55fc5d0e8317ba5fa8b265448a
5075,Watches,b65f392652e07395102157dc25661a0976356a5cf1459a1143bf440480ec3394
5079,Watches,14af06c576fbe56faf05ac19cd84a41ca5d7e03a9cca0086ab137ada646f0487
5100,Tshirts,606ef38c97aa5675b32d4fe5cc4a4c2fe05f6f5e7f873491c0b3f530f1b2c244
5104,Sandals,113dacccd44fb6e48e0fadd54d0ce685c403e555eb097f7caa6e023df8d9b28d
5108,Tops,d1086cc2ef00c0da812285b0aa0d8d20355a85163d3cbc1beacb87fdbe14988f
5122,Tshirts,4e52dc8b8ade91089a0bfe3ab15566874e4259af1e13c1f62de43852ca5c1b7f
5123,Tshirts,a048ef143bbfce70bcdd2c2b261efe97f53ec42e07d5cd563f7eaec53d78c33f
5132,Tshirts,595758f44fd377f07d77e16fe3f48165c8a56c3ba933972e7147b6d065faaef9
5138,Tshirts,8c101887676e23b9364f3ab53e392e9f497515d0ba4d4e13f2025035bc49fbac
5139,Tshirts,54993d9520f4e32339942dafd5c4721212381fdb5b7339291a05345dec4d1d1d
5140,Tshirts,0193ee6bb96069dacfb5862ed3ef372e5a67e8f1d00ed4bbedc9b601583f0b84
5144,Tshirts,299c390fbb02ac7aadd31f2ebcbd76c614fe80bc1b3c415c2ae02d6e76af62ee
5146,Tshirts,34e4ddae1e4da9bb05882f507cfc32d5e33d10fa21f67e617406ba3df0e0f896
5149,Tshirts,047fa5884678aa6ccc5946999babacbcc79515f6662906fcd8577e2681646fa2
5154,Tshirts,7ad266bd9210fe7f5a2304352ac4d736e5f0ea74429be9e337826f0488f4130e
5156,Tshirts,be5a992eb54c77269cdae54e0c1f87aff5182203479d520220335eff10e1f3a5
5172,Tshirts,e34a89491f5ec9c29b6ed278bfb0f51a5352d096e7310966f20e68e41c79ac45
5174,Tshirts,6b72f1b69a1aef6b631b885f4faaeaf8b0207a8903c18eab14bd8a92604c624a
5180,Tshirts,14345a51159fd8c2c4d6484453f2fe4b188784e470962e0d7c7761a5aa5faee5
5199,Tshirts,eb422ddf8428b0d4e37929f720ca475a4e266e66253c27ce8b3bbb66e86a5d98
5208,Tshirts,fc87e910a250420e3adbc19f8c8ef406c2b558bbcc6456392366cb3ce8e88166
5213,Tshirts,d9056735813b70af139f6ef16fd67f0649ffa84138761d1083337b2e8825dd53
5225,Waist Pouch,71295f668af3c95c2c982e6981fc6925e830263e7e02505c156ab225287a011a
5227,Duffel Bag,9eb59417c5fdb754205ffbe5b1f4a4b3526658311d950d6101123828758560d4
5228,Backpacks,41082ab6798405226551fe8296ee9babff901ce55fac68b456a0e835bf018dca
5229,Backpacks,409f410c201044fe5b9865657f0537c53db400ba512b5a0dcfda68e00b02cf72
5233,Tshirts,faf877bde18d230070175accc88381fe2375600aca46d44e0fb0d39b3f16c67d
5238,Flip Flops,e00941ea3017d394c4eca74ed08f7fce39b0a778dba7c27911b447e185a1dd33
5241,Sports Shoes,a3d54bdb6f4ec467402a90f0e1236b7695a2c88bb624243d656900d0a45a29ff
5242,Sports Shoes,844cca67d35315ebf169f941d9192556c02effcc00190f6625b93d4fe61d0483
5252,Backpacks,feb58ae9a8555e97fdc9c82aeedc60df0c49188253d0ad69b020d6e6d9b415c2
5253,Duffel Bag,db4a761d27c4f87a8e081fa35009f6be137390ad1f1ab92b9b5b6ea60d03940b
5255,Backpacks,448be46c61d4b4da908a53a3a5d32d684815d4bd6580de82d9a60eb69e1208e9
5265,Messenger Bag,d49d82c947262c7f7abef428e014c398e6981d7f90cf76f5f63240f4c15ba977
5269,Duffel Bag,5a80fbdfaa5879231476aef6c73acd95372ad5f98718f2074f1ec62e30088ff1
5270,Backpacks,4250ab349b8146830821ac4a7145c7b161eb10b3a62db27fc039ab3e2a489b1c
5282,Tshirts,4d49fff0c5fd8cbad248731bbffa9c3e8fa2a07578ec33f2684b51b82cf5706e
5296,Sandals,e30a0ce0fab9331525ccc598a9180bd3960a02bc70ede863efca76d4ceb6e16c
5317,Formal Shoes,578d3876a57fcfe7cea02d13ad08b1c37309859066f6cae8726424e01b330323
5319,Sports Shoes,628539ea0086757c9e8793ab04ce8fa225525e4bca653dd43a15674f1b49977d
5320,Casual Shoes,fa08af996a2d8b548dc17a5e5bf111b687534b2462eff9e2b8df12ad25b401b2
5356,Sports Shoes,5530bc09ba021f4ca79011cab2cdbed004b1eb1e5d9e1665bb293ba5db2053ed
5368,Sports Shoes,d9f8f8097622e7168ce204f7a22e07a5539699c0362eca0ae4978078599358c9
5371,Sports Shoes,511758cc88fea0f87b878620472d7fc1fedd1fcedc28d2a19ab6a6f590831514
5378,Sports Shoes,8916972cee8cb11d4993d433d846a8b6328c0d9b5184494fdd6cd59ca936970a
5392,Sports Shoes,bf51ed6872c604d6d16e07e0402a38bb1c9fc79f865e4674b4d6de7772906e71
5397,Sports Shoes,fbf0649be1484daf80619e2b7d4eb698e6a6014bbf686693881a9352617d9219
5398,Sports Shoes,27f63c38d0c0fe93c75a84b89b01c4f27121c1d17393e192f0941b3417ac091a
5399,Sports Shoes,232b0529783d5c3adc42f18635b26dfb876615535971ae7c8275b9e659cfeb3d
5407,Sports Shoes,c1452ea3c6cf6f14615132680d7720f3cd80c63696845d3294ff2539af6963e2
5413,Tops,5d5a312365b8fdc6006b7152c69b38ae22d60060801ec24d67e39bc218b3276a
5419,Tshirts,19b3c5b000d27b463b12a86562b657de1602b9e9176a765cb31bdd825a3e51a4
5423,Tshirts,7f4f9a64262b1acd760b7f3ae8ecdf7ce262fb1de776a9fcb159e30a62630dff
5426,Tshirts,ad4aa5d202ceafd81ece05099e5a92f28f6b640c1a099ff563538b4a5acec189
5427,Tshirts,33436a30f272066955ea5f18b7e9834eacce72be8d5f32491ecb97eb2fac87b6
5431,Shirts,35bbb9cfa84943b54f44927cb2f145f4fa691dea7323be3cc62b1103dab0ae35
5432,Tshirts,f14989656b9bbd65ea40be73cd2093d418c5a5f2dd178e87b2e4a7602bb3d348
5437,Tshirts,aa9c59aadc471a57cd89fc59b2298c028d44684b98e3299cc910905b971036b9
5442,Tshirts,e439f9f7c06e5a32f148efbcd1c1eeb4a5f3ef38f8334b63573617a3f687f195
5446,Tshirts,f7293bb55e40c7c6d6f6a8c3d2bdd1db178130112edff73c8242c5bcf66504e1
5448,Tshirts,46a4904a7bb6011524cf151c980806db1a1261d2c2dddaffda90571074ee2df2
5450,Shorts,6745d8e3dab19cbbdbb70711018825ce92b131184b9d76ff5e2e8e6b27947b3f
5458,Track Pants,21eaa487cbb449633f9783ed71b02dc6263676e1007a6753d62111bf9fcf357b
5461,Sports Shoes,a6970dd1333e030e049c28392e15bc4703db9ec897233d7ea20c2aa7a53ad7dd
5467,Sports Shoes,5e8f843b7b908aed77fc03cf880a2044352665d91e40c428197d908dcbc0c1ab
5488,Tshirts,cb6b464d821f903196dc0c7e30019be36a772c12afa7be06d48a042ac2762275
5494,Tshirts,82f6ba50f9a1524fa76f154d6e76548c33c25e7563b316f64e0307f709b0fcf0
5501,Tshirts,2a7e5ed824d5d304311a668ff598bbf15af9bda3ad496e28e2864a9524c7f646
5505,Handbags,4347fb1459dee37072855582c3eb3acfa631a4ca60402c078f5acad658a53a0f
5506,Tshirts,cdf458d26d185ac160a455473c98f3f6d3d095c9ba0d2b7c17bdd7cbf57133bc
5533,Sports Shoes,9c0275aaa9115b1439aadf328e2d98d5ca86c9ce826f223737179b25caf7f96b
5540,Sports Shoes,8d6dd8f9cc9602f6d00839bad13511a699a3be214b36cf6c294d055b68aef347
5541,Sports Shoes,db4cb20e47f18b84d7ac226bb9024c79240ded32c9517bc7493c4f0362c30684
5542,Sports Shoes,b68adaba625b8ac59f0978ffeead08a19d87d6ae2b97a33171267bb6af86d71c
5558,Tshirts,16dab2c560803969226d15b9234351845315d156a560bd0e11cfad2c08fd3902
5560,Jackets,10600ddeea3222680a8ce8610fc28f8c968f55898bf219f7a9ff0e598611894f
5577,Sports Shoes,90367a7b5dba0261b3948be4ec856c7dea1b83d517dbac383c8710afc66778aa
5585,Sports Shoes,537d50fb4d138da1d1082da393fa5ae4badf5faf0e004aa326f89570c2291533
5588,Sports Shoes,6c71b6ac381f75d22db619b38c279109ea19297633f3448ddff0362ff548b086
5620,Sports Shoes,c75157f2be90da8cc7dce712b05533dd72af773ae3f604e98845ed2dee399dec
5621,Flip Flops,1bd6e1671af41ab33733c514bdf6e77f2b2664250e030382478912db7206b67e
5623,Flip Flops,8ea11a278b8f340c6bda018ceebed9cdf3b810505d3c031f4f4744e748c71baa
5628,Flip Flops,8972909baa8164cade0b6ee7393e4409aa00addbe651a14368d7187e8e1d5ce0
5660,Tshirts,8ed50d61949dc973da92517251888f5d620a03dad5c8a8976aa7402991472520
5664,Tshirts,a219426ee68e4334fb6736a1e4adf19b5d9cf891e28aa0525e0d84fed4dcf61d
5668,Tshirts,7f854da6c2f1e4197a999d546ea31f3ee48582739ef217f38c92cb42deb032f4
5680,Casual Shoes,ae072c58d8e2ca518be7806e65d73290fec8fe70aa176a003ec0edfa75905e83
5705,Casual Shoes,f0af450558c213e40f704413b02c4c8976ec0f74a03e2093ad11fd45ded6f65d
5714,Sandals,8f98b918954c9724c3ef6070716c1973a80df302ea0ea4961eb283137bcd4052
5718,Tshirts,1f8980cafd2dda8120ab764b75be34caf7cf8f3d46e6e595803a752d794864cc
5723,Sports Shoes,7c6113215d48ce1d0b403f289c67a1cbc54846abfc9b2d6520027f363c24ea5d
5724,Sandals,a6b350fd5c621c754aa21c5faaf0c63c2046a8243c3b32b297dba50a3aac1ae5
5742,Tshirts,6ed569416e9c3e50afdeecf82a381dc8df846ea99ac719b0600b6d751b8ae0c6
5759,Tops,4ecbbe0777f0d37169c8ca279802b1d0585938dbb1ec30eee77084bd29cf2d87
5762,Shorts,0e45432dfc3310c081e40594295dce97c7fcd252826a77a8e2226d17d4bb8e05
5767,Tops,b42f11f52f45caadd3fc09a7fc83716cb736f49495ca87b4f6730a4dc09288b8
5770,Tops,0aa5d360b91596a2dff3002a97b84526f5af97a5d527d2c5d7ad2bc6715c5448
5772,Tops,aedaae2e80e41c02d74e7f1d7c20e85d1f6b9c27ecc1646e0ac138f64068e6b8
5774,Tops,263636d4fd707d5c7348823ada66517cc276772182fd18019316ec20a8ab0cbc
5793,Tshirts,b6fb286f7849a81cb2f78f1f358008b631aa6a2d3515707e29187239c2bb2489
5804,Jeans,6a754d2725b114dde59bcd84134958efb1118ef78635ec5f0eb929a25481f49a
5806,Tshirts,1bcfb872f28c70420d139319ee104a051ddf77cba3134f0287cf6e0ad191a57a
5816,Tshirts,ac2aaaf652c633740a8ececd28f77bd4b6dc89dd244a6671510533fca783dd72
5823,Tshirts,5086170fa489c17811cdfbe4dce3ac929289f6794aa09bf41b85380c51ecb82b
5824,Tshirts,5586c4d5d7d6ae6c730b6246f8220d249a4a300cce6f9785f3307b6982570f25
5827,Tshirts,01b3ccf4659153cbef3da8e5121cd8dae909b549fd9e8b035afd8d3b283b40d8
5830,Tshirts,3ee8958c810c786f5c509e8605a9015990e3f36b6a2d60691ab7ef479f9b0f54
5831,Tshirts,67552d4fc1bcdc7ff194f9da63c2c2954af6837f1f0b59b280429eb6ed1d186b
5832,Tshirts,966752fc2d122540c1c17f0a3dd176798cc4fd0680a028e4cb3bd9480db522be
5846,Tops,bda8d63b4cf7bba4341b2f39d139bfb6fe1f8c3e3291eea426d3f1caded52012
5853,Handbags,67097ab21e52b6276d5e2ba0d2ab1d2d098ba16eb0118d84ed86cad18a3b8908
5857,Backpacks,03b04bbb2f93029215cfffdc8e0ba3a6fc6d84fc58c874677094ecc152b720f8
5858,Backpacks,1dc67dbea42b7fa116a5480159fca4f74c60a87c2c167fcbb3e56cd5b1b3971d
5859,Tshirts,036b0afc724bdefdd7e2a387b70ca75a9fb12e44983550ba7b57459667654e05
5862,Tshirts,89a9cd29d7b84feb69e5cfdad7097822c7e958d0e11909780682ae7d43b7ad7c
5864,Casual Shoes,43ca8eaf5121d6ae46b2df39ebff9e1ceb9fc469476218c1ab52b16a31d78d5c
5867,Tshirts,4fae35bd5894a82c2ccee21064b1f352128bc8f63539d709da7a52e6b334d0dc
5873,Casual Shoes,a078718d893e2ea6d3ed799da6cb2cdac981895ec6df97d9e6f38b9254817584
5877,Casual Shoes,bdaa0025c18c86cb85a89421828351937861291d163a3feccfb5cff6e7b9b56d
5879,Tshirts,197121fa707020bc83a63162576436d17bcf4dc57c8d0875aca85772f3d7e540
5883,Casual Shoes,c9552373f339f9e2579fb080c8845abf852db6af5b40b2d3e39ddfeb16ac74f1
5892,Tops,9521294bff1643b3978806958c1eaa070fa4f9cba38f8599becbe7e2851dd02d
5906,Casual Shoes,b4bcf2a1e047c666be3a911edf004121cc47be6b0256838d68f875051150a765
5929,Casual Shoes,eecf76fe18aab8508acff7ccffdd7a10d400ba6388e8d69e9b2148794841462f
5932,Casual Shoes,7f3a6778d2e245d6a97bbb868dbfc283b4d7ee145d0534c8b862b0cf690a0b7c
5942,Casual Shoes,e78f2bade85ad52e43918ff5aae04da0303dc306ac89ac1ffb0dfabb62d4ca63
5959,Shirts,fcf357661e725f527f1bdfcf91ce2e02ffd94d9ecf3ad04f6873325e3fd2d662
5971,Shirts,5bae0852898955c3a8c51d8e75ba5cb69fa34dbfee1469558a8d78336222f13e
5972,Shirts,f59472a7328e6efd2567c40e2ba815ab4841bfb0492d512b3a3fd82ff7e8f1b8
5975,Shirts,c7927dcf0476b90c3a40f5643f6f92378fa55cea7830b9dfbd8527c0f31b400a
5978,Shirts,2bcd6f336c1218a11fb3eee1fc469f2067fa765f2313946e1dad803133dee002
6001,Shirts,908e76be445fa126e71b71e97f8987895becfee21559cb6b38d2ea0e60a53ad1
6002,Shirts,a444a30a45f1656e18021010d6c358808e6917a9ea65cf14ed9d579e92d7d508
6022,Tshirts,a7f359a2d083a0ab589062997606aba8cd30d1978f9f1142ebf5ce0b52e87b34
6025,Tshirts,78aa91ec41ff7e07b542f12a16398137b06e635e9524a38ae154d63abe5ea45e
6026,Tshirts,0f479f52f9edf5485357dc09738feef11a312ceec20b69097e3db3d958d7b40a
6040,Tshirts,79c7458e3382e3ef5f6644c346175e1d96f1ba15da429bc19daf2ad3cc4bd569
6053,Tshirts,a8877a560a3390f2d071808b284271c4630e6bf088e2d57a346a6acee6cc7ec4
6062,Tshirts,78a2b151614d828081298290349962be419d4ee54a449f023c8bc083720f5b5f
6064,Tshirts,a35321a9d8fdc0e92d201916424678fbaa11484e15e052fb025e5a5f09b75096
6067,Tops,eb5f3e9985fb48282a84e708ed884b0502b61b21dbe292081c290e71b40f5bce
6079,Tshirts,bcdadfd636703d0adf55499399d0f3e6c13953d11bd75350e54c922ecec216eb
6082,Tshirts,5eb0966981c9d44297c84b19e893b75bc4e7eb29c49af0ab09173a27ebda25c4
6088,Tshirts,52de8f9df677ba9b52968600dcc4de3aed8b676848aae3c7ad3c2e413a0a790b
6095,Tshirts,58de00c0d963b3b3ccabd2843d0da0817f3972222ad8cbead7e5ceb890226c20
6106,Flip Flops,c9706926e9adb204352ad21d62f881a01f4bafb4ad9efa64b3f537edae898c34
6109,Tshirts,228bb1d30e82a8b599f8bf61d36084a7cccfd5e87f373142483a5175ed343d89
6111,Tshirts,17fd5c1f06665193208c779a006abf8a9578fa48f9d70d7477d17d5db801992e
6112,Tshirts,bbea298341e625e0417e4cf6954bfbff2ec5c3297d38b2ab3770bb2cfc7278b0
6119,Backpacks,6747b098d7322ddf0d79258afd026b00a05f1e3313ea281e5f73fd6d8307bc03
6121,Backpacks,209bcb5f735b0b6451054b4544aaaa5a78655f2bcecad9c89864aaed651c1516
6129,Sandals,b1ba8cb8a72d691361ed1d08af29c6c9b2f60bdfb1c1c83b5266b5a7db6c1a77
6135,Tshirts,83f9c75d343cc1a121f50ab3a96a83375df1521459e764e21d66dcb43d8b30ba
6136,Sandals,425907929d476b0ce9befaa8de6624001884d03d9c6c1e838cde6dc0ba014212
6138,Sandals,46121ac5f24b5e924a35a2505d908258e275cce16da3e849342846e503335107
6142,Sandals,4299bf408be82a6ea9b1144c75b23d7b1e731a8c3c404cb191b2ae81acb2e665
6156,Tshirts,01b1dae64a5f8ba8621aee44cacb8af8794f7c0be17efb5b8a1fc644f8375a57
6160,Tshirts,29d11d0371ea040bd395af040366a6b40563f090459ab07287b3f197cd35ad3f
6163,Flip Flops,86325f7747dcacbbae2093d91f3700402fce48b4b817f238a4ad151a39e6dd4b
6170,Tshirts,9ba2874ddc0d22e0701b355478f02f982419a6ea266a9d5e3c5e05d96a4b5271
6178,Flip Flops,2b4fbc5e498ee1bda8b4f3a83c409955fbcf1a4c973f455ccb3e2f2ebc67d000
6182,Flip Flops,bb6e696591b5704ba7c8eceaab4c367dfde1c3b67dc0f988c68afdeef537ffe7
6183,Tshirts,62acca32ade0702a9e5cad7d17f3125bdf2223e233b30c565bea6c4329035ae7
6185,Tshirts,2b7f11c00dfde24a7a8f26935808c396c7bf5d82f99cf4f0d75b3f09c744f9cb
6190,Tops,9f4ff8062f0f2b62d9d92d36e1e17fa4c2c150af2b7da48a052b402b32845435
6200,Tshirts,c198bc7af22c1e279a5df7d034f252f171d52869b25ddb157ec7ef61f0644a0d
6205,Tshirts,0b1e0a2190d04a0d10938c7d67b78f0cdd4b3dd83f4e0712e95515db38047fd1
6206,Tshirts,e066829de65163a36918764ce746754058379c13967d14c8214e631eb7822425
6240,Tshirts,1e4533d4645883a0cae4a8eaf8c4c68d2c7435da7aacf2e455209746ecd8fb7a
6242,Tshirts,24f25a8a8ce251e53b5093e206561873ffb4bfcd26e07697b2c927925052a537
6247,Tshirts,35cd17a08848a91e0905490b42a4563e2f4f7e0248b6f222a2483b463ac5acd4
6255,Tshirts,765eec64dc74e5ec1ce985dd1fe467547f9b70275975ff85deb34b786aac7391
6267,Tshirts,5c96f34bbfcbd6e857e7c45e4a4f7a88d9daa45d7cb6f96d83ec3d52bf857a7e
6275,Tshirts,63ca02dfb4882590f78494c847a7e7d3a3537968b96a833e6ed0d42e305480be
6295,Flip Flops,d57e512300a0873ae892285efc352f168010f6ccda04c56fb511fbb416439f80
6304,Flip Flops,305d9fb4dd7882b1481cf15ef96a3ecd6e840f8e92a9ebcc9df6180a6248af85
6325,Shirts,7fc31d7422d7f8c8abc5e18805c0591110bb45378b13a491590d6e17e7da65a3
6327,Shirts,80adef11e7f5daf85e5614a6c0c2ebac90faeb79ada9b3e312d18b501f8615f0
6332,Flip Flops,02076a59130c86d627cf755b018159e5e0cc0434f5022f1411032b9dc06acd31
6343,Flats,782a5fe7eb012c32cf26ba2dafc4027c6272dd37f96f764e3a578235243d08f3
6361,Casual Shoes,6c9a62f6f8ed6734bccb770ed1bddaa82c1ed2d3374d96ace8c87f0f8d0a3ccc
6366,Sandals,565f095b9be5c9476e8104bcc964eada2f7df6808196422ff724abc58853eabe
6371,Sports Shoes,d640414d8ac9c9b62698d351e845e0188f73a5f8a6acd8588118b954a567a7e1
6374,Casual Shoes,cdbd0aa681439534258f34f4a056dce53911b62e9812ffe04d9d19e5c124d09f
6381,Sports Shoes,e4c4d3294b85385a1e03c1ee5b4ccac8935bc9fa43cbdd1daa7a1291011f7832
6383,Casual Shoes,e114a4c63c74edf20931f425718623936eec72c81ce65869ca0b0cd6817b56c9
6386,Sports Shoes,5366b8f0216408ff31e9974f178f6e01049ba4d1a18c1ac331c069dc3739cdca
6393,Sandals,85f1e9534b2a7724a6b10dcfbcf4a5ae0e149de174dc53eeb61a2682b6609186
6397,Sandals,aca8a0dc2265003595139c241a6fcb441bbd59db2ccc2ebad309ae377ab72d2c
6401,Sandals,54c2fa530c69c3357fd73a4e3fd93a70e3448a918ff818ade8da6385aaedeb0b
6411,Flip Flops,fbf285cd0619f4140e1b7db28c1b88ef58b11a3d3ccd5946b5225f5d1e5c588d
6413,Casual Shoes,fe2d3fb15472023c9a20f74f8b88f16eeff0b993d4f392d259e647ce62c6feed
6416,Casual Shoes,622fb8b406daba3f5d4834d9b1801e8006a645ce131adcc31330ec4b0474da05
6423,Flip Flops,ee64a56488f8b16c74c98fccf4b47be898b47998c016d6507b3911f8b608b8f3
6429,Casual Shoes,f1d3812740cac166dafe578c0ac24ce20ccecd53715d6c7ab57108c2bd46dd1a
6435,Casual Shoes,a8957cd8015d140d82b97d7719904f57c7726a30dd46865e42651622c2a7d754
6436,Casual Shoes,fe25da0cea325e0a069517e7d1de09ed979fd2fac12c67151de86c3e33b0ae89
6445,Casual Shoes,8702745fb74229b5d3aa744d66b82b1b35d3ed8f360ad5b48f3620459efa5f4e
6452,Flip Flops,719e650e497d559e407f003919768c291fa2bf68ee03c89aaf08e26c885410d1
6453,Sports Shoes,ab1fa0c58b63dd341801fac01fe5e44041a585b2a3e4aaf0638fda871da92434
6459,Flip Flops,0d6f8cdba4a1ed5c1025bed66083aeee3759f5000e59d1fc6fb0c14a6749a8e5
6465,Casual Shoes,67195218913b12c7f1e3c349e7de6b34073755f96c8d340a228aa44e77d954b6
6471,Tshirts,55cd35251907662bfcdbf253a6ddee5c04c3e58fd5e0030560e2956aa7804fef
6472,Tshirts,e2396de4322265ca74d83fd71b137c19589122cf36630e2fe8ace4ab492b37bc
6475,Tshirts,b05b748b399938d9996ba7f5df1af1da6c78422523e17d05fe851bcfb91518be
6476,Tshirts,750b01d9a083714bb56aca1f22e0c2b77d74afcfbd201ff261069678814ae999
6487,Formal Shoes,02a4d20feebe661eb608492e50e8db36fea116d1d5f6260e59806249c560da25
6491,Casual Shoes,2c83f8dc6d4dbbb677c80c98581d5671665a5408e0f52e44fb60d9329b52ff35
6496,Tshirts,6366e291a0acbde2982a798900bb4aabda270149395cb257668fd512f098bed6
6500,Tshirts,4e50bfa9fabed35a3db10410b50cbbcfd074ec45ac5ddc297d5b7d237b4b1258
6502,Formal Shoes,4456eb7e2666c36ecb88a5c2d63b1c03bc7afef3bef819aef400dad11dacdc11
6520,Backpacks,0991a8508dac237ed11ec1f75e016d2d76dc4af2e81c46faabf2256d486c3aa0
6521,Shorts,3eb82460702c3f5c0b21be2d80f26ad9990b2039134acb3984ec0f6ac82d6cea
6525,Shorts,3981a8f5338c736c73a2d060c4f5aecaf4b8216215ba924fca057684618235a9
6534,Tshirts,8492b2d1a95afb91d0236bc8ff2b4c2f2fb9971368cb0360703a828958493d23
6538,Tshirts,f0e84eba291d629165c448bca8467ad573435e3ab0b3535432a36778de30b2bb
6548,Backpacks,2345824bc33b7003db00c4b4b86dd1b459fd3337e675c47dbe17ebfc2893decc
6553,Backpacks,fc11dc57a4eefc0094ec138b4120aa6a2dbb0947dc42827cfdcd400d131a719c
6570,Tshirts,eaa94f3bbc232fb3c0ba2f8606af68d4f1c419c0a5943d1ede2400025cd5efe1
6578,Tshirts,fd9073612b2c51d72b356d9c5e508d26d47f52257e8dbe12f1c3b215b37ed593
6589,Tshirts,5525eebe77e53a94f9bd1a444178f95e9da2a7ea7a61f0f86a0e92087f6d7006
6590,Tshirts,486f5489a60ece5b5c070ac26ebe8185483725f0af0852a35d3c118e1eb317de
6610,Tshirts,0b40ca3b895163ffe72f7d9c1582979bb8c0236e39cba59740291a776d0bd656
6618,Shirts,ae4c1e550f360a4da7658ac43986f51fe6491921cc90742dd6f1fdaef78ea38c
6625,Sports Shoes,366ffacbafccb158a84495f9618532c8ba28da2d07407e6272972c48741d7c27
6630,Sports Shoes,d5fd442f0d12f69c6afb784f812e44b06ba95ac72b7d501ea9d83e31a9ba654f
6634,Sports Shoes,259e5483286d1c3572b0b344968bcbdaa9edba1a5052b936421e6b01a7f3838f
6635,Sports Shoes,b4100b399af659483f1be62b7affb9c513cc1a51cef1c59b4bb4cd215a76dc96
6639,Sports Shoes,be2d9a329a3faf84432b822fd1d5dc77bfe3c6cdcf101673f591af5d8952dde8
6646,Sports Shoes,7beaa4e0a01dc93d112bf0bdf9efe27fb314136f81f1c8a1e7a735aef75850a5
6662,Tshirts,da573722aab82cd22f421cd5f703c01cd9ae6d7b5e5768692ed926843b001282
6680,Sports Shoes,a55949081b7e57ee162e539a27a5ad4bcefe2784ffc1768b0e3fe7955118943c
6681,Sports Shoes,4c2cbc6898e27cff225caf2aecac1d4204d7712d918555d6683866f07d8329c8
6682,Sports Shoes,4e5391eac71d9cec54914a9ebe7823399a48883351c9c8c07cdebb804f5d8064
6685,Tshirts,7d19fafcc972de868016e546f02c2b26acc9f2c6f2968d0d132810907afec394
6690,Tshirts,74cf8e0969e68367f73c5a31552f709801bdbc52fa37addb967d6dcff1aabe3e
6698,Tshirts,aefcf35dd2722a3f802a6965f84c644ff7f45d3ecde06c7df002d3911186731a
6700,Socks,2ee118313f3934db6b70e01292056b098353fd5e799382ac4e399f30ec1f8a63
6704,Socks,950dcad03cf4483e393dbfc4f4c7c5c609650e859354ba0c6dffc58027e55e81
6707,Tshirts,4be715c1a4404381f9684d63e0c7e6581954075d164cbc4aba38460c67a788b8
6715,Tshirts,2c825978047c19b5483b986b01f07397877f247fef3cbb7a05d5740418e84d7c
6725,Casual Shoes,a41bbe2ab9acff52236897add4c4ec3eeea7a1d3db2b8890cc6501bff8afe9a5
6731,Sports Shoes,66d64a5f9d1473eb8710a201f5d891ae250ff835ae73173e2982903dfdb3e1b6
6733,Casual Shoes,29a6ff71bdf00f7f738a876645a9f662d1e43e81153bd0282ffaf3b889922ab5
6740,Sports Shoes,3d4ed90ee16c099aa7e2d55bed6a2298e0679305b90fae1c8275bc0c06553ea0
6764,Tshirts,1953fc5736ff7ed20c18bcc291bc79af576e7801efb851f5a02cfe7091a52250
6765,Tshirts,2933c02bceccd935b542fc4ad93d35a3d86b1fc4492c49fb50774f8f7b2156c0
6771,Shirts,95364260c31c4fd0e4fd6e703fd0180593b9d8b5e8ed684b82bf723ce2dc5859
6773,Tshirts,ab23e112029126426fc828e8f084576e36fe8e757e3f7b1af36178a337c2445d
6782,Shirts,bd30c13b76bbd27cc3f18aa89133647fb09957928d40e1a03bdff27b37fcd5c3
6791,Tshirts,57114ca2449cfbc6ef46c4808ab5de8d8d4813de77c657276a6df5708b330b17
6793,Shirts,2cdef1525a372d78490b86593daadfa44ac7526be291b318a2645a7b8c448eb5
6805,Casual Shoes,064a0e397db7c12979160e93a27e336e1568f90f21bae59e20d0413c852fd016
6807,Casual Shoes,8a12e2edefa5b52a9a1ea05c5dfce10e55817105045ed0dcb34b48d47e26a762
6823,Sandals,c558e911578e6b2729dee8f15a2f1faf2a0562252e6b90ae5fab153fddec9c10
6825,Flats,3f2fee4e014a078c331ea789a1f19d8ca3abe404b54b6ab4b192b93c8c1f7216
6834,Shoe Accessories,895f019c452a3852681fa833ad20b219cba875205d07991ee8a03fd8d3f918e8
6836,Shoe Accessories,eef5b532f7dcff78de89e5536f605042caf2a0103c0ea712ed3c374012f3464e
6856,Sports Shoes,4a993d420a2f43a35351e30aa406f39ed52d2125aa646bda2307fca61569d131
6857,Skirts,bee157dff57c7cd9420c2bef80aef7fb26acadc78e14b4a902c733d381a2037b
6863,Capris,461b56aa789bf76bc2b9894b2be40a1e1c559bd4ac23f2fd3cdde18285a6326c
6870,Dresses,fd22c31e1845c9da0fc7e02512085c61bd2b5bb6592982f09fff9def0aa65f0a
6878,Jackets,97bc5d9baac5eca8838c39afa66b03672e08358a9b30da130531801335b29d07
6882,Jackets,827ad7e9f56d3ba0803fa04d0c7c1548a77b6097815d6a428fb504bdfaac0340
6884,Jackets,f080d9df64cfcdd55d19a1badc66e9c0d58e618357321e9b1daa3ca84e575aab
6885,Dresses,b22eb606f461d401ea9155194546ea12c87b785e98f7f422bc65ca77c3d40c56
6890,Tops,1525fadacc17ef557296c9e5ccb5cf7b30203ccc672c1167e736057f66b71f1d
6892,Tops,22adf9be4f89f8de684cacea7d3d47e68a6e50dc7702dfc79a97e37edbe0014e
6896,Trousers,19078bb3a48fae7f3e5150358bf1ba9e724c626a75b40867efdd6d783b485d85
6938,Tshirts,8421e22bfcd6265b4b674c8fe988fa5d6968f0561a14e3160fdb44207458d110
6940,Tshirts,2f3c9571e1a1ac49329ccf3799f4f7f303030caeed339b56616d2e07ce60d8a2
6952,Tshirts,949167def100de98de8faef2c8f6ce019c5972e619f3a9b110d54e72724e8070
6961,Sports Shoes,76af3de852a07046d2aa19431ad4db2e8ab3287833f793a899c08c3f09bf001c
6962,Shirts,1aa1cc4397cc93466fbab35a7000d50d4d9d88f29fc62dea3c59c7e5d26188c4
6995,Tshirts,5d59cdf64b7a4c9e169e26492edba695c922138b83aa4d151ee4f56540ac43ef
7023,Tshirts,3ca81afd23fdb59ce4317717b72704523f7f67c60fc707e22cc21d73bb999ddc
7038,Casual Shoes,4dc47ba0a235befa12ebc1dac97fcdd213acf7901686f78a4741c131a4c481e5
7044,Casual Shoes,e347fdc271c68b4faea1a23e3fa992d4fd8b138855e897e4af452c64d870adf7
7092,Backpacks,38984e682ba0d9e8621f4ad7f94be20259c074a235c9c5eed98610a7139ecbb8
7096,Backpacks,3672061b4fef0d1c451ff2b7d7c0204667e25fcfe36586a0151e670b19d5ad85
7099,Handbags,7e784574c1ef992c602410576d09d09b0c6052aa1b9ef6a811e5e890f46d6f5c
7101,Duffel Bag,ec8feeda08514b5575002d1612984cfdc34eb45d11bedd618e1b491ec7dca05b
7109,Backpacks,e5472481231f7bfca1ca9024392112e2ec350cc4ba8554c681e497ad7ce04376
7127,Tshirts,facddf4d6af53ce3a0ff79bd08332368c5ab41a11e24d5ca1c7ff6e877a2fd22
7129,Tshirts,ba864363e1c40aaaf28bc8470579dace8b8bf6507a312f12b6edc4f4f4ac582e
7133,Track Pants,5822db5897d33028bf23e06cecf0b11207c57407cc0e3c11dc5b1e4352263192
7150,Tops,77cebddc808b1048b836f554c6999d98d7c3363093b90d00b90beea64394addc
7151,Shirts,c747e3608d70a979342db76ae958a41967dbedeabc82f0bd801765be997554d0
7152,Tops,78611e93a1c8f6f2811beeb6286d8e6a619cf8ad3b1c89d4558c5839d08f7fcd
7153,Tshirts,07c81f79c102ad9918295a08f8ba5791923968a15fb590b69e57d196b5e45c70
7169,Shirts,be5b64bbac03fbf4fb8d2f84faedc792007b16382b72301b5445cf9cb523fee4
7176,Shirts,4f1408cac43b381f885132663e4a161bcecc95d8f95b38d49759cbf6c7bac00c
7198,Tops,17de5c769cb7fe00939d685af81bf5390b9ba09eb7c77ac42502b49c40c465d2
7212,Tunics,ccd7aad9c0884fc3e3524ec4369ad4e02804d79000ae378de44e64149a0b49c5
7226,Formal Shoes,d21b84d13b66413e9c02c18f5f5bb6c4505dcf2b16c6754653902a01bc15d511
7233,Formal Shoes,4cfb0bf4a8a980bf2af6ed93e46d9a121b0d63ea26c08f303e686d18d695ef13
7240,Formal Shoes,0d5fd2e1d87bfb0b4c56b58c0604c85e37d7f170875a210f4a5dda9a21d5afa6
7249,Casual Shoes,847e140b34d4b217d31906ed241d1f7176875466ea0b4516d3026b91fe48f0b1
7252,Formal Shoes,6b27573c9b9af368f0d4db07af4955d32549fd50184c6db46d907032d8d80d81
7255,Sports Shoes,4211e4df92140af3474f260b588a2356ae5afe670c6f7eb6c915a0c77ae9a9fb
7259,Sports Shoes,2aef4fb6f01ee36547948c61758ecc2b6e48ec2c12a5cfd540240a6c17ee2742
7261,Casual Shoes,3998e48736e8420ce3e5ab216a7a6f539d8414281c8f0c9fb0a99976191759ff
7263,Casual Shoes,543ceee5cfb884c39a3bb40c221acfcb9e83c81845d81cf0d7fe98635c03faf3
7266,Track Pants,805e94c49afb2bd133c96b0b5577bb15d0e924129b3b62565ca25ceacc1e28be
7275,Tshirts,8cd9d088b7d9c1cfe63f7897d4bbc9f7039002cc4ff48885dc7e3827de058817
7285,Tshirts,bd523eddf1e650340a545605f9d4c435caadab41027b5b0a1007b1b697f36622
7289,Tshirts,3f93a2b490a97906643546187ef6ce30bfacd5e87419cef7536e085e4a24e0f2
7295,Tshirts,412252f071391c3de5fe1576a77884651168629c470336eb386463e82ad9ceaf
7298,Tshirts,73dee8581841a338f94770cc5ae753aadf05b24ad96bd234e05818a8ca86ad93
7299,Tshirts,bc574217469b174732e05b0c3278ca94a988e70f950bc330bab17243f26c7cae
7326,Formal Shoes,197cb4a20cee0a7f36ff096441904fc926912c5e51c9c5611d4c22f68d6881f9
7357,Tshirts,149b8f0e659810c8dabc204f847b8683d56899a7a9dab5b30313a85552faa450
7369,Casual Shoes,9c63b50ae35c23cc04ec5f316d0cc524f39840a11a21f6d739095c7c06e31828
7374,Casual Shoes,57f201ebcebe0464f07176228832d63a0da9db92e04e3e79866b282d8fb1a30a
7381,Formal Shoes,fe267fbd0db765866d75bc5d23aeb2df17386f4630ae4090c24b2406234df6db
7386,Formal Shoes,0b536c3ccf70d0e3baecfe4310bfc8cb215d84b1e1117a4320239f12b4980c4b
7388,Formal Shoes,3dc17b3f160d99d9febb57120cf115e82fff8084d2779fcf2252b1b9c7ef556b
7390,Formal Shoes,7e27fc6cc5aa0af0e81683fff05156a873f7b84c239792c6ef67628bec478a82
7405,Casual Shoes,c178a7d719e8774f7ebe025b416bae117f5d6cd973fca7bdb2d431dee4602b47
7409,Kurtas,05e237b7d08e440e3cbc330d854ea5bdcdaccde8eaafe0e41aca78d351bfb885
7413,Kurtas,fd1c6689c6a0335cce035aa8fcaf73a56ccc3522aa0fdc43ec5bc7f81841d281
7415,Kurtas,d52d939992d2d74171335755213cae840e4df01acef51f692ac08d3088da8222
7428,Tops,0ac4146f77f5ea7d465382b6b28c8efbb97178fedacf23a53924e88d8c0f664e
7435,Tshirts,1b59b2243e318e211ec759141048c8f42aaa54b4404810cc720c6480a55ae25c
7443,Tshirts,b4ff9527a75b48d374f2d0c44525ccd7e7cc93e742af51f9a3b211e56be2d7bd
7454,Tshirts,9ede337c60b527f3bb859db333996d37fea3e53453da3002a2b8afe84585d788
7455,Tshirts,5458249388eff822be4b1ff7187b18db2772875301a64b038f7c84b61076d616
7463,Tshirts,6673cb80c095ba26d2fdf040d787dd6c500592f4b7c610cf2c425c6b666106c4
7465,Tshirts,774927660f6db1425326147b3a573ba1bdd6de0fa1bf862ed6463f05b8a21f8a
7472,Tshirts,a8bc1e5be4f672cd212992e0e2c257e7150f49858b354bfa215b2e1048b2f480
7483,Tshirts,117ca723a2dc0c0796c4bbfc6caa69f8d025f7fd7a993fa80402445978d20850
7496,Tshirts,3103662e916970bb3216e72cf06e8ef06b90ba5f1341fdfe63c444bb41a7ea2b
7511,Track Pants,77d1658181328df83a9cdf73bc4d717a217af14002cf83055653b16e8611c11f
7518,Duffel Bag,8e7e86da46e1388d81b9a6afb79a2775edfa2854cb89bb904fbcde8c101b0658
7520,Tshirts,a5c324cdc54ea7fe18c40842df62a61e81b4f48386e3e8ee9d45df837593717d
7526,Tshirts,5c665270d0e3007e65eec579a06fc262223ae8b3bdefae56130ee2cd56c87580
7528,Tshirts,f8154db3a2b494b2eeca1d7bcb6d3a9cb4798a261de9d7aaa98e0b39f2ffce34
7533,Shorts,e143ec6c708c3fa96efe4fc4bfde09b5499bb7ddcae3d37d94502bdc0642bf6f
7536,Tshirts,e51d1fe464a6ad7489faf564fbf2461796234ffd6d0d594d0ebde61ff8db1346
7537,Track Pants,035b3279490f893b86315b681709a61830977569b9ed8124e81478fad555260a
7542,Shorts,236ca6e102d6787587f3cc55378d977ee0e0ac84265ba5ab93e479fdc82f6625
7554,Tshirts,0b139c919b2cb12e9ac8ea52331e1b9a0c9f1f9c35d07f24f037f813f201757c
7557,Shorts,2c4068707eeb571fda31498642ec9045563b8848cdcab11a4d88c372853c6b9a
7569,Tshirts,a71c858c60c2c69d898210ed81a1b0e2cef1a05984cef302299ac9c7b7af1c29
7572,Tshirts,08569ce45e1c1fadd641ed81f348a65558015d6405f12ea304be182c334c0a51
7577,Tshirts,21f3581dbed0477067fddaa9be26fd6480e8dca4831aa687580ae3e7a1f9f137
7579,Tshirts,5827318b18495f59344943904405ba0a1bdf53a5c6da74a2dd8d2d3fc21db71e
7586,Sports Shoes,68a82aa446e84ab8453889a09f665c3f4dc28eb39d1dc2b45e0ab1dc2977cbfe
7589,Sports Shoes,321f955736cc6958577832cc310fa791fded694b3750ba9d5488fff20ea0357a
7591,Tshirts,a42445be555becb1749f26474cde81203278c88829e5d6423795cb8869b4ceb1
7595,Sports Shoes,d96899ed0fd62b3737d5b5ee4003d632595e8df3d8c3280ea2708952536fff7e
7597,Sports Shoes,5174d25038a4c3ad4f4342ca4b0bc5d91d5e9a321b22734e5ce5262b132018f9
7601,Sports Shoes,f5e2000f5d7cac497442ed9e0ca50441f338d9ad9d7d10e72a245ed3b42b6b6d
7610,Messenger Bag,71c9a8cad2bfb44284d4f4a15fa16ec84375a2fa3e0344f350602e92b1e71e2c
7626,Belts,4414c2bace884b3273b092ae0d534d481ae0924777fa09b55733b15b552c2f0d
7630,Belts,f0cc0f34a6401e2af3a40fbb160dc754e43806522a1852cc892a949ec48d726e
7636,Track Pants,86401be510b5be99a7ff65e1264071156174c12fb00980f7e2b6a3e3433870d0
7642,Tshirts,6608e3b5cea3fc9738e1e5ce5591901ac71083f501a55a21ee57bd4adcbb12fd
7655,Tshirts,745aa422e5a1b6c5736cde5db7014a88633baf3567439c0384cdd7f01bf7c4e3
7667,Socks,db90984951c7c41c7575aae080b8ee9c9b3881e593bee3cea6ef1f2065aa0bba
7671,Socks,3f23832a67a81e71bdea184e710512663cd3598c97c7e7927673eb7ded335804
7673,Socks,a6322931e5c924d4426665d64605594d586eea66899f5474d5cf17f6bc9f6d36
7682,Jackets,89720eed2aca8faa951c00f9e52daed615a5635d68e0252d46d74b7d282f0475
7691,Tshirts,9e61d6c7455a8e33367ff7b1eaf550b26036161df57f573599ce1cc803510a23
7697,Tops,3b5eb6d2d3ca7390953f93d46c1ce1cc6ee728161b3961824fa985b347991a48
7698,Tops,6cb2554e0e4c24e6f40c0acc5810307b0f866b295f5eaf3a36795b3e1c3a49aa
7701,Tshirts,9c407b2834965c9d59cb7d7d0462cab4cd4ff0e96337b743f3eae97d760989cc
7706,Tops,f08d05b3cb7aa5b0ece4cbca5964b7dccab3022b5cae4389de8f2bd9ca0b0f53
7710,Casual Shoes,081d9c0803a5b98400c74ab76696a7490f56223a9a11e37a2b8c82e3cfcb2b93
7714,Casual Shoes,d41efbe2f1dd2a7257316054ebcce9c64793d09de3610ecc110be03450d70f5f
7716,Casual Shoes,48a5bd52ed13a36a526de22b5b7294390e2f65f6a5531bf7406f91edcbf8d56f
7734,Caps,1fdb027e1a93b83870f7c9b0cfdae1a3d6f98262d0fe0bccf59149f1cf816370
7743,Tshirts,e2cc4a90b2de709244423c568bd45fbc4855305528e98dd4a262f65f51a09b80
7746,Sports Shoes,0151cb430b34f905dc8231291f34f40eeda6a8463eaaa8eb40c60db3fc6201cb
7747,Tshirts,08b06fac876917ed814a6ca8a1636ec8015fce8af07c15f84f247096317c34d9
7748,Sports Shoes,47b8fe8a5085fc584053531e75cda3283722dad7e9e89a85e1e8a13f7199e4e9
7756,Tshirts,67ef85a88d2daa98d402558e0206cc6d493f1b2573b5c2c3d398da333bd0b26b
7764,Tshirts,429844031207f88191f0e0cbc0b7054e467177d723462ad3658f0d1779b42598
7780,Rucksacks,8a42faad26da289d685edf9f9e9caac88d737b400aee768aa817d678002def13
7781,Backpacks,341ac02d5f93081525cdb50914ccb7920ee49981b35c38db324eae73a9c21aeb
7802,Casual Shoes,0fbd526e10e3ca34bcd943c34ab54d64d043a19717bda237239fec1817397f56
7812,Casual Shoes,a5982d435f9401c2eb8b385c9edc874d2e5a80cf2471283c55dc7f9dca43a4af
7837,Tshirts,e3bf875e176e5f131687342869afa49bfb046745cfcab36847d400ed61689b39
7865,Tshirts,86878891f35ea9310b7c3755733378fa6483b3ec4a36dd00f3fe816197b98885
7867,Tshirts,71fb1cd625d65e9a446ba181ec8764319e186cdce28360158505558b2c1ff04b
7895,Shorts,37c04ed0b39bafcaa7cc6d665b82092b97f7b8120c8abfd8d4c3f6288224d25f
7896,Shorts,9143668fe661c1d255cab6c5c5e192900a2993bf8483052a028adec005f697b0
7926,Tshirts,73341e22c9c7a08c354cf30d24609168ba584df3dd5c67dbb9d4524600c9308f
7927,Tshirts,596de07bf5b91edbf0307e87ab0aa7613e65326730dc52a7240442ba848dd180
7961,Tshirts,8cd3e5180acee1cff3563944820d66abcabd1e9fd6d1f06a03a0e5e5d33ca2d0
7963,Tshirts,6715e5fab6f2f3d3e6d63ef8c9c7564e8c2f2a35713d3ed05cbb8fe256b61813
8003,Tshirts,57525ffa0296b35ead923a462f46c7a33378b83f695c0223548f4f04a93e0312
8018,Tshirts,9ee6d1ec861db77d82f388be70b27bfc08ac2ec9afe54c3a2e703895f2405844
8026,Track Pants,dea232c0948a5d7d54367e0f3db961d2749dd9603dd462535bb049703a1bdeef
8040,Tshirts,42e8cc837f468340eebd1b05ac2b30300290d73161cbd14724fb4c5149e73404
8063,Formal Shoes,7ff78510cd08a789eff6fd1840015ce82c353b43ae71f3119bee4aadb06d97bc
8071,Sports Shoes,3e9268e3cd1b0ae8b9ec8dcbe7776bdc5600d962507b9779d1722233af8e0692
8075,Sports Shoes,9f96ff8feabc07a415e30ced56610fbfcb9359ee947d5db9400f2357f696e01f
8076,Sports Shoes,544243121b9067057a9ea322ad09f91d70a799d12106ce2766e64d0336a9c59e
8091,Sports Shoes,41d56d768128bbe7d351f207e53c599f94112e9f245829f12f8cb3dfa0434d26
8115,Watches,90bbd9523715ed356cd6745966e18838c43911f1ef9baae3ecd7f78efb00e733
8119,Belts,3117a686cd69fcfe4bbedda2c8958192a400458e662cd39aa5c5084e7a34647d
8121,Belts,c78f7a2d12a571074cdd4678e8d02a7294dba4781a689ae9d43b267eb8d9fa55
8123,Belts,20c86becf5dd81285a0bb22d76940113d9f24560db80fa337ba3e0326550cb48
8136,Watches,c00a24cca5accd0464793ac30e1805c0e50b0d75923ca91177c8034abbc5958d
8147,Shirts,84dc34e8af52d186b27b5d7671d4a001c4a824073d6a93dd4be62773b5351054
8156,Shirts,dae6203a28a893debccca97a3e802694806eddb9925d3bd1c8500fdfe054dd99
8160,Shirts,4d02de156dc7c24a94376ea4c79ed1e342871b4b77396cb8e04ed20f41a4aeae
8164,Shirts,6b9182a582ea7a64a8329015bf8a91c44f30928f9064777cbd7cdb2b5d0b83d3
8186,Shirts,ce00c635599b394ab9039fefd1d66bcd6d75710c38c2f4c1f43bf2e929ac5178
8188,Shirts,bd8c088a4c696b0bb228d79ffbb6377972105acda9b38b0c313b8d8c6dff1946
8199,Tshirts,42c2e7d9be457ea59e2c2f4e18a33093905b7de6014ffc00d55a72663912a9d9
8200,Tshirts,737b7d07d15fd48220719c78874f5bcdb5e747a014812910a808d6918c718ee8
8212,Watches,c1743b09bc637f31b7070831d144652f4b92c1f65ca619160941ca7417c5b6c0
8217,Backpacks,17c509eb03e2afa077981102a84b469db293bd6f1a5bc05818f6db0f32acd687
8219,Backpacks,e7dbd66429f6ed4140e687d4265ff9256fafd605e038b1dea6992b5299786144
8229,Backpacks,43c058e55de8a256c915c7a33c30562b540b9d120c17053167b6cc5413e4d889
8246,Messenger Bag,58362094d0ed02f6c3cd4ba324aa073f51ce972ef5396a76a625625ec8404767
8252,Handbags,a2c6e9e19cb04224c85c6d398966b5cc8eef5dc388bea6c413405ba58a895813
8254,Handbags,56e6939e85f1d3926841ac6aad6e4f6399b5013c1be6ffd2bb102cbc5201d283
8262,Backpacks,0de02a19309e3019dd9da6f0b30d8005c0ae8688d74874eb4e5d88b54707797d
8272,Tshirts,e32f0700872d71dc4235edba01fea584c61accd47931906af1707f1abeb1a77c
8275,Tshirts,8759acf633d0caea06421d122d41f540ae48211b8b1114f3674b7272bf4864c5
8278,Tshirts,1877c616bd712c91b057e81f73c27bdc8533c4867f4b425c8dd2c30eea80b02a
8279,Tshirts,27d596731b08a70a01273d948930035af15e59e38ee1224aa28cea362919ef68
8284,Sandals,2aca349b5b70e47ba083bc5a05546c59194a614b5238a96903175aa0dd610443
8291,Tshirts,a40faf0e58bf978ddacb7cb564043cd3706fbb240e55ab407a1448e5b5dbb7d6
8293,Tshirts,7e8c432d7248edf01fb48578fd25b6e6e034eb83798e6175495aaa294fc372b1
8298,Flip Flops,df80c72548c1082426c2b597fc0df6b872ce523d0e3aba942b4d1e9cd8ea7037
8309,Belts,76292490ccdff04b9d7c966e60cc5283a62492da8fcb3095861794505053589a
8323,Tshirts,2d6fd310f85f8ceb0e835ef971bacc7e5c5675e2c181c0a54ad61cbf7d5a7bed
8328,Tshirts,4c5d97a2ef749c4f80fd8a2997e56ea007f99665045aebf1f4a2389d719a217f
8332,Tshirts,2fdb61d1ebe3bae824119fa72e53db30ae0e3159cd3e2739dfff4e69c69b5aa0
8338,Tshirts,fa5577bfbbbc4ea7abcdc5e9b30b02c782f1df1a32a2e695334857169e5df0fd
8342,Sports Shoes,9e08a02c088b30cf8dd240516d732fb845048e5aac4dcafc8f06dfd290e569ea
8346,Sports Shoes,cd695cf727644be0500a74d4567be36b2f92edeeab5045ed9376a6c333ff3671
8354,Tshirts,b06f6466dc78db17237af9e774981a610135f630b4d79c97f8d336e93e351a35
8355,Tshirts,86674fc80a4adc1bc43020441a1f71d4b8cace83d752ab108fd5ba1a4509416c
8366,Tshirts,c7a32f6271cbe34e67139849b68049641452bec5c00703dc96cb15713edb5998
8368,Tshirts,c2e032c567a6ba138dcb80a5ee506b07a2d49a82b2db785bb1a1ee019760b0cf
8374,Backpacks,6ed54ef9e5471a2907c90e87b38062e5b86f4e2a11134dc938571f55b73a04d0
8380,Tops,ed291fb6eade871f4e8812d5ba4d53d58b356179349ae88f4dfaf5a1be466fe4
8382,Tshirts,de2566a7c47481f268f7b33f267c9b878b45c130708e4e45dae3b31d41fd5ea3
8384,Tshirts,d277a9652543d7575820222a24e72fbcd14d8138411d5611a095a25d6f57f290
8390,Tshirts,ad3dac42a0d85df443263556aaaaad130cb67018934b1d8fd772a91763a5d5a5
8393,Tshirts,125ef65e20dd0d5db384e3e712b286378733c5450d23b75ada6412aa62ecc64b
8397,Shorts,9987856955a354bb083f4ebe9df6bf518cecd4cbf0c830510d53c21ac0cbbdd3
8402,Tshirts,8578e4a8564c2c840c6575fbd7afe012195cfd27b6221f77cdd554dba4236a44
8406,Shorts,49778a718e5354375fc145671c0058fedb3a44a0ff1373def97106798c958d57
8407,Tshirts,c77633916e4b91dde05c4f1ac621adf0a0f69be7c949f607dcc476c41fff765d
8412,Tshirts,0db165403b2e05a95d4a892defea595746cfbd4c264c79572fb6040018056c3a
8422,Basketballs,14f401cd6ef3d180cbfaf3626a194601b57e039bab401c651af0b92cf2a2b987
8426,Basketballs,f20e3008900df2297c1390bc8a88a24a308269bac08f9b9371f5ce2c72f560ae
8449,Tops,59e1f870a23cec4c5aaa01e94abcb419b2fea6e45710d14e63eb0aa5e1ed2db2
8450,Tops,d74315a43621e7861d0af1d2c1df13ed34449f12b3327e1dbcdf6d5dcc0f5e62
8455,Tops,0f9c73f3a46c0ca83f7a17ddeb8240e0638e446c27d873c3e1410d5311507421
8474,Shirts,194bfc72fafddef3caa8435ad0499273b960657932dbe63c07990af63ca292b2
8476,Tops,10663b1d658866dba1327991c642cdb19b6afa141b5808a879b5509307e0bf31
8478,Jackets,8b51cc8ba02b8bb55662b48f1e1041fecfb848d1b9d026b79f1fc244dcc8bc0b
8479,Dresses,c7319b0665f794e628f70baaec888002cce227277568a700721f91289bd11efd
8482,Dresses,e0aa4144c5fe566cc82112d70227de031d86c49d262a49c6b5f7cf6948c61a09
8485,Dresses,6fb4e78cbcaa3640bd942c7adf505644775a5998bbe58a594f08c72556887c07
8487,Dresses,adfbf7047dfb5d981ba637ec79b7d29fb87c5ccfc390e56710250e6b40f94e6a
8492,Tops,7779116b4c500b5cc895ee4bf2a8febf7a36c9a0f5a1ecc031af003bd6fd1026
8493,Skirts,47f83c0668fd1eb6d065ed88ecab2e592c8c65093014732bbfe2477dd4d54b6e
8494,Skirts,7c9ff32b3fb3200b289699d0387ee8e6815c49dfb2d1126fa760664ba1294936
8501,Skirts,353215998bbc8fa93b943e8df95f115b1f6c9325df776dd4b77e9fb8cf08b3f7
8520,Handbags,49a7f54c3332ffe81bc6727aa5764cc12712e6abbd96b206dcddc45a6cd387d6
8521,Duffel Bag,0360967cf1332173858137ec70ea1a879a2cdb5c473d0f13e3405a39fe80885e
8527,Sandals,beaef61ee754d0ed7d9717eb391db44a36dd7f1cf965f44445a027caab42fdc4
8542,Flip Flops,870a0f2e88131b25e0f9cc6f1ae3dc281ca3e85fd64a4c89a7fbad3a02a3d961
8550,Tshirts,1f6c75f123643d610bc5346333dc5a834c92856d70fe9404c423780316854cdd
8554,Tshirts,22bef0ccc1eeb4a77e18f0d3b0c9ce697cae763b649e7823528675416e584006
8557,Tshirts,ef85ceb25289a47e0e69cd25517b3f4400aaa53a793aaecf28c5a7f6c13d5fdc
8588,Shirts,d55615f712b8ec04b46641d1f301ed8670f1b9e018b18801fdbe836df07c1a59
8596,Tshirts,edf0a27cc6a144a18ff903218e5dc7f70274bc47f03b64f2285b7679e693d2ee
8600,Tshirts,f95bd862102cffcf2e169a2564490ee6011d416731219d347844ecc0c9a4f830
8626,Sunglasses,9deefca47555990525de67197a72e1ddc049d8a04daf8d7d34bf1e7e9957cc16
8641,Sunglasses,2fe8ae44d2f5c165bc9085891e29c310d89ab522926c9a77c779a5a4e38381fb
8660,Sunglasses,38b4ddf77476d99a008d7be672732c510e854ebd1774a935371e9f95bfbe3763
8679,Sunglasses,bb369b4bce941e24239097b894ef8d25378cfb386a7c545eb58bc0f3f7501820
8691,Sunglasses,1c06ecf8c5078162da3ed7de0a836abd5b2c70ed824cf7b78d1ffd8bfc880213
8702,Sunglasses,29f93a7903f31bd88b13d031fded83bfbabfce7e3295baf9324633e246047e0b
8723,Shirts,6b598643772cc56c963a7961048635f0548524d7c8f04f00177ea55d4bd0bace
8724,Shirts,fef37def02821eb787ba295e3c2aac749f663a46c74b20c2d7d99b3fb1450414
8730,Shirts,d637ecb2fb47c18f5ce35194a0c3e86106e32f270824ee976dcc2907f41dc672
8738,Shirts,2f3b6d715859d9590acc102f1845854196e6a1e5acb311723e2052fa56fe3de0
8746,Flip Flops,e694b485b910bb687a6f8638e1164984254b3e1cf4aa82b02bd0fef07bec8d77
8754,Sandals,699d4bc7aa135e11f03339caeea3d2fde2f1ae03843ad8122efcc56f27caa972
8768,Sunglasses,608aa95a7572f81dcfc92137113386cd79e743fefcc0b8ff25e8c17e659306b0
8777,Shirts,69b709faab3f65e46c6dd0adbff2831aadf09ed44d28e26d7416c6bc17f7da7d
8804,Shirts,afddcad308430a6b1e48c638ad490486d4075381a4af002cbbdf973d8e61d917
8820,Shirts,c58073c06b61fea1d1794533a4ae7adfea81a7acf5a66d4148fca79d8429d50a
8824,Shirts,5389737578c20518e9349630489fb0fb871a0e25c68b454ed5f20214e8c2aa7d
8828,Shirts,50617af7dea1748c4a5268822a9fdfd62a50612e858fe1261a518bef5c6fc1a2
8838,Trousers,8b66c92b22e600dd018e322c72b06d9ac5fca347c89490c4dcff0dbeecc03fa3
8842,Trousers,aca5c9e1464880ebade983e115fbc5e3c5f63b895634f9af2ff155be94fd41f0
8862,Shirts,fb793b0b0f7a5a583215c5e2c72aef55fe6d3a4742c1728801c0e9166ac9efb3
8864,Shirts,3e95c61c71dcf6f0ab12b56e733bbfd241cf445ecf2198f5dbfaffc53efaa37a
8880,Trousers,6c18cbcf0fe1b6d6e47bd629d66502c00806b6778643645c5ad8be789b9dcab4
8883,Trousers,fdc98e4958dfd9b56b437f5dece855d98853c35736b5625f926dbd57ac126b65
8888,Shirts,6e04e3d75b7676cada2f115a18215aae552b77c4ee2485a1cff58f85658099dd
8899,Shirts,e745373c763abb64e87acc4cd5fa0f76f952061eb8dd17422f8ff95da3fbdc50
8903,Trousers,f43447c46adc66ae1d055b11f6b84d4fcdaa8651c8aebac2e9ff05e6e7fb8c5c
8912,Sports Shoes,00617e6f9ff328721d28630daf4ebe5dd3f86a8f9fc603d66537c06e53714869
8914,Sports Shoes,331112548c33a5d5a276c5d095f5556eaf02cba933d4b6722b735af486078e46
8920,Belts,65fc92a175ef37c3112284ce18b568e05fb5ea68fd58cb1a0a94964c489cf6da
8936,Water Bottle,f81ac71df40cf8e71ae8d271cff348e8e41e5409dcd5b4e962d7aaa1e088c319
8941,Shirts,6542220f7c9a53f79111b98ee2566b3c45676c704705e5d12da599c13fa65f11
8943,Shirts,fb6626e84dd4bafee235ef4fbc634ffd588b7f4b1ea40e1cf603907c04e1c33f
8964,Sports Shoes,9ba736bf12de6b80d066593579ac6cc16783d09ced4f9130e43e4df4aa917fac
8968,Sports Shoes,d24f74777b259e635e79813b354ea1a23a4eb211dce4aaf3b949fbd8e9c8453a
8969,Sports Shoes,b5adca9c31dc8d2c7dd7be500d12c93e9f19e3a06589cd06760266743b855da8
8971,Sports Shoes,4019818e3a012f22dd1a6328febba024e3991c2b340c1efc857df57ce53eb957
8972,Sports Shoes,5cf8f0c931045a727fa60c7c5f4bbfecfbbc25211e314657c09e180559be1890
8981,Casual Shoes,a27b885afe4e6ea36154f2fd6ba8a6be5f72e2a0ef197fa3a92b20f138da27c0
8982,Casual Shoes,42fa9caf1792c32a3dca8cbdaae67ca3078aea7547b964e82818adc03d86316b
8995,Casual Shoes,d9a63223ca0b1bd1826db6c7957f1453d40c1fdfaab431d1466bc8e71676a180
8999,Casual Shoes,dedcfd9b74f17044dba447da1ebe9cdfa027f4a3c3d9f0b677ba1d47fcc5e79f
9001,Casual Shoes,f718037dbe7405b7453659f6e6b4d52568287ca13d80cbcb07396e08864f89d1
9008,Handbags,a6ca5a297e024a50a5e27c4b1f77ec5ee44ff2512c091a91c34b219c33aa4cbc
9014,Sports Shoes,dfc06abcd96e6f63489d30a15f36f22dcd5832861d1df1648d6dd12c61c9c803
9017,Belts,23fa6fa29953fe956fdd24a17c3c58eecec5b41060243abe59c0cfb5b9e6a8f4
9024,Sandals,fe4545a623f52f208fdcb938356a4863786bfe388d803110684b93b369bf9fd4
9037,Formal Shoes,46cf3e673ecade6e5a2b85f76fb71834516c68dfbb8b1b039f070f14f6fa6c27
9039,Formal Shoes,7f3536bba6ce36ef98da3f906d4f46e9f55b57669fbea2a8df5cdf493bfa4430
9050,Sports Shoes,5bfb26d97baec58d052e7aef3f9c3f4dca0f7258385edac5f4244ec760b97cc3
9052,Sports Shoes,4aecb0058372551742225bfca83049ac658836bb59d9ecf0e0c9ac53060b956b
9053,Sports Shoes,71e6dedb0ff77a9d1013236453169d66764116ebda6b15ceba841ca172cf70e8
9059,Sports Shoes,1af166e1a6c3537533434a0bbd4be7e73cfb1cc58fd3c3665aee8d1f45d5be37
9061,Shirts,5318345bfc78eed620eae5a88fbeb1fa02a3a7577220eba5d0d578cf21e29739
9069,Shirts,75f6d6aee62f0c6e121bbd1e7f1c8407644408428c4cfcaba2eb37df00edfc26
9073,Shirts,4038e640323daf91177940e453c9cee20e808d77fe3b65fd7f8934ee83d11106
9091,Casual Shoes,f0dcb95750f53064e13f88badfe58f20a1faeeb9d1b9e39b78bc72edad6c1188
9107,Sports Shoes,b87b83cf50547659ce92d02ff8d8c6dfa24694b9ba1548ac27eccf1afcf294dc
9121,Sports Shoes,1dd49ba48080df6074bc2f785f274ab51eb8e4cf54519fc3863ded1b1462a793
9138,Flip Flops,f182cb95e8809604af3c80aa99f84dff474cf76173d036ad98098e2db32e3a49
9141,Jeans,5da5717eddeb1b0332066e8b7021a6f48ce09ef443c8d5d66af7939ddff77719
9144,Jeans,28801c3f7e2fcf8517c92cec301fca6bada7782f01e83639db521a6e93945ea4
9154,Tops,7a2eb11efd52faadd354088d3badb41e04325def79211a0f72ba5a1741ece66e
9173,Jeans,1f368d187a3d2228bd350f0fafa019727eb767e3cc7b68a0acf1c9435d30aca1
9178,Jeans,562933129d27ee2a5267e9b67e1f54fe5ba51df23099edec32241237e2a9b461
9219,Casual Shoes,5d5536e995e18f43929a862fe916897aa5c265cf2faa3bf45f4de296b422c89d
9223,Sports Shoes,b48f0bdce01d929e7de726864a7615144d28653811c96edf74bc96b2fea0bb83
9230,Shirts,5a5954271e67a36c680b1536e0dd9f4855e049679114069cbc026ed2a7259cf8
9246,Shirts,7a29d8258f92e5799cd42e37c9cc102531ab7aa30b8ddbd4f441a5a262a75554
9248,Shirts,b8bcff26dcfc97f0d74cd63cdcd8d0af243b66004161ec05e22a0b6ebb4c9362
9254,Shirts,e9208485a970acaaaca69a8c897e569b263f24d8d8b64a46df06eb054223fe56
9255,Shirts,fee44b7970200e8bf8655b15cd8e40342d059c588ae07947bb28139df84f0296
9257,Shirts,70facaf4ef97084a522fe6ce1965ee9e322d1d54ae49668223b6727c5ff6380c
9261,Shirts,484a72b3266188979993bce844b44a0fadb64baac64976a0ddc0804b2d307b26
9321,Tshirts,adc0c27cbfa2d972eb904227213986e51f3e0fa3f28e82df8c695735b714cb26
9330,Sports Shoes,c5ec30e9c6e2490cbfc1f60ceb031f4f0ddcc22acdd09e1b4883f7c21eddd168
9333,Tops,28924cb0423a8a5713844ac8f067cda360d49dfa964ad021611fd0e9cec4727c
9334,Tops,a55e1031f09c5b0d394be48d5b796b6bf658807cfa88e99c2de9cd61fd3513e3
9339,Tshirts,20558dcf253592b161e74ddd5fd9008129e5c5e6519de3362991c0243e263ad9
9362,Socks,465c704065a5c49371f9fb06cd9528d0571bf9af29254a5243e4fd323a36e948
9383,Casual Shoes,21544e7284c7456ce8d5ec5b5b562a8db2c680817c1b9842329732993f5df65c
9387,Casual Shoes,fac4e064ead1d6dd8ae747a7554fbccbb223c56f781be130db8dc334d55df117
9391,Sports Shoes,e465ba6cb31f883d90a24787ce496ecb9e9be337744b66d4c52b1782c0010791
9403,Sports Shoes,0c65d59104b22e07e4ca20d9a9c57c56c18a2e11cbc2976817812de554b8d772
9409,Sunglasses,9731cc12de8c9b9dddab394babd42a710578d68478002a7dc65fa135ea8b2702
9412,Sunglasses,3b56f597b5b6d6bab95a315a12d2ab99f8076024a767991466303dfb1543bf2b
9415,Shirts,445f13eb80ef29f4d20d6f964220715b636abe08cd95c4c77887187001670fe7
9424,Shirts,44095e329ff3dd8a86ca5ade755133ccd51a660837d5a7f24daba7bfc1a12b8e
9432,Sports Shoes,3c4f958c5b11215f67b8dd02f4546595994491e2d4e9eb39acbc599f0fd28fec
9438,Backpacks,147cfe2c522d0d652e717441beface896d38fb74168fe7c73909541cbc807a0c
9440,Backpacks,dab7080e67d634efcfa27865c54148222fbab7ab13f6125f0906927761b8c82b
9442,Handbags,1226a131b17fe7c7f1e4a7fa5e245880ac1299ae99b6d9e98eea9a7853ae470d
9445,Shirts,a30b53a887e26748b23f6486016c955a76a1f150eda0cfb21eae409c2a671f98
9461,Shirts,a763e47ca3cde55f11980d5b08cbbaea7972890f95279100f95da73ee9d4ca55
9481,Shirts,225539786249a5c7c96418a56f5ceefd19087f444206381388c0870aba05aff3
9487,Backpacks,9ceec1bad68fd94453b92938c63afd07bc535bf7cea6be6526ab3969763cfaf4
9488,Backpacks,192675dd35cee3d4fe04b154a4e216507a32eec5d239c3395b55e679dd28bb3b
9491,Backpacks,427135a264e94bb21e8d6631806fdb497644b0675ec39e0e3fcc5b8a4eb8d067
9509,Track Pants,c6635757b320a89e9fd2eff3c042379455b83544dab6ae9564a9a3c61a11dfb2
9519,Shirts,275f6bdee6aeb09332fae73492447885cdfe64947311e97db2440b70a65b02d8
9523,Backpacks,c16b9c97fc8ffe5846147bd099f81d8c51dba339ad30459d19b140cb46d8e974
9531,Jackets,9ae4ad4445eb20dbd66875dbf2b18d860ca4f6933880993b537c7d97dcd6f95e
9533,Tshirts,9df0930aa10ac86a919f45b5406442f8a75e147f2d92a2c3788b2face89edb19
9537,Tshirts,05dffeb3496454404d4f29e646407f63169db31ecd053d3816c618500fac5b85
9539,Tshirts,1efe55a2f8ab2f935d2ad2d11e6f6a1247596c5d95d9b008d2a8d1ca451bc683
9545,Tshirts,e2d72e5f4e9bcc84fa18f5fa170906a907effdb38a6cab11e83ca50654e15216
9547,Tshirts,8006d11158fd076381f38a4a7068303d82c6cdd74cd941e315e0f01bd2c13c7b
9565,Shirts,743df0b3409177834dd72c8768ea4f34b54a3469d0cab034f9eb16ea1254634b
9574,Backpacks,ad41260b92565ec0b309c91aa5c8e007938a1fbda2ccc6045b616e039b1cb502
9575,Backpacks,8f56351af21fad67dbd267157600a8350b717e236c8b03255aba40f4812f19a8
9595,Shirts,e1da4281c8b2afa76fdf111eaa35916dbe3c4a76cbb2481f2d479bda73e2494f
9597,Shirts,15554fcf81ca2b084987374b8886b877fac7c49709da20ae587a6b74531c2f5d
9679,Tshirts,8983e6620bca5b46173b5a6a7085dc7c7c27a5f9a01a0f872d6b79c74509582e
9681,Tshirts,460d1bdcb209e571e325b3ed8358997cede5adcaf1a209d6c6fb9f95b601b911
9685,Shorts,84c7a1d3fa4f7f3e4f6db7afe4ccd558cc98f40738f42405da519d8157b2d68c
9688,Tshirts,e308acac620a7d038e72ff4aa66a0ab934c9b96082de6701d24205cc3fa05532
9701,Formal Shoes,36a7e1f9b25c495fe383c2adc9c8094b72d8d27b785c97fda711b601ba4ccca6
9706,Sandals,27a9c119083aff7bd129171e8380833f59f2aa95b4f42757e0a57b9933119044
9720,Sports Shoes,ba083ca8d0b07be88cae4dda03030ec50a37fac585e0b0c0b8d34104f982d38a
9754,Track Pants,2425521a3c239c17e22b2d92d63b82e35fe959902b8a816153f67774b6ab7e90
9771,Jackets,c4f6e44bae7891b94b15c9c44ca2b5e8b9e9bc70d9d9376d33091667dc7bbae9
9788,Tshirts,910654dbe4286a90d0e869024f89a3ddc29c778b70cf73776d5b92034f18684e
9792,Shirts,1d13b4bffcd16d2d2b4f32426a8b4e12e733e591e85304e34a437c4846dc3f6f
9795,Backpacks,81ab2533ae44c5c61237a4d6c1a8b72e9f7fdf2360f3c9893c50464a4c69bf42
9804,Shirts,d5699ee269450af16494dcd3927bc452b75bf669b328457d232c7581eebff776
9819,Tshirts,e6d436445b7ed5ac7821d485c0e1345417b14e6d3140e7a8a6b90dff7307add7
9821,Tshirts,6ef9d07b205cb537c5a216c994d60a8234e75b2851bcd2d0d9a1b8517da4ae6b
9833,Tshirts,610c8661222c0182c0634599b88c8b00652695f8b03abe8bdb2000e4c6405d7c
9852,Trousers,6937df573f633d996003205834975d1fca7f297e8d874ad06152f8295cbf182d
9865,Tshirts,bffee5a86a928afce1b72a2f3aed9d37ad81da492681171da1e5fd3f4537eae1
9870,Tshirts,3bd2fd43b2532200f94a3c60660aa3a60747138e125cc783580f4e462fe0cbf1
9878,Shirts,55648611b13681006c643ea3587391451ae28c2f267b3954f0802c067672c374
9880,Shirts,983968cf1527d37d96fd5e36a718d29ebd695a098e53302b26300c612bf75493
9914,Handbags,4dfb4ccf1286449afdc8f8bcafa8a210f40caeb1b45a6d32c9369159cd139128
9923,Handbags,6b138b0fd63b155eade4c305ea834bb998a9738a1ad899bb0b145c72d75111fb
9927,Tshirts,343301dbdd09fa677d261ce65f471c0aabf69d182db22512f7bba8025ae30eec
9945,Sweaters,369046a94cb044d1fb17ebb5810987f691bd2530904163dce5af512829dc7558
9947,Jackets,73c6009c1eb87145010f23f7155ec4ee9f144e6087f1a73675fb2ddacb488743
9960,Tshirts,cd83e1a373030e3b33f29a162dec6406fe3b1eba66f24bfe7a9854bf1967adc2
9969,Tshirts,17e324523fa193d8b64d9d4707b1459f240b1b865099567d246e69bd37493c52
9974,Tshirts,3996a1ae2c5dda335a59b87a157b4d6d4f50405d0f27e15592a8733ebf3841aa
9981,Jackets,070ab48eef59f17c73b495e980e2f980adf869fe871bf131c9ce65458f78173c
9990,Tshirts,431cc2f96f827387bb62f3625d3a175ee0cbad6f3119fcd94bcbe25231b5a820
9991,Tshirts,b40d08edd3a8da516e9ee7bc897014a9fb1b2731f3f96ec3cc117a2c3f7ec7cf
9992,Sweatshirts,4d4b382e45671ede0a26e494f2635bb9ff35bf4164df026aa9a157a0a0db8ca4
10010,Tshirts,063a9880a1404e5074d1b33d26e938d2722194f0971adf0ef58ac4c9d81995a0
10012,Track Pants,4c01c87419a5b1752eb9e80d921b1e644b8ccfbe4335030be25a12bbeae7fcad
10017,Jackets,012f346c588852c4e3f96e3ee49069cdff761327a2b4b91b53d1bfcf30e3175c
10029,Sweatshirts,fa452e6633173a029868a41fadc89dc0683ad9d672120cf8a21c4663f2b27c9f
10032,Tshirts,e3aaa29114838813e9897dc3a3aca235ea627c55f1d1ffeb55869046dadda5d7
10039,Sports Shoes,7ecf82571c124d03a25344e918b8034c15ddca2b26a15def8511504ef6220259
10047,Tshirts,b6a335862528050ddb121d4a0c26e9c03a50602a95a7a45a1b5c26e04455c7d0
10048,Tshirts,760a01d20b5659dfb1dc858ea12dfff5065c3e1428fa9dc8478c83f1ef74f6f5
10051,Shirts,7687312e301bb9ef528640f31afb5b60db378c4b0b74f7dc7f6bba8910e898df
10053,Tshirts,98b9185d88ff0dd4d9a024422eef67cbf9b8d1d5d923bdca9eed2af245efa45b
10054,Tshirts,9eb3707066136850cdf21daddbd1bb273215873fb3e0a57eb858f87eb29ee845
10065,Tshirts,cf2f8c70123f1b70ad6b9dcf5c8bf678ce46ef46e4411573a3c6975ebbc17e90
10076,Tshirts,4642b9f7238b83cc652b4867f7202c54598ea3089fad0aff6fec6782dd7d215c
10096,Sports Shoes,2c6c0e1c3fbf21635946263681fc17ffef84cbd16909cfc8c569aca78ed791ce
10104,Sports Shoes,be46cb1e746ad36232d9b7e1f2b2dddd43b617416e29ac768be712003de0723b
10111,Sports Shoes,09da8c8bbac71744f558ebe07bbc1c8f56ad2265f6f57583d692da207bdc071f
10113,Sports Shoes,bf072d6fb9b68fd1bbb0e1a3cf70c1f1e96e7fb2a90f7324dd249d11e34d8164
10114,Sports Sandals,8291355ec2076dcf6bd1670f73f9e2c6fd35eb936f176f9899db32c8c27c12a9
10135,Watches,a1ef0279eaf632d5410a571eb1d1c021e7977a9c1b38f8c6523983571cb85b1e
10141,Watches,0839773d9927b2ebd1981bd0bfe1e0c0e65cd81277873ab214f1f5bda0864fa2
10154,Casual Shoes,169c0a1885a8c2df317c7d2826ec7f7b3019c3a9e023b73132298a13285e668b
10161,Sports Shoes,1d72992436d5950a9e03de3934599d87feb940b0e2bb5e7d5e68bdcd6cbc6d7b
10169,Casual Shoes,f91c6d8283904816c567e4843b2946570da94134c6d3e14af29b38e40258d50b
10182,Casual Shoes,a6fcf8dc88ce177c2eb7c892505a1fc0a42741f2f567eadbfd90367e11cd7706
10183,Casual Shoes,0bf74f01ccdaee31d18bdb706b0154b23174d28edea48e46dccaf4bd85945e41
10214,Handbags,6e98557e7989706a22b7abdda3722f25a6927bd795a922b99a608cf4cf12aa30
10224,Handbags,87b0b5242cdcb558a58ea068b28ee3b2fe9da1f8a6f64f81b30766fd9bd3acec
10228,Handbags,08e8ee12cf4505089a0f687232ce1529c785d4b68fb5e38e3ebe46614a9726a8
10231,Handbags,5419f765a86f3b4822d88e3c3c4dd574e7fb5ea5c3854be973472ab35cb9bd51
10242,Handbags,43bec6838a6e58b0b827d24a0c460a527b409377f0f87e3c5fd1562a93bfe3d5
10252,Handbags,7c02a78dce4bcc5ec3deb676a6e71c1c7e3376b6271b240f285152ccff44a918
10261,Trousers,249033797e3c4741e489d33101582808cbbec087e09653f805cd7315f81fc2bb
10263,Formal Shoes,05f183b1abad866d44fb1265f3dc259968d61679da1afc47a4546ebeb72a8bf7
10271,Heels,7c6f5ba06eb1d5df3c7041f847695fd1f64af44dc950793d840cc87e3e1c5407
10272,Heels,4cabf68158e59e85043df2fc9466afef16489e479871264bd7a0c701bc9c2007
10274,Formal Shoes,9478badf1e2a8aa529d8fd9f794fec42d3171becc901ffd05e3632004bbf809d
10279,Casual Shoes,5c05505ec8f5a9d4b7103c44cffbf8c521a84aa0009bc5c88bc23fe3afa285c5
10289,Heels,44191ab01361c2019354642c00055f3f07c12f2855e898a90b26eb470ce13845
10297,Casual Shoes,af59d542cc21aed1c1100d94e9e06c4655fd250f6cb033a5664b73c0cd32eb8c
10298,Heels,ca4f08515eb2d93c6f4f3e49627b5246b38724227f54fa7974656c614ec2d55d
10308,Casual Shoes,0b35659794abc3141719cbe60be70c70e74a10c9409bbacf0cf0a5237444ff25
10312,Watches,8b1d76348cf153651cad2b3d3613a2406e0583908286ad3c29e2848b8e3a8177
10317,Watches,6dc0d4926b8e30597f8b7957ff255230051d810c7c18cdeb23f50b6bdcf3774b
10329,Watches,7e7d659d120e43a7185fdc9f2220b8f319f8cc5d964f9f617e2fafd9aeb631df
10332,Belts,6e8a8b7bf6fb0c95733694a91d19ba607cae1078fe516488b3f2feb1d8af4da7
10334,Belts,11c259af8962c2138956916bd0b60fcf957d463938ee070643b9a6552f930fde
10339,Tshirts,0ad70d76dedaa2e000488b9f14b33f797f8546277c336a65eb1d5506fb3e431c
10342,Tops,d4634a9c2f1e2b37900cb10b181874796ac843429c68868fae98dcf487222436
10344,Tshirts,d085b3868ab97f03e221f603ab6e822b5f502ae45214bf880ae98a222393dec2
10346,Tshirts,68793c2df0a33959bd4be1e4e747f5a98157318c0e216786321df202f1a80755
10351,Skirts,1b5c7181ffaf300d36ca12eb4d17c4c1d9e0eb1a996f720c38134428c0ffcee3
10357,Tshirts,fd4fd4187609e21b67ddb5ebd87ce599fc58b6afc61ecf42747838c8b1a00d71
10358,Tshirts,6bd44e7e50dd7c4e1c4b1dcda2694c416ffead1840e84c365cb9fe545cb45b4b
10360,Dresses,42904188bc912e74b6525f7e23f52aefa4a12154b6c2dd83a32233f7bc586582
10371,Sweatshirts,b08207e87a3c35233122d474efe782823f57b4354e0d29575971522a6f1235df
10372,Tshirts,137c42707d42d3123b1a9d7f4c0982140ee6650be8fc047e058b1443ea4536d4
10374,Tshirts,86b4738fcc73ed82d3a1788b2601d6e7615a48528de7e839a53b5bd439f77aac
10380,Shirts,65c4b96c8fb6bf715192784e7a5f1e56df002c32351147343430ca6932135f20
10392,Watches,8893bc18f964d3f624730cf0d3087921e30304f2464e1fc23bc30c3e1ad8a8fb
10398,Watches,da4864150dd2f0357b627c66037159e18c36bf6117f8b908abc120d64636aa90
10403,Tops,7e0f0182d5a2663bb987b00b3d974e90e6e7acc547fb47501d1b66c9608c1e15
10411,Tshirts,c022031e5b4fb300238b8555fdf5eebfd86ec3ea795ac81b385c3be03dd8f2cf
10428,Tops,93d680471c84ee93e01fdad3b0eca926e92afc08a6e8568ab62cfe8bf4065e4a
10433,Shirts,518b20e0df3a5c7d12618bc24e4f73c72414724f739f1b5dc05eefeff81d71f6
10440,Shirts,eccad2b3722cf0e80ad20918fe5159169f868a9374f917204c9a2b8669521391
10446,Tshirts,7f4ffa93f5dd8474e24c7b74b84c3d55ca01a7d6d97235b091fa98073c4e8bd5
10447,Tshirts,d677ca6009c794e4aefb534cdcf57f9e541f57ada8df9c1b588ebfabff5fe6c4
10450,Tshirts,333f9cfe89473c93fc463407edebbc11219e298fd4f952d6461dcd60285c5459
10452,Tshirts,64c6f550a138955a4dff2f21ef7aa4867788edc40b7efa58e9ce659557e0f9b4
10454,Tshirts,ca23788504699ab0632a4cbc8dcb1aec68497d3ecbf8418ea2b5425cf184df90
10458,Tshirts,ebf4a57af39d854b1dedcab0e7bef84a6858862e7d5303350e774c79539de949
10465,Tshirts,ad312d538844f779caf02f7b6ba7fb6838d14aa8af910ae2af42ae88633c756e
10473,Shirts,d50af4a8e287996a614f6c2a38d4518a9e91b5607ab25dd6e78acda32b556779
10480,Shirts,5a2050f01b3ca2c14f77c0ea79c6f30b4352254b744fdd4fbaf20054f5010853
10487,Jeans,53543e5fd54405b59c7a16af02036064c356866d43690fe35f22ef7f0c792f88
10493,Tshirts,3cd91ebc7015d3b89ee08ec47635273e706a9077f5a60786add8d3a7f72d335a
10496,Tshirts,880840f3cfbb9146cc8299569e52c8ff16a23a976260915379e82948fd804bb8
10500,Dresses,b9edf2f61788c684e3a4699b5abf824e9af3f6f7e58ac19c4262917b32b46050
10501,Tshirts,a1dea939522333a4abbaf06a68f401217cbc5bf7d97b536db0310a834f19cf62
10502,Tshirts,c1531b7fa9cbb1bdfa2a6d2f0a32a6ec164e15661164325d8345c3984ed5b540
10570,Tshirts,0bf0aa477850a5ee9d0add6e5e61b7c7e91fa088ad2358e5253e59d96f054d75
10577,Tshirts,754be0c61ed6c9e3313c7ac1a7aabd5203d5beccd555fe16b2d83b34e3adaef2
10580,Watches,671507d45aa850182eda6d0f6fa317a54758aa5194de00245bbe191b0af9961e
10619,Flats,b618889d25d9792571956a22a538a0551e9ad3c043593c1f3ea9b507d4e25022
10628,Casual Shoes,3dbc6149434274122984a8717744e5275b6f5146d559e1c75ad08554c049d992
10650,Shirts,5dbe29aac25660d90153bcfd74d7e3f2f9e778a905faf837419358172a6c32ba
10658,Tops,69d88ab509b537de2026c7db5d87c7af5c365758d1007db3d982d250af049e43
10660,Shorts,91da63cf7fb839a8ae4a3c4d844734704730f0a3c2c4e9543b83c6dab33b8fb2
10692,Tshirts,ef0ed4da942dcf073157cc5b4fcda373aa14d4c1511ea467c7c7a76138faafa6
10698,Watches,bee3b81a7b1e5ac22b853b045d3d0d8e6b39e308d46b7312256d4065cfda6d66
10704,Watches,bae4dc79c25340e25ffa0055efd5f402b9a4c2bdb92b2780b7ce72e28d2ea096
10706,Watches,2fa7db4fd21126877139a638a3cd3b54a2530668e223cd6f5c184084a206b745
10732,Handbags,a291f899e8c3bbe7cd7192918cf1ea3cbf30e659a1ecffb7805572338420f0f2
10733,Handbags,b2ea52af1e55aad7200535d194091ea7c6fc8bcabec78cb7710051e43c773369
10737,Handbags,04a076df9aa7064c5a606a88effe6e6a38c5f7f952ab3d277f00a400d70e8007
10747,Sandals,db256526f94e7edd6775904506603e00cf642cc8fb0fc31159a06d18f5acb0dc
10750,Tshirts,d26807ea6f2617e90d9d8f544da091bf81a3df89dd6676a37c0744d3d952222a
10787,Shirts,244354ef5bfc8852c2f2f403e1c95d132f0b83ac14e6adaf2d1a1aa83240cb18
10791,Shirts,90f252d677994a07a52362718603b04a6fa26e117480991d7b6307b7b25a0e13
10794,Shirts,46fbf5ba3ef050bda89cfeaecc87b65bd802dee7d6402f4e9ec7dc1c1e07c4da
10801,Shirts,e143449bb13e59c2d9d18d8885546e149a5b0d7a5993d1260abf5575bde7c3f8
10810,Shirts,09f09474223d5fb96eb8b50463c4d0971f3e4d00cf4b7474b2d1ea3b7c50137d
10812,Shirts,692f15de1688025c575d8cd62a1b12becec86d4dbb9038604a2b9cb1124109cc
10821,Shirts,109ce9131e38e360fca34e9706ea3e748ba7ef7158574c5645bce42986d59af4
10825,Tshirts,15c7aec694ad2c038690fc42c20a80119dbc4ed347348c380cf490d9d1190c35
10846,Tshirts,08a7d7f9f7a4b5a42774dc56380b662f6016dcd6a9153b98d932e97d236d24f8
10849,Tshirts,fedc3d170034566bd20a1dad184c802f20a55660826204eb40b89a6715d8c036
10862,Tshirts,00a6d63feef7f53d50eea6125f33e27383441d9dec6c8e8da65b4ec7654271a0
10869,Tshirts,f52466b02dc28fe6f27b4b28580f43fb9d26e21dda4f161f98772324f5376b3b
10997,Watches,5a84cb0fd407178bdf81944a9bedc410942a04bafe473e6997f3be1ac05d26e4
10998,Watches,b28f082166c68318f5a5753c9857fcfcdc2bd18329b1ec82a0bd202cedc06089
11002,Watches,daa8f61baa9b2c4ea480a1444f42e5bce20a1953aab28962a1930fd645b55678
11007,Watches,f6832477d4c3c872e16c033b6398a93794506f51fe775c436c2a9f8ee6e20937
11014,Shirts,7cd03dd9f00df527b34148d7bff27c35503e6da8e2a184b9cf808ba23fe45bd2
11017,Tops,810d1a5e458953ea6a593a23c82684e773bdf02f12c8f04a3a17e3a6278c8515
11018,Shirts,1ba4f0ad030e308cfe8b3a7396d15a4d3a88119175747fa79b29f43bfd4182cc
11019,Shirts,568e7b226291d55ee5c5fea6e019bf5cfb725972c541da8f8d22f41973897d22
11020,Tshirts,2de59a4988848640fe2942bbfd20870844ab5e2eae9abc2eaffec328c42da8ab
11021,Tshirts,dbc5d7f53fbc661216f89c59ca51d006897f304a651ef76f8752e416cad403d1
11022,Tshirts,31dddffa44688f660cf9340d4d2ca5cda1f51454185fd4d3d9b1315711ba0c71
11025,Tshirts,f7fba1203bef87a8003563e48e7fa8cade363b3ebd3a69005ea5c0fdf3111a5e
11029,Tops,529c3142022350869423cb574480d2f73ce96cdc0d7ab42f6aa162b6e8e39d2d
11045,Shirts,2e7af06138efa4c25648e3133420dd6e22bdd6fc1ed57099644da697e5e4cc4a
11047,Shirts,42aeae96e02e85e948396679d60aacc7d5d5a2704ba573cc1c26ad481191e733
11059,Shirts,96f863f0ac2bb343bed2a2d7262cdb02fd23d640def599d51e8024c709457974
11069,Shirts,a6e2590a8a05fd77a9393be1695c5c004bc7e3443c71e6727663dbe7ac5ecf8a
11074,Sweaters,f43349f94e8c81a9227160dc4258979383babb5ad6b17d16d7fc4099abd585c7
11097,Tops,ae346f00fa923001472b08546a8e5472f448285f01c904b21d982c7a0f2dbd3a
11100,Shirts,52b6a855e5c5e3e40811dd11dd76ec79f64519d04d23be2c9a7173fe1c2633aa
11110,Shirts,ba308734d91d130c5387d94377068d154847e0d45c335e1ab21213da97a94b40
11112,Shirts,9718fd6e4c8872bf92be4726bbb845d0aef179d3d0719737b51609e7d43e27aa
11118,Shirts,363cbd78842d8cea7431b8d0aa1379de5be748dc5383e3e828ec5bbcc8b59a02
11124,Laptop Bag,b37652154dbc0f91bdb3e925f527c087021af8df48843331a430041859d3ffa8
11128,Track Pants,23522ecf3242e0ed0934cbe790f8a79e79da801f0c78065036768d651414b5bb
11131,Watches,07b7052015b85b7183a410cdd2fe09920af229e1fdc47d5013236a5bcc67526f
11152,Ties,c4819204950c2e03081a8057566b21f0f9b237b46630734247080ba397d5db79
11169,Sweaters,cd4427d7528111214da3db224e37fe610207edfa83fb14a604ebdee9a8810564
11193,Watches,9ac819e8401620a65a04db5132f9afe196b5e9df88fe6407383b6b33d7f98d1a
11198,Watches,d70a414ee1f160ee39d082c2baedcb36825a9a79dd73b4f0bb53f2faecd063f4
11214,Watches,216755afe5f6261a2cbc0a1c93c12b5a757ef569a3c45cf3d2a9c98fca761d60
11215,Watches,795dba5fbdf8b75f4bde50858ccb93a43283bef7155ce7bfb360672f483f8763
11239,Jeans,565222bec81fdf3bb91b586e7a25139ddfe94623fca422cbd72a39f36d913aff
11242,Jeans,4f17faa8086879a3ef65566fc8afc0129a3f4d567a3b2aef626337a3dd20bed6
11261,Dresses,7ecbc030cb1ed70287d44de799b1cdf7a8804582e2f56b2136f2e61ac2c6ae1c
11267,Trousers,e6153ef94c78b79e3975d69d179df6d87ec45321c2f8372af22191a31419eafb
11268,Trousers,b65ee86d20fcffcf06efd9b9129cf81425fca6ca568d9dc18e990f3a1f263e69
11272,Tshirts,07c8dd842718afe8356aa811bd740979589f4f9e4ea72acbf8c04a230ca546ff
11278,Tshirts,0d06f75bdb508d01ba735c233ae3d9bb5b6d1be58cf95919340d002803d82289
11281,Jeans,5668fa25b0aac10616e9c3d9659cdc65acb54682ed78dc948cf364724b78b329
11290,Jeans,5becf3f547e4754e0054433d26197191a19a93694b44da60a99f955470115ddc
11298,Jeans,0424a041a9cb4c8eec6bde9541be09ae7ee2328238b4e5d222851d4390078aef
11307,Jeans,06c979f9643c8474298749e5bec3bab4a2afb993fc868adf2e988f2f1aaf584b
11319,Capris,1d8b6a50067d12040942a3338333ec38c3e8b2e94984614b7013a95862cc7a5e
11334,Jeans,4b022e845ed9e023aae3c3c73d601aa1bfdeadd4d8670bd2be76d3d4963251d2
11335,Jeans,38604004bc39eb8e4b083152c6ff7fc1c90535f001a17e38de9c2c75cf325c36
11341,Jeans,dd34a2a60f3d28762910bd5380fd19e7889c119f922511c32fb046898bb6b010
11345,Jeans,1aaf27c255561d537c0bbc2a299be00cbccd774224efab64976588e196b04bc7
11357,Sweatshirts,44d66280ed18d9b91eba3bead8957370b68d80b9abf535b95373d5a3d9addc21
11358,Tops,532b8c268f3697cf23761af525b2d17c3a8f46996d6920878c0168ad64395e4b
11361,Tops,0766cc51d2a11de29e96333e782c913cc87fa34c52bdc08c6095b7261e84634b
11367,Tops,7c502244e8372ec91c8fdf9d503bef1054e5e8b289015cc8eb2a6695a728f90a
11368,Jackets,3850ac2276461276462d4aa83b8caa48785626d82bbcf3879a8974eb280346a6
11376,Tops,e47c2abd938eb22e5da1ad802818bf296be0407487fcf4dcc2163d5a293ba586
11380,Tops,7024ef3d455f83f9760d30306dbf4487ea3a36a799a1f1ef24b24c440295bba5
11389,Tshirts,0b402fd4c7e47d3a6476f07a8578e94ad9f6d9182233f81a08033e087c228c76
11402,Sweatshirts,1d0d30316f7846ec9168ed826658ae3876624914853ae9a342fd7a8d7077b02e
11408,Sweatshirts,6179851a2e57af1f760ef2812c2194712e850c15045a37a152a0b9b457d293a1
11414,Shirts,24cc571f3e553389041a12a2dbad35abbaa4bdeb2afe739063de8f3da22a5e5b
11416,Sweatshirts,bbbe3791526c8077c49dbb7534d460d925ba74a1b65db46e24a4c95ea8854fec
11423,Tshirts,e3b5155373dec9ac1a36ba4b6d42bf822c19aeaec275a833d83441c0e6cf016a
11431,Tshirts,aac59df8c773904b4ffd0b38f051373a8012b95622eb56e07e4bde824e49fbc0
11433,Sweaters,b8d83944509adf4b6a794325e6237aac0d10818d705e148bfac742720cc783d8
11434,Tops,f5ffe91cb8fae34e1530466d45ea66e9b5d1347c7db414bf92be6d4c0ac68ac6
11436,Tshirts,ba8ffb85d51db254e87005c72aafdffe3f293341e95338dff067a36bd6ee85e0
11439,Tops,6432e03bf5d56f1f54aba48c8d033e694557c78d560ec76c67284e195950b73f
11440,Tops,5cf64f73b7baaf1dad2ff0468ad9f72ce6b4a84e88d2ae357ddcd2798f3417e2
11444,Tshirts,0822a8f1e8c62bf8d3078fc3d7513ce8bd27af7253ed909d667c1b656fdd6cf4
11448,Tops,9cd2b52cfc1ae59e46be1baf97bc0b9eb6310acb264ed646c02533f2300ac519
11462,Tshirts,45e41e1cc59b04908aec548d17e50f215f2874577b3295c83debd970987cb151
11468,Shirts,35e4f7a3b3c0661216aa8ec2f99447b17c7e22ea2d5c6a9048c119c3c70dcad6
11478,Tshirts,e3f03b60b4e69b63403df8ebac00054e5b6c174bcdde1de84d5a7ca83fac0d4f
11480,Tops,40bc5c7c26c9a3126149a39488b0dda3e74f48e17207381344a0464fbfd75c69
11496,Heels,3e0598a7889b4b76863d522350d0e8d33c0f9cd970cae3cf24eab5003c62cce6
11499,Heels,d6459f2da19a003d3e7c185c0c9d4b73614021bac4147e50da3a52391fb0357c
11507,Heels,fde6143c51fda202a098d0e59f17cbabc108eddefe89d9a4cbbe6ed00edc78d6
11516,Heels,97ced3b3fe351945884f1a371d985dc0088823bdc4427bd0b6f53372bf74c251
11519,Heels,ac58439043e6815f250191039b534ff1830c42e8e9a94ec70e09b55804f5cb51
11540,Kurtas,e2e0e62fd795f46edd043d00cc10d4a8a0b6db7f3c2ddbc59b3633135b377266
11559,Kurtas,c4c97cfa3b9e3f4ea7fc9259696de11427b6d731a47692533587896d591db56a
11566,Kurtas,5e6bd85ff3da29d5f38caffca8103e3a2e7f211f64564983e932726537ee9803
11569,Kurtas,8a439ec52d798fb449b815187f2a793cd9e94247017746bceddea795ab9056f3
11573,Kurtas,d00c8e67e6d0b7584e0098de05f7d71f282eeeedffa891b95449f068279ee719
11577,Kurtas,2cc6e6428e68fc53f707d5777b007bb3af288fa2081b64e00457731a0d18d172
11581,Kurtas,6c707c77c5d3d6a8440f81bd6ae2d1962f7eba47898dda2e91e0d743e4abb5cf
11586,Kurtas,13458e646834111447e9f67ab5c1b167a1be959eb1245306a08bc25e0a0c7291
11597,Kurtas,04fb497bdebafa1fcaaa3d1e2c7cdbdab0ba6cfd6108321358f5d26def4cfb32
11609,Kurtas,93b80a3305c810f186c0840863ec3b0439dbae839353f4632bb6598fcb7b4147
11611,Kurtas,035111c30a3773c94973f60a5197a03ea760ac284da66e2456246148d8b98bfe
11612,Kurtas,47b5c1d0fc63d1b0df126fdd2852115ea80393b31c2b8219f845b0147ec9adb2
11614,Kurtas,5da0fe15d28ec193575dc4d83d448479338212975aa5d4631796fd6687620241
11620,Kurtas,aab86af5132b040c1a3a4427a0c113c5dc98443da7828cdd4feab27989d248be
11638,Watches,bd3eb31f3240ae9ba81b23480c01d6c114c65ba876e09ba6793222157ca69b0b
11643,Watches,e9232004879a3f2ba17cf8dce738a32c4b3c04f0e56929b1198fb6bc98b72420
11645,Watches,eb05160ea2083b07ff3ceb026a4cecc33858409c07192c7dadeae0cfc35d1a93
11647,Watches,bc3ca004f48f97fe8346aafd9bdfba3464a24c3920b325b5f9e9fabded4e1645
11665,Tshirts,0f10357a700994b74cc886c6f06483784aae686e121ffabd46b76b7a5b31eaa3
11668,Tshirts,7b2706617c99452080780d380160df4019cadfe5df78a2341117a1faeb6d0f55
11691,Shirts,cda7e1a11c0a8142fd319f3067ece5a72ce0b815a06d2b0f34b91cae00968e88
11697,Shirts,ed45e1c5b7d39bc088a0783064439f37ed23394a297036c32e6a037344d216dd
11700,Shirts,93588bd474d812ed291419e06587bc28f7da06dac890596a0671119ec1a5f314
11708,Shirts,958c13045aba4b3ca0157a2e9ba68e9087e5f030fe97c5f131fc4448fe03227c
11710,Shirts,1bd7e6c4991ebc19005ed63fa7900176f39dadfcc3aa08c5d339c6d2e62b4828
11725,Tshirts,7d2a6009eecd16cff3422539906aba1d74dcd937a46f2ae8e005fdc289577cd2
11727,Tshirts,99389f6f2ce458a3e40a4f2d1fb211f078b33644c74dabb6745c0210c9d53f7e
11730,Tshirts,d05d9bf451171916c6e073a080361632cc063efa2bcb670d0756607c4478178f
11735,Tshirts,a7c477358210a9392001df6385a45617b9d2c1b73a864d33d6bc584f885d1e88
11737,Tshirts,c87c820a0527108bf0f67ef4c10176095eb0139796c973f9a57bd37b9f7e2018
11739,Tshirts,1ae53b30df2c0105ce7a758a56e612a0a0d83e4b43173c66f9ac15468fe8e051
11742,Tshirts,bb9684fb4a5e546d683d513f4fb563db060a5a13bfa7d6c291a4da8d7b12e93d
11744,Tshirts,c2be1e5f357ef28de99c45a1287fa7be74483a22606d564b870f8bbbb3c76c67
11754,Shirts,6eb7eecc409799e9875b930bd56dbc57f64c41528ea6a052efc6438f0483f988
11761,Tops,8bedae0fa50e86fd4e22280f57c2c03341990c6be7763f55a59a1a20f4ca0f36
11766,Tshirts,b52cf863c857ba9ce5aebe71581c0531c32bfff166c2cedb8a643c5770c0d29b
11786,Kurtas,d5c3293f68a2615f3c56edfe29b85071479e70368ef2de1174d1797e6546a694
11794,Kurtas,9f2e44885e7b79500a79348863e5716477140dcf2d58893e516dbad257da1154
11800,Kurtas,6265519531106512c6d4a5c0f19f8c0d549d558d006c5aa4e7f9f4a07fb5271d
11801,Kurtas,268088c53ec52740d11b6475adc5fe09ac97863e32c9a01368d9fc3766bba0a3
11813,Kurtas,ecc2789e001a7861663e1aa81eaf461f24d72f983650db2c843b14b2a0ced87c
11822,Casual Shoes,6e0626bffbaf95df34fba1ad1454defe9ba0677e412fc4cb97224b079a5323a4
11824,Casual Shoes,9579f3e5aa70e269ffe3981ff7058cb51f8c41a213ce3923211cb29728195adb
11829,Casual Shoes,93b510a1222bfc9c2ab78c75a71b23bdcdd74855080ef09fab8f3e2621dad5cc
11835,Casual Shoes,db6a6d850e45b4482fbcd6e3433d76ccce4d18810c6c92bce224ef92b7f4c5bd
11853,Flip Flops,9065b0db999ac2ee68ef7ac8523fe2b2719da49b6b869f25b67ef9f7a2b03d8d
11855,Flip Flops,aea71b2e0aa02c3db3fd7226af4ee9a938c56b0909cc4bc44e353bfe5bf2db34
11869,Formal Shoes,4f5bfc80eecb64a742dfd653f7d44d576de4c1a1fc03557f68f7485408b76094
11892,Formal Shoes,e354961b6fdd34b23d8546498f004c45c8d484d934e42a0b3f31c509c30873c8
11893,Sandals,7634aea850607d983ada42524b9a8fa9518255c65c6d582983299528c03d7d2c
11899,Formal Shoes,2ae743889801a63e0e915804074ab1f0e0bdc512663c1c26e4430eaad10f5edc
11907,Sandals,81fedd120f2a2f649dd8031d13981b454f0b148bed55e1418ff82b57fdc73cad
11908,Sandals,d5c31d7dbb37ecd7eb9adf5b55960261505688e6704c9eb293bed87940279b98
11910,Formal Shoes,d4f28754b62bd72337396274654693e404c0f18fbde2e90316576a230f321338
11913,Sandals,d3e1cae79c750dccd8f1843d12332af150ad4fa795a19c4e9113ec86cbb0c286
11916,Sandals,7aa7d43660c5be7c8989665ac493c2a33b5ca1eb7594793078957e15c6e3f709
11919,Sandals,7f39c7bd3a684c5644ec24aea5999e1456e35a5b084225fccf7636c4cf3b3591
11923,Formal Shoes,3e25f7169fafb55a393cd01eecad068f58ed1e6071c36af3606807acdb9eb88f
11925,Flats,2728226e089f98eb325250a4f0bc4000a34c580b6190acceceda10b46efacf69
11927,Sports Shoes,51dad71040645175f98c625535a70212064bd4177a961bd1bd741b3904215d56
11938,Sandals,4108868715af524fecc178c7fe10192e4512c1645e40a2c516fb1290e3abc2fd
11947,Sandals,8062cff2bdf0f188ee92730b65756ffc56eee59e3177751a965457c091ffbe6f
11949,Casual Shoes,c79d5ef7c891cc1f8a4500e63b7c9a830e8dca3137f4ed5c03846192dd8863df
11954,Casual Shoes,23d7e58ff69cf3aa1ef73074a9920cf2293af7fb443b2057cfb8ddb0e8dfeb27
11960,Casual Shoes,e3db46d8481c9a83e4cef2f04064d1c9599425fd1390752e90c1821f33ace9ef
11962,Sandals,0b18eee54db5502b236cb7476e2cb1225420158daab38fabccd0a550356471d9
11963,Sandals,aaecc695609e2ec82e1962d35211bc896bb58bcd92712c3314b52942f103bcf7
11964,Sandals,f1ead401e0ae20d1e5bbdcd680311df88bddcb0f5baa44f6090a83ec62de17eb
11971,Sports Shoes,52f19b874fbf52e8dabdcf0fc622fe4ab8a59d1cd079b41d24690d9afe201449
11979,Casual Shoes,0d54a56149a678c6a217504999f25eef3cdcd11d5c766ba90542997cc1c3968f
11980,Sandals,7fd6aef2d432b8483fff6535d663d7bd788a00e4fcf616218a5afe455a791ddf
11993,Tshirts,d7005ef09de67875357d5d49daf8fc7d6ea592f1dbfc2a4fc1ba987f9c514175
11994,Tshirts,e641188ff327672131efccd4484dd86ab90d803def49c8ee9d5db39b5a3d635d
11998,Shirts,b43ef6104ed671be94c84e5d15e24f093a5a872d6c8a7ba01f3c10787a6df2d4
12000,Shirts,11a04fd605bf66abd0dc4fddfe3ae7cff7d010dd0e4d304c99c761ee21ea0dda
12004,Shirts,a4bd5c850a685bb47cc838b29bd5910d88341dbef6a029dd0c1106a4cefbc1c5
12009,Shirts,2f7d2c8c8c96e7bc24aca563c671d833ce37dd46842b6069843f8cf41ef784b3
12012,Shirts,6d8470e50a7189e405226eb8475f8f744265812dfa2a2affb1932de1e6a9742d
12024,Shirts,098af823bb732b15dd8aef4ac21f6aedcee369d24f99e08c1d7427b6a7880043
12025,Shirts,ef1e24ae47116afe2c16ab745d97cafdb921caf73335136d3f2d0a4f805643b4
12030,Shirts,205c206ce139e0a14690470589c7abbf6a8fe9c6fd7fbed1b27d37812c02a66a
12039,Shirts,3b29bff57abe370aebecb5b5773307aba9a3f76e3ccc1f0a6d5b89987e96a403
12057,Kurtas,284f6a7c487dbb8546d3c307836b3868de01e2054d6d0204eaab871169af85a4
12067,Kurtas,a2d2616741fdb00ff6e530e5d9013bb87d7ca0b2b658a709bffc23b354741e52
12073,Kurtas,99f43b16f5ab499960c6ede64d6107056b4a04736401ee2bfe7617a3de63ec35
12076,Kurtas,f922df4e077476a61b4469b802073172dcdfb5beb1ff9ac71c3c749412d04d6a
12078,Kurtas,609ea34b868a366957836528d7b68bb0f77ac264f2d99b20d4bc00af9ff691f8
12097,Kurtas,2636ce94d43f26cb058f7080593acd0dca740cb1d0bae62fa6d136e22b09464c
12104,Kurtis,4ab732bbef27609aada237cc6fa95f86998b0410d3ffeceeaf5f01c38a0d65db
12108,Kurtis,45557e728638d98f15ae4a5aeaaeb02b880be788f75917151b22c3af21504648
12109,Kurtis,40ac8b7de9f83b2e9760a30279ebcc2c380c8c29603b4122a7f7b9444fe1ccee
12121,Kurtas,c0b72ade58bc39a02578dc3e1f9d11e51716cb40580f8d8c79afd83d577a4b91
12123,Kurtas,575e1d0a26811c8f06217cbe721ac15a6ed025ef465e72a2165f675f6a4aafa3
12128,Kurtas,32689a38718ba14b4ae78c6d92b00b9065bdd3e9c459d915ca7366243d3b6091
12131,Kurtas,ebc7de6597e16dbb66c107cab55db2da3cb3a8eee219b68e4b6175e29b389820
12137,Kurtas,57312368305dbdb32b08d9ebc3f22640562801e0b33ea08256ed2219ba2aa26c
12139,Kurtas,9706c1d3e090588fadfe1d98175fc550e8d27fad54801f0f61c14cd29cf7e18e
12149,Kurtis,335ef54e9ab61de9173f03c89e04c628f06c08767ab06ee456802e11957bd3ef
12155,Leggings,eb9ec7e1a7bb5d5994a3a8cbf6b1edd61ae03c5b40aaaa992b6857fa40cd5412
12160,Leggings,a34d7c3443b9a527981c6be32d370c44e077fac7c9b0452af03f2c3fc7bdbbb7
12162,Leggings,87f8c2a6cf3afeede4e719b36d9d573a0c39c3e82f5362b07d30247ab8d85030
12163,Leggings,79577d1a966f2b8082aeaa53f595cdb46b52f8d9c740cd726e52a00b0c6ff661
12166,Dupatta,f770855a09e0dc024d3f144525e80447af5248b09689c6b633bc22ad65e9c5b8
12168,Dupatta,5c84ab3bf1eb5d43f30b399878e2f9966b8b9b46c2bddf7a223ca6d3143ece49
12171,Shirts,adcd3baabea3d8fe0848ad893ed3e91be8554a6d60bfb4678a8bba0f0b131a82
12173,Shirts,1f23c243c7fbb3d3e751afd613090e256e064fd734bc4a5a812366e89a6ea46f
12175,Shirts,2dbecc6fe5c516c1179f0f653fd1be33f0f808eed05d1c3cd3eda6136f8a9676
12187,Shirts,2eb2991dd473a128abaa46dc4032d840cc6ac99f4916b8f22a8cea1f1b3f84df
12189,Shirts,1e7b1f804f9ce3df9bf5e534c2014015ed343b30ec71bb1efa0a4012940012b9
12190,Shirts,21e37fc32d1af733714d68b623fdde2928ac3404fd6961a2eade463d208a601b
12191,Shirts,3ec9d0f6429b912eb4064c97ea5b599f183d05e2a3b0868698e45191eb93bf67
12221,Trousers,1aaa120622dc409875bfd967b0893f012ab65fce683b865421bf114a418b4573
12224,Trousers,fd64d407c789feb1c0d6ec50fe12a4218de145867939be3818f225742ef56a7c
12225,Tshirts,c3703ffe7aa85c2be465ecf5efe3564bee074910f5359d6bf103834aabbc1aa9
12241,Shirts,944d6bcc2e7830e80856a685ec63d690757338470473318f91cc4829da3044da
12253,Shirts,ba06ba1ea26c7b1ac789bcc743604aea01a085101f73320476d2556ed96009f0
12257,Shirts,edbe95896e4b491548ccbbfb38c0e693ba381f0502d8d81b0104b48257bbe6e8
12260,Shirts,8562f84307ffa3e32a48ed69e81d0388dc81d70ce1f5ec67b71e74a2df690c5b
12271,Shirts,81f361f5ba34eb1cbd81e5d5bba1497b7fbf678be1e96f741105d0819beaae66
12284,Shirts,d0c68e9ca1e5e4a863c382a4864af14c2fc851106d904d0d4942fe2626abc1ee
12331,Jeans,0890ba6b0dde5c7dac589205838d6c084a3495c9360912722766719b0cb86870
12333,Jeans,3ca3ab68833a1be8b4dd3c94a0a9ba2a686b151472b2d72273547bb5ca6ab140
12350,Shirts,d6f6a44f5d216d5ff9d9f006cc6b47cd7edd96dcfa1c7433abcae1ec4afe5e25
12354,Shirts,f2cb1c1a73835b197c3fbed4dfe60b3c87d88068644b9ba13b5333877a0cae20
12357,Shirts,c174d09c69e3efb43d52d43152405a44325246c08898e839bdca80ba3f54542c
12364,Shirts,fedfb279741759eee4cee296d9cfa36ae59d4066ded983d363a8c4780b544849
12368,Shirts,c8f89ad88f05ee6a97bc5e2e599b76d408b2547e5288f5e52ece0eae6ccce24d
12369,Shirts,879ca6e355c74b47d935b5d92b1393d315140caf4b097b954534fceef4d4716f
12383,Shirts,1f66b5ba308df886b2f74b362168819d840d0e0e9d567d6a500db0fe2a50a643
12404,Socks,b2ca067d0f7f7e6339e185bdf4d822374e824bcd226f8527822e66577b7ec69e
12407,Socks,d5b996929f53a3c2b2199c8cba64745dfdf9d7c00f877b73ecc39821ceb62e40
12422,Casual Shoes,d179975ca8fa24f30368ca232c8fdf9e2a1a5e0faf0b8d94d14edc24adfb5cc5
12429,Casual Shoes,1d004beb3b8bb68e67c09a4ad3bc17a3d4c17c869553f847358884c23eeee81f
12441,Wallets,a37f55cc6e7899d40bc17902d0006ec9f5dbecfaeb2fe90352832a695864055b
12444,Wallets,ff83e5697713fc7c8e154b0afaa3f1a67c3ec9786da0736afde9045974ea193a
12449,Shoe Accessories,3758620e21bd12cf855a1c075ebc1a847d07baa1f5f24c33e00fff3823280a27
12470,Shirts,0de3ae4105f6e033c2598ba6a0476d39e615e55ad28fb7c3b374a7f42451a028
12473,Formal Shoes,3ddbe1bb90a087c361331a24b8b75824d9019eec7eb11305ef21469a955e1b21
12477,Formal Shoes,b477e8602380f398be6b723085e13c19bd7e6ba12ae0976b80e6ede954de8dfb
12479,Formal Shoes,7c565ecbc0844689c1e7d789fbfd4780f1a2addad926ee4e7adab8f83937c295
12482,Formal Shoes,2c52862a444f45e596c23476634cb5bf897a0d375dd7fd7ab2c74890c8ba0d83
12484,Sandals,7e65fab980bcf267e44b462623b47cae5733c7c0934a98715fb9179303f74381
12494,Tops,799741ab1491aecc405eef4b52bd4becb879ce262e88b2d4c7cd26e286752f5d
12510,Casual Shoes,8f1997432ba026ec87434f622f2634f7b0723c5bc9b87a526dea791c0599036e
12513,Casual Shoes,f70b0150b5bfbf33381aac5116d1cafa54a2839d559367ed00c71f13960e3daf
12518,Casual Shoes,2294fe2ac4996177a263e41645703d0afc261833a82202b7fb4ff8add23394b8
12522,Casual Shoes,29c49add3509680c1223e5b74d46ca761bbf62b5be406ec2c1718eb8f9b85037
12532,Jackets,de82522b8fe50bba683149763a33e035bfad75d6169711dbaffc9a74a85edb18
12537,Track Pants,0dc25a14dc11a9e6f4c672af58d7f73a7ce18d15fe78c81d34391fcc1b985a1f
12544,Tshirts,6f9af0978a27e6367774a97aebf7d3ee89a9c0cafd6d4ec579a4b8e23368d170
12557,Tshirts,1bd6c928986b2285010a88ac1ff90478042bdc2a5fee1de1eafc9326ce7399f3
12572,Tshirts,b0fed8c9f6e9e5332344707c5f38b337ae9998fecc91cb8cee3dfbbfd2f7e042
12589,Tshirts,dcf959fe096e20c1efc27a6af13e9e9ebd8457219dbf3cf4fea030aa6eaaa73c
12593,Tshirts,356ae3d2224a3ace01ca1fe737fde4b41c1bcfe17b70a60cbf681e20a5c1272b
12605,Tops,a919a467b8f54e7a2a2bcf5b28ce388f7d532660d9ddef8d5883912c3b29a68c
12624,Tshirts,2708c360ac6ef377dc7a6fcdcddceb52f320fae7dc1705168a5ad21e3bd29aa7
12630,Tshirts,d7a2159961712cdab2275e1257e73fe035f37cfce51ca8ea7321397472502d49
12635,Tshirts,6946bfdf61df27ba5c0b642b8248ce16b0abedebfb708e34e758673a633357f4
12642,Tshirts,5df40aa08474c85e33ec6671a2fa7c8a8795367884d65c01dfeb7849d4ca5197
12644,Tshirts,ce8ac6eda1596191af1df5e0ab51de9d38051f8db67480cf5f5ef9ff0cc0a1ed
12649,Tshirts,0466a0de19a1569c535bbc6a935cbf13edcfd5033dc39c007c6ecc3c61a8b4cf
12652,Tshirts,946b46e66e3f786c3498f9401b7a4f710effc21325b6979d498bcd317a65cab1
12653,Tshirts,1d9e8abeae57199e53ada008c47aa240aa704b032f08c898d52b5ee2eebb251a
12654,Tshirts,7ee3e83f761d90220b5c20b36c4e82189d1070d275c99e736833f7be60ddfb7d
12655,Tshirts,063d31fc25758165d4aa350eb1215ea8fb03bfb8c777bf742c110cad7384f123
12658,Shirts,c8474e7367993859194af5dc2619c8f06d1d9e2e047f6ae619958afccf406a03
12662,Shirts,cdc1684f7e21cc994e69b9d29e0ab6bc156fddf211254fef6eebed2126e3f8c2
12664,Shirts,ebe9fb1025a84bbf8c33a4181556ebfe1b96eeb17e5709c80a2f3a9741cd926d
12680,Caps,457ede8c429a7b557b2257d26a38ee9579066fb1583d47a32e66ffa5058f2c9e
12688,Sandals,9d9c7db9af00748d0892806104e0807dff91cf734955f6b399801ce470e1e769
12692,Sports Shoes,a30abe63f78ee1a6725ee2618b408a20b9942d2253a508a3e56fc97916fe891e
12702,Casual Shoes,0321ed00f7d995bba27dcde14361da446e76669231599946b85658e6b3a0d11c
12727,Tshirts,af709caa6fb7bf8af308dbedd60480db14af279c065913c56d0bc856bdb85b92
12740,Backpacks,c4e781e578fe4e964231bade0bbfff9c7508c02fffadef721be59b6203aa9d0b
12753,Jeans,3a10afa9614d9ffc962aeff466355cc3deb7903976d02f152b5677b7f18d2454
12766,Tshirts,af88fc3602fd10e5f26302a9b927500a1823ba9c4d3349aeb06470ee46bb6463
12791,Tshirts,4093b2aea48eb01578e4e80741c74e14c2914ccb6719b6e87ce261bba86113e2
12797,Tshirts,835d79634e8ce734a3f4d3b279297f8a1abce1624955580baacc4885f4e2c5a9
12812,Shorts,521e888c93ef302ae8700785328ee08d79492779b49c8d2053b6b3b8b7a771bf
12819,Sports Shoes,ed0a4773821033a63ecdb8496c525bb5406722f0b54e00887035df54e8127bf4
12848,Skirts,ba87207e3db052127a2524c4d5fa2ed79a5e249adaef5db07e4a54923e93fb4f
12849,Dresses,3bf231254efd13192da0275c97c570e62145a843206760d467c1bacadf722ba9
12865,Sandals,6037717068cc2b6e7f6707e69aa8d80d288eaff1f06bf78e4a90aa81528ed175
12869,Sandals,b484a6b80e132cf3cee00d1b3e57d40661aace22509780dc8fc5728748b999de
12872,Formal Shoes,5a3b8d7f51d90e4e6282ed1ba59ecfef018c8289577a619d89e3bbde74798fa2
12874,Casual Shoes,a8f299c01ae65e7677884b65af7d4481c01334551529b8bc6f0f0d067769b4fc
12877,Formal Shoes,00ac6b4c499e46c548cd95335aac854bbcd4dbad3c4aa47b027d832099612979
12880,Casual Shoes,63ee91d0148b4719a6f8b8405fb36f3c44fef63389e0f82df0b07462c6a59c7e
12881,Casual Shoes,3a7226a8e90343c2b117d0f76d67e28150ef352030b464f352185c37f9e3f334
12883,Casual Shoes,260c51bab3ad7ea5e45c5a41b6490b98505a2266e5dfd416c97e316dd04c44b5
12888,Sports Shoes,cbf1a6d9067c9d5b2195ba9a689ef41174b63b2376c11745f3d4db572c0ca0d6
12891,Casual Shoes,a7c637577e3970e6cd94fd597ba08e822f4161d8cfc4b4e78895adfec11cb83b
12903,Casual Shoes,86424d6b1e1a533fbf7b355407983747c5b18f7025ab25d9ff1ef9462e1c77ad
12920,Casual Shoes,1485e7f9fa03aabb9568588421062c0bcc7a744d419d8a924ffec8307e2626e8
12922,Casual Shoes,9a583aa209bbea2a7dae85fbeca6fb49d4e446e21c425c6422c8d424ece00ac1
12928,Tshirts,97e6633ead70115acb734b39a62aebaad9ab640e67605dc5deb041d88fd66e17
12930,Tshirts,3565ac48d2bf0464e3bab2e09496aed357a7c1e1a550a92ce83c6b105a6fd420
12931,Tshirts,be2faa433c61a0c1b78910dc02373e82cff687365ee374436050216f6e250fb0
12939,Shirts,2f9ea3d3227f4f162ed83d70b22f686d467387b79330d8a1ad7a6551a16ea731
12960,Sports Shoes,25959be5aea5adfae516e118492479c214fc4afdfead52355060762c6e14ae35
12972,Sports Shoes,cb506553471c266b2952fbeeb532c43b6f9bf04c322c0221cef62cf9e1957b73
12976,Sports Shoes,89ef3e4831d8109844b21a8d3945bc7b722a76a0b1f891ce1080444d88cdeecb
12985,Casual Shoes,e1beefd15c756ef583eca6b5bf00199b3377f544ff170a4f7ea5fcb3804199dc
12991,Sports Shoes,08fd86a6aab492545010265260d3c9095d4687ecda0615988c32580565ea6a74
12997,Casual Shoes,c255d83e5f563e67c636d98c6afdd8503ddd572c9838a3aa1dfe0f0cdbb82132
12999,Heels,6cd06c7d6b8812136898124ffb9f07da64e099299f3e38e81823a86319e1f498
13014,Heels,63800ed62fec6c831882d0af2c7b6cbab88d6fca500ddfd819214ed177f64e4b
13026,Heels,2636ec6145c9d5bee74b97e4cdb871a3c0bc538ffe41639478725874776e4b5f
13033,Heels,2238345438f9077688a6aa2a0449a06c7fffaee4df8f6260e8327888b3e27ada
13035,Heels,1c3916a028a2e8b238262b5db70e1d1837dfdb46221a07854d3e17d200cb0d21
13044,Heels,716ff0b7820aedd7b1a644255cee357e7d553239091c3cddc807f925635c5a3b
13054,Watches,f9b5c222b5d39147f56c253ff5adb9e261dc27e0b5b8a74d3f0610415ba9eb76
13066,Casual Shoes,818689d49cb4e803794cac2a93a3644b60a096bb8303dbb8304834cdbf44efaf
13067,Casual Shoes,d869b422f95de5a615bc8e8ed2fb9860cb72d3e9ac81e49320e2511fa7ebfd77
13069,Casual Shoes,9a08d8207f7ea03c2f402f3369fe698a34a85cb1b96ddf2eab8c7772736087c6
13070,Casual Shoes,c87b68a256d61d09e685e65c5bc5e392633768fdbdfc64c01c44286bc8d59d65
13071,Casual Shoes,14eab8acec8c740c81b0fa5623aef60ba3aaa0565540c59ee1900350ea34e24c
13073,Casual Shoes,f4a302ce5036953bad97def69edf6a82a3e166306e16dc658ab08d19121c983d
13083,Casual Shoes,62716129def203cdf2d9041f56d557294a97bd64a46e7b23eddb40b80956cd0b
13088,Tshirts,230158d9755b8a2bbb361b753d00b7e03c86af61ce0d8897eb6a6cda9a227a79
13107,Tshirts,590948a2c99e09578d3cf9128fb13945bb9c18e3c0c52898fc8829d6882cee0d
13110,Shorts,d2a699d5f10184607a712edf57cb9aed820290c05479049c21172da255177ab9
13111,Shorts,195b5497e5ae7b68d78faf291b84293e7e602656a1f20d5ac485ed5e364e3daf
13126,Formal Shoes,16139bfc199267b25cb8e4a536cabc6ebdcc0f28ecec0180055f21bcb25e31d6
13129,Sandals,8208f67039e81dcf71132424eeed74c08bb4a7b5a0a49d346286612241392e73
13137,Casual Shoes,61be1064bb8f523260f2d927e61439da1d9705fdad8daae1699af04bed471884
13146,Heels,23cc631c23b93628c03c1f19d9302cf035bf93e5e47630a787ae3a6d49ef4d47
13159,Tshirts,28f68bd7f494f4dfe23360e4cbb3f922693b2c12ad88c9efea66d9965f36c78e
13162,Caps,153dc9ae7554407cfb888e218b2b7bdb524a8747e57b22cd20133783f5d7cb8d
13165,Sports Shoes,e7512649fa98be557bb25289700a56e1830c90da419429409a4f8c9c23c75270
13178,Sports Shoes,0544d4c0ea30522f350e52f6d5a21fc513315ea241cbe2fdd4be410f269fecc6
13182,Sports Shoes,a652c065ac6c82b5a86718fd4be31ee7a747960564cb7f56860d1aaaca911d58
13188,Sports Shoes,02e5d6c8b92da5626ed8d0a45861f084c10395c79707227c8e325a8949193b9a
13203,Sports Shoes,67e20f29e9536203357ee8bf473b80191fa9af8bb1eaba3ed832a070ea5a7d6c
13220,Tshirts,2ff6ddff0dbcc47bfadf55bc16ee2768cc889fb0365767e8e49ba52e50ee844c
13238,Tshirts,abcc602ef493a9ce41c8eca47dc22f0143b2a6bca3b4cc9f5bdb8c63a231064c
13242,Shorts,5c4ea015f987834fb5bd00995a2c1113a53e4e0136d7eae63a28f4189e4aed2a
13244,Shorts,afdb32af3606d0c5ab3bb52ac7d68e406091b39a68ea7d0d99d2c00d363ae6ba
13246,Jeans,61d75de9d4f28d7774b6990c4020d1f909ca46b9a3feef6f6806ccc6f8cc3a0c
13302,Shorts,83a6cfd9d3bb0a2b85faeff2805e1c9f3c8079d8d085a8547b4897232c683437
13318,Shirts,b2e83153ce330b82f141924d46bf6292a57f3fa934fc83d4f4fd84ec336b7d44
13329,Shirts,e544ee3266e1bb07566e86d88f7e76e8f8f54522e9f35d755dde08f7398d3695
13333,Shirts,59f16ca631ba3169b49a46f6a375ba84705b64a2b9a481f06b87552661233faf
13345,Capris,b6fc252a4cb39815949131e1eb8cf2ccac40a740528f5bbf0cae384b6e75818a
13348,Jeans,e2281d5fe1b6416adfda18901807abead930851d1b8dc4cbc7e3964986bc4c10
13349,Jeans,b1fb41b5b3a804c1710ad2db67ceb8293dcd42aaae0428ec939c088845c9d2c8
13350,Jeans,c537c20b2fe80e7d4377a2f164a677a18a73cd89ccf858b31652fe2cc8266b52
13353,Casual Shoes,049844c158bc946d4f532ec709d08c8b574d99309fac670727735bad8084e497
13354,Casual Shoes,0a415da6c742c9215c05603ce9f35c461bb7a2dfe7ea42bb5777317e2e75698f
13356,Casual Shoes,34edec973faaef91c4e2168c9f393e0c1630a97d5705796ca4bc1ba66fb824e8
13371,Casual Shoes,dd30c03f7cb2254c69bfc5536e484d3b6f273bf53d9842bc353449e5ff135581
13372,Casual Shoes,cc02df4db80bc6062148d6f1bc5ff4cc0f5e1bcb5573c37e5664f1263703d3f9
13377,Casual Shoes,4900bdcdece71ea08a3d890d2799f4c55d740f8c6e11977613b5aaaf9e1586a8
13380,Shoe Accessories,a038c6ae892c6a6a88bc613ec1c09df7bd5492d5cdd4bfb0f67c4031d0adcd6c
13401,Shirts,54b18371efe6284b0a71b6a6d366bb48d446be1939c353b2c5c257f0f6927ba0
13408,Shirts,e466d83d00d0ceae439b05fb2620a36b17369bd317f292f63c348a31e29f05fe
13410,Shirts,795d607cdf789e26908ed7fdb63387eb24184de5101972a0a12e29cbcdd82634
13417,Shirts,6a54e374222172cd22bbcbb3795f2df1c3ef5d476bb79aaabd722546f12f26de
13436,Tshirts,7750560b3c1f24845d7b07114dd5d48e0789c3234cf4a870bde2893add148b65
13443,Tops,1638997567b176c49ef64e47823649fcdee699c25cc1467f26e8292cec847711
13448,Shirts,93c18ecb8be95a3879431767a4edf679ef6f9952127e15c59a88396a7f4b0305
13451,Shirts,4fa5bb0f880db7d467e02336cdd776110bd7b30f984a0b92d558b4ac9027ccb3
13454,Tshirts,7f788d1ea7b588018ec07771c1be1e7e3844b88f2b28c7eead2263816a390ea9
13463,Shirts,0d08e7066e0cb0cfa2b6ccf46d894afa42216c1d1d9dfa7836fd7b6a0ebd92b2
13470,Dresses,15b4cfd231f2861a73030c677b52489fa23d094c9d06457cfe8b24f5b37e7440
13473,Flats,39af8c68e04d4c4b34dd76a31bd144bea0603f1e8771cc6f41756a9bd15ab038
13482,Flats,865bfa9f319f3a338ad2167c2a397fda2577617e8ee4891f49d8410c64053642
13486,Shirts,d430c9da54d6c756a2507479b49a7463e2550ce5ad029f817c411ec848a710d3
13490,Shorts,093bc71ad60751469f8a0701ee6640e7b1cbf5e5f5a65479420a3cac581a36cd
13491,Tshirts,3ba9910093951d1ade33c3285ab6d04a88a4374ae10b2b993d17580e691fb9f5
13495,Tshirts,0313580977019ac4b7b5b06103dcd4f04b02b3087192e9d51dd717038c0348e7
13499,Tshirts,147fbdca2159e64ea411f605aee8b4fc7844ab99dd4374db146ae52012ccd63a
13506,Tshirts,9e376567c55c68c423842fdff893d3c7bf0f868995914a2f745fb2c6acdda504
13517,Tshirts,c43fee6b89f97d7596af819fde4f5f54daca9d5ed908fff0c59de8f3831a384b
13523,Tops,60e843ed249275ebf691a330c4037cde20626917d34f641dddceffd0ad82a06f
13538,Casual Shoes,76273107b1d3751299804b5a12212c53a08fcd50ccd2b19c7702ecdc827f43b6
13539,Heels,45d98bd1e12630b5cf36637ccd6add2b33b130437ab5c840d96c68bbd90bdd1d
13551,Heels,cfc889545880939763d0ad4295fd7eb6aadfad4a6398bce919b4fac948a02e54
13552,Flats,352341c541b8182075d4ed6831de7d47412d2105eb0a1dd6a89b6326dab944b6
13554,Flats,a88d4b72c15cad5ead522bbfef794bfe3bb0a9a8a6416167d692aedbcbcb05a3
13563,Casual Shoes,f0ec7efa3c9069395e8a859d7d4dcb0d64b7b3a40999a60867ad46be0c2da961
13593,Innerwear Vests,7810623e794e48e094a2d697f7b4b45600563279276348c9dc08d76fb93deef6
13596,Innerwear Vests,5a5464ec47d23719b4c7b316169d3c5e4e1106186c62db6f8b64409f3fc1622d
13611,Innerwear Vests,d9399439f8372f076c5b66c57908013a3ecde9f310ae7d473570e78ba5aed578
13650,Sports Shoes,aaff34997138f5e3d5e179272f7020c5d4ded5053b50853d21931ae8ff171437
13651,Sports Shoes,6f2d85bae000a7e2d30c9bb421951f7747bb4b7b727bf38cbe6597f2a55c1ff2
13657,Sports Shoes,01468432cdfd6d573244c3d4285c754dd4295c454e0461e519aa477c4f07bbaa
13669,Trousers,ea3cb4e4133c6eb68167962642fc14ce675fd07d9d095b94edc78117c1db1b13
13683,Sports Shoes,1ec9a26c1e141aefcb12e1ffb2f9bf0874033472021c54d9de1efe70a2c48180
13691,Sports Shoes,fa5ea129c3a6b31f809bc8d7e4afad84063a750f2aecd99d7b67289f3cc1d1b0
13711,Tshirts,30826ff8754f2dccb49d9134a4de6c95a1df89b5ee84e83025b979a3ab240bd1
13725,Caps,8b344e4e96af897cabb430ed47761ec9cc02c18769f1a1ceb000d5b4416ab131
13732,Shirts,c80501048421f346c3aa10f932ac36443070d43c376a93966fd58c3dafaba8fd
13735,Shirts,667a811d1bf8450ab956b5f85261278b2f3c563201b50b3e1848f6547d7dfc91
13737,Shirts,0c988c3ef1a9827b84d5df981baca8f2351aa3dcdac880ad29b1fc8685c77cc1
13745,Shirts,60d9ee417ff6da28c8fa03f1a172ebc3f6b92beb7ad609f93233c59c1687a7c8
13751,Shirts,d01ba168f0ea5ca4affaf39d85fcff8ea80f9ac4e97cebde9274e1810504c8f3
13754,Shirts,0397d845d7e5e03f24f465e0eb26b6f491854af35d6d32ee27ec318723939d1c
13755,Shirts,8093c3d976f6b5648f0f4e81f68223709509a603b9561c02776465568de57ec1
13761,Shirts,6aa7e935840d15e8e4148e0824fdeaadfa68c88d7ce5ca1cbb1d667a8c434a26
13765,Shirts,3e34f43b431336e6fdadfa05019d3c4a56693986cd639a21d6eb6bf3d3d8f92b
13767,Shirts,31243cdd8d7c528aa3905e22411a69cdb1e9d3923a0e13acacc74edeb19a243c
13769,Shirts,7476ecebaef8c2afec75ff94563fb0b661dc41951e71401a4bee3e2acd0b3665
13778,Trousers,ddc2b3f25a09d26a18b7ddbe8823a99bd4768c301b583e4294e9ef317fc929be
13786,Sweaters,80b999f11c89d06c09639791d728f8fe462e0470e30b53bf118b789e1602c924
13802,Tshirts,a88283e1a9bf073b383aa9fb5462456b21bec3ff2ff417383939cdd8ace229f5
13812,Sweaters,3330c86cffa0fd2547e733a452c51574bce2652361d30c655494a6edc7e9b999
13816,Tshirts,fa82c86825a164a262a2b6803376ffc7a121112112e1a5ab2e33b2fe5d1fdaee
13831,Sweaters,90343d650f60b4b9d4ba26ac54559000c912078a39ec443d0bb0c6f4ca10a35a
13832,Shirts,7fa48112fb4a287e07176c564cbce234a87d9f65b0db3c8c3b88a07d7b990e16
13849,Shirts,cac24e7c2ff28d2494ef3cfd8cbad58c322f29c5f36938234298c5c9b90bc473
13888,Trousers,dbbfc4c75485240b50735e6ec68960e2e145384d42122906662a79b8a70c9234
13889,Shirts,f6479c01a2a7d5095e7c171739191d629d9eef99da753fd9d6093e77f48428fd
13895,Shirts,1da219885ca55824afcd67bddc30c3d564afd08be1a626ca709f3cded005e610
13904,Sandals,2f6ad71b95a8c32deae618afe77c8611871c4614aa60b996fb8989fcec650bb9
13922,Sports Shoes,0e939cf69cb88fe7783e5c14877579ebffcc43badd9843a63756ac0261884427
13932,Shirts,fe73dd9a717cd724d70c486bac2b08905bed8d5e47f28dc040e283a876735e52
13933,Tshirts,d646c0adcffd89c9197f643835622e1274868857ee121eefd693805dc097b95f
13935,Tshirts,49e755b9f48b8b8f50d3f315a40df21426377ef2d37a6ac785439542327e6ec4
13950,Tops,a04e8880d0c90aeac2bf9c073b7e7e5a8ae517090483d5795f892467fe174c20
13957,Tops,c88b5e7a539a7ecf6a072f7243d109ef3df1b02be75d2748896c6f6816656d82
13958,Tops,25cfe27197be489c0fb02fd87f618bd24a5842ae80ac3edf3e05acd859507f94
13960,Tops,ab42a53b578e4f54a95c0b24fec6ced4f3ef9ab87387d9b7b1fa8c14b89f054f
13975,Flip Flops,38b4c9a56383108cab67da5688610482e33155810c0664d7ceb7e4f9afeb1d75
13982,Sports Shoes,d012afece3a3674bf04c7f748a0873340a532dbe7b593927ea96c38c86cbad8b
13989,Casual Shoes,2c4836aeff778f882a2527c9ee32e7579d46e93792cd13afbe96f6e8725632cf
13997,Sweatshirts,7ea4b29d50cec4bb2ed1ea5846c84d7d3f3f8bcccf7cf1d49ec7abc89620300e
14004,Tshirts,87bffebbf5603dc18c95ae9b09c5a5908cb5d08afd80647f519fc1c9fd4f99d9
14007,Tshirts,30e5577512f640b712465dca06d1cebcaed039ff12a1e387bd65d66c6e1a4911
14008,Tshirts,a7968c197effbb4c44e229a6ee00312a603605977f9ab4da61624a95e22c8214
14010,Tshirts,d4063ac22ddefe3a115a70a2cc26be1efe5be87963dce90f491ce67e618a910d
14016,Tshirts,fd4314408d03cb26bd832fc72241795ba8ce2f82495937533231b78f4837ee5e
14019,Tshirts,e29612b139a92b071da1480bfd8f425e92732f80b4cfbce2f6b0bade3ca1316b
14035,Shirts,4e423aab6e4276193852302c043e6fb1c4218a6cafc336fdd184b26398a90389
14038,Shirts,77e08010032a385687e63502b67e4062cd39472834221181c0b5625cda1b57aa
14041,Shirts,0be7bd01fddf54be9c6818bdf2d548c0343aa6c9bc91807a7b46959cfba2be42
14048,Shirts,bbb4e5f30fbe54f3b2203ae48859a5601bb4413ab81d25f42ebdd545e7b8db1e
14049,Shirts,e18e32f285fb05ccff6a8cae1e9c4d0c46b536ad6765a3a1a35fe455389f8024
14057,Tshirts,e0d75bffdfe4dd0e25ce1c8221275af199c565d388aec6fae80e672cc8ec6674
14090,Tshirts,a35017ec27b33f9817b3901c168242c7e65df2e7f04180f08e9bbe6e1dec881c
14096,Tshirts,6ed8680993f1da100a9a2bf506b1c6da25bd67fea5aa4a79c96dbdd8c2655a90
14097,Tshirts,3557c0f928cc37ad37c862007aa7f7e4e00824e31e18e3dc97ffb1f525131b97
14105,Tshirts,29920bd2d7544f06f474f7603fd67ef386c29da334c380bf2c396a478c40c94a
14108,Sweatshirts,acd34b336ebe9892968248248f492610545e25ca52e6b0514074b28cab3781fb
14110,Sweatshirts,0e5e38c901e9fd07558852923df8ff7a781a3558120a293b32a50fbe4afb9ea3
14121,Jeans,a1b551c18a31c821f0503d3f7e7aadc4cd867617846944db812ca37790963e89
14130,Jeans,c29ba577ccd9fc668488e009a4ec34fd064bec4c70e810a6a41ae989d527b9eb
14134,Track Pants,ff0f86d7e473a2d4624b9e5cd2de2a1eef5d4c727f678947487a6ea6e491c705
14140,Cufflinks,a902c7061d07115fab98f4ca4457a49bc9d57980a1ad9d87b1decc0c7af5b412
14144,Cufflinks,68403a17faeb990e4e11b959a9216ea0930b5f1f53ce20aa7086c69889f9ae6f
14147,Cufflinks,02d87d8048a5c9b7dd933c6fca81b82cdd492f7c332c0fb3e9fdfa1bc68c5cb8
14166,Belts,2b1a988e5405b49c1849d6452cda74294745be9f69ac3533d630b7d523e0701c
14170,Belts,0d3110cc5e996a8774e28d7f8740dc7bdcebf06f76bb874962403a5b386622f1
14285,Trousers,842f6914b4c43c7e068124fcfc62ad00e78019360025fd6dca053648a72206fe
14295,Tshirts,eb84261b0f59f14e2ac90586b4bc5592c204a6e74910bc0956913ee33c40ac81
14303,Shirts,16cbb4322e3be3ac132b6734f9ec8e475e29a3023ab2d50970459f70dc1256b1
14304,Shirts,b1c6f9035fb02bef86c031fc012480fededde6c579a904ae203704ba4ec236c3
14308,Jackets,72fbf98ae9f2530fae0815d9880e799765ea8545d6072c29b489da8b20e95582
14311,Sweatshirts,4cd519ab0e683a38e7dbd276ac13db225aa7197bbeebfdbec757368e549cb926
14313,Tshirts,c84c61774961b945adb3da226dd79f6495d1fa58a4a8639c60e528eab0ef9367
14314,Tshirts,fe5fad2b57b21ad5782ec3487ce3a7cf3ff978dd42675eafb6525ceb5330a096
14322,Jackets,6d8256f4ecad8668ce25e6012340894d77b02694bcce5032bbe66610142a2103
14326,Tops,4087525b656c407f3f075a8904b9e925434301d0707bb17594749c16d70fdc54
14333,Sports Shoes,fa5b38cc0d48f926627ce97fd17ae83a4e1a0bf4955fe20da08bdb81b5e5894b
14334,Sports Shoes,32699f6af7a4d751ab172fe5477deec919136bb833f2e6c515dfd041ec4480bf
14338,Sports Shoes,619ce150045d7bb8dad73aa952c98080824f98f384f5ffe7dabe6370440c3bac
14344,Sports Shoes,e0e9abe03dfd76f67bb9e1d8e6658857e334d3d190e9627cec648bfdfe917555
14349,Heels,c35afd1ea924fcad3d4275b800814174bf9ae5e2ea81ad2614108771febd1e4e
14350,Heels,796aada4b96e3708388a8fb1e2eacc746763e96ecbc6043befbf7c1048af627f
14353,Heels,639fec9b48a9eca019aa4c3b8d36bb46caaeb88f5be3913f0220ef03f7686e99
14361,Heels,44f145d74c31a9e5f7c1b83e1dd85c0c55ac1fe09e95741413d37212764c8758
14362,Heels,b841bebcd5d297afc1a182f298ab6be0b0b0128c77ebb53cd26d0b7ebb533369
14376,Flats,4a8e657f788367a70439da4189694fc4e1cedc8b12a801a83d3723fbff32ef79
14377,Heels,080e24e91ddf03bca5c3d4577774e05088d025b71cf40a3fef1b41cdad15a41a
14378,Heels,d01425b9702fa83b9fddca1303a691a0a31c49767bf1ad1d7c2e40505b3d07d7
14385,Heels,e89e9ce47e9039ab08548b6e9940d8d4b34a9349954904c7e467f1cb7233c36f
14410,Heels,189efc11bbde1a9c43168d2131b0dd8655249d8030fcd00561bf33b24b40deb2
14431,Heels,cddfc6edfd963ca9bad2269a64e595e165130b08bf96125a5925be6f08c650f2
14448,Heels,c0ddc675eea4fd3af6492ec9fb72ef17390af9e8a43b5c6bb87485f4d01f691d
14454,Heels,8e82d3c31d7377b59ca7e61f958aceb41a0174c4ac6d3a71899e46a7febb6d50
14462,Heels,2aa780b12ab94c27c74e355a2a7197d5a4e07746bbd5ffe991f886ffb7ef4b29
14468,Heels,72e9b41013cb4d902f2719cd6e83fbd1b9906f45b620232d4499c799528e57a7
14470,Heels,beafab71e9339a67552b99dacbb1a2547abd7caabcbe9430c6a16384912b9801
14477,Heels,8a2747c697d95e644cc1f8def604672f1af24229380762238491835ec1dc0091
14481,Casual Shoes,9f511582ed2ba36b508f436a5458359368901e87242aec5994101d1d2b84d351
14494,Casual Shoes,b419a7cba70237021114dc4f07eb6c7b6cfd3b7b11a1d190b5d339a3feabfc62
14501,Casual Shoes,6f65bef83748a7a8c51929e47894d101c895ea05efe0354cae0a9fb9b87c51b4
14510,Shirts,9664f9aa0f81de534b42d0a4c75498c593677c5e9b326c49e39a3df598166569
14513,Shirts,5de97ce978b22ddb0a248c40bc371b9f9c7987351b5b8071ab77047f9b7577d1
14515,Shirts,0e76183df44cbfec3c4256592fc459750084e1e721ac0de2258ae8d14f39c2c2
14522,Shirts,be39623d00090b76a5d9a927f3d6c0ced67cf829e9e36a9df3062b0a284410fc
14534,Tshirts,922d14372022e25dc1dfcfb27e21c094ff569ac914092a645ed2aed7a34204b3
14540,Kurtis,9179febf1f44c15e584c1d7518a11dcb6f260902c6f1eae912c2d34ea7e4cbea
14542,Kurtas,126fc07db08d150fd74118a42a82e330394facb9b4832fef2f7c3f084b4d8bca
14563,Casual Shoes,0f2a4b4522b14214057a235be382165004299716520f1775c94b2c912bfef545
14566,Casual Shoes,1d8c34dfc9d78c0ce27392484b45ae3bfa43af9c73358cc1bf9f5dcd4396d1eb
14568,Casual Shoes,0ba4a7f5eceaf288c7b5c1c77292f6561937f6e856c6922ec719fb4b757269b6
14575,Casual Shoes,2371480dc8615d5530250c5694239392a4100d3a8ef2ce95b43674828a2c8118
14584,Tops,1e487a7dbbdcfc019fbac9e24f84fdb2163c61557ca527ee89dded7ce5872867
14585,Tops,6bc556c20ab57bb4754638e1e98c17a6ec0697069d2fe31fe9cb7b76d3ddc324
14598,Stockings,da4c31910960977c3b42845de74828546fb72a02bdac41164cc91d98163fce67
14611,Socks,79d88ae0e4352ec079400b57ce203fab21870c471d9aac2641db89becc9ad000
14612,Socks,7d6c65ea97d91d727989d7498360a68e9f9599a246c2fad7c23ffcc70df36ad0
14627,Tops,d6dd5e640189cc6375e576486a239475e3986347c16e7974dacb8d2e489becd5
14631,Scarves,817c649624a7fb9f8d57c2f2d2a7a3b593888e72ee684560f9d8c88a81533873
14633,Tops,2801594fe1046573a23889c02733cd344341dac240b37d64c87b075e5d6e97ed
14639,Shirts,40597f4a80fca8b9410faea9dede24ab64a5dfefe4bde1a3e511550307441711
14640,Shirts,0a75b6e5d32a3e3a6f19399bbed0383036ca086154c576ab6c540085f4032bf1
14646,Tshirts,519d3828f534a6d628811db664323047507b589a9eedeb3efe8237d1fb4ea4f3
14659,Trousers,12f2a50bdfd47664031e13bbf20420c892b912df34eab01f7a9e7ff40d6e7783
14663,Shirts,b5e59706ded5bfd4f041e115c41f81846253b1424563a30dfeb4b2504e02825c
14673,Shirts,d74b2cb18714ab1163d94cd6c728ff5564a75ad275a834ead5085c7d57c12c3a
14675,Shirts,83b8a346ca4d2ac78289ea98e19db6909debda68063a85a54c98d456f948ee6f
14677,Shirts,d78fcbe9b2e1d957e391a56f696953ec8591edf1b0a49373d520061c78c3c815
14689,Trousers,691c994a75dbb2bfe5bf050480f6a6091cfb73f5c39a5feace2288fcd143f74e
14702,Jackets,fb98cc5243c0378971dc505908835155cd986a3f5abb1bb9acb2fdbe130efcb3
14714,Trousers,fe0a6c8cb00c67006dd2d7a1e5f5379fa2d10698bc0a2b0c3ab94fdde714dc2a
14718,Tops,b8e314dadf4e8a6aac4751f52378b0d504e2d64e5e147a54324f345dc11dbc4a
14719,Tops,09bd9420a8a3eca66422c57d56802e9e61c51c0122cdc91a970601e3896ef411
14729,Tshirts,e11accedfe3031a8574c8fada7759f2eb9ee01ee1886999fe6b27f963cee7f9a
14730,Tshirts,a634f7372dcb9176294f5aa9c35d970706fbf0159ce8a2581506148d8e959bb4
14731,Shirts,f663784d97a1490b2fca4376e2605d7f72389c212d047c65002fe95811594732
14733,Shirts,920f57146741e90b595fb362c608b7d06276a2e6f53c599bca9451119b3855d5
14737,Shirts,866cd963dfeb6def32e86bf09bd2a77920b742c5fe10aa18920fe2962ed8eeee
14743,Shirts,7fe9f149e6dfa0c162b5b1f2f54e6ec8b89f7dc2454c07ac10d040b8697367d3
14749,Shirts,ea79e7f13f6af1f1a88cf3c3da00e558c10d40400f26506d1a27a440b15fa6c6
14750,Shirts,32ee425030e90331570095e00f20f303aab806da1a18c49a88b2ee73bf4bc9db
14757,Shirts,c2c3ee1355bae071ccb25d96c3ad3afe1cea9e9ec907fdbd1edcf5b9446f59ab
14773,Shirts,cd665482174ebdaff000f5863ffb9bcf17068788c845772027a96c2ad005ac99
14782,Shirts,586fee42c5533cb8cd0eb0d6bca2475ae44e9b1de547cfb15439760cc21e98f4
14788,Handbags,a07ce38605e3d57952d9784ec3342a1750a622d8af3cf5dfa97d0ad0c22d507e
14790,Handbags,0769f0edda7a957cd394a685fa9d7790b2e4b70fc586b377270cf301795c91b9
14794,Handbags,faeddd019c02225dbbe6a912dff2603e6cbb49f6ad9dc09d16a45bb6dca48274
14820,Belts,45708823afe202c03bd59865d3726f48033bfaf07542a741dfa92c0fa02448e1
14821,Belts,98273126b34586337de68cd02b2f73828fb73a22bf1381a8fc33187304b25926
14833,Belts,7c7c62f9a7daac9d13bb2a6f35130beaf069ccf27b39c9fb0d19ba906c16f6c2
14852,Wallets,3b60d8141a5af577ceac8ab8a1ae58e4aa04b36044f2ed0eb470cc596c092d6b
14861,Sunglasses,9759af54b6fc480ff54fefe9ffc894c16d89553e4724e1ff97e7497c9edc5314
14867,Wallets,c5b1a364971a844821f30b95f49116b9c648dda7d5b2f4144283d1a35c67edff
14872,Umbrellas,b1107ec8d64433cd08b782385d89f46ba2d3ee33f4783da763fdfc24838b21c1
14892,Backpacks,5321c896745f359e709cdaf04f25ad5481b215501f14e61627b5a220724c3f51
14894,Travel Accessory,95d6d939b0f876201b5229b7f93da2385c0c3aee747e58a33af07eab44532213
14913,Tshirts,79df7365ed4f2231e4747e4b72184b19e6476df48df543881ce6edd31f0b803b
14919,Tshirts,20b346eb16f299f80e7914d42175c7198932958a01e28c748dbb957c711d560d
14924,Sweatshirts,d2cfa3dd26a5594072ac8e661e4b3de51a2744bf0580b94b80a16234311ebd58
14926,Tshirts,5ec5e0984e438a32c602ae66da442e7b548f184cca88cc07de2236f81fa62cbd
14930,Tshirts,0a2fcbdd59da865f0a2658ad3431c22752a9db53cc7f32b7530b87c3473478a1
14954,Tshirts,e8a76be07e993cdab5ae628d68382dea1e7f2d0f63a3ed955b922332196b85fb
14969,Wallets,2c32e303a2343e71ab0cfe2689653f5fa59bed55c72929f3df9dc63942b8d909
14972,Belts,992ad5d42952a975aaa222fdd4f19fdb9640764c99462657df85650e69612b97
14975,Belts,64e0f22bb58cbb9847c1bb56c7dd37864f995350caa07070e14ec306196b3867
14986,Sweatshirts,cb5dd91980eda4d46993d82a9bd1254e5973eaa8da0c8cd86cbfc7991ae1a5a6
14988,Sweatshirts,f18e5e401737520949d9fdd4db296fb159c5d5bccde00da7d05bc6cc617a2362
15015,Sweatshirts,3ebfcf1d4e021d6ddff7d6cf6fabfd1aeea51e492f75debae3914a71b0ed48f8
15025,Caps,12cc85999551af0c16ebbd52d7056c49d9069a8cafcecf053beccb15b833d585
15034,Sweaters,69f5b09d450db14891f874f9bcf672b10edee7765907b5a47737cea0dd1bd020
15054,Formal Shoes,d2359f78951308fa02db88b112b54bff354a11a9cab67612ebeaac464844d28d
15063,Formal Shoes,83b6d4a5df13caa31d95afbd856ef0c3bb93b081301cc767b5852f83f5bab9cc
15068,Sandals,dd3386b91936364860d53976bf5022af0ba46348304230b5e5f7ce382e6da1fd
15069,Sandals,8d9a6456785d7493fe79d37e06934f3305836b929a0374eda6d04539bb3ccde0
15070,Sandals,4fbd1f775b9dd6521156ad0d626116b0b8848a6633605bc17dcc0c92eb3bcf7c
15072,Casual Shoes,22301bd4a703b24312cf3839a4c18f83b22b875af2f2456a621cd527b2cb81be
15074,Sandals,ed5ebeacedf176cc0e8e7213bd416d034423a8c5246c08f8225f449d20a25c52
15080,Kurtis,c166f6bbb34958d6a03ac618f2ff549562f57e89f1b93662c845a4a2f87f8716
15081,Kurtis,cb4d87487c60b71029b252c70693b0f126e72015089a99a3c3b32c98de93bae2
15091,Tunics,fafb1178aacfa95f5ab93d90a9eb6b137772151dd32667f36898948f2cdb3277
15101,Kurtas,4135a58c01338ec0767b9c391aae9c75b571e3c326c56476c8effa0a73a85b4e
15110,Trousers,dbd59306e33d190009174a7234f8af12ae7a80c2d49e32ef8d05cb1afd8e7dca
15116,Trousers,364c045b046fb0007acac43af27719713d9d39615c7233bca23ebee78d285e47
15154,Shirts,99e6df946c3a71c28bd060145242ea2d8fa5b005a6f2a049785e83aca851909b
15190,Tshirts,fe3224e8e65cdd91b3854044d5f5d65e661cc72e062fe0428e1a8e7ef34232b5
15210,Tshirts,288381139c91ea059e269e1614f81ef1541ff7d6ed6e0d159c7cbc0cdf2e3cbc
15230,Casual Shoes,6fcf95f180a105a94a9ca255a8413a1cdb84b42989f13113f7c87a468c9ccebc
15232,Casual Shoes,21566502a162d06beb2e69af8edbd686623b7ad6c6da3c84ab666f5bb2f76429
15235,Casual Shoes,51de2dc84481ceb3a4f9f23fa020c0095a594266f683088fca8a73ba7530975f
15259,Casual Shoes,74f7f37e4c095f31517d8a5455954db43f1fc824f5e41c84931b4f77e2fe4d40
15262,Casual Shoes,78bb943118d28051aa940e41961b53556046646ac6f35fc8fe07e7e3d75d9cc5
15264,Casual Shoes,06f0b5e7b64ba7fc5f18ba38fccea9758ba9b9ee8cf6c501145b903f546a9f15
15268,Casual Shoes,382d99adb4dfba43cdd6ee6eed654f0a55af04bd0ba34240d89e1d40a5a7098b
15269,Casual Shoes,e2cad22257af1a21b116f57b183ede4a9e7f9c9c136bee2beb5c9cfd6b999804
15273,Backpacks,c2d50d218b8a7d3e67bde5829112529f4443689d22ebae0ee0c0e76ef751e430
15285,Sports Shoes,484c66e9ca00dfe177d8e71d5b85cb9a88dc5f6c6c4f00d576e4eab3e483822f
15286,Casual Shoes,2fe3fc08311f196c158b9e7ea4e3853c40b2b87ab7ec8d2c0a1621a71b3c4405
15287,Sports Shoes,20f495d8393b36cf3c76620d4e9a9885bfee28c773f94414af343ba3f18a0ea8
15288,Casual Shoes,3671abc3e2144e3898201368ea6e538800ca2fe2fc295e08b967df3379cc3a73
15303,Sports Sandals,e3f3a78ec4efa5af83f07fe183e1919f5105abc0cdf67799ca99c561d7a9207c
15306,Sports Shoes,10876504a3ed792a10624528459e054350d4b738340bdd8408cf7b7107a9d0e9
15313,Sports Shoes,ab8d2ca0c10e9d1889bcc9f92145466da93717c87b1832dd0ced6b4a807a7875
15316,Casual Shoes,495243094447042d495eb873a4a08a31914d1889d855a252b74e265a616a94bd
15320,Sweatshirts,e36c42d7f3fa357b5214fcd7406f715ccabef35e5f47dc31802eeda24442561b
15321,Jackets,240767c78571713c207155c557015eeef63ea78fcc14b4921f4166d272ecad5c
15330,Shorts,0e00a12561f826f9251cc3fab4d49e255dc2a0999830ca0df046539d0d4c2866
15334,Shorts,d77b3eeac9364be0958bed9517cdd2ac08fbf486d00d2bc0234a5ada54d46065
15336,Shorts,ecf12a992368a378e8255cf52f24f26b495b96890a7635d9b2c8f0484b7ae64c
15338,Capris,8ab4959a082e3c00e33971cab0b45f73151aa5baac939eb96650a50c6b696c1d
15353,Casual Shoes,01ce4678ef515eb9656cf7c116a60cf506b5bc162aba385ff0f2c9cca8812fb4
15366,Casual Shoes,f0aa9063da4605230ba622d5326a014ce59e7741744876d7cc2cdb298b561ba0
15369,Sandals,4ed6e99be97d9e6831510089c189029ce3649bb4e18156540ac577390174e088
15371,Sweatshirts,ce606aab9f0401c32a524b9021a8e0855487b59e865a6a59ded56df60dca86c2
15374,Sports Shoes,1722935f67bc3caa5940d355baba3515780c7d4354f68a683b7cb0680223eb86
15379,Casual Shoes,3de02449f54963349e325536d88b11717a79bc5d86bf802237770d33a6d85a04
15393,Flip Flops,699cb3fd4f3ab84d1953e963898696e7f321d11b31a0bd6f0b30f281130e07cf
15399,Casual Shoes,b09a015dd4623291f98e6b1f7c866c632fc6b64b8ee5994e2d276759bfc63171
15406,Sports Shoes,7e9d495d3e6e9db8f25f3420b022d9e1688162ba0b7619e7c5921d9ccd7437fb
15416,Casual Shoes,81d7d23213e87675dc3f96c01074b7d7f13ced65851aa86081ca0d8478a56c12
15418,Sports Shoes,583470c39db37527e3609a0066bec7e0a421f900a71d2ebcfa342750612cad50
15437,Handbags,a3b0d4c967a744a353ee4c5ebab1aa41a7385ff23e7d32f5b2cfde0d9e000e3a
15459,Sports Shoes,cdf5f478b1592ac97b7a6b1b61d94401a34926240ccbdb4bdcea7c91b4e17e8d
15463,Tracksuits,e3569edb3581c1baf9f83a885291ccd5d2f20683a77ef005e01247bf7d761404
15473,Tshirts,eb68de7a77e082892712fb6f9a6824d33b098f2bd525fa2d3f7a22c5ffee26b9
15478,Tshirts,37663e2b28165638f4e1898263933e25b516d3fe8cac34da7c8f80e7d54578f6
15486,Flats,913381657ec4d3658f10138769303fd0a15dc4ba9768e4702eff279f1a3d3d9d
15495,Casual Shoes,6ae5db5ba574399a140fe04ebfc08491368021669c1fa6afaf04b25518a3fc0f
15496,Casual Shoes,ae40f2bd4d4a22b0ca60d827885a4c29e5cca656796d44368dfa0d8284a4126e
15510,Casual Shoes,40562b0bf21761a97887c5770e4ac7c08267d6f66aaae70f148dc72e5a13f42e
15529,Tshirts,2c03cf903fc3ee89841a66ca01cf8fcffa808fbf9d27b514600fcd55617df8a9
15535,Socks,0c2f0c36082f4bffafe023497b7df6d5be6b4d310cd7e58413d90fb4374c2fb8
15540,Caps,7f6d8912928b09933146012867037831e8dfaca5319af994915a79ba27f4a7c5
15555,Sweaters,e7fe60878b759f4b767006bc8690f34ae0aea11cbae753033586398269dd8abb
15563,Heels,a6868070d3f9dca5fc16019241c4893def2fc597cd8ae61aed083e44568a7cdd
15565,Heels,91ab107b6a999cf1b01175cf624b6aecbb053bb878e123202c024c1fbffd4192
15569,Heels,7cb9eeebed0cafe3d604a8a2c3b7755da45e29a58768424c82c70c2046bd8950
15571,Tshirts,4643b74201376e6f1bc2313d1e3160f5dab00e8f7a8dc5749a2fc78b032122aa
15576,Tshirts,024415586206bad0643121860f0e7f8c85cc6871abfbb64fb3d04f9040320328
15581,Tshirts,cecad364fc7c18a79d84cede73e9556c5db9537459916ba75f962991a5f0dcb2
15587,Shirts,c42a05b7a8837c940302162bba26c7040a7a7a27a3b23b708a93cd4ddaaafaef
15600,Sweatshirts,071dbfb7a795e117602f37de198be61d28309f0467e49baa89abecf5b8e77fc2
15612,Track Pants,2b622699055f73e2999b9802cb4b88f4a27099ba3ea63de5f68da370beab2dcf
15621,Sweatshirts,adcf098e810b47a108b44d5cc3737f3ec2b26987840f4ad84eb52ecc45b7cfb4
15624,Sweatshirts,877d550a2cb470d3a0f990937e321023d778aeaa6a85f755d255afd1cbdb8cf9
15638,Tshirts,cd5e2c0f46e37a9460d972b86ae9cb9ee3dd0b5a688e7faf7caede643e76fff9
15639,Tshirts,7806821bebde6e77b62021b392d922be6e5200c537332452106c0e71e818c691
15642,Track Pants,9ffd35337336ce366e9b9595f79123263d69bc7dc281ab4e2b44193293fa6425
15649,Tops,d5721de7dab1e2ae2337cccf9151345f50ab6ed66920fb985558e4fc148e8a68
15663,Backpacks,c12abb6601c4341f11fdc2c2ee63084751fb61344d0f6e1adff6b391b4a97e8a
15666,Backpacks,5e43c3c26c19f12efc2c96b1735ee561f8b975ddbd8fdc8ea1daae9b9e49c610
15681,Trousers,2b6ffff1fa6ef88c1060d23554c264aee9066cb3268deb7e1280d40e27c1f4a7
15687,Trousers,93bd0f97ff557af32c785df4286311963b0d51575c19974184088b9d92b72376
15688,Trousers,c35f0fd70eaa90c02e8277054595b4cd42357418f82b45c68d1202ddad981d0f
15690,Shirts,cbf9d1eabf3c45a93ccf712f119d58b036bab497bd5d8136dade2c00e45378ea
15701,Sweaters,cf3580b785b09485910940bab4b04225b598ed76bfb6c40c906d79ae6f12f43c
15709,Sports Shoes,c49b0d8b2fdc3d180538cf1dc40fc707c4c582d5613ab2c457f92c92706f5da9
15713,Sports Shoes,954c1e397c63d4b706c077a9fadd412006d67876d856eaf3455ab3745d66e896
15714,Sports Shoes,9ee5480ed2310b019842c4039b700af3dc765e7331569d1ca4ef18e373403c42
15719,Sports Shoes,013107700d42a3ce9a719ad49f095d295e33257b84cf38adbf777cfff19a3a4a
15723,Sports Shoes,68c356fc1122c3b27c5c36ecd1f44b6adfa11697e1684eb5fd08e6cc0ac5acfe
15729,Sports Shoes,541d1e9a8d66c457fa144b145581899cbd4f7e57f83abbe3df6a44e08b084bec
15742,Sports Shoes,6cde382ff46dd4ae873448a9958fd84ccb3cc4304d690a24e8bb9d4f31f56dc3
15745,Sports Shoes,140eb27824ad017b58f05bf8d36e222d484f242812be1e846daa49962045a8dd
15746,Sports Shoes,445d1f30f2ac9b72dfbc9eab309682501ff9c5d3a6d058f1021e369d2245b16a
15748,Trousers,a886176a939f3bdb1da08d1e5a5324c9c2d4ddbece6cb824ba8d8627d8bc4391
15753,Innerwear Vests,570c229c47b86df4c022e6ab6842f78b5ee5b77c3bb252961a31bfc80af39c1e
15755,Innerwear Vests,899cca777d3bb99ba06a7d102c6554b2fb27d826383ed09094981d1ed9b143d5
15763,Innerwear Vests,c35478eb79be373a2dcaab5bd31c4700e215caf3c60ef30317871ca19551f8fa
15776,Briefs,733bbab0071f9b301160d4bb6b872a069f0ffbccbb961df5d0c08a32c1915826
15777,Briefs,4ea74764b97c1b2969bf207f686e7e2738d06ae07f001a8619c6a98a92c0e7e2
15782,Briefs,69d78e1fff848a3c68a967f31f1867f7cc616aa693c93cb9ba9c28bf2cab4d83
15785,Briefs,facca8938bd56eb88d3ab7bae62438233fa8f6f406c3140f4b68dd09f3bf12c9
15789,Briefs,74feb3b1035a6fbcf1f9cc6e48acc92d16bb43ca6b156b216bb1d5d5435c3e1b
15796,Briefs,3056917fad35ed3d7066f3e0f0b8ba6203ba4e491a153baec4efd35802ffb28e
15807,Briefs,e286a9063d8c2d2f4f11f7ea0173b936d06caddb76789f88a55656be78d512a7
15809,Briefs,3862f721d761f79877ee7fbe230d11e1fea88d9cdff83e2bade004411d4d8164
15810,Briefs,05804fcd0564817c5fbbd471d221c936b59521af857c452ccdc09cd8a9d5a91e
15818,Innerwear Vests,86a8508935bb3c90756bea97662f922a2a6547a3c03bc87f0cfab3453192e66f
15822,Innerwear Vests,24a6dd09676366f116ac298967aff1d8db7fd3b3e6150469be1d491fec2381f4
15831,Kurtas,1fa0bad1bc9a838b288bb132bc3b24ab300e13b2171046d978a73527119aa637
15835,Kurtas,65c2a7599621e80473ee7073e4e7af098809f26f36281a63d76ae6e0304d5547
15857,Sandals,473a99f584721a37e0e5009a412c673d81ef28582cd6f6f5ff3855a37fcda685
15858,Sandals,4525a2fcebe5406116927258f7dbdc0f8ce5c9b43ba2fbc5274065570ce00239
15862,Sandals,1391220ac774a5b90de92f91b51af94f7ff653d5db632d8a9325e861352f22ff
15866,Casual Shoes,4307702e6ab4704cbe5049cc53516ebb5726829aea0c097e146c6be977bcdc06
15871,Casual Shoes,37e4f0dc1f23353a0e097629b5c624987a46c2c364128e0e5f284f9a9099a439
15872,Casual Shoes,890a4c8530ff67304a7bdd8b99bf62c2ebaa24eefb7d3129425a83bb591a2c93
15879,Sandals,84d45150bd0fd7c14f9a1a29de888c4c0cfa4f77a29ebe8996bd4e48ddcca691
15885,Casual Shoes,d5e3c0b6c3d2dd48b932eaa8d01a36e467ae2a6435c6b348942ac7649606795d
15886,Casual Shoes,4485a896239fbc8cb41b7b62edf123f1c5794d27051d542b13fc9c7c287e42f7
15889,Sandals,aca82e2c1b12301f46897be434baf4d0f23a40d7d80a763025900081bc9306e3
15908,Shirts,58913ac5c5bf754456850db5eb78604f870c9b746b9dbb006a9e2df18047577c
15914,Shirts,3a5fe44ba67fd987eb961df576111671fad68e3f23c16d6630f09c6999b07f11
15918,Backpacks,50b8ef2584fbb24be82bd655d1c8d80f6675fd66ae65abef7cdc9e02db8d6a94
15929,Backpacks,bcc8fb9f545597be2bc9a6c250823ef43aa9ea4b4cb086a6222f1bfdd823d124
15935,Belts,96ee00737e9002fd49c263d8e91024c87873faae089cbd963e523d47a19abef7
15941,Belts,e5c55f857373c87c78f6415b6d2560d695546ca581b0b6bcaed7a755cc97b2d3
15944,Wallets,36e0f52a8122a0785e6cb60c7e785353bc3a43d4c2294d66553deab1e012ac6a
15954,Ties,796ec360841fca668887c5e56483898041b9b08964ffb6df0290e6951eb305f2
15959,Ties,0eddbfe65605f5a59de2f2d95fcc71e1e98461f4b9ae3a7bd8f9145265762430
15960,Ties,291640a2d813caeaa9e38de8854d87ff893e5f7afbf97c535e22c05edf8a7a95
15981,Shirts,50a21b6ab3b3462e7a8d1ff0730e8180ccc22245a0e8409ed7226eec28eea736
15984,Shirts,e46d4fb25396be66ed2603659e663c36a83a1a56f704c1bc4e2ddabc521f8fa8
16011,Scarves,c3f94905c183797f9d6cd88d359ff700baf68214201594f772d9e296194d8952
16012,Scarves,3d03149afc9b22b688d5b7d82c99f2a75666eee7df659188e3b0d08a8fb6d662
16014,Scarves,e1e146c1e8547fa5f174dba0de9c773004aedf0c97f51f440fadf76bcab87dde
16019,Trousers,30a6ae44751c298cf0081c0ac8acc0b34170fab90bb89851cc76cf6cfc07f9c3
16021,Trousers,20a4d2d432931730077ac0ca1155ceba21935f12d73e71f40ac717e6483aa4cd
16023,Shirts,7522d55dee64ca095f4f2f0e48b7f25536c14380797548e9d773f5dd21fec971
16034,Shirts,50ff5280a7554819e0d454b2e274813e75eca3e8ef41787907e779db6d431047
16041,Shirts,d6220389434d6b0b6cd2b3ff7de5bbd216888d6f91e707b5ca4a32ed329f7119
16042,Shirts,c28dcd8da41b7a25be687826a10b462370409619b0c5e74a30e08e531d2ae35f
16047,Shirts,9695fa4ce9d105f1edbaec62e83c5c0d9973e614d656233273ab1f8771a05058
16048,Shirts,24a9bf9b240b3690c72807bdc9cb5bb5a52e94ddd56fa7fa8f715ad88f48c7d3
16067,Trousers,1c86b61f4338dd6f071af8a619d79c7d1a78cbb416313a23b5b08d8e7434d912
16071,Trousers,43c997af1b51b983c81f30192d85a0c6eff7c52b6d2e46d76277df8168d3aea4
16077,Laptop Bag,8acc9758b726bef43c1dd9c35e1b2e1fda72753b87b14a04257a58f31cf24af3
16082,Sunglasses,9e41421ccd84e202ff90da5954cde20bb2315bfe712a746e214723f4cc6859c9
16088,Sunglasses,50912db09a41f5bfc95d1c5b8c7b77284916ef4e185bc82e3d123999c9032449
16096,Sunglasses,f5dc68bb0206df4efdb6aee95928aa753159ac6f7380075fa85b9df0033eb444
16101,Sunglasses,da1addfd7ed3b699fa97b441448d004d5147631528c89122f5fa49d1cd5cbc45
16111,Sandals,9340609506eeabf633bc9624d0c70856ebb02cfa28fd86dc54d3bd4fc79aeb49
16112,Sandals,db62daaa672303593aac850a1b445076c4a92f51da857dff5bb1969823a84b20
16116,Sandals,96d7cfa43fa39fb6c5bc187b35d7b25a82bca72aea72cf3a45140eff3bf6fe2c
16121,Belts,dae010b599c59c449931b711d3c0cfbba8c9e3ed8870d1a0f6a0dc958dbc0ca6
16139,Tops,0e3e4126d9af89843c03b3b5a00b8b6a0db18d9c7543d4cd5e1c0cdc5d00b665
16146,Tops,3e18678999f723fce7f4c3f8b3595dc93bbf3863b61483ec5cfa59f3e03069e6
16154,Formal Shoes,82b94fe5afec3a03c80b8213077dcc75a4fff9b045fc6f01dd19b17161f4e328
16160,Formal Shoes,13314c8679a1f722ababe050b9aa5fde891283469ebd0438d51a7e176e6c6607
16162,Sandals,3edd0529cc152ce712198e50f987350a1290defde1eadd2387f855bfd0d0709b
16170,Formal Shoes,89cc4a5b3302c6d6923e77fc7f5901da2142a19dfcc79f7fe25897c15000b327
16173,Formal Shoes,d7bdffd6745220ad3ea22505b32f71b8cf5881d6e828a35e7d61c5c56868854d
16183,Formal Shoes,0d54dfa4cc0c049ce4cdc4a7abbce553195e4ca60e4937c8bb0d9736c06102b8
16192,Sweaters,09f6b71e8eaf82359647c0410a3800a6ee9492fbea2f78bd5868ed17b37220bc
16200,Tshirts,3451848f4f453c779472e4fd70d93d9a550aed4cec2017a059907d636473f423
16215,Tshirts,3850394ddff63ebf4637370a95d4c76c10dff6f338d625b0855fc63ab233ab08
16223,Tshirts,cc086a4a2756ba865688e324471ab44ce5865eeffcef931384250a4cb7cf5228
16246,Sandals,5133adc57f3310a18e6ae15bab51511a741ed7969f5989b799c27c5f785ecd9d
16248,Flip Flops,bfd236f4746eb490b65254855eda27797040c5aa0c375dde7061f04195b7bc36
16250,Shirts,d40b200afa16b5c1a98a40a5f3f71423f81344a22db0125c58aea2a9c54d2a19
16253,Stockings,1b837ab7b79f7dd41c90e08df23f611545f87dd8362c43283b5c0d43c36fb060
16271,Tops,e6092e25227ebee443afba58277ba77fa6a5c67e4d337629835a9251cf9709a0
16275,Sweatshirts,e6f8d5dc8b63cd179fe6243a12b8e59e0ea3ea9b7079e0ac88f3a96f9a4f8ce3
16286,Tshirts,991f3314c87868d2572ec09b43e71422912808bd8756efe3f7a7275c7a51d58f
16299,Shirts,aa2baaa0767f0ce267dec932e997dcd9b21300558e5cd55ce15d8903aea3f56e
16317,Tshirts,e957b6685c693df78c63834c11d11a6f6f8c0623cb3d7991da3a33ddb8488293
16320,Tshirts,6bf57483b849a46f711f256bbc104203606a9ee39df68d7297acbc0083c0d146
16326,Shirts,1d76393c73ff6b95285741247e88b05c7f9ddfa6150962927e5ff8f1183b5732
16333,Shirts,1dabbcac185bf8c63982b45e49297c91d46082bd0a99abdb1e6a7dd86ce038cd
16339,Shirts,01a0b61a7359e6a0311e509ffebe9bbc59d71a136ee628ac6319aa9375ec0c36
16363,Shirts,b0c0a42f779c2fb34fc84a4ad4a5f848f865447336bbcc3610b9a9e2cc466d7b
16375,Trousers,2b04485579c25faee05b88a306227e74982c1d6c168a021026af91ba1a15332e
16391,Trousers,68cd9d447d5fca6f98e0c5af084b78d1c4ea0344316e715cd2e1a068d2ee63cb
16392,Shirts,b79413d6e6da8b090a014a1f4481c925112e9c9ca2529be89c21a487f4a55bd7
16401,Shirts,f5fec96e08cb52a76b8dee3c416647a4b16a936c81d73342e5481939ea7cad5d
16406,Shirts,2ccd3e416689bcbe1514582c1faf4a8631cd127d84e48dd75f606f738c296324
16407,Shirts,b79806fc5beb9701c0438d5e3aa9deaeb4cd292ef901746c7440545eda5fb7ac
16415,Tshirts,f877d4b4c84ed1d532b9d71d0d31e22720402e8b05b498543136427b25dd919d
16417,Tshirts,bc9ae83e6928576ea05a800bbeae3fdc246da817f66f9e2215ea52b241a29421
16437,Tshirts,a966004c585c1f6b1df4cc66789d2971276d17ccbacaf6e4b501b10ffe3406e4
16441,Tshirts,53a87e44ac7e8ea22bb23ee775bc5f6db2cb5d5f26541b2daa2e2515b9e10732
16455,Shirts,2e27bcd0bec394d0d3eed8ac75d08fec33fe73329f4cbb02a023ffeef0cf57eb
16457,Shirts,3f04d8c85036abf560ce94a9eaa1ff0d68d48b15cb07a5fb9e47fe1ffe6395b9
16462,Shirts,4c78c3c2445d37e2bfbe194cf534f5b8fdd3c07b3ae9161b6ee38f938397becd
16465,Shirts,21669b1281fc97ff650051d927adc37005de238a1cab7221b3f31bcccaebeac4
16491,Tshirts,c9bf6948b58b8038dfab8ad5d22fb99c4f912bb2d45a768ff204bd484fa507fd
16496,Tshirts,a0e7ede9a8e574f97c9d00c6add8cd1a02ddd105c98c538ca311f2efabbfd885
16510,Jeans,2b4890ac5f5ad7e9f8bebde70332e7e0b8ccbdda163ba79383f87de92e7625df
16512,Jeans,61d7a3a4e718116641f29dd00b0fff4e65174407901d623c7785e96f15199143
16513,Jeans,f476937f9f30e78a14db53db81b9c5587e9c6ee8a6570c15e69c8cd97c29b29c
16537,Caps,a9cdaf614471ce5c0d310f2668fdf93d7d50ab03754b62ca2e377b09bc657182
16540,Shirts,7481d9ff6cb6e5f3b99e78ac02be3aac258932a477361fab26a3efc2c10d0d5b
16552,Tshirts,926b6d50e3f469fe4d6d77bb42a1b7b8718fd2587353ead5b57fc4637af4ac60
16554,Tshirts,50ce61caf0eef26bd2abcd04524dffcaee7ec2a2fbe20581215b94d3c1f66edd
16602,Shirts,3880c5933d17875b5a382af02538031a1320ea0f425b610b880d6c1e13c5e793
16606,Tops,737dd68a6dad303bc6924c82db476db2b1c07ad5d459f8410a7e1d4f76fa2e8d
16607,Tops,dfd41eada19d93edd74f4b95f9bb1b120ecf451dbd138fb2ef0973f776b06d87
16608,Tops,6490776261837ee91b3e52eb04991b3b924daa8337e298288f707519d2af6c91
16609,Trousers,b044d7e4d1d8d71075548dafd11d0b5469b8ad5d0f37d495b2a057b09a0a8f65
16611,Trousers,6f766b6da93a0f50388b944e3baab52cecc021ec1a728b7d1ce2f705e727359f
16612,Trousers,64212e50591dc137062a9c181ffd41b5fb5259ed3a2c192e8ed7a09e872d938e
16623,Trousers,3b5198af63939c8756548af60565480f1af380568029515df44f12429a88b673
16633,Tshirts,34db4efadffb5ebc3f2e54a70b640174a077fef49ae0b53ef93aadf287b9fe98
16637,Tshirts,c5e926960a563b6fe14d8c27cf0f925a6a365728b7a9054d1ef8d955423c65a0
16642,Tshirts,ef4821f30a0637ad18665d179e2d180796a27e16eb3649e7f97bcd0fa759aa07
16724,Sweaters,1dcdf83dd570edb93fe5de263f489efa6f9bcec4bf1c27bd62d7c02f21843bff
16731,Flip Flops,3935da49f288333d33d34dd0d2528087062b9f9b4d66a48bbec1f719431775ed
16733,Flip Flops,9b8405b447dee2bcfbebbc3ad726108265ef31a78305d60f20f76a89ac2f3b14
16746,Clutches,6790de54299b7468e35675befc04389fc6d3ef3731fc93df8b5fd1266788dffb
16747,Clutches,ac2719f1cea278d129ae09aa8d57cd75b53d714794cbd028fa594a626ce10db4
16749,Clutches,657aa3d85fa9cd1d5cddb1ed0c297a4d6b19bba25cb19a84a2b81dd376107294
16758,Handbags,22bf1f0aaaad3d22bb0454f94b02e1972f1d4519bb324f4a821be946818a2b23
16759,Handbags,e1ab18425ca14447f3fde1d3540eb6da190cff2a81f3154b79962b69fba65f52
16763,Handbags,da6130b9949154ccd2818ddabd6c3f715ab6093b2cba63bc40ed486583e80bd1
16771,Watches,ae590640df5348a9596069834b4c7bd5abfcb8da5dace33899f679ba688cd192
16774,Watches,75cb0342321a235ae5dba82ebc60d5fb885eab9ffabe1a58c0b8a9c1272fb26a
16775,Watches,01e3a5a51bee7b1bbc9246caf8244e6801eb879950453128918ca471612dcf25
16797,Shirts,10713468f3b9ca16d6847370c6421b1a96f0a8a0560afaf1ee0aabdff1d9f53b
16800,Trousers,5edc642d2c1ece91b6e34761471c6db28ca3391345a0857de58ccbbf93e1861d
16813,Shirts,37fedd586f9e5b8f2c8035838b12643239e481a0d0a49a2a4666f8b38e1ad61e
16818,Shirts,88cc9961460cd32d63ea6d1f2a8acb613268908f44506a77e71bc7af687c0ae5
16819,Jeans,9885a77a83ef47406a565a4ee08514294f89734d791c61352af0e684d5208b45
16828,Tshirts,5ecaeba0ddd7b510994772364dd76d04639a85b51c3b8caf8fd07d96d1eb090e
16829,Tshirts,1691c1c1c19f5fb6aa5d5c9a63c83c03474a74033f1144c676d01e04a10a3852
16830,Tshirts,040354222c550f8cb3279f0af45a104005ad38608db5cd345697b801a3ecfb14
16833,Tshirts,ea39e26bcba88b34c7f5dbfcccb0d257e01bbcd431ad31d504e3a5e71e5b0019
16846,Sunglasses,abb8a4e9a7017baf2ba121411036414aed8403c50f618c9de9a6d97d001f035f
16852,Sunglasses,8bda8b17d57422f694e6e9d6cb79395b69608cf718e9d38e48a390142a43a2e2
16857,Sunglasses,18765ddd70847f552dcd101958a33c45b0b538eea78684b8960583533349e497
16861,Sunglasses,a0f3de14013c02efda7a0a1afbcebd29c60140c205d43484139cac0592db1713
16871,Sunglasses,a6a2387b3b247786beea2abaae030644dbd11d1be7d8df09eae322fd38bcf54d
16874,Sunglasses,b6345af46e3bf4f669cca9c62730b79138563c9a37a9288fee0ea0221fd3e38a
16881,Sunglasses,91c44d2cde6953dbf5a24916ba6da548a63f77691a0d1ee657d97933dccf6923
16891,Sunglasses,298b504d0cf3872fa10fa2228edfb8545d5883b62300e8f64074c788c4943bce
16893,Sunglasses,2213b2f324a61ce63faef7af8456c0b05cac08838b80a061d1b1752bfafad2ae
16896,Sunglasses,467c6756614147016d2d109cc7ff2bdee90b170523b74b58ca44fb4c2384dd24
16897,Sunglasses,90bd05cfbf814687cd3fc12a7bd53d202eed8c617b3ab40801bb8c63bb947d17
16901,Tshirts,bf311c7cc0120072161e6b37f8d6931877757349dbc6a65d66185c376544148e
16910,Sweatshirts,af473a5836a7b9c0ff3bb09e26d92c5378ebc540e23fea34d577efc83be25aad
16925,Sweaters,41bf3640413a9bb1cf089285b00b83cd1f70ed9aed3e5798325838bda0d01601
16928,Sweaters,ac227deecded3fecb36c901b617bf3ed4c7c39b06e32e19eb8581f029bafabe8
16940,Sunglasses,f3851ae709fc7e6e1367b59d8e523eb16ca2c1caea500f4168f2cfa6b4b11463
16943,Free Gifts,f39554c1fdd948a091e11639b5a0da4125c6872a0c3d57feb8f1d855443aee35
16945,Sunglasses,ac6133fe0630bd5da04ed9136e30cec3ec57a40295409b0ecedc20d7b34af6f6
16952,Sunglasses,78c7e031381bd014b1f55efab789760096a088581b265e384d6978a8e7b42476
16960,Sunglasses,4ca59b98c154934d94798451da4b44c250b4c6f1868502ca2ec00c5b4b17f371
16987,Flip Flops,833f56ae09f6e74060d1e394c293ec0e2bd59dbd92ec1feb570dca8108787b0d
16991,Shirts,fcef203205a6fb09f36b7a4d7abb9e16476feb81df48c4d8edc1b6931bd90f16
16997,Flats,d6c43103c9172d1e49bfa6a77d7f6493e45db951fa2d9b95332b60ce0ac1ff2b
16999,Flats,8b4e55dc81cc3d3793bb89cda3cb07553f001752c9661e958854bdbe72d2b7ed
17000,Flats,65404cb76027fb4cb673298ac069bca751489cab910b426e11fdd943c4e9c740
17007,Flats,d19cbf8b4f75eb7a43604c5c3196152dc559480888ce672ec41f7241ae682c07
17013,Flats,dac4113d311e58c5900f8a7cc690a46d1f94acb41f2d95f79bcf158dc3d9fab9
17015,Flats,7dff817e6fc57778738bd11368b32a5f1d01659475738dd5a1b2e895cf138d0f
17022,Flats,755574fed70a69906810286db4f269b2752113150aa4e033c2b0764cf8d5dad9
17029,Flip Flops,00bcd2cb94beaf866d78258ada3a17b41f211d36a567c7c02d4a9440c32ab006
17038,Casual Shoes,f7a7abfd56ed55b5348fcc43d8d6dad928e1f44dafc7b2d2c28bee15db38f12b
17044,Sandals,ca53f819f0a05227b862a93a031fc524d1996f30f4778a2ee87d72c0398d0ce5
17048,Sandals,10c41a1984d06d3b965dc18276f62b75b70a0b6fa2e03dca6eb8893fbded72c8
17053,Sandals,814055cfb45620041114300e382b660ca3edb7ba9086b6670dbb5fb022c4f805
17068,Belts,f442cb04e4b148047a105e42bfcd813c5ce79726aeee61b4027866fe85dab48c
17074,Belts,ee4c67bffb806dd053a084dfbca6f4453e1f4fe77b03b33ee88bcde637fe9d4d
17079,Wallets,75d044a00e041c2d8082be9f67853b7b65bc2b39f7212153e45a2ef4bf23becd
17084,Wallets,d74c727dc796e510e583c36c0772346ada9f96dcca8b24ccec4011275eab653f
17089,Wallets,023d18c7b3fd01305ea9a34bcf45b160e5283dc467e72f507584dcf09479e130
17091,Wallets,3ccf2b4b1cd5fda9feed0b8c2082ac37490a2d4c2e617b1a63fd9034bf12f665
17099,Wallets,5817bae0f627ce7b0a464b7d59934313e85d21138ec9ad4f102ad0b800947ade
17110,Clutches,818d7aad925cc3ae805ba74569dd8d24f394f0c3d5aec012565410ed31116677
17113,Clutches,37d18d0f95a86cf9708f3853583a3a6ca83005942f89962de7b8e62a3897e8d9
17124,Handbags,a611101bc9ebda32d6b21702b8fd55cb47502bae8edee8305c4868bfa03cbb6b
17126,Handbags,9333167fc75c8ddcc5f0816fcfa38e92403d111134a362ec07c1349fb3618cb1
17136,Handbags,c11a6ac823b9aca2a75ac8ea393e3459c9b7bd529e6ce0ba8196b0f2b54e5071
17143,Clutches,db8547defdc4a0e6a852b8a61055132a71a8c37d6821c51acf759cddd72be03d
17156,Shirts,b6669a73feca2cf7608f3dec8abae9d62a10a018718f3881fa248bf1f2f7657c
17160,Shirts,f3184030d26773b9441b6ae167351d1796beb316ba92caea05069275d55b44f2
17167,Shirts,913e222c6bcbbe6892218305bf66630458dbdbdcee653cd0bfe0ea537f2ea05c
17175,Shirts,09ae5b6abd5058595764b4a0a930b7b3caef5cb2f37d65d8e658586f5b0bde83
17190,Shirts,549be9f5cce33181cc395e473742af055c970922cab81a8588a359bc476766af
17207,Sunglasses,a2b6535af4d07d8ebefeb3d0d338b55b4b8bb3c7965b6f9f93070784a811acaf
17209,Sunglasses,28c194d8118185936db3bd39cd6740388d330b559c8f56cb3a90758125ccd452
17239,Tshirts,c2560fb900bb129bd4e3bf5066b9a66ec4b43819635216ae38e4a15b45cab1d4
17242,Tshirts,cb79c111f8a4ddab7793a2ed6119481c34e1cb7b5857f0abe77f2e8eb2fa4f51
17245,Tshirts,05155ebbfd612423f149eb91ec31a39135c06dbc8c9a3c535301d45dd89f0057
17253,Tshirts,91d2391bf3368ff70d7c91a577aa119c18fa869bd0ccfff0aefe571d6c47d893
17263,Tshirts,872adcff83c69767c4f48912e676dd7d865d53dc6bc30e8d632336a4c7bfc232
17266,Tshirts,2e0ebf4c8c737a88dbe7233da312224c48304acd03822218541585dcd203392d
17274,Tshirts,818b27773b73f7a5b0c1daba136d7bd8d5daa1d10d514831a6bd32f2ac588bb2
17282,Tshirts,d2a99443b6774e6453e2599345995edda3646ed0ced1f8143b4b9a7df975d58c
17285,Tshirts,509a3272d86ec3c0328e0205398cdecfb369e63ccb8e72fb0add2b99604e1e1f
17293,Backpacks,19ff5e5d3d5c9a5502253eb5f732a629cc5d2a578a520e43955b37827e65111c
17297,Socks,96d8730d4c16d3686996667e282c565a5b379b2dfa84a25bc2de25ccab076846
17298,Socks,a9feead731a4788c3227edc152ad1dc1541c510a02ce7626f46301fc337dadc4
17304,Socks,740e4f766bb0b4664750f6a09d0aeb6e13da8baab983b8cf0387d7574d6e1646
17316,Sunglasses,348f36cf8d141646e4857c4c60178770fca74197de1b24432e48778638678735
17318,Sunglasses,91874596639ece916ccfe4a0475392e80a01c2d65e0a7dd948ee5e1d6d3caf20
17323,Sunglasses,dcd47e27f3aed96c01451207e5b394b6565cfcb40442f478cb51999852ae7bc7
17328,Sunglasses,b0b6ed5ab4d57ba4064e95dc4dbad563f6a4a79714c0756daabc5a94251e3908
17331,Sunglasses,194f67a2659ef369a4b9b044a6b1e1d1cbcd7df5ae83bc5fa7776a562d8bb0b4
17335,Sunglasses,ceb511d8c49a85a6c9d1b89e30491a707fcc2ad8bd807eff654234983d7d9bb9
17364,Accessory Gift Set,89ad59564a6a1b4ab21d1e521fd86f5411629e6447944bf593f3f15468bb0b79
17365,Accessory Gift Set,877f104130b579de2e3b7192d947d0514db0f488be53bddf7d5d277938c63903
17369,Accessory Gift Set,466eeb5879b8ba024e6738e761e76f24fccf7f29e50b0bc292a30e125a3cc826
17371,Accessory Gift Set,6fd500dd0c8c1cb38d9ceae171bad91c0424bfa889f0682ccc99cf77c8c5ee85
17374,Accessory Gift Set,933474b04ed15fa3cf372d4e29d8cce6d44eb60806ebb861dbdd4718b393b41f
17376,Accessory Gift Set,469fb09f180debe2cbc1162dfdb9ee17c0a82b1119190b7930cc3d8c37d1f24b
17379,Accessory Gift Set,4b87253b3e675c516c81f79770b6388054bbda69f0725ef8b1705f1d5c47b41d
17381,Mufflers,ee1deabf7c47d47e38cb7fe9550141dea0d49dc9c813877f5cd39722136ce8a3
17382,Mufflers,993f71f7f38cdee945bc5f3a65a5c70f8c397d3e4359313f338237938851be62
17388,Mufflers,58531b39ebf18c5f6b0ed5f56f522778fe88aaf82e7c19796b30fa3d4a82b5cb
17390,Socks,ced0ab1ae7618703c9f35a95f06d2e50fe6b2a294167644302357224fd81c61a
17391,Socks,0d9d1aa1eb34704c556f0e2a4ca669ef880d0e29cf8438406ee5c97b376e1144
17399,Socks,25a733210c6fab4c4c7dceebe4b9e52107edd544e513d635a813baff175976b3
17416,Sports Shoes,5db548c57d2506809d9cfa382e0286982bc8d7aace33ccd30ca1c44dd3b8ab6f
17417,Watches,5e4332729b9206e77c86a60ff7d22271ee08798b26a0c2f2fbbf7bd521f9fb48
17425,Watches,e0b7f945b64cba844be38dcfb14ac6f403569255cd15cc8ff95fe7d570748f30
17428,Watches,83c265f0c5fb3a29eee81805502db18ccf1a12e6cd946746b0bcb5801400499f
17432,Watches,e63a17a973cdcd05e746b43d31b4084fbde064bc8947fb61adfea59585aef2ce
17438,Watches,9bab199b8353c7c3f0d35edea01f7e6d08588ee095b15771dffb2d38e441894b
17442,Watches,4364ab9da2a011bb575e529508003ee6f0b7ddf5eead5016cfa69cfddc123618
17443,Watches,41726bd0a1f6dc23159860f758a1dea572a5a9f3e5e68ed1b9ff035673ded6e8
17446,Watches,10610d21b619583d9598afc545e16962099f1c1c0f938c2ad055b1334b4a173a
17448,Watches,dd917b435c13e9086c71c0b72255c30ecca62871add3c3e790ea9216e30745c0
17489,Flats,f782ef06511728c103cd2c86ef8daf9c71ef129067f2c1e8ab1d607ed1069efd
17493,Flip Flops,071d8e721c4a57147e69560c51423b45fe64f3a8a478909c79532a058b2c8ca0
17496,Tshirts,ba9c1f9cf0dceeb32f31287fb7a632e09fac68bed8bc963d3dbd06de2f7c950c
17506,Tshirts,8ed4609bdecd6761e9415f4531a0059caa5ae598f0fba90bb549af590e286fad
17507,Tshirts,cae18dced1bdd555dc59fe9d13a55558340b1e8699c281bcc31c00d0bfe498e8
17508,Tshirts,87784c476d7d2db53cb78c3b8778f7ec7ee954a1e8fe5c18091ca0311f4cee7a
17511,Tshirts,24f81057262b650ef0be7edce281af2053302c9b8d7a0c42843bbfbf53e2542a
17515,Sweaters,f890e91f6cffb0c18d9adfd3f0b63f3f568a834300a4369dfdc5b4911bf16560
17534,Shirts,962c25947e796c6edc0d9202059c20a9c6b7e3506c1d3c51402de35dbe1a1254
17536,Shirts,4e88c06f7401be7fe41cfd7f58a046027459c1f68468da4f21afece7bb0c6da8
17553,Shirts,c21ab7d8840454a7604162fa5699603184fc8e4ff74691d7e277a273fbdbda7f
17560,Shirts,4dd14fa00729116aaa30607ad0190a5d2fffa5ce8b4a7794d4b3d659f1810168
17575,Shirts,871ab02a9f3f09e278a9d73a3120202f608709c29d56c7522ab63f68b5e9f4c7
17580,Trousers,2e65c792f34dc2c5d59730888f01f3795919de23287675cbf51d6baab56d27a4
17597,Sunglasses,75209c196ce2c47a6e80eff54131af72a12faffbf6502eff2cbe497b5afbc8ac
17607,Sunglasses,ca442df1a7ca143e8bf325af6c964930031c3388830ec57f03465ee3967c1cd7
17616,Tshirts,f484711f9b7429768587fadd7f8f2fd0dcf679c1edf60b8f9cbc3df9031fff9f
17629,Jackets,b40088cc5ee5d6e526dddb4a73f1f32ff565f593fafdbe7bbdddf9365bdac983
17658,Heels,8531f861611bf53c1e8e79304b8de0110da16281a2ac312f7057290b0e7c74e9
17665,Casual Shoes,4a00592c4909dad7f941ec2545ecc25991ab801c42d639a99a2724290896a00b
17678,Heels,ba7308d8e2701f77bae6dfc9f94deaf5c8086ec769d829f85ea8e6eadd3ac2b2
17685,Heels,4984687a6186cf61c191da74d55b2e1251016abc852a5942d30a519db5771917
17717,Shirts,dbe06d6afe992024073854362b7fd05419f60baf14b13c5e2dc1d691e89f5c6a
17734,Flip Flops,d16df9106807302538daf2a336d71ba2830b305d63954a2fd0f0bb3322936864
17736,Flip Flops,2b83cedb330dd2e73124c62369b9373b264576873511a96bc388c9167428dcca
17746,Sports Shoes,dd70616dcdac186dd5d6a2b4c9fd30e04ac3532a413d26292d160637820da2cd
17756,Casual Shoes,adea417fc0a89dcfe4da6248d61eb6aedf59149366e07c5a439474d59f818135
17759,Casual Shoes,4a7ee2e77c7d5f9521eaaa2e05703577490d0d7436cd78653191c868f0f20857
17788,Socks,98a89491d8fb772b437ac1b2147af4e3af3e5912c9af01cc86efbb7b17989e50
17791,Socks,255e3833ee5f0d4cfc1e68478346880203c2d0a49d6cdf8b90c75054966496b5
17794,Socks,3403139b4a85347058851f74b50bf0a80a28cc971bdac5128f085b80693b8994
17795,Flip Flops,c7f3ff52ea54c4614ae1faacb33cd8b120670dbca7c3eb396dee0141e04fda80
17796,Tshirts,9f10b8c22affa7171a640f2a06c71b10fcd00b36706caadb2ef066cde6cd2268
17797,Tshirts,ba20e72527cdc94ed385a0ca219b6945eb8acfad8966797f58d159275cd07f8f
17803,Tshirts,a4fc9db3ba095263b1ddbd31db0013acb8f5dc33ceb0e2534dc6e06646dff846
17830,Sports Shoes,9271bd2b865590e841f7327c53bc702abf46c01fb4159b6a8f084cb554b1c8ae
17858,Trunk,805da0509a53d98bdd1fa2e496be8526cc22b408fcc421ef4e300e9e39d36e39
17860,Trunk,3346ee961288d359b6a35532f20a2cd81548613ce27caca9712d927fa3a42e63
17866,Briefs,b11a857b737a060a16fa54d97bb341216a999f3ea8b21b64f3cf2ed41d81fcad
17875,Innerwear Vests,751895cf957514dc7990bde7db1618a3b623b13e685db3a34b1f7508a32f69a1
17891,Innerwear Vests,04396db9cf501b80374e146035aa700021671389f0e79f842992c5ad23b410c9
17904,Jackets,c12d4ca2d99de50d2678cbaf0e67385abfe00392754a6e51b5b7919cf4b9589e
17911,Jackets,ca87cdf2530f163dc344f4a1e9b5399b73448b837df1596e4876d7553659f385
17914,Tshirts,08b55df4b480b2a3171a8094c5413165fa740301d551a5ecf8c853cc63318792
17918,Tshirts,2f94abca1d49c2bfa50a42795fd3f27b1add4cf1f0d7f4f248525dd64dc3fdd3
17919,Tshirts,5353ea2c98b57871c2c6ef90d24eaeb747f4b98660b1a581f72309026c0207ae
17920,Tshirts,18323496eee936f7f399d3fc054e91765cdc1c9cfb84933148bde2d6ab6966f1
17939,Shorts,391e24260aa254e9af3d897bef2572e45e0fd6f059599e8cfab944cf69fb4e82
17940,Tshirts,a50259275bd6883b44c2fa3a74ab8c777a3ea8e08e1293df6b8d68d5296affdd
17952,Caps,86c0cc5378533e6c2e7c27bf60803457b7d17412f9d0dc640a164584aa5a3909
17956,Caps,dbaaa06e0f321053289f2952f3195ef44b4a4120fbbc3c5674da38cce39fa4c4
17978,Casual Shoes,cb7dfb2e7a32a22c15b4cdb726f21e8573d4fcd684c7816654c215b005e6f16f
17983,Backpacks,78b4ab02d33a41abf53bd85725d0944f0d67e76ab044a1c8a66db489286d739e
17984,Backpacks,a543551e4dd6020df4941c2eb616c7d50da15a6ad360e8bfd7fc41e21e643a54
17985,Backpacks,2e9b0809f67f4550c52f2221ca65fce8afbf2896496ea945c94605d0ff22a069
17994,Track Pants,73305bf9c0261745e4dffe47224a506d69e0bc89adf4364e6726ad35dd91cd22
17997,Track Pants,3b5f07777075d7ba0907ae5340da35d9a3cada8e3b0b7446cbfedfa74ff38f07
18000,Track Pants,a022f3b4b778c2b95934575a35185ef2e0cc9d595f21659d5caeecd29946887b
18015,Belts,4378d18726ba4f6f39102502c31c9032ece7038d5c828386160ee332eb59950e
18019,Belts,eb183d575aff19eb79c5eb243bedf0b4dd00b359a31d6414d2ac87c527471813
18027,Wallets,84816b8d36dc767e715d47a879cee12fb90e2f9ec8b3c26073388245cfd34cc2
18034,Handbags,1e893f22a0ddbd1de2ec241858c678628700b643438159b652511598ccc29141
18039,Handbags,65d72db505349cc1c745378a50c5f3b42ffdb98f6d448ab05f2f59e52ce68013
18047,Wallets,2b58dc90fd87f062e6b51457dd2310a8b8e83c2c7ba90ba149f7540c5c17654d
18133,Innerwear Vests,0ffe29d2836e8a9fa1f8784737b552e2aa496397f86402791a5b00bee765bebd
18161,Sandals,df7e9665642ffbeb58169ba76986926213bebdc6fe80a15d40e8d1d6f690ccb2
18163,Handbags,2daa33c39affd068e6d4d4227b70f00394180e8f4b51d2fc9641e5cb4303d887
18172,Tops,400112906ae81b3c5f94a60945407e7cda1fa50e8c4bcb55a1be670257eaaaa6
18179,Tops,a7e06bfbf9a9255b03037cea0b7060de427fee075f043e532e5ba4986ee2e2d2
18180,Jeans,97f186765950ac742185127c0e46c04f924fa85dc2b75d92e1503cae14ca9877
18193,Jeans,945707ce052202e0e7b6651b9e0645916ff544c50d78fb56b7ec80ebcdf0b2d8
18200,Sweaters,1b5acb9cd26eb40fa43a1077e11b91f6bc3e0902e6ff4113e27310f93690f8e0
18203,Sweatshirts,b1e3d5d963d012f745c22fc6ae2875100f389d212261a1888ce446711b49c9f0
18205,Jackets,1f9ad461c51e0f0ffa74cebb55f2508f9138715aca5c2fb532fb58f202a93ecf
18210,Caps,cdb9bb992497c705a1d0941e1b9b7394c6e9d3ca4dce9da9ca6f8841bc46a61e
18212,Caps,8b822763daf639e163d5bf529d14b929080e6faa68159317f7be666c7f1e0ff4
18213,Caps,38af1c79698b6981226874552066dda7445b11a0556309821e4266a336a8de48
18214,Caps,4c72537027445d78d0f25baeabae0c870a13f9e42e7d86b0bd23c90c1a0775e3
18230,Tshirts,9bee0256ddf45f5e616a4c4ee6b6bdf109dbe67c2e52fc678b2df8c48edb5105
18231,Tshirts,0ecd81e16432066dea449cb10fc8f4489e25eaa755739e36b4864bcf453b522c
18236,Tshirts,f41f59b6ce26c916c37041fd8ecec18f1af1a73876da0bf4e94f7999f4dc0c3e
18238,Tshirts,0a314e40628b0619829c58d5af6e8045671bbb433dcf6aeeb77736efa542b4f5
18243,Tshirts,bd6c8dbc53fcba83d43744e29a03c162e9bb32ecf04f0e9d0b0a16d0dfd0d0fb
18249,Tshirts,73622d3570814697dc0f20b4ef55721a224de12580d7778b02ebe9377ad0484c
18260,Kurtas,b3bd80e772cec7a47008359e921289c0ab551771440a50d28ab656300069d1e2
18265,Kurtas,fb5ff3adfb90928f80d201a6bd6e34542904fb4b66ee5b77186aa45b6e409151
18269,Tunics,97fe91d93e911cc2b58e1199f2008062cad0f639db136ea606730c1af4f71d07
18281,Kurtas,6dca3838da00985c09729534114373d6e1af87a4061ebd29fe2014b0af5a50f6
18282,Kurtas,933d2063dae48173f9c6faf235beb36324ad3fcba65c3afe01a218e7524f49b1
18286,Kurtas,9f8824aa51a7a23657525e5a3a56f3b6dff74e50f054e88a6aa4977cacc205bc
18291,Kurtas,0a5afe4ac1dd3de156deb5f68979d26e5d7590527159bade4d59be42a1fa0d02
18293,Kurtas,fc62672fe3f9b322af4d50afd07f8f7c96eca089ce0555565e29df63b214455c
18308,Tshirts,a3cf4647dcd3e451293c6c5dd0222d297514083df5f09482e708031c1ff4516c
18310,Tshirts,26fbb1613dddb4596d76da6d1e25dcbd924b75b1f5565982901a27c6ac7f52ba
18311,Sweaters,c9b89f80436f01d7d2c53b1bcdf634001f11599f88c77e1e7ee951e7a638713b
18322,Shirts,dfb7ea11f2b7d913cef6f68cfaebc5f6db772152bc1613471798cf93daab9014
18323,Shirts,32a0712dad2d6e9d65906432cabef17ca8c25ed0a37070bf5fc5bbb973c3be07
18327,Shirts,020f51d220860e058b3709214ebfa2383c43aa183509e2804219edd05ff7970e
18345,Socks,a0623b6ddcc3e83a3bfbb6d4bbc24ee19c65658940cf1b421f83e5191b5db875
18352,Socks,b938bf2680975b1a009e2027ec4da440c0fc5220fe4507439ccda3c924ee93fd
18360,Socks,775586f09517ff7eed24bbd66a88f27f29ce2dfee59eb0fbb8583174394cf428
18371,Innerwear Vests,2e7b53434621cdf58233df1424a2597fbcefb71d7accb4969f3154238645f6a8
18375,Trunk,f3d4181650f425578847efb18599258f2f4d97775cfed18459a2e03c28fa4ab7
18384,Innerwear Vests,40e5f125b0ed18e079336427af9a8160ea925eae06427506268f76874e9539ac
18402,Casual Shoes,ce86ebbc1950ad284201735a81da3f68f89c019771723c461446ac69047a4da8
18410,Flats,01c4d9738d999b4cda4484a4321d9c0b49d454d5048e78a5853e9e5ae7c37894
18413,Sports Shoes,a0c6aa88af9d0d6ff96859e3c5792df215e4dbc45c3c1ec2fa9b1c4e338ded0a
18415,Casual Shoes,8e31d5b5cce22cdd62e4163c9d3d18bd90cd0e154dc6d000acd54dc923ecf934
18416,Casual Shoes,c2104591b43e1c56171ac982e34088a6b4ce02e0bd9363b904edc6d0a29032d0
18417,Sports Shoes,39dbf783b7c0857abaceb7f3ef57828f39e4c5c2c736195c7d22cc701d5cd65c
18434,Laptop Bag,d5cfbe5c3517e1e14a7c50226194e0bb850ee951db697fa42512a2db1fe1fac5
18439,Backpacks,fa155fc52362e01b3d1c9e4ef23b3a1e4fb9a6f6d6d06f731cbf30c55f71aa9c
18441,Fragrance Gift Set,4f30baf4de529d40cbddcb5e7f77dfe337a54a1913e4018a2fbac4d9f95c24c0
18446,Perfume and Body Mist,cabb5fdd70aa217395d5185cc1b3e7a62cfbc14847cda5679aa8ea1035d88feb
18450,Perfume and Body Mist,c238c8bf1ae883e6d863611b022a550582caef91f304f56efa62bcb1797192c3
18462,Perfume and Body Mist,49d67a0db8e3ffc37ad864e0f40d8ad57ea995e9ed88a964f561be8cb3ef9c78
18521,Sweatshirts,3330644d1cc3e080e1a6fae1b798b04aa570deab788b6297dd017999fea72c32
18526,Watches,70c3e79552c42fa5f398e63f8a6d1fd27a021d53644eeedc0a9084bcc954532e
18528,Watches,6487952b743b7c2f90e7f67bdb825b67d1056f2b7cd7b5459f28787edc6f2205
18544,Heels,d4c469eaf42ab8840d1bc96a09a215a4d896b4ea3a9db9b8ca150917799bd1ea
18546,Heels,dcfe6956d707d8a61896ba43de98339e7cac80bf2189e7bd49eceb34f4211219
18551,Flats,031a4ccf6a0daed480797e423fbbdbcc2eb0f264621e278185dabc26795b46a7
18557,Heels,c7e82f0a7929650e4dcaaab7f4c2c4d33273e62cff07d74093e130ffaabee2df
18567,Sports Shoes,cc13774390bd1570e0be10a2e3d77bb6ff5bab052bd9dd9961138e7a07989cea
18577,Tshirts,e0f2757a72013a10f1504355215d8b73cbccdba31c8eff37fd8d83c7b2271c6f
18605,Belts,1bb06ac01905821305a63da4f3393d5e2d1f73357c4bade501b9b405e7cf1c42
18606,Belts,128541100492073a6447aef3bedd5c6012d34eb7cfdbf6a55af1b886ff2ac85a
18612,Tshirts,d8e40dd073e598425b53efe96932c032f789e92b84017c836308a10f3e7c1850
18613,Tshirts,0bac5d40f3816478cac3e1b5a881ff77c57ffb2826595e74d857b241b7be018b
18626,Tshirts,794c69ab4ecfba2557e48640665e1eed9ddcb0691974a8b4d61d498b8238ffb9
18628,Sweaters,aa77955840a16fb5a7043fe54f9bf1cc6433bdeb3acff5488e10038b19023283
18629,Tshirts,358424c7a23571d6378ebb1e0ed7ca700bcf149c76581b0063b95407ae278007
18637,Tshirts,eaac6445d156caa89fe74fcc68b88f335f90db40b68cb535926dcb063cf7af69
18655,Flip Flops,937bf0213964d090bb4b607b7fc518d1549d4630da4922f4703bdd440cfcba7d
18657,Sports Shoes,b0a0b5fe4097095916faadf7e3588b190eeb9d6dab578f442b7311d4ac916e2d
18658,Casual Shoes,b5806dbd71a6665be64739ff72913fe65d64c78d0c14e2af38faf354541007b4
18670,Sandals,79598f86a029f9cc86a85a29d9b28ae5da36806201d6794915fc56d2b78cbbc8
18671,Sandals,c51fb052a23329979194618c89b045d6fd48677334b8302ab29dd3bda9586df2
18673,Casual Shoes,4ee0d0e19861f7dcb83bf0e7732160d735f8884eb09e686041cfdd0125dfe20d
18677,Flip Flops,9a323e8b875838422b91ca81bb50ecdb5346c68b45e1be39af86cd910f3006f1
18684,Briefs,a4fc97f90000ec607cab55839266fa9788acbe091d52e79622434ffa403b8105
18702,Briefs,2ab4e3115645e8fcb0e997ec970a3aa1a5bb379a22ca58cd2393b0653c687b4a
18708,Briefs,48ed73bb3fac8c309a762a7dcd190c87047e79d95de629d142af8fdf8d358d5e
18718,Tops,a9bf8c9b77e7501a2129914545a0e5cecac935ec79d05718c55f2e0a0992b1c3
18726,Sweaters,3684c7dfd5d07a79bf4f17f9489d5fcd55d1d14c52448d27db3546f8e93c8711
18729,Sweaters,542db0ee4bf806d1d945b67f255a62c6311607fc11ecaedca0702dd5102cb45b
18730,Sweaters,9a8bf476145afae10ab014d6c356e8eb77c822fd5b27ad6a32898fe14238ddcd
18735,Dresses,439d068f4d047e44cac3ac0d359731211d9ebd37d1f63eb21d5dbdb07c832450
18738,Tops,1d6e55dabbc1be1eceecb064b356dd4ae4c2cc253b8b82975b7fa75f71f2dc05
18752,Tops,20e0ff803aef603c8fe4c1bd8efba3ba917a70b99fe65927f8447d3eef5d672e
18759,Shirts,ed9596e3e21aea6d8827b1e73b37b0b74af0de86bb52962413c74810ecf87f4b
18761,Shirts,c92fe2f15f7d65e87bdd64cfb850cd46b98adc8360fd4b9f356910d4d7a2891e
18774,Ties,759b04a0d85268e6c9918d6946928d59438a9ef95293cffeb0069e247af2b349
18778,Ties,f882e6a0c57e5ccc4a829291c83a8c5ded952bfde0a940814e7e5f0a4946a830
18783,Ties,f2d2e1ce3f009e57d73255f5c8a1a55b54ecb1bc4dfa23be0b48353fb62bb3bf
18785,Ties,3adfa197a368fdaf90129ff331af27bcb76984889147c6f3a8c64a55698dec4d
18797,Handbags,f2f7a582aa8a3d1018b70c3858181f618f5ecf3ca395b4c397a9afacb5ba2b11
18801,Belts,18a38a4137c413de174c6878962a4db312b20f9975fcc6338128dd5f9035a450
18804,Belts,55bcca56a33246fe276efd0651a558ed78e0fed467cfaf7a1823785a707d0410
18811,Belts,87655d5ce1ac7588da9a07857ecd06d3dd1ad3edf8b457ad7cd526578490b71f
18816,Wallets,dbbb665d8a003ad2e5625db4a62d911ee17ff30413b202edd3311e3d95de2b9e
18819,Wallets,af69ce755825c8448cb4e2cc17b497912af246b7ecc9a4c7a41c23ab02615030
18820,Wallets,8610ab316345a9cea4fe30b86af253a9ba34cdc27f2f0e69292ec0b33d01b78b
18822,Wallets,c07f2ecba40741835eecec231cab8f6c603c1076bceb560a20b75d0995730a40
18825,Wallets,48c660314399789696c2d9d9020eddf3daf84038fd7a4f14a9b36d9a55c0f387
18831,Belts,d5e0802ed8b8714279e160360e5d13286c168865b0180bdacb40aece68b35646
18842,Tshirts,f17b1dbb283de65c1459b524191cd972006394df6821a26c8a0f46b3f284718c
18845,Tshirts,3aba1cd0a8c5e6ddd142abc16d0ab75323e406d2fc23036e30e1a288ae6a1236
18850,Tshirts,7dcdd55875278c425a49f52b11427bd61c5a3e7e9ac412f955e546b93e835b36
18854,Tshirts,ff03aa5846fed5fc1668e404627f43a5fd161941d038c40401053f9972c0f8df
18863,Sweatshirts,af9a76ede831ba7b353286e8a3e56697ec0221a6aac94e58f2971be42a4d6dba
18864,Sweatshirts,fbf5f45f1a420a551bb06717641b943c1c865caef76fd0c11b23b72d69dfa320
18866,Track Pants,9b9ce8a2f50072ce86a860f83e7bb373bf18ac330517940c646898466bebabeb
18878,Shirts,e1ac97e3e805e08fe6dc6154b5ce85ad4086d0cc8697058a3ad874c50dc30762
18891,Shirts,9e6fc536a73936cf44e5403cacba9956d0ac6c7a0c88ad599fff6dff7b0cfcbf
18905,Sports Shoes,f3301244f793d4974881de8f1341e532aa5f713e60e2a61eb2321be8e0023a81
18922,Shirts,fc4bbe54f95fd8c4f8b5c80c60eedc6d0aa701a637eb997c4d98b309342791d2
18935,Tshirts,a6fcd08425af7abfe9cfc0147e9a0f4eabfc1dae5ff33994c5447789064b5340
18939,Tshirts,d1f5ad51a3c631f4bb2b7e451b6afa33d64889c8ac3e84fa70b3fd21202f767b
18946,Socks,7a0058bc7d653fc170647ec505e1e011f2f3079938eb9c19cc92b1103dc547e3
18947,Socks,defeb2ea0015286f9e7dedea550f390e82924cfa3f7453b26eb2a8494c755503
18953,Socks,01bbd0392a0d8922e92eab5e243421bd106e914992c9e62778724b63207a5586
18962,Sweatshirts,5d11b42be7411236b5b479b0640da38906d5087caa8981dfc0fbc6e170ca8104
18964,Sweatshirts,f0d41cd62b09e51dba4e751a7f05e2849c3feb77cc4b0875c9ba5dd8d5edaf37
18968,Sweaters,4031284f795ce8d7866031c50487d88d8f0915cfc06b114b5af35303863b11b8
18978,Jackets,28e5e99c66cd9fbadc1ed3e91aaa8369e816d01ceb548c02f2f35d564959e320
18982,Tshirts,193e9e353aeeaf9bcb68604be6f93edbf5a1b4223ad799a81feeccf211a7340f
18986,Tshirts,24fc2f6b2609e9d1865e5b7699bcb63696cfda358e7d74ab33244c545cda20b9
18998,Scarves,e0a6c78621b5616cbb92ebb57a9c8c1a9892f11028bade92134ea3de042debb0
19007,Tunics,e5abbc0672d944530da8a3ee1b81a1cc439b630e5f53420dc2bf93d0a49a2b7f
19009,Jackets,fa6e0da66b103243310aefc2302ade90157e878542fb6e4dbd1a1388844d5396
19014,Tshirts,274f86c3ba6aa28303b2723e06a89f140ba88b2a356b85ee4d5fa5ccc3589cef
19022,Heels,4214948c5cc5f88564e490292eb8fa8920ce1ccd7a2a615b71a448775dfdd7ad
19025,Heels,d0058037c553f083b2e07665ac24ee2753c973587c281349ade953504aca7749
19034,Heels,12449c55fd288647ef78ea1ac9f4e0b3a1a84d92c2e248b6f918eaea333f23c3
19035,Heels,2007a76d8082e712d27912f8d25e00eb87998dd7db823af595b52957e971612d
19052,Heels,a85938d0880deb27b20c63ef196d610ae381cc865f59db379d5d8a67dfbeb980
19057,Kurtas,8231d3788a8930ff4339b73c0d8f7c61ffb1fc8a0f086ab06a668ec026156b63
19058,Kurtas,2ad6315b721c43d86d0d3ab2c4534572a01a8e8f690ae8caeb4d4c349a7f00a4
19069,Kurtis,996b15032a9c447fd4e68d86781a922f636bb525b062705244be7c1a287b1668
19079,Kurtas,2f3dc35b01c4abe571ee9d2d8b84152ef7d0fec4b2ce35a8695e91458cfa9c11
19080,Kurtas,2b6fc5c45d53fa643cac38542c46034e90e29325965cc08bef1245273045a35e
19087,Kurtas,30e820aba17d5577f79929e2a51cc3e14407d823e91ae7275f151e3e3937e291
19089,Kurtas,1de264ea1849210519d39c7c685b9303e5c9b3045be3b501c4efa812d124bf51
19091,Kurtis,c47b4a4c0b31b27e319ed797ad83e153dc82eee73d902dfe1300cdbf297a9f8e
19101,Kurtas,585f5e7c515b757b8f15a06624d0964da86a17cc9c60abc8b08e6c526108722f
19103,Kurtas,a5900511829923f9ba0a0901b0ccb06359d847f8cfcfc4e9dfba1d6348784a48
19105,Kurtas,31211cf17812c069e52a82fb9235f17fdd2e3132068c3de940637e5ab1e97542
19106,Kurtas,48454b64b8b6e3c56537377ac7639d94ada3fb7d7a3277d7e55c2e9972dd9e41
19107,Tshirts,d393b77eb617e7cdbbdfdb5e86eda4343e06422239340a864e117fd512659535
19119,Flip Flops,72fe2f93370b99d7a7025eb917a1f0c71ab6041defe2b99c9f8fffac1ebc111a
19126,Flip Flops,2c3f37cab5577472692b43ce83e3c9fc5ab45483c02bfb38931366a309a4c558
19127,Flip Flops,2ce55adacb3d949ababdbc676eeeccd8aea1daaaf12b2ab1233f7bbd06021dc0
19131,Flip Flops,d46168ad3cc1ab859429eec8a5fc635545d69caa8435e4b02372a4bdef256581
19143,Sandals,3325ae0b7ea8b224d992c8ee93f4a189995302efdb5c91f820a22bd9e7d6b4da
19145,Sweatshirts,82ea0f56814e387815bd7d44604df13f4a3ec317b0845c6fa6cb8d3efac6c23f
19152,Tshirts,711c17111dbeff99fbbdc7faba5bd018704fce602dc847010fa62417dabfb095
19168,Tshirts,d0f8e17b177a2ea199d4bba1fc4ab31b8801eeceed7e66aed7af8ed3a7e5fa5c
19170,Tshirts,bc08712bba9368b13e2756291e3857032a67a7ec21681d640908b62768655544
19172,Tshirts,48d50c85fc4887c714f576ded837179149fe960895ce738dcc11fb94216eaebe
19180,Shirts,cbc7d3047bb71f16c225c380bcc456da43e73360452db42560840c4045660d2b
19191,Shirts,19d462c4f83b6259a2940b715645995f023819f101009b8e92953925be69d61d
19197,Shirts,f838b572f966ed7d55c129d8a9fb38e887bd9301370d1a380506b4bd443f7958
19201,Shirts,fe12d8d6e94cdf48c9f0f9334a936cbe7a1bc75bd12486ccdc0ecedab11e1732
19206,Caps,182fad1ee3a0391bc70e15c23ff251ba4038a7ab63994b1cb9753662cf99c70d
19225,Ties,c87ce5118504ee99f866126fdc13247aa1385afc18ccddbf9e2bfda43dd77951
19231,Ties,6188645118dc84f916c31ec33e17385a363d6da6beaf796c0a5cebb16f495779
19232,Ties,3fb81b690ca6c76dc7e1262c6324e183c539c5b160f68e2c7f659070b5301b00
19239,Casual Shoes,1797eb238dc0157eff7ac784cffbb8017142151412b4619970351a517cea765d
19240,Shorts,3efdd3002c58b1ea825d310b69a73e67410aefa98aec1e2cfff65f791f6fc3e3
19258,Watches,82d83dd679ca477959fec0dcadd0ece2796847d731e5de977ba2dc4ba33af873
19273,Watches,48961fdf782235f33d0708b1b7e1e6066f246eeb7fe0fb9ffd9dfc0c5fbf0d39
19280,Watches,23cbddc6700bc6c67d118c2ffc8831a4c9ad8b8f6645a8ca6d63b8b48a160036
19284,Watches,0650a79329e68f320a6d5ddb656355cb4520e993bb47848a7c764e0379d3ec56
19298,Watches,8707974ff38f847a0677f67102231ed4bdf1185588a30003400e2e930abee304
19300,Watches,6069981d6f21f8ae7d75bea4029a812501124fc34ff2cd01fb2fa8e69f5f5345
19311,Casual Shoes,dc3f195d52c72c673abdbfb6dedac56ef98567ac92be075225a02b96ebc8cd02
19314,Backpacks,1028a41b01fde9d765767aa93a29aebc93c4a8e33b695bd414fe59b0350b33c8
19337,Jackets,2a2cebfc551b1159eb9fd5b8083059d553bcf97f555e8532b127e92a94e9a2c6
19340,Jackets,164113376707c9ceb0555e9cbd0fd1133434ea1beaca08478dc52f21cb37de47
19345,Wallets,0691a12d5804aa7a842fcf2c164d81ff23a931ec04bb08257bdfdb0c76c91604
19380,Boxers,7898e27597fa10b338964d83c682cc1ed36926c8e8b89f08507b56910dbb8ffa
19389,Tshirts,9f48f8d6ca322601b9264d579ea2f859cb700b5b0fbbc7fba156329999debccf
19396,Tshirts,755d4691bd438abe3493138b2a1698eede6eaa7bc7cf9989a493a3ef57ab5c6c
19408,Tshirts,5966f91880a84f7da6c5e15a39b4c5e969e98e17dcdccd738049be63310e9f2e
19412,Backpacks,70d651fd60f6cfdb71e6324302ff981aeaf0dc8806f46dea326b5116915c1a92
19423,Tshirts,e7ef8c9cff60dfbdcb6dee4a1bc16eeb6fa49578f91e949fbc77a5d2eb2262b1
19427,Shirts,02f7a81fb2ba223c65f722d22a5e37ba0d69c32c9b53a1903fb39fc9a419aaba
19435,Caps,fdf2bd298e8932490e0a0209c48d33b027938dd2cc5886311d3eb5858fc74e23
19455,Tshirts,ca2d1e13d14ccc5ff7ea5227b2847238b16fe920f575d85aac7b8afa74cfad16
19457,Tshirts,f04fd9546ed687fa7b45aad3e97f3c644fdd35cb4e432d8a79cd62dbcc3c916a
19476,Sweatshirts,fadefc0a8c6ef696d77cebef9cc51b62dbc349f20bed793a75e0c9e34177563a
19478,Socks,5f6f021561318b101f0ca370d88d5b1d80f328b040b7fa3373b47ef01eb25d8d
19485,Briefs,f6eb71fc349bfaf424dc7fc2313288b02519f4ea5d6a5dd9ac1c99fcf0b4f26f
19489,Briefs,e2a82ee8c3b5e734c086fc7f197e9376bf17508126e7618482633e93b9e78f63
19498,Socks,d89d1bd3d32052cc11ac214b355531b9cb92c412d6e3add5c4ceb88361d029d8
19500,Socks,82871ca25242b27edfb445c84bc21753dd1fc39ba400dec29a18a11e713d19bf
19513,Wallets,a3cf96eb403a99469409e81c50387e678629d7a1b62148c7995581f7e6a4fb4a
19522,Sweaters,f97ec164034e891a0ca51e209bc74c876b7f0194328d569fdc2e8d30c8980df9
19525,Sweaters,c04b36c7f90d4cbde7862331c7621d4d72c666aafbcd90f21e7af447b804ca89
19527,Sweaters,d9a4ffd154e4720d543727aa75c41ba86e048b7fd9852eddb39aab9f645cea9d
19529,Tshirts,87a055151a545722d4f34ee302570bb1436d6f4644710d5984406fb65e408dee
19533,Sweaters,d6506b4f9c5c6204619cb922e501bcb185e1668e39660062c10eb71432f6599e
19535,Sweaters,0d4770922478bbc21bf155d3b0fff75165e438b567cab998b5daf3353a6f46c3
19540,Sweaters,a3d8a22bf2a060f6376cba1f3009dce53c6e1076b10c09df65aaf0c4b64c5bbb
19551,Sweatshirts,b6a649fc50efc27e82e0d89d351de90214f66833cf39724da38500bdf20842e9
19553,Tshirts,c1295ea8a3dfb367dd29abf9a074a3decd30a5ae70376d1ec43c2f1431c25a8d
19555,Tshirts,623e403dba630828a4838dfb593d7ab2e64b2d300b957a8305212a4ec615140a
19558,Tshirts,98e9f10fc6c9be325f5635b2a86d90373db7007d50e0872f87b974fe2c1ee0b5
19561,Tshirts,fabc2966732de03b78f685271c50e837b121f5dd72533d1e92372024ceed5252
19569,Tshirts,d77a5ad84aa73d7f9a510cb904d1e12668f1d370bb5932e88534b2842ea4bb8b
19577,Tops,7b1a2fed32e54c9988edbbe372eddab106b51c62711b89ab4e5ea1efa0ca0962
19585,Tops,55ff7ea3f12dd8fdb8a75d529b5a6dc4b8efac2064f522f5a0bf44dbda734a18
19599,Tops,f026ed0ea906e217077d343b0caadc71b847775caa53826561e481ebac1e6b25
19612,Tshirts,c23cdaf5d39f81b93d5221a502925551f517204027564c1afd5aaf1ddca7e392
19617,Tops,48c7fd6967f14aeca236308bb8e4953fd26438162eee37a8b22c69c723df3374
19623,Tops,413e182fccb32e4211e00d8ad0ff89d55f1dcb31f5c31b4f0dbac87d71a0c40d
19631,Tshirts,2514d54f45667a54e08a720744bd7517920d79d3fdd3660f60fa2390563f1519
19632,Tshirts,7dbda79ae67c38d201be7f151c51ade45e5f62523f4ef95498d86de93b81958d
19634,Tops,7f28d57ec781b11403ad856928efc0a7a7d14bdf7705ab3fc3c2f7a74b5fad0b
19637,Tops,2fea3f498cfcb2bbd13accd639314d1fe502f77446bb55bf42bd2500fdc42830
19641,Sweatshirts,fbe6ed4710bff87759e1f31b24dae44691523d4c0ba016b4bfa5428634fca3c3
19654,Tshirts,fc0528efbe847a93adb41f3c4f5fa7b653d1c631521bb7ec19a84d97c53e2a50
19657,Tshirts,222548e042c127c50cf7477eddd3f5e2b2cbbda5ee176ca9a12bd9ef3001f34f
19661,Sweatshirts,204db7e8f34a75c2ed7fa4987bb739b6f1c160fe90c95fc001a6bf2b2e6bb98f
19665,Tshirts,7edb96fca5bc0f0fd8a00f44aad92d5f376baacc1cce5789240192537955c5ff
19666,Tops,646cb283f788c08bfbd806c43598ccdfe6374cc44ac63ba1988fc56d0c52f739
19671,Tshirts,e965644cab5a204ddbb0bd4703e6c801b56077e4e284733abffceb6b0247e100
19673,Tshirts,7d8257ff69fbcb4fb46c6ae523c36c355a20c36534ac3c227c3547b082c76922
19687,Shorts,3e2c3c45613f9af01dd934a5ebe8e49b5d1f888f818c981a9c4b97185f5e253b
19692,Shirts,adf381a8cf6cd569d317d617fba077f68ca1ba703f7bedb94919ca5aa5b0202b
19693,Shirts,f9efe98ab5910e4daa7841e7279e2785827cc4fc8ac481946057269408a167ce
19702,Shirts,86a42b8eb5370c0129888c28823a3311ca3ff6110aa08fc3796b54a7969696f5
19718,Shirts,52ce054787b0cc0a99843e598424bb3e22a3a2e45ef7b337a30d5dab80c0aca5
19723,Shirts,c7279daf7cf005319c47f0e4db779ad376463c5d23631bebc3afff0c6f6bd26d
19726,Shirts,0d627f935d0295c1108b658a6ab0b0d69c53cb44a104cc37342cfec71d132387
19728,Shirts,e487153687c258b0938a3a3f6475b05bfb8b31d432a8bf5c187508719e02f995
19731,Shirts,2e0ad5ef675904e633933245bf99e15797e25f09808feb5522ba3b4c57fc5c62
19743,Caps,e19a8cd70eba8e55af164b1964e2c6a34c86b1712fe570b7000c3255486ab6a3
19744,Jackets,3e3877a2020bd80b0ef32fbe0cf3f52a3f2e2e0041f338dd4071f6641b0ada0a
19746,Tshirts,e44e97693293cc82dd7852088c0001f4f5a1a5154e9e4e45c855af7ab42cf901
19759,Watches,fa440614aea4b74c8fa4c5dce6c5d8a1ff4372e4b07e9c0f9c3100451571031f
19762,Watches,afb1590275b3849899df6ee84ffde1d536e1e0faf474a1a9ce7b647e14fd8772
19767,Watches,a66baf9fe220f3e13972a4c3216ff7d360f235301e6cb6fb5d68969d4f01255e
19772,Casual Shoes,ebf509226e19971ecff907d939ba279c0193a23aae7a1726cdee798113dfc97a
19784,Tshirts,619949e68c261fa9d63319ad9028241138ae368a4a87eb3259f2b2f9a08ee291
19786,Tshirts,7f06c4e9de1dd101877db33328c024d930ca960874924eebbdad3e1a9b54ce1b
19794,Tshirts,5ffeba8028a5f39150988c9784dbee7588a0b60791ace1de73fb88a80c983819
19802,Tshirts,ee5b2ed56954c3f9bd7bc11901db3adabebc292b5aa865142abed24b468d2226
19813,Sweatshirts,8c44b0e5dca51a65e45b72018d1d940f779467927a308d6ce2b61274f70271e0
19816,Sweatshirts,5f64746ce55f305858349b736029543ed97a6896572c63ba3d446b4f7847402b
19822,Sweaters,01b5d46a951c560ae1b7faa9c4d74bcb181e15dfdadae04cd11fd6f70668534f
19823,Shirts,0e82584b6f81fc57ec1a64f4ad2ef358ad89f7a397567c6285ecdda2d0af86cf
19828,Shirts,720fed69e00392b206cacc3a308152fdcca7655a4c86ab4ef2a741431112c9a1
19838,Shirts,0d0486c7860a9ad131bee8f1503ac99ea2e658d6d7af3fb811769bf2cd1d533c
19843,Shirts,ccb5b70ade7b91f5ee471aed5cd917c967e7dffec521832e6bc5c0795c33ec13
19845,Shirts,185cfb15cf14787f39e27c11821eec5b2bf7a6affaab1f5d20680646c9acca6d
19850,Shirts,3903623dd2d5a6fa99b969317ce4a2f425d4ea69b20de967d2a4526868b2664b
19855,Jackets,4b34f177b1dbd27059776fb789b1796f3309ea57d67753826625e713ecc5e768
19857,Jackets,c36fa9158b54110f0e98ccad012989426f65ddd956a8f452a2b9ec97bfd55f4a
19867,Flip Flops,b30bac8a308d97fe04b66efb495a0d63cb308123f291eb876f89dca07c1892fc
19874,Flip Flops,339ab3ff2e6d82cd58ed597ea7e366b523b0316d69bd3456c68a531350dea306
19879,Flip Flops,e33fbce03ba4cdba708f97007b631faa46b1ff2454d9991a870d3b1f088d542f
19884,Caps,a39e07713e6976e6883fa0f369909e2e6a3f649bed3ced34a8d54c86143abb40
19891,Belts,03afcd4738a9ca5e0f71362f2c83649ba23f06bf69130812d5a373c7be69b853
19901,Flats,43fa4e7f528b05834511c60e9a99557e8e9075d6fb5416c4c2109988046a4c3e
19904,Flats,3cc7fdf79fa5660afcf7eb5685a9fb442b84a39b9ac5619191a7e84a7cc2657d
19910,Duffel Bag,381b364c81862fad6aeaa7a92b1032dbeb3360b44e33f2d1f02b721c3aa959c2
19935,Accessory Gift Set,17b1acab08b9f1df4205068343d0ea390977b51d672a25d98983c2b95cc0ab3a
19939,Sports Shoes,3f391f04cca52e88e696703c17735ce4c9c898bb58acc977b5086ab8a570031a
19958,Sweaters,76eefdc476eaf7e8c6b4beb54086e9a5ddce4c7cd27face19422d8f6849768f1
19961,Sweaters,f7d163e9be8b25e5d7d01be453f6f8b1a09c7456912b4ebcd0839a4229b22a80
19965,Sweaters,024c1640eeb51915dc7fc5361a6a98ce8b81a26e5ebb048ee279bfd5bf823a51
19975,Tshirts,d3036694a0d291b0614c30d20e9f76f63d414bf128e5f889b7b65bb69645d089
19987,Tops,b298436075d38a7f4ee6e6708b1a23dbe3ffb57490a029abc33dd7e1ae3971e1
19988,Tops,d2ae805446c68986819fdc59ad1ee255f03f7a19d12e4b51fdf94f35d8ffff55
20005,Tops,1b85a3c362a7542fb5ad6d0f357d7bdda921f64879f707960cd540674d53b538
20006,Tshirts,458b8270134f9a79e35cbe7f74337d8aedf3b1223c82b95ce154a435b64117ef
20011,Tops,51b9f8b283111f95337448939e590e88ab2cfe7a94d004b9a7460e866a4e0990
20021,Shirts,d132f235ca329f2472bf08719bde16b7b37678b0885e280c96fa2bcbe3a2b865
20024,Shirts,7d2a3f9188a76def5bdbc518acd45a71265229b3551a33f96c9f9835d36a88cf
20027,Shirts,4942bf1fd1d0d45e9fd33698e1b4149f997ae0394b48ecad48f5a39f7b02678d
20028,Shirts,e43166c0651453e32199988397c4455610168c4e620909dd238648712445d0b7
20033,Shirts,4f3f09b20ba61af69066f240be4e083e152bcc7f221a6c99e0b308dd6454a6da
20036,Stockings,925789e388ad542aec1b8ede28a0b45f46cb04b20a80cec0f8bd79dbdae5e0bd
20041,Handbags,a23540bd9094b45832ce782f9aebf8fcfff62c6ff991cf1344fb2e3f72ecf407
20045,Wallets,5f40f151110628798e62885efd9a14de7e1295a02dedfccc998b9fd1559aa4e1
20054,Mufflers,0f7b1447f873139213a08eb14df532e4ec3268d6a3b10e5cb239bf1f9e7f79bd
20060,Caps,f30cf0c783a6334a0a9bbc1015d5d5420c41d93c5044464b8655b99185965758
20063,Mufflers,1bdf7af29050259510f9ba1ee3770a53ca96e2182e827f09da1a0d9e673c6974
20074,Deodorant,8d4be228a05cf3cff6446fa6ceac22e868a8623226dc0b7d2e929ad85a3eedeb
20076,Deodorant,219253862aaf1aa6679e9daae2a681f41b966384b9a2358f6a4f177e05b9bcbd
20079,Briefs,81cff96bf1613b319b31ac6ca205a040cc8119e3e262e15ceba06237aa62ab91
20091,Sweaters,fbdfa0e50f40ba6d9f0485c178312a4bfb24cddecd7931c28bc2b44846119b5c
20100,Kurtas,3783130897eba2b9e49beb810f0f0945789dd291b4e51ff44c18de6c33cf7478
20108,Kurtas,1b65a038f763e93b26b8a763ae3e064550cb71502f6b501eeb3acd78e5b4033e
20110,Kurtas,43dcf2a7001bacc5228ca38d5cffdfc3ab657d3696d3a115faa1d11c73b6642c
20119,Tops,207bc6fff9d806b728166003e8c319520408ef7d49fab5ded3146ce154630755
20124,Shirts,59bef43d6f0e9ada6601d675ead67aae48a76bf4def0afe2cab4bc394dfdc958
20132,Tops,190087762229d8a95ac31f48d93fd009126cf6ce9c82297c7da3ca4d5979a273
20136,Shirts,af0a72e9895232f053fca754f339da0a0ca9ec113312be1de4801670393b3379
20142,Shirts,69bd29f3b2342f145dd979346824936c01fb49add0d1570b48f373e8ca060218
20159,Shirts,a1b3f0056a64f6cbb1fef41feb871ca17d37915cfe5c44f692f907e38f0e5451
20171,Shirts,0dd070cea47d8e58cd697405eb47bd7fe08606fcbfdbab08a1058e700bc4f026
20176,Shirts,ea27fedd6afa4ab98936ad9f53982b2894394662ee7f9bac8035b6b061675853
20178,Shirts,f962ca678a76220ef2b050199a8c21bd28abec6b983955eeb60c8f488ff84711
20180,Shirts,0e9dd39de8a14c89fc9caa6c82485f09d942ab59ee8760d665cd8a7f5727eb35
20187,Shirts,5ccd746c06a3cb13d7b832ce40f621804c550ddc31ba102da7389c5681ff7140
20195,Tshirts,bd14e1b907c5e9ca419e0509edb5f23b557826b7a828003daa304b1cfbe63dc3
20196,Tshirts,119ac0521060a84114c9203c02281b50e2b400613a72eba385e51bd1ac65e165
20208,Jackets,b3c13795afcb560429af8f1eb45081e29dd92a487669c9b0e95dbb8cd70d4d49
20215,Sweaters,b71ac6a5097668e6a1a7312fa7dba22156dfca4204ace4d1846d9dbb93fc24ea
20218,Sweaters,441894a333202e8ccef2b0a775a127613ed7e1c39bf333a915d80e196e7da217
20219,Sweaters,4dc6bc3d1e2dc79cdd47e40248c0cca51d9f3193c54619dade388436125af186
20222,Sweaters,a17835d656b228b14a1131c309cbe3d9f3b0248552eb5f4da388232214214a17
20225,Sweaters,d792f230cb0d59cd38b941c0f936114449172420b83dc661fc435180d5b59f3d
20233,Sweaters,3dcf9689bf68226d6c06511567e4eb94bce5e712d012bf302aec83a57a1d34ec
20243,Tshirts,dc8c54083195f60d546f0198326b484793108dcda9d38a8e621ebefdfc3e291e
20244,Tshirts,dd23e9e0caaabd54c936cd4b3da25de1596f25bf098366ad5c2e0b465a891e68
20256,Tshirts,c9c0b20cc8d67e634054516c4ed6de9d280f4f2bfe2ec8c4ed598f12fd6e2b57
20261,Tshirts,4049dd67461e7db1ae535d658aa40b69783eb35fd8b48db79efe5f7bb388f078
20271,Flats,6b5b768e19bdaf4db2caff84719d33fcdb8fba3e923d94cf54c13260172dea40
20280,Heels,c2c5589bd9bfd33c1df823ff0243b5d0ea2bb31ebd06d0892592c4a252e55645
20305,Sweaters,83d8343d68f30567c43ac6a173784d870b0bfcf7fbda29f2881edbbb2e2c9754
20313,Shirts,36a5c9d4c736ccb93d6b4b68ab2c67ba3f2c7d159e517f6c3dec435b29db8fde
20315,Tshirts,fd7ed445e64b9fced0db2f69b312ad99e06caa5f4dc8f853fbe628de832e8057
20316,Tshirts,f1f151abaafc31bc23363ad99c3663bd2dfa731914ff29201d68cdd779c9def3
20317,Tshirts,16a5a8eceb7bacf12b1b866f8bd793a38aee45e0220b3b7b8cd62283c00547ea
20320,Shirts,a0b69ee7adbe0459ed4ff38b78b84fc562f2f2529c463ec9a207c88e427afc1b
20328,Kurtas,3165b8d7f90b8a0d5a5f140d94cf76f071f1e019bfef7d2e321b7fbb17f60879
20333,Tshirts,7f4afdf5e565c6e8ac6310db8ab96d52143d7c095d988e2421a8327d56d39790
20341,Sweatshirts,f1ba9e55d7368e4b27462fe62ab73f6fc01d3cadef360e5e9f2dd5cd8659bc4c
20348,Tunics,6ca547c7aee289ae4f51ef125b0ecd9e3ac133f7435fc50612a43bd65a90c867
20358,Tshirts,ddf806713e778e4baade376c3431c03d8b80ccefa89fa1c9c8ea1e03476f9b4f
20385,Handbags,14fa07c0efcce0d4cca1bdb7894d27a3d3caa6c5d16fd8e74fe5a1663c938928
20388,Handbags,88754151eea32e5d56633529b8bef4df095e6a0d82c2f81b956b95e3b631a149
20389,Handbags,607ad4d64393c78470df1447ce5a88cc798326ee63510273f6da44c0e09f19a9
20395,Wallets,bee46bc160948ee453b67821202e112568340e23a702bb4fc08ffc62cba5364a
20396,Wallets,a7ab092a99ece3058e608408121338f5333e18ac9226e2a9993dd6d7f2dda34c
20403,Wallets,bf2209df874cd9aee26ecbc2c956bb9f09d44e2dc838d640d3c9275e97ccb8b7
20408,Belts,c1a380b90513f249e93f9812ac4e47d10b580b2f9f474084082725af30f6074e
20412,Wallets,f0634d72a9e04acbfb18c8af76fd24c677abe40704c1bafcb75fae3682bc03ce
20434,Wallets,3a635d5ff2162825b497e2c6796f2dda3eb2ec7ca34bfb25d608a1a06cba5c14
20441,Casual Shoes,462691490995a779f377e364799406a12c0c68ced6d5865d4319eb83ca324bb7
20467,Wallets,379c2509d35c0f412bc7b40cc2e29c790c18e07a959c3e84e387966d78e9edcc
20476,Wallets,a270aa7cd6d94232c2bec380a3262682a93404dd2ec762f4a20a52445ba731b0
20477,Wallets,99415a870f70bb7d60d5f563ece9c10cad1c31133b490a0a39cfbe18a3dac156
20481,Wallets,c1caf672c355d2534908d0c1ae7aa3d91df33a80f94df01ad5e6913caecba323
20487,Handbags,857476e0eaaf8f4c9e3c2755ca528fb490bc3b24a61d150a762e1997f1ac5c48
20499,Handbags,013dd4331b506c878ad02142ecb564976c36ddbd33919bcb41d89ff97bea8e10
20507,Handbags,3221834540f02de858a6ba92ca1dc47a9a1ac2bb2303813f75a0fb90e4b34756
20509,Handbags,dd57863aced757f7346366b258f09737921d3a9d55c9c3493f6a300638608b1b
20510,Wallets,151b56842058822418e38b6122c7be4cc028a9e205d8cb97b4f7a4300aae9487
20518,Handbags,d2f665e7075a7338a00e377a3d55d92db4955db372dd482a18c9df7953d93d3d
20522,Handbags,3e11622988ad5d8806eca2133a890d5738d0ff42caa96068e551c4d9e36d700d
20531,Wallets,d13fb01b83e2158531986ba61a02798bc7b26d28519cabb94756e9124f03ae3b
20546,Belts,4333a257666e857c2efc370c2a5f3bc86d6687868d9f7b92fb1a856c0e00d554
20549,Belts,f42025b9a5e88ecb8cadae534b0a1d1a024300d36e60d9ce5c79b0438552a054
20552,Belts,ead131794071ad0839f333bda00c853b46be50524145fcae484e1e660b821a01
20554,Mobile Pouch,dc2b1630cc7581bae3f1827312166cdbe44356e3c64a5ce107738432aa0aba6b
20565,Wallets,a5e174996f2d005455730e5a69af99bf54b5bab9f5ed7bfaf907c5e29f719c5a
20578,Mobile Pouch,87d7e081e3bdc7af57bc228d27dac7afab526fcf7f8fc3ab974c5768d6d3bb1d
20580,Mobile Pouch,f6c00d4e2b05d1aa6accc4c92a8274cb00564ffae0e2a57926bc08e16aad3c7f
20584,Wallets,d23744d3abc6f0a81754b747b83e4e6ff7485f316dd0ffe55bf862f3e2353170
20592,Wallets,85a274a819432e099e346c35857cddbe900f3ecc2332f5092f2d3a2d5ab7dbf2
20594,Wallets,32022b4bc69deecbc6bb92ab7641aa831199d219b8ea9abbbb9c8532df6e7a2e
20602,Handbags,2e09e8f3bebed15230ab0c4f1c9e48831c8a084c570fab8c02c4d635dce2351a
20612,Handbags,ae5c6c3da1d97fa6ac382c92abcb96fab5babcd5b7645797fecfada1d4c249a0
20614,Handbags,1e038fb711295a7e73f2b4c92a0e1b4dc41a028eca9462f358894e9d13e3a77e
20623,Handbags,5503c4ecd3c0e56ef26aebeb23e4353534878bf4d56b404e73a84affae68437c
20637,Dresses,c6037f493f874c169d8023a51f6c3e71818c664ac188523df71717b444fca2c3
20665,Tshirts,06c3ddbe535c938e14643b22f5ed8f0c0eb345a981ca82948a228380c543b223
20669,Tshirts,f2923735433d2570b592d0ca6f3dda7131a868dc4b8d114a007ca5ba6065d3b9
20672,Tshirts,03191e82cdb2e9e0ac04bc51fc2870df6b5d67c89e2a1f725ca1bf2e1ec2676f
20677,Casual Shoes,7ace5e8e9afdf5187e96e57a8e3d43ab12e1d3c78c02180fe292cd856c2e8de4
20687,Casual Shoes,68fdc61c8ec6ebaaf79202b7c724c045d1ad41451d0e40b41284a52bd4c2b8e8
20697,Casual Shoes,d4e5e928155f9c9014c0b888f7610a9696d321f5a8b04db859bde80e9be23b72
20704,Casual Shoes,b00bce9f749ebbe50ffb2e8ea22823d349ef054daa811c05154c088b1a926ac6
20768,Heels,4b4c1530034656cb769e5906c5990a07d707837dabd614cf03bcfaa7322fdfed
20770,Heels,481aeb56b9ebb7781d15ac1c0f9a05cab7371457a509e6b0ae87d4123eeae662
20772,Flats,b3bb12e660962681511b859a0cefb2db76001ece573b55c5597c529fd2c15823
20784,Flats,0cb9bed08e5ddb9771d1ea0e8c10de66b2e797440f0030afa873200ab8dd52cf
20785,Sweatshirts,a01d17605fb688a5b136c07978fe33c63f4270dd9ea7066b8b227c33d0714cd6
20797,Sandals,1aa3ac2465352ae5d25cafe33a3eca18c4a384684e50f75e6bc7c9d3ae732e33
20814,Casual Shoes,5bc339497f7eccbd574309195dd63d03596f19e44aa85540113daeec059f559b
20816,Formal Shoes,3d9b742094e70f2ad3da26d9ad8feeb0896a88b3f0bb8490e145ef45f556cf4a
20831,Sports Shoes,199e563e86834386bfd22be99c943b773f3ca814ced79eb5e557fd5d1fb8edf0
20840,Sandals,25bb61308e7f0c6918637dca4ee86cde55e0088a5f65f37245f0684511b0b39e
20854,Handbags,0de534abbfa5818e5d06ccb784f7afa31a3e53c36121df0a1ac0ac732c71e787
20860,Sunglasses,df5fb29eb7f68bc80da81f5b2189e955db00e115972cd9a0b0771c4b452ff4c7
20879,Sunglasses,2da7fef0d13a9ad1d0f90145e0eb4b73bfbdce32548b450d23c98aa8b8f34e0d
20886,Sports Shoes,f973269ec675f36f91d1c0c1a394f8f0d80f5d8c9f14a166e088464d8928809b
20888,Casual Shoes,e5d5198db0dbfcba50282af1e158d1ee5f0bf7ee15a7f78328266468af5b6d40
20891,Casual Shoes,52eaca2c7588fb0341f72c3fc93681c4d138e7c0ce0172e493d3fefe97ad6e9a
20892,Casual Shoes,a49adf2bb4636fac8766b3101f06f1b2f46f7dfc7bd1c123ed9ff7a03292b6f5
20897,Casual Shoes,91ec19b9c33dc886cbb808c41e04646a9ca7b14e786ef7b82538e81d90405f94
20902,Heels,e16c2ee368e52e20cc15f2f084cbdf85b492c95e044aa19ecbbf51b3967c4cc9
20904,Heels,7bdd0e4bbf823eea0befb0d1507dc654d28ef77eba9f1d89a033dbfc6ff4af78
20905,Heels,39ddff2e0448be4673dcb31509ce3257bf85a0aa01ae17f70948a4917b7a2c2b
20915,Jeans,8ca134f6c75a6467ff6ddd0c8370ed61e73bff36de1a4bda2b513bb53513094f
20935,Backpacks,ed814ecb3518fc49d3b664679d2b175b0e342291746cfe1cd0db93e62b02fab4
20936,Backpacks,615df736509577a826501ccf5cc01f1e91a4dacfd3199251d48644e5040dfacf
20938,Backpacks,6d564eaeaa7f176bd05e25a3e694d0d5b17891f5ec0c43ad982795269f4b0cf9
20941,Flip Flops,34b7177de31e73b8c468735145a5a7d7c5d77dc5475ee7ea419b1f000cb9ad9a
20948,Flip Flops,a09c17686be793731819272d982e787e31c570653e2f0e0adec64d67859dec09
20950,Flip Flops,afbd985b50e5582d233a7dbbb60f4af77154ff7af569bb16b00b5ee2e19795c7
20956,Flip Flops,f3d90188672e4a3d7daf83d7aa62da09ea05992d9ddf84570dfe666aca22ef77
20958,Tshirts,c14c9fe66845c274a96e06d13f77ed5613b57171a18aa529b15745bdef362a9d
20969,Belts,068141a9defb9c6292fdbaba5e039bcfdf7575075a46770da51b9c8ee047a41b
20988,Belts,758278669994882048b646a84776dc7a97f573f61374611de7f3b76f55706f0b
20990,Belts,a70a3afd1e28ec27b3a6b42cbf6597f29c51c4060d7c8841f934baba49da0e64
21001,Belts,c59c0a6240fb10a5361301ce277bbd0a2cb7a086e074199b12e5bdcf4dd51379
21008,Belts,868cbf4637e31e9f9f6007d6250f443f5123abb55c292182e9c13a1ffb4717f0
21014,Wallets,c7ceead2077ac60ae9ce88146a2e8232442b9e38630df9d9ee70db823a303c5f
21018,Wallets,dd02121b70c1b164dc60c76f4177f96d1e3194fe5872a5275d8349b2f191d0f9
21030,Heels,582800a52b2484ac37a7dddbbb906219ea00333ebd05df523b1441ba8404b8a9
21095,Sandals,32919401f9f9cc74a1f2848c9caf39e686002c9b4a5bb31ced1560ca4781e5e8
21115,Tops,42d8c3e2ee811acc4339ef231ca87742990de589ab3a2aed8fd484e452920b5d
21125,Tops,2c3a888a309d8c515dc212301a49f7cd9a15b79ebb81a2c6cdc2e6298c753023
21130,Tops,922ea08f44187eb267c5e4b84d5a5816f9c01bd83f3ac1774208ab8d0266b668
21134,Sweaters,e8be178830b63d8b8173e983d0aa9841cd305663455d2a432b18434e40cdb4d4
21138,Shirts,ebe794fa5f77cf721542f29ee260ba6fa32466600d4a92808a289bb905c2cd52
21143,Tops,9a5771a8d0c846d659e8a55a2018b3479b58e9067abd4a7a14c078566729ad5d
21156,Shirts,dd3304cdecf36e604a5ef27f6998670d59d4fc55151317fa17bfa6eef9b00c10
21160,Tshirts,676b2e78aba6a5e11879f03b9e6e7aa139c95cfdba8ef26462c82b9a68627252
21172,Tunics,9b5579055159a6bd28daf6d939e1e3a7bdf0466cb454097d681c55f49c06d6d9
21173,Shirts,80184814091df7f537782e244ec01dc459f0e9aba28da0cf4911c6338f8749c2
21180,Flip Flops,ac1a2d6f8b279e7b87e55f1b4e9de3a85e06b4c0fa7e6f57bd7538996d66c2b1
21193,Backpacks,acb5f4415bde74b5c3e922a5a0c0163ea8f334128190b45506ea96bcb6edb877
21243,Backpacks,b787b9e3056d5a53fbcf35ecc31fcfb090dfd9855d9721497f1ef5388503d9c0
21271,Backpacks,066351fe788a617d07ad11188b2096cad323ee124033b119aa768c2e5c39f992
21273,Sunglasses,cdf7cc9c13e0acd73957293b9b5fa816eda9c1bd9df85f5c635a9aec1055c327
21274,Sunglasses,bc7f2936ca8fefca0e5628a135720a95497f1189cf70bcf9c08e67dcaa6f1013
21275,Sunglasses,34c848bafbe240246849b10001da2b093a8c0780ca79065a1be6b16167f64d84
21287,Sunglasses,7e9adea8a9d2908814130d41958d919a6bf44304ddad311161c4441f6d1ec7b2
21289,Sunglasses,cbb1f9a6f54325d004668aae35cdc4d844afd06eea0283fc934c0ea598e99675
21297,Sunglasses,ac064d843229473094ee42c7d1b982ebc695682ea7bb96153b0a401024a887bd
21298,Sunglasses,dbe29229fdfc65ecf6b5810a0f9939655e96d0113e058e3688a051fc10cdcd8d
21324,Sunglasses,a20a7391c5802dadaed7fdc7738f75a9d904d48dcbe8f3afb8ddbb792ecb4540
21329,Sunglasses,b47fd84dc9f8eac24b1f92b0fb6d2166d1c603b735e99707d3b8ad3f22d43362
21333,Sunglasses,456ca9a5bca13e2cbaa7cf59e95fb9c2f3a086ba599a68c9c68fb46ddddf385f
21334,Sunglasses,37078d8cfb1a46942472a55d18689d83e5d7bb435ba712cad650a63a019b463f
21339,Sunglasses,6baf80a742fe730b2d545383340fc445f7d890207175311022ee4e6b82fda3b3
21352,Sunglasses,6a8b1d90d469b73b3de620761d04849fe35a7b5679e19b9356de9b57f89f518b
21354,Sunglasses,b97c2f140279b06b8a54df7a7ac3219b099b9aa58cbb2ac2724a8762a5cd2daf
21359,Sunglasses,c3302be81569460d3900eabf630518a62a346f3ddb202d86caa791ad949b368c
21364,Tshirts,681fb4861e60b61a818c49b947b48e8fabc6cae00197dcd28abad6d7d11691cd
21373,Sweatshirts,0d6691bbfe49b5a55e6a2c46758a2424cb0f3dfd04d14aabecefb96af2832cb4
21433,Shorts,ddcd5109dbaab504f0dc16f94c1a16e378868e56f7558391d6bc6e8162e18617
21436,Backpacks,a20c04e1625187460a2c6560c7a9b65b41f3c1156a0b45dd3a0ae1ba22f0f893
21438,Caps,0466c96d10e3a93bee2e01e8f77e18c34a5be2c9b5add364b716d95cc7827932
21444,Tshirts,73f4db52a32959ca750c628da30cc5bed365e917e7f794fd2ea340d9b500dedc
21445,Tshirts,8d441a1f0b70c2be64a192d45c3be739d1f18d8ebc49ec6bf3e6eb1f14fd0c1c
21455,Tshirts,d8f269cac985f2347b1efa8ee7a2c144de299845185f0b3c00ad48e3634a3a07
21464,Sweaters,d462b70b4d30a3300949700141d3179616f9fe962e1c70df85090ee284d5073f
21466,Sweaters,cdaea41265e81349d10a032b5c524f80dbf0195a79b8f180b7ab296ad357ec1f
21520,Handbags,df3b746ccd813b7d4e1eb4d8865a1381cc0bbba5aa4074d1a959ebe92340fd1e
21527,Handbags,2007cad8d5a3b8d6c7bc5e52f791a35cb313c2fc6f94a6b77bc3a88f3f792bc2
21549,Handbags,f0c75c936aa3979d54dc82565b5c7e5453b85b25ba7d1d39783dcf527737c879
21550,Handbags,9be49b32e71dff0a980bf828b53f0cc2805e2d5c0138b0abc1095ffe02c363b9
21560,Handbags,13e5018f153d67910d187e98bd8c1f98da9be959186b96c35694542a060c8c9f
21562,Handbags,b43f1b0ff4cd24ab99d72d9c52cfef4c26e0808bb44c2ef094feaf283e457093
21569,Casual Shoes,49268dc96c65d78ecf5ef828ce248e6837686bef4d749e534f7eaf67b77c1f6c
21571,Casual Shoes,fb66c23c236ea1988a90cdc0afaf0f17e3806a8ad68be2ab5816846a841c24fb
21573,Socks,db5d9b6d9cf2ee506662e3b4eb892f02d9c2b49a5942c946abe9fa9eaf8dd6cd
21578,Tshirts,d2e4e1bbdb93a59bd3c88ea5f400a1a61b6d9759ec521e5d4162efa39bf5365b
21580,Tshirts,9ab1230e025f3043d6491636b8ea94e831ef731ee6fbb037f948999bc751d27d
21594,Tshirts,775c1fc63b5935460a4eec23f57d20dd81b74e028502d83bf92dcad165e5c2e2
21597,Tshirts,91e2314d642812dc25cc9bf495d6ab2e0e6a2ab70199cf16e9c88f3d0dbd64a1
21611,Bra,87b32239a2b1fc3054252ad97686f9eb7422554010cea9552b23ecda9b305abd
21621,Bra,adcdaa5ae80a9eb30d035d3cfb415ee95d81af4d4ca59e957fde11aaede33953
21642,Bra,8e4281fe3c0cf380da83cb463b489df8d48458e9e082f4ee7dab9ad61c6c13cf
21647,Bra,68d74bb1e6e5befcf8e2e89c531ec045da87443e42dc1e4cd837a7b566e05403
21654,Bra,190d7fe21ae4a491798e3f3f627e5f9ea7dde16ad310efb909cb20260a1165e4
21657,Bra,1c66691c41797128d3654dcc4b12a08e3e361f01ed1668385708d870a6ef9ab0
21664,Watches,d0db99a8b4bb053666b42a4b277ba9c69a07ac7198b878c1a2cbae3079220c75
21665,Watches,3133e56512d069190cb12e956bb83e135f2fad978dccac45306ed0215360b1d1
21677,Watches,218a3df228b2cef4512cda1a939a84a8181d8d1a917fb8936b0bcb2ee7a5a31e
21678,Watches,ba15d18317e5c42553c05f4a4b26e4a7ade3253a14e352ec11200a46e9bd3817
21682,Watches,e435d51586eec6b639bdaee0297820e599fb2b4e6bac151dfa8ad0f03158bf03
21685,Watches,9bbfbbf409d2e795a66de516a47a743d5d835b693436adc3acf1ef4f90fd182a
21687,Watches,1b8df620728adf1fdafd7253f2805698f744e683cbdb902b177e35525d44bdc6
21696,Watches,e4e9c9f63592f1581bf4f23bd5c1c754fc3d7bc056f4a3c0b92d9c8fc6836663
21701,Watches,1d59abd767f6af25f831b559228113cf8ebbe0c80f4e88e6f257f6cf53a48ba3
21729,Flip Flops,b8ec6706eb7a632a49123656e7225ff14d5acf5084af94895d39aca8682804a2
21737,Casual Shoes,19b040809560c371561398cfac027fa9a1b0ca31b549d8925f95a5c017948888
21745,Casual Shoes,0d8e74f60ddcb0963b95e4118682af3a102d55ad90fd1b61113d17611f765d4e
21747,Casual Shoes,84bdf546550b8c0811b2b351e4e1a29c74e621b7f2a733e5828fb43fb00585b6
21753,Handbags,ec8fdb9d89a7fbd445aa0739df303d7986e37eda58590a99e3251115fb02302a
21758,Belts,51dfb208dc3099ebee78708713301bfad16ba73496ce079de4c95ac116a0f090
21762,Belts,3d584fc3caa51b99fb8c31840dd9088f178239a2302591f8c7adebcb0a2f9b4b
21782,Belts,3ea1ec65c7608616502db69aa41d2844276cb97a60e06273cc469e5021127fb1
21787,Belts,6671c4493a27533c3c73aae09696ca5fbe5fcdcf2752b734acccdfa86acdd2d0
21806,Wallets,24693d0e89604d3ae1f4882fa74451aed1d203befaf3686124e8c7712caf14fb
21811,Wallets,dac01cf4a829d1fe4f068969a735761f57e5d7be7d4b39fec82337adb42b78b7
21821,Wallets,e51f6d81ffe3fd2948836e571d7dba1e52fad77a8401d7806ae8b04ebbbf1016
21822,Wallets,2363b8c11f341f808ff1cb2d5c2e286f741de6a22795eb2d5ba944914370961c
21843,Tshirts,491ce4441dcbb7f8248364f035e7cfb1b7b91fcff8e742fa7336ae3f0efcfdac
21884,Kurtas,1e596f6cd46c5c5dcc4d70fd23638d09c0c3f27580b78a872fdd580ffb25fdbc
21894,Kurtas,9fb05285d20010ea0c9673ea89413877c455dd4949f85caae40456c355c85e61
21903,Kurtas,4da330ea12ddbf03aa4e1c7eb5bf6f16cbf7a55c4ea997a7e1bfee06d07a2fa8
21908,Kurta Sets,5a9d6001541795611a06de2c1bb48864b60fc48811f90c482fc951beadd42b9e
21929,Kurtas,f92225b22fb9144677b82d0c17b0b2f8b6905577d719a26264f91892593ae156
21931,Kurtas,e42f1c8581745e62c4f953ec2d917e9dc5e2355b167aa60f2bae3233abfcb69c
21933,Handbags,085eb428a61f74c2f3d6b0e763323cd970b5922c567ab9511f5a14c8631e169a
21941,Handbags,1b684b5ae45f52efe8a81f990195c4c67f79bf9dd8655034e0ef539108fcdae7
21942,Handbags,332ebf9ce5fd38027b68e51f99d25fdeaab52927c8c3e8e395052e0522be4359
21943,Handbags,a20df0baf594b8adf2e4e5f146f62de6e83ead1e3d4798e005a0eae47c78a29e
21962,Handbags,03e82c631db3e75367ef39cebc553ea580175113766dfcf0c2824f7f29ce589e
21967,Handbags,d22b183822eedb3266737cb7b215d350232480c5a9124ac363d5d3186bf548bd
21987,Handbags,5f525a0f471c317d0cbc39511d6174b92722429ba5db4628f06195ad36f82474
22001,Handbags,4f742f6374e3c0cb6ffad5b09931e2603f91ec782b69043b9dfacb87f6ba0350
22004,Handbags,4f3ff5c0a0e4c7404740256620799542828255717d1706817e1c81d7574ece43
22016,Kurtas,31f1a019431c21f4b587b9c7f04b9d9909f3dca46f0b50acd95a96d313ec9798
22027,Kurtas,34dbedced654fb85f5df7237cecf70cdcb57e91870be48c9e858cff39a6c90a6
22033,Kurtas,98c20635e542aaca91f54cd83786c52e56034e0c22578af1a96701b1c1ac80a6
22037,Kurtas,3ee964df193c8c99c18c4ef1e529da315e96eb4bec7e99646f7df6f12e6601a4
22043,Kurtas,a7aafee786355cbbad0ec06049502cc9f6a60947cba41430d6cebc40fe59390b
22046,Kurtas,ced7490d3a7e3bc24ba198b9ea16e811d519029024dcd0e885480a30ce3b17d7
22065,Kurtas,b0a91e715a34b22123fb7a63b3dcad78670b699d792fa824a618b0e21137bb84
22067,Kurtas,958a08a497c4eab14f6f45d3d56a3ff4247e7d7fe7447c26719fe6f50afd8bfe
22076,Kurtas,e56f24c6f2dd09d45ff68c1eff3aa18c02d1689ac399c33f5aa66f9f89fe1b3d
22081,Kurtas,c10edabe7a794b75c0e3700559de8f7604f8929b727a49c1a58f206d236a367d
22091,Casual Shoes,602e71a5d53f9d76f19176482da834c1f1c590dde1b47c1ed3cc8f8eb70d8fa4
22097,Casual Shoes,76ae3c1f698523eb8570878884741411f02f7bb2c14d75625465658544d45778
22100,Kurtas,9282776b15ac0968f09b26364010b5c80a2a37923c022c8e99f58cb3b43f1cf4
22110,Sports Shoes,d3911b86ef30777eb2203e9d863bdf8de31d0d4e9b2f78fa9c1461b8cb579331
22119,Formal Shoes,bc777e28cd281640d6745c413dfa2c5af96c1926d9875fda697d70d0d8ad3cda
22129,Formal Shoes,e87c58cb0c94022f858322ae99a5615d6fdf6d2b1d6b85e049919b17e6b322e6
22134,Formal Shoes,9f350165d5f199c55023ad9bab3f4b5697088a411f88654653963cb40bf0325a
22145,Formal Shoes,fa303890513cd0875f2e1e371acf4e6060546bc35fa98aef84764ded9f18ac46
22146,Formal Shoes,d831947d2d2077f0c6cb4f25967c2520214a52c5f840bcfb2c6105cac70bd212
22151,Sandals,1cbc8534798e0b7ce8034c37d6cae1c63cff9a50a9c2fe60e134e18377fc228d
22152,Sandals,4f1c40db7ed2a9d7320cab73584e602aa10eab3eefcd7808d5770835660f9be8
22162,Casual Shoes,9a4f3ba692b838349d3d44d03367ff11e8d3af391c5bab8e18ed0d942ead0242
22163,Casual Shoes,34ba0db56914fa2bd21485f275247fab1cf675c906d47a27a8068b06bb75889f
22166,Casual Shoes,75b3c99d5e24e072136ea242be77599b441ac4fa447429aa9aa953de43eda466
22180,Casual Shoes,25bba4dc4b829dfe5e326acae73e0e408a29ae4179e1b081ee902933597b0f83
22183,Casual Shoes,b97506f8bc1f9e5708f7df3db07274f1aba8600802e4b8147a33cae6252181a6
22186,Casual Shoes,1198469e03e591e87937c3a3e149a7e0d36cfd81373cd4fd068fa3f70b6157de
22192,Casual Shoes,e64a00762eba71f987e5eeb5b5d6b47f6fea9482ce0c436754dc7c1e9f340069
22199,Casual Shoes,e7bfcc4b01156f16588a8b9b627fcac6c8fa0934b7932342aa678d94d083933c
22203,Sweatshirts,823bb90f43d0b17cc8aaf33105145501b758b222717e566b466e28176b6f2a98
22204,Shirts,9d074dde17b701243a1dab4f25f9cbfbd74c3291e10a1720da168060994a70fc
22205,Shirts,98aa29f99e40fad7fd71010ff4055de089376be5860a441afcae6b6a1c98c889
22220,Tshirts,00df6b039707c3ac6066eb8ecab8335fa9c11f8ce8d66ff1f98b11dd9619575c
22224,Tshirts,be854b8e19b358081a291b762b6ac05ca1ce76dd1d5dcf93a686f0fb79f10cd1
22231,Formal Shoes,03d55cd7aef213db96a06bdd8b34619e416852bf7dff413e83586740100bd215
22240,Casual Shoes,0221dff632b19413bba28dfe3de6c2954074cd037e52ad3c6784ed44028afde0
22246,Casual Shoes,322b15a32e7b7fdb451ef3bbe2e4095984c24e45b5a608d95d9a4d19f978d68c
22250,Sandals,89db8fa4eadd9f8f05b344b6c1d77147c9749dd98db3923fba0f57068bf3b319
22265,Heels,d63203c521106016ac849238c1e83b922d09206347fd07486abb11ac4ff4cb5d
22319,Tops,08af35f5966ac3e4996594370ab2df175171232c00b12e8eb07cb7951622d8b2
22327,Tshirts,c378ee6dfc81b3212540212a9dc4e038bd4302215d22c7da37a7b679d3026926
22331,Tshirts,8dc5d293389c5bbe877a03841687844bc481f3402b4c1cc8432dba70005c57cd
22332,Tshirts,62eb3905b1e6c816ca435d49abfef8e667c480fe7c60b421ef7cc0b7f7724367
22337,Tshirts,a20be58db4bd7d01d4fb5f447034684442221d27df83622ac4604b888df5d8cb
22345,Tshirts,83706078b61796da54499870aebe03a4bcc00f9f1862e2cc79166079076b197d
22346,Tshirts,9c0f45ce3cdb35a2441e8f162fd818f82a9c23eacc6876fb96dc703f057318e9
22353,Shirts,beb150dbaf36979c38f25e4f5b1f0af829eb0156283fb5de58a11f292842679d
22361,Sports Sandals,870aff87c8da32398b2b3afb328ccbea97155bdf4ad2d4d236e60924d98f9f2a
22377,Shirts,7df387244eff56135d57f1918a4ec3b9a94be333abe393291e22da62f6e53d25
22381,Shirts,c58f09510d7b11b63de1fa38dbc66865d75ae022c52b89b9f001cb67703ecfdb
22382,Shirts,d5b648f0ea93a3035624f30cd66c22760b7dec625258de2390fae8a239f80c74
22385,Shirts,17caa3067154fa45b7df0a9b0379958278dec44de9adc223c11108a1d147944b
22386,Shirts,7d0ebb260b0ae17e51a44a98ede4c30cbf2e320fc9134666c1df867f2a0253cf
22399,Shirts,7c0e98b27dd9fe49b7a0bb4889cb760fb7243489856987bad49ae4c1a24fe39f
22400,Shirts,bdf43447f00f9d007c140b38de6194c3fb56e40f1386bdaf02b9c15738ff4e44
22407,Shirts,166773fc2c34c7643f542d4eff890d7d43da0fbce811dec9f14cd4f1ba011fa1
22430,Tunics,a20a4deee52d2bfe1958d9dd103d63bc7c6dbc657a5b4b443d448ff694ee48f7
22453,Tops,a2c28b9de1e1d29d236b7399d847a1f16802a865dfb19ea7ac60a0a41827b9a7
22456,Leggings,a0c84f4949bd5b636c1cd0dbc6ff051dee1ae756a61d2a72deb20e1603d249f5
22459,Leggings,38e3bd74419a72abc5874a38c683807e8e889069660f6c12411fe96961148513
22475,Tshirts,24d36c99337aa8306ddf1fc2b438a1ba07bbb138750efce9673b9e6e7736db07
22493,Casual Shoes,d9820a71fd07ccc0244515c90632d4cb9f1fb3b21606165a85c45a1f7699be79
22501,Casual Shoes,36360c89ed02088dc3ce23e735c18c8e93456fe672624fb244139d7b1eeb8311
22532,Sandals,c2a07c35fd3e88b44cf584e86942fa2769542117c355e5643d596fdd4be7e33d
22536,Casual Shoes,77f7348f0fbc90af6fd1b13b399884ba6997da264f7a35b63e28090c86199e37
22544,Heels,f2ddedd1247b8d17da1fa9e4a9e317df60d2f72866b0ce90bdc227f5b9aec8ad
22547,Trunk,8d07f7cf035d339cfea2de58f9de3700437b4bcb3c1460f87ee976eb9ce536ce
22557,Deodorant,1555b2af53482a007c1c5a1d1c9e648f085698dc9fceb91a448d6ed54c1d1e20
22559,Deodorant,5a3bad96fee254e82d1bfa604ab1e944dd36b999de432be0b7c297692a9e0150
22562,Handbags,63b63cbbc53ef5086f3fb6e7b51e701aa727ccfe0eb84bd895428405d1deee1c
22580,Sweatshirts,bc0314546b484aedde631dcd6b4b5a2c66941cb47a226efa2536b2b9a1a24956
22588,Tshirts,0a60fc300dcd16d2b520869d7937a8c0a42d72d896292b8eacda6f0bb28d0d33
22601,Tshirts,f66f0c0e50e43d8bfbe72dbe9ef25c9eac5898a89fd888c9ec7692a99df7385e
22609,Sweatshirts,317daf712145f13168ec2e2fe4bd056bfd213d9c95c36f03799bc5f9b47e3e08
22624,Tshirts,b7f1bffe56d66a7e71146bdd922f64a7bb2aa1efa18ea9599c9012912658627f
22633,Caps,a45c7f0c78e5ef99c090389be2eec6ad05815e6efac2d98f04c7e851a63ebea4
22637,Tshirts,094d9691609b9a75823f16c6c8bdbec4ea162ad5c28d8776cc2ae96974be5e57
22640,Tshirts,dafcf728b0f9a1e162923d40427cc6b7c381b1c598e6b089348b1c4d591dea12
22646,Duffel Bag,bdcd69ba656b50ede1d7cca0c67e4ffc6840f29f72e22b60d4c305028e3abf4c
22656,Messenger Bag,d568d87b71bff6b097bee3309350c4a2675eadd7bdf11cc2091b6e63d9a94294
22657,Duffel Bag,052a28d271054273a8d94a59b53032b880a5bcbb69d386a5a663989e238c6bad
22668,Backpacks,83b196e638ec40fea827ea26815fdf42e1fdbb38a78ef3e12b91d81eb8eb69d5
22676,Backpacks,4482b3900039e27e74625f370400d56eadffba30dccd26c6ced5e6c85f6e2b7d
22682,Backpacks,165ff85b8e54f8f87c367ca976a1420b45eb35b594df4a64a5e2f7e3f85f3c76
22683,Duffel Bag,8c3dfc47a357c388af82063cbe60796fc3ccd843f64539b04d339cfd397282ba
22685,Waist Pouch,b9859be44f75a6e5179759345cedaa23e5e6943cd281321d1979a5a787f25f20
22696,Flip Flops,46ea5896ac3e645bbe69f179d6966ad62697fc4c346091de63f8eedbbe34b42b
22703,Casual Shoes,0f997c55dfba67d3637f9af2865078338de1ef47976eefc726822c5cc1fef668
22717,Sports Shoes,579fea82f6de0bdb2967ea9bb335b0bebdeceff3a66410338c28eb545f14268f
22732,Sports Shoes,319c39f54641b08a6a62fb9d489665d98cdf453bf7cfb19137f036be16bd47b9
22766,Kurtas,b95cf13d43a8659e6062cb79fc5a3812e9d3745e6a529d1ae89260a5d84865b8
22768,Kurtas,8410aef9101299d026365194160c5835ac7a871a4e821b0e19b4a8fd1ce3fdb0
22772,Kurtas,f867629b36292c1fb2801e6f56289fc411a86b50a36b2f8212622e77e3111e16
22780,Kurtas,9d9348f930fd0f6292e3cfda065e6bc80caaf6da96a3d775cd048c1942c8c609
22784,Jeans,7cb5e7b9c2a420efafd05182d81781044f6bf6abcbcb7d91025c77de286d7ee8
22798,Shorts,4cbfe0017b5f0bfb142e865eeccf691570054f7b3de8c875a81ffd72b9ca4f17
22818,Casual Shoes,018fa86697eb721dc0c6c7a4139afdc331e228c98dfffc3e42a9c19efc9e7a18
22819,Casual Shoes,2fa3bd55411a14798e30451f5f4ae16f5c865f674a4685065b2b8c27bcef2594
22821,Casual Shoes,519fe651111d7662d6aed1011ec81975003524f1a4c27c24b0548aea57075957
22823,Casual Shoes,562966af8436a3342d059f1e2a0a3c864267129b19c74f1d646c42e83e87a1de
22828,Casual Shoes,3bba1188a7c2c9456e3ed2ce35a3cd33d2064a430f4731c6d77b809c3fb85dc2
22833,Casual Shoes,fc7e66a8e789e95acc8657df5777728e6be0ac44fc45cb6d863c9f53bf6c93ec
22838,Casual Shoes,b0a0143795fd5ebffbfc42741f168f15ddbf019c65ea2d5b84db5e6ff1c233e4
22845,Casual Shoes,de454d7ade38bd677db5d2e123ac73007200f929105f548cc0700442861f7932
22847,Casual Shoes,546c10bf5b44102bb7946dee107a4fd79410b3b4cdc2424a86168b0d00c8b1c6
22852,Casual Shoes,54a57f1bdfe8bfc0c103474873a85594e15047afbc73fddb2c9550202f07c448
22853,Casual Shoes,4d0d83babbe49cef28d462981c7bd2b0efcdc33bc2d0c6726cd7b01f9a51eb43
22856,Casual Shoes,762c22bbf8362718365ad07224ea3955fcb93dd4dfc24c1d557956fbb55e37ae
22860,Casual Shoes,48309806f1ac598c021bdd397d7c46ac6123fdd8dfce13cb209d83c0fa297aff
22862,Casual Shoes,ca8e46636dd0fdf33e69ab0cef6952bf92145c3b51ebf62f5b0ca928d1209a25
22870,Casual Shoes,0315510628770e49bb735469d7adfdafd7dcede9afefc3f31f3641d6aaeb4c89
22873,Casual Shoes,65c892187cf3921a81deba20465f7150f0ee969aea13dfd908e02beda3750ecb
22877,Casual Shoes,506f1196cd22e2487dd8b34971cd8adaf1c5c86cac13ec416e02a9f307150a8a
22878,Casual Shoes,83a89e9bd5f1d64dcd9f48d52e40173650dd8db9a8a07e25c515c4bbdd391dd8
22883,Sandals,6b5fd85c70c95f843d48233c4a010781104f81ae0bf4c250e8f91b9c22529c0b
22892,Sandals,76971a7b05126d59a4fbf9ae32b7f1dcec7a01522fd9e69baa2b07d181e50276
22919,Watches,01fe169d526b2d4a235f3a4f28fd66734957d00b3bb367a70b26c8f2785b65f7
22920,Watches,33282245499b2b6a8c647ffc3dc753172a6f845ad41a2fae2658dc6784244e08
22921,Watches,d0dfd1ba4a0973940f0405b654734b302d48de7771b7ab7fdfc48fe3251aa870
22934,Watches,158d3ce031409941ae2ed25f5892f110dc13e72117282902c9166c3776da5fcc
22939,Watches,ddad467349538ccecdc3080a10e2d6e6fcff02149149c2acae91070c2c59c94e
22947,Watches,9f128c2e7f6018be02b66eb4a18a0f97fac70f80e873d2365e51346fde0cb50c
22963,Flip Flops,18f58ce2f1a346133ae2c6fc960d233194d47f9d81b07bb398cf0dfd1094467d
22983,Sports Shoes,ef19b5ac51037c37b2e273b7e6c061e698695bc35de1f24f4df277b58b66bd80
22984,Sports Shoes,0dbae6e0f59bc97c60d38f32b6c4e9898ddd8c0c274b85fc7d2a91b47331a2e0
22994,Lounge Pants,3bb360fae98e7646905042416370244b08a3c599bf7aa957b606857c1e5c08c0
23028,Shirts,e9178cf210a353afbe2d65296be3481ba8567be33117199f36756e3ef5d4db88
23030,Shirts,b80f03cfaf9715e214820eae9ac61204d07157eb52c84997744012daa81b31a9
23031,Shirts,e758a78b5f1fe8ff48ee22a2a6726b4f324954372b93d3a790672c8c2e0ba5a3
23038,Trousers,e5f19b99ed5eaa9ad7b34c1db8b917e6c608e1faa7c9bfdeb381ca2aec58a225
23043,Leggings,23c2fe3bf56b157412584c0083997ea1aea723656024e2dc6d271941c09d6bc1
23045,Leggings,fc370788cf824e0d0c0eca66fb3298fd3725a9e82a22260eb31f4b3d4d2c50e1
23049,Shirts,52e17979ff2136e1baf1ac48032959a8d927ce0083ad4d235f7e51300f15a2f9
23060,Tshirts,837b49be4a3834406f84fbbfd68beed004e6c20adcc4e0e1f3cdfd3144fe2860
23077,Shirts,7869b3ae7836dcd68e6a240f8526b29c7f2fa3722dc5349e58c4eb447ed85ca0
23083,Shirts,61deaa73df9bfbe2a92e4b34b9f7f2f2ea941cf85d458729e5e295b90a085cf4
23084,Shirts,6d890afec1e17a7c37fdd92655a6d384fe67dd5a94800defcc6508ece94c6985
23093,Casual Shoes,1d1813cd99faf49e1eb2918853c9889d19943d2bba73da1ada6bbcdad258876d
23101,Accessory Gift Set,dd2b114055e0cb510065f8029dcbcdef0f7d4ff8624a13cb13a8ba95d7878299
23110,Accessory Gift Set,4a0972cbbc10980a7c5bd975e31225c706156073984a241e3a1c3eea4312b456
23111,Accessory Gift Set,cd992a28459d379762222b35481cc2e48043abbe66b1409ac2628522b66af3d2
23121,Flip Flops,d7d2ce2bfc7ba030909eb7fd9f38a3b5eaf17d147a8ef7b7bd9884d510159c69
23123,Flip Flops,ad32c8411452673702c370b13ee0a54a320b8709d688b965832e71f52223326b
23127,Flip Flops,fdda2a725899f236a9ca17359d1d54af2ad0f2ccb13761ca4be826ae6e4ba856
23138,Sweatshirts,469664329ad6654b0c3c9748d4387aad003a598fc8e584e17bb80765a64140b8
23139,Sweatshirts,8691f0b7721ebb42d157d2adc72f91907582b250785ed5c8646284dd06fe4506
23144,Sweatshirts,6a05a8916aef136a15cb2cad192a42982904a337aa682a6cb6f1a5669dc40221
23152,Shirts,23c99d2e58d85ff222301238e19b8e7990ac5e2a9120b6eacc22090108095830
23159,Tshirts,e4dcbdb8106b56bad7ddd768522fa9d21a6d3bc3b3d3233d7e5e587a06624812
23164,Tshirts,80d29b9e9bc1368c8cda6ea88c1c6c4dbbf7f8e127cee11bc3fab514d26f51eb
23167,Tshirts,552bb2f4585d4ab797f8291ff2b4decc1ac9e789b8b0d0b46cf9b50b7f01ca6c
23176,Tshirts,df7bf4b26fc6af58694d0ba7f1bde1ca680865d2f3cfb8f943751e9f5a8c29a0
23187,Shirts,680eb0b6d54be82b47ad04179bf20cfc85845f9a9e44ca56ef0c829107c6e017
23189,Shirts,193973c8e6f05f7a24e5c4b98950622cbf9eeebfe016d51cc36b31345b6f628f
23210,Tops,199c8e03f72bd04a40669612f7f05a0fe4c12c221f4af45f0d05054c40a0ae59
23213,Kurtas,fd4ce14f94f9bc2845b5ac79e28586a77b665bf9ad1156f2385f14b725f5d5e3
23218,Kurtas,278583bc88bbadbffc45def87e74dbdeec2f1b1e0ecc20a4b56b49794111abfe
23222,Kurtas,b726348c7e988f9cfd615c9742bcfe6214b1155a74b2762696297d425a191576
23225,Kurtas,686ab1e093abddc1ce0bd8fd39418e6e4390644f4eaf4fb815208a0672b4bade
23242,Formal Shoes,fded2b83022f2027bcc97778090147d5ef3026a6145598d960978adfd42814e3
23246,Formal Shoes,64ac04507448f4ca5ba40361f73e94961f06a034ab65d9eefcaf0597845b6092
23280,Watches,e26e7c8a1e089fb379b84fcceb35df0e7c01d60774b613f302f91c79ec8c0f11
23287,Watches,e2b8d96a2541e74ff12872c1b16cedd613760c4682cb1c1ccd1f5065b2437b49
23303,Leggings,9bd4c88888489c726ab0835b5f5ebb73d62a44a18f46f35e596f51a4cc77259f
23305,Kurtas,18a6becf75e8d2ae5b693cb9ee81e1a6dfe11029b1abb9eef6857165740297c2
23309,Kurtas,903c0b1cdef23f7cd84baec89d9a93bfd512b0e39de0cc712ce03d8fcf190205
23310,Kurtas,e71309214e5652f6e486358916964e260c34f08bfe60ba65d7292d229c7706e2
23316,Kurtas,da4fa5073fa640c18d0467b48b23bb451dee35052b2dbd59f95cc187809c4244
23318,Kurtas,258b9735ea2292acfd668b3da6c11958b38dd30ac1ccd4661c206499121e39e4
23323,Tops,7b2e8947946c96b3c100239ca31bb5a291da5b6a953f9f2828abb37889fd6a16
23327,Kurtas,a810db36546681ca86ba9f16bb68fb57b17d0087a389544b88fad14a4c5c4a83
23470,Scarves,5d9ab1525506ca92d2f4d2f1bc9ce083dcd1e9df6243116e0abfdeb023900327
23471,Scarves,6848c033b0285e446b3c444829ee4250b46cffb75ec11bd81e4f37acc7d58577
23478,Scarves,4eda6a20d46bfbf775ad0cf312e211a511d4031708db368036130ce0f8c37e05
23480,Scarves,561e81aa000ef2cf86f3e16df4d406b0827b17e8cf3c20d734fd7b2aef129d1d
23487,Scarves,408da5b083e456c1bc462404496aa6b7f28baefbb52605569b218c5f333c5f2a
23508,Watches,df54c1ea0fc1d22fafae3b29ad5f8ab7c3da8c7c263e4cf1f97933711a2b0f38
23516,Watches,28beb4834619f79387ea8b46a10cb8373aa298005a0e3e053c8eb25826771d77
23526,Perfume and Body Mist,1ea536447dfb4608c94b25e632877ae8f8787471fe690a2ce7430f89c7891164
23528,Deodorant,6118a2dd5fb5d5012953d606380160ee2abea97011fef70b54d7cc74fa8dff67
23545,Fragrance Gift Set,3545d973f17866fd5354f330b62805c9153e4e55118bf37a4fd172ddc74562fd
23547,Deodorant,e1703ef00e15067bb72423d51b67a5c27658c4c763450583405143123b775f98
23550,Perfume and Body Mist,f1896209d022fe853d5341461ea8fc376183e71a4b3ee25b13dfc47d1b7bd029
23553,Deodorant,dc09c92832540647c1692196780c2b01ccada0f51ac99b99d4284a61a15c93bd
23554,Perfume and Body Mist,4e0168fe600a017cc132a4afa0b9f3b180b870550b480b2eebf8fb0877fcc28f
23555,Perfume and Body Mist,d90b2740b410ee5f526deaf6c3862e0047e5045294157a0b101373f79f638768
23557,Perfume and Body Mist,25a1ff4b386ada51a7403d34fb25d0255a0195375a61e95973682e955831adc6
23558,Deodorant,21437cd8ba9b62ee8bbb9e76a8b1196a60e562c18a54136beebc02626860ca44
23559,Deodorant,e75abc5fbe94703c2fd9fb5ffd2da811a4ff9053f47d7d1cfb574b5f12201331
23562,Perfume and Body Mist,7db91373a32a6037cad1042f7b2b3c6d209a84e3137703ae7a476795717b58e7
23566,Perfume and Body Mist,76e9b5aa4a97b181391b112c9a092f5dc62214544f5d7c10d124a74453ed29fb
23574,Perfume and Body Mist,71497c0c71fc33d88266479460515a70f6067f9e33296b3493222b1253c8817b
23589,Fragrance Gift Set,45b103232e488a96d592180a5fa25747a63d6343763cfe5d7f243b8b13ca96c2
23590,Fragrance Gift Set,323fd1ef0f8de7c830629294397295445413e128317d9087bfd997445151757f
23598,Deodorant,72cd575007d5603e84b4c909f8b4364059dc702f551327024a9ce93aa895b61e
23599,Fragrance Gift Set,f2356422aa5f58b4978b704b58b7cd31eb75ec68f53feb9b96300c579d1e7536
23607,Perfume and Body Mist,df4fb0ff5a6fd5095169af14baae7682f47098b442ab414c8a642477d07f15b1
23617,Fragrance Gift Set,65c28ac82c62f06e9a3a64ee0e6075dd149a3dd059aac1d1d92c6d9e810d1940
23635,Tshirts,8d8f974f8bd85af6687919fcc77403df4b1d490b13082e5142720362487d80f4
23665,Jeans,8366952b6bfb1861b002db74d822eee32320bf21a2d38486bc0db5467afb08dc
23667,Shirts,8f18948f1e14c4136fa44c8a06f628f445cc6762ff3dfcb90cce661e7c7a2a24
23676,Sandals,f612a3717a6ea1d1510bba513294991b23f31464fb132ab67bbb645c80e75c3e
23685,Wallets,ec30c0973d0cf47d9add8128e9eae6b047e5b409ce83bd573482b5e52c8b2872
23693,Wallets,902a33f573d5176fc64f7744c09fe002d3c5d148dc202a095c7e2178bdd65d38
23696,Sunglasses,a1903308528410f81f84bd6ad8980eb463ae243e8d9e8e58a283067b07271d30
23714,Sunglasses,8894cd3ffa9ec3fd9249c03f4209f77b88df4f825cbd0cb31e7126f510f9838a
23716,Sunglasses,edbedfe6e65829a6aafc4a5df1deb6000898f281c9334aae675eec2beb562fcc
23720,Sunglasses,9baa82059c2f229a47ae91bf05689b303416e2bd462af3a5be9c7cccc956fc12
23744,Sunglasses,5c47c67db0165262e9d773b3688458af95ef4f9dc794b525f59b5474c0a3a930
23745,Sunglasses,163c66e99835094f1a313d62f22554c126c0ccc675a2a8b613a9fc9c62768722
23749,Sunglasses,0b584b0af1dccfa8bf633f92fa2fbc03e67282a87f1ffb9655af9e0a9aac5265
23752,Sunglasses,623ad2762f0b227e7e5817d89c2a5aad4ffb3936d4bf1df0fbd8fb0da6bba518
23754,Sunglasses,2c516ee23f7550cf769ac88954a5f9d8c80ca981af5c4eab956de5192b09018f
23757,Sunglasses,c4a14b8d6907e9d2747a306980495fdd0b7586c558d5e361a2774911e2687f39
23768,Sunglasses,e8e131f2897138359da9b7873a9dde826a0e278e1c9adbc14466d36dea083fdc
23769,Sunglasses,5c037c2816054487c2bf7de9be57f5b07a64e0bbf86c4a6b04e54cf28f7f8433
23774,Sunglasses,2fbc7115ceb134a369c8f7a98096a713b724bcf280d26408986209d0f9884bd9
23779,Sunglasses,70cc9054e150d59515e22a9f9d0543bd330c2e03a69c098aa6b916886d966743
23790,Sunglasses,cd664522c5538610f2939a37e0949c5bc138e10449e1ec7ab062c59882021fc3
23792,Sunglasses,b7fd6a369f204f98f0c60887b2a92022460b51378d347d74a717ac3d138e547f
23793,Casual Shoes,ff4f7bcee34fd5c178b87cd3d4d135a2c13ea845b73b855d50289b2032256f7d
23795,Flats,c064c4e7c4ea86c78b55b6659c5471bcf7456c07c00f285f000bdf45f92b71a9
23800,Casual Shoes,d18a660c009a8ac72593e3a5e609a7080190104a8c2419fd25caa8deeffcf346
23803,Formal Shoes,187362bfe4f68cf7034ef42a60373c83bc74f19d6be5d72de1b01b179ad27120
23814,Casual Shoes,d25fca80cb7d8b752671f7d33494e50773d1ebd921758b4c096142adfd5943f3
23823,Flip Flops,b556e313c305df2828a5b261b1cd25bc21df8acea678b304d82e331019352e1d
23825,Flip Flops,03bda1253fe6a03af3f1a180175970cf48dfda66300526f1d6ac741be5bacf7f
23826,Flip Flops,ebe77e8009b291ca0b4974a4115e1338ca3ae37bd10dd61dfea18e04797fb501
23828,Flip Flops,961767e043bebeb388230745ec3866c50ec43be55c0d0edbebd25e302afc8088
23849,Casual Shoes,039346324ccb06b3ab849c36589147e55d61b1bc12fd29cced132ba6ba406e40
23854,Sports Shoes,ac5b0c5eb426ae3e196bc1f2fc1eb69bc586fd965303f912ac552c00fdf289e0
23859,Casual Shoes,c86ecfda22fed1a2749c3c90b517183bb03c6439163385d705d251f43797a060
23860,Flip Flops,d94bf62fb84bcc1df8aac87ce397a6e89522f3830c78364e3f427d87fcab7508
23863,Sports Shoes,c8465998491bffd3595cb7e103ae857e1eaabc52bd34cfb0f069228e95ac6bf2
23864,Sports Shoes,c4dd322e062c300e632519eb016d4230a8b01e151bc0f6d59e0a8b0db58db7bf
23869,Tshirts,79411a916528b810f10fdb5e5eacaa9fc683110109421ac648191d6476565a07
23870,Track Pants,ffc46bfe8f48039bda5bc9c3e6bf4e8242ba9a095aecb555ac7848662f7182a0
23875,Tshirts,7b150453618a61845bb0f3a706c13a1fa907b1958235eda2a85a9d5fb478f82b
23878,Casual Shoes,e58f9383d73ae5bfb95c57a05bc5fcff6975e5a8e01a98ad98fa4ae34cfa9eb5
23888,Sports Shoes,5466ce0027668bce9a27b8086695a70d4c149f49d7bc3f2787b04e5b26297de2
23893,Sports Sandals,a3eaf9699b3dd29720e49369da7a9065f398ac37f7d124c3e319bace42acdf45
23904,Casual Shoes,81b3740c4892daf0f0d76a3fef50f1e5355deed346c386b73fcc9a55d0088797
23929,Sports Shoes,36377a77307590a09abe50b309361381a63ab1dc54f83fcf4f422cffb9cb2259
23935,Casual Shoes,403211c50aed2437677ff0e3602723b0c7aace30dd0fb650d720fe39ca57efa1
23938,Sports Shoes,635d4217271ac867886dbddc1bafbf0abedd73e2b91434c237efe04e74bb63bb
23942,Sports Shoes,ef501c540e920eef498abc84dc9261ec53a4133f915843201e44619399fef527
23973,Tshirts,42d94f6d6c4cc2f083dbd5991c780b79c679c1cbd861a18fa6af2b5dea4a69a3
23979,Shirts,d53ebfedf36a04db28ef6d2e2c23879b381ec8a753c2f69bf21c068fbdfdf146
23989,Shirts,0f21807ed3d8831d946551ea38a1e57eaf53798d53f1e145fc454b44529f92d6
24018,Tshirts,d4e48ac41fdcba21148141f86950a3e91e98cca68f2978c399f02fb28518fac0
24037,Tshirts,1278aaa346639b33b5b3a3983660bc3172f879851cfef1e3e7d6ae01b93444c7
24039,Tshirts,48819a1d2b4c9f001e01e65d046d39a33ad0311cff029205fc864884ea8c8c41
24044,Tshirts,a7b13f04ef9e00bb1333bf2639b15748edde3e2917b77820d407fae3065fd733
24050,Tshirts,d09089f5f2c56c83dcdf59634056209c1e5470beb2fa6c1227e47f763a73b9b6
24069,Shirts,52f2088277889a25ce87187a3757bf30b484d3f5b5a116ca40b62bab42d0702b
24082,Casual Shoes,6ab926d2286a3875b6fe14d979b492f8420b539eba671b8ce8454cbeb05500bb
24091,Tshirts,01498b76bc41405e5a4c78fbce6e43526461fe8213354d7b542c3087221bbb35
24100,Sandals,773f413e281203ea134df67fc35dadd6db848a94711ae4414887a3eb949bb757
24105,Flip Flops,cda7781fc303130b0bed47933808d66e8639619f6e6909a5b04e7779514cfe42
24130,Tshirts,63e94c8e7be4d27f7bbb80b07a1d34118356f12c2c3f39fdd08a75fc6318965e
24132,Tshirts,320cb234cd0df796fd300ca0db8690c038953a9183f02fd80d18ac8fb4d6b7a5
24143,Tshirts,3bf11442c84a80fa9eb8489271be76658b2ae60114853f465f95dc73bc7c92c0
24157,Kurtas,8699377db9c52f75b23880a063cc929df4bbfd4cdef5889044ca90593f4b687e
24159,Kurtas,73a78472ea07f7aa2bedb359f92ac09ee9d71b0aceacde852a10d3007c81a8ac
24169,Kurtis,937ece8afe3f5b334b3cc9c4a378a89bd2d066b38d3893acb48e496eaf1d9ded
24170,Kurtis,01bd12a1566a9bd2f31ee958da11da2b16c72bc11c1f16d1da23899144f55bac
24171,Kurtis,fbfaed21113d9538fc3c76019960a215b04a148560501887cd75a64d2abd53e5
24178,Flip Flops,a0fabc653e7392c2d6781888e00a023926db601a6affbbab929cb1c1a7abcfd2
24181,Casual Shoes,211b3cdbbff3b426f26c94d46f4b1b0f2d57ccf75b5592184b2070fa44181e3a
24183,Casual Shoes,6878dc2c57015c307427697372c032c466fe4a7c24b0f7cddc87991f4b3f5a31
24213,Sports Shoes,7ae64bd8fab079e397b10eed17f993cd8a2c6400902f7d7f17b1671e039643f5
24218,Sports Shoes,10e8bf456e34503b408a570ec0ca217f491ae974b8b7fa5144381ff31d5e5af9
24249,Casual Shoes,6454e6fb1aefb52eadf0460cdd977d8a41bd854dc814539afd2fb1b328960061
24250,Casual Shoes,16ce458e3cda33def8c7025067ffa5bd946ddb034385cba3f5fcacf303daa8a7
24259,Casual Shoes,80568ac5e2af79e084d65446eac94eecd5c29161bd29f6befa23bd87bc24c826
24294,Socks,a2c851054f6649351f31a446c97953ff3f94187d4597f78f8cba0700bb88966e
24296,Socks,493ed4afad5d4802c1d32041faaa4d17e12c5422a382e2c5cb6bf8a079e6df5f
24306,Tracksuits,cabfc83dbe7ad9b5cee7a05db013d75347585312f8aa21a45b0cd8e048bafd35
24312,Shorts,6b2d90f6c6507167725d6c369d0be67777078a87bfc9e18da8f25c7719d0ce14
24329,Track Pants,bcf7776bfa36f61355dc617101889a7dab30d02bd3b2c0521f5be29752dfbc44
24334,Tshirts,b2af72221bd175bb37cc0b45295f0d172e20641ed9a8328310eb6a9af20b0654
24341,Tshirts,499b933a8a54ac40bcf1e244acb9417aefdc38832b76affc1adf065444e7fdd6
24358,Kurtas,adf85fbc328ef433ca5cde88657b08c56163c4d23407cc206c5eafc724bf01b5
24359,Kurtas,9799a4392dbbbd7bebb3750cd154d648ef636fc3733d4a63db8baca2443b4a5f
24366,Kurtas,5e6b3f67f6bdf82d7f3508543fb3c0bb681e46b7e76a98a58e8d18ff1f0caf43
24370,Kurtas,96a2a24bb18b46fbd715a2f55a4ea666604426fb7acb2dff6ffedbc7821485b5
24374,Kurtas,91dc2717bee69d277a7df3830bd55cd62e0606fb36d980858b112edd5cb41426
24376,Kurtas,2393c749fa608d59e9073a6c65b33be0db0b791037286e157ec054e15f89921f
24380,Kurtas,190b7249f2fc53f8c016e0b39581d4e2f7f2154bbec2424c9b13117aadef7c41
24382,Kurtas,d7b4518dd80d17709a836f87f90697ce19054b5fde216fba67726a34e57a542c
24383,Kurtas,56c58ab46b9554360ea7f4b7e569daa986a75eb6153e638034ac7f47ef98925f
24404,Kurtas,ce4b91fb19f9ff2c370206d06a67f6950be6454b427c65e51d164598e03ef528
24406,Kurtas,ab9a2544345ca55694a0cfd667c2bcb3a169dac7cc0c72a1e1138cae6d5ec33f
24414,Sports Shoes,e61e33c1859c3d6583610066b16899697412929d3f40a5da25d1aea2b4bb07b9
24416,Sports Shoes,a135f67c22ce2542735005990ef2df12af9594e2afbd4c5f033eb2ca1d9cb1ce
24444,Socks,1f027045bdaaad7a5946abfb6641f72449cbb640bf2bab53e5e79c684e5bfa87
24452,Sports Shoes,9a4af506fb4a4c0d6fe08fa06f862e01ee1719392c209be8071e09566ce33e5c
24455,Sports Shoes,84d836f58a9745bb40d34d3446398ef6dae95d4e6aa84506f7a4221583c1d4f5
24458,Flip Flops,5f61c3d0bf037825d7a375bc1a1b31d24f50ab2bdb4245b10fc6cf066b68aac3
24472,Flip Flops,5c6c5a0d20c0423c165a824f2c39901a7f3de1195525f376a02861207b8d62b3
24480,Formal Shoes,cce8e181d268a592115bdb912f0654be13444a43894994419cbd5f8039038b41
24482,Casual Shoes,570d39191f4f7b9138dd3b3fb66f56358b5961809d8de0f5f62a7f3ff8663625
24487,Watches,7409e5a11484e275b292d7f5989f87030e18707e8b66e9c6361be57591b1ea04
24493,Backpacks,a5e4f8aec04ab99d65708b3e2819ab4750d0924eb1ee3ef1db5069c2cf16736a
24497,Kurtas,30a00d2da39f09dc209173c853cd60a2df1b4afd3322db89219a053059102b29
24499,Kurtas,1b013b791368326fdbbfda42775d8f88fb0549847a842c539019d02e2141d1dc
24501,Belts,4984390999b01857f40cd2990176d90e8c07eaff6c309842bc8e30ec705538ca
24514,Kurtas,e93f2c477d27eaec7cf0afeb9ff4ba89cf8dcf0fffed87bc1142fdf17084e2a7
24520,Kurtas,867e2af32e8a560dba4f8660fa80cd7dcf6e40547e51250ca4252f466fabc5dc
24521,Kurtas,e8ba556102d560d67542fdd3dd7384d0b0ea13d4e9aff3911c73c81b5aa230df
24523,Kurtas,675367aa7f70e9acb75f4b240dcc9092a5c55d189c489b3ded2cb812c4c0ce04
24525,Shirts,d79511b61ad1ecbac365bc4ce57922972e26ac8442b5ce6a0048c2a105967192
24528,Shirts,774562d2ee9f4f89ce3ea534c8f9c688d306b9fbec9d59f349c57e4be11b9cdd
24530,Kurtas,1b2e4221a658bbe575d19b5c31ad45bbd64abf704aabf6ee7bf96d4dd6410f79
24537,Kurtas,f9e3b16d49ffe1c2cffef141af6b1e15f3f871c1f76d9a728e2c277687584747
24543,Tops,45ed3af07707e9b089cb1ad0d7d867c3fb574444f55a71b9eb470b7f0d95ec56
24544,Tops,ca9cb4065a659dcd73579cd3e58f956e000ff65eb9560108ef6f6d0c1fe3bdff
24556,Tshirts,526440acf023ec10fba255eadd0c1501a501d0fe4f259de47d76b66d7573fc25
24557,Kurtas,89e417400776b3f315a8798baf64ac85907bf19910550cc17e9bc3a7752ed562
24567,Tshirts,6ea3f328819a4db9e6705e30e41561af77837639a3bfeab52d2f444e261435fd
24574,Tshirts,2b57a1f07e6b2ac98b5d9267c314808d756f78faa15f5b7219439eb28662b9d7
24590,Kurtas,46aa87d43e7bdc68b934cacaf6a0590fe6fcd318d95f26e17d5e27bc0377e576
24598,Tshirts,1d78c673921efab345a7a1a305d6a01723e32e6504eb33be6c574e050d0aa5a7
24605,Kurta Sets,5b51e30592f38551b65e665ace12292cb62f67754cedebd115c42eef2e1762ff
24614,Shorts,fa91a2e54b34cd9f2f25c4d26966f530ee46d7eafe73bd3b055ac3b267fb5a41
24617,Wallets,a1a926fdef9aed2fb0deab7bf885c5d7a073c329c32cab954b70a4cd16ec24e0
24621,Belts,d029e1089559ecb65b687f9ed1d4a04d0b450fb36e5f309973bf1355a0e1864d
24624,Handbags,51cef575be5a0fe08deddd11ccb1d7fcdbbbc0fc0101086a79777b64f078de13
24628,Formal Shoes,5994f359f76d04560f387ecddf2e3da8184a6f91a31ff6d506fbac06763099ad
24631,Flip Flops,e53b745ae1ac253c05fbc8d3190a4efe58962da0c6be473327ec02fb9bc04b13
24639,Casual Shoes,d662552576d12f36e3de7366dc6e72b92fcd6171b75cff30e035d333fbd84f07
24651,Handbags,f161b929ebb1adb283475ee40d95f0318b880697afd0698623d58c0c5037357a
24654,Handbags,6844d9fd080f3043fc9d5301b1851c8f2742d315ed661550c3d8f09acfd60ebd
24658,Socks,89680eadd87c5cd7c87d31f96631ff5cfbb2b4d8c0941bb73d78a3d69f96beb4
24677,Belts,b94a988346806448bb35941d377a52f91d64bcadae3a2f86a90d7483b27d1c10
24681,Belts,aaee8e72f9c8310d2749ef08ecc60bcbaa106660c6e0f1a8c9588fdbf40e2e04
24684,Shirts,12cfd795d68be03111c9b7531b0250d107858c5d25e4bff04ed678d7c2571a8e
24688,Sandals,e76f251002f35991dc787e253dc1dd10dfa3b337666a1ea09ad9ae6f7c944878
24691,Casual Shoes,e6663bcb3482a565bd0f5c41f81f053ab1869e2b421c4c7662d6bf045bb20afb
24693,Tshirts,daa1c79c437e0d1f51b717f2b8a6cda75079e290910a9bbe10656c50f0db9fc7
24700,Casual Shoes,ab96dc339af1e5c134ec7e0558f184708b1db84832ca86d4990a502935be6562
24701,Casual Shoes,33265fbb44eb30106cf738bbb2b3266d8a02a0be77d377dcb33c9937578ed696
24705,Flip Flops,cdf7cbb4fd08a17c24d02cf6aac90554b7d659f3c2e485f627797aaefc29913d
24710,Casual Shoes,2fbf11b557cd0d6cbc58e7d91c76618a0def3343e1c6fba97040427cc482bb4c
24719,Casual Shoes,ef081335d6acf2b559fd05ab767c9fed0d4ab51fde325e75cff1af555d4820fa
24766,Handbags,0d9620430569ca3dee6ef3ca6cc22ee0a2ebe5537b9f407f8cc339c68e6c1173
24769,Flip Flops,735a4b7484012318733967d2945db15c2603b41b48f1cb199d7b29f733cef00e
24770,Flip Flops,6201c85605dc3d3df8d14202cffe06a3be13cf807590842498bca83c2c4e9481
24780,Belts,d743468c53afdb2f99ac7ee424a0ddd913a9890eb79879eb931f69a2d49caa3c
24794,Handbags,ad0db1d71f9b527f76ca7d16ca98210c0318a997d9ba2c602aabb66abdda93d9
24848,Jeans,4d428e0e0cfed15ffd44dfe95b0b47984975fdcb08a079cb5f572e5aa24704cc
24868,Wallets,b3bcfcba3733883c3649bc142fa824071ee9049908ed79d20f6baafb5017fd87
24874,Tshirts,aecc29d9263a74fc57dfb422ccf211a5108f25624bc84304f4f8fddf2db764eb
24908,Tshirts,827b0d04a0bc11ca223ecb35343724d435c77e4bdf244da3a22dea11f85d585e
24909,Tshirts,977515b2697482c09a9a5d7eeaca276b496a9a819905146252c8a7fd236b4202
24914,Tshirts,d4d9c7bd1ecfcb7ae7e7b5dc65b632813c9540eda54391cb25c6513e51efb2ae
24917,Tshirts,d7d6cf91e7970806c660955d8a48361fa683f6659cb22514d86e73de19d325f8
24921,Tops,9d80b6a4c0ab947e8a0857364e66175a337747018b4811ef983601fc1b9c4f2c
24928,Tops,5b24568b35a9af9bef13db59266f92aee7b4979c9bf271b90273485f0658e8fb
24943,Tshirts,2d26cc66bcf921f0310bb2ed665fd32c3d70a86434689e3a169f3c865c140519
24947,Tops,f1ed4158fcdd24302468e49665e3a4935351a79e3f7f3c4c26aefda100e9e13b
24972,Tshirts,47d002eb478f4988d6816d619904a2dfb0bee52f03ada9c94341c4d83b409ec0
24986,Tops,3dece7ce63a43d995a2433bdb07c59d3c7104160fd35a866792b836d3c3daa30
24988,Tops,85e417fb4ee3eded14979507e8f30321a0663ebbdabb5cf88525a8b46d9ea881
24989,Tops,b7285cd63b370cea45942fc14f12605bbab64796b68a7b35c490c7c8c915789c
24992,Shorts,9fc1cb92f7fecc1674f067e61ec2f6db9453b1620e9ac73f55d0081c482c3955
25007,Shirts,c903d6007a1a2b6810ab3653fa16dfc0ec6af1e2bcb59f35d0dce740acebd268
25011,Tops,6f80b04d3ee2fd11ae4fbf1bd6942594a7b6a086d795def73608867eef9e0f36
25030,Shorts,4f581c5c433ffa7651dd3f2d3b1eba1062b70dca3f2cb0d88f87ccacac2fc4fb
25031,Jackets,961f91d84039971e20d251b523cbf1f68502dc145e18149d454de4eec4a186a4
25035,Tshirts,05ac3d50d7349e41f2f2dcf51c078225f320cd18ae994b13dcc5564bc2b1ba44
25038,Tshirts,b47314e1d5b2f11bbcbe2906695e728fc327f12ce6a6b0ac68737e43f554f42b
25042,Tshirts,907130544a6886cb2eec9806db48f46feb2f8d946d75c2a91f18427c0b70a702
25044,Tshirts,e49487dab83492cbe2bd5601d809563ef7c18308c441f90d4467a41aa0328f4f
25046,Accessory Gift Set,4fd58ee26cc2fb27979ae8eb68ea2ada98140c36032070f489551718cb96dd0c
25060,Accessory Gift Set,4ec03990185c7a3cef3185525db0524395da011fbcfac4cae422a39b8bbad6b7
25072,Accessory Gift Set,95548d28177795bd0aee4c6e01cffcb3908fb1c1a19449245984db360fc020a0
25084,Accessory Gift Set,eb8567a4a6de168eb3f801acaf95085b50f062e3bfb7111d10a4fd41bc791983
25089,Wallets,90582534eafda7679b6737200fff248e405eb6d3342a9d11f7e9a69f5c7f3367
25102,Belts,de8e9dfc21f9b30524eb1334ec10418078b4203951a6b39a45628f81ae86c572
25112,Belts,76878e4431ee802f34d59f5f83d0e54c4d9ea6552282936ce23927d8c217c147
25116,Clutches,1abefea1bd6c12f1f07214d15397bfc6e07df5080a715186508b15f89b0f8a9d
25117,Clutches,1802f07aa19067c1ee3411891a3116fd457ca2c85cf77aeb4ed55fca00685d75
25126,Clutches,e617907b1dd0ce0223c4d55104fc113bd58d814d8119f1ee88ba4dfc10d6aacd
25135,Clutches,893f52c078e3cdf16deed04e563ec483aa029aafafe5d9763c9c169a237a86ec
25144,Handbags,28e3a2ef6ce91a12dabed85e382bcff0ae5f18900faad176b7ab76957724f888
25149,Handbags,13f8a7fca430d62a2b0d96e69953088c0ce649eefa01c8dec32691f6a2cded27
25151,Handbags,8521988f902dd5dc0ae9967b3efacb848d998114dde4eb4498fbd4d34db1dbf4
25162,Handbags,10d5e85c98fd0935f7c399076f5c3cc8e76acb261f91aeede9a6cd81e3c0a3cd
25167,Handbags,1812b870ec55f6aa9c6e69309787f76e47d878349b3315f97033115f05a92f7a
25174,Handbags,0537d673f2bc211b8a8cfe3c70c99322193c65899965aaaec852688e49983c3c
25200,Handbags,3be003ca577ac87bcdd63062623f2147b8af2e810dd0a90f53b0c4b1c343f06b
25211,Handbags,d8dc59d664727cda2d2324295b72e57e9480e423d8d429010c98a8491efeb47f
25214,Handbags,f9059a2af0634112e443618e40542db34a644455e45f9f5bbc2fcc295596cc04
25225,Handbags,37a0fdea22861be9a44d9a56b61d05f441e83f5a664bae8bb7506ba24ceccfe0
25226,Handbags,00cee673035a14a9c8cbc931d80e251b8df9e5c06d42f80c19436fa0a3089d20
25228,Handbags,333704530ea90172772d8de62dbd12412b1e13893fd1149292c13dd4c4697267
25230,Handbags,25f18c50d70dbca17144c941d777de57b62944f774caf357ca2bd88415ac51c9
25232,Handbags,9ab1a9fcf9fe1d538588f42d850ff91890c5f137da990f194feb29b60997ee7b
25241,Handbags,0cc7ac8c05d0debcdfb423c3c8c667cab2bf149dd5013e41bcdee83ac8a257ad
25247,Handbags,815df4c1ee27ff4d1248e8228b92f9c469b291e339ecfb07f5c800e8cf1604fc
25257,Handbags,2445155994569b1dd485de96bb9f8c32e3605a58d178b05cc3f1fd92e172837b
25258,Handbags,27d3dd7f713fdad06a34d2994f7b4645c8e2e398f6256d6bbb40b1c6cf0acec4
25259,Handbags,520a70db2eb00479a6e9f3115bcbf04f5d1132c561c23156d63bd33e12dcc55a
25268,Handbags,ff0608fcd954d52761ecb69a8cc1a1b81ffa8d5838dca30ed5ebb869f82ba7e8
25270,Handbags,2f550ae06cb4f6a4eda20b7ea15dfd90145d9d397c1111bf501bcd94fbeb6e6b
25272,Handbags,027eca30e652149d19a9798ee6793fa25792c7021d6573cd4d77e82a81821166
25273,Handbags,2b4a3d653f49301d5e1863da928cca6b3ce57b8e307b74087a67c902e5bcaa5f
25278,Handbags,1a5fe5be9968197b4784f4e4b5e07fd3a820e104464e623dd8ffa699e153c772
25283,Handbags,2409042d64380bdb1da7e81ecae8dda3b59d184efd073cde1db6adb8b4882576
25286,Handbags,554b4d0660bf1db95c8b9acc8d00d482f8c3b7a0c680be3fddd856801e11f0dd
25287,Handbags,98213176f32823bd24296ad43f6052312d0a771854dbf9448650c3a53b2c8d6f
25308,Watches,18786dca0b5b39383183aac523a62a440d9b83b6c63d621d3a46db9e0bace35f
25310,Watches,1be3a238393f573b4eff8e8dbf5d4122479db805eca77327b7a67388678fbfdd
25311,Watches,34fb6347d44fc98838f949f3c4eb74b4315838786e5d01fb3fcfc950fe285ebd
25325,Watches,d9d947a992e75c5cdf2c6aa73f5aedea3da10a31a9bf78937c9fb4307edbf12d
25335,Watches,bd1053b994e0a0f7fbd1322f2105ac02ba9d2aa0ade0ee2ad2ed9c26f9ba36d6
25340,Trunk,7795bba043f2c6f73356fb82bb65f37f157b35206195b3fd6265674a92133cb9
25349,Briefs,20e3169a9886502e385d7278c8dd29f39978030e3213d22e22a19f34cf9c58ac
25365,Innerwear Vests,da3da10cb69a4c37a2c7f7cd252ac52b80c83b64235d5727cbf106a2391b65db
25366,Innerwear Vests,4cc94d466eb1fa58969c31dd4ba22ad47e51c5120a6554adb2a280accba0012d
25370,Innerwear Vests,49c9df6ccaa64949d9bf748dacc67cb1b6999499a713061b3b1c3c2f1918130b
25371,Innerwear Vests,1f12ef47074d3e72e4a003c6f2db6ff83096faa31ef926450a16eaf01d92e078
25376,Innerwear Vests,130521cd0502f774b87ce0b7bf8768b57a2cb43f67012914590d6c2713d54ffc
25381,Innerwear Vests,0ce6608c966a329ccdecc49a8aa30afa77942494fc4cf7911a0c7986acf37f97
25395,Innerwear Vests,742837f96a87d9f6aaf6245909a95ca390e9adb2295304a5a919d23509d46417
25401,Mufflers,31eea1fa405714322c561bcb29930d8c8a6e8b3454cf532b43a3c9ca629bf007
25404,Casual Shoes,c5e26053ba78cf096360d7849562a615f4ec82ef721b54ef6c66963c0f24abdc
25405,Tshirts,89b8a1f6a5d0995511946d97552259ae59ba42692c608d464657ca4bf27f99d5
25417,Sports Shoes,5c717bbded096c0bd081fb1c9125af6dbf8dc598e4764161bb5eb5224b910cb0
25420,Casual Shoes,39b16bdbac6c363c0a498049a01ec078a06a10f7d2ae55dd7a7d6255ddd5bd4b
25423,Sports Shoes,a2e096c154532a21cf65a55cdd4848e83ce6f7a958716d3293b0ceb8f91490e0
25425,Handbags,c9f6a3ce90baeb6213213377a6ba8456c0897a1fe31c414123898ea85afbab3f
25429,Belts,06447cc27bd03008e47c8aa150a01715f36953ecec36d3591e26e2146913c10e
25432,Socks,0a9b38f7035840e2d9d32705948eb17c0c74b2d89358ff63486305ac4750e296
25436,Socks,aba817f080cfcfbbaf95815918b80b6623ffb46aa9d7e8b6dc915b2a57872557
25437,Wallets,e1e744f6f823839ba6a3d97dbaaa296ee72714f6043a4896e54b4ffc2cd36a9b
25439,Wallets,0eb0f4cae3d82d7081569113be468337a7c7f7f1b6712befba24ad462e8fe1c3
25440,Casual Shoes,2d34b0dee77011e44fdd8556f8e3a7f4c5de6e5545e4abf1ffa53da96566e93d
25443,Casual Shoes,ff23aab9ed88ada271e212c9762379b410e866fc2c07278a8d0134c17044cb57
25450,Flip Flops,4d28122142a4666974a8e65fe4f9c96ad66f1d2136d1a5fd6dcad11b538c6b76
25456,Casual Shoes,39ce8da1b33bc50b10b0a3c3f28fe2a60a840d3d9f1191c9f8a718626066e7b6
25458,Sports Shoes,7ba58b4d2c9f7cf50f12399de0d664a0ffaaef89cfd5223e44c9ea3113617bcd
25459,Sports Shoes,3f100855e3bd30026a0b2ea9b674dcc8f1e2150fc515f78e56bc4fdfd6cdda3f
25474,Casual Shoes,3d44a31c9b604dfde6bf399d2fe275bde25277abe50d33677fce1155f4210963
25486,Sports Shoes,6424c0662cc07639e279b1791701467afa02501e13d343d3fd02944a185ca59b
25521,Innerwear Vests,321c37b55982d5a10c6a6f1d3f68f64041f773f35841e48dd87fc669536d16e7
25534,Shirts,de7d3db0521a72cf9e244d4f13afa9d927a97897bb6265fd6993cc793f302e6c
25565,Sports Shoes,1929ac590341445f444c29e4e833e6ccf96a0cec5eb4522a79d066e15af93070
25573,Sports Shoes,1da56588bbf0ff987d7a654bfb65e2a0dfba1ae359b31bdd65ecd8d1732a4895
25575,Sports Shoes,bf9a2d39aa0eacb7edd6ddc7e2f4f85791d431eeae49c4899103b50dbc90c3b8
25585,Sports Shoes,f81b1332a1196fc3ce332c2929b3dd1c0722ce6234719accda1c8f296de388af
25588,Kurta Sets,9de6f750a13350a43f8c2b44ff11ed3dbe29e14370462cbc2b48a1a609cf303d
25602,Kurta Sets,8e05b5ce7b6819b638b3c7f1868fdef976410033cf39b47054dfbcc1fef3507e
25603,Watches,0cd5fc596d7147f80c8c276900338fad39365a795ce368cd85ad95bf7f3e30fb
25619,Watches,a54a6398435644e0874d19a27eba5f520a2c31f359a55a1ef554d33718381779
25639,Watches,52cb1d21fbd95d6e69fe18d2f1393e76d60fc4041a7aafae5e368bda2682792c
25640,Watches,988cd047c5f6a9128d7fe6278aee76ffc6dd262c5f31d94822f4c4411456ab24
25643,Watches,5e40ef90f6a9ece598d042454db6d88262ada9a8dace24016f652ad001c0197d
25644,Watches,7982b8e2f3a8cab0bc1fc59757a3d89fa64c2ab36fbe2b4db697f6fc01909c31
25648,Watches,1b42a9277173de9614aa71b93886bb4c17b50fa86697d4665bc67e07bdf79383
25650,Watches,072af3794f82b220c45de82c40a99a480fe0e2b0bac2a7aebcb5c796c19a2aa6
25652,Watches,12768710cd78358f9b49269a0079ae4f2190cb38fb6b9fb7798d006e85215960
25661,Watches,fc8cb8ac7232c207b72bd5404e6fc843f284e3622538d994e8d74664897516b8
25663,Watches,bee188767b2e1b2c1915c35e538372650ae1467fc17e161664f030044a54c37b
25671,Watches,c2a907de67f36a12e49795b4f867473c6d147c4d80e5d95d8fa3d6d6661328eb
25675,Watches,64b8a6d366a6ecc1bbf847d70cf6de5f6686a9f07302af43d41ad432d4f511d4
25679,Watches,b8ae16c81f6ab18563c60bc9305d27ea143ad284e0f519ccd434a24a630c99f2
25692,Kurtis,4cac28cda8bf5cc92f871046ea67d34cc600c2ac3f94ceec7ea2332f33e3f103
25699,Tops,8fb87707c68e0dba4f66517f1e7a6e8579f9d78ad4acc84afe388c1da59ef0b5
25705,Tops,c529b8fcc4ecfa6382f9de6249a68f292416a9ec252daff93e43473cf79fcf72
25714,Caps,242e2717c162dae3f4bb3c32659522ce281c890b956aabab5268cd075f7fce67
25720,Handbags,f2c0ef5ac76f78360f3c36a691d35d6a9ed40d1d327950d7faa4321fed068a97
25756,Belts,12f84b423e49489662319b3f05794b5a4879a59e6599dc2f2ad80a2ac7c91a58
25766,Suspenders,eb83b5640ae4cfcf8f9465b09e0cb6fbc202e323edc8eb2be6024d250288f81f
25768,Suspenders,e174c557b46957cc1325dbc73442801d6c231f51b3bf4c1d70775d8b63ef269a
25769,Suspenders,303c5b5093eea279e303cf263100d6848b39eacdec390d420be1ea029bd67d6b
25780,Suspenders,e79a467ca4661e881f399485653b02d478505328b1cce81e6fd3cf93d92af345
25786,Suspenders,f813e5aacd97dc20843c15dd87f865e00887eae07d4507a0eda57073d7b4bebc
25791,Suspenders,b1b77a2efe8c4870445d0eed073d869e3f71bddf5e8ea6dd56575cfe13b6d27a
25799,Handbags,9bf3a6277fd9162e4cd657e75d3ca44fec41b4a5d3bb11bc5f921da7c9e58979
25806,Wallets,f5575a414a9e703e67177a8775b504ea57bc693195d8d8e97d8f97ed9423a1ec
25822,Kurtas,e286f41b4988566fc7b3fe4f631dfe316206536cdb0e81d2e2ca18fe16ee7142
25824,Kurtas,ab6f9f80a8a7ee01e3cf74e01a7b5f7f615ee7fdcb9236b68e3a0ae579fd8291
25825,Kurtas,aeb3d374978ea4dcdb952c8c30322eaff418969c5083d5f6d6da4f40c06eecdf
25846,Kurtas,9e5566702a6ab5b68be6fd67b25011e18db3cdfefd1eb859a7d5b390d8a3470f
25863,Laptop Bag,16f8f92a586a3a44ba82b1ef88005c23f1bc8ed1f63a3cf78938575d5e0bf1e9
25874,Backpacks,0caff298c804db446d7db4b00030f8bd293e65b1373c352645b83a6ce462c960
25878,Backpacks,0bd597c78b5a1dd4357147f0384f8849878357821a73eaf32be6588221d3c9d8
25883,Backpacks,cf35fa630bd94cab6666387db098caa07a2bc091327d26dd14a8d49e18f9f90e
25890,Leggings,2aadec7e8293e5291f572bfbe8c6ab08cea404476c886b76c2b2785751ac3ecf
25900,Leggings,5d1447d7612fbcc142bad7b376f587dbd1338141463239a0e1870f504db621b9
25903,Leggings,83802abe270b35642c6c1811b5f04a58fbfb286ea8dd3ac2a1f103d33b785cf6
25912,Leggings,748b1741568f0093d356087884c89fa8ce42923167f639afcba1bcd023fccd69
25913,Leggings,fb9f0da0dab513b3d2ef066af11dd3081f9c046004707c08da4f46ce5ef86e3c
25924,Tshirts,d1332890e17994dbdef31300766a4b50d32ecaa69bcddac93f63c5f6710af2d8
25925,Tshirts,03dd0cfc308c98467465ecb2c3c3987eb483b189330d9c94c1afa9ef5f721be3
25926,Tshirts,c5da9462c21be1fb36da24f008b6d6574aa2657a26f04ed94110e9081ea08635
25935,Scarves,b414ff9559ebebeae873a0eff0d9c15dc68bcbd94bd3c9e6d74e881d54da3dd9
25936,Scarves,dd87d2d359ae3abcd7f1a399ae57f4a173c97903995fa74c5bbe996920d6afd7
25950,Scarves,960127b716688e73c8402f2e646b5b2e0a011826ccec46ee56137f5ef4b115bb
25953,Scarves,e0ace6e9e92fb343e76f737a852fbcefb586a21ac62a51a11feaadffba7ec82c
25962,Tunics,08be0bd3a8326f284d6253e27ccf926a0bc4f85b9d973a16944f7034694d3a80
25972,Dresses,4e33b57280c10f5b52ec7cc0d5e45f040ef7ea8869a44182ed3d56334b61824f
25998,Perfume and Body Mist,5050e6363a13d1344eb3c1426ca9725d03bf2adf2088f8fd93c1a68635f2d850
26002,Perfume and Body Mist,89909444cb94bac24ec736a4b93b91dd3bf4d56c2378a27a170fc625589a8acd
26028,Perfume and Body Mist,5d6d137776306e7790608f2a2573e6061e095299372152381d48d7d772c46150
26030,Perfume and Body Mist,dbc13be3197179a36ef7996c41a610f29c2e643b0b3c26f798548f3abd36e21e
26044,Shirts,a3335911ea1ac9f788dd811761083121a76d6d3cdcc1147d7ffe9991af2d7b2c
26047,Shirts,594bab891a8539c2ac1ca5b8c4a3c6ad19b84a322c6ccb3181bf62f2bcc3bb96
26050,Shirts,1ef7627bf19c3ed594a0d65aadb1ec7a37d0a40330ce17e5be116dc194dcf96e
26053,Shirts,71c1e80beb4fe6a5de13b9bd229513a55042ad7dc6031185781f4d066daa2730
26055,Shirts,f37dff9134e702d39c62a29b30a67d14e5f560d675f2626803076e4b3ef2599c
26065,Shirts,a037e37e6457fa80e9cea5951ee7dcae5398de3bd2d15810ee77cf8604e3a968
26067,Shirts,969a79fe9fcfc7d1910a0147a180c7b74637448993823a82923f7280aecb1d78
26105,Shirts,c2552d95b5ad2b1f62fdbdf2570e9b27b9a096e60895597043bb3def00babee3
26114,Shirts,5a9e6fd93b220471c1f9001f68be9ea4ab64341aa642fe1fade17ff7934c6d77
26116,Shirts,7a9884508d4d6b93aa975ed2823d88fc25a825850fde0e68d43b55499f1d653c
26124,Shirts,bce5542e4148cadde69a9dea5cee26e81f3eee9ea05d9dae702a3527c778d295
26135,Trousers,78e938a33bb27563f7df15772eadf1f6ee88d281960302dba6e3f38ba310a5b7
26138,Trousers,b3631521548413c20387ee268a0d8992a2acae1f4e1694ca7e5fffb0e2506cbf
26145,Trousers,34d5a9a99611c9983a2de686cc9dffd35eeeb2356828c2bd9be01c4e92274e31
26149,Trousers,6fbf6b64b0bffa47cc5495036287d98a2c766bb6d987d3169b3c3b4db5585fd5
26155,Trousers,7ca5f288c4c98e41b6e076ee3e5cec3991f038a9e19286a70e730319c6ff0b5c
26169,Trousers,c39c7db3f1c083086e716c81daf840c0958509bef67fd3075b25bdd4ab134bcf
26171,Flats,bd701bf38ed092ea0566b1f93c6976f26bbb79994cea32d8f7737c7c54035ba8
26175,Flats,88dd9b9e97d66636e4153c72b03ec28fa50320c20e32f25d092411f386cfab65
26182,Handbags,b2c1c6d664f4fe0eb384ffcb97c9cf015c47441ada0360e8d14074e35e809aed
26194,Deodorant,d7426c25bb64ae33bfa71b45ebb9efd03bdaee8de310cf9e9db4e903957b060f
26198,Perfume and Body Mist,3213d31937b1e8010accc6aa16f0b211e798edeb44c52efec979f83ce964ed9b
26205,Perfume and Body Mist,f22849b22d6c22716d9216d1153372d95022879e9aae3bc52555d148ac18389f
26213,Perfume and Body Mist,edc389cc7ac00ac6155c973249877fb3a70dc8ee35421fd437f3d7f445afe6a4
26214,Perfume and Body Mist,beb2e61cbe3720b945c66cea73d45441f9fd27adf98b115fd9f3bfb500840eb5
26234,Tshirts,39326fb4c2fc5cd41d5c79d70ad2b7d3813d2c91fb23604219248db22b4f19d0
26246,Tshirts,9a201bd13e3f2b117958d90f1f3f2281a4982b92bfe6f12196908f4a6ffec1a3
26254,Track Pants,cbcd96a162b5ca151f710ed6b30965b7bcca1619b66f680c392ea079e7610648
26262,Tshirts,dcccf2ac01bdc6574a4be7b6f7ce3d88882399010bf8a938bd24599224c2c31c
26266,Tshirts,7c124a3466a25b4adc5397f6dd5359c7adb0400c4f02620a67ec791a017cee34
26268,Tshirts,54d85ef01a3a910cce32408e17ebe34975cc2ea9151b98ba89e3e490aca01f91
26272,Tshirts,ce7c4f58e4f4d09dd9d93d07860522e87dfd787d96a54066c005da717e4dbab8
26284,Tshirts,64306fa633e9de01e739c956c3871b6f3c0d473d9c0c96511a7c9658b8b0a7af
26295,Tshirts,b775ec5914c734aba11deee3757259de214cc560732958bb55d48604e0a27646
26319,Track Pants,c473372c2c00db72ad07608dea137d1b1163a138d65520ba3d30bcb86f19359c
26320,Track Pants,7eac10a9c1ad3151bcb360d24ead51f058cbf200b2c6dc82237e8d780726a9bf
26327,Sports Shoes,48f4e217782d1c90a90ca8c959c49f5c0cadde9cbb5075af7f1a6ba43cb469d7
26330,Watches,9f2cc9040756f199453fb86db89fd29bbc08b9ebf72853c611cf3395da79ec84
26331,Watches,5acd77db0f7d82db90fe505a28702c125b48bce0d2ef6f01c00e26e0048db44c
26335,Watches,5dee7a8851a62abd7c34a56a7921ead3241eae33af9fd8ba1dc89853ce33c48c
26343,Watches,cd724b1132f588de344c368b76e4735d69d25fe7f85e6448aeaaba5cfc5808cb
26365,Shirts,4d234e1159642943c56503fbd3200f23495e05a20a64058d8eb0ee0885af72c9
26388,Tshirts,7c604a037f5193ac565dfc389ccf2e4560084b0ea83d5f3a5ddd9481949da06b
26403,Shirts,17cba4bc3fbff84430a8738e89910cd007f3291c6b974c673a1ac9843fa72679
26404,Shirts,35a65a8babb43a048b31bc98d618f8e0e878e73a4e0b7b5ded1ff4c80676aee8
26408,Shirts,1fc82e55f658b358fa4a45ffe70d3f8968134ed104ac86a47af37a35296c110b
26414,Shirts,53cce8cfd152a5e26648504a28a8ea58e7324adfb250c43b56907f6430113328
26438,Handbags,dafabcb9f4a9298c7f7b808e49ca0feb82aafac2d61ba39b0ecea62e10030c32
26439,Handbags,d448efcf8edf289c2b6d8ee0120c09c1ce5aeecdfee3fe2823282aeea77d25e9
26454,Casual Shoes,a9e055bf583ee66f428805ff702944d81feeaf302bfac43a00f190fb02a89b14
26456,Casual Shoes,489fa223a366fb046647810b20c3fe3b75425afbd7928917a54d6a871d906e97
26460,Casual Shoes,3261f044e55049b154d94edf99a11379fe2b9e92b0170f5f59631dd498ff51d8
26464,Track Pants,2f905218991bea314874e54480f2275e9760d534846a6cd99e56b86e14643dd6
26476,Tshirts,f7db593425de2841a23fcb5235f6a728e4653073b22c6cbb224eda15645bf6f2
26477,Tshirts,561ee2b5fab39cb24f9449f284d4341be9082ccf7ec8abc170852577da4ce076
26484,Tshirts,61fa8ce216352107a9c929ee9b7f8a6ca59f88edfbb69eab973e62c0864b799c
26485,Tshirts,1c20464bbd5feb477a4e83876879addb474fffe1ea00e9c97732a2daa54bfff6
26491,Tshirts,538a36d1c70fe4f3099e7ff3cb2970cf515998d9dad86328afd7e9c1677d4dd1
26497,Tshirts,fd1c7a539589c50bbe7f29f2ef1911ac45aaa506822a4156b850b82269f403b7
26516,Shirts,97109db18f7b28bb28ff696c60012519cc0fb40d1a9e7e8993c65d66d51a755a
26524,Casual Shoes,1a923654dced9dfe77384b4714edd9629eb38adaa6816e5844999dc7d47fe5b2
26529,Casual Shoes,7cc11909991aba993364dfb9efd6bb020c9d318194d35dc6f59e33fed9a7785e
26531,Casual Shoes,0605c2842f5b2498039e89e466d43a901335628effab88e866aeeae32de3fe92
26532,Casual Shoes,4d498ba73201f2fc2e1de491d92b75f8338bc379da0adde488664fbeec2444da
26533,Casual Shoes,ad31a7e9f80fd894a690ed9bcd91116bde4bd40a20df1830bd0e94fad44bed63
26535,Casual Shoes,9379c6278c9fdbea38df97ad0e0b2f8d77f976b7069cd339a7ba480c076c98f1
26544,Sandals,4083e907f503b6465e1bc89588e6e34933077befd0ca323889b62481244a4727
26550,Casual Shoes,c42f3dab5a6e5f163c442032bc45a305c39d4cd0caab568acb6f15017ebbcaa8
26559,Casual Shoes,1ab694176bd54d407ea8bfa812ea315e3d0a2ed1c01a604510dc000b41ca4e0d
26561,Casual Shoes,759e620a763b998b607dbe77398d672d3e4274278d66f83af9fac5182edd86a2
26562,Casual Shoes,057f4232096adb3957cfeeca32ccd42e6e0bcdc8992fa120ad1ffef068b73c28
26563,Casual Shoes,66e7347956c902401a2e7ebc9c7f9a9f5fac97364991fe86562e1542c90017f3
26593,Sports Shoes,eaab4cb5fe3232ab854e94ea103d725ae5f929678845a7a790d24b296c62f14b
26597,Sports Shoes,1758d177887e54c2524ef2252891a3b0198073b7cc9f157f0d48f3baf6d8cd1d
26601,Sports Shoes,3299c45e8d6d276bffccca8720d263afa7205189c20449b27d0a129c566beae8
26603,Casual Shoes,42ac87bfbc57b83997e443b27d27d0a4246274c796a7952151e9e3b381739949
26604,Sports Shoes,a1429fddcd75794a3bc617075bd4b9dc0d0b35e0e8533834433b3eb29ee87d13
26606,Sports Shoes,80ae2760d831339e59776e3959faa77271cad80a3bacedd42b6f768f35117831
26618,Casual Shoes,876be92f936b9c10461caed38634c87f3dd3353ead9e4a77ee8c9354311402d7
26621,Sports Shoes,44da471a42cc67c7f3393bf2d47126c96f3b0a3f3171a1f948330884f75552c3
26623,Sports Shoes,e2b2ed1b8b6c80995e1489cd6c43b21c8f8e8d59493eaa1d7023cfcae1c466da
26641,Casual Shoes,567be174ccfc2551a73b260e0dc8c2b035b896e8727da3ca68057e4bbb565ea0
26652,Casual Shoes,3cac2773e360a01a313d5cd6a744eb5504b250fa79c747369e75002d693d52c6
26665,Casual Shoes,05e52b335ec01c9a6a3b2fad0fa84e6e742a4fa0a18cfc275dc4af384b1a3b09
26667,Sports Shoes,4579bbbc84635f7766a9a09baf2e4f05ee2f997951e16f647203c928e64e2205
26674,Flip Flops,63fa26d94a33519e872c352ba96c6eb811b647fa40298379848f84a6fdbb77d7
26681,Sports Shoes,4eb57a498cda82a4fd11f8198328c21f049a5207e2dec308d7ffd061f7ecbd65
26682,Sports Shoes,90f882a7cc8ee81f5a45a1ab07339207e3cb7d9a550ddf910b9d53b9fc620529
26683,Sports Shoes,07c103aab383457c4a622afee6c1541cddaa6e3825906347d8c62678ec179f19
26684,Casual Shoes,a72c281e02e32d8f94126dafdc99459f7a863ec674a4481264fdccc4ba7f273c
26685,Sandals,15baad3a04f0ea46e39310c13df377e3084b740ae7dac2de9e13929c5091a2aa
26705,Flats,b1a390652b8cbc75866b676341f29750028efff6b08624981d93a4fd3033d75b
26708,Sandals,1d7afc39e59c36d603a37027118e9e917fbbce25b161a583a9ca68eaed9a1f52
26719,Tshirts,ef949beaad213291ce4fa2e4b0ac59f8cef8cab7c8fcdd8490bfcee913a7a5e9
26725,Tshirts,d60a23f05963b17988dc0651aaf3a1c1a50d551132698bf61b63d953d6ceccfd
26726,Tshirts,49403c3d3a032bfb6b0d89b0322c8d929fabab8abffa0977bf611d79024eea41
26728,Tshirts,aa7833c147120a2d7622e2e13eee537359cbb43471baf7ce822b18117f243d10
26733,Deodorant,9aa65d7b24c3157cb12e778abdb16c9c8ee6f0bc641f65e02eb569ccf816fc2c
26737,Deodorant,7d9d2866f04d5289fba24f5720d54bcf8dfa7fa4ed008e7d21af0175798826a6
26739,Deodorant,2723e316da27cd814465edca6340bdaabcfa70f358db87787c95a2eee25fcec8
26744,Deodorant,b4dad79b6dcf98cfaf71e43008320562ed529989304bd2b4070c5a50c404055d
26746,Deodorant,d60a44c01a0e869467e7f52c428a0dc397fc7d2f169ac6dfb965b99fb1025303
26783,Deodorant,53324f066d35f5dbf5680ff6c082a0b6b161518b84577c6cef3e25f1a90101f2
26784,Fragrance Gift Set,84f220df0df7bfb80f3b0f480eb5335e8932fb3baffb76b33b0a8671e8e9b36f
26787,Shirts,43f46043eb89fcb4afe18d92fa46e85fb89d1a300a800a2119c7a4a1c4d00c4c
26788,Shirts,0135e1927f37deaa1d6fb985216f8dd95da239088fe6e59b6de3740b47513691
26800,Shirts,1315d70e5615937ddd8888c2eb024d2138ecd525997582e8f3409957e7bf30fe
26816,Shirts,2a18c29a53c399e3ae9745475ce2b6acb80400000181fdac1014a362ccde7a8a
26819,Trousers,353104bacb98a3060b003daac295dad234605a59fcb88a0c5b55e45b8e3994c9
26824,Trousers,982e38a39abb94a9a6d59b406c0f166a6a198837ac053c2701454ad63c1c070f
26826,Trousers,adcc4d90e4b82f97ca0b381ff9092fcadd23d8cfc953e8b335cc8faff0475df0
26838,Trousers,fa3f9bd4a09d0c68dfe43724fb2f25fe043accb08673c3d93d5e999914dd6fd8
26844,Trousers,897fb593a0d40a53427e7173584b299c190fb8539abde85a14547f6139fe3755
26847,Perfume and Body Mist,522d6a3d01d0d075be428cf34f47fb28afa5d395c11b2066367bf9967b4b2452
26848,Perfume and Body Mist,05e0f8a18744b70fb3a1d21c4ed5d0825d9f1bbb39df572776f003a5c738519f
26860,Perfume and Body Mist,8cc93ca3c50690769fc93290a223f4d7e3891e1c4e5c99dc350a286e8808c5e3
26866,Tshirts,43c448395ba05abea6d9a768964f02b654e6a9d2fe1a7e98873df09f5fc53c2e
26872,Tops,734513153675ceb447df922bd03163fe76c979424b5d2aa6b2d2bd762d160fdc
26891,Tops,409734effa498c262833a20de163774110ee932b7049db92703d37ac998471dd
26907,Tops,db92f41acb0660e49c0986f0fe420940d6b9c4f40b86ebda33441f5303c28271
26912,Tops,e71dd03d69c0c4ad1196390310455891907970b068b3a34309ba9d2ced6af050
26918,Tops,dcc5b70dbab6e5176711ad871354c5430ecd5ef69d63cd96ed8e8dfc37dcd510
26927,Dresses,1adea91ee881621e7ee340ff17f344703b7b28a8eebffffab02b9e0f47a0936f
26929,Tunics,effe6c6aaac50b6d753ea87eeaf2c2b40edb3b00c3ce3a5584177576223e53a5
26940,Tshirts,803ba573557827c15d056d0cf4e27bbf0b2904430966a41579caaa7340c4f50d
26945,Tshirts,d35a4afec971ac063ede2909548f5eb95bcbde354d6e9177e89b02ee1813637d
26946,Tshirts,e5ce8e0f1d1430a197524b572f7929f978929e77292f8a1eb1cdaf3b3134c209
26947,Tshirts,370a1cb1e127bcca4a091fd260cb1a1648f005fcedf85ff11ff1dde7917fb531
26949,Tshirts,5438d07a325d691ab88af7004a4aa78912923aa9d9296c7c2fbb993f714392b8
26955,Tops,0e6073bc89f9c9c7ed98d35b70a628252895001cba742489dc53c250b173ed81
26956,Tops,38ddcbb041724af627e4f9b3806e15a401f48edb07cbdf58aefe0a8d74e3bb94
26967,Tops,646f56f382a5860fb6adc1bc705132672e492f8f46cfc23dae15445a9ff45b91
26974,Dresses,09e1e9045ea9dd8df81d4d32616739dffdd73c56d46632131edf041f7f3d9914
26988,Jeggings,ae6075ff896f136c45804abf9bd1e708251d322ed91a400fcce6117064c3d5d6
26994,Jeans,ed372a1aef859350e2c8b0bb6d64da72a95b555b43e8607f40c4438e0937ec11
26996,Jeans,6fa6746f890eded2825b6969288df634c4c695b89e9c25630366cda9519ab3dc
27000,Jeans,060094f096407407d4f675ecc05eace7b10abff4f7bbf595b22a3b97fc4b35a1
27011,Capris,db7b00b40c384561da799a47d0e7664fd43811c45e6f7429247df51e9f24869e
27014,Capris,1226aa9c48e3cd034933d2d1cd4cd381d78dddea7c3de247b474ae1683519088
27018,Jeans,4c7a1f7ba42702165ffa7570d27dacf78bc0a84cb2f1ebf6cd6a1a0f27eee3a9
27020,Jeans,d99ea189617b75dde517c288d032d56341d717e4b7ba5c1765acb930bc8de719
27026,Shorts,0c7e2389e55398cdf51e2551cade9d6e8dfd91dba7d1a2cff837ab2bb228c07d
27037,Handbags,0be9ca272dad540a88e896ff08ff1001b2db9e15a27d4c5e565909d67af98173
27045,Clutches,34820f9be34a6fec432355d7bdbbe8245624ea0e3ef026fdada963f3e2fda9c3
27046,Handbags,a7462d3a54a0554c9740af1da8d022c2419b2a6ce133e274c12a1841b7e50651
27060,Handbags,1817d051a197f44f4fefb145b92e0fbdc429db7bd0a9c4d6883664e99a0be5bd
27062,Handbags,bb0e808c8076212a945959e6089f035f1b036380aac7340480855b660fed876b
27079,Heels,12c4146ba2e99b2e79d7e9e7476404ebbef9f8aea0b4144b9071d8ea1fa2d23a
27102,Kurtas,f64b69df7d9e6f7d905a050c76eb06cb3c03c0d610b26e83fc3d23bdab2c16b3
27129,Bra,fd6f68eb4d662bc7cf2cb3472ddfd3f5da01fa1ee15195cf60a133b3b0aaa969
27138,Bra,33920780da32d218ea581f4b4211e243db94b7339b1a73381cdf77033e6d27db
27152,Shirts,07b0823ad6de337b4f806eca2914f6a86964cd6238d5703cea1fd6c1031fbba2
27153,Shirts,f9b69901bf930a402508f891d05d04428fad2a367c78aa0cafa88936f415967e
27164,Shirts,66a9fb1028ba69d56bb144f231ea465017cb97cf84d1ccf5eb6e9f9f2813db50
27176,Shirts,2a14bbd68b8bc8a7d71c53658fc77c3ebebdec039e9ce91edab70fce6c95184d
27183,Trousers,33485b858566e5a19bf98d5b0f337140d906e87823aa89992bf969a7b48eb44a
27184,Trousers,5c5536c9144dd574cd704b7b298b9e713a865aae296e40a15d07eeb084053e2a
27189,Tshirts,5fea7d4ed2fff4bf04be04568bda9c0c93755cea8f8178d31b7cdc9ab259545e
27193,Heels,af5dde30e312175ecc7383c67f4170cd8165cb8ccf7313273f50514eb4a6bb5e
27204,Jeans,b2043640cc7a2c9d65102a7146806177b9ce4adf44e7da4ec2c417a6be18d438
27205,Shorts,4ba34e586ca3c43bd7f22c2fb76108d3e1e76bea4b4538ec11c9fee174e47177
27206,Shorts,f0ac07a84550d69fc80be71bc41e6aad3b69c91a770a96d10012ced6a90954b3
27211,Shirts,a6c3b289070f8407384e4dd788c1036b4550c1208a280316142c555eb9a2e87b
27213,Shirts,50b4b3dbd6cc1a59723134b853d760f01449615a30b95945015b3ace5af389b5
27217,Shorts,099a5e482c1f89d3a37fd56ce07359ea62a9a37b1f74916a2d8761abd9bb2fdc
27226,Dresses,33d09e6162932751e00e3da1bc4abbbb940b832a603ed3f3679d662b03fdbeee
27259,Tops,5007d0f42f1dd4ce43856568661b52da8cd9a3535484a23b53b974e83365c3ec
27270,Kurtas,1aa8a77cabca08115dc567e8f3142099478733e383178d7ed2470528fe8fd858
27290,Kurtas,9333398a1109b7e81e1f0b96ac88e4ce284522d77eba7444e9012103a2b882b0
27297,Kurtas,2b8350d1a4bfe6f61bbe913b7f9899dbf598bf62c3766cb831537a1e2d3f1611
27298,Kurtas,a68eded9c4485844c330ab00ba1774dd411fd1b8cc94fae9c4b550e61aa90d33
27327,Deodorant,651543f23fdfc8d36e8a2efccd844c5e22e63a18df894e9bbb9915512ec93cf1
27331,Perfume and Body Mist,55f6504440568b62e1084b988b9986a456628da09af72b0c5974f6b9e392051a
27341,Perfume and Body Mist,52efcd282c9e81bbb2935869b3c7208fc031601192a3eba3558415ecc3f9edf5
27344,Perfume and Body Mist,ba5d563d6573e1e3516debd89acb5248ea97b028f1fa8f2798641b98eb291b67
27345,Perfume and Body Mist,6960dc385c18648ff79cfd239b966aacab679c6750e686c3363583cdc0e7f1e5
27347,Tshirts,5daead5264dac9af129cdca29edcc44f35e4c66b692dd41ae0365a1b22063a3d
27370,Tshirts,649ec9a2c075785b02e395b4f7c856c39d7c71369a2402eb1fb5ac816cb52670
27372,Tshirts,3a6023e19bcd829ba43b4874dc5a69c2b73b480f392cc106a6f0698058e9a765
27373,Tshirts,1248e57679ebaea18f88f143adbfe212dbeb96f929694596993e47821ccf37be
27379,Jeans,76fa66b08c746ed46478f611e8c5a25d0d895ed476131be30fff5c339e5612bc
27400,Bra,dd315901ef754071e47c48c2f1556dcbb57e351937ad175a922037df78195217
27405,Capris,d42ff626f6596e91ff532ec8b23631703f0bf71064046f04f7dc2f7909972e39
27408,Capris,4dbf20f9a45790bb5a6a3ac0a1599b6fc6dd635b8a50b8f516c1e6f44cc7004d
27418,Capris,c01504461828a458293d29c4ac32808a2473ec519facdccd8f82f815319f026b
27421,Lounge Pants,f2d2456f0ca11bfe01b159791b094ffcf658febc188ee4bd2a37519c37497d2b
27430,Tshirts,e37e956cf7bae6775ed5177a766becc70c105de17a33a1fd8ff51b537e784362
27432,Bra,1704aae4bdcf58905d105b31cc7e9bdc29b7e52d3a152aaf9181c2649f0465cc
27439,Tops,815132c7b463c86512285fcc1fbd47c215f37f99700b38423cbd569e6ca4ba30
27449,Bra,b41caf17e46cfae6ed8306e01f7bfb2633a011a24875425d043b2ff4d672995a
27451,Bra,245e9dda1688e34def90269cc0e80439cc9d07aec1acea169ffcbe073ebe17de
27462,Bra,54e01c440fbf6a50483ccee7704e6e4bdcab0a599a84672f7d0044d5a3ef89ec
27468,Briefs,e24a998210342431d8f08b994145511ca190ee9450140a064bdeaaa0aba22cd7
27469,Camisoles,c541d86e3a82bc94d74bae2472c8dd37fea8489a31cf95f201ef7df5c2dd76ac
27472,Bra,e8b59305310786d1eebac9dec8f9decf1b83fec9478b46dcdf0804ec658ad8d8
27473,Bra,6c3c390b660a947d283f8bdbc51f1092f3a5c15001c0a1158752762dec2464fa
27475,Bra,67fd607dae24875c9cc48499084c24078aa6e04f650a59973f3483dc094caeae
27477,Bra,aef47b497c63c156dc0f33f7c81b1cabff987a0d1a46d630f3a27e0166d6b295
27482,Bra,a70274fc4ca99616e62f801387a1035ceeb1a2c6d8d17ae0cb95511a81248ebc
27483,Bra,d3d763d24dae4736b985a0d755dad560d0c059bde24226522c7a8b4c29ef5aee
27489,Briefs,416e1059f4be7b0ff0d282146ba7574e40b054ed1425c2703bee23ff2db51089
27490,Briefs,81a003eb64c6836f6a551e33960180c85729bfb0a04c9a9fa28ea2502e5b8ab5
27510,Bra,7fe98f9aa9f1f6f3850e27692cfc79625566a9a79554e58b11f888d3c14496ef
27514,Briefs,6c61737dc3f2ad6be62c24e1fc35930c9bc3c8d397f3a5af5a3ab0f9dc3d2f30
27519,Flats,ba92b5f64997b57aa269757a39eaf33e31c482bcf8860f60b4f4ea2f5a8ca9ce
27525,Jackets,0afd94f13c85b18c8abb09f4e649bb2cc01460bf51a313e2c5be832fb6d4fcb7
27527,Shirts,12208139fd9c0a0dd1d97d4e9e21675fa468e392a803eca921f4860396b4ac96
27529,Shirts,b664b22fbf8977c816636d01a1fa2b7009e9c514bbb85f6a565ecc2d47ed960a
27532,Shirts,7bbac441e6f24360ae20e3680356a95908a27c086fdda9b00db6119c17d21ac4
27539,Shirts,1d2823474d21e5da6fd7d27db951acc1d91ed4a0b91d88bc6b6530b30f1a6364
27553,Shirts,c86e53a504a3cdfdcd4a7d7108e6abee89a6776702a683f4bfb3c941a3035210
27554,Shirts,c3738841fdb025a9ded8d1b4240f5607b61ecc67a6848bce9b1b4de91a0ba6bb
27558,Shirts,8eaa8d49337d174dd45c41600a63f10d23bb58f6d846c9b4f8562f5fe2e6d039
27561,Shirts,388aa826222a8c0e7a3af4a7f519cffc88356be2fda1a128623528c1bc4cdb6d
27572,Shirts,f0203c49f2968dd6a984ed46d2b35558afcd5b6aa7eaaa90c0908f6e0849503e
27574,Tshirts,7d3049eac0532ea3cbeba97f40dc78e6db37bcc6e09dfd846ea83da4803e356a
27584,Tshirts,eeed812b56884170bbe2f50dff07724d0e5b20a60e54054922d526266b1e057f
27590,Tshirts,43c72f28ae622a4fe9d22d995d0d403580e94853205a933641754c62276f82bb
27595,Tshirts,668f538c3202433a641d501db53cd2e02a2bc6f44d4e66c5ebcebc13e28caa5a
27598,Trousers,c1e1dc4d408ef07ab02560b1a6f484e5fba1c648b0b6837573a78a90238248ba
27610,Trousers,96b3a88a7747122efdd2d04e6c63321ac9b17447d69e4e0269f1e4f9f44d0cec
27625,Shorts,fec3dc41d960119abcf9898a9a806ff05d874dffe440e774c03e7a6851ab672d
27628,Shorts,33b5ef632032c1923e916b3a2d8e625d582c3749020428d027852724c5b3981d
27640,Sports Shoes,d80c06cb4ae42b0975f47afe9459c6c0d6139ea2752b1be8c27296ea99574596
27657,Tshirts,c1c93f52231ee70967d8d00d626911beef95094782cb04308cb88ac697c7eef0
27677,Handbags,85616c0b1fb6ebca3f675b8952809da65cc173b54ddcb341836f9cdb6da283ec
27679,Handbags,9b965a790998813079ece54b8dec7b9dad57f7e0fb327273e31358347f9bae48
27687,Handbags,919daf3d9a920e729aa7dfca1724698358974ad61436bf19e6b3e9e44a50bc2d
27689,Handbags,dec4dad74f1dfd60c85bf214b433aee8834bda8b0dab6fa798cead422671c88d
27691,Handbags,52a0f1d45d982cc268c40c8e4403a88dfa943a54e06033d40029850df89295d6
27692,Handbags,fc868967dfd334511c7fe60bf326a8a951876166b9fc6f2194c07ab0fbb4a668
27711,Handbags,fc726c239ea81b37e695d8fe0b5c25e70af1a94e1f36dcda5d02500bc2ef239e
27728,Handbags,84c8628455dc3e26aa4d8b45aba96a003a546af31e0d534f410ecbd7011396f5
27741,Handbags,344174bc7d759aa83495bdcd39bfc05d42f232bae91a123d93d8b7862d75f730
27744,Handbags,1dc1a21280d337725fa99f2f519a94470ca8c7eef864e55fba4dcb1dcde8bc6a
27747,Handbags,6da775769b9c885131e87c7291645fbc2db77287706aebbf0c2d73d5032fdd24
27754,Wallets,6851d179f0af8828005c0374d09bea6d0feee219aba52e40870369d14eb78d57
27762,Wallets,aa03c60dcec8b5646bdb13b7e2d41ded78a6700a409b3a149ce4d6c644895f73
27763,Wallets,e7f466b752296b4e9d0b7ed2d1785bc7522d5e99c3eca7fe309b671d026bf908
27779,Wallets,67f3792095661c142111cce24c5deff6f26c8ded3ac169c73df247c238ac3844
27796,Wallets,4567b40868de285871e87c034998ec282a771e64911e56e836038a36172a74ab
27797,Wallets,0f897362e82e57b4fb519641a00e4b751dda302b92e54a04653b26f123f32994
27804,Belts,eec62d8f7cb8d9b26207f236db9c01c39e36ae223d854f30eeb2e614bf8a02ff
27818,Belts,5997ab679c40a30fd31317dd82691d75aa57f5ffd3b0de2f4990136719fc40ff
27821,Belts,6e17c594c2718dd71ccae20ed10f9044e3b1eb760f6d66ada7c6117c63ed11a8
27828,Belts,434b631aea57e7ea060925318ae3a51440a1f97d7e16c50409c7b121937eb95b
27830,Belts,f5c42f6e85dbee08ba5f8a2e50efc62b1f7d6c6330b50cc44213e15e6f60f6c2
27840,Belts,b2943a70d62284ae3e2f83191f3af4e68e4d6e3df3bf5bcffdf85d68632fe237
27841,Belts,817baccf84e2148a69de91c3a8d8a4c3d0a6ca03adb033078ffe512dac2417c6
27849,Tshirts,3af451857da26e78cfc05ed64a80f4dcc6d9c466b0bbc253a1f5a771b9d633eb
27851,Tops,bab2c9ca2afe01700737f4369919c74676e46f6a9bb5d1906ab21c65283c21d3
27852,Tops,888839b15956302db1eeb69f3314e24334e89a3f22c0d747b85e3041a010668f
27859,Shirts,d8c58edbe6fe7c250ad6ebf3e63510dc71d3a6a9c2ccc01c2bce9fece41e6eea
27862,Shirts,9ba6c06ca6ec9d078c54268141af03c0f64efad377f32ea00a8da6325124cd7a
27867,Shirts,32d0e4d94ecebb5bd0488fe2b4949cd15e374dd35e9e817e1e8b18268338e01d
27879,Tops,927d7d6490151fb8fa2ce13726d1aacef108a4be40a1537ec832517f241142e8
27887,Shirts,b3c2ae379f0096a2d25bb6268ed246827aa57ca4dc10bc5acdf1d14f2862266b
27898,Tops,b456cb7a68cf42ccd3424bdc6a73d4f87a078bc9a0c278836430336eea3af57d
27903,Trousers,9b5628f7c6c502071e0f442d5d7f4d41269a07c234ed6eb47fe1fe48e64d428a
27906,Trousers,52da3d0926e777428379513b37046ef24cd31ffcecfcfc896cd6a254650f0160
27915,Trousers,5b5eae733d351501a36f2f271930e70a3b8d5816ee2dd8b84075706feaf233f7
27920,Trousers,d943a69550a7974f071086c9bd3de8d35dd742c042d949bd070b84475f3be46d
27945,Briefs,aa9347c116c8eeddde66f12199f9f79ea27e46184d3938ec29ca6bcbdc4a46de
27946,Trunk,cc8f954ba1649421bdc42f875424896fc02bb34ce9c2a06983e312a5cef1c2e7
27966,Innerwear Vests,730be8c3f4cfed9a0946038d60d89f57b988d1fd442965741db08091155fb231
27968,Innerwear Vests,779963aa7e70c4f43a85369ba1ee3f003ec4cedbffb7b12e7cff63e9d1140a2c
27973,Innerwear Vests,797087927274513db1140483f7b26c3134304399e34e84cccddf1c40604f7c79
27978,Briefs,47003af7d65113b342a80ca7d5df116cc3c472fe0409c9303c65248a936ad98d
27984,Briefs,c861acb3c4ab71941e67c3cb1c493fcbaa9a0d5314359c7080839ccb24aacd02
27990,Briefs,b6d4c8c867b6401db6b7a16a80f8f3dfc87f083f8a1a8cd3a38932f08707c37b
27997,Briefs,5b581b2f1f4808b1f0034cf0f5ab358a6c3c1ee6c91517056a1525f3884834da
28001,Briefs,9c525bcc20e8db88717fbb67ae9b46b985917f79f4c66cd48477e66128967717
28009,Trunk,d7f5226450dc75c09231c1508773cf65ba194beb38897761f6067a85bfc7fbe7
28012,Trunk,78d514b574db93428d482fdb92c3290da01c14cbb9868dc4004bb73fd8188d84
28020,Briefs,68310afae17401352d978252ed75ddb437552f3358c6ddd8b8046124c7c82553
28021,Briefs,66ccece95faf620b92d2218c8baaaeb304a0dceb6016846e223efac82e993eaa
28022,Briefs,46b5818c43a31cce1ed151f9ee4a552b7f542c44186d47a1d65f40aae0a8b206
28024,Briefs,0793441193bd70726f04f9030245f350e833ec90f84770b3e2150722a82b171e
28031,Briefs,3081144f82f591c7e92e33c6a4ea17e2c812ef6d62356b72051603dc3a4c7a85
28034,Briefs,ce38c2560f6db5e3815749a3d20ae8f7cacc8349cd823fdebed2a41f40d7fc1d
28038,Briefs,ec09829f851cb74e0b9143e34c3822b76d7d1ff3cd347383704ae62d043f355e
28039,Briefs,cf209a1708d0fac1d104c22ddd797995af6c2a8c483feaa51678b4aba85287a7
28042,Briefs,f6c53d9398dd76774efb48eb3ff8032f0e89c58bc6bb36130f0724e4a174c24b
28047,Briefs,3581d8f116c32f5546c4ba8bdee60e37d5e961c09c3b415e0cf3cf5edbfad4dc
28050,Briefs,d88a23e88f591087d0caa0cf2fb9e2ce30afd825e00ea6aae8ceaff6f217c3be
28055,Briefs,e325cedb8c1ff9382d6287b5d117daf4c9105fe087341c82642ebb2fc19607a4
28056,Briefs,4da391fa22056a683ef73f5521af466369cfdab3659502bb15157c49d7fbdf82
28058,Briefs,f52b9c27479500ffb6a8e7e20ddf662e473b311180463dfa64f6063549ecfc16
28063,Briefs,5ab916e7175534ab2a1b7c949cad7dfd94997bc1f36ea82847d347dd2699720c
28073,Trunk,7566fa3b60033b911ea45ef3c9256783375d4282bf3e57f9bb8c354fdad002d0
28074,Trunk,265ade267a6e395e341b052cd7539b627d48634b6126c9a455106417600c4f7b
28075,Trunk,36ae6531769e19019fcc4e3cf171a9ae355369417cdb6581c5ac5d355646a208
28087,Briefs,78b8a7b54bd4ed5c04c2df34b5f35f6bf83f955c0d540f36df0ffb899b05838e
28094,Briefs,f41b3827922e9c46f11baf2599554477e9cd53baffffcf471ebf647354053165
28096,Briefs,555dda6f3e35c39bc712500d35feeeee937ee04c429c2028c2bbc5b4c0cde0a5
28105,Boxers,26e41510dab68e47778d78e3df4d311a7a88056322b94f759298f714912dd274
28110,Trunk,566431087e653860d9a239833ff8c33244d32ddba3dbea56c9c24a714fcfb8c9
28116,Trunk,4c6f8330e8bbda93fbff2901affe4a622b73909bb8888588780db28154a0c996
28118,Briefs,774771dedc8fa41f510e27488c5a1d723190df48e61135eb1b42fd0355b32cbd
28126,Briefs,0d9e7c8a4a696ca4f433372eac919feafc01163da54b4c850e86dc70e6a3ef9e
28128,Briefs,c91f2c6075d7d13c9b52514005c10515cb1da4a72e8c827414817a14bc73027d
28130,Briefs,f6849e689e87908d27adaf219b28d6136cf6881854dcbbc5e1358ddfbbdc773b
28132,Briefs,3e6ab2f47a7f0382078f4bfc81d8010d148585498da7b59a6bec13e1e9ab9043
28137,Briefs,4aa6d41fc67848d3d2ebedc17ebcd98b3cff77f4f8d80bdda2a4b9c2e6d4b14a
28144,Lounge Shorts,d206dc467dd159640f2c4de2ea14eba3bff0c5c779a637efc113d7909dd77711
28153,Innerwear Vests,5ce839b9d3fa61654ad5e5af731e101584c3387ac51933a9f7cbffa5208bdd17
28156,Sunglasses,b073b1daa4f0a5eeead5520e3a72a2cac0a60f32a929b8d2313fdf9f62cfeac5
28157,Sunglasses,3b7980fde114d2b4095d91aef1643f3282023488d67ef4219348c1ee9e870c1a
28166,Sunglasses,70ce217c9894fecf791cedcdffc65c8ed74a897a701d1230ec94be74878acf8c
28169,Sunglasses,d7de147a65ab2a4464e6fdd0aef26918eb2e5dbbfb6edf94ca49e3fccb2bdc88
28173,Sunglasses,1ee29e7765071b3e7672f9b463ae4d5e6511a1eef8481e74b36da0f01d6343df
28178,Sunglasses,27a967eecb4c63aa9212022adeaf9cca659f9959093b75b7593eada82c2b85d1
28197,Sunglasses,564f3f0ddc2aec9cab7c13474a03bd426507743877b8098810a207de57869249
28201,Sunglasses,30ee0f73ee619736a20643621f009b79e255e4591305833503126b2dccd2dcd1
28230,Deodorant,69bd7bee231473e69cf956c4855e31e9d9a5d6fedb976d66e46d768863faa6d0
28237,Deodorant,7056e48566031713bad3e05709340a25e0efd7c616a7cbbd099b6aa387ed2eee
28239,Deodorant,5269d4eaa7f04193560ed03eb72b3853d41d7adc265570338f220fed9b7aa37c
28251,Deodorant,af2cdb4ebba68054537cb0088d9fc1f143220fd852188f5fe75251ccdbd99115
28254,Deodorant,4df01680cfd109370f64eba03266f16e94ee43a204210f772d2d249750a97b5d
28255,Deodorant,75bd14f02c6c81f47b033c6c17ef9e8179c6fbf82350d7898251cc8f9ea6dc07
28257,Deodorant,ee3cfe746036f35abf16a83646fc381b49229d479a504a212656e5b5996f4681
28262,Deodorant,1ea112ef2680988f3436d2be14003fa02b1674031468b605c67188c7c32ba1e5
28266,Deodorant,b4f6674222c3aa2b6a16ece2f8a6f3b7d11b332848e6581c289d4c6562744c43
28270,Deodorant,e56215d6003ed5d74edaf3d0e03f919a93c017f344cec273783fbce541630ded
28283,Sunglasses,4cf212669b324a730454e7b5dd94959c54e695dbf46504a8497800e66387ec75
28286,Sunglasses,b6028205b41e4a4f55198ce2f1efc40603820d99ab92332ef28cdf176b95a1b9
28287,Sunglasses,45c8d5d1515d6274804517292e0fc1862bf3b54dcb228c8fe2de0016ddccdb4e
28297,Sunglasses,6dbe800fbc514af788ae6a2719235a511acdde7d54dd2431697c077b45cbfa0b
28310,Sunglasses,4b6ced2caedc80e22aa04c5867f6b3ea97244e6a797c9becc98c4e71bcad1595
28315,Casual Shoes,4070afd59f808bce3b5ef13d6d503d3d38ce91a85667763af5cae42e0392ae02
28317,Formal Shoes,4d2aed027ea5c5685d040baf51d11cf9a1208d34d37457fe1fdb2098bee5b89c
28332,Sandals,388c7c61ac10f1ead9b2bb895435a7332a5f83cf235959f50ed5aa4bd1e48ccf
28337,Sunglasses,f36f03aa8c942856f27db59e38cf2d9eb696e31070b1d47cf52a6270a2b4e3d6
28340,Sunglasses,e5f4b3a10ef2e4686718cbcbd133cdceb2c094d897a4ec546025ca68db0011e2
28370,Sunglasses,42d91e676ee850e3fd31eda2a3c3c4aeea2c9ea41fd793d48114c38ab9dc2ce7
28373,Sunglasses,0e2e2728be255e151468d21e5fc7347313c63d909a38510629e9fabb0ad18e3f
28378,Sunglasses,a8ee76939d0c6ca16269383bc8b3093743624e53c28f7abecab2970cb4fa1363
28383,Sunglasses,38f0188d59a6f495b71f17acd3ed9ed255c12a4e63bd7aac677507f631d1c1aa
28387,Sunglasses,1acfe8a59915f29e32ed39380492677376b0eb659d58d6cda604f8ed5e275647
28394,Sunglasses,0b405327712d351cc4207084a6de0f68e75c3e1ac358650d2449157f7016f9b2
28396,Sunglasses,6eed6bc25b9f966e3a6e28933917c19b8dac151448fe1c7108653cc308b569c9
28398,Sunglasses,00df0128554881209dba471efc6b51511235c63c2b0d6c6f516fe1eef5dfea06
28400,Sunglasses,e23f8c2973204b2870dd6d739d6114f8a3c69294709266f07d74d2850a39b8dd
28404,Sunglasses,3c4624185398558734111b1bddbbbce6a6b7b05c337a45d00408628c8d715642
28419,Sunglasses,e374a0715d4308b98251c395b2e9e8bac7225c51714f72f6162bd1d69ce266bc
28429,Watches,fb70baef9a6e34b619418cf07b2fa0ecf2ec2a6ca1c8ae5b5cf8b10e338dc368
28444,Handbags,ffa0b844fbe8d177e8c10bc4d7ed8edabcef8b3f8dd83e5131eed80e3283ab47
28446,Handbags,072221f187a4ff7434cc9052a342b31199864d51fe41e7c0024dd605f130cf39
28447,Handbags,998269b0abe23bb8fae43a1c09cc61e7904c55b2e64429a7d70382f85c43c7b4
28468,Tshirts,16aa1d6d5276976069b73e545bcf3ad4078a4ce78bae5bb22e1e18fa7033023d
28480,Tshirts,8773c6a968a2eb669b479dae37c6f2aaf679dae225cd3b84bf9cf182f82e0a8a
28499,Track Pants,a2eac5457f92d2b90abd22b34ea3daa011d088bfe5ba7e8e9d5aaa55c7ea551f
28501,Track Pants,9d121d4ebc1ab4be80674d17d80452bd960596416c37bb6e245a99f6bafa0a8e
28503,Shorts,f438b1bf3111edd4e4539826624a4f6339b7a4c8691b08f022f5d285aa5635d6
28518,Tshirts,31e7bee28993ab2cb6894da59ea6a4d7622010a24920eaadfa5ab0692924b99e
28525,Tshirts,31c2baa33516d3eecb096ccb7dafc96a5b4990e948b938010814c5c037fda24c
28543,Tshirts,5f182abcd78ef53f04fd4c836f62e3dea14087cf138a2ce2b822b047140fc2ce
28547,Tshirts,2b2377a98e1a1eec4adc18e97b2e60dbdc91581e0552d786ca9b5c3c8021d808
28554,Tshirts,a5bcef5dc9bb8530ee97822431668e46cfdccc9d1b8a003b68d9c67686565fc2
28564,Tshirts,f6023ec61af48bf7e5d7727f5b7526d845f86b1bbc52370ff5f45563333c71b8
28565,Tshirts,166ae5d7e23eb32ff23e9e27cfd23775fad1f0e559994bee2175acf82cd1a100
28569,Tshirts,2679f4d14a503fc2b9ccaa0477d5984ef8572a04a9ea128a1d6cd88d13264d85
28581,Watches,ee17b84476e7300a66a3edb1960010166fc2b16a9711262f8ad87c465e5d959a
28582,Watches,6db34dc3f3a40bb55284a0e47232beb2dfe1f9beca0eda84fdb35ba89b7e780b
28586,Watches,8b77d935ab5a656e84ef69a40bad733ca7b3c0228893750dd6cff48ebaa7e8c4
28595,Belts,4cec3c2019c4407b8d1cabe71081715789ecd43a25cca1fd6e0b4eeb4168a7e2
28599,Sports Shoes,e12751a848e59ded5248177634815ac7f10bc2fff027bacb24b5901eea4ef7d8
28602,Sports Shoes,d828b56bf406dd0865d4121820e2e313621ca7c862dd4db495ff74d66f75fdfa
28603,Sports Shoes,0e2fc4631ab67a7e221e84f557ad406b77b0cae0b09ebfb979a32c506cc7a886
28604,Sports Shoes,b42ee802cb23985c087e13171a617f7f49ec45c1494ba21adbf3e3debaaa048d
28616,Tshirts,e55db2ec00a902cef6b8ea8d6c14bdd1717f2937383fc2234fb1964224546b54
28619,Tshirts,cbec06cc0b67eeb3bda4a7d14ced025bfbde54f2bc153f35cc4aa387289602f2
28623,Tshirts,cd4a4316ace48b7cb0781160c274416382792b5c62fdd9b146932736d0f41970
28626,Track Pants,16f1066a21bca1dec70f164fb499267fa1c3228550aaf5611a70bea871556e8a
28641,Tshirts,b39477ca6d13cc13a39912d73a99683512c6707045fcdf493cdfa1b988d0bca4
28645,Tshirts,dd4cb043e1672e653bdce7f7d63f4cc4704559d867ba23958f1240029cd64142
28650,Sports Shoes,69537064080ce09962f097f68256831e8c5332fbc2c4d63d881d1a3b3865dec5
28651,Sports Shoes,69db969c1e199612b60d95ce9797876eb12fbe95c41e9f4dadcfae1d57116d43
28658,Casual Shoes,f31ceb2980b76f3c748e03f17fb23b83106d23bd623d56972ce86d84b6c4b927
28698,Kurtas,d886d8394991fde706f2402f7cf3c82f8b8e4eef91863143ca80caa5e22ce5fa
28705,Kurtas,5231de4410a22fff73af4e6193dc06ee8c55bfad6753338d0c03426c329063bf
28708,Kurtas,8ee75210cddc723eeec6061a4391c8b0b6f27aa8472d60475f336ecaf57d2662
28712,Kurtas,eaf07e66090453da73ab1e3a981fa2dc5da706c409f890db2283f0fe83395519
28713,Kurtas,169669f53459b7ef8b528230d47ac3b5b089f35d59ababae22dc690a758cf1ae
28714,Kurtas,3b41d7042a611866799679da10199c599eb85c745ce9d9156093d51b6944d4da
28719,Kurtas,d0b2e05eea6fae28520219f720b0ba239ac8e3b5e4cc788fd76bbd5991279db2
28723,Kurtas,22bee5d6a2659333fb871464de111dd1b08d494e483a3d4b55caf77905658bcf
28724,Kurtas,9a98201bc75ffff1bb8d90878a243b13af310382ce77e1fdcfdef937bfa79007
28725,Kurtas,f5552ed26f7e921cd325ea1fad233763d11e8149da7bd87133ea1125141fe3f2
28727,Kurtas,5198171c461af5a3c40278754c3ac6b20113682edb44bbffecfe6c0e874755d5
28734,Kurtas,14f86b4d0c8d6c7910b3c7c3773c0bac17c6d3f62d4630533a6902efc3726056
28744,Kurtas,0162a48518f0ca1775bad881485ec6e1f30e499eab80f1ca61d8c096c7879e53
28745,Kurtas,31e43a11f4cb8ac87b39852e2d060d69c47d57eab24aa2f45c22ee3da1d2639c
28751,Kurtas,455e66ca8b91bad6440f54b2d661bb1d4762caed0260c56253c677fcc4f8c6bd
28761,Kurtas,682dddf0b4dc55e2ad2ef7b63d70b3e5ffa35bd41fc8c16b87bb808c8c4c3538
28769,Kurtis,8dc15618f030b851090def3ad0d6840b0ad9d758cf636e2a9f5452ad330b19a8
28775,Kurtis,63dc37ac5289ec2e5d2747cc5b2e3018d7c2b316b806fd6ec8888c165c0ca824
28780,Briefs,269b59a45484fcfc2a351ef77b47d0f9382e0fc2d5bc336b176c826a98c36653
28784,Briefs,b44fa39ab468db6add17af20342cbecf059abecc25e9a902f26f2e71fd087d52
28805,Shirts,793becf3e44e96cf902e928934a8e1c0d4b19cf0a5e70945acc52208147eea59
28810,Shirts,4f1bbf3523f70739399c6216081cec08c884563a5b15d30a2053585650ea5d17
28814,Jeans,72efd9b8b8ce9466d1fd9a8ae484cf09d1fa0f422ec7ddb2380900a9433aa293
28829,Briefs,684b680e9565792a9e9e342aa0bc80f12e6aff37117efdb6e74ebbc3473997f4
28835,Kurtas,318b2a1ee6b485c260e86a4363da5072f29939625fef6ca912d6e02ba3e977cf
28836,Kurtas,dc6bf9102497022ce2e606f8535b5ea57fd66672c97564324612db7afe35c9a9
28844,Tshirts,2e19d1bba870d65381b00934cf6dd86e23f649686d4abe39636d1a370293808c
28845,Tshirts,723f8f6b333a8ab51fa83d7ef9d6d19f9bfeefb7331c3ce3f10dcaaa4cd4c266
28848,Tshirts,818d1d947e842606a046d29b80ff4241498cfcfc4f5a1e08b5ffad09c65ed5df
28849,Tshirts,a89ab44bce9304c28de141aca393057fac5889105d69816e389c2028b89feea7
28858,Tshirts,fa235eafa2c377cf20fd80f5bf53b27362b4a3d8bf75716882b55df5b6c2d4a2
28861,Tshirts,ba7187c223c74acd1f06a851866441e1d6714c446c64f12b71c29315fd6311b8
28865,Tshirts,424b538772d186117fd39219fa75df6fe685a71dfea45955ce627b6c61fceb32
28872,Kurtas,234e9c4fb5511b50a6e30e5b3ed8e29f88c0181688265eb5f6debd7fa4d44688
28873,Kurtas,21ca98cbab0fecc65abf6c0f39c8398bc252292eea4965bc7588f1989bf9ab98
28878,Leggings,bbf815c98f113c0a7249155897cdec86fced051f34c646c428166378c37088ac
28899,Briefs,42150b2fd86cf0530e8ac10b9d07db1a5f02076cb4a2594aae5f5c9399535157
28922,Backpacks,c99923f35663e5921c6b7dc311ae604b1e3983312064324eabb97e0609d86bd9
28923,Backpacks,f4814ce2e53196608f028398113817ca886f15756599d610c5867e67c888263b
28936,Kurtas,45db2cc9c38f8c1ef05a1473d6190e5d126fd54ccb098b566d366ad22697e25b
28937,Kurtas,ba897259d2ce2de2b30dcb730f864ecfa8db50858595d8d6c4cc5d65364f39ce
28947,Kurtas,bb19649ad3699d68eac5d5ff31c3c61a865b3e6c0ec92e25c5fd58df930a3ab0
28949,Kurtis,46a1a19699ceab7d148929fead866dbacfdb0ac6e5e25918cfe72163015eeb93
28952,Kurtis,5942f6f683865cc4a51e98805fc2c83ced5f21fe35f7cd822b0b0eec289f3d2b
28953,Kurtis,7fe74347ef0f7a8ba754619c128c050c695f047047a009038699d9cf9cd13873
28961,Kurtas,41b51e63b018a3d26dc9d2ad981100b7c772c629b436b4727363cc3b689b5ac4
28962,Kurtas,4d323199918c64819172a6d6b19f26e030606cee965817f04a420ac13714485d
28966,Kurta Sets,c886aa77db830c2d454569a88806f06c4bbc1273fa14125b31730a7b38dd7465
28968,Kurta Sets,044fc8ecf6815f7bda245f3c2c2808eeda6bc3f1f400f8f3f9014a5b3a42c325
28978,Kurta Sets,a623f3993d7636ef4fc3b2c7f4507c65b592ff50af345e350665b3dbc9886f87
28988,Kurta Sets,5fa48a6b18647a496c9aa957a3800bb43e565262b5baf62ba0482de97461eaa7
29003,Backpacks,8950f78421cf7a72050d6b3ccc5204f674c95746553c55bec9bddb031ebcebdc
29020,Track Pants,1dea9d28af7470aab266ccd84bab00208e4e423f670bc2c8b0b2c7328ccdef93
29021,Tshirts,c0258c4f79ea692434b388642c4c517f25ec94096161488737308ab889d1c37a
29022,Tshirts,6cc9e7713789daadd20ec7ef99bdd401cd4e45fb1b7aa269843baf8fa6f6f209
29028,Tshirts,70858610842f1f62c5b6c0deab316ea7f6669673c09669052c46878f4317f92b
29033,Caps,b3b0ca17e9d56ab5865ec9eb002120e353bef896081e195a6fa78f8880e25822
29041,Track Pants,625608734edba07577b1d68d7cd6c2a92091490a072c2bed9080b75d2e174fcb
29047,Tshirts,7c6d96009a8b9f065c89d3280ff44765fe3c013061be0e87a863f1be894f2ba3
29050,Tshirts,9c14a4c1a77ee24b24ad0a768cf3e3bafd3908ecbe2063b47a9beb9031eea74d
29065,Backpacks,7476c4de9511b936d0e6ed300855941163d8f8a79d11fd8ce348b330f0f052a4
29072,Backpacks,942c29cede9767d95c9a288d592b77ae70105180c701a7e29e6b0d1241147cbc
29074,Backpacks,3737a1a4f44bc00535f4c3328e45757f9cf4fffd90d57e7d26fd394ca8c590a8
29075,Backpacks,b721ecc838eb1dce8dddd239513d6fc99bebcbc9d504bca0a2f84248ee546e5e
29085,Wallets,7a475fd239b7ef3b19f29c8eb5abf93fe08c212e50fb26964267bc85728d4a36
29088,Casual Shoes,137fa0d773e862cba0b289f2d7398c1fa6674b29363b080c1acf0973a5f64859
29106,Caps,3a16b295088adaaf900f5cbeb7b9824bea1ed494f5ca5802941309df22e033c8
29113,Socks,ec4cd5ff18266dfa14c7694efd59c4fa12aa98559e055a2f1961b2c9f80503f0
29127,Sunglasses,828e8cb7d2190049cd89472c94e36c964b395cbf65ae4b999d92ffb85c7499eb
29134,Sunglasses,bf4cb73c667490c41f532c6297b431e06cf067000f8ef21f75dfc82af8c9836c
29140,Sunglasses,5c59586c499d9ac635fc44bed5037a71412c67188b886777eedbd27fc7677a81
29158,Dresses,bc949ad0d5fd0caab0c45177e26f638ce19372d17442e66ceca213ec31f2b7af
29177,Shorts,301409766ea39c3f1aefb81eeeb2810a37eb345566e9a5adac2b71cc89e7e77d
29189,Laptop Bag,c98796d3446a7dbc5941d082dc8f91e748a697b4c31ea4029945b78e9eaf30ce
29192,Backpacks,0e600a4f500e82bc4ba7bb8ffacc32b5f32b85f2e3ca37d4b930ceabe07c402c
29218,Socks,382534bfd630cedd80ef36910ddfd65c9b6438121aef4f20d8dc94d620845e04
29226,Flip Flops,4ddcf8aaec43fd9080cd3cdfeb705bec89d073d45fd4909341fc7ce25f5d6c0a
29227,Sports Shoes,dccf119a0f59f57a7a4b124480cce99e4b6778dd194e4e5b1cec785ae1100f4c
29228,Sports Shoes,c400ca2728cd145bac7998e977bbf2f42d316f854ca4f71504d94f26586a5c4c
29235,Flats,59e2f39171c2c2add2736677ab54128b83b58f64be7fed43c7a0870606127e43
29238,Sports Shoes,48f182b320b89c907ff8776d284ef4a8a0d909de846303fa1b12c2e54f207d48
29239,Sandals,261a1045b1f2c68e01dcee1f2fbcdf1610a920e58152bdd5243327767e30e417
29245,Tshirts,28e9f443b85aa1e67a042a22e225d22ed0b02ef0d51f9bc96cf48b9e5854cbda
29247,Tshirts,7ca8d5cb8fac62c2b75f533cbb9033293eb7703744afce1b788a4781288fe844
29248,Sports Shoes,31ee76642c374cbff4ebf2c5e4582607df0ef657abb31c1ed6f7bf9f8018d50c
29265,Sports Shoes,544ddecc66293e825595957aea7ffbdb02e910541ba49a8af2ec7e52366caa3c
29282,Shirts,ead6a0bbee5d2b501bb3d959530011415f7a8ec50e87b87352d606f3bf9b8fb6
29297,Tshirts,eab8b0b13101aac5d780f53c4f9927eba03d94f378a629067df8a906c3cef858
29300,Tshirts,885bff41a989c534d5691c325d0c454648dce21eb7f18694bcf27410913ffe38
29317,Backpacks,4311bcef730884d3b2d580c73ecf44f48bda4e2170b26d27b7e32af9fd0500dd
29318,Backpacks,20c663520129efd71a162a35c4bfb58828abda0fe448955d1418f7e047d94487
29321,Tshirts,260cfffeed7f8ae4091b2e9ae51a3813c7746980b1a00c9b836e509e9faaa2b6
29345,Tshirts,82765059731b61a311b79857ff7aaf582fbeb3ddd625dc209f4d11c320cca162
29390,Shirts,5b336aa4eb5642eb4709f0579ec9430bab875db191c48db85bd75f5fab75a59f
29402,Trousers,6a012a73d74adad1cefdb5786338a728c217811e8b6dbb6983bef75c9e3f2db7
29413,Watches,1b17fe0eb8274e503e28bcb778e86db9748f918cb64fa9a55acd785f3461957e
29433,Watches,a59f262f00698843c36c5c5b47d76e0ecb62b898e09752651f1ae5dd26a3a017
29444,Watches,700e753a1623439237745447d4eaadd5b8170e37abfd35a3a5252ebf17a295de
29461,Free Gifts,f29a9cc975f88173658c812df4645d962a3cc970c64bf7a765cf7a960a22b267
29463,Watches,24d3f282f4aea5b348983332d36da87093b7a3af8f64025f4e64fcd28f45c5f1
29472,Watches,c6b5c97bc4baef9c058032225d8116b356d77cd9c770a87ec607a943e5b8a217
29479,Watches,52156081333f4b57bce8da76ffb3e3d4a225176d0761ef3b9171a69431cc5de5
29486,Tshirts,9d09f4228be948be840fa1862a3d3019a8480128b03471d812bea89325115d72
29498,Watches,22a4c1e1fe9721e7bc66335a35679a461cb146dc14079cdcc4266e7164987126
29499,Watches,f06d795ee95343e2936c5ff3332c546ba75fc5fecc40d0c4c6466a9bd212d8e1
29500,Watches,4ba87a706fbf7e771bf816f34a100225a61babc83e930dc5da1c304cdbd62ab1
29511,Watches,a6f6ea3f1d1c78f2199f7848bd68ffbdf5be955cbb5bb061f124798a2a5efb8f
29532,Watches,00c9c48a170a9e3a7266816c4e7ccd7ce1a958789c672c34f436ade8dde8df7b
29551,Tshirts,58e70066a1a3b83676b7ff1d1809e51fb0086c238bc4c3600280e8dfe0d76159
29553,Tshirts,0f973c191a3f8920759de9293af5b808cf15e5d14f0f0eebcd59ebd217dd69f6
29569,Casual Shoes,3cf3c3fbe55dd5a74d37bc35d00e257f64fc12e0fc3ad33094781c2c9385fb9d
29570,Casual Shoes,54a05bc8f04a456a6ec8a0dd3e576a06c8b8ea22c9ead7f5febef8451d4e51c0
29571,Casual Shoes,caabe1f814acde9af77981eab8c68ec7155e12a74d930ef9b305707baac9fff3
29576,Casual Shoes,df8c721f06669e5bce79481752a60049653114418c846ccfb49b496c13d1e16d
29609,Shirts,1a939234d930b4b8a2e6c5af1272abb707f8002905352137f7e3a2791391dd5b
29653,Shirts,a7cf1116595258b8e1a874b6417987d03ef7269bbc0f6724a468313596ed1434
29677,Trousers,ca933b4eb55ea2163c9818a38eddd2379aeb494dac15a12a3c49e5721f1d7688
29701,Shirts,85369a3216a6b31dad73350ae1a29ada677568ad9c282ebf4fa27805967cdabc
29709,Shirts,50721e6e6e1b70128bd9ebc6d45e9785d735798ce8e9a5cce7a190471cda780d
29711,Shirts,f184ffe812022911d255e8aba437946cf9cb40bccbafe1dc281848daf76ce088
29729,Handbags,5d8592fa95eb027053af325cfdc1df198988139f05a380aaa6b7e3b8c401d436
29743,Handbags,fc7c0c9c9d6da1c66413b0c5aecc716adc56379508945dab20e6873d6b8f0109
29746,Watches,d719e5a40466db0e71e3b8fba0f17e5fe9fa4e99fd8e5b226440d54a8fa5c8ed
29747,Watches,6490fb4c47fa11693ba793af709aaadc2174b3d94b1b996086c76907d782ad23
29748,Watches,a90b7b16cdcb448d7ad0d3ef9de914a349d7b884a0ff1c07080a144edf97af85
29751,Watches,2cc8441e5c8998477b0755c7a7a85f4f993455ac2c30cf8a7c9c15e1fa2b2cc1
29762,Watches,3b7720ac5dc0b36ee1665445f2610f6721edcb41e1ce2a4fbbe645edf89cf4b4
29781,Trousers,2916cba460f8258cf127727d2c1907088ac78d3fdddf71454b322043e6c35e66
29782,Trousers,5552dda8bd08808eb23d2a0ce7f7a1e09bf3f1d7c9c28750c08e386fa3e48631
29787,Tshirts,029d49af37f25a5a9f8212e8303da87dd316060abdba7139ef2790bbe3bf81bc
29789,Tshirts,ab7d4dfa15667b2c992e2726dfa04222e5f7126b6a37011da1322e6dc233762b
29795,Shirts,f4bbd58def366abc68860436d0c281245d6d8bfa71550457d797fcd0f7228496
29797,Shirts,3020fe63d57a11c5531d66784de0bce9d97cd3a83ee2c2a17c3ae6fc40a18507
29820,Shirts,d8ce48eb1879ea2ea7b63aceaa41f40f27e099ffea1cf3530bf3da1f69877d3c
29852,Trousers,f3afabbbfbdf679b2c9ebb8979d518e3ad1127b7293f3bff3a7d9aab06834624
29863,Sunglasses,57e29b28afb485b2db62c9e8c683312bba4130fd65d33b1817222a3e6e69ffc7
29867,Sunglasses,02f00717a99ed24012b9f14aa405a733401c2787f8dc2587d40f75238f764d87
29869,Sunglasses,62c92c90fa052a51c582b9d914da95c8166e1b8f3be4faa86d0b9f9b392a95d5
29874,Sunglasses,918339890453c98be9715763699b215d54339752bc7a6a0cc7f739f7a90ad0b5
29880,Sunglasses,09741530494c9596c1dddb190b389a34f1bd73260350f9afa36f95549058063c
29881,Sunglasses,2b52207ab361e211d2d9d401f2e22dfff6a58d481e6372de7d7c9f04b84767c5
29885,Sunglasses,a058c3d6a524db7331dadd316c86d6b80407b9e779cc4bc02051c80e3b803b35
29908,Watches,4177c0673e11b37759562739e5a81ccae24d71e21d75e473ed750379cd6c7204
29917,Watches,8964e7f0da5e27021dbf654bece0104cb02cd649ee219ff0a73ab2d0b07c3893
29920,Watches,2788d1ab5382f8acb9b1853ae98b7eeebfb925ea871eada54bc173eac838038d
29927,Watches,7eed7a36a8a6d5a97d04fd592f859da605d0a0d293be4f5c1b59b59bd31cd4ae
29928,Watches,ac50b6e91bc37167a26054306e9289a92d7775f757faa12467b22e3dcba6af10
29929,Watches,fef6692e878429dcf3b2b1decc1911b188b9aa8f67ddc81096573d34d6358233
29945,Watches,55fbbb4ce7bb356609006780b8eb03635d9986032523ef6f56d9932f2beb8f5e
29960,Sunglasses,4e1499b92c19262b8e22b29b91a7ed6b7017e52c118688fdec6d9cbde026059a
29977,Watches,49c65cf7d17dbfe555e6caaac10b079d16daa40bbee336e32269c0cddcfcd6ba
29979,Watches,27fc91189adf09545a6d483914953c9150831dd7b2341107f0d073e8f2867893
30041,Watches,be019703dfbc39328d240ef712476d4b7b8c092bff990de18c9ca2978c9b6afe
30058,Watches,4a4b3804e86ca685c15b7e8d0b061074f09cf15d45aae4f465ab1306dc934ffd
30063,Watches,f129cbd96606f8d82917c7461b39c7c1aae0078e8d4a9c60730ef24e469ec3c3
30067,Watches,fad727df4f14e2b7d819835816b08b5210262793fbaa49ed36bafb3fd486168d
30082,Watches,6f8e2bc04c5e0ef1a82796a84a0d4cc93b2d3cc6b05c0a011cc179ad28497cab
30087,Watches,8afc29fd668b371621ae56fb1c03d2b8a3a82a94e5630d5ce364dcf15dfd2efc
30095,Watches,ada1c9837153335ce141d20e824415f517b56072190cd3696035b4fdf19ddfe1
30102,Jeans,b50ddcbceb4750ff09d01f38319a201597d781f225dffae07bae74e02c0c63f2
30106,Shirts,b9d587235357b88e03ce4dbaa36d1f04b0b2e55cb8f578f94c5172d063dc6d87
30140,Tshirts,2c52854fb3a49d2493008fe18e718fc6c0833563a4b7d8103318e5b8f8c77564
30142,Tshirts,9a1f290b0181441211067d7fac490a82483808a94c8421bb4b994512b5cf1f73
30144,Tshirts,a396f47c37545a7377675f2dc0ce2bc9866b552291f333cc5036ff1bfd31c594
30145,Tshirts,4ef1258ca088d60adbb8cb06f9e11f9f602bd7d0026cccd49e746953430a1d7d
30147,Caps,02a6f629c04b0d797ed2651bbf1f7ff31746b0ba921ca9951029ae1ffe9ec397
30159,Wallets,fb714d2e38722664dee8a83ba6af67346551eaea4e5e09118056be852a7f2388
30162,Watches,f4b70fb46e256864bd35344a7f009a8e48751aead9e43f5f413e7aa49a42733a
30182,Backpacks,79f6b66eb8090c723fbb53b3f07dace910195e078a1e719ec13ee23e8a7f15a5
30191,Laptop Bag,ce4ac39f8b788827e9337c39c361b6a7f375a1fc500a6bcb344ccdc3bad3df89
30197,Backpacks,24b5d1a0de22c60ee538768340e6d869d53d894bb5c0b56514e8ae6a503a16df
30199,Backpacks,618dd900c5af0ea3781debca44e9e489d97f5305db1e6bb225b11b4176548064
30202,Backpacks,4e5d5da1c0fe413dedcb66cdaba57b04b166c3581f6e8ec629095b50abd1cbb2
30206,Socks,df2d2d5ac0b4e3a44cfd1d3480d9b1b0c2f9240b5ea349bcaa3226c409daf17d
30228,Shirts,af5a15192ad44c343755651d76399e22769ade45e8ae122f5bccd45e619fd3d6
30233,Casual Shoes,f1a5a523f26deae91069b9494dcd79c447448ede0a1c6eaab849cdcd895ef485
30240,Casual Shoes,e92c8ccfe3470d5e0fce35d6079075e0ad6a8d167a14911fad643377af8f7be9
30241,Flip Flops,575cbe790168b424281c3132bc7bf1119013dac564093477041c266c2d6f1adf
30245,Flip Flops,dff2aa60366869b5733ecc5a642aa9b4ff4ce15125b75b31c98b23b84deb518d
30255,Casual Shoes,1daa95237523ce283b0433055c9ce3a473a6cd429257aaabe1196ee9e3c87c78
30257,Casual Shoes,9273e82c1a1f9eb6e917105ef111f569500903dfbaaae131b25771fe7aeb9992
30279,Sunglasses,aeb0d6915f1c161f0c5af33c255f77d77b114dde9019c183e357b7c3a9fb69fa
30285,Sunglasses,9f255b863ab7576e81e1fccbbbcc442b3cfaa4749f7eef925cbc9d2b7b8888ca
30302,Tshirts,c9d55bd7735dca02f0c5d42c4fb832c934f77d535b212d40ca9c532fe97e2102
30306,Tshirts,36485cb9fd7debe47fc603908a3adbc35dd3378edf6d47ede1f749057b83621d
30312,Tshirts,0f9ec3a7b1cc4811ec18038dbd1566510f2bc4ee6100eaff1382c19a3ee085f3
30315,Tshirts,fe275280f5e55a11df565ed30d1c58498771ef9a1d56be2cd93a01a318a39d99
30320,Tshirts,45ea2f50839621662ee781494931c4eafabc8a5e25aac09ac360140c528e2eb9
30323,Tshirts,d9acb897170fa3c5f3f8873507a27dc3c5c9d062e1e75820843862f0f7e0e63b
30324,Tshirts,4735cdff70d8e42f638499d0339756bda2f951a70ea02fd86c591c27a2aaef49
30328,Tshirts,f08fd355fccb46085b25e3c5f1809f68b324e4e2b8f06d9901fc51460100f4cf
30330,Tshirts,394a582dadbffc3a935a72a682a376cc5c309284f57483fdb98bd322b2caf844
30335,Tshirts,c9170fd07edbdd9f1290de103839e605bcc2b2fa1e1823bfaffcc35a35def1ff
30344,Tshirts,8467b2571636b7a4da9d1f026d1e250ffbd26d17e8b9cd94739534418dcabd1d
30354,Tshirts,ec5d8cc43139e4039f52a5d9148d29ec7db1e778d6258f0c359b643f8783ec0a
30356,Tshirts,16f0153d3ad36cde9c5bff621eedf2d38e06d0aa87743d77f0023045c96ed6e7
30358,Tshirts,8aad02b2224a1d17da877f57a73ee9484799543baa6e855c0c6bc33a837472ab
30359,Tshirts,40126507a35d6a968f7e7731165c290cb0a9459d0bbe9220285d7675b0acc50e
30411,Jeans,7b960dc567001be324cb787ffd6871db423b7e7bb93da19021a471b3e30372a1
30412,Jeans,9b6a7a8525dc75ab66eebf3da8a6028e4f2f802605b40d91c86b1632235228ee
30415,Jeans,c9b38a90092b4df4a573a3bd0f2805c35d32d724e80e668d96b623573caa216c
30464,Bra,2e6b1dff68d3a234404cc299b5b893fafebd26db7a96a97ef41fd8dec1625395
30484,Bra,4f75897b213dcd8ce56b102d18bbaed33706edd5424ccdc5c01e2d4a447c7c19
30487,Bra,ed37102624d3fba75f350418fed5969911d84f3773844726fd4631da5199e14e
30499,Bra,f275b600b574f61289cdf4bab1b079db8ae96c025e537db8a5ae9225a9d3200f
30515,Bra,49f714b36969b4677b9d6dbd3cc451cc75282896cbaa6cce50887412313658b0
30535,Bra,7fee56d53d85da0242cd3902b7b3cad3abd3cc65bee7b8501a73792197e5a95c
30539,Socks,f619300fb0f436f4705690591f97c024d6dbfd75db66a6783987569ff3f043fb
30542,Socks,3fbd7951eeeba1b012ebd84bbeb80c0b2057dfd7e8f79ae2511bb1629c6f7e03
30546,Socks,65743b75945fc1a7524f973a41a035e07cdf9c7bef248e3f18e275c1aeca6d81
30551,Tshirts,7048d0f5a522d501892bfc7e6477e5d3bb149422f27458116de69023c4140533
30555,Sunglasses,d51f91c921f44905885240e404b27942d846cd688b386d88cf2d3f25a90f25ff
30561,Sunglasses,e22c3d34ef3805c2c816dbd635dfa5aad148fcb2d54a95be04aa23f674c9725b
30562,Sunglasses,b657a6995aacfbfb7d098ec7c3af1852e8eb1e277d6a9a119677dc084b53167f
30564,Sunglasses,0db6090ef166c9bf546d3e063be64c73efba3f8a4954ddac01c9170b9b5d3b2e
30565,Sunglasses,ff97557eb1faac6078c8b963bbe446041bcad5f799f544d47cbfc743c928f784
30566,Sunglasses,b50c55180d84160759f60d619b9a1705f97154e14bdb42fef8b17cfbb4806b53
30587,Tshirts,5e940b24aed4d01998b97f56d537401a39ffb5178dd46c62a8f90e92c4623ffd
30592,Caps,3209e766e77595da617785b4e7c0201bc21c80a9bf0e93ec51a5f3cdb261abe2
30599,Shorts,a157f7c28e1440d7b79394445ad22f250f793dfd8e6fd143d84e8dd57c31b20f
30604,Track Pants,d2744c069f64a0e4791771bb35e8f879c2411e83a9f59129b36838d653cf3f25
30605,Track Pants,55eb845156cee4f5ae4098bb1e801445b84146aa20e9049e1a38426b11ef99c6
30616,Track Pants,b0bac3d43be4ee954321866f232e988ae63e129c88dbb759ce29dc84c901a915
30619,Tshirts,8e934608b3c34b8c412efb848f7d77d040c082c4c6b53c00473948855bc7551b
30635,Tshirts,3a431bd969e317504d88162bff2a18d4ad91a8fde8f76cb32939ef71682cde17
30638,Shorts,aaa511e97a49ed8dad2b7df398926f4deb1d59e68575f114ea42716431d33a36
30639,Shorts,33e90eec3bd52102828a79fa744f3168dedb3bde0d4d19a9b0f71511fc34dcb2
30645,Tshirts,1a775114e413755cfb7a94d4f75c1a8ae99717bd7fdc23177988bd8cfb52c0db
30668,Sunglasses,5c3d8886154ebd77d6abb7c23edd94e718399c05eb546929b983595932bd831e
30679,Sunglasses,894106101abcd3f23cc25a4ea11885a7b1722c159b2f974a8f3d43c86ed79685
30682,Sunglasses,893b5ffbe0e1207dbd56af56d9571d810d544eaf7ada0c7ac35e9f1b2621d49a
30693,Heels,422ac1a984c8b33b2ecdf6a811625da5401c884fac72ed40d6b398d35f3cb50e
30695,Flats,95c012749a076a80f7b9b030f7af923e9bc02f634c0d4ac60caf7f8ec17fd84a
30696,Clutches,0e735029de2921caa437ceee82cc11c9a2fc46c768ee3c6c9cbdae8cb737ef9b
30705,Clutches,5e5559d22d976c07cd4be24074535f0828ffb7c7668d6b50293f1251b0b1b751
30713,Clutches,7fc803834cef2195755894241e62e17594967c6edd17e668887d1eece868b270
30720,Kurtas,28f4cd20e56a22c143bdf294925e8e4f11a83f8b59244e11193ff60f055624f1
30721,Kurtas,93c3afcecc14449bb8ca38762c1427645784092948f34f1dc0b09ddfdfe46837
30727,Salwar,29c83457ca76c0c8cb9dfdd09ea3a1e6a3048637a11f4cc9751af2d4665e1a09
30734,Churidar,4525878e2c8a0af5f78b22685738e6e56f0549c4875d18171c208c492f18040b
30737,Waistcoat,aca5fa97d91313f00d8e987bd7efc7bee937c337f322ad093fa0e395b07fd550
30739,Nehru Jackets,eb383bc0b9d047eab431af70977ac8d5fb23430530d02daddcd389c5e1ccf35a
30768,Kurtas,b3bdc0de3b4ebf2634f850ab3917d2aff1e456eaf420e20518b66698615452d9
30779,Kurtas,469beae773a64d5083e82c472792e5a297ed14605be749a9aec88d4c410adb9f
30781,Kurtas,257ccca5e9bbd023fbae2fb47c619c37a4a86601210c123f8b1cbda77311ecfc
30791,Kurtas,6bb914d219d00883f8864c384eaabae69d00eff350ec0e3ab4eab26fe6b49a9b
30792,Lounge Pants,85c027eb2d4a7387dfec7b4d7af1d9d5df6720d7c5978b91114ac4237170d8d8
30796,Shirts,ffe4daab40570c7bc3e7b9d0a5d3503fa199807317087d507fbe9de3f24d4845
30802,Shirts,3b251c4ee81755ad3b2bd169b51fb0472844d82603018fb4b8afaee070108786
30804,Shirts,750fd46baced8f21ecb9a8d106c25421e0097f2602a691e481289700cc1af10e
30809,Churidar,13a121b0f4840c8cd276808c0d516aaaed2def153907c2e932fe3988348231da
30810,Leggings,48a700972c8abde8383342c3473506c80b8505c5c0c0f78c129e90f47bb804bd
30821,Churidar,8b5e2a9fe8b525d0f52461530faaeb109d46404e92c1fbe778ee7aa5c2234d48
30831,Churidar,6aeaee7beaddee0780edd7fb5d1f73973ffcc0dcce21b62c978006525a92a83c
30849,Kurtas,c5579995df82a1884a9429d1f2e5960892b1120db9e237092edf8bddcf77ebf1
30864,Kurtas,e61fd4fde65fe5fe4782ca13278c1dc5e066bfc7c523109dee2e40b8b355d121
30865,Kurtas,7670f9e3cb0364e3f3003db53484de2eeb41ca6a8e53674d47af9017fa9a5d88
30874,Kurtas,f566e5fa270b38f3d5a1f08061ba0610fdd3c94c795588c45b0eed39c4d74e25
30875,Kurtas,496439d21855e874cb1d644be20acdc3f35253774cd5cadaf3a2a4d8b7045e62
30883,Kurtas,055ead2295970da03d9c3f01feef1922155edd4fbd6bac54c8a4c56ad4d1c10d
30889,Kurtas,81b0c1d5f87bad22400a1aad3236229b819ca16ac4fffab3d97f26f11c0ee31c
30891,Kurtas,4047abb884b4d6380f07179388817022324ce2b74fa6c5a535058af977208ea1
30903,Salwar,087ce1e50b9800a651961951d4d4f159d1ef1ed09fbce149178163cd0d2434d1
30911,Kurtis,ee38f1f43f2269361585b7bf54fcb62d497ba336042fe9097e0547afb9f7d92e
30920,Trousers,63ca64664881252a42b3fd16d7e7738ce8a0a93fe50133cb0c188c5c7ff6e70b
30921,Trousers,83516a3394dc017230efc4a4564accecc6e8d7aecd6bc7be540851011fb648e8
30929,Skirts,7506023a50e80f07013af9c065ba30cdec176f1b4e389128f0c83b3fce9fce41
30933,Kurtas,c353b02ee245ec57fa83c0d0ac3159a38bdf6d3f0e12e4748540a153387cc486
30934,Kurtis,8276f66c030818907df698d29b72b7bcfb3b693dc1fa02c5443577bfd1bbbad0
30935,Kurtis,56e4d3aad756717e32a611e72517b01280d9ded45ff0fbac7d1532b9547b6179
30939,Kurtis,4a2a02814d688b344b8f078c85111fb55a59372a206004d36a9dc32f30e8a004
30948,Tops,383b7f9924769652327fd6a67edb3d62bec83807becd4872249716364ff8f72c
31015,Shirts,dead505897066dba53314f2c1a39dc194006293d2433173a75d167e3859097ca
31018,Trousers,55f4061c5588f9315ef8cf16fdd2fb53fe5f9390301d2ee1b773665f6c234b87
31028,Shirts,2f3b44f42be16efb0936a122591ec8f56e27780ad90f0fb952a1baf950430d4a
31057,Shorts,151e8469730a835eba8b4ce31d7903f7f7f274a85fd5d25cdd3eeae8edf1eea8
31059,Dupatta,517ef318e2a0b368dd0ce38db2f0c28ffbcc1fd85c3c021ab65483d92ecdd3d2
31099,Shirts,924d677cb1d82854688c9893611bdeb2fc4525f30bd6e743096267b8594012c7
31111,Jeans,bd01667aaaa782012e5d9146dacb7096a89782321d9cbe818d9ce593d4941ca0
31117,Tops,6d23686d1d313b3313e99fb919e75f71c14602aff1d04a151417436f2ce9fc43
31156,Tshirts,05f5ae339ba6d8be3d0c97be25d7b888b953cf880428c6440e16419a2f6ce1bf
31159,Tshirts,3cfdc50892682ad7c848817c15188b021ff30d7314548d7d953fa09bae5c2281
31161,Blazers,1c048d032066f97f660ed84606ce60c319d1970f9c5ebe29ac69cae9aac5d8fe
31178,Tops,a28003dfe6405aee7553c777b3c833d5479f068cdd8b0a2fe946a69db0e072db
31189,Wallets,acb91e685717084b78093c0f1fce4c51d7a97871e4c3d98bde33cc8414718086
31190,Accessory Gift Set,0d7eb625fd921db6542f42c22eca09ba768af8486ba3e90a69ae6cd67b753975
31206,Accessory Gift Set,b3731b5a5d430a7de7688258a2910d3c328241c4f5883dab4b2c37b2ef7e9fbe
31210,Sports Shoes,b34339372773bdf90b0ad48892bd5248d11c7af9723102bc9b164b044000a657
31211,Sports Shoes,0d878fc4d308bdaf6a212d9f6ad67137b8894223a5421c987459c242c4e713ab
31221,Capris,94c3c7cd0635ec4836c690a311ded310c300c9b943ebe7ebbcee540286e5a13e
31231,Shorts,691dcacd16e363bf9b79b586e6445a0d4ae4fad3d19470f3401047a162cbefbc
31249,Tshirts,fc03a8205f42bbe5c4e30bf2558918dddfaeae9e77a192b3e32a82993cb1c5b0
31253,Tshirts,6545b15cd8fc17ad20698d315ef0f909d953062b3ebb482ade1d83f84763cfb3
31258,Tshirts,90aaa129ccd5b2af2dd012f6762464aad474b28f0e4af09538f9c09fd0e8902e
31261,Tshirts,0e5b1fcbd6985611131a4eb4810d86c2cd3b39446b29f570bed8c57cdcdf1eaf
31262,Tshirts,7cccd752d7f705a2d0b68393b40e118c7863130276b4247ebfb6b8146aa35a02
31263,Tshirts,27baaa400fd744029bfb1ef414430f84587ff2c141f359fbf119152dd0256ce4
31277,Tshirts,1101e29165d28f7df56bda700bb71de9bb962d58accbb9dfac4236d0202d10d4
31279,Tshirts,97b3879fe83dca24e5404666fc61850ab6a65bd2c445cdd29e14a228d04038ef
31305,Kurtas,93faa43dd5a67211949196340d6f9414fba88b1839dab26396c24fc1074a2f1b
31306,Kurtas,1cd41506bd8a8f78d782ef613fa4b3183bea0092717f90ef971b4f3afc929423
31307,Kurtas,276bdf38165a27e5cd4688bcbc5abf094b085151cd95c6f3b2fa2a78991f830c
31316,Tops,4bc6969db44bd35f0066ac915d0511153eafbced48d6de2cbd3e1610d45cd9c6
31320,Kurtas,09ce49a8cd8b25f2b7deefb655bb248346e501e08a643879b8a46adc93606726
31330,Casual Shoes,c004c7cc2adb5a491f97a2460bcf6fa9e4221711737fd66ea5d82c6e98480057
31335,Jeans,bb893944c85ff0d56b8ad4a6f389beb719ee89156865c1d439d6cb736d5589cc
31338,Jeans,9e7541c3a808b96c448e195731581db34ed2e4992603d16da57e9bf81741e344
31340,Jeans,1b5b32a4b15d65c70efff6ed2ad0bb310852d63ab38f1f7c4d3d07e2ca621579
31365,Tshirts,be1d09ca0c6b642dd7c2fdba5f5286a8c52b12121cbb8f759020a523b72e21c4
31385,Tshirts,507763f1f980cf7a1b3872c596959f4af7794994e8058348fa8247f33de276ff
31435,Trousers,e20fbcc2ed683951d418eb735a02e0dd97caba365b6c26ae50081b908c37c446
31452,Tshirts,8c258fca11ffa718126315d984260adc38a4cbb8ba1eb49bb084505f210fe06e
31463,Tshirts,7b76ef60959bc8fb700e5ac39ac46fe8be6f22f8793640b59bb23eec2c3bef19
31488,Trousers,f30e0e71c8748420c2bc6f084a3fd087cd9b030fbd55e82baf566839a7b9fae1
31541,Tshirts,2829b33c5bcb1301e559a8f24936fbd092c8a1bc58c4eb12e29b639a584df1ab
31547,Tshirts,d6509f55040868c7ec0082bc1a2f1846199e117065eaf9613a26a3feb9ca2d5f
31550,Tshirts,30374cd06111c83b85021d7b5ccb32f11ea17b5b821c07eafdf7cd2501345688
31551,Casual Shoes,ab2f57e357e7cfdbb22aafd4499b29ddab59b40aba69bcd403f29f2b4fa6bd31
31571,Trousers,a2f26625828d0c3a45bf2bbe0ab77230e615d53dd2809b0518f5d04dc0d6d83a
31580,Tshirts,fb37595d459e02a661126994d247b89a27692352ef0e29150a145d01ae5fbe3e
31585,Tshirts,fb75d081364781291bb4ecd21f484c7ba436f884429e3727454a4b636ecc4e31
31587,Tshirts,fea1498b310efdf291ef74dfe64de38ba44ab07c7e19f140231837636cb17403
31588,Tshirts,3f1d68249f55670523c32df7536ef82a51ff01d865a0898d0eafa092fe25507e
31604,Tshirts,a5aa4e4b31203c72e2b5dc4a0160847f64a3f14b2aeae28360f4c57cb961b7c0
31605,Skirts,86a17940d2c8279ab7ce8ab21730eec24dfbecdfb47d1d0b8a9819bce096bbc5
31608,Backpacks,ec3ed1d5412af5cfe5e8213df871b65884e6ec371b6c02edf183d77315a8f307
31620,Shirts,7d8d1c9d743f3dd17891eb5fda96f6cc9e8b44b98b747c5c35197c7a58c69639
31640,Shirts,7d7d4542d4e636fd7012fce7f6f9800c700c3c966d0e881ff22c18fd14b4e47d
31673,Jeans,dfda88c0582703f1aa3442b93a99876ddf3386815c045bb159decf52cec49df2
31705,Earrings,a2709de25ca29a1e18dfd029f72443d63e39fe9acade5793a87c248402443f69
31710,Earrings,0870dc5964d83daae06987ce4ad8d0d21fb1b854036df998573a17c0066d8474
31722,Earrings,74753dc6e26f146564329060b68fa9fce3973ea2343cad9d1f1b1d3db2cbbb1b
31818,Watches,6ad61951906cd0b8f0f00e5b7cc83f614fe9db64b8eb09ad4df41ffa51c4c9c1
31821,Watches,d386b72cc520e891658b7dee46ebcad9d31257d810f10f4b56aff94f8ad75465
31822,Watches,6928bd5c6619b55acda0023ce40620544aa4cc5d606e21bfdfb854af239844dc
31837,Watches,1130ee26997736bbf4d38553a3c047e8c0b86286cd12da123581d29b9538b59a
31841,Watches,7436fd11c1783ddd063694ed85aa1ffe650ba3c92fa2c2e0e6637493aacb9d20
31846,Watches,22474fa44f50b359949534bf210efce64765d62db15960a3aa09ecd3fabe9078
31850,Watches,81c88d17cda2e7fed000c01d0af00e7c6d8309b456b4e3eef1873b900f7afa9d
31857,Watches,8d0eca776598db612e8f6117526232a89caaa62db9398257ca56cf4c2dae6e69
31862,Watches,95b5e5fc7e13946d413e3f322e854bdf28f1713847e7d136e1b7e286135984ad
31868,Watches,42673c4c938891435b7b0c2f84913f7b7f0fdc0b58e077431dd24e6665452b49
31875,Dupatta,27d8c2b1a48a59906dcef691061c34647c6a2254504232860cea4e3522c4d4e5
31876,Sarees,5e619917943232c9dcb5c7607c7041f08d53c6aed92940219f2f5125fab05b5d
31884,Stoles,4c744bdd666d002b2f7428ea5a918d8685c860e0097b298cf4212ae106fc9f4c
31890,Stoles,95fc6eabf633cb97bb1d2913da432b62050a784a9675d63c9b96323e86b23fac
31898,Briefs,9f8a413832ca61d312b43f5e9ce64e3b6f667af0f4ab48f6e04b7f42d0360ae5
31904,Briefs,05cc97dbc12ec024880f06012c009b4787dbc1190c7a8dcdaaecdea874956ed0
31909,Briefs,a26229b1c48a565141796892e4c9983c2df18c894cf6699e37ecad69043cfbbc
31919,Clutches,a3bc0b411b93ba20ff08bce67475bf691ebcb5eb9c85830cce933e8be3ff8e49
31946,Casual Shoes,0a92bc5a90ae0851509d134a95e0b310f9a246f07c9833cd7529cab61b549d72
31951,Sports Shoes,bfc79563a3328cff808175e70811bd1ca6c1826405ebdba934fc04c9d7265fc7
31953,Sports Shoes,d984bb61346613bd45e620c0643a5d55e5e9de94ee025aadb08a1556ce0e87e2
31958,Sports Shoes,78e858c54290c35f6e1119d0a5d48a9782c28e524113ac4f398f371ec6bac30a
31966,Casual Shoes,f488917373dfe9fbb2f95a62b97b5e0704688d29ef15944e8faf12b0f722ee7b
31974,Sports Shoes,b55e58db6e87344a160a4b96ef908a50e80f05e2508ca36bc337fd67ecdb44df
31977,Sports Shoes,a0d63f080b7f07a75c46b10cbf8758ed9013360ecf811b4ef113d7259f3d24b7
31990,Socks,89e2a9689567317354784ef360e28e21f0428cde330d9a1505e2731c5c94422f
31991,Socks,e6f73a4f1a27b6f209f51161c830c6b203e6432c68c9ca2bef1cfc51231a0837
31998,Socks,f882cfd3073ed75f862bac122a4c2e1e2c57e0762637eec86f0f5c33fc57a1a7
32008,Socks,367bfb3b838d57f35d4d35ac92cd83395688ff397939d3e09cf6e5f03bc6d330
32010,Socks,8e439c08efabb4e31db9eb757f5dd1447ea7fe5dd8442fc61984912058c11757
32037,Socks,3a7bbf1912ef8318d367420a1e6ab0c7f12fd327ef0ac18cd7ddc66c632e131d
32041,Socks,bbbde499b5a8ef6d876bb7081c19f5f55d271a5f44e3a632938c9eda2e59b7e8
32045,Socks,4bea1136fd729b9344892fde79cdd8fbcb4d5c1aaf6785200aa91ea1de93e596
32071,Boxers,33960236182446ebef7249cbe0e3fea727a7180b346c64a3db110389538a4ea5
32072,Lounge Shorts,2fdf58d75cce0b0e9e216704d3e6deb41bb776bf896d6949af6842c0b548feb0
32118,Briefs,6d0a16f2962f00220186d6e6814ebafa2460b4ec3c438514c2ab8e6f043dfa32
32158,Socks,4266024cb3558f0d65bee2569de0f40f4547a0688f0fdf4c96c6d297a00227c1
32159,Socks,f86d5026dcf1220d30c972c2f0e0823b949eef3cb7b45437a4f33346b9804e7f
32170,Socks,89af48016fe7444dfeb8e29acb37717db9e42fecdf5f709a340e9499d2270543
32181,Sports Shoes,1c8ae088a247f83bb6ec50ec62af5708ccd7a1962e24e73730e7e4f3f9f10277
32184,Flip Flops,3213d7f251c37dea5e3bd73976b43c839ccfee530df7cdad1c06dcd24a332ce3
32191,Sports Shoes,71d7842c46d744c557781bd7174fff15fbf9710ce63a7d4864f7fd7512b02551
32194,Casual Shoes,9e8cbbec202dc08835e79a2595fa0a1cbb2860c4a4962e22581e811cbe74cc85
32195,Sports Shoes,d2a35bd066785052558515c2475f546387eaad22c27bf7912f39b5be9e701385
32204,Kurtas,805f354865e9485f375239be4ea59d78d6682f1cae1066a503d4e6baadcc040d
32211,Kurtas,4926abc301cd8b1ae9d9d5cc165b02700ffdf31399bfdd4e681f1af957ecd435
32221,Kurtas,0cc11d781707bc3604be8f132050ac94100e57d0aa4c683fac12a1ee192cfb64
32222,Kurtas,25194af549b10acb25978688fa27d38a22e4bbad06a134fbfec8e5a19b774b2c
32243,Kurtas,9497a59a5e2276902009d82c609cede39cf21b6888c1661cbb2b7863a8c4281d
32246,Patiala,be16d3d07c066e07ddb2c47774a3b2b8a90b14f31a0a04fc6496c9616e0e77ad
32251,Skirts,5afc25cc7aede77368ae16371686a3aa77040f30786ea6a983601b21f6764b67
32252,Skirts,44e9fea889a8394d2ac88572aad557db00cf07f35a556542514b85985a02f3eb
32260,Kurtis,3df5395d7a446546947f075fadd52736491953531386c5b9ec19f0d9aaa0abfe
32270,Kurtas,81c0f15a9bd14ce2c893339c112c9c01c393e99459d976ae75effa69473a4c0d
32272,Kurtas,7866a13d725170775da88faed789ab1388567bc79e143bb2251efeb46324f092
32273,Kurtas,b797d365ef22e9a611f1d71a6484ec116a44c1c6fbd0bb3ea18922cca5d9aba6
32292,Watches,a948c1b2dfcb0808123ab1ab84450fe89d056e15279dc32cd08fbf8266ec4229
32294,Watches,495fc3039e3492d037d9da61baed62f2564794635b0bbde0b4025521cb6607d9
32304,Watches,6b965ca0add809475ba679d27c3cd4d4827c0df23bdec567183c6c63d526374d
32314,Watches,f708caf3860d734958245805f713117034bc563055076b2137b16a055f670a09
32315,Watches,87bcb9a6c4bf938a940e2c1fffb6563313f10cfe0cd55b9c337078b121252e56
32319,Watches,b1c86ecd11e919c55f716c66f0e7dd414c367b62309a12323c73b966e44dd6c7
32329,Watches,61f4fe4b45642123f18240c61ef30dd87e062e61d58aa6460b05cb707327f47b
32331,Watches,e25bb46c4dff27372f7e4ccd4340c8dc9728290e2a95aac7635d496d68007aa6
32338,Watches,144a9cc200c92abb7a27f3056c6201cdc1ba2d35a8a0bbfe4cf76971ce8226b8
32347,Watches,8b22c7011aa5e8c020acd2a3107008b36efd81fb7e5994c2b039232df03e460a
32350,Watches,5d2d0599b7b91282557b0c2bd9c6d187a32d2848964525d499027b6cea962978
32352,Watches,793b23748e8493a73e7ffe73bb114b4e93cf36dbc3cb12e77eebf0f37bb1edc2
32354,Watches,7aa851904bcd5e63769c4d414dfb45301c0977ab4848df3852a76482b17414f4
32356,Watches,1f3829f633d8e345efecbdf3c8f96640f731fcab227a4cb61ad9b2dcdb499e03
32372,Watches,4fca20d3659d24d44a4077e4870ab62769605cc43fa5e67655536c06a8d0e9db
32376,Watches,24b2fe7b5a0d801cdb229ed4fad45567b6bfe8491a7e12dec80db5b6645625ea
32400,Tops,2ed433d18e60d37977f9c1dcd0ae2b02c096ece4ed883cd60151cd6aa44c84d0
32403,Tops,d64f0f7c201ae61f2104d7d0e9c2613b08208d81decdd2649385003644eb7000
32407,Trousers,39bcfc01e2530d3836de5df93bffa9d338d967081e4e8456c2cdbd47b1f42aea
32415,Tshirts,8f75075858dd231812b79dc931f059bceaefe531481b3d4d53d9c6304498f0bd
32426,Shorts,d32c37a5d98cc8cde299f4b5c6a663c8eec030c8cdc05946a26d505b7e8e2009
32429,Shorts,12c5e1b5be35a0aebc880f855418515c3527f6d731507b39eefb800d7e91edae
32444,Shorts,09a2fbe0652628747ad668fcd3ced39053cef39334439330c02c7d814d3bf4e0
32459,Tshirts,485325cbb0910edc3e32b36f9b364628fec79f5e0745f662fab3269a49e1c00a
32494,Casual Shoes,eb3788608b46f04b5bbd5bb776aac5a57fee14eacf0b55a5ad30cca1ae61490b
32495,Casual Shoes,5b80840887b39a80df00034a5c7a38d6b08b85c1abc532afaf43979feec7684e
32512,Formal Shoes,891a5506f47b778b793c206b00dee86f32134418e2a8581f7d8faff807d107cd
32514,Flip Flops,2b9740e88507b632a165db245e1adaf7bb0e41afafd2841d3d0cb6b4673983c0
32518,Formal Shoes,53b3bcc5d85ef5a34333bc1fcecbddcb4f0d77750d3ebdede236f5751cadd386
32527,Deodorant,fdd8c59d0483c2adbfc073baa1d2413ad25916934b2d6a1f5fe4a7811afaeb7c
32541,Perfume and Body Mist,2a5b54ffddd3009ca6e5420552173604e756436258943d680d569c065865682f
32542,Perfume and Body Mist,35d1aed797ffbff0bad60e4dc8970a591a65b365303e0b0e66e4009d6e40490d
32547,Deodorant,ae5d56aa4d6e7faa25dca833ae2bc33b1d81408d7c7d01ebe6fc7e6d758a1b52
32552,Casual Shoes,9b7fc187d88f341a919235eb58ea2d1c5ec4b66a7d9f3564e3d878fec7e447e3
32555,Casual Shoes,d7da448f4c0d69caaedd54f94ca8c24b58ddf2e6088d11bed54664f63a48cbbc
32557,Casual Shoes,9133d0ceefcc832bca15ea5513dc0da3ec0a033334249a5e65516d819f7458a3
32565,Tops,4566ddf18ac6e49915b5f85358d9ea821c6a116491931aebc7cc575bedb82bbd
32569,Tops,a53d95a7e6f42a284b775e9564376ebd59f56b95ee75c8c314fcc1848ba67203
32571,Sweaters,471116f03a99694a45f4cfc7bfd577c8a882cfc7e14f0b8ba2f9672aae5bd917
32588,Shorts,7e595953dae37ca2a47aa33eb51d8cf30b909e8b1dbedd4e744b9e0197d12047
32592,Tops,7a80fbacbc6e91d8df662b2b93343ae0d88667c014eb625e4c6f5f9f1fe741d7
32596,Tops,eb0cd20679f15527d497e7ee68171a659105763796d82310caa6dc665b81f1f5
32597,Tops,2c0ef7523850f9beb39b1929537e30f197a9cbe95c08745f491ca3e3b7623999
32600,Tops,80ac55191664f278c2ce149813aa12650f5c35539c04538e96eb8cc43c5db388
32619,Tshirts,78639ddca11df16fb3f2a76ee578098cc039ad383cb385f9f6b60c4c9f38638a
32624,Tshirts,b80c3b81f5ba728ae59cf1ed8674fcca142d1b9119a8f1048ebdd0b7953e6bb3
32628,Tshirts,a1a0f0aba90f4c15eef18ced1afcfe25ea0af558ad4123557f6216295d4ac573
32646,Tshirts,e4b1dcdcfb16e1178ec07feb8c8c0e38a58743d84e219eeb2ad012d1b40b9365
32647,Tshirts,103521922ce04f1bbf3c72ea778e42fc31893107f98cea33c75051ce30085368
32720,Briefs,f5dbdbc7b023db6bfd477420dcac81ca0869575a9180a447463b0c532a51b648
32722,Clutches,b86e9819ff4858814ebfa945de03334435e27771f69547e77f2542af69c6593e
32723,Clutches,4f053204d09ca50e7b2e68fbe75fd39596eafb32849d98823daa426d7a84af1b
32736,Sports Shoes,327ac9c3feac0a364655cc90e07ca6ccf104132f1dc1e8319ef1a1b1a3767627
32770,Tshirts,767c562400adfa9ac70db43c093aea7753336fc2718491a3c906f163e6b2f977
32809,Heels,ba2e8776c2414bd70ff94d1c972d9dc1887f91be3d12cee1f8376a2d8273ed03
32810,Heels,abdf3a85a3968accdd476d9ee8b4ee2c6799275fb7a23ad9a07e561ca36d436c
32831,Heels,bc0650f41213da24c4f45f8fef92f65a38aac6433bbec81ff2b7373851f3a5ac
32834,Flats,4df46bbbe7244fc84d3d7f820c26d928a72c575bdef0c52bbe7a6b138691bb6e
32840,Heels,9a3fa67377854421af4d090489a66c1d3851dd222e6cf258f3e80de6ffa6cc0b
32847,Heels,40cba21e182d5cf5af03e4df96d67355d5987477ea7a969946406ba0efa39d42
32858,Heels,2d6551e495d5426facc6db1f463b94bf0814ca98c1fdab38c6539f350a20c615
32859,Heels,42a175075dba91fa03e84fcc57d72193b5ba24fc96c1442f5c4822d29ea41f80
32861,Backpacks,fce9cc893bf55dcfda976489bb167705c3de34754723e801fec3b9d9f9d118dc
32914,Tshirts,948140b27b3709c969d6f13df7312756e5e9be53b37825d02339cdef10e17191
32923,Tshirts,781eeac106d652f020d086da101a2a3dbb7b9fa3c51ccb47d9d285a82d2d54ea
32943,Casual Shoes,ae499e34af58ba230de349815edf14e8f8b6c8d2a975a37cdc9268de98a84462
32946,Casual Shoes,cc60564a8e9a7b304672d5f2c01e198bbe8d8fbf913def6c52b8a8c72be7bab4
32951,Casual Shoes,bfefe58c7c6447bda90ea5230c02d7c121813ce7d95beef550642ee105e5d321
32959,Tshirts,d84656313094e3cbf4109cb6f6a2b9084d3532c8a67c1f8600618015e97f8219
32963,Tshirts,997bababbaed7cc59d2ca300dff47b3018bd09af2506c540ce6108592a9d991c
32967,Tshirts,a0c2c53726938d888d2f527ce9d324d16828db393f8ec404ed9a3bbd8888654b
33016,Kurtas,4112cd5d4341437b4cf9e12086e1673c6489ec972f68763c860ca876ec29c907
33017,Kurtas,8267e6bc7c589be971c8a271369e70f9aab5fd7e9ffe1adeaaa28828433bf46e
33022,Kurtas,6a78b31b75d6c3738dbfb756e8e8bcc4feacdcc4fcb1524c9a88113154ea378f
33026,Kurtas,278da296b79e88a8301296ed2b95d201d913fe0f3a3295aab0df27569bef2086
33029,Kurtis,27924674997881ad7cf334a96595d7e5546cb992369138a64175ebf713e59cca
33032,Kurtas,7d460d185a2da5af91eaf88ffa4a52d3b545330b2a8f9dc206fd9dd102b00742
33040,Kurtas,c56aaccffaf2a7daca6e3a3904bc86a56952112a378cc61d1f27c524f4c0febd
33044,Kurtas,4e0f0abde6d4855f91b8329a080ad7deb66680dca86a9346a1e65956a91a374e
33051,Tops,2bdc4f197e07911cef5df758e921e678d255c83cf407eb9a72afe32418e1d216
33054,Shirts,7b41d8ad1e5bf947d4b093f74142e00d0c3f83e2a3d5d623eb745ed85444c6e1
33055,Shirts,a7932d3bec6c102777a37203bdaa3b85a0c5f9179472eca3ccb63349a8f39315
33056,Shirts,bd42ccebcb6d740d02f58f49596c92371adb5963e3315b52a9adb9a568a487cd
33066,Shirts,45eae9cac9b41c895fd38901bfca9ce93f22ae23933cf19385a2d3c18193f8f6
33069,Tshirts,e05bf53cbedeea985744f8c8d89328e4f79aebda7fbf8003afce12b1a9df3a99
33079,Tshirts,e1ea8a4a08b06e2fd2d13e8f5ef23da5abd25eabcbbf7362990acface6972614
33081,Tshirts,d729b6141e091363aeed2e8441782573fadd8bd0fbd5a023c42ec9b54696d113
33082,Tshirts,346e4967d0973e48610eb0546eabc7d48c6aa60eabc89e6a126d65f0e4365b3f
33085,Tshirts,9c19f3ad57eede461ac1b0d250589e61bc6cef600517ffd13e3b860c4384746d
33095,Heels,d39c69cb2f770ff3c40aa4fe404e67b25d77f357fbca3c584d68c33629919af3
33099,Heels,272625f81e4ce83b7557ce98efcabb1ddf599572690630be2a5737d898028f88
33106,Heels,ce2b91daa4d054b2e3d12b8faac2ff4976a0d27ea865073c8ffc6e6882c6dccf
33107,Heels,52d30addf561eb559c216c7af38a6a33d22ca6e24871e2d3a1160b19169c7f28
33108,Heels,6b45fdee20d73ad77be2fa4a354359f0089e8dcac3425ecb6c4d12b800de5f08
33117,Heels,f0d0a486cd28a9bf62134e91319263b35dac1564b7c9172129888dde1d64d253
33119,Heels,84201bc85e28434fbc1095741a744fbc0630293998734a45b3c412580b04df99
33147,Jeans,ee99a3cda1ce977d89d939bc5f6de80f7e9f496ea5818d65e8233cb6b33c34cd
33152,Tops,f1c5800e00d0531ecbdcf18873e1c8639e03a58f4985c46854e4c7acedc2d5d3
33171,Tops,f0fc910bc43fcaeb5608cd1c815ad21804bfeb9ea23688426286e4fc4679fafc
33174,Tops,c489a443b220c2e87bbbef1af72a91bce8558a6e7d49e52bc4d8b6a5a09fea34
33179,Tops,5250be290151318e05cc74204bd6c38fd40a9bf754ba088a9680863ee57fdb5a
33181,Tops,bddc29bf33bd2d5545fdb2f97df0df31388ef55f7ee94a0a6f250e5fb632c462
33188,Tops,91e2c251f27f3334502d968845e6129e628aeeb6ad0d9fd559099a297b9448c6
33210,Tops,9e975a1cde48a1031e2afa2c4d5df97c84dc6a96ef7aedc1703737cb4141fa72
33213,Tops,371f3e7c82063c1993e6ca4550eee81e1f0158822d26498e0c9a47fdd498951d
33218,Tops,2704ab47ec37ec687aba138bbd63da007aa01ebd7e172111a69bc050464a3339
33229,Laptop Bag,c80d7f98d62fcc0f2d2daab982f7fc45c5e2bd2734ee69db8568fab76dd14797
33232,Shirts,a874d0d499c6741d88031750efad647be02d9158dd1e759a15511d4602c5212a
33235,Shirts,cbe809e8e8adb45a863e802e439f0f2834a1e4940974fca43a11ce5d2d943abd
33240,Shirts,357676f3d61213e0f92141e0d5002472c6ed9af6c34e237550e03ed261152a60
33244,Shirts,1f9724f19fa7ae5d2a33286dc8ae78aff539d07c9fd785844c61cc417093624c
33256,Tshirts,be13c7559a367d223a0a66529f74b609d880321337633b78ae0c94b337d46f35
33257,Tops,4b32af1d791b80a645fb1f0567d0a419ebc44ed70b074f8e8872a3df160cdde0
33259,Shorts,db31b6cb9472e900ac927a5c6603b2cf4aad12a56c16d724fdb536d73d5a2392
33262,Tshirts,5b732fd508e1432d308e16ec6399562877398d5a051007c7f1b7faf4240bd99b
33267,Shorts,c79a763c1795f2f28359969fd31cf453b9d75d508739dbc49c2996b1c8e2e08f
33270,Skirts,12cf0b0993dc1e8f9ed6eb0e8d70bab9b24a3944652780c4c6f707368bcfa759
33277,Jeans,e3d026896297751e906a53fd0946e6a789d5797d13de27ac98962c0578455fec
33287,Tshirts,7998b5d6cc059f2258e94be0c8419caecc9e47203dedf5777b12e43be119d8da
33296,Shirts,cb6daa93aa99f9cbe03166285f2a62416a0efa206ad8ffb44f66853da487ebb8
33316,Shirts,2e0cdc928bf0acfc74652d82c0beae7433bf886756de8ecd2746cd02d3ba9e23
33335,Formal Shoes,b47838c4d0a661e2f33701ab4849ccd599f4edd8a70535e1cb02d9310067a66f
33344,Formal Shoes,a82a50a737f628141215681714f2932397d1cd147cee4e6935e1fd626df70a9a
33353,Formal Shoes,8fa62e0144032c847b7842573fced4a68f1c922c48c3a7196ad6160442a8efab
33364,Wallets,1804e9f4770a5fbd55625012ffdffb4d5aee26dfe69f7499d9a3135e6e67b887
33367,Clutches,c23e09bfa91cf9fbeb429067ef1340915077f6f6c472fea98ad701b62a219f80
33373,Clutches,efceee7da8b92db88fed70d07b91ba8df9211768703b04dd27055b0cca4640fa
33378,Clutches,9bd42d01640d730cddcfd9c3fd3c7b4d49b8c4e945f3675b69a51d900891b554
33384,Wallets,cc5758fd5d11a0503ddbf00effdf7ff75853e3469003a965ebdd601e5a291e32
33386,Handbags,679c5b16e8673088dbf3148a73a703c9a09171d76e442fcd25dbc72a066b65b5
33395,Wallets,6a8311a335ad7e98e9b2fb53704c47e8cbad1732617d2bfc245d0e899d22ea5a
33400,Clutches,361a61dac8cc44586f72076c79e96747c13f79a671c053ec27eb4aa00a0b42d8
33405,Wallets,a3d90f57640d1a55c5b9466e6146be79a2b2e17a87f09e7cef5ad02bee3019bd
33415,Handbags,69b3c753d9c8a693e951b307548e58fcc640f4b62dc8671e007089501351a3b1
33424,Handbags,72e4c384f8a0f994f6ac04dc7720068280c9f2bd078d56e92ebee67b3e9351b9
33426,Handbags,2aa78b1c92632af62df9561213690d5c6f449543950fe8de5da00b0f3ef2e3a8
33427,Handbags,e2b0e4a31ad9e42fdaa709a97b072c3788247b4ee02fa3b095827debf3710193
33429,Handbags,96ad6e34cead95ad9259f98baa20aad5c8d212a8925076e17524b4307af959b5
33433,Handbags,10548d542d90c71a060de6d958a3407982ba159ceb506c9ba10ee4d50b4af376
33434,Handbags,267215fd73749d6ca26fe1ce7c71b1ccc42d085e23e3b834c03351c7a29945d8
33457,Handbags,8dd8fc4fca89ce7b941617a07f4e8258c0ac76ad31354b942dec95ba9931b1c3
33459,Belts,dffb49db45ab0f8421993647134a57b48277b978604197ae984e24bff3e6730c
33460,Belts,65a207594dd7cc9b7f3bc717bbf3048f005690f6fe0ac0422650893c46b6e227
33461,Belts,a819980048db9ab0175b175aefe175754739f5193db48ca17ece00e774bde1a1
33478,Belts,73b6eea90aa5e8050aaab00cf7e0615b8e0b75e4267f291433b9130624ce2a27
33516,Heels,72ef772ca9bceba63cab969158311ead3f52dfa7db31edb2c798b856a7d2f83b
33518,Heels,80097e22865b4810259951ef7fe8a0142f196b4552e341d4c5c2b26a7f6f3d79
33527,Heels,7258394b6b7fb784eb66d7d572ae43efdf8bd8b0ea80313a83ed69ce5b0d4746
33532,Casual Shoes,17a59f0797fff662adca3d17fad360263072b742c3569438fd00fe62eef85e1d
33536,Heels,652fc978a4837cec9500f98a5acc8c4763218caf0dd7cbca684c445b9d545858
33537,Flats,d3b8b1971da3f923c44e8315301ed73046bb5dacc68c07903a931f73328b1536
33539,Tops,c3493547b21e5340aaac326a5e9561dd12dec6f6957fd0922584edfb3f85a819
33553,Shirts,4f24e35e23eb2c1fa6369eb8bb7eede6ee7a70ca90cdd26e34b110f6532e10d3
33557,Tshirts,d6c0e29af09ad941df0db6729e0366c97731cc7e78dd71bf3812cb85a4ee6817
33564,Tshirts,36fc7d8da30e148c961b0b96a8a46116ffffb25a0671e038dd5b5255bd0b759b
33572,Tshirts,4785f0df0317f901c5743332fd6e3bce7fdd614439c544953b1a4940ea54def9
33578,Tshirts,12839eaa30255316718e1aaf0527384894cddf22b5cd383097e96075cba7b79a
33589,Tshirts,e96198904537263c931dbe08a25f175ba15c20360e55f7e1b7b2576ef4979343
33602,Wallets,413b2d9fa73fce5206591ec666ad3a308758586fdebf3fcc1f16a780246e59c8
33616,Wallets,d7a8d14f17be7385869f180ef98fcf43825a926c3c3f5d6c4c710137dd002fee
33618,Wallets,d87b959a38ae82f12245a06d6514545310283e790d6109732e401ed9aa248f8e
33622,Wallets,28e1cb7776a65e5411e2e50031e75d22a2b0894f39e946112acbe562b4214152
33625,Wallets,be54f31f6a6f659d973d26a62ffb3cf945d3308ab59730eb9e0a1e3dc1f4c804
33631,Handbags,aaf994324069523ac91e8bdf72faab359814118dcdebe398fbddb7cea6e49137
33637,Free Gifts,4ab1c6ce87d26079fa8a2ea9625816597373b5ba6af6a0a137b142c32333b126
33649,Sandals,9f3c5feaadb04268596a0f51ceded173d312f768daaaf7933988602bbcedeed2
33655,Sandals,92a3b8a4e9134cf1e96e24fe0c52dfdf8dc199c45278588a72bd0e326deb1843
33662,Sandals,044f96de4dc02e2cb36bfb25b1600df15d42abea4aee2f5a63c162d706266e84
33689,Casual Shoes,0fe7e80eaa990688137f8f31ae197916fbf0aa39c460a3bef3d8e0860c7950f1
33700,Formal Shoes,c3e1ce8a3702ad5216e5b083cc6af60c7bf94f27286b8ce7550a78d40df001e9
33706,Casual Shoes,efbfe4f7b9f23121420c69f050a8b45bc6c91e7f1a2c0c256a347a6aacac6363
33711,Flip Flops,e54f8765ebb6606d04431ed21c7bc1db98173b0184cb7da1405685fc0f2992a5
33712,Flip Flops,460b78ac5bbbd727325733526d08fd3cdac5585778df97a7f099413cfe1f6b82
33714,Casual Shoes,a56d0c85761ff3b5ed297e82603a028024d3f2d1922d1fc3532d53b8d7c11c91
33721,Leggings,263ac4dce80dffc604b0312d66215e087212c2fba0d8f78578639547877312db
33725,Belts,c74802e7a768bbe85858cfa933a21f395cfa17e5251087bd03f0743ba4a9b522
33729,Belts,f8a98008d8cff131da51932407d006c6c4dbb0beaa5e530cfe192d6f4dc56c95
33733,Belts,ea2c6b975927c310721b8e6c9006255feaec083d2faf7ea43d7fab11d912ffc4
33748,Tunics,b1e86f8a9599d14c983b5fd0619bf2320d280ceec84892b4b9374896cdec5908
33749,Tunics,7a95457115fe85d374be337eee0fcdd95efc1d52b0a388e1494fe4ff2405a69d
33752,Tops,c957df807ddf91db5165020b2e4ad68a87f4189016f5819ae6aa50c8919eece2
33758,Tops,3f7e0b9f5e2bb3f4706d91292505f95f837be5ecc4153077eaafcd36eada013d
33760,Tops,c2cf539d40e18dcda427054034dd57597fb20e28782de82f0cf41975bea82c03
33761,Tshirts,9fd1bcdb98f7c384772b2da052cc6a7c22fc969a7015739cdaa617388181d94a
33764,Casual Shoes,ee6f64a1caf8ecf07503c6c67f8aed8d2b610d364cc1295b594c87f8b4e6cbd1
33765,Casual Shoes,6401493bd6703de73b6783b929b7da3ce969ba98d3ecbd0cc08510998b55a671
33767,Casual Shoes,6dbda2455fcfef01eb0dbb4e444a2fd221ac494846a3e0c9ec1e9e8bdeab79da
33773,Laptop Bag,358b1ab662ab08b27534edbbb2e6fe94bc7c926f12cc1027b8ab640b539a847b
33781,Socks,9aef0c9fbe4bba2b50a81bf4a7e2ebd88a89a94a22eb0ec4b1101dfed0b15858
33822,Sports Shoes,b27d88c94896371788e195a895c3f16a7c5a2f52bb2c8e995e3057afdce1aa4c
33847,Casual Shoes,0aee79957b59c7510af1ea290d7704362b92ee80433cb865d6d1a1ff5943d6a5
33850,Casual Shoes,960f9f12e2245d669730bcf02765ef2616ed0346d03f19544b1a0326ad504c8a
33858,Flip Flops,6286367562e4f3ee9ed032c725baa60a25c5a66dba87b1ee2a7a0c35c48dddad
33865,Sports Sandals,5b72aa203b44af00332b80b58b4de85b9f7a9d5179c2065b041726f6ced53617
33882,Watches,d1ae8c590a5f174f957874057e80864bfba5aa7e3ff36e782e5b51f9d33fe446
33883,Watches,686768cc2520241318bcab9f49df21b631e90769a67dabbbbcf08966b8819ae7
33887,Watches,94fa4f0df99fb5a76e0d552da96c24e319bc9f952a4aacefae809024adde5b9f
33895,Watches,7feb930e8d34ae2be1d50154b1fbcf71bc261da7cf721e026f775fdaeb344787
33899,Watches,7c3dd8419c0d905031c0ce420590a674ea5f02fb3442ecaa62d89f5e08ff06c4
33901,Watches,b3f00278fdd035b25464722d26e370af95fffc7eee88a25920ab6bc122f13a63
33908,Watches,bcc7a9dc96e12f899146efed5597995256c430fe0a9389d856953a309e55a220
33909,Watches,a52df242eb5fc14ddcdddd73f1a575c6608ff70faa4c12dc5b4de38adc54cbd8
33920,Watches,33a52301a47a63320b51c5ba2ceaec13ba48d0daae3726ab93c0fb52e056f2ca
33924,Watches,8911ecd21bf9340998bebd4f180d1378cd769966225cf0379193032aa3e620a5
33926,Watches,d784b91bfc13b130775d18cf147794524e21c97857f10b2bf96c623779f94ef3
33929,Watches,275212aa6a28b661e1bf3c5bf08aa2d7a5f9e63ab67aaa58871c1a228de0aac0
33931,Watches,28cf5d70638f54966690d024db1acf3d2f6d57f95e0ca7386752e4dcd980b544
33944,Tshirts,0728d7e8e4beeaa3c9185372c96895171bbd9e81ad6d4686d46436b38a9fe03c
33945,Tshirts,97087f3086f05c5d551408eda9079a201088154b1ac7ae4e229bfa3da066e031
33947,Tshirts,215fe5d68309f5a3a3b84258d6159bd262c6b01be35445daa191499445964b36
33950,Tshirts,be7bfc5668851400cb6317dbf818b30929b1a71421023a82d73a50a5ba742c3c
33962,Tunics,ee947ddc2d0e0a96b4a1bf4b09ba3193c0dc07f276dd2ebefaf79a36b9d3e0ee
33966,Tops,8be137d8a96593621edfc35fb46bced76ce88075062f273c9dbd1fecbf52d2d7
33984,Stockings,dcf07ae69fb89e3c78f1fe63b3b34aee385f6195dd10b30f9ce78e6cb19c7fde
33986,Shirts,7703e63d269e22851a86abb6e34ad59dc8ac738ea550f5f7989158b77275a4bd
33990,Scarves,9d72bce6d1930051434afd080b64914c1ff8e40c40238bbcde6d8feacf195755
34074,Flats,79bc165f27fcc61d66b2ad22111e07c1b5b429bedb5b2786aa4b2add16c5cd86
34077,Formal Shoes,538f15f285c71fa5105fe9023fcecfc00980ad8c68aef042a9524a55140b974e
34078,Casual Shoes,9c97e08bb2816286e6047f34f2b7b2160b159b8c6b5cef1580b0fe55a9265e75
34081,Casual Shoes,db8108692233f56308215790f8f29c2e4d8211e9095ea48853c9b13c42ca7ee8
34084,Casual Shoes,4244f2b6cff9a2cc85da267477778edf54f6e9ba06283c06b9a06a5844476c4f
34087,Casual Shoes,1a4f9ffe6c0f3d54adde33a6cda5e44deb59157804e5d808838948b8b4bf44b1
34091,Tops,f35a94c49dd3342652f53f8ae40d9b385e2bfcd4a82a66c35867f5b4549139ec
34101,Tshirts,7c242f0b70d7f72f6a2843aeb6c799dc3a1afb3fed9a630bbf9ec31d2e2414f2
34106,Tops,2616d162338bee32e1fe3b8b7322b3e787ee54130715b85bf9f153a6c3426acd
34125,Belts,860199fee8c6f2404bc174ab494b6b3063dce70a4f7d97100a4fdecad1bd771a
34129,Belts,fa776c0d1c0a9ada8cedddaed6f1415c35c6931f1bb26700906464788b5ce553
34136,Wallets,8ab5f2d8dff715d1c0ebb7e4ea26c51be827a2c17c39e5bff090139225c70940
34152,Tops,d7fea8575ae92a850c09fee16bfccb8bacee29e74ade2a793e096127b6f431f1
34197,Tshirts,1108e2c0e66f696f38e35b0b5799b4d3a4e0c75e10ddf9b86544ae4f8247741a
34209,Tshirts,7e81f6ccac1845a93be3d9033e6e240e25456560b656ab6eed0703fa049de7f8
34226,Tshirts,c29eb1764e54b41293ae952d444cbf70c8fae489918ec6cde6fb80ad36e60281
34227,Tshirts,20b1a09a86c48da0eb8c6553a784859203288a786af1ac4d0dbac6d17cb8522b
34239,Tshirts,00bf59c0db14d3515dd87e46de5e940ccbfa1c0fb7ac6e85b97f26b4559b32c7
34248,Tshirts,cc82f3075e3fb50ab07f2d1f7d82a8a4bbef700cffbcea3938ec4a0e0c1630c6
34258,Tracksuits,0c1351eafcb04bbfdd62a2dc40947906893428a7e3f2c460b62045e7fe8fd1ef
34262,Dupatta,6041b7895118b4b4d9776175ca62772faafb8a92e5c1b6b6d7fb292a6fdf38ab
34269,Dupatta,3c6cefbce88df8ad956fcde21cedc2a47c99269e48ea937294dd7dce9fc88464
34271,Dupatta,e1d34569d72c64118958533ea759d56774330c941b15a747d8deb312d905e79f
34273,Dupatta,769289109d1ac3f4e5f26c5920c7679d92f8853b3b69d1083b61fb7a94494875
34274,Dupatta,ff843ba6f7bf60c11627f9d328b05dc1e6b71bfe4db2dba704ae9bab40e2a81a
34277,Dupatta,ae03b64b6cffc5a30415362a96e21dc449117d557bb78cf36623608856fc24df
34288,Dupatta,cb3cfadde5c0aa9ceef90bf31c4d5fbaad71e6cc12cede892bc0e7f9be8133b0
34302,Sarees,11018ad397202345449416239f115f54333d3b0aabf99731e8003b2d4421ef53
34304,Stoles,859e8f2278f3fd7e01bfbbdd2555ae96f6efb97e840c3b369c9a4fd7ebfd1c7b
34305,Stoles,8e30e0f60fb4dcb88621cbaafa69cb10d84f3d350c3743c1d65cfc85de7b9220
34320,Tshirts,a4e7145ec553711a729086045f59dc4a9d2d4a604194c350cb678c73a2b57f96
34323,Tshirts,7b742d005eac849aecce3c768f7714369ff6481cea8249f3a15860c2e2f7cf2d
34331,Tshirts,686b6563b82d43668344311b6ac0fe45e64f0506d737028bcd13b86f212005cc
34341,Tshirts,0e2f6b419419edec4f2cbc32bb3ca3d3275f8d98012d8e40e26c647e0986f11f
34344,Tshirts,3e53f5459240f53ee6655b234d0dc4174572cf410efa03910f0f5c7ab9617ff7
34371,Tshirts,a5d672a30a5949378ac405a44c98b6eda676e17e2216a9521636c222228eaaae
34373,Tshirts,f38db2c5040aa1993263900dd92ab64e8ba1990ff9e6e0dd714ff97edc4119a7
34380,Tshirts,4199bdb079363d8c6d31cd8731b879b7281c977e942b3940528dc9b926e044a0
34381,Tshirts,5200fdf9320a0cd8d270fd727b1e7eb362aa138f44336eca85793d54adaf1183
34397,Tshirts,56d30bc2f75a0df3efcd4d224599fadf173292d2f5dabf0db45ac85a4ee39aa9
34408,Tshirts,0e7cd1b33c717ecc9a87b5a5d9447b16780e3f1fa931169dadc70a6fd377b519
34419,Tshirts,4401da8b8f3b63f4bd79f4586e7331ae964d5484e2008b7ecc30acab7409dc1b
34427,Tshirts,2bb9f9eb4451294c30ac99b7a9fad71d2a3407c2b8fd9a3ec25f357225947256
34428,Tshirts,1fbba65b7dc3359fad4473c2045d80f4bd3f5500b25035d6bd02e8608aabf1f4
34435,Tshirts,42d96d65a2c661e631bcce6bb843cb2e3b19ab3fe7c4da3cdc0ffecf37fb95da
34445,Tshirts,0fb7ae62a72965aa79f19f29d6f6bb9ae34bbd9b15c5a282ff072a32608ba351
34447,Tshirts,076314799ef6b7f6348f39576be4666ddad12fdcd51974cf0d84538088f25f6c
34457,Heels,b16432bb729f3b0614e0322142c052e26408203e7cd41fa9a7bb77accb2c5fce
34458,Heels,147199f57cb7d68dfd172d96efd497baf9201b3da73f0c0a81f330bfed904af4
34473,Dresses,ffd62ee163a5822d3522dfcfae72b0844487014d69d34098ad0021651b511dd7
34484,Tops,49a72416f3e86f64ffb34b1c8e3c6003b6ee9d135fb2a42afee7f5e6f78ce6e0
34493,Skirts,b2cca7773d65a7ae8e81773764f0a0c269a76a9c3855bb7844514f777527421a
34495,Skirts,cf26c204679b73842f53450f4d4384811fbc4d8bca0eb26a786bfeec2377a76f
34518,Casual Shoes,fce9f03bb89c280799fe1c3e424b296e242d9a0830634f677f40f0d1eedfe1fb
34547,Belts,3083823085c8956a4a0dd1dbb969797e6c8545ef99e1ed93e2dce12982cf29e6
34550,Handbags,cb397f8ec3424cfca08b113b11848a8505f94939eb98ebafec5d08e4a53ace22
34556,Handbags,b26b8aa09e256c2adf797b80bdbf91d891f91b6fcc8da7cb4527af85577dccf9
34561,Handbags,c42c8234d10b5b9a0c9c757c71603cceb705586c6314cbf9b95dd01145eca85a
34562,Handbags,84241aabc333f41fc3df92bafae3cc1893d4bdbf2059b9d30f70258ac100ac0c
34581,Dresses,de611dc5e71b8b4ce21e59736d69be42620f2dae9231aa7253870e2f3a793d99
34586,Dresses,bbd9c77030e0a62c39096542964baad608643012e80c280f1b72aceb767de3e8
34595,Tops,e3e8e441ccd00df85545741017f04b1821cc45a560e09765069c88505b5957d3
34597,Tops,7d3ccf42c6963c28ae4b4a7e134b9c983e3c0a00fa8d25a1b8ee2eab0cf15304
34600,Dresses,8f20abcfd4a22a9c24016df3300da4efa599a80fa3ac62e8aa6d702db3b9daa9
34601,Briefs,fc6139d2176022b9a989e7ef3d05e2d2f886a2b8b67da928e91907fbe2d6ff53
34603,Briefs,e9b5a07664426c5851b398e256ddb4a8564d2adb83cec2ed6e55fc9a7376e7fb
34608,Briefs,57d267a38af07414693fb072a3de9f51a33df6297ab6d21fd73a1867ef2e03b1
34618,Briefs,93c2c2a57e10a4d1fc8eb5b5379fbb60f40005f3ff7b3734113b98c156949e13
34619,Watches,a8ed26ad6565b540c9b85e899269ba5d8dbe4b06d0c6a33da7d245ccf2f53ac4
34632,Sports Shoes,493d1048a4d0271faf5cffbd66df05484ce28c63f454de25b73ebd88b039b05d
34646,Sports Shoes,be85ea8692ee1529a1c7448b627cd6330cff08ff5dac7161b5ece679008593f1
34650,Sports Shoes,a81f0645b7838e48d4f0a2e94a098ee351c86df6951845c87ac9e7ff19311a05
34682,Tshirts,306fa5bb31f8223757b92e93a112ab34b6e0821d91a24153f92a9bbdc3e19461
34693,Shorts,96023760d7a7a0c0b5e04f0de620c400cc19f9409daadc547b87b9f6324d8ceb
34727,Sports Shoes,db3bdf7546b752855c5d03d48fa4c0ae5b95e9b37a7919d2c0e225e82548cbf3
34729,Handbags,8a837bb45471049eade0b8ecf885ff2fd9fa341578d8b0b72b6d032740ae5f23
34744,Casual Shoes,25592ab52229b78553f5f48d99ba0ab84c90900299b6ba0d66949f3d6e08ad81
34747,Casual Shoes,fdd129fd89d4529a903428278852981ebda7b16d87e46dc9ca103d8c3b9f30b6
34750,Casual Shoes,1941320880ddbb9c9366ef116f19558c46ebb3f0a70c02f9dde9dc1d82fa7f74
34751,Casual Shoes,e12ed0d7105e1d558a50c50621586e510951ac05b6a3b65cf40d30ec1b319f3a
34752,Casual Shoes,dbb15185c5e1741922d2385211acf6311f762f361448ca67374894abd3139958
34763,Handbags,5324e0db6af74d23f6711795278369876ff5a74e33e5783f2220b69a2159d95c
34765,Handbags,def4ba81d638455438fd6393652b73cd692f54977d1b63585166e0b1e412dbc7
34774,Handbags,40c5a3035af52aaf016bc82ef030ca66dd68869e6c891747b2bbd8316892b5f7
34795,Caps,26246f0dcbe3111cfac212006fdbc8cce579a0a0890a61c538a2e46b82452f79
34821,Sports Shoes,fa5922ab9fe623e4678ec1189c7f3af77b00001d78210d8d5daf43c27b2949cb
34836,Sports Shoes,bc0294bd3340ef241ee39a58f88f5ad87a156417f52ce9ed33d66472505d089f
34839,Sandals,8437ca1c69db7b001d4974f198a38b3f16aacef6b5a05f5656086ccab40f596c
34840,Sports Shoes,201e5fd7d7541c98343ea4bd2e404b052398086f0103478d7a0e31a3adad7d22
34842,Sports Shoes,499057c515c3fd8832b6fac2d0a6e70221d192d1721f2f3b7cbe900360d9be38
34844,Sandals,f7bdcdaf72c53b1eb8161ccd9c828beb4948819364743dfa547311b3d6e01b8e
34846,Sports Shoes,e3a35e021ab84a3af60550e7ee961938ed89d9caac80f9ffe2e0c026200ec39b
34848,Sports Shoes,874be04c56d14241e57931b03a71453c64a9040cbd207e0ca211485238c9a3ed
34877,Handbags,54f7ba38a1354436f929666f20844f7077d82a9b03cebd71a5637ad19b019efe
34883,Handbags,7477f3c9ac828feaf396129f5f5c1f81f2f1aa16796848deae91cff33ad8a22c
34906,Dupatta,0f08b67461328e1f432b9674c35e6cbab4586c5b1b4526c02df5ccf299f531a8
34917,Dupatta,353e8a08ac9249b94df25644ff6e1f3e7b2140478f26da9eab2c892ffb3654ee
34918,Dupatta,69b05c59dfe7d54426f0e9dc978c793fdc72f3c90dcc849ef038325de0db3dda
34936,Dupatta,c3ad63b04f211d199fee315f1148aba29ed37db9367511da23a0f5ca086321c0
34942,Dupatta,e8dcb788495b65ffcfb3f4f208056a7c34b8e3fd18c930f1cc665ddf12d08ac3
34946,Dupatta,bd6c461b494766fe038410c1d31a5723def934cca423ce4fcd4de82e21ff9a1f
34952,Sarees,33fdd537c05ad9648a9b3590dd88f314b2d55897f48a8b3bb3f9bd6f68eb189a
34961,Sarees,0bb4d990e89a22335b1af181addb575b7d25b81b6f33baee577613dbb9471644
34968,Stoles,0fc7f8c040d3badc7a25d01874f84ef1f35dff089a832928559ff3604734fae8
34974,Stoles,a3c8f2f4659ae30ac0ad2286298eda2e0e5eeeb7c709cd9ae2374c88e1c460d8
34983,Sarees,afebea8cc0ceaffa5aec3b56718a39a5f46f537a14c107c72add3076ca7c5678
34987,Sarees,b39fb627ab01317a0b7e399c4ed82497307d7e269e590b56f05cec0d4848e2a1
34999,Stoles,b7fc49aa7391564843d1bcd5c30e5e8ad02f386cd082c5a737309263d23dd229
35008,Stoles,5ca25258d4e64a89ac84e1039aa309fb6c7f1651fc000f7e92b699aa3e8e77b7
35015,Stoles,4497c7bd1c53ff109fceddc002ff500f42ea02751eeebefa4035cdf0f5e690ed
35018,Stoles,0e892482c82bdb44f11357bfcfd1b01a295309d95aceeed99d1ce8ac2726d1dd
35019,Stoles,f6e4679e7239999011d75211fcbe911f185c647fd25208fb55d0b92b97a2e342
35021,Stoles,d4e397215d9d05c4ffbb0525206a5626e25b0b603b207745efcf3d3682378212
35030,Stoles,16290ad8c670a3ccef472f0b5cf932e2183628528b319664f9149d9d87f08a39
35034,Churidar,23010f1401f0ab3da1a922762854f07991f8b3cf2f7e95efa623e98e205e55e2
35042,Kurtas,73736e2cb459dda542b0ba1c25dca580af1166ef01971fcd14edcb5b5d396315
35053,Casual Shoes,88e2ee4d7a1f6cf3d442b59d5af42a657adc7c269d872ba97901476a252c180f
35058,Formal Shoes,fc84841b4577f6fce6caaf88c94c46b343f8881161084bfc6be5791316d8b870
35061,Belts,3fd4bf6bdb3741a7d9a25a8747554690d1b28a290e5fcbdf0655d9d83cfda086
35075,Belts,7ae4af65fdfdc432dba20f9fbaa45224c9eafa6548488c5a7374452f3884548e
35093,Scarves,344f29ff82c82f6e5704d1fe57ef3cadf150efa331e7ea3bf45f7fc43c2cc396
35098,Stoles,96bfe505d4ccec2f405c86132f833bc94466aca83e531700d804e5db32b705fe
35105,Wallets,3347124e0f21e1c06e5754723bf6e1dd3690a60ba0179cf6d99029970f25a210
35106,Wallets,339cc81ae28f0704846386aece934b06008e11380289ff0837e59e031ce776aa
35109,Wallets,818dd8180b6a1a00b647a99d820e9708523810f578ddc75f53832b0ae6100760
35114,Wallets,6671041dccfaa30213b996ddc38b853f80548153029f336ecdf922cfb6bde2c5
35116,Necklace and Chains,e10cb5412c6ea969400788a7cdc37df7e5812c4c7b8d985555e580053e24ce38
35120,Necklace and Chains,a7d3519f35610602d1ad972f15c561d516bbedd0f2d76e150725b89a8fb37d5f
35143,Handbags,4750bb62c849660912cd649e4c4d49eb4680a1b48a27cbb233a057f8fc7ca763
35145,Clutches,75af1cfeb14d872c6656dfccb0b4172499f9e19ba489323a74c14227f98f3631
35149,Handbags,c7ac3e9e5a4d776a6f355b5085cff8f6e489e750ee05948bdda8aec8b704d2e0
35165,Sandals,c167e3c2a05fb9c0f4d6d8bf92cc0d723aa67901b6990f0581416b0a6a46163d
35182,Backpacks,ec5c36e93a355b3bfcaf74d7ba9d86a3e2137051a150935c08b325d488693a4c
35184,Backpacks,d6abf34965698f13255f103f21adbeafff99d5c122a69c38f6170fa2b5631d04
35185,Backpacks,5577bed2a687b81d3ec99473b4af45f24a3c87b4a1fdbb4e99c5bc1e617d2eb7
35192,Backpacks,19935988de5e667363139abab3808a73c36de312b6e886903a024359893ff4be
35195,Backpacks,6871cfeb47428b006b8cfff7b0c603685cfeca304c2306162ec04b9e64ebe24f
35196,Backpacks,61b44f9cf3a1b5b197b1f023e3ea47109d9cb8a6e0a0d5392f8a984b3162687d
35229,Formal Shoes,6de1a1adca2e1d2d0f2a4043bea8201c7ef8e036cd68d76f7bd57b464bdac2cf
35242,Socks,4471510677aa3ddde2a8bb387b8c81bc4b73febe729c552119556cf583954b3a
35243,Socks,42581ac137bad2218b3f989d130b4b87212b4d4dec77595bf613ad4a1ec1d8ba
35246,Socks,89332fa2b2584f5969c4e8f5373a1d2c0be620cef2d8a63fa91fbfbc52a64ad9
35247,Socks,28a39e986cd9d3f91bf06760be9ce330ae3105a0e6fb13c4ea2bbbb8f8feac4f
35259,Shirts,5762acc37b0aa3ae84b5411a7dd32bae532109154a63c157f35f6eb171e916c5
35262,Shirts,9caa6e5d598434cf582a527eb43bf5ff046efb6f43ab97582dff66cb2c1523e0
35268,Tops,8307f4660d542e770885cfe05e6ff55d5ff67046461407141e386e993940a1d3
35305,Earrings,39314c13fea01ca02efefa49506a738403be7788c0506549c8aa2a97a35ecd34
35307,Earrings,54d28623541c2c7a77fe739e0eecf15326abc5fdf6fd06e2bc48e94e37905efb
35331,Earrings,67415c7665f938c7ec43a420eef8ecc0974833e346d2d43bae963d65d4d82ead
35341,Heels,5cb3a19ee83e5830c5097b654d7e024ae736cfca7816a318c7c9bf17a20d2758
35407,Formal Shoes,5d3c6188907bc3585ce1a7462cdf641545738ee38aa8e82a74639a05bba38d59
35409,Formal Shoes,ec0b4da89c46e5910c75c071ce58882a0244735560228ec91770616e1602f816
35410,Formal Shoes,b925e642c16d36fdf36385b9f11ed6e4d75cff9141743eb462061d5de6c77182
35416,Formal Shoes,9295d45548f18caf89391a0991b30feb6b07a85fc54676b182ec720bd9916608
35418,Formal Shoes,d78b43e1c3ab2d5efdc5550e3d868eee8e1ed6841264380207518f9a9e992c3d
35423,Sports Shoes,79c08f10a47a2a5ff4140f3a66549dc8711467f0236c2c067a2e9759ba9ba785
35424,Sports Shoes,8908b6f05ab901e63cc20e6027d8b0b3a397ad78aa2b40323515fcf550ebf131
35441,Tops,deec04cdb0d64de087df952cb3ddf09c4376db93e961818f4605d3b562e1079f
35467,Heels,9161c172d9e7c038f66e4353993538abf77a4bcc8093fc25934593af4d11b8b5
35468,Heels,54087819183903cf7352da4cae59094d751248131502c4f798521457c1da91d6
35469,Heels,39940cbee919ef8c4d5e6fd6cbdc36f1fa725933c63df441db00fd159dddd00e
35478,Formal Shoes,180debc0bc94a7232ce3c110434136773fb6e5fdf4f8b9b9af3bcfca3cf9659a
35492,Formal Shoes,10eb677d5718259c39cfce45be859653ad05f32fb1edb815ca797deb75d4923f
35493,Formal Shoes,74306cf7226dfa2eaf4fc771f2c75fbf7ff8ac4f25690603abf6989b13a82ce1
35496,Sandals,ce33ba30f2889dd0f27b0d676cd11bae6f6a5d419ec62c27d91eeb374092ced2
35523,Sandals,48de33f121470417a8a79fd3e1a55a91d8dfb0f123860edbe90a0bfaeb73c3ef
35537,Sandals,e17d370e57a3b782a62264ddecf3a40ecba2a34225f52c8251f67b1f9121b4b1
35539,Sandals,cfa70467cc328febc1fd16879ab865cb7f683f43ac8663f776b01a24c03180d7
35545,Sandals,fbb79765491f3fdcd28868ae5e701e3d6d418c5dde5a7c1b960ddd4bd47eb914
35546,Sandals,500d367095d8addfb122e3ea952d258a4f9afef23a0774e8a7cc46c730c33455
35554,Sandals,a2f41f9aea8a15d9b865b0a4f7670ea05f86abdd45cd72559b0b3759e7eccbc2
35565,Casual Shoes,8ba7f43d9317f5ab2cfae07b0a3d6f880b599897730e689689243a41d60f3ced
35566,Formal Shoes,95022b7d6076d9f89ffa91732e8a02ffedd3d975787bc76735f4277021a2cd6b
35579,Flip Flops,3f24dc2a27990e9c0e0ed22cd01e67ce0b63d54724ae410dd89281f37b484317
35589,Sandals,b699a697e0ba0db0b912ad96596ff96c3cf8bb2690110ceef9dafbd6dbc02dae
35590,Sports Sandals,b1c7b1b54281f17ba70b0d835a95102253c4f8f38760aa7d5e68f147ac0eeb09
35626,Sandals,997c6135de3d796e43e005c62289cdcb68ff9e287c12353e27de46e19f220427
35644,Sandals,579fb5dc1646cb23497d9678b640805426d6126edfffd12e854926db11d674bf
35647,Sandals,59487db161abf04505c108294eaaec8599304832d3969eba8b900d17295538fb
35651,Formal Shoes,e0dd5593ff7b1e8e62911e86da0bb0bab2ad2caf7830f324021385a2b73bd388
35658,Casual Shoes,57916ae630c56ac51686c4115ea32dd507b5a0e785ae7a469ae647ee6b19684a
35660,Casual Shoes,e65f0f2a916409ec87440cc59e797d5032b2d82ee959b4a244a993377831efc3
35661,Sandals,5785df37c04e93ecc0795f49be75c98cd66e4b89824f015097f468b052aa4376
35665,Flip Flops,c7d2b96105703c8f253c0cc6836bff83fa13dd3176fbc6a034f16fd0b2d68fdc
35667,Flip Flops,545416480e80d7c6d03fc799d74ce0b70e5d3e2118516c587c1c432bb5cfb8cd
35671,Casual Shoes,ff6010d562234ba9c331c5eee86df75f32a52cd875c1e73b1b5081d7b5cd4d0b
35708,Casual Shoes,71d57cfc15c6e07453f0389b135fe44f44e241adef407bf0dc35dcc600bae405
35710,Sports Shoes,949ee0136401ee4582ef88558e269372c4d30e2be7dee1141f168538fe9dfaef
35802,Heels,69c33d194e9ba94f354d39a159c8d8ecdfe4879115c051311ed2504b04ab8326
35803,Heels,1fdc1fd5f6eb6cd3ef9c4a6f8232b357ea02a1e935eb2a641e36874f0fa1bb42
35807,Heels,50c612f714f3096780c77b71119ab9d7af4398467b8bfbacfa018e3ef8ad7a3d
35820,Heels,f5db163ca58ff07ed502bad3af893cfd07396e49db68e74d2ec406371a1b61aa
35883,Tshirts,1fd5359be91b4f8b58eda567e3ea9a198ce85e43d8fc21a93dd42242b597556a
35894,Tshirts,5b2f98b6f72fb29d8e19d93c7ee8914cc9139b0a2e4126184e2b051d25ac7868
35896,Tshirts,b19fd4654a4f3091369ef26a6a823854c277a38ac316415cc308acebc44b47ac
35907,Handbags,306996a14c243119da6d75e47af756fbb0e5280d2a52c0da64fb8383b855d6ee
35911,Handbags,a084a3eb04947a19a0b7c12d4e6f37c006d88c0555f6817f82104058c2831824
35931,Sports Shoes,9f2b254cb7532ceca37ce01249758c96bbd47331e975baca9b87f5d1df7e24f3
35938,Sports Shoes,6c1333ffec4beed5d18744554c33dd18b5aa724f6140d75948142dc10f8839a6
35985,Tshirts,818bb3e34382594c724c1a1e055281d6d0c5df616ad29311d3ec4bd2b21e7ada
35987,Tshirts,e974a37559290f452a703c6e8318da4097f1281b187c2185345db9f963ca2898
35991,Tshirts,d7edddd5f716377ab1bdea065e96122c8d469ba76c7f76780f53e31aec2e6594
36004,Tshirts,3d935faf0a4e92f43967542969a1b34d97317767bf8670a29f89f7368cf924f7
36019,Belts,30ae3ac11cf8ccf673ec0fdf05a09b2785a1d979bf1024441507b9303b80a4ea
36020,Belts,278f6daac2bcafcbce698815d41933077939c1859f207202114a4b812cf9fe6b
36035,Handbags,8dbabe21d1c657e10a6470f6e9504e8b59d3af272b36b397e9a6e383ba8e3f18
36037,Handbags,5907333737bc8fe9d75472c81cf6c3f24f7d39565029d9da259315e38b51b7cd
36044,Duffel Bag,56021f0eb7708a7918bf6a3e7acdc57806989835b6ae7bc896300f680486f628
36047,Backpacks,b34979eadc6016623f6d4366b81bc10635a07759ba980ccbcb78deacb664c6c9
36059,Duffel Bag,dd107b5c75ccd515491c7602249ba983caec10edea7ce7aef6e6d11e5350adbd
36073,Duffel Bag,2b9cf3f1df4545576c7de2e86745644030e41852105ad84b8c39bc06faa8d4b2
36083,Caps,9e6ad36ba442233cf9de62a609f0b60ddeab8ceb78ddaca774ba441f38e35d86
36084,Caps,17ae8914b6bead85e86e3354976c6dd5ad2e2ee13b2622556120e3e39d5a0486
36086,Caps,8923540c6978265e2e72dc9a60cfd92976bb3d984c8bde22a533f3182a9e87a7
36093,Wallets,ef964c905b9b60540962b65f6b47c7b61e650d32598d218df395837c719c5ba9
36103,Wallets,27e91926c5696a9bde4221afc7ad6bea8416ad69f1cb1574d0feb196017fc10c
36105,Wallets,ac4898e9ab50ef2a2c44b8db9a714d88c92bd1cf2a558483d9c7dd6a9d2b3f90
36110,Wallets,7e52bc2b4ad7c182c3d3808298ccbf2ca0854ffb27306c8768853c00712ee529
36117,Wallets,22987ddbefa7fb91ee5939f0e3966b8c7e185a7f4bf2e440671c37dd82165712
36140,Sports Shoes,e5a0c27da1411016b3c40a00e5b0266a98d558efd838433844c74661f978f6a0
36143,Sports Shoes,a0e778717e369c94e6babe18f6024e109d1d7fd632922bf97f6f563bcaa29d61
36164,Tshirts,3130adc2f749895eb42db54072b8331c84a012b6a4f465f0fa0c013a60cabdad
36185,Tshirts,4df9a9b0727b9e322f625306a3cb4409d79b6187a5bdb9973aec3306514510d0
36228,Casual Shoes,d128ec099d7d59dddcb0dbf982a846aea0ea9a9a639a4a4b0a841424c4e91c4d
36233,Sports Shoes,e512e3b8edc98d8e0d67ad9d85d0004454338776e466d42ce21596235233d4bd
36250,Night suits,1cfe6f6edec282f2b62cfe725ffb4515f5c71bac6ba1312abdb7c2d9f1393676
36258,Night suits,aaf8f1f8ee094507c49539195533fe8bc92b838e4109b7c391736e83711404a5
36262,Night suits,b3132d1e0095e34bfcdf3241c68631715aeb2071440d22fe8877d0b28d244231
36275,Night suits,44ec46e669ffb6cf9447a9e282bb27e5228084d5a656aead4968186a84c9a316
36279,Night suits,a4f238f0d358681585069a67b46c851a3c5f72e4957827de25acc4beeecf18cf
36283,Night suits,1e33c11c758f6f64d44c3b97781e8f7bcb804add669a9fe03cfebfec1508145b
36285,Night suits,e733d5aef4712808fb1339b41fd598a019c50691da5948111f0f48615129e1c1
36289,Night suits,29057e47078f7ddb15b44aabcd8292e884031a05e119414a01f3b87d1fa2eef6
36290,Night suits,306ed56a3632b5b8b90847b0968284a58a3f32b228c6b98e9fb6226c47b9189e
36309,Flip Flops,d9cba380aaf273b8d1332fcb5b2bf0d78bd08316b5f31b89d5c2769adc2ebf22
36311,Tshirts,54f1cf6aa6d8a5cda6caeaa58d930b8d6b418c997b8534e9ce0a6b841f2b49fa
36319,Tshirts,fc92adb27151984ba52cf4400aad161c31414d2480bb30443bf81cb07646d9e2
36321,Tshirts,f2297ec3bb67c1d3461d577b3cdcf96d41e6a9aae53f5aa8faa78bb0678f228d
36329,Casual Shoes,51c61488aee5ebdc3070738651fa2268fc8c063d00dbed224d3ed4d067067571
36331,Casual Shoes,776fa9b0989cd3309229cec31c9c51a249ce57f45865fdddcb1029189495773d
36333,Socks,76c26195c7996c7da9f81c4eae2ca8baad8c7880fa24bdcd9d4cc160e757fbc0
36342,Ties,35f9cf1216fbc8ac3f87b5cc135c8ae69a7d155ad089eb239f5440f641dd6af5
36358,Ties,4d982180aef6241e0f442b60752050749f073e0b010fe31abe69f2b6d1d47457
36369,Ties,061eba403c1e588df6cbb6d0afe8ce266bd5c58e41e1d18fadd73a4994affb56
36370,Ties,a2a58d2ec434c8b175cfb7f8cd21a202b135d33ca4998f94d135bec50ecbcd1d
36377,Socks,1a4fddedc34c631f35b448bc2b3cdb23ef803881fae930bdda116f735ebb731f
36384,Socks,823ca509bc8f09f6901fca71d8df5391b1a6e76b1e43853550ee0e45c8ce83b3
36387,Socks,f0e364b764b2bb93844bd3852a78c623cf8019903a53f311e0ca1aa5298fbcf9
36389,Socks,fcaad302757a1520291cd3f3316fa2ddd9fd9aa26db4bcce3d2bccb6c10ac709
36391,Socks,098c2bf28f2db13cb2641c3e2d90c918f13e977c818ee0712563bc83600334ad
36395,Socks,cd0055b39153281b600721595fa5e427695995c19869ca3e6ed18bd1be1caa05
36397,Socks,4b22e9bbc30d705268f531b14c084be4e41b36befc924c619cc7cba5c294808b
36400,Socks,80d9d3c46c90ac7a9e47988afa71958de8e685cb304a3eade267c0cbe419bfc1
36402,Socks,4d8f3f67b83d5724a54821ceb845b05602982674170a8fb1d274141988d39f4e
36405,Socks,c12062e27dc844392154312a1918d92a7b559f094764f6c01c06fa0f166b1a77
36410,Socks,7e6c6aa6b7ab492f87ba68fd9a937b4f187e1724ec507072680c49d0722acdf4
36415,Casual Shoes,00776ae75672a9b834188c76ac8344490c77805254fc1d3da87e4d62bd5b3dc3
36420,Sandals,3534c93435e6b98ecc70d2cfa1282384a100f269ff4bf454ca275abea36b8a51
36425,Sports Shoes,aa2bcf37f9001f691040ff4841c9f3b4631af7702ddbe4b54d8d392cedd4a9ca
36432,Casual Shoes,108fc77943996bbc3bac67549bd7092d1ceba9c4fbcee3d75f620c44956fb5df
36433,Casual Shoes,a9679ac79784a8e434c11f4f5e4ddddba9551ebb69df53dc633415c97590b586
36440,Sports Shoes,b55887afd1c6c76acacf605e16d5eb1122f3d5981dc8fdecafffe850901886ef
36457,Sports Shoes,cb9b864d0e902c435692730242f13204b974d2d255bcfb67fecef504cc33afc5
36463,Sports Shoes,070bc0689e0f7a64dd4e65f502b1665c238cc8d03c4b8862a3b172848ea4f4b7
36465,Casual Shoes,9edf88f25f0d5088409f770c3368c09cce937160e851acad56b616a93777fb14
36469,Casual Shoes,a976d469a7ef4833475b6a9020fb3dfb7ba61a0da028b2ac707caee707e04855
36470,Kurtas,152c1c571e662e22215968dac33c43d40bc200e779351335f6273788b866e7fd
36476,Casual Shoes,8d976699219b498be819e1424416e2f8b3cb22eb275c75f68ae34f5369d9d1f2
36482,Casual Shoes,9565d121527dce45549c948524f70e5d05b4e2905ec59498f10a00e8ba98f7b1
36487,Casual Shoes,c51f108fbce8a9eb89e009ac2ec129fc66dacdc2c4229fb92f0729d46cc44ac8
36497,Kurtas,cdc26f5e7e30ef54186afe74794a37927cc006f7daf53ad2f184b535256b689d
36498,Kurtas,e255e191f48058b3d173eec275fe0f3c3a363de597ef754c1e0df72ea1b4189f
36501,Kurtas,bdc69fc075dfee33d67fbf6a82c2cdf3a49c7009a8470d02a573f89185f2988e
36516,Belts,088d9ad7730ebc2461eecf8cfb8e3e5bb058265f33ed585d1883313f1bb28874
36521,Handbags,598c9d71c52b4dda565088ec6267518370270fde75dba6c3d563608945e33171
36614,Heels,c33902415ca85139091d125a297257381a85f6eca65260ecac06e047c945234e
36619,Heels,5b81568982b549d8c990d0cfe42a5932e79fb12034d249f33462115fff5350c9
36621,Heels,48c77cc8700864e5f61acd268f4c04f955ebe043001466862da36bbbaa8ba88a
36622,Belts,d96e89be5509e1454a92006737c3ef67a3b98534ce7e1ce77b80c9e005002d81
36669,Handbags,7606469452265b7bb61a8f4bc3bb442ef5bfd0df79ba0557744b5330c9260329
36677,Handbags,65984112cc8b07fb998818b8a094a8fc172fbdc9135598aab9e39e2795edd642
36693,Sandals,241c53662413b8a804fa0e07d3131c90d1bc4de3f8e5309c8493127aacd7dab2
36695,Perfume and Body Mist,7318aeeb68f5f67c70e70e846f1f83d205596e56cd29bfaa9fa6bc5ffefb7165
36701,Perfume and Body Mist,c341503c3500701a1d922a8eaca3aa4315c0c9a6174bd753edd5fd55502ca883
36702,Perfume and Body Mist,5923c8c7b0fe93f910a849825a90a4205126f43fa64aca0f8255ba8328c64f58
36703,Perfume and Body Mist,3b3e6bec96e8cd20b88969fc0e0e57c6359dc4e896ebb4e240c5c5f72e1ea257
36722,Tshirts,7e4fec2fa468d4d7ef24c5618d74c0df36ae5424fc41b0f7a41446552ad3fc66
36723,Tshirts,f9a5ed9b7e906ae3ddc8de98b666236ce04ca44080029c686c6e5bd37a33d04f
36725,Tshirts,fb78d773621e14424e47048fd999a1e0326f0a32eabdb5a0f3f8bd5ef7637353
36726,Tshirts,58d84c79d72fc1431aa8aa252729dc5ef9eab6f8933d209db75be13005c761c6
36732,Jeans,811d7282eb14d9efbcd48965f3cde6ef0d242c917f40bbe89d2c1fae0595e898
36736,Tshirts,f06f866b367d003d0d52faca0c62ee20d68402920e24b85d2fb958ddf4499070
36738,Tshirts,fe536e34385f9576187b0a668edad378bc070f931c7bce3f26c474284e01aec3
36743,Tops,583842a41d1ebf8a4a09608c900df168bac330b127f671405dec57c8ca31636d
36748,Clothing Set,aeffe0bb41e4697d9119f54c1d3d928c15bae5a381410510b170d29a58a58921
36781,Watches,6cd226d252a6020cd503cb0922c5c75cd602d7762717c30fb99372868c329f58
36782,Watches,197d2cd5e32eca8708430f0557303cedfcae3cb60a5a1a3165bcdb9203cf0a40
36785,Watches,2d17e26eeabd9e52dcb69ba3060bb588aa1a08e1ef3640b2dabd3a08d81fe9de
36787,Watches,eb32179bf3359ef461fa367808fbf0c1ae8cf4ce6d138b0f4df5cfc3e438b506
36794,Watches,5e75a752e20cf33587670949253cb2afe557617c2e232d894b02997ca0cb2d65
36798,Watches,1efc45fbd1839f7f026cd9886e9e63182e96e628ad0590bf434be798caae420f
36808,Perfume and Body Mist,66084103c0e0bbaf70b214bcdcfbd348de70e7c0a9ed5fd4fa3a1f7afacc052e
36812,Perfume and Body Mist,d4610e9ac2b230c3bbd18cb78bf434b9c68e8e57c4084e68ebe8858dc9b85972
36827,Kurtas,228b8a8ecd3d2e4ef837a57678a2ec0acac8af897e13519bbd878fd12f4031d3
36830,Kurtas,9a2a10d437080495f64d7208d45040fc829ffe9ab98f79570432d221109e0efd
36861,Shirts,138e83e5096067bb3af26ceb21833dae730dc197565e23e1dbba44771f2f386e
36862,Tshirts,b8ead42b9ff829110733757bafc926658e78ce285c7415b80c26981aa464784c
36884,Belts,7a63911b1c597c1325f15a4447b04cfbdedf3b4ed7a896f2dabafd295144cdfc
36891,Belts,d53482220336dc3d324fa6fecf91ca6c8406e62b578413e8a11a5c507e70cac5
36893,Watches,7157d8f9fd20c8a102f0068ab0afc13fc66c4f498714463f19d8e76a9619be58
36897,Watches,dd86d1b5991dada55652017584ff84c68c27827bb4da4f058826339392f46327
36901,Watches,5e947019d4ced3a379e143ebb87b9c649f68b10e75b0a31f5ad3c475efde39ad
36903,Watches,fd2797f17adb9c7299c8614ed277f93e202c4499cf895d3dceb2b37497259a51
36908,Wallets,1baee6d39597a78652f0718918bad62e56782ba14f752f168a710fe224aacf61
36909,Wallets,2248189445f6b2a5b3b8f5df78af3eadfe72c2ca1b3cdb9801d54a3385e00b59
36915,Wallets,2a2b36bf4630064340ab2c09076553c9bc20f914b216157c7ce5c151bfa3d70b
36924,Wallets,dc062c2962295440107c8c2dbb78ad0266649acba3e6cc70186110b05a362d80
36930,Perfume and Body Mist,30a48241d9a14dc27703b02d591b980baacd199753538efa5ff735f48b331bdd
36938,Perfume and Body Mist,06781cab8ac167fe93b6394f38bfcaccf378ac59716ce79cce97e9aa59860ac8
36940,Perfume and Body Mist,1dcf3a075dc45c772f1ef5c45d2ecc44a6f8d3ec731345e28472de9278e38ead
36945,Sports Shoes,ffe41bab98a05290004f96e613ec3166ee7e9a28bebaab5c27aba92e6da03ed9
36946,Sports Shoes,1adac45f3ff895fda0d72bca139b6a24b7aeb65698aa8648070493c1c28c0307
36979,Clutches,f6121a3842fbdf6eddd4565758c433feb005642ced2ba7b0ffa8e34f73705bb6
36984,Clutches,da0b3539776342874d61eda82324ab4beca95f1e4080faad2b74b7032f99668b
36998,Handbags,bf0c536f0f14d8668650676ffe2fe336e2b8137d338393753f7e166203e62e01
37001,Handbags,ade3f25ff98b0d01feaece613ca18ca2d49eca6a5a75452214062ea3fe76030b
37004,Handbags,fd628b86d1c862e41ad3937e28efcdb4ec74c39d0a6b8ba87abfe93049d4764d
37051,Belts,9aaaf2307f31bb5961161bb0d98e3a1593725bb28841d8e5fee924b9af717db4
37055,Belts,5a19860970c280d566b9c1a44013260bffd11e7f6e3147deaa68156b714ee054
37079,Handbags,fbd488759ae3a5176bad83c1c9a776ab1519b7b1f188485f2d9c85ea4f65a215
37082,Handbags,f10db9b5c57b67a1fc7583b5c25b47b9ab88885db74d687c6759bcddf777ab6d
37117,Shirts,186dd3fdd5ab42aadd5e596574d945ce6bad41c7d6f88809964c108bf477eea6
37119,Shirts,c61b6072c91c43b0ad47d0f70f94c8cfd9dec58f5bfaadd7cd4b45e574529454
37155,Tshirts,4323456c154f2b63d3b4760ca2ca0f47e5a04a66ce221524998ad4415136fb33
37164,Tops,39ddf7f9f20c941a4bd133bf174fb645e45e0f2f663462acae3aecde09434d59
37165,Tops,634960194698e569a1cdb5e4eaee35da4692151a3dd94fb2cf32a91d98a39d13
37173,Shorts,d4c3acafbe17bdecdb56be903d415c78c89e3d3cb38c4599a3d2bd3ae1012c1a
37202,Jeans,cb1333f32437eb3b5e2ecb1840fbdedb065ce4ad10a644cf20cfb8d97dc04365
37206,Jeans,5aaa67182f73b2e29af9f94da0e01fdd762975cb830eb80286902a8e55d611b4
37209,Jeans,fd3982400765563615fd500a4723f40ccbdf68078662d9501ca7287b9561aa31
37220,Shirts,312144bd9270e0e0b19bc620889226d789da6a59f60742115ef280360e7723ba
37232,Wallets,16652fd5eb8e92dce9175f4f7386a8b00ea3e58bbc1d2415a1977218931b9f9d
37239,Flats,035a72b2c03e89b96a5cdb6b36d00b25b10d3ae6784c68e35dc2d64f523b1553
37242,Casual Shoes,2104f6df5962df5e8c0e57ff68fde3f4398c98fe8bf5af445b75a3bfd9cc1dde
37251,Casual Shoes,8d1252029f39d6b589fdf424d43b6d79760f2f778b4ceac928ae3218f26217b3
37253,Casual Shoes,cc2b6350ec7a3ee5dd6abf11421b1adac0b6778e1cce0a0be768af3199f59de7
37260,Waist Pouch,864113bccf5e49c444f7c6edc4aeff24b74c8bbbf338a3d1aa36910a47323ddd
37288,Watches,6141941c7720076fb653e5eaf8580a7fc58873df41978f27c5311257ae24f281
37298,Watches,4040a6b66987125015dc7335e0c393e4e553698148b8e82617f197cb7567f050
37300,Watches,ba1103d72a8173fad7359455564136591bcbae0067ec57de1d1087f29dc255bc
37305,Watches,1eeb7d134ea4fd3552bdafd0bc3c84940166123adde47343c2292879f3881618
37308,Watches,dddff3b137bd80cbceed8a2da1304b0210e111e6d778e45ee1ca74d1a1747458
37311,Watches,d0c2f49f62a89566606eccbf4edfbc8b8f7a84d0e8c99ff62db1a6f266c1b5a5
37323,Watches,16d2cf64d10d91efd57edaf83bb464a9095d7eab076c7fb1f46e24f615595f8b
37328,Watches,5d655ad0cb7e1d7b4f6b006078893d7ed42e572565609947da80e2f4f8323892
37333,Watches,0ec5b3c5f936fdc93ceccfb803bba2414739e6a69e7ebb3d3b0de4fb7a45aa53
37335,Watches,957824f88137512ae9398ea435d89e792f49caab5d3b4bc9bcea6ff4d6125f9f
37342,Tshirts,fd733bfbe123af8d07c8030f12e5a63b2b26a468083f51789128b1063f0d7923
37378,Tshirts,327d2e84e6e869d7df87a66563e7c4ee920eb46f9c24865a729b96d7d37205ff
37406,Handbags,6cb87f2dde93221faf4e1aa2b9edac1d122c9415643ac8e1a1252ae3549f3efe
37409,Handbags,dfb4d3f49c9503506f0b85ba42383b94e7b0168effc95ada04211d9bb733fc66
37423,Handbags,9919574191f201bcfe9778cbc06b0995e8fe479f578e186abc2e91eb43882210
37440,Belts,8afc6197ba888021e40b9fa86bfd1277b20de8ae0b98bc550008576ab91d554f
37448,Belts,7e39168ca19a7f39d1b313a3db05c5f4ec4f803b515a805e6f7330a258019321
37463,Wallets,07489df7141d3d4a450298f999d6b174f1365fb51c26465b27fad80b3d3ee58f
37468,Wallets,49f3da495fcc5f00fe55b67b98bd2012ad3d5916c03d4417a13f82205a49bab1
37473,Watches,b82251b1d6c39d386a243fab8a404ad9cf9cfd3b163a9a09ee57a6528933c065
37515,Leggings,d36bdd5c4fe61abacf46fdf3a35dcab579e4b2fa2b0cd39ab38a039beabe746e
37521,Shorts,07373b06bde0e7a52f625a87c1177f3937f289167cf716068a657d95dd87adcc
37527,Rompers,067af820dd9fc70147cf3e0ad48dadb64576b8730a61081b79aa11713ba3291e
37534,Innerwear Vests,1e49f0142532a6fefdad833ee07528dceab9a4d93edd6bb753ce65573e4a49f4
37539,Booties,353b046e11207d8cd703c4ec9c4c9c12d10b720ca7b1f747fae7aea5c892575a
37540,Gloves,c2ae989a46dd9359bbbb8174af40099c7e5d57a42cc8c7faad398c7301001e28
37541,Gloves,7e42fd6e15e0bd29465c6ba7cf32fe64b5d4b3278eb7ef8d913cc8789c91e245
37551,Booties,d9640eff6c755d012b4797bc66f0259cc5e3c4ae871206900d655986e6d31f35
37556,Gloves,c5a43e672059141e6698495b754f9fa681659aef27cde9997cc4dca4774117fb
37567,Tshirts,e9681916577efd905036fd6df1bb78c7f3bbf6cdb048f6ac35f72fe7ab02ba05
37580,Shorts,cbe6758c1ae8a3f46c879d269f7ea41b63e55a145128028d52168011266e4aa0
37585,Rompers,ea183b3b009fc4967b7025b468c19d06ad3339caa786d4e50c7383560272964d
37596,Tshirts,c396291fd51753d9a7f7a7f8ed0ea616e56b0b51e394ae3acf18db89d09a7972
37598,Tshirts,1160305150d445d8e5220c6c686f53d4c603d73c66b05897a2ba7eeac4f9133e
37602,Tshirts,5593faafd46291fb1cb05e01a7a6660acb9df22da7341982dfe107ed040a71e8
37628,Tshirts,005632a3cca38030fef1c92cf88b555b9a4a77a242332a9e76d3486b433847a7
37633,Tshirts,6c3bb24dd9118cbf76ae993595ba2c0b7c857996c635d337287659f54a32999f
37672,Backpacks,8ecec4d9f49bff398c09858f9dafc734fef0895b575909e6f7af9e8b3d52694a
37679,Backpacks,8838c37e555f84c14608b1d84e39e74268b0f560dac32c9accf2f4e1dbe4c45a
37683,Backpacks,b0c660ffbd580669b4d52ea408c5673ec158ba6a3569054afe3fdd8dfdcbd535
37697,Backpacks,d8881d207cba456f391d4524a1fa3186dadd0d9d5c0e738ea0ea96e634aae150
37714,Tshirts,f285ca9a2e5ef32f96cea4b2670f676b9de0cd80df38b71949e1edb83589efee
37717,Tshirts,3678d0fe75a81ef7bfbbbacce9509c22d01e57a0aa7f6fb5bdf7d37cc4121d36
37722,Shirts,ae514786613cd728d32252e0794f9541aef62d00e633e1de8c62e1334caf8997
37723,Shirts,12dd27711a06f9315c0612a27d9e74dabb304c5baa7357f94b65569a8994806c
37724,Shirts,155e9166c707f65f1d1309217696e98641889cf390f5e220ebfb5b78d2e5c0b2
37730,Shirts,c16222971a79c2d52c420ad9a461b58f9a5058305358dc6715f37d26b63b8898
37734,Shirts,bbf0fe31c18cbf22be603f9f8c061ecc44b4638ffa512ac597e401b906be9d2a
37735,Shirts,e3c67309b9fb30872afdd4d759fb5347a99cddef10de082ac76f430dd87ce993
37737,Shirts,a9b277d7185fa4410569a831d7496efa66460bd5d015a69e5bf3733bf962194c
37750,Shirts,df491e6732d05afc50da3332fb1f4b4ef376f8818bdc6b97d783dc38e7d52073
37751,Shirts,dcea649315a194079ccc3f5c071be5beacd45ac5be38c01ff6b232a2f2d2f2dc
37763,Shirts,02cc1850bc572d432db901383ef2412b74b7479be7118b378939835337178061
37764,Shirts,3b058d614915569006f3224363617aab66efa7b29d7b5b211c66829eded8f839
37766,Shirts,1ced6b359e0748daa3de42bda957ef04039a6911acc7b29a59bb6d771ff59161
37773,Shirts,e5b6851f521d53506850894c6e59fd9bb5faf52632c2eaec79b9564b1b55c525
37788,Shirts,1e8c8e09fa317a5f9409f5734222fb073abb3a86282a158df2fa1db88d046721
37810,Shirts,bd94a9a4afb34aabfb189f9f6c2e897dad1051dfdb56d00d29101d623e160138
37866,Wallets,7dd03fcd096a7937acb411c24dd753086acf70a7fc8440385477f06093191752
37872,Wallets,ba66268c379816e8c33477318a691598b2dee702c931160ae08fad3a1122bbed
37873,Wallets,3763133810a85d4b45392b09b639c5c94ad79a3f9e2270ae75b7a31a34079cf2
37883,Socks,0f31875fac1385e337e0ed89ea9bb2ad19abfa92ab3ddf2ed72611ba40a2afaf
37888,Socks,c01dee09fd5b583759575419c7a069d7e677c85febb648fd173e45da0fa88ba7
37892,Tights,4283c3d97aa716b059e89bf7fb4fbd2dc08b3b5a930c0d7c7a81ece297e43479
37912,Dresses,115aeabff485e0d882a9d538ed356bc58ef2b5c71014c29801ad34d2d4cea42f
37916,Tops,bc6b3e1a9566b71cb9b7da9d997150db79767bc5804052aba3eafab7b7c33b2b
37918,Tops,87548ce1cfe022dd738c5683ca67cb6d7d40b78515549df4da0b4b7e6f74f0d6
37927,Tunics,c206afdce0746b5f286640fc915dcf14831e1d05892d24a133395f3cb02c88a9
37939,Tunics,8dd25b75bfb5757c5f6f529f51319acec7d4115870e1b5cc5e000c191f05f50a
37941,Tunics,3337aaab084eb9b8e8592c7f978b7f5dd7ff266c2004bd083c9c25b58beabc73
37944,Tops,314980ff6007d40b186a40afc5a963f63b34e4331e2f669a5fb7f540236b5679
37948,Shirts,d6aa0580d9e7a3dcedb397e1d0787b583dcb3a81de249f776d955c812e90b5f1
37958,Sandals,e55f24b036e723eaa0720a18382c3048904c93f22c9c36dc94412973ffe75e3f
37963,Heels,269794d50ec3ab9d2f851e742cb57ce28f3ac22594590516a51451e307d19f50
37965,Heels,4389134a83523b0d9a7673d3a0e1dafdcf62f4b407040ac5a56bb71b7a5acc63
37977,Tshirts,e4425c68c77f8c68032520bd3448116b8ae031261c971c647d06edf89294d723
37992,Belts,d4781c8324fd30deb1b0215b500f11afde453c959af7ed929a3504c8c0d6a176
37996,Belts,24bd71ea747f1cbb70b1404a84b8a56632db4bcd1bcf04c560d6fa6be45faabb
38004,Watches,76152eba79484bdaabd0c929fec9405bcd94cbaa297d7a2b426f779cdc0d2080
38015,Watches,f1761a700460b3d69bd57a399e2d63321991f30b6e71784a9a128aa874609e01
38020,Watches,2d6bb54a660fa98e0668707c39925c21e732c80b92843a205e74d3e8aec24844
38024,Watches,7c0fe212a1588cd9335426267b0ae3c400fc273f6f6bad5fdc8de1b1d4b5a94c
38032,Watches,c630775d71e56ebd2289d306f64ea83b996f7b0c2c0756db86ae6c12c5c1254e
38033,Watches,0c09bc51c135173f740510472159bd6b964a6e44b408d9dd1aa485afd3a1f645
38038,Watches,6885bc2edeb70977127df36d0ffd5236b86ff0c775f7a2509647c2d4d3802625
38046,Watches,fe3d809b9733b50cd69866dd99c79aeb06b08d5565bf2db3c8a34e6792815b91
38048,Watches,ca6b9021b1d1643905763a1008a081855fa0253b07583c1bb97977db37d2b118
38050,Watches,9ade95668e8bd5384be08ad1d8e1bd387a6342d21a5197a2b6474d4defa686eb
38051,Watches,96de8d0774d0906d9754c850db0e8f9d2f4b1ad0450ec9afbcf846e51d57fd37
38086,Shirts,a52a47dc759aa2b3e30b12bdbd2aaab7bf868554fdf11224c3c9f9cf78ef0e38
38128,Wallets,8004ccbca60984a2591ebcc863f00c5ffff9c86fa1ffd8cd517cd480f25aa0dd
38135,Wallets,bd8959eda5f519b2d6124a0e7fd33b2adf248587ddc0f602e801e435b2b405ef
38137,Backpacks,1bfc8aa4d4562774e750df255f3f7462a1aa34a65e2237a45e5f6a8c08f8f011
38138,Backpacks,8d0bcabf01b3804fb1c8c89cb656345c89a63da582294e67af8ac0982921ca75
38146,Caps,bfb4e8d352a229f74ac5a4be5aa4e3cb30e9199007146821f87730af37e2e9d3
38154,Jackets,c247a00c7a41b17fda60349c86bf4548b3954a8039ff9a9b8f327527b60e54d2
38168,Sunglasses,d7ed630c3c8ba22148e917632a6a9fe5e05ee998dbe9055aa77ac3fda0021294
38177,Sunglasses,e7479d8230caf275b766d0619a8ef6e034cd71c62ad73562cac1a294d8394f46
38185,Sunglasses,bfb71906d796c92d207add25392e38faa45785e689c85040a486df43adc4b210
38191,Sunglasses,68076face96528fe685a929aca1323ecd0ed568fefd95b02a988b95ac82f2502
38197,Sunglasses,91b97ccaacb37c3a8d415e9f3facd4f4fefbd6680b17bcb8400ef785b5b57a1a
38199,Sunglasses,e3a74adec040dbd4acb3979b4dd7dce2a37703ab4cc310592dc4d4d705c27afe
38210,Sunglasses,de48008ab9f9a9ebbab0fae608871686bfd79a4e7f8a7e37ffb6bd234345f316
38211,Sunglasses,4a719f030c37f215945888be09cca8b69a2bccbf712cdbd3e8ad1fb95691a368
38221,Sunglasses,0bcb1b8c8ec384147eaa5e9c29a84fdff79e5266dac1e319386f2172a410c4be
38236,Sunglasses,b9c6ec53c65fefa40f2a47accd33b44416c1b9ffdcfe0a39de9a67d5cb73490c
38284,Tshirts,e29b0042e5cb858650ca083a2260711e5f8d19c9d1533b8c56084ecbcc7eac0c
38286,Tops,cc76f545a61332508af22e0b75490601d3baad8a64fd7191735f0a6a180b3bde
38291,Wallets,52ca5709373833b4137bd4cc9b93cfbdf74ad6a776d95244e445a95cf70790d1
38295,Wallets,55e55d15c3d1654dd9c1e2d5266c4890428099ef1c95eb18166b20eef7e73335
38305,Wallets,057b30c9affa330660b35f19e77288c57689ac27243be5a9cf9ec317d8658468
38310,Sunglasses,8e93009a1af565352e3551a8132e1002faabcb1fb20e52d07953a702e4847a98
38311,Sunglasses,796281364e63b09f8e0cec4c29993234a1be4dc1fee314a8af465fdc4a311638
38312,Sunglasses,4fbc0384e3dc47d04a12a9569e451b1ee21d0f2d3caad949365a435275669b04
38323,Backpacks,061ee6e12e2d7901d4027b578d5b1d05fd7be09d848b618c0cdd5402327a36ec
38335,Tops,c26fa42340809e372aff0c5139f7817c36d5c7c79f7072aaab3358617463dd82
38336,Tops,29e4987ea00af969754b3ed388cb3af905ce4440de908fb81fc03f3acbdf7a86
38345,Tshirts,4d84d7d47ef2dd204b27031b339dd3bea81d74268cde20c3db80eca5225357ab
38363,Wallets,0083d37e15e275199c7a36757320ab49d4ed45aade034fc6e69305fe28a21ec0
38370,Belts,ada52e289b832fe366e233255da8d2176d2e5eebd1a1ed016f44feb2d09dce92
38373,Belts,fe2328a0ba63e3f2cc844aee9bca4a38f07e17341543bbda659157e7100cb5f8
38378,Belts,a47f1d8be614a1d384e774de19f929da822e7abb8ae75dbe7472db55cdc99335
38390,Tshirts,8fed0d1ec9346f9c3d6a8d6a42308543bea15e689dd050f92c2975ba5d47f226
38397,Tshirts,7dc7441d8a37be5cd1d282cd0b6eda171f415786047aab2b4cce6c15f8b23dc2
38403,Belts,50639750fd88b5420d5d7b87cf8a22a3bfc75f7c789b0477394114933bfaea2d
38408,Belts,081bbd06aca628f916a17e6d1b74b66ddcfdf882a6c6b20617ba4bd62629fe2b
38413,Belts,1298c64abdce9c7497839e36608297b28f400752c6cf1e8f46aab884f6797b1a
38425,Wallets,0ec77b7d6ea6d8fb982d43001bc72ed9964285ecf0d3d8082916941f2fc5b59e
38426,Mobile Pouch,7d58aa1d6bbb8aca3f2cb0c130a0b43f4465af5649ba79ab0bbb3adb085e2c3d
38430,Wallets,05db0cee2b42300c97c467ab6bed8b66617f0130c0d1ac345febdabe3f32652f
38433,Mobile Pouch,45725bb4dcfd3cad782867f9a6da5db810227ef549f5ff363eba6782648a1297
38434,Handbags,d7d103ebda3878fbd6f49bde6a5986666685b1611e8122ef1e4aff7281c8a011
38446,Handbags,3c21f258a9266d5f8a3909ed3fb3dfc11239d2c7c6696936b7c29066e1c6c5bf
38455,Handbags,236af7bad6f343988e4cae59da4c75c34af2e9eccb22c53a84ca1af17e8106b4
38457,Handbags,95429e9d9a9ab514f3051a8528de14d97cfb62d514ca47bc6fe7b1a62dddbf15
38465,Handbags,14c6954ec6fd973a405b4eebef3aba1227074cd2e469b74cafa8d61859ec5678
38475,Wallets,96be5a5c2f69a0c70457a4fcbeac453257aeb16e7103ac2b3c6f65d6a765c3b2
38476,Wallets,8857753c5fbc675d7ec42bc4cfda27ddc2e22bdfe1ae2dea3bf8bf729342af0e
38484,Belts,5f74cf5c9e59d669a92583bd4de8f5100fadff915eaa24b1f63ebc0439e9ca3e
38492,Tshirts,99671ea43c82906a8221c97fdb0f24edd6b9fc6295f4f050a3f77e8eb5b269d2
38501,Jeans,5b9b23b50d00d6ff69c37813a30d19690a7577bbd0e9fbcfd441a0b06e7b19e1
38538,Casual Shoes,7f50ab8c5ab4c700a5e7d91af228b0a196c8f2e952e8a1d39ad0fe751e7cc564
38541,Casual Shoes,7fed61c98cfef8d029478b55f1257a9e05525359319933371b0a1bf5250be863
38542,Casual Shoes,4d86eff1aa799bd391291f02176170435b0deabfce63fb9f55c9e7d9d5b61883
38547,Casual Shoes,b58a2c808b8f9d5e0688e737d26690a9218c5d4ae84ea03d9f7fbc824412e6e9
38548,Casual Shoes,23862555bee85f5c3bf03aee0f04445942b0eb37485cf51f4c9992d26a4b26e7
38568,Shorts,ed61b7c52a5f0ba1ae3dc16d5cb34a53133e12a7dc0b96dead8561e1d438e012
38571,Capris,75af45aac28853d2ce03f3d80452a1292f19e11d40bb6a56866b80af26c1eb2d
38578,Tshirts,7c61bda12ae09d30cc18fdcf0a66223f4b9d17ed2e86e7ed7d46b798190542c6
38585,Tshirts,831258277aec3b64ce0beb402282a9d722c69abd1255931ce20a1f2f8488be04
38590,Tshirts,bd7599093c0469dd4145e1b165675f4f101f2742a298189a5906ef085b9858f0
38591,Tshirts,75431adabed7fdfebdaf4ff0d0876fcc02fbb7ce0df863a181300264c5d5eff5
38607,Tshirts,eae40f7c351182c773903cbd348c4a303e1236221fdf4475b07530ed0ac67e17
38608,Tshirts,21da62675ee799220bc18276318037fdab3fe9a4314ce6441e9b2cd06b03bb1f
38609,Tshirts,8f59b739dc12d771099ea9a552a7a318af5e040bddb65b638492de5f62bb22b3
38615,Tshirts,c86ff012ba1449e1e98fbb08195ae6697395aaaedfc2bfb98a60da192bdc0d73
38617,Tshirts,35f4788d0fcdcdbc8139a6cbf2a05242d9b6f1c221310323b0688c252175e750
38623,Tshirts,d075e5818975114af7d71a03160ad0b214b2d4afc9da3bed9ea1445ae7a72df3
38625,Tshirts,5bab0f94ebdf21664e2c1715658125ae095e869780f76451fee500fca3e0d43c
38637,Tshirts,0d9eccdd1215ebeb333d1c351636423f238d95684f723a22625aff054c3b563a
38642,Tshirts,d8126fbd960f698dc776828f69c4fa1b071756199d76f817dd9bed60cc67738b
38643,Tshirts,2f4c64b6b9f0fd88503bd56a68147bbc6bc50f4d040bd4d67b8340de7a71a054
38644,Tshirts,ebe9fe56b491b6782bd491b83495f966af571401ca670f871ff02d2d2658d090
38663,Sports Shoes,70d992795721c88a9c7714e6a61b5be043a03fb5100d975d5ab64f974b2eeb33
38671,Sports Shoes,e9284e997e1b93d83813d69884bdad68f10ffe9ca8e9963c0e60ea14c1a78ded
38676,Flip Flops,9636855f5f895433e3576182c83a4995595398cf6c6f38cc0384e9a0a40e3940
38680,Wallets,9dffa146d5761b6c0f7ea5ceaf0e762ace699b731dee5702f6dec30c7584c2f8
38722,Tunics,81bcb32c87f45a1da024e42517b95ad4034030d0bd47be9e40a29b536ac726c1
38735,Messenger Bag,5dccf83713d4f8ac6d21f2d6859bcff1f004b667e6812cf4bf426f13aeb954a7
38737,Backpacks,9d8b4faa859fb08050b83998bf241eaeb518e5033296c01894135cacba93386a
38745,Backpacks,f65c672c2a5dedb707283f8218498d99e8b36adb011af3ee6cb2aa2cb6d1653b
38752,Handbags,033b2affdfabdf35b0cc2e2cc79891dd4305420da826ad2cead6926c7b290f5a
38753,Handbags,2f82c5ffee1c48be950c39ac1922a4a17bed22625f7fed097f816ce9d6118867
38755,Handbags,7e1b0db4bb3bc0ab9e19f243540a6766e6e7f0c21642478eb87f7a91f3fe8715
38784,Casual Shoes,90674da4be3b8e83f5eefaee367d511f694f8c82ab73a70a096496fa7a01d211
38787,Sandals,def060f90b82a72c6549abc370aa1698be6f75f185e869f4121a02bacd1e50c2
38789,Tshirts,84c082cb0eaf7c266e4206c3b25ab72387820d1a0694f30d30ea8e5cc8b56689
38806,Tshirts,167fbf672df5e4a9aaaf3cdb565d47574f7bfff86cd5dad8f4d7fc3641da643a
38822,Tops,a755483de33427f58b77bca5372e595f4254e02d864d763c94639f59f3f7e401
38825,Tops,6d9edd460f7ca5e8cdf757ec2b69e4b6405274cd1baf657abacbdd4675b611f7
38830,Dresses,25309b1b56d3c4a5fc0f4ede28690ba9f509ee8f1d893f21bee711b48dc7c3a4
38837,Dresses,ed6157de68282f6b92378c6d7eb6aae583687ef3aa34a0c48b869f3e4e243dda
38842,Dresses,5b0300c20eeb38c5f615ccfd08cee40097353f319327badd49014e5f85b136b8
38850,Tops,ef39ed5ad1ef879e87d92772ac0845966529d24e593a98ee90cc5fef0d2e6aac
38868,Tops,7725e9f20de8334adee64c7aca11f715666e56acb5a9412f0ed9a6c71273bbf6
38962,Rucksacks,f0b78777748e58acb7496fc4f6b0eec06bcd856f1037c8d962af4beb53359fec
38971,Tshirts,ccab705553c922cd91d307615b26cf262c4bcde1aff11e64c14a69f9701d54bb
38988,Tshirts,64adf2f2aa2ab39589593226f421ca061c60d1251837d2b895f791f78388b803
38989,Tshirts,d8a4ceb223fcea75d5ad1c5a0fd807dc7cf1cd6b0d659f3ac3dd95a01eac7fc0
39002,Tshirts,338c2342bc241f588cf892f9f62b9a641fa93a68d3c84326ab1becc09063565a
39003,Tshirts,b71d974eeac2df6e3ef61b1ed4df12ab8b0f0a0531378d459ee4a2a904377ab9
39005,Tops,0469c976a89a622cac081c3057eafee94f9e3e556feaf93362b72d431b7fa3ac
39016,Watches,43720be2b59679405c55eac2f534f7ab6bdd07ba9f4a6f3732907280bbbd7514
39018,Watches,0926cb95f3951cf63a69646b94fcce8a9e65d4a3fa98fb0a9048d35f27291f3a
39031,Free Gifts,4fcb9516fa298cf3403f07d7510e131b922e1f147171a927d36a81d40f7c3860
39032,Cufflinks,197b47a46b63ed275f6bffdef6938b397d6fe0c91fa1cdfd055bf8f825126be8
39033,Cufflinks,d6022c26ac5be89b90c7a339ad32205fa358009ca8f8ec204d655ee6dedb3d0f
39040,Cufflinks,75c9ea241dfab10b7b85b85085418ea218d13c2d9a67568578ee6b529f87740d
39041,Cufflinks,2a1dd39798afada69a0180ec379a5d0eebab21a057b176409986eb9c6ec69e74
39104,Trousers,03d7e033ceccd8bd01f01bfb9283386af1dce1758eaf4bfd64e9b6241e130197
39119,Leggings,85096f5ce54ae10afc0e0ec1571884d8826fbccf351a15974d2197d1eff2065b
39133,Leggings,9dbe9da8e0b8b690bb655f958c9922811c8142641cfd85db2e8c045f6b97b36c
39134,Kurta Sets,a6e7e5d19ad0869ffb63383a04ddc3cdfa0ca05bfe7b1b8f9548b272219fd4c5
39136,Kurta Sets,32cb47ca2edbb484cc45113318bc252a6c1e5bcfbe1e3a93aa57397dcf71a5ca
39140,Kurta Sets,51df58437bb607270139136c0bf16030be00fbefe726ec956fc68c9a0d0ffcb8
39143,Kurta Sets,cdc308227846e0f3fef22f1cc4304757d68d69ce1b719e96574e12b6cb16986c
39157,Kurtas,60598f85898c8cf5e2da794d73bc1d841a4e791cf167e5ef9dfc386fcdf3ba1b
39160,Kurtas,40e68a56d1775bf152a3d6cb37275e8c15a3523740561e50412f22443a15b74e
39165,Kurtas,e95e8749c2990cab6662bbb4ef21d3acef79e2c6511d86d2772c95dec49287d5
39174,Kurtas,75c3c5e287a1aeb2249c1de8d1abf2fee331cf81972c580c838d5ef7ac463088
39177,Kurtas,f48b1415b6496cf836aaee1d060d7b24fe80d7173128ec530861a4179e5f3fb6
39182,Kurtas,e6646dbb1d13cb03d5d6234dafb2c080a872355958163719080611a794f02b6b
39185,Kurtas,00033713601a92d28f05b81ce5aa252cd64f0c5861014508a6a65b4ce10b1912
39196,Heels,c0b056e03e5dcc688befa9a02c760a56071644c31d25aa0135aae3eb1a1fecb6
39204,Heels,fbbe4020e417ffe7886ccaa9f897b7b8b76b71fd73adde2392e4eb4bbc3a836e
39205,Heels,3ac5b55c7987baff7f3c6f386ef6412b6b9fcd6cf0fdbc2c7dd71a276483a575
39208,Heels,069231cf62f4b9768af3f8b14fe9212635fc335772a766e79c6fcfc0f8f25584
39225,Trousers,b1a79f969f5b22b8e62559d7a2aae102fb0b00b57aa9fbd202b2f108bf5ce994
39228,Shirts,8b4022452c7672d57cf0b2d74a0a68e72d0dd50254a1b8607a54018a857916e5
39229,Shirts,a21627f14c391fbf074340244f40c983843b975e52eca07c7efde737189df0fc
39233,Dresses,74fe348ed5287ab9f1a8f7a5387f1602a3a5a11664909a51b6c9b05bf4e586a8
39245,Casual Shoes,52943df9ac903bb7b49917e8b683ebe2d4c6be140a51647874e732b4c9fc4ea8
39248,Casual Shoes,c850df04fccf78a7dad72cb47331956774883ef0efda59ffa39f9e1af568b85a
39249,Casual Shoes,4ecfb2adddeca09d8584597b3579bc636c4c08977a5ce0d51b0e5028b54cb8d9
39263,Formal Shoes,7af0a580c469e851cb06890881624516d93f020a6f0dca2bad565a58f212f5c9
39269,Casual Shoes,e7c27951579b6fc2a579f210b7add4d363222bd0e3b7501354764a1b9e224399
39270,Casual Shoes,a8cf93c208d6ead0da6f496d38b34786fd33c26b471aaaa19227bc2fd007594d
39272,Casual Shoes,7914654317aab4a1450771162c7048057b23c2112ec0c38f75f2105e5baef9d8
39278,Casual Shoes,06526a11c699c49ac86a209ecad0222dad1e4dd9f8cf71905ea747ca719983eb
39280,Casual Shoes,07e698aafa993dc77b6cad563f547b7b8d0b96e08ae0ce34e1a0a53af2ca4bda
39286,Sandals,c0bce53b91b86e52f6341345296233c9f3a16bf58eb383cd476feb736de246f5
39310,Casual Shoes,3b0a72e0e75cfd925011c52fb5d49dd0fc1b4f651dc2f74f821dd21a02c78629
39353,Watches,2cf3604fb9d4eab182603530ce37c7f5ca03a7879f86cf29bdd0743499111418
39363,Watches,b707cc946bad6a0c7420a45db1a4eae42e1767ce21a5c275bd200ac59190f346
39374,Watches,8a4542636a6d56452907f0129fd7c1c2d0312b3c8f4e54ef1093ad3c100a8e0c
39399,Tshirts,6db9b0a59f517d4154f28c8f0e84fbe1f7dd1fdad4d1d3d5becc7c01f92eb278
39444,Tshirts,1f436395c2e2c8f571d48f5570f69c2bc7f4ac1135c383aeef2715b98e753a9c
39452,Kurtas,ad295157ee60513e8bd0d5c458ca82166382b8f3005c3742d75beea3de3f1923
39458,Kurtas,8a7c8872d27570f24cfeb642b9b34c36e9c6d3f2a48efcbb668fa324927c8de8
39459,Kurtas,97f7ae915d83115dcccc8baaa68496cd0c4002d656fba4e63b00a3e41e2087e8
39463,Kurtas,7ad4e1d369f37358d6ee38dd1fe490dd5ca9ced9232afb0243295bfe9bc5ccc1
39485,Backpacks,12f68d8cf985a357ddb3a244045cff0427f53f835d61f59bad16f078482c1b36
39489,Backpacks,4b2105954b261b0a7de97733882b266415fec8ed34f3e1f4454382aa3b544767
39506,Backpacks,6aca0839ab8aea1c696c74dc6b87f347bda779b6faba3424734f96aa7214b175
39509,Backpacks,44d80b6bd66642d80ad8f97074fe8452e523bb8741218e30e78345fd3d3f0a5a
39513,Laptop Bag,6cd6079428fbc935933b54cfd2afed8827edd6e7ed27d31a73435fcfdd8156ef
39521,Messenger Bag,abe4fe037e26250c73cf56fc9e5c239e94dcfa05487c6dab1188e231855694be
39542,Bra,1f13e24c5a609ffa06629c444f5fae12661caff73e126de4ae669eced4417483
39543,Bra,a72d67542f5ae0eea3d56b7b4fd8affef05c64aac4d17d8d3b4bdc644ab963cb
39563,Heels,c6b0b323d1faccf68b2fd7890a7cc6fcee900cc6361ebbb293fb354a3af58ca8
39566,Heels,fdd74e35e2d63f111d71b661e43f010d89b2dd5307bb61ab14172d58c28360dd
39569,Heels,beb1aac32f968add187f82080a0e6950ed1f6c2cbd5457b46178c80bbc78f2e7
39570,Heels,42d67388820122a24ba6579a12681b7e30a9d70984354b9e0a2dd22036e4553c
39572,Heels,32932733b67a735ff5f368688207f01b17522762ebea0d5cf4ad6ce28f117b3e
39579,Heels,501559e5d86e1bb720e72950a3b26ebf2f01f0f868945943e58b08b18386c137
39581,Heels,64f6dfc12ab487775a6e28a69681b347a8315323098d8bc97326fbcbfb95c20c
39592,Heels,221ffd22ab1f0a3ce2316eee47e0d448206f4e58ffcaf50a515ba623bdb83326
39605,Heels,597ebb8873a6b09ee8deff01a118cdedc0aa1d9936b6c8ecb141d70877e95f03
39617,Heels,932e96723cde8ccdd027acc1f419f079c5642eb308fd15106348f2011b2d18f1
39618,Heels,8d4b74ca11fda5d96679c85840c37ed1eb6c0e59230cc95e97ea9a86c1f13510
39623,Sports Shoes,ab7c9a7db5ddc6c92909f77f8442865420d96e5c066d1e55e457367c919dfdda
39624,Casual Shoes,57086fb23c358395194c10f6c3adde8995842dfd870d7f881f12898a0eaf2c56
39625,Casual Shoes,4a61099e3d59b93d358cb212cd7cf51564e5dbc9ba5d309d0d8fb0f5048e9532
39626,Sports Shoes,a26b42d463667252866c806b6b5e18a3d59b5ce062adf22ee8dc0ddb450b1202
39627,Sports Shoes,40a6fd947bc7ebecef4b558686132471420b359973317212aa2c2413882d0b26
39629,Casual Shoes,10a7d2463d7cbf8e6de23f63a814c5ee7c56e5f2fe9d2fb73f42235f1ae354ea
39657,Casual Shoes,f91a3078c6ee986dcb50f94428a5dede51aee8ec26bf136806986db2c1dafa3f
39658,Casual Shoes,18c442a93e0b7c8aaf2df366682ac8f56b285a73654a5da5c956874f5b4f15cd
39672,Sports Shoes,bcd33c5983778512422c94c069f21e37cfd41263376eb7faab14507f1be53d1f
39683,Sports Shoes,067d1248754dcc5b242f0e2441b859d53b36142d6a70cf063427bd62412daa91
39686,Casual Shoes,9fc0fc27706b9a09a73c1318951564d5694f6b106dd134d345bdb14d2017360d
39687,Casual Shoes,c998a8991182edf42d7314d1d2a679fc3526e5771b9f92ada424554a752e0e8a
39710,Watches,43c63ef45aec7bb532f7e6cac93cb3350f4654875a039e965ff2ae1059f93b2a
39714,Watches,ba116825eb1b041c0c69ce961994e5e97bf64a62b0d2cb7b7475fb00cf5596e3
39718,Tops,74c5224e9b53edf6c27a8f70be87f5a9a86c088e991875ebf9ca724dec60f475
39720,Jumpsuit,c2630e9e638b7d88b5965a65c0064e922c5b9992d70f4dbc1d9cb65031f8fe89
39727,Shirts,9f630c5c26cb1157e36bcb7ff71bc9d000ed6763943439828999a571ca2af4a2
39729,Tops,e9583128f47ee5c055a962ca4eac8389f36833b9d76f0d251f57ae990204da12
39740,Sandals,b936f91549cba34f3be1b7c8f79eded71c45b60dd6e1e5323843d44fae88663f
39763,Trousers,40d51f53baf8cc771f98ceb7d61bc695f280679acc5fef05b7e27eff70193710
39780,Shirts,a9426a514ea0b430e33542ad070bed260b19df2fb22b1b8b8cceef66f33f7f98
39788,Shirts,0f0c1d0fd71891b2fcf43697c92ece8c5ff36bdb5ff4aeb9cb4f61a8d823df37
39790,Shirts,497bf3d12dad263c72172461bf551a88aa2397217b92a28b81223e40d8ef4e0e
39793,Trousers,f64186fc8aa4cc1d8a144da1b85d61844102f9253891c3dd18ee8bbc35cd3779
39800,Shirts,1dc394c365d53bd31e1d88541dfd07aebe2750a9d679cd2c2ee79977e0336c8f
39818,Sandals,4af59a8e585c209e0fd3ff5815f88955c18cf1776575baf7028dc2d4a8a6b3f2
39821,Sandals,7fe3aa7d9eddc61147e3edbb1621753f13520adee2cd0a36f968649b0fbafe3a
39825,Sandals,5f0a1631e7985613803084c3ce903ea36e65169a8590443dbac7d4072c60d071
39851,Tops,ae152f56eda46ab0f53a5c9f4f87eac57a5a133c81e82e272904551dc04624cd
39886,Sports Shoes,b7096a57467d5ce212844f07f1dc7ad036c2db823ce6c5a030544659b5f1ad9c
39888,Sports Shoes,2470562d34a36a41a912907dba43035d62b0115647d4e3188761d0af1f2d5d33
39896,Sports Shoes,9ef4a4c32476b21356c97f2879a49914578b0aa9b6fa48f8d8da62248b39e22a
39897,Sports Sandals,80342e71c6c4d2859e89b4eff86b9ce0dfa9576bdee7e0f425cbf241309dc586
39907,Sports Shoes,ccfb534636547f6e09c0cb7763ac9f253a9447cd21ed5111df76eb73e9d2395c
39920,Laptop Bag,38c3a251e1bf980facec53c90a2ddbc5e3d8c902acbe96b5cd20fd480581d169
39925,Laptop Bag,e0e076dd2557055ede694a3071e3a5aebb1b48926e75e79de44bebf429853859
39936,Handbags,cd1cb8887c44a60c643d88236303eafd6a97bcd6ec78f1e144f88aeea6ecbe30
39948,Casual Shoes,4e93f64cfd6f0e72f1fce32679107c411e5877fe90decb15d0268d406035befc
39953,Flip Flops,2ca247183a841d9c5c27a080afabc974b943865154a978d9b5be4b91e8896c41
39969,Casual Shoes,244281d78fd526550aec697e2376efcf675bab0b61d83559ea10d269196ad7be
39973,Casual Shoes,3092fcb3c62d6171622fc62bfebb91c1440011d5b7ce68a99881add98dae9fe9
39997,Sunglasses,eeecb1ea3149096c553401c94b6b2711f3792f9caba6b18299d94b58ed861547
40001,Sunglasses,52ef074107a99dd479ccd61a57a1c2107c8b17a76605d175381b562ff036e82c
40009,Tunics,e580104d5391a300809352d53d34664e8090840c521f9f6f8603ca692c98e33d
40019,Tshirts,1edf4d8a9c080a159ee7b9b001aa9d6789fb5b99296bda1f8a4c8dc7ed58ea0d
40023,Tshirts,ec4710118ea1d0cb96bb99b8ddd84792f9c14d07bdaade1f3f6b0c43c1b25575
40044,Tshirts,2d12d4e6018f8cb0da57efdea04f2f833128179dc96fc96aff39cffcb261eaac
40082,Shorts,62a053b71cbdd78f1214594105c8b87497a90974334da9324602746567b7f93c
40084,Shorts,c0c4a27c54cc5843c20252725a3f279054ad6d8e062f7f707a3bf95c09e770a7
40107,Tshirts,630312009346f93c0b1d455b1b0fddbd953f6083194721707b5900d6978dd6ca
40119,Tshirts,69eba1afc1a36f1e43ecb3413ec7986fe35af92e8858fd93c0adb6e5e8688717
40122,Headband,d52d2d305738a2da3d0e1041c32de88070b0ba59c174beeaa92e470ea3c9db8b
40127,Dresses,4083266c69e21fc78453227687b1b8ee7da504754519962a642a0e645d6ad98b
40148,Dresses,b17153e3053c292fd500015d972ce71750d0347b678de7909924acc7d25943c1
40149,Dresses,0d3c9e8181c5e555edbb9fc75baed681e397ffed56136fb65d92da619166b038
40154,Tshirts,cb55261f81a49885d8957fd79aea6ead88f740018b685fca7c7f39ec46c65a51
40168,Sunglasses,4a8525b0112f1db59b536998e6547203acafb45cace88313acca54f7e58a307d
40169,Sunglasses,82a5fe059b1e5186c8ec968fc76838e0569ba9e8edff477297ba6112b6be10c5
40171,Sunglasses,32ee76f7a73d0252839ea26daa3b21ac905ee2eef19591944fbdf3a697702441
40190,Kurtis,3b08caced8012d9f12cd443459c246e28e9967dee85f856cdced775f5585679e
40197,Kurtis,5d9735c5018194afbabef66d83f201ac99a52b4a7d0c7562fe53c7f8eb4dc121
40224,Belts,b526f3a3202553a35b4ef27d6e2657a9b64ec8d74c5e5d4ddd0fb6cfa1d95b25
40232,Belts,b44922046082422b7654867e1232599cb9f9254dfedd11f99ece1d2d58f780a9
40261,Shirts,71596f9fc1a403d4d144289885c2e6b29c9adb3712170da1ce8a1fd9af450494
40269,Tshirts,82e8ac96846c4dfc4608facbb79f11bdf14adccab3ccfed4e72698b77efe35dd
40280,Trousers,1348c63d59f7200342d2a2a80eb719eae5b92feae59c978c02604a2f4dd8ffb2
40282,Trousers,a2811e475e2c7d389b9aa9d84b22fadc4d0813c5866c90a6a1aaab2686715b07
40288,Flip Flops,002f6b215ebcd0019565527e4cfe515938ee3a45ec4eaa16c24aee8eb3886942
40289,Flip Flops,c78a94831bc91fa7f66890680dfc6a2029a6dc47f1e11d97236fa632ec7df3c1
40312,Sandals,8ec109a0637f60dd55084c20a053c2057abdde0f66f9e55c29d8936f29f713e0
40373,Tops,d21003296f90c998df7b6b50df1f2c0f2083fa590f485882a837f4dc8849b8a8
40382,Tops,a3e3f41da8ea6e84dc4d79480e314454aecd8efea3616e26cd69bf6ac16d3c74
40396,Shirts,9b161fd1cb72c81dfb5b84f62fae5985f3325753a995c8958c1dce88769814a6
40400,Tops,98e3c6a5f8d111a1d1bc5c7cf8aec27d854bde79901c0d3a7c2d67843159694c
40407,Tops,02f1def98003e2c7dd87bc6a754ba39afa09cbde2f6b84d41813d97af16e3165
40409,Tops,626a39a1d3482dbc06ca11c186170d039acb5145f010712da09db1c799040349
40415,Tops,ef11413a4d33e59745b10ddf94a53590827e9d1d9c7f269e71c3586fe454f7f0
40437,Kurtas,154a728a6b7372d1c6e0edc70e1e585eb52ef956f83611a4edc530b876261d86
40449,Formal Shoes,7f50fd6da4558377f9c49f99381091d49d85f34b2a26835eff728d0d5791c3f1
40473,Sports Shoes,377263095869dc1f0d111449b96e048f02d1bcf97094f8f3bdab1d5145b34abc
40526,Watches,a6e7034873fc53a19c20b9e52ff290e3d570210a08cdd1784ed440bc3423a46c
40535,Watches,d382f7dc212de285d5bda704bc92ef21510897eac697621dd1c1cb02855b2892
40540,Watches,486864057738933a3c9570934dc427050f6b031b337a38237fa6a8d622a3f3d8
40542,Watches,6b2f7adbaf0fe6694d479f5eabf18f9f30e9f6d391b727fa5156a99172826d48
40546,Watches,488dff1eea80144b11fd2e7661bd2ce3fa6653c424e1c9abecb52d36e8c9bcd7
40549,Watches,00c5bbadf1bbc4c04fe7a607ffcd6deea35d28763f8dbb7e48585bdb09e6858b
40561,Watches,dca617788e232d688c193af401e0e09fc974071b9ca14948fa5110e16fe0b515
40578,Kurtas,6e2af13f4732637358600c3b6ef965504fbb294e6fce626e30e14d19a725a834
40580,Tops,bd5fd4db37d96222f0888f2b7690187a87ab90c866f5ef7f51c221eb0bacc43c
40591,Kurtas,93c6a5f41ca9962afaf9de5de15f51e1bc26f729e08db57b15bff0cf369d7f88
40599,Kurtis,7c497ceb4a87e0eaca137edb325ee98846c48b19c5ccef7a5a3675dc5d100115
40602,Kurtas,b969ffc31a3cc89df5d8318535449f4c3316d4b40cf5bf5188622f65b05fa9fd
40603,Kurtas,796b37cc995e2bafcb18548b8f51283f0ec1c635e624efea2491e45ef92c45cb
40609,Kurtas,8ab3e42a7dbc08d8aec33a99ba3d96951d843688b2b97821acf0f6814cb73046
40616,Kurtas,2cff3cd9f3b80073926d551a04b08ec1b9a6faadbc7accf2a0bd7c93af5b0a90
40625,Kurtas,b0061de057be71862cce60f8d97967890ff63219b9a8c168256160a38501aeba
40629,Kurtas,688033766339093f65bdc1b6881a0bf4d1563fda67f216c55abbea5673da3073
40632,Kurtas,d7a37186b60c7a5850d6fc17eb51cab9786dbb3a526c50a21cefe9eff4114ee4
40654,Kurtas,1675f9fa3d36864bc80bdcdbf8ee61a4804473bcb61239a50088d3334e6cfee0
40662,Kurtas,1798440b65a8a937a3be00aa24a1b134a922a51284c6c15156cbfa7ea7ee3eda
40666,Tops,1b7068fced1ddafd55fe8c87b1ae21d279ab31eaa0f7382807d9ac57a0febce1
40671,Shirts,69ec194bd3ce726dbdfa83873af31cd24bc73a1fa2fd7fa74b409395ab0f5dc7
40687,Casual Shoes,f7307dc94fca1f1809990e3d023a9ed30ac6bfc57361fd3d05998b306ec93e7a
40691,Formal Shoes,36d18c820f75c95a7b684ee591e3a380da807c941415505931137bf2430cda00
40698,Flip Flops,f4d9a44cc9a1e82ed8c0668f1da9a5b2bc22e267ea77ef89e79b95057569adc0
40737,Casual Shoes,c8486b3dff3ed3aaef6eac527835e2b22cbb27f5217e3152eff54d19eedcd090
40743,Caps,6f3a9dd88af7fd254f1440bc5ef55014e04afeb0faae0952bfba03e7bbf5f3ea
40746,Caps,2c89516d5ae6df3885ab1fe9ffa89fd2c0ddd64abd97f1f28455e86094fb6f50
40755,Flip Flops,8e80729e69d26f219c912659038e4118f17b818fd7169172c55bf6c9c65182fb
40762,Backpacks,f20b4af21cb95b9080e2688d425b5cc6de3c43764139e2ca86bfe4be9f13b42b
40764,Messenger Bag,8c542a50a828fa6c9af5723bcc3e8cd1d5f00af967e59e2d1eb1dd3ef2c08304
40768,Caps,9359a6bd612284f26c8fd0b30ee5fd415e1ee0ddccee381a2b82ccc18e602558
40776,Flip Flops,f9c06356b106e608c798f0b39a5a69f984a5d8ec9bf81b505c5f33f3d010421b
40782,Flip Flops,d13fa4d15c7e0a64cb0ee9b7fb440c79ab3de0645811f570b7fc0fa57ea47d5c
40786,Flip Flops,6a96d5eb9328827dc2aeb1493cc0ee6cbc0fb76cf9f0aa6790b331176c71e023
40788,Casual Shoes,3b2dc2e44d6845931ce29fc0d8a35b0254881f5fc40e32d370feece11e92867b
40971,Casual Shoes,8ce279e3f816a5552f5873f4ffef1ed9bb24ee623189a3a3d45bbddd4d4c8078
41029,Watches,8fd79670cd71d21e256d08b135630c30d2002cffefbc4dcd4d77db1acbd70dbc
41049,Watches,8c1c9bad82a63f4b272cca9a3eddb2485306e121c3368f3b254363dc4bbee738
41161,Trousers,ec5797a84dfd5d31923a2749bc350d48419199410a3b3983b7755342c178a6c0
41163,Trousers,050e2362dd0409b33015107f27a459b4bd1768a15be211d29b91c77cb0043f26
41208,Sports Shoes,ac9f07cbabdc9cc13a067ac62cb2b48b2f0be6f7ce0c4125772c5621f9e43be0
41227,Flip Flops,4af31e3c24064619725c703dc5783b397ef37b1048a3869f91da04c324ce0620
41234,Shorts,e75596369b49faa6e9202adf5f69e838317645b505001dcfa2fe34b9c3d355e1
41241,Belts,22965fc9987d730dbcd98d992e8441aba5a1460fed6f3a55b548db519959ec64
41242,Belts,27ee02bcd238288f44b2b50f7ed3118c281b44199fcdf58fb4d5f77f1647f9e3
41247,Belts,35f477a201d5e1792c3995f3472fe608be1f4ac7773bd73e5c2539aed50a5baa
41254,Belts,87d75265d2a184306b745c2c7a11c589efc2500b7f19503604da7a98426d68a2
41259,Wallets,df37fac9a31044e6f9733173fc4c0475d5ca809bce9ff88d8435d18a52d283bb
41264,Wallets,bec91d2023a22a86a557f77d0ccca62f86b0118e29363fa250f0efe8b171458e
41266,Wallets,e5e398d68cfd7061bbf9acd798002512160b516b2dcd1312bf9420f0fbf2c23a
41272,Wallets,25f255a3889bba717b70e6c0d334afdf83744a64455847da63ec09442430cd3c
41277,Wallets,36744c79e6fbf7e8d93d0b544a70fcb0da0494a4920e54b6c833df1bd9cb1a53
41298,Shirts,77697b7c167dbcd7bf98276a7087bde6b47dcdf64a10ca6e69ee420fb6aa92b0
41300,Tshirts,b0d2be9a644a95940435bcd0f376e2ef57f0c6818e419db1ebdc029ead6445e0
41309,Tops,ee9c2b8f97057d4bdd1025a2605695a3b1d4f1b81e163b4d20d5c276a4a9d5ef
41350,Jeans,eb5a4e5a3a9bab41a0f9e084f67803f8fba9809abad635bd2d2e5447ee95f8e9
41354,Jeans,525db90842b407493bfdcd0362391e339f296d7862321f27de3fb71686401622
41359,Jeans,51746f99ec84512ee355f82e4789d2b7b3cf8ffe59388dad75ef911e0af0aa4d
41380,Tops,60257ce65e17ce29ada0236751023045504dddbb63be784b2a07d9d51a299763
41387,Tops,359377ec134e1411a3fcef3bd49208b4d21a840bfb595d46cc4ff9365dc3d807
41391,Shirts,c3869bab8f2cd94704db3e101cb62f01c8d87375ad3807b75fce7d90403f9d0d
41393,Shirts,09ecc0aa29aad455f65b3b824a1bbc299717a954f2bd70f77c3e2886cddd9315
41398,Shirts,d61e2c53f6cee8aea831359e485d93125b81d73efa2e2a5b00f357fbdc611065
41405,Tops,718a1b7ae611b4622dea9af616a08632889839d391fa0827445300ccff32fbfb
41441,Sports Shoes,aca139f526abf6bba39cc0efbca6564e73af9336c9b3b9f9ab15c79178a3fcf9
41459,Sandals,3bd2fd414abc55fdd8574d3438bbe797c3ac8645606123c792804f0a02411bdf
41471,Heels,fa6e55c4d9ce0a339d8be53096efe6602c69f048afc1b1f95362da38fac4c9fb
41486,Tshirts,080f3cd9d4543d6a8ecc8a42ce209866c5c31b7f19acb9a8d3637fe82fa633be
41495,Tshirts,bc106015461900cb5afff1d80de2d6f2255becb268332ec513124439947e8b04
41517,Sunglasses,bb9bf7585125d750cfb214a48f0762f804ea41f40894d23e2d02978638643cb4
41585,Shirts,205aa857b92a0ecf7702900fd49505592dd02398827cee58c96bc31c6067ee77
41586,Shirts,6311e46f364cac5a3f8b477421abf0451e3e1f4795b2cfc44784d7abff8928b2
41593,Shirts,b0b48b8cf461bac7941503fb271ec35e45bcef5a696bd882aa25665007850e1a
41595,Shirts,d302003be6a84d17f9de505bcead1f1402767952b448c2e1d791239e7a96e90a
41607,Shirts,3ff0b7ef2a777cf16981be8857b42e41ddc9e96581ce922efbf6c63e0ba772d8
41608,Shirts,43811d5ff6d0c49be68bd761eb45d0f25b6e11fa810f2999fd4db3d6411cba20
41654,Shirts,994b4cdbc7d9d27939ec691297a3f76bcbd938b1590bb1842e712fb801eb0ae3
41671,Heels,45af5f115751b6b6b03e48ca5d0b7465b309293256a17a31f8d8f8e9460f73c0
41704,Heels,73161a109ba94c0bacdb6494db73acde9adcbda20c18844687b87d200a598df8
41720,Heels,26b6c5a8f143c3581e15973886cced2bb8973005e426824b246ce4bb213cdcd4
41727,Heels,e906635a2f85ea4e60a42948676c7949888d91a915667874cacdd8c5c0d4a12f
41730,Heels,57b4534a74b02ec079473bc77873534829c0cd3c32da66cfbadb69b242a48605
41735,Heels,b4af99a56ab3cf90dee1d9dfdb078b4a4790f9dcc535f0cdb4fc9e6e6f0244b2
41743,Heels,9f3340120d10543b16f98bcb38c7ae128b1d63338bf3ca0184081691f97b71e4
41750,Tshirts,fe0b73d06862fce60869777c9d02faa9d2ee9bf7607afd20b0727c39f724911b
41752,Tshirts,b17735bb57b42d6779ab2efa13b6a27ca6d024111d3606997346df1a1f75ba8e
41757,Tops,53b85903112e40c3dfe085fbf2c52059c8d9759cb56b773dbbdc089006651f5e
41763,Tops,9c51e4ba2b9435c1e6ec950739323bc898069fe464d92487c06ebeff0b235294
41767,Tops,dc487ede91ac001c24d5af36ee5e64e1b061d4ce86e4ea048a8d27b7d15bb1da
41772,Tops,faf3a74a5153967139dffaffbd7d9460113f3f140f9c424d282dc795b8bd6b91
41774,Dresses,f8e6196a8987207c5fa3a8dadfc23e2b3b1a9e5d44029980ed5931732d5597e5
41777,Tops,3477cbe6a73a25eab1b1b88c516c6ad2e8b42046d342e7e772aa25cfbf993ab1
41793,Tunics,c0916a3529f38e721b161c42d07b29ecc3f10e6cb15ba37c2cd0ed167ec6b9ab
41794,Tunics,2759586f44c37a7703215289b547574514234eae30cc07893d2b0430af096fc7
41796,Tunics,5385a41975df114f687d8e6f6b355b8146a1ab4a2a71e554f4efc5b7f4dbdeaf
41798,Dresses,51949aafe657d1b710dfee20b5ca5c8658830394a2d83e994409b364bacee79c
41799,Tops,be4930c90a1c5ab67195684bb0074f65be1ea776cfb5faf7a930a6899de4cabf
41828,Casual Shoes,f0a8ac4899b934a56a983bfc85fb3ac18865612b64029c84b1fbe514ec19c7cd
41834,Casual Shoes,95ee9d09d15869843138345e4e7b67e2a436d662c507cf442d21793334517298
41837,Casual Shoes,6b23fa404c682d4fdb76f0934152ad36cc3e713e633e45317106020b5b67c348
41844,Casual Shoes,3e62c7d0e9b3ef7fff68802b5569e586b4ed9939f17caf1fc1313f601f1f879c
41849,Backpacks,315409b0acbf0b6c5513e44a91e7c30b8e4c242e485d292d6dd000eb5fd47ab7
41861,Sandals,8f2e391c51b8114b4cb8d5d962e4ebd839cfbc7e8a045b2849ddbeee7937b6fa
41865,Sandals,c04671e73f52b3b9ec62d06e87fc39068323a5391609294a0d2eae78f6611106
41880,Sandals,576c66721a63803394800b907e556290782bdaffbf635673052ed88d57047eba
41900,Perfume and Body Mist,e239bd2ac52608f77e94e7727f55da35c8e7b75a1c4ae514e4e7fbbff3f213f4
41907,Fragrance Gift Set,5131cba63ad4fa86780c6510d637a0f82419782e4c4588a050c89ba57d40f0c1
41908,Fragrance Gift Set,44e2092fa013b4254e3caf2c543fa8f95dc01cafcca6688bd1d1275e8e8d319f
41980,Tshirts,06bae732bf252006557103c532dba2cc708ab6f0ced3a7ddf48eeb56267a7600
42010,Sandals,93bd4556d03bd49e66c204721b800a720153b2ced45de2322691372b5f9cae3a
42015,Sports Shoes,8ff32d811e40c7a02ccda1fd9b8cf052bc93738bb4d928903578c72915a23dec
42020,Casual Shoes,08fcae99e5c4253561aa97f932e3bfa90d2999eda598a2f9877efad9ca86373a
42025,Sports Shoes,bd161ee9c65afbb69069619e948dfa74462710fa074e685218039b66e8ad6450
42029,Sports Shoes,d5253ed113dfa943aa839a6fee876b41d6139d2d9f8df85a5d360bec99740d47
42036,Flip Flops,734637f8854f2c6ecf237f299b3912e8a01e86ccdf612bda40a4cff263404cad
42037,Flip Flops,cf60711470ab057653e9f2b78f2b98d944e232a59806a7c1b781a61948d10850
42039,Sports Shoes,4cfa6a67e1f14b0d37a3c4ddf323e8ac54353bbbfd43a821fea5a16a849b8dba
42040,Sports Shoes,50b83603515522ab5b32e2837f77cb15efa6388ef16119fd6dbdc556aa9cb890
42044,Casual Shoes,e7048c57fb9ff0c287eb78d01462be16917da9db2acf2a2029d9439ac3c2ad44
42063,Mobile Pouch,f97b497d315d4d999ca3bbeda38632acf80622e00ebaacacbb6237566872a246
42067,Wallets,2aa303c2641770ea5c7ff17c431a0476cddf34af07641bc45ceaeb861801bd24
42070,Wallets,fef7f49c6f1dc5049af3d2e745bf3a613dd83999151c3798000c1d63790d7b4a
42080,Wallets,abadfd2978050d7c566d6b5634379375cfa5538747e133aadb3978047073ca3b
42085,Sports Shoes,02bd0245205e44c352d7d18474488e3794535c6b5fa91de517f80985bc5a36cf
42089,Sports Shoes,73a253ecb59e75959fe8b95217e5082f071f5744ee366080b033b4b03372ba5e
42090,Sports Shoes,6154c2e804a6d7f3990ebaf23d56f083ec8093cc4af87f63de137148a36973d7
42093,Flip Flops,7804cacfe93affc8d931c0c07bde99d0d647dc4d038003591dbdda38d62054b0
42107,Tshirts,2c20bfbde0a89304a2ee128638b776c257bf0dd47ed2d0a01b53bf7210cf6331
42128,Casual Shoes,8ff0d90daf7769bfdb4a46ab2fcca2392febc09cfcc2a07b6abc096ea7e044c9
42131,Sports Shoes,1ef161d0b33c74fc7661bf07f1a61c0714ac13ab11461031ac23405d7f1e2a7d
42132,Casual Shoes,eecf824cd7ba7965b29e0cd0bfd8d8416b11c3972de501a5434f9691197cf9bd
42139,Casual Shoes,0a18cd015006b7ee5c82b690b0b02fa9a2401c51026d24869063762737c5a927
42141,Sports Shoes,423f7a12b4cfb74bf5d21e715f9da6693d0c1122ab059cfbfd18aa0ceb0ed857
42178,Sports Shoes,ffa90949aa2506f720a7589e1bfdc60b64509940111da5f707ac7e4a2d696632
42208,Tops,46848c556dcb482343d6c580b1af319efefe956b1996e0ed6612f3ba27bdf923
42220,Tunics,9fd170be777093ef5419a6dea9dd83adfbb5f7ee738338c384c422b8c38fea68
42237,Tops,eb75e788cc64829437ab0f288bbb36ecfe2c55e4eb3cf50c861068a231927ae3
42257,Jeans,4f4be4256d3f48c03f6936440e44d9360eed487d030b8115c4a1a719e2631762
42260,Jeans,36fcf16de24f7383b306b1fb0192a09b64e1fd8acc95dfe2a72f0316f6a2ab47
42268,Casual Shoes,3be73fb370f6c1352509fd32525d6ad66593ae0ef81524f45d963ef99b4f6401
42308,Sarees,e8c9f7163bbc516a0e5f9f133557bf45346a57eb82000a48d2ea6b9379a8b324
42323,Sarees,9a07f56cd630428db5d8fdee8be0474d7c523e16073f310b203f5c72aa1ca96a
42399,Tshirts,bd505534aa938b73509304f7a46b8a243b141c288833ff7d1580ebf452ac9ffc
42425,Kurtas,80cf4d8418ccfa8c97aa29622b18050668100ecdbc831fca755f701f3260777c
42426,Kurtas,252ea32afc5ba8e6ff9c0b2ee14b1bd1bbb4aad79f9511333a650d033643c831
42512,Kurtis,0a744381e9df859403c865365fb8541680a6129c6d63f4cc21798d20ffede9e6
42515,Kurtis,3d7143869370243b27afc448ac02a938d7c9414b5e0c0c988ccc62dc69c47111
42517,Kurtas,992e992bd349e2efac224fad5956e64256fe064f2a768c2545c7a36f9a02070d
42532,Kurtas,8da6a99fa97244b17e37b300f27507ab3dddbe7d31e60c3cd22e23efad5ee3ed
42534,Kurtas,d1891b0be0a5fb1fa571e8a1de16724dc2cde68b01f192ba1114193ce5d1bc3b
42544,Kurtas,e8069ba8073be1893ee49897034dfcf1309ff2b6f08d95fbc58c228ba7204a82
42551,Kurtas,ff78ee5a06fccd5a7d6fe0e3ba513eebd911a8d4a91afe063283b14dc5533a04
42552,Kurtas,795a8efdfc4d2d7f9aace9e6d209f2d780777495b224d8ce54cbad1550b66716
42554,Kurtas,7478117159c5857a88f2c224f272e8efdab8420c170c0f311a7e4787b7ab38a2
42563,Kurtis,dc736e9feb24fcf7c70025afa648297a173cf7cc26b8995e82bc3043cd5d5222
42565,Tops,ee316c3cb4dca0b828b2b42889696f046c7a6aee014f34bd741469a2d6ad3f5e
42613,Jewellery Set,d3242081f29db0afb6fadb351b00c41db71e013cc57db4301642d63418dbe152
42615,Jewellery Set,49bc1ffc78eca1a7c0b2eb1d6aa3015ef32669601b786af396e5c86c564ae441
42626,Earrings,56cb94581367a5937e182379dab7d5c876e39a4c29bd8d8db8e83d3bda27cf9a
42641,Kurtas,2ad1c16b87fd7ccd300e43632e61dbd17eff30eed1b73490adb785b6585d0ac3
42644,Kurtas,231e7631106e7aa6b6f3971e012d0e887d80716321ec1d20ea1e5c1d485cab2b
42645,Kurtas,7f96098f36ee2cf64c182fdf673ae802d2e93af3b5ed21d47cb1215fd27062e0
42654,Kurtas,fbd712832af39368b1478951e6cb044b9ba7d18a3843886abb908601b8a82add
42656,Kurtas,fcbbcdb0f6b03b781e7d4b5d4ddd835aa42dfd3fb25de924385d8ec75c079656
42664,Kurtas,c9f8425f79ef99777a798a5ddc35f94f6806db25080354780c7858b59a9c4c8a
42666,Kurtas,12bbde4e5b1775392cf25a4d0eacc21654071ffd3c337d304edd85788b5cd200
42671,Kurtas,34ab9be0d08283fe02726efeeffea319c3010e93c62c60e5da4e875b1df9ab35
42684,Kurtas,3094484800c004b2d37b65d35bd4ffe2ae2c10ffb52edc2632a2a63d6ccf47a7
42685,Kurtas,b6f42ac20e82240656615239cc8fc0d6baaad8f88dc98fbd2f6408f1e16a5d35
42686,Kurtas,3c86c5aacbe131454407304d17d33505832708d77a9bd9b0deb1a51d8a170b02
42689,Flats,d1d5299147f889fb156c156b2446aff77e2a8da83309f551a4d9c0303ffc4442
42724,Flats,00993f0ffc34e1622f975303a6255608a90f3ecc82835a3f5270693d51aa5111
42730,Flats,17bd851ed4d82e7840a58e9d3165f568db5c101622e8ff5f5bf009c114593b64
42812,Briefs,b84c9909e492293832f257fc1e1ef315ccf03a66579f578287f51fe7dce6c56f
42815,Briefs,d84617c9d63d81633bd43d229643cc6cc0395b787fb7a826f34a15458becc614
42817,Briefs,56f6494b3985c30e19d949fa4f6a4f4dfd75dd19028ebacbebaa64ee62a58655
42828,Wristbands,0564ff82b5ad93873cfdcc03153570cdc607f1c43ac68b4e42802bee696ae053
42833,Handbags,ad3e27a572d99ec94abf4a756cfa57d0e932ba1766cc98092801ed85c83beef6
42836,Clutches,f335ca542773af9f559cd57049dc7590f6a80e727dc5eeb12b5dd0e4713ce41e
42844,Handbags,b9ec71491a685285848953d32ce2abf15cfd9b1290fc85ce064827122f363854
42849,Clutches,f49bcb0c98517b3c42e503e9cac5b3978bffa7d760e80c4826f5223d4e3cce53
42852,Handbags,b2577f72e88e913b34e94c5ff9a0508a5b33b05bbf794a596d976d9b3a686d74
42855,Clutches,451f416a121756c097ddd86f0b9990c0a0ebdaadba8dadd983babfb871c7f436
42858,Handbags,ae1c62298a0aa48e040d386902267d1813201cf155ba8f64aa9d92b05aad4424
42859,Handbags,2038b202c5394f68c8a7112978412369e2ca907c338219a3f31dee9aa963a471
42861,Handbags,537e5c9ffd3d64e19d9e2f90a1e573e4b8bae2c94e68c0803ece37d746e86eba
42863,Clutches,e0badcb343a47958138416b3b17187cc2f6ebd8f0d01affafe2ef975de9e56fc
42865,Handbags,3befedeafe7c3bc4fbc59e3dd8278e5561c60dee5be3ff3dc284a07223fc8ae1
42873,Handbags,5f51b6ab5a3d443e9cedfc0ad65d84f7d43a5768969a0ebcfd332b7045949977
42879,Clutches,715d5198b1d7e47e58788a926967375f452f0143b5484d6bbb6adfdb17afe6e5
42885,Clutches,2d3f9f95fbc922bee97864d84d9fbe3c7bdabd2a3d126ab2a0ab1ebb1822f92b
42887,Clutches,8323e3f89d33d4dae56d5f856dc2deef7ad2c5de0c5f3e3c7e4cab2e53b3384f
42889,Clutches,2ccb34eedebc24cf36d4498a449c6f7b93f46c05a90ea8681275303cf2b0134c
42895,Belts,7dc9932edb4a44bcbf37f6f492ba5176d089a6e06eed84a4fb57d663b31b4bba
42900,Belts,0431e55558b48c4e87cec9af2ebe1397f79382ac7140867ab619bd277b198500
42904,Belts,c6b07921cd40397dda3014f9ce2f15145f73519fb4aa0e9fd54cc994ed036383
42914,Belts,4d5ea506d15ffd5f4c20cb409bad9e165485cd530d1a000f76e1cc22589c49af
42915,Belts,da02f403c5cfeab6f3bf0e5abfe05aff564682bf3fd985d64dbbaf3e7a119ff3
42916,Belts,65ffb70c86f33c397d912d9f51ed89fcb4b61640a805b132928b889b2e1b2a3f
42923,Wallets,8e92a5dd43f12f781100ee0dcfeafb38a6d1475a4ae83115c44e2bd9dc004ed7
42942,Belts,9df11b7f8a03fa9f5c5132516f5d122fedcf69ad630f1697e9e422bfee4b41bb
42945,Belts,b03e831739e0624234c4f9759dbcf6023cfc99032ba4c3d0a4a7cf9e42d694d9
42948,Belts,46d86ac646e710913b6ad356d88bd18e88713807ada522cbdd92a2940a1afcb5
42953,Belts,21ae05047cb3fc583a38557fe3d2b5616ce28681fa9077d78ff70ae8c443cbfa
42956,Belts,44f58018396e178ae9d94dd621d7962827a0a00614538a9d4041e5322f0b1352
42969,Swimwear,14b04bccc31f2413c9e5021f1d95fd7e5241dab4d117f84560b7c9481463cf07
42987,Sports Shoes,24641353ca7c3eb9ac543be5435da4d03bccc8879a6f344488317a20f2e1a68f
42992,Sports Shoes,718b6e5c6b65c1de82a1a8b171ecad19bd2433847292e2e37db2bdc56283debe
43003,Sports Shoes,abdb6e6cca6c99f94a958ea55ac445ba26dfc2a8073a7e22a4230d99a7d24d37
43009,Flip Flops,858982b3aff4904c2b01b2fe730d8a401731f009b1ccb748bd1ecb7ae587e0b7
43025,Briefs,98848cd4f894e8d84432afef30c2601e68bd91bb123bf87b53d8802c44b36905
43055,Tshirts,a1f5c6a7b44f5b9c094dd0ae88305b222a08283b7d6462e2e237c0ec874e28ee
43059,Tshirts,bc6a2c768ee64d0adc70b8e941d5963a11824114c8717098d3f3293821a2b060
43061,Tshirts,c754ea5778477ceda01faedca8498856eeda3fd834ffcc1186347af2efeba9cc
43070,Caps,ebd6b1b6d3c69086a76f3dc1d0cee852d9557a2132a3f323039874846f084ff7
43074,Capris,f76a49df4a4ebde73cb7461e14ca5c0e50eba5f6dc41ba67311d58c06c1ab1e8
43075,Capris,25667bfac93656bce4d731038834cae2d681111e00be5829737f7e4b46353c15
43078,Capris,4cab19a1eccc91fad674628f4e12487e16567ce992558f578caaf8ab87ac6ac0
43094,Perfume and Body Mist,6cc586254a0addb9aa6be4e83aa5a95108f6096d7c4d14538f8fcb7131fa7540
43100,Deodorant,8483538ace3235782beac0e6889d724a6f69ec2000f89bfcb9ed0bc4223cc367
43116,Perfume and Body Mist,7d8d839bcd79aaa71164c8754157bc6d0da31eeb51d76bed429cfbebdc7c8eff
43119,Perfume and Body Mist,328e61a9c68a8386da15e4aa99e82a3eb00599ae4d140661081164b807f8b9a8
43148,Watches,61bd8c15bed2c7e314d2ed79628aaa680af041d11975a697f9fa3f9592faaee6
43149,Watches,69d4a90782b19117bc499c84c52e6651e35053afaff9fb02e1287c893114bf84
43151,Watches,1eb3228b992a2b6a08814544e33ca733eecde8adb98e33b5b35c8dea5382f080
43156,Watches,e0a58f228d9ddd96a7b7eed08a43bfa0e11cdaad0c051fc4e554b2d8e2bac2bb
43179,Watches,819bfddbc217eba470806e0e43fa6dd00e0836ed9d94f019af75774a9ee59835
43184,Watches,50531944f769d0969d2269ddbeffd84032966eb2f3c0b06ced413772781c77c7
43185,Watches,9618b69ee8f7b972055aa8297b93bb0d5176e2ac5db89807f3326bacc7c9b608
43192,Watches,336e93a1eaadbcd04741d330005467598d626259772ac71f6fa81f00c8db146c
43197,Watches,3c03024caeb43a087b5ebc23281713cb43dd7106cf1146add71df7724d20600a
43202,Watches,1d69c02a36f1b31e4137c6519a667ec0c8b6e0adefb644d92b9b154f80ecdbf2
43203,Watches,14ae512c58915b9ae518d227fd203b3e2b05e05f334235ef64b1f93ec698b5a0
43208,Watches,d9e519fbf7fb64e87128320b076f752c02ba2d394905d474875e061722ff0426
43211,Watches,7da61c7d75b89f0e66642a826beb08f0877ace894352d590a8695a4cc8280065
43212,Watches,bb0cfce13a47b026a01f92fee1c9013fba6af857083de4d98ed0ce14b2b3c459
43219,Watches,61f02eb11af88b972773c0b50192c43a4b940b5e9f552a1d75c2737618785ab1
43225,Capris,b9b055fabd9f7124b28c139c7093e1ae16f12cc2388afa8032fe55e4dcc584be
43228,Handbags,defce9c1e281424bceec99539372330b6cc8d662dcbc2db395e3c6e03c68ba88
43234,Sports Shoes,f1bb98e63cdead915a278d30223fa6e715b9b64e0cfc362034efd2a70b43d0fb
43236,Casual Shoes,41e1aa513c31dcf5cb2bc260882372ba9c2f599bcbe57fd806d4f2d3bf23dcc5
43246,Jeans,45b22b46463802a79f9385a790e8a1606996aff7f3e4dd1917bec5a2e4db2059
43259,Kurtas,803b4430e5e4386af19db36e05dc25b6418047ef3382137a6fd298e51510e022
43269,Kurtas,c55a0a4578a9e59655ca75a8e6aaa673eee09f7c1b6675fcbeed4d72867efc0c
43275,Handbags,afa2cc849889c3ca189a98aed2064555dddabbf7fa4f838ab91bd8f70e045765
43293,Handbags,619d4726fb6ff8def3018b31f38836209f9455b965e45fcb96868b9d034797fc
43299,Flip Flops,9bcc06e8aecd09af8c7cf3f6f944d7b78b3504fdc5ecdaad72f60ae2c7d0300e
43300,Flip Flops,b45243c5f51086055c736be2bd4af419c9c90fc42d1d4038a731a310e3cb29ac
43302,Dresses,cac0be03e8b4fe8f764e92a577120796981fec80470fe02e9303fb8f4719765c
43306,Shirts,deb916ed0ec71e5bb885a7ae1b3d021ec4b98c6141ac3e2b585a6140ef66aa2e
43321,Tshirts,ba5efa20d88cf00e68f5e3e1c611d8c255c3ff88fe10a7c36d048759ba62e688
43334,Handbags,7bcffc57f04e37c5a713da5c3f49e47c6f8cbb3fd3dddcdd7bb8bb1d0516e66b
43339,Sports Shoes,0ca3f7e28ee297bd3511804487d542a35ebbfc36415b6461ac130f7d0d42ca7c
43345,Casual Shoes,fc32b64e9db6c9fe739756d4ef9a5c1371d85aed89ffb1de9807ad6d3125b853
43348,Sports Shoes,205b9741e0b385890ed08e536cbd6e3894ba4467f4a121870a00ee0b66f3b7b6
43355,Sports Shoes,1fef8fb625f3d0320c094ebb03005307d3bb659e017fdb21956a0b7dc161cc84
43356,Sports Shoes,828ffcca9e59d6490d0d0e63d6caf3d212065bfd1899990ae570668b1758db8e
43357,Sports Shoes,380573ce3ed95d0c258d64e83179c78927aa31ba0b772b17cb3858b963a43658
43365,Sports Shoes,0d2faaa3ec1f8abb8d04ece089fde6f1c81c1b9454d627569945ec18215189a0
43367,Flats,007adda58ae88c88a255a620f33a87b7ae4b35e7f16a2fe4fae85e0615b5ae7e
43369,Flip Flops,67251acfa8afa645e2d8468b00e60d79572c4d094d5b28f7748afad8ab357717
43373,Sports Shoes,894c44e37411f810a48d03aff28a9b1d190d3659536d6c7f5f9eaf2f385fd561
43381,Flip Flops,698de13a7a8cac5bc98cf8a03f2e31a9274d068d5f7ae473c5e55e885733037b
43421,Jeans,3a1df3fd9665c83ad8a9c36d8c51f8a3c37f12b1499b0999d5f7fdbcc9987dd2
43470,Night suits,ade201c7fefae8c254e69c36bcb534bc9b7768df268f44d6ca04bbb16440c8fa
43473,Casual Shoes,59cc717fa4b0de396a105ec270d0ebc3eece55a2f89fcb530f372a62368c7ff9
43483,Shirts,8ab30925b82763affabe513795826a8d96a87e98e87e22831551a8afa11091b2
43503,Tshirts,f5cc1165ccc6840bc621632ac0cc84dd3cd4e83c3405ff248629e30411c2eecd
43507,Tshirts,be40921e9d957ada79dcd4ed226d018c86f21e50813590d1c4b7b4cd74fd7afa
43513,Dresses,973569223913ad6af8e65d6b3671e146d2827b7dbc627b30d4ee2f7689125258
43526,Leggings,4772f317429ad2ba4c90826dacea223f50bdf60f532ffb1823d83dd339153daa
43529,Tops,a12ef936bd7a63bc6240afe5bbd36a818ec059543aa60b6baf44b64ed87194fa
43533,Tops,dd6e80bfa2b6d176d1aec900cc616654ccb99b28e0ff595d8cc2316914882e83
43538,Tops,5bb08aae93081def323a42a0ce21aa55113655d782a074e90b7699c4593621fa
43543,Shirts,adeea2b3c3a23721b28e39eefbc32d49558a8a98b8507b8f5114a1538257822d
43554,Socks,295d2b1df5d2234430fd0e7ae0a2000a4113dd8da4dabaa50706d12a5474d7b4
43555,Socks,10baefbcb9426b888023fa3e348077da5266522e96ec5afcdb357a81563a205a
43572,Handbags,533f4381b40e42904af79ad1620d3e740aba0e5ed2311a5abbef51ebf3d526f6
43615,Tunics,6d4dd3948c3243e85a254c07d46baf8a7a5119e721a9a6de0c74676eae98c627
43618,Tops,2a7dfc15a404dd29077e1c6663996e9993e06109e128c82dbddca62e2ebe542a
43623,Tops,b1f2b508641cd53e2f74d1528d3d761bfd4a603044e039f9e813b18031713c8c
43639,Tops,8bef3e68087ee6e995b23b3927dcd30774f38bb5dbe7f06dfe969ee2fd6219cd
43643,Dresses,6132852f51d1dad691aa92bb23ab7e2f6fd479345e3ccb5383e551a4f4d9ac10
43650,Tops,19682f832203b4efaada728547a20243bea5bc21929a65c7c8f2b8409321d1aa
43665,Tunics,24377abb241129359e1ebe468907710cb115a6f7df8b0672af6d36ac6a6a647d
43700,Tops,b1894ec4c373c60615009b0cb62543a4e07a3d0241abf02dcf5daf2f09eaf76b
43722,Bangle,0fedaf6537dd5bb4afdc3e065db8681e104aeab880c443b679bfd491238db031
43734,Bangle,51a34e46f22297f1b402ad689e7a52e48a946fbaa1eb9c875fb896800305a8ee
43744,Bangle,0acfd85d063dbb1bc55e7e9f62c5c3503e5f0d5c50a08a14007cce6c7fdb7a05
43771,Earrings,dcd2146b7af545c4597012f5ced5941f17c09f95529a48bdc5847cbbd399f1b0
43773,Earrings,40253b3d38a4cace0d42a962fbe5398dcdad5de6e699d081288090ae8f86cd29
43783,Earrings,cc2c66a376dbc52affc4d41e21ddd27f562e26a98240ce379119511d865c2c0d
43791,Earrings,4a9ffa147d4aa81aac056e26be61588b12b035e412fc1a8caaa540d43abe056b
43792,Earrings,cf353f69e1d1cc0b6c202bc17880f49aa2a7b7719e75c141dc364482292c103a
43793,Earrings,178886618702f9cad774814b2ad48dacd7ab585d5131fbc5bb29587af07a01f3
43816,Earrings,c66dda2b14e9e1dc7cffe1ddbceb4bd43992671d5d75740f20e6cc559687fe4f
43822,Earrings,34b4b09678ab410365fabb861e57e1c64ddabf77af2dcb4fbf4a6ffdfa5ad5e2
43825,Earrings,97a08614adae5a93e59bec933899c9ff7e511fa9b069c376d1cae233c0da28fe
43858,Earrings,ed72e927df8d03ed55f6d3fd143ddb9e93064f488de8163be78a56cbc511255e
43862,Earrings,7c9985f78de5c46caaaefcca2caaa625444e6ae2c3049b89c049ed5f70873c6c
43865,Earrings,d216711416d770d2c766d3d195908bc29bc90212edff7287cee731f992236180
43869,Earrings,10452a012fcba292f5bd272f6d1dc6369542ea41cba92c5fda2ffd7420c50e9a
43872,Casual Shoes,23b2e3842965564c751b157ac88eb3fa374540ab92f77734ab383db730fb7aa3
43879,Casual Shoes,db469d96638cdaba8df48a104155cb21616c3a906ea1bcd0a9b81ba6f271ba30
43917,Trousers,63e9d8d3bc00326984e58d9f0960fc3e548b8765fc7f6e63ab94eae380950896
43923,Tops,2c753ee5e83f848dae5535ad24e23f189b486e5b7026d96557ea013a4577b7e5
43935,Heels,ab56abecd9fc85b1fc1d2d328df238dfc920164630a68760c89dacde2c0e0981
43936,Heels,40a549542ee88d1d7e6717b87bf9d7b8e9c95c135471f5c55d2c2900ea1e9be3
43940,Heels,b060f476ab546f7e54c80b5ce738456ebe10105a2aefec95164b3e1a0eaf5b13
43944,Heels,db08b3b2a86fecb0264c103f136b3cfc3d895cc9e5809479906e2a19d2633650
43949,Heels,18a30bb19029912401338414da714b0e66cf8f530c6664836aa4268e9f11bcfc
43950,Flats,6a4febc196ada65f3c3e68143457bdbe6f36d3621bda3cbc8dd2aacac563a288
43974,Perfume and Body Mist,ef722ace991bc741252bfa1f5b6e43cc416f2e7b891866ec9d12636d88b6cc49
43981,Perfume and Body Mist,3b6b978496b6ada9c8231f4dd8bf8809bdc33a7cb8e8f970623ddc8fec58cbfb
43987,Perfume and Body Mist,0664ed5ddfaac6cd64ae1a964d9ea79343ea3970dbab95cdc8ec6567a4f8d467
44004,Perfume and Body Mist,ad576b0885d8cbd85ce3cb22f976f62f63dec57073f2c4a557fe4698d42e9b4f
44009,Perfume and Body Mist,f766ba7294a246309d7443851dd2193f63de509c38ceb8bae6f46fed4832ad8d
44037,Perfume and Body Mist,5243cafe90a9a142408bea1f2aefc65932665a0d7aa53592360019745f0fda92
44040,Perfume and Body Mist,969227be15097fdf0ff061dc80d2d9a0503207e516aebebc1b5bba7080876a13
44054,Deodorant,459b579717de4cf9f1348c917887543378a4dd6c2a62d4402bd1bdb7305810c5
44055,Perfume and Body Mist,f06b2563418ba98a4eb8f1aa620a9e170e7451097cf793365b19ef20b8a3a773
44069,Perfume and Body Mist,e1868d7a206ef8c200771e36e5fc5ca424a358c8578b447848849f75c28723c1
44092,Perfume and Body Mist,7769cc6ab63a8841f626205a136e3533760a6e819caf129c9c86e8395ed36194
44116,Perfume and Body Mist,b1c7b3d2149eb683d3500554479739bf065f7494578b861bfa14f87fb94c0f77
44118,Perfume and Body Mist,37e24dcd7808856275fb920a755a022f5e666caeed98060ae145cbde7cda42b1
44128,Perfume and Body Mist,f432f782a6729b2aba703b7da071c33719492af380b652f09dbc3b3c2231488c
44135,Perfume and Body Mist,e390cc3fd98ce3926ada02f03019ade9c726e24fc0e1d364ef100da908a7b26b
44140,Perfume and Body Mist,691da860866d10698690018cafa31be93bce86778dcfb78b29b9b4664f38fc52
44146,Deodorant,36cf171fa6f78e11096a85e65d9b5d689138cd060f13de69fbe0787fec9a494e
44158,Perfume and Body Mist,615ec7283effd3187bc6cc7fa9f7cc1a4b446d1e9587a89ca5982d0db91461ea
44164,Perfume and Body Mist,861f8797730b170a40e517afe31fe174c8a970b2c78d45a47fe4950b586872fb
44171,Perfume and Body Mist,b733ac451708f6badeb21a75e05790fd75672e1adf8c21497b699f06e5cb74b9
44182,Perfume and Body Mist,cc32de4ead38f3d4a4c3b966c81aa56decea5d45b2506037f95d3b35ba851f12
44192,Flip Flops,76e78a252809b2325548f98643f40eb5d4ea5898145be6b3a8cc07705007cfec
44193,Flip Flops,8dde6e19b6eadf76a17ca8235aba139addd285e03ae38830f7ac8cc266c695f5
44205,Flip Flops,70c57d78b3fe33efebc21ce0e4475f3ffe8c12f655bcf34af88fdd2c072c7450
44209,Flip Flops,915d4d1b8bf1a62f0d03fd22ccc4bdb47b58c37ce540aae3b9a08221d4062c17
44212,Flip Flops,9c31d3985a0d115b5673acc83a3244caec795393c99f0da64fadf4276d56a576
44219,Tshirts,cc1da28098217cea26576a5813485e9a22ae57c8da013147e05bc079f7cfa7bc
44226,Tshirts,b08b4c56a7644a324973465642db01f6e45caa07ed566a430d7f2d2fa5271ad3
44242,Handbags,ed638d65652980648ae2201515cc7ca4d34301655e784d77e338e556380e760d
44245,Handbags,c537825462842fcbc2ad8a5629515298365a8e6526a02c781b17ef499846d8f9
44269,Wallets,dc5a6b7aaa4384af64f72171c4ee5004a52c250136baf309a27e5e450a2bbc01
44270,Wallets,67cf459d61e367a995a864a7d0a170d5ed94ba4c4e475e7400b7e60d34eba81e
44271,Wallets,e50117e675a801e2faf1822b0592107f98431e21349ede1971e1710177889a56
44272,Wallets,c26cf2002d02cf2e1e4912117b3c096277ba398e89afb146103b61a071d6766c
44290,Trousers,51e06021fcb173b03e78e8847e79d9ff13da9efa46a82aa9ac253da654bffcb5
44293,Shirts,f9ffa1ea9b2ae5a9d439693a9ce162ce89808bd75cfa72ffa7dffa8fb7fdedd4
44304,Shorts,37276d0dc6ed9ad90ef1a15dfa2bbcc7758a82a4a51c6c37415a46fa08162563
44309,Shorts,6fd670efd56c37444927fd5356a761ea3d30a4336e8b6dc9b9d94f75c84e957c
44333,Shirts,2e7c83dce02aeaad959ee84582949defe64557e7fd4792f0864c340fdf73a8fb
44341,Tshirts,5b1c432e747a5e912cabc13cf2becdc3680741096930bc285f51bef0f80535b3
44375,Waistcoat,f4deec046877d2d848395b6a963fe5ff1eb4ec3ab1a7d9341f428ab8de0e4b97
44380,Perfume and Body Mist,66e7648ed7fa4d0c62553e366179cbb8b867344b281772bc4ea3e0498dc914fc
44383,Deodorant,5d2b64b35fc96182a416aa55e0f84f7315023a33999804015c82cb2e99542a32
44386,Deodorant,e6c60c34efca7b295a0a4aef94512ee62cf3cb9084e1df900b926db97d6a3f1d
44398,Casual Shoes,fbb6965f467892d451f9be3fa74217ebb2deabd638750977a62c5f2a3cf4bdf8
44407,Sports Shoes,d21fc7fab6f0b6fd5b608f1af17175bd31e7cf62806de1a50d858fa18510a5c7
44410,Formal Shoes,078a30afa13e3cc41a8bf4813c41cd6a4d57a3f53e614c495698f405c48f1025
44417,Formal Shoes,aae077fd62d5dc2853b0c9f2f350ee31aa0a6851cc7b73d0bc4027b3234f9e2a
44435,Casual Shoes,8ddb1826da0b5dddcbb3c9d337e277bd7464e43753cb8765eb079d8c1a247b94
44437,Casual Shoes,979e4e7071381893a535833ef312d13fccf223c72f04b78a400a69d302b5732e
44440,Sports Sandals,1118315b31222008538e51c70af5d8fea69192c0e1835bde9474cc84aba3c48d
44460,Casual Shoes,3f948dc8236b564e59ed47d0801969e3cc8d5f938c85cbe7d2e81b262008ccbb
44461,Flats,ace9355116e29467405177caa370aadde9350adeaed5229569497c0e51011180
44493,Casual Shoes,062b6afc55ad1fa11dc3a53efcdb36bf961f5648328957c0ccaed43516e92621
44516,Flip Flops,15500c109da987a30ff74d29a832a1f565f7095f7b37b7226a01a9c2b452dc89
44525,Sandals,137f4f2f26b13bdce36b3bdcdb6d1608029a9adc59224b283c29b784e2b04849
44529,Sandals,b4f069dd899d0f087366cae7c28c24052a9907426b5dffdbdaf09a102fcd8c24
44541,Sandals,b25652d4f2f393c6ab207c3b240e3b66e1bb9cce8027f06e83800246e6e6bced
44553,Sandals,f497f740663dc0011c0a0908698e88eefce8ff6f4afaf1501e685b045c4f4b90
44563,Sandals,03b441aee0239612eb4490e087e3cc5180c13116f71cd43b10518c7b49ae0121
44578,Jeans,fd7a3f6a67f09503bd2e8667a15c39a1e5c1854602bf96ef76217b050170ee3c
44592,Belts,5052a4983ceb8f77083a98c3b7f64b24f3dd231928e82773ea3591545e04acc8
44593,Belts,8f661047c67e3ac1f1daeb13448d0d996038f47e533fe498ec30334ca559cd44
44601,Wallets,86512e612de9e276fbc8ec53f4bed005af3da83c1c6932b0ce887b60025097c0
44612,Sports Shoes,074ea8f25fda16e870220196380ea34d8e20f53a56627a107dff09815a8c67ef
44614,Sports Shoes,1bd36ccfaa42c714aaeabe0c742ae0e0163e16199c2327a48ed7e1e1ed967db1
44636,Tshirts,3beabf6d86b516cf50f78e462f3313286c531fbef216bd56946e055f05009b09
44657,Casual Shoes,66e96db38b8741a9be9c6c6bd2b48b88e77704f74217a2b0b5c8f8ba68adf456
44658,Casual Shoes,0192043c9894e473a891235f4c65c3a17513c588ff941d06fc8f232faf55c088
44661,Backpacks,26b6110684e4c9b978998f6627ea2a473812fd80c60b5df5e0e35294a2268d13
44665,Trousers,777734f76cee5e130f907a46f179bc4cc4ef604140bd711059315047c201e951
44670,Shirts,da11dcb0ca19168843f13315c8af2a3d6b3078369142e8b7c2bc44a6cb312a71
44682,Dresses,49c5230004934f46d57793f31ea7654f58a69d6eae9c151504ff8f25f31b85f0
44700,Tops,db18c112cb57f160af880b43535476fcf9a3172329bc8d0cd9e6bc1419458bf2
44710,Flip Flops,86f46617740b26983144c9b2130546e4d690c3f9c72783abebc331428498247f
44711,Flip Flops,a139e25b8936fa3fe66250be020617d85dc52e886b704482e98be24bee25ae54
44713,Flip Flops,89a1260ca0af4a8eaa05df2f0f824184277674a9c8f0dc689237ed2771260fbf
44714,Flip Flops,2442c91402b55d86a81be9c7f05a25a19587e39771a7491c03512e3f42b5ac4c
44717,Flip Flops,a515b3b0c2a114c2435ad9202162f83ca1380eb3e43cc998348430f88eb9528c
44719,Flip Flops,d45735295b45f6b8a87d53b1ed838851cb5fd78a596e9ba597db1ed1ab8a6f58
44736,Formal Shoes,2c7100b03bb949e95b351e479d676e7b22bb3664ea20fc342e704395d9ca2dcf
44740,Casual Shoes,dd0349bc39b43e249884c4eb70bf7fe46da2bff9c0752b8e15ed75b13b2de45a
44741,Casual Shoes,d868f74a90ef8906ca0b5e543d75bbc25818cc4b56022d0ee24b1d59af08413e
44742,Casual Shoes,78aade8f711c6a06fc54945997f7c96a973bc77ff3fe1fee33e5e97daa7b72b2
44773,Sports Shoes,502fe111f565f11433cef7fd8c5babc4ac64ae6015a802f587da610d04385358
44778,Casual Shoes,1fb6c6603967a54e112a8e89b712977a01422586b12c6746da17f2d614430103
44800,Tops,8edf61eb71121c3586dc3c2fefba6638d26132d961271adbf6158a43ab88971f
44802,Tshirts,ebcdd135abe4ae00722ff4a658826701a1ceb33aaa5d3ca5df22f838f10888dd
44803,Tops,548785d0355849167b3bf61ad7339f547d259a9cda6a6b3f1f2037d1fa7dc50d
44808,Tshirts,23abdb8908385d4a74c6ae439beb237d295300a43192e7f2b9a2eab1b19adafd
44815,Jeans,81aee5458d9393fed6f6244987fec2d502fc7dc4046ad7c174ea35544f8b243e
44816,Jeans,bb27b654e64af1dfabb10e48adb11abbd9c440912026f7766cd65218b3b8d90c
44837,Tshirts,4218b5b9c71b0611272339bd8eeff30bc5c1b94916d2b951388dd5a6b7f8019b
44840,Tshirts,41fa6c32083d7812558ff7557752e858fbc7f541936292c6c818309f78480056
44845,Tshirts,c05b2d56bea5026cddf33f2d41d58983a3b322d81a5a7669cd9d2d469ec62223
44849,Caps,4dd8f95eb31e7d8eae495bf16c44e2168783ddbb3b1e68a0512eedbb00aa1142
44850,Tshirts,7e3370fc8fb5790d056694380f54cd4dff5ee5b00f4867d1cb71c469984e99eb
44851,Tshirts,90a1e509b765cfb11a61d44db70a60a8ea6e0de8a095559f0541656bcbf36732
44863,Tshirts,ec2a82dc578d6bacd433205578a8fa9f26fd139a576c633a97fb9b60b532e0a2
44890,Tshirts,0059ed08ead13d2cad4936043f1705fe44f436fd7d5d8f5694c1aa7bdbeee93f
44891,Tshirts,0b464cd9a21c74833a928e2e53425b90cc835226b962c30da7513bc1e98dddaf
44895,Tshirts,36ccd0e2c8b5d42c3c2452b9a294055a08c1cda4f6bd82dfc7b1492346ac5f81
44896,Tshirts,773687a9e2f9184b9295cf450cb2e3a50d1ad30cd9d53c21edae3f242c7efdf9
44897,Tshirts,322c9e1b397767e9d246c25765fa697c2dc883ec7325ef720f98fa065906c08e
44902,Shorts,88ed93b0ec4947d8db50705dd41007b4900879ebb32019ff8ea3c275e01cacfd
44905,Track Pants,610d9c1953d694c3b839298e1a9d78f5a24b2ebc6338def63f7089a0b118d414
44908,Tshirts,f819190be4eee23f0b25ac5b4495ef73bd90c2b643988319e203aab9a2eb3492
44909,Tshirts,db7d898270b5e2053e963c5a69ea2526387a314781127a28dad48e46dab7ea91
44911,Tracksuits,749733e4a5c4063353542f174b6a0c0c201aee72abb665be89182291701c7c24
44918,Shorts,0bdb34daf1fbcfc2acdafa3ed2014c666d8d39a413397d9b9d267d09d5efaeef
44919,Shorts,ec92dadf635939efc6d68031b9b9b1e376526bf9b90369baae24987319d2fb03
44929,Tshirts,bf182115b2fd58cf2a187b23764ab9bc787354de368ac38c507abfa291ced060
44937,Casual Shoes,50f34ea634d0e4c849f4c98f0241639430b8af4529a9a88bedb9ad10179c211d
44939,Formal Shoes,2575c62269f383a34a9a41cfbf6a13a931cae252af58d650d86d7e767a026b9d
44944,Dresses,fb4b39f284653baae17607e44620902401b483e429fc4578152694402026d406
44945,Trousers,6043ddff3d7a8dfbbc2e907e94067e1ff580499c61d67fb2ecd88fb8b27433fe
44947,Sports Shoes,7fec970df8c6ab46cf21be2eae82af4af62d17d65b76470a0cd7cf15a7963805
44948,Sports Shoes,d17fbdcc9d52c1d143329513128f86787a9c0a0232e588d86b1b8b7d0ef83a5c
44950,Deodorant,e65cf7fec6c0fc389ef5068dd6248f94ac8eacd4597134429a34f710832e4186
44954,Deodorant,328f50c62d681d5b47525a0e236915f535d1c605e74040e9e6bdbffd304c96ed
44968,Free Gifts,8a49796776434116f8484835c8d1ba55005caa64ce8e9edce0f86416c28eb9cc
44979,Watches,9818e2e504605b0ed51e32103ec1506337298664a5b16050039137b45255081b
44994,Watches,2387a80e46996f321bdaa32329c5d41ba4e412a972e0e3adb1fce45ab4b3306a
44995,Watches,26933b3c0d4d111380a81e8c34cbcacb01b2adc12b97f886d897ae1ac2eb7716
44998,Watches,ffc25687e415b3fba1710069f727ccf8d169d23155d40a0d0fab9fde2af58aac
44999,Watches,1c1dbbc304c725fd647e998ec68828a1aa09a14325cb081934766a04c37aa345
45002,Watches,959bb2b89ff2832b5ce371ee54f870875dc8499bcc612db9c6cbc56f5b353cfc
45003,Watches,5293284b2cd5e9fb1a3197bac2a81ae995558435a39e1b4a9bfa2f614b28a49d
45019,Watches,e9e39a06156433a05673a5df298d1ec3d74b5cc960a4fd9c2f2061c9890466e7
45024,Watches,5c21521a53c6183816cd56fa2f9bd020953b674d38d8cafda7590c3b50d46d8c
45032,Watches,efdeff4df562ae43f1cf667931b4354ff51ca148c95bcd835e0eb1cda3de8e75
45035,Watches,28e81bf89b2dc8865e54a43199eac54f2dc85772639fa66d00cf4c74e79a809d
45036,Watches,c8a60fbef64de583905e2223ffeec23e3360a2b91d45e5e87861f5816ce0ca3c
45043,Watches,238ccde28ea5650735dd2da5b74e29e0658ed67aae6c906a2c9ee7aca451cda1
45047,Watches,a44e0adb782450e50818f3935c67c91069ab875ba7a3a50906658ede4ea02ec7
45075,Bra,ce198740811c0cb03f8e50a509149461eac02bb45704f700f8f497e43a2e0c87
45082,Nightdress,d6008c106171d652e74c2aa04d107cbb54266d2297ec2ca36672336308b29fb6
45092,Bra,cac772315afeffb250d6535fe5399c3d17d37a27f7fd35af2b9735375312131a
45094,Briefs,cfd09bf24b86e0db9f529eb596716c9e2266b792ba2a860fb78209d42104a7b9
45108,Watches,019f347f37a356cae5cf31f7444838ab24feaef5f0972b3b82dfbd93233a1d6c
45120,Watches,7fb84e6e2923af50f759055161c711447506e110845695bc0cce24be51cb4b23
45121,Watches,6d7614e428ea7d4664e800ce38590ced8d010372019a3e507ad30337a80aa8df
45125,Watches,850420ebb71e1446e0c22821f9eed42a5b8cca1d5818323c3b5c1c3906f382fd
45130,Watches,037f14b2dd37d92d8849d3a70baaf9ca0dad1b87365188a14cce2e6f22cb4c6e
45135,Watches,b9834ce2b7396f9930d50263ea3beb357ed3a142ba118d8f6b83a1593aecfaa1
45155,Watches,9bd10fb91745979f9f6386cd62ff1cb21b3328b3f500d1f3198e893cf05a1a54
45157,Watches,16990df8980cd6429d7aa330365b1b264cec7b50fed60b382c6bfd715b63a9f8
45162,Watches,bc835c3c63a92bd4b6aa0b295b8e38e1dee1643d00fed4eb324d3f3ba48e5835
45179,Watches,1e114560ce140e2b29674ada152937a043897f6ffc3f95de8cb4d1f5ff50e15d
45187,Watches,2939ba9fb8107ebf29c2002e38da9946cd0b34e24d56a75e3ea7f6d7809400ab
45189,Watches,1a3c7858f4d02e4e533269d5fb0f3c36d9dad9849fa3efb20b7ed0e47b5d245d
45192,Watches,619b938dceeb977307f8439689d51d0cf5e587878c3e65b3bd1703bedaac1080
45198,Watches,115a237128fa13508fbb8c510df22b9b6b6d325e8cb93ca8b005a5b29532caed
45200,Watches,e5c3b7b293b5d811cf113e84621a3fd6311f2b3d504631f23a0a3c48ba8c516c
45204,Watches,da5cc06e548097e62e6cb6d768f17af9599b84712189a857a03f153d216c7429
45207,Watches,882c3c8b2112afab27828195fba65551722061c4a761d3a79c056a3ce5bbaa8c
45210,Watches,49a1a2ff1fd6a0f1efc24080b284afdee3956d3a9a2bdb2748fbb195a5f3e65a
45215,Watches,5919eb9b0f9eae9f0fa6b1b84bd141cd5a80e293bc86df5fd293b71093abe88d
45220,Watches,03532f81166313101d7d24ccccd374e42399150368ee9cd966426fe067d2b4ac
45222,Watches,ae60ab4162bf18ace121190c7cf19ab93b4919527c517eeba361d3652a2a5bc7
45227,Watches,41fec59b2aa331d87e31be2f9d71d83d23826bde330e6aa0a3b0bf14ed932351
45235,Watches,f97f3edfcc6f28a95ff80631352a347052a31341f79a2f75003eeffdab281c2d
45247,Watches,4e8ba13fba580572d80538e96034326a57d9b79dd3307243be06ac63ff1991cd
45248,Watches,a737aa790d4b30ffe52b59945c0cc74ba4d47433743dfafb36ab6a38b1cb79c0
45255,Watches,9e178db88528f0baeaf88d38aa68f49bfcf364f58910c658c24666e6a99e4e79
45265,Watches,467c36d53e4bc2eb7dc82962525de7a16013837eae3cf4b90c94c603b54f9585
45272,Watches,d1a7563b0c43c0412801d687cfa05db17f46ce50403f3183fd8c54a8eb54288d
45277,Wallets,286a1d18af2bf1cafa9e216951f87387cbd4550a36a1418b7ca61a0810f65036
45287,Watches,adc65e9eb2a8f731bda832436d754e299a7b9e04e49472a033ea2938f83e3cc0
45289,Watches,2b10960f8f3b65d0645fb7cd237771c76153fa70e1ca2543f43eac700358ad67
45290,Watches,f0109cc113d1622a0ba96849c8d9d145d3f9c86af9fe1b23c31bd525c9294bf5
45322,Heels,aa14dae740879c256ed922554aa3adc45697b22b906471f3af7b8e53af9fbda7
45323,Heels,074dfbd683ff8be6c3d855d53ee33ad889a1811c90f4c452636cf426f2f030bb
45327,Heels,b4bb3127a72f67995de50935fb71243ecdf6f0cc0770e56ad85cf87dcd887d7a
45339,Heels,1e819893ea8bdf2e51b4c4888c862fb5ccce4d4087cea9888033db8eb41a771a
45342,Heels,ed1a7b679fab318e11631f08cbb9b1fe0beb0ece7b8a74fb6c75f82ca48865af
45343,Heels,0e396cd7e7c81b5501fe1a74611efefb0b7802496b450b484ff59d72148465b6
45356,Heels,72107e41a8f39208373861cc7421fad2865f79d14a2eb2bdff293b2a3bec4de6
45357,Heels,3766f7cdc580eab14ee10f9267c72beee9e71b4ec4ef3bfb080216a839937bab
45360,Heels,cc8c8284b779ef42781709afbf3796089d0cc63e4c8bed49267c3e9bda7abbac
45370,Heels,ab6b6e7f59298dd10a8030d0b66b789b1f54904f8499d40c512a0da62effec73
45372,Heels,780eb19463fe1459b674a073c218a73fc3c58b28cba411fc885be962ef722d81
45374,Heels,c060a30806f007d6c91a91e04f38c198a08c414037e36507fa044fe0fa05fc37
45376,Heels,c47bbbdc90b5138fe22e5537c6c017e65985f7408a0c66ede6711ed1d1ae59b5
45378,Flats,b2893d7632cba6054c41e274881cbf6861cf0778cf0d56ea4a1a7968da7e8a5f
45388,Flats,8bf76405709c6af6e6f98a7411765e64ef6e024889761ea18f73a6bbf7211070
45389,Flats,93acdad4dc7fd42b67f3761fa88bf1de13fb7c68071aa52dbe2200d794494ce6
45393,Flats,5c33d3304900d16f11fec7becfe07d8b8a1cf4c8a8c99cc61534a51fb11cf8bd
45411,Flats,6faf75a9690a3b6276cc0e9a6407e08c9732a8426ba3506a4102d0238f28d21a
45414,Flats,ae9f8f8f661ff3dcac839bb361e20ca74e6ffd01328f68be1ff0bb61732b78eb
45416,Flats,bd5654f5b3ea68399c8ab2c09edeb4f73807e7affb20d722da6bfb363b2d0fc1
45419,Flats,7debd9b7b6ec79dc86072ee60006d28c8972f2f0e8ce6a5054d92a2edd4631a1
45423,Flats,87b09d8e8864db024c4c0c653f1ae5b2082beb67326a8057d39adb10e7ddd1c2
45500,Capris,0338161a0ea40b6674acb51e4c0876bee7cabe41b8f8d9744f0efea5da799f7d
45531,Tshirts,5f6cbf65a39ae29092aa4830c061d50589f4b24926be835adc3d837dc036cad7
45533,Tshirts,4846b8bf655f8a409456e73d54273d8d47de7eeecb51d45c9173129c68a81618
45535,Tshirts,93ba8db8bea3f585529ce703ee2362e0bb71fbaab18288510d630f571cdb00d4
45564,Deodorant,436f5fcbda168f6f21a109e89df76a39447b71916543654852dc34cb7e26436c
45577,Sandals,0a476846a3423fdc3cb10119c3d483f71d773f94b644f75d865fa9a0c190e1a3
45581,Sandals,0778633e24ef214913e89a8b9f1d8b9839adbc79c9b8a7750bb7c9ab5ffdc916
45609,Formal Shoes,61ef2f95b04b006dd225386399ff1dc1cfac76c33d4659d6a9ecbc4b3547c899
45613,Formal Shoes,396e7d074b1cc53b052a394b1771caf7089456f0d3e75b0d40dd244963d355ac
45615,Formal Shoes,b8af89aa1ec4ca7d369676fb485ff4dfd8df0ec029bbcb8f7e55684d9b792358
45616,Formal Shoes,8b53d90b4bac2e05e61ad88793f3aef11b840b32fb0ff94fe84fbf8e032b2372
45623,Casual Shoes,16f72cf43ea79f3425c1732a750200bad2866aa357eb29c030b5d4b70a96bc9b
45658,Briefs,288daee54878debd9a26fa242e51eefafb807510967e61164f716a1380149a82
45660,Innerwear Vests,ed60ae182d88fa510e595a477008a98581f2dd7055bcf4e553ca788ccbd49c0b
45677,Perfume and Body Mist,e4b128ba2476841bdb9579f74ba9c43225e0eef86a82451914730a1e5d08a6d6
45683,Perfume and Body Mist,ffb6020cb8b012bac1a7fb43def24c7550fc45cc6a17cc3f10fe8c11491e204c
45717,Deodorant,5f84440a7680e469d37bb19b56f3812194cba7e21087a03346f617d7bb488a89
45720,Deodorant,faa495ed16f2b1d3d5d95853d860886ea333cfb3f669f8aa439bacc4e4702d1e
45727,Kurtas,24d773d9bbde1f09a539bf589d3b0d88dfe4251b14592b25097163869f3ab8a6
45732,Kurtas,4d7c802d74e54d20d010a9549ba7e3860015fed2f460fc363e5102822833bdbc
45733,Kurtas,b7846f17f55f36897734a579e51f8ad0cee69ae83f5ce8b5e8034010c2c725ac
45766,Deodorant,ef4538dbadf4838718fbf256667322aa56e58469483f9c51f9e2c280f126157f
45786,Flats,5a0ec37b61b6598e2830d616d3d20f9c33808d11a7911479863dd0b303cef3c7
45788,Heels,b9ba61efca5197cc3733a3a346f9fd56195bca556d6884f39432ccfd8d1bc5d5
45831,Kurtas,e961b6eb57a57fcfb71fefa86d165d0939d71314bd8ef297f0edeac15a270f76
45832,Kurtas,c310de9a1629385672869c118ec3ed8295c739965b9e3b252eaf3b5dd60f88d6
45864,Casual Shoes,e31d51fd81075393355073b150dc78aa503fae2aa0ee7db7d7a53a5ba5a427fe
45872,Watches,dbdf486591f149236c89436f9815bd8d6f509a6219c6a0146df8d908003df151
45879,Watches,744788506c58e588d63ecd60df5ec3d16baa02353ac1d2800ea84d5ac967cf94
45884,Watches,c466e641faabc7a4c4b41ace5b82dde620b98dcac70cc0a164c6dac4488a5d6b
45887,Watches,169f64c9b2a35ab15c206d9570affb119109498c0567a57714623a08aabee947
45898,Watches,60b1992249e2d03e89cc21193d7f706628813a5d0a7d04bc0f3d97b0de0cf9e9
45905,Watches,6b33c0c0903bd88abbc867d39b8b7917939ee7903b6fc9845bf85e0a1a2830e8
45907,Watches,ae213f371ae759629e3e4664e3bb301b9950cf55b166af45ba72fea31dddecc3
45908,Watches,a2dc7efa0a05477ea42037e64daa633d40ce1e6ea2d3bcad51506b5cf1ba275b
45924,Watches,4e0f16f3acec9cba6f44a71b8c0856132b5b2f2286e099b4885943a72845d77d
45927,Watches,59c0a7ab388569c12f69429b4c5cf26da1fe881d474687391c420824293c3862
45928,Free Gifts,64ec90086f1d708692530afa5a90257dd4c20e346f85f3769879a3f3033f5fbf
45942,Tops,e8f0d295b09e942171750bc2ebbffdbc17fb63f64ceb4eb1f7939d3ccf556ead
45955,Tops,7a7779e3121d5e630ceca7611e11290b042c10b3c4f0171079bd4166ad37f666
45960,Tshirts,2dea15c828bd5ea6703d284372f38fa1d85b4a0cda605a81539c3bd874d30da3
45963,Tops,669e94870df0cbce360e3ce350680b733febdf00e15084328c9996c9da2b918e
45976,Tops,4f874f7beee88cbb2aca295a30fffb9f11aa8d6a42f0a36982aedc08766aa4e8
45977,Tops,e9e5eedb1d209ae140902beac020c04523af15703d77e19dd0db3e8050feacf0
45991,Sarees,6d887711f6b08abd2a90baa01d2fc9b88472999828b97fd13405ef51752dda2b
45992,Sarees,cde5463f43711f9c2b4415ef9ed574c3b7fe207eeaf453cdb63853d03d79893e
45994,Sarees,aacd5e69706845b33fada308c3233f666f5e43ebec99fd474c254521d1f29f85
46001,Sarees,dddfa7c616b3b1fa9cb062dd5e9090a9d34a6fa5880112e2e36ddf9821ed6407
46005,Sarees,909bf182f770d49513cb5032a38bac5d9704e2c083004859273acbb5d9ffd816
46007,Sarees,2ccc6940e82c914b0f6769130a9753a4cfb4058c87eda16e7f8a52ec0e2ae6b5
46016,Kurtas,be26e47033cda9b1a500ba1fab2ea13308a00d0054bfbc6ceb461a109528f79e
46018,Kurtas,4ce9c59de9f2567aed7f92d2e00246b14730fe9989ccbff14fc173164498fe6d
46027,Pendant,33b2cf26de7b050d7cb081b030692865aa2a2cfc0f208539ae307263478ad129
46030,Pendant,c1490d83eef1a2e1ffb3fef65adfce170fa7fd1798611fb947f6247d9737b2dc
46040,Necklace and Chains,d078b117d636ef4938702b37959b7c3c31906d57d1d294f68e748a0e3e812b96
46044,Earrings,7f8155917455532081d3c71666c2a16d455e32972fb35e706c3bf5d1e1c09ab2
46047,Earrings,350c52f4dfb88ffd858cb58512d13c92cad38dc8bac7fe177c0250f3bc272918
46051,Earrings,1420e5a9a39e8e717666315b8f414b77ad87ede7497a21bd02a9d03f60c103b0
46059,Bracelet,541f403531bf85c7724e97a0fe39617447517a60d1a246a82c04a80c3b416b28
46060,Bracelet,b6ff5036ffdfeea46ef0c3e1d83a640501b31b866d1e5ddbdc933e0c45c4ae2f
46087,Casual Shoes,5904f3cc3695368ef3dac98253b8932e1e10cbbbb23fc82ebcf3a60d4c9ad660
46094,Sandals,762301f97a8aab639f2b1e12a45f30acb1b721bba49336b408204e7e5c7acf34
46102,Casual Shoes,4ecd40afe1912318042c94ea09c79c0fca718673bf6e65c1ac8e22971570a266
46108,Flip Flops,4d15610272ab6313392444fecd42f8f94130a8c95e978c9607f10b6bc03fefea
46110,Flip Flops,b6d3934d6aa5d1580418c76c135342cf5075df97e78643261c9fd10be7913cd7
46112,Casual Shoes,cfcc52b1793fe17ed99e6cb5250c18586afc51fe51f37487eb913d8f06f991ad
46116,Casual Shoes,475d3166a3110322e83dc9fd4feef9c1b3f1aad2ae48a2b1fb77d323c5c043e4
46122,Necklace and Chains,cc35c5813bad600208ed4c292cd7fcfa2807c03e2ce75a12ddc73b82c89e449e
46133,Necklace and Chains,8d030d248374fec9db987bca7b93540f94dce9e2fb4ad757406b24ed506db0b7
46139,Necklace and Chains,d557e373b0046613a49332a22aa5c7faeb9225b4e78026caa43ab47a07be7d1e
46145,Necklace and Chains,b63bf22b0ec67ef00d84f8787348c77639058538cd48f6eafbb9fd8accd7deda
46163,Necklace and Chains,8a9405c543437817f5f5e61c2ee4fcd6dbc56ccf00a9c8f96e15cda5c45e87f4
46175,Necklace and Chains,b916d6316d4df71ebe0f80e20f1dddade224c8d0a91bc3b35fa160628e31d982
46192,Jewellery Set,41fb8a4573fa811ab416cb6a6e834c0d3c095b19549f0a2129ff7dfb06b496c3
46240,Tunics,5ee6d659e1697532ebcc50f63a2bf9278724c3a61ee48660de5d16649a12d6cd
46274,Tops,8438eaf53823b7d145682691326bce458cf00d53f548e55851af199d8bcf3eab
46279,Tunics,a9bade1681c91acb91591e39ce437cf7469429041ec84c0d495c456e92b5fa9c
46285,Dresses,77436d664f20741c9aaa32467d555ebda09f6cccf14f6e135d16e96257a51132
46286,Tunics,1bc6dddd14a29e8acfabf3f7e548652238ae5b2be8dc3ae8c7220e9f9fe20778
46288,Tunics,6b28cc7d32682ca1fd53bbf038c70548ab4d618e262404e8a507cddfeced8592
46290,Sports Shoes,b8235fd6f68a5b9dc08ae175291c67d72325f448d0fc03cd52e31ba436c44711
46303,Perfume and Body Mist,d8ce8be6fefcbe91b7bfd23a0d925b8dd5de7b736c0390689b2d9b87f5705572
46308,Watches,b68b621c5fef5a8333b20840695721084362f227d48a5f3efda9ee3ed31af2e5
46312,Watches,1c43a0ba845121072d42b64a7cd686014dac0a1683cf8bee590ea9dfd8c82d11
46327,Sports Shoes,3c280acaed0ce1bd8cbc40b49b62eefe03d579efc0fbbfd5d51e342787e6f4f5
46360,Shirts,34de8ab87c5c5818b593326b5bfc058cb2388f358864df00f5094655b972c84f
46382,Tshirts,5af574657a25faa43cdb7881982ecdb4f29d5ccba3990fd110131b9526a4439a
46387,Shorts,22bc66383b9f3cd823376155a6568fdd70222af24f7483450028aa600944729d
46398,Tshirts,88a252c435714c69579c8c3f8e5ff3d0e1aad77ae9beb152c42c9f3129acc4bc
46399,Shorts,96df8bdfc26adf3c000cc976630c1b92380fba2b05fc2a30c46b79acd064cc6d
46407,Tshirts,13b1c12d7b98b73d4926bff5defeece666003ae7eebcbd5f2ff8ec48cf75612d
46420,Watches,fc8027c363faf3534ba3a999a9345d1a1e41c6576f348756b4875c4b44b42f07
46424,Watches,53ce80467e81ef88efaf636c83f86d3e5d94ab9e34d42d56fd5122d25a6b3457
46452,Watches,1d7c22fba37ed644bd1acd21a68f5c111392b47ea30e6ba1b02fb7544cde5785
46458,Watches,daeb8345b16c9933186685a2c97e29d616ca74bcbf1a8956e154f18ebf20b35a
46459,Watches,7353a662c3d821f2c52769e6171db0ddef7c5c92adf2baac61d3ca69f4256146
46461,Watches,70c6a4e078441a26d52429b0c5d823137421429942e096022fe0f23d67ea9f9b
46462,Watches,d88e763a6706be131960b7359e97d38b42c239f647270b1407b38de9a903a8a8
46466,Watches,b1c85a29a83857f956c6816c13248a1d9168bdd8142e512788c0c5f91871de51
46473,Watches,1e235ac01582d744f729dc28694ff31ac8ba74853bc4746c410be65b7e07576f
46478,Watches,fe8ab517401df5fa80991ce7abe625833278e8072d4fd1860303e881bc2c3543
46491,Watches,72d3dd4caa18f50001c461df4b24f88cd3743dc20b30ace768d638abf6ee4c46
46495,Watches,8a6ba41e4be904f7f41a5666b8bd93f27f8969fa135f3367014da82de3da5560
46510,Watches,45e52b9b71ee80a90fcd88cf8ad656ae1936f072202578f9197d18a990769e44
46516,Watches,f3e449091738c5f3badd60c329bb6f172b04dc84e6c473b5b97be3664d06e2e0
46527,Watches,d4037d61f5a04bca7e8d68fa6e4cdde98bd6bfc88afe5fdaea8449238acf9a73
46541,Watches,1b35161b93b0a33323201e57ef74a63eacf3518b848b54da32a6cb41b95262f3
46542,Watches,1295a3e3f2e135e817aee5502f44bc7e527b5f31b6ee9b7786b292d2c0781d30
46563,Watches,2456ce43770b3f31df67119a8f1267ff43131f13cba42ba7458a9460d6c74208
46569,Watches,dd23aab72d6e7f8b91ec68e005afa19a1841f8e5768d4ffe80faca3dd4298008
46570,Watches,838d23236d42657f88cebc63fdd838eae39565400faf5bf8fb81fe103e83a653
46573,Watches,3b35d5cec17ab6d781399dc486a65764b26013fe1b2503b428a4bfe4d802c6f9
46578,Watches,479097d2a7f07f72e570cb35652c7ba26064f02bb339b3012430e4517d5324e4
46582,Heels,dd916e59a57d02636152f358fa1ce0464a7ec4c1aee11dcaa99d1eb247355625
46586,Heels,60ed08bc120d51f40b667463b353a324eb8e30789fe17db11032c1563779ab7c
46601,Heels,0c883bd9ecb33695c325ba7a9c9576547ba551cd989cab71964a2ad87e7b8a71
46602,Heels,21a34e545bf1af9d8acd03c656f3633ea19e67567fd7286a8b894b4f2a66c322
46611,Heels,910dae559189a210200ebca7ade967fff6e254f4b38073bb004d5e003252f816
46649,Deodorant,3a77a98301675697412b7b56c8cd09433af9959fccf98e26f39ea40115fcbc3e
46650,Deodorant,c9a39bb739dd4dd705a57f38cdebaee599e50521cef8f6a131a0185264b70970
46663,Deodorant,e31a3bdb818f29534a14d15039510bcc9482d97d20d1862d4fddb96b9d009e9f
46665,Deodorant,b0ee5c31bd3227f46ad861522f9c190f03c00f407f684ef4e4f6ee02938c0c97
46667,Deodorant,cf04bbaf3ddb60614d1eedd9114a11c2a8c03ff30a74997fcce66bfa27f1e174
46669,Deodorant,883fda0eb02e7aff2f31ba79aa2752202e81daf408c544742cc79fdeefe19216
46671,Perfume and Body Mist,9f9eae0d93b84a92a5d77a3aa40298360b36a18987863c9177a3fc2ca0b4af04
46682,Perfume and Body Mist,8d5d0ad5306de31ee9514d4c184f38404f5218a30673858f546f6e7e35d39502
46688,Perfume and Body Mist,c5533ec0db82c0be312fe4cc2b7168ad5068d4fe2d3255182e9ceb51b41f020b
46691,Perfume and Body Mist,12c44253c3b39d8f4eb421bbc2394a244fac87639163971aa1f4d0b2ea7381d3
46703,Perfume and Body Mist,7981968e3be00393666d9db59a57115535d92f258f92e9739cc05b95c09497e8
46706,Perfume and Body Mist,b08b36f32312eb3f6557df55bf1ea8c5a0e95ddbb5e35d4e2e903d62a8a55fa6
46727,Perfume and Body Mist,87f0c15b787d3c114f68bf2a5bd1f0eaae7e7a8e18c5ddd17bb79805fd342a84
46735,Watches,ad8ed1a984b48becdef6d1f5a5425fc246a134369b77837e76c098b587cd0063
46736,Watches,a81bd1bee1b3f93b3325ff37d1f856a40517e017b653ef98f208a5c728e312e5
46739,Watches,b972ca6a0bb88d0ed7abd73c7f111ddac5e4fde7320d0eb2d2291496cec371e3
46746,Track Pants,5aae64e4f4985e293ee9f13cf594465b18c1a6e4fa0a1c18bc273f586a97e651
46750,Perfume and Body Mist,a131fb67efa4045e916342351b48934ce6383cc060b70202cb03c74b98b6400f
46754,Perfume and Body Mist,0d8e84945dfbe462ffd3dbfba9aa3a12ea787677e8e421c3afe6024394ba178f
46760,Perfume and Body Mist,3b440d4b1caca60220ed126f196727779a0dcfdcb953c518ea7dee14e7fa6f88
46763,Perfume and Body Mist,786f6e6d407eb4af53140fb9b112766546bcac098498a7822f6011828a4616e7
46766,Perfume and Body Mist,b578088f8bd470d6311fe85b22c31ef842c48fadba2ffffe45319c5ca1a17669
46768,Perfume and Body Mist,33b460ee6cf271c11be950e3bafdf84e36cea351bab08d87f6f948e8f82939d5
46772,Perfume and Body Mist,7b4dd04623d33f1b2f64e7cc0e0287dbf658de55cc899e1e9185a00065efa802
46775,Perfume and Body Mist,e96b750383ff362597c2c6a55e2aff49bd92d9f5e5bb9381ad6560fadaccd23c
46780,Perfume and Body Mist,53e8d0251599c28ff0527320afa83ee31f58d65798de2a46df0e24af01463062
46783,Perfume and Body Mist,988bc29d05e3ddccd0dd6911967247fab0ac989cc6d6f08509a931b7b52a1a1a
46786,Perfume and Body Mist,01581052874458957cb4f229320e76499def6763105cd2c96e86b64d8e2ec25d
46802,Sports Shoes,52aef5c1bd0d66b586242f23f1d7ccf28bd469dcff5df411490316e47e412965
46817,Flats,9d221199392bed958f5ae35a16b304ce5b75d8d48ab247dee7baf33009273303
46834,Capris,fa3c164c4a9a60ccfb659d8fbae1ba904d40b11d4927e49b6239d6669540b757
46839,Sandals,b1c9a7801ea8255a0e69af7b1620d029120cd3fdf630e0c9cd22fda066640f2d
46852,Flip Flops,c8609cc4b58519d7f845916f7c8f2988ba980e62bc1b113e53414542a63a39f6
46859,Flip Flops,16e592686da43a6ee5fde92cbd4613f491955152ae73766a6cc021aa159296a6
46860,Sandals,f81d9edd82980e9a0842b6ba54b513bcb6076ff0c7053db8568873335ecc8baa
46865,Socks,3b2b4541bb7601144cd04d1504203ff9fc34f69d9b0f1baebffd1df934c07284
46866,Socks,fbcfc3ecb068e2dd06da7b8d05cb4d35f0905f8e13f24ea712c9ae7242107413
46868,Socks,1ea7c339cc84f8565e34437580b014f0bedfcc2b8498f26cfce619e921d21380
46870,Socks,f26a25fdf9574f9ae9449b21d7500162fb39c23f5057dbcf2c5e4b53b9d25863
46877,Socks,a8b0a2c65229176123021f8f751a9a380cc89bf80b0104ea93d46dcf9cb6aab2
46878,Socks,4c87d0531927361e65486f7db667c03313afc3ad76c602235362ddbf2de690a3
46890,Jeans,b61538a80ca44765d2b3576b5ee6e336b74bb5ee941bad95454f85e187830a80
46894,Jeans,c16be1ce58763ca2ad7ed00100334a4aa55280b39e463b0e04c0ac8ce90e4a3d
46896,Jeans,754eeab11895d0945345ddeaf6cbd7a8051b627f4de0be903701399a6fa85206
46914,Jeans,0592e6ac5af803cc62c05ec254db47f8eddf5777774679afef882368b398bc31
46925,Perfume and Body Mist,8cc2170bc8c56420c999a9fe0e9e5f6ca7f4f9be7cb6863e32643e265ab37a0a
46933,Perfume and Body Mist,c3d9c116a086315ffd8a7d08bf36ef9a16d20d5ad60f31503e367c648cf2e2a8
46939,Perfume and Body Mist,c444295c06d6e03401c886dd3b1574613404b5482957db229b586740e7a0e8f0
46941,Perfume and Body Mist,31b4a08b555679ee08831cffebe97a01bc6fbc6076628ceb717c5dbfd2c7f92e
46944,Perfume and Body Mist,053ab649490baa675f28f1db09844b4afb5a13aced997a57fc472ca7e516664d
46947,Perfume and Body Mist,c333e4b9daa8c6852b8d757db4bf2a45d9b7025a6b388bc4f9840f932ffca9f2
46972,Handbags,2c2971e6e246a5ae3065663076603047efa422b8af943d4c644f739a1924311a
46975,Handbags,1aa4162f1dc9c08d6401192617d710a65f030c988e16e6fcc55a25ce9ed71372
46988,Handbags,c2e964f413204fbf68986fb7af925fdcb5784d88b0b7132633538dc626f6d5c5
46997,Kurtas,bbc927b844ffd2033f1b573fe3a50040788dab0e1f4e4fa68b5bc9d644703449
47006,Kurtis,53f1d45c42d0c111dcb0ccc88c5839fb5713b416bcadd4d7a94594a89f3173d7
47019,Kurtas,b37916049a2b8212e53818e293cafb44bf4932083587ec3a1997ba8c9af863d3
47028,Kurtas,a4c1d62c56e72ed2de12e4ebf7411c6722579dfc2de182adc9cd0b52105f3ed6
47031,Kurtas,ca2889523c8bb7c2ddc9257bbcc4fdbf84cca8cda0d26163be855aa7c31d7d9a
47041,Salwar,318bab65dc1ec04ce5ef6bd9daf11d3b48216edc4d87eda1c9eaa9d169f5f026
47049,Salwar,6b09ea8002d35fee23ede47a2fde40837a81a33c6a52ebc92860f9960dd4634e
47051,Salwar,23b00dc81698163287619f37f6274a2ca3bf234647f18b22ada1013425f35258
47062,Patiala,a864e80d0d8925ea64db25155971437dc5ef6bf2f2cc755f6c2c4fb67f990a62
47068,Patiala,a746e267c68dfed9da195cac6ee7382f6f749a905af19783114633b7e983cdd0
47074,Patiala,e1b033088c704b11d8a99181b9b6120fb4e6c313d74a7ede838b09f67f58a722
47087,Flip Flops,6d80b2e201b32a68de02051158f16f18ecba607a23dcce26a6fdcfdc26029641
47090,Sandals,64b3c52145755796f2debf8b5557f13112fd2dd96431f557fa3a4f0cf5c83851
47095,Flip Flops,04f9912a17ea65fd1f3b5b7e2115df285edf3394c965258671d83fd29d0ca92f
47110,Casual Shoes,340747d6de47c28b99fbce4e32227888ef107d21b916b82bcad0f764b96c2d50
47117,Sandals,0bae75ec56c5c4e670b2448beaa4e73cd20bcc696d4cab4092c62a6b30555149
47122,Casual Shoes,f44bdcc52f8d8c32c5e9389c972f730e354f3cbf10b529c37e04466e3a6aa46c
47144,Handbags,5a9ae1f39af89d58294a6d5999c8d36217b5c8e0b7cb9652f64ef3c2354a7dfc
47146,Handbags,a8b685fed5b835e5ee726cb50633f08c659679e4f5b3e3fde9744de162502dd5
47165,Belts,e16b7113eea9f0b21bf33453495bbd8a84b26942a5953420c18417c9282578f1
47174,Sandals,8f98928e5289dfbc8cdf067b3628f38dea1e775e5794f1886f52457e03962111
47177,Sandals,89150375f00ffe75de8f79afe4e051479cd6cf976adc857c0a3d4fbd73f7c29c
47188,Formal Shoes,6c79eb2b44b236b601f8658555696d3efa7332967960d7768d32bb807e23ff13
47191,Formal Shoes,6921b2afd2e435238f28184d16eb438090e65624f344f2ae624035146bc6398e
47200,Formal Shoes,b46a15b522dc42f414203f18c5bf53a641b6d9bf52e4cc406d7ab2d637da04ba
47204,Formal Shoes,1d16fc850b6cab9e2012843ec01d0e6f85a37daf355b2d843e755ed313bd981d
47207,Formal Shoes,cd4b43339fcec26d8fbe01a5b1284ea86c06c0dc22856f022758350f238308de
47212,Formal Shoes,8da7c094bffa511b645369ed2b784acca5e0d1067ca91cfba29fd502e6b10746
47216,Sandals,0ee6dc417fe558460eca7c6ec271a85fbef842fb654e7bdeec738b1fc6a6c252
47219,Formal Shoes,1b87bcfa8c3344551bb36e44636df6036b3b15583564c77b3d86aa049e909048
47232,Sandals,1ac686b4c78726262559b4be0dc506bf7f8124e7cf2a890450653cc90bcdc503
47233,Sandals,a785ce9a9f75080b5529aa8ecf7d3400d2fc083197143f8dd12f433cb7c3ce6b
47260,Briefs,8f258a191bb4de35bf8cc5acaa81853eb21d5da3c376e60349dca78ab7821408
47269,Briefs,1bfabd27b173e37b19644cdbbe99bb5e836a2fe5051f3b9d6bc56a52c1ecea50
47274,Briefs,a91d5acec2c76317a1bd3e01d430a51b3199684cf3cfe670bf8433c829656806
47277,Boxers,609b63fa3da7d800ddb48ed85e4d874f0c7d7a313748f6283a86e567dd392115
47282,Tshirts,8adabd542b0c53c3df0c31831ed04db1a6a75f134c734acb26bc33459f31b51c
47294,Handbags,400856d96c806dc68fafcd25429059cecaf1630569bbe495e214b9799aae0bf0
47313,Wallets,b55d74250aabedafc82fc9ff6964af4f4b322cbe89427b7c7a5a0e37b4f3a1eb
47317,Handbags,e181a3727ae411ab0759897e4b48251a44a6755761ba68af71dacdc3a14ccc56
47320,Backpacks,80b40132b9dc5aa8e310e6e5cc0563e100ef4be3a56fddb1c26f7201df539bfc
47328,Mobile Pouch,79fd9b3b06c0d581ed9d9ae8c14158ce85b46eafb7dabb8fa307e23db3eede20
47332,Wallets,447d2044db5c45d2ea502da8580d6eaa2b4913421d7b15a976ec178dd06abe7e
47338,Handbags,22aa5dc216f955ea91b6376221fafd6db35d6e9ba2708d24a710c8bcbe2ff960
47342,Handbags,59b35a3582efa2cb780c6416add6efb175b271817fea48b42ed78de2cb6c9745
47357,Mobile Pouch,55074c4bd8bd88baa7b2ae295f9dd8e8ba2b7fd7e937b00e74344670647991d1
47359,Handbags,fe90161300d137b68678f3642f2f07f49df8d1cc8ef5f7a901d1a44796f75f65
47363,Clutches,830009e5181dbec16a02c16e9df8f1d6a7241c3f0152c960fad20259d8fb0a6b
47371,Wallets,8eaf6c47f8b2f6ab2a0d2a41fab95b1e5c58e12be30f1f9e25c27b3c29028d1a
47383,Handbags,8bee95f30246e762bf8058f01da1146169c8c3a1610b018a23996661a1b0fcab
47390,Handbags,0ef767c791658fecec4f6f414d1445279634114a1b8bb73e6f00ff9d5702a923
47391,Handbags,4bf51151ab8ff767f2b6aa0c9cafcf1949b924bdeb6690f3494ec9e77c6224bf
47403,Wallets,2a9ce8898941b834df65390173b768e3ce73903d43816e7ea9fb8976a1f8526a
47404,Wallets,3c9060b3cad5aa4837b895cf5767babb5977dd6d13b71347e22734b2c336833c
47418,Handbags,af2680e4104c6f842c5edba71d19cb80f6bc24d3b3c9f657d3986bc8f466c09c
47422,Wallets,4cc8a3a32f2045cd014d30318bc291260b70bbe9381e132a530b7aed200547af
47427,Wallets,e7027f3506912851c81d2d2c8f65cd71453be5048d124b6cb407bd85293aa9b7
47432,Wallets,f261ce67a2276257a62e7a6c527d56e012422f5bcd242aca38f6dffbe1986691
47450,Flats,99de55b5810ba10aa8bba778ca450d75d66667a30cf9bffda6f50ee5183e2607
47474,Flip Flops,916ad5b7651903a639142dc8ff335cf0b8feb1cd78fed31003ef37f27c06917e
47502,Innerwear Vests,996263ec40c3e586a03c1023fbca6fa38d403e147dcf955b616c787399814aba
47507,Innerwear Vests,65475836f514040f71d9bc09e57e72f8c79f7241e7348090ec21955e82530760
47510,Briefs,b678b20cffd23eb3ced4a300047447267eff4e6e982d7ac875bbfc3c075d9eb5
47511,Briefs,b29b524a0dd2a1136877f443dd0b10d8c727d79d6c89666a719f71893cb4b77f
47514,Briefs,7e91ced681946f51a92ce40ea1931eb6ab30acd474919a801245a1c54a7f5cb1
47516,Briefs,7cfca0650a47d5a010b42d19e67ad83857c2dcac6052b3b442050470324c3674
47523,Briefs,e441e450457086c8333502c6a21fe904f4f27c2d9227b3e50f0a855174a1db56
47529,Flats,9bf807f31f0f9f0642b03ab3e2c3805b33c2f713fa5425c86983929a1e59c885
47538,Flats,b5d44d27628b2815876505a8b6b15a77ee0a83d586a64f5f64ff435acd087007
47539,Flats,f50e0a3a28edd10adde7f22e133fd80b264db96e96eda3751fcaabff22c5b0c3
47556,Heels,861e96412dda03b99d1f13a4fe64cd88b9fe7aa983c546061b8a09684b8b73d9
47568,Heels,208c243a0f8d1975ffe035e20d3fac9c7284ba044751c40ab6b8a2751768bc57
47574,Heels,964b8b22429bd02aeb7555338e590bd10aff2a891513b71532d3f9abe1d1e448
47580,Heels,14e395c215bf3daca73fb67ccc8098a1090d080c321a2f72b870ce2da6bb22cf
47588,Flats,af3b1f4a7c8d5c1680eaa1d70ccf24ebae6f9a6b845fb7abbfe0a6ea305196de
47596,Heels,4376716580432c4f92e1583eea2707ae0ac71ccdee5afba31d7a7cbd51068dde
47601,Flats,8971d81320ae94bc458210a63ee4423f3e6b7c677a2599d336d8c06275fcfcca
47606,Heels,f089eb56a026750bf04aa10ee164f6806c9f02500ef809549a1a824c2d690a9e
47611,Heels,84911e47fdf697c9e0b98113fc6cbe45ec38c76ebc3bc360e0a723292f80a10f
47613,Heels,d63fd9c149b5d1527cf08836a3c33d6374a2dc44b126a5be42da8a1ed9584c71
47616,Flats,5b1bfbfab11fa9c979abec7f1c34b00fb3a47ca7d6b16378ee63baf953bbe345
47618,Heels,067b179f12185b41c5323abbfced64be7a9e306fdd556351228316aa9ba03f84
47622,Heels,59c1a9b94d8ad66978f437007fe941f51aaf4ef087b824b14cfdcf30a17ac29e
47630,Flats,28100406013d1246b919923800cfe91ba7306174958357939a9119a3fb243331
47633,Casual Shoes,0b24a94250cce6c834d1ab2243b9cd32f726803570d042f1221ae65c5a1f370c
47637,Heels,cbf3eb36eaf39738fef6bd0db53172fc61b3e552a185d7a0e8767c084cd1f430
47643,Casual Shoes,4b46590b4abbd5460be8f0a5084d96117b6f8264de430308e906520e76e1418b
47646,Formal Shoes,bc68edb35a901ce3f8e1feddd1dfd13f1d9efc49212b2f85c1f97ef34facda45
47651,Dresses,0366ee51ca75690852ce7d61328345f79e3e860ec72ae846104730cf60fab987
47656,Dresses,2413e58e8e9f915ae9535dfc24977cf6f585fac0f487f60e86e3b31f9bfc0c56
47658,Skirts,57ae62cef03acd2abed22957b38c96ac0a379beee612264ddaf94a7abd8a0f28
47661,Dresses,2c613805ec5fbad9bfd34e1495d1b3975b0779fa79730f902d8f3b3bd30e9bcb
47671,Scarves,f417730521ad9f5c09a0ed8235736f277fe3bdc70c6e6225484534f033d36a31
47672,Scarves,7ec4bf4316a16b05733a0ca19a199f12b5a16c069ae62c5586d42ec6779d7233
47682,Casual Shoes,4b2c29e1d1c2de4f9c5ac83c2333e0f3ea6a37ba92e4ee16c6dd97ff5604cd90
47689,Handbags,dc25642a30961ff0c3506a9d6a66d2739df1648791e9ed5657cc60bef21ab526
47732,Handbags,3324f31a4267940d0f3eb5b0b819410ec98b61bfd70c64685d96a8d114b28a7b
47911,Handbags,b76519b83da578ebdaa6acae8e966c829fafed926fd1e1ad95d0c39253839b98
47945,Handbags,0554e41ee2e0c778c1b0b39b7cdc08421455de6287d1ddc44c38fd41e24fc813
48022,Watches,bbdfee587f116ad1859b3d77d28c1d26cb017d026de3382d89a59396bc31f530
48024,Watches,05b5a962cae3593bcab0d32424d6020800eaef6fe29050f7147159b88824cdad
48027,Watches,984854b40aabf5c805ca833092e7f59b6b73b3b07559edb91d315145d4b6b05e
48037,Watches,143627e3551aa06eed9259ce0abf87e8940c618cecf11cc0db46a138b4632cd0
48039,Watches,ffd289e0601e83066bd71c85be88d833a8cc354468682e00cc80828f9d499ac9
48063,Shirts,160c5db5be94368a722dc00921cf8fad27a47fd7539700942e9b623ad241a0f6
48067,Tshirts,091a02074f3c600bc260726e4e576e5691051c497f67c7c19e1add3d024ee791
48082,Tshirts,c77c5cc5dcb3f1d8581fec24544cbfaf8307ec28394108faef8d037c3754a390
48089,Tops,960a5db8d389f735483355644c5a787c6465f4f7bde64eb41fbb8b6dd42fdf82
48093,Shirts,3b878d74d1246d2323b5646352414806bcad773e4048eb2f799bf96ee091fe6a
48104,Tops,33b9fba8d336bea527e34e7341444d972b4bf70fbe14e19f7efdc4291284d74e
48111,Shorts,c177f5cd925bde3c64e016b3a840912f08762e164f73427b7ecb5ae0d0af34ea
48118,Belts,5f3978dd053571a237a83fd5f6b29d5cab53077972bb32cd15ff5226894750dd
48126,Belts,e410c365f31300c917fbbc452f71718a2d811f09e60d69294bdc5098b218860c
48130,Handbags,b712786c54dea916ce23c9ca978c351afc98c7c0aa7b668f7e06c384c89d8516
48131,Handbags,97d169bc64eacfe8bb1d262715e56d4772b40a5e6de908f58e9b9be281d9c7f0
48139,Wallets,8920d39e2cd091dd3c43551a105dc293f9dac412e4217aa70b204e42b176bea5
48140,Wallets,8854ffdb01b639edb787dbd83d2a1e98789e5e59a279ef9c1caa43d3e69cd9b5
48144,Wallets,6e64b2fe4e0a37d5149a491f46d46858971181b9eed7de08c186def276a1fc6f
48150,Wallets,14855d8edde7ce2ca2d72668921b00ef177bd71d1889f67bd56c55e531df7aae
48153,Wallets,802249227e7043b7d3f4f0681e4206f00473121c412393958824671fd376a5e7
48158,Wallets,b3b072189b0232e6501d17da37966cd575e717f6ecad10dbbc033c55196c1421
48165,Wallets,845bee4bc8a00d3995de358c8328d1adeaaa2e3348c79b4432b685c4335669cf
48187,Handbags,f8ac7d3081a99ba86200e767a004e8e94a04c09a9d31d7f2175a9b3da6b27ead
48204,Sunglasses,0f9988021dcf25e6a9586e4712d07cfee7dfbd3f185c714b8aab599438fee199
48210,Sunglasses,6aae95fe08723e9716605909bdcf85dae1d6c9b2bda694f9e1080899f4f1369c
48218,Sunglasses,6bfc988619a3678fa9f47b634159ddbdce3d79b709fd3eedd19bbba5dd346b3a
48221,Sunglasses,5095afebd7bd2e86db0a3c34fdc3cb850890bd7d10e0d3bc11d58c30e2d8a67a
48225,Sunglasses,e138988611051516bc8f77b1f004fae170e8dd0c2f0d3e4c40f0b67edc39622a
48243,Tshirts,0971caa6dc71277bb02bf159bb72c4bbe19dfd53b9abb8655a5df2597b725f47
48248,Tshirts,4536396c3c1360bb5207db151b0b8c4dea0e21599c9e05df901399f14ad137b1
48250,Tshirts,4eb90b0e94c1ea334856c0f8368cfc4a47f3fbad7529e48f6bd21ed23973cc76
48259,Tshirts,4d0ea5ba2ea444782603357e85dd95278c78b211f65b01a69600816f80ff8c9d
48320,Bracelet,73d73e8e9a4093fc52c00e3920edfe0abfa069813ebe1e9fb6d21c51216921f2
48326,Clutches,67beacea82375c820025c35bc62c0fa2a4a28575b33b4be49ea6d18fbec0cbb5
48331,Free Gifts,151974e9a37c44c47e9aeda19b16e95a127cce39797ca9923b7a18f79a0b12a0
48343,Necklace and Chains,1a6bd1946c109db78961c9f4a7f2d1ca2d11f488719e5ee5c84dae86d51e43b1
48349,Clutches,d666ff8d35e0b717d64cd9dfd342b614c733f8713efff4f88d817222a2922383
48360,Shirts,6080edd78188a6368881f63a1d189ad8b51ef2c8caea16813504d23fe20e0b70
48399,Jeans,31c2980ba12930be437c1b30c6d35e2c8edf088a94338b6725ca70e2b67860f5
48400,Tshirts,9e134571dc20f87c04565a2cfae972754bfe3ab479d3d753002bb6cf8298360c
48417,Tshirts,c7472b7b54e39e39b70cd9dbf88a2b9a4617f4e3f95f4b86014148dfcaab1da4
48427,Tshirts,0e26943d13e3a79360e20897cd65bb6c68323d3227da7c194a6cef37e206c062
48438,Tshirts,952b0700e732fe00003447522d7ff44c09f30e374f547008da97d94ffd943e01
48441,Tshirts,9d16ed7cca7eecf352cd0891e7dcf4cb196a53c37bc4e7b324fe534ffbb03740
48443,Tshirts,0f9bc09cfcf3b4765cfb5a7374cc0648d467facf2049e4789554cd7d1bc9dbb5
48451,Tshirts,c3253a4216f28c6abb694a394a44a25c323e28fcb81aaf3bd7924549932d2284
48468,Dresses,b1fe3c9dcec7ecba6f7af7bb399433d78c3774400f0c0174be23c8eef676d40e
48477,Dresses,a4d6ccdb6cb3dfec54d38b31e0fa12defa10f0b2e5b70dc8692e98bfa9e3d5ff
48489,Tops,6fdc85ba4cd7ba0c0d853a46c3c81e0928c0a55dd19dc905b56ea67fbfc3a97a
48502,Tops,3d00d28c0e887f14976a60f8cd1658204b8ad17c810e42d79ef196efd6817403
48506,Tops,7e0a86684bc408f012817c63eb32f3a2a6102c56d8857abe4c8e0091135a4dad
48513,Tops,d150686bf071485857dfbc9d47251801bc3294a9cb7053862d92d627fc5d6124
48519,Tops,af7148f2c332172a2350d55a1703c9517d5339551e1c75244cc7897b7a3fa861
48522,Jumpsuit,89e4c25ec75fb0c74356d8c20ba4378d6b447c6503d5ff26034b0cdb487f972a
48524,Dresses,29fb513b10168665fce50ccfc14707fcda4ab58e7a40b29690288336295115f5
48526,Flip Flops,76976595b8593188e5bfd4639e60e02edebd6b2fd4b9e5bd7857b348b08f0981
48528,Flip Flops,cfddfe3cf944e6a3dba4573c351341a12f64eb8963365216dad9a01092545f5e
48530,Flip Flops,31ce439ec314e63d732362779f1e3b36efb0ae60a93797020de617939eae16e5
48532,Flip Flops,ac7623c860ee19887af3145e6e13ed8d9f437ebd1765f2a13b58566d236fe393
48535,Caps,db65de7f04da93b8ae319b7e2d4e4759d35e7a83c7f64910f10c275b2a9b2f9e
48549,Belts,82f1b3bc90106afb66afdd969d6fd25abdb350ffa44a8532ba32b7b740a38d3e
48570,Bracelet,94c935e2edcc0e23e73581b042e886758490f8e1a205537b72cf8facbc4564d4
48572,Bracelet,df1d202b13a015965d2ab286ec3b73c8b7dea0b17c8ca29961cea458f00a8dd2
48577,Bracelet,133112d8bbe15482872f662f483f2eec3c83defcca815afca1f943e57c6560b1
48578,Bracelet,ea0c162a2634787e2e75b4b5db1c2039daa7128f0b4bb408558759c0044cdb34
48589,Bracelet,0a9810cf319b1d2abbb6320738e7b3944a607ec0feead9fab7dd116ab00ecd4a
48591,Earrings,363a8c4922a9f9ce11f74a109a115f06a04ccec43d0887dd4123a4864d0c5c94
48592,Earrings,daa4fd83ca8da218f233ff855546b0d603fa9426431cd5229b6426bdea46ef62
48593,Earrings,35511189ba49c1375296e005c37cf13a4248986d9d7d9b1f24ca0997a2272c1e
48616,Earrings,dd0072b7012fbcd8a599dfd50d23048c09d7f2cc056781d9071bd89eba457a7c
48619,Earrings,81af7dcba16f4cc18ba500f307fb1081fa9989fa467881814faafdc068d405ed
48622,Earrings,55fb04da7099f891133f374cad7ebe80cd357fdad8c9da4b561eeb1dd7b5690f
48647,Earrings,b9ca40c81b27af30743d4137f2a02e639b782b6543b73b8af482af97e2bebf2c
48655,Earrings,d394a34aba9b6e46654d50af8cf2faaeea2cc5fa4ff9c67c87bb121f378ce4db
48671,Earrings,1dc2f55de57b0e4349d6a78d1002b42cb716b74c4511dcaedd1e511900b10faa
48674,Earrings,008bc77e5a36c64cd263526922b24e78ed69a0be823c8e6cc2bd600a0c405487
48678,Earrings,64386473bab0238ac4f324f51c141977fdc1ad01405a4e219978a481af6b901a
48680,Earrings,87b9ccd5338faf2b6d33a285ba6bab76bb8a748c7aabfa581360599a494e14c4
48698,Earrings,53b6ce731d0737c01e8e1fc1f6c240a278cc5bf20d66fab801092ee61cd53830
48702,Earrings,2d8b493e4f06f0c740e4fa80a2b60711baf97520aa3d2872228b54e841c0821a
48704,Earrings,da943ef9a92fe2bd3af4f3078c9260cd38f131f31c7b1ef893e5622fc7101dad
48721,Earrings,24ce08a36ecb2b56df49e325d9c365c4491d15e658e2d26ae3eae022a3e0e9fb
48731,Bangle,fe96a7266021ca5f2a53a223c76091556dd0fd608171537d2dbaef9236d2516b
48733,Bangle,c07aee7395a8137fa8cdbc1bf0830110919a671408a926c04b8f1590924b5dd9
48734,Bangle,81b978728bbf5a900ab35fd79a1b79843eba34c509e9132ae8fa60812db92626
48737,Bangle,9ad7c21e4de95fa04cbadfada052037706111dc6f8b231637837891d3f8bc25f
48750,Bangle,c4a74c655cf9422f5178c342056746ef8080cb51ab9a1c15cd09675f3d8ce23a
48753,Bangle,0d1224314a364adbb39fdc15964c440d6e093dc1fe4810b7cd784dde2250acb3
48760,Jewellery Set,5334ea991c8602483bbeacdb4f52867727a8c2e6b28bf506b202b3fd4cf401d4
48762,Jewellery Set,f9502e4349d7fc49d1b62af778a37dcdc8f742d0094eb92ba370ac434c4a11ec
48768,Jewellery Set,be2b92d986760419b458a16100b579e721b8d57e27e681904b21aac030380bbf
48769,Jewellery Set,4b1a8e611b662c5e170a554ea14fa096965e3ab0ee0563800a52648cdb108a46
48784,Pendant,5a3b1f6ca37e04265b99dea7e033132f4b499c04e1a9b2681ae60ae061b8748a
48786,Pendant,0fc511d520674b2c9e5db91db81ce23d168e9da23bb1ad9571dabd8094046793
48794,Pendant,21df4dec9a5ef8d8a0f4bbeb5a789f3b9b442c08c28078fa2f36775c50812266
48795,Pendant,dbd7b7a99fa67c6ded10d0c01a3225bc00c8c4bacc9b24bd0ec6e9a60b832cf3
48799,Pendant,97dfa9234bf913cef6d550aa35640f71da2380c24eab9d1f5a5c71bfe6f411f4
48809,Pendant,b35fa7175ead9d9cff7b34c56f2cea120ebfa88aea5092e4b5e5a264b8571689
48810,Pendant,66acf335a62baca647860c3751ecf99ef3103669ff71abc51bfef88a16cf9d14
48827,Pendant,f1fdaee3717cc33c0c2ee87197ca170f0ee52b4eff6c6473fe992fb74fa6d136
48854,Pendant,3a344a2627d0c9e055fcf242c2fd698c6909db3d3b581626b6bb3e78d0997b33
48885,Pendant,cdebdd69cc8c745fc51ae74aaca69cc6351a64bc6a2ea81a60fd073098af17a3
48886,Pendant,459eab658bf185a6db24c042b333e632f1a49793e0e10d2d7b5943e5aaa3ff84
48892,Pendant,9f22c39c3cd1a437332512a701ebdd37b386ba94c83a7db3e33cc6fb28297fdb
48897,Pendant,4dc28225fbcf30d9f7e1902308d984cf7d1162e9f9f56f1022cf2175df43080f
48900,Pendant,0537cc57e0667a39e78b58457343ae97408e563d7ad055eb26c1e65662917fb6
48902,Pendant,66dfb589fc23247f1f9a3202fc6b067c569a53a024c72ffd1948226ce3560346
48906,Pendant,e8f79aea06d5a164ef68ae7f323a8ccca26f8f47cf6e68ca92d30d147255ccff
48914,Pendant,0c3c79f8529cb15a7954fa00248e0398ac4939ce5803b88ebd728d4b0118d6f6
48917,Pendant,693923c13c13fd09341257efb70a010197b359823b2a004d2b1b1e5d75184b2d
48933,Ring,674b4e151fe54c0b374df7f8ef53b2900558ce0ee665a9468004b826d8b12143
48936,Ring,4b812e1272d8d4f06cd80dd387689d5e6dfe30e6a938dac36e32e8bd9623bddb
48953,Ring,4e3407e375b5cd5eac353b8ce6d49e974f3f6b3eb874e973d15ac29ddb5d8bdc
48961,Ring,8bb38ce9f3224efd2a3cd3eadf155a5331c31818f940463d6238243746dd8076
48963,Ring,a6d768e17181de60e7c90cd8211a486d598da9cd88b727067878950bb2549394
48965,Ring,44e830acc7ada827bfc999c0a19f7f6f0ff7cccb91c0fde39dc073c9350dee99
48972,Ring,f77cbf175a2952418a66d8ba3183253a5b6bf0289f401658ffe86b960a3294dc
48980,Ring,be04b31e5bc2e17782e08da6827d3aa98e49ab9d7d3e629a7aa3dda755df9673
48988,Ring,832648f22ce3957d9db9dedd86c23a09576fc61e8f4b430a2f43e8d56d86d995
49008,Ring,8a622448659b44cbdff1bd7754dbf2dc89be579e081a0c7cea6040c85073d809
49011,Ring,60a1e901c50419a2e3ac425815872a6da0a5745c5d591fa9d679260a932610bd
49021,Ring,72dab2e3959acc6bf4854720584012dc1135230cc61804cd05a90bf676ee43db
49023,Ring,3ea0bcf42b395f1bf5194aa55830a285d4aa0ea384faa910845f4ee5b49affaa
49054,Ring,4f66af8a2578004f9cdd2245c621740f7dfe40b4b4bfb9a640d6100e21864f7e
49068,Handbags,9c70f519f263d6319808c76edc5d5d27cdd5661de08514cc18dbc15dfd399e2a
49070,Casual Shoes,5943214e2a16062e15e0e78ce011d962cf4d83da349d4be824aee749d2bbd8a5
49071,Nail Polish,a115603f6a73ff212f9d6b371e1b63412e2dcb7d8ad55975b53b1f433d04e301
49077,Eyeshadow,3965896f4fe7985307eeafcc08d26d43308b3fd4702909c19a881a05f11117d1
49080,Lipstick,b9a8d0779d770621d39782fda10e1fd4e6b01f4229f9267571e86da25bc845eb
49086,Compact,90e2fc1411d388789fd60cacdaefa61337db5faca51283b98502d621bddc96d4
49087,Kajal and Eyeliner,7572fa6b95bafae49049bba8804153aff7d846b9dabdcf9022e0eba0de566d76
49103,Lip Plumper,48d30f690fca5ddd2e29e432ac7b52d13b9c01aa003147f8ba7af741f5509f6b
49107,Nail Polish,f3c33ccb8625ad1d7b69a467f4b2e4bcbb128de0e52bf68dc81474baed41b464
49112,Foundation and Primer,bb7189d03acb8c59563f6ce0df9abc16cbe0b31acb82d3a0838abce5be6cb600
49113,Foundation and Primer,8f30187093962fbab9d67c5f458d505e6486c2ebd2ce1c5f9bbde650b28e443d
49124,Lipstick,340d7cc9ec78fdb4c458bf9e6d80b23f355c411e7b7c546c3914b393f7bb80ea
49136,Lip Liner,8d225a15cb766888ea1e441071ffa543cbc2e6a2f455f00dead13d81bdbc968c
49140,Lip Gloss,dd6a89cbf265c0f180dd13bc372300be81e14ccc1e7e3b149ecfaa9ba3b5901b
49146,Nail Polish,881965fefffbf7d1f53a65401a549d4266f3ab2a8054a8677206058c43c266a9
49151,Lip Liner,dcbadd8acbcd6c6e9a2b0b98ba3ded0a0f4d36022770a186b075781a98794927
49156,Highlighter and Blush,b4a5f4267e25d91762a6926f70a803366512e9ba66b58e90d543fe66cd6f248a
49164,Kajal and Eyeliner,899026d93ac4cb95336cb9d5d5d586c313d36b73d6320c63b4b4a53d5fd363af
49233,Caps,e1cf0d176ea425a56f317b0e14ee4b55dca9098460872ad4a5fc6aed0cfb7595
49244,Caps,2acb6a73b2ef49e1791df8a012c32803e5a70cd309536b7b0317ec9bdf409f40
49249,Socks,01d72da3b57980b3a8684a8e150b88b6e1bb6cdc80bf899c50e643836725d2c2
49287,Socks,48e7b4bdacb8fab87c8d39b4bd332733c3d57a59ddb8c0ace8391c2594a2d451
49302,Socks,9a5f33f72bd1b90517f2d449bf5155a9aafa119f9c6d6e09367f5598c68eae12
49305,Socks,6e918f22348fee7ec6452c194e720827aef6861fcc0face130dbab9309b6379e
49352,Casual Shoes,93cfd27b171c07255b271dbeb83c126c37420a6db590286b6d33027655bdf05e
49373,Casual Shoes,b0b9d66d128773ddfa35bd440ff9da28c40b7764f7d5919163a007c1a44bc9be
49461,Casual Shoes,c95d31a45995cefe2b3403e6a872b3da07c1b1d3b7139476623ca9d33c5c52f5
49480,Casual Shoes,356f77e55617874874cc66082a83f6f1bb48720fd65fd0bfddb959e1ae596d52
49499,Casual Shoes,600d9cc887875c58729d066249d5596dee8fdf56f6c4bd1c86cbe8e7443fc772
49501,Casual Shoes,9ef82edaf185b82adb7367c0eed4c623bf8d0bac840bc6507d5535b32bdea585
49517,Watches,de65598726c59ac56b1e7a39877e89c178b6a51bb5cdf611b351cd8c9e55b26a
49526,Handbags,7f4b34e7a00337c2a529f15a1be2a34d7cdd386acef1bcf43c4e4f2f63a7e38e
49538,Clutches,534d6e876c5eb0f2a28401c5aa15e761eaf96f031123464c1d5081d6b47decca
49541,Handbags,60b875cfb21c6e2596c6d2d3c7a47e4d96fcd393441c941ab0872163d6353cef
49544,Handbags,0bdcfe7aec0ba3bf3b2e3f1e14c938060c64e358b7289174d4459cf4dbe43338
49552,Handbags,bd3693a63649e6dd26850b23726947a63797d6b198a8772b99e7321e8e73eeb2
49558,Handbags,676b6fe2b7bb12e83fb96fb78420873b45e98573bd32ac5d9400a55effdaed76
49559,Handbags,ac87e227dc2f555887be3fbcffbf4743d993ac74e39955e46257ecc7d1b0c4ce
49564,Handbags,cf0e820fd593a440bcbdc97ce551f161adb7c2c223ac8a7aad23dfb344ddf8f8
49570,Belts,e7464eaf744c08243f906c75479909500a11792f020c8a2a1efabedccab744fb
49583,Heels,f94aa95986479c4d4c50f4d3b12966cdf5eaf16fe9410c8346b20e9d96c86275
49586,Heels,ad93f3207a062ab8cf99175d93e631763e66f904e73bf093d49ad105b21bdc16
49587,Heels,42cacdbdd3c6332202ee2fe30be95495cd02d74e6a6ec0c3a9fcd84217c328e6
49600,Heels,e1a158629781c2a570fb1e4816146caddc55cf08599619244a0e278689f09680
49605,Heels,676ad97f48f9aac61215915ed3423aca89e818d39b38465f90f07ad3363a9e96
49614,Heels,2d51fa995ee5eb0b6d9704ed6d59c07958a9f63d1278bfc98d2b485d7f79994d
49638,Tops,fdebc7ea04825c188e4a0672f8d87e9bc857bf449a6a9a68a52ec68c7ce8a459
49639,Tops,836a6eeabfd500026ad43a8a2305dddcf3c2d40c6257b9b6449cb3606f7e8498
49642,Tunics,ebd7776a89a0607b443a0b19c0589b1a26074a7e702a71f6409e77ee5aadf070
49647,Dresses,e1f6884f538f5da4c0c3cc5e145e8c2e4bad16c95398ed441e319ee188429905
49648,Dresses,7bf5ddbcc231d992b4cbf1418ea0f1957020b13948466e6a17e881b28ecc1321
49661,Sunglasses,fe4aee6d8765cdfa5893ad1fffdb2b91c3910ef71c08d6fcc93177d643c14522
49673,Sunglasses,c220ca86abb45acbe18476e8d7aa3932345cb0c27df0706cc049ee31343793f8
49690,Ties,59f5284f403bc24e6ccb569b317d406dc4e79ba3f228d480e6bb70d9978c0ccd
49692,Ties,d493f956b70c2b9de555ed1c253aa6ff62172488c9f0582039fea0565f2e1cc1
49697,Ties,c4502602d09832fb0730efc5072f4a3247b431d80ce27f10cc6d3d4b991f6a9b
49700,Ties,3aadf7bc4a79f4410777fd74101504b44611e96f1cf1f41f07012ecebcefbf31
49711,Ties,6e6c3e8543e762f6a8eac06312072379ceb27709e8cb758654d951910c02c6c3
49713,Ties,ad29364bb97164f2aa214454380688fb20d3c80d856fba048c5572e7027ab264
49716,Ties,68ead15a3d67d1346305efa10ad97004425c0534859178bc015e8ca0416fc5e0
49723,Ties,c7f4bba0dcada5dfe51708fefceae0676ec67ab2703a3b2937cc24dde6164fd7
49728,Ties,8cc5a2616a7a7871addbae0b060ae453d44f615de61632549174d523614fea86
49729,Ties,685452c4d952532ff9612846690d616cf4a009a7e2100a2557911e239af7d04f
49730,Ties,0ae533e9af9f07fac8f5463cb715ccd001092f431cf78b95f12be355a4ba57a5
49733,Ties,516c4e8769585f04bf622e8404d5740f60b750fe35794839a859df3401b32469
49752,Ties,b7573a2b7fc7ca08a683569735e43c9f8864a273b8a4ea4343dfb673c65e8a30
49756,Ties,e23d4a67c3476372a88ad694df5d1179a9a85dbeae5777d04f694a6663d32853
49757,Leggings,761906b44589452985b6f3d0b28c1aa6218bfee07871f4a3d7f14d9447f80059
49765,Kurtas,d5c7d8003095be0cd5e7f7b73d2c5a5b3548c9cd3b1f752e3d5b51b76c1d86d8
49773,Kurtas,61165203e9ad25d4eba207f91c627e17f703be8d84d84707fc6b33cb3bc3e11e
49783,Night suits,60a519d5094ce49a9c69e0c48f1b653626911d8e6b760ebf8e32e808ce8c6123
49788,Caps,9bfd574c19f1c8415fa0a4c2d951b6fe2f8e3bd07c1dc5460464fbdaca9ceeb4
49789,Caps,d20f7cfd9de7159e9ed87bb5b4482478168e9c057fe420c9e715a0f394bcf164
49808,Flip Flops,64c8d9f2cc2e061b2d274b6c5cac6267eb32da2ec9e849203fa7cac1c73b5c54
49811,Flip Flops,225f4e844fd87c777c3d71d8c46eb3ac95a7446f386e000eacabb638291d71c2
49821,Flip Flops,8bb6375af0aa6f60a2ab3c4ed69daf46c5e5d3f71e826eb8ba498e8d0fa1744a
49826,Flip Flops,55c8a82a5b28add76bc43cb75289700f90a06960144c02909130b5f2d8d7c9a0
49831,Flip Flops,4fd0b8dfeb02aa9b2c04cdf03045936f4b322e278db4a1faab235a6611e05644
49836,Flip Flops,70d0ed787fe2cff04b496428f075939d23ea41326ea60bdf77294c995c7f09d1
49845,Watches,0afc05e34f54c0e351083b2bb0d0b56ec125d1290f86772e90b3c89562c25b3d
49849,Watches,ed8364d377becb4e039d475cf7af67accd0d3b73541df8086a8bb5b933bb1381
49873,Watches,d7e9ccd8d199a658dc7503408bae7e3d8554360d054c02005ef1c71a750faa80
49877,Watches,a4c6bf1e511be737ec02c3a3534d85698d51d8fd50b9b27b713636b318170b55
49888,Watches,acec45adaddd12b725b72c43b10c7071e4321cb655aeb70d100c86d822c12b9c
49895,Watches,aebcffa53638fd6de7bc06a93a9bea498970406d926f319430520cbf623dbcb0
49897,Watches,fb4c180329f5a29488d07a87b8521ab87d2e999b35f850c08d8f3be15387ee35
49903,Watches,f39d4ddcb0e6da408846d4d01ed8abd3595c07a8c2d20f32ca22719ba92beb36
49906,Watches,88379a00c8159ae25fd3234e10edc2e11588113c175c1b5e73fc34a8eae853a2
49911,Watches,5c0832a6f00031e4b8626f9d8d0dacdb04c6e2606a207d995eb6f2be23ae67de
49919,Sarees,1391984c6f027de9405b1e6bee5cc9fcf0a160756a40e081284559f949c339f2
49928,Sarees,e114b2b6a0c2f28d86234474a8f4e52ff487edf5820ad11f0e40709761b53299
49936,Innerwear Vests,bc686eef0898470571af57e8a19c1ea8338b606153524eddf332221135fcb080
49937,Innerwear Vests,769c4908180073d4f7ea234a4657f288a3090b82755041b48d4b87783edd76ea
49941,Tshirts,001174d1e3b9068b3900e02a611fbb63d5b8656151c517174fb1bc81e157d98c
49942,Tshirts,9c0ff7d5b5247343edcbc59cded0d9ea5b9c00461a846ec0fd141567e0c2e82b
49951,Lounge Pants,61c14f37e480135a1220e360a7da193ee6228949c0fcfe92ee2ede826db240a4
49954,Lounge Pants,34e4952449a0802d4a1534f0d7cc45fd0fbe6048085e2289115617e2b9307191
49987,Socks,ee2a01fe32142a461048f8f337a3fabe64cbfe1714080a4580e1baee15ed4b88
49991,Socks,5466915fb89df3a96681ef880ae208c3fe6a6a2874ad0470b868a54974ab7fb9
49996,Briefs,68eadd7fbba047739fdafb9b29a3f4f15022efd8062ba30fbd5bd5fb6f8c7df4
50007,Bra,0386b1e23b551c6192818fcbc2e94db0ae85c5b5479e50ca5303b9fef1293a68
50018,Leggings,9d3c241bd21a0104d84ebd5b4c26b30824665982d126a6aef145c66a64c89a47
50030,Lounge Pants,e8e1373acfc8756f53f9ada610dad41b30beca8f6864c4d399145ebf65c26c3f
50042,Bra,f57306577803ee6e1f75ac14125422b9952f4ced3e94f30d5cddf6246e0d3865
50153,Heels,97f1b4e021ff9c08ff5981770ce443e5f40ac7711d61309401b64cb9db90bdc0
50163,Heels,ab61994f3fd12e4cfd32306197b62efc2e81e015432389492ecf2f64b43dd180
50164,Heels,f7120d4804a7625a14d40b18a6cb7478f0d48a776b93b62b235fff988ada4cce
50168,Heels,69cb0c54dc3884e9d5117c7e8bbad3e13b756ed7096b2f8b3596280988c2de7f
50171,Heels,c841383cee8ecb39a45c890df4472773cc95c26e1ffe1f28967a30c5874a21b1
50174,Flats,4dd4ea76ca537c5ec6fb70de70dbd2366e40de4b4476e6be201468388245c62e
50175,Flats,2b3c13f148a1598ad224b4cfbc412759082e3982df19c0988f83ee004a215a7f
50176,Flats,88b3ef58207d6ba2b65e2efa38fc34317d5bf0a30de0a1b16cd6931f7d663296
50183,Handbags,acd056d9c4b2e98060a4f3901d05b9b43c176255d56d6b021682c87296fe353c
50189,Handbags,4e1a76959ae54a9780de9406871e7e6cfea8b099e37e6ba5d9ffe5a15037a2aa
50203,Sunglasses,93d4a043a09b350427689b09e55892aaffe85d2cc1476003b0353934ec9e444f
50206,Sunglasses,119626bae7b2b1d1943cab3b861508f61626d4d2dab652e03b2c1913c87247cc
50214,Belts,aeae38ee85b8b05e5a281c328f59645bf324cc1ca5ac54a05cba4f7153e95a9b
50219,Belts,e648f6da8f8ad2ce696d34b2dbf6cc64adb47ea2f92ff17b1901ae7b01738a1a
50220,Belts,7765acd3254e15c8d6ab92724a6eed6a239e50b4d05f711dc876e62db8870923
50225,Belts,af4f1d426e44eac7ead574e2a0a22ad8d862192d5d41f3528164de9122b24ad8
50226,Belts,158492f38bbd114635be120f6017f78cc9f85a50ebfadf55c9da27714ea81d1b
50228,Belts,28640c5cbce3dc3c39fef9da6ca7e9cd407d32b927fc9a5aeb001859b007f6d1
50229,Belts,647c83732a53010da4cad97e38d3509b46cb6ad567f8319bf5e1fc2b0d2b3c89
50241,Handbags,2885ba49335d7a50d49531effa64e404d9242b97646ca37c5029d4322cd625ed
50277,Formal Shoes,6b4c3d1e4fa52f3b50a24ad1f7544e8c87329252ec1003c7dac5416d2c302231
50287,Ties,0c49edf662a13b19602dc141a6ca98250e4d4fb439eaad41300f02362df96384
50292,Ties,81fc1576a92b135af6233ed49c1ca025dbe07f208bdcc22290589449684f137c
50293,Ties,53fa0f89398b02c8be81776a3dd129cb17ef5eca008badff5a3db2857f6d84a9
50296,Ties,afbf5fe55dc6c02bf64461a444007b0ba0b24fc2f69d15384b7f4e79947f8995
50298,Ties,9f1eb93eeabec5e8256f962062cbe0e3ba84461c4e84769df98afd31644b4bfc
50302,Ties,51de0ac2590710cbc8b6723e686c70320dac5f85f4e141e4185c01a61959d2b8
50321,Kurtis,0a3e4ea512d0c0ff0e032a9f529e9f1ada3d358590e9971cebd1b5d4b025e1c2
50329,Kurtas,f3f7b2cfc3200e697b480484806b7850c1ed844dfbc7adf2f78f4151bc72bf51
50331,Kurtas,10c925a0db1f752c77bd2f61de85c5d14e55a1fec59f5e72fad9c004cf57599f
50336,Kurtis,77a6441551b46c996d512e5e9d5c49505982881b9f9c1993f6afe4fde647b2d1
50344,Kurtas,c4cdc22641dade9cf622b34b0be7401cc18996899948e5c7197b1e08e2de4334
50345,Kurtas,7f8790377d5ae7d5cf4f95fbc76c27aec67d71114a359b7a2718f41a3010f677
50376,Casual Shoes,2bbb343e7bb2bc7176affd9b314df62c23ff4516b4ba3c3e610a7207a52d5768
50383,Salwar and Dupatta,1b8d926eb994f61d170cc3ce190b0ac69627803c92f9a0c003afec566ea85e9b
50387,Watches,fe018af4ec8a221bbb19d65b7193835a46da312c34343ea72c7bc645374d4f7e
50392,Watches,6103e0c614f295e0a3d987e0dba75123f984b03ef6533431a4204a6561aff436
50403,Watches,b2f883b6b6efa48c3d93764ea516e4caca60ae2719a9e4c7cd156b2e88ab8361
50406,Watches,71382c5704addf72e97ecbfafe2ce691d825538cfa7697b05b8629d903f13cc9
50422,Casual Shoes,9b342a3339ebb2284b7e4de3615fd32d26c8b27c6b6b96b9131aa3cd7b560ac0
50425,Handbags,8d459d5b0d59aaf7113835a61e5561121688ae1c408269ddccc8999ec03b9c1f
50438,Briefs,cf9bd51c2b958f86919b3ea83017fa83dc6fdbc2cd8aec267e2a1b26e797262b
50448,Briefs,5fee984ec346a177852f36fa55be725983358acc32d777c1d7f7a55eb369da5a
50449,Briefs,c534ffa788405384e96efb90a0830ceaa18f7d15917a1f93a1bf821379463adf
50453,Briefs,7f91e07d126f56f0bd508b3a934066179b39cc0c0c54c7feb05cc7d6c2e376d1
50456,Briefs,b59309ba2fbd4ce37ef8539f3e0975a2997979c57bba9e33fa48e9d149e07274
50472,Briefs,2884aea06ee94b2a15adda007448543306d8129ca176ae5ab9653c9a6ac8396c
50483,Briefs,97b01156451d91453eb49ccb87e1e7a39e1b89ca31c234db9ea873666e2139e5
50487,Trunk,546cf59d43649d381da51100ba238e4374fa31bd8c5e2374d9920c14ade86903
50500,Innerwear Vests,3943a61dc6b280e0ed46b31e56a4de3e8b255b4515975169c88ea3490b740ef2
50502,Briefs,ffbb60e4f8fae4ae11f2e68e073bbef7ccede9447905301be37b08c6c5ffbff6
50514,Trunk,8291b043a9200f914d7b9eb29f5d77208259088f528002e31aaa0963cd7a924e
50542,Briefs,686235b6e9567ca855693039c409fa603ab2dc85139ee60bdb5197eb9096ea26
50544,Briefs,fe4f0923c16e7b760ac84dbf070381cc60e33722ab6586ae783a46e329d8d87c
50547,Briefs,023eb5e715bdc4ece53582f03247dfd7edd2c70efaab4ceeae0d9aec8f3675b2
50550,Boxers,bc49500d4141f086d388590cbf632e784057f3269298250f9c0561b6f1e6e6b9
50556,Innerwear Vests,f8565b9fc7d73d93b44a4c8f2f8b17d3d534361016e912be986e67fa8da9eec7
50577,Trunk,1180be1be6ce9c721c211a1d5fe5463cb8f3b83969a94273c504110294314e1b
50584,Briefs,c5404f89c8bc565720d4fd40e0d8527ce552d725984a2c6e77cdd4959c1276ba
50587,Briefs,fac2dde292bfb5f92797d4936b0030d498bd2fc8d3322dc917310881e17645b3
50588,Briefs,c73f282b7da5dd39895b58952e535fd5afba3ca3eec1460a2484396b3f84f074
50590,Briefs,ebc724ec29ad69abbf27986429f4d1aadf0907f5176f3a80a8d0316e45f80313
50597,Briefs,41ccc40e280fa71e1065b4cb95cc30ef5d59c49c2faec5baa137c1391fa2e408
50601,Briefs,4764fc6db21c4069229c07d7b98988c0f94eb8dc2f766311e56091878f241956
50603,Trunk,3aca508c08eb62fdf5e26c96d82360072adf8316318b8417f4e8e7cce53d36d3
50604,Trunk,4f13d397df7b746f4c9047fad39abe9ef700b4f2dd9574579029aab06335615e
50606,Briefs,583d63aa465cf43fee30d2231811727c5bfdef9e19063ffbdc6642d3b52c7c4a
50610,Briefs,1937d6dea21b6a3d2cae02eec520d1693756b704d80d084032ae32c1c5a4121e
50619,Briefs,e70645bea6170aa1354620bcff95d7924ec04783382fede234475d3175e93b2a
50623,Briefs,8fddbd28f6f18d488028e77481c6bfdc408830b91f2f5691def1c8540b6f8f38
50625,Briefs,d4a16481372f4f8dc94d846e53612c0fce0b26b7e5e7979805e821aad0878e49
50628,Briefs,1ddfc99157da6bcf715f257f02c43d3b66f192ff840e11829e38a27f9647148a
50631,Trunk,a18bccbb0c32b115b8e21fbcef26d856121410460d681c708fb0047dbe243b94
50634,Innerwear Vests,679101ce6ad5364ebde792382545cb2e98fd184e6223d256dab087c49a441507
50638,Innerwear Vests,380c23e6cccf8f5cfbaaa2bed3e564b435dcd1654dcbffc585fdca7606dd0dc7
50639,Innerwear Vests,2d2e1e53ff7068e2057e0407b33281cc770a01b04f727cb1e0e436c940096a25
50640,Innerwear Vests,9dc502336c44af6aded0999d9b65314e99a6fdb76224a8fafd75ec47baf97f5b
50648,Lounge Pants,7b27650e2fcc2532b7971f36dff5bbd15094f0b00cb68c6b12b254061aaf5cd0
50655,Lounge Shorts,69627e707d3faca6a00d14f0d006bf436d5ebe2d66838d215bea7b737d34e719
50656,Lounge Shorts,ebbad0ae91ecc13035f5ffbd5c665185a5408ad432b71025853e0d4594cee578
50658,Lounge Shorts,569d2ed9f626fc31dcd90414154b28f3cd13e3ee79b18c24cb1f9529179c481f
50678,Trunk,7747518690040358421a32654aadb42cc662e6b1807cb920b0dae3d30a71ebb5
50686,Trunk,e5add6b257929a2edd8cd75b6fbf29121cd06f610b8531d6a37d15a4c0b36b67
50712,Trunk,9284988f05cb5d41f03c21002cb53aac0aae1d1bf47b7ec9ea9a1b0bfb833208
50715,Tshirts,03e03c9614c74867ec1cd4bd7cea184e4f7414eddaf7bff7022f719422b75ab0
50722,Dresses,5e545c4057364cda11f5ac9f8998d94a7c2710c7163ecf3d7319f9629a91491f
50723,Dresses,f07c639b9fae870d753bfb313f9f497e6b546759ed5d1f14a211b13ce93bbe01
50725,Formal Shoes,529eeb5eea70cd2fa00688003ef3ff0e8a082afe124b5e00504d2fecd7e80069
50728,Sandals,2912d7b2b3e915e8dbd48c4e79240afbf0dc909682940ea8f950e8b0e4619a25
50739,Formal Shoes,ebda3cacc962464af1debd408162ddcdb2f7626461a1fcf28febc04955ea1303
50742,Casual Shoes,629ac3bed926bf7904c443f5d28d62eab0506a46899e04f3b32fe315d56bfde2
50759,Sandals,95f24face833d1408d3b9fb35e66334a711260b706ab950c59dbcb3a11a15611
50760,Sandals,48deacc814f29c113aa3315f083d2f786fc95bc497db7809aaf1ebdac91568fa
50774,Formal Shoes,04df05d5fcd18c4dcebbd50440ed976730a0f4da428aada45d03d980f6870fd6
50775,Formal Shoes,e8e4bbad1edeba3abb74628b226b7fadff55b0b27f4f5417af88605b918b9577
50784,Heels,3317790326240da86c3fbba149d3012bb231b52e1bd24bf5f0cb0ed75706133b
50816,Wallets,f8df4f5a83e66cb80cc1e0c282c19959cd9d9e2c8163d76e03196f0951bcffc7
50824,Wallets,e8c0b19c5648a9a74c8aa5a0b236c41e7e4707e0503e141375738b3e422d214d
50831,Belts,9f3c189a717add1b84b33b74496876efac4cea53e39422249b49f42fddeda15e
50842,Dupatta,c40b83864b920dfd6502ff672616ead3f8c3aabe6ec044bc314e4191263f7105
50875,Sarees,0a54e17997c9e5135b31b058a0f446f81c279aa80d74e5fd98829f29d6febbed
50886,Sarees,d72beff7124d4c741e2edaa486e6961a4aa96f14cdcb53e13cd9f4f16719ec15
50891,Sarees,02217f1585be2b92cfaa3487332cedee34a5106493c6a9ab1a75d3763961c83b
50893,Sarees,575b6428cfdf7033cb91d664aab847129864c75d996709d08df2e539125435f6
50899,Sarees,8cf25d03dc481ce1faf4724daf4c579631efe4188b3b8f06dc6e1b5881a96b5a
50900,Sarees,f588ff9c0281797da731f7c8760c210a210f592616900d9d22eee6d9fbca861e
50902,Sarees,439ad97520a1ca9bad5b4d99dd2b589280024cce363bb07a7e51fb0fc2abc78a
50904,Sarees,c6aff5b806e4e5d448ede2a405aaee9ddd44801c9ff5de0260c6cba8560a8a9e
50905,Sarees,8cb4c0572d296e648596d1e9b851f924084d70d04df5422ebb071810121a6c6b
50916,Briefs,42b35b3f4e0e7c4db3ad7f7459ff043c59365f2bdf63d7c692ca3117f1598e42
50936,Innerwear Vests,b3ada99bd9da3df40d161c89f14937a269719608a0299c630982bb3eec5eaec0
50937,Innerwear Vests,34ab78ebfeed0e39edd92566d078508cf34bb4f3d9a1778c1dbe68123dbe69ed
50944,Jeans,ef1081f8700df4c7123ada5f740702ae1360ac5aa70a6d86e8526397cdf00891
50952,Jeans,fe216d91e08ce3ccf0831fdcf8450fa6acad29f25c236dbfda75824bf8982d5f
50961,Jeans,d4354a814f7ece20dff33fc1bec7912f8c898ebd2b590a23e01c41cfe21fd1f8
50984,Briefs,cd15f000a96725ad37dd4f0da027ee711344995b661325ae103626fcc498bf89
50986,Briefs,78cec1ae7871ef4b71f1f0223e6454f348f99dc2d9878aba030485b386cb500f
50997,Bra,e1299a4e6eb167ac8ffcb66175b7b04ac5586467f877494236d3b0e1b295379f
51000,Bra,7626f3ae3f2efc9b666d3c5abb0bd420d9e14a13368a11966c26bc617781de2f
51011,Bra,3819d9cd886f59f3a46930dafa3240a7f409dacc7e9502d6c0b5705e3daf3a84
51012,Bra,fcb08e3f31e9122bb8ce3f872caa39ea17222f277e0f638eb04ece1d7290f4cf
51020,Bra,6b37fdf8c9240971c34e0d194e827744dd3cb95fac0b4ae6178566cf5b76569a
51024,Bra,88b7ae752767d06c151f9cf8ede26316e1b0cd4449e386ebc935e84bea0ad3e8
51026,Bra,5498fa4fea9561e9fc807ffa05d33eddf777709881f76a71b51730b7885e42ee
51030,Bra,28eac04b966432a70a23259e0e1a3f430f56fc310683e51801636f1dcc896856
51035,Nightdress,710768efc7b050ce42f3e9446c9534c332fd2700b892c9bca4740ce71792f8e6
51052,Briefs,3eeb813353c2a226448c309ed4d2db0570d387352dd2892fb13c897a8184b634
51053,Briefs,cf63e7251d6000abfd5dbc0bab979c566017480f30e93452497eefda56f58f58
51055,Bra,cb78aa7740bbe83cf923a4709313dd4a086ed9d0fae60d90f3223a741e14cdfe
51078,Free Gifts,faf431e4e876658bfd111d0e208a0802c7e98b6a7b1a3d2a449c9799ed1ce907
51088,Free Gifts,4207c1a9c66955edac32f66d39961f40ce44c2a9899affb2a12c4763abc53919
51091,Free Gifts,60b2c781a6c851a4d6b7e194050e68c89bf7bc63ab7aa65f53b05f7a3c61ca57
51115,Free Gifts,3110e45577d07c8784c4f05d20840e7c54700911ec7a6edd8238bca325dca9ba
51142,Socks,05a75d331a4f825105ff6e634c6d399fa4bb95b58a52b365a756df48e8f1fc93
51144,Socks,87f8553e62aecbb4dbd18017e1d3860fc6c3d584a2934e627cc0cf0e9e2719c3
51145,Socks,69e7a9c17f6a3897b34cc96d0550dad63985c2bf617ebd78abea958b0b3fe516
51148,Socks,01ce955396cc65a8d59cd19c7fac8b46fa5fc87f1b8a04c4a47f7a1964e8f93c
51158,Socks,c9dec70f63865486079cf52fe7dc92a49c76b0d5b30802acdc232930bb4fe576
51163,Socks,9c23b503c60b85e2128a1ae4a454a8254520e5cc686444ace139ca7d1a28c122
51174,Socks,bcf0ca66551f83c230326b2a4ac9482bf5c52d54523172a1cc48f7656ec3ebea
51200,Bra,dfc66cb98faf6215e2252d47a920ec792e08faab378ddf4161f47a05cdf8a7de
51214,Flip Flops,ae9289c038f972a0b3eed9a1f73428badb7e3ab5b7c1b405dc9a7553d9e56026
51252,Belts,57e8a771d9b2c83ba326f9849e15185e220b2f4cabb54ca55c264568315c5ff0
51259,Belts,4f7ef442a893ecaf8897eee4538411cfe55e618f42bb7504eb92a70c70ee7767
51267,Belts,7fcc4297e6aa1148934c7ca02905178c1e71a53a8684738f43c16a2fa2abb639
51272,Watches,c00991b6f92a205c0802df2d7f6f5dbaec38ae7dcd5c4b3ba87360411709a651
51317,Backpacks,3fe6d79d1a5b5d19142f709032ba65c38028692d85a05b58248e4f19097b97c0
51320,Travel Accessory,f8aa1a7ce4e457297b817fb1b0f83b3369143e20e8f51f41db5edb2e9f034ffd
51337,Socks,e14e0467c4f820e3b43c0891dbe6df4de0401ee74f6f1265fc9e20852ea149c4
51339,Socks,24d4d8082e442a0501a85630257ebda180ea9db7a4789069e972a75207fedcf4
51344,Socks,24b165649e3159e43536861e7e6046b95918718efa3eab4ce6238d2d75ff2dde
51346,Socks,fab84b821da02295dc180937cfdfcc707de592a86a40948d99ecc357b0184534
51354,Jeans,09250d4acfb0ae1e3eb8e920b5e8a88aef10345d06f514f06c25e60826b2aa46
51368,Jeans,aabed5ea17aa550530f0cd5edcb79467e3129c2b3ee649d7e5b8225b7ffc08ab
51381,Shorts,009728070c83d882754a3400f7a5de29d09733c6fa1800baa14951a54259e95d
51383,Boxers,0a36c4628272497760c7fc6aca2b04830929c9c9e293c243ec65ed1d8c26a56e
51393,Shorts,6454091d5919298f9c0d2a40d017ff431ac7be0066ffeb0d74381b33d58d2640
51395,Shorts,f5ed796a8b440082aef0842c1bfeb7d8f5ed5ba54d7b88caf0d16c6ac4da3160
51396,Shorts,f7f8e92084e0a8663bee55957add8a5348c0ff2fed0c6b65326cd6b5992248e8
51400,Shirts,2a19de5202496f9911fdd55c6bc30173bb6969fa8a8721d0040421e451b6911e
51407,Shirts,f0bc1db26f8ff93fc0ff43540d4f5f5cc00524f5d433c4b59a915f689bdcfd60
51411,Shirts,0ef477c1a1de30d2424f8ca362ee53bdea8e0cd690c9b5ce49ee0efad6cad643
51415,Shirts,7bb21247ab289b13f0e7e4ddca800af519986911beb1f9f2ab13234d671c3492
51435,Shirts,56fa0138ef0523f3ab9b69fd685ea6b2818736ca73ffd334c2e31de9aa454e37
51443,Shirts,a29676d12ca759288147f23ffd33c3e54279aeff481236d8edd8b95026c134bb
51447,Dresses,ce7d3e9d74198f5214f03f0f895740fc5468d6ac9ec3d567032ecaa3135812a0
51456,Tops,bd709ce99324dfedccb945345cedcd3634ff1ee0fcd6ec418079de1cb0003b2b
51459,Tops,b29c6922da53250ae26ee3c8635d36694c5bd0ef79cfd5f2d369bc25cb417973
51475,Jeans,5e70683bb503277ea76b99f0b1b6b1e04850073b4f407a7fdfc59705945a1dbe
51482,Jeans,ed475860a49d8917f2d4593e9b57588b154561567d08d77ffea8243a6fafc4f3
51487,Trousers,6a44e1015f8e2979506d73775f78575773086856d8b91e63b7c948237cb89803
51516,Watches,e55d7d8165c1889a23c62b56daa39697285f1eb459273deae8cecb6638ae5786
51521,Watches,3944af3244ea1f060df18993c3fada815c052f787d30a18d13955b35ba9ba1ec
51526,Watches,e09b34b4502975fca98fee98d15f5d622958614380745fb9162fb9163bef73a5
51527,Watches,9387a9763649d07766942ecc37b7984f38c1368890e533d7c5da657f58aa5372
51528,Watches,8e54c47b51260aa31db80cc2ec9d25ec383b088cb29ea68185ff7c883e2fcf0e
51535,Watches,5c0a2d841227f6061f79e398ddd8609167bdcba35b9e63edd8fa3c896c6d4b47
51538,Watches,b87393d0f6ba94cd935a73d0c33b3bcbb33421ec9ac2ac5c15153ff51a497455
51540,Watches,a9d39e42a5b91787f71f0dea53332856d5f79f6c45cf3cd9f14566cca47c15ea
51553,Watches,458eadd93d680fae5ca54e3179d9d09929fa7878f22f047a9e807ee1308d6ddc
51554,Watches,710aad2301c14e0779f0a0499ed88207561a8ea27085e3c205edb4a0efc88087
51555,Watches,c98a75bd0430172e3edc140032389012ea2ea7d57620892801357cdcff7e8d97
51585,Jeans,84f38fc7634fd7e148d2ea628d6773fb61ae5f2f935d2c05805f20ebc7f3f15f
51595,Jeans,fca28dc58589b463cf461c4c662a3cf4502b55c8524a5cb545de9903a9ab9839
51598,Jeggings,094b633bb9c04af72da67ce9f3b770c9cf91f45cd106ba60be0ecde20ce85215
51601,Jeans,2c1aee54109a36338d3c66a71ff2d356083fb485fb0480dbb71fe97ae1724bc7
51606,Jeans,4be2d7396448f232814adbfffd6972338fe6058d723e1c6163e07a26ca1b3c9c
51613,Leggings,4292872b60fff32d741983f1cc3a948d938930cd4e4ba6a460042429255c6164
51616,Jeggings,60b9254514da31127f94b52e9f9190c2aa2f56d7c22b5ae53b2392da37bd980a
51619,Jeggings,32498d30c5d43ae071d80b65d27a5606fb7e6417da2d9e9f253743acf729c4c4
51628,Watches,18c80c9476423d6e0539ff13aaa6797eed693c6df66c529dd75a5df9b2e84a3c
51638,Watches,4f1dafeda66b95df5e79cec6d880081734b01e1f1f87d6a282a7bf8add2fbf20
51645,Watches,efe728f10187fefb637050988f53a761c08ac0378404bee5a20106e1cd88562b
51656,Watches,aae95cf15c0fcdee984ffe82a06b476bd2c6c625d4e8518bc21024e01ca75565
51665,Sunglasses,c63dccb84dc77f67dc6c98b4caf89f61eb06f79d266124b91afa9c7610347fa7
51671,Sunglasses,c00dd2d81e9deb316704fe0b371099182214a1417114baa41e2ba50b7ce73f1f
51674,Sunglasses,b48f61319ba23b643ab17b25afa47fb35bc0ec0c6fbc3295e917907ab1ec31f0
51684,Sunglasses,97033ee7f449c207f390325c33149ed65afe9b2c128239992d25ac8de3138f25
51688,Sunglasses,246ea556d270e0c447e73bb1832329af051800db4f32e9bae8f5bc181b5e4fca
51691,Sunglasses,47c1bd36afff79c1f4611d4480428917b8a8f7d58d1fc44dfd6bd616956f23ac
51694,Sunglasses,c227497a8c44d5f406533ad2edb4abe2af0be6645d8485d340e17e2fef578477
51699,Sunglasses,75fc4b3060ab485ae1fb2983d7f0559755d0845e19c2c8af17d539d9a4cbece1
51706,Sunglasses,9519dd9ca29de531255ed558093f1d6ce08641d0317f413f4d9fffe85a47d508
51709,Sunglasses,6d568f14e760129ef8c4c9ed82b9434d828bb7b25076f4888f282f730132ee7f
51711,Sunglasses,8bbc78c4acc1ad134bd26568dcdd269b8925b1c0745c288bd5c9b53342f23480
51713,Sunglasses,8e38b511e5e38a842fc0e41b3ebd206990110cdd10d643270197ffece7db95f3
51717,Sunglasses,3e1094066a6810472472674fdf80e01139d456aab1c25db9d6861cf9ef8d7bd6
51721,Sunglasses,0a91f306f5e066219337d8f033d92ec0d7f42fba57b3bb6833e1e91412aa009e
51725,Sunglasses,a9de5f8d4f4685391a9b35124bc87bc48b56827867ae1d1f500bcd625a6993d8
51727,Sunglasses,166140048ca39ccf74d37da4d706467b5b8f88152ee561ce716a7321061094d0
51730,Sunglasses,25dbdec8fddedc56733885ed354d7f263fd9f83a31a132956afa6dd4f0dcb8fb
51751,Flats,0fb4772f24ccc40c8f3f890d4d2a57f58a05f65bd6360f2df35cbed26fbcc81e
51777,Bra,65d9cc57acdad66a245dfb13c17fa1408e43a48f5cafe03641b5a3f1a83b1c85
51778,Camisoles,b4c4dcca677c831b2cf5d66a0b5f7bf4484f3f5e3992aee61cee9eff4b0d767b
51785,Bra,57dba44d751d25646204f15476d771cf9f0f6c52f771b5d0f9c6ee7e9e887f30
51786,Bra,2cc560ce44827cb80db73f0a4bc40116e6296164fed39301d6843801f3d20ea8
51801,Nightdress,aede2d28171955a4ad267ac8c00b24579f7a105c401292ead81a4d5378636fa8
51802,Nightdress,3db03c7e821922b376d57162e2e9d9187e1541f9209d9ed228754b329c9c4ac2
51806,Nightdress,a6bc6968ad4530375794a2234145d736d23593c5f9ed690856bc5fd785007cc3
51816,Bra,467960f8e914b0a509e8b376d946909361550ef7063c0807b58003601ceb33e4
51829,Bra,428428544b3a97d2baa15ef49ec9d3c49ad207eecfc0535c2ce33dbb23233a11
51847,Bra,478ffc56d993325b7ecf54d5a63f3d5171d448231b8c668e580c857ef87a5c93
51876,Sandals,7ad815b736f39756987fd87eca0d1571ebb745ab541eb6e721dc55dea09690b4
51887,Wallets,3dfddffb9f2c8655e5e8d04726c7da0f880fe72ae86c12df9e2c0f5318055f2e
51888,Wallets,65b4bfe8a94c81c4e7325378dbe0f37c009e1610517e7b4b710e38efae4a5589
51904,Handbags,e3315fd85c0bf122ab81573741e5c8fc88e398a0652e62e87112ae16c0a0ac9a
51905,Handbags,5142679406d3d6b0f53ccc7da9c9962e395cfd16386451d3a8202bffd85d7c67
51910,Laptop Bag,d49bc1edf50ef8f73c635a8f198e30a95979f6557528065e5ebedf852a277f83
51915,Handbags,13c989d76dd5f755a3d834ed47fbb949debcfd2475552315574c6428af9a7ae5
51916,Handbags,2b7737807f474a78e0bc4f5c2d5d3b4c906b6d6f163d00be3aaa5986de419e8c
51936,Handbags,1ee3de9d2f1e6948d6b5aced3a0d8cfa06f1325d57206825178cacc7885b89b9
51937,Handbags,59081df3cf3d0006675ffbf75922190e6441ac83e3658a1fe4efb571b5f2c790
51949,Laptop Bag,d8efeb381dc499989328c44f45552b6d6859372c7edb37f9e4c328466efd90f6
51955,Handbags,767a9ee47f57364964aa7e6be8c07d9fd93d4356995e84090d9eab6dca889a75
51988,Lounge Pants,b6ba1cc0a3f5b217f3647d41fc98141a3c657b6eb48772df3d2a8d7c7f1ec017
51999,Nightdress,a47ed679763dcc99f7a1a44d1e6139f45cee1bcddb937553fcbd42ba94bd2564
