[W911 04:14:54.763570928 socket.cpp:207] [c10d] The hostname of the client socket cannot be retrieved. err=-3
Host: Linux x86_64 | Python 3.12.13
CPU : 2 logical cores, all of them
[W911 04:15:00.200106474 socket.cpp:207] [c10d] The hostname of the client socket cannot be retrieved. err=-3
[W911 04:15:00.202267811 socket.cpp:207] [c10d] The hostname of the client socket cannot be retrieved. err=-3
QUICK_RUN = False | search 24 epochs, confirm 40
Grids: 6 SVM arms and 6 neural arms per architecture/regime (24 neural trials total)
Repository root : /kaggle/working/task1_full_06ed6wub
Manifest        : preprocessed_datasets/train_manifest.csv
Writes to       : models/task1
GPU: Tesla T4 | 15.6 GB | compute capability 7.5
torch 2.10.0+cu128 built against CUDA 12.8
Mixed precision: True (float16) | channels_last: True | image cache on device: True
Seeded at 42
37,846 labelled images | 124 article types
     id articleType  gender  season   usage
0  1163     Tshirts     Men  Summer  Sports
1  1164     Tshirts     Men  Winter  Sports
2  1525   Backpacks  Unisex    Fall  Casual
3  1526   Backpacks  Unisex    Fall  Sports
4  1528     Jackets     Men    Fall  Sports
           Bucket  Classes  Images  Share of images %
0   head (>=1000)       10   22894               60.5
1  body (100-999)       36   13141               34.7
2    tail (10-99)       46    1690                4.5
3      rare (<10)       32     121                0.3
Largest class : Tshirts at 6,584 images
Smallest class: 1 image(s)
Imbalance ratio: 6,584 : 1
       Split   Rows  Share %  Classes present
0        fit  24223     64.0              124
1     tuning   6055     16.0              106
2  reporting   7568     20.0              110
Split membership written to tables/split_*.csv
  fitting: 10,000 / 24,223
  fitting: 20,000 / 24,223
fitting: 24,223 images in 83s (349 MB)
tuning: 6,055 images in 20s (87 MB)
y_fit (24223,) | y_tune (6055,) | scoreable classes 106
Mean (R, G, B): [0.8493 0.8325 0.8267]
Std  (R, G, B): [0.2716 0.2831 0.287 ]
    cnn:  1,205,084 parameters
 resnet: 11,232,444 parameters
fit stream: 189 batches of 128 | tuning stream: 12 batches of 512
balanced draw, rarest class: 1 row(s) in the split -> ~216 draws per epoch (uniform sampling would give 1)
fit HOG: 24,223 x 1944 features in 22s (188 MB, parallel)
tuning HOG: 6,055 x 1944 features in 6s (47 MB, parallel)
  C=0.003  macro-F1 0.5976  accuracy 0.7617  (195s)
  C=0.01   macro-F1 0.6329  accuracy 0.7886  (193s)
  C=0.03   macro-F1 0.6723  accuracy 0.8015  (201s)
  C=0.1    macro-F1 0.6634  accuracy 0.8088  (219s)
  C=0.3    macro-F1 0.6490  accuracy 0.8089  (296s)
  C=1.0    macro-F1 0.6106  accuracy 0.7993  (606s)
   candidate   family regime        config  macro_f1  accuracy  weighted_f1      arm
0  hog_svm_0  hog_svm   None  {'C': 0.003}  0.597594  0.761685     0.767872      NaN
1  hog_svm_1  hog_svm   None   {'C': 0.01}  0.632914  0.788604     0.793365      NaN
2  hog_svm_2  hog_svm   None   {'C': 0.03}  0.672301  0.801486     0.805877  hog_svm
3  hog_svm_3  hog_svm   None    {'C': 0.1}  0.663413  0.808753     0.811636      NaN
4  hog_svm_4  hog_svm   None    {'C': 0.3}  0.648964  0.808918     0.811795      NaN
5  hog_svm_5  hog_svm   None    {'C': 1.0}  0.610571  0.799339     0.801914      NaN
Selected HOG/SVM arm: hog_svm_2 {'C': 0.03}
tau = 0.0: tuning macro-F1 0.6723 -> 0.6723 (+0.0000), accuracy 0.8015 -> 0.8015

=== cnn_reweight: 6 arms at 24 epochs ===
  [cnn_reweight_search_0] epoch   1/24  train 4.807  val 4.069  acc 0.013  macro-F1 0.0049  11s
  [cnn_reweight_search_0] epoch   2/24  train 4.643  val 3.843  acc 0.045  macro-F1 0.0203  4s
  [cnn_reweight_search_0] epoch   3/24  train 4.411  val 3.642  acc 0.076  macro-F1 0.0259  4s
  [cnn_reweight_search_0] epoch   4/24  train 4.174  val 3.418  acc 0.151  macro-F1 0.0567  4s
  [cnn_reweight_search_0] epoch   5/24  train 3.977  val 3.263  acc 0.213  macro-F1 0.0785  4s
  [cnn_reweight_search_0] epoch   6/24  train 3.822  val 3.169  acc 0.270  macro-F1 0.1127  4s
  [cnn_reweight_search_0] epoch   7/24  train 3.655  val 3.048  acc 0.263  macro-F1 0.1374  4s
  [cnn_reweight_search_0] epoch   8/24  train 3.516  val 3.049  acc 0.268  macro-F1 0.1470  4s
  [cnn_reweight_search_0] epoch   9/24  train 3.421  val 2.922  acc 0.222  macro-F1 0.1188  4s
  [cnn_reweight_search_0] epoch  10/24  train 3.294  val 2.770  acc 0.295  macro-F1 0.1660  4s
  [cnn_reweight_search_0] epoch  11/24  train 3.189  val 2.652  acc 0.330  macro-F1 0.1967  4s
  [cnn_reweight_search_0] epoch  12/24  train 3.059  val 2.613  acc 0.381  macro-F1 0.2374  4s
  [cnn_reweight_search_0] epoch  13/24  train 2.970  val 2.508  acc 0.361  macro-F1 0.2428  4s
  [cnn_reweight_search_0] epoch  14/24  train 2.884  val 2.517  acc 0.387  macro-F1 0.2565  4s
  [cnn_reweight_search_0] epoch  15/24  train 2.776  val 2.467  acc 0.396  macro-F1 0.2459  4s
  [cnn_reweight_search_0] epoch  16/24  train 2.717  val 2.416  acc 0.400  macro-F1 0.2625  4s
  [cnn_reweight_search_0] epoch  17/24  train 2.657  val 2.340  acc 0.394  macro-F1 0.2699  4s
  [cnn_reweight_search_0] epoch  18/24  train 2.604  val 2.325  acc 0.443  macro-F1 0.2823  4s
  [cnn_reweight_search_0] epoch  19/24  train 2.543  val 2.288  acc 0.432  macro-F1 0.2937  4s
  [cnn_reweight_search_0] epoch  20/24  train 2.521  val 2.263  acc 0.425  macro-F1 0.2982  4s
  [cnn_reweight_search_0] epoch  21/24  train 2.476  val 2.260  acc 0.429  macro-F1 0.2906  4s
  [cnn_reweight_search_0] epoch  22/24  train 2.472  val 2.246  acc 0.441  macro-F1 0.3038  4s
  [cnn_reweight_search_0] epoch  23/24  train 2.474  val 2.250  acc 0.442  macro-F1 0.3108  4s
  [cnn_reweight_search_0] epoch  24/24  train 2.459  val 2.250  acc 0.441  macro-F1 0.3100  4s
  [cnn_reweight_search_0] best macro-F1 0.3108 at epoch 23 (101s total)
  [cnn_reweight_search_1] epoch   1/24  train 4.806  val 4.068  acc 0.015  macro-F1 0.0064  4s
  [cnn_reweight_search_1] epoch   2/24  train 4.643  val 3.839  acc 0.049  macro-F1 0.0211  4s
  [cnn_reweight_search_1] epoch   3/24  train 4.407  val 3.650  acc 0.077  macro-F1 0.0282  4s
  [cnn_reweight_search_1] epoch   4/24  train 4.175  val 3.421  acc 0.171  macro-F1 0.0636  4s
  [cnn_reweight_search_1] epoch   5/24  train 3.975  val 3.272  acc 0.215  macro-F1 0.1017  4s
  [cnn_reweight_search_1] epoch   6/24  train 3.817  val 3.177  acc 0.270  macro-F1 0.1114  4s
  [cnn_reweight_search_1] epoch   7/24  train 3.659  val 3.013  acc 0.286  macro-F1 0.1371  4s
  [cnn_reweight_search_1] epoch   8/24  train 3.513  val 3.014  acc 0.256  macro-F1 0.1208  4s
  [cnn_reweight_search_1] epoch   9/24  train 3.412  val 2.908  acc 0.228  macro-F1 0.1106  4s
  [cnn_reweight_search_1] epoch  10/24  train 3.279  val 2.778  acc 0.301  macro-F1 0.1805  4s
  [cnn_reweight_search_1] epoch  11/24  train 3.185  val 2.668  acc 0.323  macro-F1 0.2075  4s
  [cnn_reweight_search_1] epoch  12/24  train 3.058  val 2.610  acc 0.394  macro-F1 0.2423  4s
  [cnn_reweight_search_1] epoch  13/24  train 2.970  val 2.505  acc 0.368  macro-F1 0.2421  4s
  [cnn_reweight_search_1] epoch  14/24  train 2.878  val 2.519  acc 0.390  macro-F1 0.2512  4s
  [cnn_reweight_search_1] epoch  15/24  train 2.768  val 2.438  acc 0.406  macro-F1 0.2602  4s
  [cnn_reweight_search_1] epoch  16/24  train 2.703  val 2.410  acc 0.402  macro-F1 0.2655  4s
  [cnn_reweight_search_1] epoch  17/24  train 2.644  val 2.319  acc 0.402  macro-F1 0.2738  4s
  [cnn_reweight_search_1] epoch  18/24  train 2.593  val 2.322  acc 0.451  macro-F1 0.2986  4s
  [cnn_reweight_search_1] epoch  19/24  train 2.534  val 2.274  acc 0.440  macro-F1 0.2839  4s
  [cnn_reweight_search_1] epoch  20/24  train 2.511  val 2.252  acc 0.428  macro-F1 0.3005  4s
  [cnn_reweight_search_1] epoch  21/24  train 2.472  val 2.250  acc 0.437  macro-F1 0.3026  4s
  [cnn_reweight_search_1] epoch  22/24  train 2.465  val 2.231  acc 0.450  macro-F1 0.3118  4s
  [cnn_reweight_search_1] epoch  23/24  train 2.465  val 2.239  acc 0.448  macro-F1 0.3091  4s
  [cnn_reweight_search_1] epoch  24/24  train 2.446  val 2.239  acc 0.451  macro-F1 0.3043  4s
  [cnn_reweight_search_1] best macro-F1 0.3118 at epoch 22 (94s total)
  [cnn_reweight_search_2] epoch   1/24  train 4.764  val 3.850  acc 0.054  macro-F1 0.0158  4s
  [cnn_reweight_search_2] epoch   2/24  train 4.484  val 3.668  acc 0.034  macro-F1 0.0185  4s
  [cnn_reweight_search_2] epoch   3/24  train 4.175  val 3.345  acc 0.158  macro-F1 0.0570  4s
  [cnn_reweight_search_2] epoch   4/24  train 3.960  val 3.123  acc 0.249  macro-F1 0.0948  4s
  [cnn_reweight_search_2] epoch   5/24  train 3.694  val 3.047  acc 0.255  macro-F1 0.1149  4s
  [cnn_reweight_search_2] epoch   6/24  train 3.529  val 2.812  acc 0.312  macro-F1 0.1454  4s
  [cnn_reweight_search_2] epoch   7/24  train 3.317  val 2.837  acc 0.200  macro-F1 0.1303  4s
  [cnn_reweight_search_2] epoch   8/24  train 3.142  val 2.942  acc 0.214  macro-F1 0.0902  4s
  [cnn_reweight_search_2] epoch   9/24  train 3.034  val 2.597  acc 0.293  macro-F1 0.1743  4s
  [cnn_reweight_search_2] epoch  10/24  train 2.870  val 2.364  acc 0.396  macro-F1 0.2595  4s
  [cnn_reweight_search_2] epoch  11/24  train 2.748  val 2.310  acc 0.318  macro-F1 0.2416  4s
  [cnn_reweight_search_2] epoch  12/24  train 2.594  val 2.148  acc 0.435  macro-F1 0.2919  4s
  [cnn_reweight_search_2] epoch  13/24  train 2.489  val 2.089  acc 0.430  macro-F1 0.2990  4s
  [cnn_reweight_search_2] epoch  14/24  train 2.386  val 2.002  acc 0.501  macro-F1 0.3571  4s
  [cnn_reweight_search_2] epoch  15/24  train 2.263  val 2.013  acc 0.492  macro-F1 0.3256  4s
  [cnn_reweight_search_2] epoch  16/24  train 2.181  val 1.968  acc 0.480  macro-F1 0.3716  4s
  [cnn_reweight_search_2] epoch  17/24  train 2.129  val 1.895  acc 0.482  macro-F1 0.3610  4s
  [cnn_reweight_search_2] epoch  18/24  train 2.062  val 1.858  acc 0.527  macro-F1 0.3792  4s
  [cnn_reweight_search_2] epoch  19/24  train 1.968  val 1.814  acc 0.539  macro-F1 0.3756  4s
  [cnn_reweight_search_2] epoch  20/24  train 1.943  val 1.803  acc 0.502  macro-F1 0.3778  4s
  [cnn_reweight_search_2] epoch  21/24  train 1.882  val 1.797  acc 0.515  macro-F1 0.3817  4s
  [cnn_reweight_search_2] epoch  22/24  train 1.870  val 1.781  acc 0.532  macro-F1 0.3902  4s
  [cnn_reweight_search_2] epoch  23/24  train 1.871  val 1.773  acc 0.534  macro-F1 0.4019  4s
  [cnn_reweight_search_2] epoch  24/24  train 1.856  val 1.771  acc 0.536  macro-F1 0.4049  4s
  [cnn_reweight_search_2] best macro-F1 0.4049 at epoch 24 (95s total)
  [cnn_reweight_search_3] epoch   1/24  train 4.763  val 3.849  acc 0.039  macro-F1 0.0137  4s
  [cnn_reweight_search_3] epoch   2/24  train 4.483  val 3.620  acc 0.034  macro-F1 0.0162  4s
  [cnn_reweight_search_3] epoch   3/24  train 4.163  val 3.514  acc 0.079  macro-F1 0.0282  4s
  [cnn_reweight_search_3] epoch   4/24  train 3.969  val 3.119  acc 0.257  macro-F1 0.0914  4s
  [cnn_reweight_search_3] epoch   5/24  train 3.700  val 3.053  acc 0.275  macro-F1 0.1126  4s
  [cnn_reweight_search_3] epoch   6/24  train 3.498  val 2.799  acc 0.325  macro-F1 0.1432  4s
  [cnn_reweight_search_3] epoch   7/24  train 3.330  val 2.795  acc 0.244  macro-F1 0.1408  4s
  [cnn_reweight_search_3] epoch   8/24  train 3.150  val 2.865  acc 0.262  macro-F1 0.1244  4s
  [cnn_reweight_search_3] epoch   9/24  train 3.043  val 2.636  acc 0.281  macro-F1 0.1654  4s
  [cnn_reweight_search_3] epoch  10/24  train 2.866  val 2.358  acc 0.405  macro-F1 0.2714  4s
  [cnn_reweight_search_3] epoch  11/24  train 2.753  val 2.310  acc 0.415  macro-F1 0.2663  4s
  [cnn_reweight_search_3] epoch  12/24  train 2.605  val 2.178  acc 0.449  macro-F1 0.2953  4s
  [cnn_reweight_search_3] epoch  13/24  train 2.486  val 2.098  acc 0.473  macro-F1 0.3050  4s
  [cnn_reweight_search_3] epoch  14/24  train 2.385  val 2.032  acc 0.471  macro-F1 0.3495  4s
  [cnn_reweight_search_3] epoch  15/24  train 2.260  val 2.080  acc 0.494  macro-F1 0.3309  4s
  [cnn_reweight_search_3] epoch  16/24  train 2.199  val 1.963  acc 0.493  macro-F1 0.3586  4s
  [cnn_reweight_search_3] epoch  17/24  train 2.140  val 1.924  acc 0.517  macro-F1 0.3642  4s
  [cnn_reweight_search_3] epoch  18/24  train 2.068  val 1.872  acc 0.538  macro-F1 0.3812  4s
  [cnn_reweight_search_3] epoch  19/24  train 1.977  val 1.841  acc 0.539  macro-F1 0.3843  4s
  [cnn_reweight_search_3] epoch  20/24  train 1.950  val 1.822  acc 0.519  macro-F1 0.3842  4s
  [cnn_reweight_search_3] epoch  21/24  train 1.895  val 1.814  acc 0.537  macro-F1 0.3916  4s
  [cnn_reweight_search_3] epoch  22/24  train 1.874  val 1.799  acc 0.539  macro-F1 0.3897  4s
  [cnn_reweight_search_3] epoch  23/24  train 1.877  val 1.795  acc 0.545  macro-F1 0.4023  4s
  [cnn_reweight_search_3] epoch  24/24  train 1.867  val 1.793  acc 0.545  macro-F1 0.4025  4s
  [cnn_reweight_search_3] best macro-F1 0.4025 at epoch 24 (95s total)
  [cnn_reweight_search_4] epoch   1/24  train 4.781  val 3.766  acc 0.074  macro-F1 0.0233  4s
  [cnn_reweight_search_4] epoch   2/24  train 4.405  val 3.520  acc 0.044  macro-F1 0.0229  4s
  [cnn_reweight_search_4] epoch   3/24  train 4.079  val 3.564  acc 0.056  macro-F1 0.0141  4s
  [cnn_reweight_search_4] epoch   4/24  train 3.862  val 3.120  acc 0.233  macro-F1 0.0854  4s
  [cnn_reweight_search_4] epoch   5/24  train 3.636  val 2.971  acc 0.201  macro-F1 0.0920  4s
  [cnn_reweight_search_4] epoch   6/24  train 3.424  val 2.755  acc 0.290  macro-F1 0.1545  4s
  [cnn_reweight_search_4] epoch   7/24  train 3.224  val 2.675  acc 0.266  macro-F1 0.1387  4s
  [cnn_reweight_search_4] epoch   8/24  train 3.094  val 2.636  acc 0.241  macro-F1 0.1687  4s
  [cnn_reweight_search_4] epoch   9/24  train 2.983  val 2.522  acc 0.317  macro-F1 0.1805  4s
  [cnn_reweight_search_4] epoch  10/24  train 2.868  val 2.413  acc 0.317  macro-F1 0.2122  4s
  [cnn_reweight_search_4] epoch  11/24  train 2.693  val 2.285  acc 0.337  macro-F1 0.2447  4s
  [cnn_reweight_search_4] epoch  12/24  train 2.560  val 2.197  acc 0.418  macro-F1 0.2717  4s
  [cnn_reweight_search_4] epoch  13/24  train 2.502  val 2.087  acc 0.413  macro-F1 0.3065  4s
  [cnn_reweight_search_4] epoch  14/24  train 2.355  val 2.083  acc 0.403  macro-F1 0.3097  4s
  [cnn_reweight_search_4] epoch  15/24  train 2.219  val 2.030  acc 0.378  macro-F1 0.2957  4s
  [cnn_reweight_search_4] epoch  16/24  train 2.197  val 1.934  acc 0.395  macro-F1 0.3228  4s
  [cnn_reweight_search_4] epoch  17/24  train 2.105  val 1.917  acc 0.432  macro-F1 0.3180  4s
  [cnn_reweight_search_4] epoch  18/24  train 2.033  val 1.866  acc 0.467  macro-F1 0.3508  4s
  [cnn_reweight_search_4] epoch  19/24  train 1.962  val 1.821  acc 0.491  macro-F1 0.3585  4s
  [cnn_reweight_search_4] epoch  20/24  train 1.941  val 1.798  acc 0.457  macro-F1 0.3595  4s
  [cnn_reweight_search_4] epoch  21/24  train 1.865  val 1.798  acc 0.469  macro-F1 0.3526  4s
  [cnn_reweight_search_4] epoch  22/24  train 1.845  val 1.777  acc 0.486  macro-F1 0.3758  4s
  [cnn_reweight_search_4] epoch  23/24  train 1.842  val 1.767  acc 0.487  macro-F1 0.3722  4s
  [cnn_reweight_search_4] epoch  24/24  train 1.839  val 1.764  acc 0.494  macro-F1 0.3747  4s
  [cnn_reweight_search_4] best macro-F1 0.3758 at epoch 22 (95s total)
  [cnn_reweight_search_5] epoch   1/24  train 4.783  val 3.796  acc 0.071  macro-F1 0.0246  4s
  [cnn_reweight_search_5] epoch   2/24  train 4.406  val 3.763  acc 0.015  macro-F1 0.0064  4s
  [cnn_reweight_search_5] epoch   3/24  train 4.083  val 3.725  acc 0.041  macro-F1 0.0226  4s
  [cnn_reweight_search_5] epoch   4/24  train 3.852  val 3.093  acc 0.169  macro-F1 0.0782  4s
  [cnn_reweight_search_5] epoch   5/24  train 3.625  val 5.753  acc 0.028  macro-F1 0.0080  4s
  [cnn_reweight_search_5] epoch   6/24  train 3.448  val 2.818  acc 0.286  macro-F1 0.1237  4s
  [cnn_reweight_search_5] epoch   7/24  train 3.218  val 2.647  acc 0.269  macro-F1 0.1589  4s
  [cnn_reweight_search_5] epoch   8/24  train 3.061  val 2.691  acc 0.227  macro-F1 0.1410  4s
  [cnn_reweight_search_5] epoch   9/24  train 2.946  val 2.529  acc 0.331  macro-F1 0.1961  4s
  [cnn_reweight_search_5] epoch  10/24  train 2.783  val 2.310  acc 0.351  macro-F1 0.2472  4s
  [cnn_reweight_search_5] epoch  11/24  train 2.673  val 2.290  acc 0.343  macro-F1 0.2374  4s
  [cnn_reweight_search_5] epoch  12/24  train 2.509  val 2.151  acc 0.436  macro-F1 0.2961  4s
  [cnn_reweight_search_5] epoch  13/24  train 2.470  val 2.082  acc 0.416  macro-F1 0.2868  4s
  [cnn_reweight_search_5] epoch  14/24  train 2.324  val 2.082  acc 0.406  macro-F1 0.3074  4s
  [cnn_reweight_search_5] epoch  15/24  train 2.187  val 2.046  acc 0.401  macro-F1 0.2929  4s
  [cnn_reweight_search_5] epoch  16/24  train 2.158  val 1.931  acc 0.434  macro-F1 0.3284  4s
  [cnn_reweight_search_5] epoch  17/24  train 2.052  val 1.885  acc 0.468  macro-F1 0.3492  4s
  [cnn_reweight_search_5] epoch  18/24  train 2.007  val 1.838  acc 0.490  macro-F1 0.3715  4s
  [cnn_reweight_search_5] epoch  19/24  train 1.919  val 1.810  acc 0.492  macro-F1 0.3675  4s
  [cnn_reweight_search_5] epoch  20/24  train 1.894  val 1.789  acc 0.486  macro-F1 0.3764  4s
  [cnn_reweight_search_5] epoch  21/24  train 1.833  val 1.779  acc 0.491  macro-F1 0.3718  4s
  [cnn_reweight_search_5] epoch  22/24  train 1.809  val 1.761  acc 0.508  macro-F1 0.3794  4s
  [cnn_reweight_search_5] epoch  23/24  train 1.811  val 1.754  acc 0.502  macro-F1 0.3830  4s
  [cnn_reweight_search_5] epoch  24/24  train 1.811  val 1.755  acc 0.506  macro-F1 0.3827  4s
  [cnn_reweight_search_5] best macro-F1 0.3830 at epoch 23 (95s total)
               candidate family    regime                                  config  epochs  macro_f1  accuracy  weighted_f1
0  cnn_reweight_search_0    cnn  reweight  {'lr': 0.0001, 'weight_decay': 0.0001}      23  0.310820  0.441784     0.445635
1  cnn_reweight_search_1    cnn  reweight   {'lr': 0.0001, 'weight_decay': 0.001}      22  0.311773  0.449546     0.455179
2  cnn_reweight_search_2    cnn  reweight  {'lr': 0.0003, 'weight_decay': 0.0001}      24  0.404880  0.535921     0.560431
3  cnn_reweight_search_3    cnn  reweight   {'lr': 0.0003, 'weight_decay': 0.001}      24  0.402461  0.545500     0.569886
4  cnn_reweight_search_4    cnn  reweight   {'lr': 0.001, 'weight_decay': 0.0001}      22  0.375791  0.485549     0.520599
5  cnn_reweight_search_5    cnn  reweight    {'lr': 0.001, 'weight_decay': 0.001}      23  0.382994  0.501734     0.531022

=== cnn_resample: 6 arms at 24 epochs ===
  [cnn_resample_search_0] epoch   1/24  train 4.517  val 4.479  acc 0.026  macro-F1 0.0274  4s
  [cnn_resample_search_0] epoch   2/24  train 3.918  val 3.962  acc 0.110  macro-F1 0.0898  4s
  [cnn_resample_search_0] epoch   3/24  train 3.293  val 3.552  acc 0.191  macro-F1 0.1565  4s
  [cnn_resample_search_0] epoch   4/24  train 2.739  val 3.155  acc 0.291  macro-F1 0.2386  4s
  [cnn_resample_search_0] epoch   5/24  train 2.336  val 2.863  acc 0.342  macro-F1 0.2878  4s
  [cnn_resample_search_0] epoch   6/24  train 2.034  val 2.562  acc 0.420  macro-F1 0.3340  4s
  [cnn_resample_search_0] epoch   7/24  train 1.824  val 2.352  acc 0.446  macro-F1 0.3609  4s
  [cnn_resample_search_0] epoch   8/24  train 1.673  val 2.148  acc 0.492  macro-F1 0.3959  4s
  [cnn_resample_search_0] epoch   9/24  train 1.526  val 2.040  acc 0.515  macro-F1 0.4154  4s
  [cnn_resample_search_0] epoch  10/24  train 1.435  val 1.992  acc 0.552  macro-F1 0.4589  4s
  [cnn_resample_search_0] epoch  11/24  train 1.353  val 1.842  acc 0.572  macro-F1 0.4708  4s
  [cnn_resample_search_0] epoch  12/24  train 1.284  val 1.890  acc 0.541  macro-F1 0.4612  4s
  [cnn_resample_search_0] epoch  13/24  train 1.229  val 1.799  acc 0.574  macro-F1 0.5003  4s
  [cnn_resample_search_0] epoch  14/24  train 1.176  val 1.715  acc 0.611  macro-F1 0.5076  4s
  [cnn_resample_search_0] epoch  15/24  train 1.147  val 1.778  acc 0.570  macro-F1 0.5070  4s
  [cnn_resample_search_0] epoch  16/24  train 1.127  val 1.671  acc 0.618  macro-F1 0.5188  4s
  [cnn_resample_search_0] epoch  17/24  train 1.093  val 1.649  acc 0.613  macro-F1 0.5393  4s
  [cnn_resample_search_0] epoch  18/24  train 1.077  val 1.632  acc 0.623  macro-F1 0.5443  4s
  [cnn_resample_search_0] epoch  19/24  train 1.063  val 1.581  acc 0.648  macro-F1 0.5615  4s
  [cnn_resample_search_0] epoch  20/24  train 1.050  val 1.581  acc 0.646  macro-F1 0.5650  4s
  [cnn_resample_search_0] epoch  21/24  train 1.044  val 1.562  acc 0.654  macro-F1 0.5737  4s
  [cnn_resample_search_0] epoch  22/24  train 1.035  val 1.580  acc 0.647  macro-F1 0.5544  4s
  [cnn_resample_search_0] epoch  23/24  train 1.034  val 1.564  acc 0.653  macro-F1 0.5635  4s
  [cnn_resample_search_0] epoch  24/24  train 1.025  val 1.567  acc 0.653  macro-F1 0.5605  4s
  [cnn_resample_search_0] best macro-F1 0.5737 at epoch 21 (95s total)
  [cnn_resample_search_1] epoch   1/24  train 4.517  val 4.480  acc 0.026  macro-F1 0.0290  4s
  [cnn_resample_search_1] epoch   2/24  train 3.918  val 3.967  acc 0.112  macro-F1 0.0877  4s
  [cnn_resample_search_1] epoch   3/24  train 3.291  val 3.549  acc 0.192  macro-F1 0.1529  4s
  [cnn_resample_search_1] epoch   4/24  train 2.738  val 3.119  acc 0.300  macro-F1 0.2328  4s
  [cnn_resample_search_1] epoch   5/24  train 2.336  val 2.873  acc 0.340  macro-F1 0.2862  4s
  [cnn_resample_search_1] epoch   6/24  train 2.034  val 2.566  acc 0.414  macro-F1 0.3291  4s
  [cnn_resample_search_1] epoch   7/24  train 1.824  val 2.334  acc 0.454  macro-F1 0.3652  4s
  [cnn_resample_search_1] epoch   8/24  train 1.673  val 2.150  acc 0.493  macro-F1 0.4008  4s
  [cnn_resample_search_1] epoch   9/24  train 1.526  val 2.034  acc 0.517  macro-F1 0.4177  4s
  [cnn_resample_search_1] epoch  10/24  train 1.434  val 1.988  acc 0.552  macro-F1 0.4607  4s
  [cnn_resample_search_1] epoch  11/24  train 1.352  val 1.851  acc 0.569  macro-F1 0.4777  4s
  [cnn_resample_search_1] epoch  12/24  train 1.283  val 1.894  acc 0.538  macro-F1 0.4586  4s
  [cnn_resample_search_1] epoch  13/24  train 1.229  val 1.789  acc 0.577  macro-F1 0.5007  4s
  [cnn_resample_search_1] epoch  14/24  train 1.176  val 1.708  acc 0.611  macro-F1 0.5160  4s
  [cnn_resample_search_1] epoch  15/24  train 1.146  val 1.786  acc 0.567  macro-F1 0.5077  4s
  [cnn_resample_search_1] epoch  16/24  train 1.127  val 1.667  acc 0.621  macro-F1 0.5147  4s
  [cnn_resample_search_1] epoch  17/24  train 1.092  val 1.643  acc 0.615  macro-F1 0.5355  4s
  [cnn_resample_search_1] epoch  18/24  train 1.076  val 1.629  acc 0.621  macro-F1 0.5393  4s
  [cnn_resample_search_1] epoch  19/24  train 1.062  val 1.579  acc 0.648  macro-F1 0.5621  4s
  [cnn_resample_search_1] epoch  20/24  train 1.049  val 1.578  acc 0.648  macro-F1 0.5646  4s
  [cnn_resample_search_1] epoch  21/24  train 1.044  val 1.559  acc 0.654  macro-F1 0.5731  4s
  [cnn_resample_search_1] epoch  22/24  train 1.034  val 1.579  acc 0.649  macro-F1 0.5652  4s
  [cnn_resample_search_1] epoch  23/24  train 1.033  val 1.563  acc 0.653  macro-F1 0.5633  4s
  [cnn_resample_search_1] epoch  24/24  train 1.025  val 1.567  acc 0.651  macro-F1 0.5623  4s
  [cnn_resample_search_1] best macro-F1 0.5731 at epoch 21 (96s total)
  [cnn_resample_search_2] epoch   1/24  train 4.181  val 4.106  acc 0.093  macro-F1 0.0849  4s
  [cnn_resample_search_2] epoch   2/24  train 3.149  val 3.167  acc 0.231  macro-F1 0.1889  4s
  [cnn_resample_search_2] epoch   3/24  train 2.288  val 2.575  acc 0.360  macro-F1 0.3095  4s
  [cnn_resample_search_2] epoch   4/24  train 1.737  val 2.318  acc 0.405  macro-F1 0.3519  4s
  [cnn_resample_search_2] epoch   5/24  train 1.447  val 2.025  acc 0.497  macro-F1 0.4440  4s
  [cnn_resample_search_2] epoch   6/24  train 1.274  val 1.801  acc 0.600  macro-F1 0.4775  4s
  [cnn_resample_search_2] epoch   7/24  train 1.162  val 1.695  acc 0.590  macro-F1 0.4970  4s
  [cnn_resample_search_2] epoch   8/24  train 1.087  val 1.566  acc 0.640  macro-F1 0.5588  4s
  [cnn_resample_search_2] epoch   9/24  train 1.013  val 1.539  acc 0.635  macro-F1 0.5515  4s
  [cnn_resample_search_2] epoch  10/24  train 0.976  val 1.433  acc 0.685  macro-F1 0.5644  4s
  [cnn_resample_search_2] epoch  11/24  train 0.930  val 1.410  acc 0.669  macro-F1 0.5869  4s
  [cnn_resample_search_2] epoch  12/24  train 0.901  val 1.462  acc 0.662  macro-F1 0.5506  4s
  [cnn_resample_search_2] epoch  13/24  train 0.867  val 1.436  acc 0.679  macro-F1 0.6038  4s
  [cnn_resample_search_2] epoch  14/24  train 0.838  val 1.283  acc 0.723  macro-F1 0.6081  4s
  [cnn_resample_search_2] epoch  15/24  train 0.814  val 1.321  acc 0.714  macro-F1 0.6123  4s
  [cnn_resample_search_2] epoch  16/24  train 0.801  val 1.223  acc 0.752  macro-F1 0.6263  4s
  [cnn_resample_search_2] epoch  17/24  train 0.775  val 1.250  acc 0.740  macro-F1 0.6566  4s
  [cnn_resample_search_2] epoch  18/24  train 0.768  val 1.200  acc 0.758  macro-F1 0.6461  4s
  [cnn_resample_search_2] epoch  19/24  train 0.757  val 1.192  acc 0.768  macro-F1 0.6684  4s
  [cnn_resample_search_2] epoch  20/24  train 0.745  val 1.191  acc 0.767  macro-F1 0.6591  4s
  [cnn_resample_search_2] epoch  21/24  train 0.742  val 1.152  acc 0.778  macro-F1 0.6768  4s
  [cnn_resample_search_2] epoch  22/24  train 0.728  val 1.158  acc 0.778  macro-F1 0.6758  4s
  [cnn_resample_search_2] epoch  23/24  train 0.727  val 1.139  acc 0.782  macro-F1 0.6772  4s
  [cnn_resample_search_2] epoch  24/24  train 0.719  val 1.154  acc 0.781  macro-F1 0.6791  4s
  [cnn_resample_search_2] best macro-F1 0.6791 at epoch 24 (96s total)
  [cnn_resample_search_3] epoch   1/24  train 4.182  val 4.110  acc 0.099  macro-F1 0.0884  4s
  [cnn_resample_search_3] epoch   2/24  train 3.147  val 3.149  acc 0.234  macro-F1 0.1935  4s
  [cnn_resample_search_3] epoch   3/24  train 2.288  val 2.602  acc 0.352  macro-F1 0.2883  4s
  [cnn_resample_search_3] epoch   4/24  train 1.736  val 2.305  acc 0.419  macro-F1 0.3699  4s
  [cnn_resample_search_3] epoch   5/24  train 1.447  val 2.006  acc 0.500  macro-F1 0.4499  4s
  [cnn_resample_search_3] epoch   6/24  train 1.275  val 1.822  acc 0.590  macro-F1 0.4645  4s
  [cnn_resample_search_3] epoch   7/24  train 1.162  val 1.739  acc 0.577  macro-F1 0.4948  4s
  [cnn_resample_search_3] epoch   8/24  train 1.086  val 1.603  acc 0.624  macro-F1 0.5459  4s
  [cnn_resample_search_3] epoch   9/24  train 1.015  val 1.554  acc 0.627  macro-F1 0.5424  4s
  [cnn_resample_search_3] epoch  10/24  train 0.975  val 1.460  acc 0.673  macro-F1 0.5658  4s
  [cnn_resample_search_3] epoch  11/24  train 0.931  val 1.378  acc 0.685  macro-F1 0.5813  4s
  [cnn_resample_search_3] epoch  12/24  train 0.902  val 1.449  acc 0.665  macro-F1 0.5711  4s
  [cnn_resample_search_3] epoch  13/24  train 0.866  val 1.459  acc 0.668  macro-F1 0.5890  4s
  [cnn_resample_search_3] epoch  14/24  train 0.840  val 1.293  acc 0.724  macro-F1 0.5992  4s
  [cnn_resample_search_3] epoch  15/24  train 0.814  val 1.324  acc 0.708  macro-F1 0.6100  4s
  [cnn_resample_search_3] epoch  16/24  train 0.803  val 1.247  acc 0.744  macro-F1 0.6299  4s
  [cnn_resample_search_3] epoch  17/24  train 0.776  val 1.265  acc 0.733  macro-F1 0.6354  4s
  [cnn_resample_search_3] epoch  18/24  train 0.767  val 1.206  acc 0.753  macro-F1 0.6409  4s
  [cnn_resample_search_3] epoch  19/24  train 0.758  val 1.192  acc 0.767  macro-F1 0.6526  4s
  [cnn_resample_search_3] epoch  20/24  train 0.745  val 1.195  acc 0.762  macro-F1 0.6622  4s
  [cnn_resample_search_3] epoch  21/24  train 0.743  val 1.160  acc 0.773  macro-F1 0.6587  4s
  [cnn_resample_search_3] epoch  22/24  train 0.728  val 1.161  acc 0.775  macro-F1 0.6526  4s
  [cnn_resample_search_3] epoch  23/24  train 0.727  val 1.143  acc 0.782  macro-F1 0.6519  4s
  [cnn_resample_search_3] epoch  24/24  train 0.720  val 1.158  acc 0.772  macro-F1 0.6503  4s
  [cnn_resample_search_3] best macro-F1 0.6622 at epoch 20 (95s total)
  [cnn_resample_search_4] epoch   1/24  train 3.658  val 3.510  acc 0.174  macro-F1 0.1457  4s
  [cnn_resample_search_4] epoch   2/24  train 2.257  val 2.491  acc 0.346  macro-F1 0.2682  4s
  [cnn_resample_search_4] epoch   3/24  train 1.609  val 2.105  acc 0.455  macro-F1 0.4313  4s
  [cnn_resample_search_4] epoch   4/24  train 1.275  val 1.723  acc 0.576  macro-F1 0.4735  4s
  [cnn_resample_search_4] epoch   5/24  train 1.123  val 1.638  acc 0.613  macro-F1 0.5344  4s
  [cnn_resample_search_4] epoch   6/24  train 1.048  val 1.474  acc 0.661  macro-F1 0.5482  4s
  [cnn_resample_search_4] epoch   7/24  train 0.982  val 1.492  acc 0.675  macro-F1 0.5741  4s
  [cnn_resample_search_4] epoch   8/24  train 0.925  val 1.527  acc 0.657  macro-F1 0.5954  4s
  [cnn_resample_search_4] epoch   9/24  train 0.889  val 1.317  acc 0.714  macro-F1 0.6222  4s
  [cnn_resample_search_4] epoch  10/24  train 0.856  val 1.313  acc 0.714  macro-F1 0.6270  4s
  [cnn_resample_search_4] epoch  11/24  train 0.828  val 1.249  acc 0.732  macro-F1 0.6371  4s
  [cnn_resample_search_4] epoch  12/24  train 0.802  val 1.220  acc 0.746  macro-F1 0.6348  4s
  [cnn_resample_search_4] epoch  13/24  train 0.777  val 1.236  acc 0.744  macro-F1 0.6333  4s
  [cnn_resample_search_4] epoch  14/24  train 0.749  val 1.130  acc 0.786  macro-F1 0.6670  4s
  [cnn_resample_search_4] epoch  15/24  train 0.728  val 1.154  acc 0.774  macro-F1 0.6804  4s
  [cnn_resample_search_4] epoch  16/24  train 0.719  val 1.100  acc 0.795  macro-F1 0.6882  4s
  [cnn_resample_search_4] epoch  17/24  train 0.700  val 1.109  acc 0.786  macro-F1 0.6994  4s
  [cnn_resample_search_4] epoch  18/24  train 0.688  val 1.086  acc 0.797  macro-F1 0.6939  4s
  [cnn_resample_search_4] epoch  19/24  train 0.680  val 1.060  acc 0.806  macro-F1 0.7123  4s
  [cnn_resample_search_4] epoch  20/24  train 0.668  val 1.054  acc 0.811  macro-F1 0.7102  4s
  [cnn_resample_search_4] epoch  21/24  train 0.665  val 1.025  acc 0.824  macro-F1 0.7110  4s
  [cnn_resample_search_4] epoch  22/24  train 0.650  val 1.014  acc 0.824  macro-F1 0.7261  4s
  [cnn_resample_search_4] epoch  23/24  train 0.650  val 1.013  acc 0.824  macro-F1 0.7307  4s
  [cnn_resample_search_4] epoch  24/24  train 0.645  val 1.018  acc 0.824  macro-F1 0.7306  4s
  [cnn_resample_search_4] best macro-F1 0.7307 at epoch 23 (96s total)
  [cnn_resample_search_5] epoch   1/24  train 3.657  val 3.479  acc 0.186  macro-F1 0.1566  4s
  [cnn_resample_search_5] epoch   2/24  train 2.249  val 2.437  acc 0.377  macro-F1 0.2535  4s
  [cnn_resample_search_5] epoch   3/24  train 1.609  val 1.983  acc 0.466  macro-F1 0.4140  4s
  [cnn_resample_search_5] epoch   4/24  train 1.271  val 1.779  acc 0.556  macro-F1 0.4750  4s
  [cnn_resample_search_5] epoch   5/24  train 1.118  val 1.578  acc 0.646  macro-F1 0.5458  4s
  [cnn_resample_search_5] epoch   6/24  train 1.046  val 1.503  acc 0.652  macro-F1 0.5645  4s
  [cnn_resample_search_5] epoch   7/24  train 0.980  val 1.574  acc 0.658  macro-F1 0.5644  4s
  [cnn_resample_search_5] epoch   8/24  train 0.926  val 1.457  acc 0.677  macro-F1 0.6241  4s
  [cnn_resample_search_5] epoch   9/24  train 0.888  val 1.330  acc 0.707  macro-F1 0.6275  4s
  [cnn_resample_search_5] epoch  10/24  train 0.856  val 1.254  acc 0.738  macro-F1 0.6379  4s
  [cnn_resample_search_5] epoch  11/24  train 0.824  val 1.222  acc 0.744  macro-F1 0.6562  4s
  [cnn_resample_search_5] epoch  12/24  train 0.803  val 1.241  acc 0.744  macro-F1 0.6463  4s
  [cnn_resample_search_5] epoch  13/24  train 0.775  val 1.229  acc 0.752  macro-F1 0.6753  4s
  [cnn_resample_search_5] epoch  14/24  train 0.747  val 1.177  acc 0.768  macro-F1 0.6668  4s
  [cnn_resample_search_5] epoch  15/24  train 0.729  val 1.150  acc 0.775  macro-F1 0.6831  4s
  [cnn_resample_search_5] epoch  16/24  train 0.719  val 1.082  acc 0.802  macro-F1 0.6990  4s
  [cnn_resample_search_5] epoch  17/24  train 0.701  val 1.102  acc 0.789  macro-F1 0.6912  4s
  [cnn_resample_search_5] epoch  18/24  train 0.689  val 1.103  acc 0.792  macro-F1 0.7033  4s
  [cnn_resample_search_5] epoch  19/24  train 0.679  val 1.056  acc 0.805  macro-F1 0.6983  4s
  [cnn_resample_search_5] epoch  20/24  train 0.669  val 1.068  acc 0.802  macro-F1 0.6890  4s
  [cnn_resample_search_5] epoch  21/24  train 0.666  val 1.032  acc 0.818  macro-F1 0.7173  4s
  [cnn_resample_search_5] epoch  22/24  train 0.650  val 1.020  acc 0.824  macro-F1 0.7092  4s
  [cnn_resample_search_5] epoch  23/24  train 0.650  val 1.019  acc 0.822  macro-F1 0.7191  4s
  [cnn_resample_search_5] epoch  24/24  train 0.644  val 1.023  acc 0.820  macro-F1 0.7171  4s
  [cnn_resample_search_5] best macro-F1 0.7191 at epoch 23 (96s total)
               candidate family    regime                                  config  epochs  macro_f1  accuracy  weighted_f1
0  cnn_resample_search_0    cnn  resample  {'lr': 0.0001, 'weight_decay': 0.0001}      21  0.573694  0.653840     0.674098
1  cnn_resample_search_1    cnn  resample   {'lr': 0.0001, 'weight_decay': 0.001}      21  0.573060  0.654170     0.674243
2  cnn_resample_search_2    cnn  resample  {'lr': 0.0003, 'weight_decay': 0.0001}      24  0.679146  0.780512     0.789318
3  cnn_resample_search_3    cnn  resample   {'lr': 0.0003, 'weight_decay': 0.001}      20  0.662190  0.761519     0.775316
4  cnn_resample_search_4    cnn  resample   {'lr': 0.001, 'weight_decay': 0.0001}      23  0.730651  0.824277     0.830138
5  cnn_resample_search_5    cnn  resample    {'lr': 0.001, 'weight_decay': 0.001}      23  0.719120  0.822461     0.828616

=== resnet_reweight: 6 arms at 24 epochs ===
  [resnet_reweight_search_0] epoch   1/24  train 4.825  val 3.798  acc 0.022  macro-F1 0.0113  27s
  [resnet_reweight_search_0] epoch   2/24  train 4.510  val 3.565  acc 0.034  macro-F1 0.0222  19s
  [resnet_reweight_search_0] epoch   3/24  train 4.196  val 3.408  acc 0.034  macro-F1 0.0244  19s
  [resnet_reweight_search_0] epoch   4/24  train 3.957  val 3.128  acc 0.169  macro-F1 0.0672  19s
  [resnet_reweight_search_0] epoch   5/24  train 3.730  val 3.054  acc 0.139  macro-F1 0.0895  19s
  [resnet_reweight_search_0] epoch   6/24  train 3.518  val 2.871  acc 0.239  macro-F1 0.1292  19s
  [resnet_reweight_search_0] epoch   7/24  train 3.301  val 2.852  acc 0.180  macro-F1 0.1061  19s
  [resnet_reweight_search_0] epoch   8/24  train 3.159  val 2.917  acc 0.126  macro-F1 0.0943  19s
  [resnet_reweight_search_0] epoch   9/24  train 2.995  val 2.781  acc 0.216  macro-F1 0.1293  19s
  [resnet_reweight_search_0] epoch  10/24  train 2.846  val 2.329  acc 0.316  macro-F1 0.2540  19s
  [resnet_reweight_search_0] epoch  11/24  train 2.689  val 2.250  acc 0.384  macro-F1 0.2527  19s
  [resnet_reweight_search_0] epoch  12/24  train 2.537  val 2.141  acc 0.399  macro-F1 0.2889  19s
  [resnet_reweight_search_0] epoch  13/24  train 2.449  val 2.125  acc 0.378  macro-F1 0.2652  19s
  [resnet_reweight_search_0] epoch  14/24  train 2.269  val 2.010  acc 0.430  macro-F1 0.3337  19s
  [resnet_reweight_search_0] epoch  15/24  train 2.219  val 2.102  acc 0.420  macro-F1 0.2876  19s
  [resnet_reweight_search_0] epoch  16/24  train 2.085  val 1.849  acc 0.476  macro-F1 0.3474  19s
  [resnet_reweight_search_0] epoch  17/24  train 1.989  val 1.841  acc 0.454  macro-F1 0.3578  19s
  [resnet_reweight_search_0] epoch  18/24  train 1.929  val 1.788  acc 0.499  macro-F1 0.3757  19s
  [resnet_reweight_search_0] epoch  19/24  train 1.869  val 1.783  acc 0.477  macro-F1 0.3770  19s
  [resnet_reweight_search_0] epoch  20/24  train 1.798  val 1.738  acc 0.480  macro-F1 0.3821  19s
  [resnet_reweight_search_0] epoch  21/24  train 1.732  val 1.731  acc 0.494  macro-F1 0.3962  19s
  [resnet_reweight_search_0] epoch  22/24  train 1.725  val 1.704  acc 0.503  macro-F1 0.4030  19s
  [resnet_reweight_search_0] epoch  23/24  train 1.709  val 1.695  acc 0.501  macro-F1 0.4061  19s
  [resnet_reweight_search_0] epoch  24/24  train 1.691  val 1.694  acc 0.501  macro-F1 0.4050  19s
  [resnet_reweight_search_0] best macro-F1 0.4061 at epoch 23 (470s total)
  [resnet_reweight_search_1] epoch   1/24  train 4.823  val 3.816  acc 0.024  macro-F1 0.0167  19s
  [resnet_reweight_search_1] epoch   2/24  train 4.524  val 3.557  acc 0.032  macro-F1 0.0247  19s
  [resnet_reweight_search_1] epoch   3/24  train 4.228  val 4.461  acc 0.010  macro-F1 0.0070  19s
  [resnet_reweight_search_1] epoch   4/24  train 4.002  val 3.143  acc 0.179  macro-F1 0.0735  19s
  [resnet_reweight_search_1] epoch   5/24  train 3.780  val 3.025  acc 0.169  macro-F1 0.0991  19s
  [resnet_reweight_search_1] epoch   6/24  train 3.628  val 2.911  acc 0.206  macro-F1 0.1087  19s
  [resnet_reweight_search_1] epoch   7/24  train 3.412  val 2.927  acc 0.175  macro-F1 0.0926  19s
  [resnet_reweight_search_1] epoch   8/24  train 3.230  val 2.839  acc 0.161  macro-F1 0.1247  19s
  [resnet_reweight_search_1] epoch   9/24  train 3.109  val 2.870  acc 0.224  macro-F1 0.1213  19s
  [resnet_reweight_search_1] epoch  10/24  train 2.918  val 2.431  acc 0.313  macro-F1 0.2379  19s
  [resnet_reweight_search_1] epoch  11/24  train 2.747  val 2.287  acc 0.357  macro-F1 0.2330  19s
  [resnet_reweight_search_1] epoch  12/24  train 2.663  val 2.296  acc 0.357  macro-F1 0.2627  19s
  [resnet_reweight_search_1] epoch  13/24  train 2.583  val 2.223  acc 0.360  macro-F1 0.2683  19s
  [resnet_reweight_search_1] epoch  14/24  train 2.420  val 2.084  acc 0.411  macro-F1 0.3189  19s
  [resnet_reweight_search_1] epoch  15/24  train 2.326  val 2.176  acc 0.356  macro-F1 0.2626  19s
  [resnet_reweight_search_1] epoch  16/24  train 2.197  val 1.930  acc 0.449  macro-F1 0.3339  19s
  [resnet_reweight_search_1] epoch  17/24  train 2.109  val 1.931  acc 0.431  macro-F1 0.3324  19s
  [resnet_reweight_search_1] epoch  18/24  train 2.023  val 1.878  acc 0.462  macro-F1 0.3646  19s
  [resnet_reweight_search_1] epoch  19/24  train 1.961  val 1.844  acc 0.452  macro-F1 0.3618  19s
  [resnet_reweight_search_1] epoch  20/24  train 1.881  val 1.812  acc 0.447  macro-F1 0.3652  19s
  [resnet_reweight_search_1] epoch  21/24  train 1.822  val 1.799  acc 0.468  macro-F1 0.3921  19s
  [resnet_reweight_search_1] epoch  22/24  train 1.807  val 1.768  acc 0.478  macro-F1 0.3896  19s
  [resnet_reweight_search_1] epoch  23/24  train 1.786  val 1.760  acc 0.474  macro-F1 0.3982  19s
  [resnet_reweight_search_1] epoch  24/24  train 1.777  val 1.761  acc 0.475  macro-F1 0.3881  19s
  [resnet_reweight_search_1] best macro-F1 0.3982 at epoch 23 (462s total)
  [resnet_reweight_search_2] epoch   1/24  train 4.868  val 3.860  acc 0.054  macro-F1 0.0212  19s
  [resnet_reweight_search_2] epoch   2/24  train 4.602  val 4.719  acc 0.008  macro-F1 0.0019  19s
  [resnet_reweight_search_2] epoch   3/24  train 4.316  val 3.415  acc 0.060  macro-F1 0.0365  19s
  [resnet_reweight_search_2] epoch   4/24  train 4.061  val 3.239  acc 0.092  macro-F1 0.0406  19s
  [resnet_reweight_search_2] epoch   5/24  train 3.920  val 3.281  acc 0.105  macro-F1 0.0515  19s
  [resnet_reweight_search_2] epoch   6/24  train 3.708  val 2.903  acc 0.210  macro-F1 0.1212  19s
  [resnet_reweight_search_2] epoch   7/24  train 3.483  val 2.956  acc 0.136  macro-F1 0.0975  19s
  [resnet_reweight_search_2] epoch   8/24  train 3.299  val 2.778  acc 0.127  macro-F1 0.1241  19s
  [resnet_reweight_search_2] epoch   9/24  train 3.176  val 2.753  acc 0.220  macro-F1 0.1449  19s
  [resnet_reweight_search_2] epoch  10/24  train 3.019  val 2.467  acc 0.335  macro-F1 0.2066  19s
  [resnet_reweight_search_2] epoch  11/24  train 2.875  val 2.434  acc 0.286  macro-F1 0.2048  19s
  [resnet_reweight_search_2] epoch  12/24  train 2.780  val 2.267  acc 0.355  macro-F1 0.2515  19s
  [resnet_reweight_search_2] epoch  13/24  train 2.631  val 2.198  acc 0.402  macro-F1 0.2742  19s
  [resnet_reweight_search_2] epoch  14/24  train 2.482  val 2.131  acc 0.370  macro-F1 0.3113  19s
  [resnet_reweight_search_2] epoch  15/24  train 2.402  val 2.162  acc 0.331  macro-F1 0.2694  19s
  [resnet_reweight_search_2] epoch  16/24  train 2.290  val 2.005  acc 0.422  macro-F1 0.3167  19s
  [resnet_reweight_search_2] epoch  17/24  train 2.202  val 1.940  acc 0.434  macro-F1 0.3206  19s
  [resnet_reweight_search_2] epoch  18/24  train 2.110  val 1.890  acc 0.468  macro-F1 0.3458  19s
  [resnet_reweight_search_2] epoch  19/24  train 2.069  val 1.838  acc 0.465  macro-F1 0.3451  19s
  [resnet_reweight_search_2] epoch  20/24  train 1.958  val 1.829  acc 0.444  macro-F1 0.3516  19s
  [resnet_reweight_search_2] epoch  21/24  train 1.894  val 1.805  acc 0.463  macro-F1 0.3655  19s
  [resnet_reweight_search_2] epoch  22/24  train 1.877  val 1.779  acc 0.481  macro-F1 0.3831  19s
  [resnet_reweight_search_2] epoch  23/24  train 1.845  val 1.760  acc 0.486  macro-F1 0.3784  19s
  [resnet_reweight_search_2] epoch  24/24  train 1.838  val 1.758  acc 0.490  macro-F1 0.3813  19s
  [resnet_reweight_search_2] best macro-F1 0.3831 at epoch 22 (461s total)
  [resnet_reweight_search_3] epoch   1/24  train 4.890  val 3.803  acc 0.052  macro-F1 0.0243  19s
  [resnet_reweight_search_3] epoch   2/24  train 4.659  val 3.750  acc 0.011  macro-F1 0.0055  19s
  [resnet_reweight_search_3] epoch   3/24  train 4.256  val 3.408  acc 0.022  macro-F1 0.0158  19s
  [resnet_reweight_search_3] epoch   4/24  train 4.009  val 3.099  acc 0.148  macro-F1 0.0570  19s
  [resnet_reweight_search_3] epoch   5/24  train 3.897  val 3.162  acc 0.104  macro-F1 0.0638  19s
  [resnet_reweight_search_3] epoch   6/24  train 3.702  val 2.992  acc 0.169  macro-F1 0.1075  19s
  [resnet_reweight_search_3] epoch   7/24  train 3.504  val 2.996  acc 0.125  macro-F1 0.0931  19s
  [resnet_reweight_search_3] epoch   8/24  train 3.330  val 2.872  acc 0.128  macro-F1 0.1148  19s
  [resnet_reweight_search_3] epoch   9/24  train 3.186  val 2.719  acc 0.199  macro-F1 0.1436  19s
  [resnet_reweight_search_3] epoch  10/24  train 3.013  val 2.499  acc 0.319  macro-F1 0.2150  19s
  [resnet_reweight_search_3] epoch  11/24  train 2.866  val 2.409  acc 0.327  macro-F1 0.2259  19s
  [resnet_reweight_search_3] epoch  12/24  train 2.736  val 2.340  acc 0.369  macro-F1 0.2498  19s
  [resnet_reweight_search_3] epoch  13/24  train 2.644  val 2.219  acc 0.397  macro-F1 0.2717  19s
  [resnet_reweight_search_3] epoch  14/24  train 2.480  val 2.167  acc 0.399  macro-F1 0.2992  19s
  [resnet_reweight_search_3] epoch  15/24  train 2.392  val 2.114  acc 0.378  macro-F1 0.2714  19s
  [resnet_reweight_search_3] epoch  16/24  train 2.279  val 2.038  acc 0.400  macro-F1 0.3048  19s
  [resnet_reweight_search_3] epoch  17/24  train 2.186  val 1.994  acc 0.450  macro-F1 0.3168  19s
  [resnet_reweight_search_3] epoch  18/24  train 2.121  val 1.915  acc 0.461  macro-F1 0.3240  19s
  [resnet_reweight_search_3] epoch  19/24  train 2.061  val 1.884  acc 0.467  macro-F1 0.3393  19s
  [resnet_reweight_search_3] epoch  20/24  train 1.962  val 1.856  acc 0.477  macro-F1 0.3595  19s
  [resnet_reweight_search_3] epoch  21/24  train 1.900  val 1.846  acc 0.485  macro-F1 0.3765  19s
  [resnet_reweight_search_3] epoch  22/24  train 1.895  val 1.815  acc 0.489  macro-F1 0.3716  19s
  [resnet_reweight_search_3] epoch  23/24  train 1.862  val 1.803  acc 0.491  macro-F1 0.3766  19s
  [resnet_reweight_search_3] epoch  24/24  train 1.847  val 1.802  acc 0.492  macro-F1 0.3757  19s
  [resnet_reweight_search_3] best macro-F1 0.3766 at epoch 23 (461s total)
  [resnet_reweight_search_4] epoch   1/24  train 5.030  val 4.130  acc 0.007  macro-F1 0.0041  19s
  [resnet_reweight_search_4] epoch   2/24  train 5.113  val 4.016  acc 0.006  macro-F1 0.0020  19s
  [resnet_reweight_search_4] epoch   3/24  train 4.701  val 5.180  acc 0.005  macro-F1 0.0012  19s
  [resnet_reweight_search_4] epoch   4/24  train 4.583  val 3.599  acc 0.042  macro-F1 0.0172  19s
  [resnet_reweight_search_4] epoch   5/24  train 4.374  val 4.210  acc 0.007  macro-F1 0.0048  19s
  [resnet_reweight_search_4] epoch   6/24  train 4.188  val 3.349  acc 0.052  macro-F1 0.0311  19s
  [resnet_reweight_search_4] epoch   7/24  train 3.988  val 3.453  acc 0.023  macro-F1 0.0286  19s
  [resnet_reweight_search_4] epoch   8/24  train 3.912  val 3.681  acc 0.040  macro-F1 0.0286  19s
  [resnet_reweight_search_4] epoch   9/24  train 3.792  val 3.194  acc 0.080  macro-F1 0.0361  19s
  [resnet_reweight_search_4] epoch  10/24  train 3.783  val 3.141  acc 0.129  macro-F1 0.0743  19s
  [resnet_reweight_search_4] epoch  11/24  train 3.647  val 2.986  acc 0.179  macro-F1 0.0957  19s
  [resnet_reweight_search_4] epoch  12/24  train 3.475  val 2.920  acc 0.215  macro-F1 0.1306  19s
  [resnet_reweight_search_4] epoch  13/24  train 3.309  val 2.743  acc 0.237  macro-F1 0.1531  19s
  [resnet_reweight_search_4] epoch  14/24  train 3.252  val 2.798  acc 0.229  macro-F1 0.1615  19s
  [resnet_reweight_search_4] epoch  15/24  train 3.132  val 2.670  acc 0.217  macro-F1 0.1507  19s
  [resnet_reweight_search_4] epoch  16/24  train 2.973  val 2.589  acc 0.248  macro-F1 0.1879  19s
  [resnet_reweight_search_4] epoch  17/24  train 2.962  val 2.555  acc 0.258  macro-F1 0.1902  19s
  [resnet_reweight_search_4] epoch  18/24  train 2.838  val 2.486  acc 0.276  macro-F1 0.1960  19s
  [resnet_reweight_search_4] epoch  19/24  train 2.742  val 2.423  acc 0.317  macro-F1 0.2211  19s
  [resnet_reweight_search_4] epoch  20/24  train 2.630  val 2.365  acc 0.324  macro-F1 0.2232  19s
  [resnet_reweight_search_4] epoch  21/24  train 2.569  val 2.346  acc 0.332  macro-F1 0.2398  19s
  [resnet_reweight_search_4] epoch  22/24  train 2.516  val 2.315  acc 0.355  macro-F1 0.2562  19s
  [resnet_reweight_search_4] epoch  23/24  train 2.503  val 2.306  acc 0.349  macro-F1 0.2564  19s
  [resnet_reweight_search_4] epoch  24/24  train 2.481  val 2.302  acc 0.358  macro-F1 0.2596  19s
  [resnet_reweight_search_4] best macro-F1 0.2596 at epoch 24 (459s total)
  [resnet_reweight_search_5] epoch   1/24  train 5.097  val 4.251  acc 0.006  macro-F1 0.0010  19s
  [resnet_reweight_search_5] epoch   2/24  train 4.929  val 4.047  acc 0.007  macro-F1 0.0022  19s
  [resnet_reweight_search_5] epoch   3/24  train 4.736  val 3.928  acc 0.009  macro-F1 0.0027  19s
  [resnet_reweight_search_5] epoch   4/24  train 4.604  val 3.826  acc 0.019  macro-F1 0.0106  19s
  [resnet_reweight_search_5] epoch   5/24  train 4.468  val 3.758  acc 0.051  macro-F1 0.0085  19s
  [resnet_reweight_search_5] epoch   6/24  train 4.210  val 3.426  acc 0.076  macro-F1 0.0343  19s
  [resnet_reweight_search_5] epoch   7/24  train 4.207  val 3.759  acc 0.009  macro-F1 0.0061  19s
  [resnet_reweight_search_5] epoch   8/24  train 4.105  val 3.766  acc 0.019  macro-F1 0.0150  19s
  [resnet_reweight_search_5] epoch   9/24  train 4.047  val 3.395  acc 0.113  macro-F1 0.0424  19s
  [resnet_reweight_search_5] epoch  10/24  train 3.879  val 3.132  acc 0.135  macro-F1 0.0819  19s
  [resnet_reweight_search_5] epoch  11/24  train 3.631  val 3.018  acc 0.162  macro-F1 0.0870  19s
  [resnet_reweight_search_5] epoch  12/24  train 3.542  val 2.976  acc 0.210  macro-F1 0.0871  19s
  [resnet_reweight_search_5] epoch  13/24  train 3.447  val 2.975  acc 0.199  macro-F1 0.1131  19s
  [resnet_reweight_search_5] epoch  14/24  train 3.398  val 2.923  acc 0.216  macro-F1 0.1344  19s
  [resnet_reweight_search_5] epoch  15/24  train 3.266  val 2.808  acc 0.241  macro-F1 0.1347  19s
  [resnet_reweight_search_5] epoch  16/24  train 3.102  val 2.660  acc 0.240  macro-F1 0.1636  19s
  [resnet_reweight_search_5] epoch  17/24  train 2.973  val 2.512  acc 0.287  macro-F1 0.1940  19s
  [resnet_reweight_search_5] epoch  18/24  train 2.899  val 2.481  acc 0.307  macro-F1 0.2038  19s
  [resnet_reweight_search_5] epoch  19/24  train 2.807  val 2.438  acc 0.343  macro-F1 0.2231  19s
  [resnet_reweight_search_5] epoch  20/24  train 2.693  val 2.346  acc 0.371  macro-F1 0.2468  19s
  [resnet_reweight_search_5] epoch  21/24  train 2.647  val 2.328  acc 0.367  macro-F1 0.2480  19s
  [resnet_reweight_search_5] epoch  22/24  train 2.607  val 2.293  acc 0.389  macro-F1 0.2632  19s
  [resnet_reweight_search_5] epoch  23/24  train 2.583  val 2.284  acc 0.381  macro-F1 0.2639  19s
  [resnet_reweight_search_5] epoch  24/24  train 2.589  val 2.278  acc 0.386  macro-F1 0.2616  19s
  [resnet_reweight_search_5] best macro-F1 0.2639 at epoch 23 (458s total)
                  candidate  family    regime                                  config  epochs  macro_f1  accuracy  weighted_f1
0  resnet_reweight_search_0  resnet  reweight  {'lr': 0.0001, 'weight_decay': 0.0001}      23  0.406105  0.500908     0.539385
1  resnet_reweight_search_1  resnet  reweight   {'lr': 0.0001, 'weight_decay': 0.001}      23  0.398203  0.473988     0.516517
2  resnet_reweight_search_2  resnet  reweight  {'lr': 0.0003, 'weight_decay': 0.0001}      22  0.383146  0.480760     0.520175
3  resnet_reweight_search_3  resnet  reweight   {'lr': 0.0003, 'weight_decay': 0.001}      23  0.376576  0.490999     0.527922
4  resnet_reweight_search_4  resnet  reweight   {'lr': 0.001, 'weight_decay': 0.0001}      24  0.259617  0.357721     0.388354
5  resnet_reweight_search_5  resnet  reweight    {'lr': 0.001, 'weight_decay': 0.001}      23  0.263869  0.380512     0.409966

=== resnet_resample: 6 arms at 24 epochs ===
  [resnet_resample_search_0] epoch   1/24  train 3.949  val 3.757  acc 0.149  macro-F1 0.0920  19s
  [resnet_resample_search_0] epoch   2/24  train 2.574  val 2.494  acc 0.391  macro-F1 0.3078  19s
  [resnet_resample_search_0] epoch   3/24  train 1.793  val 2.495  acc 0.353  macro-F1 0.3195  19s
  [resnet_resample_search_0] epoch   4/24  train 1.386  val 1.829  acc 0.552  macro-F1 0.4399  19s
  [resnet_resample_search_0] epoch   5/24  train 1.185  val 1.913  acc 0.518  macro-F1 0.4717  19s
  [resnet_resample_search_0] epoch   6/24  train 1.070  val 1.658  acc 0.599  macro-F1 0.4964  19s
  [resnet_resample_search_0] epoch   7/24  train 0.992  val 1.621  acc 0.608  macro-F1 0.5342  19s
  [resnet_resample_search_0] epoch   8/24  train 0.921  val 1.658  acc 0.595  macro-F1 0.5664  19s
  [resnet_resample_search_0] epoch   9/24  train 0.868  val 1.385  acc 0.685  macro-F1 0.5796  19s
  [resnet_resample_search_0] epoch  10/24  train 0.834  val 1.388  acc 0.667  macro-F1 0.5898  19s
  [resnet_resample_search_0] epoch  11/24  train 0.793  val 1.247  acc 0.736  macro-F1 0.6159  19s
  [resnet_resample_search_0] epoch  12/24  train 0.764  val 1.277  acc 0.729  macro-F1 0.6227  19s
  [resnet_resample_search_0] epoch  13/24  train 0.736  val 1.316  acc 0.711  macro-F1 0.6316  19s
  [resnet_resample_search_0] epoch  14/24  train 0.705  val 1.154  acc 0.764  macro-F1 0.6600  19s
  [resnet_resample_search_0] epoch  15/24  train 0.681  val 1.293  acc 0.717  macro-F1 0.6453  19s
  [resnet_resample_search_0] epoch  16/24  train 0.674  val 1.083  acc 0.793  macro-F1 0.6797  19s
  [resnet_resample_search_0] epoch  17/24  train 0.651  val 1.140  acc 0.770  macro-F1 0.6714  19s
  [resnet_resample_search_0] epoch  18/24  train 0.637  val 1.093  acc 0.785  macro-F1 0.6702  19s
  [resnet_resample_search_0] epoch  19/24  train 0.630  val 1.072  acc 0.796  macro-F1 0.6866  19s
  [resnet_resample_search_0] epoch  20/24  train 0.614  val 1.054  acc 0.800  macro-F1 0.6973  19s
  [resnet_resample_search_0] epoch  21/24  train 0.611  val 1.034  acc 0.805  macro-F1 0.6945  19s
  [resnet_resample_search_0] epoch  22/24  train 0.598  val 1.017  acc 0.811  macro-F1 0.6951  19s
  [resnet_resample_search_0] epoch  23/24  train 0.595  val 1.008  acc 0.813  macro-F1 0.6982  19s
  [resnet_resample_search_0] epoch  24/24  train 0.591  val 1.020  acc 0.807  macro-F1 0.6906  19s
  [resnet_resample_search_0] best macro-F1 0.6982 at epoch 23 (463s total)
  [resnet_resample_search_1] epoch   1/24  train 3.947  val 3.771  acc 0.147  macro-F1 0.0908  19s
  [resnet_resample_search_1] epoch   2/24  train 2.565  val 2.521  acc 0.387  macro-F1 0.3102  19s
  [resnet_resample_search_1] epoch   3/24  train 1.786  val 2.472  acc 0.372  macro-F1 0.3236  19s
  [resnet_resample_search_1] epoch   4/24  train 1.383  val 1.863  acc 0.527  macro-F1 0.4351  19s
  [resnet_resample_search_1] epoch   5/24  train 1.185  val 1.904  acc 0.533  macro-F1 0.4358  19s
  [resnet_resample_search_1] epoch   6/24  train 1.072  val 1.698  acc 0.582  macro-F1 0.4867  19s
  [resnet_resample_search_1] epoch   7/24  train 0.987  val 1.690  acc 0.592  macro-F1 0.5074  19s
  [resnet_resample_search_1] epoch   8/24  train 0.923  val 1.599  acc 0.616  macro-F1 0.5634  19s
  [resnet_resample_search_1] epoch   9/24  train 0.870  val 1.423  acc 0.676  macro-F1 0.5744  19s
  [resnet_resample_search_1] epoch  10/24  train 0.835  val 1.424  acc 0.658  macro-F1 0.5793  19s
  [resnet_resample_search_1] epoch  11/24  train 0.795  val 1.242  acc 0.728  macro-F1 0.6079  19s
  [resnet_resample_search_1] epoch  12/24  train 0.764  val 1.327  acc 0.707  macro-F1 0.6226  19s
  [resnet_resample_search_1] epoch  13/24  train 0.740  val 1.320  acc 0.711  macro-F1 0.6269  19s
  [resnet_resample_search_1] epoch  14/24  train 0.705  val 1.166  acc 0.760  macro-F1 0.6503  19s
  [resnet_resample_search_1] epoch  15/24  train 0.683  val 1.278  acc 0.725  macro-F1 0.6359  19s
  [resnet_resample_search_1] epoch  16/24  train 0.675  val 1.110  acc 0.780  macro-F1 0.6653  19s
  [resnet_resample_search_1] epoch  17/24  train 0.651  val 1.137  acc 0.770  macro-F1 0.6756  19s
  [resnet_resample_search_1] epoch  18/24  train 0.637  val 1.111  acc 0.776  macro-F1 0.6706  19s
  [resnet_resample_search_1] epoch  19/24  train 0.629  val 1.070  acc 0.796  macro-F1 0.6988  19s
  [resnet_resample_search_1] epoch  20/24  train 0.615  val 1.065  acc 0.796  macro-F1 0.6890  19s
  [resnet_resample_search_1] epoch  21/24  train 0.611  val 1.035  acc 0.802  macro-F1 0.6951  19s
  [resnet_resample_search_1] epoch  22/24  train 0.598  val 1.019  acc 0.810  macro-F1 0.7010  19s
  [resnet_resample_search_1] epoch  23/24  train 0.595  val 1.009  acc 0.813  macro-F1 0.6987  19s
  [resnet_resample_search_1] epoch  24/24  train 0.591  val 1.022  acc 0.806  macro-F1 0.6933  19s
  [resnet_resample_search_1] best macro-F1 0.7010 at epoch 22 (463s total)
  [resnet_resample_search_2] epoch   1/24  train 3.367  val 3.034  acc 0.271  macro-F1 0.2052  19s
  [resnet_resample_search_2] epoch   2/24  train 1.931  val 2.134  acc 0.455  macro-F1 0.3708  19s
  [resnet_resample_search_2] epoch   3/24  train 1.459  val 2.205  acc 0.372  macro-F1 0.4097  19s
  [resnet_resample_search_2] epoch   4/24  train 1.186  val 1.690  acc 0.587  macro-F1 0.5062  19s
  [resnet_resample_search_2] epoch   5/24  train 1.053  val 1.548  acc 0.639  macro-F1 0.5181  19s
  [resnet_resample_search_2] epoch   6/24  train 0.971  val 1.556  acc 0.643  macro-F1 0.5329  19s
  [resnet_resample_search_2] epoch   7/24  train 0.907  val 1.502  acc 0.655  macro-F1 0.5645  19s
  [resnet_resample_search_2] epoch   8/24  train 0.855  val 1.426  acc 0.671  macro-F1 0.5961  19s
  [resnet_resample_search_2] epoch   9/24  train 0.815  val 1.280  acc 0.731  macro-F1 0.6292  19s
  [resnet_resample_search_2] epoch  10/24  train 0.783  val 1.448  acc 0.662  macro-F1 0.5759  19s
  [resnet_resample_search_2] epoch  11/24  train 0.743  val 1.183  acc 0.745  macro-F1 0.6566  19s
  [resnet_resample_search_2] epoch  12/24  train 0.723  val 1.180  acc 0.760  macro-F1 0.6613  19s
  [resnet_resample_search_2] epoch  13/24  train 0.691  val 1.127  acc 0.781  macro-F1 0.6852  19s
  [resnet_resample_search_2] epoch  14/24  train 0.664  val 1.063  acc 0.795  macro-F1 0.7066  19s
  [resnet_resample_search_2] epoch  15/24  train 0.644  val 1.132  acc 0.774  macro-F1 0.7047  19s
  [resnet_resample_search_2] epoch  16/24  train 0.637  val 1.040  acc 0.804  macro-F1 0.7185  19s
  [resnet_resample_search_2] epoch  17/24  train 0.614  val 1.034  acc 0.807  macro-F1 0.7124  19s
  [resnet_resample_search_2] epoch  18/24  train 0.597  val 1.011  acc 0.814  macro-F1 0.7354  19s
  [resnet_resample_search_2] epoch  19/24  train 0.589  val 0.997  acc 0.820  macro-F1 0.7417  19s
  [resnet_resample_search_2] epoch  20/24  train 0.576  val 0.977  acc 0.823  macro-F1 0.7397  19s
  [resnet_resample_search_2] epoch  21/24  train 0.573  val 0.955  acc 0.834  macro-F1 0.7379  19s
  [resnet_resample_search_2] epoch  22/24  train 0.560  val 0.943  acc 0.837  macro-F1 0.7450  19s
  [resnet_resample_search_2] epoch  23/24  train 0.556  val 0.924  acc 0.842  macro-F1 0.7444  19s
  [resnet_resample_search_2] epoch  24/24  train 0.552  val 0.932  acc 0.838  macro-F1 0.7427  19s
  [resnet_resample_search_2] best macro-F1 0.7450 at epoch 22 (462s total)
  [resnet_resample_search_3] epoch   1/24  train 3.372  val 3.032  acc 0.277  macro-F1 0.2252  19s
  [resnet_resample_search_3] epoch   2/24  train 1.922  val 2.200  acc 0.426  macro-F1 0.3451  19s
  [resnet_resample_search_3] epoch   3/24  train 1.461  val 2.136  acc 0.423  macro-F1 0.4431  19s
  [resnet_resample_search_3] epoch   4/24  train 1.187  val 1.914  acc 0.526  macro-F1 0.4522  19s
  [resnet_resample_search_3] epoch   5/24  train 1.053  val 1.518  acc 0.656  macro-F1 0.5362  19s
  [resnet_resample_search_3] epoch   6/24  train 0.968  val 1.514  acc 0.649  macro-F1 0.5517  19s
  [resnet_resample_search_3] epoch   7/24  train 0.904  val 1.534  acc 0.646  macro-F1 0.5782  19s
  [resnet_resample_search_3] epoch   8/24  train 0.848  val 1.514  acc 0.656  macro-F1 0.6000  19s
  [resnet_resample_search_3] epoch   9/24  train 0.813  val 1.293  acc 0.719  macro-F1 0.6285  19s
  [resnet_resample_search_3] epoch  10/24  train 0.781  val 1.296  acc 0.712  macro-F1 0.6431  19s
  [resnet_resample_search_3] epoch  11/24  train 0.744  val 1.199  acc 0.744  macro-F1 0.6546  19s
  [resnet_resample_search_3] epoch  12/24  train 0.717  val 1.264  acc 0.735  macro-F1 0.6484  19s
  [resnet_resample_search_3] epoch  13/24  train 0.687  val 1.152  acc 0.772  macro-F1 0.6931  19s
  [resnet_resample_search_3] epoch  14/24  train 0.662  val 1.062  acc 0.800  macro-F1 0.7081  19s
  [resnet_resample_search_3] epoch  15/24  train 0.644  val 1.109  acc 0.780  macro-F1 0.7145  19s
  [resnet_resample_search_3] epoch  16/24  train 0.633  val 1.043  acc 0.800  macro-F1 0.7186  19s
  [resnet_resample_search_3] epoch  17/24  train 0.612  val 1.053  acc 0.796  macro-F1 0.7232  19s
  [resnet_resample_search_3] epoch  18/24  train 0.596  val 0.989  acc 0.824  macro-F1 0.7369  19s
  [resnet_resample_search_3] epoch  19/24  train 0.587  val 0.989  acc 0.826  macro-F1 0.7554  19s
  [resnet_resample_search_3] epoch  20/24  train 0.576  val 0.966  acc 0.827  macro-F1 0.7400  19s
  [resnet_resample_search_3] epoch  21/24  train 0.571  val 0.950  acc 0.834  macro-F1 0.7419  19s
  [resnet_resample_search_3] epoch  22/24  train 0.559  val 0.936  acc 0.841  macro-F1 0.7486  19s
  [resnet_resample_search_3] epoch  23/24  train 0.555  val 0.922  acc 0.843  macro-F1 0.7488  19s
  [resnet_resample_search_3] epoch  24/24  train 0.551  val 0.928  acc 0.843  macro-F1 0.7512  19s
  [resnet_resample_search_3] best macro-F1 0.7554 at epoch 19 (463s total)
  [resnet_resample_search_4] epoch   1/24  train 3.123  val 2.936  acc 0.253  macro-F1 0.2102  19s
  [resnet_resample_search_4] epoch   2/24  train 1.840  val 2.137  acc 0.424  macro-F1 0.3965  19s
  [resnet_resample_search_4] epoch   3/24  train 1.413  val 2.069  acc 0.463  macro-F1 0.4376  19s
  [resnet_resample_search_4] epoch   4/24  train 1.169  val 1.722  acc 0.564  macro-F1 0.4989  19s
  [resnet_resample_search_4] epoch   5/24  train 1.048  val 1.598  acc 0.640  macro-F1 0.5130  19s
  [resnet_resample_search_4] epoch   6/24  train 0.960  val 1.470  acc 0.673  macro-F1 0.5976  19s
  [resnet_resample_search_4] epoch   7/24  train 0.903  val 1.470  acc 0.665  macro-F1 0.5586  19s
  [resnet_resample_search_4] epoch   8/24  train 0.847  val 1.476  acc 0.681  macro-F1 0.6381  19s
  [resnet_resample_search_4] epoch   9/24  train 0.806  val 1.286  acc 0.722  macro-F1 0.6001  19s
  [resnet_resample_search_4] epoch  10/24  train 0.776  val 1.357  acc 0.702  macro-F1 0.6412  19s
  [resnet_resample_search_4] epoch  11/24  train 0.730  val 1.215  acc 0.740  macro-F1 0.6354  19s
  [resnet_resample_search_4] epoch  12/24  train 0.713  val 1.206  acc 0.751  macro-F1 0.6864  19s
  [resnet_resample_search_4] epoch  13/24  train 0.681  val 1.131  acc 0.781  macro-F1 0.7031  19s
  [resnet_resample_search_4] epoch  14/24  train 0.656  val 1.058  acc 0.805  macro-F1 0.7003  19s
  [resnet_resample_search_4] epoch  15/24  train 0.634  val 1.087  acc 0.795  macro-F1 0.7130  19s
  [resnet_resample_search_4] epoch  16/24  train 0.622  val 1.058  acc 0.804  macro-F1 0.7200  19s
  [resnet_resample_search_4] epoch  17/24  train 0.606  val 1.026  acc 0.813  macro-F1 0.7119  19s
  [resnet_resample_search_4] epoch  18/24  train 0.589  val 0.986  acc 0.824  macro-F1 0.7365  19s
  [resnet_resample_search_4] epoch  19/24  train 0.578  val 0.992  acc 0.828  macro-F1 0.7384  19s
  [resnet_resample_search_4] epoch  20/24  train 0.568  val 0.948  acc 0.834  macro-F1 0.7540  19s
  [resnet_resample_search_4] epoch  21/24  train 0.562  val 0.936  acc 0.843  macro-F1 0.7549  19s
  [resnet_resample_search_4] epoch  22/24  train 0.552  val 0.929  acc 0.846  macro-F1 0.7591  19s
  [resnet_resample_search_4] epoch  23/24  train 0.548  val 0.912  acc 0.853  macro-F1 0.7730  19s
  [resnet_resample_search_4] epoch  24/24  train 0.546  val 0.919  acc 0.849  macro-F1 0.7578  19s
  [resnet_resample_search_4] best macro-F1 0.7730 at epoch 23 (461s total)
  [resnet_resample_search_5] epoch   1/24  train 3.118  val 2.987  acc 0.237  macro-F1 0.2071  19s
  [resnet_resample_search_5] epoch   2/24  train 1.850  val 2.207  acc 0.423  macro-F1 0.3770  19s
  [resnet_resample_search_5] epoch   3/24  train 1.425  val 2.048  acc 0.458  macro-F1 0.4075  19s
  [resnet_resample_search_5] epoch   4/24  train 1.170  val 1.787  acc 0.548  macro-F1 0.5097  19s
  [resnet_resample_search_5] epoch   5/24  train 1.041  val 1.629  acc 0.628  macro-F1 0.5386  19s
  [resnet_resample_search_5] epoch   6/24  train 0.961  val 1.378  acc 0.706  macro-F1 0.5913  19s
  [resnet_resample_search_5] epoch   7/24  train 0.900  val 1.540  acc 0.649  macro-F1 0.5675  19s
  [resnet_resample_search_5] epoch   8/24  train 0.846  val 1.391  acc 0.713  macro-F1 0.6325  19s
  [resnet_resample_search_5] epoch   9/24  train 0.805  val 1.304  acc 0.716  macro-F1 0.6305  19s
  [resnet_resample_search_5] epoch  10/24  train 0.774  val 1.326  acc 0.709  macro-F1 0.6355  19s
  [resnet_resample_search_5] epoch  11/24  train 0.725  val 1.177  acc 0.751  macro-F1 0.6618  19s
  [resnet_resample_search_5] epoch  12/24  train 0.711  val 1.236  acc 0.742  macro-F1 0.6735  19s
  [resnet_resample_search_5] epoch  13/24  train 0.681  val 1.159  acc 0.772  macro-F1 0.7107  19s
  [resnet_resample_search_5] epoch  14/24  train 0.655  val 1.048  acc 0.810  macro-F1 0.7306  19s
  [resnet_resample_search_5] epoch  15/24  train 0.632  val 1.065  acc 0.796  macro-F1 0.7351  19s
  [resnet_resample_search_5] epoch  16/24  train 0.622  val 1.063  acc 0.801  macro-F1 0.7182  19s
  [resnet_resample_search_5] epoch  17/24  train 0.603  val 1.054  acc 0.803  macro-F1 0.7281  19s
  [resnet_resample_search_5] epoch  18/24  train 0.588  val 0.970  acc 0.831  macro-F1 0.7602  19s
  [resnet_resample_search_5] epoch  19/24  train 0.578  val 1.003  acc 0.823  macro-F1 0.7510  19s
  [resnet_resample_search_5] epoch  20/24  train 0.567  val 0.949  acc 0.839  macro-F1 0.7654  19s
  [resnet_resample_search_5] epoch  21/24  train 0.562  val 0.933  acc 0.843  macro-F1 0.7704  19s
  [resnet_resample_search_5] epoch  22/24  train 0.551  val 0.922  acc 0.845  macro-F1 0.7600  19s
  [resnet_resample_search_5] epoch  23/24  train 0.548  val 0.910  acc 0.849  macro-F1 0.7785  19s
  [resnet_resample_search_5] epoch  24/24  train 0.544  val 0.916  acc 0.846  macro-F1 0.7637  19s
  [resnet_resample_search_5] best macro-F1 0.7785 at epoch 23 (461s total)
                  candidate  family    regime                                  config  epochs  macro_f1  accuracy  weighted_f1
0  resnet_resample_search_0  resnet  resample  {'lr': 0.0001, 'weight_decay': 0.0001}      23  0.698223  0.812882     0.817294
1  resnet_resample_search_1  resnet  resample   {'lr': 0.0001, 'weight_decay': 0.001}      22  0.700967  0.810405     0.814184
2  resnet_resample_search_2  resnet  resample  {'lr': 0.0003, 'weight_decay': 0.0001}      22  0.744969  0.837490     0.839941
3  resnet_resample_search_3  resnet  resample   {'lr': 0.0003, 'weight_decay': 0.001}      19  0.755422  0.826424     0.833092
4  resnet_resample_search_4  resnet  resample   {'lr': 0.001, 'weight_decay': 0.0001}      23  0.773049  0.853179     0.856116
5  resnet_resample_search_5  resnet  resample    {'lr': 0.001, 'weight_decay': 0.001}      23  0.778474  0.849216     0.853432

=== cnn_reweight confirmation: {'lr': 0.0003, 'weight_decay': 0.0001} at 40 epochs ===
  [cnn_reweight_confirm] epoch   1/40  train 4.764  val 3.850  acc 0.054  macro-F1 0.0158  4s
  [cnn_reweight_confirm] epoch   2/40  train 4.484  val 3.668  acc 0.034  macro-F1 0.0185  4s
  [cnn_reweight_confirm] epoch   3/40  train 4.175  val 3.345  acc 0.158  macro-F1 0.0570  4s
  [cnn_reweight_confirm] epoch   4/40  train 3.960  val 3.123  acc 0.249  macro-F1 0.0948  4s
  [cnn_reweight_confirm] epoch   5/40  train 3.694  val 3.085  acc 0.243  macro-F1 0.0829  4s
  [cnn_reweight_confirm] epoch   6/40  train 3.509  val 2.806  acc 0.319  macro-F1 0.1510  4s
  [cnn_reweight_confirm] epoch   7/40  train 3.314  val 2.797  acc 0.216  macro-F1 0.1357  4s
  [cnn_reweight_confirm] epoch   8/40  train 3.137  val 2.840  acc 0.221  macro-F1 0.1295  4s
  [cnn_reweight_confirm] epoch   9/40  train 3.047  val 2.622  acc 0.291  macro-F1 0.1695  4s
  [cnn_reweight_confirm] epoch  10/40  train 2.873  val 2.361  acc 0.399  macro-F1 0.2660  4s
  [cnn_reweight_confirm] epoch  11/40  train 2.764  val 2.327  acc 0.327  macro-F1 0.2361  4s
  [cnn_reweight_confirm] epoch  12/40  train 2.602  val 2.162  acc 0.453  macro-F1 0.2967  4s
  [cnn_reweight_confirm] epoch  13/40  train 2.510  val 2.145  acc 0.402  macro-F1 0.2810  4s
  [cnn_reweight_confirm] epoch  14/40  train 2.409  val 2.016  acc 0.490  macro-F1 0.3659  4s
  [cnn_reweight_confirm] epoch  15/40  train 2.285  val 2.053  acc 0.447  macro-F1 0.3059  4s
  [cnn_reweight_confirm] epoch  16/40  train 2.198  val 2.023  acc 0.448  macro-F1 0.3638  4s
  [cnn_reweight_confirm] epoch  17/40  train 2.172  val 1.889  acc 0.465  macro-F1 0.3465  4s
  [cnn_reweight_confirm] epoch  18/40  train 2.082  val 1.856  acc 0.497  macro-F1 0.3677  4s
  [cnn_reweight_confirm] epoch  19/40  train 1.964  val 1.838  acc 0.521  macro-F1 0.3739  4s
  [cnn_reweight_confirm] epoch  20/40  train 1.943  val 1.761  acc 0.495  macro-F1 0.3854  4s
  [cnn_reweight_confirm] epoch  21/40  train 1.849  val 1.778  acc 0.509  macro-F1 0.3719  4s
  [cnn_reweight_confirm] epoch  22/40  train 1.818  val 1.760  acc 0.483  macro-F1 0.3941  4s
  [cnn_reweight_confirm] epoch  23/40  train 1.765  val 1.681  acc 0.503  macro-F1 0.4134  4s
  [cnn_reweight_confirm] epoch  24/40  train 1.704  val 1.714  acc 0.532  macro-F1 0.4291  4s
  [cnn_reweight_confirm] epoch  25/40  train 1.652  val 1.634  acc 0.576  macro-F1 0.4491  4s
  [cnn_reweight_confirm] epoch  26/40  train 1.589  val 1.564  acc 0.586  macro-F1 0.4813  4s
  [cnn_reweight_confirm] epoch  27/40  train 1.554  val 1.596  acc 0.528  macro-F1 0.4535  4s
  [cnn_reweight_confirm] epoch  28/40  train 1.508  val 1.555  acc 0.602  macro-F1 0.4656  4s
  [cnn_reweight_confirm] epoch  29/40  train 1.484  val 1.525  acc 0.577  macro-F1 0.4783  4s
  [cnn_reweight_confirm] epoch  30/40  train 1.460  val 1.517  acc 0.601  macro-F1 0.4851  4s
  [cnn_reweight_confirm] epoch  31/40  train 1.453  val 1.514  acc 0.567  macro-F1 0.4845  4s
  [cnn_reweight_confirm] epoch  32/40  train 1.420  val 1.507  acc 0.586  macro-F1 0.4952  4s
  [cnn_reweight_confirm] epoch  33/40  train 1.405  val 1.484  acc 0.621  macro-F1 0.5283  4s
  [cnn_reweight_confirm] epoch  34/40  train 1.366  val 1.476  acc 0.630  macro-F1 0.5157  4s
  [cnn_reweight_confirm] epoch  35/40  train 1.361  val 1.466  acc 0.629  macro-F1 0.5168  4s
  [cnn_reweight_confirm] epoch  36/40  train 1.345  val 1.460  acc 0.638  macro-F1 0.5280  4s
  [cnn_reweight_confirm] epoch  37/40  train 1.346  val 1.469  acc 0.639  macro-F1 0.5250  4s
  [cnn_reweight_confirm] epoch  38/40  train 1.340  val 1.458  acc 0.641  macro-F1 0.5261  4s
  [cnn_reweight_confirm] epoch  39/40  train 1.330  val 1.460  acc 0.638  macro-F1 0.5298  4s
  [cnn_reweight_confirm] epoch  40/40  train 1.322  val 1.463  acc 0.638  macro-F1 0.5364  4s
  [cnn_reweight_confirm] best macro-F1 0.5364 at epoch 40 (160s total)

=== cnn_resample confirmation: {'lr': 0.001, 'weight_decay': 0.0001} at 40 epochs ===
  [cnn_resample_confirm] epoch   1/40  train 3.658  val 3.510  acc 0.174  macro-F1 0.1457  4s
  [cnn_resample_confirm] epoch   2/40  train 2.257  val 2.491  acc 0.346  macro-F1 0.2682  4s
  [cnn_resample_confirm] epoch   3/40  train 1.609  val 2.105  acc 0.455  macro-F1 0.4313  4s
  [cnn_resample_confirm] epoch   4/40  train 1.275  val 1.723  acc 0.576  macro-F1 0.4735  4s
  [cnn_resample_confirm] epoch   5/40  train 1.124  val 1.660  acc 0.606  macro-F1 0.5290  4s
  [cnn_resample_confirm] epoch   6/40  train 1.049  val 1.502  acc 0.649  macro-F1 0.5562  4s
  [cnn_resample_confirm] epoch   7/40  train 0.984  val 1.518  acc 0.666  macro-F1 0.5514  4s
  [cnn_resample_confirm] epoch   8/40  train 0.930  val 1.620  acc 0.629  macro-F1 0.5903  4s
  [cnn_resample_confirm] epoch   9/40  train 0.898  val 1.360  acc 0.691  macro-F1 0.5883  4s
  [cnn_resample_confirm] epoch  10/40  train 0.870  val 1.320  acc 0.710  macro-F1 0.6254  4s
  [cnn_resample_confirm] epoch  11/40  train 0.842  val 1.278  acc 0.719  macro-F1 0.6415  4s
  [cnn_resample_confirm] epoch  12/40  train 0.821  val 1.243  acc 0.738  macro-F1 0.6268  4s
  [cnn_resample_confirm] epoch  13/40  train 0.796  val 1.273  acc 0.735  macro-F1 0.6345  4s
  [cnn_resample_confirm] epoch  14/40  train 0.771  val 1.170  acc 0.765  macro-F1 0.6587  4s
  [cnn_resample_confirm] epoch  15/40  train 0.753  val 1.192  acc 0.761  macro-F1 0.6623  4s
  [cnn_resample_confirm] epoch  16/40  train 0.747  val 1.161  acc 0.776  macro-F1 0.6633  4s
  [cnn_resample_confirm] epoch  17/40  train 0.729  val 1.139  acc 0.778  macro-F1 0.6898  4s
  [cnn_resample_confirm] epoch  18/40  train 0.717  val 1.146  acc 0.781  macro-F1 0.6822  4s
  [cnn_resample_confirm] epoch  19/40  train 0.714  val 1.154  acc 0.779  macro-F1 0.6931  4s
  [cnn_resample_confirm] epoch  20/40  train 0.697  val 1.102  acc 0.792  macro-F1 0.6872  4s
  [cnn_resample_confirm] epoch  21/40  train 0.694  val 1.095  acc 0.789  macro-F1 0.7018  4s
  [cnn_resample_confirm] epoch  22/40  train 0.673  val 1.034  acc 0.812  macro-F1 0.7005  4s
  [cnn_resample_confirm] epoch  23/40  train 0.669  val 1.032  acc 0.810  macro-F1 0.7239  4s
  [cnn_resample_confirm] epoch  24/40  train 0.654  val 1.064  acc 0.793  macro-F1 0.6999  4s
  [cnn_resample_confirm] epoch  25/40  train 0.654  val 1.043  acc 0.808  macro-F1 0.7168  4s
  [cnn_resample_confirm] epoch  26/40  train 0.647  val 1.015  acc 0.824  macro-F1 0.7250  4s
  [cnn_resample_confirm] epoch  27/40  train 0.643  val 1.033  acc 0.813  macro-F1 0.7189  4s
  [cnn_resample_confirm] epoch  28/40  train 0.630  val 1.014  acc 0.820  macro-F1 0.7084  4s
  [cnn_resample_confirm] epoch  29/40  train 0.620  val 1.006  acc 0.828  macro-F1 0.7259  4s
  [cnn_resample_confirm] epoch  30/40  train 0.616  val 1.023  acc 0.819  macro-F1 0.7237  4s
  [cnn_resample_confirm] epoch  31/40  train 0.611  val 0.981  acc 0.832  macro-F1 0.7285  4s
  [cnn_resample_confirm] epoch  32/40  train 0.604  val 0.977  acc 0.835  macro-F1 0.7282  4s
  [cnn_resample_confirm] epoch  33/40  train 0.604  val 0.970  acc 0.836  macro-F1 0.7304  4s
  [cnn_resample_confirm] epoch  34/40  train 0.598  val 0.980  acc 0.833  macro-F1 0.7298  4s
  [cnn_resample_confirm] epoch  35/40  train 0.597  val 0.965  acc 0.837  macro-F1 0.7360  4s
  [cnn_resample_confirm] epoch  36/40  train 0.593  val 0.967  acc 0.838  macro-F1 0.7382  4s
  [cnn_resample_confirm] epoch  37/40  train 0.587  val 0.967  acc 0.836  macro-F1 0.7294  4s
  [cnn_resample_confirm] epoch  38/40  train 0.591  val 0.959  acc 0.838  macro-F1 0.7347  4s
  [cnn_resample_confirm] epoch  39/40  train 0.587  val 0.964  acc 0.837  macro-F1 0.7333  4s
  [cnn_resample_confirm] epoch  40/40  train 0.588  val 0.964  acc 0.837  macro-F1 0.7361  4s
  [cnn_resample_confirm] best macro-F1 0.7382 at epoch 36 (160s total)

=== resnet_reweight confirmation: {'lr': 0.0001, 'weight_decay': 0.0001} at 40 epochs ===
  [resnet_reweight_confirm] epoch   1/40  train 4.825  val 3.798  acc 0.022  macro-F1 0.0113  19s
  [resnet_reweight_confirm] epoch   2/40  train 4.510  val 3.565  acc 0.034  macro-F1 0.0222  19s
  [resnet_reweight_confirm] epoch   3/40  train 4.196  val 3.408  acc 0.034  macro-F1 0.0244  19s
  [resnet_reweight_confirm] epoch   4/40  train 3.957  val 3.128  acc 0.169  macro-F1 0.0672  19s
  [resnet_reweight_confirm] epoch   5/40  train 3.728  val 3.047  acc 0.137  macro-F1 0.0857  19s
  [resnet_reweight_confirm] epoch   6/40  train 3.514  val 3.013  acc 0.207  macro-F1 0.1065  19s
  [resnet_reweight_confirm] epoch   7/40  train 3.313  val 2.896  acc 0.168  macro-F1 0.1050  19s
  [resnet_reweight_confirm] epoch   8/40  train 3.152  val 3.039  acc 0.123  macro-F1 0.0911  19s
  [resnet_reweight_confirm] epoch   9/40  train 3.062  val 2.714  acc 0.211  macro-F1 0.1464  19s
  [resnet_reweight_confirm] epoch  10/40  train 2.891  val 2.383  acc 0.289  macro-F1 0.2437  19s
  [resnet_reweight_confirm] epoch  11/40  train 2.720  val 2.284  acc 0.373  macro-F1 0.2465  19s
  [resnet_reweight_confirm] epoch  12/40  train 2.588  val 2.179  acc 0.392  macro-F1 0.2742  19s
  [resnet_reweight_confirm] epoch  13/40  train 2.528  val 2.149  acc 0.377  macro-F1 0.2556  19s
  [resnet_reweight_confirm] epoch  14/40  train 2.349  val 2.047  acc 0.413  macro-F1 0.3117  19s
  [resnet_reweight_confirm] epoch  15/40  train 2.325  val 2.169  acc 0.396  macro-F1 0.2781  19s
  [resnet_reweight_confirm] epoch  16/40  train 2.180  val 1.961  acc 0.451  macro-F1 0.3474  19s
  [resnet_reweight_confirm] epoch  17/40  train 2.104  val 1.908  acc 0.422  macro-F1 0.3370  19s
  [resnet_reweight_confirm] epoch  18/40  train 2.021  val 1.873  acc 0.452  macro-F1 0.3466  19s
  [resnet_reweight_confirm] epoch  19/40  train 1.969  val 1.946  acc 0.440  macro-F1 0.3629  19s
  [resnet_reweight_confirm] epoch  20/40  train 1.897  val 1.831  acc 0.427  macro-F1 0.3636  19s
  [resnet_reweight_confirm] epoch  21/40  train 1.792  val 1.790  acc 0.489  macro-F1 0.3682  19s
  [resnet_reweight_confirm] epoch  22/40  train 1.776  val 1.727  acc 0.464  macro-F1 0.3825  19s
  [resnet_reweight_confirm] epoch  23/40  train 1.710  val 1.723  acc 0.491  macro-F1 0.3820  19s
  [resnet_reweight_confirm] epoch  24/40  train 1.646  val 1.663  acc 0.489  macro-F1 0.4041  19s
  [resnet_reweight_confirm] epoch  25/40  train 1.546  val 1.597  acc 0.553  macro-F1 0.4278  19s
  [resnet_reweight_confirm] epoch  26/40  train 1.532  val 1.572  acc 0.571  macro-F1 0.4672  19s
  [resnet_reweight_confirm] epoch  27/40  train 1.471  val 1.612  acc 0.548  macro-F1 0.4463  19s
  [resnet_reweight_confirm] epoch  28/40  train 1.422  val 1.496  acc 0.578  macro-F1 0.4541  19s
  [resnet_reweight_confirm] epoch  29/40  train 1.379  val 1.498  acc 0.556  macro-F1 0.4851  19s
  [resnet_reweight_confirm] epoch  30/40  train 1.334  val 1.464  acc 0.601  macro-F1 0.4855  19s
  [resnet_reweight_confirm] epoch  31/40  train 1.304  val 1.464  acc 0.600  macro-F1 0.4931  19s
  [resnet_reweight_confirm] epoch  32/40  train 1.303  val 1.445  acc 0.599  macro-F1 0.5069  19s
  [resnet_reweight_confirm] epoch  33/40  train 1.255  val 1.429  acc 0.613  macro-F1 0.5204  19s
  [resnet_reweight_confirm] epoch  34/40  train 1.234  val 1.403  acc 0.617  macro-F1 0.5244  19s
  [resnet_reweight_confirm] epoch  35/40  train 1.233  val 1.403  acc 0.621  macro-F1 0.5198  19s
  [resnet_reweight_confirm] epoch  36/40  train 1.208  val 1.393  acc 0.635  macro-F1 0.5293  19s
  [resnet_reweight_confirm] epoch  37/40  train 1.212  val 1.398  acc 0.630  macro-F1 0.5240  19s
  [resnet_reweight_confirm] epoch  38/40  train 1.192  val 1.391  acc 0.636  macro-F1 0.5261  19s
  [resnet_reweight_confirm] epoch  39/40  train 1.190  val 1.390  acc 0.632  macro-F1 0.5255  19s
  [resnet_reweight_confirm] epoch  40/40  train 1.184  val 1.390  acc 0.634  macro-F1 0.5256  19s
  [resnet_reweight_confirm] best macro-F1 0.5293 at epoch 36 (770s total)

=== resnet_resample confirmation: {'lr': 0.001, 'weight_decay': 0.001} at 40 epochs ===
  [resnet_resample_confirm] epoch   1/40  train 3.118  val 2.987  acc 0.237  macro-F1 0.2071  19s
  [resnet_resample_confirm] epoch   2/40  train 1.850  val 2.207  acc 0.423  macro-F1 0.3770  19s
  [resnet_resample_confirm] epoch   3/40  train 1.425  val 2.048  acc 0.458  macro-F1 0.4075  19s
  [resnet_resample_confirm] epoch   4/40  train 1.170  val 1.787  acc 0.548  macro-F1 0.5097  19s
  [resnet_resample_confirm] epoch   5/40  train 1.043  val 1.654  acc 0.622  macro-F1 0.5183  19s
  [resnet_resample_confirm] epoch   6/40  train 0.967  val 1.394  acc 0.704  macro-F1 0.5992  19s
  [resnet_resample_confirm] epoch   7/40  train 0.898  val 1.482  acc 0.661  macro-F1 0.5695  19s
  [resnet_resample_confirm] epoch   8/40  train 0.866  val 1.479  acc 0.681  macro-F1 0.6214  19s
  [resnet_resample_confirm] epoch   9/40  train 0.819  val 1.261  acc 0.728  macro-F1 0.6317  19s
  [resnet_resample_confirm] epoch  10/40  train 0.789  val 1.374  acc 0.697  macro-F1 0.6316  19s
  [resnet_resample_confirm] epoch  11/40  train 0.741  val 1.220  acc 0.739  macro-F1 0.6560  19s
  [resnet_resample_confirm] epoch  12/40  train 0.730  val 1.275  acc 0.724  macro-F1 0.6644  19s
  [resnet_resample_confirm] epoch  13/40  train 0.706  val 1.201  acc 0.753  macro-F1 0.6929  19s
  [resnet_resample_confirm] epoch  14/40  train 0.679  val 1.071  acc 0.795  macro-F1 0.7000  19s
  [resnet_resample_confirm] epoch  15/40  train 0.666  val 1.113  acc 0.784  macro-F1 0.7122  19s
  [resnet_resample_confirm] epoch  16/40  train 0.655  val 1.115  acc 0.783  macro-F1 0.6981  19s
  [resnet_resample_confirm] epoch  17/40  train 0.642  val 1.061  acc 0.797  macro-F1 0.7393  19s
  [resnet_resample_confirm] epoch  18/40  train 0.623  val 1.022  acc 0.817  macro-F1 0.7192  19s
  [resnet_resample_confirm] epoch  19/40  train 0.621  val 1.092  acc 0.796  macro-F1 0.7102  19s
  [resnet_resample_confirm] epoch  20/40  train 0.606  val 1.043  acc 0.806  macro-F1 0.7206  19s
  [resnet_resample_confirm] epoch  21/40  train 0.600  val 0.978  acc 0.831  macro-F1 0.7487  19s
  [resnet_resample_confirm] epoch  22/40  train 0.582  val 0.996  acc 0.809  macro-F1 0.7351  19s
  [resnet_resample_confirm] epoch  23/40  train 0.576  val 1.023  acc 0.809  macro-F1 0.7285  19s
  [resnet_resample_confirm] epoch  24/40  train 0.563  val 0.986  acc 0.819  macro-F1 0.7581  19s
  [resnet_resample_confirm] epoch  25/40  train 0.558  val 0.931  acc 0.842  macro-F1 0.7569  19s
  [resnet_resample_confirm] epoch  26/40  train 0.550  val 0.972  acc 0.828  macro-F1 0.7336  19s
  [resnet_resample_confirm] epoch  27/40  train 0.550  val 0.960  acc 0.835  macro-F1 0.7500  19s
  [resnet_resample_confirm] epoch  28/40  train 0.537  val 0.916  acc 0.845  macro-F1 0.7591  19s
  [resnet_resample_confirm] epoch  29/40  train 0.529  val 0.923  acc 0.846  macro-F1 0.7558  19s
  [resnet_resample_confirm] epoch  30/40  train 0.525  val 0.896  acc 0.855  macro-F1 0.7560  19s
  [resnet_resample_confirm] epoch  31/40  train 0.521  val 0.898  acc 0.851  macro-F1 0.7527  19s
  [resnet_resample_confirm] epoch  32/40  train 0.514  val 0.894  acc 0.859  macro-F1 0.7647  19s
  [resnet_resample_confirm] epoch  33/40  train 0.510  val 0.893  acc 0.858  macro-F1 0.7596  19s
  [resnet_resample_confirm] epoch  34/40  train 0.509  val 0.884  acc 0.857  macro-F1 0.7574  19s
  [resnet_resample_confirm] epoch  35/40  train 0.505  val 0.877  acc 0.860  macro-F1 0.7585  19s
  [resnet_resample_confirm] epoch  36/40  train 0.503  val 0.878  acc 0.860  macro-F1 0.7668  19s
  [resnet_resample_confirm] epoch  37/40  train 0.500  val 0.872  acc 0.863  macro-F1 0.7658  19s
  [resnet_resample_confirm] epoch  38/40  train 0.501  val 0.869  acc 0.863  macro-F1 0.7646  19s
  [resnet_resample_confirm] epoch  39/40  train 0.499  val 0.871  acc 0.862  macro-F1 0.7683  19s
  [resnet_resample_confirm] epoch  40/40  train 0.499  val 0.869  acc 0.864  macro-F1 0.7702  19s
  [resnet_resample_confirm] best macro-F1 0.7702 at epoch 40 (767s total)
                 candidate   family    regime                                  config  epochs  macro_f1  accuracy  weighted_f1              arm
0                hog_svm_2  hog_svm      None                             {'C': 0.03}     NaN  0.672301  0.801486     0.805877          hog_svm
1           hog_svm_offset  hog_svm      None                             {'C': 0.03}     NaN  0.672301  0.801486     0.805877   hog_svm_offset
2     cnn_reweight_confirm      cnn  reweight  {'lr': 0.0003, 'weight_decay': 0.0001}    40.0  0.536416  0.637820     0.662384     cnn_reweight
3     cnn_resample_confirm      cnn  resample   {'lr': 0.001, 'weight_decay': 0.0001}    36.0  0.738232  0.837985     0.841503     cnn_resample
4  resnet_reweight_confirm   resnet  reweight  {'lr': 0.0001, 'weight_decay': 0.0001}    36.0  0.529256  0.634517     0.664951  resnet_reweight
5  resnet_resample_confirm   resnet  resample    {'lr': 0.001, 'weight_decay': 0.001}    40.0  0.770152  0.864244     0.865760  resnet_resample
Selected arm: resnet_resample
           hog_svm: {'config': {'C': 0.03}, 'epochs': None, 'regime': None}
    hog_svm_offset: {'config': {'C': 0.03}, 'epochs': None, 'regime': None}
      cnn_reweight: {'config': {'lr': 0.0003, 'weight_decay': 0.0001}, 'epochs': 40, 'regime': 'reweight'}
      cnn_resample: {'config': {'lr': 0.001, 'weight_decay': 0.0001}, 'epochs': 36, 'regime': 'resample'}
   resnet_reweight: {'config': {'lr': 0.0001, 'weight_decay': 0.0001}, 'epochs': 36, 'regime': 'reweight'}
   resnet_resample: {'config': {'lr': 0.001, 'weight_decay': 0.001}, 'epochs': 40, 'regime': 'resample'}
  refit: 10,000 / 30,278
  refit: 20,000 / 30,278
  refit: 30,000 / 30,278
refit: 30,278 images in 78s (436 MB)
Refit mean: [0.8492 0.8325 0.8267] | std: [0.2719 0.2832 0.2869]
Refitting on 30,278 rows (+25% against the search runs)

=== refit hog_svm: {'C': 0.03} ===
refit HOG: 30,278 x 1944 features in 27s (235 MB, parallel)
  saved -> models/task1/final/hog_svm_final.joblib (1.9 MB, 290s to fit)

=== refit hog_svm_offset: reuses hog_svm, tau=0.0 ===

=== refit cnn_reweight: {'lr': 0.0003, 'weight_decay': 0.0001} ===
  [cnn_reweight refit] 1/40 loss=4.7389 5s
  [cnn_reweight refit] 2/40 loss=4.4221 5s
  [cnn_reweight refit] 3/40 loss=4.1170 5s
  [cnn_reweight refit] 4/40 loss=3.8403 5s
  [cnn_reweight refit] 5/40 loss=3.6022 5s
  [cnn_reweight refit] 6/40 loss=3.4259 5s
  [cnn_reweight refit] 7/40 loss=3.1576 5s
  [cnn_reweight refit] 8/40 loss=3.0074 5s
  [cnn_reweight refit] 9/40 loss=2.9150 5s
  [cnn_reweight refit] 10/40 loss=2.7538 5s
  [cnn_reweight refit] 11/40 loss=2.5951 5s
  [cnn_reweight refit] 12/40 loss=2.4667 5s
  [cnn_reweight refit] 13/40 loss=2.3631 5s
  [cnn_reweight refit] 14/40 loss=2.2767 5s
  [cnn_reweight refit] 15/40 loss=2.1499 5s
  [cnn_reweight refit] 16/40 loss=2.0909 5s
  [cnn_reweight refit] 17/40 loss=2.0171 5s
  [cnn_reweight refit] 18/40 loss=1.9619 5s
  [cnn_reweight refit] 19/40 loss=1.8776 5s
  [cnn_reweight refit] 20/40 loss=1.8122 5s
  [cnn_reweight refit] 21/40 loss=1.7431 5s
  [cnn_reweight refit] 22/40 loss=1.6994 5s
  [cnn_reweight refit] 23/40 loss=1.6064 5s
  [cnn_reweight refit] 24/40 loss=1.5780 5s
  [cnn_reweight refit] 25/40 loss=1.5388 5s
  [cnn_reweight refit] 26/40 loss=1.5005 5s
  [cnn_reweight refit] 27/40 loss=1.4560 5s
  [cnn_reweight refit] 28/40 loss=1.4259 5s
  [cnn_reweight refit] 29/40 loss=1.4158 5s
  [cnn_reweight refit] 30/40 loss=1.3823 5s
  [cnn_reweight refit] 31/40 loss=1.3550 5s
  [cnn_reweight refit] 32/40 loss=1.3482 5s
  [cnn_reweight refit] 33/40 loss=1.3283 5s
  [cnn_reweight refit] 34/40 loss=1.3048 5s
  [cnn_reweight refit] 35/40 loss=1.2844 5s
  [cnn_reweight refit] 36/40 loss=1.2848 5s
  [cnn_reweight refit] 37/40 loss=1.2808 5s
  [cnn_reweight refit] 38/40 loss=1.2755 5s
  [cnn_reweight refit] 39/40 loss=1.2645 5s
  [cnn_reweight refit] 40/40 loss=1.2661 5s
  saved -> models/task1/final/cnn_reweight_final.pt (4.8 MB, 189s to fit)

=== refit cnn_resample: {'lr': 0.001, 'weight_decay': 0.0001} ===
  [cnn_resample refit] 1/36 loss=3.4889 5s
  [cnn_resample refit] 2/36 loss=2.0167 5s
  [cnn_resample refit] 3/36 loss=1.4774 5s
  [cnn_resample refit] 4/36 loss=1.2116 5s
  [cnn_resample refit] 5/36 loss=1.0816 5s
  [cnn_resample refit] 6/36 loss=1.0069 5s
  [cnn_resample refit] 7/36 loss=0.9438 5s
  [cnn_resample refit] 8/36 loss=0.9087 5s
  [cnn_resample refit] 9/36 loss=0.8678 5s
  [cnn_resample refit] 10/36 loss=0.8391 5s
  [cnn_resample refit] 11/36 loss=0.8144 5s
  [cnn_resample refit] 12/36 loss=0.7973 5s
  [cnn_resample refit] 13/36 loss=0.7814 5s
  [cnn_resample refit] 14/36 loss=0.7662 5s
  [cnn_resample refit] 15/36 loss=0.7453 5s
  [cnn_resample refit] 16/36 loss=0.7342 5s
  [cnn_resample refit] 17/36 loss=0.7159 5s
  [cnn_resample refit] 18/36 loss=0.7071 5s
  [cnn_resample refit] 19/36 loss=0.6925 5s
  [cnn_resample refit] 20/36 loss=0.6858 5s
  [cnn_resample refit] 21/36 loss=0.6724 5s
  [cnn_resample refit] 22/36 loss=0.6596 5s
  [cnn_resample refit] 23/36 loss=0.6526 5s
  [cnn_resample refit] 24/36 loss=0.6462 5s
  [cnn_resample refit] 25/36 loss=0.6386 5s
  [cnn_resample refit] 26/36 loss=0.6296 5s
  [cnn_resample refit] 27/36 loss=0.6272 5s
  [cnn_resample refit] 28/36 loss=0.6166 5s
  [cnn_resample refit] 29/36 loss=0.6111 5s
  [cnn_resample refit] 30/36 loss=0.6055 5s
  [cnn_resample refit] 31/36 loss=0.6033 5s
  [cnn_resample refit] 32/36 loss=0.6000 5s
  [cnn_resample refit] 33/36 loss=0.5932 5s
  [cnn_resample refit] 34/36 loss=0.5877 5s
  [cnn_resample refit] 35/36 loss=0.5879 5s
  [cnn_resample refit] 36/36 loss=0.5843 5s
  saved -> models/task1/final/cnn_resample_final.pt (4.8 MB, 169s to fit)

=== refit resnet_reweight: {'lr': 0.0001, 'weight_decay': 0.0001} ===
  [resnet_reweight refit] 1/36 loss=4.8285 22s
  [resnet_reweight refit] 2/36 loss=4.4919 22s
  [resnet_reweight refit] 3/36 loss=4.2155 22s
  [resnet_reweight refit] 4/36 loss=3.8902 22s
  [resnet_reweight refit] 5/36 loss=3.6423 22s
  [resnet_reweight refit] 6/36 loss=3.5119 22s
  [resnet_reweight refit] 7/36 loss=3.2545 22s
  [resnet_reweight refit] 8/36 loss=3.1284 22s
  [resnet_reweight refit] 9/36 loss=2.9406 22s
  [resnet_reweight refit] 10/36 loss=2.7696 22s
  [resnet_reweight refit] 11/36 loss=2.5766 22s
  [resnet_reweight refit] 12/36 loss=2.5186 22s
  [resnet_reweight refit] 13/36 loss=2.3876 22s
  [resnet_reweight refit] 14/36 loss=2.3062 22s
  [resnet_reweight refit] 15/36 loss=2.1755 22s
  [resnet_reweight refit] 16/36 loss=2.1105 22s
  [resnet_reweight refit] 17/36 loss=1.9892 22s
  [resnet_reweight refit] 18/36 loss=1.9371 22s
  [resnet_reweight refit] 19/36 loss=1.8571 22s
  [resnet_reweight refit] 20/36 loss=1.8040 22s
  [resnet_reweight refit] 21/36 loss=1.6912 22s
  [resnet_reweight refit] 22/36 loss=1.6665 22s
  [resnet_reweight refit] 23/36 loss=1.5889 22s
  [resnet_reweight refit] 24/36 loss=1.5234 22s
  [resnet_reweight refit] 25/36 loss=1.4409 22s
  [resnet_reweight refit] 26/36 loss=1.4427 22s
  [resnet_reweight refit] 27/36 loss=1.3671 22s
  [resnet_reweight refit] 28/36 loss=1.3353 22s
  [resnet_reweight refit] 29/36 loss=1.3014 22s
  [resnet_reweight refit] 30/36 loss=1.2568 22s
  [resnet_reweight refit] 31/36 loss=1.2256 22s
  [resnet_reweight refit] 32/36 loss=1.2048 22s
  [resnet_reweight refit] 33/36 loss=1.1749 22s
  [resnet_reweight refit] 34/36 loss=1.1746 22s
  [resnet_reweight refit] 35/36 loss=1.1440 22s
  [resnet_reweight refit] 36/36 loss=1.1398 22s
  saved -> models/task1/final/resnet_reweight_final.pt (45.0 MB, 801s to fit)

=== refit resnet_resample: {'lr': 0.001, 'weight_decay': 0.001} ===
  [resnet_resample refit] 1/40 loss=2.8876 22s
  [resnet_resample refit] 2/40 loss=1.6656 22s
  [resnet_resample refit] 3/40 loss=1.3359 22s
  [resnet_resample refit] 4/40 loss=1.1196 22s
  [resnet_resample refit] 5/40 loss=0.9869 22s
  [resnet_resample refit] 6/40 loss=0.9163 22s
  [resnet_resample refit] 7/40 loss=0.8647 22s
  [resnet_resample refit] 8/40 loss=0.8239 22s
  [resnet_resample refit] 9/40 loss=0.7770 22s
  [resnet_resample refit] 10/40 loss=0.7474 22s
  [resnet_resample refit] 11/40 loss=0.7231 22s
  [resnet_resample refit] 12/40 loss=0.7098 22s
  [resnet_resample refit] 13/40 loss=0.6909 22s
  [resnet_resample refit] 14/40 loss=0.6713 22s
  [resnet_resample refit] 15/40 loss=0.6568 22s
  [resnet_resample refit] 16/40 loss=0.6428 22s
  [resnet_resample refit] 17/40 loss=0.6244 22s
  [resnet_resample refit] 18/40 loss=0.6121 22s
  [resnet_resample refit] 19/40 loss=0.6029 22s
  [resnet_resample refit] 20/40 loss=0.5913 22s
  [resnet_resample refit] 21/40 loss=0.5836 22s
  [resnet_resample refit] 22/40 loss=0.5717 22s
  [resnet_resample refit] 23/40 loss=0.5642 22s
  [resnet_resample refit] 24/40 loss=0.5582 22s
  [resnet_resample refit] 25/40 loss=0.5463 22s
  [resnet_resample refit] 26/40 loss=0.5409 22s
  [resnet_resample refit] 27/40 loss=0.5375 22s
  [resnet_resample refit] 28/40 loss=0.5269 22s
  [resnet_resample refit] 29/40 loss=0.5226 22s
  [resnet_resample refit] 30/40 loss=0.5170 22s
  [resnet_resample refit] 31/40 loss=0.5128 22s
  [resnet_resample refit] 32/40 loss=0.5106 22s
  [resnet_resample refit] 33/40 loss=0.5047 22s
  [resnet_resample refit] 34/40 loss=0.5017 22s
  [resnet_resample refit] 35/40 loss=0.5017 22s
  [resnet_resample refit] 36/40 loss=0.4977 22s
  [resnet_resample refit] 37/40 loss=0.4972 22s
  [resnet_resample refit] 38/40 loss=0.4936 22s
  [resnet_resample refit] 39/40 loss=0.4940 22s
  [resnet_resample refit] 40/40 loss=0.4945 22s
  saved -> models/task1/final/resnet_resample_final.pt (45.0 MB, 891s to fit)
CPU allocation restored: 4 available cores
reporting: 7,568 images in 55s (109 MB)
reporting HOG: 7,568 x 1944 features in 6s (59 MB, parallel)
           hog_svm: macro-F1 0.6345  accuracy 0.7992  (6.2s)
    hog_svm_offset: macro-F1 0.6345  accuracy 0.7992  (6.1s)
      cnn_reweight: macro-F1 0.5339  accuracy 0.6533  (0.8s)
      cnn_resample: macro-F1 0.7378  accuracy 0.8521  (0.5s)
   resnet_reweight: macro-F1 0.5405  accuracy 0.6554  (4.2s)
   resnet_resample: macro-F1 0.7635  accuracy 0.8761  (3.2s)
reference_majority: macro-F1 0.0027  accuracy 0.1740
  reference_random: macro-F1 0.0091  accuracy 0.0529

control: hog_svm macro-F1 0.6345 -- unaffected by the sampling regime by construction
                model      split  rows  selected  macro_f1  accuracy  weighted_f1  prediction_seconds  train_seconds  model_bytes  head (>=1000)  \
0             hog_svm  reporting  7568     False  0.634527  0.799154     0.801804            6.150753     289.966931    1932894.0       0.810308   
1      hog_svm_offset  reporting  7568     False  0.634527  0.799154     0.801804            6.147518       0.000000    1932894.0       0.810308   
2        cnn_reweight  reporting  7568     False  0.533936  0.653277     0.677531            0.818827     188.717594    4848693.0       0.680038   
3        cnn_resample  reporting  7568     False  0.737823  0.852141     0.855803            0.479411     169.283839    4848693.0       0.864195   
4     resnet_reweight  reporting  7568     False  0.540460  0.655391     0.679595            4.210131     800.774803   45013451.0       0.672720   
5     resnet_resample  reporting  7568      True  0.763537  0.876057     0.877028            3.191960     891.304698   45013451.0       0.887019   
6  reference_majority  reporting  7568     False  0.002695  0.174022     0.051590                 NaN            NaN          NaN       0.037057   
7    reference_random  reporting  7568     False  0.009063  0.052854     0.052845                 NaN            NaN          NaN       0.061890   

   body (100-999)  tail (10-99)  rare (<10)   family    regime  
0        0.738850      0.608982    0.462018  hog_svm      None  
1        0.738850      0.608982    0.462018  hog_svm      None  
2        0.627995      0.489014    0.433148      cnn  reweight  
3        0.808685      0.755424    0.538095      cnn  resample  
4        0.635260      0.511423    0.407474   resnet  reweight  
5        0.832405      0.773406    0.585714   resnet  resample  
6        0.000000      0.000000    0.000000      NaN       NaN  
7        0.011839      0.002315    0.000000      NaN       NaN  
resnet_resample - hog_svm: [+0.0977, +0.1523]  (excludes zero)
resnet_resample - hog_svm_offset: [+0.0977, +0.1523]  (excludes zero)
resnet_resample - cnn_reweight: [+0.2044, +0.2456]  (excludes zero)
resnet_resample - cnn_resample: [+0.0085, +0.0403]  (excludes zero)
resnet_resample - resnet_reweight: [+0.1938, +0.2408]  (excludes zero)
938 errors out of 7,568 (12.4%)
                 macro_f1  size (MB)  fit (min)  inference (ms/image) device
model                                                                       
hog_svm             0.635      1.933      4.833                 0.813    CPU
hog_svm_offset      0.635      1.933      0.000                 0.812    CPU
cnn_reweight        0.534      4.849      3.145                 0.108   CUDA
cnn_resample        0.738      4.849      2.821                 0.063   CUDA
resnet_reweight     0.540     45.013     13.346                 0.556   CUDA
resnet_resample     0.764     45.013     14.855                 0.422   CUDA
Selected model: 45.0 MB, 0.42 ms/image on CUDA
test: 5,829 images in 38s (84 MB)
5,829 predictions covering 95 distinct article types
      id  gender   articleType  season  usage
0  52003     NaN       Watches     NaN    NaN
1  52007     NaN       Dresses     NaN    NaN
2  52017     NaN       Watches     NaN    NaN
3  52021     NaN  Lounge Pants     NaN    NaN
4  52023     NaN       Tshirts     NaN    NaN
articleType
Perfume and Body Mist    449
Handbags                 397
Watches                  328
Kurtas                   295
Sarees                   287
Tshirts                  238
Tops                     235
Dresses                  218
Name: predicted, dtype: int64
Selected: resnet (resnet_resample_final.pt)
Input digest: 5bc3bb885bd8 over 37,846 rows
Manifest records 61 files under models/task1
    deployment.json
    figures/fig01_class_distribution.png
    figures/fig02_augmentation_preview.png
    figures/fig03_confirmation_curves.png
    figures/fig04_reporting_comparison.png
    figures/fig05_top_confusions.png
    figures/fig06_svm_offset_tau.png
    figures/fig07_sota_comparison.png
    final/cnn_resample_final.pt
    final/cnn_reweight_final.pt
    final/hog_svm_final.joblib
    final/resnet_resample_final.pt
    final/resnet_reweight_final.pt
    predictions/reporting_all_models.csv
    predictions/task1_predictions.csv
    selection.json
    sota_provenance.json
    tables/history_cnn_resample_confirm.csv
    tables/history_cnn_resample_search_0.csv
    tables/history_cnn_resample_search_1.csv
    tables/history_cnn_resample_search_2.csv
    tables/history_cnn_resample_search_3.csv
    tables/history_cnn_resample_search_4.csv
    tables/history_cnn_resample_search_5.csv
    tables/history_cnn_reweight_confirm.csv
    tables/history_cnn_reweight_search_0.csv
    tables/history_cnn_reweight_search_1.csv
    tables/history_cnn_reweight_search_2.csv
    tables/history_cnn_reweight_search_3.csv
    tables/history_cnn_reweight_search_4.csv
    tables/history_cnn_reweight_search_5.csv
    tables/history_resnet_resample_confirm.csv
    tables/history_resnet_resample_search_0.csv
    tables/history_resnet_resample_search_1.csv
    tables/history_resnet_resample_search_2.csv
    tables/history_resnet_resample_search_3.csv
    tables/history_resnet_resample_search_4.csv
    tables/history_resnet_resample_search_5.csv
    tables/history_resnet_reweight_confirm.csv
    tables/history_resnet_reweight_search_0.csv
    tables/history_resnet_reweight_search_1.csv
    tables/history_resnet_reweight_search_2.csv
    tables/history_resnet_reweight_search_3.csv
    tables/history_resnet_reweight_search_4.csv
    tables/history_resnet_reweight_search_5.csv
    tables/paired_holdout_intervals.csv
    tables/refit_cnn_resample.csv
    tables/refit_cnn_reweight.csv
    tables/refit_resnet_resample.csv
    tables/refit_resnet_reweight.csv
    tables/search_all_models.csv
    tables/selection_candidates.csv
    tables/sota_comparison.csv
    tables/sota_results.csv
    tables/split_fit.csv
    tables/split_reporting.csv
    tables/split_tuning.csv
    tables/svm_offset_tau.csv
    tables/task1_results.csv
    telemetry/gpu_telemetry.csv
    telemetry/gpu_telemetry_summary.json
RUN_SOTA=True  finetune=True  epochs=5  token=not set
loading siglip2 ...
The image processor of type `SiglipImageProcessor` is now loaded as a fast processor by default, even if the model checkpoint was saved with a slow processor. This is a breaking change and may produce slightly different outputs. To continue using the slow processor, instantiate this class with `use_fast=False`. 
Warning: You are sending unauthenticated requests to the HF Hub. Please set a HF_TOKEN to enable higher rate limits and faster downloads.

Loading weights:   0%|          | 0/408 [00:00<?, ?it/s]
Loading weights:   0%|          | 1/408 [00:00<00:00, 8289.14it/s, Materializing param=logit_bias]
Loading weights:   0%|          | 1/408 [00:00<00:00, 4072.14it/s, Materializing param=logit_bias]
Loading weights:   0%|          | 2/408 [00:00<00:00, 4424.37it/s, Materializing param=logit_scale]
Loading weights:   0%|          | 2/408 [00:00<00:00, 3604.90it/s, Materializing param=logit_scale]
Loading weights:   1%|          | 3/408 [00:00<00:00, 2200.96it/s, Materializing param=text_model.embeddings.position_embedding.weight]
Loading weights:   1%|          | 3/408 [00:00<00:00, 1807.37it/s, Materializing param=text_model.embeddings.position_embedding.weight]
Loading weights:   1%|          | 4/408 [00:00<00:00, 1911.28it/s, Materializing param=text_model.embeddings.token_embedding.weight]   
Loading weights:   1%|          | 4/408 [00:00<00:00, 1811.01it/s, Materializing param=text_model.embeddings.token_embedding.weight]
Loading weights:   1%|          | 5/408 [00:00<00:00, 1707.64it/s, Materializing param=text_model.encoder.layers.0.layer_norm1.bias]
Loading weights:   1%|          | 5/408 [00:00<00:00, 1634.70it/s, Materializing param=text_model.encoder.layers.0.layer_norm1.bias]
Loading weights:   1%|▏         | 6/408 [00:00<00:00, 1526.68it/s, Materializing param=text_model.encoder.layers.0.layer_norm1.weight]
Loading weights:   1%|▏         | 6/408 [00:00<00:00, 1460.92it/s, Materializing param=text_model.encoder.layers.0.layer_norm1.weight]
Loading weights:   2%|▏         | 7/408 [00:00<00:00, 1565.37it/s, Materializing param=text_model.encoder.layers.0.layer_norm2.bias]  
Loading weights:   2%|▏         | 7/408 [00:00<00:00, 1522.59it/s, Materializing param=text_model.encoder.layers.0.layer_norm2.bias]
Loading weights:   2%|▏         | 8/408 [00:00<00:00, 1393.05it/s, Materializing param=text_model.encoder.layers.0.layer_norm2.weight]
Loading weights:   2%|▏         | 8/408 [00:00<00:00, 1360.85it/s, Materializing param=text_model.encoder.layers.0.layer_norm2.weight]
Loading weights:   2%|▏         | 9/408 [00:00<00:00, 1451.48it/s, Materializing param=text_model.encoder.layers.0.mlp.fc1.bias]      
Loading weights:   2%|▏         | 9/408 [00:00<00:00, 1417.05it/s, Materializing param=text_model.encoder.layers.0.mlp.fc1.bias]
Loading weights:   2%|▏         | 10/408 [00:00<00:00, 1422.76it/s, Materializing param=text_model.encoder.layers.0.mlp.fc1.weight]
Loading weights:   2%|▏         | 10/408 [00:00<00:00, 1398.71it/s, Materializing param=text_model.encoder.layers.0.mlp.fc1.weight]
Loading weights:   3%|▎         | 11/408 [00:00<00:00, 1261.24it/s, Materializing param=text_model.encoder.layers.0.mlp.fc2.bias]  
Loading weights:   3%|▎         | 11/408 [00:00<00:00, 1240.65it/s, Materializing param=text_model.encoder.layers.0.mlp.fc2.bias]
Loading weights:   3%|▎         | 12/408 [00:00<00:00, 1205.06it/s, Materializing param=text_model.encoder.layers.0.mlp.fc2.weight]
Loading weights:   3%|▎         | 12/408 [00:00<00:00, 1187.80it/s, Materializing param=text_model.encoder.layers.0.mlp.fc2.weight]
Loading weights:   3%|▎         | 13/408 [00:00<00:00, 1187.10it/s, Materializing param=text_model.encoder.layers.0.self_attn.k_proj.bias]
Loading weights:   3%|▎         | 13/408 [00:00<00:00, 1173.89it/s, Materializing param=text_model.encoder.layers.0.self_attn.k_proj.bias]
Loading weights:   3%|▎         | 14/408 [00:00<00:00, 1015.78it/s, Materializing param=text_model.encoder.layers.0.self_attn.k_proj.weight]
Loading weights:   3%|▎         | 14/408 [00:00<00:00, 888.85it/s, Materializing param=text_model.encoder.layers.0.self_attn.k_proj.weight] 
Loading weights:   4%|▎         | 15/408 [00:00<00:00, 877.00it/s, Materializing param=text_model.encoder.layers.0.self_attn.out_proj.bias]
Loading weights:   4%|▎         | 15/408 [00:00<00:00, 870.26it/s, Materializing param=text_model.encoder.layers.0.self_attn.out_proj.bias]
Loading weights:   4%|▍         | 16/408 [00:00<00:00, 724.17it/s, Materializing param=text_model.encoder.layers.0.self_attn.out_proj.weight]
Loading weights:   4%|▍         | 16/408 [00:00<00:00, 714.81it/s, Materializing param=text_model.encoder.layers.0.self_attn.out_proj.weight]
Loading weights:   4%|▍         | 17/408 [00:00<00:00, 722.07it/s, Materializing param=text_model.encoder.layers.0.self_attn.q_proj.bias]    
Loading weights:   4%|▍         | 17/408 [00:00<00:00, 717.10it/s, Materializing param=text_model.encoder.layers.0.self_attn.q_proj.bias]
Loading weights:   4%|▍         | 18/408 [00:00<00:00, 718.35it/s, Materializing param=text_model.encoder.layers.0.self_attn.q_proj.weight]
Loading weights:   4%|▍         | 18/408 [00:00<00:00, 714.08it/s, Materializing param=text_model.encoder.layers.0.self_attn.q_proj.weight]
Loading weights:   5%|▍         | 19/408 [00:00<00:00, 691.44it/s, Materializing param=text_model.encoder.layers.0.self_attn.v_proj.bias]  
Loading weights:   5%|▍         | 19/408 [00:00<00:00, 688.45it/s, Materializing param=text_model.encoder.layers.0.self_attn.v_proj.bias]
Loading weights:   5%|▍         | 20/408 [00:00<00:00, 716.86it/s, Materializing param=text_model.encoder.layers.0.self_attn.v_proj.weight]
Loading weights:   5%|▍         | 20/408 [00:00<00:00, 713.20it/s, Materializing param=text_model.encoder.layers.0.self_attn.v_proj.weight]
Loading weights:   5%|▌         | 21/408 [00:00<00:00, 614.72it/s, Materializing param=text_model.encoder.layers.1.layer_norm1.bias]       
Loading weights:   5%|▌         | 21/408 [00:00<00:00, 611.50it/s, Materializing param=text_model.encoder.layers.1.layer_norm1.bias]
Loading weights:   5%|▌         | 22/408 [00:00<00:00, 634.50it/s, Materializing param=text_model.encoder.layers.1.layer_norm1.weight]
Loading weights:   5%|▌         | 22/408 [00:00<00:00, 627.03it/s, Materializing param=text_model.encoder.layers.1.layer_norm1.weight]
Loading weights:   6%|▌         | 23/408 [00:00<00:00, 646.12it/s, Materializing param=text_model.encoder.layers.1.layer_norm2.bias]  
Loading weights:   6%|▌         | 23/408 [00:00<00:00, 643.33it/s, Materializing param=text_model.encoder.layers.1.layer_norm2.bias]
Loading weights:   6%|▌         | 24/408 [00:00<00:00, 645.31it/s, Materializing param=text_model.encoder.layers.1.layer_norm2.weight]
Loading weights:   6%|▌         | 24/408 [00:00<00:00, 642.43it/s, Materializing param=text_model.encoder.layers.1.layer_norm2.weight]
Loading weights:   6%|▌         | 25/408 [00:00<00:00, 664.87it/s, Materializing param=text_model.encoder.layers.1.mlp.fc1.bias]      
Loading weights:   6%|▌         | 25/408 [00:00<00:00, 662.52it/s, Materializing param=text_model.encoder.layers.1.mlp.fc1.bias]
Loading weights:   6%|▋         | 26/408 [00:00<00:00, 656.49it/s, Materializing param=text_model.encoder.layers.1.mlp.fc1.weight]
Loading weights:   6%|▋         | 26/408 [00:00<00:00, 653.94it/s, Materializing param=text_model.encoder.layers.1.mlp.fc1.weight]
Loading weights:   7%|▋         | 27/408 [00:00<00:00, 636.82it/s, Materializing param=text_model.encoder.layers.1.mlp.fc2.bias]  
Loading weights:   7%|▋         | 27/408 [00:00<00:00, 634.99it/s, Materializing param=text_model.encoder.layers.1.mlp.fc2.bias]
Loading weights:   7%|▋         | 28/408 [00:00<00:00, 621.46it/s, Materializing param=text_model.encoder.layers.1.mlp.fc2.weight]
Loading weights:   7%|▋         | 28/408 [00:00<00:00, 619.79it/s, Materializing param=text_model.encoder.layers.1.mlp.fc2.weight]
Loading weights:   7%|▋         | 29/408 [00:00<00:00, 630.90it/s, Materializing param=text_model.encoder.layers.1.self_attn.k_proj.bias]
Loading weights:   7%|▋         | 29/408 [00:00<00:00, 627.16it/s, Materializing param=text_model.encoder.layers.1.self_attn.k_proj.bias]
Loading weights:   7%|▋         | 30/408 [00:00<00:00, 644.57it/s, Materializing param=text_model.encoder.layers.1.self_attn.k_proj.weight]
Loading weights:   7%|▋         | 30/408 [00:00<00:00, 642.84it/s, Materializing param=text_model.encoder.layers.1.self_attn.k_proj.weight]
Loading weights:   8%|▊         | 31/408 [00:00<00:00, 635.92it/s, Materializing param=text_model.encoder.layers.1.self_attn.out_proj.bias]
Loading weights:   8%|▊         | 31/408 [00:00<00:00, 634.11it/s, Materializing param=text_model.encoder.layers.1.self_attn.out_proj.bias]
Loading weights:   8%|▊         | 32/408 [00:00<00:00, 649.05it/s, Materializing param=text_model.encoder.layers.1.self_attn.out_proj.weight]
Loading weights:   8%|▊         | 32/408 [00:00<00:00, 647.47it/s, Materializing param=text_model.encoder.layers.1.self_attn.out_proj.weight]
Loading weights:   8%|▊         | 33/408 [00:00<00:00, 665.04it/s, Materializing param=text_model.encoder.layers.1.self_attn.q_proj.bias]    
Loading weights:   8%|▊         | 33/408 [00:00<00:00, 663.64it/s, Materializing param=text_model.encoder.layers.1.self_attn.q_proj.bias]
Loading weights:   8%|▊         | 34/408 [00:00<00:00, 647.46it/s, Materializing param=text_model.encoder.layers.1.self_attn.q_proj.weight]
Loading weights:   8%|▊         | 34/408 [00:00<00:00, 645.99it/s, Materializing param=text_model.encoder.layers.1.self_attn.q_proj.weight]
Loading weights:   9%|▊         | 35/408 [00:00<00:00, 645.45it/s, Materializing param=text_model.encoder.layers.1.self_attn.v_proj.bias]  
Loading weights:   9%|▊         | 35/408 [00:00<00:00, 641.48it/s, Materializing param=text_model.encoder.layers.1.self_attn.v_proj.bias]
Loading weights:   9%|▉         | 36/408 [00:00<00:00, 637.95it/s, Materializing param=text_model.encoder.layers.1.self_attn.v_proj.weight]
Loading weights:   9%|▉         | 36/408 [00:00<00:00, 636.48it/s, Materializing param=text_model.encoder.layers.1.self_attn.v_proj.weight]
Loading weights:   9%|▉         | 37/408 [00:00<00:00, 638.54it/s, Materializing param=text_model.encoder.layers.2.layer_norm1.bias]       
Loading weights:   9%|▉         | 37/408 [00:00<00:00, 637.22it/s, Materializing param=text_model.encoder.layers.2.layer_norm1.bias]
Loading weights:   9%|▉         | 38/408 [00:00<00:00, 650.37it/s, Materializing param=text_model.encoder.layers.2.layer_norm1.weight]
Loading weights:   9%|▉         | 38/408 [00:00<00:00, 647.85it/s, Materializing param=text_model.encoder.layers.2.layer_norm1.weight]
Loading weights:  10%|▉         | 39/408 [00:00<00:00, 655.55it/s, Materializing param=text_model.encoder.layers.2.layer_norm2.bias]  
Loading weights:  10%|▉         | 39/408 [00:00<00:00, 654.07it/s, Materializing param=text_model.encoder.layers.2.layer_norm2.bias]
Loading weights:  10%|▉         | 40/408 [00:00<00:00, 655.06it/s, Materializing param=text_model.encoder.layers.2.layer_norm2.weight]
Loading weights:  10%|▉         | 40/408 [00:00<00:00, 653.72it/s, Materializing param=text_model.encoder.layers.2.layer_norm2.weight]
Loading weights:  10%|█         | 41/408 [00:00<00:00, 650.77it/s, Materializing param=text_model.encoder.layers.2.mlp.fc1.bias]      
Loading weights:  10%|█         | 41/408 [00:00<00:00, 649.43it/s, Materializing param=text_model.encoder.layers.2.mlp.fc1.bias]
Loading weights:  10%|█         | 42/408 [00:00<00:00, 654.69it/s, Materializing param=text_model.encoder.layers.2.mlp.fc1.weight]
Loading weights:  10%|█         | 42/408 [00:00<00:00, 653.57it/s, Materializing param=text_model.encoder.layers.2.mlp.fc1.weight]
Loading weights:  11%|█         | 43/408 [00:00<00:00, 666.35it/s, Materializing param=text_model.encoder.layers.2.mlp.fc2.bias]  
Loading weights:  11%|█         | 43/408 [00:00<00:00, 665.18it/s, Materializing param=text_model.encoder.layers.2.mlp.fc2.bias]
Loading weights:  11%|█         | 44/408 [00:00<00:00, 668.04it/s, Materializing param=text_model.encoder.layers.2.mlp.fc2.weight]
Loading weights:  11%|█         | 44/408 [00:00<00:00, 666.81it/s, Materializing param=text_model.encoder.layers.2.mlp.fc2.weight]
Loading weights:  11%|█         | 45/408 [00:00<00:00, 676.62it/s, Materializing param=text_model.encoder.layers.2.self_attn.k_proj.bias]
Loading weights:  11%|█         | 45/408 [00:00<00:00, 675.29it/s, Materializing param=text_model.encoder.layers.2.self_attn.k_proj.bias]
Loading weights:  11%|█▏        | 46/408 [00:00<00:00, 687.77it/s, Materializing param=text_model.encoder.layers.2.self_attn.k_proj.weight]
Loading weights:  11%|█▏        | 46/408 [00:00<00:00, 686.62it/s, Materializing param=text_model.encoder.layers.2.self_attn.k_proj.weight]
Loading weights:  12%|█▏        | 47/408 [00:00<00:00, 689.81it/s, Materializing param=text_model.encoder.layers.2.self_attn.out_proj.bias]
Loading weights:  12%|█▏        | 47/408 [00:00<00:00, 688.53it/s, Materializing param=text_model.encoder.layers.2.self_attn.out_proj.bias]
Loading weights:  12%|█▏        | 48/408 [00:00<00:00, 685.25it/s, Materializing param=text_model.encoder.layers.2.self_attn.out_proj.weight]
Loading weights:  12%|█▏        | 48/408 [00:00<00:00, 675.09it/s, Materializing param=text_model.encoder.layers.2.self_attn.out_proj.weight]
Loading weights:  12%|█▏        | 49/408 [00:00<00:00, 680.31it/s, Materializing param=text_model.encoder.layers.2.self_attn.q_proj.bias]    
Loading weights:  12%|█▏        | 49/408 [00:00<00:00, 679.09it/s, Materializing param=text_model.encoder.layers.2.self_attn.q_proj.bias]
Loading weights:  12%|█▏        | 50/408 [00:00<00:00, 675.37it/s, Materializing param=text_model.encoder.layers.2.self_attn.q_proj.weight]
Loading weights:  12%|█▏        | 50/408 [00:00<00:00, 670.27it/s, Materializing param=text_model.encoder.layers.2.self_attn.q_proj.weight]
Loading weights:  12%|█▎        | 51/408 [00:00<00:00, 678.91it/s, Materializing param=text_model.encoder.layers.2.self_attn.v_proj.bias]  
Loading weights:  12%|█▎        | 51/408 [00:00<00:00, 669.74it/s, Materializing param=text_model.encoder.layers.2.self_attn.v_proj.bias]
Loading weights:  13%|█▎        | 52/408 [00:00<00:00, 674.45it/s, Materializing param=text_model.encoder.layers.2.self_attn.v_proj.weight]
Loading weights:  13%|█▎        | 52/408 [00:00<00:00, 673.42it/s, Materializing param=text_model.encoder.layers.2.self_attn.v_proj.weight]
Loading weights:  13%|█▎        | 53/408 [00:00<00:00, 679.63it/s, Materializing param=text_model.encoder.layers.3.layer_norm1.bias]       
Loading weights:  13%|█▎        | 53/408 [00:00<00:00, 678.54it/s, Materializing param=text_model.encoder.layers.3.layer_norm1.bias]
Loading weights:  13%|█▎        | 54/408 [00:00<00:00, 687.43it/s, Materializing param=text_model.encoder.layers.3.layer_norm1.weight]
Loading weights:  13%|█▎        | 54/408 [00:00<00:00, 686.13it/s, Materializing param=text_model.encoder.layers.3.layer_norm1.weight]
Loading weights:  13%|█▎        | 55/408 [00:00<00:00, 690.89it/s, Materializing param=text_model.encoder.layers.3.layer_norm2.bias]  
Loading weights:  13%|█▎        | 55/408 [00:00<00:00, 687.09it/s, Materializing param=text_model.encoder.layers.3.layer_norm2.bias]
Loading weights:  14%|█▎        | 56/408 [00:00<00:00, 697.25it/s, Materializing param=text_model.encoder.layers.3.layer_norm2.weight]
Loading weights:  14%|█▎        | 56/408 [00:00<00:00, 690.71it/s, Materializing param=text_model.encoder.layers.3.layer_norm2.weight]
Loading weights:  14%|█▍        | 57/408 [00:00<00:00, 683.14it/s, Materializing param=text_model.encoder.layers.3.mlp.fc1.bias]      
Loading weights:  14%|█▍        | 57/408 [00:00<00:00, 681.86it/s, Materializing param=text_model.encoder.layers.3.mlp.fc1.bias]
Loading weights:  14%|█▍        | 58/408 [00:00<00:00, 691.16it/s, Materializing param=text_model.encoder.layers.3.mlp.fc1.weight]
Loading weights:  14%|█▍        | 58/408 [00:00<00:00, 688.00it/s, Materializing param=text_model.encoder.layers.3.mlp.fc1.weight]
Loading weights:  14%|█▍        | 59/408 [00:00<00:00, 691.64it/s, Materializing param=text_model.encoder.layers.3.mlp.fc2.bias]  
Loading weights:  14%|█▍        | 59/408 [00:00<00:00, 690.69it/s, Materializing param=text_model.encoder.layers.3.mlp.fc2.bias]
Loading weights:  15%|█▍        | 60/408 [00:00<00:00, 670.91it/s, Materializing param=text_model.encoder.layers.3.mlp.fc2.weight]
Loading weights:  15%|█▍        | 60/408 [00:00<00:00, 669.91it/s, Materializing param=text_model.encoder.layers.3.mlp.fc2.weight]
Loading weights:  15%|█▍        | 61/408 [00:00<00:00, 672.53it/s, Materializing param=text_model.encoder.layers.3.self_attn.k_proj.bias]
Loading weights:  15%|█▍        | 61/408 [00:00<00:00, 667.15it/s, Materializing param=text_model.encoder.layers.3.self_attn.k_proj.bias]
Loading weights:  15%|█▌        | 62/408 [00:00<00:00, 664.92it/s, Materializing param=text_model.encoder.layers.3.self_attn.k_proj.weight]
Loading weights:  15%|█▌        | 62/408 [00:00<00:00, 657.99it/s, Materializing param=text_model.encoder.layers.3.self_attn.k_proj.weight]
Loading weights:  15%|█▌        | 63/408 [00:00<00:00, 652.43it/s, Materializing param=text_model.encoder.layers.3.self_attn.out_proj.bias]
Loading weights:  15%|█▌        | 63/408 [00:00<00:00, 651.63it/s, Materializing param=text_model.encoder.layers.3.self_attn.out_proj.bias]
Loading weights:  16%|█▌        | 64/408 [00:00<00:00, 655.08it/s, Materializing param=text_model.encoder.layers.3.self_attn.out_proj.weight]
Loading weights:  16%|█▌        | 64/408 [00:00<00:00, 654.51it/s, Materializing param=text_model.encoder.layers.3.self_attn.out_proj.weight]
Loading weights:  16%|█▌        | 65/408 [00:00<00:00, 659.76it/s, Materializing param=text_model.encoder.layers.3.self_attn.q_proj.bias]    
Loading weights:  16%|█▌        | 65/408 [00:00<00:00, 658.88it/s, Materializing param=text_model.encoder.layers.3.self_attn.q_proj.bias]
Loading weights:  16%|█▌        | 66/408 [00:00<00:00, 665.38it/s, Materializing param=text_model.encoder.layers.3.self_attn.q_proj.weight]
Loading weights:  16%|█▌        | 66/408 [00:00<00:00, 664.50it/s, Materializing param=text_model.encoder.layers.3.self_attn.q_proj.weight]
Loading weights:  16%|█▋        | 67/408 [00:00<00:00, 668.96it/s, Materializing param=text_model.encoder.layers.3.self_attn.q_proj.weight]
Loading weights:  16%|█▋        | 67/408 [00:00<00:00, 668.96it/s, Materializing param=text_model.encoder.layers.3.self_attn.v_proj.bias]  
Loading weights:  16%|█▋        | 67/408 [00:00<00:00, 668.96it/s, Materializing param=text_model.encoder.layers.3.self_attn.v_proj.bias]
Loading weights:  17%|█▋        | 68/408 [00:00<00:00, 668.96it/s, Materializing param=text_model.encoder.layers.3.self_attn.v_proj.weight]
Loading weights:  17%|█▋        | 68/408 [00:00<00:00, 668.96it/s, Materializing param=text_model.encoder.layers.3.self_attn.v_proj.weight]
Loading weights:  17%|█▋        | 69/408 [00:00<00:00, 668.96it/s, Materializing param=text_model.encoder.layers.4.layer_norm1.bias]       
Loading weights:  17%|█▋        | 69/408 [00:00<00:00, 668.96it/s, Materializing param=text_model.encoder.layers.4.layer_norm1.bias]
Loading weights:  17%|█▋        | 70/408 [00:00<00:00, 668.96it/s, Materializing param=text_model.encoder.layers.4.layer_norm1.weight]
Loading weights:  17%|█▋        | 70/408 [00:00<00:00, 668.96it/s, Materializing param=text_model.encoder.layers.4.layer_norm1.weight]
Loading weights:  17%|█▋        | 71/408 [00:00<00:00, 668.96it/s, Materializing param=text_model.encoder.layers.4.layer_norm2.bias]  
Loading weights:  17%|█▋        | 71/408 [00:00<00:00, 668.96it/s, Materializing param=text_model.encoder.layers.4.layer_norm2.bias]
Loading weights:  18%|█▊        | 72/408 [00:00<00:00, 668.96it/s, Materializing param=text_model.encoder.layers.4.layer_norm2.weight]
Loading weights:  18%|█▊        | 72/408 [00:00<00:00, 668.96it/s, Materializing param=text_model.encoder.layers.4.layer_norm2.weight]
Loading weights:  18%|█▊        | 73/408 [00:00<00:00, 668.96it/s, Materializing param=text_model.encoder.layers.4.mlp.fc1.bias]      
Loading weights:  18%|█▊        | 73/408 [00:00<00:00, 668.96it/s, Materializing param=text_model.encoder.layers.4.mlp.fc1.bias]
Loading weights:  18%|█▊        | 74/408 [00:00<00:00, 668.96it/s, Materializing param=text_model.encoder.layers.4.mlp.fc1.weight]
Loading weights:  18%|█▊        | 74/408 [00:00<00:00, 668.96it/s, Materializing param=text_model.encoder.layers.4.mlp.fc1.weight]
Loading weights:  18%|█▊        | 75/408 [00:00<00:00, 668.96it/s, Materializing param=text_model.encoder.layers.4.mlp.fc2.bias]  
Loading weights:  18%|█▊        | 75/408 [00:00<00:00, 668.96it/s, Materializing param=text_model.encoder.layers.4.mlp.fc2.bias]
Loading weights:  19%|█▊        | 76/408 [00:00<00:00, 668.96it/s, Materializing param=text_model.encoder.layers.4.mlp.fc2.weight]
Loading weights:  19%|█▊        | 76/408 [00:00<00:00, 668.96it/s, Materializing param=text_model.encoder.layers.4.mlp.fc2.weight]
Loading weights:  19%|█▉        | 77/408 [00:00<00:00, 668.96it/s, Materializing param=text_model.encoder.layers.4.self_attn.k_proj.bias]
Loading weights:  19%|█▉        | 77/408 [00:00<00:00, 668.96it/s, Materializing param=text_model.encoder.layers.4.self_attn.k_proj.bias]
Loading weights:  19%|█▉        | 78/408 [00:00<00:00, 668.96it/s, Materializing param=text_model.encoder.layers.4.self_attn.k_proj.weight]
Loading weights:  19%|█▉        | 78/408 [00:00<00:00, 668.96it/s, Materializing param=text_model.encoder.layers.4.self_attn.k_proj.weight]
Loading weights:  19%|█▉        | 79/408 [00:00<00:00, 668.96it/s, Materializing param=text_model.encoder.layers.4.self_attn.out_proj.bias]
Loading weights:  19%|█▉        | 79/408 [00:00<00:00, 668.96it/s, Materializing param=text_model.encoder.layers.4.self_attn.out_proj.bias]
Loading weights:  20%|█▉        | 80/408 [00:00<00:00, 668.96it/s, Materializing param=text_model.encoder.layers.4.self_attn.out_proj.weight]
Loading weights:  20%|█▉        | 80/408 [00:00<00:00, 668.96it/s, Materializing param=text_model.encoder.layers.4.self_attn.out_proj.weight]
Loading weights:  20%|█▉        | 81/408 [00:00<00:00, 668.96it/s, Materializing param=text_model.encoder.layers.4.self_attn.q_proj.bias]    
Loading weights:  20%|█▉        | 81/408 [00:00<00:00, 668.96it/s, Materializing param=text_model.encoder.layers.4.self_attn.q_proj.bias]
Loading weights:  20%|██        | 82/408 [00:00<00:00, 668.96it/s, Materializing param=text_model.encoder.layers.4.self_attn.q_proj.weight]
Loading weights:  20%|██        | 82/408 [00:00<00:00, 668.96it/s, Materializing param=text_model.encoder.layers.4.self_attn.q_proj.weight]
Loading weights:  20%|██        | 83/408 [00:00<00:00, 668.96it/s, Materializing param=text_model.encoder.layers.4.self_attn.v_proj.bias]  
Loading weights:  20%|██        | 83/408 [00:00<00:00, 668.96it/s, Materializing param=text_model.encoder.layers.4.self_attn.v_proj.bias]
Loading weights:  21%|██        | 84/408 [00:00<00:00, 668.96it/s, Materializing param=text_model.encoder.layers.4.self_attn.v_proj.weight]
Loading weights:  21%|██        | 84/408 [00:00<00:00, 668.96it/s, Materializing param=text_model.encoder.layers.4.self_attn.v_proj.weight]
Loading weights:  21%|██        | 85/408 [00:00<00:00, 668.96it/s, Materializing param=text_model.encoder.layers.5.layer_norm1.bias]       
Loading weights:  21%|██        | 85/408 [00:00<00:00, 668.96it/s, Materializing param=text_model.encoder.layers.5.layer_norm1.bias]
Loading weights:  21%|██        | 86/408 [00:00<00:00, 668.96it/s, Materializing param=text_model.encoder.layers.5.layer_norm1.weight]
Loading weights:  21%|██        | 86/408 [00:00<00:00, 668.96it/s, Materializing param=text_model.encoder.layers.5.layer_norm1.weight]
Loading weights:  21%|██▏       | 87/408 [00:00<00:00, 668.96it/s, Materializing param=text_model.encoder.layers.5.layer_norm2.bias]  
Loading weights:  21%|██▏       | 87/408 [00:00<00:00, 668.96it/s, Materializing param=text_model.encoder.layers.5.layer_norm2.bias]
Loading weights:  22%|██▏       | 88/408 [00:00<00:00, 668.96it/s, Materializing param=text_model.encoder.layers.5.layer_norm2.weight]
Loading weights:  22%|██▏       | 88/408 [00:00<00:00, 668.96it/s, Materializing param=text_model.encoder.layers.5.layer_norm2.weight]
Loading weights:  22%|██▏       | 89/408 [00:00<00:00, 668.96it/s, Materializing param=text_model.encoder.layers.5.mlp.fc1.bias]      
Loading weights:  22%|██▏       | 89/408 [00:00<00:00, 668.96it/s, Materializing param=text_model.encoder.layers.5.mlp.fc1.bias]
Loading weights:  22%|██▏       | 90/408 [00:00<00:00, 668.96it/s, Materializing param=text_model.encoder.layers.5.mlp.fc1.weight]
Loading weights:  22%|██▏       | 90/408 [00:00<00:00, 668.96it/s, Materializing param=text_model.encoder.layers.5.mlp.fc1.weight]
Loading weights:  22%|██▏       | 91/408 [00:00<00:00, 668.96it/s, Materializing param=text_model.encoder.layers.5.mlp.fc2.bias]  
Loading weights:  22%|██▏       | 91/408 [00:00<00:00, 668.96it/s, Materializing param=text_model.encoder.layers.5.mlp.fc2.bias]
Loading weights:  23%|██▎       | 92/408 [00:00<00:00, 668.96it/s, Materializing param=text_model.encoder.layers.5.mlp.fc2.weight]
Loading weights:  23%|██▎       | 92/408 [00:00<00:00, 668.96it/s, Materializing param=text_model.encoder.layers.5.mlp.fc2.weight]
Loading weights:  23%|██▎       | 93/408 [00:00<00:00, 668.96it/s, Materializing param=text_model.encoder.layers.5.self_attn.k_proj.bias]
Loading weights:  23%|██▎       | 93/408 [00:00<00:00, 668.96it/s, Materializing param=text_model.encoder.layers.5.self_attn.k_proj.bias]
Loading weights:  23%|██▎       | 94/408 [00:00<00:00, 668.96it/s, Materializing param=text_model.encoder.layers.5.self_attn.k_proj.weight]
Loading weights:  23%|██▎       | 94/408 [00:00<00:00, 668.96it/s, Materializing param=text_model.encoder.layers.5.self_attn.k_proj.weight]
Loading weights:  23%|██▎       | 95/408 [00:00<00:00, 668.96it/s, Materializing param=text_model.encoder.layers.5.self_attn.out_proj.bias]
Loading weights:  23%|██▎       | 95/408 [00:00<00:00, 668.96it/s, Materializing param=text_model.encoder.layers.5.self_attn.out_proj.bias]
Loading weights:  24%|██▎       | 96/408 [00:00<00:00, 668.96it/s, Materializing param=text_model.encoder.layers.5.self_attn.out_proj.weight]
Loading weights:  24%|██▎       | 96/408 [00:00<00:00, 668.96it/s, Materializing param=text_model.encoder.layers.5.self_attn.out_proj.weight]
Loading weights:  24%|██▍       | 97/408 [00:00<00:00, 668.96it/s, Materializing param=text_model.encoder.layers.5.self_attn.q_proj.bias]    
Loading weights:  24%|██▍       | 97/408 [00:00<00:00, 668.96it/s, Materializing param=text_model.encoder.layers.5.self_attn.q_proj.bias]
Loading weights:  24%|██▍       | 98/408 [00:00<00:00, 668.96it/s, Materializing param=text_model.encoder.layers.5.self_attn.q_proj.weight]
Loading weights:  24%|██▍       | 98/408 [00:00<00:00, 668.96it/s, Materializing param=text_model.encoder.layers.5.self_attn.q_proj.weight]
Loading weights:  24%|██▍       | 99/408 [00:00<00:00, 668.96it/s, Materializing param=text_model.encoder.layers.5.self_attn.v_proj.bias]  
Loading weights:  24%|██▍       | 99/408 [00:00<00:00, 668.96it/s, Materializing param=text_model.encoder.layers.5.self_attn.v_proj.bias]
Loading weights:  25%|██▍       | 100/408 [00:00<00:00, 668.96it/s, Materializing param=text_model.encoder.layers.5.self_attn.v_proj.weight]
Loading weights:  25%|██▍       | 100/408 [00:00<00:00, 668.96it/s, Materializing param=text_model.encoder.layers.5.self_attn.v_proj.weight]
Loading weights:  25%|██▍       | 101/408 [00:00<00:00, 668.96it/s, Materializing param=text_model.encoder.layers.6.layer_norm1.bias]       
Loading weights:  25%|██▍       | 101/408 [00:00<00:00, 668.96it/s, Materializing param=text_model.encoder.layers.6.layer_norm1.bias]
Loading weights:  25%|██▌       | 102/408 [00:00<00:00, 668.96it/s, Materializing param=text_model.encoder.layers.6.layer_norm1.weight]
Loading weights:  25%|██▌       | 102/408 [00:00<00:00, 668.96it/s, Materializing param=text_model.encoder.layers.6.layer_norm1.weight]
Loading weights:  25%|██▌       | 103/408 [00:00<00:00, 668.96it/s, Materializing param=text_model.encoder.layers.6.layer_norm2.bias]  
Loading weights:  25%|██▌       | 103/408 [00:00<00:00, 668.96it/s, Materializing param=text_model.encoder.layers.6.layer_norm2.bias]
Loading weights:  25%|██▌       | 104/408 [00:00<00:00, 668.96it/s, Materializing param=text_model.encoder.layers.6.layer_norm2.weight]
Loading weights:  25%|██▌       | 104/408 [00:00<00:00, 668.96it/s, Materializing param=text_model.encoder.layers.6.layer_norm2.weight]
Loading weights:  26%|██▌       | 105/408 [00:00<00:00, 668.96it/s, Materializing param=text_model.encoder.layers.6.mlp.fc1.bias]      
Loading weights:  26%|██▌       | 105/408 [00:00<00:00, 668.96it/s, Materializing param=text_model.encoder.layers.6.mlp.fc1.bias]
Loading weights:  26%|██▌       | 106/408 [00:00<00:00, 668.96it/s, Materializing param=text_model.encoder.layers.6.mlp.fc1.weight]
Loading weights:  26%|██▌       | 106/408 [00:00<00:00, 668.96it/s, Materializing param=text_model.encoder.layers.6.mlp.fc1.weight]
Loading weights:  26%|██▌       | 107/408 [00:00<00:00, 668.96it/s, Materializing param=text_model.encoder.layers.6.mlp.fc2.bias]  
Loading weights:  26%|██▌       | 107/408 [00:00<00:00, 668.96it/s, Materializing param=text_model.encoder.layers.6.mlp.fc2.bias]
Loading weights:  26%|██▋       | 108/408 [00:00<00:00, 668.96it/s, Materializing param=text_model.encoder.layers.6.mlp.fc2.weight]
Loading weights:  26%|██▋       | 108/408 [00:00<00:00, 668.96it/s, Materializing param=text_model.encoder.layers.6.mlp.fc2.weight]
Loading weights:  27%|██▋       | 109/408 [00:00<00:00, 668.96it/s, Materializing param=text_model.encoder.layers.6.self_attn.k_proj.bias]
Loading weights:  27%|██▋       | 109/408 [00:00<00:00, 668.96it/s, Materializing param=text_model.encoder.layers.6.self_attn.k_proj.bias]
Loading weights:  27%|██▋       | 110/408 [00:00<00:00, 668.96it/s, Materializing param=text_model.encoder.layers.6.self_attn.k_proj.weight]
Loading weights:  27%|██▋       | 110/408 [00:00<00:00, 668.96it/s, Materializing param=text_model.encoder.layers.6.self_attn.k_proj.weight]
Loading weights:  27%|██▋       | 111/408 [00:00<00:00, 668.96it/s, Materializing param=text_model.encoder.layers.6.self_attn.out_proj.bias]
Loading weights:  27%|██▋       | 111/408 [00:00<00:00, 668.96it/s, Materializing param=text_model.encoder.layers.6.self_attn.out_proj.bias]
Loading weights:  27%|██▋       | 112/408 [00:00<00:00, 668.96it/s, Materializing param=text_model.encoder.layers.6.self_attn.out_proj.weight]
Loading weights:  27%|██▋       | 112/408 [00:00<00:00, 668.96it/s, Materializing param=text_model.encoder.layers.6.self_attn.out_proj.weight]
Loading weights:  28%|██▊       | 113/408 [00:00<00:00, 668.96it/s, Materializing param=text_model.encoder.layers.6.self_attn.q_proj.bias]    
Loading weights:  28%|██▊       | 113/408 [00:00<00:00, 668.96it/s, Materializing param=text_model.encoder.layers.6.self_attn.q_proj.bias]
Loading weights:  28%|██▊       | 114/408 [00:00<00:00, 668.96it/s, Materializing param=text_model.encoder.layers.6.self_attn.q_proj.weight]
Loading weights:  28%|██▊       | 114/408 [00:00<00:00, 668.96it/s, Materializing param=text_model.encoder.layers.6.self_attn.q_proj.weight]
Loading weights:  28%|██▊       | 115/408 [00:00<00:00, 668.96it/s, Materializing param=text_model.encoder.layers.6.self_attn.v_proj.bias]  
Loading weights:  28%|██▊       | 115/408 [00:00<00:00, 668.96it/s, Materializing param=text_model.encoder.layers.6.self_attn.v_proj.bias]
Loading weights:  28%|██▊       | 116/408 [00:00<00:00, 668.96it/s, Materializing param=text_model.encoder.layers.6.self_attn.v_proj.weight]
Loading weights:  28%|██▊       | 116/408 [00:00<00:00, 668.96it/s, Materializing param=text_model.encoder.layers.6.self_attn.v_proj.weight]
Loading weights:  29%|██▊       | 117/408 [00:00<00:00, 668.96it/s, Materializing param=text_model.encoder.layers.7.layer_norm1.bias]       
Loading weights:  29%|██▊       | 117/408 [00:00<00:00, 668.96it/s, Materializing param=text_model.encoder.layers.7.layer_norm1.bias]
Loading weights:  29%|██▉       | 118/408 [00:00<00:00, 668.96it/s, Materializing param=text_model.encoder.layers.7.layer_norm1.weight]
Loading weights:  29%|██▉       | 118/408 [00:00<00:00, 668.96it/s, Materializing param=text_model.encoder.layers.7.layer_norm1.weight]
Loading weights:  29%|██▉       | 119/408 [00:00<00:00, 668.96it/s, Materializing param=text_model.encoder.layers.7.layer_norm2.bias]  
Loading weights:  29%|██▉       | 119/408 [00:00<00:00, 668.96it/s, Materializing param=text_model.encoder.layers.7.layer_norm2.bias]
Loading weights:  29%|██▉       | 120/408 [00:00<00:00, 668.96it/s, Materializing param=text_model.encoder.layers.7.layer_norm2.weight]
Loading weights:  29%|██▉       | 120/408 [00:00<00:00, 668.96it/s, Materializing param=text_model.encoder.layers.7.layer_norm2.weight]
Loading weights:  30%|██▉       | 121/408 [00:00<00:00, 668.96it/s, Materializing param=text_model.encoder.layers.7.mlp.fc1.bias]      
Loading weights:  30%|██▉       | 121/408 [00:00<00:00, 668.96it/s, Materializing param=text_model.encoder.layers.7.mlp.fc1.bias]
Loading weights:  30%|██▉       | 122/408 [00:00<00:00, 668.96it/s, Materializing param=text_model.encoder.layers.7.mlp.fc1.weight]
Loading weights:  30%|██▉       | 122/408 [00:00<00:00, 668.96it/s, Materializing param=text_model.encoder.layers.7.mlp.fc1.weight]
Loading weights:  30%|███       | 123/408 [00:00<00:00, 668.96it/s, Materializing param=text_model.encoder.layers.7.mlp.fc2.bias]  
Loading weights:  30%|███       | 123/408 [00:00<00:00, 668.96it/s, Materializing param=text_model.encoder.layers.7.mlp.fc2.bias]
Loading weights:  30%|███       | 124/408 [00:00<00:00, 668.96it/s, Materializing param=text_model.encoder.layers.7.mlp.fc2.weight]
Loading weights:  30%|███       | 124/408 [00:00<00:00, 668.96it/s, Materializing param=text_model.encoder.layers.7.mlp.fc2.weight]
Loading weights:  31%|███       | 125/408 [00:00<00:00, 668.96it/s, Materializing param=text_model.encoder.layers.7.self_attn.k_proj.bias]
Loading weights:  31%|███       | 125/408 [00:00<00:00, 668.96it/s, Materializing param=text_model.encoder.layers.7.self_attn.k_proj.bias]
Loading weights:  31%|███       | 126/408 [00:00<00:00, 668.96it/s, Materializing param=text_model.encoder.layers.7.self_attn.k_proj.weight]
Loading weights:  31%|███       | 126/408 [00:00<00:00, 668.96it/s, Materializing param=text_model.encoder.layers.7.self_attn.k_proj.weight]
Loading weights:  31%|███       | 127/408 [00:00<00:00, 668.96it/s, Materializing param=text_model.encoder.layers.7.self_attn.out_proj.bias]
Loading weights:  31%|███       | 127/408 [00:00<00:00, 668.96it/s, Materializing param=text_model.encoder.layers.7.self_attn.out_proj.bias]
Loading weights:  31%|███▏      | 128/408 [00:00<00:00, 668.96it/s, Materializing param=text_model.encoder.layers.7.self_attn.out_proj.weight]
Loading weights:  31%|███▏      | 128/408 [00:00<00:00, 668.96it/s, Materializing param=text_model.encoder.layers.7.self_attn.out_proj.weight]
Loading weights:  32%|███▏      | 129/408 [00:00<00:00, 668.96it/s, Materializing param=text_model.encoder.layers.7.self_attn.q_proj.bias]    
Loading weights:  32%|███▏      | 129/408 [00:00<00:00, 668.96it/s, Materializing param=text_model.encoder.layers.7.self_attn.q_proj.bias]
Loading weights:  32%|███▏      | 130/408 [00:00<00:00, 668.96it/s, Materializing param=text_model.encoder.layers.7.self_attn.q_proj.weight]
Loading weights:  32%|███▏      | 130/408 [00:00<00:00, 668.96it/s, Materializing param=text_model.encoder.layers.7.self_attn.q_proj.weight]
Loading weights:  32%|███▏      | 131/408 [00:00<00:00, 668.96it/s, Materializing param=text_model.encoder.layers.7.self_attn.v_proj.bias]  
Loading weights:  32%|███▏      | 131/408 [00:00<00:00, 668.96it/s, Materializing param=text_model.encoder.layers.7.self_attn.v_proj.bias]
Loading weights:  32%|███▏      | 132/408 [00:00<00:00, 668.96it/s, Materializing param=text_model.encoder.layers.7.self_attn.v_proj.weight]
Loading weights:  32%|███▏      | 132/408 [00:00<00:00, 668.96it/s, Materializing param=text_model.encoder.layers.7.self_attn.v_proj.weight]
Loading weights:  33%|███▎      | 133/408 [00:00<00:00, 668.96it/s, Materializing param=text_model.encoder.layers.8.layer_norm1.bias]       
Loading weights:  33%|███▎      | 133/408 [00:00<00:00, 668.96it/s, Materializing param=text_model.encoder.layers.8.layer_norm1.bias]
Loading weights:  33%|███▎      | 134/408 [00:00<00:00, 668.96it/s, Materializing param=text_model.encoder.layers.8.layer_norm1.weight]
Loading weights:  33%|███▎      | 134/408 [00:00<00:00, 668.96it/s, Materializing param=text_model.encoder.layers.8.layer_norm1.weight]
Loading weights:  33%|███▎      | 135/408 [00:00<00:00, 668.96it/s, Materializing param=text_model.encoder.layers.8.layer_norm2.bias]  
Loading weights:  33%|███▎      | 135/408 [00:00<00:00, 668.96it/s, Materializing param=text_model.encoder.layers.8.layer_norm2.bias]
Loading weights:  33%|███▎      | 136/408 [00:00<00:00, 668.96it/s, Materializing param=text_model.encoder.layers.8.layer_norm2.weight]
Loading weights:  33%|███▎      | 136/408 [00:00<00:00, 668.96it/s, Materializing param=text_model.encoder.layers.8.layer_norm2.weight]
Loading weights:  34%|███▎      | 137/408 [00:00<00:00, 668.96it/s, Materializing param=text_model.encoder.layers.8.mlp.fc1.bias]      
Loading weights:  34%|███▎      | 137/408 [00:00<00:00, 668.96it/s, Materializing param=text_model.encoder.layers.8.mlp.fc1.bias]
Loading weights:  34%|███▍      | 138/408 [00:00<00:00, 668.96it/s, Materializing param=text_model.encoder.layers.8.mlp.fc1.weight]
Loading weights:  34%|███▍      | 138/408 [00:00<00:00, 668.96it/s, Materializing param=text_model.encoder.layers.8.mlp.fc1.weight]
Loading weights:  34%|███▍      | 139/408 [00:00<00:00, 668.96it/s, Materializing param=text_model.encoder.layers.8.mlp.fc2.bias]  
Loading weights:  34%|███▍      | 139/408 [00:00<00:00, 668.96it/s, Materializing param=text_model.encoder.layers.8.mlp.fc2.bias]
Loading weights:  34%|███▍      | 140/408 [00:00<00:00, 668.96it/s, Materializing param=text_model.encoder.layers.8.mlp.fc2.weight]
Loading weights:  34%|███▍      | 140/408 [00:00<00:00, 668.96it/s, Materializing param=text_model.encoder.layers.8.mlp.fc2.weight]
Loading weights:  35%|███▍      | 141/408 [00:00<00:00, 668.96it/s, Materializing param=text_model.encoder.layers.8.self_attn.k_proj.bias]
Loading weights:  35%|███▍      | 141/408 [00:00<00:00, 668.96it/s, Materializing param=text_model.encoder.layers.8.self_attn.k_proj.bias]
Loading weights:  35%|███▍      | 142/408 [00:00<00:00, 668.96it/s, Materializing param=text_model.encoder.layers.8.self_attn.k_proj.weight]
Loading weights:  35%|███▍      | 142/408 [00:00<00:00, 668.96it/s, Materializing param=text_model.encoder.layers.8.self_attn.k_proj.weight]
Loading weights:  35%|███▌      | 143/408 [00:00<00:00, 668.96it/s, Materializing param=text_model.encoder.layers.8.self_attn.out_proj.bias]
Loading weights:  35%|███▌      | 143/408 [00:00<00:00, 668.96it/s, Materializing param=text_model.encoder.layers.8.self_attn.out_proj.bias]
Loading weights:  35%|███▌      | 144/408 [00:00<00:00, 668.96it/s, Materializing param=text_model.encoder.layers.8.self_attn.out_proj.weight]
Loading weights:  35%|███▌      | 144/408 [00:00<00:00, 668.96it/s, Materializing param=text_model.encoder.layers.8.self_attn.out_proj.weight]
Loading weights:  36%|███▌      | 145/408 [00:00<00:00, 668.96it/s, Materializing param=text_model.encoder.layers.8.self_attn.q_proj.bias]    
Loading weights:  36%|███▌      | 145/408 [00:00<00:00, 668.96it/s, Materializing param=text_model.encoder.layers.8.self_attn.q_proj.bias]
Loading weights:  36%|███▌      | 146/408 [00:00<00:00, 668.96it/s, Materializing param=text_model.encoder.layers.8.self_attn.q_proj.weight]
Loading weights:  36%|███▌      | 146/408 [00:00<00:00, 668.96it/s, Materializing param=text_model.encoder.layers.8.self_attn.q_proj.weight]
Loading weights:  36%|███▌      | 147/408 [00:00<00:00, 668.96it/s, Materializing param=text_model.encoder.layers.8.self_attn.v_proj.bias]  
Loading weights:  36%|███▌      | 147/408 [00:00<00:00, 668.96it/s, Materializing param=text_model.encoder.layers.8.self_attn.v_proj.bias]
Loading weights:  36%|███▋      | 148/408 [00:00<00:00, 668.96it/s, Materializing param=text_model.encoder.layers.8.self_attn.v_proj.weight]
Loading weights:  36%|███▋      | 148/408 [00:00<00:00, 668.96it/s, Materializing param=text_model.encoder.layers.8.self_attn.v_proj.weight]
Loading weights:  37%|███▋      | 149/408 [00:00<00:00, 668.96it/s, Materializing param=text_model.encoder.layers.9.layer_norm1.bias]       
Loading weights:  37%|███▋      | 149/408 [00:00<00:00, 668.96it/s, Materializing param=text_model.encoder.layers.9.layer_norm1.bias]
Loading weights:  37%|███▋      | 150/408 [00:00<00:00, 668.96it/s, Materializing param=text_model.encoder.layers.9.layer_norm1.weight]
Loading weights:  37%|███▋      | 150/408 [00:00<00:00, 668.96it/s, Materializing param=text_model.encoder.layers.9.layer_norm1.weight]
Loading weights:  37%|███▋      | 151/408 [00:00<00:00, 668.96it/s, Materializing param=text_model.encoder.layers.9.layer_norm2.bias]  
Loading weights:  37%|███▋      | 151/408 [00:00<00:00, 668.96it/s, Materializing param=text_model.encoder.layers.9.layer_norm2.bias]
Loading weights:  37%|███▋      | 152/408 [00:00<00:00, 668.96it/s, Materializing param=text_model.encoder.layers.9.layer_norm2.weight]
Loading weights:  37%|███▋      | 152/408 [00:00<00:00, 668.96it/s, Materializing param=text_model.encoder.layers.9.layer_norm2.weight]
Loading weights:  38%|███▊      | 153/408 [00:00<00:00, 668.96it/s, Materializing param=text_model.encoder.layers.9.mlp.fc1.bias]      
Loading weights:  38%|███▊      | 153/408 [00:00<00:00, 668.96it/s, Materializing param=text_model.encoder.layers.9.mlp.fc1.bias]
Loading weights:  38%|███▊      | 154/408 [00:00<00:00, 668.96it/s, Materializing param=text_model.encoder.layers.9.mlp.fc1.weight]
Loading weights:  38%|███▊      | 154/408 [00:00<00:00, 668.96it/s, Materializing param=text_model.encoder.layers.9.mlp.fc1.weight]
Loading weights:  38%|███▊      | 155/408 [00:00<00:00, 668.96it/s, Materializing param=text_model.encoder.layers.9.mlp.fc2.bias]  
Loading weights:  38%|███▊      | 155/408 [00:00<00:00, 668.96it/s, Materializing param=text_model.encoder.layers.9.mlp.fc2.bias]
Loading weights:  38%|███▊      | 156/408 [00:00<00:00, 668.96it/s, Materializing param=text_model.encoder.layers.9.mlp.fc2.weight]
Loading weights:  38%|███▊      | 156/408 [00:00<00:00, 668.96it/s, Materializing param=text_model.encoder.layers.9.mlp.fc2.weight]
Loading weights:  38%|███▊      | 157/408 [00:00<00:00, 668.96it/s, Materializing param=text_model.encoder.layers.9.self_attn.k_proj.bias]
Loading weights:  38%|███▊      | 157/408 [00:00<00:00, 668.96it/s, Materializing param=text_model.encoder.layers.9.self_attn.k_proj.bias]
Loading weights:  39%|███▊      | 158/408 [00:00<00:00, 668.96it/s, Materializing param=text_model.encoder.layers.9.self_attn.k_proj.weight]
Loading weights:  39%|███▊      | 158/408 [00:00<00:00, 668.96it/s, Materializing param=text_model.encoder.layers.9.self_attn.k_proj.weight]
Loading weights:  39%|███▉      | 159/408 [00:00<00:00, 668.96it/s, Materializing param=text_model.encoder.layers.9.self_attn.out_proj.bias]
Loading weights:  39%|███▉      | 159/408 [00:00<00:00, 668.96it/s, Materializing param=text_model.encoder.layers.9.self_attn.out_proj.bias]
Loading weights:  39%|███▉      | 160/408 [00:00<00:00, 668.96it/s, Materializing param=text_model.encoder.layers.9.self_attn.out_proj.weight]
Loading weights:  39%|███▉      | 160/408 [00:00<00:00, 668.96it/s, Materializing param=text_model.encoder.layers.9.self_attn.out_proj.weight]
Loading weights:  39%|███▉      | 161/408 [00:00<00:00, 668.96it/s, Materializing param=text_model.encoder.layers.9.self_attn.q_proj.bias]    
Loading weights:  39%|███▉      | 161/408 [00:00<00:00, 668.96it/s, Materializing param=text_model.encoder.layers.9.self_attn.q_proj.bias]
Loading weights:  40%|███▉      | 162/408 [00:00<00:00, 668.96it/s, Materializing param=text_model.encoder.layers.9.self_attn.q_proj.weight]
Loading weights:  40%|███▉      | 162/408 [00:00<00:00, 668.96it/s, Materializing param=text_model.encoder.layers.9.self_attn.q_proj.weight]
Loading weights:  40%|███▉      | 163/408 [00:00<00:00, 668.96it/s, Materializing param=text_model.encoder.layers.9.self_attn.v_proj.bias]  
Loading weights:  40%|███▉      | 163/408 [00:00<00:00, 668.96it/s, Materializing param=text_model.encoder.layers.9.self_attn.v_proj.bias]
Loading weights:  40%|████      | 164/408 [00:00<00:00, 668.96it/s, Materializing param=text_model.encoder.layers.9.self_attn.v_proj.weight]
Loading weights:  40%|████      | 164/408 [00:00<00:00, 668.96it/s, Materializing param=text_model.encoder.layers.9.self_attn.v_proj.weight]
Loading weights:  40%|████      | 165/408 [00:00<00:00, 668.96it/s, Materializing param=text_model.encoder.layers.10.layer_norm1.bias]      
Loading weights:  40%|████      | 165/408 [00:00<00:00, 668.96it/s, Materializing param=text_model.encoder.layers.10.layer_norm1.bias]
Loading weights:  41%|████      | 166/408 [00:00<00:00, 668.96it/s, Materializing param=text_model.encoder.layers.10.layer_norm1.weight]
Loading weights:  41%|████      | 166/408 [00:00<00:00, 668.96it/s, Materializing param=text_model.encoder.layers.10.layer_norm1.weight]
Loading weights:  41%|████      | 167/408 [00:00<00:00, 668.96it/s, Materializing param=text_model.encoder.layers.10.layer_norm2.bias]  
Loading weights:  41%|████      | 167/408 [00:00<00:00, 668.96it/s, Materializing param=text_model.encoder.layers.10.layer_norm2.bias]
Loading weights:  41%|████      | 168/408 [00:00<00:00, 668.96it/s, Materializing param=text_model.encoder.layers.10.layer_norm2.weight]
Loading weights:  41%|████      | 168/408 [00:00<00:00, 668.96it/s, Materializing param=text_model.encoder.layers.10.layer_norm2.weight]
Loading weights:  41%|████▏     | 169/408 [00:00<00:00, 668.96it/s, Materializing param=text_model.encoder.layers.10.mlp.fc1.bias]      
Loading weights:  41%|████▏     | 169/408 [00:00<00:00, 668.96it/s, Materializing param=text_model.encoder.layers.10.mlp.fc1.bias]
Loading weights:  42%|████▏     | 170/408 [00:00<00:00, 668.96it/s, Materializing param=text_model.encoder.layers.10.mlp.fc1.weight]
Loading weights:  42%|████▏     | 170/408 [00:00<00:00, 668.96it/s, Materializing param=text_model.encoder.layers.10.mlp.fc1.weight]
Loading weights:  42%|████▏     | 171/408 [00:00<00:00, 668.96it/s, Materializing param=text_model.encoder.layers.10.mlp.fc2.bias]  
Loading weights:  42%|████▏     | 171/408 [00:00<00:00, 668.96it/s, Materializing param=text_model.encoder.layers.10.mlp.fc2.bias]
Loading weights:  42%|████▏     | 172/408 [00:00<00:00, 668.96it/s, Materializing param=text_model.encoder.layers.10.mlp.fc2.weight]
Loading weights:  42%|████▏     | 172/408 [00:00<00:00, 668.96it/s, Materializing param=text_model.encoder.layers.10.mlp.fc2.weight]
Loading weights:  42%|████▏     | 173/408 [00:00<00:00, 668.96it/s, Materializing param=text_model.encoder.layers.10.self_attn.k_proj.bias]
Loading weights:  42%|████▏     | 173/408 [00:00<00:00, 668.96it/s, Materializing param=text_model.encoder.layers.10.self_attn.k_proj.bias]
Loading weights:  43%|████▎     | 174/408 [00:00<00:00, 668.96it/s, Materializing param=text_model.encoder.layers.10.self_attn.k_proj.weight]
Loading weights:  43%|████▎     | 174/408 [00:00<00:00, 668.96it/s, Materializing param=text_model.encoder.layers.10.self_attn.k_proj.weight]
Loading weights:  43%|████▎     | 175/408 [00:00<00:00, 668.96it/s, Materializing param=text_model.encoder.layers.10.self_attn.out_proj.bias]
Loading weights:  43%|████▎     | 175/408 [00:00<00:00, 668.96it/s, Materializing param=text_model.encoder.layers.10.self_attn.out_proj.bias]
Loading weights:  43%|████▎     | 176/408 [00:00<00:00, 668.96it/s, Materializing param=text_model.encoder.layers.10.self_attn.out_proj.weight]
Loading weights:  43%|████▎     | 176/408 [00:00<00:00, 668.96it/s, Materializing param=text_model.encoder.layers.10.self_attn.out_proj.weight]
Loading weights:  43%|████▎     | 177/408 [00:00<00:00, 668.96it/s, Materializing param=text_model.encoder.layers.10.self_attn.q_proj.bias]    
Loading weights:  43%|████▎     | 177/408 [00:00<00:00, 668.96it/s, Materializing param=text_model.encoder.layers.10.self_attn.q_proj.bias]
Loading weights:  44%|████▎     | 178/408 [00:00<00:00, 668.96it/s, Materializing param=text_model.encoder.layers.10.self_attn.q_proj.weight]
Loading weights:  44%|████▎     | 178/408 [00:00<00:00, 668.96it/s, Materializing param=text_model.encoder.layers.10.self_attn.q_proj.weight]
Loading weights:  44%|████▍     | 179/408 [00:00<00:00, 668.96it/s, Materializing param=text_model.encoder.layers.10.self_attn.v_proj.bias]  
Loading weights:  44%|████▍     | 179/408 [00:00<00:00, 668.96it/s, Materializing param=text_model.encoder.layers.10.self_attn.v_proj.bias]
Loading weights:  44%|████▍     | 180/408 [00:00<00:00, 668.96it/s, Materializing param=text_model.encoder.layers.10.self_attn.v_proj.weight]
Loading weights:  44%|████▍     | 180/408 [00:00<00:00, 668.96it/s, Materializing param=text_model.encoder.layers.10.self_attn.v_proj.weight]
Loading weights:  44%|████▍     | 181/408 [00:00<00:00, 668.96it/s, Materializing param=text_model.encoder.layers.11.layer_norm1.bias]       
Loading weights:  44%|████▍     | 181/408 [00:00<00:00, 668.96it/s, Materializing param=text_model.encoder.layers.11.layer_norm1.bias]
Loading weights:  45%|████▍     | 182/408 [00:00<00:00, 668.96it/s, Materializing param=text_model.encoder.layers.11.layer_norm1.weight]
Loading weights:  45%|████▍     | 182/408 [00:00<00:00, 668.96it/s, Materializing param=text_model.encoder.layers.11.layer_norm1.weight]
Loading weights:  45%|████▍     | 183/408 [00:00<00:00, 668.96it/s, Materializing param=text_model.encoder.layers.11.layer_norm2.bias]  
Loading weights:  45%|████▍     | 183/408 [00:00<00:00, 668.96it/s, Materializing param=text_model.encoder.layers.11.layer_norm2.bias]
Loading weights:  45%|████▌     | 184/408 [00:00<00:00, 668.96it/s, Materializing param=text_model.encoder.layers.11.layer_norm2.weight]
Loading weights:  45%|████▌     | 184/408 [00:00<00:00, 668.96it/s, Materializing param=text_model.encoder.layers.11.layer_norm2.weight]
Loading weights:  45%|████▌     | 185/408 [00:00<00:00, 668.96it/s, Materializing param=text_model.encoder.layers.11.mlp.fc1.bias]      
Loading weights:  45%|████▌     | 185/408 [00:00<00:00, 668.96it/s, Materializing param=text_model.encoder.layers.11.mlp.fc1.bias]
Loading weights:  46%|████▌     | 186/408 [00:00<00:00, 668.96it/s, Materializing param=text_model.encoder.layers.11.mlp.fc1.weight]
Loading weights:  46%|████▌     | 186/408 [00:00<00:00, 668.96it/s, Materializing param=text_model.encoder.layers.11.mlp.fc1.weight]
Loading weights:  46%|████▌     | 187/408 [00:00<00:00, 668.96it/s, Materializing param=text_model.encoder.layers.11.mlp.fc2.bias]  
Loading weights:  46%|████▌     | 187/408 [00:00<00:00, 668.96it/s, Materializing param=text_model.encoder.layers.11.mlp.fc2.bias]
Loading weights:  46%|████▌     | 188/408 [00:00<00:00, 668.96it/s, Materializing param=text_model.encoder.layers.11.mlp.fc2.weight]
Loading weights:  46%|████▌     | 188/408 [00:00<00:00, 668.96it/s, Materializing param=text_model.encoder.layers.11.mlp.fc2.weight]
Loading weights:  46%|████▋     | 189/408 [00:00<00:00, 668.96it/s, Materializing param=text_model.encoder.layers.11.self_attn.k_proj.bias]
Loading weights:  46%|████▋     | 189/408 [00:00<00:00, 668.96it/s, Materializing param=text_model.encoder.layers.11.self_attn.k_proj.bias]
Loading weights:  47%|████▋     | 190/408 [00:00<00:00, 668.96it/s, Materializing param=text_model.encoder.layers.11.self_attn.k_proj.weight]
Loading weights:  47%|████▋     | 190/408 [00:00<00:00, 668.96it/s, Materializing param=text_model.encoder.layers.11.self_attn.k_proj.weight]
Loading weights:  47%|████▋     | 191/408 [00:00<00:00, 668.96it/s, Materializing param=text_model.encoder.layers.11.self_attn.out_proj.bias]
Loading weights:  47%|████▋     | 191/408 [00:00<00:00, 668.96it/s, Materializing param=text_model.encoder.layers.11.self_attn.out_proj.bias]
Loading weights:  47%|████▋     | 192/408 [00:00<00:00, 668.96it/s, Materializing param=text_model.encoder.layers.11.self_attn.out_proj.weight]
Loading weights:  47%|████▋     | 192/408 [00:00<00:00, 668.96it/s, Materializing param=text_model.encoder.layers.11.self_attn.out_proj.weight]
Loading weights:  47%|████▋     | 193/408 [00:00<00:00, 668.96it/s, Materializing param=text_model.encoder.layers.11.self_attn.q_proj.bias]    
Loading weights:  47%|████▋     | 193/408 [00:00<00:00, 668.96it/s, Materializing param=text_model.encoder.layers.11.self_attn.q_proj.bias]
Loading weights:  48%|████▊     | 194/408 [00:00<00:00, 668.96it/s, Materializing param=text_model.encoder.layers.11.self_attn.q_proj.weight]
Loading weights:  48%|████▊     | 194/408 [00:00<00:00, 668.96it/s, Materializing param=text_model.encoder.layers.11.self_attn.q_proj.weight]
Loading weights:  48%|████▊     | 195/408 [00:00<00:00, 668.96it/s, Materializing param=text_model.encoder.layers.11.self_attn.v_proj.bias]  
Loading weights:  48%|████▊     | 195/408 [00:00<00:00, 668.96it/s, Materializing param=text_model.encoder.layers.11.self_attn.v_proj.bias]
Loading weights:  48%|████▊     | 196/408 [00:00<00:00, 668.96it/s, Materializing param=text_model.encoder.layers.11.self_attn.v_proj.weight]
Loading weights:  48%|████▊     | 196/408 [00:00<00:00, 668.96it/s, Materializing param=text_model.encoder.layers.11.self_attn.v_proj.weight]
Loading weights:  48%|████▊     | 197/408 [00:00<00:00, 668.96it/s, Materializing param=text_model.final_layer_norm.bias]                    
Loading weights:  48%|████▊     | 197/408 [00:00<00:00, 668.96it/s, Materializing param=text_model.final_layer_norm.bias]
Loading weights:  49%|████▊     | 198/408 [00:00<00:00, 668.96it/s, Materializing param=text_model.final_layer_norm.weight]
Loading weights:  49%|████▊     | 198/408 [00:00<00:00, 668.96it/s, Materializing param=text_model.final_layer_norm.weight]
Loading weights:  49%|████▉     | 199/408 [00:00<00:00, 668.96it/s, Materializing param=text_model.head.bias]              
Loading weights:  49%|████▉     | 199/408 [00:00<00:00, 668.96it/s, Materializing param=text_model.head.bias]
Loading weights:  49%|████▉     | 200/408 [00:00<00:00, 668.96it/s, Materializing param=text_model.head.weight]
Loading weights:  49%|████▉     | 200/408 [00:00<00:00, 668.96it/s, Materializing param=text_model.head.weight]
Loading weights:  49%|████▉     | 201/408 [00:00<00:00, 668.96it/s, Materializing param=vision_model.embeddings.patch_embedding.bias]
Loading weights:  49%|████▉     | 201/408 [00:00<00:00, 668.96it/s, Materializing param=vision_model.embeddings.patch_embedding.bias]
Loading weights:  50%|████▉     | 202/408 [00:00<00:00, 668.96it/s, Materializing param=vision_model.embeddings.patch_embedding.weight]
Loading weights:  50%|████▉     | 202/408 [00:00<00:00, 668.96it/s, Materializing param=vision_model.embeddings.patch_embedding.weight]
Loading weights:  50%|████▉     | 203/408 [00:00<00:00, 668.96it/s, Materializing param=vision_model.embeddings.position_embedding.weight]
Loading weights:  50%|████▉     | 203/408 [00:00<00:00, 668.96it/s, Materializing param=vision_model.embeddings.position_embedding.weight]
Loading weights:  50%|█████     | 204/408 [00:00<00:00, 668.96it/s, Materializing param=vision_model.encoder.layers.0.layer_norm1.bias]   
Loading weights:  50%|█████     | 204/408 [00:00<00:00, 668.96it/s, Materializing param=vision_model.encoder.layers.0.layer_norm1.bias]
Loading weights:  50%|█████     | 205/408 [00:00<00:00, 668.96it/s, Materializing param=vision_model.encoder.layers.0.layer_norm1.weight]
Loading weights:  50%|█████     | 205/408 [00:00<00:00, 668.96it/s, Materializing param=vision_model.encoder.layers.0.layer_norm1.weight]
Loading weights:  50%|█████     | 206/408 [00:00<00:00, 668.96it/s, Materializing param=vision_model.encoder.layers.0.layer_norm2.bias]  
Loading weights:  50%|█████     | 206/408 [00:00<00:00, 668.96it/s, Materializing param=vision_model.encoder.layers.0.layer_norm2.bias]
Loading weights:  51%|█████     | 207/408 [00:00<00:00, 668.96it/s, Materializing param=vision_model.encoder.layers.0.layer_norm2.weight]
Loading weights:  51%|█████     | 207/408 [00:00<00:00, 668.96it/s, Materializing param=vision_model.encoder.layers.0.layer_norm2.weight]
Loading weights:  51%|█████     | 208/408 [00:00<00:00, 668.96it/s, Materializing param=vision_model.encoder.layers.0.mlp.fc1.bias]      
Loading weights:  51%|█████     | 208/408 [00:00<00:00, 668.96it/s, Materializing param=vision_model.encoder.layers.0.mlp.fc1.bias]
Loading weights:  51%|█████     | 209/408 [00:00<00:00, 668.96it/s, Materializing param=vision_model.encoder.layers.0.mlp.fc1.weight]
Loading weights:  51%|█████     | 209/408 [00:00<00:00, 668.96it/s, Materializing param=vision_model.encoder.layers.0.mlp.fc1.weight]
Loading weights:  51%|█████▏    | 210/408 [00:00<00:00, 668.96it/s, Materializing param=vision_model.encoder.layers.0.mlp.fc2.bias]  
Loading weights:  51%|█████▏    | 210/408 [00:00<00:00, 668.96it/s, Materializing param=vision_model.encoder.layers.0.mlp.fc2.bias]
Loading weights:  52%|█████▏    | 211/408 [00:00<00:00, 668.96it/s, Materializing param=vision_model.encoder.layers.0.mlp.fc2.weight]
Loading weights:  52%|█████▏    | 211/408 [00:00<00:00, 668.96it/s, Materializing param=vision_model.encoder.layers.0.mlp.fc2.weight]
Loading weights:  52%|█████▏    | 212/408 [00:00<00:00, 668.96it/s, Materializing param=vision_model.encoder.layers.0.self_attn.k_proj.bias]
Loading weights:  52%|█████▏    | 212/408 [00:00<00:00, 668.96it/s, Materializing param=vision_model.encoder.layers.0.self_attn.k_proj.bias]
Loading weights:  52%|█████▏    | 213/408 [00:00<00:00, 668.96it/s, Materializing param=vision_model.encoder.layers.0.self_attn.k_proj.weight]
Loading weights:  52%|█████▏    | 213/408 [00:00<00:00, 668.96it/s, Materializing param=vision_model.encoder.layers.0.self_attn.k_proj.weight]
Loading weights:  52%|█████▏    | 214/408 [00:00<00:00, 668.96it/s, Materializing param=vision_model.encoder.layers.0.self_attn.out_proj.bias]
Loading weights:  52%|█████▏    | 214/408 [00:00<00:00, 668.96it/s, Materializing param=vision_model.encoder.layers.0.self_attn.out_proj.bias]
Loading weights:  53%|█████▎    | 215/408 [00:00<00:00, 668.96it/s, Materializing param=vision_model.encoder.layers.0.self_attn.out_proj.weight]
Loading weights:  53%|█████▎    | 215/408 [00:00<00:00, 668.96it/s, Materializing param=vision_model.encoder.layers.0.self_attn.out_proj.weight]
Loading weights:  53%|█████▎    | 216/408 [00:00<00:00, 668.96it/s, Materializing param=vision_model.encoder.layers.0.self_attn.q_proj.bias]    
Loading weights:  53%|█████▎    | 216/408 [00:00<00:00, 668.96it/s, Materializing param=vision_model.encoder.layers.0.self_attn.q_proj.bias]
Loading weights:  53%|█████▎    | 217/408 [00:00<00:00, 668.96it/s, Materializing param=vision_model.encoder.layers.0.self_attn.q_proj.weight]
Loading weights:  53%|█████▎    | 217/408 [00:00<00:00, 668.96it/s, Materializing param=vision_model.encoder.layers.0.self_attn.q_proj.weight]
Loading weights:  53%|█████▎    | 218/408 [00:00<00:00, 668.96it/s, Materializing param=vision_model.encoder.layers.0.self_attn.v_proj.bias]  
Loading weights:  53%|█████▎    | 218/408 [00:00<00:00, 668.96it/s, Materializing param=vision_model.encoder.layers.0.self_attn.v_proj.bias]
Loading weights:  54%|█████▎    | 219/408 [00:00<00:00, 668.96it/s, Materializing param=vision_model.encoder.layers.0.self_attn.v_proj.weight]
Loading weights:  54%|█████▎    | 219/408 [00:00<00:00, 668.96it/s, Materializing param=vision_model.encoder.layers.0.self_attn.v_proj.weight]
Loading weights:  54%|█████▍    | 220/408 [00:00<00:00, 668.96it/s, Materializing param=vision_model.encoder.layers.1.layer_norm1.bias]       
Loading weights:  54%|█████▍    | 220/408 [00:00<00:00, 668.96it/s, Materializing param=vision_model.encoder.layers.1.layer_norm1.bias]
Loading weights:  54%|█████▍    | 221/408 [00:00<00:00, 668.96it/s, Materializing param=vision_model.encoder.layers.1.layer_norm1.weight]
Loading weights:  54%|█████▍    | 221/408 [00:00<00:00, 668.96it/s, Materializing param=vision_model.encoder.layers.1.layer_norm1.weight]
Loading weights:  54%|█████▍    | 222/408 [00:00<00:00, 668.96it/s, Materializing param=vision_model.encoder.layers.1.layer_norm2.bias]  
Loading weights:  54%|█████▍    | 222/408 [00:00<00:00, 668.96it/s, Materializing param=vision_model.encoder.layers.1.layer_norm2.bias]
Loading weights:  55%|█████▍    | 223/408 [00:00<00:00, 668.96it/s, Materializing param=vision_model.encoder.layers.1.layer_norm2.weight]
Loading weights:  55%|█████▍    | 223/408 [00:00<00:00, 668.96it/s, Materializing param=vision_model.encoder.layers.1.layer_norm2.weight]
Loading weights:  55%|█████▍    | 224/408 [00:00<00:00, 668.96it/s, Materializing param=vision_model.encoder.layers.1.mlp.fc1.bias]      
Loading weights:  55%|█████▍    | 224/408 [00:00<00:00, 668.96it/s, Materializing param=vision_model.encoder.layers.1.mlp.fc1.bias]
Loading weights:  55%|█████▌    | 225/408 [00:00<00:00, 668.96it/s, Materializing param=vision_model.encoder.layers.1.mlp.fc1.weight]
Loading weights:  55%|█████▌    | 225/408 [00:00<00:00, 668.96it/s, Materializing param=vision_model.encoder.layers.1.mlp.fc1.weight]
Loading weights:  55%|█████▌    | 226/408 [00:00<00:00, 668.96it/s, Materializing param=vision_model.encoder.layers.1.mlp.fc2.bias]  
Loading weights:  55%|█████▌    | 226/408 [00:00<00:00, 668.96it/s, Materializing param=vision_model.encoder.layers.1.mlp.fc2.bias]
Loading weights:  56%|█████▌    | 227/408 [00:00<00:00, 668.96it/s, Materializing param=vision_model.encoder.layers.1.mlp.fc2.weight]
Loading weights:  56%|█████▌    | 227/408 [00:00<00:00, 668.96it/s, Materializing param=vision_model.encoder.layers.1.mlp.fc2.weight]
Loading weights:  56%|█████▌    | 228/408 [00:00<00:00, 668.96it/s, Materializing param=vision_model.encoder.layers.1.self_attn.k_proj.bias]
Loading weights:  56%|█████▌    | 228/408 [00:00<00:00, 668.96it/s, Materializing param=vision_model.encoder.layers.1.self_attn.k_proj.bias]
Loading weights:  56%|█████▌    | 229/408 [00:00<00:00, 668.96it/s, Materializing param=vision_model.encoder.layers.1.self_attn.k_proj.weight]
Loading weights:  56%|█████▌    | 229/408 [00:00<00:00, 668.96it/s, Materializing param=vision_model.encoder.layers.1.self_attn.k_proj.weight]
Loading weights:  56%|█████▋    | 230/408 [00:00<00:00, 668.96it/s, Materializing param=vision_model.encoder.layers.1.self_attn.out_proj.bias]
Loading weights:  56%|█████▋    | 230/408 [00:00<00:00, 668.96it/s, Materializing param=vision_model.encoder.layers.1.self_attn.out_proj.bias]
Loading weights:  57%|█████▋    | 231/408 [00:00<00:00, 668.96it/s, Materializing param=vision_model.encoder.layers.1.self_attn.out_proj.weight]
Loading weights:  57%|█████▋    | 231/408 [00:00<00:00, 668.96it/s, Materializing param=vision_model.encoder.layers.1.self_attn.out_proj.weight]
Loading weights:  57%|█████▋    | 232/408 [00:00<00:00, 668.96it/s, Materializing param=vision_model.encoder.layers.1.self_attn.q_proj.bias]    
Loading weights:  57%|█████▋    | 232/408 [00:00<00:00, 668.96it/s, Materializing param=vision_model.encoder.layers.1.self_attn.q_proj.bias]
Loading weights:  57%|█████▋    | 233/408 [00:00<00:00, 668.96it/s, Materializing param=vision_model.encoder.layers.1.self_attn.q_proj.weight]
Loading weights:  57%|█████▋    | 233/408 [00:00<00:00, 668.96it/s, Materializing param=vision_model.encoder.layers.1.self_attn.q_proj.weight]
Loading weights:  57%|█████▋    | 234/408 [00:00<00:00, 668.96it/s, Materializing param=vision_model.encoder.layers.1.self_attn.v_proj.bias]  
Loading weights:  57%|█████▋    | 234/408 [00:00<00:00, 668.96it/s, Materializing param=vision_model.encoder.layers.1.self_attn.v_proj.bias]
Loading weights:  58%|█████▊    | 235/408 [00:00<00:00, 668.96it/s, Materializing param=vision_model.encoder.layers.1.self_attn.v_proj.weight]
Loading weights:  58%|█████▊    | 235/408 [00:00<00:00, 668.96it/s, Materializing param=vision_model.encoder.layers.1.self_attn.v_proj.weight]
Loading weights:  58%|█████▊    | 236/408 [00:00<00:00, 668.96it/s, Materializing param=vision_model.encoder.layers.2.layer_norm1.bias]       
Loading weights:  58%|█████▊    | 236/408 [00:00<00:00, 668.96it/s, Materializing param=vision_model.encoder.layers.2.layer_norm1.bias]
Loading weights:  58%|█████▊    | 237/408 [00:00<00:00, 668.96it/s, Materializing param=vision_model.encoder.layers.2.layer_norm1.weight]
Loading weights:  58%|█████▊    | 237/408 [00:00<00:00, 668.96it/s, Materializing param=vision_model.encoder.layers.2.layer_norm1.weight]
Loading weights:  58%|█████▊    | 238/408 [00:00<00:00, 668.96it/s, Materializing param=vision_model.encoder.layers.2.layer_norm2.bias]  
Loading weights:  58%|█████▊    | 238/408 [00:00<00:00, 668.96it/s, Materializing param=vision_model.encoder.layers.2.layer_norm2.bias]
Loading weights:  59%|█████▊    | 239/408 [00:00<00:00, 668.96it/s, Materializing param=vision_model.encoder.layers.2.layer_norm2.weight]
Loading weights:  59%|█████▊    | 239/408 [00:00<00:00, 668.96it/s, Materializing param=vision_model.encoder.layers.2.layer_norm2.weight]
Loading weights:  59%|█████▉    | 240/408 [00:00<00:00, 668.96it/s, Materializing param=vision_model.encoder.layers.2.mlp.fc1.bias]      
Loading weights:  59%|█████▉    | 240/408 [00:00<00:00, 668.96it/s, Materializing param=vision_model.encoder.layers.2.mlp.fc1.bias]
Loading weights:  59%|█████▉    | 241/408 [00:00<00:00, 668.96it/s, Materializing param=vision_model.encoder.layers.2.mlp.fc1.weight]
Loading weights:  59%|█████▉    | 241/408 [00:00<00:00, 668.96it/s, Materializing param=vision_model.encoder.layers.2.mlp.fc1.weight]
Loading weights:  59%|█████▉    | 242/408 [00:00<00:00, 668.96it/s, Materializing param=vision_model.encoder.layers.2.mlp.fc2.bias]  
Loading weights:  59%|█████▉    | 242/408 [00:00<00:00, 668.96it/s, Materializing param=vision_model.encoder.layers.2.mlp.fc2.bias]
Loading weights:  60%|█████▉    | 243/408 [00:00<00:00, 668.96it/s, Materializing param=vision_model.encoder.layers.2.mlp.fc2.weight]
Loading weights:  60%|█████▉    | 243/408 [00:00<00:00, 668.96it/s, Materializing param=vision_model.encoder.layers.2.mlp.fc2.weight]
Loading weights:  60%|█████▉    | 244/408 [00:00<00:00, 668.96it/s, Materializing param=vision_model.encoder.layers.2.self_attn.k_proj.bias]
Loading weights:  60%|█████▉    | 244/408 [00:00<00:00, 668.96it/s, Materializing param=vision_model.encoder.layers.2.self_attn.k_proj.bias]
Loading weights:  60%|██████    | 245/408 [00:00<00:00, 668.96it/s, Materializing param=vision_model.encoder.layers.2.self_attn.k_proj.weight]
Loading weights:  60%|██████    | 245/408 [00:00<00:00, 668.96it/s, Materializing param=vision_model.encoder.layers.2.self_attn.k_proj.weight]
Loading weights:  60%|██████    | 246/408 [00:00<00:00, 668.96it/s, Materializing param=vision_model.encoder.layers.2.self_attn.out_proj.bias]
Loading weights:  60%|██████    | 246/408 [00:00<00:00, 668.96it/s, Materializing param=vision_model.encoder.layers.2.self_attn.out_proj.bias]
Loading weights:  61%|██████    | 247/408 [00:00<00:00, 668.96it/s, Materializing param=vision_model.encoder.layers.2.self_attn.out_proj.weight]
Loading weights:  61%|██████    | 247/408 [00:00<00:00, 668.96it/s, Materializing param=vision_model.encoder.layers.2.self_attn.out_proj.weight]
Loading weights:  61%|██████    | 248/408 [00:00<00:00, 668.96it/s, Materializing param=vision_model.encoder.layers.2.self_attn.q_proj.bias]    
Loading weights:  61%|██████    | 248/408 [00:00<00:00, 668.96it/s, Materializing param=vision_model.encoder.layers.2.self_attn.q_proj.bias]
Loading weights:  61%|██████    | 249/408 [00:00<00:00, 668.96it/s, Materializing param=vision_model.encoder.layers.2.self_attn.q_proj.weight]
Loading weights:  61%|██████    | 249/408 [00:00<00:00, 668.96it/s, Materializing param=vision_model.encoder.layers.2.self_attn.q_proj.weight]
Loading weights:  61%|██████▏   | 250/408 [00:00<00:00, 668.96it/s, Materializing param=vision_model.encoder.layers.2.self_attn.v_proj.bias]  
Loading weights:  61%|██████▏   | 250/408 [00:00<00:00, 668.96it/s, Materializing param=vision_model.encoder.layers.2.self_attn.v_proj.bias]
Loading weights:  62%|██████▏   | 251/408 [00:00<00:00, 668.96it/s, Materializing param=vision_model.encoder.layers.2.self_attn.v_proj.weight]
Loading weights:  62%|██████▏   | 251/408 [00:00<00:00, 668.96it/s, Materializing param=vision_model.encoder.layers.2.self_attn.v_proj.weight]
Loading weights:  62%|██████▏   | 252/408 [00:00<00:00, 668.96it/s, Materializing param=vision_model.encoder.layers.3.layer_norm1.bias]       
Loading weights:  62%|██████▏   | 252/408 [00:00<00:00, 668.96it/s, Materializing param=vision_model.encoder.layers.3.layer_norm1.bias]
Loading weights:  62%|██████▏   | 253/408 [00:00<00:00, 668.96it/s, Materializing param=vision_model.encoder.layers.3.layer_norm1.weight]
Loading weights:  62%|██████▏   | 253/408 [00:00<00:00, 668.96it/s, Materializing param=vision_model.encoder.layers.3.layer_norm1.weight]
Loading weights:  62%|██████▏   | 254/408 [00:00<00:00, 668.96it/s, Materializing param=vision_model.encoder.layers.3.layer_norm2.bias]  
Loading weights:  62%|██████▏   | 254/408 [00:00<00:00, 668.96it/s, Materializing param=vision_model.encoder.layers.3.layer_norm2.bias]
Loading weights:  62%|██████▎   | 255/408 [00:00<00:00, 668.96it/s, Materializing param=vision_model.encoder.layers.3.layer_norm2.weight]
Loading weights:  62%|██████▎   | 255/408 [00:00<00:00, 668.96it/s, Materializing param=vision_model.encoder.layers.3.layer_norm2.weight]
Loading weights:  63%|██████▎   | 256/408 [00:00<00:00, 668.96it/s, Materializing param=vision_model.encoder.layers.3.mlp.fc1.bias]      
Loading weights:  63%|██████▎   | 256/408 [00:00<00:00, 668.96it/s, Materializing param=vision_model.encoder.layers.3.mlp.fc1.bias]
Loading weights:  63%|██████▎   | 257/408 [00:00<00:00, 668.96it/s, Materializing param=vision_model.encoder.layers.3.mlp.fc1.weight]
Loading weights:  63%|██████▎   | 257/408 [00:00<00:00, 668.96it/s, Materializing param=vision_model.encoder.layers.3.mlp.fc1.weight]
Loading weights:  63%|██████▎   | 258/408 [00:00<00:00, 668.96it/s, Materializing param=vision_model.encoder.layers.3.mlp.fc2.bias]  
Loading weights:  63%|██████▎   | 258/408 [00:00<00:00, 668.96it/s, Materializing param=vision_model.encoder.layers.3.mlp.fc2.bias]
Loading weights:  63%|██████▎   | 259/408 [00:00<00:00, 668.96it/s, Materializing param=vision_model.encoder.layers.3.mlp.fc2.weight]
Loading weights:  63%|██████▎   | 259/408 [00:00<00:00, 668.96it/s, Materializing param=vision_model.encoder.layers.3.mlp.fc2.weight]
Loading weights:  64%|██████▎   | 260/408 [00:00<00:00, 668.96it/s, Materializing param=vision_model.encoder.layers.3.self_attn.k_proj.bias]
Loading weights:  64%|██████▎   | 260/408 [00:00<00:00, 668.96it/s, Materializing param=vision_model.encoder.layers.3.self_attn.k_proj.bias]
Loading weights:  64%|██████▍   | 261/408 [00:00<00:00, 668.96it/s, Materializing param=vision_model.encoder.layers.3.self_attn.k_proj.weight]
Loading weights:  64%|██████▍   | 261/408 [00:00<00:00, 668.96it/s, Materializing param=vision_model.encoder.layers.3.self_attn.k_proj.weight]
Loading weights:  64%|██████▍   | 262/408 [00:00<00:00, 668.96it/s, Materializing param=vision_model.encoder.layers.3.self_attn.out_proj.bias]
Loading weights:  64%|██████▍   | 262/408 [00:00<00:00, 668.96it/s, Materializing param=vision_model.encoder.layers.3.self_attn.out_proj.bias]
Loading weights:  64%|██████▍   | 263/408 [00:00<00:00, 668.96it/s, Materializing param=vision_model.encoder.layers.3.self_attn.out_proj.weight]
Loading weights:  64%|██████▍   | 263/408 [00:00<00:00, 668.96it/s, Materializing param=vision_model.encoder.layers.3.self_attn.out_proj.weight]
Loading weights:  65%|██████▍   | 264/408 [00:00<00:00, 668.96it/s, Materializing param=vision_model.encoder.layers.3.self_attn.q_proj.bias]    
Loading weights:  65%|██████▍   | 264/408 [00:00<00:00, 668.96it/s, Materializing param=vision_model.encoder.layers.3.self_attn.q_proj.bias]
Loading weights:  65%|██████▍   | 265/408 [00:00<00:00, 668.96it/s, Materializing param=vision_model.encoder.layers.3.self_attn.q_proj.weight]
Loading weights:  65%|██████▍   | 265/408 [00:00<00:00, 668.96it/s, Materializing param=vision_model.encoder.layers.3.self_attn.q_proj.weight]
Loading weights:  65%|██████▌   | 266/408 [00:00<00:00, 668.96it/s, Materializing param=vision_model.encoder.layers.3.self_attn.v_proj.bias]  
Loading weights:  65%|██████▌   | 266/408 [00:00<00:00, 668.96it/s, Materializing param=vision_model.encoder.layers.3.self_attn.v_proj.bias]
Loading weights:  65%|██████▌   | 267/408 [00:00<00:00, 668.96it/s, Materializing param=vision_model.encoder.layers.3.self_attn.v_proj.weight]
Loading weights:  65%|██████▌   | 267/408 [00:00<00:00, 668.96it/s, Materializing param=vision_model.encoder.layers.3.self_attn.v_proj.weight]
Loading weights:  66%|██████▌   | 268/408 [00:00<00:00, 668.96it/s, Materializing param=vision_model.encoder.layers.4.layer_norm1.bias]       
Loading weights:  66%|██████▌   | 268/408 [00:00<00:00, 668.96it/s, Materializing param=vision_model.encoder.layers.4.layer_norm1.bias]
Loading weights:  66%|██████▌   | 269/408 [00:00<00:00, 668.96it/s, Materializing param=vision_model.encoder.layers.4.layer_norm1.weight]
Loading weights:  66%|██████▌   | 269/408 [00:00<00:00, 668.96it/s, Materializing param=vision_model.encoder.layers.4.layer_norm1.weight]
Loading weights:  66%|██████▌   | 270/408 [00:00<00:00, 668.96it/s, Materializing param=vision_model.encoder.layers.4.layer_norm2.bias]  
Loading weights:  66%|██████▌   | 270/408 [00:00<00:00, 668.96it/s, Materializing param=vision_model.encoder.layers.4.layer_norm2.bias]
Loading weights:  66%|██████▋   | 271/408 [00:00<00:00, 668.96it/s, Materializing param=vision_model.encoder.layers.4.layer_norm2.weight]
Loading weights:  66%|██████▋   | 271/408 [00:00<00:00, 668.96it/s, Materializing param=vision_model.encoder.layers.4.layer_norm2.weight]
Loading weights:  67%|██████▋   | 272/408 [00:00<00:00, 668.96it/s, Materializing param=vision_model.encoder.layers.4.mlp.fc1.bias]      
Loading weights:  67%|██████▋   | 272/408 [00:00<00:00, 668.96it/s, Materializing param=vision_model.encoder.layers.4.mlp.fc1.bias]
Loading weights:  67%|██████▋   | 273/408 [00:00<00:00, 668.96it/s, Materializing param=vision_model.encoder.layers.4.mlp.fc1.weight]
Loading weights:  67%|██████▋   | 273/408 [00:00<00:00, 668.96it/s, Materializing param=vision_model.encoder.layers.4.mlp.fc1.weight]
Loading weights:  67%|██████▋   | 274/408 [00:00<00:00, 668.96it/s, Materializing param=vision_model.encoder.layers.4.mlp.fc2.bias]  
Loading weights:  67%|██████▋   | 274/408 [00:00<00:00, 668.96it/s, Materializing param=vision_model.encoder.layers.4.mlp.fc2.bias]
Loading weights:  67%|██████▋   | 275/408 [00:00<00:00, 668.96it/s, Materializing param=vision_model.encoder.layers.4.mlp.fc2.weight]
Loading weights:  67%|██████▋   | 275/408 [00:00<00:00, 668.96it/s, Materializing param=vision_model.encoder.layers.4.mlp.fc2.weight]
Loading weights:  68%|██████▊   | 276/408 [00:00<00:00, 668.96it/s, Materializing param=vision_model.encoder.layers.4.self_attn.k_proj.bias]
Loading weights:  68%|██████▊   | 276/408 [00:00<00:00, 668.96it/s, Materializing param=vision_model.encoder.layers.4.self_attn.k_proj.bias]
Loading weights:  68%|██████▊   | 277/408 [00:00<00:00, 668.96it/s, Materializing param=vision_model.encoder.layers.4.self_attn.k_proj.weight]
Loading weights:  68%|██████▊   | 277/408 [00:00<00:00, 668.96it/s, Materializing param=vision_model.encoder.layers.4.self_attn.k_proj.weight]
Loading weights:  68%|██████▊   | 278/408 [00:00<00:00, 668.96it/s, Materializing param=vision_model.encoder.layers.4.self_attn.out_proj.bias]
Loading weights:  68%|██████▊   | 278/408 [00:00<00:00, 668.96it/s, Materializing param=vision_model.encoder.layers.4.self_attn.out_proj.bias]
Loading weights:  68%|██████▊   | 279/408 [00:00<00:00, 668.96it/s, Materializing param=vision_model.encoder.layers.4.self_attn.out_proj.weight]
Loading weights:  68%|██████▊   | 279/408 [00:00<00:00, 668.96it/s, Materializing param=vision_model.encoder.layers.4.self_attn.out_proj.weight]
Loading weights:  69%|██████▊   | 280/408 [00:00<00:00, 668.96it/s, Materializing param=vision_model.encoder.layers.4.self_attn.q_proj.bias]    
Loading weights:  69%|██████▊   | 280/408 [00:00<00:00, 668.96it/s, Materializing param=vision_model.encoder.layers.4.self_attn.q_proj.bias]
Loading weights:  69%|██████▉   | 281/408 [00:00<00:00, 668.96it/s, Materializing param=vision_model.encoder.layers.4.self_attn.q_proj.weight]
Loading weights:  69%|██████▉   | 281/408 [00:00<00:00, 668.96it/s, Materializing param=vision_model.encoder.layers.4.self_attn.q_proj.weight]
Loading weights:  69%|██████▉   | 282/408 [00:00<00:00, 668.96it/s, Materializing param=vision_model.encoder.layers.4.self_attn.v_proj.bias]  
Loading weights:  69%|██████▉   | 282/408 [00:00<00:00, 668.96it/s, Materializing param=vision_model.encoder.layers.4.self_attn.v_proj.bias]
Loading weights:  69%|██████▉   | 283/408 [00:00<00:00, 668.96it/s, Materializing param=vision_model.encoder.layers.4.self_attn.v_proj.weight]
Loading weights:  69%|██████▉   | 283/408 [00:00<00:00, 668.96it/s, Materializing param=vision_model.encoder.layers.4.self_attn.v_proj.weight]
Loading weights:  70%|██████▉   | 284/408 [00:00<00:00, 668.96it/s, Materializing param=vision_model.encoder.layers.5.layer_norm1.bias]       
Loading weights:  70%|██████▉   | 284/408 [00:00<00:00, 668.96it/s, Materializing param=vision_model.encoder.layers.5.layer_norm1.bias]
Loading weights:  70%|██████▉   | 285/408 [00:00<00:00, 668.96it/s, Materializing param=vision_model.encoder.layers.5.layer_norm1.weight]
Loading weights:  70%|██████▉   | 285/408 [00:00<00:00, 668.96it/s, Materializing param=vision_model.encoder.layers.5.layer_norm1.weight]
Loading weights:  70%|███████   | 286/408 [00:00<00:00, 668.96it/s, Materializing param=vision_model.encoder.layers.5.layer_norm2.bias]  
Loading weights:  70%|███████   | 286/408 [00:00<00:00, 668.96it/s, Materializing param=vision_model.encoder.layers.5.layer_norm2.bias]
Loading weights:  70%|███████   | 287/408 [00:00<00:00, 668.96it/s, Materializing param=vision_model.encoder.layers.5.layer_norm2.weight]
Loading weights:  70%|███████   | 287/408 [00:00<00:00, 668.96it/s, Materializing param=vision_model.encoder.layers.5.layer_norm2.weight]
Loading weights:  71%|███████   | 288/408 [00:00<00:00, 668.96it/s, Materializing param=vision_model.encoder.layers.5.mlp.fc1.bias]      
Loading weights:  71%|███████   | 288/408 [00:00<00:00, 668.96it/s, Materializing param=vision_model.encoder.layers.5.mlp.fc1.bias]
Loading weights:  71%|███████   | 289/408 [00:00<00:00, 668.96it/s, Materializing param=vision_model.encoder.layers.5.mlp.fc1.weight]
Loading weights:  71%|███████   | 289/408 [00:00<00:00, 668.96it/s, Materializing param=vision_model.encoder.layers.5.mlp.fc1.weight]
Loading weights:  71%|███████   | 290/408 [00:00<00:00, 668.96it/s, Materializing param=vision_model.encoder.layers.5.mlp.fc2.bias]  
Loading weights:  71%|███████   | 290/408 [00:00<00:00, 668.96it/s, Materializing param=vision_model.encoder.layers.5.mlp.fc2.bias]
Loading weights:  71%|███████▏  | 291/408 [00:00<00:00, 668.96it/s, Materializing param=vision_model.encoder.layers.5.mlp.fc2.weight]
Loading weights:  71%|███████▏  | 291/408 [00:00<00:00, 668.96it/s, Materializing param=vision_model.encoder.layers.5.mlp.fc2.weight]
Loading weights:  72%|███████▏  | 292/408 [00:00<00:00, 668.96it/s, Materializing param=vision_model.encoder.layers.5.self_attn.k_proj.bias]
Loading weights:  72%|███████▏  | 292/408 [00:00<00:00, 668.96it/s, Materializing param=vision_model.encoder.layers.5.self_attn.k_proj.bias]
Loading weights:  72%|███████▏  | 293/408 [00:00<00:00, 668.96it/s, Materializing param=vision_model.encoder.layers.5.self_attn.k_proj.weight]
Loading weights:  72%|███████▏  | 293/408 [00:00<00:00, 668.96it/s, Materializing param=vision_model.encoder.layers.5.self_attn.k_proj.weight]
Loading weights:  72%|███████▏  | 294/408 [00:00<00:00, 668.96it/s, Materializing param=vision_model.encoder.layers.5.self_attn.out_proj.bias]
Loading weights:  72%|███████▏  | 294/408 [00:00<00:00, 668.96it/s, Materializing param=vision_model.encoder.layers.5.self_attn.out_proj.bias]
Loading weights:  72%|███████▏  | 295/408 [00:00<00:00, 668.96it/s, Materializing param=vision_model.encoder.layers.5.self_attn.out_proj.weight]
Loading weights:  72%|███████▏  | 295/408 [00:00<00:00, 668.96it/s, Materializing param=vision_model.encoder.layers.5.self_attn.out_proj.weight]
Loading weights:  73%|███████▎  | 296/408 [00:00<00:00, 668.96it/s, Materializing param=vision_model.encoder.layers.5.self_attn.q_proj.bias]    
Loading weights:  73%|███████▎  | 296/408 [00:00<00:00, 668.96it/s, Materializing param=vision_model.encoder.layers.5.self_attn.q_proj.bias]
Loading weights:  73%|███████▎  | 297/408 [00:00<00:00, 668.96it/s, Materializing param=vision_model.encoder.layers.5.self_attn.q_proj.weight]
Loading weights:  73%|███████▎  | 297/408 [00:00<00:00, 668.96it/s, Materializing param=vision_model.encoder.layers.5.self_attn.q_proj.weight]
Loading weights:  73%|███████▎  | 298/408 [00:00<00:00, 668.96it/s, Materializing param=vision_model.encoder.layers.5.self_attn.v_proj.bias]  
Loading weights:  73%|███████▎  | 298/408 [00:00<00:00, 668.96it/s, Materializing param=vision_model.encoder.layers.5.self_attn.v_proj.bias]
Loading weights:  73%|███████▎  | 299/408 [00:00<00:00, 668.96it/s, Materializing param=vision_model.encoder.layers.5.self_attn.v_proj.weight]
Loading weights:  73%|███████▎  | 299/408 [00:00<00:00, 668.96it/s, Materializing param=vision_model.encoder.layers.5.self_attn.v_proj.weight]
Loading weights:  74%|███████▎  | 300/408 [00:00<00:00, 668.96it/s, Materializing param=vision_model.encoder.layers.6.layer_norm1.bias]       
Loading weights:  74%|███████▎  | 300/408 [00:00<00:00, 668.96it/s, Materializing param=vision_model.encoder.layers.6.layer_norm1.bias]
Loading weights:  74%|███████▍  | 301/408 [00:00<00:00, 668.96it/s, Materializing param=vision_model.encoder.layers.6.layer_norm1.weight]
Loading weights:  74%|███████▍  | 301/408 [00:00<00:00, 668.96it/s, Materializing param=vision_model.encoder.layers.6.layer_norm1.weight]
Loading weights:  74%|███████▍  | 302/408 [00:00<00:00, 668.96it/s, Materializing param=vision_model.encoder.layers.6.layer_norm2.bias]  
Loading weights:  74%|███████▍  | 302/408 [00:00<00:00, 668.96it/s, Materializing param=vision_model.encoder.layers.6.layer_norm2.bias]
Loading weights:  74%|███████▍  | 303/408 [00:00<00:00, 668.96it/s, Materializing param=vision_model.encoder.layers.6.layer_norm2.weight]
Loading weights:  74%|███████▍  | 303/408 [00:00<00:00, 668.96it/s, Materializing param=vision_model.encoder.layers.6.layer_norm2.weight]
Loading weights:  75%|███████▍  | 304/408 [00:00<00:00, 668.96it/s, Materializing param=vision_model.encoder.layers.6.mlp.fc1.bias]      
Loading weights:  75%|███████▍  | 304/408 [00:00<00:00, 668.96it/s, Materializing param=vision_model.encoder.layers.6.mlp.fc1.bias]
Loading weights:  75%|███████▍  | 305/408 [00:00<00:00, 668.96it/s, Materializing param=vision_model.encoder.layers.6.mlp.fc1.weight]
Loading weights:  75%|███████▍  | 305/408 [00:00<00:00, 668.96it/s, Materializing param=vision_model.encoder.layers.6.mlp.fc1.weight]
Loading weights:  75%|███████▌  | 306/408 [00:00<00:00, 668.96it/s, Materializing param=vision_model.encoder.layers.6.mlp.fc2.bias]  
Loading weights:  75%|███████▌  | 306/408 [00:00<00:00, 668.96it/s, Materializing param=vision_model.encoder.layers.6.mlp.fc2.bias]
Loading weights:  75%|███████▌  | 307/408 [00:00<00:00, 668.96it/s, Materializing param=vision_model.encoder.layers.6.mlp.fc2.weight]
Loading weights:  75%|███████▌  | 307/408 [00:00<00:00, 668.96it/s, Materializing param=vision_model.encoder.layers.6.mlp.fc2.weight]
Loading weights:  75%|███████▌  | 308/408 [00:00<00:00, 668.96it/s, Materializing param=vision_model.encoder.layers.6.self_attn.k_proj.bias]
Loading weights:  75%|███████▌  | 308/408 [00:00<00:00, 668.96it/s, Materializing param=vision_model.encoder.layers.6.self_attn.k_proj.bias]
Loading weights:  76%|███████▌  | 309/408 [00:00<00:00, 668.96it/s, Materializing param=vision_model.encoder.layers.6.self_attn.k_proj.weight]
Loading weights:  76%|███████▌  | 309/408 [00:00<00:00, 668.96it/s, Materializing param=vision_model.encoder.layers.6.self_attn.k_proj.weight]
Loading weights:  76%|███████▌  | 310/408 [00:00<00:00, 668.96it/s, Materializing param=vision_model.encoder.layers.6.self_attn.out_proj.bias]
Loading weights:  76%|███████▌  | 310/408 [00:00<00:00, 668.96it/s, Materializing param=vision_model.encoder.layers.6.self_attn.out_proj.bias]
Loading weights:  76%|███████▌  | 311/408 [00:00<00:00, 668.96it/s, Materializing param=vision_model.encoder.layers.6.self_attn.out_proj.weight]
Loading weights:  76%|███████▌  | 311/408 [00:00<00:00, 668.96it/s, Materializing param=vision_model.encoder.layers.6.self_attn.out_proj.weight]
Loading weights:  76%|███████▋  | 312/408 [00:00<00:00, 668.96it/s, Materializing param=vision_model.encoder.layers.6.self_attn.q_proj.bias]    
Loading weights:  76%|███████▋  | 312/408 [00:00<00:00, 668.96it/s, Materializing param=vision_model.encoder.layers.6.self_attn.q_proj.bias]
Loading weights:  77%|███████▋  | 313/408 [00:00<00:00, 668.96it/s, Materializing param=vision_model.encoder.layers.6.self_attn.q_proj.weight]
Loading weights:  77%|███████▋  | 313/408 [00:00<00:00, 668.96it/s, Materializing param=vision_model.encoder.layers.6.self_attn.q_proj.weight]
Loading weights:  77%|███████▋  | 314/408 [00:00<00:00, 668.96it/s, Materializing param=vision_model.encoder.layers.6.self_attn.v_proj.bias]  
Loading weights:  77%|███████▋  | 314/408 [00:00<00:00, 668.96it/s, Materializing param=vision_model.encoder.layers.6.self_attn.v_proj.bias]
Loading weights:  77%|███████▋  | 315/408 [00:00<00:00, 668.96it/s, Materializing param=vision_model.encoder.layers.6.self_attn.v_proj.weight]
Loading weights:  77%|███████▋  | 315/408 [00:00<00:00, 668.96it/s, Materializing param=vision_model.encoder.layers.6.self_attn.v_proj.weight]
Loading weights:  77%|███████▋  | 316/408 [00:00<00:00, 668.96it/s, Materializing param=vision_model.encoder.layers.7.layer_norm1.bias]       
Loading weights:  77%|███████▋  | 316/408 [00:00<00:00, 668.96it/s, Materializing param=vision_model.encoder.layers.7.layer_norm1.bias]
Loading weights:  78%|███████▊  | 317/408 [00:00<00:00, 668.96it/s, Materializing param=vision_model.encoder.layers.7.layer_norm1.weight]
Loading weights:  78%|███████▊  | 317/408 [00:00<00:00, 668.96it/s, Materializing param=vision_model.encoder.layers.7.layer_norm1.weight]
Loading weights:  78%|███████▊  | 318/408 [00:00<00:00, 668.96it/s, Materializing param=vision_model.encoder.layers.7.layer_norm2.bias]  
Loading weights:  78%|███████▊  | 318/408 [00:00<00:00, 668.96it/s, Materializing param=vision_model.encoder.layers.7.layer_norm2.bias]
Loading weights:  78%|███████▊  | 319/408 [00:00<00:00, 668.96it/s, Materializing param=vision_model.encoder.layers.7.layer_norm2.weight]
Loading weights:  78%|███████▊  | 319/408 [00:00<00:00, 668.96it/s, Materializing param=vision_model.encoder.layers.7.layer_norm2.weight]
Loading weights:  78%|███████▊  | 320/408 [00:00<00:00, 668.96it/s, Materializing param=vision_model.encoder.layers.7.mlp.fc1.bias]      
Loading weights:  78%|███████▊  | 320/408 [00:00<00:00, 668.96it/s, Materializing param=vision_model.encoder.layers.7.mlp.fc1.bias]
Loading weights:  79%|███████▊  | 321/408 [00:00<00:00, 668.96it/s, Materializing param=vision_model.encoder.layers.7.mlp.fc1.weight]
Loading weights:  79%|███████▊  | 321/408 [00:00<00:00, 668.96it/s, Materializing param=vision_model.encoder.layers.7.mlp.fc1.weight]
Loading weights:  79%|███████▉  | 322/408 [00:00<00:00, 668.96it/s, Materializing param=vision_model.encoder.layers.7.mlp.fc2.bias]  
Loading weights:  79%|███████▉  | 322/408 [00:00<00:00, 668.96it/s, Materializing param=vision_model.encoder.layers.7.mlp.fc2.bias]
Loading weights:  79%|███████▉  | 323/408 [00:00<00:00, 1780.53it/s, Materializing param=vision_model.encoder.layers.7.mlp.fc2.bias]
Loading weights:  79%|███████▉  | 323/408 [00:00<00:00, 1780.53it/s, Materializing param=vision_model.encoder.layers.7.mlp.fc2.weight]
Loading weights:  79%|███████▉  | 323/408 [00:00<00:00, 1780.53it/s, Materializing param=vision_model.encoder.layers.7.mlp.fc2.weight]
Loading weights:  79%|███████▉  | 324/408 [00:00<00:00, 1780.53it/s, Materializing param=vision_model.encoder.layers.7.self_attn.k_proj.bias]
Loading weights:  79%|███████▉  | 324/408 [00:00<00:00, 1780.53it/s, Materializing param=vision_model.encoder.layers.7.self_attn.k_proj.bias]
Loading weights:  80%|███████▉  | 325/408 [00:00<00:00, 1780.53it/s, Materializing param=vision_model.encoder.layers.7.self_attn.k_proj.weight]
Loading weights:  80%|███████▉  | 325/408 [00:00<00:00, 1780.53it/s, Materializing param=vision_model.encoder.layers.7.self_attn.k_proj.weight]
Loading weights:  80%|███████▉  | 326/408 [00:00<00:00, 1780.53it/s, Materializing param=vision_model.encoder.layers.7.self_attn.out_proj.bias]
Loading weights:  80%|███████▉  | 326/408 [00:00<00:00, 1780.53it/s, Materializing param=vision_model.encoder.layers.7.self_attn.out_proj.bias]
Loading weights:  80%|████████  | 327/408 [00:00<00:00, 1780.53it/s, Materializing param=vision_model.encoder.layers.7.self_attn.out_proj.weight]
Loading weights:  80%|████████  | 327/408 [00:00<00:00, 1780.53it/s, Materializing param=vision_model.encoder.layers.7.self_attn.out_proj.weight]
Loading weights:  80%|████████  | 328/408 [00:00<00:00, 1780.53it/s, Materializing param=vision_model.encoder.layers.7.self_attn.q_proj.bias]    
Loading weights:  80%|████████  | 328/408 [00:00<00:00, 1780.53it/s, Materializing param=vision_model.encoder.layers.7.self_attn.q_proj.bias]
Loading weights:  81%|████████  | 329/408 [00:00<00:00, 1780.53it/s, Materializing param=vision_model.encoder.layers.7.self_attn.q_proj.weight]
Loading weights:  81%|████████  | 329/408 [00:00<00:00, 1780.53it/s, Materializing param=vision_model.encoder.layers.7.self_attn.q_proj.weight]
Loading weights:  81%|████████  | 330/408 [00:00<00:00, 1780.53it/s, Materializing param=vision_model.encoder.layers.7.self_attn.v_proj.bias]  
Loading weights:  81%|████████  | 330/408 [00:00<00:00, 1780.53it/s, Materializing param=vision_model.encoder.layers.7.self_attn.v_proj.bias]
Loading weights:  81%|████████  | 331/408 [00:00<00:00, 1780.53it/s, Materializing param=vision_model.encoder.layers.7.self_attn.v_proj.weight]
Loading weights:  81%|████████  | 331/408 [00:00<00:00, 1780.53it/s, Materializing param=vision_model.encoder.layers.7.self_attn.v_proj.weight]
Loading weights:  81%|████████▏ | 332/408 [00:00<00:00, 1780.53it/s, Materializing param=vision_model.encoder.layers.8.layer_norm1.bias]       
Loading weights:  81%|████████▏ | 332/408 [00:00<00:00, 1780.53it/s, Materializing param=vision_model.encoder.layers.8.layer_norm1.bias]
Loading weights:  82%|████████▏ | 333/408 [00:00<00:00, 1780.53it/s, Materializing param=vision_model.encoder.layers.8.layer_norm1.weight]
Loading weights:  82%|████████▏ | 333/408 [00:00<00:00, 1780.53it/s, Materializing param=vision_model.encoder.layers.8.layer_norm1.weight]
Loading weights:  82%|████████▏ | 334/408 [00:00<00:00, 1780.53it/s, Materializing param=vision_model.encoder.layers.8.layer_norm2.bias]  
Loading weights:  82%|████████▏ | 334/408 [00:00<00:00, 1780.53it/s, Materializing param=vision_model.encoder.layers.8.layer_norm2.bias]
Loading weights:  82%|████████▏ | 335/408 [00:00<00:00, 1780.53it/s, Materializing param=vision_model.encoder.layers.8.layer_norm2.weight]
Loading weights:  82%|████████▏ | 335/408 [00:00<00:00, 1780.53it/s, Materializing param=vision_model.encoder.layers.8.layer_norm2.weight]
Loading weights:  82%|████████▏ | 336/408 [00:00<00:00, 1780.53it/s, Materializing param=vision_model.encoder.layers.8.mlp.fc1.bias]      
Loading weights:  82%|████████▏ | 336/408 [00:00<00:00, 1780.53it/s, Materializing param=vision_model.encoder.layers.8.mlp.fc1.bias]
Loading weights:  83%|████████▎ | 337/408 [00:00<00:00, 1780.53it/s, Materializing param=vision_model.encoder.layers.8.mlp.fc1.weight]
Loading weights:  83%|████████▎ | 337/408 [00:00<00:00, 1780.53it/s, Materializing param=vision_model.encoder.layers.8.mlp.fc1.weight]
Loading weights:  83%|████████▎ | 338/408 [00:00<00:00, 1780.53it/s, Materializing param=vision_model.encoder.layers.8.mlp.fc2.bias]  
Loading weights:  83%|████████▎ | 338/408 [00:00<00:00, 1780.53it/s, Materializing param=vision_model.encoder.layers.8.mlp.fc2.bias]
Loading weights:  83%|████████▎ | 339/408 [00:00<00:00, 1780.53it/s, Materializing param=vision_model.encoder.layers.8.mlp.fc2.weight]
Loading weights:  83%|████████▎ | 339/408 [00:00<00:00, 1780.53it/s, Materializing param=vision_model.encoder.layers.8.mlp.fc2.weight]
Loading weights:  83%|████████▎ | 340/408 [00:00<00:00, 1780.53it/s, Materializing param=vision_model.encoder.layers.8.self_attn.k_proj.bias]
Loading weights:  83%|████████▎ | 340/408 [00:00<00:00, 1780.53it/s, Materializing param=vision_model.encoder.layers.8.self_attn.k_proj.bias]
Loading weights:  84%|████████▎ | 341/408 [00:00<00:00, 1780.53it/s, Materializing param=vision_model.encoder.layers.8.self_attn.k_proj.weight]
Loading weights:  84%|████████▎ | 341/408 [00:00<00:00, 1780.53it/s, Materializing param=vision_model.encoder.layers.8.self_attn.k_proj.weight]
Loading weights:  84%|████████▍ | 342/408 [00:00<00:00, 1780.53it/s, Materializing param=vision_model.encoder.layers.8.self_attn.out_proj.bias]
Loading weights:  84%|████████▍ | 342/408 [00:00<00:00, 1780.53it/s, Materializing param=vision_model.encoder.layers.8.self_attn.out_proj.bias]
Loading weights:  84%|████████▍ | 343/408 [00:00<00:00, 1780.53it/s, Materializing param=vision_model.encoder.layers.8.self_attn.out_proj.weight]
Loading weights:  84%|████████▍ | 343/408 [00:00<00:00, 1780.53it/s, Materializing param=vision_model.encoder.layers.8.self_attn.out_proj.weight]
Loading weights:  84%|████████▍ | 344/408 [00:00<00:00, 1780.53it/s, Materializing param=vision_model.encoder.layers.8.self_attn.q_proj.bias]    
Loading weights:  84%|████████▍ | 344/408 [00:00<00:00, 1780.53it/s, Materializing param=vision_model.encoder.layers.8.self_attn.q_proj.bias]
Loading weights:  85%|████████▍ | 345/408 [00:00<00:00, 1780.53it/s, Materializing param=vision_model.encoder.layers.8.self_attn.q_proj.weight]
Loading weights:  85%|████████▍ | 345/408 [00:00<00:00, 1780.53it/s, Materializing param=vision_model.encoder.layers.8.self_attn.q_proj.weight]
Loading weights:  85%|████████▍ | 346/408 [00:00<00:00, 1780.53it/s, Materializing param=vision_model.encoder.layers.8.self_attn.v_proj.bias]  
Loading weights:  85%|████████▍ | 346/408 [00:00<00:00, 1780.53it/s, Materializing param=vision_model.encoder.layers.8.self_attn.v_proj.bias]
Loading weights:  85%|████████▌ | 347/408 [00:00<00:00, 1780.53it/s, Materializing param=vision_model.encoder.layers.8.self_attn.v_proj.weight]
Loading weights:  85%|████████▌ | 347/408 [00:00<00:00, 1780.53it/s, Materializing param=vision_model.encoder.layers.8.self_attn.v_proj.weight]
Loading weights:  85%|████████▌ | 348/408 [00:00<00:00, 1780.53it/s, Materializing param=vision_model.encoder.layers.9.layer_norm1.bias]       
Loading weights:  85%|████████▌ | 348/408 [00:00<00:00, 1780.53it/s, Materializing param=vision_model.encoder.layers.9.layer_norm1.bias]
Loading weights:  86%|████████▌ | 349/408 [00:00<00:00, 1780.53it/s, Materializing param=vision_model.encoder.layers.9.layer_norm1.weight]
Loading weights:  86%|████████▌ | 349/408 [00:00<00:00, 1780.53it/s, Materializing param=vision_model.encoder.layers.9.layer_norm1.weight]
Loading weights:  86%|████████▌ | 350/408 [00:00<00:00, 1780.53it/s, Materializing param=vision_model.encoder.layers.9.layer_norm2.bias]  
Loading weights:  86%|████████▌ | 350/408 [00:00<00:00, 1780.53it/s, Materializing param=vision_model.encoder.layers.9.layer_norm2.bias]
Loading weights:  86%|████████▌ | 351/408 [00:00<00:00, 1780.53it/s, Materializing param=vision_model.encoder.layers.9.layer_norm2.weight]
Loading weights:  86%|████████▌ | 351/408 [00:00<00:00, 1780.53it/s, Materializing param=vision_model.encoder.layers.9.layer_norm2.weight]
Loading weights:  86%|████████▋ | 352/408 [00:00<00:00, 1780.53it/s, Materializing param=vision_model.encoder.layers.9.mlp.fc1.bias]      
Loading weights:  86%|████████▋ | 352/408 [00:00<00:00, 1780.53it/s, Materializing param=vision_model.encoder.layers.9.mlp.fc1.bias]
Loading weights:  87%|████████▋ | 353/408 [00:00<00:00, 1780.53it/s, Materializing param=vision_model.encoder.layers.9.mlp.fc1.weight]
Loading weights:  87%|████████▋ | 353/408 [00:00<00:00, 1780.53it/s, Materializing param=vision_model.encoder.layers.9.mlp.fc1.weight]
Loading weights:  87%|████████▋ | 354/408 [00:00<00:00, 1780.53it/s, Materializing param=vision_model.encoder.layers.9.mlp.fc2.bias]  
Loading weights:  87%|████████▋ | 354/408 [00:00<00:00, 1780.53it/s, Materializing param=vision_model.encoder.layers.9.mlp.fc2.bias]
Loading weights:  87%|████████▋ | 355/408 [00:00<00:00, 1780.53it/s, Materializing param=vision_model.encoder.layers.9.mlp.fc2.weight]
Loading weights:  87%|████████▋ | 355/408 [00:00<00:00, 1780.53it/s, Materializing param=vision_model.encoder.layers.9.mlp.fc2.weight]
Loading weights:  87%|████████▋ | 356/408 [00:00<00:00, 1780.53it/s, Materializing param=vision_model.encoder.layers.9.self_attn.k_proj.bias]
Loading weights:  87%|████████▋ | 356/408 [00:00<00:00, 1780.53it/s, Materializing param=vision_model.encoder.layers.9.self_attn.k_proj.bias]
Loading weights:  88%|████████▊ | 357/408 [00:00<00:00, 1780.53it/s, Materializing param=vision_model.encoder.layers.9.self_attn.k_proj.weight]
Loading weights:  88%|████████▊ | 357/408 [00:00<00:00, 1780.53it/s, Materializing param=vision_model.encoder.layers.9.self_attn.k_proj.weight]
Loading weights:  88%|████████▊ | 358/408 [00:00<00:00, 1780.53it/s, Materializing param=vision_model.encoder.layers.9.self_attn.out_proj.bias]
Loading weights:  88%|████████▊ | 358/408 [00:00<00:00, 1780.53it/s, Materializing param=vision_model.encoder.layers.9.self_attn.out_proj.bias]
Loading weights:  88%|████████▊ | 359/408 [00:00<00:00, 1780.53it/s, Materializing param=vision_model.encoder.layers.9.self_attn.out_proj.weight]
Loading weights:  88%|████████▊ | 359/408 [00:00<00:00, 1780.53it/s, Materializing param=vision_model.encoder.layers.9.self_attn.out_proj.weight]
Loading weights:  88%|████████▊ | 360/408 [00:00<00:00, 1780.53it/s, Materializing param=vision_model.encoder.layers.9.self_attn.q_proj.bias]    
Loading weights:  88%|████████▊ | 360/408 [00:00<00:00, 1780.53it/s, Materializing param=vision_model.encoder.layers.9.self_attn.q_proj.bias]
Loading weights:  88%|████████▊ | 361/408 [00:00<00:00, 1780.53it/s, Materializing param=vision_model.encoder.layers.9.self_attn.q_proj.weight]
Loading weights:  88%|████████▊ | 361/408 [00:00<00:00, 1780.53it/s, Materializing param=vision_model.encoder.layers.9.self_attn.q_proj.weight]
Loading weights:  89%|████████▊ | 362/408 [00:00<00:00, 1780.53it/s, Materializing param=vision_model.encoder.layers.9.self_attn.v_proj.bias]  
Loading weights:  89%|████████▊ | 362/408 [00:00<00:00, 1780.53it/s, Materializing param=vision_model.encoder.layers.9.self_attn.v_proj.bias]
Loading weights:  89%|████████▉ | 363/408 [00:00<00:00, 1780.53it/s, Materializing param=vision_model.encoder.layers.9.self_attn.v_proj.weight]
Loading weights:  89%|████████▉ | 363/408 [00:00<00:00, 1780.53it/s, Materializing param=vision_model.encoder.layers.9.self_attn.v_proj.weight]
Loading weights:  89%|████████▉ | 364/408 [00:00<00:00, 1780.53it/s, Materializing param=vision_model.encoder.layers.10.layer_norm1.bias]      
Loading weights:  89%|████████▉ | 364/408 [00:00<00:00, 1780.53it/s, Materializing param=vision_model.encoder.layers.10.layer_norm1.bias]
Loading weights:  89%|████████▉ | 365/408 [00:00<00:00, 1780.53it/s, Materializing param=vision_model.encoder.layers.10.layer_norm1.weight]
Loading weights:  89%|████████▉ | 365/408 [00:00<00:00, 1780.53it/s, Materializing param=vision_model.encoder.layers.10.layer_norm1.weight]
Loading weights:  90%|████████▉ | 366/408 [00:00<00:00, 1780.53it/s, Materializing param=vision_model.encoder.layers.10.layer_norm2.bias]  
Loading weights:  90%|████████▉ | 366/408 [00:00<00:00, 1780.53it/s, Materializing param=vision_model.encoder.layers.10.layer_norm2.bias]
Loading weights:  90%|████████▉ | 367/408 [00:00<00:00, 1780.53it/s, Materializing param=vision_model.encoder.layers.10.layer_norm2.weight]
Loading weights:  90%|████████▉ | 367/408 [00:00<00:00, 1780.53it/s, Materializing param=vision_model.encoder.layers.10.layer_norm2.weight]
Loading weights:  90%|█████████ | 368/408 [00:00<00:00, 1780.53it/s, Materializing param=vision_model.encoder.layers.10.mlp.fc1.bias]      
Loading weights:  90%|█████████ | 368/408 [00:00<00:00, 1780.53it/s, Materializing param=vision_model.encoder.layers.10.mlp.fc1.bias]
Loading weights:  90%|█████████ | 369/408 [00:00<00:00, 1780.53it/s, Materializing param=vision_model.encoder.layers.10.mlp.fc1.weight]
Loading weights:  90%|█████████ | 369/408 [00:00<00:00, 1780.53it/s, Materializing param=vision_model.encoder.layers.10.mlp.fc1.weight]
Loading weights:  91%|█████████ | 370/408 [00:00<00:00, 1780.53it/s, Materializing param=vision_model.encoder.layers.10.mlp.fc2.bias]  
Loading weights:  91%|█████████ | 370/408 [00:00<00:00, 1780.53it/s, Materializing param=vision_model.encoder.layers.10.mlp.fc2.bias]
Loading weights:  91%|█████████ | 371/408 [00:00<00:00, 1780.53it/s, Materializing param=vision_model.encoder.layers.10.mlp.fc2.weight]
Loading weights:  91%|█████████ | 371/408 [00:00<00:00, 1780.53it/s, Materializing param=vision_model.encoder.layers.10.mlp.fc2.weight]
Loading weights:  91%|█████████ | 372/408 [00:00<00:00, 1780.53it/s, Materializing param=vision_model.encoder.layers.10.self_attn.k_proj.bias]
Loading weights:  91%|█████████ | 372/408 [00:00<00:00, 1780.53it/s, Materializing param=vision_model.encoder.layers.10.self_attn.k_proj.bias]
Loading weights:  91%|█████████▏| 373/408 [00:00<00:00, 1780.53it/s, Materializing param=vision_model.encoder.layers.10.self_attn.k_proj.weight]
Loading weights:  91%|█████████▏| 373/408 [00:00<00:00, 1780.53it/s, Materializing param=vision_model.encoder.layers.10.self_attn.k_proj.weight]
Loading weights:  92%|█████████▏| 374/408 [00:00<00:00, 1780.53it/s, Materializing param=vision_model.encoder.layers.10.self_attn.out_proj.bias]
Loading weights:  92%|█████████▏| 374/408 [00:00<00:00, 1780.53it/s, Materializing param=vision_model.encoder.layers.10.self_attn.out_proj.bias]
Loading weights:  92%|█████████▏| 375/408 [00:00<00:00, 1780.53it/s, Materializing param=vision_model.encoder.layers.10.self_attn.out_proj.weight]
Loading weights:  92%|█████████▏| 375/408 [00:00<00:00, 1780.53it/s, Materializing param=vision_model.encoder.layers.10.self_attn.out_proj.weight]
Loading weights:  92%|█████████▏| 376/408 [00:00<00:00, 1780.53it/s, Materializing param=vision_model.encoder.layers.10.self_attn.q_proj.bias]    
Loading weights:  92%|█████████▏| 376/408 [00:00<00:00, 1780.53it/s, Materializing param=vision_model.encoder.layers.10.self_attn.q_proj.bias]
Loading weights:  92%|█████████▏| 377/408 [00:00<00:00, 1780.53it/s, Materializing param=vision_model.encoder.layers.10.self_attn.q_proj.weight]
Loading weights:  92%|█████████▏| 377/408 [00:00<00:00, 1780.53it/s, Materializing param=vision_model.encoder.layers.10.self_attn.q_proj.weight]
Loading weights:  93%|█████████▎| 378/408 [00:00<00:00, 1780.53it/s, Materializing param=vision_model.encoder.layers.10.self_attn.v_proj.bias]  
Loading weights:  93%|█████████▎| 378/408 [00:00<00:00, 1780.53it/s, Materializing param=vision_model.encoder.layers.10.self_attn.v_proj.bias]
Loading weights:  93%|█████████▎| 379/408 [00:00<00:00, 1780.53it/s, Materializing param=vision_model.encoder.layers.10.self_attn.v_proj.weight]
Loading weights:  93%|█████████▎| 379/408 [00:00<00:00, 1780.53it/s, Materializing param=vision_model.encoder.layers.10.self_attn.v_proj.weight]
Loading weights:  93%|█████████▎| 380/408 [00:00<00:00, 1780.53it/s, Materializing param=vision_model.encoder.layers.11.layer_norm1.bias]       
Loading weights:  93%|█████████▎| 380/408 [00:00<00:00, 1780.53it/s, Materializing param=vision_model.encoder.layers.11.layer_norm1.bias]
Loading weights:  93%|█████████▎| 381/408 [00:00<00:00, 1780.53it/s, Materializing param=vision_model.encoder.layers.11.layer_norm1.weight]
Loading weights:  93%|█████████▎| 381/408 [00:00<00:00, 1780.53it/s, Materializing param=vision_model.encoder.layers.11.layer_norm1.weight]
Loading weights:  94%|█████████▎| 382/408 [00:00<00:00, 1780.53it/s, Materializing param=vision_model.encoder.layers.11.layer_norm2.bias]  
Loading weights:  94%|█████████▎| 382/408 [00:00<00:00, 1780.53it/s, Materializing param=vision_model.encoder.layers.11.layer_norm2.bias]
Loading weights:  94%|█████████▍| 383/408 [00:00<00:00, 1780.53it/s, Materializing param=vision_model.encoder.layers.11.layer_norm2.weight]
Loading weights:  94%|█████████▍| 383/408 [00:00<00:00, 1780.53it/s, Materializing param=vision_model.encoder.layers.11.layer_norm2.weight]
Loading weights:  94%|█████████▍| 384/408 [00:00<00:00, 1780.53it/s, Materializing param=vision_model.encoder.layers.11.mlp.fc1.bias]      
Loading weights:  94%|█████████▍| 384/408 [00:00<00:00, 1780.53it/s, Materializing param=vision_model.encoder.layers.11.mlp.fc1.bias]
Loading weights:  94%|█████████▍| 385/408 [00:00<00:00, 1780.53it/s, Materializing param=vision_model.encoder.layers.11.mlp.fc1.weight]
Loading weights:  94%|█████████▍| 385/408 [00:00<00:00, 1780.53it/s, Materializing param=vision_model.encoder.layers.11.mlp.fc1.weight]
Loading weights:  95%|█████████▍| 386/408 [00:00<00:00, 1780.53it/s, Materializing param=vision_model.encoder.layers.11.mlp.fc2.bias]  
Loading weights:  95%|█████████▍| 386/408 [00:00<00:00, 1780.53it/s, Materializing param=vision_model.encoder.layers.11.mlp.fc2.bias]
Loading weights:  95%|█████████▍| 387/408 [00:00<00:00, 1780.53it/s, Materializing param=vision_model.encoder.layers.11.mlp.fc2.weight]
Loading weights:  95%|█████████▍| 387/408 [00:00<00:00, 1780.53it/s, Materializing param=vision_model.encoder.layers.11.mlp.fc2.weight]
Loading weights:  95%|█████████▌| 388/408 [00:00<00:00, 1780.53it/s, Materializing param=vision_model.encoder.layers.11.self_attn.k_proj.bias]
Loading weights:  95%|█████████▌| 388/408 [00:00<00:00, 1780.53it/s, Materializing param=vision_model.encoder.layers.11.self_attn.k_proj.bias]
Loading weights:  95%|█████████▌| 389/408 [00:00<00:00, 1780.53it/s, Materializing param=vision_model.encoder.layers.11.self_attn.k_proj.weight]
Loading weights:  95%|█████████▌| 389/408 [00:00<00:00, 1780.53it/s, Materializing param=vision_model.encoder.layers.11.self_attn.k_proj.weight]
Loading weights:  96%|█████████▌| 390/408 [00:00<00:00, 1780.53it/s, Materializing param=vision_model.encoder.layers.11.self_attn.out_proj.bias]
Loading weights:  96%|█████████▌| 390/408 [00:00<00:00, 1780.53it/s, Materializing param=vision_model.encoder.layers.11.self_attn.out_proj.bias]
Loading weights:  96%|█████████▌| 391/408 [00:00<00:00, 1780.53it/s, Materializing param=vision_model.encoder.layers.11.self_attn.out_proj.weight]
Loading weights:  96%|█████████▌| 391/408 [00:00<00:00, 1780.53it/s, Materializing param=vision_model.encoder.layers.11.self_attn.out_proj.weight]
Loading weights:  96%|█████████▌| 392/408 [00:00<00:00, 1780.53it/s, Materializing param=vision_model.encoder.layers.11.self_attn.q_proj.bias]    
Loading weights:  96%|█████████▌| 392/408 [00:00<00:00, 1780.53it/s, Materializing param=vision_model.encoder.layers.11.self_attn.q_proj.bias]
Loading weights:  96%|█████████▋| 393/408 [00:00<00:00, 1780.53it/s, Materializing param=vision_model.encoder.layers.11.self_attn.q_proj.weight]
Loading weights:  96%|█████████▋| 393/408 [00:00<00:00, 1780.53it/s, Materializing param=vision_model.encoder.layers.11.self_attn.q_proj.weight]
Loading weights:  97%|█████████▋| 394/408 [00:00<00:00, 1780.53it/s, Materializing param=vision_model.encoder.layers.11.self_attn.v_proj.bias]  
Loading weights:  97%|█████████▋| 394/408 [00:00<00:00, 1780.53it/s, Materializing param=vision_model.encoder.layers.11.self_attn.v_proj.bias]
Loading weights:  97%|█████████▋| 395/408 [00:00<00:00, 1780.53it/s, Materializing param=vision_model.encoder.layers.11.self_attn.v_proj.weight]
Loading weights:  97%|█████████▋| 395/408 [00:00<00:00, 1780.53it/s, Materializing param=vision_model.encoder.layers.11.self_attn.v_proj.weight]
Loading weights:  97%|█████████▋| 396/408 [00:00<00:00, 1780.53it/s, Materializing param=vision_model.head.attention.in_proj_bias]              
Loading weights:  97%|█████████▋| 396/408 [00:00<00:00, 1780.53it/s, Materializing param=vision_model.head.attention.in_proj_bias]
Loading weights:  97%|█████████▋| 397/408 [00:00<00:00, 1780.53it/s, Materializing param=vision_model.head.attention.in_proj_weight]
Loading weights:  97%|█████████▋| 397/408 [00:00<00:00, 1780.53it/s, Materializing param=vision_model.head.attention.in_proj_weight]
Loading weights:  98%|█████████▊| 398/408 [00:00<00:00, 1780.53it/s, Materializing param=vision_model.head.attention.out_proj.bias] 
Loading weights:  98%|█████████▊| 398/408 [00:00<00:00, 1780.53it/s, Materializing param=vision_model.head.attention.out_proj.bias]
Loading weights:  98%|█████████▊| 399/408 [00:00<00:00, 1780.53it/s, Materializing param=vision_model.head.attention.out_proj.weight]
Loading weights:  98%|█████████▊| 399/408 [00:00<00:00, 1780.53it/s, Materializing param=vision_model.head.attention.out_proj.weight]
Loading weights:  98%|█████████▊| 400/408 [00:00<00:00, 1780.53it/s, Materializing param=vision_model.head.layernorm.bias]           
Loading weights:  98%|█████████▊| 400/408 [00:00<00:00, 1780.53it/s, Materializing param=vision_model.head.layernorm.bias]
Loading weights:  98%|█████████▊| 401/408 [00:00<00:00, 1780.53it/s, Materializing param=vision_model.head.layernorm.weight]
Loading weights:  98%|█████████▊| 401/408 [00:00<00:00, 1780.53it/s, Materializing param=vision_model.head.layernorm.weight]
Loading weights:  99%|█████████▊| 402/408 [00:00<00:00, 1780.53it/s, Materializing param=vision_model.head.mlp.fc1.bias]    
Loading weights:  99%|█████████▊| 402/408 [00:00<00:00, 1780.53it/s, Materializing param=vision_model.head.mlp.fc1.bias]
Loading weights:  99%|█████████▉| 403/408 [00:00<00:00, 1780.53it/s, Materializing param=vision_model.head.mlp.fc1.weight]
Loading weights:  99%|█████████▉| 403/408 [00:00<00:00, 1780.53it/s, Materializing param=vision_model.head.mlp.fc1.weight]
Loading weights:  99%|█████████▉| 404/408 [00:00<00:00, 1780.53it/s, Materializing param=vision_model.head.mlp.fc2.bias]  
Loading weights:  99%|█████████▉| 404/408 [00:00<00:00, 1780.53it/s, Materializing param=vision_model.head.mlp.fc2.bias]
Loading weights:  99%|█████████▉| 405/408 [00:00<00:00, 1780.53it/s, Materializing param=vision_model.head.mlp.fc2.weight]
Loading weights:  99%|█████████▉| 405/408 [00:00<00:00, 1780.53it/s, Materializing param=vision_model.head.mlp.fc2.weight]
Loading weights: 100%|█████████▉| 406/408 [00:00<00:00, 1780.53it/s, Materializing param=vision_model.head.probe]         
Loading weights: 100%|█████████▉| 406/408 [00:00<00:00, 1780.53it/s, Materializing param=vision_model.head.probe]
Loading weights: 100%|█████████▉| 407/408 [00:00<00:00, 1780.53it/s, Materializing param=vision_model.post_layernorm.bias]
Loading weights: 100%|█████████▉| 407/408 [00:00<00:00, 1780.53it/s, Materializing param=vision_model.post_layernorm.bias]
Loading weights: 100%|██████████| 408/408 [00:00<00:00, 1780.53it/s, Materializing param=vision_model.post_layernorm.weight]
Loading weights: 100%|██████████| 408/408 [00:00<00:00, 1780.53it/s, Materializing param=vision_model.post_layernorm.weight]
Loading weights: 100%|██████████| 408/408 [00:00<00:00, 1304.04it/s, Materializing param=vision_model.post_layernorm.weight]
  [siglip2] google/siglip2-base-patch16-224  93M params
loading convnext ...
The image processor of type `ConvNextImageProcessor` is now loaded as a fast processor by default, even if the model checkpoint was saved with a slow processor. This is a breaking change and may produce slightly different outputs. To continue using the slow processor, instantiate this class with `use_fast=False`. 

Loading weights:   0%|          | 0/342 [00:00<?, ?it/s]
Loading weights:   0%|          | 1/342 [00:00<00:00, 32768.00it/s, Materializing param=embeddings.layernorm.bias]
Loading weights:   0%|          | 1/342 [00:00<00:00, 9642.08it/s, Materializing param=embeddings.layernorm.bias] 
Loading weights:   1%|          | 2/342 [00:00<00:00, 5991.86it/s, Materializing param=embeddings.layernorm.weight]
Loading weights:   1%|          | 2/342 [00:00<00:00, 4604.07it/s, Materializing param=embeddings.layernorm.weight]
Loading weights:   1%|          | 3/342 [00:00<00:00, 4718.00it/s, Materializing param=embeddings.patch_embeddings.bias]
Loading weights:   1%|          | 3/342 [00:00<00:00, 4056.39it/s, Materializing param=embeddings.patch_embeddings.bias]
Loading weights:   1%|          | 4/342 [00:00<00:00, 4136.39it/s, Materializing param=embeddings.patch_embeddings.weight]
Loading weights:   1%|          | 4/342 [00:00<00:00, 3724.13it/s, Materializing param=embeddings.patch_embeddings.weight]
Loading weights:   1%|▏         | 5/342 [00:00<00:00, 3591.01it/s, Materializing param=encoder.stages.0.layers.0.dwconv.bias]
Loading weights:   1%|▏         | 5/342 [00:00<00:00, 3334.64it/s, Materializing param=encoder.stages.0.layers.0.dwconv.bias]
Loading weights:   2%|▏         | 6/342 [00:00<00:00, 2883.01it/s, Materializing param=encoder.stages.0.layers.0.dwconv.weight]
Loading weights:   2%|▏         | 6/342 [00:00<00:00, 2709.21it/s, Materializing param=encoder.stages.0.layers.0.dwconv.weight]
Loading weights:   2%|▏         | 7/342 [00:00<00:00, 2593.19it/s, Materializing param=encoder.stages.0.layers.0.layer_scale_parameter]
Loading weights:   2%|▏         | 7/342 [00:00<00:00, 2477.23it/s, Materializing param=encoder.stages.0.layers.0.layer_scale_parameter]
Loading weights:   2%|▏         | 8/342 [00:00<00:00, 2360.99it/s, Materializing param=encoder.stages.0.layers.0.layernorm.bias]       
Loading weights:   2%|▏         | 8/342 [00:00<00:00, 2275.34it/s, Materializing param=encoder.stages.0.layers.0.layernorm.bias]
Loading weights:   3%|▎         | 9/342 [00:00<00:00, 2377.72it/s, Materializing param=encoder.stages.0.layers.0.layernorm.weight]
Loading weights:   3%|▎         | 9/342 [00:00<00:00, 2311.34it/s, Materializing param=encoder.stages.0.layers.0.layernorm.weight]
Loading weights:   3%|▎         | 10/342 [00:00<00:00, 2426.56it/s, Materializing param=encoder.stages.0.layers.0.pwconv1.bias]   
Loading weights:   3%|▎         | 10/342 [00:00<00:00, 2363.12it/s, Materializing param=encoder.stages.0.layers.0.pwconv1.bias]
Loading weights:   3%|▎         | 11/342 [00:00<00:00, 2216.65it/s, Materializing param=encoder.stages.0.layers.0.pwconv1.weight]
Loading weights:   3%|▎         | 11/342 [00:00<00:00, 2163.53it/s, Materializing param=encoder.stages.0.layers.0.pwconv1.weight]
Loading weights:   4%|▎         | 12/342 [00:00<00:00, 2247.85it/s, Materializing param=encoder.stages.0.layers.0.pwconv2.bias]  
Loading weights:   4%|▎         | 12/342 [00:00<00:00, 2203.57it/s, Materializing param=encoder.stages.0.layers.0.pwconv2.bias]
Loading weights:   4%|▍         | 13/342 [00:00<00:00, 2293.03it/s, Materializing param=encoder.stages.0.layers.0.pwconv2.weight]
Loading weights:   4%|▍         | 13/342 [00:00<00:00, 2245.62it/s, Materializing param=encoder.stages.0.layers.0.pwconv2.weight]
Loading weights:   4%|▍         | 14/342 [00:00<00:00, 2052.29it/s, Materializing param=encoder.stages.0.layers.1.dwconv.bias]   
Loading weights:   4%|▍         | 14/342 [00:00<00:00, 2021.28it/s, Materializing param=encoder.stages.0.layers.1.dwconv.bias]
Loading weights:   4%|▍         | 15/342 [00:00<00:00, 2095.75it/s, Materializing param=encoder.stages.0.layers.1.dwconv.weight]
Loading weights:   4%|▍         | 15/342 [00:00<00:00, 2060.21it/s, Materializing param=encoder.stages.0.layers.1.dwconv.weight]
Loading weights:   5%|▍         | 16/342 [00:00<00:00, 1823.16it/s, Materializing param=encoder.stages.0.layers.1.layer_scale_parameter]
Loading weights:   5%|▍         | 16/342 [00:00<00:00, 1797.77it/s, Materializing param=encoder.stages.0.layers.1.layer_scale_parameter]
Loading weights:   5%|▍         | 17/342 [00:00<00:00, 1795.19it/s, Materializing param=encoder.stages.0.layers.1.layernorm.bias]       
Loading weights:   5%|▍         | 17/342 [00:00<00:00, 1766.59it/s, Materializing param=encoder.stages.0.layers.1.layernorm.bias]
Loading weights:   5%|▌         | 18/342 [00:00<00:00, 1654.16it/s, Materializing param=encoder.stages.0.layers.1.layernorm.weight]
Loading weights:   5%|▌         | 18/342 [00:00<00:00, 1635.91it/s, Materializing param=encoder.stages.0.layers.1.layernorm.weight]
Loading weights:   6%|▌         | 19/342 [00:00<00:00, 1575.53it/s, Materializing param=encoder.stages.0.layers.1.pwconv1.bias]    
Loading weights:   6%|▌         | 19/342 [00:00<00:00, 1562.09it/s, Materializing param=encoder.stages.0.layers.1.pwconv1.bias]
Loading weights:   6%|▌         | 20/342 [00:00<00:00, 1499.73it/s, Materializing param=encoder.stages.0.layers.1.pwconv1.weight]
Loading weights:   6%|▌         | 20/342 [00:00<00:00, 1485.08it/s, Materializing param=encoder.stages.0.layers.1.pwconv1.weight]
Loading weights:   6%|▌         | 21/342 [00:00<00:00, 1508.54it/s, Materializing param=encoder.stages.0.layers.1.pwconv2.bias]  
Loading weights:   6%|▌         | 21/342 [00:00<00:00, 1496.08it/s, Materializing param=encoder.stages.0.layers.1.pwconv2.bias]
Loading weights:   6%|▋         | 22/342 [00:00<00:00, 1541.74it/s, Materializing param=encoder.stages.0.layers.1.pwconv2.weight]
Loading weights:   6%|▋         | 22/342 [00:00<00:00, 1530.56it/s, Materializing param=encoder.stages.0.layers.1.pwconv2.weight]
Loading weights:   7%|▋         | 23/342 [00:00<00:00, 1570.82it/s, Materializing param=encoder.stages.0.layers.2.dwconv.bias]   
Loading weights:   7%|▋         | 23/342 [00:00<00:00, 1560.08it/s, Materializing param=encoder.stages.0.layers.2.dwconv.bias]
Loading weights:   7%|▋         | 24/342 [00:00<00:00, 1566.60it/s, Materializing param=encoder.stages.0.layers.2.dwconv.weight]
Loading weights:   7%|▋         | 24/342 [00:00<00:00, 1555.46it/s, Materializing param=encoder.stages.0.layers.2.dwconv.weight]
Loading weights:   7%|▋         | 25/342 [00:00<00:00, 1508.57it/s, Materializing param=encoder.stages.0.layers.2.layer_scale_parameter]
Loading weights:   7%|▋         | 25/342 [00:00<00:00, 1497.54it/s, Materializing param=encoder.stages.0.layers.2.layer_scale_parameter]
Loading weights:   8%|▊         | 26/342 [00:00<00:00, 1477.93it/s, Materializing param=encoder.stages.0.layers.2.layernorm.bias]       
Loading weights:   8%|▊         | 26/342 [00:00<00:00, 1467.74it/s, Materializing param=encoder.stages.0.layers.2.layernorm.bias]
Loading weights:   8%|▊         | 27/342 [00:00<00:00, 1415.15it/s, Materializing param=encoder.stages.0.layers.2.layernorm.weight]
Loading weights:   8%|▊         | 27/342 [00:00<00:00, 1405.06it/s, Materializing param=encoder.stages.0.layers.2.layernorm.weight]
Loading weights:   8%|▊         | 28/342 [00:00<00:00, 1370.86it/s, Materializing param=encoder.stages.0.layers.2.pwconv1.bias]    
Loading weights:   8%|▊         | 28/342 [00:00<00:00, 1360.86it/s, Materializing param=encoder.stages.0.layers.2.pwconv1.bias]
Loading weights:   8%|▊         | 29/342 [00:00<00:00, 1379.20it/s, Materializing param=encoder.stages.0.layers.2.pwconv1.weight]
Loading weights:   8%|▊         | 29/342 [00:00<00:00, 1371.49it/s, Materializing param=encoder.stages.0.layers.2.pwconv1.weight]
Loading weights:   9%|▉         | 30/342 [00:00<00:00, 1337.34it/s, Materializing param=encoder.stages.0.layers.2.pwconv2.bias]  
Loading weights:   9%|▉         | 30/342 [00:00<00:00, 1330.36it/s, Materializing param=encoder.stages.0.layers.2.pwconv2.bias]
Loading weights:   9%|▉         | 31/342 [00:00<00:00, 1323.53it/s, Materializing param=encoder.stages.0.layers.2.pwconv2.weight]
Loading weights:   9%|▉         | 31/342 [00:00<00:00, 1291.99it/s, Materializing param=encoder.stages.0.layers.2.pwconv2.weight]
Loading weights:   9%|▉         | 32/342 [00:00<00:00, 1319.86it/s, Materializing param=encoder.stages.1.downsampling_layer.0.bias]
Loading weights:   9%|▉         | 32/342 [00:00<00:00, 1313.20it/s, Materializing param=encoder.stages.1.downsampling_layer.0.bias]
Loading weights:  10%|▉         | 33/342 [00:00<00:00, 1341.53it/s, Materializing param=encoder.stages.1.downsampling_layer.0.weight]
Loading weights:  10%|▉         | 33/342 [00:00<00:00, 1334.99it/s, Materializing param=encoder.stages.1.downsampling_layer.0.weight]
Loading weights:  10%|▉         | 34/342 [00:00<00:00, 1286.14it/s, Materializing param=encoder.stages.1.downsampling_layer.1.bias]  
Loading weights:  10%|▉         | 34/342 [00:00<00:00, 1279.51it/s, Materializing param=encoder.stages.1.downsampling_layer.1.bias]
Loading weights:  10%|█         | 35/342 [00:00<00:00, 1265.37it/s, Materializing param=encoder.stages.1.downsampling_layer.1.weight]
Loading weights:  10%|█         | 35/342 [00:00<00:00, 1259.90it/s, Materializing param=encoder.stages.1.downsampling_layer.1.weight]
Loading weights:  11%|█         | 36/342 [00:00<00:00, 1287.46it/s, Materializing param=encoder.stages.1.layers.0.dwconv.bias]       
Loading weights:  11%|█         | 36/342 [00:00<00:00, 1283.20it/s, Materializing param=encoder.stages.1.layers.0.dwconv.bias]
Loading weights:  11%|█         | 37/342 [00:00<00:00, 1311.36it/s, Materializing param=encoder.stages.1.layers.0.dwconv.weight]
Loading weights:  11%|█         | 37/342 [00:00<00:00, 1306.23it/s, Materializing param=encoder.stages.1.layers.0.dwconv.weight]
Loading weights:  11%|█         | 38/342 [00:00<00:00, 1333.83it/s, Materializing param=encoder.stages.1.layers.0.layer_scale_parameter]
Loading weights:  11%|█         | 38/342 [00:00<00:00, 1329.43it/s, Materializing param=encoder.stages.1.layers.0.layer_scale_parameter]
Loading weights:  11%|█▏        | 39/342 [00:00<00:00, 1356.94it/s, Materializing param=encoder.stages.1.layers.0.layernorm.bias]       
Loading weights:  11%|█▏        | 39/342 [00:00<00:00, 1352.36it/s, Materializing param=encoder.stages.1.layers.0.layernorm.bias]
Loading weights:  12%|█▏        | 40/342 [00:00<00:00, 1379.47it/s, Materializing param=encoder.stages.1.layers.0.layernorm.weight]
Loading weights:  12%|█▏        | 40/342 [00:00<00:00, 1375.27it/s, Materializing param=encoder.stages.1.layers.0.layernorm.weight]
Loading weights:  12%|█▏        | 41/342 [00:00<00:00, 1402.27it/s, Materializing param=encoder.stages.1.layers.0.pwconv1.bias]    
Loading weights:  12%|█▏        | 41/342 [00:00<00:00, 1396.99it/s, Materializing param=encoder.stages.1.layers.0.pwconv1.bias]
Loading weights:  12%|█▏        | 42/342 [00:00<00:00, 1423.25it/s, Materializing param=encoder.stages.1.layers.0.pwconv1.weight]
Loading weights:  12%|█▏        | 42/342 [00:00<00:00, 1419.04it/s, Materializing param=encoder.stages.1.layers.0.pwconv1.weight]
Loading weights:  13%|█▎        | 43/342 [00:00<00:00, 1444.84it/s, Materializing param=encoder.stages.1.layers.0.pwconv2.bias]  
Loading weights:  13%|█▎        | 43/342 [00:00<00:00, 1440.62it/s, Materializing param=encoder.stages.1.layers.0.pwconv2.bias]
Loading weights:  13%|█▎        | 44/342 [00:00<00:00, 1465.49it/s, Materializing param=encoder.stages.1.layers.0.pwconv2.weight]
Loading weights:  13%|█▎        | 44/342 [00:00<00:00, 1461.06it/s, Materializing param=encoder.stages.1.layers.0.pwconv2.weight]
Loading weights:  13%|█▎        | 45/342 [00:00<00:00, 1484.92it/s, Materializing param=encoder.stages.1.layers.1.dwconv.bias]   
Loading weights:  13%|█▎        | 45/342 [00:00<00:00, 1480.52it/s, Materializing param=encoder.stages.1.layers.1.dwconv.bias]
Loading weights:  13%|█▎        | 46/342 [00:00<00:00, 1504.27it/s, Materializing param=encoder.stages.1.layers.1.dwconv.weight]
Loading weights:  13%|█▎        | 46/342 [00:00<00:00, 1499.54it/s, Materializing param=encoder.stages.1.layers.1.dwconv.weight]
Loading weights:  14%|█▎        | 47/342 [00:00<00:00, 1523.14it/s, Materializing param=encoder.stages.1.layers.1.layer_scale_parameter]
Loading weights:  14%|█▎        | 47/342 [00:00<00:00, 1518.29it/s, Materializing param=encoder.stages.1.layers.1.layer_scale_parameter]
Loading weights:  14%|█▍        | 48/342 [00:00<00:00, 1542.30it/s, Materializing param=encoder.stages.1.layers.1.layernorm.bias]       
Loading weights:  14%|█▍        | 48/342 [00:00<00:00, 1537.60it/s, Materializing param=encoder.stages.1.layers.1.layernorm.bias]
Loading weights:  14%|█▍        | 49/342 [00:00<00:00, 1560.17it/s, Materializing param=encoder.stages.1.layers.1.layernorm.weight]
Loading weights:  14%|█▍        | 49/342 [00:00<00:00, 1555.32it/s, Materializing param=encoder.stages.1.layers.1.layernorm.weight]
Loading weights:  15%|█▍        | 50/342 [00:00<00:00, 1578.46it/s, Materializing param=encoder.stages.1.layers.1.pwconv1.bias]    
Loading weights:  15%|█▍        | 50/342 [00:00<00:00, 1573.30it/s, Materializing param=encoder.stages.1.layers.1.pwconv1.bias]
Loading weights:  15%|█▍        | 51/342 [00:00<00:00, 1596.33it/s, Materializing param=encoder.stages.1.layers.1.pwconv1.weight]
Loading weights:  15%|█▍        | 51/342 [00:00<00:00, 1591.73it/s, Materializing param=encoder.stages.1.layers.1.pwconv1.weight]
Loading weights:  15%|█▌        | 52/342 [00:00<00:00, 1614.76it/s, Materializing param=encoder.stages.1.layers.1.pwconv2.bias]  
Loading weights:  15%|█▌        | 52/342 [00:00<00:00, 1609.14it/s, Materializing param=encoder.stages.1.layers.1.pwconv2.bias]
Loading weights:  15%|█▌        | 53/342 [00:00<00:00, 1630.70it/s, Materializing param=encoder.stages.1.layers.1.pwconv2.weight]
Loading weights:  15%|█▌        | 53/342 [00:00<00:00, 1625.83it/s, Materializing param=encoder.stages.1.layers.1.pwconv2.weight]
Loading weights:  16%|█▌        | 54/342 [00:00<00:00, 1647.39it/s, Materializing param=encoder.stages.1.layers.2.dwconv.bias]   
Loading weights:  16%|█▌        | 54/342 [00:00<00:00, 1642.25it/s, Materializing param=encoder.stages.1.layers.2.dwconv.bias]
Loading weights:  16%|█▌        | 55/342 [00:00<00:00, 1664.65it/s, Materializing param=encoder.stages.1.layers.2.dwconv.weight]
Loading weights:  16%|█▌        | 55/342 [00:00<00:00, 1660.25it/s, Materializing param=encoder.stages.1.layers.2.dwconv.weight]
Loading weights:  16%|█▋        | 56/342 [00:00<00:00, 1680.11it/s, Materializing param=encoder.stages.1.layers.2.layer_scale_parameter]
Loading weights:  16%|█▋        | 56/342 [00:00<00:00, 1675.07it/s, Materializing param=encoder.stages.1.layers.2.layer_scale_parameter]
Loading weights:  17%|█▋        | 57/342 [00:00<00:00, 1696.22it/s, Materializing param=encoder.stages.1.layers.2.layernorm.bias]       
Loading weights:  17%|█▋        | 57/342 [00:00<00:00, 1691.72it/s, Materializing param=encoder.stages.1.layers.2.layernorm.bias]
Loading weights:  17%|█▋        | 58/342 [00:00<00:00, 1712.95it/s, Materializing param=encoder.stages.1.layers.2.layernorm.weight]
Loading weights:  17%|█▋        | 58/342 [00:00<00:00, 1708.44it/s, Materializing param=encoder.stages.1.layers.2.layernorm.weight]
Loading weights:  17%|█▋        | 59/342 [00:00<00:00, 1730.06it/s, Materializing param=encoder.stages.1.layers.2.pwconv1.bias]    
Loading weights:  17%|█▋        | 59/342 [00:00<00:00, 1725.64it/s, Materializing param=encoder.stages.1.layers.2.pwconv1.bias]
Loading weights:  18%|█▊        | 60/342 [00:00<00:00, 1745.81it/s, Materializing param=encoder.stages.1.layers.2.pwconv1.weight]
Loading weights:  18%|█▊        | 60/342 [00:00<00:00, 1741.25it/s, Materializing param=encoder.stages.1.layers.2.pwconv1.weight]
Loading weights:  18%|█▊        | 61/342 [00:00<00:00, 1762.17it/s, Materializing param=encoder.stages.1.layers.2.pwconv2.bias]  
Loading weights:  18%|█▊        | 61/342 [00:00<00:00, 1757.72it/s, Materializing param=encoder.stages.1.layers.2.pwconv2.bias]
Loading weights:  18%|█▊        | 62/342 [00:00<00:00, 1778.12it/s, Materializing param=encoder.stages.1.layers.2.pwconv2.weight]
Loading weights:  18%|█▊        | 62/342 [00:00<00:00, 1773.65it/s, Materializing param=encoder.stages.1.layers.2.pwconv2.weight]
Loading weights:  18%|█▊        | 63/342 [00:00<00:00, 1794.35it/s, Materializing param=encoder.stages.2.downsampling_layer.0.bias]
Loading weights:  18%|█▊        | 63/342 [00:00<00:00, 1789.91it/s, Materializing param=encoder.stages.2.downsampling_layer.0.bias]
Loading weights:  19%|█▊        | 64/342 [00:00<00:00, 1809.35it/s, Materializing param=encoder.stages.2.downsampling_layer.0.weight]
Loading weights:  19%|█▊        | 64/342 [00:00<00:00, 1804.01it/s, Materializing param=encoder.stages.2.downsampling_layer.0.weight]
Loading weights:  19%|█▉        | 65/342 [00:00<00:00, 1824.12it/s, Materializing param=encoder.stages.2.downsampling_layer.1.bias]  
Loading weights:  19%|█▉        | 65/342 [00:00<00:00, 1819.59it/s, Materializing param=encoder.stages.2.downsampling_layer.1.bias]
Loading weights:  19%|█▉        | 66/342 [00:00<00:00, 1839.19it/s, Materializing param=encoder.stages.2.downsampling_layer.1.weight]
Loading weights:  19%|█▉        | 66/342 [00:00<00:00, 1834.71it/s, Materializing param=encoder.stages.2.downsampling_layer.1.weight]
Loading weights:  20%|█▉        | 67/342 [00:00<00:00, 1854.66it/s, Materializing param=encoder.stages.2.layers.0.dwconv.bias]       
Loading weights:  20%|█▉        | 67/342 [00:00<00:00, 1850.28it/s, Materializing param=encoder.stages.2.layers.0.dwconv.bias]
Loading weights:  20%|█▉        | 68/342 [00:00<00:00, 1868.75it/s, Materializing param=encoder.stages.2.layers.0.dwconv.weight]
Loading weights:  20%|█▉        | 68/342 [00:00<00:00, 1864.17it/s, Materializing param=encoder.stages.2.layers.0.dwconv.weight]
Loading weights:  20%|██        | 69/342 [00:00<00:00, 1882.42it/s, Materializing param=encoder.stages.2.layers.0.layer_scale_parameter]
Loading weights:  20%|██        | 69/342 [00:00<00:00, 1877.05it/s, Materializing param=encoder.stages.2.layers.0.layer_scale_parameter]
Loading weights:  20%|██        | 70/342 [00:00<00:00, 1895.28it/s, Materializing param=encoder.stages.2.layers.0.layernorm.bias]       
Loading weights:  20%|██        | 70/342 [00:00<00:00, 1890.75it/s, Materializing param=encoder.stages.2.layers.0.layernorm.bias]
Loading weights:  21%|██        | 71/342 [00:00<00:00, 1909.77it/s, Materializing param=encoder.stages.2.layers.0.layernorm.weight]
Loading weights:  21%|██        | 71/342 [00:00<00:00, 1904.50it/s, Materializing param=encoder.stages.2.layers.0.layernorm.weight]
Loading weights:  21%|██        | 72/342 [00:00<00:00, 1922.85it/s, Materializing param=encoder.stages.2.layers.0.pwconv1.bias]    
Loading weights:  21%|██        | 72/342 [00:00<00:00, 1918.32it/s, Materializing param=encoder.stages.2.layers.0.pwconv1.bias]
Loading weights:  21%|██▏       | 73/342 [00:00<00:00, 1935.76it/s, Materializing param=encoder.stages.2.layers.0.pwconv1.weight]
Loading weights:  21%|██▏       | 73/342 [00:00<00:00, 1930.13it/s, Materializing param=encoder.stages.2.layers.0.pwconv1.weight]
Loading weights:  22%|██▏       | 74/342 [00:00<00:00, 1948.49it/s, Materializing param=encoder.stages.2.layers.0.pwconv2.bias]  
Loading weights:  22%|██▏       | 74/342 [00:00<00:00, 1944.05it/s, Materializing param=encoder.stages.2.layers.0.pwconv2.bias]
Loading weights:  22%|██▏       | 75/342 [00:00<00:00, 1962.38it/s, Materializing param=encoder.stages.2.layers.0.pwconv2.weight]
Loading weights:  22%|██▏       | 75/342 [00:00<00:00, 1956.99it/s, Materializing param=encoder.stages.2.layers.0.pwconv2.weight]
Loading weights:  22%|██▏       | 76/342 [00:00<00:00, 1974.76it/s, Materializing param=encoder.stages.2.layers.1.dwconv.bias]   
Loading weights:  22%|██▏       | 76/342 [00:00<00:00, 1970.23it/s, Materializing param=encoder.stages.2.layers.1.dwconv.bias]
Loading weights:  23%|██▎       | 77/342 [00:00<00:00, 1988.09it/s, Materializing param=encoder.stages.2.layers.1.dwconv.weight]
Loading weights:  23%|██▎       | 77/342 [00:00<00:00, 1981.07it/s, Materializing param=encoder.stages.2.layers.1.dwconv.weight]
Loading weights:  23%|██▎       | 78/342 [00:00<00:00, 1998.74it/s, Materializing param=encoder.stages.2.layers.1.layer_scale_parameter]
Loading weights:  23%|██▎       | 78/342 [00:00<00:00, 1994.10it/s, Materializing param=encoder.stages.2.layers.1.layer_scale_parameter]
Loading weights:  23%|██▎       | 79/342 [00:00<00:00, 2009.27it/s, Materializing param=encoder.stages.2.layers.1.layernorm.bias]       
Loading weights:  23%|██▎       | 79/342 [00:00<00:00, 2004.28it/s, Materializing param=encoder.stages.2.layers.1.layernorm.bias]
Loading weights:  23%|██▎       | 80/342 [00:00<00:00, 2020.82it/s, Materializing param=encoder.stages.2.layers.1.layernorm.weight]
Loading weights:  23%|██▎       | 80/342 [00:00<00:00, 2015.98it/s, Materializing param=encoder.stages.2.layers.1.layernorm.weight]
Loading weights:  24%|██▎       | 81/342 [00:00<00:00, 2032.25it/s, Materializing param=encoder.stages.2.layers.1.pwconv1.bias]    
Loading weights:  24%|██▎       | 81/342 [00:00<00:00, 2027.56it/s, Materializing param=encoder.stages.2.layers.1.pwconv1.bias]
Loading weights:  24%|██▍       | 82/342 [00:00<00:00, 2044.26it/s, Materializing param=encoder.stages.2.layers.1.pwconv1.weight]
Loading weights:  24%|██▍       | 82/342 [00:00<00:00, 2039.63it/s, Materializing param=encoder.stages.2.layers.1.pwconv1.weight]
Loading weights:  24%|██▍       | 83/342 [00:00<00:00, 2055.07it/s, Materializing param=encoder.stages.2.layers.1.pwconv2.bias]  
Loading weights:  24%|██▍       | 83/342 [00:00<00:00, 2050.22it/s, Materializing param=encoder.stages.2.layers.1.pwconv2.bias]
Loading weights:  25%|██▍       | 84/342 [00:00<00:00, 2066.33it/s, Materializing param=encoder.stages.2.layers.1.pwconv2.weight]
Loading weights:  25%|██▍       | 84/342 [00:00<00:00, 2061.60it/s, Materializing param=encoder.stages.2.layers.1.pwconv2.weight]
Loading weights:  25%|██▍       | 85/342 [00:00<00:00, 2077.32it/s, Materializing param=encoder.stages.2.layers.2.dwconv.bias]   
Loading weights:  25%|██▍       | 85/342 [00:00<00:00, 2072.59it/s, Materializing param=encoder.stages.2.layers.2.dwconv.bias]
Loading weights:  25%|██▌       | 86/342 [00:00<00:00, 2088.57it/s, Materializing param=encoder.stages.2.layers.2.dwconv.weight]
Loading weights:  25%|██▌       | 86/342 [00:00<00:00, 2082.55it/s, Materializing param=encoder.stages.2.layers.2.dwconv.weight]
Loading weights:  25%|██▌       | 87/342 [00:00<00:00, 2098.53it/s, Materializing param=encoder.stages.2.layers.2.layer_scale_parameter]
Loading weights:  25%|██▌       | 87/342 [00:00<00:00, 2093.97it/s, Materializing param=encoder.stages.2.layers.2.layer_scale_parameter]
Loading weights:  26%|██▌       | 88/342 [00:00<00:00, 2109.99it/s, Materializing param=encoder.stages.2.layers.2.layernorm.bias]       
Loading weights:  26%|██▌       | 88/342 [00:00<00:00, 2104.94it/s, Materializing param=encoder.stages.2.layers.2.layernorm.bias]
Loading weights:  26%|██▌       | 89/342 [00:00<00:00, 2119.69it/s, Materializing param=encoder.stages.2.layers.2.layernorm.weight]
Loading weights:  26%|██▌       | 89/342 [00:00<00:00, 2114.82it/s, Materializing param=encoder.stages.2.layers.2.layernorm.weight]
Loading weights:  26%|██▋       | 90/342 [00:00<00:00, 2130.10it/s, Materializing param=encoder.stages.2.layers.2.pwconv1.bias]    
Loading weights:  26%|██▋       | 90/342 [00:00<00:00, 2124.31it/s, Materializing param=encoder.stages.2.layers.2.pwconv1.bias]
Loading weights:  27%|██▋       | 91/342 [00:00<00:00, 2139.04it/s, Materializing param=encoder.stages.2.layers.2.pwconv1.weight]
Loading weights:  27%|██▋       | 91/342 [00:00<00:00, 2134.17it/s, Materializing param=encoder.stages.2.layers.2.pwconv1.weight]
Loading weights:  27%|██▋       | 92/342 [00:00<00:00, 2148.58it/s, Materializing param=encoder.stages.2.layers.2.pwconv2.bias]  
Loading weights:  27%|██▋       | 92/342 [00:00<00:00, 2143.81it/s, Materializing param=encoder.stages.2.layers.2.pwconv2.bias]
Loading weights:  27%|██▋       | 93/342 [00:00<00:00, 2158.71it/s, Materializing param=encoder.stages.2.layers.2.pwconv2.weight]
Loading weights:  27%|██▋       | 93/342 [00:00<00:00, 2154.23it/s, Materializing param=encoder.stages.2.layers.2.pwconv2.weight]
Loading weights:  27%|██▋       | 94/342 [00:00<00:00, 2168.48it/s, Materializing param=encoder.stages.2.layers.3.dwconv.bias]   
Loading weights:  27%|██▋       | 94/342 [00:00<00:00, 2163.92it/s, Materializing param=encoder.stages.2.layers.3.dwconv.bias]
Loading weights:  28%|██▊       | 95/342 [00:00<00:00, 2177.91it/s, Materializing param=encoder.stages.2.layers.3.dwconv.weight]
Loading weights:  28%|██▊       | 95/342 [00:00<00:00, 2172.69it/s, Materializing param=encoder.stages.2.layers.3.dwconv.weight]
Loading weights:  28%|██▊       | 96/342 [00:00<00:00, 2185.66it/s, Materializing param=encoder.stages.2.layers.3.layer_scale_parameter]
Loading weights:  28%|██▊       | 96/342 [00:00<00:00, 2180.87it/s, Materializing param=encoder.stages.2.layers.3.layer_scale_parameter]
Loading weights:  28%|██▊       | 97/342 [00:00<00:00, 2195.33it/s, Materializing param=encoder.stages.2.layers.3.layernorm.bias]       
Loading weights:  28%|██▊       | 97/342 [00:00<00:00, 2189.60it/s, Materializing param=encoder.stages.2.layers.3.layernorm.bias]
Loading weights:  29%|██▊       | 98/342 [00:00<00:00, 2203.27it/s, Materializing param=encoder.stages.2.layers.3.layernorm.weight]
Loading weights:  29%|██▊       | 98/342 [00:00<00:00, 2198.47it/s, Materializing param=encoder.stages.2.layers.3.layernorm.weight]
Loading weights:  29%|██▉       | 99/342 [00:00<00:00, 2212.54it/s, Materializing param=encoder.stages.2.layers.3.pwconv1.bias]    
Loading weights:  29%|██▉       | 99/342 [00:00<00:00, 2207.28it/s, Materializing param=encoder.stages.2.layers.3.pwconv1.bias]
Loading weights:  29%|██▉       | 100/342 [00:00<00:00, 2221.84it/s, Materializing param=encoder.stages.2.layers.3.pwconv1.weight]
Loading weights:  29%|██▉       | 100/342 [00:00<00:00, 2217.54it/s, Materializing param=encoder.stages.2.layers.3.pwconv1.weight]
Loading weights:  30%|██▉       | 101/342 [00:00<00:00, 2231.19it/s, Materializing param=encoder.stages.2.layers.3.pwconv2.bias]  
Loading weights:  30%|██▉       | 101/342 [00:00<00:00, 2226.69it/s, Materializing param=encoder.stages.2.layers.3.pwconv2.bias]
Loading weights:  30%|██▉       | 102/342 [00:00<00:00, 2240.75it/s, Materializing param=encoder.stages.2.layers.3.pwconv2.weight]
Loading weights:  30%|██▉       | 102/342 [00:00<00:00, 2236.39it/s, Materializing param=encoder.stages.2.layers.3.pwconv2.weight]
Loading weights:  30%|███       | 103/342 [00:00<00:00, 2250.30it/s, Materializing param=encoder.stages.2.layers.4.dwconv.bias]   
Loading weights:  30%|███       | 103/342 [00:00<00:00, 2246.00it/s, Materializing param=encoder.stages.2.layers.4.dwconv.bias]
Loading weights:  30%|███       | 104/342 [00:00<00:00, 2260.12it/s, Materializing param=encoder.stages.2.layers.4.dwconv.weight]
Loading weights:  30%|███       | 104/342 [00:00<00:00, 2255.87it/s, Materializing param=encoder.stages.2.layers.4.dwconv.weight]
Loading weights:  31%|███       | 105/342 [00:00<00:00, 2269.14it/s, Materializing param=encoder.stages.2.layers.4.layer_scale_parameter]
Loading weights:  31%|███       | 105/342 [00:00<00:00, 2264.56it/s, Materializing param=encoder.stages.2.layers.4.layer_scale_parameter]
Loading weights:  31%|███       | 106/342 [00:00<00:00, 2278.20it/s, Materializing param=encoder.stages.2.layers.4.layernorm.bias]       
Loading weights:  31%|███       | 106/342 [00:00<00:00, 2273.79it/s, Materializing param=encoder.stages.2.layers.4.layernorm.bias]
Loading weights:  31%|███▏      | 107/342 [00:00<00:00, 2285.91it/s, Materializing param=encoder.stages.2.layers.4.layernorm.weight]
Loading weights:  31%|███▏      | 107/342 [00:00<00:00, 2281.27it/s, Materializing param=encoder.stages.2.layers.4.layernorm.weight]
Loading weights:  32%|███▏      | 108/342 [00:00<00:00, 2294.19it/s, Materializing param=encoder.stages.2.layers.4.pwconv1.bias]    
Loading weights:  32%|███▏      | 108/342 [00:00<00:00, 2289.91it/s, Materializing param=encoder.stages.2.layers.4.pwconv1.bias]
Loading weights:  32%|███▏      | 109/342 [00:00<00:00, 2302.38it/s, Materializing param=encoder.stages.2.layers.4.pwconv1.weight]
Loading weights:  32%|███▏      | 109/342 [00:00<00:00, 2297.91it/s, Materializing param=encoder.stages.2.layers.4.pwconv1.weight]
Loading weights:  32%|███▏      | 110/342 [00:00<00:00, 2311.25it/s, Materializing param=encoder.stages.2.layers.4.pwconv2.bias]  
Loading weights:  32%|███▏      | 110/342 [00:00<00:00, 2307.01it/s, Materializing param=encoder.stages.2.layers.4.pwconv2.bias]
Loading weights:  32%|███▏      | 111/342 [00:00<00:00, 2318.41it/s, Materializing param=encoder.stages.2.layers.4.pwconv2.weight]
Loading weights:  32%|███▏      | 111/342 [00:00<00:00, 2314.13it/s, Materializing param=encoder.stages.2.layers.4.pwconv2.weight]
Loading weights:  33%|███▎      | 112/342 [00:00<00:00, 2327.51it/s, Materializing param=encoder.stages.2.layers.5.dwconv.bias]   
Loading weights:  33%|███▎      | 112/342 [00:00<00:00, 2323.28it/s, Materializing param=encoder.stages.2.layers.5.dwconv.bias]
Loading weights:  33%|███▎      | 113/342 [00:00<00:00, 2333.98it/s, Materializing param=encoder.stages.2.layers.5.dwconv.weight]
Loading weights:  33%|███▎      | 113/342 [00:00<00:00, 2329.28it/s, Materializing param=encoder.stages.2.layers.5.dwconv.weight]
Loading weights:  33%|███▎      | 114/342 [00:00<00:00, 2341.71it/s, Materializing param=encoder.stages.2.layers.5.layer_scale_parameter]
Loading weights:  33%|███▎      | 114/342 [00:00<00:00, 2336.72it/s, Materializing param=encoder.stages.2.layers.5.layer_scale_parameter]
Loading weights:  34%|███▎      | 115/342 [00:00<00:00, 2349.04it/s, Materializing param=encoder.stages.2.layers.5.layernorm.bias]       
Loading weights:  34%|███▎      | 115/342 [00:00<00:00, 2344.47it/s, Materializing param=encoder.stages.2.layers.5.layernorm.bias]
Loading weights:  34%|███▍      | 116/342 [00:00<00:00, 2356.83it/s, Materializing param=encoder.stages.2.layers.5.layernorm.weight]
Loading weights:  34%|███▍      | 116/342 [00:00<00:00, 2351.37it/s, Materializing param=encoder.stages.2.layers.5.layernorm.weight]
Loading weights:  34%|███▍      | 117/342 [00:00<00:00, 2363.34it/s, Materializing param=encoder.stages.2.layers.5.pwconv1.bias]    
Loading weights:  34%|███▍      | 117/342 [00:00<00:00, 2358.38it/s, Materializing param=encoder.stages.2.layers.5.pwconv1.bias]
Loading weights:  35%|███▍      | 118/342 [00:00<00:00, 2369.61it/s, Materializing param=encoder.stages.2.layers.5.pwconv1.weight]
Loading weights:  35%|███▍      | 118/342 [00:00<00:00, 2365.07it/s, Materializing param=encoder.stages.2.layers.5.pwconv1.weight]
Loading weights:  35%|███▍      | 119/342 [00:00<00:00, 2377.21it/s, Materializing param=encoder.stages.2.layers.5.pwconv2.bias]  
Loading weights:  35%|███▍      | 119/342 [00:00<00:00, 2372.85it/s, Materializing param=encoder.stages.2.layers.5.pwconv2.bias]
Loading weights:  35%|███▌      | 120/342 [00:00<00:00, 2383.52it/s, Materializing param=encoder.stages.2.layers.5.pwconv2.weight]
Loading weights:  35%|███▌      | 120/342 [00:00<00:00, 2379.18it/s, Materializing param=encoder.stages.2.layers.5.pwconv2.weight]
Loading weights:  35%|███▌      | 121/342 [00:00<00:00, 2391.50it/s, Materializing param=encoder.stages.2.layers.6.dwconv.bias]   
Loading weights:  35%|███▌      | 121/342 [00:00<00:00, 2387.38it/s, Materializing param=encoder.stages.2.layers.6.dwconv.bias]
Loading weights:  36%|███▌      | 122/342 [00:00<00:00, 2399.37it/s, Materializing param=encoder.stages.2.layers.6.dwconv.weight]
Loading weights:  36%|███▌      | 122/342 [00:00<00:00, 2395.08it/s, Materializing param=encoder.stages.2.layers.6.dwconv.weight]
Loading weights:  36%|███▌      | 123/342 [00:00<00:00, 2407.34it/s, Materializing param=encoder.stages.2.layers.6.layer_scale_parameter]
Loading weights:  36%|███▌      | 123/342 [00:00<00:00, 2403.12it/s, Materializing param=encoder.stages.2.layers.6.layer_scale_parameter]
Loading weights:  36%|███▋      | 124/342 [00:00<00:00, 2414.27it/s, Materializing param=encoder.stages.2.layers.6.layernorm.bias]       
Loading weights:  36%|███▋      | 124/342 [00:00<00:00, 2410.04it/s, Materializing param=encoder.stages.2.layers.6.layernorm.bias]
Loading weights:  37%|███▋      | 125/342 [00:00<00:00, 2422.01it/s, Materializing param=encoder.stages.2.layers.6.layernorm.weight]
Loading weights:  37%|███▋      | 125/342 [00:00<00:00, 2417.85it/s, Materializing param=encoder.stages.2.layers.6.layernorm.weight]
Loading weights:  37%|███▋      | 126/342 [00:00<00:00, 2429.51it/s, Materializing param=encoder.stages.2.layers.6.pwconv1.bias]    
Loading weights:  37%|███▋      | 126/342 [00:00<00:00, 2425.45it/s, Materializing param=encoder.stages.2.layers.6.pwconv1.bias]
Loading weights:  37%|███▋      | 127/342 [00:00<00:00, 2437.58it/s, Materializing param=encoder.stages.2.layers.6.pwconv1.weight]
Loading weights:  37%|███▋      | 127/342 [00:00<00:00, 2433.51it/s, Materializing param=encoder.stages.2.layers.6.pwconv1.weight]
Loading weights:  37%|███▋      | 128/342 [00:00<00:00, 2444.46it/s, Materializing param=encoder.stages.2.layers.6.pwconv2.bias]  
Loading weights:  37%|███▋      | 128/342 [00:00<00:00, 2439.71it/s, Materializing param=encoder.stages.2.layers.6.pwconv2.bias]
Loading weights:  38%|███▊      | 129/342 [00:00<00:00, 2451.11it/s, Materializing param=encoder.stages.2.layers.6.pwconv2.weight]
Loading weights:  38%|███▊      | 129/342 [00:00<00:00, 2446.95it/s, Materializing param=encoder.stages.2.layers.6.pwconv2.weight]
Loading weights:  38%|███▊      | 130/342 [00:00<00:00, 2458.15it/s, Materializing param=encoder.stages.2.layers.7.dwconv.bias]   
Loading weights:  38%|███▊      | 130/342 [00:00<00:00, 2453.97it/s, Materializing param=encoder.stages.2.layers.7.dwconv.bias]
Loading weights:  38%|███▊      | 131/342 [00:00<00:00, 2465.39it/s, Materializing param=encoder.stages.2.layers.7.dwconv.weight]
Loading weights:  38%|███▊      | 131/342 [00:00<00:00, 2461.24it/s, Materializing param=encoder.stages.2.layers.7.dwconv.weight]
Loading weights:  39%|███▊      | 132/342 [00:00<00:00, 2471.58it/s, Materializing param=encoder.stages.2.layers.7.layer_scale_parameter]
Loading weights:  39%|███▊      | 132/342 [00:00<00:00, 2467.27it/s, Materializing param=encoder.stages.2.layers.7.layer_scale_parameter]
Loading weights:  39%|███▉      | 133/342 [00:00<00:00, 2478.47it/s, Materializing param=encoder.stages.2.layers.7.layernorm.bias]       
Loading weights:  39%|███▉      | 133/342 [00:00<00:00, 2473.98it/s, Materializing param=encoder.stages.2.layers.7.layernorm.bias]
Loading weights:  39%|███▉      | 134/342 [00:00<00:00, 2484.07it/s, Materializing param=encoder.stages.2.layers.7.layernorm.weight]
Loading weights:  39%|███▉      | 134/342 [00:00<00:00, 2479.64it/s, Materializing param=encoder.stages.2.layers.7.layernorm.weight]
Loading weights:  39%|███▉      | 135/342 [00:00<00:00, 2490.42it/s, Materializing param=encoder.stages.2.layers.7.pwconv1.bias]    
Loading weights:  39%|███▉      | 135/342 [00:00<00:00, 2485.22it/s, Materializing param=encoder.stages.2.layers.7.pwconv1.bias]
Loading weights:  40%|███▉      | 136/342 [00:00<00:00, 2495.50it/s, Materializing param=encoder.stages.2.layers.7.pwconv1.weight]
Loading weights:  40%|███▉      | 136/342 [00:00<00:00, 2491.06it/s, Materializing param=encoder.stages.2.layers.7.pwconv1.weight]
Loading weights:  40%|████      | 137/342 [00:00<00:00, 2501.21it/s, Materializing param=encoder.stages.2.layers.7.pwconv2.bias]  
Loading weights:  40%|████      | 137/342 [00:00<00:00, 2496.87it/s, Materializing param=encoder.stages.2.layers.7.pwconv2.bias]
Loading weights:  40%|████      | 138/342 [00:00<00:00, 2507.42it/s, Materializing param=encoder.stages.2.layers.7.pwconv2.weight]
Loading weights:  40%|████      | 138/342 [00:00<00:00, 2502.83it/s, Materializing param=encoder.stages.2.layers.7.pwconv2.weight]
Loading weights:  41%|████      | 139/342 [00:00<00:00, 2512.97it/s, Materializing param=encoder.stages.2.layers.8.dwconv.bias]   
Loading weights:  41%|████      | 139/342 [00:00<00:00, 2508.79it/s, Materializing param=encoder.stages.2.layers.8.dwconv.bias]
Loading weights:  41%|████      | 140/342 [00:00<00:00, 2519.50it/s, Materializing param=encoder.stages.2.layers.8.dwconv.weight]
Loading weights:  41%|████      | 140/342 [00:00<00:00, 2515.41it/s, Materializing param=encoder.stages.2.layers.8.dwconv.weight]
Loading weights:  41%|████      | 141/342 [00:00<00:00, 2525.84it/s, Materializing param=encoder.stages.2.layers.8.layer_scale_parameter]
Loading weights:  41%|████      | 141/342 [00:00<00:00, 2521.70it/s, Materializing param=encoder.stages.2.layers.8.layer_scale_parameter]
Loading weights:  42%|████▏     | 142/342 [00:00<00:00, 2532.58it/s, Materializing param=encoder.stages.2.layers.8.layernorm.bias]       
Loading weights:  42%|████▏     | 142/342 [00:00<00:00, 2527.65it/s, Materializing param=encoder.stages.2.layers.8.layernorm.bias]
Loading weights:  42%|████▏     | 143/342 [00:00<00:00, 2536.92it/s, Materializing param=encoder.stages.2.layers.8.layernorm.weight]
Loading weights:  42%|████▏     | 143/342 [00:00<00:00, 2532.47it/s, Materializing param=encoder.stages.2.layers.8.layernorm.weight]
Loading weights:  42%|████▏     | 144/342 [00:00<00:00, 2542.43it/s, Materializing param=encoder.stages.2.layers.8.pwconv1.bias]    
Loading weights:  42%|████▏     | 144/342 [00:00<00:00, 2538.16it/s, Materializing param=encoder.stages.2.layers.8.pwconv1.bias]
Loading weights:  42%|████▏     | 145/342 [00:00<00:00, 2547.78it/s, Materializing param=encoder.stages.2.layers.8.pwconv1.weight]
Loading weights:  42%|████▏     | 145/342 [00:00<00:00, 2543.29it/s, Materializing param=encoder.stages.2.layers.8.pwconv1.weight]
Loading weights:  43%|████▎     | 146/342 [00:00<00:00, 2553.85it/s, Materializing param=encoder.stages.2.layers.8.pwconv2.bias]  
Loading weights:  43%|████▎     | 146/342 [00:00<00:00, 2549.98it/s, Materializing param=encoder.stages.2.layers.8.pwconv2.bias]
Loading weights:  43%|████▎     | 147/342 [00:00<00:00, 2559.38it/s, Materializing param=encoder.stages.2.layers.8.pwconv2.weight]
Loading weights:  43%|████▎     | 147/342 [00:00<00:00, 2555.39it/s, Materializing param=encoder.stages.2.layers.8.pwconv2.weight]
Loading weights:  43%|████▎     | 148/342 [00:00<00:00, 2565.65it/s, Materializing param=encoder.stages.2.layers.9.dwconv.bias]   
Loading weights:  43%|████▎     | 148/342 [00:00<00:00, 2561.44it/s, Materializing param=encoder.stages.2.layers.9.dwconv.bias]
Loading weights:  44%|████▎     | 149/342 [00:00<00:00, 2571.61it/s, Materializing param=encoder.stages.2.layers.9.dwconv.weight]
Loading weights:  44%|████▎     | 149/342 [00:00<00:00, 2567.67it/s, Materializing param=encoder.stages.2.layers.9.dwconv.weight]
Loading weights:  44%|████▍     | 150/342 [00:00<00:00, 2577.96it/s, Materializing param=encoder.stages.2.layers.9.layer_scale_parameter]
Loading weights:  44%|████▍     | 150/342 [00:00<00:00, 2573.08it/s, Materializing param=encoder.stages.2.layers.9.layer_scale_parameter]
Loading weights:  44%|████▍     | 151/342 [00:00<00:00, 2582.89it/s, Materializing param=encoder.stages.2.layers.9.layernorm.bias]       
Loading weights:  44%|████▍     | 151/342 [00:00<00:00, 2578.82it/s, Materializing param=encoder.stages.2.layers.9.layernorm.bias]
Loading weights:  44%|████▍     | 152/342 [00:00<00:00, 2587.83it/s, Materializing param=encoder.stages.2.layers.9.layernorm.weight]
Loading weights:  44%|████▍     | 152/342 [00:00<00:00, 2583.28it/s, Materializing param=encoder.stages.2.layers.9.layernorm.weight]
Loading weights:  45%|████▍     | 153/342 [00:00<00:00, 2592.52it/s, Materializing param=encoder.stages.2.layers.9.pwconv1.bias]    
Loading weights:  45%|████▍     | 153/342 [00:00<00:00, 2588.61it/s, Materializing param=encoder.stages.2.layers.9.pwconv1.bias]
Loading weights:  45%|████▌     | 154/342 [00:00<00:00, 2596.65it/s, Materializing param=encoder.stages.2.layers.9.pwconv1.weight]
Loading weights:  45%|████▌     | 154/342 [00:00<00:00, 2592.38it/s, Materializing param=encoder.stages.2.layers.9.pwconv1.weight]
Loading weights:  45%|████▌     | 155/342 [00:00<00:00, 2601.57it/s, Materializing param=encoder.stages.2.layers.9.pwconv2.bias]  
Loading weights:  45%|████▌     | 155/342 [00:00<00:00, 2597.42it/s, Materializing param=encoder.stages.2.layers.9.pwconv2.bias]
Loading weights:  46%|████▌     | 156/342 [00:00<00:00, 2606.50it/s, Materializing param=encoder.stages.2.layers.9.pwconv2.weight]
Loading weights:  46%|████▌     | 156/342 [00:00<00:00, 2602.33it/s, Materializing param=encoder.stages.2.layers.9.pwconv2.weight]
Loading weights:  46%|████▌     | 157/342 [00:00<00:00, 2611.72it/s, Materializing param=encoder.stages.2.layers.10.dwconv.bias]  
Loading weights:  46%|████▌     | 157/342 [00:00<00:00, 2607.66it/s, Materializing param=encoder.stages.2.layers.10.dwconv.bias]
Loading weights:  46%|████▌     | 158/342 [00:00<00:00, 2615.69it/s, Materializing param=encoder.stages.2.layers.10.dwconv.weight]
Loading weights:  46%|████▌     | 158/342 [00:00<00:00, 2611.76it/s, Materializing param=encoder.stages.2.layers.10.dwconv.weight]
Loading weights:  46%|████▋     | 159/342 [00:00<00:00, 2621.31it/s, Materializing param=encoder.stages.2.layers.10.layer_scale_parameter]
Loading weights:  46%|████▋     | 159/342 [00:00<00:00, 2617.07it/s, Materializing param=encoder.stages.2.layers.10.layer_scale_parameter]
Loading weights:  47%|████▋     | 160/342 [00:00<00:00, 2626.56it/s, Materializing param=encoder.stages.2.layers.10.layernorm.bias]       
Loading weights:  47%|████▋     | 160/342 [00:00<00:00, 2622.68it/s, Materializing param=encoder.stages.2.layers.10.layernorm.bias]
Loading weights:  47%|████▋     | 161/342 [00:00<00:00, 2632.32it/s, Materializing param=encoder.stages.2.layers.10.layernorm.weight]
Loading weights:  47%|████▋     | 161/342 [00:00<00:00, 2627.83it/s, Materializing param=encoder.stages.2.layers.10.layernorm.weight]
Loading weights:  47%|████▋     | 162/342 [00:00<00:00, 2637.01it/s, Materializing param=encoder.stages.2.layers.10.pwconv1.bias]    
Loading weights:  47%|████▋     | 162/342 [00:00<00:00, 2633.20it/s, Materializing param=encoder.stages.2.layers.10.pwconv1.bias]
Loading weights:  48%|████▊     | 163/342 [00:00<00:00, 2642.61it/s, Materializing param=encoder.stages.2.layers.10.pwconv1.weight]
Loading weights:  48%|████▊     | 163/342 [00:00<00:00, 2638.36it/s, Materializing param=encoder.stages.2.layers.10.pwconv1.weight]
Loading weights:  48%|████▊     | 164/342 [00:00<00:00, 2647.76it/s, Materializing param=encoder.stages.2.layers.10.pwconv2.bias]  
Loading weights:  48%|████▊     | 164/342 [00:00<00:00, 2644.01it/s, Materializing param=encoder.stages.2.layers.10.pwconv2.bias]
Loading weights:  48%|████▊     | 165/342 [00:00<00:00, 2653.51it/s, Materializing param=encoder.stages.2.layers.10.pwconv2.weight]
Loading weights:  48%|████▊     | 165/342 [00:00<00:00, 2649.01it/s, Materializing param=encoder.stages.2.layers.10.pwconv2.weight]
Loading weights:  49%|████▊     | 166/342 [00:00<00:00, 2657.10it/s, Materializing param=encoder.stages.2.layers.11.dwconv.bias]   
Loading weights:  49%|████▊     | 166/342 [00:00<00:00, 2653.04it/s, Materializing param=encoder.stages.2.layers.11.dwconv.bias]
Loading weights:  49%|████▉     | 167/342 [00:00<00:00, 2661.74it/s, Materializing param=encoder.stages.2.layers.11.dwconv.weight]
Loading weights:  49%|████▉     | 167/342 [00:00<00:00, 2657.40it/s, Materializing param=encoder.stages.2.layers.11.dwconv.weight]
Loading weights:  49%|████▉     | 168/342 [00:00<00:00, 2666.19it/s, Materializing param=encoder.stages.2.layers.11.layer_scale_parameter]
Loading weights:  49%|████▉     | 168/342 [00:00<00:00, 2662.18it/s, Materializing param=encoder.stages.2.layers.11.layer_scale_parameter]
Loading weights:  49%|████▉     | 169/342 [00:00<00:00, 2670.23it/s, Materializing param=encoder.stages.2.layers.11.layernorm.bias]       
Loading weights:  49%|████▉     | 169/342 [00:00<00:00, 2666.13it/s, Materializing param=encoder.stages.2.layers.11.layernorm.bias]
Loading weights:  50%|████▉     | 170/342 [00:00<00:00, 2674.66it/s, Materializing param=encoder.stages.2.layers.11.layernorm.weight]
Loading weights:  50%|████▉     | 170/342 [00:00<00:00, 2670.36it/s, Materializing param=encoder.stages.2.layers.11.layernorm.weight]
Loading weights:  50%|█████     | 171/342 [00:00<00:00, 2679.06it/s, Materializing param=encoder.stages.2.layers.11.pwconv1.bias]    
Loading weights:  50%|█████     | 171/342 [00:00<00:00, 2675.31it/s, Materializing param=encoder.stages.2.layers.11.pwconv1.bias]
Loading weights:  50%|█████     | 172/342 [00:00<00:00, 2683.49it/s, Materializing param=encoder.stages.2.layers.11.pwconv1.weight]
Loading weights:  50%|█████     | 172/342 [00:00<00:00, 2679.57it/s, Materializing param=encoder.stages.2.layers.11.pwconv1.weight]
Loading weights:  51%|█████     | 173/342 [00:00<00:00, 2687.18it/s, Materializing param=encoder.stages.2.layers.11.pwconv2.bias]  
Loading weights:  51%|█████     | 173/342 [00:00<00:00, 2683.12it/s, Materializing param=encoder.stages.2.layers.11.pwconv2.bias]
Loading weights:  51%|█████     | 174/342 [00:00<00:00, 2691.53it/s, Materializing param=encoder.stages.2.layers.11.pwconv2.weight]
Loading weights:  51%|█████     | 174/342 [00:00<00:00, 2687.62it/s, Materializing param=encoder.stages.2.layers.11.pwconv2.weight]
Loading weights:  51%|█████     | 175/342 [00:00<00:00, 2695.63it/s, Materializing param=encoder.stages.2.layers.12.dwconv.bias]   
Loading weights:  51%|█████     | 175/342 [00:00<00:00, 2691.46it/s, Materializing param=encoder.stages.2.layers.12.dwconv.bias]
Loading weights:  51%|█████▏    | 176/342 [00:00<00:00, 2700.32it/s, Materializing param=encoder.stages.2.layers.12.dwconv.weight]
Loading weights:  51%|█████▏    | 176/342 [00:00<00:00, 2696.02it/s, Materializing param=encoder.stages.2.layers.12.dwconv.weight]
Loading weights:  52%|█████▏    | 177/342 [00:00<00:00, 2704.49it/s, Materializing param=encoder.stages.2.layers.12.layer_scale_parameter]
Loading weights:  52%|█████▏    | 177/342 [00:00<00:00, 2700.71it/s, Materializing param=encoder.stages.2.layers.12.layer_scale_parameter]
Loading weights:  52%|█████▏    | 178/342 [00:00<00:00, 2709.39it/s, Materializing param=encoder.stages.2.layers.12.layernorm.bias]       
Loading weights:  52%|█████▏    | 178/342 [00:00<00:00, 2705.40it/s, Materializing param=encoder.stages.2.layers.12.layernorm.bias]
Loading weights:  52%|█████▏    | 179/342 [00:00<00:00, 2714.00it/s, Materializing param=encoder.stages.2.layers.12.layernorm.weight]
Loading weights:  52%|█████▏    | 179/342 [00:00<00:00, 2710.26it/s, Materializing param=encoder.stages.2.layers.12.layernorm.weight]
Loading weights:  53%|█████▎    | 180/342 [00:00<00:00, 2718.96it/s, Materializing param=encoder.stages.2.layers.12.pwconv1.bias]    
Loading weights:  53%|█████▎    | 180/342 [00:00<00:00, 2713.80it/s, Materializing param=encoder.stages.2.layers.12.pwconv1.bias]
Loading weights:  53%|█████▎    | 181/342 [00:00<00:00, 2721.69it/s, Materializing param=encoder.stages.2.layers.12.pwconv1.weight]
Loading weights:  53%|█████▎    | 181/342 [00:00<00:00, 2717.79it/s, Materializing param=encoder.stages.2.layers.12.pwconv1.weight]
Loading weights:  53%|█████▎    | 182/342 [00:00<00:00, 2725.62it/s, Materializing param=encoder.stages.2.layers.12.pwconv2.bias]  
Loading weights:  53%|█████▎    | 182/342 [00:00<00:00, 2721.76it/s, Materializing param=encoder.stages.2.layers.12.pwconv2.bias]
Loading weights:  54%|█████▎    | 183/342 [00:00<00:00, 2729.97it/s, Materializing param=encoder.stages.2.layers.12.pwconv2.weight]
Loading weights:  54%|█████▎    | 183/342 [00:00<00:00, 2726.17it/s, Materializing param=encoder.stages.2.layers.12.pwconv2.weight]
Loading weights:  54%|█████▍    | 184/342 [00:00<00:00, 2733.50it/s, Materializing param=encoder.stages.2.layers.13.dwconv.bias]   
Loading weights:  54%|█████▍    | 184/342 [00:00<00:00, 2729.55it/s, Materializing param=encoder.stages.2.layers.13.dwconv.bias]
Loading weights:  54%|█████▍    | 185/342 [00:00<00:00, 2737.24it/s, Materializing param=encoder.stages.2.layers.13.dwconv.weight]
Loading weights:  54%|█████▍    | 185/342 [00:00<00:00, 2733.61it/s, Materializing param=encoder.stages.2.layers.13.dwconv.weight]
Loading weights:  54%|█████▍    | 186/342 [00:00<00:00, 2740.53it/s, Materializing param=encoder.stages.2.layers.13.layer_scale_parameter]
Loading weights:  54%|█████▍    | 186/342 [00:00<00:00, 2736.14it/s, Materializing param=encoder.stages.2.layers.13.layer_scale_parameter]
Loading weights:  55%|█████▍    | 187/342 [00:00<00:00, 2743.39it/s, Materializing param=encoder.stages.2.layers.13.layernorm.bias]       
Loading weights:  55%|█████▍    | 187/342 [00:00<00:00, 2738.41it/s, Materializing param=encoder.stages.2.layers.13.layernorm.bias]
Loading weights:  55%|█████▍    | 188/342 [00:00<00:00, 2745.21it/s, Materializing param=encoder.stages.2.layers.13.layernorm.weight]
Loading weights:  55%|█████▍    | 188/342 [00:00<00:00, 2740.95it/s, Materializing param=encoder.stages.2.layers.13.layernorm.weight]
Loading weights:  55%|█████▌    | 189/342 [00:00<00:00, 2747.70it/s, Materializing param=encoder.stages.2.layers.13.pwconv1.bias]    
Loading weights:  55%|█████▌    | 189/342 [00:00<00:00, 2743.45it/s, Materializing param=encoder.stages.2.layers.13.pwconv1.bias]
Loading weights:  56%|█████▌    | 190/342 [00:00<00:00, 2749.75it/s, Materializing param=encoder.stages.2.layers.13.pwconv1.weight]
Loading weights:  56%|█████▌    | 190/342 [00:00<00:00, 2745.94it/s, Materializing param=encoder.stages.2.layers.13.pwconv1.weight]
Loading weights:  56%|█████▌    | 191/342 [00:00<00:00, 2752.74it/s, Materializing param=encoder.stages.2.layers.13.pwconv2.bias]  
Loading weights:  56%|█████▌    | 191/342 [00:00<00:00, 2748.91it/s, Materializing param=encoder.stages.2.layers.13.pwconv2.bias]
Loading weights:  56%|█████▌    | 192/342 [00:00<00:00, 2756.61it/s, Materializing param=encoder.stages.2.layers.13.pwconv2.weight]
Loading weights:  56%|█████▌    | 192/342 [00:00<00:00, 2752.11it/s, Materializing param=encoder.stages.2.layers.13.pwconv2.weight]
Loading weights:  56%|█████▋    | 193/342 [00:00<00:00, 2759.04it/s, Materializing param=encoder.stages.2.layers.14.dwconv.bias]   
Loading weights:  56%|█████▋    | 193/342 [00:00<00:00, 2755.18it/s, Materializing param=encoder.stages.2.layers.14.dwconv.bias]
Loading weights:  57%|█████▋    | 194/342 [00:00<00:00, 2762.79it/s, Materializing param=encoder.stages.2.layers.14.dwconv.weight]
Loading weights:  57%|█████▋    | 194/342 [00:00<00:00, 2758.29it/s, Materializing param=encoder.stages.2.layers.14.dwconv.weight]
Loading weights:  57%|█████▋    | 195/342 [00:00<00:00, 2765.19it/s, Materializing param=encoder.stages.2.layers.14.layer_scale_parameter]
Loading weights:  57%|█████▋    | 195/342 [00:00<00:00, 2761.35it/s, Materializing param=encoder.stages.2.layers.14.layer_scale_parameter]
Loading weights:  57%|█████▋    | 196/342 [00:00<00:00, 2768.59it/s, Materializing param=encoder.stages.2.layers.14.layernorm.bias]       
Loading weights:  57%|█████▋    | 196/342 [00:00<00:00, 2764.80it/s, Materializing param=encoder.stages.2.layers.14.layernorm.bias]
Loading weights:  58%|█████▊    | 197/342 [00:00<00:00, 2772.34it/s, Materializing param=encoder.stages.2.layers.14.layernorm.weight]
Loading weights:  58%|█████▊    | 197/342 [00:00<00:00, 2768.66it/s, Materializing param=encoder.stages.2.layers.14.layernorm.weight]
Loading weights:  58%|█████▊    | 198/342 [00:00<00:00, 2775.34it/s, Materializing param=encoder.stages.2.layers.14.pwconv1.bias]    
Loading weights:  58%|█████▊    | 198/342 [00:00<00:00, 2771.11it/s, Materializing param=encoder.stages.2.layers.14.pwconv1.bias]
Loading weights:  58%|█████▊    | 199/342 [00:00<00:00, 2778.87it/s, Materializing param=encoder.stages.2.layers.14.pwconv1.weight]
Loading weights:  58%|█████▊    | 199/342 [00:00<00:00, 2775.38it/s, Materializing param=encoder.stages.2.layers.14.pwconv1.weight]
Loading weights:  58%|█████▊    | 200/342 [00:00<00:00, 2782.91it/s, Materializing param=encoder.stages.2.layers.14.pwconv2.bias]  
Loading weights:  58%|█████▊    | 200/342 [00:00<00:00, 2779.46it/s, Materializing param=encoder.stages.2.layers.14.pwconv2.bias]
Loading weights:  59%|█████▉    | 201/342 [00:00<00:00, 2787.35it/s, Materializing param=encoder.stages.2.layers.14.pwconv2.weight]
Loading weights:  59%|█████▉    | 201/342 [00:00<00:00, 2783.93it/s, Materializing param=encoder.stages.2.layers.14.pwconv2.weight]
Loading weights:  59%|█████▉    | 202/342 [00:00<00:00, 2790.87it/s, Materializing param=encoder.stages.2.layers.15.dwconv.bias]   
Loading weights:  59%|█████▉    | 202/342 [00:00<00:00, 2786.80it/s, Materializing param=encoder.stages.2.layers.15.dwconv.bias]
Loading weights:  59%|█████▉    | 203/342 [00:00<00:00, 2794.24it/s, Materializing param=encoder.stages.2.layers.15.dwconv.weight]
Loading weights:  59%|█████▉    | 203/342 [00:00<00:00, 2790.81it/s, Materializing param=encoder.stages.2.layers.15.dwconv.weight]
Loading weights:  60%|█████▉    | 204/342 [00:00<00:00, 2798.10it/s, Materializing param=encoder.stages.2.layers.15.layer_scale_parameter]
Loading weights:  60%|█████▉    | 204/342 [00:00<00:00, 2794.62it/s, Materializing param=encoder.stages.2.layers.15.layer_scale_parameter]
Loading weights:  60%|█████▉    | 205/342 [00:00<00:00, 2801.40it/s, Materializing param=encoder.stages.2.layers.15.layernorm.bias]       
Loading weights:  60%|█████▉    | 205/342 [00:00<00:00, 2796.89it/s, Materializing param=encoder.stages.2.layers.15.layernorm.bias]
Loading weights:  60%|██████    | 206/342 [00:00<00:00, 2803.51it/s, Materializing param=encoder.stages.2.layers.15.layernorm.weight]
Loading weights:  60%|██████    | 206/342 [00:00<00:00, 2799.73it/s, Materializing param=encoder.stages.2.layers.15.layernorm.weight]
Loading weights:  61%|██████    | 207/342 [00:00<00:00, 2806.21it/s, Materializing param=encoder.stages.2.layers.15.pwconv1.bias]    
Loading weights:  61%|██████    | 207/342 [00:00<00:00, 2802.37it/s, Materializing param=encoder.stages.2.layers.15.pwconv1.bias]
Loading weights:  61%|██████    | 208/342 [00:00<00:00, 2808.99it/s, Materializing param=encoder.stages.2.layers.15.pwconv1.weight]
Loading weights:  61%|██████    | 208/342 [00:00<00:00, 2805.51it/s, Materializing param=encoder.stages.2.layers.15.pwconv1.weight]
Loading weights:  61%|██████    | 209/342 [00:00<00:00, 2812.00it/s, Materializing param=encoder.stages.2.layers.15.pwconv2.bias]  
Loading weights:  61%|██████    | 209/342 [00:00<00:00, 2808.46it/s, Materializing param=encoder.stages.2.layers.15.pwconv2.bias]
Loading weights:  61%|██████▏   | 210/342 [00:00<00:00, 2815.55it/s, Materializing param=encoder.stages.2.layers.15.pwconv2.weight]
Loading weights:  61%|██████▏   | 210/342 [00:00<00:00, 2812.04it/s, Materializing param=encoder.stages.2.layers.15.pwconv2.weight]
Loading weights:  62%|██████▏   | 211/342 [00:00<00:00, 2818.41it/s, Materializing param=encoder.stages.2.layers.16.dwconv.bias]   
Loading weights:  62%|██████▏   | 211/342 [00:00<00:00, 2814.94it/s, Materializing param=encoder.stages.2.layers.16.dwconv.bias]
Loading weights:  62%|██████▏   | 212/342 [00:00<00:00, 2822.12it/s, Materializing param=encoder.stages.2.layers.16.dwconv.weight]
Loading weights:  62%|██████▏   | 212/342 [00:00<00:00, 2818.70it/s, Materializing param=encoder.stages.2.layers.16.dwconv.weight]
Loading weights:  62%|██████▏   | 213/342 [00:00<00:00, 2824.98it/s, Materializing param=encoder.stages.2.layers.16.layer_scale_parameter]
Loading weights:  62%|██████▏   | 213/342 [00:00<00:00, 2821.44it/s, Materializing param=encoder.stages.2.layers.16.layer_scale_parameter]
Loading weights:  63%|██████▎   | 214/342 [00:00<00:00, 2828.42it/s, Materializing param=encoder.stages.2.layers.16.layernorm.bias]       
Loading weights:  63%|██████▎   | 214/342 [00:00<00:00, 2824.72it/s, Materializing param=encoder.stages.2.layers.16.layernorm.bias]
Loading weights:  63%|██████▎   | 215/342 [00:00<00:00, 2831.60it/s, Materializing param=encoder.stages.2.layers.16.layernorm.weight]
Loading weights:  63%|██████▎   | 215/342 [00:00<00:00, 2828.14it/s, Materializing param=encoder.stages.2.layers.16.layernorm.weight]
Loading weights:  63%|██████▎   | 216/342 [00:00<00:00, 2835.26it/s, Materializing param=encoder.stages.2.layers.16.pwconv1.bias]    
Loading weights:  63%|██████▎   | 216/342 [00:00<00:00, 2831.20it/s, Materializing param=encoder.stages.2.layers.16.pwconv1.bias]
Loading weights:  63%|██████▎   | 217/342 [00:00<00:00, 2837.94it/s, Materializing param=encoder.stages.2.layers.16.pwconv1.weight]
Loading weights:  63%|██████▎   | 217/342 [00:00<00:00, 2834.55it/s, Materializing param=encoder.stages.2.layers.16.pwconv1.weight]
Loading weights:  64%|██████▎   | 218/342 [00:00<00:00, 2841.56it/s, Materializing param=encoder.stages.2.layers.16.pwconv2.bias]  
Loading weights:  64%|██████▎   | 218/342 [00:00<00:00, 2837.66it/s, Materializing param=encoder.stages.2.layers.16.pwconv2.bias]
Loading weights:  64%|██████▍   | 219/342 [00:00<00:00, 2844.33it/s, Materializing param=encoder.stages.2.layers.16.pwconv2.weight]
Loading weights:  64%|██████▍   | 219/342 [00:00<00:00, 2840.94it/s, Materializing param=encoder.stages.2.layers.16.pwconv2.weight]
Loading weights:  64%|██████▍   | 220/342 [00:00<00:00, 2847.23it/s, Materializing param=encoder.stages.2.layers.17.dwconv.bias]   
Loading weights:  64%|██████▍   | 220/342 [00:00<00:00, 2843.96it/s, Materializing param=encoder.stages.2.layers.17.dwconv.bias]
Loading weights:  65%|██████▍   | 221/342 [00:00<00:00, 2850.50it/s, Materializing param=encoder.stages.2.layers.17.dwconv.weight]
Loading weights:  65%|██████▍   | 221/342 [00:00<00:00, 2846.96it/s, Materializing param=encoder.stages.2.layers.17.dwconv.weight]
Loading weights:  65%|██████▍   | 222/342 [00:00<00:00, 2853.47it/s, Materializing param=encoder.stages.2.layers.17.layer_scale_parameter]
Loading weights:  65%|██████▍   | 222/342 [00:00<00:00, 2850.06it/s, Materializing param=encoder.stages.2.layers.17.layer_scale_parameter]
Loading weights:  65%|██████▌   | 223/342 [00:00<00:00, 2857.16it/s, Materializing param=encoder.stages.2.layers.17.layernorm.bias]       
Loading weights:  65%|██████▌   | 223/342 [00:00<00:00, 2853.94it/s, Materializing param=encoder.stages.2.layers.17.layernorm.bias]
Loading weights:  65%|██████▌   | 224/342 [00:00<00:00, 2860.04it/s, Materializing param=encoder.stages.2.layers.17.layernorm.weight]
Loading weights:  65%|██████▌   | 224/342 [00:00<00:00, 2856.63it/s, Materializing param=encoder.stages.2.layers.17.layernorm.weight]
Loading weights:  66%|██████▌   | 225/342 [00:00<00:00, 2863.59it/s, Materializing param=encoder.stages.2.layers.17.pwconv1.bias]    
Loading weights:  66%|██████▌   | 225/342 [00:00<00:00, 2860.36it/s, Materializing param=encoder.stages.2.layers.17.pwconv1.bias]
Loading weights:  66%|██████▌   | 226/342 [00:00<00:00, 2867.13it/s, Materializing param=encoder.stages.2.layers.17.pwconv1.weight]
Loading weights:  66%|██████▌   | 226/342 [00:00<00:00, 2863.97it/s, Materializing param=encoder.stages.2.layers.17.pwconv1.weight]
Loading weights:  66%|██████▋   | 227/342 [00:00<00:00, 2871.11it/s, Materializing param=encoder.stages.2.layers.17.pwconv2.bias]  
Loading weights:  66%|██████▋   | 227/342 [00:00<00:00, 2867.97it/s, Materializing param=encoder.stages.2.layers.17.pwconv2.bias]
Loading weights:  67%|██████▋   | 228/342 [00:00<00:00, 2874.31it/s, Materializing param=encoder.stages.2.layers.17.pwconv2.weight]
Loading weights:  67%|██████▋   | 228/342 [00:00<00:00, 2871.04it/s, Materializing param=encoder.stages.2.layers.17.pwconv2.weight]
Loading weights:  67%|██████▋   | 229/342 [00:00<00:00, 2877.92it/s, Materializing param=encoder.stages.2.layers.18.dwconv.bias]   
Loading weights:  67%|██████▋   | 229/342 [00:00<00:00, 2874.77it/s, Materializing param=encoder.stages.2.layers.18.dwconv.bias]
Loading weights:  67%|██████▋   | 230/342 [00:00<00:00, 2881.40it/s, Materializing param=encoder.stages.2.layers.18.dwconv.weight]
Loading weights:  67%|██████▋   | 230/342 [00:00<00:00, 2878.22it/s, Materializing param=encoder.stages.2.layers.18.dwconv.weight]
Loading weights:  68%|██████▊   | 231/342 [00:00<00:00, 2885.22it/s, Materializing param=encoder.stages.2.layers.18.layer_scale_parameter]
Loading weights:  68%|██████▊   | 231/342 [00:00<00:00, 2882.03it/s, Materializing param=encoder.stages.2.layers.18.layer_scale_parameter]
Loading weights:  68%|██████▊   | 232/342 [00:00<00:00, 2888.21it/s, Materializing param=encoder.stages.2.layers.18.layernorm.bias]       
Loading weights:  68%|██████▊   | 232/342 [00:00<00:00, 2884.92it/s, Materializing param=encoder.stages.2.layers.18.layernorm.bias]
Loading weights:  68%|██████▊   | 233/342 [00:00<00:00, 2891.49it/s, Materializing param=encoder.stages.2.layers.18.layernorm.weight]
Loading weights:  68%|██████▊   | 233/342 [00:00<00:00, 2888.31it/s, Materializing param=encoder.stages.2.layers.18.layernorm.weight]
Loading weights:  68%|██████▊   | 234/342 [00:00<00:00, 2894.84it/s, Materializing param=encoder.stages.2.layers.18.pwconv1.bias]    
Loading weights:  68%|██████▊   | 234/342 [00:00<00:00, 2891.69it/s, Materializing param=encoder.stages.2.layers.18.pwconv1.bias]
Loading weights:  69%|██████▊   | 235/342 [00:00<00:00, 2898.42it/s, Materializing param=encoder.stages.2.layers.18.pwconv1.weight]
Loading weights:  69%|██████▊   | 235/342 [00:00<00:00, 2895.23it/s, Materializing param=encoder.stages.2.layers.18.pwconv1.weight]
Loading weights:  69%|██████▉   | 236/342 [00:00<00:00, 2901.23it/s, Materializing param=encoder.stages.2.layers.18.pwconv2.bias]  
Loading weights:  69%|██████▉   | 236/342 [00:00<00:00, 2897.96it/s, Materializing param=encoder.stages.2.layers.18.pwconv2.bias]
Loading weights:  69%|██████▉   | 237/342 [00:00<00:00, 2904.54it/s, Materializing param=encoder.stages.2.layers.18.pwconv2.weight]
Loading weights:  69%|██████▉   | 237/342 [00:00<00:00, 2901.31it/s, Materializing param=encoder.stages.2.layers.18.pwconv2.weight]
Loading weights:  70%|██████▉   | 238/342 [00:00<00:00, 2907.62it/s, Materializing param=encoder.stages.2.layers.19.dwconv.bias]   
Loading weights:  70%|██████▉   | 238/342 [00:00<00:00, 2904.19it/s, Materializing param=encoder.stages.2.layers.19.dwconv.bias]
Loading weights:  70%|██████▉   | 239/342 [00:00<00:00, 2910.49it/s, Materializing param=encoder.stages.2.layers.19.dwconv.weight]
Loading weights:  70%|██████▉   | 239/342 [00:00<00:00, 2907.33it/s, Materializing param=encoder.stages.2.layers.19.dwconv.weight]
Loading weights:  70%|███████   | 240/342 [00:00<00:00, 2913.14it/s, Materializing param=encoder.stages.2.layers.19.layer_scale_parameter]
Loading weights:  70%|███████   | 240/342 [00:00<00:00, 2909.90it/s, Materializing param=encoder.stages.2.layers.19.layer_scale_parameter]
Loading weights:  70%|███████   | 241/342 [00:00<00:00, 2916.25it/s, Materializing param=encoder.stages.2.layers.19.layernorm.bias]       
Loading weights:  70%|███████   | 241/342 [00:00<00:00, 2913.11it/s, Materializing param=encoder.stages.2.layers.19.layernorm.bias]
Loading weights:  71%|███████   | 242/342 [00:00<00:00, 2919.29it/s, Materializing param=encoder.stages.2.layers.19.layernorm.weight]
Loading weights:  71%|███████   | 242/342 [00:00<00:00, 2916.18it/s, Materializing param=encoder.stages.2.layers.19.layernorm.weight]
Loading weights:  71%|███████   | 243/342 [00:00<00:00, 2922.81it/s, Materializing param=encoder.stages.2.layers.19.pwconv1.bias]    
Loading weights:  71%|███████   | 243/342 [00:00<00:00, 2919.78it/s, Materializing param=encoder.stages.2.layers.19.pwconv1.bias]
Loading weights:  71%|███████▏  | 244/342 [00:00<00:00, 2924.76it/s, Materializing param=encoder.stages.2.layers.19.pwconv1.weight]
Loading weights:  71%|███████▏  | 244/342 [00:00<00:00, 2921.43it/s, Materializing param=encoder.stages.2.layers.19.pwconv1.weight]
Loading weights:  72%|███████▏  | 245/342 [00:00<00:00, 2927.61it/s, Materializing param=encoder.stages.2.layers.19.pwconv2.bias]  
Loading weights:  72%|███████▏  | 245/342 [00:00<00:00, 2924.12it/s, Materializing param=encoder.stages.2.layers.19.pwconv2.bias]
Loading weights:  72%|███████▏  | 246/342 [00:00<00:00, 2930.12it/s, Materializing param=encoder.stages.2.layers.19.pwconv2.weight]
Loading weights:  72%|███████▏  | 246/342 [00:00<00:00, 2926.86it/s, Materializing param=encoder.stages.2.layers.19.pwconv2.weight]
Loading weights:  72%|███████▏  | 247/342 [00:00<00:00, 2933.06it/s, Materializing param=encoder.stages.2.layers.20.dwconv.bias]   
Loading weights:  72%|███████▏  | 247/342 [00:00<00:00, 2929.48it/s, Materializing param=encoder.stages.2.layers.20.dwconv.bias]
Loading weights:  73%|███████▎  | 248/342 [00:00<00:00, 2935.84it/s, Materializing param=encoder.stages.2.layers.20.dwconv.weight]
Loading weights:  73%|███████▎  | 248/342 [00:00<00:00, 2932.72it/s, Materializing param=encoder.stages.2.layers.20.dwconv.weight]
Loading weights:  73%|███████▎  | 249/342 [00:00<00:00, 2939.02it/s, Materializing param=encoder.stages.2.layers.20.layer_scale_parameter]
Loading weights:  73%|███████▎  | 249/342 [00:00<00:00, 2935.65it/s, Materializing param=encoder.stages.2.layers.20.layer_scale_parameter]
Loading weights:  73%|███████▎  | 250/342 [00:00<00:00, 2942.08it/s, Materializing param=encoder.stages.2.layers.20.layernorm.bias]       
Loading weights:  73%|███████▎  | 250/342 [00:00<00:00, 2939.06it/s, Materializing param=encoder.stages.2.layers.20.layernorm.bias]
Loading weights:  73%|███████▎  | 251/342 [00:00<00:00, 2945.59it/s, Materializing param=encoder.stages.2.layers.20.layernorm.weight]
Loading weights:  73%|███████▎  | 251/342 [00:00<00:00, 2941.95it/s, Materializing param=encoder.stages.2.layers.20.layernorm.weight]
Loading weights:  74%|███████▎  | 252/342 [00:00<00:00, 2948.08it/s, Materializing param=encoder.stages.2.layers.20.pwconv1.bias]    
Loading weights:  74%|███████▎  | 252/342 [00:00<00:00, 2945.04it/s, Materializing param=encoder.stages.2.layers.20.pwconv1.bias]
Loading weights:  74%|███████▍  | 253/342 [00:00<00:00, 2951.30it/s, Materializing param=encoder.stages.2.layers.20.pwconv1.weight]
Loading weights:  74%|███████▍  | 253/342 [00:00<00:00, 2947.98it/s, Materializing param=encoder.stages.2.layers.20.pwconv1.weight]
Loading weights:  74%|███████▍  | 254/342 [00:00<00:00, 2954.30it/s, Materializing param=encoder.stages.2.layers.20.pwconv2.bias]  
Loading weights:  74%|███████▍  | 254/342 [00:00<00:00, 2951.36it/s, Materializing param=encoder.stages.2.layers.20.pwconv2.bias]
Loading weights:  75%|███████▍  | 255/342 [00:00<00:00, 2957.88it/s, Materializing param=encoder.stages.2.layers.20.pwconv2.weight]
Loading weights:  75%|███████▍  | 255/342 [00:00<00:00, 2954.07it/s, Materializing param=encoder.stages.2.layers.20.pwconv2.weight]
Loading weights:  75%|███████▍  | 256/342 [00:00<00:00, 2959.97it/s, Materializing param=encoder.stages.2.layers.21.dwconv.bias]   
Loading weights:  75%|███████▍  | 256/342 [00:00<00:00, 2956.70it/s, Materializing param=encoder.stages.2.layers.21.dwconv.bias]
Loading weights:  75%|███████▌  | 257/342 [00:00<00:00, 2962.84it/s, Materializing param=encoder.stages.2.layers.21.dwconv.weight]
Loading weights:  75%|███████▌  | 257/342 [00:00<00:00, 2959.54it/s, Materializing param=encoder.stages.2.layers.21.dwconv.weight]
Loading weights:  75%|███████▌  | 258/342 [00:00<00:00, 2965.68it/s, Materializing param=encoder.stages.2.layers.21.layer_scale_parameter]
Loading weights:  75%|███████▌  | 258/342 [00:00<00:00, 2962.65it/s, Materializing param=encoder.stages.2.layers.21.layer_scale_parameter]
Loading weights:  76%|███████▌  | 259/342 [00:00<00:00, 2968.89it/s, Materializing param=encoder.stages.2.layers.21.layernorm.bias]       
Loading weights:  76%|███████▌  | 259/342 [00:00<00:00, 2965.08it/s, Materializing param=encoder.stages.2.layers.21.layernorm.bias]
Loading weights:  76%|███████▌  | 260/342 [00:00<00:00, 2971.00it/s, Materializing param=encoder.stages.2.layers.21.layernorm.weight]
Loading weights:  76%|███████▌  | 260/342 [00:00<00:00, 2967.98it/s, Materializing param=encoder.stages.2.layers.21.layernorm.weight]
Loading weights:  76%|███████▋  | 261/342 [00:00<00:00, 2973.85it/s, Materializing param=encoder.stages.2.layers.21.pwconv1.bias]    
Loading weights:  76%|███████▋  | 261/342 [00:00<00:00, 2970.85it/s, Materializing param=encoder.stages.2.layers.21.pwconv1.bias]
Loading weights:  77%|███████▋  | 262/342 [00:00<00:00, 2976.85it/s, Materializing param=encoder.stages.2.layers.21.pwconv1.weight]
Loading weights:  77%|███████▋  | 262/342 [00:00<00:00, 2973.95it/s, Materializing param=encoder.stages.2.layers.21.pwconv1.weight]
Loading weights:  77%|███████▋  | 263/342 [00:00<00:00, 2979.51it/s, Materializing param=encoder.stages.2.layers.21.pwconv2.bias]  
Loading weights:  77%|███████▋  | 263/342 [00:00<00:00, 2976.46it/s, Materializing param=encoder.stages.2.layers.21.pwconv2.bias]
Loading weights:  77%|███████▋  | 264/342 [00:00<00:00, 2982.32it/s, Materializing param=encoder.stages.2.layers.21.pwconv2.weight]
Loading weights:  77%|███████▋  | 264/342 [00:00<00:00, 2979.35it/s, Materializing param=encoder.stages.2.layers.21.pwconv2.weight]
Loading weights:  77%|███████▋  | 265/342 [00:00<00:00, 2985.14it/s, Materializing param=encoder.stages.2.layers.22.dwconv.bias]   
Loading weights:  77%|███████▋  | 265/342 [00:00<00:00, 2982.19it/s, Materializing param=encoder.stages.2.layers.22.dwconv.bias]
Loading weights:  78%|███████▊  | 266/342 [00:00<00:00, 2988.26it/s, Materializing param=encoder.stages.2.layers.22.dwconv.weight]
Loading weights:  78%|███████▊  | 266/342 [00:00<00:00, 2985.36it/s, Materializing param=encoder.stages.2.layers.22.dwconv.weight]
Loading weights:  78%|███████▊  | 267/342 [00:00<00:00, 2990.83it/s, Materializing param=encoder.stages.2.layers.22.layer_scale_parameter]
Loading weights:  78%|███████▊  | 267/342 [00:00<00:00, 2987.75it/s, Materializing param=encoder.stages.2.layers.22.layer_scale_parameter]
Loading weights:  78%|███████▊  | 268/342 [00:00<00:00, 2993.56it/s, Materializing param=encoder.stages.2.layers.22.layernorm.bias]       
Loading weights:  78%|███████▊  | 268/342 [00:00<00:00, 2990.58it/s, Materializing param=encoder.stages.2.layers.22.layernorm.bias]
Loading weights:  79%|███████▊  | 269/342 [00:00<00:00, 2996.26it/s, Materializing param=encoder.stages.2.layers.22.layernorm.weight]
Loading weights:  79%|███████▊  | 269/342 [00:00<00:00, 2993.33it/s, Materializing param=encoder.stages.2.layers.22.layernorm.weight]
Loading weights:  79%|███████▉  | 270/342 [00:00<00:00, 2999.17it/s, Materializing param=encoder.stages.2.layers.22.pwconv1.bias]    
Loading weights:  79%|███████▉  | 270/342 [00:00<00:00, 2996.22it/s, Materializing param=encoder.stages.2.layers.22.pwconv1.bias]
Loading weights:  79%|███████▉  | 271/342 [00:00<00:00, 3001.55it/s, Materializing param=encoder.stages.2.layers.22.pwconv1.weight]
Loading weights:  79%|███████▉  | 271/342 [00:00<00:00, 2998.48it/s, Materializing param=encoder.stages.2.layers.22.pwconv1.weight]
Loading weights:  80%|███████▉  | 272/342 [00:00<00:00, 3004.24it/s, Materializing param=encoder.stages.2.layers.22.pwconv2.bias]  
Loading weights:  80%|███████▉  | 272/342 [00:00<00:00, 3001.31it/s, Materializing param=encoder.stages.2.layers.22.pwconv2.bias]
Loading weights:  80%|███████▉  | 273/342 [00:00<00:00, 3006.57it/s, Materializing param=encoder.stages.2.layers.22.pwconv2.weight]
Loading weights:  80%|███████▉  | 273/342 [00:00<00:00, 3003.46it/s, Materializing param=encoder.stages.2.layers.22.pwconv2.weight]
Loading weights:  80%|████████  | 274/342 [00:00<00:00, 3008.61it/s, Materializing param=encoder.stages.2.layers.23.dwconv.bias]   
Loading weights:  80%|████████  | 274/342 [00:00<00:00, 3005.70it/s, Materializing param=encoder.stages.2.layers.23.dwconv.bias]
Loading weights:  80%|████████  | 275/342 [00:00<00:00, 3010.55it/s, Materializing param=encoder.stages.2.layers.23.dwconv.weight]
Loading weights:  80%|████████  | 275/342 [00:00<00:00, 3007.45it/s, Materializing param=encoder.stages.2.layers.23.dwconv.weight]
Loading weights:  81%|████████  | 276/342 [00:00<00:00, 3013.19it/s, Materializing param=encoder.stages.2.layers.23.layer_scale_parameter]
Loading weights:  81%|████████  | 276/342 [00:00<00:00, 3010.21it/s, Materializing param=encoder.stages.2.layers.23.layer_scale_parameter]
Loading weights:  81%|████████  | 277/342 [00:00<00:00, 3015.68it/s, Materializing param=encoder.stages.2.layers.23.layernorm.bias]       
Loading weights:  81%|████████  | 277/342 [00:00<00:00, 3012.77it/s, Materializing param=encoder.stages.2.layers.23.layernorm.bias]
Loading weights:  81%|████████▏ | 278/342 [00:00<00:00, 3018.64it/s, Materializing param=encoder.stages.2.layers.23.layernorm.weight]
Loading weights:  81%|████████▏ | 278/342 [00:00<00:00, 3015.77it/s, Materializing param=encoder.stages.2.layers.23.layernorm.weight]
Loading weights:  82%|████████▏ | 279/342 [00:00<00:00, 3020.75it/s, Materializing param=encoder.stages.2.layers.23.pwconv1.bias]    
Loading weights:  82%|████████▏ | 279/342 [00:00<00:00, 3017.27it/s, Materializing param=encoder.stages.2.layers.23.pwconv1.bias]
Loading weights:  82%|████████▏ | 280/342 [00:00<00:00, 3022.66it/s, Materializing param=encoder.stages.2.layers.23.pwconv1.weight]
Loading weights:  82%|████████▏ | 280/342 [00:00<00:00, 3019.79it/s, Materializing param=encoder.stages.2.layers.23.pwconv1.weight]
Loading weights:  82%|████████▏ | 281/342 [00:00<00:00, 3025.00it/s, Materializing param=encoder.stages.2.layers.23.pwconv2.bias]  
Loading weights:  82%|████████▏ | 281/342 [00:00<00:00, 3022.08it/s, Materializing param=encoder.stages.2.layers.23.pwconv2.bias]
Loading weights:  82%|████████▏ | 282/342 [00:00<00:00, 3027.82it/s, Materializing param=encoder.stages.2.layers.23.pwconv2.weight]
Loading weights:  82%|████████▏ | 282/342 [00:00<00:00, 3024.97it/s, Materializing param=encoder.stages.2.layers.23.pwconv2.weight]
Loading weights:  83%|████████▎ | 283/342 [00:00<00:00, 3029.81it/s, Materializing param=encoder.stages.2.layers.24.dwconv.bias]   
Loading weights:  83%|████████▎ | 283/342 [00:00<00:00, 3026.89it/s, Materializing param=encoder.stages.2.layers.24.dwconv.bias]
Loading weights:  83%|████████▎ | 284/342 [00:00<00:00, 3032.51it/s, Materializing param=encoder.stages.2.layers.24.dwconv.weight]
Loading weights:  83%|████████▎ | 284/342 [00:00<00:00, 3029.70it/s, Materializing param=encoder.stages.2.layers.24.dwconv.weight]
Loading weights:  83%|████████▎ | 285/342 [00:00<00:00, 3035.03it/s, Materializing param=encoder.stages.2.layers.24.layer_scale_parameter]
Loading weights:  83%|████████▎ | 285/342 [00:00<00:00, 3032.10it/s, Materializing param=encoder.stages.2.layers.24.layer_scale_parameter]
Loading weights:  84%|████████▎ | 286/342 [00:00<00:00, 3037.79it/s, Materializing param=encoder.stages.2.layers.24.layernorm.bias]       
Loading weights:  84%|████████▎ | 286/342 [00:00<00:00, 3034.95it/s, Materializing param=encoder.stages.2.layers.24.layernorm.bias]
Loading weights:  84%|████████▍ | 287/342 [00:00<00:00, 3039.66it/s, Materializing param=encoder.stages.2.layers.24.layernorm.weight]
Loading weights:  84%|████████▍ | 287/342 [00:00<00:00, 3036.57it/s, Materializing param=encoder.stages.2.layers.24.layernorm.weight]
Loading weights:  84%|████████▍ | 288/342 [00:00<00:00, 3041.29it/s, Materializing param=encoder.stages.2.layers.24.pwconv1.bias]    
Loading weights:  84%|████████▍ | 288/342 [00:00<00:00, 3038.11it/s, Materializing param=encoder.stages.2.layers.24.pwconv1.bias]
Loading weights:  85%|████████▍ | 289/342 [00:00<00:00, 2920.34it/s, Materializing param=encoder.stages.2.layers.24.pwconv1.weight]
Loading weights:  85%|████████▍ | 289/342 [00:00<00:00, 2917.16it/s, Materializing param=encoder.stages.2.layers.24.pwconv1.weight]
Loading weights:  85%|████████▍ | 290/342 [00:00<00:00, 2922.35it/s, Materializing param=encoder.stages.2.layers.24.pwconv2.bias]  
Loading weights:  85%|████████▍ | 290/342 [00:00<00:00, 2919.02it/s, Materializing param=encoder.stages.2.layers.24.pwconv2.bias]
Loading weights:  85%|████████▌ | 291/342 [00:00<00:00, 2923.91it/s, Materializing param=encoder.stages.2.layers.24.pwconv2.weight]
Loading weights:  85%|████████▌ | 291/342 [00:00<00:00, 2921.20it/s, Materializing param=encoder.stages.2.layers.24.pwconv2.weight]
Loading weights:  85%|████████▌ | 292/342 [00:00<00:00, 2926.25it/s, Materializing param=encoder.stages.2.layers.25.dwconv.bias]   
Loading weights:  85%|████████▌ | 292/342 [00:00<00:00, 2923.34it/s, Materializing param=encoder.stages.2.layers.25.dwconv.bias]
Loading weights:  86%|████████▌ | 293/342 [00:00<00:00, 2928.93it/s, Materializing param=encoder.stages.2.layers.25.dwconv.bias]
Loading weights:  86%|████████▌ | 293/342 [00:00<00:00, 2928.93it/s, Materializing param=encoder.stages.2.layers.25.dwconv.weight]
Loading weights:  86%|████████▌ | 293/342 [00:00<00:00, 2928.93it/s, Materializing param=encoder.stages.2.layers.25.dwconv.weight]
Loading weights:  86%|████████▌ | 294/342 [00:00<00:00, 2928.93it/s, Materializing param=encoder.stages.2.layers.25.layer_scale_parameter]
Loading weights:  86%|████████▌ | 294/342 [00:00<00:00, 2928.93it/s, Materializing param=encoder.stages.2.layers.25.layer_scale_parameter]
Loading weights:  86%|████████▋ | 295/342 [00:00<00:00, 2928.93it/s, Materializing param=encoder.stages.2.layers.25.layernorm.bias]       
Loading weights:  86%|████████▋ | 295/342 [00:00<00:00, 2928.93it/s, Materializing param=encoder.stages.2.layers.25.layernorm.bias]
Loading weights:  87%|████████▋ | 296/342 [00:00<00:00, 2928.93it/s, Materializing param=encoder.stages.2.layers.25.layernorm.weight]
Loading weights:  87%|████████▋ | 296/342 [00:00<00:00, 2928.93it/s, Materializing param=encoder.stages.2.layers.25.layernorm.weight]
Loading weights:  87%|████████▋ | 297/342 [00:00<00:00, 2928.93it/s, Materializing param=encoder.stages.2.layers.25.pwconv1.bias]    
Loading weights:  87%|████████▋ | 297/342 [00:00<00:00, 2928.93it/s, Materializing param=encoder.stages.2.layers.25.pwconv1.bias]
Loading weights:  87%|████████▋ | 298/342 [00:00<00:00, 2928.93it/s, Materializing param=encoder.stages.2.layers.25.pwconv1.weight]
Loading weights:  87%|████████▋ | 298/342 [00:00<00:00, 2928.93it/s, Materializing param=encoder.stages.2.layers.25.pwconv1.weight]
Loading weights:  87%|████████▋ | 299/342 [00:00<00:00, 2928.93it/s, Materializing param=encoder.stages.2.layers.25.pwconv2.bias]  
Loading weights:  87%|████████▋ | 299/342 [00:00<00:00, 2928.93it/s, Materializing param=encoder.stages.2.layers.25.pwconv2.bias]
Loading weights:  88%|████████▊ | 300/342 [00:00<00:00, 2928.93it/s, Materializing param=encoder.stages.2.layers.25.pwconv2.weight]
Loading weights:  88%|████████▊ | 300/342 [00:00<00:00, 2928.93it/s, Materializing param=encoder.stages.2.layers.25.pwconv2.weight]
Loading weights:  88%|████████▊ | 301/342 [00:00<00:00, 2928.93it/s, Materializing param=encoder.stages.2.layers.26.dwconv.bias]   
Loading weights:  88%|████████▊ | 301/342 [00:00<00:00, 2928.93it/s, Materializing param=encoder.stages.2.layers.26.dwconv.bias]
Loading weights:  88%|████████▊ | 302/342 [00:00<00:00, 2928.93it/s, Materializing param=encoder.stages.2.layers.26.dwconv.weight]
Loading weights:  88%|████████▊ | 302/342 [00:00<00:00, 2928.93it/s, Materializing param=encoder.stages.2.layers.26.dwconv.weight]
Loading weights:  89%|████████▊ | 303/342 [00:00<00:00, 2928.93it/s, Materializing param=encoder.stages.2.layers.26.layer_scale_parameter]
Loading weights:  89%|████████▊ | 303/342 [00:00<00:00, 2928.93it/s, Materializing param=encoder.stages.2.layers.26.layer_scale_parameter]
Loading weights:  89%|████████▉ | 304/342 [00:00<00:00, 2928.93it/s, Materializing param=encoder.stages.2.layers.26.layernorm.bias]       
Loading weights:  89%|████████▉ | 304/342 [00:00<00:00, 2928.93it/s, Materializing param=encoder.stages.2.layers.26.layernorm.bias]
Loading weights:  89%|████████▉ | 305/342 [00:00<00:00, 2928.93it/s, Materializing param=encoder.stages.2.layers.26.layernorm.weight]
Loading weights:  89%|████████▉ | 305/342 [00:00<00:00, 2928.93it/s, Materializing param=encoder.stages.2.layers.26.layernorm.weight]
Loading weights:  89%|████████▉ | 306/342 [00:00<00:00, 2928.93it/s, Materializing param=encoder.stages.2.layers.26.pwconv1.bias]    
Loading weights:  89%|████████▉ | 306/342 [00:00<00:00, 2928.93it/s, Materializing param=encoder.stages.2.layers.26.pwconv1.bias]
Loading weights:  90%|████████▉ | 307/342 [00:00<00:00, 2928.93it/s, Materializing param=encoder.stages.2.layers.26.pwconv1.weight]
Loading weights:  90%|████████▉ | 307/342 [00:00<00:00, 2928.93it/s, Materializing param=encoder.stages.2.layers.26.pwconv1.weight]
Loading weights:  90%|█████████ | 308/342 [00:00<00:00, 2928.93it/s, Materializing param=encoder.stages.2.layers.26.pwconv2.bias]  
Loading weights:  90%|█████████ | 308/342 [00:00<00:00, 2928.93it/s, Materializing param=encoder.stages.2.layers.26.pwconv2.bias]
Loading weights:  90%|█████████ | 309/342 [00:00<00:00, 2928.93it/s, Materializing param=encoder.stages.2.layers.26.pwconv2.weight]
Loading weights:  90%|█████████ | 309/342 [00:00<00:00, 2928.93it/s, Materializing param=encoder.stages.2.layers.26.pwconv2.weight]
Loading weights:  91%|█████████ | 310/342 [00:00<00:00, 2928.93it/s, Materializing param=encoder.stages.3.downsampling_layer.0.bias]
Loading weights:  91%|█████████ | 310/342 [00:00<00:00, 2928.93it/s, Materializing param=encoder.stages.3.downsampling_layer.0.bias]
Loading weights:  91%|█████████ | 311/342 [00:00<00:00, 2928.93it/s, Materializing param=encoder.stages.3.downsampling_layer.0.weight]
Loading weights:  91%|█████████ | 311/342 [00:00<00:00, 2928.93it/s, Materializing param=encoder.stages.3.downsampling_layer.0.weight]
Loading weights:  91%|█████████ | 312/342 [00:00<00:00, 2928.93it/s, Materializing param=encoder.stages.3.downsampling_layer.1.bias]  
Loading weights:  91%|█████████ | 312/342 [00:00<00:00, 2928.93it/s, Materializing param=encoder.stages.3.downsampling_layer.1.bias]
Loading weights:  92%|█████████▏| 313/342 [00:00<00:00, 2928.93it/s, Materializing param=encoder.stages.3.downsampling_layer.1.weight]
Loading weights:  92%|█████████▏| 313/342 [00:00<00:00, 2928.93it/s, Materializing param=encoder.stages.3.downsampling_layer.1.weight]
Loading weights:  92%|█████████▏| 314/342 [00:00<00:00, 2928.93it/s, Materializing param=encoder.stages.3.layers.0.dwconv.bias]       
Loading weights:  92%|█████████▏| 314/342 [00:00<00:00, 2928.93it/s, Materializing param=encoder.stages.3.layers.0.dwconv.bias]
Loading weights:  92%|█████████▏| 315/342 [00:00<00:00, 2928.93it/s, Materializing param=encoder.stages.3.layers.0.dwconv.weight]
Loading weights:  92%|█████████▏| 315/342 [00:00<00:00, 2928.93it/s, Materializing param=encoder.stages.3.layers.0.dwconv.weight]
Loading weights:  92%|█████████▏| 316/342 [00:00<00:00, 2928.93it/s, Materializing param=encoder.stages.3.layers.0.layer_scale_parameter]
Loading weights:  92%|█████████▏| 316/342 [00:00<00:00, 2928.93it/s, Materializing param=encoder.stages.3.layers.0.layer_scale_parameter]
Loading weights:  93%|█████████▎| 317/342 [00:00<00:00, 2928.93it/s, Materializing param=encoder.stages.3.layers.0.layernorm.bias]       
Loading weights:  93%|█████████▎| 317/342 [00:00<00:00, 2928.93it/s, Materializing param=encoder.stages.3.layers.0.layernorm.bias]
Loading weights:  93%|█████████▎| 318/342 [00:00<00:00, 2928.93it/s, Materializing param=encoder.stages.3.layers.0.layernorm.weight]
Loading weights:  93%|█████████▎| 318/342 [00:00<00:00, 2928.93it/s, Materializing param=encoder.stages.3.layers.0.layernorm.weight]
Loading weights:  93%|█████████▎| 319/342 [00:00<00:00, 2928.93it/s, Materializing param=encoder.stages.3.layers.0.pwconv1.bias]    
Loading weights:  93%|█████████▎| 319/342 [00:00<00:00, 2928.93it/s, Materializing param=encoder.stages.3.layers.0.pwconv1.bias]
Loading weights:  94%|█████████▎| 320/342 [00:00<00:00, 2928.93it/s, Materializing param=encoder.stages.3.layers.0.pwconv1.weight]
Loading weights:  94%|█████████▎| 320/342 [00:00<00:00, 2928.93it/s, Materializing param=encoder.stages.3.layers.0.pwconv1.weight]
Loading weights:  94%|█████████▍| 321/342 [00:00<00:00, 2928.93it/s, Materializing param=encoder.stages.3.layers.0.pwconv2.bias]  
Loading weights:  94%|█████████▍| 321/342 [00:00<00:00, 2928.93it/s, Materializing param=encoder.stages.3.layers.0.pwconv2.bias]
Loading weights:  94%|█████████▍| 322/342 [00:00<00:00, 2928.93it/s, Materializing param=encoder.stages.3.layers.0.pwconv2.weight]
Loading weights:  94%|█████████▍| 322/342 [00:00<00:00, 2928.93it/s, Materializing param=encoder.stages.3.layers.0.pwconv2.weight]
Loading weights:  94%|█████████▍| 323/342 [00:00<00:00, 2928.93it/s, Materializing param=encoder.stages.3.layers.1.dwconv.bias]   
Loading weights:  94%|█████████▍| 323/342 [00:00<00:00, 2928.93it/s, Materializing param=encoder.stages.3.layers.1.dwconv.bias]
Loading weights:  95%|█████████▍| 324/342 [00:00<00:00, 2928.93it/s, Materializing param=encoder.stages.3.layers.1.dwconv.weight]
Loading weights:  95%|█████████▍| 324/342 [00:00<00:00, 2928.93it/s, Materializing param=encoder.stages.3.layers.1.dwconv.weight]
Loading weights:  95%|█████████▌| 325/342 [00:00<00:00, 2928.93it/s, Materializing param=encoder.stages.3.layers.1.layer_scale_parameter]
Loading weights:  95%|█████████▌| 325/342 [00:00<00:00, 2928.93it/s, Materializing param=encoder.stages.3.layers.1.layer_scale_parameter]
Loading weights:  95%|█████████▌| 326/342 [00:00<00:00, 2928.93it/s, Materializing param=encoder.stages.3.layers.1.layernorm.bias]       
Loading weights:  95%|█████████▌| 326/342 [00:00<00:00, 2928.93it/s, Materializing param=encoder.stages.3.layers.1.layernorm.bias]
Loading weights:  96%|█████████▌| 327/342 [00:00<00:00, 2928.93it/s, Materializing param=encoder.stages.3.layers.1.layernorm.weight]
Loading weights:  96%|█████████▌| 327/342 [00:00<00:00, 2928.93it/s, Materializing param=encoder.stages.3.layers.1.layernorm.weight]
Loading weights:  96%|█████████▌| 328/342 [00:00<00:00, 2928.93it/s, Materializing param=encoder.stages.3.layers.1.pwconv1.bias]    
Loading weights:  96%|█████████▌| 328/342 [00:00<00:00, 2928.93it/s, Materializing param=encoder.stages.3.layers.1.pwconv1.bias]
Loading weights:  96%|█████████▌| 329/342 [00:00<00:00, 2928.93it/s, Materializing param=encoder.stages.3.layers.1.pwconv1.weight]
Loading weights:  96%|█████████▌| 329/342 [00:00<00:00, 2928.93it/s, Materializing param=encoder.stages.3.layers.1.pwconv1.weight]
Loading weights:  96%|█████████▋| 330/342 [00:00<00:00, 2928.93it/s, Materializing param=encoder.stages.3.layers.1.pwconv2.bias]  
Loading weights:  96%|█████████▋| 330/342 [00:00<00:00, 2928.93it/s, Materializing param=encoder.stages.3.layers.1.pwconv2.bias]
Loading weights:  97%|█████████▋| 331/342 [00:00<00:00, 2928.93it/s, Materializing param=encoder.stages.3.layers.1.pwconv2.weight]
Loading weights:  97%|█████████▋| 331/342 [00:00<00:00, 2928.93it/s, Materializing param=encoder.stages.3.layers.1.pwconv2.weight]
Loading weights:  97%|█████████▋| 332/342 [00:00<00:00, 2928.93it/s, Materializing param=encoder.stages.3.layers.2.dwconv.bias]   
Loading weights:  97%|█████████▋| 332/342 [00:00<00:00, 2928.93it/s, Materializing param=encoder.stages.3.layers.2.dwconv.bias]
Loading weights:  97%|█████████▋| 333/342 [00:00<00:00, 2928.93it/s, Materializing param=encoder.stages.3.layers.2.dwconv.weight]
Loading weights:  97%|█████████▋| 333/342 [00:00<00:00, 2928.93it/s, Materializing param=encoder.stages.3.layers.2.dwconv.weight]
Loading weights:  98%|█████████▊| 334/342 [00:00<00:00, 2928.93it/s, Materializing param=encoder.stages.3.layers.2.layer_scale_parameter]
Loading weights:  98%|█████████▊| 334/342 [00:00<00:00, 2928.93it/s, Materializing param=encoder.stages.3.layers.2.layer_scale_parameter]
Loading weights:  98%|█████████▊| 335/342 [00:00<00:00, 2928.93it/s, Materializing param=encoder.stages.3.layers.2.layernorm.bias]       
Loading weights:  98%|█████████▊| 335/342 [00:00<00:00, 2928.93it/s, Materializing param=encoder.stages.3.layers.2.layernorm.bias]
Loading weights:  98%|█████████▊| 336/342 [00:00<00:00, 2928.93it/s, Materializing param=encoder.stages.3.layers.2.layernorm.weight]
Loading weights:  98%|█████████▊| 336/342 [00:00<00:00, 2928.93it/s, Materializing param=encoder.stages.3.layers.2.layernorm.weight]
Loading weights:  99%|█████████▊| 337/342 [00:00<00:00, 2928.93it/s, Materializing param=encoder.stages.3.layers.2.pwconv1.bias]    
Loading weights:  99%|█████████▊| 337/342 [00:00<00:00, 2928.93it/s, Materializing param=encoder.stages.3.layers.2.pwconv1.bias]
Loading weights:  99%|█████████▉| 338/342 [00:00<00:00, 2928.93it/s, Materializing param=encoder.stages.3.layers.2.pwconv1.weight]
Loading weights:  99%|█████████▉| 338/342 [00:00<00:00, 2928.93it/s, Materializing param=encoder.stages.3.layers.2.pwconv1.weight]
Loading weights:  99%|█████████▉| 339/342 [00:00<00:00, 2928.93it/s, Materializing param=encoder.stages.3.layers.2.pwconv2.bias]  
Loading weights:  99%|█████████▉| 339/342 [00:00<00:00, 2928.93it/s, Materializing param=encoder.stages.3.layers.2.pwconv2.bias]
Loading weights:  99%|█████████▉| 340/342 [00:00<00:00, 2928.93it/s, Materializing param=encoder.stages.3.layers.2.pwconv2.weight]
Loading weights:  99%|█████████▉| 340/342 [00:00<00:00, 2928.93it/s, Materializing param=encoder.stages.3.layers.2.pwconv2.weight]
Loading weights: 100%|█████████▉| 341/342 [00:00<00:00, 2928.93it/s, Materializing param=layernorm.bias]                          
Loading weights: 100%|█████████▉| 341/342 [00:00<00:00, 2928.93it/s, Materializing param=layernorm.bias]
Loading weights: 100%|██████████| 342/342 [00:00<00:00, 2928.93it/s, Materializing param=layernorm.weight]
Loading weights: 100%|██████████| 342/342 [00:00<00:00, 2928.93it/s, Materializing param=layernorm.weight]
Loading weights: 100%|██████████| 342/342 [00:00<00:00, 1953.36it/s, Materializing param=layernorm.weight]
ConvNextModel LOAD REPORT from: facebook/convnext-base-224-22k
Key               | Status     |  | 
------------------+------------+--+-
classifier.bias   | UNEXPECTED |  | 
classifier.weight | UNEXPECTED |  | 

Notes:
- UNEXPECTED	:can be ignored when loading from different task/architecture; not ok if you expect identical arch.
  [convnext] facebook/convnext-base-224-22k  88M params

2 of 2 backbones available
  refit: 10,000 / 30,278
  refit: 20,000 / 30,278
  refit: 30,000 / 30,278
refit: 30,278 images in 74s (436 MB)
reporting: reusing the Section 5 cache (7,568 images)
training rows  : 30,278  (the Section 5.1 refit rows)
reporting rows : 7,568  (the Section 5.3 rows)
classes        : 124   native image size: 60x80

=== probe siglip2 (google/siglip2-base-patch16-224) ===
  [siglip2] train: (30278, 768) in 408s
  [siglip2] reporting: (7568, 768) in 101s
  macro-F1 0.8219  accuracy 0.8979  (62s to fit the probe)

=== probe convnext (facebook/convnext-base-224-22k) ===
  [convnext] train: (30278, 1024) in 382s
  [convnext] reporting: (7568, 1024) in 95s
  macro-F1 0.8000  accuracy 0.8857  (46s to fit the probe)

=== fine-tune siglip2 ===

Loading weights:   0%|          | 0/208 [00:00<?, ?it/s]
Loading weights:   0%|          | 1/208 [00:00<00:00, 48770.98it/s, Materializing param=vision_model.embeddings.patch_embedding.bias]
Loading weights:   0%|          | 1/208 [00:00<00:00, 11244.78it/s, Materializing param=vision_model.embeddings.patch_embedding.bias]
Loading weights:   1%|          | 2/208 [00:00<00:00, 6065.52it/s, Materializing param=vision_model.embeddings.patch_embedding.weight]
Loading weights:   1%|          | 2/208 [00:00<00:00, 4599.02it/s, Materializing param=vision_model.embeddings.patch_embedding.weight]
Loading weights:   1%|▏         | 3/208 [00:00<00:00, 1950.23it/s, Materializing param=vision_model.embeddings.position_embedding.weight]
Loading weights:   1%|▏         | 3/208 [00:00<00:00, 1778.25it/s, Materializing param=vision_model.embeddings.position_embedding.weight]
Loading weights:   2%|▏         | 4/208 [00:00<00:00, 1649.68it/s, Materializing param=vision_model.encoder.layers.0.layer_norm1.bias]   
Loading weights:   2%|▏         | 4/208 [00:00<00:00, 1564.46it/s, Materializing param=vision_model.encoder.layers.0.layer_norm1.bias]
Loading weights:   2%|▏         | 5/208 [00:00<00:00, 1645.47it/s, Materializing param=vision_model.encoder.layers.0.layer_norm1.weight]
Loading weights:   2%|▏         | 5/208 [00:00<00:00, 1570.08it/s, Materializing param=vision_model.encoder.layers.0.layer_norm1.weight]
Loading weights:   3%|▎         | 6/208 [00:00<00:00, 1660.78it/s, Materializing param=vision_model.encoder.layers.0.layer_norm2.bias]  
Loading weights:   3%|▎         | 6/208 [00:00<00:00, 1601.90it/s, Materializing param=vision_model.encoder.layers.0.layer_norm2.bias]
Loading weights:   3%|▎         | 7/208 [00:00<00:00, 1487.79it/s, Materializing param=vision_model.encoder.layers.0.layer_norm2.weight]
Loading weights:   3%|▎         | 7/208 [00:00<00:00, 1440.78it/s, Materializing param=vision_model.encoder.layers.0.layer_norm2.weight]
Loading weights:   4%|▍         | 8/208 [00:00<00:00, 1491.97it/s, Materializing param=vision_model.encoder.layers.0.mlp.fc1.bias]      
Loading weights:   4%|▍         | 8/208 [00:00<00:00, 1458.95it/s, Materializing param=vision_model.encoder.layers.0.mlp.fc1.bias]
Loading weights:   4%|▍         | 9/208 [00:00<00:00, 1561.22it/s, Materializing param=vision_model.encoder.layers.0.mlp.fc1.weight]
Loading weights:   4%|▍         | 9/208 [00:00<00:00, 1528.47it/s, Materializing param=vision_model.encoder.layers.0.mlp.fc1.weight]
Loading weights:   5%|▍         | 10/208 [00:00<00:00, 1423.00it/s, Materializing param=vision_model.encoder.layers.0.mlp.fc2.bias] 
Loading weights:   5%|▍         | 10/208 [00:00<00:00, 1394.57it/s, Materializing param=vision_model.encoder.layers.0.mlp.fc2.bias]
Loading weights:   5%|▌         | 11/208 [00:00<00:00, 1373.26it/s, Materializing param=vision_model.encoder.layers.0.mlp.fc2.weight]
Loading weights:   5%|▌         | 11/208 [00:00<00:00, 1350.55it/s, Materializing param=vision_model.encoder.layers.0.mlp.fc2.weight]
Loading weights:   6%|▌         | 12/208 [00:00<00:00, 1418.15it/s, Materializing param=vision_model.encoder.layers.0.self_attn.k_proj.bias]
Loading weights:   6%|▌         | 12/208 [00:00<00:00, 1395.00it/s, Materializing param=vision_model.encoder.layers.0.self_attn.k_proj.bias]
Loading weights:   6%|▋         | 13/208 [00:00<00:00, 1398.42it/s, Materializing param=vision_model.encoder.layers.0.self_attn.k_proj.weight]
Loading weights:   6%|▋         | 13/208 [00:00<00:00, 1378.97it/s, Materializing param=vision_model.encoder.layers.0.self_attn.k_proj.weight]
Loading weights:   7%|▋         | 14/208 [00:00<00:00, 1400.03it/s, Materializing param=vision_model.encoder.layers.0.self_attn.out_proj.bias]
Loading weights:   7%|▋         | 14/208 [00:00<00:00, 1383.12it/s, Materializing param=vision_model.encoder.layers.0.self_attn.out_proj.bias]
Loading weights:   7%|▋         | 15/208 [00:00<00:00, 1396.12it/s, Materializing param=vision_model.encoder.layers.0.self_attn.out_proj.weight]
Loading weights:   7%|▋         | 15/208 [00:00<00:00, 1381.10it/s, Materializing param=vision_model.encoder.layers.0.self_attn.out_proj.weight]
Loading weights:   8%|▊         | 16/208 [00:00<00:00, 1360.88it/s, Materializing param=vision_model.encoder.layers.0.self_attn.q_proj.bias]    
Loading weights:   8%|▊         | 16/208 [00:00<00:00, 1342.93it/s, Materializing param=vision_model.encoder.layers.0.self_attn.q_proj.bias]
Loading weights:   8%|▊         | 17/208 [00:00<00:00, 1261.73it/s, Materializing param=vision_model.encoder.layers.0.self_attn.q_proj.weight]
Loading weights:   8%|▊         | 17/208 [00:00<00:00, 1247.71it/s, Materializing param=vision_model.encoder.layers.0.self_attn.q_proj.weight]
Loading weights:   9%|▊         | 18/208 [00:00<00:00, 1263.60it/s, Materializing param=vision_model.encoder.layers.0.self_attn.v_proj.bias]  
Loading weights:   9%|▊         | 18/208 [00:00<00:00, 1228.30it/s, Materializing param=vision_model.encoder.layers.0.self_attn.v_proj.bias]
Loading weights:   9%|▉         | 19/208 [00:00<00:00, 1239.43it/s, Materializing param=vision_model.encoder.layers.0.self_attn.v_proj.weight]
Loading weights:   9%|▉         | 19/208 [00:00<00:00, 1229.45it/s, Materializing param=vision_model.encoder.layers.0.self_attn.v_proj.weight]
Loading weights:  10%|▉         | 20/208 [00:00<00:00, 1252.52it/s, Materializing param=vision_model.encoder.layers.1.layer_norm1.bias]       
Loading weights:  10%|▉         | 20/208 [00:00<00:00, 1243.14it/s, Materializing param=vision_model.encoder.layers.1.layer_norm1.bias]
Loading weights:  10%|█         | 21/208 [00:00<00:00, 1221.07it/s, Materializing param=vision_model.encoder.layers.1.layer_norm1.weight]
Loading weights:  10%|█         | 21/208 [00:00<00:00, 1211.76it/s, Materializing param=vision_model.encoder.layers.1.layer_norm1.weight]
Loading weights:  11%|█         | 22/208 [00:00<00:00, 1189.81it/s, Materializing param=vision_model.encoder.layers.1.layer_norm2.bias]  
Loading weights:  11%|█         | 22/208 [00:00<00:00, 1162.11it/s, Materializing param=vision_model.encoder.layers.1.layer_norm2.bias]
Loading weights:  11%|█         | 23/208 [00:00<00:00, 993.35it/s, Materializing param=vision_model.encoder.layers.1.layer_norm2.weight]
Loading weights:  11%|█         | 23/208 [00:00<00:00, 986.66it/s, Materializing param=vision_model.encoder.layers.1.layer_norm2.weight]
Loading weights:  12%|█▏        | 24/208 [00:00<00:00, 992.29it/s, Materializing param=vision_model.encoder.layers.1.mlp.fc1.bias]      
Loading weights:  12%|█▏        | 24/208 [00:00<00:00, 982.71it/s, Materializing param=vision_model.encoder.layers.1.mlp.fc1.bias]
Loading weights:  12%|█▏        | 25/208 [00:00<00:00, 964.03it/s, Materializing param=vision_model.encoder.layers.1.mlp.fc1.weight]
Loading weights:  12%|█▏        | 25/208 [00:00<00:00, 944.70it/s, Materializing param=vision_model.encoder.layers.1.mlp.fc1.weight]
Loading weights:  12%|█▎        | 26/208 [00:00<00:00, 970.68it/s, Materializing param=vision_model.encoder.layers.1.mlp.fc2.bias]  
Loading weights:  12%|█▎        | 26/208 [00:00<00:00, 966.41it/s, Materializing param=vision_model.encoder.layers.1.mlp.fc2.bias]
Loading weights:  13%|█▎        | 27/208 [00:00<00:00, 950.71it/s, Materializing param=vision_model.encoder.layers.1.mlp.fc2.weight]
Loading weights:  13%|█▎        | 27/208 [00:00<00:00, 946.15it/s, Materializing param=vision_model.encoder.layers.1.mlp.fc2.weight]
Loading weights:  13%|█▎        | 28/208 [00:00<00:00, 971.23it/s, Materializing param=vision_model.encoder.layers.1.self_attn.k_proj.bias]
Loading weights:  13%|█▎        | 28/208 [00:00<00:00, 968.13it/s, Materializing param=vision_model.encoder.layers.1.self_attn.k_proj.bias]
Loading weights:  14%|█▍        | 29/208 [00:00<00:00, 975.65it/s, Materializing param=vision_model.encoder.layers.1.self_attn.k_proj.weight]
Loading weights:  14%|█▍        | 29/208 [00:00<00:00, 971.27it/s, Materializing param=vision_model.encoder.layers.1.self_attn.k_proj.weight]
Loading weights:  14%|█▍        | 30/208 [00:00<00:00, 995.15it/s, Materializing param=vision_model.encoder.layers.1.self_attn.out_proj.bias]
Loading weights:  14%|█▍        | 30/208 [00:00<00:00, 990.94it/s, Materializing param=vision_model.encoder.layers.1.self_attn.out_proj.bias]
Loading weights:  15%|█▍        | 31/208 [00:00<00:00, 984.62it/s, Materializing param=vision_model.encoder.layers.1.self_attn.out_proj.weight]
Loading weights:  15%|█▍        | 31/208 [00:00<00:00, 980.24it/s, Materializing param=vision_model.encoder.layers.1.self_attn.out_proj.weight]
Loading weights:  15%|█▌        | 32/208 [00:00<00:00, 1003.38it/s, Materializing param=vision_model.encoder.layers.1.self_attn.q_proj.bias]   
Loading weights:  15%|█▌        | 32/208 [00:00<00:00, 999.46it/s, Materializing param=vision_model.encoder.layers.1.self_attn.q_proj.bias] 
Loading weights:  16%|█▌        | 33/208 [00:00<00:00, 981.54it/s, Materializing param=vision_model.encoder.layers.1.self_attn.q_proj.weight]
Loading weights:  16%|█▌        | 33/208 [00:00<00:00, 978.10it/s, Materializing param=vision_model.encoder.layers.1.self_attn.q_proj.weight]
Loading weights:  16%|█▋        | 34/208 [00:00<00:00, 1000.96it/s, Materializing param=vision_model.encoder.layers.1.self_attn.v_proj.bias] 
Loading weights:  16%|█▋        | 34/208 [00:00<00:00, 997.77it/s, Materializing param=vision_model.encoder.layers.1.self_attn.v_proj.bias] 
Loading weights:  17%|█▋        | 35/208 [00:00<00:00, 981.80it/s, Materializing param=vision_model.encoder.layers.1.self_attn.v_proj.weight]
Loading weights:  17%|█▋        | 35/208 [00:00<00:00, 978.63it/s, Materializing param=vision_model.encoder.layers.1.self_attn.v_proj.weight]
Loading weights:  17%|█▋        | 36/208 [00:00<00:00, 987.00it/s, Materializing param=vision_model.encoder.layers.2.layer_norm1.bias]       
Loading weights:  17%|█▋        | 36/208 [00:00<00:00, 983.76it/s, Materializing param=vision_model.encoder.layers.2.layer_norm1.bias]
Loading weights:  18%|█▊        | 37/208 [00:00<00:00, 1004.80it/s, Materializing param=vision_model.encoder.layers.2.layer_norm1.weight]
Loading weights:  18%|█▊        | 37/208 [00:00<00:00, 1001.82it/s, Materializing param=vision_model.encoder.layers.2.layer_norm1.weight]
Loading weights:  18%|█▊        | 38/208 [00:00<00:00, 990.65it/s, Materializing param=vision_model.encoder.layers.2.layer_norm2.bias]   
Loading weights:  18%|█▊        | 38/208 [00:00<00:00, 987.22it/s, Materializing param=vision_model.encoder.layers.2.layer_norm2.bias]
Loading weights:  19%|█▉        | 39/208 [00:00<00:00, 1006.65it/s, Materializing param=vision_model.encoder.layers.2.layer_norm2.weight]
Loading weights:  19%|█▉        | 39/208 [00:00<00:00, 1003.74it/s, Materializing param=vision_model.encoder.layers.2.layer_norm2.weight]
Loading weights:  19%|█▉        | 40/208 [00:00<00:00, 1001.00it/s, Materializing param=vision_model.encoder.layers.2.mlp.fc1.bias]      
Loading weights:  19%|█▉        | 40/208 [00:00<00:00, 973.14it/s, Materializing param=vision_model.encoder.layers.2.mlp.fc1.bias] 
Loading weights:  20%|█▉        | 41/208 [00:00<00:00, 987.99it/s, Materializing param=vision_model.encoder.layers.2.mlp.fc1.weight]
Loading weights:  20%|█▉        | 41/208 [00:00<00:00, 984.11it/s, Materializing param=vision_model.encoder.layers.2.mlp.fc1.weight]
Loading weights:  20%|██        | 42/208 [00:00<00:00, 961.32it/s, Materializing param=vision_model.encoder.layers.2.mlp.fc2.bias]  
Loading weights:  20%|██        | 42/208 [00:00<00:00, 949.23it/s, Materializing param=vision_model.encoder.layers.2.mlp.fc2.bias]
Loading weights:  21%|██        | 43/208 [00:00<00:00, 954.08it/s, Materializing param=vision_model.encoder.layers.2.mlp.fc2.weight]
Loading weights:  21%|██        | 43/208 [00:00<00:00, 951.30it/s, Materializing param=vision_model.encoder.layers.2.mlp.fc2.weight]
Loading weights:  21%|██        | 44/208 [00:00<00:00, 920.57it/s, Materializing param=vision_model.encoder.layers.2.self_attn.k_proj.bias]
Loading weights:  21%|██        | 44/208 [00:00<00:00, 913.07it/s, Materializing param=vision_model.encoder.layers.2.self_attn.k_proj.bias]
Loading weights:  22%|██▏       | 45/208 [00:00<00:00, 926.82it/s, Materializing param=vision_model.encoder.layers.2.self_attn.k_proj.weight]
Loading weights:  22%|██▏       | 45/208 [00:00<00:00, 924.66it/s, Materializing param=vision_model.encoder.layers.2.self_attn.k_proj.weight]
Loading weights:  22%|██▏       | 46/208 [00:00<00:00, 926.60it/s, Materializing param=vision_model.encoder.layers.2.self_attn.out_proj.bias]
Loading weights:  22%|██▏       | 46/208 [00:00<00:00, 924.47it/s, Materializing param=vision_model.encoder.layers.2.self_attn.out_proj.bias]
Loading weights:  23%|██▎       | 47/208 [00:00<00:00, 915.41it/s, Materializing param=vision_model.encoder.layers.2.self_attn.out_proj.weight]
Loading weights:  23%|██▎       | 47/208 [00:00<00:00, 913.22it/s, Materializing param=vision_model.encoder.layers.2.self_attn.out_proj.weight]
Loading weights:  23%|██▎       | 48/208 [00:00<00:00, 916.65it/s, Materializing param=vision_model.encoder.layers.2.self_attn.q_proj.bias]    
Loading weights:  23%|██▎       | 48/208 [00:00<00:00, 912.04it/s, Materializing param=vision_model.encoder.layers.2.self_attn.q_proj.bias]
Loading weights:  24%|██▎       | 49/208 [00:00<00:00, 915.13it/s, Materializing param=vision_model.encoder.layers.2.self_attn.q_proj.weight]
Loading weights:  24%|██▎       | 49/208 [00:00<00:00, 913.09it/s, Materializing param=vision_model.encoder.layers.2.self_attn.q_proj.weight]
Loading weights:  24%|██▍       | 50/208 [00:00<00:00, 916.10it/s, Materializing param=vision_model.encoder.layers.2.self_attn.v_proj.bias]  
Loading weights:  24%|██▍       | 50/208 [00:00<00:00, 913.97it/s, Materializing param=vision_model.encoder.layers.2.self_attn.v_proj.bias]
Loading weights:  25%|██▍       | 51/208 [00:00<00:00, 919.74it/s, Materializing param=vision_model.encoder.layers.2.self_attn.v_proj.weight]
Loading weights:  25%|██▍       | 51/208 [00:00<00:00, 917.60it/s, Materializing param=vision_model.encoder.layers.2.self_attn.v_proj.weight]
Loading weights:  25%|██▌       | 52/208 [00:00<00:00, 914.72it/s, Materializing param=vision_model.encoder.layers.3.layer_norm1.bias]       
Loading weights:  25%|██▌       | 52/208 [00:00<00:00, 912.49it/s, Materializing param=vision_model.encoder.layers.3.layer_norm1.bias]
Loading weights:  25%|██▌       | 53/208 [00:00<00:00, 924.20it/s, Materializing param=vision_model.encoder.layers.3.layer_norm1.weight]
Loading weights:  25%|██▌       | 53/208 [00:00<00:00, 922.41it/s, Materializing param=vision_model.encoder.layers.3.layer_norm1.weight]
Loading weights:  26%|██▌       | 54/208 [00:00<00:00, 927.08it/s, Materializing param=vision_model.encoder.layers.3.layer_norm2.bias]  
Loading weights:  26%|██▌       | 54/208 [00:00<00:00, 925.51it/s, Materializing param=vision_model.encoder.layers.3.layer_norm2.bias]
Loading weights:  26%|██▋       | 55/208 [00:00<00:00, 930.25it/s, Materializing param=vision_model.encoder.layers.3.layer_norm2.weight]
Loading weights:  26%|██▋       | 55/208 [00:00<00:00, 928.14it/s, Materializing param=vision_model.encoder.layers.3.layer_norm2.weight]
Loading weights:  27%|██▋       | 56/208 [00:00<00:00, 939.65it/s, Materializing param=vision_model.encoder.layers.3.mlp.fc1.bias]      
Loading weights:  27%|██▋       | 56/208 [00:00<00:00, 938.50it/s, Materializing param=vision_model.encoder.layers.3.mlp.fc1.bias]
Loading weights:  27%|██▋       | 57/208 [00:00<00:00, 953.53it/s, Materializing param=vision_model.encoder.layers.3.mlp.fc1.weight]
Loading weights:  27%|██▋       | 57/208 [00:00<00:00, 952.72it/s, Materializing param=vision_model.encoder.layers.3.mlp.fc1.weight]
Loading weights:  28%|██▊       | 58/208 [00:00<00:00, 967.96it/s, Materializing param=vision_model.encoder.layers.3.mlp.fc2.bias]  
Loading weights:  28%|██▊       | 58/208 [00:00<00:00, 967.18it/s, Materializing param=vision_model.encoder.layers.3.mlp.fc2.bias]
Loading weights:  28%|██▊       | 59/208 [00:00<00:00, 982.41it/s, Materializing param=vision_model.encoder.layers.3.mlp.fc2.weight]
Loading weights:  28%|██▊       | 59/208 [00:00<00:00, 981.63it/s, Materializing param=vision_model.encoder.layers.3.mlp.fc2.weight]
Loading weights:  29%|██▉       | 60/208 [00:00<00:00, 985.37it/s, Materializing param=vision_model.encoder.layers.3.self_attn.k_proj.bias]
Loading weights:  29%|██▉       | 60/208 [00:00<00:00, 983.44it/s, Materializing param=vision_model.encoder.layers.3.self_attn.k_proj.bias]
Loading weights:  29%|██▉       | 61/208 [00:00<00:00, 991.69it/s, Materializing param=vision_model.encoder.layers.3.self_attn.k_proj.weight]
Loading weights:  29%|██▉       | 61/208 [00:00<00:00, 988.11it/s, Materializing param=vision_model.encoder.layers.3.self_attn.k_proj.weight]
Loading weights:  30%|██▉       | 62/208 [00:00<00:00, 988.08it/s, Materializing param=vision_model.encoder.layers.3.self_attn.out_proj.bias]
Loading weights:  30%|██▉       | 62/208 [00:00<00:00, 985.66it/s, Materializing param=vision_model.encoder.layers.3.self_attn.out_proj.bias]
Loading weights:  30%|███       | 63/208 [00:00<00:00, 994.53it/s, Materializing param=vision_model.encoder.layers.3.self_attn.out_proj.weight]
Loading weights:  30%|███       | 63/208 [00:00<00:00, 992.64it/s, Materializing param=vision_model.encoder.layers.3.self_attn.out_proj.weight]
Loading weights:  31%|███       | 64/208 [00:00<00:00, 992.64it/s, Materializing param=vision_model.encoder.layers.3.self_attn.q_proj.bias]    
Loading weights:  31%|███       | 64/208 [00:00<00:00, 990.47it/s, Materializing param=vision_model.encoder.layers.3.self_attn.q_proj.bias]
Loading weights:  31%|███▏      | 65/208 [00:00<00:00, 996.39it/s, Materializing param=vision_model.encoder.layers.3.self_attn.q_proj.weight]
Loading weights:  31%|███▏      | 65/208 [00:00<00:00, 994.27it/s, Materializing param=vision_model.encoder.layers.3.self_attn.q_proj.weight]
Loading weights:  32%|███▏      | 66/208 [00:00<00:00, 997.57it/s, Materializing param=vision_model.encoder.layers.3.self_attn.v_proj.bias]  
Loading weights:  32%|███▏      | 66/208 [00:00<00:00, 995.57it/s, Materializing param=vision_model.encoder.layers.3.self_attn.v_proj.bias]
Loading weights:  32%|███▏      | 67/208 [00:00<00:00, 1001.82it/s, Materializing param=vision_model.encoder.layers.3.self_attn.v_proj.weight]
Loading weights:  32%|███▏      | 67/208 [00:00<00:00, 1000.08it/s, Materializing param=vision_model.encoder.layers.3.self_attn.v_proj.weight]
Loading weights:  33%|███▎      | 68/208 [00:00<00:00, 1009.34it/s, Materializing param=vision_model.encoder.layers.4.layer_norm1.bias]       
Loading weights:  33%|███▎      | 68/208 [00:00<00:00, 1007.56it/s, Materializing param=vision_model.encoder.layers.4.layer_norm1.bias]
Loading weights:  33%|███▎      | 69/208 [00:00<00:00, 1010.33it/s, Materializing param=vision_model.encoder.layers.4.layer_norm1.weight]
Loading weights:  33%|███▎      | 69/208 [00:00<00:00, 1008.58it/s, Materializing param=vision_model.encoder.layers.4.layer_norm1.weight]
Loading weights:  34%|███▎      | 70/208 [00:00<00:00, 1007.92it/s, Materializing param=vision_model.encoder.layers.4.layer_norm2.bias]  
Loading weights:  34%|███▎      | 70/208 [00:00<00:00, 1005.73it/s, Materializing param=vision_model.encoder.layers.4.layer_norm2.bias]
Loading weights:  34%|███▍      | 71/208 [00:00<00:00, 1004.16it/s, Materializing param=vision_model.encoder.layers.4.layer_norm2.weight]
Loading weights:  34%|███▍      | 71/208 [00:00<00:00, 994.36it/s, Materializing param=vision_model.encoder.layers.4.layer_norm2.weight] 
Loading weights:  35%|███▍      | 72/208 [00:00<00:00, 1003.90it/s, Materializing param=vision_model.encoder.layers.4.mlp.fc1.bias]     
Loading weights:  35%|███▍      | 72/208 [00:00<00:00, 1002.29it/s, Materializing param=vision_model.encoder.layers.4.mlp.fc1.bias]
Loading weights:  35%|███▌      | 73/208 [00:00<00:00, 989.69it/s, Materializing param=vision_model.encoder.layers.4.mlp.fc1.weight]
Loading weights:  35%|███▌      | 73/208 [00:00<00:00, 988.08it/s, Materializing param=vision_model.encoder.layers.4.mlp.fc1.weight]
Loading weights:  36%|███▌      | 74/208 [00:00<00:00, 982.20it/s, Materializing param=vision_model.encoder.layers.4.mlp.fc2.bias]  
Loading weights:  36%|███▌      | 74/208 [00:00<00:00, 968.68it/s, Materializing param=vision_model.encoder.layers.4.mlp.fc2.bias]
Loading weights:  36%|███▌      | 75/208 [00:00<00:00, 941.27it/s, Materializing param=vision_model.encoder.layers.4.mlp.fc2.weight]
Loading weights:  36%|███▌      | 75/208 [00:00<00:00, 939.86it/s, Materializing param=vision_model.encoder.layers.4.mlp.fc2.weight]
Loading weights:  37%|███▋      | 76/208 [00:00<00:00, 941.07it/s, Materializing param=vision_model.encoder.layers.4.self_attn.k_proj.bias]
Loading weights:  37%|███▋      | 76/208 [00:00<00:00, 938.82it/s, Materializing param=vision_model.encoder.layers.4.self_attn.k_proj.bias]
Loading weights:  37%|███▋      | 77/208 [00:00<00:00, 946.80it/s, Materializing param=vision_model.encoder.layers.4.self_attn.k_proj.weight]
Loading weights:  37%|███▋      | 77/208 [00:00<00:00, 944.54it/s, Materializing param=vision_model.encoder.layers.4.self_attn.k_proj.weight]
Loading weights:  38%|███▊      | 78/208 [00:00<00:00, 942.74it/s, Materializing param=vision_model.encoder.layers.4.self_attn.out_proj.bias]
Loading weights:  38%|███▊      | 78/208 [00:00<00:00, 941.35it/s, Materializing param=vision_model.encoder.layers.4.self_attn.out_proj.bias]
Loading weights:  38%|███▊      | 79/208 [00:00<00:00, 934.32it/s, Materializing param=vision_model.encoder.layers.4.self_attn.out_proj.weight]
Loading weights:  38%|███▊      | 79/208 [00:00<00:00, 932.22it/s, Materializing param=vision_model.encoder.layers.4.self_attn.out_proj.weight]
Loading weights:  38%|███▊      | 80/208 [00:00<00:00, 939.09it/s, Materializing param=vision_model.encoder.layers.4.self_attn.q_proj.bias]    
Loading weights:  38%|███▊      | 80/208 [00:00<00:00, 937.70it/s, Materializing param=vision_model.encoder.layers.4.self_attn.q_proj.bias]
Loading weights:  39%|███▉      | 81/208 [00:00<00:00, 943.80it/s, Materializing param=vision_model.encoder.layers.4.self_attn.q_proj.weight]
Loading weights:  39%|███▉      | 81/208 [00:00<00:00, 942.25it/s, Materializing param=vision_model.encoder.layers.4.self_attn.q_proj.weight]
Loading weights:  39%|███▉      | 82/208 [00:00<00:00, 950.76it/s, Materializing param=vision_model.encoder.layers.4.self_attn.v_proj.bias]  
Loading weights:  39%|███▉      | 82/208 [00:00<00:00, 947.47it/s, Materializing param=vision_model.encoder.layers.4.self_attn.v_proj.bias]
Loading weights:  40%|███▉      | 83/208 [00:00<00:00, 956.67it/s, Materializing param=vision_model.encoder.layers.4.self_attn.v_proj.weight]
Loading weights:  40%|███▉      | 83/208 [00:00<00:00, 955.58it/s, Materializing param=vision_model.encoder.layers.4.self_attn.v_proj.weight]
Loading weights:  40%|████      | 84/208 [00:00<00:00, 965.05it/s, Materializing param=vision_model.encoder.layers.5.layer_norm1.bias]       
Loading weights:  40%|████      | 84/208 [00:00<00:00, 963.73it/s, Materializing param=vision_model.encoder.layers.5.layer_norm1.bias]
Loading weights:  41%|████      | 85/208 [00:00<00:00, 969.83it/s, Materializing param=vision_model.encoder.layers.5.layer_norm1.weight]
Loading weights:  41%|████      | 85/208 [00:00<00:00, 968.59it/s, Materializing param=vision_model.encoder.layers.5.layer_norm1.weight]
Loading weights:  41%|████▏     | 86/208 [00:00<00:00, 977.66it/s, Materializing param=vision_model.encoder.layers.5.layer_norm2.bias]  
Loading weights:  41%|████▏     | 86/208 [00:00<00:00, 976.53it/s, Materializing param=vision_model.encoder.layers.5.layer_norm2.bias]
Loading weights:  42%|████▏     | 87/208 [00:00<00:00, 982.24it/s, Materializing param=vision_model.encoder.layers.5.layer_norm2.weight]
Loading weights:  42%|████▏     | 87/208 [00:00<00:00, 981.02it/s, Materializing param=vision_model.encoder.layers.5.layer_norm2.weight]
Loading weights:  42%|████▏     | 88/208 [00:00<00:00, 990.11it/s, Materializing param=vision_model.encoder.layers.5.mlp.fc1.bias]      
Loading weights:  42%|████▏     | 88/208 [00:00<00:00, 989.01it/s, Materializing param=vision_model.encoder.layers.5.mlp.fc1.bias]
Loading weights:  43%|████▎     | 89/208 [00:00<00:00, 996.08it/s, Materializing param=vision_model.encoder.layers.5.mlp.fc1.weight]
Loading weights:  43%|████▎     | 89/208 [00:00<00:00, 994.90it/s, Materializing param=vision_model.encoder.layers.5.mlp.fc1.weight]
Loading weights:  43%|████▎     | 90/208 [00:00<00:00, 1003.71it/s, Materializing param=vision_model.encoder.layers.5.mlp.fc2.bias] 
Loading weights:  43%|████▎     | 90/208 [00:00<00:00, 1002.62it/s, Materializing param=vision_model.encoder.layers.5.mlp.fc2.bias]
Loading weights:  44%|████▍     | 91/208 [00:00<00:00, 1011.66it/s, Materializing param=vision_model.encoder.layers.5.mlp.fc2.weight]
Loading weights:  44%|████▍     | 91/208 [00:00<00:00, 1008.57it/s, Materializing param=vision_model.encoder.layers.5.mlp.fc2.weight]
Loading weights:  44%|████▍     | 92/208 [00:00<00:00, 1017.29it/s, Materializing param=vision_model.encoder.layers.5.self_attn.k_proj.bias]
Loading weights:  44%|████▍     | 92/208 [00:00<00:00, 1016.16it/s, Materializing param=vision_model.encoder.layers.5.self_attn.k_proj.bias]
Loading weights:  45%|████▍     | 93/208 [00:00<00:00, 1025.11it/s, Materializing param=vision_model.encoder.layers.5.self_attn.k_proj.weight]
Loading weights:  45%|████▍     | 93/208 [00:00<00:00, 1023.97it/s, Materializing param=vision_model.encoder.layers.5.self_attn.k_proj.weight]
Loading weights:  45%|████▌     | 94/208 [00:00<00:00, 1031.27it/s, Materializing param=vision_model.encoder.layers.5.self_attn.out_proj.bias]
Loading weights:  45%|████▌     | 94/208 [00:00<00:00, 1029.80it/s, Materializing param=vision_model.encoder.layers.5.self_attn.out_proj.bias]
Loading weights:  46%|████▌     | 95/208 [00:00<00:00, 1038.52it/s, Materializing param=vision_model.encoder.layers.5.self_attn.out_proj.weight]
Loading weights:  46%|████▌     | 95/208 [00:00<00:00, 1037.41it/s, Materializing param=vision_model.encoder.layers.5.self_attn.out_proj.weight]
Loading weights:  46%|████▌     | 96/208 [00:00<00:00, 1046.20it/s, Materializing param=vision_model.encoder.layers.5.self_attn.q_proj.bias]    
Loading weights:  46%|████▌     | 96/208 [00:00<00:00, 1043.72it/s, Materializing param=vision_model.encoder.layers.5.self_attn.q_proj.bias]
Loading weights:  47%|████▋     | 97/208 [00:00<00:00, 1051.83it/s, Materializing param=vision_model.encoder.layers.5.self_attn.q_proj.weight]
Loading weights:  47%|████▋     | 97/208 [00:00<00:00, 1050.56it/s, Materializing param=vision_model.encoder.layers.5.self_attn.q_proj.weight]
Loading weights:  47%|████▋     | 98/208 [00:00<00:00, 1058.95it/s, Materializing param=vision_model.encoder.layers.5.self_attn.v_proj.bias]  
Loading weights:  47%|████▋     | 98/208 [00:00<00:00, 1057.74it/s, Materializing param=vision_model.encoder.layers.5.self_attn.v_proj.bias]
Loading weights:  48%|████▊     | 99/208 [00:00<00:00, 1063.52it/s, Materializing param=vision_model.encoder.layers.5.self_attn.v_proj.weight]
Loading weights:  48%|████▊     | 99/208 [00:00<00:00, 1061.78it/s, Materializing param=vision_model.encoder.layers.5.self_attn.v_proj.weight]
Loading weights:  48%|████▊     | 100/208 [00:00<00:00, 1069.71it/s, Materializing param=vision_model.encoder.layers.6.layer_norm1.bias]      
Loading weights:  48%|████▊     | 100/208 [00:00<00:00, 1068.24it/s, Materializing param=vision_model.encoder.layers.6.layer_norm1.bias]
Loading weights:  49%|████▊     | 101/208 [00:00<00:00, 1076.46it/s, Materializing param=vision_model.encoder.layers.6.layer_norm1.weight]
Loading weights:  49%|████▊     | 101/208 [00:00<00:00, 1075.14it/s, Materializing param=vision_model.encoder.layers.6.layer_norm1.weight]
Loading weights:  49%|████▉     | 102/208 [00:00<00:00, 1081.08it/s, Materializing param=vision_model.encoder.layers.6.layer_norm2.bias]  
Loading weights:  49%|████▉     | 102/208 [00:00<00:00, 1079.71it/s, Materializing param=vision_model.encoder.layers.6.layer_norm2.bias]
Loading weights:  50%|████▉     | 103/208 [00:00<00:00, 1088.10it/s, Materializing param=vision_model.encoder.layers.6.layer_norm2.weight]
Loading weights:  50%|████▉     | 103/208 [00:00<00:00, 1086.98it/s, Materializing param=vision_model.encoder.layers.6.layer_norm2.weight]
Loading weights:  50%|█████     | 104/208 [00:00<00:00, 1095.38it/s, Materializing param=vision_model.encoder.layers.6.mlp.fc1.bias]      
Loading weights:  50%|█████     | 104/208 [00:00<00:00, 1092.58it/s, Materializing param=vision_model.encoder.layers.6.mlp.fc1.bias]
Loading weights:  50%|█████     | 105/208 [00:00<00:00, 1100.52it/s, Materializing param=vision_model.encoder.layers.6.mlp.fc1.weight]
Loading weights:  50%|█████     | 105/208 [00:00<00:00, 1099.37it/s, Materializing param=vision_model.encoder.layers.6.mlp.fc1.weight]
Loading weights:  51%|█████     | 106/208 [00:00<00:00, 1107.77it/s, Materializing param=vision_model.encoder.layers.6.mlp.fc2.bias]  
Loading weights:  51%|█████     | 106/208 [00:00<00:00, 1106.68it/s, Materializing param=vision_model.encoder.layers.6.mlp.fc2.bias]
Loading weights:  51%|█████▏    | 107/208 [00:00<00:00, 1115.01it/s, Materializing param=vision_model.encoder.layers.6.mlp.fc2.weight]
Loading weights:  51%|█████▏    | 107/208 [00:00<00:00, 1113.77it/s, Materializing param=vision_model.encoder.layers.6.mlp.fc2.weight]
Loading weights:  52%|█████▏    | 108/208 [00:00<00:00, 1121.56it/s, Materializing param=vision_model.encoder.layers.6.self_attn.k_proj.bias]
Loading weights:  52%|█████▏    | 108/208 [00:00<00:00, 1120.41it/s, Materializing param=vision_model.encoder.layers.6.self_attn.k_proj.bias]
Loading weights:  52%|█████▏    | 109/208 [00:00<00:00, 1128.63it/s, Materializing param=vision_model.encoder.layers.6.self_attn.k_proj.weight]
Loading weights:  52%|█████▏    | 109/208 [00:00<00:00, 1127.50it/s, Materializing param=vision_model.encoder.layers.6.self_attn.k_proj.weight]
Loading weights:  53%|█████▎    | 110/208 [00:00<00:00, 1135.67it/s, Materializing param=vision_model.encoder.layers.6.self_attn.out_proj.bias]
Loading weights:  53%|█████▎    | 110/208 [00:00<00:00, 1134.54it/s, Materializing param=vision_model.encoder.layers.6.self_attn.out_proj.bias]
Loading weights:  53%|█████▎    | 111/208 [00:00<00:00, 1142.32it/s, Materializing param=vision_model.encoder.layers.6.self_attn.out_proj.weight]
Loading weights:  53%|█████▎    | 111/208 [00:00<00:00, 1141.01it/s, Materializing param=vision_model.encoder.layers.6.self_attn.out_proj.weight]
Loading weights:  54%|█████▍    | 112/208 [00:00<00:00, 1149.04it/s, Materializing param=vision_model.encoder.layers.6.self_attn.q_proj.bias]    
Loading weights:  54%|█████▍    | 112/208 [00:00<00:00, 1147.77it/s, Materializing param=vision_model.encoder.layers.6.self_attn.q_proj.bias]
Loading weights:  54%|█████▍    | 113/208 [00:00<00:00, 1155.80it/s, Materializing param=vision_model.encoder.layers.6.self_attn.q_proj.weight]
Loading weights:  54%|█████▍    | 113/208 [00:00<00:00, 1154.64it/s, Materializing param=vision_model.encoder.layers.6.self_attn.q_proj.weight]
Loading weights:  55%|█████▍    | 114/208 [00:00<00:00, 1162.39it/s, Materializing param=vision_model.encoder.layers.6.self_attn.v_proj.bias]  
Loading weights:  55%|█████▍    | 114/208 [00:00<00:00, 1160.94it/s, Materializing param=vision_model.encoder.layers.6.self_attn.v_proj.bias]
Loading weights:  55%|█████▌    | 115/208 [00:00<00:00, 1168.81it/s, Materializing param=vision_model.encoder.layers.6.self_attn.v_proj.weight]
Loading weights:  55%|█████▌    | 115/208 [00:00<00:00, 1167.63it/s, Materializing param=vision_model.encoder.layers.6.self_attn.v_proj.weight]
Loading weights:  56%|█████▌    | 116/208 [00:00<00:00, 1175.64it/s, Materializing param=vision_model.encoder.layers.7.layer_norm1.bias]       
Loading weights:  56%|█████▌    | 116/208 [00:00<00:00, 1174.45it/s, Materializing param=vision_model.encoder.layers.7.layer_norm1.bias]
Loading weights:  56%|█████▋    | 117/208 [00:00<00:00, 1182.35it/s, Materializing param=vision_model.encoder.layers.7.layer_norm1.weight]
Loading weights:  56%|█████▋    | 117/208 [00:00<00:00, 1181.08it/s, Materializing param=vision_model.encoder.layers.7.layer_norm1.weight]
Loading weights:  57%|█████▋    | 118/208 [00:00<00:00, 1188.67it/s, Materializing param=vision_model.encoder.layers.7.layer_norm2.bias]  
Loading weights:  57%|█████▋    | 118/208 [00:00<00:00, 1187.36it/s, Materializing param=vision_model.encoder.layers.7.layer_norm2.bias]
Loading weights:  57%|█████▋    | 119/208 [00:00<00:00, 1195.24it/s, Materializing param=vision_model.encoder.layers.7.layer_norm2.weight]
Loading weights:  57%|█████▋    | 119/208 [00:00<00:00, 1194.08it/s, Materializing param=vision_model.encoder.layers.7.layer_norm2.weight]
Loading weights:  58%|█████▊    | 120/208 [00:00<00:00, 1201.93it/s, Materializing param=vision_model.encoder.layers.7.mlp.fc1.bias]      
Loading weights:  58%|█████▊    | 120/208 [00:00<00:00, 1200.72it/s, Materializing param=vision_model.encoder.layers.7.mlp.fc1.bias]
Loading weights:  58%|█████▊    | 121/208 [00:00<00:00, 1208.57it/s, Materializing param=vision_model.encoder.layers.7.mlp.fc1.bias]
Loading weights:  58%|█████▊    | 121/208 [00:00<00:00, 1208.57it/s, Materializing param=vision_model.encoder.layers.7.mlp.fc1.weight]
Loading weights:  58%|█████▊    | 121/208 [00:00<00:00, 1208.57it/s, Materializing param=vision_model.encoder.layers.7.mlp.fc1.weight]
Loading weights:  59%|█████▊    | 122/208 [00:00<00:00, 1208.57it/s, Materializing param=vision_model.encoder.layers.7.mlp.fc2.bias]  
Loading weights:  59%|█████▊    | 122/208 [00:00<00:00, 1208.57it/s, Materializing param=vision_model.encoder.layers.7.mlp.fc2.bias]
Loading weights:  59%|█████▉    | 123/208 [00:00<00:00, 1208.57it/s, Materializing param=vision_model.encoder.layers.7.mlp.fc2.weight]
Loading weights:  59%|█████▉    | 123/208 [00:00<00:00, 1208.57it/s, Materializing param=vision_model.encoder.layers.7.mlp.fc2.weight]
Loading weights:  60%|█████▉    | 124/208 [00:00<00:00, 1208.57it/s, Materializing param=vision_model.encoder.layers.7.self_attn.k_proj.bias]
Loading weights:  60%|█████▉    | 124/208 [00:00<00:00, 1208.57it/s, Materializing param=vision_model.encoder.layers.7.self_attn.k_proj.bias]
Loading weights:  60%|██████    | 125/208 [00:00<00:00, 1208.57it/s, Materializing param=vision_model.encoder.layers.7.self_attn.k_proj.weight]
Loading weights:  60%|██████    | 125/208 [00:00<00:00, 1208.57it/s, Materializing param=vision_model.encoder.layers.7.self_attn.k_proj.weight]
Loading weights:  61%|██████    | 126/208 [00:00<00:00, 1208.57it/s, Materializing param=vision_model.encoder.layers.7.self_attn.out_proj.bias]
Loading weights:  61%|██████    | 126/208 [00:00<00:00, 1208.57it/s, Materializing param=vision_model.encoder.layers.7.self_attn.out_proj.bias]
Loading weights:  61%|██████    | 127/208 [00:00<00:00, 1208.57it/s, Materializing param=vision_model.encoder.layers.7.self_attn.out_proj.weight]
Loading weights:  61%|██████    | 127/208 [00:00<00:00, 1208.57it/s, Materializing param=vision_model.encoder.layers.7.self_attn.out_proj.weight]
Loading weights:  62%|██████▏   | 128/208 [00:00<00:00, 1208.57it/s, Materializing param=vision_model.encoder.layers.7.self_attn.q_proj.bias]    
Loading weights:  62%|██████▏   | 128/208 [00:00<00:00, 1208.57it/s, Materializing param=vision_model.encoder.layers.7.self_attn.q_proj.bias]
Loading weights:  62%|██████▏   | 129/208 [00:00<00:00, 1208.57it/s, Materializing param=vision_model.encoder.layers.7.self_attn.q_proj.weight]
Loading weights:  62%|██████▏   | 129/208 [00:00<00:00, 1208.57it/s, Materializing param=vision_model.encoder.layers.7.self_attn.q_proj.weight]
Loading weights:  62%|██████▎   | 130/208 [00:00<00:00, 1208.57it/s, Materializing param=vision_model.encoder.layers.7.self_attn.v_proj.bias]  
Loading weights:  62%|██████▎   | 130/208 [00:00<00:00, 1208.57it/s, Materializing param=vision_model.encoder.layers.7.self_attn.v_proj.bias]
Loading weights:  63%|██████▎   | 131/208 [00:00<00:00, 1208.57it/s, Materializing param=vision_model.encoder.layers.7.self_attn.v_proj.weight]
Loading weights:  63%|██████▎   | 131/208 [00:00<00:00, 1208.57it/s, Materializing param=vision_model.encoder.layers.7.self_attn.v_proj.weight]
Loading weights:  63%|██████▎   | 132/208 [00:00<00:00, 1208.57it/s, Materializing param=vision_model.encoder.layers.8.layer_norm1.bias]       
Loading weights:  63%|██████▎   | 132/208 [00:00<00:00, 1208.57it/s, Materializing param=vision_model.encoder.layers.8.layer_norm1.bias]
Loading weights:  64%|██████▍   | 133/208 [00:00<00:00, 1208.57it/s, Materializing param=vision_model.encoder.layers.8.layer_norm1.weight]
Loading weights:  64%|██████▍   | 133/208 [00:00<00:00, 1208.57it/s, Materializing param=vision_model.encoder.layers.8.layer_norm1.weight]
Loading weights:  64%|██████▍   | 134/208 [00:00<00:00, 1208.57it/s, Materializing param=vision_model.encoder.layers.8.layer_norm2.bias]  
Loading weights:  64%|██████▍   | 134/208 [00:00<00:00, 1208.57it/s, Materializing param=vision_model.encoder.layers.8.layer_norm2.bias]
Loading weights:  65%|██████▍   | 135/208 [00:00<00:00, 1208.57it/s, Materializing param=vision_model.encoder.layers.8.layer_norm2.weight]
Loading weights:  65%|██████▍   | 135/208 [00:00<00:00, 1208.57it/s, Materializing param=vision_model.encoder.layers.8.layer_norm2.weight]
Loading weights:  65%|██████▌   | 136/208 [00:00<00:00, 1208.57it/s, Materializing param=vision_model.encoder.layers.8.mlp.fc1.bias]      
Loading weights:  65%|██████▌   | 136/208 [00:00<00:00, 1208.57it/s, Materializing param=vision_model.encoder.layers.8.mlp.fc1.bias]
Loading weights:  66%|██████▌   | 137/208 [00:00<00:00, 1208.57it/s, Materializing param=vision_model.encoder.layers.8.mlp.fc1.weight]
Loading weights:  66%|██████▌   | 137/208 [00:00<00:00, 1208.57it/s, Materializing param=vision_model.encoder.layers.8.mlp.fc1.weight]
Loading weights:  66%|██████▋   | 138/208 [00:00<00:00, 1208.57it/s, Materializing param=vision_model.encoder.layers.8.mlp.fc2.bias]  
Loading weights:  66%|██████▋   | 138/208 [00:00<00:00, 1208.57it/s, Materializing param=vision_model.encoder.layers.8.mlp.fc2.bias]
Loading weights:  67%|██████▋   | 139/208 [00:00<00:00, 1208.57it/s, Materializing param=vision_model.encoder.layers.8.mlp.fc2.weight]
Loading weights:  67%|██████▋   | 139/208 [00:00<00:00, 1208.57it/s, Materializing param=vision_model.encoder.layers.8.mlp.fc2.weight]
Loading weights:  67%|██████▋   | 140/208 [00:00<00:00, 1208.57it/s, Materializing param=vision_model.encoder.layers.8.self_attn.k_proj.bias]
Loading weights:  67%|██████▋   | 140/208 [00:00<00:00, 1208.57it/s, Materializing param=vision_model.encoder.layers.8.self_attn.k_proj.bias]
Loading weights:  68%|██████▊   | 141/208 [00:00<00:00, 1208.57it/s, Materializing param=vision_model.encoder.layers.8.self_attn.k_proj.weight]
Loading weights:  68%|██████▊   | 141/208 [00:00<00:00, 1208.57it/s, Materializing param=vision_model.encoder.layers.8.self_attn.k_proj.weight]
Loading weights:  68%|██████▊   | 142/208 [00:00<00:00, 1208.57it/s, Materializing param=vision_model.encoder.layers.8.self_attn.out_proj.bias]
Loading weights:  68%|██████▊   | 142/208 [00:00<00:00, 1208.57it/s, Materializing param=vision_model.encoder.layers.8.self_attn.out_proj.bias]
Loading weights:  69%|██████▉   | 143/208 [00:00<00:00, 1208.57it/s, Materializing param=vision_model.encoder.layers.8.self_attn.out_proj.weight]
Loading weights:  69%|██████▉   | 143/208 [00:00<00:00, 1208.57it/s, Materializing param=vision_model.encoder.layers.8.self_attn.out_proj.weight]
Loading weights:  69%|██████▉   | 144/208 [00:00<00:00, 1208.57it/s, Materializing param=vision_model.encoder.layers.8.self_attn.q_proj.bias]    
Loading weights:  69%|██████▉   | 144/208 [00:00<00:00, 1208.57it/s, Materializing param=vision_model.encoder.layers.8.self_attn.q_proj.bias]
Loading weights:  70%|██████▉   | 145/208 [00:00<00:00, 1208.57it/s, Materializing param=vision_model.encoder.layers.8.self_attn.q_proj.weight]
Loading weights:  70%|██████▉   | 145/208 [00:00<00:00, 1208.57it/s, Materializing param=vision_model.encoder.layers.8.self_attn.q_proj.weight]
Loading weights:  70%|███████   | 146/208 [00:00<00:00, 1208.57it/s, Materializing param=vision_model.encoder.layers.8.self_attn.v_proj.bias]  
Loading weights:  70%|███████   | 146/208 [00:00<00:00, 1208.57it/s, Materializing param=vision_model.encoder.layers.8.self_attn.v_proj.bias]
Loading weights:  71%|███████   | 147/208 [00:00<00:00, 1208.57it/s, Materializing param=vision_model.encoder.layers.8.self_attn.v_proj.weight]
Loading weights:  71%|███████   | 147/208 [00:00<00:00, 1208.57it/s, Materializing param=vision_model.encoder.layers.8.self_attn.v_proj.weight]
Loading weights:  71%|███████   | 148/208 [00:00<00:00, 1208.57it/s, Materializing param=vision_model.encoder.layers.9.layer_norm1.bias]       
Loading weights:  71%|███████   | 148/208 [00:00<00:00, 1208.57it/s, Materializing param=vision_model.encoder.layers.9.layer_norm1.bias]
Loading weights:  72%|███████▏  | 149/208 [00:00<00:00, 1208.57it/s, Materializing param=vision_model.encoder.layers.9.layer_norm1.weight]
Loading weights:  72%|███████▏  | 149/208 [00:00<00:00, 1208.57it/s, Materializing param=vision_model.encoder.layers.9.layer_norm1.weight]
Loading weights:  72%|███████▏  | 150/208 [00:00<00:00, 1208.57it/s, Materializing param=vision_model.encoder.layers.9.layer_norm2.bias]  
Loading weights:  72%|███████▏  | 150/208 [00:00<00:00, 1208.57it/s, Materializing param=vision_model.encoder.layers.9.layer_norm2.bias]
Loading weights:  73%|███████▎  | 151/208 [00:00<00:00, 1208.57it/s, Materializing param=vision_model.encoder.layers.9.layer_norm2.weight]
Loading weights:  73%|███████▎  | 151/208 [00:00<00:00, 1208.57it/s, Materializing param=vision_model.encoder.layers.9.layer_norm2.weight]
Loading weights:  73%|███████▎  | 152/208 [00:00<00:00, 1208.57it/s, Materializing param=vision_model.encoder.layers.9.mlp.fc1.bias]      
Loading weights:  73%|███████▎  | 152/208 [00:00<00:00, 1208.57it/s, Materializing param=vision_model.encoder.layers.9.mlp.fc1.bias]
Loading weights:  74%|███████▎  | 153/208 [00:00<00:00, 1208.57it/s, Materializing param=vision_model.encoder.layers.9.mlp.fc1.weight]
Loading weights:  74%|███████▎  | 153/208 [00:00<00:00, 1208.57it/s, Materializing param=vision_model.encoder.layers.9.mlp.fc1.weight]
Loading weights:  74%|███████▍  | 154/208 [00:00<00:00, 1208.57it/s, Materializing param=vision_model.encoder.layers.9.mlp.fc2.bias]  
Loading weights:  74%|███████▍  | 154/208 [00:00<00:00, 1208.57it/s, Materializing param=vision_model.encoder.layers.9.mlp.fc2.bias]
Loading weights:  75%|███████▍  | 155/208 [00:00<00:00, 1208.57it/s, Materializing param=vision_model.encoder.layers.9.mlp.fc2.weight]
Loading weights:  75%|███████▍  | 155/208 [00:00<00:00, 1208.57it/s, Materializing param=vision_model.encoder.layers.9.mlp.fc2.weight]
Loading weights:  75%|███████▌  | 156/208 [00:00<00:00, 1208.57it/s, Materializing param=vision_model.encoder.layers.9.self_attn.k_proj.bias]
Loading weights:  75%|███████▌  | 156/208 [00:00<00:00, 1208.57it/s, Materializing param=vision_model.encoder.layers.9.self_attn.k_proj.bias]
Loading weights:  75%|███████▌  | 157/208 [00:00<00:00, 1208.57it/s, Materializing param=vision_model.encoder.layers.9.self_attn.k_proj.weight]
Loading weights:  75%|███████▌  | 157/208 [00:00<00:00, 1208.57it/s, Materializing param=vision_model.encoder.layers.9.self_attn.k_proj.weight]
Loading weights:  76%|███████▌  | 158/208 [00:00<00:00, 1208.57it/s, Materializing param=vision_model.encoder.layers.9.self_attn.out_proj.bias]
Loading weights:  76%|███████▌  | 158/208 [00:00<00:00, 1208.57it/s, Materializing param=vision_model.encoder.layers.9.self_attn.out_proj.bias]
Loading weights:  76%|███████▋  | 159/208 [00:00<00:00, 1208.57it/s, Materializing param=vision_model.encoder.layers.9.self_attn.out_proj.weight]
Loading weights:  76%|███████▋  | 159/208 [00:00<00:00, 1208.57it/s, Materializing param=vision_model.encoder.layers.9.self_attn.out_proj.weight]
Loading weights:  77%|███████▋  | 160/208 [00:00<00:00, 1208.57it/s, Materializing param=vision_model.encoder.layers.9.self_attn.q_proj.bias]    
Loading weights:  77%|███████▋  | 160/208 [00:00<00:00, 1208.57it/s, Materializing param=vision_model.encoder.layers.9.self_attn.q_proj.bias]
Loading weights:  77%|███████▋  | 161/208 [00:00<00:00, 1208.57it/s, Materializing param=vision_model.encoder.layers.9.self_attn.q_proj.weight]
Loading weights:  77%|███████▋  | 161/208 [00:00<00:00, 1208.57it/s, Materializing param=vision_model.encoder.layers.9.self_attn.q_proj.weight]
Loading weights:  78%|███████▊  | 162/208 [00:00<00:00, 1208.57it/s, Materializing param=vision_model.encoder.layers.9.self_attn.v_proj.bias]  
Loading weights:  78%|███████▊  | 162/208 [00:00<00:00, 1208.57it/s, Materializing param=vision_model.encoder.layers.9.self_attn.v_proj.bias]
Loading weights:  78%|███████▊  | 163/208 [00:00<00:00, 1208.57it/s, Materializing param=vision_model.encoder.layers.9.self_attn.v_proj.weight]
Loading weights:  78%|███████▊  | 163/208 [00:00<00:00, 1208.57it/s, Materializing param=vision_model.encoder.layers.9.self_attn.v_proj.weight]
Loading weights:  79%|███████▉  | 164/208 [00:00<00:00, 1208.57it/s, Materializing param=vision_model.encoder.layers.10.layer_norm1.bias]      
Loading weights:  79%|███████▉  | 164/208 [00:00<00:00, 1208.57it/s, Materializing param=vision_model.encoder.layers.10.layer_norm1.bias]
Loading weights:  79%|███████▉  | 165/208 [00:00<00:00, 1208.57it/s, Materializing param=vision_model.encoder.layers.10.layer_norm1.weight]
Loading weights:  79%|███████▉  | 165/208 [00:00<00:00, 1208.57it/s, Materializing param=vision_model.encoder.layers.10.layer_norm1.weight]
Loading weights:  80%|███████▉  | 166/208 [00:00<00:00, 1208.57it/s, Materializing param=vision_model.encoder.layers.10.layer_norm2.bias]  
Loading weights:  80%|███████▉  | 166/208 [00:00<00:00, 1208.57it/s, Materializing param=vision_model.encoder.layers.10.layer_norm2.bias]
Loading weights:  80%|████████  | 167/208 [00:00<00:00, 1208.57it/s, Materializing param=vision_model.encoder.layers.10.layer_norm2.weight]
Loading weights:  80%|████████  | 167/208 [00:00<00:00, 1208.57it/s, Materializing param=vision_model.encoder.layers.10.layer_norm2.weight]
Loading weights:  81%|████████  | 168/208 [00:00<00:00, 1208.57it/s, Materializing param=vision_model.encoder.layers.10.mlp.fc1.bias]      
Loading weights:  81%|████████  | 168/208 [00:00<00:00, 1208.57it/s, Materializing param=vision_model.encoder.layers.10.mlp.fc1.bias]
Loading weights:  81%|████████▏ | 169/208 [00:00<00:00, 1208.57it/s, Materializing param=vision_model.encoder.layers.10.mlp.fc1.weight]
Loading weights:  81%|████████▏ | 169/208 [00:00<00:00, 1208.57it/s, Materializing param=vision_model.encoder.layers.10.mlp.fc1.weight]
Loading weights:  82%|████████▏ | 170/208 [00:00<00:00, 1208.57it/s, Materializing param=vision_model.encoder.layers.10.mlp.fc2.bias]  
Loading weights:  82%|████████▏ | 170/208 [00:00<00:00, 1208.57it/s, Materializing param=vision_model.encoder.layers.10.mlp.fc2.bias]
Loading weights:  82%|████████▏ | 171/208 [00:00<00:00, 1208.57it/s, Materializing param=vision_model.encoder.layers.10.mlp.fc2.weight]
Loading weights:  82%|████████▏ | 171/208 [00:00<00:00, 1208.57it/s, Materializing param=vision_model.encoder.layers.10.mlp.fc2.weight]
Loading weights:  83%|████████▎ | 172/208 [00:00<00:00, 1208.57it/s, Materializing param=vision_model.encoder.layers.10.self_attn.k_proj.bias]
Loading weights:  83%|████████▎ | 172/208 [00:00<00:00, 1208.57it/s, Materializing param=vision_model.encoder.layers.10.self_attn.k_proj.bias]
Loading weights:  83%|████████▎ | 173/208 [00:00<00:00, 1208.57it/s, Materializing param=vision_model.encoder.layers.10.self_attn.k_proj.weight]
Loading weights:  83%|████████▎ | 173/208 [00:00<00:00, 1208.57it/s, Materializing param=vision_model.encoder.layers.10.self_attn.k_proj.weight]
Loading weights:  84%|████████▎ | 174/208 [00:00<00:00, 1208.57it/s, Materializing param=vision_model.encoder.layers.10.self_attn.out_proj.bias]
Loading weights:  84%|████████▎ | 174/208 [00:00<00:00, 1208.57it/s, Materializing param=vision_model.encoder.layers.10.self_attn.out_proj.bias]
Loading weights:  84%|████████▍ | 175/208 [00:00<00:00, 1208.57it/s, Materializing param=vision_model.encoder.layers.10.self_attn.out_proj.weight]
Loading weights:  84%|████████▍ | 175/208 [00:00<00:00, 1208.57it/s, Materializing param=vision_model.encoder.layers.10.self_attn.out_proj.weight]
Loading weights:  85%|████████▍ | 176/208 [00:00<00:00, 1208.57it/s, Materializing param=vision_model.encoder.layers.10.self_attn.q_proj.bias]    
Loading weights:  85%|████████▍ | 176/208 [00:00<00:00, 1208.57it/s, Materializing param=vision_model.encoder.layers.10.self_attn.q_proj.bias]
Loading weights:  85%|████████▌ | 177/208 [00:00<00:00, 1208.57it/s, Materializing param=vision_model.encoder.layers.10.self_attn.q_proj.weight]
Loading weights:  85%|████████▌ | 177/208 [00:00<00:00, 1208.57it/s, Materializing param=vision_model.encoder.layers.10.self_attn.q_proj.weight]
Loading weights:  86%|████████▌ | 178/208 [00:00<00:00, 1208.57it/s, Materializing param=vision_model.encoder.layers.10.self_attn.v_proj.bias]  
Loading weights:  86%|████████▌ | 178/208 [00:00<00:00, 1208.57it/s, Materializing param=vision_model.encoder.layers.10.self_attn.v_proj.bias]
Loading weights:  86%|████████▌ | 179/208 [00:00<00:00, 1208.57it/s, Materializing param=vision_model.encoder.layers.10.self_attn.v_proj.weight]
Loading weights:  86%|████████▌ | 179/208 [00:00<00:00, 1208.57it/s, Materializing param=vision_model.encoder.layers.10.self_attn.v_proj.weight]
Loading weights:  87%|████████▋ | 180/208 [00:00<00:00, 1208.57it/s, Materializing param=vision_model.encoder.layers.11.layer_norm1.bias]       
Loading weights:  87%|████████▋ | 180/208 [00:00<00:00, 1208.57it/s, Materializing param=vision_model.encoder.layers.11.layer_norm1.bias]
Loading weights:  87%|████████▋ | 181/208 [00:00<00:00, 1208.57it/s, Materializing param=vision_model.encoder.layers.11.layer_norm1.weight]
Loading weights:  87%|████████▋ | 181/208 [00:00<00:00, 1208.57it/s, Materializing param=vision_model.encoder.layers.11.layer_norm1.weight]
Loading weights:  88%|████████▊ | 182/208 [00:00<00:00, 1208.57it/s, Materializing param=vision_model.encoder.layers.11.layer_norm2.bias]  
Loading weights:  88%|████████▊ | 182/208 [00:00<00:00, 1208.57it/s, Materializing param=vision_model.encoder.layers.11.layer_norm2.bias]
Loading weights:  88%|████████▊ | 183/208 [00:00<00:00, 1208.57it/s, Materializing param=vision_model.encoder.layers.11.layer_norm2.weight]
Loading weights:  88%|████████▊ | 183/208 [00:00<00:00, 1208.57it/s, Materializing param=vision_model.encoder.layers.11.layer_norm2.weight]
Loading weights:  88%|████████▊ | 184/208 [00:00<00:00, 1208.57it/s, Materializing param=vision_model.encoder.layers.11.mlp.fc1.bias]      
Loading weights:  88%|████████▊ | 184/208 [00:00<00:00, 1208.57it/s, Materializing param=vision_model.encoder.layers.11.mlp.fc1.bias]
Loading weights:  89%|████████▉ | 185/208 [00:00<00:00, 1208.57it/s, Materializing param=vision_model.encoder.layers.11.mlp.fc1.weight]
Loading weights:  89%|████████▉ | 185/208 [00:00<00:00, 1208.57it/s, Materializing param=vision_model.encoder.layers.11.mlp.fc1.weight]
Loading weights:  89%|████████▉ | 186/208 [00:00<00:00, 1208.57it/s, Materializing param=vision_model.encoder.layers.11.mlp.fc2.bias]  
Loading weights:  89%|████████▉ | 186/208 [00:00<00:00, 1208.57it/s, Materializing param=vision_model.encoder.layers.11.mlp.fc2.bias]
Loading weights:  90%|████████▉ | 187/208 [00:00<00:00, 1208.57it/s, Materializing param=vision_model.encoder.layers.11.mlp.fc2.weight]
Loading weights:  90%|████████▉ | 187/208 [00:00<00:00, 1208.57it/s, Materializing param=vision_model.encoder.layers.11.mlp.fc2.weight]
Loading weights:  90%|█████████ | 188/208 [00:00<00:00, 1208.57it/s, Materializing param=vision_model.encoder.layers.11.self_attn.k_proj.bias]
Loading weights:  90%|█████████ | 188/208 [00:00<00:00, 1208.57it/s, Materializing param=vision_model.encoder.layers.11.self_attn.k_proj.bias]
Loading weights:  91%|█████████ | 189/208 [00:00<00:00, 1208.57it/s, Materializing param=vision_model.encoder.layers.11.self_attn.k_proj.weight]
Loading weights:  91%|█████████ | 189/208 [00:00<00:00, 1208.57it/s, Materializing param=vision_model.encoder.layers.11.self_attn.k_proj.weight]
Loading weights:  91%|█████████▏| 190/208 [00:00<00:00, 1208.57it/s, Materializing param=vision_model.encoder.layers.11.self_attn.out_proj.bias]
Loading weights:  91%|█████████▏| 190/208 [00:00<00:00, 1208.57it/s, Materializing param=vision_model.encoder.layers.11.self_attn.out_proj.bias]
Loading weights:  92%|█████████▏| 191/208 [00:00<00:00, 1208.57it/s, Materializing param=vision_model.encoder.layers.11.self_attn.out_proj.weight]
Loading weights:  92%|█████████▏| 191/208 [00:00<00:00, 1208.57it/s, Materializing param=vision_model.encoder.layers.11.self_attn.out_proj.weight]
Loading weights:  92%|█████████▏| 192/208 [00:00<00:00, 1208.57it/s, Materializing param=vision_model.encoder.layers.11.self_attn.q_proj.bias]    
Loading weights:  92%|█████████▏| 192/208 [00:00<00:00, 1208.57it/s, Materializing param=vision_model.encoder.layers.11.self_attn.q_proj.bias]
Loading weights:  93%|█████████▎| 193/208 [00:00<00:00, 1208.57it/s, Materializing param=vision_model.encoder.layers.11.self_attn.q_proj.weight]
Loading weights:  93%|█████████▎| 193/208 [00:00<00:00, 1208.57it/s, Materializing param=vision_model.encoder.layers.11.self_attn.q_proj.weight]
Loading weights:  93%|█████████▎| 194/208 [00:00<00:00, 1208.57it/s, Materializing param=vision_model.encoder.layers.11.self_attn.v_proj.bias]  
Loading weights:  93%|█████████▎| 194/208 [00:00<00:00, 1208.57it/s, Materializing param=vision_model.encoder.layers.11.self_attn.v_proj.bias]
Loading weights:  94%|█████████▍| 195/208 [00:00<00:00, 1208.57it/s, Materializing param=vision_model.encoder.layers.11.self_attn.v_proj.weight]
Loading weights:  94%|█████████▍| 195/208 [00:00<00:00, 1208.57it/s, Materializing param=vision_model.encoder.layers.11.self_attn.v_proj.weight]
Loading weights:  94%|█████████▍| 196/208 [00:00<00:00, 1208.57it/s, Materializing param=vision_model.head.attention.in_proj_bias]              
Loading weights:  94%|█████████▍| 196/208 [00:00<00:00, 1208.57it/s, Materializing param=vision_model.head.attention.in_proj_bias]
Loading weights:  95%|█████████▍| 197/208 [00:00<00:00, 1208.57it/s, Materializing param=vision_model.head.attention.in_proj_weight]
Loading weights:  95%|█████████▍| 197/208 [00:00<00:00, 1208.57it/s, Materializing param=vision_model.head.attention.in_proj_weight]
Loading weights:  95%|█████████▌| 198/208 [00:00<00:00, 1208.57it/s, Materializing param=vision_model.head.attention.out_proj.bias] 
Loading weights:  95%|█████████▌| 198/208 [00:00<00:00, 1208.57it/s, Materializing param=vision_model.head.attention.out_proj.bias]
Loading weights:  96%|█████████▌| 199/208 [00:00<00:00, 1208.57it/s, Materializing param=vision_model.head.attention.out_proj.weight]
Loading weights:  96%|█████████▌| 199/208 [00:00<00:00, 1208.57it/s, Materializing param=vision_model.head.attention.out_proj.weight]
Loading weights:  96%|█████████▌| 200/208 [00:00<00:00, 1208.57it/s, Materializing param=vision_model.head.layernorm.bias]           
Loading weights:  96%|█████████▌| 200/208 [00:00<00:00, 1208.57it/s, Materializing param=vision_model.head.layernorm.bias]
Loading weights:  97%|█████████▋| 201/208 [00:00<00:00, 1208.57it/s, Materializing param=vision_model.head.layernorm.weight]
Loading weights:  97%|█████████▋| 201/208 [00:00<00:00, 1208.57it/s, Materializing param=vision_model.head.layernorm.weight]
Loading weights:  97%|█████████▋| 202/208 [00:00<00:00, 1208.57it/s, Materializing param=vision_model.head.mlp.fc1.bias]    
Loading weights:  97%|█████████▋| 202/208 [00:00<00:00, 1208.57it/s, Materializing param=vision_model.head.mlp.fc1.bias]
Loading weights:  98%|█████████▊| 203/208 [00:00<00:00, 1208.57it/s, Materializing param=vision_model.head.mlp.fc1.weight]
Loading weights:  98%|█████████▊| 203/208 [00:00<00:00, 1208.57it/s, Materializing param=vision_model.head.mlp.fc1.weight]
Loading weights:  98%|█████████▊| 204/208 [00:00<00:00, 1208.57it/s, Materializing param=vision_model.head.mlp.fc2.bias]  
Loading weights:  98%|█████████▊| 204/208 [00:00<00:00, 1208.57it/s, Materializing param=vision_model.head.mlp.fc2.bias]
Loading weights:  99%|█████████▊| 205/208 [00:00<00:00, 1208.57it/s, Materializing param=vision_model.head.mlp.fc2.weight]
Loading weights:  99%|█████████▊| 205/208 [00:00<00:00, 1208.57it/s, Materializing param=vision_model.head.mlp.fc2.weight]
Loading weights:  99%|█████████▉| 206/208 [00:00<00:00, 1208.57it/s, Materializing param=vision_model.head.probe]         
Loading weights:  99%|█████████▉| 206/208 [00:00<00:00, 1208.57it/s, Materializing param=vision_model.head.probe]
Loading weights: 100%|█████████▉| 207/208 [00:00<00:00, 1208.57it/s, Materializing param=vision_model.post_layernorm.bias]
Loading weights: 100%|█████████▉| 207/208 [00:00<00:00, 1208.57it/s, Materializing param=vision_model.post_layernorm.bias]
Loading weights: 100%|██████████| 208/208 [00:00<00:00, 1208.57it/s, Materializing param=vision_model.post_layernorm.weight]
Loading weights: 100%|██████████| 208/208 [00:00<00:00, 1208.57it/s, Materializing param=vision_model.post_layernorm.weight]
Loading weights: 100%|██████████| 208/208 [00:00<00:00, 1641.15it/s, Materializing param=vision_model.post_layernorm.weight]
SiglipForImageClassification LOAD REPORT from: google/siglip2-base-patch16-224
Key                                                          | Status     | 
-------------------------------------------------------------+------------+-
text_model.encoder.layers.{0...11}.self_attn.k_proj.bias     | UNEXPECTED | 
text_model.encoder.layers.{0...11}.layer_norm1.bias          | UNEXPECTED | 
text_model.encoder.layers.{0...11}.mlp.fc2.bias              | UNEXPECTED | 
text_model.encoder.layers.{0...11}.mlp.fc2.weight            | UNEXPECTED | 
text_model.encoder.layers.{0...11}.layer_norm2.bias          | UNEXPECTED | 
text_model.encoder.layers.{0...11}.self_attn.v_proj.weight   | UNEXPECTED | 
text_model.encoder.layers.{0...11}.layer_norm2.weight        | UNEXPECTED | 
text_model.encoder.layers.{0...11}.self_attn.out_proj.bias   | UNEXPECTED | 
text_model.encoder.layers.{0...11}.layer_norm1.weight        | UNEXPECTED | 
text_model.encoder.layers.{0...11}.self_attn.v_proj.bias     | UNEXPECTED | 
text_model.final_layer_norm.weight                           | UNEXPECTED | 
text_model.encoder.layers.{0...11}.mlp.fc1.weight            | UNEXPECTED | 
text_model.encoder.layers.{0...11}.self_attn.q_proj.bias     | UNEXPECTED | 
text_model.encoder.layers.{0...11}.self_attn.k_proj.weight   | UNEXPECTED | 
text_model.final_layer_norm.bias                             | UNEXPECTED | 
logit_scale                                                  | UNEXPECTED | 
text_model.encoder.layers.{0...11}.self_attn.out_proj.weight | UNEXPECTED | 
text_model.encoder.layers.{0...11}.mlp.fc1.bias              | UNEXPECTED | 
text_model.encoder.layers.{0...11}.self_attn.q_proj.weight   | UNEXPECTED | 
text_model.head.weight                                       | UNEXPECTED | 
text_model.embeddings.position_embedding.weight              | UNEXPECTED | 
text_model.head.bias                                         | UNEXPECTED | 
text_model.embeddings.token_embedding.weight                 | UNEXPECTED | 
logit_bias                                                   | UNEXPECTED | 
classifier.bias                                              | MISSING    | 
classifier.weight                                            | MISSING    | 

Notes:
- UNEXPECTED	:can be ignored when loading from different task/architecture; not ok if you expect identical arch.
- MISSING	:those params were newly initialized because missing from the checkpoint. Consider training on your downstream task.
  [siglip2 finetune] epoch 1/5 loss 2.0081 (304s)
  [siglip2 finetune] epoch 2/5 loss 1.0076 (303s)
  [siglip2 finetune] epoch 3/5 loss 0.4855 (302s)
  [siglip2 finetune] epoch 4/5 loss 0.2307 (302s)
  [siglip2 finetune] epoch 5/5 loss 0.1140 (301s)
  macro-F1 0.8166  accuracy 0.8899  (25.2 min)

=== fine-tune convnext ===

Loading weights:   0%|          | 0/344 [00:00<?, ?it/s]
Loading weights:   0%|          | 1/344 [00:00<00:00, 49932.19it/s, Materializing param=classifier.bias]
Loading weights:   0%|          | 1/344 [00:00<00:00, 9362.29it/s, Materializing param=classifier.bias] 
Loading weights:   1%|          | 2/344 [00:00<00:00, 6083.11it/s, Materializing param=classifier.weight]
Loading weights:   1%|          | 2/344 [00:00<00:00, 4639.72it/s, Materializing param=classifier.weight]
Loading weights:   1%|          | 3/344 [00:00<00:00, 4585.61it/s, Materializing param=convnext.embeddings.layernorm.bias]
Loading weights:   1%|          | 3/344 [00:00<00:00, 3955.65it/s, Materializing param=convnext.embeddings.layernorm.bias]
Loading weights:   1%|          | 4/344 [00:00<00:00, 4094.00it/s, Materializing param=convnext.embeddings.layernorm.weight]
Loading weights:   1%|          | 4/344 [00:00<00:00, 3654.37it/s, Materializing param=convnext.embeddings.layernorm.weight]
Loading weights:   1%|▏         | 5/344 [00:00<00:00, 2791.36it/s, Materializing param=convnext.embeddings.patch_embeddings.bias]
Loading weights:   1%|▏         | 5/344 [00:00<00:00, 2615.88it/s, Materializing param=convnext.embeddings.patch_embeddings.bias]
Loading weights:   2%|▏         | 6/344 [00:00<00:00, 2793.72it/s, Materializing param=convnext.embeddings.patch_embeddings.weight]
Loading weights:   2%|▏         | 6/344 [00:00<00:00, 2628.56it/s, Materializing param=convnext.embeddings.patch_embeddings.weight]
Loading weights:   2%|▏         | 7/344 [00:00<00:00, 2529.96it/s, Materializing param=convnext.encoder.stages.0.layers.0.dwconv.bias]
Loading weights:   2%|▏         | 7/344 [00:00<00:00, 2421.85it/s, Materializing param=convnext.encoder.stages.0.layers.0.dwconv.bias]
Loading weights:   2%|▏         | 8/344 [00:00<00:00, 2568.66it/s, Materializing param=convnext.encoder.stages.0.layers.0.dwconv.weight]
Loading weights:   2%|▏         | 8/344 [00:00<00:00, 2480.00it/s, Materializing param=convnext.encoder.stages.0.layers.0.dwconv.weight]
Loading weights:   3%|▎         | 9/344 [00:00<00:00, 2570.21it/s, Materializing param=convnext.encoder.stages.0.layers.0.layer_scale_parameter]
Loading weights:   3%|▎         | 9/344 [00:00<00:00, 2491.34it/s, Materializing param=convnext.encoder.stages.0.layers.0.layer_scale_parameter]
Loading weights:   3%|▎         | 10/344 [00:00<00:00, 2366.05it/s, Materializing param=convnext.encoder.stages.0.layers.0.layernorm.bias]      
Loading weights:   3%|▎         | 10/344 [00:00<00:00, 2295.73it/s, Materializing param=convnext.encoder.stages.0.layers.0.layernorm.bias]
Loading weights:   3%|▎         | 11/344 [00:00<00:00, 2049.73it/s, Materializing param=convnext.encoder.stages.0.layers.0.layernorm.weight]
Loading weights:   3%|▎         | 11/344 [00:00<00:00, 2000.93it/s, Materializing param=convnext.encoder.stages.0.layers.0.layernorm.weight]
Loading weights:   3%|▎         | 12/344 [00:00<00:00, 2095.06it/s, Materializing param=convnext.encoder.stages.0.layers.0.pwconv1.bias]    
Loading weights:   3%|▎         | 12/344 [00:00<00:00, 2056.20it/s, Materializing param=convnext.encoder.stages.0.layers.0.pwconv1.bias]
Loading weights:   4%|▍         | 13/344 [00:00<00:00, 2060.93it/s, Materializing param=convnext.encoder.stages.0.layers.0.pwconv1.weight]
Loading weights:   4%|▍         | 13/344 [00:00<00:00, 2021.95it/s, Materializing param=convnext.encoder.stages.0.layers.0.pwconv1.weight]
Loading weights:   4%|▍         | 14/344 [00:00<00:00, 2043.79it/s, Materializing param=convnext.encoder.stages.0.layers.0.pwconv2.bias]  
Loading weights:   4%|▍         | 14/344 [00:00<00:00, 2008.35it/s, Materializing param=convnext.encoder.stages.0.layers.0.pwconv2.bias]
Loading weights:   4%|▍         | 15/344 [00:00<00:00, 1878.05it/s, Materializing param=convnext.encoder.stages.0.layers.0.pwconv2.weight]
Loading weights:   4%|▍         | 15/344 [00:00<00:00, 1850.54it/s, Materializing param=convnext.encoder.stages.0.layers.0.pwconv2.weight]
Loading weights:   5%|▍         | 16/344 [00:00<00:00, 1903.47it/s, Materializing param=convnext.encoder.stages.0.layers.1.dwconv.bias]   
Loading weights:   5%|▍         | 16/344 [00:00<00:00, 1877.96it/s, Materializing param=convnext.encoder.stages.0.layers.1.dwconv.bias]
Loading weights:   5%|▍         | 17/344 [00:00<00:00, 1938.64it/s, Materializing param=convnext.encoder.stages.0.layers.1.dwconv.weight]
Loading weights:   5%|▍         | 17/344 [00:00<00:00, 1915.16it/s, Materializing param=convnext.encoder.stages.0.layers.1.dwconv.weight]
Loading weights:   5%|▌         | 18/344 [00:00<00:00, 1919.20it/s, Materializing param=convnext.encoder.stages.0.layers.1.layer_scale_parameter]
Loading weights:   5%|▌         | 18/344 [00:00<00:00, 1895.49it/s, Materializing param=convnext.encoder.stages.0.layers.1.layer_scale_parameter]
Loading weights:   6%|▌         | 19/344 [00:00<00:00, 1652.94it/s, Materializing param=convnext.encoder.stages.0.layers.1.layernorm.bias]       
Loading weights:   6%|▌         | 19/344 [00:00<00:00, 1636.85it/s, Materializing param=convnext.encoder.stages.0.layers.1.layernorm.bias]
Loading weights:   6%|▌         | 20/344 [00:00<00:00, 1680.17it/s, Materializing param=convnext.encoder.stages.0.layers.1.layernorm.weight]
Loading weights:   6%|▌         | 20/344 [00:00<00:00, 1663.45it/s, Materializing param=convnext.encoder.stages.0.layers.1.layernorm.weight]
Loading weights:   6%|▌         | 21/344 [00:00<00:00, 1681.28it/s, Materializing param=convnext.encoder.stages.0.layers.1.pwconv1.bias]    
Loading weights:   6%|▌         | 21/344 [00:00<00:00, 1631.87it/s, Materializing param=convnext.encoder.stages.0.layers.1.pwconv1.bias]
Loading weights:   6%|▋         | 22/344 [00:00<00:00, 1649.74it/s, Materializing param=convnext.encoder.stages.0.layers.1.pwconv1.weight]
Loading weights:   6%|▋         | 22/344 [00:00<00:00, 1634.16it/s, Materializing param=convnext.encoder.stages.0.layers.1.pwconv1.weight]
Loading weights:   7%|▋         | 23/344 [00:00<00:00, 1566.33it/s, Materializing param=convnext.encoder.stages.0.layers.1.pwconv2.bias]  
Loading weights:   7%|▋         | 23/344 [00:00<00:00, 1549.28it/s, Materializing param=convnext.encoder.stages.0.layers.1.pwconv2.bias]
Loading weights:   7%|▋         | 24/344 [00:00<00:00, 1578.86it/s, Materializing param=convnext.encoder.stages.0.layers.1.pwconv2.weight]
Loading weights:   7%|▋         | 24/344 [00:00<00:00, 1559.85it/s, Materializing param=convnext.encoder.stages.0.layers.1.pwconv2.weight]
Loading weights:   7%|▋         | 25/344 [00:00<00:00, 1352.36it/s, Materializing param=convnext.encoder.stages.0.layers.2.dwconv.bias]   
Loading weights:   7%|▋         | 25/344 [00:00<00:00, 1343.24it/s, Materializing param=convnext.encoder.stages.0.layers.2.dwconv.bias]
Loading weights:   8%|▊         | 26/344 [00:00<00:00, 1250.01it/s, Materializing param=convnext.encoder.stages.0.layers.2.dwconv.weight]
Loading weights:   8%|▊         | 26/344 [00:00<00:00, 1242.15it/s, Materializing param=convnext.encoder.stages.0.layers.2.dwconv.weight]
Loading weights:   8%|▊         | 27/344 [00:00<00:00, 1131.95it/s, Materializing param=convnext.encoder.stages.0.layers.2.layer_scale_parameter]
Loading weights:   8%|▊         | 27/344 [00:00<00:00, 1125.88it/s, Materializing param=convnext.encoder.stages.0.layers.2.layer_scale_parameter]
Loading weights:   8%|▊         | 28/344 [00:00<00:00, 1155.57it/s, Materializing param=convnext.encoder.stages.0.layers.2.layernorm.bias]       
Loading weights:   8%|▊         | 28/344 [00:00<00:00, 1149.47it/s, Materializing param=convnext.encoder.stages.0.layers.2.layernorm.bias]
Loading weights:   8%|▊         | 29/344 [00:00<00:00, 1179.72it/s, Materializing param=convnext.encoder.stages.0.layers.2.layernorm.weight]
Loading weights:   8%|▊         | 29/344 [00:00<00:00, 1173.83it/s, Materializing param=convnext.encoder.stages.0.layers.2.layernorm.weight]
Loading weights:   9%|▊         | 30/344 [00:00<00:00, 1198.76it/s, Materializing param=convnext.encoder.stages.0.layers.2.pwconv1.bias]    
Loading weights:   9%|▊         | 30/344 [00:00<00:00, 1193.43it/s, Materializing param=convnext.encoder.stages.0.layers.2.pwconv1.bias]
Loading weights:   9%|▉         | 31/344 [00:00<00:00, 1184.24it/s, Materializing param=convnext.encoder.stages.0.layers.2.pwconv1.weight]
Loading weights:   9%|▉         | 31/344 [00:00<00:00, 1178.20it/s, Materializing param=convnext.encoder.stages.0.layers.2.pwconv1.weight]
Loading weights:   9%|▉         | 32/344 [00:00<00:00, 1188.01it/s, Materializing param=convnext.encoder.stages.0.layers.2.pwconv2.bias]  
Loading weights:   9%|▉         | 32/344 [00:00<00:00, 1182.97it/s, Materializing param=convnext.encoder.stages.0.layers.2.pwconv2.bias]
Loading weights:  10%|▉         | 33/344 [00:00<00:00, 1193.77it/s, Materializing param=convnext.encoder.stages.0.layers.2.pwconv2.weight]
Loading weights:  10%|▉         | 33/344 [00:00<00:00, 1181.15it/s, Materializing param=convnext.encoder.stages.0.layers.2.pwconv2.weight]
Loading weights:  10%|▉         | 34/344 [00:00<00:00, 1168.60it/s, Materializing param=convnext.encoder.stages.1.downsampling_layer.0.bias]
Loading weights:  10%|▉         | 34/344 [00:00<00:00, 1125.89it/s, Materializing param=convnext.encoder.stages.1.downsampling_layer.0.bias]
Loading weights:  10%|█         | 35/344 [00:00<00:00, 1135.24it/s, Materializing param=convnext.encoder.stages.1.downsampling_layer.0.weight]
Loading weights:  10%|█         | 35/344 [00:00<00:00, 1131.01it/s, Materializing param=convnext.encoder.stages.1.downsampling_layer.0.weight]
Loading weights:  10%|█         | 36/344 [00:00<00:00, 1129.23it/s, Materializing param=convnext.encoder.stages.1.downsampling_layer.1.bias]  
Loading weights:  10%|█         | 36/344 [00:00<00:00, 1125.01it/s, Materializing param=convnext.encoder.stages.1.downsampling_layer.1.bias]
Loading weights:  11%|█         | 37/344 [00:00<00:00, 1137.29it/s, Materializing param=convnext.encoder.stages.1.downsampling_layer.1.weight]
Loading weights:  11%|█         | 37/344 [00:00<00:00, 1132.71it/s, Materializing param=convnext.encoder.stages.1.downsampling_layer.1.weight]
Loading weights:  11%|█         | 38/344 [00:00<00:00, 1111.23it/s, Materializing param=convnext.encoder.stages.1.layers.0.dwconv.bias]       
Loading weights:  11%|█         | 38/344 [00:00<00:00, 1092.44it/s, Materializing param=convnext.encoder.stages.1.layers.0.dwconv.bias]
Loading weights:  11%|█▏        | 39/344 [00:00<00:00, 1113.18it/s, Materializing param=convnext.encoder.stages.1.layers.0.dwconv.weight]
Loading weights:  11%|█▏        | 39/344 [00:00<00:00, 1109.43it/s, Materializing param=convnext.encoder.stages.1.layers.0.dwconv.weight]
Loading weights:  12%|█▏        | 40/344 [00:00<00:00, 1130.56it/s, Materializing param=convnext.encoder.stages.1.layers.0.layer_scale_parameter]
Loading weights:  12%|█▏        | 40/344 [00:00<00:00, 1126.33it/s, Materializing param=convnext.encoder.stages.1.layers.0.layer_scale_parameter]
Loading weights:  12%|█▏        | 41/344 [00:00<00:00, 1146.97it/s, Materializing param=convnext.encoder.stages.1.layers.0.layernorm.bias]       
Loading weights:  12%|█▏        | 41/344 [00:00<00:00, 1143.36it/s, Materializing param=convnext.encoder.stages.1.layers.0.layernorm.bias]
Loading weights:  12%|█▏        | 42/344 [00:00<00:00, 1164.78it/s, Materializing param=convnext.encoder.stages.1.layers.0.layernorm.weight]
Loading weights:  12%|█▏        | 42/344 [00:00<00:00, 1162.03it/s, Materializing param=convnext.encoder.stages.1.layers.0.layernorm.weight]
Loading weights:  12%|█▎        | 43/344 [00:00<00:00, 1182.07it/s, Materializing param=convnext.encoder.stages.1.layers.0.pwconv1.bias]    
Loading weights:  12%|█▎        | 43/344 [00:00<00:00, 1178.61it/s, Materializing param=convnext.encoder.stages.1.layers.0.pwconv1.bias]
Loading weights:  13%|█▎        | 44/344 [00:00<00:00, 1198.26it/s, Materializing param=convnext.encoder.stages.1.layers.0.pwconv1.weight]
Loading weights:  13%|█▎        | 44/344 [00:00<00:00, 1194.49it/s, Materializing param=convnext.encoder.stages.1.layers.0.pwconv1.weight]
Loading weights:  13%|█▎        | 45/344 [00:00<00:00, 1212.45it/s, Materializing param=convnext.encoder.stages.1.layers.0.pwconv2.bias]  
Loading weights:  13%|█▎        | 45/344 [00:00<00:00, 1208.94it/s, Materializing param=convnext.encoder.stages.1.layers.0.pwconv2.bias]
Loading weights:  13%|█▎        | 46/344 [00:00<00:00, 1228.51it/s, Materializing param=convnext.encoder.stages.1.layers.0.pwconv2.weight]
Loading weights:  13%|█▎        | 46/344 [00:00<00:00, 1225.02it/s, Materializing param=convnext.encoder.stages.1.layers.0.pwconv2.weight]
Loading weights:  14%|█▎        | 47/344 [00:00<00:00, 1245.03it/s, Materializing param=convnext.encoder.stages.1.layers.1.dwconv.bias]   
Loading weights:  14%|█▎        | 47/344 [00:00<00:00, 1241.79it/s, Materializing param=convnext.encoder.stages.1.layers.1.dwconv.bias]
Loading weights:  14%|█▍        | 48/344 [00:00<00:00, 1259.59it/s, Materializing param=convnext.encoder.stages.1.layers.1.dwconv.weight]
Loading weights:  14%|█▍        | 48/344 [00:00<00:00, 1256.10it/s, Materializing param=convnext.encoder.stages.1.layers.1.dwconv.weight]
Loading weights:  14%|█▍        | 49/344 [00:00<00:00, 1275.08it/s, Materializing param=convnext.encoder.stages.1.layers.1.layer_scale_parameter]
Loading weights:  14%|█▍        | 49/344 [00:00<00:00, 1271.06it/s, Materializing param=convnext.encoder.stages.1.layers.1.layer_scale_parameter]
Loading weights:  15%|█▍        | 50/344 [00:00<00:00, 1290.33it/s, Materializing param=convnext.encoder.stages.1.layers.1.layernorm.bias]       
Loading weights:  15%|█▍        | 50/344 [00:00<00:00, 1286.88it/s, Materializing param=convnext.encoder.stages.1.layers.1.layernorm.bias]
Loading weights:  15%|█▍        | 51/344 [00:00<00:00, 1303.81it/s, Materializing param=convnext.encoder.stages.1.layers.1.layernorm.weight]
Loading weights:  15%|█▍        | 51/344 [00:00<00:00, 1301.25it/s, Materializing param=convnext.encoder.stages.1.layers.1.layernorm.weight]
Loading weights:  15%|█▌        | 52/344 [00:00<00:00, 1320.65it/s, Materializing param=convnext.encoder.stages.1.layers.1.pwconv1.bias]    
Loading weights:  15%|█▌        | 52/344 [00:00<00:00, 1317.46it/s, Materializing param=convnext.encoder.stages.1.layers.1.pwconv1.bias]
Loading weights:  15%|█▌        | 53/344 [00:00<00:00, 1336.14it/s, Materializing param=convnext.encoder.stages.1.layers.1.pwconv1.weight]
Loading weights:  15%|█▌        | 53/344 [00:00<00:00, 1332.56it/s, Materializing param=convnext.encoder.stages.1.layers.1.pwconv1.weight]
Loading weights:  16%|█▌        | 54/344 [00:00<00:00, 1350.71it/s, Materializing param=convnext.encoder.stages.1.layers.1.pwconv2.bias]  
Loading weights:  16%|█▌        | 54/344 [00:00<00:00, 1347.25it/s, Materializing param=convnext.encoder.stages.1.layers.1.pwconv2.bias]
Loading weights:  16%|█▌        | 55/344 [00:00<00:00, 1364.70it/s, Materializing param=convnext.encoder.stages.1.layers.1.pwconv2.weight]
Loading weights:  16%|█▌        | 55/344 [00:00<00:00, 1360.81it/s, Materializing param=convnext.encoder.stages.1.layers.1.pwconv2.weight]
Loading weights:  16%|█▋        | 56/344 [00:00<00:00, 1378.49it/s, Materializing param=convnext.encoder.stages.1.layers.2.dwconv.bias]   
Loading weights:  16%|█▋        | 56/344 [00:00<00:00, 1374.30it/s, Materializing param=convnext.encoder.stages.1.layers.2.dwconv.bias]
Loading weights:  17%|█▋        | 57/344 [00:00<00:00, 1392.37it/s, Materializing param=convnext.encoder.stages.1.layers.2.dwconv.weight]
Loading weights:  17%|█▋        | 57/344 [00:00<00:00, 1389.00it/s, Materializing param=convnext.encoder.stages.1.layers.2.dwconv.weight]
Loading weights:  17%|█▋        | 58/344 [00:00<00:00, 1406.69it/s, Materializing param=convnext.encoder.stages.1.layers.2.layer_scale_parameter]
Loading weights:  17%|█▋        | 58/344 [00:00<00:00, 1402.48it/s, Materializing param=convnext.encoder.stages.1.layers.2.layer_scale_parameter]
Loading weights:  17%|█▋        | 59/344 [00:00<00:00, 1419.54it/s, Materializing param=convnext.encoder.stages.1.layers.2.layernorm.bias]       
Loading weights:  17%|█▋        | 59/344 [00:00<00:00, 1415.90it/s, Materializing param=convnext.encoder.stages.1.layers.2.layernorm.bias]
Loading weights:  17%|█▋        | 60/344 [00:00<00:00, 1433.15it/s, Materializing param=convnext.encoder.stages.1.layers.2.layernorm.weight]
Loading weights:  17%|█▋        | 60/344 [00:00<00:00, 1429.68it/s, Materializing param=convnext.encoder.stages.1.layers.2.layernorm.weight]
Loading weights:  18%|█▊        | 61/344 [00:00<00:00, 1446.83it/s, Materializing param=convnext.encoder.stages.1.layers.2.pwconv1.bias]    
Loading weights:  18%|█▊        | 61/344 [00:00<00:00, 1443.83it/s, Materializing param=convnext.encoder.stages.1.layers.2.pwconv1.bias]
Loading weights:  18%|█▊        | 62/344 [00:00<00:00, 1460.57it/s, Materializing param=convnext.encoder.stages.1.layers.2.pwconv1.weight]
Loading weights:  18%|█▊        | 62/344 [00:00<00:00, 1457.21it/s, Materializing param=convnext.encoder.stages.1.layers.2.pwconv1.weight]
Loading weights:  18%|█▊        | 63/344 [00:00<00:00, 1473.43it/s, Materializing param=convnext.encoder.stages.1.layers.2.pwconv2.bias]  
Loading weights:  18%|█▊        | 63/344 [00:00<00:00, 1470.00it/s, Materializing param=convnext.encoder.stages.1.layers.2.pwconv2.bias]
Loading weights:  19%|█▊        | 64/344 [00:00<00:00, 1486.97it/s, Materializing param=convnext.encoder.stages.1.layers.2.pwconv2.weight]
Loading weights:  19%|█▊        | 64/344 [00:00<00:00, 1483.49it/s, Materializing param=convnext.encoder.stages.1.layers.2.pwconv2.weight]
Loading weights:  19%|█▉        | 65/344 [00:00<00:00, 1498.90it/s, Materializing param=convnext.encoder.stages.2.downsampling_layer.0.bias]
Loading weights:  19%|█▉        | 65/344 [00:00<00:00, 1495.06it/s, Materializing param=convnext.encoder.stages.2.downsampling_layer.0.bias]
Loading weights:  19%|█▉        | 66/344 [00:00<00:00, 1511.26it/s, Materializing param=convnext.encoder.stages.2.downsampling_layer.0.weight]
Loading weights:  19%|█▉        | 66/344 [00:00<00:00, 1507.68it/s, Materializing param=convnext.encoder.stages.2.downsampling_layer.0.weight]
Loading weights:  19%|█▉        | 67/344 [00:00<00:00, 1524.16it/s, Materializing param=convnext.encoder.stages.2.downsampling_layer.1.bias]  
Loading weights:  19%|█▉        | 67/344 [00:00<00:00, 1522.10it/s, Materializing param=convnext.encoder.stages.2.downsampling_layer.1.bias]
Loading weights:  20%|█▉        | 68/344 [00:00<00:00, 1541.36it/s, Materializing param=convnext.encoder.stages.2.downsampling_layer.1.weight]
Loading weights:  20%|█▉        | 68/344 [00:00<00:00, 1536.28it/s, Materializing param=convnext.encoder.stages.2.downsampling_layer.1.weight]
Loading weights:  20%|██        | 69/344 [00:00<00:00, 1552.14it/s, Materializing param=convnext.encoder.stages.2.layers.0.dwconv.bias]       
Loading weights:  20%|██        | 69/344 [00:00<00:00, 1548.85it/s, Materializing param=convnext.encoder.stages.2.layers.0.dwconv.bias]
Loading weights:  20%|██        | 70/344 [00:00<00:00, 1563.85it/s, Materializing param=convnext.encoder.stages.2.layers.0.dwconv.weight]
Loading weights:  20%|██        | 70/344 [00:00<00:00, 1560.23it/s, Materializing param=convnext.encoder.stages.2.layers.0.dwconv.weight]
Loading weights:  21%|██        | 71/344 [00:00<00:00, 1576.05it/s, Materializing param=convnext.encoder.stages.2.layers.0.layer_scale_parameter]
Loading weights:  21%|██        | 71/344 [00:00<00:00, 1572.53it/s, Materializing param=convnext.encoder.stages.2.layers.0.layer_scale_parameter]
Loading weights:  21%|██        | 72/344 [00:00<00:00, 1586.60it/s, Materializing param=convnext.encoder.stages.2.layers.0.layernorm.bias]       
Loading weights:  21%|██        | 72/344 [00:00<00:00, 1583.14it/s, Materializing param=convnext.encoder.stages.2.layers.0.layernorm.bias]
Loading weights:  21%|██        | 73/344 [00:00<00:00, 1598.11it/s, Materializing param=convnext.encoder.stages.2.layers.0.layernorm.weight]
Loading weights:  21%|██        | 73/344 [00:00<00:00, 1594.25it/s, Materializing param=convnext.encoder.stages.2.layers.0.layernorm.weight]
Loading weights:  22%|██▏       | 74/344 [00:00<00:00, 1609.24it/s, Materializing param=convnext.encoder.stages.2.layers.0.pwconv1.bias]    
Loading weights:  22%|██▏       | 74/344 [00:00<00:00, 1605.83it/s, Materializing param=convnext.encoder.stages.2.layers.0.pwconv1.bias]
Loading weights:  22%|██▏       | 75/344 [00:00<00:00, 1620.11it/s, Materializing param=convnext.encoder.stages.2.layers.0.pwconv1.weight]
Loading weights:  22%|██▏       | 75/344 [00:00<00:00, 1615.97it/s, Materializing param=convnext.encoder.stages.2.layers.0.pwconv1.weight]
Loading weights:  22%|██▏       | 76/344 [00:00<00:00, 1630.98it/s, Materializing param=convnext.encoder.stages.2.layers.0.pwconv2.bias]  
Loading weights:  22%|██▏       | 76/344 [00:00<00:00, 1627.21it/s, Materializing param=convnext.encoder.stages.2.layers.0.pwconv2.bias]
Loading weights:  22%|██▏       | 77/344 [00:00<00:00, 1641.51it/s, Materializing param=convnext.encoder.stages.2.layers.0.pwconv2.weight]
Loading weights:  22%|██▏       | 77/344 [00:00<00:00, 1638.03it/s, Materializing param=convnext.encoder.stages.2.layers.0.pwconv2.weight]
Loading weights:  23%|██▎       | 78/344 [00:00<00:00, 1652.69it/s, Materializing param=convnext.encoder.stages.2.layers.1.dwconv.bias]   
Loading weights:  23%|██▎       | 78/344 [00:00<00:00, 1648.58it/s, Materializing param=convnext.encoder.stages.2.layers.1.dwconv.bias]
Loading weights:  23%|██▎       | 79/344 [00:00<00:00, 1662.80it/s, Materializing param=convnext.encoder.stages.2.layers.1.dwconv.weight]
Loading weights:  23%|██▎       | 79/344 [00:00<00:00, 1659.31it/s, Materializing param=convnext.encoder.stages.2.layers.1.dwconv.weight]
Loading weights:  23%|██▎       | 80/344 [00:00<00:00, 1673.43it/s, Materializing param=convnext.encoder.stages.2.layers.1.layer_scale_parameter]
Loading weights:  23%|██▎       | 80/344 [00:00<00:00, 1669.99it/s, Materializing param=convnext.encoder.stages.2.layers.1.layer_scale_parameter]
Loading weights:  24%|██▎       | 81/344 [00:00<00:00, 1684.34it/s, Materializing param=convnext.encoder.stages.2.layers.1.layernorm.bias]       
Loading weights:  24%|██▎       | 81/344 [00:00<00:00, 1681.01it/s, Materializing param=convnext.encoder.stages.2.layers.1.layernorm.bias]
Loading weights:  24%|██▍       | 82/344 [00:00<00:00, 1694.34it/s, Materializing param=convnext.encoder.stages.2.layers.1.layernorm.weight]
Loading weights:  24%|██▍       | 82/344 [00:00<00:00, 1690.32it/s, Materializing param=convnext.encoder.stages.2.layers.1.layernorm.weight]
Loading weights:  24%|██▍       | 83/344 [00:00<00:00, 1703.87it/s, Materializing param=convnext.encoder.stages.2.layers.1.pwconv1.bias]    
Loading weights:  24%|██▍       | 83/344 [00:00<00:00, 1700.41it/s, Materializing param=convnext.encoder.stages.2.layers.1.pwconv1.bias]
Loading weights:  24%|██▍       | 84/344 [00:00<00:00, 1714.26it/s, Materializing param=convnext.encoder.stages.2.layers.1.pwconv1.weight]
Loading weights:  24%|██▍       | 84/344 [00:00<00:00, 1710.20it/s, Materializing param=convnext.encoder.stages.2.layers.1.pwconv1.weight]
Loading weights:  25%|██▍       | 85/344 [00:00<00:00, 1723.46it/s, Materializing param=convnext.encoder.stages.2.layers.1.pwconv2.bias]  
Loading weights:  25%|██▍       | 85/344 [00:00<00:00, 1719.83it/s, Materializing param=convnext.encoder.stages.2.layers.1.pwconv2.bias]
Loading weights:  25%|██▌       | 86/344 [00:00<00:00, 1732.31it/s, Materializing param=convnext.encoder.stages.2.layers.1.pwconv2.weight]
Loading weights:  25%|██▌       | 86/344 [00:00<00:00, 1728.91it/s, Materializing param=convnext.encoder.stages.2.layers.1.pwconv2.weight]
Loading weights:  25%|██▌       | 87/344 [00:00<00:00, 1742.31it/s, Materializing param=convnext.encoder.stages.2.layers.2.dwconv.bias]   
Loading weights:  25%|██▌       | 87/344 [00:00<00:00, 1738.58it/s, Materializing param=convnext.encoder.stages.2.layers.2.dwconv.bias]
Loading weights:  26%|██▌       | 88/344 [00:00<00:00, 1753.30it/s, Materializing param=convnext.encoder.stages.2.layers.2.dwconv.weight]
Loading weights:  26%|██▌       | 88/344 [00:00<00:00, 1749.71it/s, Materializing param=convnext.encoder.stages.2.layers.2.dwconv.weight]
Loading weights:  26%|██▌       | 89/344 [00:00<00:00, 1762.73it/s, Materializing param=convnext.encoder.stages.2.layers.2.layer_scale_parameter]
Loading weights:  26%|██▌       | 89/344 [00:00<00:00, 1759.12it/s, Materializing param=convnext.encoder.stages.2.layers.2.layer_scale_parameter]
Loading weights:  26%|██▌       | 90/344 [00:00<00:00, 1771.84it/s, Materializing param=convnext.encoder.stages.2.layers.2.layernorm.bias]       
Loading weights:  26%|██▌       | 90/344 [00:00<00:00, 1768.39it/s, Materializing param=convnext.encoder.stages.2.layers.2.layernorm.bias]
Loading weights:  26%|██▋       | 91/344 [00:00<00:00, 1782.38it/s, Materializing param=convnext.encoder.stages.2.layers.2.layernorm.weight]
Loading weights:  26%|██▋       | 91/344 [00:00<00:00, 1780.32it/s, Materializing param=convnext.encoder.stages.2.layers.2.layernorm.weight]
Loading weights:  27%|██▋       | 92/344 [00:00<00:00, 1793.19it/s, Materializing param=convnext.encoder.stages.2.layers.2.pwconv1.bias]    
Loading weights:  27%|██▋       | 92/344 [00:00<00:00, 1789.80it/s, Materializing param=convnext.encoder.stages.2.layers.2.pwconv1.bias]
Loading weights:  27%|██▋       | 93/344 [00:00<00:00, 1802.30it/s, Materializing param=convnext.encoder.stages.2.layers.2.pwconv1.weight]
Loading weights:  27%|██▋       | 93/344 [00:00<00:00, 1797.94it/s, Materializing param=convnext.encoder.stages.2.layers.2.pwconv1.weight]
Loading weights:  27%|██▋       | 94/344 [00:00<00:00, 1810.60it/s, Materializing param=convnext.encoder.stages.2.layers.2.pwconv2.bias]  
Loading weights:  27%|██▋       | 94/344 [00:00<00:00, 1807.15it/s, Materializing param=convnext.encoder.stages.2.layers.2.pwconv2.bias]
Loading weights:  28%|██▊       | 95/344 [00:00<00:00, 1818.45it/s, Materializing param=convnext.encoder.stages.2.layers.2.pwconv2.weight]
Loading weights:  28%|██▊       | 95/344 [00:00<00:00, 1814.28it/s, Materializing param=convnext.encoder.stages.2.layers.2.pwconv2.weight]
Loading weights:  28%|██▊       | 96/344 [00:00<00:00, 1826.68it/s, Materializing param=convnext.encoder.stages.2.layers.3.dwconv.bias]   
Loading weights:  28%|██▊       | 96/344 [00:00<00:00, 1822.64it/s, Materializing param=convnext.encoder.stages.2.layers.3.dwconv.bias]
Loading weights:  28%|██▊       | 97/344 [00:00<00:00, 1834.16it/s, Materializing param=convnext.encoder.stages.2.layers.3.dwconv.weight]
Loading weights:  28%|██▊       | 97/344 [00:00<00:00, 1830.61it/s, Materializing param=convnext.encoder.stages.2.layers.3.dwconv.weight]
Loading weights:  28%|██▊       | 98/344 [00:00<00:00, 1842.92it/s, Materializing param=convnext.encoder.stages.2.layers.3.layer_scale_parameter]
Loading weights:  28%|██▊       | 98/344 [00:00<00:00, 1838.46it/s, Materializing param=convnext.encoder.stages.2.layers.3.layer_scale_parameter]
Loading weights:  29%|██▉       | 99/344 [00:00<00:00, 1850.26it/s, Materializing param=convnext.encoder.stages.2.layers.3.layernorm.bias]       
Loading weights:  29%|██▉       | 99/344 [00:00<00:00, 1846.69it/s, Materializing param=convnext.encoder.stages.2.layers.3.layernorm.bias]
Loading weights:  29%|██▉       | 100/344 [00:00<00:00, 1858.32it/s, Materializing param=convnext.encoder.stages.2.layers.3.layernorm.weight]
Loading weights:  29%|██▉       | 100/344 [00:00<00:00, 1854.10it/s, Materializing param=convnext.encoder.stages.2.layers.3.layernorm.weight]
Loading weights:  29%|██▉       | 101/344 [00:00<00:00, 1865.97it/s, Materializing param=convnext.encoder.stages.2.layers.3.pwconv1.bias]    
Loading weights:  29%|██▉       | 101/344 [00:00<00:00, 1862.34it/s, Materializing param=convnext.encoder.stages.2.layers.3.pwconv1.bias]
Loading weights:  30%|██▉       | 102/344 [00:00<00:00, 1872.94it/s, Materializing param=convnext.encoder.stages.2.layers.3.pwconv1.weight]
Loading weights:  30%|██▉       | 102/344 [00:00<00:00, 1869.59it/s, Materializing param=convnext.encoder.stages.2.layers.3.pwconv1.weight]
Loading weights:  30%|██▉       | 103/344 [00:00<00:00, 1880.83it/s, Materializing param=convnext.encoder.stages.2.layers.3.pwconv2.bias]  
Loading weights:  30%|██▉       | 103/344 [00:00<00:00, 1876.78it/s, Materializing param=convnext.encoder.stages.2.layers.3.pwconv2.bias]
Loading weights:  30%|███       | 104/344 [00:00<00:00, 1888.55it/s, Materializing param=convnext.encoder.stages.2.layers.3.pwconv2.weight]
Loading weights:  30%|███       | 104/344 [00:00<00:00, 1885.29it/s, Materializing param=convnext.encoder.stages.2.layers.3.pwconv2.weight]
Loading weights:  31%|███       | 105/344 [00:00<00:00, 1896.00it/s, Materializing param=convnext.encoder.stages.2.layers.4.dwconv.bias]   
Loading weights:  31%|███       | 105/344 [00:00<00:00, 1892.47it/s, Materializing param=convnext.encoder.stages.2.layers.4.dwconv.bias]
Loading weights:  31%|███       | 106/344 [00:00<00:00, 1903.40it/s, Materializing param=convnext.encoder.stages.2.layers.4.dwconv.weight]
Loading weights:  31%|███       | 106/344 [00:00<00:00, 1899.85it/s, Materializing param=convnext.encoder.stages.2.layers.4.dwconv.weight]
Loading weights:  31%|███       | 107/344 [00:00<00:00, 1910.41it/s, Materializing param=convnext.encoder.stages.2.layers.4.layer_scale_parameter]
Loading weights:  31%|███       | 107/344 [00:00<00:00, 1906.83it/s, Materializing param=convnext.encoder.stages.2.layers.4.layer_scale_parameter]
Loading weights:  31%|███▏      | 108/344 [00:00<00:00, 1917.08it/s, Materializing param=convnext.encoder.stages.2.layers.4.layernorm.bias]       
Loading weights:  31%|███▏      | 108/344 [00:00<00:00, 1913.52it/s, Materializing param=convnext.encoder.stages.2.layers.4.layernorm.bias]
Loading weights:  32%|███▏      | 109/344 [00:00<00:00, 1924.56it/s, Materializing param=convnext.encoder.stages.2.layers.4.layernorm.weight]
Loading weights:  32%|███▏      | 109/344 [00:00<00:00, 1920.45it/s, Materializing param=convnext.encoder.stages.2.layers.4.layernorm.weight]
Loading weights:  32%|███▏      | 110/344 [00:00<00:00, 1930.76it/s, Materializing param=convnext.encoder.stages.2.layers.4.pwconv1.bias]    
Loading weights:  32%|███▏      | 110/344 [00:00<00:00, 1928.63it/s, Materializing param=convnext.encoder.stages.2.layers.4.pwconv1.bias]
Loading weights:  32%|███▏      | 111/344 [00:00<00:00, 1940.62it/s, Materializing param=convnext.encoder.stages.2.layers.4.pwconv1.weight]
Loading weights:  32%|███▏      | 111/344 [00:00<00:00, 1936.87it/s, Materializing param=convnext.encoder.stages.2.layers.4.pwconv1.weight]
Loading weights:  33%|███▎      | 112/344 [00:00<00:00, 1947.77it/s, Materializing param=convnext.encoder.stages.2.layers.4.pwconv2.bias]  
Loading weights:  33%|███▎      | 112/344 [00:00<00:00, 1943.90it/s, Materializing param=convnext.encoder.stages.2.layers.4.pwconv2.bias]
Loading weights:  33%|███▎      | 113/344 [00:00<00:00, 1953.97it/s, Materializing param=convnext.encoder.stages.2.layers.4.pwconv2.weight]
Loading weights:  33%|███▎      | 113/344 [00:00<00:00, 1950.66it/s, Materializing param=convnext.encoder.stages.2.layers.4.pwconv2.weight]
Loading weights:  33%|███▎      | 114/344 [00:00<00:00, 1961.35it/s, Materializing param=convnext.encoder.stages.2.layers.5.dwconv.bias]   
Loading weights:  33%|███▎      | 114/344 [00:00<00:00, 1957.96it/s, Materializing param=convnext.encoder.stages.2.layers.5.dwconv.bias]
Loading weights:  33%|███▎      | 115/344 [00:00<00:00, 1967.65it/s, Materializing param=convnext.encoder.stages.2.layers.5.dwconv.weight]
Loading weights:  33%|███▎      | 115/344 [00:00<00:00, 1964.14it/s, Materializing param=convnext.encoder.stages.2.layers.5.dwconv.weight]
Loading weights:  34%|███▎      | 116/344 [00:00<00:00, 1973.86it/s, Materializing param=convnext.encoder.stages.2.layers.5.layer_scale_parameter]
Loading weights:  34%|███▎      | 116/344 [00:00<00:00, 1970.39it/s, Materializing param=convnext.encoder.stages.2.layers.5.layer_scale_parameter]
Loading weights:  34%|███▍      | 117/344 [00:00<00:00, 1980.86it/s, Materializing param=convnext.encoder.stages.2.layers.5.layernorm.bias]       
Loading weights:  34%|███▍      | 117/344 [00:00<00:00, 1977.02it/s, Materializing param=convnext.encoder.stages.2.layers.5.layernorm.bias]
Loading weights:  34%|███▍      | 118/344 [00:00<00:00, 1985.72it/s, Materializing param=convnext.encoder.stages.2.layers.5.layernorm.weight]
Loading weights:  34%|███▍      | 118/344 [00:00<00:00, 1982.39it/s, Materializing param=convnext.encoder.stages.2.layers.5.layernorm.weight]
Loading weights:  35%|███▍      | 119/344 [00:00<00:00, 1992.54it/s, Materializing param=convnext.encoder.stages.2.layers.5.pwconv1.bias]    
Loading weights:  35%|███▍      | 119/344 [00:00<00:00, 1988.73it/s, Materializing param=convnext.encoder.stages.2.layers.5.pwconv1.bias]
Loading weights:  35%|███▍      | 120/344 [00:00<00:00, 1998.93it/s, Materializing param=convnext.encoder.stages.2.layers.5.pwconv1.weight]
Loading weights:  35%|███▍      | 120/344 [00:00<00:00, 1995.43it/s, Materializing param=convnext.encoder.stages.2.layers.5.pwconv1.weight]
Loading weights:  35%|███▌      | 121/344 [00:00<00:00, 2004.32it/s, Materializing param=convnext.encoder.stages.2.layers.5.pwconv2.bias]  
Loading weights:  35%|███▌      | 121/344 [00:00<00:00, 2001.01it/s, Materializing param=convnext.encoder.stages.2.layers.5.pwconv2.bias]
Loading weights:  35%|███▌      | 122/344 [00:00<00:00, 2010.80it/s, Materializing param=convnext.encoder.stages.2.layers.5.pwconv2.weight]
Loading weights:  35%|███▌      | 122/344 [00:00<00:00, 2006.95it/s, Materializing param=convnext.encoder.stages.2.layers.5.pwconv2.weight]
Loading weights:  36%|███▌      | 123/344 [00:00<00:00, 2016.78it/s, Materializing param=convnext.encoder.stages.2.layers.6.dwconv.bias]   
Loading weights:  36%|███▌      | 123/344 [00:00<00:00, 2013.60it/s, Materializing param=convnext.encoder.stages.2.layers.6.dwconv.bias]
Loading weights:  36%|███▌      | 124/344 [00:00<00:00, 2023.14it/s, Materializing param=convnext.encoder.stages.2.layers.6.dwconv.weight]
Loading weights:  36%|███▌      | 124/344 [00:00<00:00, 2019.51it/s, Materializing param=convnext.encoder.stages.2.layers.6.dwconv.weight]
Loading weights:  36%|███▋      | 125/344 [00:00<00:00, 2029.23it/s, Materializing param=convnext.encoder.stages.2.layers.6.layer_scale_parameter]
Loading weights:  36%|███▋      | 125/344 [00:00<00:00, 2025.49it/s, Materializing param=convnext.encoder.stages.2.layers.6.layer_scale_parameter]
Loading weights:  37%|███▋      | 126/344 [00:00<00:00, 2035.38it/s, Materializing param=convnext.encoder.stages.2.layers.6.layernorm.bias]       
Loading weights:  37%|███▋      | 126/344 [00:00<00:00, 2033.38it/s, Materializing param=convnext.encoder.stages.2.layers.6.layernorm.bias]
Loading weights:  37%|███▋      | 127/344 [00:00<00:00, 2042.89it/s, Materializing param=convnext.encoder.stages.2.layers.6.layernorm.weight]
Loading weights:  37%|███▋      | 127/344 [00:00<00:00, 2039.13it/s, Materializing param=convnext.encoder.stages.2.layers.6.layernorm.weight]
Loading weights:  37%|███▋      | 128/344 [00:00<00:00, 2048.28it/s, Materializing param=convnext.encoder.stages.2.layers.6.pwconv1.bias]    
Loading weights:  37%|███▋      | 128/344 [00:00<00:00, 2043.69it/s, Materializing param=convnext.encoder.stages.2.layers.6.pwconv1.bias]
Loading weights:  38%|███▊      | 129/344 [00:00<00:00, 2053.32it/s, Materializing param=convnext.encoder.stages.2.layers.6.pwconv1.weight]
Loading weights:  38%|███▊      | 129/344 [00:00<00:00, 2050.08it/s, Materializing param=convnext.encoder.stages.2.layers.6.pwconv1.weight]
Loading weights:  38%|███▊      | 130/344 [00:00<00:00, 2059.07it/s, Materializing param=convnext.encoder.stages.2.layers.6.pwconv2.bias]  
Loading weights:  38%|███▊      | 130/344 [00:00<00:00, 2055.95it/s, Materializing param=convnext.encoder.stages.2.layers.6.pwconv2.bias]
Loading weights:  38%|███▊      | 131/344 [00:00<00:00, 2064.68it/s, Materializing param=convnext.encoder.stages.2.layers.6.pwconv2.weight]
Loading weights:  38%|███▊      | 131/344 [00:00<00:00, 2060.87it/s, Materializing param=convnext.encoder.stages.2.layers.6.pwconv2.weight]
Loading weights:  38%|███▊      | 132/344 [00:00<00:00, 2070.15it/s, Materializing param=convnext.encoder.stages.2.layers.7.dwconv.bias]   
Loading weights:  38%|███▊      | 132/344 [00:00<00:00, 2066.85it/s, Materializing param=convnext.encoder.stages.2.layers.7.dwconv.bias]
Loading weights:  39%|███▊      | 133/344 [00:00<00:00, 2076.18it/s, Materializing param=convnext.encoder.stages.2.layers.7.dwconv.weight]
Loading weights:  39%|███▊      | 133/344 [00:00<00:00, 2072.92it/s, Materializing param=convnext.encoder.stages.2.layers.7.dwconv.weight]
Loading weights:  39%|███▉      | 134/344 [00:00<00:00, 2081.60it/s, Materializing param=convnext.encoder.stages.2.layers.7.layer_scale_parameter]
Loading weights:  39%|███▉      | 134/344 [00:00<00:00, 2078.08it/s, Materializing param=convnext.encoder.stages.2.layers.7.layer_scale_parameter]
Loading weights:  39%|███▉      | 135/344 [00:00<00:00, 2086.67it/s, Materializing param=convnext.encoder.stages.2.layers.7.layernorm.bias]       
Loading weights:  39%|███▉      | 135/344 [00:00<00:00, 2083.32it/s, Materializing param=convnext.encoder.stages.2.layers.7.layernorm.bias]
Loading weights:  40%|███▉      | 136/344 [00:00<00:00, 2092.14it/s, Materializing param=convnext.encoder.stages.2.layers.7.layernorm.weight]
Loading weights:  40%|███▉      | 136/344 [00:00<00:00, 2088.75it/s, Materializing param=convnext.encoder.stages.2.layers.7.layernorm.weight]
Loading weights:  40%|███▉      | 137/344 [00:00<00:00, 2096.99it/s, Materializing param=convnext.encoder.stages.2.layers.7.pwconv1.bias]    
Loading weights:  40%|███▉      | 137/344 [00:00<00:00, 2093.75it/s, Materializing param=convnext.encoder.stages.2.layers.7.pwconv1.bias]
Loading weights:  40%|████      | 138/344 [00:00<00:00, 2102.87it/s, Materializing param=convnext.encoder.stages.2.layers.7.pwconv1.weight]
Loading weights:  40%|████      | 138/344 [00:00<00:00, 2099.08it/s, Materializing param=convnext.encoder.stages.2.layers.7.pwconv1.weight]
Loading weights:  40%|████      | 139/344 [00:00<00:00, 2108.00it/s, Materializing param=convnext.encoder.stages.2.layers.7.pwconv2.bias]  
Loading weights:  40%|████      | 139/344 [00:00<00:00, 2103.86it/s, Materializing param=convnext.encoder.stages.2.layers.7.pwconv2.bias]
Loading weights:  41%|████      | 140/344 [00:00<00:00, 2112.44it/s, Materializing param=convnext.encoder.stages.2.layers.7.pwconv2.weight]
Loading weights:  41%|████      | 140/344 [00:00<00:00, 2109.08it/s, Materializing param=convnext.encoder.stages.2.layers.7.pwconv2.weight]
Loading weights:  41%|████      | 141/344 [00:00<00:00, 2117.38it/s, Materializing param=convnext.encoder.stages.2.layers.8.dwconv.bias]   
Loading weights:  41%|████      | 141/344 [00:00<00:00, 2113.54it/s, Materializing param=convnext.encoder.stages.2.layers.8.dwconv.bias]
Loading weights:  41%|████▏     | 142/344 [00:00<00:00, 2122.48it/s, Materializing param=convnext.encoder.stages.2.layers.8.dwconv.weight]
Loading weights:  41%|████▏     | 142/344 [00:00<00:00, 2119.25it/s, Materializing param=convnext.encoder.stages.2.layers.8.dwconv.weight]
Loading weights:  42%|████▏     | 143/344 [00:00<00:00, 2127.62it/s, Materializing param=convnext.encoder.stages.2.layers.8.layer_scale_parameter]
Loading weights:  42%|████▏     | 143/344 [00:00<00:00, 2123.93it/s, Materializing param=convnext.encoder.stages.2.layers.8.layer_scale_parameter]
Loading weights:  42%|████▏     | 144/344 [00:00<00:00, 2132.76it/s, Materializing param=convnext.encoder.stages.2.layers.8.layernorm.bias]       
Loading weights:  42%|████▏     | 144/344 [00:00<00:00, 2129.62it/s, Materializing param=convnext.encoder.stages.2.layers.8.layernorm.bias]
Loading weights:  42%|████▏     | 145/344 [00:00<00:00, 2137.73it/s, Materializing param=convnext.encoder.stages.2.layers.8.layernorm.weight]
Loading weights:  42%|████▏     | 145/344 [00:00<00:00, 2134.52it/s, Materializing param=convnext.encoder.stages.2.layers.8.layernorm.weight]
Loading weights:  42%|████▏     | 146/344 [00:00<00:00, 2143.11it/s, Materializing param=convnext.encoder.stages.2.layers.8.pwconv1.bias]    
Loading weights:  42%|████▏     | 146/344 [00:00<00:00, 2139.65it/s, Materializing param=convnext.encoder.stages.2.layers.8.pwconv1.bias]
Loading weights:  43%|████▎     | 147/344 [00:00<00:00, 2147.76it/s, Materializing param=convnext.encoder.stages.2.layers.8.pwconv1.weight]
Loading weights:  43%|████▎     | 147/344 [00:00<00:00, 2144.43it/s, Materializing param=convnext.encoder.stages.2.layers.8.pwconv1.weight]
Loading weights:  43%|████▎     | 148/344 [00:00<00:00, 2152.33it/s, Materializing param=convnext.encoder.stages.2.layers.8.pwconv2.bias]  
Loading weights:  43%|████▎     | 148/344 [00:00<00:00, 2148.55it/s, Materializing param=convnext.encoder.stages.2.layers.8.pwconv2.bias]
Loading weights:  43%|████▎     | 149/344 [00:00<00:00, 2156.93it/s, Materializing param=convnext.encoder.stages.2.layers.8.pwconv2.weight]
Loading weights:  43%|████▎     | 149/344 [00:00<00:00, 2153.70it/s, Materializing param=convnext.encoder.stages.2.layers.8.pwconv2.weight]
Loading weights:  44%|████▎     | 150/344 [00:00<00:00, 2160.93it/s, Materializing param=convnext.encoder.stages.2.layers.9.dwconv.bias]   
Loading weights:  44%|████▎     | 150/344 [00:00<00:00, 2157.56it/s, Materializing param=convnext.encoder.stages.2.layers.9.dwconv.bias]
Loading weights:  44%|████▍     | 151/344 [00:00<00:00, 2165.39it/s, Materializing param=convnext.encoder.stages.2.layers.9.dwconv.weight]
Loading weights:  44%|████▍     | 151/344 [00:00<00:00, 2161.99it/s, Materializing param=convnext.encoder.stages.2.layers.9.dwconv.weight]
Loading weights:  44%|████▍     | 152/344 [00:00<00:00, 2169.18it/s, Materializing param=convnext.encoder.stages.2.layers.9.layer_scale_parameter]
Loading weights:  44%|████▍     | 152/344 [00:00<00:00, 2165.93it/s, Materializing param=convnext.encoder.stages.2.layers.9.layer_scale_parameter]
Loading weights:  44%|████▍     | 153/344 [00:00<00:00, 2173.54it/s, Materializing param=convnext.encoder.stages.2.layers.9.layernorm.bias]       
Loading weights:  44%|████▍     | 153/344 [00:00<00:00, 2170.05it/s, Materializing param=convnext.encoder.stages.2.layers.9.layernorm.bias]
Loading weights:  45%|████▍     | 154/344 [00:00<00:00, 2177.59it/s, Materializing param=convnext.encoder.stages.2.layers.9.layernorm.weight]
Loading weights:  45%|████▍     | 154/344 [00:00<00:00, 2174.49it/s, Materializing param=convnext.encoder.stages.2.layers.9.layernorm.weight]
Loading weights:  45%|████▌     | 155/344 [00:00<00:00, 2182.46it/s, Materializing param=convnext.encoder.stages.2.layers.9.pwconv1.bias]    
Loading weights:  45%|████▌     | 155/344 [00:00<00:00, 2179.28it/s, Materializing param=convnext.encoder.stages.2.layers.9.pwconv1.bias]
Loading weights:  45%|████▌     | 156/344 [00:00<00:00, 2186.91it/s, Materializing param=convnext.encoder.stages.2.layers.9.pwconv1.weight]
Loading weights:  45%|████▌     | 156/344 [00:00<00:00, 2183.74it/s, Materializing param=convnext.encoder.stages.2.layers.9.pwconv1.weight]
Loading weights:  46%|████▌     | 157/344 [00:00<00:00, 2191.19it/s, Materializing param=convnext.encoder.stages.2.layers.9.pwconv2.bias]  
Loading weights:  46%|████▌     | 157/344 [00:00<00:00, 2187.62it/s, Materializing param=convnext.encoder.stages.2.layers.9.pwconv2.bias]
Loading weights:  46%|████▌     | 158/344 [00:00<00:00, 2194.70it/s, Materializing param=convnext.encoder.stages.2.layers.9.pwconv2.weight]
Loading weights:  46%|████▌     | 158/344 [00:00<00:00, 2191.65it/s, Materializing param=convnext.encoder.stages.2.layers.9.pwconv2.weight]
Loading weights:  46%|████▌     | 159/344 [00:00<00:00, 2198.93it/s, Materializing param=convnext.encoder.stages.2.layers.10.dwconv.bias]  
Loading weights:  46%|████▌     | 159/344 [00:00<00:00, 2195.28it/s, Materializing param=convnext.encoder.stages.2.layers.10.dwconv.bias]
Loading weights:  47%|████▋     | 160/344 [00:00<00:00, 2203.95it/s, Materializing param=convnext.encoder.stages.2.layers.10.dwconv.weight]
Loading weights:  47%|████▋     | 160/344 [00:00<00:00, 2200.14it/s, Materializing param=convnext.encoder.stages.2.layers.10.dwconv.weight]
Loading weights:  47%|████▋     | 161/344 [00:00<00:00, 2208.01it/s, Materializing param=convnext.encoder.stages.2.layers.10.layer_scale_parameter]
Loading weights:  47%|████▋     | 161/344 [00:00<00:00, 2204.92it/s, Materializing param=convnext.encoder.stages.2.layers.10.layer_scale_parameter]
Loading weights:  47%|████▋     | 162/344 [00:00<00:00, 2212.38it/s, Materializing param=convnext.encoder.stages.2.layers.10.layernorm.bias]       
Loading weights:  47%|████▋     | 162/344 [00:00<00:00, 2208.76it/s, Materializing param=convnext.encoder.stages.2.layers.10.layernorm.bias]
Loading weights:  47%|████▋     | 163/344 [00:00<00:00, 2216.04it/s, Materializing param=convnext.encoder.stages.2.layers.10.layernorm.weight]
Loading weights:  47%|████▋     | 163/344 [00:00<00:00, 2212.66it/s, Materializing param=convnext.encoder.stages.2.layers.10.layernorm.weight]
Loading weights:  48%|████▊     | 164/344 [00:00<00:00, 2219.87it/s, Materializing param=convnext.encoder.stages.2.layers.10.pwconv1.bias]    
Loading weights:  48%|████▊     | 164/344 [00:00<00:00, 2216.63it/s, Materializing param=convnext.encoder.stages.2.layers.10.pwconv1.bias]
Loading weights:  48%|████▊     | 165/344 [00:00<00:00, 2224.44it/s, Materializing param=convnext.encoder.stages.2.layers.10.pwconv1.weight]
Loading weights:  48%|████▊     | 165/344 [00:00<00:00, 2220.92it/s, Materializing param=convnext.encoder.stages.2.layers.10.pwconv1.weight]
Loading weights:  48%|████▊     | 166/344 [00:00<00:00, 2228.21it/s, Materializing param=convnext.encoder.stages.2.layers.10.pwconv2.bias]  
Loading weights:  48%|████▊     | 166/344 [00:00<00:00, 2225.12it/s, Materializing param=convnext.encoder.stages.2.layers.10.pwconv2.bias]
Loading weights:  49%|████▊     | 167/344 [00:00<00:00, 2232.09it/s, Materializing param=convnext.encoder.stages.2.layers.10.pwconv2.weight]
Loading weights:  49%|████▊     | 167/344 [00:00<00:00, 2228.96it/s, Materializing param=convnext.encoder.stages.2.layers.10.pwconv2.weight]
Loading weights:  49%|████▉     | 168/344 [00:00<00:00, 2236.49it/s, Materializing param=convnext.encoder.stages.2.layers.11.dwconv.bias]   
Loading weights:  49%|████▉     | 168/344 [00:00<00:00, 2233.57it/s, Materializing param=convnext.encoder.stages.2.layers.11.dwconv.bias]
Loading weights:  49%|████▉     | 169/344 [00:00<00:00, 2240.19it/s, Materializing param=convnext.encoder.stages.2.layers.11.dwconv.weight]
Loading weights:  49%|████▉     | 169/344 [00:00<00:00, 2237.09it/s, Materializing param=convnext.encoder.stages.2.layers.11.dwconv.weight]
Loading weights:  49%|████▉     | 170/344 [00:00<00:00, 2244.77it/s, Materializing param=convnext.encoder.stages.2.layers.11.layer_scale_parameter]
Loading weights:  49%|████▉     | 170/344 [00:00<00:00, 2241.69it/s, Materializing param=convnext.encoder.stages.2.layers.11.layer_scale_parameter]
Loading weights:  50%|████▉     | 171/344 [00:00<00:00, 2249.37it/s, Materializing param=convnext.encoder.stages.2.layers.11.layernorm.bias]       
Loading weights:  50%|████▉     | 171/344 [00:00<00:00, 2246.31it/s, Materializing param=convnext.encoder.stages.2.layers.11.layernorm.bias]
Loading weights:  50%|█████     | 172/344 [00:00<00:00, 2253.01it/s, Materializing param=convnext.encoder.stages.2.layers.11.layernorm.weight]
Loading weights:  50%|█████     | 172/344 [00:00<00:00, 2249.85it/s, Materializing param=convnext.encoder.stages.2.layers.11.layernorm.weight]
Loading weights:  50%|█████     | 173/344 [00:00<00:00, 2258.10it/s, Materializing param=convnext.encoder.stages.2.layers.11.pwconv1.bias]    
Loading weights:  50%|█████     | 173/344 [00:00<00:00, 2255.07it/s, Materializing param=convnext.encoder.stages.2.layers.11.pwconv1.bias]
Loading weights:  51%|█████     | 174/344 [00:00<00:00, 2262.40it/s, Materializing param=convnext.encoder.stages.2.layers.11.pwconv1.weight]
Loading weights:  51%|█████     | 174/344 [00:00<00:00, 2259.05it/s, Materializing param=convnext.encoder.stages.2.layers.11.pwconv1.weight]
Loading weights:  51%|█████     | 175/344 [00:00<00:00, 2266.15it/s, Materializing param=convnext.encoder.stages.2.layers.11.pwconv2.bias]  
Loading weights:  51%|█████     | 175/344 [00:00<00:00, 2262.61it/s, Materializing param=convnext.encoder.stages.2.layers.11.pwconv2.bias]
Loading weights:  51%|█████     | 176/344 [00:00<00:00, 2269.77it/s, Materializing param=convnext.encoder.stages.2.layers.11.pwconv2.weight]
Loading weights:  51%|█████     | 176/344 [00:00<00:00, 2266.44it/s, Materializing param=convnext.encoder.stages.2.layers.11.pwconv2.weight]
Loading weights:  51%|█████▏    | 177/344 [00:00<00:00, 2273.70it/s, Materializing param=convnext.encoder.stages.2.layers.12.dwconv.bias]   
Loading weights:  51%|█████▏    | 177/344 [00:00<00:00, 2270.78it/s, Materializing param=convnext.encoder.stages.2.layers.12.dwconv.bias]
Loading weights:  52%|█████▏    | 178/344 [00:00<00:00, 2277.64it/s, Materializing param=convnext.encoder.stages.2.layers.12.dwconv.weight]
Loading weights:  52%|█████▏    | 178/344 [00:00<00:00, 2275.73it/s, Materializing param=convnext.encoder.stages.2.layers.12.dwconv.weight]
Loading weights:  52%|█████▏    | 179/344 [00:00<00:00, 2281.99it/s, Materializing param=convnext.encoder.stages.2.layers.12.layer_scale_parameter]
Loading weights:  52%|█████▏    | 179/344 [00:00<00:00, 2279.05it/s, Materializing param=convnext.encoder.stages.2.layers.12.layer_scale_parameter]
Loading weights:  52%|█████▏    | 180/344 [00:00<00:00, 2285.93it/s, Materializing param=convnext.encoder.stages.2.layers.12.layernorm.bias]       
Loading weights:  52%|█████▏    | 180/344 [00:00<00:00, 2282.57it/s, Materializing param=convnext.encoder.stages.2.layers.12.layernorm.bias]
Loading weights:  53%|█████▎    | 181/344 [00:00<00:00, 2289.34it/s, Materializing param=convnext.encoder.stages.2.layers.12.layernorm.weight]
Loading weights:  53%|█████▎    | 181/344 [00:00<00:00, 2286.43it/s, Materializing param=convnext.encoder.stages.2.layers.12.layernorm.weight]
Loading weights:  53%|█████▎    | 182/344 [00:00<00:00, 2292.61it/s, Materializing param=convnext.encoder.stages.2.layers.12.pwconv1.bias]    
Loading weights:  53%|█████▎    | 182/344 [00:00<00:00, 2289.26it/s, Materializing param=convnext.encoder.stages.2.layers.12.pwconv1.bias]
Loading weights:  53%|█████▎    | 183/344 [00:00<00:00, 2295.32it/s, Materializing param=convnext.encoder.stages.2.layers.12.pwconv1.weight]
Loading weights:  53%|█████▎    | 183/344 [00:00<00:00, 2292.39it/s, Materializing param=convnext.encoder.stages.2.layers.12.pwconv1.weight]
Loading weights:  53%|█████▎    | 184/344 [00:00<00:00, 2299.39it/s, Materializing param=convnext.encoder.stages.2.layers.12.pwconv2.bias]  
Loading weights:  53%|█████▎    | 184/344 [00:00<00:00, 2296.26it/s, Materializing param=convnext.encoder.stages.2.layers.12.pwconv2.bias]
Loading weights:  54%|█████▍    | 185/344 [00:00<00:00, 2302.68it/s, Materializing param=convnext.encoder.stages.2.layers.12.pwconv2.weight]
Loading weights:  54%|█████▍    | 185/344 [00:00<00:00, 2299.28it/s, Materializing param=convnext.encoder.stages.2.layers.12.pwconv2.weight]
Loading weights:  54%|█████▍    | 186/344 [00:00<00:00, 2305.76it/s, Materializing param=convnext.encoder.stages.2.layers.13.dwconv.bias]   
Loading weights:  54%|█████▍    | 186/344 [00:00<00:00, 2302.76it/s, Materializing param=convnext.encoder.stages.2.layers.13.dwconv.bias]
Loading weights:  54%|█████▍    | 187/344 [00:00<00:00, 2309.70it/s, Materializing param=convnext.encoder.stages.2.layers.13.dwconv.weight]
Loading weights:  54%|█████▍    | 187/344 [00:00<00:00, 2306.66it/s, Materializing param=convnext.encoder.stages.2.layers.13.dwconv.weight]
Loading weights:  55%|█████▍    | 188/344 [00:00<00:00, 2315.50it/s, Materializing param=convnext.encoder.stages.2.layers.13.layer_scale_parameter]
Loading weights:  55%|█████▍    | 188/344 [00:00<00:00, 2312.63it/s, Materializing param=convnext.encoder.stages.2.layers.13.layer_scale_parameter]
Loading weights:  55%|█████▍    | 189/344 [00:00<00:00, 2320.04it/s, Materializing param=convnext.encoder.stages.2.layers.13.layernorm.bias]       
Loading weights:  55%|█████▍    | 189/344 [00:00<00:00, 2317.31it/s, Materializing param=convnext.encoder.stages.2.layers.13.layernorm.bias]
Loading weights:  55%|█████▌    | 190/344 [00:00<00:00, 2323.64it/s, Materializing param=convnext.encoder.stages.2.layers.13.layernorm.weight]
Loading weights:  55%|█████▌    | 190/344 [00:00<00:00, 2320.38it/s, Materializing param=convnext.encoder.stages.2.layers.13.layernorm.weight]
Loading weights:  56%|█████▌    | 191/344 [00:00<00:00, 2326.49it/s, Materializing param=convnext.encoder.stages.2.layers.13.pwconv1.bias]    
Loading weights:  56%|█████▌    | 191/344 [00:00<00:00, 2323.59it/s, Materializing param=convnext.encoder.stages.2.layers.13.pwconv1.bias]
Loading weights:  56%|█████▌    | 192/344 [00:00<00:00, 2329.57it/s, Materializing param=convnext.encoder.stages.2.layers.13.pwconv1.weight]
Loading weights:  56%|█████▌    | 192/344 [00:00<00:00, 2326.53it/s, Materializing param=convnext.encoder.stages.2.layers.13.pwconv1.weight]
Loading weights:  56%|█████▌    | 193/344 [00:00<00:00, 2332.28it/s, Materializing param=convnext.encoder.stages.2.layers.13.pwconv2.bias]  
Loading weights:  56%|█████▌    | 193/344 [00:00<00:00, 2329.39it/s, Materializing param=convnext.encoder.stages.2.layers.13.pwconv2.bias]
Loading weights:  56%|█████▋    | 194/344 [00:00<00:00, 2335.86it/s, Materializing param=convnext.encoder.stages.2.layers.13.pwconv2.weight]
Loading weights:  56%|█████▋    | 194/344 [00:00<00:00, 2333.23it/s, Materializing param=convnext.encoder.stages.2.layers.13.pwconv2.weight]
Loading weights:  57%|█████▋    | 195/344 [00:00<00:00, 2340.47it/s, Materializing param=convnext.encoder.stages.2.layers.14.dwconv.bias]   
Loading weights:  57%|█████▋    | 195/344 [00:00<00:00, 2337.53it/s, Materializing param=convnext.encoder.stages.2.layers.14.dwconv.bias]
Loading weights:  57%|█████▋    | 196/344 [00:00<00:00, 2344.01it/s, Materializing param=convnext.encoder.stages.2.layers.14.dwconv.weight]
Loading weights:  57%|█████▋    | 196/344 [00:00<00:00, 2340.89it/s, Materializing param=convnext.encoder.stages.2.layers.14.dwconv.weight]
Loading weights:  57%|█████▋    | 197/344 [00:00<00:00, 2347.41it/s, Materializing param=convnext.encoder.stages.2.layers.14.layer_scale_parameter]
Loading weights:  57%|█████▋    | 197/344 [00:00<00:00, 2344.52it/s, Materializing param=convnext.encoder.stages.2.layers.14.layer_scale_parameter]
Loading weights:  58%|█████▊    | 198/344 [00:00<00:00, 2351.02it/s, Materializing param=convnext.encoder.stages.2.layers.14.layernorm.bias]       
Loading weights:  58%|█████▊    | 198/344 [00:00<00:00, 2347.46it/s, Materializing param=convnext.encoder.stages.2.layers.14.layernorm.bias]
Loading weights:  58%|█████▊    | 199/344 [00:00<00:00, 2354.01it/s, Materializing param=convnext.encoder.stages.2.layers.14.layernorm.weight]
Loading weights:  58%|█████▊    | 199/344 [00:00<00:00, 2350.82it/s, Materializing param=convnext.encoder.stages.2.layers.14.layernorm.weight]
Loading weights:  58%|█████▊    | 200/344 [00:00<00:00, 2356.30it/s, Materializing param=convnext.encoder.stages.2.layers.14.pwconv1.bias]    
Loading weights:  58%|█████▊    | 200/344 [00:00<00:00, 2353.26it/s, Materializing param=convnext.encoder.stages.2.layers.14.pwconv1.bias]
Loading weights:  58%|█████▊    | 201/344 [00:00<00:00, 2359.60it/s, Materializing param=convnext.encoder.stages.2.layers.14.pwconv1.weight]
Loading weights:  58%|█████▊    | 201/344 [00:00<00:00, 2356.38it/s, Materializing param=convnext.encoder.stages.2.layers.14.pwconv1.weight]
Loading weights:  59%|█████▊    | 202/344 [00:00<00:00, 2362.34it/s, Materializing param=convnext.encoder.stages.2.layers.14.pwconv2.bias]  
Loading weights:  59%|█████▊    | 202/344 [00:00<00:00, 2359.40it/s, Materializing param=convnext.encoder.stages.2.layers.14.pwconv2.bias]
Loading weights:  59%|█████▉    | 203/344 [00:00<00:00, 2365.54it/s, Materializing param=convnext.encoder.stages.2.layers.14.pwconv2.weight]
Loading weights:  59%|█████▉    | 203/344 [00:00<00:00, 2362.82it/s, Materializing param=convnext.encoder.stages.2.layers.14.pwconv2.weight]
Loading weights:  59%|█████▉    | 204/344 [00:00<00:00, 2369.02it/s, Materializing param=convnext.encoder.stages.2.layers.15.dwconv.bias]   
Loading weights:  59%|█████▉    | 204/344 [00:00<00:00, 2366.15it/s, Materializing param=convnext.encoder.stages.2.layers.15.dwconv.bias]
Loading weights:  60%|█████▉    | 205/344 [00:00<00:00, 2372.02it/s, Materializing param=convnext.encoder.stages.2.layers.15.dwconv.weight]
Loading weights:  60%|█████▉    | 205/344 [00:00<00:00, 2369.27it/s, Materializing param=convnext.encoder.stages.2.layers.15.dwconv.weight]
Loading weights:  60%|█████▉    | 206/344 [00:00<00:00, 2374.89it/s, Materializing param=convnext.encoder.stages.2.layers.15.layer_scale_parameter]
Loading weights:  60%|█████▉    | 206/344 [00:00<00:00, 2371.87it/s, Materializing param=convnext.encoder.stages.2.layers.15.layer_scale_parameter]
Loading weights:  60%|██████    | 207/344 [00:00<00:00, 2378.22it/s, Materializing param=convnext.encoder.stages.2.layers.15.layernorm.bias]       
Loading weights:  60%|██████    | 207/344 [00:00<00:00, 2375.45it/s, Materializing param=convnext.encoder.stages.2.layers.15.layernorm.bias]
Loading weights:  60%|██████    | 208/344 [00:00<00:00, 2381.12it/s, Materializing param=convnext.encoder.stages.2.layers.15.layernorm.weight]
Loading weights:  60%|██████    | 208/344 [00:00<00:00, 2378.31it/s, Materializing param=convnext.encoder.stages.2.layers.15.layernorm.weight]
Loading weights:  61%|██████    | 209/344 [00:00<00:00, 2384.48it/s, Materializing param=convnext.encoder.stages.2.layers.15.pwconv1.bias]    
Loading weights:  61%|██████    | 209/344 [00:00<00:00, 2381.63it/s, Materializing param=convnext.encoder.stages.2.layers.15.pwconv1.bias]
Loading weights:  61%|██████    | 210/344 [00:00<00:00, 2387.36it/s, Materializing param=convnext.encoder.stages.2.layers.15.pwconv1.weight]
Loading weights:  61%|██████    | 210/344 [00:00<00:00, 2384.64it/s, Materializing param=convnext.encoder.stages.2.layers.15.pwconv1.weight]
Loading weights:  61%|██████▏   | 211/344 [00:00<00:00, 2390.23it/s, Materializing param=convnext.encoder.stages.2.layers.15.pwconv2.bias]  
Loading weights:  61%|██████▏   | 211/344 [00:00<00:00, 2387.43it/s, Materializing param=convnext.encoder.stages.2.layers.15.pwconv2.bias]
Loading weights:  62%|██████▏   | 212/344 [00:00<00:00, 2393.49it/s, Materializing param=convnext.encoder.stages.2.layers.15.pwconv2.weight]
Loading weights:  62%|██████▏   | 212/344 [00:00<00:00, 2390.42it/s, Materializing param=convnext.encoder.stages.2.layers.15.pwconv2.weight]
Loading weights:  62%|██████▏   | 213/344 [00:00<00:00, 2396.15it/s, Materializing param=convnext.encoder.stages.2.layers.16.dwconv.bias]   
Loading weights:  62%|██████▏   | 213/344 [00:00<00:00, 2393.50it/s, Materializing param=convnext.encoder.stages.2.layers.16.dwconv.bias]
Loading weights:  62%|██████▏   | 214/344 [00:00<00:00, 2399.49it/s, Materializing param=convnext.encoder.stages.2.layers.16.dwconv.weight]
Loading weights:  62%|██████▏   | 214/344 [00:00<00:00, 2396.32it/s, Materializing param=convnext.encoder.stages.2.layers.16.dwconv.weight]
Loading weights:  62%|██████▎   | 215/344 [00:00<00:00, 2401.72it/s, Materializing param=convnext.encoder.stages.2.layers.16.layer_scale_parameter]
Loading weights:  62%|██████▎   | 215/344 [00:00<00:00, 2398.89it/s, Materializing param=convnext.encoder.stages.2.layers.16.layer_scale_parameter]
Loading weights:  63%|██████▎   | 216/344 [00:00<00:00, 2404.19it/s, Materializing param=convnext.encoder.stages.2.layers.16.layernorm.bias]       
Loading weights:  63%|██████▎   | 216/344 [00:00<00:00, 2401.50it/s, Materializing param=convnext.encoder.stages.2.layers.16.layernorm.bias]
Loading weights:  63%|██████▎   | 217/344 [00:00<00:00, 2407.19it/s, Materializing param=convnext.encoder.stages.2.layers.16.layernorm.weight]
Loading weights:  63%|██████▎   | 217/344 [00:00<00:00, 2403.88it/s, Materializing param=convnext.encoder.stages.2.layers.16.layernorm.weight]
Loading weights:  63%|██████▎   | 218/344 [00:00<00:00, 2409.66it/s, Materializing param=convnext.encoder.stages.2.layers.16.pwconv1.bias]    
Loading weights:  63%|██████▎   | 218/344 [00:00<00:00, 2406.89it/s, Materializing param=convnext.encoder.stages.2.layers.16.pwconv1.bias]
Loading weights:  64%|██████▎   | 219/344 [00:00<00:00, 2412.29it/s, Materializing param=convnext.encoder.stages.2.layers.16.pwconv1.weight]
Loading weights:  64%|██████▎   | 219/344 [00:00<00:00, 2409.51it/s, Materializing param=convnext.encoder.stages.2.layers.16.pwconv1.weight]
Loading weights:  64%|██████▍   | 220/344 [00:00<00:00, 2415.23it/s, Materializing param=convnext.encoder.stages.2.layers.16.pwconv2.bias]  
Loading weights:  64%|██████▍   | 220/344 [00:00<00:00, 2412.57it/s, Materializing param=convnext.encoder.stages.2.layers.16.pwconv2.bias]
Loading weights:  64%|██████▍   | 221/344 [00:00<00:00, 2417.95it/s, Materializing param=convnext.encoder.stages.2.layers.16.pwconv2.weight]
Loading weights:  64%|██████▍   | 221/344 [00:00<00:00, 2415.05it/s, Materializing param=convnext.encoder.stages.2.layers.16.pwconv2.weight]
Loading weights:  65%|██████▍   | 222/344 [00:00<00:00, 2420.55it/s, Materializing param=convnext.encoder.stages.2.layers.17.dwconv.bias]   
Loading weights:  65%|██████▍   | 222/344 [00:00<00:00, 2417.91it/s, Materializing param=convnext.encoder.stages.2.layers.17.dwconv.bias]
Loading weights:  65%|██████▍   | 223/344 [00:00<00:00, 2423.49it/s, Materializing param=convnext.encoder.stages.2.layers.17.dwconv.weight]
Loading weights:  65%|██████▍   | 223/344 [00:00<00:00, 2420.93it/s, Materializing param=convnext.encoder.stages.2.layers.17.dwconv.weight]
Loading weights:  65%|██████▌   | 224/344 [00:00<00:00, 2426.14it/s, Materializing param=convnext.encoder.stages.2.layers.17.layer_scale_parameter]
Loading weights:  65%|██████▌   | 224/344 [00:00<00:00, 2423.36it/s, Materializing param=convnext.encoder.stages.2.layers.17.layer_scale_parameter]
Loading weights:  65%|██████▌   | 225/344 [00:00<00:00, 2428.86it/s, Materializing param=convnext.encoder.stages.2.layers.17.layernorm.bias]       
Loading weights:  65%|██████▌   | 225/344 [00:00<00:00, 2426.00it/s, Materializing param=convnext.encoder.stages.2.layers.17.layernorm.bias]
Loading weights:  66%|██████▌   | 226/344 [00:00<00:00, 2431.58it/s, Materializing param=convnext.encoder.stages.2.layers.17.layernorm.weight]
Loading weights:  66%|██████▌   | 226/344 [00:00<00:00, 2428.85it/s, Materializing param=convnext.encoder.stages.2.layers.17.layernorm.weight]
Loading weights:  66%|██████▌   | 227/344 [00:00<00:00, 2433.96it/s, Materializing param=convnext.encoder.stages.2.layers.17.pwconv1.bias]    
Loading weights:  66%|██████▌   | 227/344 [00:00<00:00, 2431.15it/s, Materializing param=convnext.encoder.stages.2.layers.17.pwconv1.bias]
Loading weights:  66%|██████▋   | 228/344 [00:00<00:00, 2436.66it/s, Materializing param=convnext.encoder.stages.2.layers.17.pwconv1.weight]
Loading weights:  66%|██████▋   | 228/344 [00:00<00:00, 2433.66it/s, Materializing param=convnext.encoder.stages.2.layers.17.pwconv1.weight]
Loading weights:  67%|██████▋   | 229/344 [00:00<00:00, 2438.55it/s, Materializing param=convnext.encoder.stages.2.layers.17.pwconv2.bias]  
Loading weights:  67%|██████▋   | 229/344 [00:00<00:00, 2435.86it/s, Materializing param=convnext.encoder.stages.2.layers.17.pwconv2.bias]
Loading weights:  67%|██████▋   | 230/344 [00:00<00:00, 2441.38it/s, Materializing param=convnext.encoder.stages.2.layers.17.pwconv2.weight]
Loading weights:  67%|██████▋   | 230/344 [00:00<00:00, 2396.57it/s, Materializing param=convnext.encoder.stages.2.layers.17.pwconv2.weight]
Loading weights:  67%|██████▋   | 231/344 [00:00<00:00, 2401.49it/s, Materializing param=convnext.encoder.stages.2.layers.18.dwconv.bias]   
Loading weights:  67%|██████▋   | 231/344 [00:00<00:00, 2398.22it/s, Materializing param=convnext.encoder.stages.2.layers.18.dwconv.bias]
Loading weights:  67%|██████▋   | 232/344 [00:00<00:00, 2403.59it/s, Materializing param=convnext.encoder.stages.2.layers.18.dwconv.weight]
Loading weights:  67%|██████▋   | 232/344 [00:00<00:00, 2401.13it/s, Materializing param=convnext.encoder.stages.2.layers.18.dwconv.weight]
Loading weights:  68%|██████▊   | 233/344 [00:00<00:00, 2406.07it/s, Materializing param=convnext.encoder.stages.2.layers.18.layer_scale_parameter]
Loading weights:  68%|██████▊   | 233/344 [00:00<00:00, 2403.58it/s, Materializing param=convnext.encoder.stages.2.layers.18.layer_scale_parameter]
Loading weights:  68%|██████▊   | 234/344 [00:00<00:00, 2408.89it/s, Materializing param=convnext.encoder.stages.2.layers.18.layernorm.bias]       
Loading weights:  68%|██████▊   | 234/344 [00:00<00:00, 2405.82it/s, Materializing param=convnext.encoder.stages.2.layers.18.layernorm.bias]
Loading weights:  68%|██████▊   | 235/344 [00:00<00:00, 2410.71it/s, Materializing param=convnext.encoder.stages.2.layers.18.layernorm.weight]
Loading weights:  68%|██████▊   | 235/344 [00:00<00:00, 2408.09it/s, Materializing param=convnext.encoder.stages.2.layers.18.layernorm.weight]
Loading weights:  69%|██████▊   | 236/344 [00:00<00:00, 2413.09it/s, Materializing param=convnext.encoder.stages.2.layers.18.pwconv1.bias]    
Loading weights:  69%|██████▊   | 236/344 [00:00<00:00, 2410.57it/s, Materializing param=convnext.encoder.stages.2.layers.18.pwconv1.bias]
Loading weights:  69%|██████▉   | 237/344 [00:00<00:00, 2415.83it/s, Materializing param=convnext.encoder.stages.2.layers.18.pwconv1.weight]
Loading weights:  69%|██████▉   | 237/344 [00:00<00:00, 2413.44it/s, Materializing param=convnext.encoder.stages.2.layers.18.pwconv1.weight]
Loading weights:  69%|██████▉   | 238/344 [00:00<00:00, 2418.27it/s, Materializing param=convnext.encoder.stages.2.layers.18.pwconv2.bias]  
Loading weights:  69%|██████▉   | 238/344 [00:00<00:00, 2415.67it/s, Materializing param=convnext.encoder.stages.2.layers.18.pwconv2.bias]
Loading weights:  69%|██████▉   | 239/344 [00:00<00:00, 2420.89it/s, Materializing param=convnext.encoder.stages.2.layers.18.pwconv2.weight]
Loading weights:  69%|██████▉   | 239/344 [00:00<00:00, 2418.27it/s, Materializing param=convnext.encoder.stages.2.layers.18.pwconv2.weight]
Loading weights:  70%|██████▉   | 240/344 [00:00<00:00, 2423.64it/s, Materializing param=convnext.encoder.stages.2.layers.19.dwconv.bias]   
Loading weights:  70%|██████▉   | 240/344 [00:00<00:00, 2421.19it/s, Materializing param=convnext.encoder.stages.2.layers.19.dwconv.bias]
Loading weights:  70%|███████   | 241/344 [00:00<00:00, 2425.39it/s, Materializing param=convnext.encoder.stages.2.layers.19.dwconv.weight]
Loading weights:  70%|███████   | 241/344 [00:00<00:00, 2422.95it/s, Materializing param=convnext.encoder.stages.2.layers.19.dwconv.weight]
Loading weights:  70%|███████   | 242/344 [00:00<00:00, 2426.49it/s, Materializing param=convnext.encoder.stages.2.layers.19.layer_scale_parameter]
Loading weights:  70%|███████   | 242/344 [00:00<00:00, 2423.54it/s, Materializing param=convnext.encoder.stages.2.layers.19.layer_scale_parameter]
Loading weights:  71%|███████   | 243/344 [00:00<00:00, 2428.42it/s, Materializing param=convnext.encoder.stages.2.layers.19.layer_scale_parameter]
Loading weights:  71%|███████   | 243/344 [00:00<00:00, 2428.42it/s, Materializing param=convnext.encoder.stages.2.layers.19.layernorm.bias]       
Loading weights:  71%|███████   | 243/344 [00:00<00:00, 2428.42it/s, Materializing param=convnext.encoder.stages.2.layers.19.layernorm.bias]
Loading weights:  71%|███████   | 244/344 [00:00<00:00, 2428.42it/s, Materializing param=convnext.encoder.stages.2.layers.19.layernorm.weight]
Loading weights:  71%|███████   | 244/344 [00:00<00:00, 2428.42it/s, Materializing param=convnext.encoder.stages.2.layers.19.layernorm.weight]
Loading weights:  71%|███████   | 245/344 [00:00<00:00, 2428.42it/s, Materializing param=convnext.encoder.stages.2.layers.19.pwconv1.bias]    
Loading weights:  71%|███████   | 245/344 [00:00<00:00, 2428.42it/s, Materializing param=convnext.encoder.stages.2.layers.19.pwconv1.bias]
Loading weights:  72%|███████▏  | 246/344 [00:00<00:00, 2428.42it/s, Materializing param=convnext.encoder.stages.2.layers.19.pwconv1.weight]
Loading weights:  72%|███████▏  | 246/344 [00:00<00:00, 2428.42it/s, Materializing param=convnext.encoder.stages.2.layers.19.pwconv1.weight]
Loading weights:  72%|███████▏  | 247/344 [00:00<00:00, 2428.42it/s, Materializing param=convnext.encoder.stages.2.layers.19.pwconv2.bias]  
Loading weights:  72%|███████▏  | 247/344 [00:00<00:00, 2428.42it/s, Materializing param=convnext.encoder.stages.2.layers.19.pwconv2.bias]
Loading weights:  72%|███████▏  | 248/344 [00:00<00:00, 2428.42it/s, Materializing param=convnext.encoder.stages.2.layers.19.pwconv2.weight]
Loading weights:  72%|███████▏  | 248/344 [00:00<00:00, 2428.42it/s, Materializing param=convnext.encoder.stages.2.layers.19.pwconv2.weight]
Loading weights:  72%|███████▏  | 249/344 [00:00<00:00, 2428.42it/s, Materializing param=convnext.encoder.stages.2.layers.20.dwconv.bias]   
Loading weights:  72%|███████▏  | 249/344 [00:00<00:00, 2428.42it/s, Materializing param=convnext.encoder.stages.2.layers.20.dwconv.bias]
Loading weights:  73%|███████▎  | 250/344 [00:00<00:00, 2428.42it/s, Materializing param=convnext.encoder.stages.2.layers.20.dwconv.weight]
Loading weights:  73%|███████▎  | 250/344 [00:00<00:00, 2428.42it/s, Materializing param=convnext.encoder.stages.2.layers.20.dwconv.weight]
Loading weights:  73%|███████▎  | 251/344 [00:00<00:00, 2428.42it/s, Materializing param=convnext.encoder.stages.2.layers.20.layer_scale_parameter]
Loading weights:  73%|███████▎  | 251/344 [00:00<00:00, 2428.42it/s, Materializing param=convnext.encoder.stages.2.layers.20.layer_scale_parameter]
Loading weights:  73%|███████▎  | 252/344 [00:00<00:00, 2428.42it/s, Materializing param=convnext.encoder.stages.2.layers.20.layernorm.bias]       
Loading weights:  73%|███████▎  | 252/344 [00:00<00:00, 2428.42it/s, Materializing param=convnext.encoder.stages.2.layers.20.layernorm.bias]
Loading weights:  74%|███████▎  | 253/344 [00:00<00:00, 2428.42it/s, Materializing param=convnext.encoder.stages.2.layers.20.layernorm.weight]
Loading weights:  74%|███████▎  | 253/344 [00:00<00:00, 2428.42it/s, Materializing param=convnext.encoder.stages.2.layers.20.layernorm.weight]
Loading weights:  74%|███████▍  | 254/344 [00:00<00:00, 2428.42it/s, Materializing param=convnext.encoder.stages.2.layers.20.pwconv1.bias]    
Loading weights:  74%|███████▍  | 254/344 [00:00<00:00, 2428.42it/s, Materializing param=convnext.encoder.stages.2.layers.20.pwconv1.bias]
Loading weights:  74%|███████▍  | 255/344 [00:00<00:00, 2428.42it/s, Materializing param=convnext.encoder.stages.2.layers.20.pwconv1.weight]
Loading weights:  74%|███████▍  | 255/344 [00:00<00:00, 2428.42it/s, Materializing param=convnext.encoder.stages.2.layers.20.pwconv1.weight]
Loading weights:  74%|███████▍  | 256/344 [00:00<00:00, 2428.42it/s, Materializing param=convnext.encoder.stages.2.layers.20.pwconv2.bias]  
Loading weights:  74%|███████▍  | 256/344 [00:00<00:00, 2428.42it/s, Materializing param=convnext.encoder.stages.2.layers.20.pwconv2.bias]
Loading weights:  75%|███████▍  | 257/344 [00:00<00:00, 2428.42it/s, Materializing param=convnext.encoder.stages.2.layers.20.pwconv2.weight]
Loading weights:  75%|███████▍  | 257/344 [00:00<00:00, 2428.42it/s, Materializing param=convnext.encoder.stages.2.layers.20.pwconv2.weight]
Loading weights:  75%|███████▌  | 258/344 [00:00<00:00, 2428.42it/s, Materializing param=convnext.encoder.stages.2.layers.21.dwconv.bias]   
Loading weights:  75%|███████▌  | 258/344 [00:00<00:00, 2428.42it/s, Materializing param=convnext.encoder.stages.2.layers.21.dwconv.bias]
Loading weights:  75%|███████▌  | 259/344 [00:00<00:00, 2428.42it/s, Materializing param=convnext.encoder.stages.2.layers.21.dwconv.weight]
Loading weights:  75%|███████▌  | 259/344 [00:00<00:00, 2428.42it/s, Materializing param=convnext.encoder.stages.2.layers.21.dwconv.weight]
Loading weights:  76%|███████▌  | 260/344 [00:00<00:00, 2428.42it/s, Materializing param=convnext.encoder.stages.2.layers.21.layer_scale_parameter]
Loading weights:  76%|███████▌  | 260/344 [00:00<00:00, 2428.42it/s, Materializing param=convnext.encoder.stages.2.layers.21.layer_scale_parameter]
Loading weights:  76%|███████▌  | 261/344 [00:00<00:00, 2428.42it/s, Materializing param=convnext.encoder.stages.2.layers.21.layernorm.bias]       
Loading weights:  76%|███████▌  | 261/344 [00:00<00:00, 2428.42it/s, Materializing param=convnext.encoder.stages.2.layers.21.layernorm.bias]
Loading weights:  76%|███████▌  | 262/344 [00:00<00:00, 2428.42it/s, Materializing param=convnext.encoder.stages.2.layers.21.layernorm.weight]
Loading weights:  76%|███████▌  | 262/344 [00:00<00:00, 2428.42it/s, Materializing param=convnext.encoder.stages.2.layers.21.layernorm.weight]
Loading weights:  76%|███████▋  | 263/344 [00:00<00:00, 2428.42it/s, Materializing param=convnext.encoder.stages.2.layers.21.pwconv1.bias]    
Loading weights:  76%|███████▋  | 263/344 [00:00<00:00, 2428.42it/s, Materializing param=convnext.encoder.stages.2.layers.21.pwconv1.bias]
Loading weights:  77%|███████▋  | 264/344 [00:00<00:00, 2428.42it/s, Materializing param=convnext.encoder.stages.2.layers.21.pwconv1.weight]
Loading weights:  77%|███████▋  | 264/344 [00:00<00:00, 2428.42it/s, Materializing param=convnext.encoder.stages.2.layers.21.pwconv1.weight]
Loading weights:  77%|███████▋  | 265/344 [00:00<00:00, 2428.42it/s, Materializing param=convnext.encoder.stages.2.layers.21.pwconv2.bias]  
Loading weights:  77%|███████▋  | 265/344 [00:00<00:00, 2428.42it/s, Materializing param=convnext.encoder.stages.2.layers.21.pwconv2.bias]
Loading weights:  77%|███████▋  | 266/344 [00:00<00:00, 2428.42it/s, Materializing param=convnext.encoder.stages.2.layers.21.pwconv2.weight]
Loading weights:  77%|███████▋  | 266/344 [00:00<00:00, 2428.42it/s, Materializing param=convnext.encoder.stages.2.layers.21.pwconv2.weight]
Loading weights:  78%|███████▊  | 267/344 [00:00<00:00, 2428.42it/s, Materializing param=convnext.encoder.stages.2.layers.22.dwconv.bias]   
Loading weights:  78%|███████▊  | 267/344 [00:00<00:00, 2428.42it/s, Materializing param=convnext.encoder.stages.2.layers.22.dwconv.bias]
Loading weights:  78%|███████▊  | 268/344 [00:00<00:00, 2428.42it/s, Materializing param=convnext.encoder.stages.2.layers.22.dwconv.weight]
Loading weights:  78%|███████▊  | 268/344 [00:00<00:00, 2428.42it/s, Materializing param=convnext.encoder.stages.2.layers.22.dwconv.weight]
Loading weights:  78%|███████▊  | 269/344 [00:00<00:00, 2428.42it/s, Materializing param=convnext.encoder.stages.2.layers.22.layer_scale_parameter]
Loading weights:  78%|███████▊  | 269/344 [00:00<00:00, 2428.42it/s, Materializing param=convnext.encoder.stages.2.layers.22.layer_scale_parameter]
Loading weights:  78%|███████▊  | 270/344 [00:00<00:00, 2428.42it/s, Materializing param=convnext.encoder.stages.2.layers.22.layernorm.bias]       
Loading weights:  78%|███████▊  | 270/344 [00:00<00:00, 2428.42it/s, Materializing param=convnext.encoder.stages.2.layers.22.layernorm.bias]
Loading weights:  79%|███████▉  | 271/344 [00:00<00:00, 2428.42it/s, Materializing param=convnext.encoder.stages.2.layers.22.layernorm.weight]
Loading weights:  79%|███████▉  | 271/344 [00:00<00:00, 2428.42it/s, Materializing param=convnext.encoder.stages.2.layers.22.layernorm.weight]
Loading weights:  79%|███████▉  | 272/344 [00:00<00:00, 2428.42it/s, Materializing param=convnext.encoder.stages.2.layers.22.pwconv1.bias]    
Loading weights:  79%|███████▉  | 272/344 [00:00<00:00, 2428.42it/s, Materializing param=convnext.encoder.stages.2.layers.22.pwconv1.bias]
Loading weights:  79%|███████▉  | 273/344 [00:00<00:00, 2428.42it/s, Materializing param=convnext.encoder.stages.2.layers.22.pwconv1.weight]
Loading weights:  79%|███████▉  | 273/344 [00:00<00:00, 2428.42it/s, Materializing param=convnext.encoder.stages.2.layers.22.pwconv1.weight]
Loading weights:  80%|███████▉  | 274/344 [00:00<00:00, 2428.42it/s, Materializing param=convnext.encoder.stages.2.layers.22.pwconv2.bias]  
Loading weights:  80%|███████▉  | 274/344 [00:00<00:00, 2428.42it/s, Materializing param=convnext.encoder.stages.2.layers.22.pwconv2.bias]
Loading weights:  80%|███████▉  | 275/344 [00:00<00:00, 2428.42it/s, Materializing param=convnext.encoder.stages.2.layers.22.pwconv2.weight]
Loading weights:  80%|███████▉  | 275/344 [00:00<00:00, 2428.42it/s, Materializing param=convnext.encoder.stages.2.layers.22.pwconv2.weight]
Loading weights:  80%|████████  | 276/344 [00:00<00:00, 2428.42it/s, Materializing param=convnext.encoder.stages.2.layers.23.dwconv.bias]   
Loading weights:  80%|████████  | 276/344 [00:00<00:00, 2428.42it/s, Materializing param=convnext.encoder.stages.2.layers.23.dwconv.bias]
Loading weights:  81%|████████  | 277/344 [00:00<00:00, 2428.42it/s, Materializing param=convnext.encoder.stages.2.layers.23.dwconv.weight]
Loading weights:  81%|████████  | 277/344 [00:00<00:00, 2428.42it/s, Materializing param=convnext.encoder.stages.2.layers.23.dwconv.weight]
Loading weights:  81%|████████  | 278/344 [00:00<00:00, 2428.42it/s, Materializing param=convnext.encoder.stages.2.layers.23.layer_scale_parameter]
Loading weights:  81%|████████  | 278/344 [00:00<00:00, 2428.42it/s, Materializing param=convnext.encoder.stages.2.layers.23.layer_scale_parameter]
Loading weights:  81%|████████  | 279/344 [00:00<00:00, 2428.42it/s, Materializing param=convnext.encoder.stages.2.layers.23.layernorm.bias]       
Loading weights:  81%|████████  | 279/344 [00:00<00:00, 2428.42it/s, Materializing param=convnext.encoder.stages.2.layers.23.layernorm.bias]
Loading weights:  81%|████████▏ | 280/344 [00:00<00:00, 2428.42it/s, Materializing param=convnext.encoder.stages.2.layers.23.layernorm.weight]
Loading weights:  81%|████████▏ | 280/344 [00:00<00:00, 2428.42it/s, Materializing param=convnext.encoder.stages.2.layers.23.layernorm.weight]
Loading weights:  82%|████████▏ | 281/344 [00:00<00:00, 2428.42it/s, Materializing param=convnext.encoder.stages.2.layers.23.pwconv1.bias]    
Loading weights:  82%|████████▏ | 281/344 [00:00<00:00, 2428.42it/s, Materializing param=convnext.encoder.stages.2.layers.23.pwconv1.bias]
Loading weights:  82%|████████▏ | 282/344 [00:00<00:00, 2428.42it/s, Materializing param=convnext.encoder.stages.2.layers.23.pwconv1.weight]
Loading weights:  82%|████████▏ | 282/344 [00:00<00:00, 2428.42it/s, Materializing param=convnext.encoder.stages.2.layers.23.pwconv1.weight]
Loading weights:  82%|████████▏ | 283/344 [00:00<00:00, 2428.42it/s, Materializing param=convnext.encoder.stages.2.layers.23.pwconv2.bias]  
Loading weights:  82%|████████▏ | 283/344 [00:00<00:00, 2428.42it/s, Materializing param=convnext.encoder.stages.2.layers.23.pwconv2.bias]
Loading weights:  83%|████████▎ | 284/344 [00:00<00:00, 2428.42it/s, Materializing param=convnext.encoder.stages.2.layers.23.pwconv2.weight]
Loading weights:  83%|████████▎ | 284/344 [00:00<00:00, 2428.42it/s, Materializing param=convnext.encoder.stages.2.layers.23.pwconv2.weight]
Loading weights:  83%|████████▎ | 285/344 [00:00<00:00, 2428.42it/s, Materializing param=convnext.encoder.stages.2.layers.24.dwconv.bias]   
Loading weights:  83%|████████▎ | 285/344 [00:00<00:00, 2428.42it/s, Materializing param=convnext.encoder.stages.2.layers.24.dwconv.bias]
Loading weights:  83%|████████▎ | 286/344 [00:00<00:00, 2428.42it/s, Materializing param=convnext.encoder.stages.2.layers.24.dwconv.weight]
Loading weights:  83%|████████▎ | 286/344 [00:00<00:00, 2428.42it/s, Materializing param=convnext.encoder.stages.2.layers.24.dwconv.weight]
Loading weights:  83%|████████▎ | 287/344 [00:00<00:00, 2428.42it/s, Materializing param=convnext.encoder.stages.2.layers.24.layer_scale_parameter]
Loading weights:  83%|████████▎ | 287/344 [00:00<00:00, 2428.42it/s, Materializing param=convnext.encoder.stages.2.layers.24.layer_scale_parameter]
Loading weights:  84%|████████▎ | 288/344 [00:00<00:00, 2428.42it/s, Materializing param=convnext.encoder.stages.2.layers.24.layernorm.bias]       
Loading weights:  84%|████████▎ | 288/344 [00:00<00:00, 2428.42it/s, Materializing param=convnext.encoder.stages.2.layers.24.layernorm.bias]
Loading weights:  84%|████████▍ | 289/344 [00:00<00:00, 2428.42it/s, Materializing param=convnext.encoder.stages.2.layers.24.layernorm.weight]
Loading weights:  84%|████████▍ | 289/344 [00:00<00:00, 2428.42it/s, Materializing param=convnext.encoder.stages.2.layers.24.layernorm.weight]
Loading weights:  84%|████████▍ | 290/344 [00:00<00:00, 2428.42it/s, Materializing param=convnext.encoder.stages.2.layers.24.pwconv1.bias]    
Loading weights:  84%|████████▍ | 290/344 [00:00<00:00, 2428.42it/s, Materializing param=convnext.encoder.stages.2.layers.24.pwconv1.bias]
Loading weights:  85%|████████▍ | 291/344 [00:00<00:00, 2428.42it/s, Materializing param=convnext.encoder.stages.2.layers.24.pwconv1.weight]
Loading weights:  85%|████████▍ | 291/344 [00:00<00:00, 2428.42it/s, Materializing param=convnext.encoder.stages.2.layers.24.pwconv1.weight]
Loading weights:  85%|████████▍ | 292/344 [00:00<00:00, 2428.42it/s, Materializing param=convnext.encoder.stages.2.layers.24.pwconv2.bias]  
Loading weights:  85%|████████▍ | 292/344 [00:00<00:00, 2428.42it/s, Materializing param=convnext.encoder.stages.2.layers.24.pwconv2.bias]
Loading weights:  85%|████████▌ | 293/344 [00:00<00:00, 2428.42it/s, Materializing param=convnext.encoder.stages.2.layers.24.pwconv2.weight]
Loading weights:  85%|████████▌ | 293/344 [00:00<00:00, 2428.42it/s, Materializing param=convnext.encoder.stages.2.layers.24.pwconv2.weight]
Loading weights:  85%|████████▌ | 294/344 [00:00<00:00, 2428.42it/s, Materializing param=convnext.encoder.stages.2.layers.25.dwconv.bias]   
Loading weights:  85%|████████▌ | 294/344 [00:00<00:00, 2428.42it/s, Materializing param=convnext.encoder.stages.2.layers.25.dwconv.bias]
Loading weights:  86%|████████▌ | 295/344 [00:00<00:00, 2428.42it/s, Materializing param=convnext.encoder.stages.2.layers.25.dwconv.weight]
Loading weights:  86%|████████▌ | 295/344 [00:00<00:00, 2428.42it/s, Materializing param=convnext.encoder.stages.2.layers.25.dwconv.weight]
Loading weights:  86%|████████▌ | 296/344 [00:00<00:00, 2428.42it/s, Materializing param=convnext.encoder.stages.2.layers.25.layer_scale_parameter]
Loading weights:  86%|████████▌ | 296/344 [00:00<00:00, 2428.42it/s, Materializing param=convnext.encoder.stages.2.layers.25.layer_scale_parameter]
Loading weights:  86%|████████▋ | 297/344 [00:00<00:00, 2428.42it/s, Materializing param=convnext.encoder.stages.2.layers.25.layernorm.bias]       
Loading weights:  86%|████████▋ | 297/344 [00:00<00:00, 2428.42it/s, Materializing param=convnext.encoder.stages.2.layers.25.layernorm.bias]
Loading weights:  87%|████████▋ | 298/344 [00:00<00:00, 2428.42it/s, Materializing param=convnext.encoder.stages.2.layers.25.layernorm.weight]
Loading weights:  87%|████████▋ | 298/344 [00:00<00:00, 2428.42it/s, Materializing param=convnext.encoder.stages.2.layers.25.layernorm.weight]
Loading weights:  87%|████████▋ | 299/344 [00:00<00:00, 2428.42it/s, Materializing param=convnext.encoder.stages.2.layers.25.pwconv1.bias]    
Loading weights:  87%|████████▋ | 299/344 [00:00<00:00, 2428.42it/s, Materializing param=convnext.encoder.stages.2.layers.25.pwconv1.bias]
Loading weights:  87%|████████▋ | 300/344 [00:00<00:00, 2428.42it/s, Materializing param=convnext.encoder.stages.2.layers.25.pwconv1.weight]
Loading weights:  87%|████████▋ | 300/344 [00:00<00:00, 2428.42it/s, Materializing param=convnext.encoder.stages.2.layers.25.pwconv1.weight]
Loading weights:  88%|████████▊ | 301/344 [00:00<00:00, 2428.42it/s, Materializing param=convnext.encoder.stages.2.layers.25.pwconv2.bias]  
Loading weights:  88%|████████▊ | 301/344 [00:00<00:00, 2428.42it/s, Materializing param=convnext.encoder.stages.2.layers.25.pwconv2.bias]
Loading weights:  88%|████████▊ | 302/344 [00:00<00:00, 2428.42it/s, Materializing param=convnext.encoder.stages.2.layers.25.pwconv2.weight]
Loading weights:  88%|████████▊ | 302/344 [00:00<00:00, 2428.42it/s, Materializing param=convnext.encoder.stages.2.layers.25.pwconv2.weight]
Loading weights:  88%|████████▊ | 303/344 [00:00<00:00, 2428.42it/s, Materializing param=convnext.encoder.stages.2.layers.26.dwconv.bias]   
Loading weights:  88%|████████▊ | 303/344 [00:00<00:00, 2428.42it/s, Materializing param=convnext.encoder.stages.2.layers.26.dwconv.bias]
Loading weights:  88%|████████▊ | 304/344 [00:00<00:00, 2428.42it/s, Materializing param=convnext.encoder.stages.2.layers.26.dwconv.weight]
Loading weights:  88%|████████▊ | 304/344 [00:00<00:00, 2428.42it/s, Materializing param=convnext.encoder.stages.2.layers.26.dwconv.weight]
Loading weights:  89%|████████▊ | 305/344 [00:00<00:00, 2428.42it/s, Materializing param=convnext.encoder.stages.2.layers.26.layer_scale_parameter]
Loading weights:  89%|████████▊ | 305/344 [00:00<00:00, 2428.42it/s, Materializing param=convnext.encoder.stages.2.layers.26.layer_scale_parameter]
Loading weights:  89%|████████▉ | 306/344 [00:00<00:00, 2428.42it/s, Materializing param=convnext.encoder.stages.2.layers.26.layernorm.bias]       
Loading weights:  89%|████████▉ | 306/344 [00:00<00:00, 2428.42it/s, Materializing param=convnext.encoder.stages.2.layers.26.layernorm.bias]
Loading weights:  89%|████████▉ | 307/344 [00:00<00:00, 2428.42it/s, Materializing param=convnext.encoder.stages.2.layers.26.layernorm.weight]
Loading weights:  89%|████████▉ | 307/344 [00:00<00:00, 2428.42it/s, Materializing param=convnext.encoder.stages.2.layers.26.layernorm.weight]
Loading weights:  90%|████████▉ | 308/344 [00:00<00:00, 2428.42it/s, Materializing param=convnext.encoder.stages.2.layers.26.pwconv1.bias]    
Loading weights:  90%|████████▉ | 308/344 [00:00<00:00, 2428.42it/s, Materializing param=convnext.encoder.stages.2.layers.26.pwconv1.bias]
Loading weights:  90%|████████▉ | 309/344 [00:00<00:00, 2428.42it/s, Materializing param=convnext.encoder.stages.2.layers.26.pwconv1.weight]
Loading weights:  90%|████████▉ | 309/344 [00:00<00:00, 2428.42it/s, Materializing param=convnext.encoder.stages.2.layers.26.pwconv1.weight]
Loading weights:  90%|█████████ | 310/344 [00:00<00:00, 2428.42it/s, Materializing param=convnext.encoder.stages.2.layers.26.pwconv2.bias]  
Loading weights:  90%|█████████ | 310/344 [00:00<00:00, 2428.42it/s, Materializing param=convnext.encoder.stages.2.layers.26.pwconv2.bias]
Loading weights:  90%|█████████ | 311/344 [00:00<00:00, 2428.42it/s, Materializing param=convnext.encoder.stages.2.layers.26.pwconv2.weight]
Loading weights:  90%|█████████ | 311/344 [00:00<00:00, 2428.42it/s, Materializing param=convnext.encoder.stages.2.layers.26.pwconv2.weight]
Loading weights:  91%|█████████ | 312/344 [00:00<00:00, 2428.42it/s, Materializing param=convnext.encoder.stages.3.downsampling_layer.0.bias]
Loading weights:  91%|█████████ | 312/344 [00:00<00:00, 2428.42it/s, Materializing param=convnext.encoder.stages.3.downsampling_layer.0.bias]
Loading weights:  91%|█████████ | 313/344 [00:00<00:00, 2428.42it/s, Materializing param=convnext.encoder.stages.3.downsampling_layer.0.weight]
Loading weights:  91%|█████████ | 313/344 [00:00<00:00, 2428.42it/s, Materializing param=convnext.encoder.stages.3.downsampling_layer.0.weight]
Loading weights:  91%|█████████▏| 314/344 [00:00<00:00, 2428.42it/s, Materializing param=convnext.encoder.stages.3.downsampling_layer.1.bias]  
Loading weights:  91%|█████████▏| 314/344 [00:00<00:00, 2428.42it/s, Materializing param=convnext.encoder.stages.3.downsampling_layer.1.bias]
Loading weights:  92%|█████████▏| 315/344 [00:00<00:00, 2428.42it/s, Materializing param=convnext.encoder.stages.3.downsampling_layer.1.weight]
Loading weights:  92%|█████████▏| 315/344 [00:00<00:00, 2428.42it/s, Materializing param=convnext.encoder.stages.3.downsampling_layer.1.weight]
Loading weights:  92%|█████████▏| 316/344 [00:00<00:00, 2428.42it/s, Materializing param=convnext.encoder.stages.3.layers.0.dwconv.bias]       
Loading weights:  92%|█████████▏| 316/344 [00:00<00:00, 2428.42it/s, Materializing param=convnext.encoder.stages.3.layers.0.dwconv.bias]
Loading weights:  92%|█████████▏| 317/344 [00:00<00:00, 2428.42it/s, Materializing param=convnext.encoder.stages.3.layers.0.dwconv.weight]
Loading weights:  92%|█████████▏| 317/344 [00:00<00:00, 2428.42it/s, Materializing param=convnext.encoder.stages.3.layers.0.dwconv.weight]
Loading weights:  92%|█████████▏| 318/344 [00:00<00:00, 2428.42it/s, Materializing param=convnext.encoder.stages.3.layers.0.layer_scale_parameter]
Loading weights:  92%|█████████▏| 318/344 [00:00<00:00, 2428.42it/s, Materializing param=convnext.encoder.stages.3.layers.0.layer_scale_parameter]
Loading weights:  93%|█████████▎| 319/344 [00:00<00:00, 2428.42it/s, Materializing param=convnext.encoder.stages.3.layers.0.layernorm.bias]       
Loading weights:  93%|█████████▎| 319/344 [00:00<00:00, 2428.42it/s, Materializing param=convnext.encoder.stages.3.layers.0.layernorm.bias]
Loading weights:  93%|█████████▎| 320/344 [00:00<00:00, 2428.42it/s, Materializing param=convnext.encoder.stages.3.layers.0.layernorm.weight]
Loading weights:  93%|█████████▎| 320/344 [00:00<00:00, 2428.42it/s, Materializing param=convnext.encoder.stages.3.layers.0.layernorm.weight]
Loading weights:  93%|█████████▎| 321/344 [00:00<00:00, 2428.42it/s, Materializing param=convnext.encoder.stages.3.layers.0.pwconv1.bias]    
Loading weights:  93%|█████████▎| 321/344 [00:00<00:00, 2428.42it/s, Materializing param=convnext.encoder.stages.3.layers.0.pwconv1.bias]
Loading weights:  94%|█████████▎| 322/344 [00:00<00:00, 2428.42it/s, Materializing param=convnext.encoder.stages.3.layers.0.pwconv1.weight]
Loading weights:  94%|█████████▎| 322/344 [00:00<00:00, 2428.42it/s, Materializing param=convnext.encoder.stages.3.layers.0.pwconv1.weight]
Loading weights:  94%|█████████▍| 323/344 [00:00<00:00, 2428.42it/s, Materializing param=convnext.encoder.stages.3.layers.0.pwconv2.bias]  
Loading weights:  94%|█████████▍| 323/344 [00:00<00:00, 2428.42it/s, Materializing param=convnext.encoder.stages.3.layers.0.pwconv2.bias]
Loading weights:  94%|█████████▍| 324/344 [00:00<00:00, 2428.42it/s, Materializing param=convnext.encoder.stages.3.layers.0.pwconv2.weight]
Loading weights:  94%|█████████▍| 324/344 [00:00<00:00, 2428.42it/s, Materializing param=convnext.encoder.stages.3.layers.0.pwconv2.weight]
Loading weights:  94%|█████████▍| 325/344 [00:00<00:00, 2428.42it/s, Materializing param=convnext.encoder.stages.3.layers.1.dwconv.bias]   
Loading weights:  94%|█████████▍| 325/344 [00:00<00:00, 2428.42it/s, Materializing param=convnext.encoder.stages.3.layers.1.dwconv.bias]
Loading weights:  95%|█████████▍| 326/344 [00:00<00:00, 2428.42it/s, Materializing param=convnext.encoder.stages.3.layers.1.dwconv.weight]
Loading weights:  95%|█████████▍| 326/344 [00:00<00:00, 2428.42it/s, Materializing param=convnext.encoder.stages.3.layers.1.dwconv.weight]
Loading weights:  95%|█████████▌| 327/344 [00:00<00:00, 2428.42it/s, Materializing param=convnext.encoder.stages.3.layers.1.layer_scale_parameter]
Loading weights:  95%|█████████▌| 327/344 [00:00<00:00, 2428.42it/s, Materializing param=convnext.encoder.stages.3.layers.1.layer_scale_parameter]
Loading weights:  95%|█████████▌| 328/344 [00:00<00:00, 2428.42it/s, Materializing param=convnext.encoder.stages.3.layers.1.layernorm.bias]       
Loading weights:  95%|█████████▌| 328/344 [00:00<00:00, 2428.42it/s, Materializing param=convnext.encoder.stages.3.layers.1.layernorm.bias]
Loading weights:  96%|█████████▌| 329/344 [00:00<00:00, 2428.42it/s, Materializing param=convnext.encoder.stages.3.layers.1.layernorm.weight]
Loading weights:  96%|█████████▌| 329/344 [00:00<00:00, 2428.42it/s, Materializing param=convnext.encoder.stages.3.layers.1.layernorm.weight]
Loading weights:  96%|█████████▌| 330/344 [00:00<00:00, 2428.42it/s, Materializing param=convnext.encoder.stages.3.layers.1.pwconv1.bias]    
Loading weights:  96%|█████████▌| 330/344 [00:00<00:00, 2428.42it/s, Materializing param=convnext.encoder.stages.3.layers.1.pwconv1.bias]
Loading weights:  96%|█████████▌| 331/344 [00:00<00:00, 2428.42it/s, Materializing param=convnext.encoder.stages.3.layers.1.pwconv1.weight]
Loading weights:  96%|█████████▌| 331/344 [00:00<00:00, 2428.42it/s, Materializing param=convnext.encoder.stages.3.layers.1.pwconv1.weight]
Loading weights:  97%|█████████▋| 332/344 [00:00<00:00, 2428.42it/s, Materializing param=convnext.encoder.stages.3.layers.1.pwconv2.bias]  
Loading weights:  97%|█████████▋| 332/344 [00:00<00:00, 2428.42it/s, Materializing param=convnext.encoder.stages.3.layers.1.pwconv2.bias]
Loading weights:  97%|█████████▋| 333/344 [00:00<00:00, 2428.42it/s, Materializing param=convnext.encoder.stages.3.layers.1.pwconv2.weight]
Loading weights:  97%|█████████▋| 333/344 [00:00<00:00, 2428.42it/s, Materializing param=convnext.encoder.stages.3.layers.1.pwconv2.weight]
Loading weights:  97%|█████████▋| 334/344 [00:00<00:00, 2428.42it/s, Materializing param=convnext.encoder.stages.3.layers.2.dwconv.bias]   
Loading weights:  97%|█████████▋| 334/344 [00:00<00:00, 2428.42it/s, Materializing param=convnext.encoder.stages.3.layers.2.dwconv.bias]
Loading weights:  97%|█████████▋| 335/344 [00:00<00:00, 2428.42it/s, Materializing param=convnext.encoder.stages.3.layers.2.dwconv.weight]
Loading weights:  97%|█████████▋| 335/344 [00:00<00:00, 2428.42it/s, Materializing param=convnext.encoder.stages.3.layers.2.dwconv.weight]
Loading weights:  98%|█████████▊| 336/344 [00:00<00:00, 2428.42it/s, Materializing param=convnext.encoder.stages.3.layers.2.layer_scale_parameter]
Loading weights:  98%|█████████▊| 336/344 [00:00<00:00, 2428.42it/s, Materializing param=convnext.encoder.stages.3.layers.2.layer_scale_parameter]
Loading weights:  98%|█████████▊| 337/344 [00:00<00:00, 2428.42it/s, Materializing param=convnext.encoder.stages.3.layers.2.layernorm.bias]       
Loading weights:  98%|█████████▊| 337/344 [00:00<00:00, 2428.42it/s, Materializing param=convnext.encoder.stages.3.layers.2.layernorm.bias]
Loading weights:  98%|█████████▊| 338/344 [00:00<00:00, 2428.42it/s, Materializing param=convnext.encoder.stages.3.layers.2.layernorm.weight]
Loading weights:  98%|█████████▊| 338/344 [00:00<00:00, 2428.42it/s, Materializing param=convnext.encoder.stages.3.layers.2.layernorm.weight]
Loading weights:  99%|█████████▊| 339/344 [00:00<00:00, 2428.42it/s, Materializing param=convnext.encoder.stages.3.layers.2.pwconv1.bias]    
Loading weights:  99%|█████████▊| 339/344 [00:00<00:00, 2428.42it/s, Materializing param=convnext.encoder.stages.3.layers.2.pwconv1.bias]
Loading weights:  99%|█████████▉| 340/344 [00:00<00:00, 2428.42it/s, Materializing param=convnext.encoder.stages.3.layers.2.pwconv1.weight]
Loading weights:  99%|█████████▉| 340/344 [00:00<00:00, 2428.42it/s, Materializing param=convnext.encoder.stages.3.layers.2.pwconv1.weight]
Loading weights:  99%|█████████▉| 341/344 [00:00<00:00, 2428.42it/s, Materializing param=convnext.encoder.stages.3.layers.2.pwconv2.bias]  
Loading weights:  99%|█████████▉| 341/344 [00:00<00:00, 2428.42it/s, Materializing param=convnext.encoder.stages.3.layers.2.pwconv2.bias]
Loading weights:  99%|█████████▉| 342/344 [00:00<00:00, 2428.42it/s, Materializing param=convnext.encoder.stages.3.layers.2.pwconv2.weight]
Loading weights:  99%|█████████▉| 342/344 [00:00<00:00, 2428.42it/s, Materializing param=convnext.encoder.stages.3.layers.2.pwconv2.weight]
Loading weights: 100%|█████████▉| 343/344 [00:00<00:00, 2428.42it/s, Materializing param=convnext.layernorm.bias]                          
Loading weights: 100%|█████████▉| 343/344 [00:00<00:00, 2428.42it/s, Materializing param=convnext.layernorm.bias]
Loading weights: 100%|██████████| 344/344 [00:00<00:00, 2428.42it/s, Materializing param=convnext.layernorm.weight]
Loading weights: 100%|██████████| 344/344 [00:00<00:00, 2428.42it/s, Materializing param=convnext.layernorm.weight]
Loading weights: 100%|██████████| 344/344 [00:00<00:00, 1772.81it/s, Materializing param=convnext.layernorm.weight]
ConvNextForImageClassification LOAD REPORT from: facebook/convnext-base-224-22k
Key               | Status   |                                                                                             
------------------+----------+---------------------------------------------------------------------------------------------
classifier.weight | MISMATCH | Reinit due to size mismatch ckpt: torch.Size([21841, 1024]) vs model:torch.Size([124, 1024])
classifier.bias   | MISMATCH | Reinit due to size mismatch ckpt: torch.Size([21841]) vs model:torch.Size([124])            

Notes:
- MISMATCH	:ckpt weights were loaded, but they did not match the original empty weight shapes.
  [convnext finetune] epoch 1/5 loss 2.2545 (411s)
  [convnext finetune] epoch 2/5 loss 0.7515 (370s)
  [convnext finetune] epoch 3/5 loss 0.3838 (370s)
  [convnext finetune] epoch 4/5 loss 0.2419 (369s)
  [convnext finetune] epoch 5/5 loss 0.1705 (369s)
  macro-F1 0.7927  accuracy 0.8800  (31.5 min)
                       protocol                         backbone  pretrained  submittable  is_fallback  macro_f1  accuracy  weighted_f1  head (>=1000)  \
model                                                                                                                                                    
siglip2_probe      linear probe  google/siglip2-base-patch16-224        True        False        False    0.8219    0.8979       0.9010         0.9064   
siglip2_finetune     fine-tuned  google/siglip2-base-patch16-224        True        False        False    0.8166    0.8899       0.8929         0.8957   
convnext_probe     linear probe   facebook/convnext-base-224-22k        True        False        False    0.8000    0.8857       0.8879         0.8919   
convnext_finetune    fine-tuned   facebook/convnext-base-224-22k        True        False        False    0.7927    0.8800       0.8845         0.8867   
resnet_resample    from scratch                             None       False         True        False    0.7635    0.8761       0.8770         0.8870   
cnn_resample       from scratch                             None       False         True        False    0.7378    0.8521       0.8558         0.8642   
hog_svm_offset     from scratch                             None       False         True        False    0.6345    0.7992       0.8018         0.8103   
hog_svm            from scratch                             None       False         True        False    0.6345    0.7992       0.8018         0.8103   
resnet_reweight    from scratch                             None       False         True        False    0.5405    0.6554       0.6796         0.6727   
cnn_reweight       from scratch                             None       False         True        False    0.5339    0.6533       0.6775         0.6800   

                   body (100-999)  tail (10-99)  rare (<10)  vs best submittable  
model                                                                             
siglip2_probe              0.8630        0.8489      0.6635               0.0584  
siglip2_finetune           0.8601        0.8174      0.7161               0.0530  
convnext_probe             0.8423        0.8084      0.6794               0.0365  
convnext_finetune          0.8393        0.8244      0.6113               0.0292  
resnet_resample            0.8324        0.7734      0.5857               0.0000  
cnn_resample               0.8087        0.7554      0.5381              -0.0257  
hog_svm_offset             0.7388        0.6090      0.4620              -0.1290  
hog_svm                    0.7388        0.6090      0.4620              -0.1290  
resnet_reweight            0.6353        0.5114      0.4075              -0.2231  
cnn_reweight               0.6280        0.4890      0.4331              -0.2296  
best submittable (from scratch): 0.7635 macro-F1  [resnet_resample]
best pretrained  (reference)   : 0.8219 macro-F1  [siglip2_probe]
gap                            : +0.0584 (+7.6% relative)
fallback checkpoints used: none
backbones skipped entirely: none
The parent will close telemetry and package the outputs.
