id,gender,masterCategory,subCategory,articleType,season,usage,source,label_source
900000,Women,Personal Care,Eyes,Eyeshadow,Spring,Casual,external_cosmetics_coco_v1,season+usage propagated per articleType from provided train
900001,Women,Personal Care,Eyes,Eyeshadow,Spring,Casual,external_cosmetics_coco_v1,season+usage propagated per articleType from provided train
900002,Women,Personal Care,Eyes,Eyeshadow,Spring,Casual,external_cosmetics_coco_v1,season+usage propagated per articleType from provided train
900003,Women,Personal Care,Eyes,Eyeshadow,Spring,Casual,external_cosmetics_coco_v1,season+usage propagated per articleType from provided train
900004,Women,Personal Care,Eyes,Eyeshadow,Spring,Casual,external_cosmetics_coco_v1,season+usage propagated per articleType from provided train
900005,Women,Personal Care,Eyes,Eyeshadow,Spring,Casual,external_cosmetics_coco_v1,season+usage propagated per articleType from provided train
900006,Women,Personal Care,Eyes,Eyeshadow,Spring,Casual,external_cosmetics_coco_v1,season+usage propagated per articleType from provided train
900007,Women,Personal Care,Eyes,Eyeshadow,Spring,Casual,external_cosmetics_coco_v1,season+usage propagated per articleType from provided train
900008,Women,Personal Care,Eyes,Eyeshadow,Spring,Casual,external_cosmetics_coco_v1,season+usage propagated per articleType from provided train
900009,Women,Personal Care,Eyes,Eyeshadow,Spring,Casual,external_cosmetics_coco_v1,season+usage propagated per articleType from provided train
900010,Women,Personal Care,Eyes,Eyeshadow,Spring,Casual,external_cosmetics_coco_v1,season+usage propagated per articleType from provided train
900011,Women,Personal Care,Eyes,Eyeshadow,Spring,Casual,external_cosmetics_coco_v1,season+usage propagated per articleType from provided train
900012,Women,Personal Care,Eyes,Eyeshadow,Spring,Casual,external_cosmetics_coco_v1,season+usage propagated per articleType from provided train
900013,Women,Personal Care,Eyes,Eyeshadow,Spring,Casual,external_cosmetics_coco_v1,season+usage propagated per articleType from provided train
900014,Women,Personal Care,Eyes,Eyeshadow,Spring,Casual,external_cosmetics_coco_v1,season+usage propagated per articleType from provided train
900015,Women,Personal Care,Eyes,Eyeshadow,Spring,Casual,external_cosmetics_coco_v1,season+usage propagated per articleType from provided train
900016,Women,Personal Care,Eyes,Eyeshadow,Spring,Casual,external_cosmetics_coco_v1,season+usage propagated per articleType from provided train
900017,Women,Personal Care,Eyes,Eyeshadow,Spring,Casual,external_cosmetics_coco_v1,season+usage propagated per articleType from provided train
900018,Women,Personal Care,Eyes,Eyeshadow,Spring,Casual,external_cosmetics_coco_v1,season+usage propagated per articleType from provided train
900019,Women,Personal Care,Eyes,Eyeshadow,Spring,Casual,external_cosmetics_coco_v1,season+usage propagated per articleType from provided train
900020,Women,Personal Care,Eyes,Eyeshadow,Spring,Casual,external_cosmetics_coco_v1,season+usage propagated per articleType from provided train
900021,Women,Personal Care,Eyes,Eyeshadow,Spring,Casual,external_cosmetics_coco_v1,season+usage propagated per articleType from provided train
900022,Women,Personal Care,Eyes,Eyeshadow,Spring,Casual,external_cosmetics_coco_v1,season+usage propagated per articleType from provided train
900023,Women,Personal Care,Eyes,Eyeshadow,Spring,Casual,external_cosmetics_coco_v1,season+usage propagated per articleType from provided train
900024,Women,Personal Care,Eyes,Eyeshadow,Spring,Casual,external_cosmetics_coco_v1,season+usage propagated per articleType from provided train
900025,Women,Personal Care,Eyes,Eyeshadow,Spring,Casual,external_cosmetics_coco_v1,season+usage propagated per articleType from provided train
900026,Women,Personal Care,Eyes,Eyeshadow,Spring,Casual,external_cosmetics_coco_v1,season+usage propagated per articleType from provided train
900027,Women,Personal Care,Eyes,Eyeshadow,Spring,Casual,external_cosmetics_coco_v1,season+usage propagated per articleType from provided train
900028,Women,Personal Care,Eyes,Eyeshadow,Spring,Casual,external_cosmetics_coco_v1,season+usage propagated per articleType from provided train
900029,Women,Personal Care,Eyes,Eyeshadow,Spring,Casual,external_cosmetics_coco_v1,season+usage propagated per articleType from provided train
900030,Women,Personal Care,Eyes,Eyeshadow,Spring,Casual,external_cosmetics_coco_v1,season+usage propagated per articleType from provided train
900031,Women,Personal Care,Eyes,Eyeshadow,Spring,Casual,external_cosmetics_coco_v1,season+usage propagated per articleType from provided train
900032,Women,Personal Care,Eyes,Eyeshadow,Spring,Casual,external_cosmetics_coco_v1,season+usage propagated per articleType from provided train
900033,Women,Personal Care,Eyes,Eyeshadow,Spring,Casual,external_cosmetics_coco_v1,season+usage propagated per articleType from provided train
900034,Women,Personal Care,Eyes,Eyeshadow,Spring,Casual,external_cosmetics_coco_v1,season+usage propagated per articleType from provided train
900035,Women,Personal Care,Eyes,Eyeshadow,Spring,Casual,external_cosmetics_coco_v1,season+usage propagated per articleType from provided train
900036,Women,Personal Care,Eyes,Eyeshadow,Spring,Casual,external_cosmetics_coco_v1,season+usage propagated per articleType from provided train
900037,Women,Personal Care,Eyes,Eyeshadow,Spring,Casual,external_cosmetics_coco_v1,season+usage propagated per articleType from provided train
900038,Women,Personal Care,Eyes,Eyeshadow,Spring,Casual,external_cosmetics_coco_v1,season+usage propagated per articleType from provided train
900039,Women,Personal Care,Eyes,Eyeshadow,Spring,Casual,external_cosmetics_coco_v1,season+usage propagated per articleType from provided train
900040,Women,Personal Care,Eyes,Eyeshadow,Spring,Casual,external_cosmetics_coco_v1,season+usage propagated per articleType from provided train
900041,Women,Personal Care,Eyes,Eyeshadow,Spring,Casual,external_cosmetics_coco_v1,season+usage propagated per articleType from provided train
900042,Women,Personal Care,Eyes,Eyeshadow,Spring,Casual,external_cosmetics_coco_v1,season+usage propagated per articleType from provided train
900043,Women,Personal Care,Eyes,Eyeshadow,Spring,Casual,external_cosmetics_coco_v1,season+usage propagated per articleType from provided train
900044,Women,Personal Care,Eyes,Eyeshadow,Spring,Casual,external_cosmetics_coco_v1,season+usage propagated per articleType from provided train
900045,Women,Personal Care,Eyes,Eyeshadow,Spring,Casual,external_cosmetics_coco_v1,season+usage propagated per articleType from provided train
900046,Women,Personal Care,Eyes,Eyeshadow,Spring,Casual,external_cosmetics_coco_v1,season+usage propagated per articleType from provided train
900047,Women,Personal Care,Eyes,Eyeshadow,Spring,Casual,external_cosmetics_coco_v1,season+usage propagated per articleType from provided train
900048,Women,Personal Care,Eyes,Eyeshadow,Spring,Casual,external_cosmetics_coco_v1,season+usage propagated per articleType from provided train
900049,Women,Personal Care,Eyes,Eyeshadow,Spring,Casual,external_cosmetics_coco_v1,season+usage propagated per articleType from provided train
900050,Women,Personal Care,Eyes,Eyeshadow,Spring,Casual,external_cosmetics_coco_v1,season+usage propagated per articleType from provided train
900051,Women,Personal Care,Eyes,Eyeshadow,Spring,Casual,external_cosmetics_coco_v1,season+usage propagated per articleType from provided train
900052,Women,Personal Care,Eyes,Eyeshadow,Spring,Casual,external_cosmetics_coco_v1,season+usage propagated per articleType from provided train
900053,Women,Personal Care,Eyes,Eyeshadow,Spring,Casual,external_cosmetics_coco_v1,season+usage propagated per articleType from provided train
900054,Women,Personal Care,Eyes,Eyeshadow,Spring,Casual,external_cosmetics_coco_v1,season+usage propagated per articleType from provided train
900055,Women,Personal Care,Eyes,Eyeshadow,Spring,Casual,external_cosmetics_coco_v1,season+usage propagated per articleType from provided train
900056,Women,Personal Care,Eyes,Eyeshadow,Spring,Casual,external_cosmetics_coco_v1,season+usage propagated per articleType from provided train
900057,Women,Personal Care,Eyes,Eyeshadow,Spring,Casual,external_cosmetics_coco_v1,season+usage propagated per articleType from provided train
900058,Women,Personal Care,Eyes,Eyeshadow,Spring,Casual,external_cosmetics_coco_v1,season+usage propagated per articleType from provided train
900059,Women,Personal Care,Eyes,Eyeshadow,Spring,Casual,external_cosmetics_coco_v1,season+usage propagated per articleType from provided train
900060,Women,Personal Care,Eyes,Eyeshadow,Spring,Casual,external_cosmetics_coco_v1,season+usage propagated per articleType from provided train
900061,Women,Personal Care,Eyes,Eyeshadow,Spring,Casual,external_cosmetics_coco_v1,season+usage propagated per articleType from provided train
900062,Women,Personal Care,Eyes,Eyeshadow,Spring,Casual,external_cosmetics_coco_v1,season+usage propagated per articleType from provided train
900063,Women,Personal Care,Eyes,Eyeshadow,Spring,Casual,external_cosmetics_coco_v1,season+usage propagated per articleType from provided train
900064,Women,Personal Care,Eyes,Eyeshadow,Spring,Casual,external_cosmetics_coco_v1,season+usage propagated per articleType from provided train
900065,Women,Personal Care,Eyes,Eyeshadow,Spring,Casual,external_cosmetics_coco_v1,season+usage propagated per articleType from provided train
900066,Women,Personal Care,Eyes,Eyeshadow,Spring,Casual,external_cosmetics_coco_v1,season+usage propagated per articleType from provided train
900067,Women,Personal Care,Eyes,Eyeshadow,Spring,Casual,external_cosmetics_coco_v1,season+usage propagated per articleType from provided train
900068,Women,Personal Care,Eyes,Eyeshadow,Spring,Casual,external_cosmetics_coco_v1,season+usage propagated per articleType from provided train
900069,Women,Personal Care,Eyes,Eyeshadow,Spring,Casual,external_cosmetics_coco_v1,season+usage propagated per articleType from provided train
900070,Women,Personal Care,Eyes,Eyeshadow,Spring,Casual,external_cosmetics_coco_v1,season+usage propagated per articleType from provided train
900071,Women,Personal Care,Eyes,Eyeshadow,Spring,Casual,external_cosmetics_coco_v1,season+usage propagated per articleType from provided train
900072,Women,Personal Care,Eyes,Eyeshadow,Spring,Casual,external_cosmetics_coco_v1,season+usage propagated per articleType from provided train
900073,Women,Personal Care,Eyes,Eyeshadow,Spring,Casual,external_cosmetics_coco_v1,season+usage propagated per articleType from provided train
900074,Women,Personal Care,Eyes,Eyeshadow,Spring,Casual,external_cosmetics_coco_v1,season+usage propagated per articleType from provided train
900075,Women,Personal Care,Eyes,Eyeshadow,Spring,Casual,external_cosmetics_coco_v1,season+usage propagated per articleType from provided train
900076,Women,Personal Care,Eyes,Eyeshadow,Spring,Casual,external_cosmetics_coco_v1,season+usage propagated per articleType from provided train
900077,Women,Personal Care,Eyes,Eyeshadow,Spring,Casual,external_cosmetics_coco_v1,season+usage propagated per articleType from provided train
900078,Women,Personal Care,Eyes,Eyeshadow,Spring,Casual,external_cosmetics_coco_v1,season+usage propagated per articleType from provided train
900079,Women,Personal Care,Eyes,Eyeshadow,Spring,Casual,external_cosmetics_coco_v1,season+usage propagated per articleType from provided train
900080,Women,Personal Care,Eyes,Eyeshadow,Spring,Casual,external_cosmetics_coco_v1,season+usage propagated per articleType from provided train
900081,Women,Personal Care,Eyes,Eyeshadow,Spring,Casual,external_cosmetics_coco_v1,season+usage propagated per articleType from provided train
900082,Women,Personal Care,Eyes,Eyeshadow,Spring,Casual,external_cosmetics_coco_v1,season+usage propagated per articleType from provided train
900083,Women,Personal Care,Eyes,Eyeshadow,Spring,Casual,external_cosmetics_coco_v1,season+usage propagated per articleType from provided train
900084,Women,Personal Care,Eyes,Eyeshadow,Spring,Casual,external_cosmetics_coco_v1,season+usage propagated per articleType from provided train
900085,Women,Personal Care,Eyes,Eyeshadow,Spring,Casual,external_cosmetics_coco_v1,season+usage propagated per articleType from provided train
900086,Women,Personal Care,Eyes,Eyeshadow,Spring,Casual,external_cosmetics_coco_v1,season+usage propagated per articleType from provided train
900087,Women,Personal Care,Eyes,Eyeshadow,Spring,Casual,external_cosmetics_coco_v1,season+usage propagated per articleType from provided train
900088,Women,Personal Care,Eyes,Eyeshadow,Spring,Casual,external_cosmetics_coco_v1,season+usage propagated per articleType from provided train
900089,Women,Personal Care,Eyes,Eyeshadow,Spring,Casual,external_cosmetics_coco_v1,season+usage propagated per articleType from provided train
900090,Women,Personal Care,Eyes,Eyeshadow,Spring,Casual,external_cosmetics_coco_v1,season+usage propagated per articleType from provided train
900091,Women,Personal Care,Eyes,Eyeshadow,Spring,Casual,external_cosmetics_coco_v1,season+usage propagated per articleType from provided train
900092,Women,Personal Care,Eyes,Eyeshadow,Spring,Casual,external_cosmetics_coco_v1,season+usage propagated per articleType from provided train
900093,Women,Personal Care,Eyes,Eyeshadow,Spring,Casual,external_cosmetics_coco_v1,season+usage propagated per articleType from provided train
900094,Women,Personal Care,Eyes,Eyeshadow,Spring,Casual,external_cosmetics_coco_v1,season+usage propagated per articleType from provided train
900095,Women,Personal Care,Eyes,Eyeshadow,Spring,Casual,external_cosmetics_coco_v1,season+usage propagated per articleType from provided train
900096,Women,Personal Care,Eyes,Eyeshadow,Spring,Casual,external_cosmetics_coco_v1,season+usage propagated per articleType from provided train
900097,Women,Personal Care,Eyes,Eyeshadow,Spring,Casual,external_cosmetics_coco_v1,season+usage propagated per articleType from provided train
900098,Women,Personal Care,Eyes,Eyeshadow,Spring,Casual,external_cosmetics_coco_v1,season+usage propagated per articleType from provided train
900099,Women,Personal Care,Eyes,Eyeshadow,Spring,Casual,external_cosmetics_coco_v1,season+usage propagated per articleType from provided train
900100,Women,Personal Care,Eyes,Eyeshadow,Spring,Casual,external_cosmetics_coco_v1,season+usage propagated per articleType from provided train
900101,Women,Personal Care,Eyes,Eyeshadow,Spring,Casual,external_cosmetics_coco_v1,season+usage propagated per articleType from provided train
900102,Women,Personal Care,Eyes,Eyeshadow,Spring,Casual,external_cosmetics_coco_v1,season+usage propagated per articleType from provided train
900103,Women,Personal Care,Eyes,Eyeshadow,Spring,Casual,external_cosmetics_coco_v1,season+usage propagated per articleType from provided train
900104,Women,Personal Care,Eyes,Eyeshadow,Spring,Casual,external_cosmetics_coco_v1,season+usage propagated per articleType from provided train
900105,Women,Personal Care,Eyes,Eyeshadow,Spring,Casual,external_cosmetics_coco_v1,season+usage propagated per articleType from provided train
900106,Women,Personal Care,Eyes,Eyeshadow,Spring,Casual,external_cosmetics_coco_v1,season+usage propagated per articleType from provided train
900107,Women,Personal Care,Eyes,Eyeshadow,Spring,Casual,external_cosmetics_coco_v1,season+usage propagated per articleType from provided train
900108,Women,Personal Care,Eyes,Eyeshadow,Spring,Casual,external_cosmetics_coco_v1,season+usage propagated per articleType from provided train
900109,Women,Personal Care,Eyes,Eyeshadow,Spring,Casual,external_cosmetics_coco_v1,season+usage propagated per articleType from provided train
900110,Women,Personal Care,Eyes,Eyeshadow,Spring,Casual,external_cosmetics_coco_v1,season+usage propagated per articleType from provided train
900111,Women,Personal Care,Eyes,Eyeshadow,Spring,Casual,external_cosmetics_coco_v1,season+usage propagated per articleType from provided train
900112,Women,Personal Care,Eyes,Eyeshadow,Spring,Casual,external_cosmetics_coco_v1,season+usage propagated per articleType from provided train
900113,Women,Personal Care,Eyes,Eyeshadow,Spring,Casual,external_cosmetics_coco_v1,season+usage propagated per articleType from provided train
900114,Women,Personal Care,Eyes,Eyeshadow,Spring,Casual,external_cosmetics_coco_v1,season+usage propagated per articleType from provided train
900115,Women,Personal Care,Eyes,Eyeshadow,Spring,Casual,external_cosmetics_coco_v1,season+usage propagated per articleType from provided train
900116,Women,Personal Care,Eyes,Eyeshadow,Spring,Casual,external_cosmetics_coco_v1,season+usage propagated per articleType from provided train
900117,Women,Personal Care,Eyes,Eyeshadow,Spring,Casual,external_cosmetics_coco_v1,season+usage propagated per articleType from provided train
900118,Women,Personal Care,Eyes,Eyeshadow,Spring,Casual,external_cosmetics_coco_v1,season+usage propagated per articleType from provided train
900119,Women,Personal Care,Eyes,Eyeshadow,Spring,Casual,external_cosmetics_coco_v1,season+usage propagated per articleType from provided train
900120,Women,Personal Care,Eyes,Eyeshadow,Spring,Casual,external_cosmetics_coco_v1,season+usage propagated per articleType from provided train
900121,Women,Personal Care,Eyes,Eyeshadow,Spring,Casual,external_cosmetics_coco_v1,season+usage propagated per articleType from provided train
900122,Women,Personal Care,Eyes,Eyeshadow,Spring,Casual,external_cosmetics_coco_v1,season+usage propagated per articleType from provided train
900123,Women,Personal Care,Eyes,Eyeshadow,Spring,Casual,external_cosmetics_coco_v1,season+usage propagated per articleType from provided train
900124,Women,Personal Care,Eyes,Eyeshadow,Spring,Casual,external_cosmetics_coco_v1,season+usage propagated per articleType from provided train
900125,Women,Personal Care,Eyes,Eyeshadow,Spring,Casual,external_cosmetics_coco_v1,season+usage propagated per articleType from provided train
900126,Women,Personal Care,Eyes,Eyeshadow,Spring,Casual,external_cosmetics_coco_v1,season+usage propagated per articleType from provided train
900127,Women,Personal Care,Eyes,Eyeshadow,Spring,Casual,external_cosmetics_coco_v1,season+usage propagated per articleType from provided train
900128,Women,Personal Care,Eyes,Eyeshadow,Spring,Casual,external_cosmetics_coco_v1,season+usage propagated per articleType from provided train
900129,Women,Personal Care,Eyes,Eyeshadow,Spring,Casual,external_cosmetics_coco_v1,season+usage propagated per articleType from provided train
900130,Women,Personal Care,Eyes,Eyeshadow,Spring,Casual,external_cosmetics_coco_v1,season+usage propagated per articleType from provided train
900131,Women,Personal Care,Eyes,Eyeshadow,Spring,Casual,external_cosmetics_coco_v1,season+usage propagated per articleType from provided train
900132,Women,Personal Care,Eyes,Eyeshadow,Spring,Casual,external_cosmetics_coco_v1,season+usage propagated per articleType from provided train
900133,Women,Personal Care,Eyes,Eyeshadow,Spring,Casual,external_cosmetics_coco_v1,season+usage propagated per articleType from provided train
900134,Women,Personal Care,Eyes,Eyeshadow,Spring,Casual,external_cosmetics_coco_v1,season+usage propagated per articleType from provided train
900135,Women,Personal Care,Eyes,Eyeshadow,Spring,Casual,external_cosmetics_coco_v1,season+usage propagated per articleType from provided train
900136,Women,Personal Care,Eyes,Eyeshadow,Spring,Casual,external_cosmetics_coco_v1,season+usage propagated per articleType from provided train
900137,Women,Personal Care,Eyes,Eyeshadow,Spring,Casual,external_cosmetics_coco_v1,season+usage propagated per articleType from provided train
900138,Women,Personal Care,Eyes,Eyeshadow,Spring,Casual,external_cosmetics_coco_v1,season+usage propagated per articleType from provided train
900139,Women,Personal Care,Eyes,Eyeshadow,Spring,Casual,external_cosmetics_coco_v1,season+usage propagated per articleType from provided train
900140,Women,Personal Care,Eyes,Eyeshadow,Spring,Casual,external_cosmetics_coco_v1,season+usage propagated per articleType from provided train
900141,Women,Personal Care,Eyes,Eyeshadow,Spring,Casual,external_cosmetics_coco_v1,season+usage propagated per articleType from provided train
900142,Women,Personal Care,Eyes,Eyeshadow,Spring,Casual,external_cosmetics_coco_v1,season+usage propagated per articleType from provided train
900143,Women,Personal Care,Eyes,Eyeshadow,Spring,Casual,external_cosmetics_coco_v1,season+usage propagated per articleType from provided train
900144,Women,Personal Care,Eyes,Eyeshadow,Spring,Casual,external_cosmetics_coco_v1,season+usage propagated per articleType from provided train
900145,Women,Personal Care,Eyes,Eyeshadow,Spring,Casual,external_cosmetics_coco_v1,season+usage propagated per articleType from provided train
900146,Women,Personal Care,Eyes,Eyeshadow,Spring,Casual,external_cosmetics_coco_v1,season+usage propagated per articleType from provided train
900147,Women,Personal Care,Eyes,Eyeshadow,Spring,Casual,external_cosmetics_coco_v1,season+usage propagated per articleType from provided train
900148,Women,Personal Care,Eyes,Eyeshadow,Spring,Casual,external_cosmetics_coco_v1,season+usage propagated per articleType from provided train
900149,Women,Personal Care,Eyes,Eyeshadow,Spring,Casual,external_cosmetics_coco_v1,season+usage propagated per articleType from provided train
900150,Women,Personal Care,Eyes,Eyeshadow,Spring,Casual,external_cosmetics_coco_v1,season+usage propagated per articleType from provided train
900151,Women,Personal Care,Eyes,Eyeshadow,Spring,Casual,external_cosmetics_coco_v1,season+usage propagated per articleType from provided train
900152,Women,Personal Care,Eyes,Eyeshadow,Spring,Casual,external_cosmetics_coco_v1,season+usage propagated per articleType from provided train
900153,Women,Personal Care,Eyes,Eyeshadow,Spring,Casual,external_cosmetics_coco_v1,season+usage propagated per articleType from provided train
900154,Women,Personal Care,Eyes,Eyeshadow,Spring,Casual,external_cosmetics_coco_v1,season+usage propagated per articleType from provided train
900155,Women,Personal Care,Eyes,Eyeshadow,Spring,Casual,external_cosmetics_coco_v1,season+usage propagated per articleType from provided train
900156,Women,Personal Care,Eyes,Eyeshadow,Spring,Casual,external_cosmetics_coco_v1,season+usage propagated per articleType from provided train
900157,Women,Personal Care,Eyes,Eyeshadow,Spring,Casual,external_cosmetics_coco_v1,season+usage propagated per articleType from provided train
900158,Women,Personal Care,Eyes,Eyeshadow,Spring,Casual,external_cosmetics_coco_v1,season+usage propagated per articleType from provided train
900159,Women,Personal Care,Eyes,Eyeshadow,Spring,Casual,external_cosmetics_coco_v1,season+usage propagated per articleType from provided train
900160,Women,Personal Care,Eyes,Eyeshadow,Spring,Casual,external_cosmetics_coco_v1,season+usage propagated per articleType from provided train
900161,Women,Personal Care,Eyes,Eyeshadow,Spring,Casual,external_cosmetics_coco_v1,season+usage propagated per articleType from provided train
900162,Women,Personal Care,Eyes,Eyeshadow,Spring,Casual,external_cosmetics_coco_v1,season+usage propagated per articleType from provided train
900163,Women,Personal Care,Eyes,Eyeshadow,Spring,Casual,external_cosmetics_coco_v1,season+usage propagated per articleType from provided train
900164,Women,Personal Care,Eyes,Eyeshadow,Spring,Casual,external_cosmetics_coco_v1,season+usage propagated per articleType from provided train
900165,Women,Personal Care,Eyes,Eyeshadow,Spring,Casual,external_cosmetics_coco_v1,season+usage propagated per articleType from provided train
900166,Women,Personal Care,Eyes,Eyeshadow,Spring,Casual,external_cosmetics_coco_v1,season+usage propagated per articleType from provided train
900167,Women,Personal Care,Eyes,Eyeshadow,Spring,Casual,external_cosmetics_coco_v1,season+usage propagated per articleType from provided train
900168,Women,Personal Care,Eyes,Eyeshadow,Spring,Casual,external_cosmetics_coco_v1,season+usage propagated per articleType from provided train
900169,Women,Personal Care,Eyes,Eyeshadow,Spring,Casual,external_cosmetics_coco_v1,season+usage propagated per articleType from provided train
900170,Women,Personal Care,Eyes,Eyeshadow,Spring,Casual,external_cosmetics_coco_v1,season+usage propagated per articleType from provided train
900171,Women,Personal Care,Eyes,Eyeshadow,Spring,Casual,external_cosmetics_coco_v1,season+usage propagated per articleType from provided train
900172,Women,Personal Care,Eyes,Eyeshadow,Spring,Casual,external_cosmetics_coco_v1,season+usage propagated per articleType from provided train
900173,Women,Personal Care,Eyes,Eyeshadow,Spring,Casual,external_cosmetics_coco_v1,season+usage propagated per articleType from provided train
900174,Women,Personal Care,Eyes,Eyeshadow,Spring,Casual,external_cosmetics_coco_v1,season+usage propagated per articleType from provided train
900175,Women,Personal Care,Eyes,Eyeshadow,Spring,Casual,external_cosmetics_coco_v1,season+usage propagated per articleType from provided train
900176,Women,Personal Care,Eyes,Eyeshadow,Spring,Casual,external_cosmetics_coco_v1,season+usage propagated per articleType from provided train
900177,Women,Personal Care,Eyes,Eyeshadow,Spring,Casual,external_cosmetics_coco_v1,season+usage propagated per articleType from provided train
900178,Women,Personal Care,Eyes,Eyeshadow,Spring,Casual,external_cosmetics_coco_v1,season+usage propagated per articleType from provided train
900179,Women,Personal Care,Eyes,Eyeshadow,Spring,Casual,external_cosmetics_coco_v1,season+usage propagated per articleType from provided train
900180,Women,Personal Care,Eyes,Eyeshadow,Spring,Casual,external_cosmetics_coco_v1,season+usage propagated per articleType from provided train
900182,Women,Personal Care,Eyes,Eyeshadow,Spring,Casual,external_cosmetics_coco_v1,season+usage propagated per articleType from provided train
900183,Women,Personal Care,Eyes,Eyeshadow,Spring,Casual,external_cosmetics_coco_v1,season+usage propagated per articleType from provided train
900184,Women,Personal Care,Eyes,Eyeshadow,Spring,Casual,external_cosmetics_coco_v1,season+usage propagated per articleType from provided train
900185,Women,Personal Care,Eyes,Eyeshadow,Spring,Casual,external_cosmetics_coco_v1,season+usage propagated per articleType from provided train
900186,Women,Personal Care,Eyes,Eyeshadow,Spring,Casual,external_cosmetics_coco_v1,season+usage propagated per articleType from provided train
900187,Women,Personal Care,Eyes,Eyeshadow,Spring,Casual,external_cosmetics_coco_v1,season+usage propagated per articleType from provided train
900188,Women,Personal Care,Eyes,Eyeshadow,Spring,Casual,external_cosmetics_coco_v1,season+usage propagated per articleType from provided train
900189,Women,Personal Care,Eyes,Eyeshadow,Spring,Casual,external_cosmetics_coco_v1,season+usage propagated per articleType from provided train
900190,Women,Personal Care,Eyes,Eyeshadow,Spring,Casual,external_cosmetics_coco_v1,season+usage propagated per articleType from provided train
900191,Women,Personal Care,Eyes,Eyeshadow,Spring,Casual,external_cosmetics_coco_v1,season+usage propagated per articleType from provided train
900192,Women,Personal Care,Eyes,Eyeshadow,Spring,Casual,external_cosmetics_coco_v1,season+usage propagated per articleType from provided train
900193,Women,Personal Care,Eyes,Eyeshadow,Spring,Casual,external_cosmetics_coco_v1,season+usage propagated per articleType from provided train
900194,Women,Personal Care,Eyes,Eyeshadow,Spring,Casual,external_cosmetics_coco_v1,season+usage propagated per articleType from provided train
900195,Women,Personal Care,Eyes,Eyeshadow,Spring,Casual,external_cosmetics_coco_v1,season+usage propagated per articleType from provided train
900196,Women,Personal Care,Eyes,Eyeshadow,Spring,Casual,external_cosmetics_coco_v1,season+usage propagated per articleType from provided train
900197,Women,Personal Care,Eyes,Eyeshadow,Spring,Casual,external_cosmetics_coco_v1,season+usage propagated per articleType from provided train
900198,Women,Personal Care,Eyes,Eyeshadow,Spring,Casual,external_cosmetics_coco_v1,season+usage propagated per articleType from provided train
900199,Women,Personal Care,Eyes,Eyeshadow,Spring,Casual,external_cosmetics_coco_v1,season+usage propagated per articleType from provided train
900200,Women,Personal Care,Eyes,Eyeshadow,Spring,Casual,external_cosmetics_coco_v1,season+usage propagated per articleType from provided train
900201,Women,Personal Care,Eyes,Eyeshadow,Spring,Casual,external_cosmetics_coco_v1,season+usage propagated per articleType from provided train
900202,Women,Personal Care,Eyes,Eyeshadow,Spring,Casual,external_cosmetics_coco_v1,season+usage propagated per articleType from provided train
900203,Women,Personal Care,Eyes,Eyeshadow,Spring,Casual,external_cosmetics_coco_v1,season+usage propagated per articleType from provided train
900204,Women,Personal Care,Eyes,Eyeshadow,Spring,Casual,external_cosmetics_coco_v1,season+usage propagated per articleType from provided train
900205,Women,Personal Care,Eyes,Eyeshadow,Spring,Casual,external_cosmetics_coco_v1,season+usage propagated per articleType from provided train
900207,Women,Personal Care,Eyes,Eyeshadow,Spring,Casual,external_cosmetics_coco_v1,season+usage propagated per articleType from provided train
900208,Women,Personal Care,Eyes,Eyeshadow,Spring,Casual,external_cosmetics_coco_v1,season+usage propagated per articleType from provided train
900209,Women,Personal Care,Eyes,Eyeshadow,Spring,Casual,external_cosmetics_coco_v1,season+usage propagated per articleType from provided train
900210,Women,Personal Care,Eyes,Eyeshadow,Spring,Casual,external_cosmetics_coco_v1,season+usage propagated per articleType from provided train
900211,Women,Personal Care,Eyes,Eyeshadow,Spring,Casual,external_cosmetics_coco_v1,season+usage propagated per articleType from provided train
900212,Women,Personal Care,Eyes,Eyeshadow,Spring,Casual,external_cosmetics_coco_v1,season+usage propagated per articleType from provided train
900213,Women,Personal Care,Eyes,Eyeshadow,Spring,Casual,external_cosmetics_coco_v1,season+usage propagated per articleType from provided train
900214,Women,Personal Care,Eyes,Eyeshadow,Spring,Casual,external_cosmetics_coco_v1,season+usage propagated per articleType from provided train
900215,Women,Personal Care,Eyes,Eyeshadow,Spring,Casual,external_cosmetics_coco_v1,season+usage propagated per articleType from provided train
900216,Women,Personal Care,Eyes,Eyeshadow,Spring,Casual,external_cosmetics_coco_v1,season+usage propagated per articleType from provided train
900217,Women,Personal Care,Eyes,Eyeshadow,Spring,Casual,external_cosmetics_coco_v1,season+usage propagated per articleType from provided train
900218,Women,Personal Care,Eyes,Eyeshadow,Spring,Casual,external_cosmetics_coco_v1,season+usage propagated per articleType from provided train
900219,Women,Personal Care,Eyes,Eyeshadow,Spring,Casual,external_cosmetics_coco_v1,season+usage propagated per articleType from provided train
900220,Women,Personal Care,Eyes,Eyeshadow,Spring,Casual,external_cosmetics_coco_v1,season+usage propagated per articleType from provided train
900221,Women,Personal Care,Eyes,Eyeshadow,Spring,Casual,external_cosmetics_coco_v1,season+usage propagated per articleType from provided train
900222,Women,Personal Care,Eyes,Eyeshadow,Spring,Casual,external_cosmetics_coco_v1,season+usage propagated per articleType from provided train
900223,Women,Personal Care,Eyes,Eyeshadow,Spring,Casual,external_cosmetics_coco_v1,season+usage propagated per articleType from provided train
900224,Women,Personal Care,Eyes,Eyeshadow,Spring,Casual,external_cosmetics_coco_v1,season+usage propagated per articleType from provided train
900225,Women,Personal Care,Eyes,Eyeshadow,Spring,Casual,external_cosmetics_coco_v1,season+usage propagated per articleType from provided train
900226,Women,Personal Care,Eyes,Eyeshadow,Spring,Casual,external_cosmetics_coco_v1,season+usage propagated per articleType from provided train
900227,Women,Personal Care,Eyes,Eyeshadow,Spring,Casual,external_cosmetics_coco_v1,season+usage propagated per articleType from provided train
900228,Women,Personal Care,Eyes,Eyeshadow,Spring,Casual,external_cosmetics_coco_v1,season+usage propagated per articleType from provided train
900229,Women,Personal Care,Eyes,Eyeshadow,Spring,Casual,external_cosmetics_coco_v1,season+usage propagated per articleType from provided train
900230,Women,Personal Care,Eyes,Eyeshadow,Spring,Casual,external_cosmetics_coco_v1,season+usage propagated per articleType from provided train
900231,Women,Personal Care,Eyes,Eyeshadow,Spring,Casual,external_cosmetics_coco_v1,season+usage propagated per articleType from provided train
900232,Women,Personal Care,Eyes,Eyeshadow,Spring,Casual,external_cosmetics_coco_v1,season+usage propagated per articleType from provided train
900233,Women,Personal Care,Eyes,Eyeshadow,Spring,Casual,external_cosmetics_coco_v1,season+usage propagated per articleType from provided train
900234,Women,Personal Care,Eyes,Eyeshadow,Spring,Casual,external_cosmetics_coco_v1,season+usage propagated per articleType from provided train
900235,Women,Personal Care,Eyes,Eyeshadow,Spring,Casual,external_cosmetics_coco_v1,season+usage propagated per articleType from provided train
900236,Women,Personal Care,Eyes,Eyeshadow,Spring,Casual,external_cosmetics_coco_v1,season+usage propagated per articleType from provided train
900237,Women,Personal Care,Eyes,Eyeshadow,Spring,Casual,external_cosmetics_coco_v1,season+usage propagated per articleType from provided train
900238,Women,Personal Care,Eyes,Eyeshadow,Spring,Casual,external_cosmetics_coco_v1,season+usage propagated per articleType from provided train
900239,Women,Personal Care,Eyes,Eyeshadow,Spring,Casual,external_cosmetics_coco_v1,season+usage propagated per articleType from provided train
900240,Women,Personal Care,Eyes,Eyeshadow,Spring,Casual,external_cosmetics_coco_v1,season+usage propagated per articleType from provided train
900241,Women,Personal Care,Eyes,Eyeshadow,Spring,Casual,external_cosmetics_coco_v1,season+usage propagated per articleType from provided train
900242,Women,Personal Care,Eyes,Eyeshadow,Spring,Casual,external_cosmetics_coco_v1,season+usage propagated per articleType from provided train
900243,Women,Personal Care,Eyes,Eyeshadow,Spring,Casual,external_cosmetics_coco_v1,season+usage propagated per articleType from provided train
900244,Women,Personal Care,Eyes,Eyeshadow,Spring,Casual,external_cosmetics_coco_v1,season+usage propagated per articleType from provided train
900245,Women,Personal Care,Eyes,Eyeshadow,Spring,Casual,external_cosmetics_coco_v1,season+usage propagated per articleType from provided train
900246,Women,Personal Care,Eyes,Eyeshadow,Spring,Casual,external_cosmetics_coco_v1,season+usage propagated per articleType from provided train
900247,Women,Personal Care,Eyes,Eyeshadow,Spring,Casual,external_cosmetics_coco_v1,season+usage propagated per articleType from provided train
900248,Women,Personal Care,Eyes,Eyeshadow,Spring,Casual,external_cosmetics_coco_v1,season+usage propagated per articleType from provided train
900249,Women,Personal Care,Eyes,Eyeshadow,Spring,Casual,external_cosmetics_coco_v1,season+usage propagated per articleType from provided train
900250,Women,Personal Care,Eyes,Eyeshadow,Spring,Casual,external_cosmetics_coco_v1,season+usage propagated per articleType from provided train
900251,Women,Personal Care,Eyes,Eyeshadow,Spring,Casual,external_cosmetics_coco_v1,season+usage propagated per articleType from provided train
900252,Women,Personal Care,Eyes,Eyeshadow,Spring,Casual,external_cosmetics_coco_v1,season+usage propagated per articleType from provided train
900253,Women,Personal Care,Eyes,Eyeshadow,Spring,Casual,external_cosmetics_coco_v1,season+usage propagated per articleType from provided train
900254,Women,Personal Care,Eyes,Eyeshadow,Spring,Casual,external_cosmetics_coco_v1,season+usage propagated per articleType from provided train
900255,Women,Personal Care,Eyes,Eyeshadow,Spring,Casual,external_cosmetics_coco_v1,season+usage propagated per articleType from provided train
900256,Women,Personal Care,Eyes,Eyeshadow,Spring,Casual,external_cosmetics_coco_v1,season+usage propagated per articleType from provided train
900257,Women,Personal Care,Eyes,Eyeshadow,Spring,Casual,external_cosmetics_coco_v1,season+usage propagated per articleType from provided train
900258,Women,Personal Care,Eyes,Eyeshadow,Spring,Casual,external_cosmetics_coco_v1,season+usage propagated per articleType from provided train
900259,Women,Personal Care,Eyes,Eyeshadow,Spring,Casual,external_cosmetics_coco_v1,season+usage propagated per articleType from provided train
900260,Women,Personal Care,Eyes,Eyeshadow,Spring,Casual,external_cosmetics_coco_v1,season+usage propagated per articleType from provided train
900261,Women,Personal Care,Eyes,Eyeshadow,Spring,Casual,external_cosmetics_coco_v1,season+usage propagated per articleType from provided train
900262,Women,Personal Care,Eyes,Eyeshadow,Spring,Casual,external_cosmetics_coco_v1,season+usage propagated per articleType from provided train
900263,Women,Personal Care,Eyes,Eyeshadow,Spring,Casual,external_cosmetics_coco_v1,season+usage propagated per articleType from provided train
900264,Women,Personal Care,Eyes,Eyeshadow,Spring,Casual,external_cosmetics_coco_v1,season+usage propagated per articleType from provided train
900265,Women,Personal Care,Eyes,Eyeshadow,Spring,Casual,external_cosmetics_coco_v1,season+usage propagated per articleType from provided train
900266,Women,Personal Care,Eyes,Eyeshadow,Spring,Casual,external_cosmetics_coco_v1,season+usage propagated per articleType from provided train
900267,Women,Personal Care,Eyes,Eyeshadow,Spring,Casual,external_cosmetics_coco_v1,season+usage propagated per articleType from provided train
900268,Women,Personal Care,Eyes,Eyeshadow,Spring,Casual,external_cosmetics_coco_v1,season+usage propagated per articleType from provided train
900269,Women,Personal Care,Eyes,Eyeshadow,Spring,Casual,external_cosmetics_coco_v1,season+usage propagated per articleType from provided train
900270,Women,Personal Care,Eyes,Eyeshadow,Spring,Casual,external_cosmetics_coco_v1,season+usage propagated per articleType from provided train
900271,Women,Personal Care,Eyes,Eyeshadow,Spring,Casual,external_cosmetics_coco_v1,season+usage propagated per articleType from provided train
900272,Women,Personal Care,Eyes,Eyeshadow,Spring,Casual,external_cosmetics_coco_v1,season+usage propagated per articleType from provided train
900273,Women,Personal Care,Eyes,Eyeshadow,Spring,Casual,external_cosmetics_coco_v1,season+usage propagated per articleType from provided train
900274,Women,Personal Care,Eyes,Eyeshadow,Spring,Casual,external_cosmetics_coco_v1,season+usage propagated per articleType from provided train
900275,Women,Personal Care,Eyes,Eyeshadow,Spring,Casual,external_cosmetics_coco_v1,season+usage propagated per articleType from provided train
900276,Women,Personal Care,Eyes,Eyeshadow,Spring,Casual,external_cosmetics_coco_v1,season+usage propagated per articleType from provided train
900277,Women,Personal Care,Eyes,Eyeshadow,Spring,Casual,external_cosmetics_coco_v1,season+usage propagated per articleType from provided train
900278,Women,Personal Care,Eyes,Eyeshadow,Spring,Casual,external_cosmetics_coco_v1,season+usage propagated per articleType from provided train
900279,Women,Personal Care,Eyes,Eyeshadow,Spring,Casual,external_cosmetics_coco_v1,season+usage propagated per articleType from provided train
900280,Women,Personal Care,Eyes,Eyeshadow,Spring,Casual,external_cosmetics_coco_v1,season+usage propagated per articleType from provided train
900281,Women,Personal Care,Eyes,Eyeshadow,Spring,Casual,external_cosmetics_coco_v1,season+usage propagated per articleType from provided train
900282,Women,Personal Care,Eyes,Eyeshadow,Spring,Casual,external_cosmetics_coco_v1,season+usage propagated per articleType from provided train
900283,Women,Personal Care,Eyes,Eyeshadow,Spring,Casual,external_cosmetics_coco_v1,season+usage propagated per articleType from provided train
900284,Women,Personal Care,Eyes,Eyeshadow,Spring,Casual,external_cosmetics_coco_v1,season+usage propagated per articleType from provided train
900285,Women,Personal Care,Eyes,Eyeshadow,Spring,Casual,external_cosmetics_coco_v1,season+usage propagated per articleType from provided train
900286,Women,Personal Care,Eyes,Eyeshadow,Spring,Casual,external_cosmetics_coco_v1,season+usage propagated per articleType from provided train
900287,Women,Personal Care,Eyes,Eyeshadow,Spring,Casual,external_cosmetics_coco_v1,season+usage propagated per articleType from provided train
900288,Women,Personal Care,Eyes,Eyeshadow,Spring,Casual,external_cosmetics_coco_v1,season+usage propagated per articleType from provided train
900289,Women,Personal Care,Eyes,Eyeshadow,Spring,Casual,external_cosmetics_coco_v1,season+usage propagated per articleType from provided train
900290,Women,Personal Care,Eyes,Eyeshadow,Spring,Casual,external_cosmetics_coco_v1,season+usage propagated per articleType from provided train
900291,Women,Personal Care,Eyes,Eyeshadow,Spring,Casual,external_cosmetics_coco_v1,season+usage propagated per articleType from provided train
900292,Women,Personal Care,Eyes,Eyeshadow,Spring,Casual,external_cosmetics_coco_v1,season+usage propagated per articleType from provided train
900293,Women,Personal Care,Eyes,Eyeshadow,Spring,Casual,external_cosmetics_coco_v1,season+usage propagated per articleType from provided train
900294,Women,Personal Care,Eyes,Eyeshadow,Spring,Casual,external_cosmetics_coco_v1,season+usage propagated per articleType from provided train
900295,Women,Personal Care,Eyes,Eyeshadow,Spring,Casual,external_cosmetics_coco_v1,season+usage propagated per articleType from provided train
900296,Women,Personal Care,Eyes,Eyeshadow,Spring,Casual,external_cosmetics_coco_v1,season+usage propagated per articleType from provided train
900298,Women,Personal Care,Eyes,Eyeshadow,Spring,Casual,external_cosmetics_coco_v1,season+usage propagated per articleType from provided train
900299,Women,Personal Care,Eyes,Eyeshadow,Spring,Casual,external_cosmetics_coco_v1,season+usage propagated per articleType from provided train
900300,Women,Personal Care,Eyes,Eyeshadow,Spring,Casual,external_cosmetics_coco_v1,season+usage propagated per articleType from provided train
900301,Women,Personal Care,Eyes,Eyeshadow,Spring,Casual,external_cosmetics_coco_v1,season+usage propagated per articleType from provided train
900302,Women,Personal Care,Eyes,Eyeshadow,Spring,Casual,external_cosmetics_coco_v1,season+usage propagated per articleType from provided train
900303,Women,Personal Care,Eyes,Eyeshadow,Spring,Casual,external_cosmetics_coco_v1,season+usage propagated per articleType from provided train
900304,Women,Personal Care,Eyes,Eyeshadow,Spring,Casual,external_cosmetics_coco_v1,season+usage propagated per articleType from provided train
900305,Women,Personal Care,Eyes,Eyeshadow,Spring,Casual,external_cosmetics_coco_v1,season+usage propagated per articleType from provided train
900306,Women,Personal Care,Eyes,Eyeshadow,Spring,Casual,external_cosmetics_coco_v1,season+usage propagated per articleType from provided train
900307,Women,Personal Care,Eyes,Eyeshadow,Spring,Casual,external_cosmetics_coco_v1,season+usage propagated per articleType from provided train
900308,Women,Personal Care,Eyes,Eyeshadow,Spring,Casual,external_cosmetics_coco_v1,season+usage propagated per articleType from provided train
900309,Women,Personal Care,Eyes,Eyeshadow,Spring,Casual,external_cosmetics_coco_v1,season+usage propagated per articleType from provided train
900310,Women,Personal Care,Eyes,Eyeshadow,Spring,Casual,external_cosmetics_coco_v1,season+usage propagated per articleType from provided train
900311,Women,Personal Care,Eyes,Eyeshadow,Spring,Casual,external_cosmetics_coco_v1,season+usage propagated per articleType from provided train
900312,Women,Personal Care,Eyes,Eyeshadow,Spring,Casual,external_cosmetics_coco_v1,season+usage propagated per articleType from provided train
900313,Women,Personal Care,Eyes,Eyeshadow,Spring,Casual,external_cosmetics_coco_v1,season+usage propagated per articleType from provided train
900314,Women,Personal Care,Eyes,Eyeshadow,Spring,Casual,external_cosmetics_coco_v1,season+usage propagated per articleType from provided train
900315,Women,Personal Care,Eyes,Eyeshadow,Spring,Casual,external_cosmetics_coco_v1,season+usage propagated per articleType from provided train
900316,Women,Personal Care,Eyes,Eyeshadow,Spring,Casual,external_cosmetics_coco_v1,season+usage propagated per articleType from provided train
900317,Women,Personal Care,Eyes,Eyeshadow,Spring,Casual,external_cosmetics_coco_v1,season+usage propagated per articleType from provided train
900318,Women,Personal Care,Eyes,Eyeshadow,Spring,Casual,external_cosmetics_coco_v1,season+usage propagated per articleType from provided train
900319,Women,Personal Care,Eyes,Eyeshadow,Spring,Casual,external_cosmetics_coco_v1,season+usage propagated per articleType from provided train
900320,Women,Personal Care,Eyes,Eyeshadow,Spring,Casual,external_cosmetics_coco_v1,season+usage propagated per articleType from provided train
900321,Women,Personal Care,Eyes,Eyeshadow,Spring,Casual,external_cosmetics_coco_v1,season+usage propagated per articleType from provided train
900322,Women,Personal Care,Eyes,Eyeshadow,Spring,Casual,external_cosmetics_coco_v1,season+usage propagated per articleType from provided train
900323,Women,Personal Care,Eyes,Eyeshadow,Spring,Casual,external_cosmetics_coco_v1,season+usage propagated per articleType from provided train
900324,Women,Personal Care,Eyes,Eyeshadow,Spring,Casual,external_cosmetics_coco_v1,season+usage propagated per articleType from provided train
900325,Women,Personal Care,Eyes,Eyeshadow,Spring,Casual,external_cosmetics_coco_v1,season+usage propagated per articleType from provided train
900326,Women,Personal Care,Eyes,Eyeshadow,Spring,Casual,external_cosmetics_coco_v1,season+usage propagated per articleType from provided train
900327,Women,Personal Care,Eyes,Eyeshadow,Spring,Casual,external_cosmetics_coco_v1,season+usage propagated per articleType from provided train
900328,Women,Personal Care,Eyes,Eyeshadow,Spring,Casual,external_cosmetics_coco_v1,season+usage propagated per articleType from provided train
900329,Women,Personal Care,Eyes,Eyeshadow,Spring,Casual,external_cosmetics_coco_v1,season+usage propagated per articleType from provided train
900330,Women,Personal Care,Eyes,Eyeshadow,Spring,Casual,external_cosmetics_coco_v1,season+usage propagated per articleType from provided train
900331,Women,Personal Care,Eyes,Eyeshadow,Spring,Casual,external_cosmetics_coco_v1,season+usage propagated per articleType from provided train
900332,Women,Personal Care,Eyes,Eyeshadow,Spring,Casual,external_cosmetics_coco_v1,season+usage propagated per articleType from provided train
900333,Women,Personal Care,Eyes,Eyeshadow,Spring,Casual,external_cosmetics_coco_v1,season+usage propagated per articleType from provided train
900334,Women,Personal Care,Eyes,Eyeshadow,Spring,Casual,external_cosmetics_coco_v1,season+usage propagated per articleType from provided train
900335,Women,Personal Care,Eyes,Eyeshadow,Spring,Casual,external_cosmetics_coco_v1,season+usage propagated per articleType from provided train
900336,Women,Personal Care,Eyes,Eyeshadow,Spring,Casual,external_cosmetics_coco_v1,season+usage propagated per articleType from provided train
900337,Women,Personal Care,Eyes,Eyeshadow,Spring,Casual,external_cosmetics_coco_v1,season+usage propagated per articleType from provided train
900338,Women,Personal Care,Eyes,Eyeshadow,Spring,Casual,external_cosmetics_coco_v1,season+usage propagated per articleType from provided train
900339,Women,Personal Care,Eyes,Eyeshadow,Spring,Casual,external_cosmetics_coco_v1,season+usage propagated per articleType from provided train
900340,Women,Personal Care,Eyes,Eyeshadow,Spring,Casual,external_cosmetics_coco_v1,season+usage propagated per articleType from provided train
900341,Women,Personal Care,Eyes,Eyeshadow,Spring,Casual,external_cosmetics_coco_v1,season+usage propagated per articleType from provided train
900342,Women,Personal Care,Eyes,Eyeshadow,Spring,Casual,external_cosmetics_coco_v1,season+usage propagated per articleType from provided train
900343,Women,Personal Care,Eyes,Eyeshadow,Spring,Casual,external_cosmetics_coco_v1,season+usage propagated per articleType from provided train
900344,Women,Personal Care,Eyes,Eyeshadow,Spring,Casual,external_cosmetics_coco_v1,season+usage propagated per articleType from provided train
900345,Women,Personal Care,Eyes,Eyeshadow,Spring,Casual,external_cosmetics_coco_v1,season+usage propagated per articleType from provided train
900346,Women,Personal Care,Eyes,Eyeshadow,Spring,Casual,external_cosmetics_coco_v1,season+usage propagated per articleType from provided train
900347,Women,Personal Care,Eyes,Eyeshadow,Spring,Casual,external_cosmetics_coco_v1,season+usage propagated per articleType from provided train
900348,Women,Personal Care,Eyes,Eyeshadow,Spring,Casual,external_cosmetics_coco_v1,season+usage propagated per articleType from provided train
900349,Women,Personal Care,Eyes,Eyeshadow,Spring,Casual,external_cosmetics_coco_v1,season+usage propagated per articleType from provided train
900350,Women,Personal Care,Eyes,Eyeshadow,Spring,Casual,external_cosmetics_coco_v1,season+usage propagated per articleType from provided train
900351,Women,Personal Care,Eyes,Eyeshadow,Spring,Casual,external_cosmetics_coco_v1,season+usage propagated per articleType from provided train
900352,Women,Personal Care,Eyes,Eyeshadow,Spring,Casual,external_cosmetics_coco_v1,season+usage propagated per articleType from provided train
900353,Women,Personal Care,Eyes,Eyeshadow,Spring,Casual,external_cosmetics_coco_v1,season+usage propagated per articleType from provided train
900354,Women,Personal Care,Eyes,Eyeshadow,Spring,Casual,external_cosmetics_coco_v1,season+usage propagated per articleType from provided train
900355,Women,Personal Care,Eyes,Eyeshadow,Spring,Casual,external_cosmetics_coco_v1,season+usage propagated per articleType from provided train
900356,Women,Personal Care,Eyes,Eyeshadow,Spring,Casual,external_cosmetics_coco_v1,season+usage propagated per articleType from provided train
900357,Women,Personal Care,Eyes,Eyeshadow,Spring,Casual,external_cosmetics_coco_v1,season+usage propagated per articleType from provided train
900358,Women,Personal Care,Eyes,Eyeshadow,Spring,Casual,external_cosmetics_coco_v1,season+usage propagated per articleType from provided train
900359,Women,Personal Care,Eyes,Eyeshadow,Spring,Casual,external_cosmetics_coco_v1,season+usage propagated per articleType from provided train
900360,Women,Personal Care,Eyes,Eyeshadow,Spring,Casual,external_cosmetics_coco_v1,season+usage propagated per articleType from provided train
900361,Women,Personal Care,Eyes,Eyeshadow,Spring,Casual,external_cosmetics_coco_v1,season+usage propagated per articleType from provided train
900362,Women,Personal Care,Eyes,Eyeshadow,Spring,Casual,external_cosmetics_coco_v1,season+usage propagated per articleType from provided train
900363,Women,Personal Care,Eyes,Eyeshadow,Spring,Casual,external_cosmetics_coco_v1,season+usage propagated per articleType from provided train
900364,Women,Personal Care,Eyes,Eyeshadow,Spring,Casual,external_cosmetics_coco_v1,season+usage propagated per articleType from provided train
900365,Women,Personal Care,Eyes,Eyeshadow,Spring,Casual,external_cosmetics_coco_v1,season+usage propagated per articleType from provided train
900366,Women,Personal Care,Eyes,Eyeshadow,Spring,Casual,external_cosmetics_coco_v1,season+usage propagated per articleType from provided train
900367,Women,Personal Care,Eyes,Eyeshadow,Spring,Casual,external_cosmetics_coco_v1,season+usage propagated per articleType from provided train
900368,Women,Personal Care,Eyes,Eyeshadow,Spring,Casual,external_cosmetics_coco_v1,season+usage propagated per articleType from provided train
900369,Women,Personal Care,Eyes,Eyeshadow,Spring,Casual,external_cosmetics_coco_v1,season+usage propagated per articleType from provided train
900370,Women,Personal Care,Eyes,Eyeshadow,Spring,Casual,external_cosmetics_coco_v1,season+usage propagated per articleType from provided train
900371,Women,Personal Care,Eyes,Eyeshadow,Spring,Casual,external_cosmetics_coco_v1,season+usage propagated per articleType from provided train
900372,Women,Personal Care,Eyes,Eyeshadow,Spring,Casual,external_cosmetics_coco_v1,season+usage propagated per articleType from provided train
900373,Women,Personal Care,Eyes,Eyeshadow,Spring,Casual,external_cosmetics_coco_v1,season+usage propagated per articleType from provided train
900374,Women,Personal Care,Eyes,Eyeshadow,Spring,Casual,external_cosmetics_coco_v1,season+usage propagated per articleType from provided train
900375,Women,Personal Care,Eyes,Eyeshadow,Spring,Casual,external_cosmetics_coco_v1,season+usage propagated per articleType from provided train
900376,Women,Personal Care,Eyes,Eyeshadow,Spring,Casual,external_cosmetics_coco_v1,season+usage propagated per articleType from provided train
900377,Women,Personal Care,Eyes,Eyeshadow,Spring,Casual,external_cosmetics_coco_v1,season+usage propagated per articleType from provided train
900378,Women,Personal Care,Eyes,Eyeshadow,Spring,Casual,external_cosmetics_coco_v1,season+usage propagated per articleType from provided train
900379,Women,Personal Care,Eyes,Eyeshadow,Spring,Casual,external_cosmetics_coco_v1,season+usage propagated per articleType from provided train
900380,Women,Personal Care,Eyes,Eyeshadow,Spring,Casual,external_cosmetics_coco_v1,season+usage propagated per articleType from provided train
900381,Women,Personal Care,Eyes,Eyeshadow,Spring,Casual,external_cosmetics_coco_v1,season+usage propagated per articleType from provided train
900382,Women,Personal Care,Eyes,Eyeshadow,Spring,Casual,external_cosmetics_coco_v1,season+usage propagated per articleType from provided train
900383,Women,Personal Care,Eyes,Eyeshadow,Spring,Casual,external_cosmetics_coco_v1,season+usage propagated per articleType from provided train
900384,Women,Personal Care,Eyes,Eyeshadow,Spring,Casual,external_cosmetics_coco_v1,season+usage propagated per articleType from provided train
900385,Women,Personal Care,Eyes,Eyeshadow,Spring,Casual,external_cosmetics_coco_v1,season+usage propagated per articleType from provided train
900386,Women,Personal Care,Eyes,Eyeshadow,Spring,Casual,external_cosmetics_coco_v1,season+usage propagated per articleType from provided train
900387,Women,Personal Care,Eyes,Eyeshadow,Spring,Casual,external_cosmetics_coco_v1,season+usage propagated per articleType from provided train
900388,Women,Personal Care,Eyes,Eyeshadow,Spring,Casual,external_cosmetics_coco_v1,season+usage propagated per articleType from provided train
900389,Women,Personal Care,Eyes,Eyeshadow,Spring,Casual,external_cosmetics_coco_v1,season+usage propagated per articleType from provided train
900390,Women,Personal Care,Eyes,Eyeshadow,Spring,Casual,external_cosmetics_coco_v1,season+usage propagated per articleType from provided train
900391,Women,Personal Care,Eyes,Eyeshadow,Spring,Casual,external_cosmetics_coco_v1,season+usage propagated per articleType from provided train
900392,Women,Personal Care,Eyes,Eyeshadow,Spring,Casual,external_cosmetics_coco_v1,season+usage propagated per articleType from provided train
900393,Women,Personal Care,Eyes,Eyeshadow,Spring,Casual,external_cosmetics_coco_v1,season+usage propagated per articleType from provided train
900394,Women,Personal Care,Eyes,Eyeshadow,Spring,Casual,external_cosmetics_coco_v1,season+usage propagated per articleType from provided train
900395,Women,Personal Care,Eyes,Eyeshadow,Spring,Casual,external_cosmetics_coco_v1,season+usage propagated per articleType from provided train
900396,Women,Personal Care,Eyes,Eyeshadow,Spring,Casual,external_cosmetics_coco_v1,season+usage propagated per articleType from provided train
900397,Women,Personal Care,Eyes,Eyeshadow,Spring,Casual,external_cosmetics_coco_v1,season+usage propagated per articleType from provided train
900398,Women,Personal Care,Eyes,Eyeshadow,Spring,Casual,external_cosmetics_coco_v1,season+usage propagated per articleType from provided train
900399,Women,Personal Care,Eyes,Eyeshadow,Spring,Casual,external_cosmetics_coco_v1,season+usage propagated per articleType from provided train
900400,Women,Personal Care,Lips,Lipstick,Spring,Casual,external_cosmetics_coco_v1,season+usage propagated per articleType from provided train
900401,Women,Personal Care,Lips,Lipstick,Spring,Casual,external_cosmetics_coco_v1,season+usage propagated per articleType from provided train
900402,Women,Personal Care,Lips,Lipstick,Spring,Casual,external_cosmetics_coco_v1,season+usage propagated per articleType from provided train
900403,Women,Personal Care,Lips,Lipstick,Spring,Casual,external_cosmetics_coco_v1,season+usage propagated per articleType from provided train
900404,Women,Personal Care,Lips,Lipstick,Spring,Casual,external_cosmetics_coco_v1,season+usage propagated per articleType from provided train
900405,Women,Personal Care,Lips,Lipstick,Spring,Casual,external_cosmetics_coco_v1,season+usage propagated per articleType from provided train
900406,Women,Personal Care,Lips,Lipstick,Spring,Casual,external_cosmetics_coco_v1,season+usage propagated per articleType from provided train
900407,Women,Personal Care,Lips,Lipstick,Spring,Casual,external_cosmetics_coco_v1,season+usage propagated per articleType from provided train
900408,Women,Personal Care,Lips,Lipstick,Spring,Casual,external_cosmetics_coco_v1,season+usage propagated per articleType from provided train
900409,Women,Personal Care,Lips,Lipstick,Spring,Casual,external_cosmetics_coco_v1,season+usage propagated per articleType from provided train
900410,Women,Personal Care,Lips,Lipstick,Spring,Casual,external_cosmetics_coco_v1,season+usage propagated per articleType from provided train
900411,Women,Personal Care,Lips,Lipstick,Spring,Casual,external_cosmetics_coco_v1,season+usage propagated per articleType from provided train
900412,Women,Personal Care,Lips,Lipstick,Spring,Casual,external_cosmetics_coco_v1,season+usage propagated per articleType from provided train
900413,Women,Personal Care,Lips,Lipstick,Spring,Casual,external_cosmetics_coco_v1,season+usage propagated per articleType from provided train
900414,Women,Personal Care,Lips,Lipstick,Spring,Casual,external_cosmetics_coco_v1,season+usage propagated per articleType from provided train
900415,Women,Personal Care,Lips,Lipstick,Spring,Casual,external_cosmetics_coco_v1,season+usage propagated per articleType from provided train
900416,Women,Personal Care,Lips,Lipstick,Spring,Casual,external_cosmetics_coco_v1,season+usage propagated per articleType from provided train
900417,Women,Personal Care,Lips,Lipstick,Spring,Casual,external_cosmetics_coco_v1,season+usage propagated per articleType from provided train
900418,Women,Personal Care,Lips,Lipstick,Spring,Casual,external_cosmetics_coco_v1,season+usage propagated per articleType from provided train
900419,Women,Personal Care,Lips,Lipstick,Spring,Casual,external_cosmetics_coco_v1,season+usage propagated per articleType from provided train
900420,Women,Personal Care,Lips,Lipstick,Spring,Casual,external_cosmetics_coco_v1,season+usage propagated per articleType from provided train
900421,Women,Personal Care,Lips,Lipstick,Spring,Casual,external_cosmetics_coco_v1,season+usage propagated per articleType from provided train
900422,Women,Personal Care,Lips,Lipstick,Spring,Casual,external_cosmetics_coco_v1,season+usage propagated per articleType from provided train
900423,Women,Personal Care,Lips,Lipstick,Spring,Casual,external_cosmetics_coco_v1,season+usage propagated per articleType from provided train
900424,Women,Personal Care,Lips,Lipstick,Spring,Casual,external_cosmetics_coco_v1,season+usage propagated per articleType from provided train
900425,Women,Personal Care,Lips,Lipstick,Spring,Casual,external_cosmetics_coco_v1,season+usage propagated per articleType from provided train
900426,Women,Personal Care,Lips,Lipstick,Spring,Casual,external_cosmetics_coco_v1,season+usage propagated per articleType from provided train
900427,Women,Personal Care,Lips,Lipstick,Spring,Casual,external_cosmetics_coco_v1,season+usage propagated per articleType from provided train
900428,Women,Personal Care,Lips,Lipstick,Spring,Casual,external_cosmetics_coco_v1,season+usage propagated per articleType from provided train
900429,Women,Personal Care,Lips,Lipstick,Spring,Casual,external_cosmetics_coco_v1,season+usage propagated per articleType from provided train
900430,Women,Personal Care,Lips,Lipstick,Spring,Casual,external_cosmetics_coco_v1,season+usage propagated per articleType from provided train
900431,Women,Personal Care,Lips,Lipstick,Spring,Casual,external_cosmetics_coco_v1,season+usage propagated per articleType from provided train
900432,Women,Personal Care,Lips,Lipstick,Spring,Casual,external_cosmetics_coco_v1,season+usage propagated per articleType from provided train
900433,Women,Personal Care,Lips,Lipstick,Spring,Casual,external_cosmetics_coco_v1,season+usage propagated per articleType from provided train
900434,Women,Personal Care,Lips,Lipstick,Spring,Casual,external_cosmetics_coco_v1,season+usage propagated per articleType from provided train
900435,Women,Personal Care,Lips,Lipstick,Spring,Casual,external_cosmetics_coco_v1,season+usage propagated per articleType from provided train
900436,Women,Personal Care,Lips,Lipstick,Spring,Casual,external_cosmetics_coco_v1,season+usage propagated per articleType from provided train
900437,Women,Personal Care,Lips,Lipstick,Spring,Casual,external_cosmetics_coco_v1,season+usage propagated per articleType from provided train
900438,Women,Personal Care,Lips,Lipstick,Spring,Casual,external_cosmetics_coco_v1,season+usage propagated per articleType from provided train
900439,Women,Personal Care,Lips,Lipstick,Spring,Casual,external_cosmetics_coco_v1,season+usage propagated per articleType from provided train
900440,Women,Personal Care,Lips,Lipstick,Spring,Casual,external_cosmetics_coco_v1,season+usage propagated per articleType from provided train
900441,Women,Personal Care,Lips,Lipstick,Spring,Casual,external_cosmetics_coco_v1,season+usage propagated per articleType from provided train
900442,Women,Personal Care,Lips,Lipstick,Spring,Casual,external_cosmetics_coco_v1,season+usage propagated per articleType from provided train
900443,Women,Personal Care,Lips,Lipstick,Spring,Casual,external_cosmetics_coco_v1,season+usage propagated per articleType from provided train
900444,Women,Personal Care,Lips,Lipstick,Spring,Casual,external_cosmetics_coco_v1,season+usage propagated per articleType from provided train
900445,Women,Personal Care,Lips,Lipstick,Spring,Casual,external_cosmetics_coco_v1,season+usage propagated per articleType from provided train
900446,Women,Personal Care,Lips,Lipstick,Spring,Casual,external_cosmetics_coco_v1,season+usage propagated per articleType from provided train
900447,Women,Personal Care,Lips,Lipstick,Spring,Casual,external_cosmetics_coco_v1,season+usage propagated per articleType from provided train
900448,Women,Personal Care,Lips,Lipstick,Spring,Casual,external_cosmetics_coco_v1,season+usage propagated per articleType from provided train
900449,Women,Personal Care,Lips,Lipstick,Spring,Casual,external_cosmetics_coco_v1,season+usage propagated per articleType from provided train
900450,Women,Personal Care,Lips,Lipstick,Spring,Casual,external_cosmetics_coco_v1,season+usage propagated per articleType from provided train
900451,Women,Personal Care,Lips,Lipstick,Spring,Casual,external_cosmetics_coco_v1,season+usage propagated per articleType from provided train
900452,Women,Personal Care,Lips,Lipstick,Spring,Casual,external_cosmetics_coco_v1,season+usage propagated per articleType from provided train
900453,Women,Personal Care,Lips,Lipstick,Spring,Casual,external_cosmetics_coco_v1,season+usage propagated per articleType from provided train
900454,Women,Personal Care,Lips,Lipstick,Spring,Casual,external_cosmetics_coco_v1,season+usage propagated per articleType from provided train
900456,Women,Personal Care,Lips,Lipstick,Spring,Casual,external_cosmetics_coco_v1,season+usage propagated per articleType from provided train
900457,Women,Personal Care,Lips,Lipstick,Spring,Casual,external_cosmetics_coco_v1,season+usage propagated per articleType from provided train
900458,Women,Personal Care,Lips,Lipstick,Spring,Casual,external_cosmetics_coco_v1,season+usage propagated per articleType from provided train
900459,Women,Personal Care,Lips,Lipstick,Spring,Casual,external_cosmetics_coco_v1,season+usage propagated per articleType from provided train
900460,Women,Personal Care,Lips,Lipstick,Spring,Casual,external_cosmetics_coco_v1,season+usage propagated per articleType from provided train
900461,Women,Personal Care,Lips,Lipstick,Spring,Casual,external_cosmetics_coco_v1,season+usage propagated per articleType from provided train
900462,Women,Personal Care,Lips,Lipstick,Spring,Casual,external_cosmetics_coco_v1,season+usage propagated per articleType from provided train
900463,Women,Personal Care,Lips,Lipstick,Spring,Casual,external_cosmetics_coco_v1,season+usage propagated per articleType from provided train
900464,Women,Personal Care,Lips,Lipstick,Spring,Casual,external_cosmetics_coco_v1,season+usage propagated per articleType from provided train
900465,Women,Personal Care,Lips,Lipstick,Spring,Casual,external_cosmetics_coco_v1,season+usage propagated per articleType from provided train
900466,Women,Personal Care,Lips,Lipstick,Spring,Casual,external_cosmetics_coco_v1,season+usage propagated per articleType from provided train
900467,Women,Personal Care,Lips,Lipstick,Spring,Casual,external_cosmetics_coco_v1,season+usage propagated per articleType from provided train
900468,Women,Personal Care,Lips,Lipstick,Spring,Casual,external_cosmetics_coco_v1,season+usage propagated per articleType from provided train
900469,Women,Personal Care,Lips,Lipstick,Spring,Casual,external_cosmetics_coco_v1,season+usage propagated per articleType from provided train
900470,Women,Personal Care,Lips,Lipstick,Spring,Casual,external_cosmetics_coco_v1,season+usage propagated per articleType from provided train
900471,Women,Personal Care,Lips,Lipstick,Spring,Casual,external_cosmetics_coco_v1,season+usage propagated per articleType from provided train
900472,Women,Personal Care,Lips,Lipstick,Spring,Casual,external_cosmetics_coco_v1,season+usage propagated per articleType from provided train
900473,Women,Personal Care,Lips,Lipstick,Spring,Casual,external_cosmetics_coco_v1,season+usage propagated per articleType from provided train
900474,Women,Personal Care,Lips,Lipstick,Spring,Casual,external_cosmetics_coco_v1,season+usage propagated per articleType from provided train
900476,Women,Personal Care,Lips,Lipstick,Spring,Casual,external_cosmetics_coco_v1,season+usage propagated per articleType from provided train
900477,Women,Personal Care,Lips,Lipstick,Spring,Casual,external_cosmetics_coco_v1,season+usage propagated per articleType from provided train
900478,Women,Personal Care,Lips,Lipstick,Spring,Casual,external_cosmetics_coco_v1,season+usage propagated per articleType from provided train
900479,Women,Personal Care,Lips,Lipstick,Spring,Casual,external_cosmetics_coco_v1,season+usage propagated per articleType from provided train
900480,Women,Personal Care,Lips,Lipstick,Spring,Casual,external_cosmetics_coco_v1,season+usage propagated per articleType from provided train
900481,Women,Personal Care,Lips,Lipstick,Spring,Casual,external_cosmetics_coco_v1,season+usage propagated per articleType from provided train
900482,Women,Personal Care,Lips,Lipstick,Spring,Casual,external_cosmetics_coco_v1,season+usage propagated per articleType from provided train
900483,Women,Personal Care,Lips,Lipstick,Spring,Casual,external_cosmetics_coco_v1,season+usage propagated per articleType from provided train
900484,Women,Personal Care,Lips,Lipstick,Spring,Casual,external_cosmetics_coco_v1,season+usage propagated per articleType from provided train
900485,Women,Personal Care,Lips,Lipstick,Spring,Casual,external_cosmetics_coco_v1,season+usage propagated per articleType from provided train
900486,Women,Personal Care,Lips,Lipstick,Spring,Casual,external_cosmetics_coco_v1,season+usage propagated per articleType from provided train
900487,Women,Personal Care,Lips,Lipstick,Spring,Casual,external_cosmetics_coco_v1,season+usage propagated per articleType from provided train
900488,Women,Personal Care,Lips,Lipstick,Spring,Casual,external_cosmetics_coco_v1,season+usage propagated per articleType from provided train
900489,Women,Personal Care,Lips,Lipstick,Spring,Casual,external_cosmetics_coco_v1,season+usage propagated per articleType from provided train
900490,Women,Personal Care,Lips,Lipstick,Spring,Casual,external_cosmetics_coco_v1,season+usage propagated per articleType from provided train
900491,Women,Personal Care,Lips,Lipstick,Spring,Casual,external_cosmetics_coco_v1,season+usage propagated per articleType from provided train
900492,Women,Personal Care,Lips,Lipstick,Spring,Casual,external_cosmetics_coco_v1,season+usage propagated per articleType from provided train
900493,Women,Personal Care,Lips,Lipstick,Spring,Casual,external_cosmetics_coco_v1,season+usage propagated per articleType from provided train
900494,Women,Personal Care,Lips,Lipstick,Spring,Casual,external_cosmetics_coco_v1,season+usage propagated per articleType from provided train
900496,Women,Personal Care,Lips,Lipstick,Spring,Casual,external_cosmetics_coco_v1,season+usage propagated per articleType from provided train
900497,Women,Personal Care,Lips,Lipstick,Spring,Casual,external_cosmetics_coco_v1,season+usage propagated per articleType from provided train
900498,Women,Personal Care,Lips,Lipstick,Spring,Casual,external_cosmetics_coco_v1,season+usage propagated per articleType from provided train
900499,Women,Personal Care,Lips,Lipstick,Spring,Casual,external_cosmetics_coco_v1,season+usage propagated per articleType from provided train
900500,Women,Personal Care,Lips,Lipstick,Spring,Casual,external_cosmetics_coco_v1,season+usage propagated per articleType from provided train
900501,Women,Personal Care,Lips,Lipstick,Spring,Casual,external_cosmetics_coco_v1,season+usage propagated per articleType from provided train
900502,Women,Personal Care,Lips,Lipstick,Spring,Casual,external_cosmetics_coco_v1,season+usage propagated per articleType from provided train
900503,Women,Personal Care,Lips,Lipstick,Spring,Casual,external_cosmetics_coco_v1,season+usage propagated per articleType from provided train
900504,Women,Personal Care,Lips,Lipstick,Spring,Casual,external_cosmetics_coco_v1,season+usage propagated per articleType from provided train
900505,Women,Personal Care,Lips,Lipstick,Spring,Casual,external_cosmetics_coco_v1,season+usage propagated per articleType from provided train
900506,Women,Personal Care,Lips,Lipstick,Spring,Casual,external_cosmetics_coco_v1,season+usage propagated per articleType from provided train
900507,Women,Personal Care,Lips,Lipstick,Spring,Casual,external_cosmetics_coco_v1,season+usage propagated per articleType from provided train
900508,Women,Personal Care,Lips,Lipstick,Spring,Casual,external_cosmetics_coco_v1,season+usage propagated per articleType from provided train
900509,Women,Personal Care,Lips,Lipstick,Spring,Casual,external_cosmetics_coco_v1,season+usage propagated per articleType from provided train
900510,Women,Personal Care,Lips,Lipstick,Spring,Casual,external_cosmetics_coco_v1,season+usage propagated per articleType from provided train
900511,Women,Personal Care,Lips,Lipstick,Spring,Casual,external_cosmetics_coco_v1,season+usage propagated per articleType from provided train
900512,Women,Personal Care,Lips,Lipstick,Spring,Casual,external_cosmetics_coco_v1,season+usage propagated per articleType from provided train
900513,Women,Personal Care,Lips,Lipstick,Spring,Casual,external_cosmetics_coco_v1,season+usage propagated per articleType from provided train
900514,Women,Personal Care,Lips,Lipstick,Spring,Casual,external_cosmetics_coco_v1,season+usage propagated per articleType from provided train
900515,Women,Personal Care,Lips,Lipstick,Spring,Casual,external_cosmetics_coco_v1,season+usage propagated per articleType from provided train
900516,Women,Personal Care,Lips,Lipstick,Spring,Casual,external_cosmetics_coco_v1,season+usage propagated per articleType from provided train
900517,Women,Personal Care,Lips,Lipstick,Spring,Casual,external_cosmetics_coco_v1,season+usage propagated per articleType from provided train
900518,Women,Personal Care,Lips,Lipstick,Spring,Casual,external_cosmetics_coco_v1,season+usage propagated per articleType from provided train
900519,Women,Personal Care,Lips,Lipstick,Spring,Casual,external_cosmetics_coco_v1,season+usage propagated per articleType from provided train
900520,Women,Personal Care,Lips,Lipstick,Spring,Casual,external_cosmetics_coco_v1,season+usage propagated per articleType from provided train
900522,Women,Personal Care,Lips,Lipstick,Spring,Casual,external_cosmetics_coco_v1,season+usage propagated per articleType from provided train
900523,Women,Personal Care,Lips,Lipstick,Spring,Casual,external_cosmetics_coco_v1,season+usage propagated per articleType from provided train
900524,Women,Personal Care,Lips,Lipstick,Spring,Casual,external_cosmetics_coco_v1,season+usage propagated per articleType from provided train
900525,Women,Personal Care,Lips,Lipstick,Spring,Casual,external_cosmetics_coco_v1,season+usage propagated per articleType from provided train
900526,Women,Personal Care,Lips,Lipstick,Spring,Casual,external_cosmetics_coco_v1,season+usage propagated per articleType from provided train
900527,Women,Personal Care,Lips,Lipstick,Spring,Casual,external_cosmetics_coco_v1,season+usage propagated per articleType from provided train
900529,Women,Personal Care,Lips,Lipstick,Spring,Casual,external_cosmetics_coco_v1,season+usage propagated per articleType from provided train
900530,Women,Personal Care,Lips,Lipstick,Spring,Casual,external_cosmetics_coco_v1,season+usage propagated per articleType from provided train
900531,Women,Personal Care,Lips,Lipstick,Spring,Casual,external_cosmetics_coco_v1,season+usage propagated per articleType from provided train
900532,Women,Personal Care,Lips,Lipstick,Spring,Casual,external_cosmetics_coco_v1,season+usage propagated per articleType from provided train
900533,Women,Personal Care,Lips,Lipstick,Spring,Casual,external_cosmetics_coco_v1,season+usage propagated per articleType from provided train
900534,Women,Personal Care,Lips,Lipstick,Spring,Casual,external_cosmetics_coco_v1,season+usage propagated per articleType from provided train
900535,Women,Personal Care,Lips,Lipstick,Spring,Casual,external_cosmetics_coco_v1,season+usage propagated per articleType from provided train
900536,Women,Personal Care,Lips,Lipstick,Spring,Casual,external_cosmetics_coco_v1,season+usage propagated per articleType from provided train
900537,Women,Personal Care,Lips,Lipstick,Spring,Casual,external_cosmetics_coco_v1,season+usage propagated per articleType from provided train
900538,Women,Personal Care,Lips,Lipstick,Spring,Casual,external_cosmetics_coco_v1,season+usage propagated per articleType from provided train
900540,Women,Personal Care,Lips,Lipstick,Spring,Casual,external_cosmetics_coco_v1,season+usage propagated per articleType from provided train
900541,Women,Personal Care,Lips,Lipstick,Spring,Casual,external_cosmetics_coco_v1,season+usage propagated per articleType from provided train
900542,Women,Personal Care,Lips,Lipstick,Spring,Casual,external_cosmetics_coco_v1,season+usage propagated per articleType from provided train
900543,Women,Personal Care,Lips,Lipstick,Spring,Casual,external_cosmetics_coco_v1,season+usage propagated per articleType from provided train
900544,Women,Personal Care,Lips,Lipstick,Spring,Casual,external_cosmetics_coco_v1,season+usage propagated per articleType from provided train
900545,Women,Personal Care,Lips,Lipstick,Spring,Casual,external_cosmetics_coco_v1,season+usage propagated per articleType from provided train
900546,Women,Personal Care,Lips,Lipstick,Spring,Casual,external_cosmetics_coco_v1,season+usage propagated per articleType from provided train
900547,Women,Personal Care,Lips,Lipstick,Spring,Casual,external_cosmetics_coco_v1,season+usage propagated per articleType from provided train
900548,Women,Personal Care,Lips,Lipstick,Spring,Casual,external_cosmetics_coco_v1,season+usage propagated per articleType from provided train
900549,Women,Personal Care,Lips,Lipstick,Spring,Casual,external_cosmetics_coco_v1,season+usage propagated per articleType from provided train
900550,Women,Personal Care,Lips,Lipstick,Spring,Casual,external_cosmetics_coco_v1,season+usage propagated per articleType from provided train
900551,Women,Personal Care,Lips,Lipstick,Spring,Casual,external_cosmetics_coco_v1,season+usage propagated per articleType from provided train
900552,Women,Personal Care,Lips,Lipstick,Spring,Casual,external_cosmetics_coco_v1,season+usage propagated per articleType from provided train
900553,Women,Personal Care,Lips,Lipstick,Spring,Casual,external_cosmetics_coco_v1,season+usage propagated per articleType from provided train
900554,Women,Personal Care,Lips,Lipstick,Spring,Casual,external_cosmetics_coco_v1,season+usage propagated per articleType from provided train
900555,Women,Personal Care,Lips,Lipstick,Spring,Casual,external_cosmetics_coco_v1,season+usage propagated per articleType from provided train
900556,Women,Personal Care,Lips,Lipstick,Spring,Casual,external_cosmetics_coco_v1,season+usage propagated per articleType from provided train
900557,Women,Personal Care,Lips,Lipstick,Spring,Casual,external_cosmetics_coco_v1,season+usage propagated per articleType from provided train
900558,Women,Personal Care,Lips,Lipstick,Spring,Casual,external_cosmetics_coco_v1,season+usage propagated per articleType from provided train
900559,Women,Personal Care,Lips,Lipstick,Spring,Casual,external_cosmetics_coco_v1,season+usage propagated per articleType from provided train
900560,Women,Personal Care,Lips,Lipstick,Spring,Casual,external_cosmetics_coco_v1,season+usage propagated per articleType from provided train
900561,Women,Personal Care,Lips,Lipstick,Spring,Casual,external_cosmetics_coco_v1,season+usage propagated per articleType from provided train
900562,Women,Personal Care,Lips,Lipstick,Spring,Casual,external_cosmetics_coco_v1,season+usage propagated per articleType from provided train
900563,Women,Personal Care,Lips,Lipstick,Spring,Casual,external_cosmetics_coco_v1,season+usage propagated per articleType from provided train
900565,Women,Personal Care,Lips,Lipstick,Spring,Casual,external_cosmetics_coco_v1,season+usage propagated per articleType from provided train
900566,Women,Personal Care,Lips,Lipstick,Spring,Casual,external_cosmetics_coco_v1,season+usage propagated per articleType from provided train
900567,Women,Personal Care,Lips,Lipstick,Spring,Casual,external_cosmetics_coco_v1,season+usage propagated per articleType from provided train
900568,Women,Personal Care,Lips,Lipstick,Spring,Casual,external_cosmetics_coco_v1,season+usage propagated per articleType from provided train
900569,Women,Personal Care,Lips,Lipstick,Spring,Casual,external_cosmetics_coco_v1,season+usage propagated per articleType from provided train
900570,Women,Personal Care,Lips,Lipstick,Spring,Casual,external_cosmetics_coco_v1,season+usage propagated per articleType from provided train
900571,Women,Personal Care,Lips,Lipstick,Spring,Casual,external_cosmetics_coco_v1,season+usage propagated per articleType from provided train
900572,Women,Personal Care,Lips,Lipstick,Spring,Casual,external_cosmetics_coco_v1,season+usage propagated per articleType from provided train
900573,Women,Personal Care,Lips,Lipstick,Spring,Casual,external_cosmetics_coco_v1,season+usage propagated per articleType from provided train
900574,Women,Personal Care,Lips,Lipstick,Spring,Casual,external_cosmetics_coco_v1,season+usage propagated per articleType from provided train
900575,Women,Personal Care,Lips,Lipstick,Spring,Casual,external_cosmetics_coco_v1,season+usage propagated per articleType from provided train
900576,Women,Personal Care,Lips,Lipstick,Spring,Casual,external_cosmetics_coco_v1,season+usage propagated per articleType from provided train
900577,Women,Personal Care,Lips,Lipstick,Spring,Casual,external_cosmetics_coco_v1,season+usage propagated per articleType from provided train
900578,Women,Personal Care,Lips,Lipstick,Spring,Casual,external_cosmetics_coco_v1,season+usage propagated per articleType from provided train
900579,Women,Personal Care,Lips,Lipstick,Spring,Casual,external_cosmetics_coco_v1,season+usage propagated per articleType from provided train
900580,Women,Personal Care,Lips,Lipstick,Spring,Casual,external_cosmetics_coco_v1,season+usage propagated per articleType from provided train
900581,Women,Personal Care,Lips,Lipstick,Spring,Casual,external_cosmetics_coco_v1,season+usage propagated per articleType from provided train
900582,Women,Personal Care,Lips,Lipstick,Spring,Casual,external_cosmetics_coco_v1,season+usage propagated per articleType from provided train
900584,Women,Personal Care,Lips,Lipstick,Spring,Casual,external_cosmetics_coco_v1,season+usage propagated per articleType from provided train
900585,Women,Personal Care,Lips,Lipstick,Spring,Casual,external_cosmetics_coco_v1,season+usage propagated per articleType from provided train
900586,Women,Personal Care,Lips,Lipstick,Spring,Casual,external_cosmetics_coco_v1,season+usage propagated per articleType from provided train
900587,Women,Personal Care,Lips,Lipstick,Spring,Casual,external_cosmetics_coco_v1,season+usage propagated per articleType from provided train
900588,Women,Personal Care,Lips,Lipstick,Spring,Casual,external_cosmetics_coco_v1,season+usage propagated per articleType from provided train
900589,Women,Personal Care,Lips,Lipstick,Spring,Casual,external_cosmetics_coco_v1,season+usage propagated per articleType from provided train
900590,Women,Personal Care,Lips,Lipstick,Spring,Casual,external_cosmetics_coco_v1,season+usage propagated per articleType from provided train
900591,Women,Personal Care,Lips,Lipstick,Spring,Casual,external_cosmetics_coco_v1,season+usage propagated per articleType from provided train
900592,Women,Personal Care,Lips,Lipstick,Spring,Casual,external_cosmetics_coco_v1,season+usage propagated per articleType from provided train
900593,Women,Personal Care,Lips,Lipstick,Spring,Casual,external_cosmetics_coco_v1,season+usage propagated per articleType from provided train
900594,Women,Personal Care,Lips,Lipstick,Spring,Casual,external_cosmetics_coco_v1,season+usage propagated per articleType from provided train
900595,Women,Personal Care,Lips,Lipstick,Spring,Casual,external_cosmetics_coco_v1,season+usage propagated per articleType from provided train
900596,Women,Personal Care,Lips,Lipstick,Spring,Casual,external_cosmetics_coco_v1,season+usage propagated per articleType from provided train
900597,Women,Personal Care,Lips,Lipstick,Spring,Casual,external_cosmetics_coco_v1,season+usage propagated per articleType from provided train
900598,Women,Personal Care,Lips,Lipstick,Spring,Casual,external_cosmetics_coco_v1,season+usage propagated per articleType from provided train
900599,Women,Personal Care,Lips,Lipstick,Spring,Casual,external_cosmetics_coco_v1,season+usage propagated per articleType from provided train
900600,Women,Personal Care,Lips,Lipstick,Spring,Casual,external_cosmetics_coco_v1,season+usage propagated per articleType from provided train
900601,Women,Personal Care,Lips,Lipstick,Spring,Casual,external_cosmetics_coco_v1,season+usage propagated per articleType from provided train
900602,Women,Personal Care,Lips,Lipstick,Spring,Casual,external_cosmetics_coco_v1,season+usage propagated per articleType from provided train
900603,Women,Personal Care,Lips,Lipstick,Spring,Casual,external_cosmetics_coco_v1,season+usage propagated per articleType from provided train
900604,Women,Personal Care,Lips,Lipstick,Spring,Casual,external_cosmetics_coco_v1,season+usage propagated per articleType from provided train
900605,Women,Personal Care,Lips,Lipstick,Spring,Casual,external_cosmetics_coco_v1,season+usage propagated per articleType from provided train
900606,Women,Personal Care,Lips,Lipstick,Spring,Casual,external_cosmetics_coco_v1,season+usage propagated per articleType from provided train
900608,Women,Personal Care,Lips,Lipstick,Spring,Casual,external_cosmetics_coco_v1,season+usage propagated per articleType from provided train
900609,Women,Personal Care,Lips,Lipstick,Spring,Casual,external_cosmetics_coco_v1,season+usage propagated per articleType from provided train
900610,Women,Personal Care,Lips,Lipstick,Spring,Casual,external_cosmetics_coco_v1,season+usage propagated per articleType from provided train
900611,Women,Personal Care,Lips,Lipstick,Spring,Casual,external_cosmetics_coco_v1,season+usage propagated per articleType from provided train
900612,Women,Personal Care,Lips,Lipstick,Spring,Casual,external_cosmetics_coco_v1,season+usage propagated per articleType from provided train
900613,Women,Personal Care,Lips,Lipstick,Spring,Casual,external_cosmetics_coco_v1,season+usage propagated per articleType from provided train
900614,Women,Personal Care,Lips,Lipstick,Spring,Casual,external_cosmetics_coco_v1,season+usage propagated per articleType from provided train
900615,Women,Personal Care,Lips,Lipstick,Spring,Casual,external_cosmetics_coco_v1,season+usage propagated per articleType from provided train
900616,Women,Personal Care,Lips,Lipstick,Spring,Casual,external_cosmetics_coco_v1,season+usage propagated per articleType from provided train
900617,Women,Personal Care,Lips,Lipstick,Spring,Casual,external_cosmetics_coco_v1,season+usage propagated per articleType from provided train
900618,Women,Personal Care,Lips,Lipstick,Spring,Casual,external_cosmetics_coco_v1,season+usage propagated per articleType from provided train
900619,Women,Personal Care,Lips,Lipstick,Spring,Casual,external_cosmetics_coco_v1,season+usage propagated per articleType from provided train
900620,Women,Personal Care,Lips,Lipstick,Spring,Casual,external_cosmetics_coco_v1,season+usage propagated per articleType from provided train
900621,Women,Personal Care,Lips,Lipstick,Spring,Casual,external_cosmetics_coco_v1,season+usage propagated per articleType from provided train
900622,Women,Personal Care,Lips,Lipstick,Spring,Casual,external_cosmetics_coco_v1,season+usage propagated per articleType from provided train
900623,Women,Personal Care,Lips,Lipstick,Spring,Casual,external_cosmetics_coco_v1,season+usage propagated per articleType from provided train
900624,Women,Personal Care,Lips,Lipstick,Spring,Casual,external_cosmetics_coco_v1,season+usage propagated per articleType from provided train
900625,Women,Personal Care,Lips,Lipstick,Spring,Casual,external_cosmetics_coco_v1,season+usage propagated per articleType from provided train
900626,Women,Personal Care,Lips,Lipstick,Spring,Casual,external_cosmetics_coco_v1,season+usage propagated per articleType from provided train
900627,Women,Personal Care,Lips,Lipstick,Spring,Casual,external_cosmetics_coco_v1,season+usage propagated per articleType from provided train
900628,Women,Personal Care,Lips,Lipstick,Spring,Casual,external_cosmetics_coco_v1,season+usage propagated per articleType from provided train
900629,Women,Personal Care,Lips,Lipstick,Spring,Casual,external_cosmetics_coco_v1,season+usage propagated per articleType from provided train
900630,Women,Personal Care,Lips,Lipstick,Spring,Casual,external_cosmetics_coco_v1,season+usage propagated per articleType from provided train
900631,Women,Personal Care,Lips,Lipstick,Spring,Casual,external_cosmetics_coco_v1,season+usage propagated per articleType from provided train
900632,Women,Personal Care,Lips,Lipstick,Spring,Casual,external_cosmetics_coco_v1,season+usage propagated per articleType from provided train
900633,Women,Personal Care,Lips,Lipstick,Spring,Casual,external_cosmetics_coco_v1,season+usage propagated per articleType from provided train
900634,Women,Personal Care,Lips,Lipstick,Spring,Casual,external_cosmetics_coco_v1,season+usage propagated per articleType from provided train
900635,Women,Personal Care,Lips,Lipstick,Spring,Casual,external_cosmetics_coco_v1,season+usage propagated per articleType from provided train
900636,Women,Personal Care,Lips,Lipstick,Spring,Casual,external_cosmetics_coco_v1,season+usage propagated per articleType from provided train
900637,Women,Personal Care,Lips,Lipstick,Spring,Casual,external_cosmetics_coco_v1,season+usage propagated per articleType from provided train
900638,Women,Personal Care,Lips,Lipstick,Spring,Casual,external_cosmetics_coco_v1,season+usage propagated per articleType from provided train
900639,Women,Personal Care,Lips,Lipstick,Spring,Casual,external_cosmetics_coco_v1,season+usage propagated per articleType from provided train
900640,Women,Personal Care,Lips,Lipstick,Spring,Casual,external_cosmetics_coco_v1,season+usage propagated per articleType from provided train
900641,Women,Personal Care,Lips,Lipstick,Spring,Casual,external_cosmetics_coco_v1,season+usage propagated per articleType from provided train
900642,Women,Personal Care,Lips,Lipstick,Spring,Casual,external_cosmetics_coco_v1,season+usage propagated per articleType from provided train
900643,Women,Personal Care,Lips,Lipstick,Spring,Casual,external_cosmetics_coco_v1,season+usage propagated per articleType from provided train
900644,Women,Personal Care,Lips,Lipstick,Spring,Casual,external_cosmetics_coco_v1,season+usage propagated per articleType from provided train
900645,Women,Personal Care,Lips,Lipstick,Spring,Casual,external_cosmetics_coco_v1,season+usage propagated per articleType from provided train
900647,Women,Personal Care,Lips,Lipstick,Spring,Casual,external_cosmetics_coco_v1,season+usage propagated per articleType from provided train
900648,Women,Personal Care,Lips,Lipstick,Spring,Casual,external_cosmetics_coco_v1,season+usage propagated per articleType from provided train
900650,Women,Personal Care,Lips,Lipstick,Spring,Casual,external_cosmetics_coco_v1,season+usage propagated per articleType from provided train
900651,Women,Personal Care,Lips,Lipstick,Spring,Casual,external_cosmetics_coco_v1,season+usage propagated per articleType from provided train
900652,Women,Personal Care,Lips,Lipstick,Spring,Casual,external_cosmetics_coco_v1,season+usage propagated per articleType from provided train
900653,Women,Personal Care,Lips,Lipstick,Spring,Casual,external_cosmetics_coco_v1,season+usage propagated per articleType from provided train
900654,Women,Personal Care,Lips,Lipstick,Spring,Casual,external_cosmetics_coco_v1,season+usage propagated per articleType from provided train
900655,Women,Personal Care,Lips,Lipstick,Spring,Casual,external_cosmetics_coco_v1,season+usage propagated per articleType from provided train
900656,Women,Personal Care,Lips,Lipstick,Spring,Casual,external_cosmetics_coco_v1,season+usage propagated per articleType from provided train
900657,Women,Personal Care,Lips,Lipstick,Spring,Casual,external_cosmetics_coco_v1,season+usage propagated per articleType from provided train
900658,Women,Personal Care,Lips,Lipstick,Spring,Casual,external_cosmetics_coco_v1,season+usage propagated per articleType from provided train
900659,Women,Personal Care,Lips,Lipstick,Spring,Casual,external_cosmetics_coco_v1,season+usage propagated per articleType from provided train
900660,Women,Personal Care,Lips,Lipstick,Spring,Casual,external_cosmetics_coco_v1,season+usage propagated per articleType from provided train
900661,Women,Personal Care,Lips,Lipstick,Spring,Casual,external_cosmetics_coco_v1,season+usage propagated per articleType from provided train
900662,Women,Personal Care,Lips,Lipstick,Spring,Casual,external_cosmetics_coco_v1,season+usage propagated per articleType from provided train
900663,Women,Personal Care,Lips,Lipstick,Spring,Casual,external_cosmetics_coco_v1,season+usage propagated per articleType from provided train
900664,Women,Personal Care,Lips,Lipstick,Spring,Casual,external_cosmetics_coco_v1,season+usage propagated per articleType from provided train
900665,Women,Personal Care,Lips,Lipstick,Spring,Casual,external_cosmetics_coco_v1,season+usage propagated per articleType from provided train
900666,Women,Personal Care,Lips,Lipstick,Spring,Casual,external_cosmetics_coco_v1,season+usage propagated per articleType from provided train
900667,Women,Personal Care,Lips,Lipstick,Spring,Casual,external_cosmetics_coco_v1,season+usage propagated per articleType from provided train
900668,Women,Personal Care,Lips,Lipstick,Spring,Casual,external_cosmetics_coco_v1,season+usage propagated per articleType from provided train
900670,Women,Personal Care,Lips,Lipstick,Spring,Casual,external_cosmetics_coco_v1,season+usage propagated per articleType from provided train
900671,Women,Personal Care,Lips,Lipstick,Spring,Casual,external_cosmetics_coco_v1,season+usage propagated per articleType from provided train
900672,Women,Personal Care,Lips,Lipstick,Spring,Casual,external_cosmetics_coco_v1,season+usage propagated per articleType from provided train
900673,Women,Personal Care,Lips,Lipstick,Spring,Casual,external_cosmetics_coco_v1,season+usage propagated per articleType from provided train
900674,Women,Personal Care,Lips,Lipstick,Spring,Casual,external_cosmetics_coco_v1,season+usage propagated per articleType from provided train
900675,Women,Personal Care,Lips,Lipstick,Spring,Casual,external_cosmetics_coco_v1,season+usage propagated per articleType from provided train
900676,Women,Personal Care,Lips,Lipstick,Spring,Casual,external_cosmetics_coco_v1,season+usage propagated per articleType from provided train
900677,Women,Personal Care,Lips,Lipstick,Spring,Casual,external_cosmetics_coco_v1,season+usage propagated per articleType from provided train
900678,Women,Personal Care,Lips,Lipstick,Spring,Casual,external_cosmetics_coco_v1,season+usage propagated per articleType from provided train
900679,Women,Personal Care,Lips,Lipstick,Spring,Casual,external_cosmetics_coco_v1,season+usage propagated per articleType from provided train
900680,Women,Personal Care,Lips,Lipstick,Spring,Casual,external_cosmetics_coco_v1,season+usage propagated per articleType from provided train
900681,Women,Personal Care,Lips,Lipstick,Spring,Casual,external_cosmetics_coco_v1,season+usage propagated per articleType from provided train
900682,Women,Personal Care,Lips,Lipstick,Spring,Casual,external_cosmetics_coco_v1,season+usage propagated per articleType from provided train
900683,Women,Personal Care,Lips,Lipstick,Spring,Casual,external_cosmetics_coco_v1,season+usage propagated per articleType from provided train
900684,Women,Personal Care,Lips,Lipstick,Spring,Casual,external_cosmetics_coco_v1,season+usage propagated per articleType from provided train
900685,Women,Personal Care,Lips,Lipstick,Spring,Casual,external_cosmetics_coco_v1,season+usage propagated per articleType from provided train
900686,Women,Personal Care,Lips,Lipstick,Spring,Casual,external_cosmetics_coco_v1,season+usage propagated per articleType from provided train
900687,Women,Personal Care,Lips,Lipstick,Spring,Casual,external_cosmetics_coco_v1,season+usage propagated per articleType from provided train
900688,Women,Personal Care,Lips,Lipstick,Spring,Casual,external_cosmetics_coco_v1,season+usage propagated per articleType from provided train
900689,Women,Personal Care,Lips,Lipstick,Spring,Casual,external_cosmetics_coco_v1,season+usage propagated per articleType from provided train
900690,Women,Personal Care,Lips,Lipstick,Spring,Casual,external_cosmetics_coco_v1,season+usage propagated per articleType from provided train
900691,Women,Personal Care,Lips,Lipstick,Spring,Casual,external_cosmetics_coco_v1,season+usage propagated per articleType from provided train
900692,Women,Personal Care,Lips,Lipstick,Spring,Casual,external_cosmetics_coco_v1,season+usage propagated per articleType from provided train
900693,Women,Personal Care,Lips,Lipstick,Spring,Casual,external_cosmetics_coco_v1,season+usage propagated per articleType from provided train
900694,Women,Personal Care,Lips,Lipstick,Spring,Casual,external_cosmetics_coco_v1,season+usage propagated per articleType from provided train
900695,Women,Personal Care,Lips,Lipstick,Spring,Casual,external_cosmetics_coco_v1,season+usage propagated per articleType from provided train
900696,Women,Personal Care,Lips,Lipstick,Spring,Casual,external_cosmetics_coco_v1,season+usage propagated per articleType from provided train
900697,Women,Personal Care,Lips,Lipstick,Spring,Casual,external_cosmetics_coco_v1,season+usage propagated per articleType from provided train
900698,Women,Personal Care,Lips,Lipstick,Spring,Casual,external_cosmetics_coco_v1,season+usage propagated per articleType from provided train
900699,Women,Personal Care,Lips,Lipstick,Spring,Casual,external_cosmetics_coco_v1,season+usage propagated per articleType from provided train
900700,Women,Personal Care,Lips,Lipstick,Spring,Casual,external_cosmetics_coco_v1,season+usage propagated per articleType from provided train
900701,Women,Personal Care,Lips,Lipstick,Spring,Casual,external_cosmetics_coco_v1,season+usage propagated per articleType from provided train
900702,Women,Personal Care,Lips,Lipstick,Spring,Casual,external_cosmetics_coco_v1,season+usage propagated per articleType from provided train
900703,Women,Personal Care,Lips,Lipstick,Spring,Casual,external_cosmetics_coco_v1,season+usage propagated per articleType from provided train
900704,Women,Personal Care,Lips,Lipstick,Spring,Casual,external_cosmetics_coco_v1,season+usage propagated per articleType from provided train
900705,Women,Personal Care,Lips,Lipstick,Spring,Casual,external_cosmetics_coco_v1,season+usage propagated per articleType from provided train
900706,Women,Personal Care,Lips,Lipstick,Spring,Casual,external_cosmetics_coco_v1,season+usage propagated per articleType from provided train
900707,Women,Personal Care,Lips,Lipstick,Spring,Casual,external_cosmetics_coco_v1,season+usage propagated per articleType from provided train
900708,Women,Personal Care,Lips,Lipstick,Spring,Casual,external_cosmetics_coco_v1,season+usage propagated per articleType from provided train
900709,Women,Personal Care,Lips,Lipstick,Spring,Casual,external_cosmetics_coco_v1,season+usage propagated per articleType from provided train
900710,Women,Personal Care,Lips,Lipstick,Spring,Casual,external_cosmetics_coco_v1,season+usage propagated per articleType from provided train
900711,Women,Personal Care,Lips,Lipstick,Spring,Casual,external_cosmetics_coco_v1,season+usage propagated per articleType from provided train
900712,Women,Personal Care,Lips,Lipstick,Spring,Casual,external_cosmetics_coco_v1,season+usage propagated per articleType from provided train
900713,Women,Personal Care,Lips,Lipstick,Spring,Casual,external_cosmetics_coco_v1,season+usage propagated per articleType from provided train
900714,Women,Personal Care,Lips,Lipstick,Spring,Casual,external_cosmetics_coco_v1,season+usage propagated per articleType from provided train
900715,Women,Personal Care,Lips,Lipstick,Spring,Casual,external_cosmetics_coco_v1,season+usage propagated per articleType from provided train
900716,Women,Personal Care,Lips,Lipstick,Spring,Casual,external_cosmetics_coco_v1,season+usage propagated per articleType from provided train
900717,Women,Personal Care,Lips,Lipstick,Spring,Casual,external_cosmetics_coco_v1,season+usage propagated per articleType from provided train
900718,Women,Personal Care,Lips,Lipstick,Spring,Casual,external_cosmetics_coco_v1,season+usage propagated per articleType from provided train
900719,Women,Personal Care,Lips,Lipstick,Spring,Casual,external_cosmetics_coco_v1,season+usage propagated per articleType from provided train
900720,Women,Personal Care,Lips,Lipstick,Spring,Casual,external_cosmetics_coco_v1,season+usage propagated per articleType from provided train
900721,Women,Personal Care,Lips,Lipstick,Spring,Casual,external_cosmetics_coco_v1,season+usage propagated per articleType from provided train
900722,Women,Personal Care,Lips,Lipstick,Spring,Casual,external_cosmetics_coco_v1,season+usage propagated per articleType from provided train
900723,Women,Personal Care,Lips,Lipstick,Spring,Casual,external_cosmetics_coco_v1,season+usage propagated per articleType from provided train
900724,Women,Personal Care,Lips,Lipstick,Spring,Casual,external_cosmetics_coco_v1,season+usage propagated per articleType from provided train
900725,Women,Personal Care,Lips,Lipstick,Spring,Casual,external_cosmetics_coco_v1,season+usage propagated per articleType from provided train
900726,Women,Personal Care,Lips,Lipstick,Spring,Casual,external_cosmetics_coco_v1,season+usage propagated per articleType from provided train
900727,Women,Personal Care,Lips,Lipstick,Spring,Casual,external_cosmetics_coco_v1,season+usage propagated per articleType from provided train
900728,Women,Personal Care,Lips,Lipstick,Spring,Casual,external_cosmetics_coco_v1,season+usage propagated per articleType from provided train
900729,Women,Personal Care,Lips,Lipstick,Spring,Casual,external_cosmetics_coco_v1,season+usage propagated per articleType from provided train
900730,Women,Personal Care,Lips,Lipstick,Spring,Casual,external_cosmetics_coco_v1,season+usage propagated per articleType from provided train
900731,Women,Personal Care,Lips,Lipstick,Spring,Casual,external_cosmetics_coco_v1,season+usage propagated per articleType from provided train
900732,Women,Personal Care,Lips,Lipstick,Spring,Casual,external_cosmetics_coco_v1,season+usage propagated per articleType from provided train
900733,Women,Personal Care,Lips,Lipstick,Spring,Casual,external_cosmetics_coco_v1,season+usage propagated per articleType from provided train
900734,Women,Personal Care,Lips,Lipstick,Spring,Casual,external_cosmetics_coco_v1,season+usage propagated per articleType from provided train
900735,Women,Personal Care,Lips,Lipstick,Spring,Casual,external_cosmetics_coco_v1,season+usage propagated per articleType from provided train
900736,Women,Personal Care,Lips,Lipstick,Spring,Casual,external_cosmetics_coco_v1,season+usage propagated per articleType from provided train
900737,Women,Personal Care,Lips,Lipstick,Spring,Casual,external_cosmetics_coco_v1,season+usage propagated per articleType from provided train
900738,Women,Personal Care,Lips,Lipstick,Spring,Casual,external_cosmetics_coco_v1,season+usage propagated per articleType from provided train
900739,Women,Personal Care,Lips,Lipstick,Spring,Casual,external_cosmetics_coco_v1,season+usage propagated per articleType from provided train
900740,Women,Personal Care,Lips,Lipstick,Spring,Casual,external_cosmetics_coco_v1,season+usage propagated per articleType from provided train
900742,Women,Personal Care,Lips,Lipstick,Spring,Casual,external_cosmetics_coco_v1,season+usage propagated per articleType from provided train
900743,Women,Personal Care,Lips,Lipstick,Spring,Casual,external_cosmetics_coco_v1,season+usage propagated per articleType from provided train
900744,Women,Personal Care,Lips,Lipstick,Spring,Casual,external_cosmetics_coco_v1,season+usage propagated per articleType from provided train
900745,Women,Personal Care,Lips,Lipstick,Spring,Casual,external_cosmetics_coco_v1,season+usage propagated per articleType from provided train
900746,Women,Personal Care,Lips,Lipstick,Spring,Casual,external_cosmetics_coco_v1,season+usage propagated per articleType from provided train
900747,Women,Personal Care,Lips,Lipstick,Spring,Casual,external_cosmetics_coco_v1,season+usage propagated per articleType from provided train
900748,Women,Personal Care,Lips,Lipstick,Spring,Casual,external_cosmetics_coco_v1,season+usage propagated per articleType from provided train
900749,Women,Personal Care,Lips,Lipstick,Spring,Casual,external_cosmetics_coco_v1,season+usage propagated per articleType from provided train
900750,Women,Personal Care,Lips,Lipstick,Spring,Casual,external_cosmetics_coco_v1,season+usage propagated per articleType from provided train
900752,Women,Personal Care,Lips,Lipstick,Spring,Casual,external_cosmetics_coco_v1,season+usage propagated per articleType from provided train
900753,Women,Personal Care,Lips,Lipstick,Spring,Casual,external_cosmetics_coco_v1,season+usage propagated per articleType from provided train
900754,Women,Personal Care,Lips,Lipstick,Spring,Casual,external_cosmetics_coco_v1,season+usage propagated per articleType from provided train
900755,Women,Personal Care,Lips,Lipstick,Spring,Casual,external_cosmetics_coco_v1,season+usage propagated per articleType from provided train
900756,Women,Personal Care,Lips,Lipstick,Spring,Casual,external_cosmetics_coco_v1,season+usage propagated per articleType from provided train
900757,Women,Personal Care,Lips,Lipstick,Spring,Casual,external_cosmetics_coco_v1,season+usage propagated per articleType from provided train
900758,Women,Personal Care,Lips,Lipstick,Spring,Casual,external_cosmetics_coco_v1,season+usage propagated per articleType from provided train
900759,Women,Personal Care,Lips,Lipstick,Spring,Casual,external_cosmetics_coco_v1,season+usage propagated per articleType from provided train
900760,Women,Personal Care,Lips,Lipstick,Spring,Casual,external_cosmetics_coco_v1,season+usage propagated per articleType from provided train
900761,Women,Personal Care,Lips,Lipstick,Spring,Casual,external_cosmetics_coco_v1,season+usage propagated per articleType from provided train
900762,Women,Personal Care,Lips,Lipstick,Spring,Casual,external_cosmetics_coco_v1,season+usage propagated per articleType from provided train
900763,Women,Personal Care,Lips,Lipstick,Spring,Casual,external_cosmetics_coco_v1,season+usage propagated per articleType from provided train
900764,Women,Personal Care,Lips,Lipstick,Spring,Casual,external_cosmetics_coco_v1,season+usage propagated per articleType from provided train
900765,Women,Personal Care,Lips,Lipstick,Spring,Casual,external_cosmetics_coco_v1,season+usage propagated per articleType from provided train
900766,Women,Personal Care,Lips,Lipstick,Spring,Casual,external_cosmetics_coco_v1,season+usage propagated per articleType from provided train
900767,Women,Personal Care,Lips,Lipstick,Spring,Casual,external_cosmetics_coco_v1,season+usage propagated per articleType from provided train
900768,Women,Personal Care,Lips,Lipstick,Spring,Casual,external_cosmetics_coco_v1,season+usage propagated per articleType from provided train
900770,Women,Personal Care,Lips,Lipstick,Spring,Casual,external_cosmetics_coco_v1,season+usage propagated per articleType from provided train
900771,Women,Personal Care,Lips,Lipstick,Spring,Casual,external_cosmetics_coco_v1,season+usage propagated per articleType from provided train
900772,Women,Personal Care,Lips,Lipstick,Spring,Casual,external_cosmetics_coco_v1,season+usage propagated per articleType from provided train
900773,Women,Personal Care,Lips,Lipstick,Spring,Casual,external_cosmetics_coco_v1,season+usage propagated per articleType from provided train
900774,Women,Personal Care,Lips,Lipstick,Spring,Casual,external_cosmetics_coco_v1,season+usage propagated per articleType from provided train
900775,Women,Personal Care,Lips,Lipstick,Spring,Casual,external_cosmetics_coco_v1,season+usage propagated per articleType from provided train
900776,Women,Personal Care,Lips,Lipstick,Spring,Casual,external_cosmetics_coco_v1,season+usage propagated per articleType from provided train
900777,Women,Personal Care,Lips,Lipstick,Spring,Casual,external_cosmetics_coco_v1,season+usage propagated per articleType from provided train
900778,Women,Personal Care,Lips,Lipstick,Spring,Casual,external_cosmetics_coco_v1,season+usage propagated per articleType from provided train
900779,Women,Personal Care,Lips,Lipstick,Spring,Casual,external_cosmetics_coco_v1,season+usage propagated per articleType from provided train
900780,Women,Personal Care,Lips,Lipstick,Spring,Casual,external_cosmetics_coco_v1,season+usage propagated per articleType from provided train
900781,Women,Personal Care,Lips,Lipstick,Spring,Casual,external_cosmetics_coco_v1,season+usage propagated per articleType from provided train
900782,Women,Personal Care,Lips,Lipstick,Spring,Casual,external_cosmetics_coco_v1,season+usage propagated per articleType from provided train
900783,Women,Personal Care,Lips,Lipstick,Spring,Casual,external_cosmetics_coco_v1,season+usage propagated per articleType from provided train
900784,Women,Personal Care,Lips,Lipstick,Spring,Casual,external_cosmetics_coco_v1,season+usage propagated per articleType from provided train
900785,Women,Personal Care,Lips,Lipstick,Spring,Casual,external_cosmetics_coco_v1,season+usage propagated per articleType from provided train
900786,Women,Personal Care,Lips,Lipstick,Spring,Casual,external_cosmetics_coco_v1,season+usage propagated per articleType from provided train
900787,Women,Personal Care,Lips,Lipstick,Spring,Casual,external_cosmetics_coco_v1,season+usage propagated per articleType from provided train
900788,Women,Personal Care,Lips,Lipstick,Spring,Casual,external_cosmetics_coco_v1,season+usage propagated per articleType from provided train
900789,Women,Personal Care,Lips,Lipstick,Spring,Casual,external_cosmetics_coco_v1,season+usage propagated per articleType from provided train
900790,Women,Personal Care,Lips,Lipstick,Spring,Casual,external_cosmetics_coco_v1,season+usage propagated per articleType from provided train
900791,Women,Personal Care,Lips,Lipstick,Spring,Casual,external_cosmetics_coco_v1,season+usage propagated per articleType from provided train
900792,Women,Personal Care,Lips,Lipstick,Spring,Casual,external_cosmetics_coco_v1,season+usage propagated per articleType from provided train
900793,Women,Personal Care,Lips,Lipstick,Spring,Casual,external_cosmetics_coco_v1,season+usage propagated per articleType from provided train
900794,Women,Personal Care,Lips,Lipstick,Spring,Casual,external_cosmetics_coco_v1,season+usage propagated per articleType from provided train
900796,Women,Personal Care,Lips,Lipstick,Spring,Casual,external_cosmetics_coco_v1,season+usage propagated per articleType from provided train
900797,Women,Personal Care,Lips,Lipstick,Spring,Casual,external_cosmetics_coco_v1,season+usage propagated per articleType from provided train
900798,Women,Personal Care,Lips,Lipstick,Spring,Casual,external_cosmetics_coco_v1,season+usage propagated per articleType from provided train
900799,Women,Personal Care,Lips,Lipstick,Spring,Casual,external_cosmetics_coco_v1,season+usage propagated per articleType from provided train
900800,Women,Personal Care,Nails,Nail Polish,Spring,Casual,external_cosmetics_coco_v1,season+usage propagated per articleType from provided train
900801,Women,Personal Care,Nails,Nail Polish,Spring,Casual,external_cosmetics_coco_v1,season+usage propagated per articleType from provided train
900803,Women,Personal Care,Nails,Nail Polish,Spring,Casual,external_cosmetics_coco_v1,season+usage propagated per articleType from provided train
900804,Women,Personal Care,Nails,Nail Polish,Spring,Casual,external_cosmetics_coco_v1,season+usage propagated per articleType from provided train
900805,Women,Personal Care,Nails,Nail Polish,Spring,Casual,external_cosmetics_coco_v1,season+usage propagated per articleType from provided train
900806,Women,Personal Care,Nails,Nail Polish,Spring,Casual,external_cosmetics_coco_v1,season+usage propagated per articleType from provided train
900807,Women,Personal Care,Nails,Nail Polish,Spring,Casual,external_cosmetics_coco_v1,season+usage propagated per articleType from provided train
900808,Women,Personal Care,Nails,Nail Polish,Spring,Casual,external_cosmetics_coco_v1,season+usage propagated per articleType from provided train
900809,Women,Personal Care,Nails,Nail Polish,Spring,Casual,external_cosmetics_coco_v1,season+usage propagated per articleType from provided train
900810,Women,Personal Care,Nails,Nail Polish,Spring,Casual,external_cosmetics_coco_v1,season+usage propagated per articleType from provided train
900811,Women,Personal Care,Nails,Nail Polish,Spring,Casual,external_cosmetics_coco_v1,season+usage propagated per articleType from provided train
900812,Women,Personal Care,Nails,Nail Polish,Spring,Casual,external_cosmetics_coco_v1,season+usage propagated per articleType from provided train
900813,Women,Personal Care,Nails,Nail Polish,Spring,Casual,external_cosmetics_coco_v1,season+usage propagated per articleType from provided train
900814,Women,Personal Care,Nails,Nail Polish,Spring,Casual,external_cosmetics_coco_v1,season+usage propagated per articleType from provided train
900815,Women,Personal Care,Nails,Nail Polish,Spring,Casual,external_cosmetics_coco_v1,season+usage propagated per articleType from provided train
900816,Women,Personal Care,Nails,Nail Polish,Spring,Casual,external_cosmetics_coco_v1,season+usage propagated per articleType from provided train
900817,Women,Personal Care,Nails,Nail Polish,Spring,Casual,external_cosmetics_coco_v1,season+usage propagated per articleType from provided train
900819,Women,Personal Care,Nails,Nail Polish,Spring,Casual,external_cosmetics_coco_v1,season+usage propagated per articleType from provided train
900820,Women,Personal Care,Nails,Nail Polish,Spring,Casual,external_cosmetics_coco_v1,season+usage propagated per articleType from provided train
900821,Women,Personal Care,Nails,Nail Polish,Spring,Casual,external_cosmetics_coco_v1,season+usage propagated per articleType from provided train
900822,Women,Personal Care,Nails,Nail Polish,Spring,Casual,external_cosmetics_coco_v1,season+usage propagated per articleType from provided train
900823,Women,Personal Care,Nails,Nail Polish,Spring,Casual,external_cosmetics_coco_v1,season+usage propagated per articleType from provided train
900824,Women,Personal Care,Nails,Nail Polish,Spring,Casual,external_cosmetics_coco_v1,season+usage propagated per articleType from provided train
900825,Women,Personal Care,Nails,Nail Polish,Spring,Casual,external_cosmetics_coco_v1,season+usage propagated per articleType from provided train
900826,Women,Personal Care,Nails,Nail Polish,Spring,Casual,external_cosmetics_coco_v1,season+usage propagated per articleType from provided train
900827,Women,Personal Care,Nails,Nail Polish,Spring,Casual,external_cosmetics_coco_v1,season+usage propagated per articleType from provided train
900828,Women,Personal Care,Nails,Nail Polish,Spring,Casual,external_cosmetics_coco_v1,season+usage propagated per articleType from provided train
900829,Women,Personal Care,Nails,Nail Polish,Spring,Casual,external_cosmetics_coco_v1,season+usage propagated per articleType from provided train
900830,Women,Personal Care,Nails,Nail Polish,Spring,Casual,external_cosmetics_coco_v1,season+usage propagated per articleType from provided train
900831,Women,Personal Care,Nails,Nail Polish,Spring,Casual,external_cosmetics_coco_v1,season+usage propagated per articleType from provided train
900832,Women,Personal Care,Nails,Nail Polish,Spring,Casual,external_cosmetics_coco_v1,season+usage propagated per articleType from provided train
900833,Women,Personal Care,Nails,Nail Polish,Spring,Casual,external_cosmetics_coco_v1,season+usage propagated per articleType from provided train
900834,Women,Personal Care,Nails,Nail Polish,Spring,Casual,external_cosmetics_coco_v1,season+usage propagated per articleType from provided train
900835,Women,Personal Care,Nails,Nail Polish,Spring,Casual,external_cosmetics_coco_v1,season+usage propagated per articleType from provided train
900836,Women,Personal Care,Nails,Nail Polish,Spring,Casual,external_cosmetics_coco_v1,season+usage propagated per articleType from provided train
900837,Women,Personal Care,Nails,Nail Polish,Spring,Casual,external_cosmetics_coco_v1,season+usage propagated per articleType from provided train
900838,Women,Personal Care,Nails,Nail Polish,Spring,Casual,external_cosmetics_coco_v1,season+usage propagated per articleType from provided train
900839,Women,Personal Care,Nails,Nail Polish,Spring,Casual,external_cosmetics_coco_v1,season+usage propagated per articleType from provided train
900840,Women,Personal Care,Nails,Nail Polish,Spring,Casual,external_cosmetics_coco_v1,season+usage propagated per articleType from provided train
900841,Women,Personal Care,Nails,Nail Polish,Spring,Casual,external_cosmetics_coco_v1,season+usage propagated per articleType from provided train
900842,Women,Personal Care,Nails,Nail Polish,Spring,Casual,external_cosmetics_coco_v1,season+usage propagated per articleType from provided train
900843,Women,Personal Care,Nails,Nail Polish,Spring,Casual,external_cosmetics_coco_v1,season+usage propagated per articleType from provided train
900844,Women,Personal Care,Nails,Nail Polish,Spring,Casual,external_cosmetics_coco_v1,season+usage propagated per articleType from provided train
900845,Women,Personal Care,Nails,Nail Polish,Spring,Casual,external_cosmetics_coco_v1,season+usage propagated per articleType from provided train
900846,Women,Personal Care,Nails,Nail Polish,Spring,Casual,external_cosmetics_coco_v1,season+usage propagated per articleType from provided train
900847,Women,Personal Care,Nails,Nail Polish,Spring,Casual,external_cosmetics_coco_v1,season+usage propagated per articleType from provided train
900848,Women,Personal Care,Nails,Nail Polish,Spring,Casual,external_cosmetics_coco_v1,season+usage propagated per articleType from provided train
900849,Women,Personal Care,Nails,Nail Polish,Spring,Casual,external_cosmetics_coco_v1,season+usage propagated per articleType from provided train
900850,Women,Personal Care,Nails,Nail Polish,Spring,Casual,external_cosmetics_coco_v1,season+usage propagated per articleType from provided train
900851,Women,Personal Care,Nails,Nail Polish,Spring,Casual,external_cosmetics_coco_v1,season+usage propagated per articleType from provided train
900852,Women,Personal Care,Nails,Nail Polish,Spring,Casual,external_cosmetics_coco_v1,season+usage propagated per articleType from provided train
900853,Women,Personal Care,Nails,Nail Polish,Spring,Casual,external_cosmetics_coco_v1,season+usage propagated per articleType from provided train
900854,Women,Personal Care,Nails,Nail Polish,Spring,Casual,external_cosmetics_coco_v1,season+usage propagated per articleType from provided train
900855,Women,Personal Care,Nails,Nail Polish,Spring,Casual,external_cosmetics_coco_v1,season+usage propagated per articleType from provided train
900856,Women,Personal Care,Nails,Nail Polish,Spring,Casual,external_cosmetics_coco_v1,season+usage propagated per articleType from provided train
900857,Women,Personal Care,Nails,Nail Polish,Spring,Casual,external_cosmetics_coco_v1,season+usage propagated per articleType from provided train
900858,Women,Personal Care,Nails,Nail Polish,Spring,Casual,external_cosmetics_coco_v1,season+usage propagated per articleType from provided train
900859,Women,Personal Care,Nails,Nail Polish,Spring,Casual,external_cosmetics_coco_v1,season+usage propagated per articleType from provided train
900860,Women,Personal Care,Nails,Nail Polish,Spring,Casual,external_cosmetics_coco_v1,season+usage propagated per articleType from provided train
900861,Women,Personal Care,Nails,Nail Polish,Spring,Casual,external_cosmetics_coco_v1,season+usage propagated per articleType from provided train
900862,Women,Personal Care,Nails,Nail Polish,Spring,Casual,external_cosmetics_coco_v1,season+usage propagated per articleType from provided train
900863,Women,Personal Care,Nails,Nail Polish,Spring,Casual,external_cosmetics_coco_v1,season+usage propagated per articleType from provided train
900864,Women,Personal Care,Nails,Nail Polish,Spring,Casual,external_cosmetics_coco_v1,season+usage propagated per articleType from provided train
900865,Women,Personal Care,Nails,Nail Polish,Spring,Casual,external_cosmetics_coco_v1,season+usage propagated per articleType from provided train
900866,Women,Personal Care,Nails,Nail Polish,Spring,Casual,external_cosmetics_coco_v1,season+usage propagated per articleType from provided train
900867,Women,Personal Care,Nails,Nail Polish,Spring,Casual,external_cosmetics_coco_v1,season+usage propagated per articleType from provided train
900869,Women,Personal Care,Nails,Nail Polish,Spring,Casual,external_cosmetics_coco_v1,season+usage propagated per articleType from provided train
900870,Women,Personal Care,Nails,Nail Polish,Spring,Casual,external_cosmetics_coco_v1,season+usage propagated per articleType from provided train
900871,Women,Personal Care,Nails,Nail Polish,Spring,Casual,external_cosmetics_coco_v1,season+usage propagated per articleType from provided train
900872,Women,Personal Care,Nails,Nail Polish,Spring,Casual,external_cosmetics_coco_v1,season+usage propagated per articleType from provided train
900873,Women,Personal Care,Nails,Nail Polish,Spring,Casual,external_cosmetics_coco_v1,season+usage propagated per articleType from provided train
900874,Women,Personal Care,Nails,Nail Polish,Spring,Casual,external_cosmetics_coco_v1,season+usage propagated per articleType from provided train
900875,Women,Personal Care,Nails,Nail Polish,Spring,Casual,external_cosmetics_coco_v1,season+usage propagated per articleType from provided train
900876,Women,Personal Care,Nails,Nail Polish,Spring,Casual,external_cosmetics_coco_v1,season+usage propagated per articleType from provided train
900877,Women,Personal Care,Nails,Nail Polish,Spring,Casual,external_cosmetics_coco_v1,season+usage propagated per articleType from provided train
900878,Women,Personal Care,Nails,Nail Polish,Spring,Casual,external_cosmetics_coco_v1,season+usage propagated per articleType from provided train
900879,Women,Personal Care,Nails,Nail Polish,Spring,Casual,external_cosmetics_coco_v1,season+usage propagated per articleType from provided train
900880,Women,Personal Care,Nails,Nail Polish,Spring,Casual,external_cosmetics_coco_v1,season+usage propagated per articleType from provided train
900881,Women,Personal Care,Nails,Nail Polish,Spring,Casual,external_cosmetics_coco_v1,season+usage propagated per articleType from provided train
900882,Women,Personal Care,Nails,Nail Polish,Spring,Casual,external_cosmetics_coco_v1,season+usage propagated per articleType from provided train
900884,Women,Personal Care,Nails,Nail Polish,Spring,Casual,external_cosmetics_coco_v1,season+usage propagated per articleType from provided train
900885,Women,Personal Care,Nails,Nail Polish,Spring,Casual,external_cosmetics_coco_v1,season+usage propagated per articleType from provided train
900887,Women,Personal Care,Nails,Nail Polish,Spring,Casual,external_cosmetics_coco_v1,season+usage propagated per articleType from provided train
900888,Women,Personal Care,Nails,Nail Polish,Spring,Casual,external_cosmetics_coco_v1,season+usage propagated per articleType from provided train
900889,Women,Personal Care,Nails,Nail Polish,Spring,Casual,external_cosmetics_coco_v1,season+usage propagated per articleType from provided train
900890,Women,Personal Care,Nails,Nail Polish,Spring,Casual,external_cosmetics_coco_v1,season+usage propagated per articleType from provided train
900891,Women,Personal Care,Nails,Nail Polish,Spring,Casual,external_cosmetics_coco_v1,season+usage propagated per articleType from provided train
900892,Women,Personal Care,Nails,Nail Polish,Spring,Casual,external_cosmetics_coco_v1,season+usage propagated per articleType from provided train
900893,Women,Personal Care,Nails,Nail Polish,Spring,Casual,external_cosmetics_coco_v1,season+usage propagated per articleType from provided train
900894,Women,Personal Care,Nails,Nail Polish,Spring,Casual,external_cosmetics_coco_v1,season+usage propagated per articleType from provided train
900895,Women,Personal Care,Nails,Nail Polish,Spring,Casual,external_cosmetics_coco_v1,season+usage propagated per articleType from provided train
900896,Women,Personal Care,Nails,Nail Polish,Spring,Casual,external_cosmetics_coco_v1,season+usage propagated per articleType from provided train
900897,Women,Personal Care,Nails,Nail Polish,Spring,Casual,external_cosmetics_coco_v1,season+usage propagated per articleType from provided train
900898,Women,Personal Care,Nails,Nail Polish,Spring,Casual,external_cosmetics_coco_v1,season+usage propagated per articleType from provided train
900899,Women,Personal Care,Nails,Nail Polish,Spring,Casual,external_cosmetics_coco_v1,season+usage propagated per articleType from provided train
900900,Women,Personal Care,Nails,Nail Polish,Spring,Casual,external_cosmetics_coco_v1,season+usage propagated per articleType from provided train
900901,Women,Personal Care,Nails,Nail Polish,Spring,Casual,external_cosmetics_coco_v1,season+usage propagated per articleType from provided train
900902,Women,Personal Care,Nails,Nail Polish,Spring,Casual,external_cosmetics_coco_v1,season+usage propagated per articleType from provided train
900903,Women,Personal Care,Nails,Nail Polish,Spring,Casual,external_cosmetics_coco_v1,season+usage propagated per articleType from provided train
900904,Women,Personal Care,Nails,Nail Polish,Spring,Casual,external_cosmetics_coco_v1,season+usage propagated per articleType from provided train
900905,Women,Personal Care,Nails,Nail Polish,Spring,Casual,external_cosmetics_coco_v1,season+usage propagated per articleType from provided train
900906,Women,Personal Care,Nails,Nail Polish,Spring,Casual,external_cosmetics_coco_v1,season+usage propagated per articleType from provided train
900907,Women,Personal Care,Nails,Nail Polish,Spring,Casual,external_cosmetics_coco_v1,season+usage propagated per articleType from provided train
900908,Women,Personal Care,Nails,Nail Polish,Spring,Casual,external_cosmetics_coco_v1,season+usage propagated per articleType from provided train
900909,Women,Personal Care,Nails,Nail Polish,Spring,Casual,external_cosmetics_coco_v1,season+usage propagated per articleType from provided train
900910,Women,Personal Care,Nails,Nail Polish,Spring,Casual,external_cosmetics_coco_v1,season+usage propagated per articleType from provided train
900911,Women,Personal Care,Nails,Nail Polish,Spring,Casual,external_cosmetics_coco_v1,season+usage propagated per articleType from provided train
900912,Women,Personal Care,Nails,Nail Polish,Spring,Casual,external_cosmetics_coco_v1,season+usage propagated per articleType from provided train
900913,Women,Personal Care,Nails,Nail Polish,Spring,Casual,external_cosmetics_coco_v1,season+usage propagated per articleType from provided train
900914,Women,Personal Care,Nails,Nail Polish,Spring,Casual,external_cosmetics_coco_v1,season+usage propagated per articleType from provided train
900915,Women,Personal Care,Nails,Nail Polish,Spring,Casual,external_cosmetics_coco_v1,season+usage propagated per articleType from provided train
900916,Women,Personal Care,Nails,Nail Polish,Spring,Casual,external_cosmetics_coco_v1,season+usage propagated per articleType from provided train
900917,Women,Personal Care,Nails,Nail Polish,Spring,Casual,external_cosmetics_coco_v1,season+usage propagated per articleType from provided train
900918,Women,Personal Care,Nails,Nail Polish,Spring,Casual,external_cosmetics_coco_v1,season+usage propagated per articleType from provided train
900919,Women,Personal Care,Nails,Nail Polish,Spring,Casual,external_cosmetics_coco_v1,season+usage propagated per articleType from provided train
900920,Women,Personal Care,Nails,Nail Polish,Spring,Casual,external_cosmetics_coco_v1,season+usage propagated per articleType from provided train
900921,Women,Personal Care,Nails,Nail Polish,Spring,Casual,external_cosmetics_coco_v1,season+usage propagated per articleType from provided train
900922,Women,Personal Care,Nails,Nail Polish,Spring,Casual,external_cosmetics_coco_v1,season+usage propagated per articleType from provided train
900923,Women,Personal Care,Nails,Nail Polish,Spring,Casual,external_cosmetics_coco_v1,season+usage propagated per articleType from provided train
900924,Women,Personal Care,Nails,Nail Polish,Spring,Casual,external_cosmetics_coco_v1,season+usage propagated per articleType from provided train
900926,Women,Personal Care,Nails,Nail Polish,Spring,Casual,external_cosmetics_coco_v1,season+usage propagated per articleType from provided train
900927,Women,Personal Care,Nails,Nail Polish,Spring,Casual,external_cosmetics_coco_v1,season+usage propagated per articleType from provided train
900928,Women,Personal Care,Nails,Nail Polish,Spring,Casual,external_cosmetics_coco_v1,season+usage propagated per articleType from provided train
900929,Women,Personal Care,Nails,Nail Polish,Spring,Casual,external_cosmetics_coco_v1,season+usage propagated per articleType from provided train
900930,Women,Personal Care,Nails,Nail Polish,Spring,Casual,external_cosmetics_coco_v1,season+usage propagated per articleType from provided train
900931,Women,Personal Care,Nails,Nail Polish,Spring,Casual,external_cosmetics_coco_v1,season+usage propagated per articleType from provided train
900932,Women,Personal Care,Nails,Nail Polish,Spring,Casual,external_cosmetics_coco_v1,season+usage propagated per articleType from provided train
900933,Women,Personal Care,Nails,Nail Polish,Spring,Casual,external_cosmetics_coco_v1,season+usage propagated per articleType from provided train
900934,Women,Personal Care,Nails,Nail Polish,Spring,Casual,external_cosmetics_coco_v1,season+usage propagated per articleType from provided train
900935,Women,Personal Care,Nails,Nail Polish,Spring,Casual,external_cosmetics_coco_v1,season+usage propagated per articleType from provided train
900936,Women,Personal Care,Nails,Nail Polish,Spring,Casual,external_cosmetics_coco_v1,season+usage propagated per articleType from provided train
900937,Women,Personal Care,Nails,Nail Polish,Spring,Casual,external_cosmetics_coco_v1,season+usage propagated per articleType from provided train
900938,Women,Personal Care,Nails,Nail Polish,Spring,Casual,external_cosmetics_coco_v1,season+usage propagated per articleType from provided train
900939,Women,Personal Care,Nails,Nail Polish,Spring,Casual,external_cosmetics_coco_v1,season+usage propagated per articleType from provided train
900940,Women,Personal Care,Nails,Nail Polish,Spring,Casual,external_cosmetics_coco_v1,season+usage propagated per articleType from provided train
900941,Women,Personal Care,Nails,Nail Polish,Spring,Casual,external_cosmetics_coco_v1,season+usage propagated per articleType from provided train
900942,Women,Personal Care,Nails,Nail Polish,Spring,Casual,external_cosmetics_coco_v1,season+usage propagated per articleType from provided train
900943,Women,Personal Care,Nails,Nail Polish,Spring,Casual,external_cosmetics_coco_v1,season+usage propagated per articleType from provided train
900944,Women,Personal Care,Nails,Nail Polish,Spring,Casual,external_cosmetics_coco_v1,season+usage propagated per articleType from provided train
900945,Women,Personal Care,Nails,Nail Polish,Spring,Casual,external_cosmetics_coco_v1,season+usage propagated per articleType from provided train
900947,Women,Personal Care,Nails,Nail Polish,Spring,Casual,external_cosmetics_coco_v1,season+usage propagated per articleType from provided train
900948,Women,Personal Care,Nails,Nail Polish,Spring,Casual,external_cosmetics_coco_v1,season+usage propagated per articleType from provided train
900949,Women,Personal Care,Nails,Nail Polish,Spring,Casual,external_cosmetics_coco_v1,season+usage propagated per articleType from provided train
900950,Women,Personal Care,Nails,Nail Polish,Spring,Casual,external_cosmetics_coco_v1,season+usage propagated per articleType from provided train
900951,Women,Personal Care,Nails,Nail Polish,Spring,Casual,external_cosmetics_coco_v1,season+usage propagated per articleType from provided train
900952,Women,Personal Care,Nails,Nail Polish,Spring,Casual,external_cosmetics_coco_v1,season+usage propagated per articleType from provided train
900953,Women,Personal Care,Nails,Nail Polish,Spring,Casual,external_cosmetics_coco_v1,season+usage propagated per articleType from provided train
900954,Women,Personal Care,Nails,Nail Polish,Spring,Casual,external_cosmetics_coco_v1,season+usage propagated per articleType from provided train
900955,Women,Personal Care,Nails,Nail Polish,Spring,Casual,external_cosmetics_coco_v1,season+usage propagated per articleType from provided train
900956,Women,Personal Care,Nails,Nail Polish,Spring,Casual,external_cosmetics_coco_v1,season+usage propagated per articleType from provided train
900957,Women,Personal Care,Nails,Nail Polish,Spring,Casual,external_cosmetics_coco_v1,season+usage propagated per articleType from provided train
900959,Women,Personal Care,Nails,Nail Polish,Spring,Casual,external_cosmetics_coco_v1,season+usage propagated per articleType from provided train
900960,Women,Personal Care,Nails,Nail Polish,Spring,Casual,external_cosmetics_coco_v1,season+usage propagated per articleType from provided train
900961,Women,Personal Care,Nails,Nail Polish,Spring,Casual,external_cosmetics_coco_v1,season+usage propagated per articleType from provided train
900962,Women,Personal Care,Nails,Nail Polish,Spring,Casual,external_cosmetics_coco_v1,season+usage propagated per articleType from provided train
900963,Women,Personal Care,Nails,Nail Polish,Spring,Casual,external_cosmetics_coco_v1,season+usage propagated per articleType from provided train
900964,Women,Personal Care,Nails,Nail Polish,Spring,Casual,external_cosmetics_coco_v1,season+usage propagated per articleType from provided train
900965,Women,Personal Care,Nails,Nail Polish,Spring,Casual,external_cosmetics_coco_v1,season+usage propagated per articleType from provided train
900966,Women,Personal Care,Nails,Nail Polish,Spring,Casual,external_cosmetics_coco_v1,season+usage propagated per articleType from provided train
900967,Women,Personal Care,Nails,Nail Polish,Spring,Casual,external_cosmetics_coco_v1,season+usage propagated per articleType from provided train
900969,Women,Personal Care,Nails,Nail Polish,Spring,Casual,external_cosmetics_coco_v1,season+usage propagated per articleType from provided train
900970,Women,Personal Care,Nails,Nail Polish,Spring,Casual,external_cosmetics_coco_v1,season+usage propagated per articleType from provided train
900971,Women,Personal Care,Nails,Nail Polish,Spring,Casual,external_cosmetics_coco_v1,season+usage propagated per articleType from provided train
900972,Women,Personal Care,Nails,Nail Polish,Spring,Casual,external_cosmetics_coco_v1,season+usage propagated per articleType from provided train
900974,Women,Personal Care,Nails,Nail Polish,Spring,Casual,external_cosmetics_coco_v1,season+usage propagated per articleType from provided train
900975,Women,Personal Care,Nails,Nail Polish,Spring,Casual,external_cosmetics_coco_v1,season+usage propagated per articleType from provided train
900976,Women,Personal Care,Nails,Nail Polish,Spring,Casual,external_cosmetics_coco_v1,season+usage propagated per articleType from provided train
900977,Women,Personal Care,Nails,Nail Polish,Spring,Casual,external_cosmetics_coco_v1,season+usage propagated per articleType from provided train
900978,Women,Personal Care,Nails,Nail Polish,Spring,Casual,external_cosmetics_coco_v1,season+usage propagated per articleType from provided train
900979,Women,Personal Care,Nails,Nail Polish,Spring,Casual,external_cosmetics_coco_v1,season+usage propagated per articleType from provided train
900980,Women,Personal Care,Nails,Nail Polish,Spring,Casual,external_cosmetics_coco_v1,season+usage propagated per articleType from provided train
900981,Women,Personal Care,Nails,Nail Polish,Spring,Casual,external_cosmetics_coco_v1,season+usage propagated per articleType from provided train
900982,Women,Personal Care,Nails,Nail Polish,Spring,Casual,external_cosmetics_coco_v1,season+usage propagated per articleType from provided train
900983,Women,Personal Care,Nails,Nail Polish,Spring,Casual,external_cosmetics_coco_v1,season+usage propagated per articleType from provided train
900984,Women,Personal Care,Nails,Nail Polish,Spring,Casual,external_cosmetics_coco_v1,season+usage propagated per articleType from provided train
900985,Women,Personal Care,Nails,Nail Polish,Spring,Casual,external_cosmetics_coco_v1,season+usage propagated per articleType from provided train
900986,Women,Personal Care,Nails,Nail Polish,Spring,Casual,external_cosmetics_coco_v1,season+usage propagated per articleType from provided train
900988,Women,Personal Care,Nails,Nail Polish,Spring,Casual,external_cosmetics_coco_v1,season+usage propagated per articleType from provided train
900989,Women,Personal Care,Nails,Nail Polish,Spring,Casual,external_cosmetics_coco_v1,season+usage propagated per articleType from provided train
900990,Women,Personal Care,Nails,Nail Polish,Spring,Casual,external_cosmetics_coco_v1,season+usage propagated per articleType from provided train
900991,Women,Personal Care,Nails,Nail Polish,Spring,Casual,external_cosmetics_coco_v1,season+usage propagated per articleType from provided train
900992,Women,Personal Care,Nails,Nail Polish,Spring,Casual,external_cosmetics_coco_v1,season+usage propagated per articleType from provided train
900993,Women,Personal Care,Nails,Nail Polish,Spring,Casual,external_cosmetics_coco_v1,season+usage propagated per articleType from provided train
900994,Women,Personal Care,Nails,Nail Polish,Spring,Casual,external_cosmetics_coco_v1,season+usage propagated per articleType from provided train
900995,Women,Personal Care,Nails,Nail Polish,Spring,Casual,external_cosmetics_coco_v1,season+usage propagated per articleType from provided train
900996,Women,Personal Care,Nails,Nail Polish,Spring,Casual,external_cosmetics_coco_v1,season+usage propagated per articleType from provided train
900997,Women,Personal Care,Nails,Nail Polish,Spring,Casual,external_cosmetics_coco_v1,season+usage propagated per articleType from provided train
900998,Women,Personal Care,Nails,Nail Polish,Spring,Casual,external_cosmetics_coco_v1,season+usage propagated per articleType from provided train
900999,Women,Personal Care,Nails,Nail Polish,Spring,Casual,external_cosmetics_coco_v1,season+usage propagated per articleType from provided train
901000,Women,Personal Care,Nails,Nail Polish,Spring,Casual,external_cosmetics_coco_v1,season+usage propagated per articleType from provided train
901001,Women,Personal Care,Nails,Nail Polish,Spring,Casual,external_cosmetics_coco_v1,season+usage propagated per articleType from provided train
901002,Women,Personal Care,Nails,Nail Polish,Spring,Casual,external_cosmetics_coco_v1,season+usage propagated per articleType from provided train
901003,Women,Personal Care,Nails,Nail Polish,Spring,Casual,external_cosmetics_coco_v1,season+usage propagated per articleType from provided train
901005,Women,Personal Care,Nails,Nail Polish,Spring,Casual,external_cosmetics_coco_v1,season+usage propagated per articleType from provided train
901006,Women,Personal Care,Nails,Nail Polish,Spring,Casual,external_cosmetics_coco_v1,season+usage propagated per articleType from provided train
901007,Women,Personal Care,Nails,Nail Polish,Spring,Casual,external_cosmetics_coco_v1,season+usage propagated per articleType from provided train
901008,Women,Personal Care,Nails,Nail Polish,Spring,Casual,external_cosmetics_coco_v1,season+usage propagated per articleType from provided train
901009,Women,Personal Care,Nails,Nail Polish,Spring,Casual,external_cosmetics_coco_v1,season+usage propagated per articleType from provided train
901010,Women,Personal Care,Nails,Nail Polish,Spring,Casual,external_cosmetics_coco_v1,season+usage propagated per articleType from provided train
901011,Women,Personal Care,Nails,Nail Polish,Spring,Casual,external_cosmetics_coco_v1,season+usage propagated per articleType from provided train
901012,Women,Personal Care,Nails,Nail Polish,Spring,Casual,external_cosmetics_coco_v1,season+usage propagated per articleType from provided train
901013,Women,Personal Care,Nails,Nail Polish,Spring,Casual,external_cosmetics_coco_v1,season+usage propagated per articleType from provided train
901014,Women,Personal Care,Nails,Nail Polish,Spring,Casual,external_cosmetics_coco_v1,season+usage propagated per articleType from provided train
901015,Women,Personal Care,Nails,Nail Polish,Spring,Casual,external_cosmetics_coco_v1,season+usage propagated per articleType from provided train
901016,Women,Personal Care,Nails,Nail Polish,Spring,Casual,external_cosmetics_coco_v1,season+usage propagated per articleType from provided train
901017,Women,Personal Care,Nails,Nail Polish,Spring,Casual,external_cosmetics_coco_v1,season+usage propagated per articleType from provided train
901018,Women,Personal Care,Nails,Nail Polish,Spring,Casual,external_cosmetics_coco_v1,season+usage propagated per articleType from provided train
901019,Women,Personal Care,Nails,Nail Polish,Spring,Casual,external_cosmetics_coco_v1,season+usage propagated per articleType from provided train
901020,Women,Personal Care,Nails,Nail Polish,Spring,Casual,external_cosmetics_coco_v1,season+usage propagated per articleType from provided train
901021,Women,Personal Care,Nails,Nail Polish,Spring,Casual,external_cosmetics_coco_v1,season+usage propagated per articleType from provided train
901022,Women,Personal Care,Nails,Nail Polish,Spring,Casual,external_cosmetics_coco_v1,season+usage propagated per articleType from provided train
901023,Women,Personal Care,Nails,Nail Polish,Spring,Casual,external_cosmetics_coco_v1,season+usage propagated per articleType from provided train
901024,Women,Personal Care,Nails,Nail Polish,Spring,Casual,external_cosmetics_coco_v1,season+usage propagated per articleType from provided train
901025,Women,Personal Care,Nails,Nail Polish,Spring,Casual,external_cosmetics_coco_v1,season+usage propagated per articleType from provided train
901026,Women,Personal Care,Nails,Nail Polish,Spring,Casual,external_cosmetics_coco_v1,season+usage propagated per articleType from provided train
901027,Women,Personal Care,Nails,Nail Polish,Spring,Casual,external_cosmetics_coco_v1,season+usage propagated per articleType from provided train
901028,Women,Personal Care,Nails,Nail Polish,Spring,Casual,external_cosmetics_coco_v1,season+usage propagated per articleType from provided train
901029,Women,Personal Care,Nails,Nail Polish,Spring,Casual,external_cosmetics_coco_v1,season+usage propagated per articleType from provided train
901030,Women,Personal Care,Nails,Nail Polish,Spring,Casual,external_cosmetics_coco_v1,season+usage propagated per articleType from provided train
901031,Women,Personal Care,Nails,Nail Polish,Spring,Casual,external_cosmetics_coco_v1,season+usage propagated per articleType from provided train
901032,Women,Personal Care,Nails,Nail Polish,Spring,Casual,external_cosmetics_coco_v1,season+usage propagated per articleType from provided train
901033,Women,Personal Care,Nails,Nail Polish,Spring,Casual,external_cosmetics_coco_v1,season+usage propagated per articleType from provided train
901034,Women,Personal Care,Nails,Nail Polish,Spring,Casual,external_cosmetics_coco_v1,season+usage propagated per articleType from provided train
901036,Women,Personal Care,Nails,Nail Polish,Spring,Casual,external_cosmetics_coco_v1,season+usage propagated per articleType from provided train
901037,Women,Personal Care,Nails,Nail Polish,Spring,Casual,external_cosmetics_coco_v1,season+usage propagated per articleType from provided train
901038,Women,Personal Care,Nails,Nail Polish,Spring,Casual,external_cosmetics_coco_v1,season+usage propagated per articleType from provided train
901039,Women,Personal Care,Nails,Nail Polish,Spring,Casual,external_cosmetics_coco_v1,season+usage propagated per articleType from provided train
901040,Women,Personal Care,Nails,Nail Polish,Spring,Casual,external_cosmetics_coco_v1,season+usage propagated per articleType from provided train
901041,Women,Personal Care,Nails,Nail Polish,Spring,Casual,external_cosmetics_coco_v1,season+usage propagated per articleType from provided train
901042,Women,Personal Care,Nails,Nail Polish,Spring,Casual,external_cosmetics_coco_v1,season+usage propagated per articleType from provided train
901043,Women,Personal Care,Nails,Nail Polish,Spring,Casual,external_cosmetics_coco_v1,season+usage propagated per articleType from provided train
901044,Women,Personal Care,Nails,Nail Polish,Spring,Casual,external_cosmetics_coco_v1,season+usage propagated per articleType from provided train
901045,Women,Personal Care,Nails,Nail Polish,Spring,Casual,external_cosmetics_coco_v1,season+usage propagated per articleType from provided train
901046,Women,Personal Care,Nails,Nail Polish,Spring,Casual,external_cosmetics_coco_v1,season+usage propagated per articleType from provided train
901047,Women,Personal Care,Nails,Nail Polish,Spring,Casual,external_cosmetics_coco_v1,season+usage propagated per articleType from provided train
901048,Women,Personal Care,Nails,Nail Polish,Spring,Casual,external_cosmetics_coco_v1,season+usage propagated per articleType from provided train
901049,Women,Personal Care,Nails,Nail Polish,Spring,Casual,external_cosmetics_coco_v1,season+usage propagated per articleType from provided train
901050,Women,Personal Care,Nails,Nail Polish,Spring,Casual,external_cosmetics_coco_v1,season+usage propagated per articleType from provided train
901053,Women,Personal Care,Nails,Nail Polish,Spring,Casual,external_cosmetics_coco_v1,season+usage propagated per articleType from provided train
901054,Women,Personal Care,Nails,Nail Polish,Spring,Casual,external_cosmetics_coco_v1,season+usage propagated per articleType from provided train
901055,Women,Personal Care,Nails,Nail Polish,Spring,Casual,external_cosmetics_coco_v1,season+usage propagated per articleType from provided train
901056,Women,Personal Care,Nails,Nail Polish,Spring,Casual,external_cosmetics_coco_v1,season+usage propagated per articleType from provided train
901057,Women,Personal Care,Nails,Nail Polish,Spring,Casual,external_cosmetics_coco_v1,season+usage propagated per articleType from provided train
901058,Women,Personal Care,Nails,Nail Polish,Spring,Casual,external_cosmetics_coco_v1,season+usage propagated per articleType from provided train
901059,Women,Personal Care,Nails,Nail Polish,Spring,Casual,external_cosmetics_coco_v1,season+usage propagated per articleType from provided train
901060,Women,Personal Care,Nails,Nail Polish,Spring,Casual,external_cosmetics_coco_v1,season+usage propagated per articleType from provided train
901062,Women,Personal Care,Nails,Nail Polish,Spring,Casual,external_cosmetics_coco_v1,season+usage propagated per articleType from provided train
901063,Women,Personal Care,Nails,Nail Polish,Spring,Casual,external_cosmetics_coco_v1,season+usage propagated per articleType from provided train
901064,Women,Personal Care,Nails,Nail Polish,Spring,Casual,external_cosmetics_coco_v1,season+usage propagated per articleType from provided train
901065,Women,Personal Care,Nails,Nail Polish,Spring,Casual,external_cosmetics_coco_v1,season+usage propagated per articleType from provided train
901066,Women,Personal Care,Nails,Nail Polish,Spring,Casual,external_cosmetics_coco_v1,season+usage propagated per articleType from provided train
901068,Women,Personal Care,Nails,Nail Polish,Spring,Casual,external_cosmetics_coco_v1,season+usage propagated per articleType from provided train
901069,Women,Personal Care,Nails,Nail Polish,Spring,Casual,external_cosmetics_coco_v1,season+usage propagated per articleType from provided train
901070,Women,Personal Care,Nails,Nail Polish,Spring,Casual,external_cosmetics_coco_v1,season+usage propagated per articleType from provided train
901071,Women,Personal Care,Nails,Nail Polish,Spring,Casual,external_cosmetics_coco_v1,season+usage propagated per articleType from provided train
901072,Women,Personal Care,Nails,Nail Polish,Spring,Casual,external_cosmetics_coco_v1,season+usage propagated per articleType from provided train
901073,Women,Personal Care,Nails,Nail Polish,Spring,Casual,external_cosmetics_coco_v1,season+usage propagated per articleType from provided train
901074,Women,Personal Care,Nails,Nail Polish,Spring,Casual,external_cosmetics_coco_v1,season+usage propagated per articleType from provided train
901075,Women,Personal Care,Nails,Nail Polish,Spring,Casual,external_cosmetics_coco_v1,season+usage propagated per articleType from provided train
901076,Women,Personal Care,Nails,Nail Polish,Spring,Casual,external_cosmetics_coco_v1,season+usage propagated per articleType from provided train
901077,Women,Personal Care,Nails,Nail Polish,Spring,Casual,external_cosmetics_coco_v1,season+usage propagated per articleType from provided train
901078,Women,Personal Care,Nails,Nail Polish,Spring,Casual,external_cosmetics_coco_v1,season+usage propagated per articleType from provided train
901079,Women,Personal Care,Nails,Nail Polish,Spring,Casual,external_cosmetics_coco_v1,season+usage propagated per articleType from provided train
901080,Women,Personal Care,Nails,Nail Polish,Spring,Casual,external_cosmetics_coco_v1,season+usage propagated per articleType from provided train
901081,Women,Personal Care,Nails,Nail Polish,Spring,Casual,external_cosmetics_coco_v1,season+usage propagated per articleType from provided train
901082,Women,Personal Care,Nails,Nail Polish,Spring,Casual,external_cosmetics_coco_v1,season+usage propagated per articleType from provided train
901084,Women,Personal Care,Nails,Nail Polish,Spring,Casual,external_cosmetics_coco_v1,season+usage propagated per articleType from provided train
901085,Women,Personal Care,Nails,Nail Polish,Spring,Casual,external_cosmetics_coco_v1,season+usage propagated per articleType from provided train
901086,Women,Personal Care,Nails,Nail Polish,Spring,Casual,external_cosmetics_coco_v1,season+usage propagated per articleType from provided train
901087,Women,Personal Care,Nails,Nail Polish,Spring,Casual,external_cosmetics_coco_v1,season+usage propagated per articleType from provided train
901088,Women,Personal Care,Nails,Nail Polish,Spring,Casual,external_cosmetics_coco_v1,season+usage propagated per articleType from provided train
901089,Women,Personal Care,Nails,Nail Polish,Spring,Casual,external_cosmetics_coco_v1,season+usage propagated per articleType from provided train
901090,Women,Personal Care,Nails,Nail Polish,Spring,Casual,external_cosmetics_coco_v1,season+usage propagated per articleType from provided train
901091,Women,Personal Care,Nails,Nail Polish,Spring,Casual,external_cosmetics_coco_v1,season+usage propagated per articleType from provided train
901092,Women,Personal Care,Nails,Nail Polish,Spring,Casual,external_cosmetics_coco_v1,season+usage propagated per articleType from provided train
901093,Women,Personal Care,Nails,Nail Polish,Spring,Casual,external_cosmetics_coco_v1,season+usage propagated per articleType from provided train
901094,Women,Personal Care,Nails,Nail Polish,Spring,Casual,external_cosmetics_coco_v1,season+usage propagated per articleType from provided train
901095,Women,Personal Care,Nails,Nail Polish,Spring,Casual,external_cosmetics_coco_v1,season+usage propagated per articleType from provided train
901096,Women,Personal Care,Nails,Nail Polish,Spring,Casual,external_cosmetics_coco_v1,season+usage propagated per articleType from provided train
901097,Women,Personal Care,Nails,Nail Polish,Spring,Casual,external_cosmetics_coco_v1,season+usage propagated per articleType from provided train
901098,Women,Personal Care,Nails,Nail Polish,Spring,Casual,external_cosmetics_coco_v1,season+usage propagated per articleType from provided train
901099,Women,Personal Care,Nails,Nail Polish,Spring,Casual,external_cosmetics_coco_v1,season+usage propagated per articleType from provided train
901100,Women,Personal Care,Nails,Nail Polish,Spring,Casual,external_cosmetics_coco_v1,season+usage propagated per articleType from provided train
901101,Women,Personal Care,Nails,Nail Polish,Spring,Casual,external_cosmetics_coco_v1,season+usage propagated per articleType from provided train
901102,Women,Personal Care,Nails,Nail Polish,Spring,Casual,external_cosmetics_coco_v1,season+usage propagated per articleType from provided train
901103,Women,Personal Care,Nails,Nail Polish,Spring,Casual,external_cosmetics_coco_v1,season+usage propagated per articleType from provided train
901104,Women,Personal Care,Nails,Nail Polish,Spring,Casual,external_cosmetics_coco_v1,season+usage propagated per articleType from provided train
901105,Women,Personal Care,Nails,Nail Polish,Spring,Casual,external_cosmetics_coco_v1,season+usage propagated per articleType from provided train
901106,Women,Personal Care,Nails,Nail Polish,Spring,Casual,external_cosmetics_coco_v1,season+usage propagated per articleType from provided train
901107,Women,Personal Care,Nails,Nail Polish,Spring,Casual,external_cosmetics_coco_v1,season+usage propagated per articleType from provided train
901108,Women,Personal Care,Nails,Nail Polish,Spring,Casual,external_cosmetics_coco_v1,season+usage propagated per articleType from provided train
901109,Women,Personal Care,Nails,Nail Polish,Spring,Casual,external_cosmetics_coco_v1,season+usage propagated per articleType from provided train
901110,Women,Personal Care,Nails,Nail Polish,Spring,Casual,external_cosmetics_coco_v1,season+usage propagated per articleType from provided train
901111,Women,Personal Care,Nails,Nail Polish,Spring,Casual,external_cosmetics_coco_v1,season+usage propagated per articleType from provided train
901112,Women,Personal Care,Nails,Nail Polish,Spring,Casual,external_cosmetics_coco_v1,season+usage propagated per articleType from provided train
901113,Women,Personal Care,Nails,Nail Polish,Spring,Casual,external_cosmetics_coco_v1,season+usage propagated per articleType from provided train
901115,Women,Personal Care,Nails,Nail Polish,Spring,Casual,external_cosmetics_coco_v1,season+usage propagated per articleType from provided train
901116,Women,Personal Care,Nails,Nail Polish,Spring,Casual,external_cosmetics_coco_v1,season+usage propagated per articleType from provided train
901117,Women,Personal Care,Nails,Nail Polish,Spring,Casual,external_cosmetics_coco_v1,season+usage propagated per articleType from provided train
901118,Women,Personal Care,Nails,Nail Polish,Spring,Casual,external_cosmetics_coco_v1,season+usage propagated per articleType from provided train
901119,Women,Personal Care,Nails,Nail Polish,Spring,Casual,external_cosmetics_coco_v1,season+usage propagated per articleType from provided train
901120,Women,Personal Care,Nails,Nail Polish,Spring,Casual,external_cosmetics_coco_v1,season+usage propagated per articleType from provided train
901121,Women,Personal Care,Nails,Nail Polish,Spring,Casual,external_cosmetics_coco_v1,season+usage propagated per articleType from provided train
901122,Women,Personal Care,Nails,Nail Polish,Spring,Casual,external_cosmetics_coco_v1,season+usage propagated per articleType from provided train
901123,Women,Personal Care,Nails,Nail Polish,Spring,Casual,external_cosmetics_coco_v1,season+usage propagated per articleType from provided train
901124,Women,Personal Care,Nails,Nail Polish,Spring,Casual,external_cosmetics_coco_v1,season+usage propagated per articleType from provided train
901125,Women,Personal Care,Nails,Nail Polish,Spring,Casual,external_cosmetics_coco_v1,season+usage propagated per articleType from provided train
901127,Women,Personal Care,Nails,Nail Polish,Spring,Casual,external_cosmetics_coco_v1,season+usage propagated per articleType from provided train
901128,Women,Personal Care,Nails,Nail Polish,Spring,Casual,external_cosmetics_coco_v1,season+usage propagated per articleType from provided train
901129,Women,Personal Care,Nails,Nail Polish,Spring,Casual,external_cosmetics_coco_v1,season+usage propagated per articleType from provided train
901130,Women,Personal Care,Nails,Nail Polish,Spring,Casual,external_cosmetics_coco_v1,season+usage propagated per articleType from provided train
901131,Women,Personal Care,Nails,Nail Polish,Spring,Casual,external_cosmetics_coco_v1,season+usage propagated per articleType from provided train
901132,Women,Personal Care,Nails,Nail Polish,Spring,Casual,external_cosmetics_coco_v1,season+usage propagated per articleType from provided train
901133,Women,Personal Care,Nails,Nail Polish,Spring,Casual,external_cosmetics_coco_v1,season+usage propagated per articleType from provided train
901134,Women,Personal Care,Nails,Nail Polish,Spring,Casual,external_cosmetics_coco_v1,season+usage propagated per articleType from provided train
901135,Women,Personal Care,Nails,Nail Polish,Spring,Casual,external_cosmetics_coco_v1,season+usage propagated per articleType from provided train
901136,Women,Personal Care,Nails,Nail Polish,Spring,Casual,external_cosmetics_coco_v1,season+usage propagated per articleType from provided train
901137,Women,Personal Care,Nails,Nail Polish,Spring,Casual,external_cosmetics_coco_v1,season+usage propagated per articleType from provided train
901139,Women,Personal Care,Nails,Nail Polish,Spring,Casual,external_cosmetics_coco_v1,season+usage propagated per articleType from provided train
901140,Women,Personal Care,Nails,Nail Polish,Spring,Casual,external_cosmetics_coco_v1,season+usage propagated per articleType from provided train
901141,Women,Personal Care,Nails,Nail Polish,Spring,Casual,external_cosmetics_coco_v1,season+usage propagated per articleType from provided train
901142,Women,Personal Care,Nails,Nail Polish,Spring,Casual,external_cosmetics_coco_v1,season+usage propagated per articleType from provided train
901143,Women,Personal Care,Nails,Nail Polish,Spring,Casual,external_cosmetics_coco_v1,season+usage propagated per articleType from provided train
901144,Women,Personal Care,Nails,Nail Polish,Spring,Casual,external_cosmetics_coco_v1,season+usage propagated per articleType from provided train
901145,Women,Personal Care,Nails,Nail Polish,Spring,Casual,external_cosmetics_coco_v1,season+usage propagated per articleType from provided train
901146,Women,Personal Care,Nails,Nail Polish,Spring,Casual,external_cosmetics_coco_v1,season+usage propagated per articleType from provided train
901147,Women,Personal Care,Nails,Nail Polish,Spring,Casual,external_cosmetics_coco_v1,season+usage propagated per articleType from provided train
901148,Women,Personal Care,Nails,Nail Polish,Spring,Casual,external_cosmetics_coco_v1,season+usage propagated per articleType from provided train
901149,Women,Personal Care,Nails,Nail Polish,Spring,Casual,external_cosmetics_coco_v1,season+usage propagated per articleType from provided train
901150,Women,Personal Care,Nails,Nail Polish,Spring,Casual,external_cosmetics_coco_v1,season+usage propagated per articleType from provided train
901151,Women,Personal Care,Nails,Nail Polish,Spring,Casual,external_cosmetics_coco_v1,season+usage propagated per articleType from provided train
901153,Women,Personal Care,Nails,Nail Polish,Spring,Casual,external_cosmetics_coco_v1,season+usage propagated per articleType from provided train
901154,Women,Personal Care,Nails,Nail Polish,Spring,Casual,external_cosmetics_coco_v1,season+usage propagated per articleType from provided train
901155,Women,Personal Care,Nails,Nail Polish,Spring,Casual,external_cosmetics_coco_v1,season+usage propagated per articleType from provided train
901157,Women,Personal Care,Nails,Nail Polish,Spring,Casual,external_cosmetics_coco_v1,season+usage propagated per articleType from provided train
901158,Women,Personal Care,Nails,Nail Polish,Spring,Casual,external_cosmetics_coco_v1,season+usage propagated per articleType from provided train
901159,Women,Personal Care,Nails,Nail Polish,Spring,Casual,external_cosmetics_coco_v1,season+usage propagated per articleType from provided train
901160,Women,Personal Care,Nails,Nail Polish,Spring,Casual,external_cosmetics_coco_v1,season+usage propagated per articleType from provided train
901161,Women,Personal Care,Nails,Nail Polish,Spring,Casual,external_cosmetics_coco_v1,season+usage propagated per articleType from provided train
901162,Women,Personal Care,Nails,Nail Polish,Spring,Casual,external_cosmetics_coco_v1,season+usage propagated per articleType from provided train
901163,Women,Personal Care,Nails,Nail Polish,Spring,Casual,external_cosmetics_coco_v1,season+usage propagated per articleType from provided train
901164,Women,Personal Care,Nails,Nail Polish,Spring,Casual,external_cosmetics_coco_v1,season+usage propagated per articleType from provided train
901165,Women,Personal Care,Nails,Nail Polish,Spring,Casual,external_cosmetics_coco_v1,season+usage propagated per articleType from provided train
901166,Women,Personal Care,Nails,Nail Polish,Spring,Casual,external_cosmetics_coco_v1,season+usage propagated per articleType from provided train
901167,Women,Personal Care,Nails,Nail Polish,Spring,Casual,external_cosmetics_coco_v1,season+usage propagated per articleType from provided train
901168,Women,Personal Care,Nails,Nail Polish,Spring,Casual,external_cosmetics_coco_v1,season+usage propagated per articleType from provided train
901169,Women,Personal Care,Nails,Nail Polish,Spring,Casual,external_cosmetics_coco_v1,season+usage propagated per articleType from provided train
901170,Women,Personal Care,Nails,Nail Polish,Spring,Casual,external_cosmetics_coco_v1,season+usage propagated per articleType from provided train
901171,Women,Personal Care,Nails,Nail Polish,Spring,Casual,external_cosmetics_coco_v1,season+usage propagated per articleType from provided train
901172,Women,Personal Care,Nails,Nail Polish,Spring,Casual,external_cosmetics_coco_v1,season+usage propagated per articleType from provided train
901173,Women,Personal Care,Nails,Nail Polish,Spring,Casual,external_cosmetics_coco_v1,season+usage propagated per articleType from provided train
901174,Women,Personal Care,Nails,Nail Polish,Spring,Casual,external_cosmetics_coco_v1,season+usage propagated per articleType from provided train
901175,Women,Personal Care,Nails,Nail Polish,Spring,Casual,external_cosmetics_coco_v1,season+usage propagated per articleType from provided train
901176,Women,Personal Care,Nails,Nail Polish,Spring,Casual,external_cosmetics_coco_v1,season+usage propagated per articleType from provided train
901177,Women,Personal Care,Nails,Nail Polish,Spring,Casual,external_cosmetics_coco_v1,season+usage propagated per articleType from provided train
901178,Women,Personal Care,Nails,Nail Polish,Spring,Casual,external_cosmetics_coco_v1,season+usage propagated per articleType from provided train
901179,Women,Personal Care,Nails,Nail Polish,Spring,Casual,external_cosmetics_coco_v1,season+usage propagated per articleType from provided train
901180,Women,Personal Care,Nails,Nail Polish,Spring,Casual,external_cosmetics_coco_v1,season+usage propagated per articleType from provided train
901181,Women,Personal Care,Nails,Nail Polish,Spring,Casual,external_cosmetics_coco_v1,season+usage propagated per articleType from provided train
901182,Women,Personal Care,Nails,Nail Polish,Spring,Casual,external_cosmetics_coco_v1,season+usage propagated per articleType from provided train
901183,Women,Personal Care,Nails,Nail Polish,Spring,Casual,external_cosmetics_coco_v1,season+usage propagated per articleType from provided train
901184,Women,Personal Care,Nails,Nail Polish,Spring,Casual,external_cosmetics_coco_v1,season+usage propagated per articleType from provided train
901185,Women,Personal Care,Nails,Nail Polish,Spring,Casual,external_cosmetics_coco_v1,season+usage propagated per articleType from provided train
901186,Women,Personal Care,Nails,Nail Polish,Spring,Casual,external_cosmetics_coco_v1,season+usage propagated per articleType from provided train
901187,Women,Personal Care,Nails,Nail Polish,Spring,Casual,external_cosmetics_coco_v1,season+usage propagated per articleType from provided train
901188,Women,Personal Care,Nails,Nail Polish,Spring,Casual,external_cosmetics_coco_v1,season+usage propagated per articleType from provided train
901189,Women,Personal Care,Nails,Nail Polish,Spring,Casual,external_cosmetics_coco_v1,season+usage propagated per articleType from provided train
901190,Women,Personal Care,Nails,Nail Polish,Spring,Casual,external_cosmetics_coco_v1,season+usage propagated per articleType from provided train
901191,Women,Personal Care,Nails,Nail Polish,Spring,Casual,external_cosmetics_coco_v1,season+usage propagated per articleType from provided train
901192,Women,Personal Care,Nails,Nail Polish,Spring,Casual,external_cosmetics_coco_v1,season+usage propagated per articleType from provided train
901193,Women,Personal Care,Nails,Nail Polish,Spring,Casual,external_cosmetics_coco_v1,season+usage propagated per articleType from provided train
901194,Women,Personal Care,Nails,Nail Polish,Spring,Casual,external_cosmetics_coco_v1,season+usage propagated per articleType from provided train
901195,Women,Personal Care,Nails,Nail Polish,Spring,Casual,external_cosmetics_coco_v1,season+usage propagated per articleType from provided train
901196,Women,Personal Care,Nails,Nail Polish,Spring,Casual,external_cosmetics_coco_v1,season+usage propagated per articleType from provided train
901197,Women,Personal Care,Nails,Nail Polish,Spring,Casual,external_cosmetics_coco_v1,season+usage propagated per articleType from provided train
901198,Women,Personal Care,Nails,Nail Polish,Spring,Casual,external_cosmetics_coco_v1,season+usage propagated per articleType from provided train
901199,Women,Personal Care,Nails,Nail Polish,Spring,Casual,external_cosmetics_coco_v1,season+usage propagated per articleType from provided train
