id,gender,articleType,season,usage
52003,,Watches,,
52007,,Dresses,,
52017,,Watches,,
52021,,Lounge Pants,,
52023,,Tshirts,,
52026,,Jackets,,
52027,,Shirts,,
52028,,Jackets,,
52029,,Jackets,,
52030,,Jackets,,
52031,,Jackets,,
52032,,Shirts,,
52034,,Jackets,,
52042,,Jackets,,
52043,,Jackets,,
52044,,Jackets,,
52045,,Shirts,,
52049,,Innerwear Vests,,
52050,,Tshirts,,
52051,,Tshirts,,
52052,,Tshirts,,
52053,,Tshirts,,
52054,,Tshirts,,
52055,,Tshirts,,
52056,,Tshirts,,
52057,,Tshirts,,
52058,,Tshirts,,
52059,,Tshirts,,
52060,,Tshirts,,
52061,,Tshirts,,
52062,,Tshirts,,
52063,,Tshirts,,
52064,,Tshirts,,
52065,,Tshirts,,
52066,,Tshirts,,
52067,,Tshirts,,
52068,,Tshirts,,
52069,,Tshirts,,
52070,,Tshirts,,
52071,,Tshirts,,
52072,,Tshirts,,
52073,,Tshirts,,
52074,,Tshirts,,
52075,,Tshirts,,
52076,,Tshirts,,
52077,,Shirts,,
52078,,Tshirts,,
52079,,Tshirts,,
52080,,Tshirts,,
52081,,Tshirts,,
52082,,Tshirts,,
52083,,Tshirts,,
52084,,Tops,,
52085,,Tops,,
52086,,Tshirts,,
52087,,Tops,,
52088,,Tops,,
52089,,Tops,,
52090,,Tops,,
52091,,Tops,,
52092,,Tshirts,,
52093,,Tops,,
52094,,Tops,,
52095,,Tops,,
52096,,Tops,,
52097,,Tops,,
52098,,Tops,,
52099,,Tops,,
52100,,Kurtas,,
52101,,Kurtas,,
52102,,Kurtas,,
52103,,Tunics,,
52104,,Kurtas,,
52105,,Kurtas,,
52106,,Kurtas,,
52107,,Kurtas,,
52108,,Kurtas,,
52109,,Kurtas,,
52110,,Kurtas,,
52111,,Kurtis,,
52112,,Kurtis,,
52113,,Kurtis,,
52114,,Tops,,
52115,,Tops,,
52116,,Tops,,
52117,,Tops,,
52118,,Tops,,
52119,,Tops,,
52120,,Tshirts,,
52121,,Shirts,,
52122,,Tshirts,,
52123,,Dresses,,
52124,,Dresses,,
52125,,Dresses,,
52126,,Tops,,
52127,,Tshirts,,
52128,,Lehenga Choli,,
52129,,Tshirts,,
52130,,Dresses,,
52131,,Dresses,,
52132,,Tshirts,,
52133,,Leggings,,
52134,,Stockings,,
52135,,Tops,,
52136,,Tshirts,,
52137,,Tshirts,,
52138,,Tshirts,,
52139,,Tshirts,,
52140,,Tshirts,,
52141,,Tshirts,,
52142,,Tshirts,,
52143,,Tshirts,,
52144,,Tshirts,,
52145,,Tshirts,,
52146,,Tshirts,,
52147,,Tshirts,,
52148,,Tshirts,,
52149,,Tshirts,,
52150,,Tshirts,,
52151,,Tshirts,,
52153,,Tops,,
52154,,Tops,,
52155,,Tops,,
52156,,Tops,,
52157,,Dresses,,
52158,,Tops,,
52159,,Dupatta,,
52160,,Tunics,,
52161,,Dresses,,
52162,,Dresses,,
52163,,Tops,,
52164,,Tops,,
52165,,Flats,,
52166,,Necklace and Chains,,
52168,,Ring,,
52169,,Sandals,,
52172,,Sports Shoes,,
52173,,Watches,,
52176,,Handbags,,
52177,,Watches,,
52178,,Flip Flops,,
52179,,Shirts,,
52180,,Earrings,,
52181,,Earrings,,
52182,,Sports Shoes,,
52183,,Earrings,,
52185,,Sports Shoes,,
52186,,Footballs,,
52187,,Casual Shoes,,
52190,,Socks,,
52191,,Gloves,,
52193,,Sweatshirts,,
52195,,Sweatshirts,,
52198,,Pendant,,
52200,,Flats,,
52202,,Pendant,,
52204,,Pendant,,
52205,,Track Pants,,
52209,,Pendant,,
52210,,Necklace and Chains,,
52211,,Pendant,,
52214,,Track Pants,,
52220,,Necklace and Chains,,
52221,,Necklace and Chains,,
52222,,Fragrance Gift Set,,
52223,,Handbags,,
52224,,Necklace and Chains,,
52225,,Watches,,
52228,,Watches,,
52230,,Shirts,,
52235,,Jeans,,
52254,,Trunk,,
52255,,Trunk,,
52256,,Trunk,,
52257,,Trunk,,
52299,,Shorts,,
52303,,Trousers,,
52304,,Pendant,,
52305,,Necklace and Chains,,
52306,,Necklace and Chains,,
52307,,Necklace and Chains,,
52308,,Necklace and Chains,,
52309,,Necklace and Chains,,
52310,,Socks,,
52311,,Necklace and Chains,,
52312,,Necklace and Chains,,
52313,,Belts,,
52314,,Handbags,,
52315,,Shoe Accessories,,
52316,,Handbags,,
52317,,Handbags,,
52318,,Belts,,
52320,,Belts,,
52322,,Belts,,
52323,,Bracelet,,
52324,,Belts,,
52325,,Bracelet,,
52326,,Bracelet,,
52327,,Caps,,
52328,,Basketballs,,
52329,,Handbags,,
52330,,Wallets,,
52331,,Wallets,,
52332,,Wallets,,
52333,,Clutches,,
52334,,Travel Accessory,,
52335,,Clutches,,
52336,,Clutches,,
52337,,Clutches,,
52338,,Clutches,,
52339,,Clutches,,
52340,,Dresses,,
52341,,Dresses,,
52342,,Dresses,,
52343,,Dresses,,
52344,,Dresses,,
52345,,Dresses,,
52346,,Nightdress,,
52347,,Nightdress,,
52348,,Dresses,,
52349,,Dresses,,
52350,,Kurtas,,
52351,,Kurtas,,
52352,,Kurtas,,
52353,,Dresses,,
52354,,Kurta Sets,,
52355,,Sarees,,
52356,,Nightdress,,
52357,,Tshirts,,
52358,,Dresses,,
52359,,Tops,,
52360,,Nightdress,,
52361,,Kurtas,,
52362,,Nightdress,,
52363,,Nightdress,,
52364,,Nightdress,,
52366,,Dresses,,
52367,,Dresses,,
52368,,Dresses,,
52369,,Dresses,,
52370,,Tops,,
52371,,Tops,,
52372,,Dresses,,
52373,,Dresses,,
52374,,Dresses,,
52375,,Tunics,,
52376,,Dresses,,
52377,,Dresses,,
52378,,Dresses,,
52379,,Dresses,,
52380,,Dresses,,
52381,,Kurtas,,
52382,,Kurtas,,
52383,,Kurtas,,
52384,,Nightdress,,
52385,,Kurtas,,
52386,,Kurtas,,
52387,,Kurtas,,
52390,,Dresses,,
52391,,Dresses,,
52392,,Kurtas,,
52393,,Dresses,,
52394,,Dresses,,
52395,,Dresses,,
52396,,Kurtas,,
52397,,Kurtas,,
52398,,Tunics,,
52399,,Nightdress,,
52400,,Dresses,,
52401,,Dresses,,
52402,,Dresses,,
52403,,Dresses,,
52404,,Dresses,,
52405,,Dresses,,
52406,,Dresses,,
52407,,Dresses,,
52408,,Dresses,,
52409,,Dresses,,
52410,,Dresses,,
52411,,Dresses,,
52412,,Dresses,,
52413,,Dresses,,
52414,,Tops,,
52415,,Dresses,,
52416,,Tops,,
52417,,Tops,,
52418,,Nightdress,,
52419,,Nightdress,,
52420,,Dresses,,
52421,,Dresses,,
52422,,Dresses,,
52423,,Kurtas,,
52424,,Dresses,,
52425,,Dresses,,
52426,,Dresses,,
52427,,Dresses,,
52428,,Dresses,,
52429,,Dresses,,
52430,,Dresses,,
52431,,Nightdress,,
52432,,Nightdress,,
52434,,Dresses,,
52435,,Dresses,,
52436,,Dresses,,
52437,,Nightdress,,
52438,,Nightdress,,
52439,,Nightdress,,
52440,,Tops,,
52441,,Tops,,
52442,,Dresses,,
52443,,Kurtas,,
52444,,Dresses,,
52445,,Nightdress,,
52446,,Tunics,,
52447,,Innerwear Vests,,
52448,,Tunics,,
52449,,Nightdress,,
52450,,Dresses,,
52451,,Dresses,,
52452,,Dresses,,
52453,,Dresses,,
52454,,Dresses,,
52455,,Dresses,,
52456,,Dresses,,
52457,,Dresses,,
52458,,Nightdress,,
52459,,Dresses,,
52460,,Dresses,,
52461,,Dresses,,
52462,,Sarees,,
52463,,Dresses,,
52464,,Dresses,,
52465,,Bra,,
52466,,Bra,,
52467,,Camisoles,,
52468,,Camisoles,,
52469,,Tops,,
52470,,Camisoles,,
52472,,Kurta Sets,,
52473,,Kurtas,,
52474,,Sweatshirts,,
52475,,Kurtas,,
52476,,Sweatshirts,,
52477,,Dresses,,
52478,,Nightdress,,
52479,,Tops,,
52480,,Tunics,,
52481,,Nightdress,,
52482,,Tunics,,
52483,,Bra,,
52484,,Bra,,
52485,,Bra,,
52486,,Bra,,
52487,,Bra,,
52488,,Bra,,
52489,,Bra,,
52490,,Bra,,
52491,,Tops,,
52492,,Tops,,
52493,,Camisoles,,
52494,,Nightdress,,
52495,,Kurtas,,
52496,,Dresses,,
52497,,Nightdress,,
52498,,Dupatta,,
52499,,Dresses,,
52500,,Tops,,
52501,,Dupatta,,
52502,,Dresses,,
52503,,Kurta Sets,,
52504,,Kurtas,,
52505,,Kurta Sets,,
52506,,Kurta Sets,,
52507,,Dresses,,
52508,,Tunics,,
52509,,Nightdress,,
52510,,Dresses,,
52511,,Dresses,,
52512,,Dresses,,
52513,,Kurtas,,
52514,,Bra,,
52515,,Bra,,
52516,,Bra,,
52517,,Dresses,,
52518,,Tops,,
52519,,Nightdress,,
52520,,Shorts,,
52522,,Jeans,,
52523,,Jeans,,
52524,,Jeans,,
52525,,Trousers,,
52528,,Jeans,,
52529,,Shorts,,
52536,,Trousers,,
52539,,Jeggings,,
52547,,Jeans,,
52548,,Jeans,,
52553,,Jeggings,,
52554,,Jeans,,
52555,,Jeans,,
52556,,Jeans,,
52557,,Jeans,,
52558,,Clutches,,
52559,,Clutches,,
52560,,Handbags,,
52561,,Wallets,,
52563,,Wallets,,
52564,,Handbags,,
52565,,Handbags,,
52568,,Clutches,,
52569,,Handbags,,
52570,,Clutches,,
52574,,Clutches,,
52575,,Wallets,,
52576,,Handbags,,
52577,,Handbags,,
52579,,Clutches,,
52581,,Handbags,,
52582,,Clutches,,
52585,,Clutches,,
52586,,Clutches,,
52588,,Clutches,,
52589,,Handbags,,
52593,,Bangle,,
52594,,Clutches,,
52599,,Clutches,,
52602,,Clutches,,
52603,,Clutches,,
52604,,Wallets,,
52609,,Handbags,,
52616,,Handbags,,
52618,,Handbags,,
52622,,Handbags,,
52623,,Handbags,,
52626,,Handbags,,
52632,,Handbags,,
52633,,Handbags,,
52634,,Handbags,,
52635,,Handbags,,
52636,,Handbags,,
52637,,Handbags,,
52638,,Handbags,,
52639,,Handbags,,
52641,,Handbags,,
52642,,Handbags,,
52643,,Handbags,,
52647,,Handbags,,
52648,,Handbags,,
52649,,Handbags,,
52650,,Handbags,,
52651,,Handbags,,
52652,,Handbags,,
52653,,Handbags,,
52654,,Handbags,,
52655,,Handbags,,
52656,,Handbags,,
52657,,Handbags,,
52658,,Handbags,,
52659,,Messenger Bag,,
52660,,Messenger Bag,,
52661,,Handbags,,
52665,,Watches,,
52670,,Watches,,
52671,,Watches,,
52673,,Watches,,
52675,,Watches,,
52676,,Watches,,
52677,,Watches,,
52678,,Watches,,
52679,,Watches,,
52680,,Watches,,
52681,,Watches,,
52682,,Watches,,
52683,,Watches,,
52684,,Watches,,
52686,,Watches,,
52687,,Watches,,
52688,,Watches,,
52690,,Watches,,
52691,,Watches,,
52692,,Watches,,
52693,,Watches,,
52694,,Watches,,
52695,,Watches,,
52749,,Deodorant,,
52751,,Deodorant,,
52754,,Handbags,,
52756,,Handbags,,
52758,,Handbags,,
52759,,Handbags,,
52766,,Handbags,,
52767,,Handbags,,
52768,,Handbags,,
52772,,Wallets,,
52773,,Wallets,,
52774,,Clutches,,
52775,,Clutches,,
52776,,Wallets,,
52777,,Wallets,,
52778,,Wallets,,
52779,,Wallets,,
52780,,Wallets,,
52781,,Wallets,,
52782,,Wallets,,
52784,,Clutches,,
52785,,Wallets,,
52786,,Wallets,,
52789,,Wallets,,
52791,,Wallets,,
52792,,Wallets,,
52793,,Wallets,,
52794,,Wallets,,
52795,,Wallets,,
52796,,Wallets,,
52797,,Wallets,,
52798,,Wallets,,
52799,,Wallets,,
52800,,Wallets,,
52801,,Wallets,,
52802,,Wallets,,
52803,,Wallets,,
52804,,Wallets,,
52805,,Wallets,,
52806,,Wallets,,
52807,,Wallets,,
52808,,Wallets,,
52809,,Wallets,,
52810,,Wallets,,
52811,,Wallets,,
52812,,Wallets,,
52813,,Wallets,,
52814,,Wallets,,
52816,,Watches,,
52817,,Earrings,,
52818,,Earrings,,
52819,,Earrings,,
52820,,Earrings,,
52822,,Skirts,,
52823,,Earrings,,
52825,,Earrings,,
52827,,Earrings,,
52828,,Earrings,,
52831,,Earrings,,
52834,,Earrings,,
52835,,Earrings,,
52836,,Dresses,,
52837,,Earrings,,
52839,,Earrings,,
52840,,Earrings,,
52841,,Earrings,,
52842,,Earrings,,
52846,,Earrings,,
52847,,Earrings,,
52848,,Earrings,,
52850,,Earrings,,
52851,,Earrings,,
52852,,Earrings,,
52854,,Earrings,,
52855,,Earrings,,
52859,,Earrings,,
52860,,Dresses,,
52862,,Earrings,,
52863,,Earrings,,
52864,,Earrings,,
52868,,Earrings,,
52869,,Perfume and Body Mist,,
52871,,Fragrance Gift Set,,
52874,,Sarees,,
52875,,Sarees,,
52876,,Sarees,,
52877,,Sarees,,
52878,,Sarees,,
52879,,Sarees,,
52880,,Sarees,,
52881,,Sarees,,
52882,,Sarees,,
52883,,Sarees,,
52884,,Sarees,,
52885,,Sarees,,
52886,,Sarees,,
52887,,Sarees,,
52888,,Sarees,,
52889,,Sarees,,
52890,,Sarees,,
52891,,Sarees,,
52892,,Sarees,,
52893,,Sarees,,
52894,,Sarees,,
52895,,Sarees,,
52896,,Sarees,,
52897,,Sarees,,
52898,,Sarees,,
52899,,Sarees,,
52901,,Sarees,,
52902,,Sarees,,
52903,,Sarees,,
52904,,Sarees,,
52905,,Sarees,,
52906,,Sarees,,
52907,,Sarees,,
52908,,Sarees,,
52909,,Sarees,,
52910,,Sarees,,
52911,,Sarees,,
52912,,Sarees,,
52913,,Sarees,,
52914,,Sarees,,
52915,,Sarees,,
52916,,Sarees,,
52917,,Sarees,,
52918,,Sarees,,
52919,,Sarees,,
52920,,Sarees,,
52921,,Sarees,,
52922,,Sarees,,
52923,,Sarees,,
52924,,Sarees,,
52925,,Sarees,,
52926,,Sarees,,
52927,,Sarees,,
52928,,Sarees,,
52929,,Sarees,,
52930,,Sarees,,
52931,,Sarees,,
52934,,Sarees,,
52935,,Sarees,,
52936,,Sarees,,
52937,,Sarees,,
52938,,Sarees,,
52940,,Sarees,,
52941,,Sarees,,
52942,,Sarees,,
52943,,Sarees,,
52944,,Sarees,,
52945,,Sarees,,
52946,,Sarees,,
52947,,Sarees,,
52948,,Sarees,,
52949,,Free Gifts,,
52950,,Sarees,,
52951,,Sarees,,
52952,,Sarees,,
52953,,Sarees,,
52954,,Sarees,,
52955,,Sarees,,
52956,,Sarees,,
52957,,Sarees,,
52958,,Sarees,,
52959,,Sarees,,
52960,,Sarees,,
52961,,Sarees,,
52962,,Sarees,,
52963,,Sarees,,
52964,,Sarees,,
52965,,Sarees,,
52966,,Sarees,,
52967,,Sarees,,
52968,,Sarees,,
52969,,Sarees,,
52970,,Sarees,,
52971,,Sarees,,
52972,,Sarees,,
52973,,Sarees,,
52975,,Sarees,,
52976,,Sarees,,
52978,,Sarees,,
52979,,Sarees,,
52980,,Sarees,,
52981,,Sarees,,
52982,,Sarees,,
52983,,Sarees,,
52986,,Sarees,,
52987,,Sarees,,
52988,,Sarees,,
52989,,Sarees,,
52990,,Sarees,,
52991,,Sarees,,
52992,,Sarees,,
52993,,Sarees,,
52996,,Sarees,,
52998,,Sarees,,
52999,,Sarees,,
53000,,Sarees,,
53001,,Sarees,,
53002,,Sarees,,
53003,,Sarees,,
53004,,Sarees,,
53006,,Sarees,,
53007,,Sarees,,
53008,,Sarees,,
53009,,Sarees,,
53010,,Sarees,,
53011,,Sarees,,
53013,,Sarees,,
53014,,Sarees,,
53015,,Sarees,,
53016,,Sarees,,
53017,,Sarees,,
53019,,Sarees,,
53020,,Sarees,,
53021,,Sarees,,
53023,,Sarees,,
53024,,Sarees,,
53025,,Sarees,,
53026,,Sarees,,
53027,,Sarees,,
53029,,Sarees,,
53030,,Sarees,,
53031,,Sarees,,
53032,,Sarees,,
53033,,Sarees,,
53034,,Sarees,,
53035,,Sarees,,
53036,,Sarees,,
53037,,Sarees,,
53038,,Sarees,,
53039,,Sarees,,
53040,,Sarees,,
53041,,Sarees,,
53042,,Sarees,,
53043,,Sarees,,
53044,,Sarees,,
53045,,Sarees,,
53046,,Sarees,,
53047,,Sarees,,
53048,,Free Gifts,,
53049,,Sarees,,
53050,,Sarees,,
53051,,Sarees,,
53052,,Sarees,,
53053,,Sarees,,
53054,,Sarees,,
53055,,Sarees,,
53056,,Sarees,,
53057,,Sarees,,
53058,,Handbags,,
53059,,Handbags,,
53060,,Handbags,,
53061,,Handbags,,
53062,,Handbags,,
53063,,Handbags,,
53064,,Handbags,,
53065,,Handbags,,
53066,,Handbags,,
53067,,Handbags,,
53068,,Handbags,,
53069,,Handbags,,
53070,,Handbags,,
53071,,Clutches,,
53072,,Clutches,,
53073,,Clutches,,
53075,,Handbags,,
53076,,Handbags,,
53077,,Wallets,,
53078,,Wallets,,
53079,,Wallets,,
53080,,Clutches,,
53081,,Clutches,,
53082,,Clutches,,
53083,,Pendant,,
53084,,Pendant,,
53085,,Pendant,,
53086,,Pendant,,
53087,,Pendant,,
53088,,Pendant,,
53089,,Pendant,,
53090,,Pendant,,
53091,,Necklace and Chains,,
53092,,Pendant,,
53093,,Necklace and Chains,,
53094,,Earrings,,
53095,,Earrings,,
53096,,Earrings,,
53097,,Earrings,,
53098,,Earrings,,
53099,,Earrings,,
53100,,Earrings,,
53101,,Scarves,,
53102,,Earrings,,
53103,,Earrings,,
53104,,Earrings,,
53105,,Earrings,,
53106,,Earrings,,
53107,,Earrings,,
53108,,Earrings,,
53109,,Earrings,,
53110,,Earrings,,
53111,,Tshirts,,
53112,,Tshirts,,
53113,,Tshirts,,
53114,,Tshirts,,
53115,,Tshirts,,
53116,,Tshirts,,
53117,,Tops,,
53118,,Tops,,
53119,,Tops,,
53120,,Tshirts,,
53121,,Tops,,
53122,,Tops,,
53123,,Tops,,
53124,,Tops,,
53125,,Tops,,
53126,,Tshirts,,
53127,,Sandals,,
53128,,Heels,,
53129,,Flats,,
53130,,Heels,,
53131,,Flats,,
53132,,Flats,,
53133,,Flats,,
53134,,Flats,,
53135,,Heels,,
53136,,Flats,,
53137,,Flats,,
53138,,Heels,,
53139,,Heels,,
53140,,Heels,,
53141,,Flats,,
53142,,Flats,,
53143,,Heels,,
53144,,Flats,,
53145,,Flats,,
53146,,Flats,,
53147,,Heels,,
53148,,Heels,,
53149,,Heels,,
53150,,Heels,,
53152,,Shirts,,
53159,,Shirts,,
53211,,Shirts,,
53215,,Shirts,,
53226,,Shirts,,
53228,,Trousers,,
53248,,Trousers,,
53252,,Jeans,,
53264,,Tshirts,,
53269,,Shirts,,
53278,,Tshirts,,
53282,,Tshirts,,
53286,,Jeans,,
53287,,Jeans,,
53296,,Jeans,,
53303,,Tshirts,,
53307,,Tshirts,,
53312,,Tshirts,,
53313,,Tshirts,,
53314,,Tshirts,,
53318,,Tshirts,,
53319,,Tshirts,,
53328,,Boxers,,
53329,,Boxers,,
53332,,Boxers,,
53338,,Boxers,,
53345,,Boxers,,
53348,,Boxers,,
53357,,Wristbands,,
53358,,Belts,,
53360,,Perfume and Body Mist,,
53361,,Backpacks,,
53362,,Backpacks,,
53363,,Duffel Bag,,
53364,,Backpacks,,
53365,,Backpacks,,
53366,,Backpacks,,
53367,,Backpacks,,
53368,,Backpacks,,
53369,,Handbags,,
53370,,Handbags,,
53371,,Backpacks,,
53372,,Backpacks,,
53373,,Backpacks,,
53374,,Wallets,,
53376,,Clutches,,
53377,,Messenger Bag,,
53378,,Flip Flops,,
53379,,Sandals,,
53380,,Sandals,,
53381,,Sandals,,
53382,,Sports Sandals,,
53383,,Sandals,,
53384,,Casual Shoes,,
53386,,Casual Shoes,,
53387,,Casual Shoes,,
53388,,Kurtas,,
53389,,Kurtas,,
53390,,Kurtas,,
53391,,Kurtas,,
53392,,Tops,,
53393,,Kurtis,,
53394,,Kurtas,,
53395,,Kurtas,,
53396,,Kurtas,,
53397,,Kurtis,,
53398,,Kurtas,,
53399,,Kurtas,,
53401,,Kurtas,,
53402,,Kurtis,,
53403,,Kurtas,,
53404,,Kurtas,,
53405,,Kurtas,,
53406,,Kurtas,,
53408,,Kurtas,,
53409,,Kurtas,,
53410,,Kurtas,,
53411,,Kurtas,,
53412,,Kurtis,,
53413,,Kurtis,,
53414,,Kurtas,,
53415,,Kurtas,,
53416,,Kurtas,,
53417,,Kurtas,,
53418,,Kurtas,,
53419,,Kurtas,,
53420,,Kurtas,,
53421,,Kurtas,,
53422,,Kurtas,,
53423,,Kurtas,,
53424,,Kurtas,,
53425,,Kurtas,,
53426,,Kurtas,,
53427,,Kurtas,,
53428,,Kurtas,,
53429,,Kurtas,,
53430,,Kurtis,,
53431,,Tunics,,
53432,,Tshirts,,
53433,,Tshirts,,
53434,,Tshirts,,
53435,,Jackets,,
53436,,Sports Shoes,,
53437,,Sports Shoes,,
53438,,Sports Shoes,,
53439,,Flip Flops,,
53440,,Sports Shoes,,
53441,,Sports Shoes,,
53442,,Flip Flops,,
53444,,Sandals,,
53445,,Flip Flops,,
53446,,Flip Flops,,
53447,,Flip Flops,,
53448,,Flip Flops,,
53449,,Flip Flops,,
53450,,Flip Flops,,
53452,,Flats,,
53453,,Flats,,
53454,,Heels,,
53455,,Flats,,
53456,,Heels,,
53457,,Heels,,
53458,,Heels,,
53459,,Heels,,
53460,,Heels,,
53461,,Bra,,
53462,,Briefs,,
53463,,Bra,,
53464,,Bra,,
53465,,Bra,,
53466,,Bra,,
53467,,Bra,,
53468,,Bra,,
53469,,Briefs,,
53470,,Bra,,
53473,,Bra,,
53474,,Bra,,
53475,,Briefs,,
53476,,Bra,,
53477,,Bra,,
53478,,Bra,,
53479,,Bra,,
53480,,Bra,,
53484,,Briefs,,
53485,,Briefs,,
53486,,Bra,,
53487,,Bra,,
53488,,Tshirts,,
53489,,Briefs,,
53490,,Bra,,
53491,,Briefs,,
53492,,Bra,,
53493,,Bra,,
53498,,Briefs,,
53506,,Bra,,
53507,,Bra,,
53508,,Bra,,
53520,,Briefs,,
53525,,Bra,,
53526,,Briefs,,
53527,,Briefs,,
53528,,Briefs,,
53529,,Briefs,,
53530,,Briefs,,
53531,,Briefs,,
53532,,Briefs,,
53533,,Briefs,,
53534,,Briefs,,
53535,,Briefs,,
53536,,Briefs,,
53537,,Briefs,,
53538,,Briefs,,
53539,,Briefs,,
53540,,Briefs,,
53541,,Socks,,
53542,,Briefs,,
53543,,Briefs,,
53545,,Briefs,,
53546,,Briefs,,
53547,,Briefs,,
53548,,Briefs,,
53554,,Boxers,,
53555,,Boxers,,
53556,,Boxers,,
53557,,Boxers,,
53558,,Boxers,,
53559,,Boxers,,
53560,,Watches,,
53561,,Watches,,
53562,,Watches,,
53563,,Watches,,
53564,,Watches,,
53565,,Watches,,
53566,,Watches,,
53567,,Watches,,
53568,,Watches,,
53569,,Watches,,
53570,,Watches,,
53571,,Watches,,
53572,,Watches,,
53573,,Watches,,
53574,,Watches,,
53575,,Watches,,
53576,,Watches,,
53577,,Watches,,
53578,,Watches,,
53579,,Watches,,
53580,,Watches,,
53581,,Watches,,
53582,,Watches,,
53583,,Watches,,
53584,,Watches,,
53585,,Watches,,
53586,,Watches,,
53587,,Watches,,
53588,,Watches,,
53589,,Watches,,
53590,,Watches,,
53591,,Watches,,
53592,,Watches,,
53593,,Watches,,
53594,,Watches,,
53595,,Watches,,
53596,,Watches,,
53597,,Watches,,
53598,,Watches,,
53599,,Watches,,
53600,,Watches,,
53601,,Watches,,
53602,,Watches,,
53603,,Watches,,
53604,,Watches,,
53605,,Watches,,
53606,,Watches,,
53608,,Watches,,
53609,,Watches,,
53611,,Watches,,
53612,,Watches,,
53613,,Watches,,
53614,,Watches,,
53615,,Watches,,
53616,,Watches,,
53617,,Watches,,
53618,,Watches,,
53619,,Watches,,
53620,,Watches,,
53621,,Watches,,
53622,,Watches,,
53623,,Watches,,
53624,,Watches,,
53625,,Watches,,
53626,,Watches,,
53627,,Watches,,
53628,,Watches,,
53629,,Watches,,
53630,,Briefs,,
53631,,Bra,,
53632,,Sandals,,
53633,,Casual Shoes,,
53634,,Casual Shoes,,
53635,,Casual Shoes,,
53636,,Sports Shoes,,
53637,,Sports Shoes,,
53638,,Casual Shoes,,
53639,,Casual Shoes,,
53640,,Casual Shoes,,
53648,,Handbags,,
53649,,Handbags,,
53651,,Handbags,,
53652,,Handbags,,
53653,,Handbags,,
53654,,Handbags,,
53655,,Handbags,,
53656,,Handbags,,
53657,,Handbags,,
53659,,Handbags,,
53660,,Handbags,,
53661,,Handbags,,
53663,,Handbags,,
53665,,Handbags,,
53666,,Handbags,,
53667,,Handbags,,
53668,,Handbags,,
53669,,Handbags,,
53670,,Handbags,,
53671,,Handbags,,
53672,,Handbags,,
53673,,Handbags,,
53674,,Handbags,,
53675,,Handbags,,
53676,,Handbags,,
53677,,Handbags,,
53678,,Handbags,,
53679,,Handbags,,
53680,,Handbags,,
53681,,Handbags,,
53682,,Handbags,,
53683,,Handbags,,
53684,,Handbags,,
53685,,Handbags,,
53686,,Handbags,,
53687,,Handbags,,
53688,,Handbags,,
53689,,Handbags,,
53692,,Handbags,,
53695,,Handbags,,
53696,,Handbags,,
53698,,Handbags,,
53702,,Handbags,,
53706,,Handbags,,
53708,,Handbags,,
53710,,Handbags,,
53715,,Handbags,,
53719,,Handbags,,
53720,,Handbags,,
53723,,Flip Flops,,
53724,,Flip Flops,,
53725,,Flip Flops,,
53726,,Flip Flops,,
53727,,Casual Shoes,,
53729,,Casual Shoes,,
53731,,Sports Shoes,,
53732,,Casual Shoes,,
53734,,Casual Shoes,,
53735,,Casual Shoes,,
53737,,Shorts,,
53738,,Track Pants,,
53740,,Track Pants,,
53741,,Jeans,,
53742,,Capris,,
53743,,Trousers,,
53744,,Shorts,,
53745,,Capris,,
53747,,Track Pants,,
53748,,Track Pants,,
53749,,Jeans,,
53750,,Lounge Pants,,
53751,,Lounge Pants,,
53752,,Shorts,,
53753,,Shorts,,
53754,,Sweatshirts,,
53755,,Shorts,,
53756,,Messenger Bag,,
53757,,Sports Shoes,,
53759,,Tshirts,,
53760,,Tshirts,,
53761,,Tshirts,,
53762,,Tshirts,,
53763,,Tshirts,,
53764,,Tshirts,,
53765,,Tshirts,,
53766,,Tshirts,,
53767,,Tshirts,,
53768,,Tshirts,,
53770,,Tshirts,,
53771,,Tshirts,,
53772,,Tshirts,,
53773,,Tshirts,,
53774,,Tshirts,,
53775,,Tshirts,,
53776,,Shorts,,
53777,,Sports Shoes,,
53778,,Tops,,
53779,,Tshirts,,
53780,,Innerwear Vests,,
53781,,Tshirts,,
53782,,Tshirts,,
53783,,Shirts,,
53784,,Shirts,,
53785,,Shirts,,
53786,,Tshirts,,
53787,,Tshirts,,
53788,,Tshirts,,
53791,,Tshirts,,
53793,,Tshirts,,
53794,,Tshirts,,
53795,,Tshirts,,
53796,,Tshirts,,
53797,,Tshirts,,
53798,,Tshirts,,
53799,,Tshirts,,
53800,,Tshirts,,
53801,,Tshirts,,
53802,,Tshirts,,
53803,,Tshirts,,
53804,,Tshirts,,
53805,,Socks,,
53806,,Socks,,
53807,,Shorts,,
53808,,Kurtas,,
53809,,Dresses,,
53810,,Kurtis,,
53811,,Kurtas,,
53812,,Kurta Sets,,
53813,,Kurtis,,
53814,,Kurta Sets,,
53815,,Kurtas,,
53816,,Kurtis,,
53817,,Kurta Sets,,
53818,,Kurtas,,
53819,,Kurtis,,
53820,,Kurtis,,
53822,,Scarves,,
53823,,Kurtas,,
53824,,Tops,,
53825,,Kurta Sets,,
53826,,Kurtas,,
53829,,Kurtas,,
53830,,Kurtas,,
53832,,Kurtas,,
53833,,Kurtas,,
53834,,Kurtas,,
53835,,Kurtas,,
53836,,Kurtas,,
53837,,Kurtas,,
53838,,Kurtas,,
53839,,Kurtas,,
53840,,Kurtas,,
53841,,Kurtas,,
53842,,Kurtas,,
53843,,Kurtas,,
53849,,Kurtas,,
53850,,Kurtas,,
53851,,Kurtas,,
53852,,Kurtas,,
53856,,Kurtas,,
53857,,Kurtas,,
53859,,Kurtas,,
53861,,Kurtas,,
53863,,Kurtas,,
53864,,Kurtas,,
53866,,Kurtas,,
53867,,Flats,,
53868,,Flats,,
53869,,Flats,,
53870,,Flats,,
53871,,Watches,,
53872,,Sports Shoes,,
53873,,Sports Shoes,,
53874,,Sports Shoes,,
53875,,Flip Flops,,
53876,,Flip Flops,,
53877,,Flip Flops,,
53878,,Flip Flops,,
53879,,Flip Flops,,
53880,,Flip Flops,,
53881,,Flip Flops,,
53882,,Flip Flops,,
53883,,Flip Flops,,
53884,,Handbags,,
53886,,Handbags,,
53887,,Handbags,,
53888,,Handbags,,
53889,,Handbags,,
53890,,Messenger Bag,,
53891,,Handbags,,
53892,,Handbags,,
53893,,Handbags,,
53894,,Handbags,,
53895,,Handbags,,
53896,,Handbags,,
53897,,Handbags,,
53900,,Handbags,,
53902,,Handbags,,
53905,,Handbags,,
53907,,Handbags,,
53911,,Handbags,,
53914,,Handbags,,
53918,,Handbags,,
53921,,Handbags,,
53927,,Handbags,,
53928,,Handbags,,
53930,,Handbags,,
53931,,Handbags,,
53934,,Handbags,,
53935,,Handbags,,
53941,,Handbags,,
53942,,Handbags,,
53943,,Handbags,,
53944,,Handbags,,
53946,,Handbags,,
53961,,Handbags,,
53963,,Handbags,,
53964,,Handbags,,
53979,,Handbags,,
53981,,Handbags,,
53985,,Handbags,,
53990,,Handbags,,
53991,,Handbags,,
53994,,Handbags,,
53997,,Handbags,,
53999,,Handbags,,
54000,,Handbags,,
54002,,Handbags,,
54003,,Handbags,,
54007,,Handbags,,
54008,,Handbags,,
54009,,Handbags,,
54014,,Handbags,,
54016,,Handbags,,
54017,,Handbags,,
54018,,Wallets,,
54019,,Handbags,,
54020,,Handbags,,
54031,,Clutches,,
54032,,Handbags,,
54033,,Clutches,,
54035,,Handbags,,
54036,,Handbags,,
54040,,Handbags,,
54041,,Handbags,,
54049,,Leggings,,
54050,,Leggings,,
54051,,Trousers,,
54052,,Leggings,,
54053,,Leggings,,
54054,,Stockings,,
54055,,Leggings,,
54056,,Leggings,,
54057,,Leggings,,
54058,,Leggings,,
54059,,Leggings,,
54060,,Capris,,
54061,,Deodorant,,
54062,,Deodorant,,
54063,,Deodorant,,
54064,,Deodorant,,
54065,,Casual Shoes,,
54066,,Casual Shoes,,
54068,,Casual Shoes,,
54069,,Sandals,,
54070,,Sports Shoes,,
54071,,Sports Shoes,,
54072,,Sports Shoes,,
54073,,Sports Shoes,,
54076,,Casual Shoes,,
54077,,Flip Flops,,
54078,,Sports Shoes,,
54079,,Kurtas,,
54080,,Kurtas,,
54081,,Tunics,,
54082,,Shirts,,
54083,,Kurtis,,
54084,,Tshirts,,
54086,,Kurtis,,
54087,,Tops,,
54088,,Tops,,
54089,,Tshirts,,
54090,,Shirts,,
54095,,Caps,,
54103,,Heels,,
54104,,Heels,,
54105,,Heels,,
54106,,Flats,,
54107,,Flats,,
54108,,Heels,,
54109,,Flats,,
54110,,Flats,,
54111,,Flats,,
54112,,Flats,,
54113,,Flats,,
54114,,Flats,,
54115,,Heels,,
54116,,Flats,,
54117,,Flats,,
54118,,Flats,,
54119,,Flats,,
54120,,Heels,,
54121,,Heels,,
54122,,Flats,,
54123,,Flats,,
54124,,Flats,,
54125,,Flats,,
54126,,Heels,,
54127,,Heels,,
54128,,Heels,,
54129,,Flats,,
54130,,Heels,,
54131,,Flats,,
54132,,Flats,,
54133,,Flats,,
54134,,Heels,,
54135,,Flats,,
54136,,Flats,,
54137,,Heels,,
54138,,Flats,,
54139,,Heels,,
54140,,Flats,,
54141,,Heels,,
54142,,Heels,,
54143,,Flats,,
54144,,Flats,,
54145,,Flats,,
54146,,Tops,,
54147,,Necklace and Chains,,
54148,,Necklace and Chains,,
54149,,Pendant,,
54150,,Necklace and Chains,,
54151,,Necklace and Chains,,
54152,,Necklace and Chains,,
54153,,Necklace and Chains,,
54154,,Pendant,,
54155,,Necklace and Chains,,
54156,,Necklace and Chains,,
54157,,Necklace and Chains,,
54158,,Necklace and Chains,,
54159,,Necklace and Chains,,
54160,,Necklace and Chains,,
54161,,Pendant,,
54162,,Necklace and Chains,,
54163,,Pendant,,
54164,,Necklace and Chains,,
54165,,Necklace and Chains,,
54166,,Necklace and Chains,,
54167,,Necklace and Chains,,
54168,,Necklace and Chains,,
54169,,Necklace and Chains,,
54170,,Necklace and Chains,,
54171,,Pendant,,
54172,,Necklace and Chains,,
54173,,Necklace and Chains,,
54174,,Pendant,,
54175,,Necklace and Chains,,
54176,,Necklace and Chains,,
54177,,Handbags,,
54178,,Handbags,,
54182,,Handbags,,
54183,,Handbags,,
54185,,Backpacks,,
54186,,Briefs,,
54187,,Briefs,,
54188,,Briefs,,
54189,,Briefs,,
54192,,Trousers,,
54194,,Trousers,,
54200,,Shorts,,
54202,,Shirts,,
54225,,Trousers,,
54226,,Trousers,,
54228,,Flats,,
54229,,Handbags,,
54252,,Shirts,,
54280,,Shirts,,
54302,,Bra,,
54303,,Briefs,,
54304,,Briefs,,
54305,,Bra,,
54306,,Briefs,,
54307,,Briefs,,
54311,,Briefs,,
54318,,Bra,,
54319,,Briefs,,
54320,,Briefs,,
54325,,Bra,,
54326,,Briefs,,
54327,,Bra,,
54328,,Briefs,,
54329,,Briefs,,
54330,,Briefs,,
54332,,Briefs,,
54334,,Jeans,,
54338,,Tops,,
54339,,Socks,,
54340,,Socks,,
54341,,Socks,,
54342,,Stockings,,
54343,,Socks,,
54344,,Socks,,
54345,,Socks,,
54346,,Socks,,
54375,,Earrings,,
54380,,Handbags,,
54381,,Wallets,,
54382,,Handbags,,
54383,,Wallets,,
54384,,Handbags,,
54385,,Clutches,,
54386,,Duffel Bag,,
54387,,Handbags,,
54388,,Handbags,,
54389,,Wallets,,
54390,,Wallets,,
54391,,Handbags,,
54392,,Handbags,,
54393,,Handbags,,
54394,,Handbags,,
54395,,Wallets,,
54396,,Duffel Bag,,
54397,,Handbags,,
54398,,Handbags,,
54399,,Wallets,,
54400,,Clutches,,
54401,,Wallets,,
54402,,Wallets,,
54403,,Wallets,,
54404,,Wallets,,
54405,,Wallets,,
54406,,Handbags,,
54407,,Handbags,,
54408,,Handbags,,
54409,,Handbags,,
54410,,Wallets,,
54411,,Wallets,,
54412,,Wallets,,
54475,,Handbags,,
54476,,Handbags,,
54477,,Briefs,,
54478,,Briefs,,
54479,,Briefs,,
54480,,Briefs,,
54481,,Briefs,,
54482,,Briefs,,
54483,,Briefs,,
54484,,Briefs,,
54485,,Briefs,,
54486,,Briefs,,
54487,,Backpacks,,
54488,,Backpacks,,
54489,,Backpacks,,
54490,,Backpacks,,
54491,,Handbags,,
54492,,Handbags,,
54493,,Handbags,,
54494,,Handbags,,
54495,,Handbags,,
54496,,Handbags,,
54497,,Handbags,,
54498,,Handbags,,
54499,,Handbags,,
54500,,Handbags,,
54501,,Handbags,,
54502,,Handbags,,
54503,,Backpacks,,
54504,,Handbags,,
54505,,Handbags,,
54506,,Handbags,,
54507,,Handbags,,
54508,,Handbags,,
54509,,Handbags,,
54510,,Handbags,,
54511,,Handbags,,
54512,,Handbags,,
54513,,Casual Shoes,,
54514,,Sports Shoes,,
54515,,Casual Shoes,,
54516,,Sports Shoes,,
54517,,Casual Shoes,,
54518,,Sports Shoes,,
54519,,Casual Shoes,,
54520,,Casual Shoes,,
54521,,Sports Shoes,,
54522,,Sports Shoes,,
54523,,Sports Shoes,,
54524,,Sports Shoes,,
54525,,Sports Shoes,,
54526,,Sports Shoes,,
54527,,Casual Shoes,,
54528,,Casual Shoes,,
54529,,Sports Shoes,,
54530,,Sports Shoes,,
54533,,Sports Shoes,,
54534,,Sports Shoes,,
54535,,Sports Shoes,,
54536,,Casual Shoes,,
54537,,Sports Shoes,,
54538,,Casual Shoes,,
54539,,Sports Shoes,,
54540,,Sports Shoes,,
54541,,Casual Shoes,,
54542,,Casual Shoes,,
54543,,Sports Shoes,,
54544,,Sports Shoes,,
54545,,Backpacks,,
54546,,Backpacks,,
54547,,Kurtas,,
54548,,Kurtas,,
54549,,Kurtis,,
54550,,Kurtas,,
54551,,Kurtis,,
54553,,Kurtas,,
54554,,Kurtis,,
54555,,Kurtas,,
54556,,Kurtas,,
54557,,Kurtis,,
54558,,Kurtis,,
54559,,Kurtis,,
54561,,Kurtis,,
54562,,Kurtas,,
54563,,Kurtas,,
54564,,Kurtas,,
54565,,Kurtas,,
54566,,Kurtas,,
54567,,Kurtas,,
54568,,Kurtas,,
54569,,Kurtas,,
54570,,Kurtas,,
54571,,Kurtas,,
54572,,Kurtas,,
54573,,Tops,,
54574,,Tops,,
54575,,Tops,,
54576,,Dresses,,
54577,,Kurtas,,
54578,,Kurtas,,
54579,,Kurtas,,
54580,,Kurtas,,
54581,,Kurtas,,
54582,,Kurtas,,
54584,,Kurtas,,
54585,,Kurtas,,
54586,,Kurtas,,
54587,,Kurtas,,
54588,,Kurtas,,
54589,,Kurtis,,
54590,,Kurtas,,
54595,,Kurtas,,
54596,,Kurtas,,
54597,,Kurtas,,
54598,,Kurtas,,
54599,,Kurtas,,
54600,,Briefs,,
54601,,Briefs,,
54602,,Briefs,,
54603,,Briefs,,
54604,,Briefs,,
54605,,Briefs,,
54606,,Briefs,,
54607,,Briefs,,
54608,,Briefs,,
54609,,Briefs,,
54610,,Briefs,,
54611,,Briefs,,
54612,,Briefs,,
54613,,Briefs,,
54614,,Briefs,,
54615,,Briefs,,
54616,,Briefs,,
54617,,Briefs,,
54618,,Briefs,,
54619,,Watches,,
54620,,Watches,,
54621,,Watches,,
54622,,Watches,,
54623,,Watches,,
54625,,Watches,,
54626,,Watches,,
54627,,Watches,,
54628,,Watches,,
54629,,Watches,,
54630,,Watches,,
54631,,Watches,,
54632,,Watches,,
54633,,Watches,,
54634,,Watches,,
54635,,Watches,,
54636,,Watches,,
54637,,Watches,,
54638,,Watches,,
54639,,Watches,,
54640,,Watches,,
54641,,Watches,,
54642,,Watches,,
54643,,Watches,,
54644,,Watches,,
54645,,Watches,,
54646,,Watches,,
54647,,Watches,,
54648,,Watches,,
54649,,Watches,,
54650,,Watches,,
54651,,Watches,,
54652,,Watches,,
54653,,Watches,,
54654,,Watches,,
54655,,Watches,,
54656,,Watches,,
54657,,Watches,,
54658,,Watches,,
54659,,Watches,,
54660,,Watches,,
54661,,Watches,,
54662,,Watches,,
54663,,Watches,,
54664,,Watches,,
54665,,Watches,,
54666,,Watches,,
54667,,Watches,,
54668,,Watches,,
54669,,Watches,,
54670,,Watches,,
54671,,Watches,,
54672,,Watches,,
54674,,Watches,,
54675,,Watches,,
54676,,Watches,,
54677,,Watches,,
54678,,Watches,,
54679,,Watches,,
54680,,Stoles,,
54681,,Kurtas,,
54682,,Kurtas,,
54683,,Kurtas,,
54684,,Kurtas,,
54685,,Kurtas,,
54686,,Kurta Sets,,
54687,,Kurtas,,
54688,,Salwar and Dupatta,,
54689,,Kurta Sets,,
54690,,Kurtas,,
54691,,Kurtas,,
54692,,Kurtas,,
54693,,Kurtas,,
54694,,Kurtas,,
54695,,Kurtas,,
54696,,Kurtas,,
54697,,Tunics,,
54698,,Dresses,,
54699,,Tunics,,
54700,,Kurtas,,
54702,,Shirts,,
54703,,Kurta Sets,,
54704,,Night suits,,
54705,,Kurta Sets,,
54706,,Kurtas,,
54708,,Kurtas,,
54710,,Kurtas,,
54711,,Kurtas,,
54712,,Kurta Sets,,
54713,,Kurta Sets,,
54714,,Sarees,,
54715,,Night suits,,
54716,,Kurtas,,
54717,,Kurtas,,
54718,,Kurtas,,
54719,,Kurtas,,
54720,,Kurtas,,
54721,,Kurta Sets,,
54722,,Kurta Sets,,
54723,,Kurta Sets,,
54724,,Kurta Sets,,
54725,,Kurtas,,
54726,,Kurtas,,
54727,,Stoles,,
54728,,Casual Shoes,,
54729,,Casual Shoes,,
54730,,Casual Shoes,,
54731,,Casual Shoes,,
54732,,Casual Shoes,,
54733,,Casual Shoes,,
54734,,Casual Shoes,,
54735,,Casual Shoes,,
54736,,Casual Shoes,,
54737,,Casual Shoes,,
54738,,Casual Shoes,,
54739,,Casual Shoes,,
54740,,Casual Shoes,,
54741,,Casual Shoes,,
54742,,Casual Shoes,,
54744,,Kurtas,,
54767,,Kurtas,,
54792,,Jeans,,
54794,,Trousers,,
54796,,Jeans,,
54800,,Jeans,,
54804,,Handbags,,
54805,,Handbags,,
54807,,Handbags,,
54808,,Clutches,,
54812,,Handbags,,
54813,,Backpacks,,
54819,,Handbags,,
54823,,Handbags,,
54827,,Handbags,,
54828,,Handbags,,
54829,,Messenger Bag,,
54831,,Handbags,,
54834,,Clutches,,
54836,,Messenger Bag,,
54838,,Clutches,,
54842,,Belts,,
54849,,Necklace and Chains,,
54850,,Necklace and Chains,,
54851,,Necklace and Chains,,
54852,,Necklace and Chains,,
54853,,Necklace and Chains,,
54854,,Necklace and Chains,,
54856,,Necklace and Chains,,
54857,,Necklace and Chains,,
54858,,Necklace and Chains,,
54859,,Necklace and Chains,,
54860,,Necklace and Chains,,
54861,,Necklace and Chains,,
54862,,Necklace and Chains,,
54863,,Necklace and Chains,,
54864,,Necklace and Chains,,
54865,,Necklace and Chains,,
54866,,Necklace and Chains,,
54867,,Pendant,,
54868,,Necklace and Chains,,
54869,,Necklace and Chains,,
54870,,Necklace and Chains,,
54871,,Necklace and Chains,,
54872,,Necklace and Chains,,
54873,,Necklace and Chains,,
54874,,Necklace and Chains,,
54875,,Necklace and Chains,,
54876,,Necklace and Chains,,
54877,,Necklace and Chains,,
54878,,Necklace and Chains,,
54879,,Necklace and Chains,,
54880,,Necklace and Chains,,
54881,,Handbags,,
54882,,Necklace and Chains,,
54883,,Ring,,
54884,,Necklace and Chains,,
54885,,Necklace and Chains,,
54886,,Watches,,
54888,,Necklace and Chains,,
54889,,Jackets,,
54890,,Tops,,
54891,,Tops,,
54894,,Trousers,,
54896,,Capris,,
54897,,Tops,,
54899,,Tops,,
54900,,Tshirts,,
54901,,Tshirts,,
54902,,Shirts,,
54903,,Tshirts,,
54904,,Tshirts,,
54905,,Tshirts,,
54906,,Tshirts,,
54907,,Tshirts,,
54908,,Shirts,,
54909,,Shirts,,
54911,,Tops,,
54913,,Jackets,,
54914,,Tops,,
54915,,Tshirts,,
54918,,Lounge Shorts,,
54919,,Capris,,
54921,,Shorts,,
54923,,Capris,,
54924,,Boxers,,
54925,,Trunk,,
54926,,Tshirts,,
54927,,Tshirts,,
54928,,Tshirts,,
54929,,Tshirts,,
54930,,Tshirts,,
54931,,Tshirts,,
54932,,Jackets,,
54933,,Tshirts,,
54934,,Tops,,
54935,,Tshirts,,
54936,,Tops,,
54937,,Tops,,
54938,,Tops,,
54939,,Tops,,
54940,,Tshirts,,
54941,,Tops,,
54942,,Tshirts,,
54943,,Tshirts,,
54944,,Shirts,,
54945,,Tshirts,,
54946,,Tshirts,,
54947,,Tshirts,,
54948,,Shirts,,
54949,,Jackets,,
54950,,Tshirts,,
54951,,Tshirts,,
54953,,Tshirts,,
54954,,Tshirts,,
54955,,Tshirts,,
54957,,Tshirts,,
54958,,Tshirts,,
54959,,Tshirts,,
54960,,Tshirts,,
54961,,Tshirts,,
54964,,Tops,,
54965,,Tshirts,,
54966,,Sandals,,
54967,,Deodorant,,
54968,,Deodorant,,
54969,,Deodorant,,
54970,,Perfume and Body Mist,,
54971,,Dresses,,
54972,,Dresses,,
54973,,Dresses,,
54974,,Tunics,,
54975,,Tshirts,,
54976,,Dresses,,
54977,,Trousers,,
54978,,Shorts,,
54979,,Shirts,,
54980,,Sarees,,
54981,,Kurtis,,
54982,,Jeans,,
54983,,Trousers,,
54984,,Jeans,,
54985,,Jeans,,
54986,,Tops,,
54987,,Kurtis,,
54988,,Shirts,,
54989,,Tunics,,
54990,,Dresses,,
54991,,Tops,,
54992,,Tops,,
54993,,Shirts,,
54995,,Lip Plumper,,
54997,,Lip Plumper,,
55000,,Lip Plumper,,
55001,,Lip Plumper,,
55002,,Lip Plumper,,
55003,,Lip Plumper,,
55004,,Handbags,,
55005,,Perfume and Body Mist,,
55006,,Perfume and Body Mist,,
55007,,Perfume and Body Mist,,
55008,,Perfume and Body Mist,,
55009,,Perfume and Body Mist,,
55010,,Perfume and Body Mist,,
55012,,Lipstick,,
55013,,Kajal and Eyeliner,,
55015,,Lipstick,,
55016,,Kajal and Eyeliner,,
55018,,Lipstick,,
55020,,Lipstick,,
55021,,Lipstick,,
55022,,Lipstick,,
55023,,Lipstick,,
55024,,Lipstick,,
55025,,Lipstick,,
55026,,Lipstick,,
55027,,Lipstick,,
55028,,Lipstick,,
55029,,Lipstick,,
55030,,Lipstick,,
55031,,Lipstick,,
55032,,Lipstick,,
55033,,Lipstick,,
55034,,Lipstick,,
55035,,Lipstick,,
55036,,Lipstick,,
55037,,Lipstick,,
55038,,Lipstick,,
55039,,Lipstick,,
55040,,Lipstick,,
55041,,Kajal and Eyeliner,,
55042,,Lipstick,,
55043,,Lipstick,,
55044,,Lipstick,,
55045,,Deodorant,,
55046,,Deodorant,,
55047,,Fragrance Gift Set,,
55048,,Perfume and Body Mist,,
55049,,Perfume and Body Mist,,
55050,,Perfume and Body Mist,,
55051,,Perfume and Body Mist,,
55052,,Perfume and Body Mist,,
55053,,Perfume and Body Mist,,
55054,,Perfume and Body Mist,,
55055,,Perfume and Body Mist,,
55056,,Perfume and Body Mist,,
55057,,Tops,,
55058,,Perfume and Body Mist,,
55059,,Perfume and Body Mist,,
55060,,Perfume and Body Mist,,
55061,,Deodorant,,
55062,,Perfume and Body Mist,,
55063,,Perfume and Body Mist,,
55064,,Deodorant,,
55065,,Perfume and Body Mist,,
55066,,Perfume and Body Mist,,
55067,,Perfume and Body Mist,,
55068,,Perfume and Body Mist,,
55069,,Perfume and Body Mist,,
55070,,Kajal and Eyeliner,,
55071,,Kajal and Eyeliner,,
55072,,Deodorant,,
55073,,Kajal and Eyeliner,,
55074,,Kajal and Eyeliner,,
55075,,Kajal and Eyeliner,,
55078,,Handbags,,
55079,,Handbags,,
55080,,Handbags,,
55081,,Deodorant,,
55083,,Watches,,
55086,,Perfume and Body Mist,,
55087,,Perfume and Body Mist,,
55089,,Watches,,
55090,,Watches,,
55093,,Watches,,
55094,,Perfume and Body Mist,,
55095,,Perfume and Body Mist,,
55097,,Deodorant,,
55098,,Bracelet,,
55099,,Perfume and Body Mist,,
55100,,Perfume and Body Mist,,
55101,,Basketballs,,
55107,,Watches,,
55108,,Basketballs,,
55109,,Bracelet,,
55110,,Perfume and Body Mist,,
55111,,Perfume and Body Mist,,
55112,,Perfume and Body Mist,,
55113,,Pendant,,
55114,,Flats,,
55115,,Pendant,,
55116,,Backpacks,,
55117,,Handbags,,
55118,,Backpacks,,
55119,,Wallets,,
55120,,Nail Polish,,
55121,,Nail Polish,,
55122,,Nail Polish,,
55123,,Nail Polish,,
55124,,Nail Polish,,
55125,,Nail Polish,,
55126,,Nail Polish,,
55127,,Nail Polish,,
55128,,Nail Polish,,
55129,,Nail Polish,,
55130,,Nail Polish,,
55131,,Nail Polish,,
55132,,Nail Polish,,
55133,,Nail Polish,,
55134,,Nail Polish,,
55135,,Nail Polish,,
55136,,Perfume and Body Mist,,
55137,,Nail Polish,,
55138,,Perfume and Body Mist,,
55139,,Nail Polish,,
55140,,Fragrance Gift Set,,
55141,,Nail Polish,,
55142,,Fragrance Gift Set,,
55143,,Nail Polish,,
55144,,Perfume and Body Mist,,
55145,,Perfume and Body Mist,,
55146,,Perfume and Body Mist,,
55147,,Nail Polish,,
55148,,Nail Polish,,
55149,,Nail Polish,,
55150,,Deodorant,,
55151,,Perfume and Body Mist,,
55152,,Nail Polish,,
55153,,Perfume and Body Mist,,
55154,,Deodorant,,
55155,,Perfume and Body Mist,,
55156,,Perfume and Body Mist,,
55157,,Perfume and Body Mist,,
55158,,Perfume and Body Mist,,
55159,,Perfume and Body Mist,,
55160,,Perfume and Body Mist,,
55161,,Nail Polish,,
55162,,Deodorant,,
55163,,Perfume and Body Mist,,
55164,,Perfume and Body Mist,,
55165,,Perfume and Body Mist,,
55166,,Perfume and Body Mist,,
55168,,Perfume and Body Mist,,
55170,,Nail Polish,,
55172,,Perfume and Body Mist,,
55173,,Perfume and Body Mist,,
55175,,Perfume and Body Mist,,
55177,,Perfume and Body Mist,,
55179,,Perfume and Body Mist,,
55180,,Perfume and Body Mist,,
55181,,Perfume and Body Mist,,
55184,,Perfume and Body Mist,,
55185,,Perfume and Body Mist,,
55186,,Perfume and Body Mist,,
55187,,Perfume and Body Mist,,
55190,,Nail Polish,,
55191,,Perfume and Body Mist,,
55192,,Perfume and Body Mist,,
55194,,Perfume and Body Mist,,
55195,,Perfume and Body Mist,,
55196,,Perfume and Body Mist,,
55197,,Perfume and Body Mist,,
55198,,Perfume and Body Mist,,
55200,,Perfume and Body Mist,,
55201,,Perfume and Body Mist,,
55202,,Perfume and Body Mist,,
55203,,Perfume and Body Mist,,
55205,,Fragrance Gift Set,,
55206,,Fragrance Gift Set,,
55208,,Fragrance Gift Set,,
55209,,Fragrance Gift Set,,
55210,,Fragrance Gift Set,,
55211,,Lipstick,,
55212,,Fragrance Gift Set,,
55213,,Lipstick,,
55214,,Lipstick,,
55215,,Lipstick,,
55216,,Lipstick,,
55217,,Lipstick,,
55218,,Kajal and Eyeliner,,
55219,,Kajal and Eyeliner,,
55220,,Kajal and Eyeliner,,
55221,,Kajal and Eyeliner,,
55222,,Lip Liner,,
55223,,Lip Liner,,
55224,,Lip Liner,,
55225,,Ties,,
55226,,Kajal and Eyeliner,,
55227,,Perfume and Body Mist,,
55228,,Fragrance Gift Set,,
55229,,Deodorant,,
55230,,Fragrance Gift Set,,
55231,,Fragrance Gift Set,,
55232,,Fragrance Gift Set,,
55233,,Fragrance Gift Set,,
55234,,Deodorant,,
55235,,Deodorant,,
55236,,Perfume and Body Mist,,
55237,,Perfume and Body Mist,,
55238,,Perfume and Body Mist,,
55239,,Perfume and Body Mist,,
55240,,Perfume and Body Mist,,
55241,,Perfume and Body Mist,,
55242,,Perfume and Body Mist,,
55243,,Perfume and Body Mist,,
55244,,Deodorant,,
55245,,Deodorant,,
55246,,Deodorant,,
55247,,Heels,,
55248,,Compact,,
55249,,Heels,,
55250,,Caps,,
55251,,Backpacks,,
55252,,Kajal and Eyeliner,,
55253,,Kajal and Eyeliner,,
55254,,Kajal and Eyeliner,,
55255,,Kajal and Eyeliner,,
55256,,Kajal and Eyeliner,,
55257,,Kajal and Eyeliner,,
55258,,Kajal and Eyeliner,,
55259,,Kajal and Eyeliner,,
55260,,Kajal and Eyeliner,,
55261,,Kajal and Eyeliner,,
55262,,Kajal and Eyeliner,,
55263,,Lip Gloss,,
55264,,Lip Gloss,,
55265,,Lip Gloss,,
55266,,Lip Gloss,,
55267,,Kajal and Eyeliner,,
55268,,Lip Gloss,,
55269,,Lip Gloss,,
55270,,Perfume and Body Mist,,
55271,,Kajal and Eyeliner,,
55272,,Kajal and Eyeliner,,
55273,,Lip Gloss,,
55274,,Lip Gloss,,
55275,,Caps,,
55276,,Caps,,
55277,,Wallets,,
55278,,Wallets,,
55280,,Wallets,,
55281,,Flats,,
55282,,Perfume and Body Mist,,
55283,,Perfume and Body Mist,,
55284,,Perfume and Body Mist,,
55285,,Shoe Accessories,,
55286,,Clutches,,
55287,,Wallets,,
55288,,Wallets,,
55289,,Wallets,,
55290,,Lipstick,,
55291,,Perfume and Body Mist,,
55292,,Fragrance Gift Set,,
55293,,Lipstick,,
55294,,Lip Gloss,,
55295,,Lipstick,,
55296,,Handbags,,
55297,,Handbags,,
55298,,Handbags,,
55299,,Handbags,,
55300,,Kajal and Eyeliner,,
55301,,Kajal and Eyeliner,,
55306,,Socks,,
55307,,Socks,,
55314,,Socks,,
55315,,Socks,,
55316,,Socks,,
55317,,Watches,,
55318,,Fragrance Gift Set,,
55319,,Clothing Set,,
55320,,Watches,,
55321,,Deodorant,,
55322,,Backpacks,,
55323,,Perfume and Body Mist,,
55324,,Perfume and Body Mist,,
55325,,Backpacks,,
55326,,Perfume and Body Mist,,
55328,,Perfume and Body Mist,,
55329,,Fragrance Gift Set,,
55330,,Shoe Accessories,,
55331,,Fragrance Gift Set,,
55332,,Perfume and Body Mist,,
55333,,Fragrance Gift Set,,
55334,,Perfume and Body Mist,,
55335,,Fragrance Gift Set,,
55336,,Fragrance Gift Set,,
55337,,Deodorant,,
55338,,Perfume and Body Mist,,
55339,,Perfume and Body Mist,,
55344,,Perfume and Body Mist,,
55347,,Perfume and Body Mist,,
55349,,Wallets,,
55350,,Wallets,,
55351,,Deodorant,,
55352,,Perfume and Body Mist,,
55354,,Deodorant,,
55357,,Deodorant,,
55358,,Deodorant,,
55359,,Deodorant,,
55361,,Deodorant,,
55362,,Deodorant,,
55363,,Deodorant,,
55364,,Deodorant,,
55365,,Deodorant,,
55366,,Deodorant,,
55368,,Deodorant,,
55369,,Deodorant,,
55370,,Deodorant,,
55373,,Deodorant,,
55375,,Deodorant,,
55376,,Deodorant,,
55377,,Deodorant,,
55378,,Deodorant,,
55379,,Deodorant,,
55380,,Deodorant,,
55381,,Deodorant,,
55382,,Deodorant,,
55383,,Deodorant,,
55384,,Deodorant,,
55385,,Fragrance Gift Set,,
55387,,Deodorant,,
55388,,Deodorant,,
55389,,Deodorant,,
55390,,Deodorant,,
55391,,Deodorant,,
55392,,Deodorant,,
55394,,Deodorant,,
55395,,Deodorant,,
55396,,Deodorant,,
55397,,Lip Plumper,,
55398,,Socks,,
55399,,Kajal and Eyeliner,,
55400,,Kajal and Eyeliner,,
55402,,Kajal and Eyeliner,,
55407,,Kajal and Eyeliner,,
55408,,Lip Gloss,,
55409,,Ties,,
55410,,Kajal and Eyeliner,,
55418,,Perfume and Body Mist,,
55419,,Perfume and Body Mist,,
55420,,Perfume and Body Mist,,
55421,,Perfume and Body Mist,,
55423,,Perfume and Body Mist,,
55424,,Perfume and Body Mist,,
55425,,Perfume and Body Mist,,
55426,,Perfume and Body Mist,,
55427,,Perfume and Body Mist,,
55428,,Perfume and Body Mist,,
55429,,Perfume and Body Mist,,
55430,,Nail Polish,,
55431,,Deodorant,,
55432,,Nail Polish,,
55433,,Nail Polish,,
55434,,Deodorant,,
55436,,Nail Polish,,
55437,,Deodorant,,
55438,,Nail Polish,,
55439,,Nail Polish,,
55440,,Nail Polish,,
55441,,Deodorant,,
55442,,Nail Polish,,
55443,,Deodorant,,
55444,,Perfume and Body Mist,,
55445,,Lip Gloss,,
55446,,Perfume and Body Mist,,
55447,,Lip Gloss,,
55448,,Lip Gloss,,
55449,,Perfume and Body Mist,,
55450,,Deodorant,,
55451,,Lip Gloss,,
55454,,Lipstick,,
55455,,Lipstick,,
55456,,Lipstick,,
55457,,Lipstick,,
55458,,Lipstick,,
55459,,Lipstick,,
55460,,Lipstick,,
55461,,Lipstick,,
55462,,Lipstick,,
55463,,Lipstick,,
55464,,Lipstick,,
55465,,Lipstick,,
55466,,Lipstick,,
55467,,Lipstick,,
55468,,Lipstick,,
55469,,Lipstick,,
55470,,Tshirts,,
55471,,Lipstick,,
55472,,Lipstick,,
55473,,Lipstick,,
55474,,Lip Plumper,,
55475,,Lip Plumper,,
55476,,Lip Plumper,,
55477,,Lip Plumper,,
55478,,Kajal and Eyeliner,,
55479,,Lip Plumper,,
55480,,Lip Plumper,,
55482,,Lip Plumper,,
55485,,Kajal and Eyeliner,,
55486,,Kajal and Eyeliner,,
55487,,Deodorant,,
55488,,Perfume and Body Mist,,
55489,,Perfume and Body Mist,,
55490,,Perfume and Body Mist,,
55491,,Perfume and Body Mist,,
55492,,Perfume and Body Mist,,
55493,,Perfume and Body Mist,,
55494,,Perfume and Body Mist,,
55495,,Perfume and Body Mist,,
55496,,Perfume and Body Mist,,
55497,,Perfume and Body Mist,,
55498,,Perfume and Body Mist,,
55499,,Deodorant,,
55500,,Perfume and Body Mist,,
55501,,Perfume and Body Mist,,
55502,,Perfume and Body Mist,,
55503,,Deodorant,,
55504,,Deodorant,,
55505,,Deodorant,,
55506,,Deodorant,,
55507,,Deodorant,,
55508,,Deodorant,,
55509,,Deodorant,,
55510,,Deodorant,,
55511,,Deodorant,,
55512,,Deodorant,,
55513,,Backpacks,,
55514,,Backpacks,,
55516,,Watches,,
55517,,Perfume and Body Mist,,
55518,,Backpacks,,
55519,,Perfume and Body Mist,,
55520,,Foundation and Primer,,
55521,,Shoe Accessories,,
55522,,Watches,,
55523,,Foundation and Primer,,
55524,,Handbags,,
55525,,Handbags,,
55526,,Handbags,,
55527,,Perfume and Body Mist,,
55528,,Perfume and Body Mist,,
55529,,Perfume and Body Mist,,
55530,,Perfume and Body Mist,,
55531,,Perfume and Body Mist,,
55532,,Perfume and Body Mist,,
55533,,Deodorant,,
55534,,Pendant,,
55535,,Perfume and Body Mist,,
55536,,Perfume and Body Mist,,
55537,,Perfume and Body Mist,,
55538,,Deodorant,,
55539,,Deodorant,,
55540,,Briefs,,
55541,,Kajal and Eyeliner,,
55542,,Kajal and Eyeliner,,
55543,,Kajal and Eyeliner,,
55544,,Kajal and Eyeliner,,
55545,,Kajal and Eyeliner,,
55546,,Kajal and Eyeliner,,
55547,,Kajal and Eyeliner,,
55548,,Kajal and Eyeliner,,
55549,,Kajal and Eyeliner,,
55550,,Kajal and Eyeliner,,
55551,,Kajal and Eyeliner,,
55553,,Kajal and Eyeliner,,
55556,,Kajal and Eyeliner,,
55557,,Kajal and Eyeliner,,
55558,,Kajal and Eyeliner,,
55559,,Lipstick,,
55560,,Perfume and Body Mist,,
55561,,Clothing Set,,
55564,,Deodorant,,
55565,,Deodorant,,
55568,,Deodorant,,
55569,,Deodorant,,
55570,,Deodorant,,
55571,,Deodorant,,
55572,,Earrings,,
55573,,Earrings,,
55574,,Tops,,
55575,,Handbags,,
55576,,Handbags,,
55577,,Socks,,
55578,,Flats,,
55579,,Flats,,
55580,,Wristbands,,
55581,,Perfume and Body Mist,,
55582,,Perfume and Body Mist,,
55583,,Perfume and Body Mist,,
55584,,Perfume and Body Mist,,
55585,,Perfume and Body Mist,,
55586,,Perfume and Body Mist,,
55587,,Kajal and Eyeliner,,
55590,,Shirts,,
55591,,Sweatshirts,,
55595,,Shirts,,
55597,,Shirts,,
55599,,Shirts,,
55608,,Shirts,,
55612,,Formal Shoes,,
55613,,Formal Shoes,,
55614,,Formal Shoes,,
55615,,Formal Shoes,,
55616,,Formal Shoes,,
55617,,Formal Shoes,,
55618,,Formal Shoes,,
55619,,Formal Shoes,,
55620,,Formal Shoes,,
55621,,Formal Shoes,,
55622,,Formal Shoes,,
55623,,Formal Shoes,,
55624,,Formal Shoes,,
55625,,Formal Shoes,,
55626,,Formal Shoes,,
55627,,Formal Shoes,,
55628,,Formal Shoes,,
55629,,Formal Shoes,,
55630,,Flats,,
55631,,Flats,,
55632,,Flats,,
55633,,Heels,,
55634,,Heels,,
55635,,Heels,,
55636,,Heels,,
55637,,Flats,,
55638,,Heels,,
55639,,Heels,,
55640,,Heels,,
55641,,Heels,,
55642,,Heels,,
55643,,Heels,,
55644,,Heels,,
55645,,Heels,,
55646,,Heels,,
55647,,Heels,,
55648,,Sandals,,
55649,,Heels,,
55650,,Heels,,
55651,,Flats,,
55652,,Flats,,
55653,,Flats,,
55654,,Heels,,
55655,,Heels,,
55656,,Heels,,
55657,,Heels,,
55783,,Casual Shoes,,
55784,,Casual Shoes,,
55785,,Casual Shoes,,
55786,,Tops,,
55787,,Dresses,,
55788,,Dresses,,
55789,,Sarees,,
55790,,Sarees,,
55791,,Jumpsuit,,
55794,,Night suits,,
55795,,Night suits,,
55796,,Jumpsuit,,
55797,,Dresses,,
55798,,Nightdress,,
55799,,Dresses,,
55800,,Dresses,,
55801,,Dresses,,
55802,,Night suits,,
55803,,Night suits,,
55804,,Night suits,,
55805,,Night suits,,
55806,,Night suits,,
55807,,Night suits,,
55809,,Night suits,,
55810,,Night suits,,
55811,,Night suits,,
55812,,Kurta Sets,,
55813,,Kurta Sets,,
55814,,Night suits,,
55817,,Night suits,,
55818,,Night suits,,
55819,,Night suits,,
55821,,Night suits,,
55822,,Night suits,,
55823,,Night suits,,
55824,,Night suits,,
55825,,Night suits,,
55826,,Night suits,,
55827,,Night suits,,
55828,,Night suits,,
55829,,Kurta Sets,,
55830,,Kurta Sets,,
55831,,Nightdress,,
55832,,Night suits,,
55833,,Kajal and Eyeliner,,
55834,,Perfume and Body Mist,,
55835,,Perfume and Body Mist,,
55836,,Deodorant,,
55837,,Perfume and Body Mist,,
55838,,Nail Polish,,
55839,,Nail Polish,,
55840,,Perfume and Body Mist,,
55841,,Nail Polish,,
55842,,Nail Polish,,
55843,,Nail Polish,,
55844,,Perfume and Body Mist,,
55845,,Nail Polish,,
55846,,Perfume and Body Mist,,
55847,,Perfume and Body Mist,,
55848,,Perfume and Body Mist,,
55849,,Nail Polish,,
55850,,Perfume and Body Mist,,
55851,,Perfume and Body Mist,,
55852,,Nail Polish,,
55853,,Nail Polish,,
55854,,Perfume and Body Mist,,
55855,,Perfume and Body Mist,,
55856,,Perfume and Body Mist,,
55857,,Perfume and Body Mist,,
55858,,Perfume and Body Mist,,
55859,,Perfume and Body Mist,,
55860,,Nail Polish,,
55861,,Lip Plumper,,
55862,,Lip Plumper,,
55863,,Lip Plumper,,
55864,,Lip Plumper,,
55865,,Lip Plumper,,
55866,,Lip Plumper,,
55867,,Perfume and Body Mist,,
55868,,Lip Plumper,,
55869,,Perfume and Body Mist,,
55870,,Lip Plumper,,
55871,,Lip Plumper,,
55872,,Lip Plumper,,
55873,,Lip Plumper,,
55874,,Lip Plumper,,
55875,,Perfume and Body Mist,,
55876,,Lip Plumper,,
55877,,Lip Plumper,,
55878,,Lip Plumper,,
55879,,Lip Plumper,,
55880,,Lip Plumper,,
55881,,Lip Plumper,,
55882,,Lip Plumper,,
55883,,Perfume and Body Mist,,
55884,,Lip Plumper,,
55885,,Lip Plumper,,
55886,,Lip Plumper,,
55887,,Lip Plumper,,
55888,,Lip Plumper,,
55889,,Lip Plumper,,
55890,,Lip Plumper,,
55891,,Lip Plumper,,
55892,,Lip Plumper,,
55893,,Lip Plumper,,
55894,,Lip Plumper,,
55895,,Lip Plumper,,
55896,,Lip Plumper,,
55897,,Lip Plumper,,
55898,,Perfume and Body Mist,,
55899,,Lip Plumper,,
55900,,Lip Plumper,,
55901,,Perfume and Body Mist,,
55902,,Lip Plumper,,
55903,,Lip Plumper,,
55904,,Lip Plumper,,
55905,,Perfume and Body Mist,,
55906,,Lip Plumper,,
55907,,Lip Plumper,,
55909,,Nail Polish,,
55910,,Perfume and Body Mist,,
55911,,Nail Polish,,
55912,,Perfume and Body Mist,,
55913,,Nail Polish,,
55914,,Perfume and Body Mist,,
55915,,Perfume and Body Mist,,
55916,,Nail Polish,,
55917,,Nail Polish,,
55918,,Perfume and Body Mist,,
55919,,Lip Plumper,,
55920,,Nail Polish,,
55921,,Nail Polish,,
55922,,Nail Polish,,
55923,,Nail Polish,,
55924,,Perfume and Body Mist,,
55925,,Perfume and Body Mist,,
55926,,Perfume and Body Mist,,
55927,,Nail Polish,,
55928,,Nail Polish,,
55929,,Nail Polish,,
55930,,Nail Polish,,
55931,,Perfume and Body Mist,,
55932,,Nail Polish,,
55933,,Perfume and Body Mist,,
55935,,Nail Polish,,
55936,,Perfume and Body Mist,,
55937,,Perfume and Body Mist,,
55938,,Perfume and Body Mist,,
55939,,Perfume and Body Mist,,
55940,,Perfume and Body Mist,,
55941,,Perfume and Body Mist,,
55942,,Perfume and Body Mist,,
55943,,Perfume and Body Mist,,
55944,,Perfume and Body Mist,,
55945,,Perfume and Body Mist,,
55946,,Nail Polish,,
55947,,Perfume and Body Mist,,
55948,,Perfume and Body Mist,,
55949,,Nail Polish,,
55950,,Nail Polish,,
55951,,Nail Polish,,
55952,,Nail Polish,,
55953,,Nail Polish,,
55954,,Lip Plumper,,
55955,,Perfume and Body Mist,,
55956,,Earrings,,
55957,,Lipstick,,
55958,,Socks,,
55959,,Lipstick,,
55960,,Lipstick,,
55961,,Lipstick,,
55962,,Lipstick,,
55963,,Deodorant,,
55964,,Lipstick,,
55965,,Handbags,,
55966,,Handbags,,
55967,,Handbags,,
55968,,Handbags,,
55969,,Handbags,,
55970,,Handbags,,
55971,,Handbags,,
55972,,Heels,,
55973,,Handbags,,
55974,,Handbags,,
55975,,Handbags,,
55976,,Handbags,,
55977,,Tops,,
55978,,Handbags,,
55979,,Handbags,,
55980,,Handbags,,
55981,,Lipstick,,
55982,,Handbags,,
55983,,Handbags,,
55984,,Handbags,,
55985,,Handbags,,
55986,,Handbags,,
55987,,Lipstick,,
55988,,Handbags,,
55989,,Socks,,
55990,,Handbags,,
55991,,Lipstick,,
55992,,Lipstick,,
55993,,Handbags,,
55994,,Handbags,,
55995,,Handbags,,
55996,,Handbags,,
55997,,Handbags,,
55998,,Handbags,,
55999,,Handbags,,
56000,,Handbags,,
56001,,Handbags,,
56002,,Handbags,,
56003,,Handbags,,
56004,,Handbags,,
56005,,Handbags,,
56006,,Handbags,,
56007,,Handbags,,
56008,,Heels,,
56009,,Handbags,,
56010,,Handbags,,
56011,,Handbags,,
56012,,Handbags,,
56013,,Handbags,,
56014,,Handbags,,
56015,,Handbags,,
56016,,Kurta Sets,,
56017,,Lipstick,,
56018,,Handbags,,
56019,,Lipstick,,
56020,,Handbags,,
56021,,Handbags,,
56022,,Handbags,,
56023,,Handbags,,
56024,,Handbags,,
56025,,Handbags,,
56026,,Lipstick,,
56027,,Handbags,,
56028,,Handbags,,
56029,,Handbags,,
56030,,Stockings,,
56031,,Handbags,,
56032,,Lipstick,,
56033,,Handbags,,
56034,,Handbags,,
56035,,Handbags,,
56036,,Handbags,,
56037,,Handbags,,
56038,,Handbags,,
56039,,Handbags,,
56040,,Perfume and Body Mist,,
56041,,Perfume and Body Mist,,
56042,,Perfume and Body Mist,,
56043,,Perfume and Body Mist,,
56044,,Kajal and Eyeliner,,
56045,,Perfume and Body Mist,,
56046,,Kajal and Eyeliner,,
56047,,Perfume and Body Mist,,
56048,,Perfume and Body Mist,,
56049,,Perfume and Body Mist,,
56050,,Perfume and Body Mist,,
56051,,Lip Liner,,
56052,,Lip Liner,,
56053,,Lip Liner,,
56054,,Lip Liner,,
56055,,Lip Liner,,
56056,,Perfume and Body Mist,,
56057,,Lip Liner,,
56058,,Lip Liner,,
56059,,Lip Liner,,
56060,,Perfume and Body Mist,,
56061,,Lip Liner,,
56062,,Lip Liner,,
56063,,Lip Liner,,
56064,,Perfume and Body Mist,,
56065,,Lip Liner,,
56066,,Lipstick,,
56067,,Mufflers,,
56068,,Socks,,
56069,,Socks,,
56070,,Kajal and Eyeliner,,
56071,,Lip Plumper,,
56072,,Perfume and Body Mist,,
56073,,Kajal and Eyeliner,,
56074,,Kajal and Eyeliner,,
56075,,Kajal and Eyeliner,,
56076,,Tshirts,,
56077,,Kajal and Eyeliner,,
56078,,Lipstick,,
56079,,Perfume and Body Mist,,
56080,,Perfume and Body Mist,,
56081,,Lip Plumper,,
56082,,Perfume and Body Mist,,
56083,,Perfume and Body Mist,,
56084,,Perfume and Body Mist,,
56085,,Perfume and Body Mist,,
56086,,Perfume and Body Mist,,
56087,,Perfume and Body Mist,,
56088,,Perfume and Body Mist,,
56089,,Perfume and Body Mist,,
56090,,Perfume and Body Mist,,
56091,,Perfume and Body Mist,,
56092,,Perfume and Body Mist,,
56093,,Perfume and Body Mist,,
56094,,Perfume and Body Mist,,
56095,,Lipstick,,
56096,,Perfume and Body Mist,,
56097,,Perfume and Body Mist,,
56098,,Perfume and Body Mist,,
56099,,Perfume and Body Mist,,
56100,,Perfume and Body Mist,,
56101,,Perfume and Body Mist,,
56102,,Perfume and Body Mist,,
56103,,Perfume and Body Mist,,
56104,,Perfume and Body Mist,,
56105,,Perfume and Body Mist,,
56106,,Perfume and Body Mist,,
56107,,Perfume and Body Mist,,
56108,,Perfume and Body Mist,,
56109,,Perfume and Body Mist,,
56110,,Perfume and Body Mist,,
56111,,Perfume and Body Mist,,
56112,,Perfume and Body Mist,,
56113,,Perfume and Body Mist,,
56114,,Perfume and Body Mist,,
56115,,Perfume and Body Mist,,
56116,,Perfume and Body Mist,,
56117,,Perfume and Body Mist,,
56118,,Perfume and Body Mist,,
56119,,Perfume and Body Mist,,
56120,,Perfume and Body Mist,,
56121,,Kajal and Eyeliner,,
56122,,Perfume and Body Mist,,
56123,,Perfume and Body Mist,,
56124,,Perfume and Body Mist,,
56125,,Perfume and Body Mist,,
56126,,Perfume and Body Mist,,
56127,,Perfume and Body Mist,,
56128,,Perfume and Body Mist,,
56129,,Perfume and Body Mist,,
56133,,Perfume and Body Mist,,
56134,,Perfume and Body Mist,,
56135,,Perfume and Body Mist,,
56136,,Perfume and Body Mist,,
56137,,Perfume and Body Mist,,
56138,,Perfume and Body Mist,,
56139,,Perfume and Body Mist,,
56140,,Perfume and Body Mist,,
56141,,Perfume and Body Mist,,
56142,,Perfume and Body Mist,,
56143,,Sports Shoes,,
56144,,Sports Shoes,,
56145,,Sports Shoes,,
56146,,Sports Shoes,,
56147,,Sports Shoes,,
56148,,Watches,,
56149,,Kajal and Eyeliner,,
56150,,Kajal and Eyeliner,,
56151,,Kajal and Eyeliner,,
56152,,Kajal and Eyeliner,,
56153,,Cufflinks,,
56154,,Tshirts,,
56155,,Kajal and Eyeliner,,
56156,,Tshirts,,
56157,,Tshirts,,
56158,,Kajal and Eyeliner,,
56159,,Kajal and Eyeliner,,
56160,,Kajal and Eyeliner,,
56161,,Kajal and Eyeliner,,
56162,,Kajal and Eyeliner,,
56164,,Kajal and Eyeliner,,
56165,,Kajal and Eyeliner,,
56166,,Kajal and Eyeliner,,
56167,,Kajal and Eyeliner,,
56168,,Lip Gloss,,
56170,,Perfume and Body Mist,,
56171,,Perfume and Body Mist,,
56172,,Lip Gloss,,
56173,,Perfume and Body Mist,,
56174,,Perfume and Body Mist,,
56175,,Lip Gloss,,
56176,,Perfume and Body Mist,,
56177,,Perfume and Body Mist,,
56178,,Perfume and Body Mist,,
56179,,Perfume and Body Mist,,
56180,,Perfume and Body Mist,,
56181,,Heels,,
56182,,Heels,,
56183,,Heels,,
56184,,Heels,,
56185,,Heels,,
56186,,Heels,,
56187,,Heels,,
56188,,Heels,,
56189,,Watches,,
56190,,Socks,,
56191,,Socks,,
56192,,Socks,,
56193,,Rompers,,
56194,,Perfume and Body Mist,,
56195,,Watches,,
56196,,Perfume and Body Mist,,
56198,,Bracelet,,
56199,,Jewellery Set,,
56201,,Jewellery Set,,
56202,,Pendant,,
56203,,Pendant,,
56205,,Pendant,,
56206,,Pendant,,
56207,,Pendant,,
56208,,Pendant,,
56209,,Pendant,,
56210,,Pendant,,
56211,,Pendant,,
56212,,Pendant,,
56213,,Earrings,,
56214,,Earrings,,
56215,,Earrings,,
56216,,Earrings,,
56217,,Jewellery Set,,
56218,,Jewellery Set,,
56219,,Jewellery Set,,
56220,,Jewellery Set,,
56221,,Night suits,,
56222,,Night suits,,
56223,,Sarees,,
56224,,Night suits,,
56225,,Night suits,,
56226,,Night suits,,
56227,,Night suits,,
56228,,Night suits,,
56229,,Jumpsuit,,
56230,,Nightdress,,
56231,,Night suits,,
56232,,Night suits,,
56233,,Night suits,,
56234,,Night suits,,
56235,,Night suits,,
56236,,Tracksuits,,
56237,,Night suits,,
56238,,Night suits,,
56239,,Night suits,,
56240,,Night suits,,
56241,,Night suits,,
56243,,Night suits,,
56244,,Night suits,,
56245,,Night suits,,
56247,,Night suits,,
56248,,Jumpsuit,,
56249,,Night suits,,
56250,,Night suits,,
56251,,Night suits,,
56252,,Night suits,,
56253,,Night suits,,
56254,,Night suits,,
56255,,Night suits,,
56256,,Night suits,,
56257,,Night suits,,
56258,,Night suits,,
56260,,Night suits,,
56261,,Night suits,,
56262,,Night suits,,
56263,,Kurta Sets,,
56265,,Night suits,,
56266,,Night suits,,
56267,,Night suits,,
56268,,Night suits,,
56269,,Night suits,,
56270,,Bra,,
56271,,Bra,,
56272,,Bra,,
56273,,Bra,,
56274,,Bra,,
56275,,Bra,,
56276,,Bra,,
56277,,Bra,,
56278,,Bra,,
56279,,Bra,,
56280,,Bra,,
56281,,Bra,,
56282,,Bra,,
56283,,Bra,,
56284,,Bra,,
56285,,Bra,,
56286,,Bra,,
56287,,Bra,,
56288,,Bra,,
56289,,Bra,,
56290,,Briefs,,
56291,,Briefs,,
56292,,Bra,,
56293,,Bra,,
56294,,Bra,,
56295,,Bra,,
56296,,Briefs,,
56297,,Briefs,,
56298,,Bra,,
56299,,Bra,,
56300,,Bra,,
56301,,Bra,,
56302,,Bra,,
56303,,Briefs,,
56304,,Briefs,,
56305,,Briefs,,
56306,,Bra,,
56307,,Bra,,
56308,,Briefs,,
56309,,Briefs,,
56310,,Bra,,
56311,,Bra,,
56312,,Watches,,
56313,,Watches,,
56314,,Watches,,
56315,,Watches,,
56316,,Watches,,
56317,,Watches,,
56318,,Watches,,
56319,,Watches,,
56320,,Watches,,
56321,,Watches,,
56322,,Watches,,
56323,,Watches,,
56324,,Watches,,
56326,,Watches,,
56327,,Watches,,
56329,,Watches,,
56330,,Watches,,
56331,,Watches,,
56332,,Watches,,
56333,,Watches,,
56335,,Watches,,
56336,,Watches,,
56337,,Watches,,
56338,,Watches,,
56339,,Watches,,
56340,,Watches,,
56341,,Watches,,
56342,,Watches,,
56343,,Watches,,
56344,,Watches,,
56346,,Watches,,
56348,,Watches,,
56349,,Perfume and Body Mist,,
56351,,Deodorant,,
56352,,Perfume and Body Mist,,
56353,,Perfume and Body Mist,,
56354,,Perfume and Body Mist,,
56355,,Fragrance Gift Set,,
56356,,Fragrance Gift Set,,
56359,,Perfume and Body Mist,,
56360,,Perfume and Body Mist,,
56361,,Perfume and Body Mist,,
56362,,Perfume and Body Mist,,
56363,,Perfume and Body Mist,,
56364,,Perfume and Body Mist,,
56365,,Perfume and Body Mist,,
56366,,Perfume and Body Mist,,
56367,,Perfume and Body Mist,,
56368,,Perfume and Body Mist,,
56375,,Perfume and Body Mist,,
56376,,Deodorant,,
56377,,Perfume and Body Mist,,
56378,,Perfume and Body Mist,,
56379,,Perfume and Body Mist,,
56380,,Perfume and Body Mist,,
56381,,Perfume and Body Mist,,
56385,,Perfume and Body Mist,,
56386,,Perfume and Body Mist,,
56388,,Perfume and Body Mist,,
56389,,Perfume and Body Mist,,
56390,,Perfume and Body Mist,,
56391,,Perfume and Body Mist,,
56392,,Perfume and Body Mist,,
56393,,Perfume and Body Mist,,
56394,,Perfume and Body Mist,,
56395,,Deodorant,,
56402,,Flats,,
56403,,Flats,,
56404,,Heels,,
56405,,Flats,,
56406,,Flats,,
56407,,Flats,,
56410,,Casual Shoes,,
56411,,Sandals,,
56412,,Sandals,,
56413,,Sandals,,
56414,,Sandals,,
56415,,Sandals,,
56416,,Bra,,
56417,,Bra,,
56418,,Bra,,
56419,,Bra,,
56420,,Bra,,
56421,,Bra,,
56422,,Bra,,
56423,,Bra,,
56424,,Socks,,
56425,,Mobile Pouch,,
56427,,Basketballs,,
56428,,Mobile Pouch,,
56429,,Perfume and Body Mist,,
56432,,Perfume and Body Mist,,
56436,,Nail Polish,,
56440,,Nail Polish,,
56443,,Nail Polish,,
56444,,Nail Polish,,
56446,,Nail Polish,,
56447,,Nail Polish,,
56448,,Nail Polish,,
56450,,Nail Polish,,
56451,,Nail Polish,,
56452,,Nail Polish,,
56454,,Nail Polish,,
56455,,Nail Polish,,
56456,,Nail Polish,,
56458,,Nail Polish,,
56460,,Nail Polish,,
56461,,Nail Polish,,
56462,,Nail Polish,,
56463,,Nail Polish,,
56464,,Nail Polish,,
56465,,Nail Polish,,
56466,,Nail Polish,,
56467,,Nail Polish,,
56468,,Nail Polish,,
56469,,Nail Polish,,
56470,,Nail Polish,,
56471,,Nail Polish,,
56472,,Nail Polish,,
56473,,Nail Polish,,
56474,,Nail Polish,,
56475,,Nail Polish,,
56476,,Nail Polish,,
56477,,Nail Polish,,
56478,,Nail Polish,,
56479,,Nail Polish,,
56480,,Nail Polish,,
56481,,Nail Polish,,
56482,,Nail Polish,,
56483,,Nail Polish,,
56484,,Nail Polish,,
56485,,Nail Polish,,
56486,,Nail Polish,,
56488,,Nail Polish,,
56489,,Nail Polish,,
56490,,Nail Polish,,
56491,,Nail Polish,,
56492,,Nail Polish,,
56493,,Nail Polish,,
56494,,Nail Polish,,
56495,,Nail Polish,,
56496,,Nail Polish,,
56497,,Nail Polish,,
56498,,Nail Polish,,
56499,,Nail Polish,,
56500,,Nail Polish,,
56501,,Nail Polish,,
56502,,Nail Polish,,
56503,,Nail Polish,,
56504,,Nail Polish,,
56505,,Nail Polish,,
56506,,Lip Gloss,,
56507,,Lip Gloss,,
56508,,Lipstick,,
56509,,Lipstick,,
56511,,Lipstick,,
56512,,Lipstick,,
56513,,Lipstick,,
56515,,Lipstick,,
56516,,Lipstick,,
56517,,Lipstick,,
56518,,Lipstick,,
56519,,Lipstick,,
56520,,Lipstick,,
56521,,Lipstick,,
56522,,Lipstick,,
56523,,Lipstick,,
56524,,Lipstick,,
56525,,Lipstick,,
56526,,Lipstick,,
56527,,Lipstick,,
56528,,Lipstick,,
56529,,Lipstick,,
56530,,Lipstick,,
56531,,Lipstick,,
56532,,Lipstick,,
56533,,Lipstick,,
56534,,Lipstick,,
56535,,Lipstick,,
56536,,Lipstick,,
56537,,Lipstick,,
56539,,Lipstick,,
56540,,Lipstick,,
56541,,Lipstick,,
56542,,Lipstick,,
56543,,Perfume and Body Mist,,
56544,,Kajal and Eyeliner,,
56545,,Kajal and Eyeliner,,
56546,,Shoe Accessories,,
56547,,Kajal and Eyeliner,,
56548,,Kajal and Eyeliner,,
56549,,Kajal and Eyeliner,,
56550,,Kajal and Eyeliner,,
56551,,Deodorant,,
56553,,Deodorant,,
56554,,Deodorant,,
56555,,Lip Gloss,,
56556,,Lip Plumper,,
56558,,Lip Plumper,,
56559,,Lip Plumper,,
56560,,Lip Gloss,,
56561,,Lip Plumper,,
56562,,Lip Plumper,,
56563,,Lip Plumper,,
56564,,Lip Plumper,,
56565,,Lip Plumper,,
56566,,Deodorant,,
56568,,Socks,,
56569,,Perfume and Body Mist,,
56570,,Perfume and Body Mist,,
56571,,Watches,,
56572,,Perfume and Body Mist,,
56573,,Watches,,
56574,,Deodorant,,
56575,,Deodorant,,
56576,,Deodorant,,
56579,,Perfume and Body Mist,,
56580,,Perfume and Body Mist,,
56581,,Heels,,
56582,,Heels,,
56583,,Perfume and Body Mist,,
56584,,Perfume and Body Mist,,
56585,,Perfume and Body Mist,,
56588,,Lip Liner,,
56590,,Perfume and Body Mist,,
56591,,Shoe Accessories,,
56592,,Perfume and Body Mist,,
56593,,Perfume and Body Mist,,
56594,,Lip Plumper,,
56597,,Kajal and Eyeliner,,
56598,,Kajal and Eyeliner,,
56599,,Kajal and Eyeliner,,
56600,,Kajal and Eyeliner,,
56601,,Kajal and Eyeliner,,
56602,,Kajal and Eyeliner,,
56603,,Kajal and Eyeliner,,
56604,,Kajal and Eyeliner,,
56605,,Kajal and Eyeliner,,
56606,,Casual Shoes,,
56607,,Perfume and Body Mist,,
56608,,Perfume and Body Mist,,
56609,,Socks,,
56610,,Socks,,
56611,,Socks,,
56612,,Perfume and Body Mist,,
56613,,Handbags,,
56614,,Perfume and Body Mist,,
56615,,Perfume and Body Mist,,
56616,,Perfume and Body Mist,,
56617,,Perfume and Body Mist,,
56618,,Flats,,
56619,,Socks,,
56620,,Handbags,,
56622,,Perfume and Body Mist,,
56624,,Perfume and Body Mist,,
56626,,Fragrance Gift Set,,
56627,,Deodorant,,
56631,,Deodorant,,
56632,,Perfume and Body Mist,,
56634,,Deodorant,,
56638,,Kurtis,,
56639,,Kurtis,,
56640,,Dresses,,
56642,,Kurtis,,
56643,,Tops,,
56646,,Tops,,
56647,,Tops,,
56649,,Tops,,
56650,,Tops,,
56651,,Tops,,
56652,,Formal Shoes,,
56653,,Casual Shoes,,
56654,,Casual Shoes,,
56655,,Casual Shoes,,
56656,,Casual Shoes,,
56657,,Casual Shoes,,
56658,,Casual Shoes,,
56659,,Formal Shoes,,
56660,,Sandals,,
56661,,Casual Shoes,,
56662,,Casual Shoes,,
56663,,Formal Shoes,,
56664,,Casual Shoes,,
56665,,Formal Shoes,,
56666,,Casual Shoes,,
56667,,Watches,,
56668,,Watches,,
56669,,Watches,,
56670,,Watches,,
56671,,Watches,,
56672,,Watches,,
56673,,Watches,,
56674,,Watches,,
56675,,Watches,,
56676,,Watches,,
56677,,Watches,,
56678,,Watches,,
56679,,Heels,,
56680,,Sandals,,
56681,,Watches,,
56682,,Watches,,
56684,,Sarees,,
56685,,Sarees,,
56686,,Sarees,,
56687,,Kurtas,,
56688,,Kurtas,,
56689,,Kurtas,,
56691,,Kurtas,,
56692,,Kurtas,,
56693,,Shirts,,
56694,,Shirts,,
56695,,Shirts,,
56696,,Tshirts,,
56697,,Shirts,,
56698,,Shirts,,
56699,,Shirts,,
56700,,Tshirts,,
56701,,Shirts,,
56702,,Shirts,,
56703,,Shirts,,
56704,,Tshirts,,
56705,,Kurtas,,
56709,,Kurtas,,
56711,,Kurtas,,
56713,,Kurtas,,
56714,,Kurtas,,
56715,,Kurtis,,
56718,,Kurtas,,
56720,,Casual Shoes,,
56721,,Casual Shoes,,
56722,,Casual Shoes,,
56723,,Casual Shoes,,
56724,,Flip Flops,,
56725,,Tshirts,,
56733,,Tshirts,,
56734,,Tshirts,,
56736,,Tshirts,,
56752,,Tshirts,,
56753,,Tshirts,,
56765,,Tshirts,,
56769,,Shirts,,
56770,,Shirts,,
56771,,Shirts,,
56787,,Shirts,,
56795,,Jeans,,
56798,,Jeans,,
56805,,Kurta Sets,,
56806,,Kurtas,,
56807,,Dresses,,
56808,,Kurtas,,
56809,,Kurtas,,
56810,,Kurtas,,
56811,,Kurtis,,
56812,,Kurtas,,
56813,,Kurtas,,
56814,,Kurtas,,
56815,,Kurtas,,
56816,,Shirts,,
56817,,Shirts,,
56818,,Tshirts,,
56819,,Shirts,,
56820,,Shirts,,
56821,,Shorts,,
56822,,Shorts,,
56825,,Tshirts,,
56827,,Jeans,,
56828,,Jeans,,
56829,,Jeans,,
56843,,Jeans,,
56844,,Jeans,,
56845,,Jeans,,
56846,,Trousers,,
56847,,Jeans,,
56849,,Lounge Pants,,
56850,,Trousers,,
56852,,Jeans,,
56854,,Shirts,,
56855,,Shirts,,
56856,,Flip Flops,,
56857,,Flip Flops,,
56858,,Flip Flops,,
56859,,Heels,,
56860,,Flats,,
56861,,Flats,,
56862,,Flats,,
56863,,Heels,,
56864,,Heels,,
56865,,Flats,,
56866,,Flats,,
56867,,Flats,,
56868,,Flats,,
56869,,Flats,,
56870,,Flats,,
56871,,Heels,,
56872,,Heels,,
56873,,Heels,,
56874,,Heels,,
56875,,Heels,,
56876,,Heels,,
56877,,Heels,,
56878,,Heels,,
56879,,Heels,,
56880,,Heels,,
56881,,Heels,,
56882,,Heels,,
56883,,Heels,,
56884,,Flats,,
56885,,Flats,,
56886,,Heels,,
56887,,Flats,,
56888,,Flats,,
56889,,Flats,,
56890,,Flats,,
56891,,Flats,,
56893,,Flats,,
56894,,Flats,,
56895,,Heels,,
56896,,Heels,,
56897,,Heels,,
56898,,Heels,,
56899,,Heels,,
56900,,Heels,,
56901,,Heels,,
56902,,Flats,,
56903,,Flats,,
56904,,Flats,,
56905,,Flats,,
56906,,Flats,,
56907,,Flats,,
56908,,Heels,,
56909,,Flats,,
56910,,Flats,,
56911,,Flats,,
56912,,Heels,,
56913,,Heels,,
56914,,Flats,,
56915,,Heels,,
56916,,Flats,,
56917,,Flats,,
56918,,Flats,,
56919,,Flats,,
56920,,Flats,,
56921,,Flats,,
56922,,Flats,,
56923,,Flats,,
56924,,Heels,,
56925,,Flats,,
56926,,Flip Flops,,
56927,,Heels,,
56928,,Heels,,
56929,,Heels,,
56930,,Flats,,
56931,,Flats,,
56932,,Flats,,
56933,,Flats,,
56934,,Heels,,
56935,,Heels,,
56936,,Flats,,
56937,,Heels,,
56938,,Heels,,
56939,,Heels,,
56940,,Flats,,
56941,,Heels,,
56942,,Heels,,
56943,,Heels,,
56944,,Heels,,
56945,,Heels,,
56946,,Heels,,
56947,,Heels,,
56948,,Heels,,
56949,,Heels,,
56950,,Heels,,
56951,,Heels,,
56952,,Flats,,
56953,,Heels,,
56954,,Heels,,
56955,,Heels,,
56956,,Flats,,
56957,,Heels,,
56958,,Sandals,,
56959,,Sandals,,
56960,,Heels,,
56961,,Flats,,
56962,,Heels,,
56963,,Flats,,
56964,,Flip Flops,,
56965,,Flats,,
56966,,Heels,,
56967,,Heels,,
56968,,Flats,,
56969,,Flats,,
56970,,Flats,,
56971,,Flats,,
56972,,Flats,,
56973,,Flats,,
56974,,Flats,,
56975,,Flats,,
56976,,Heels,,
56977,,Heels,,
56978,,Flats,,
56979,,Heels,,
56980,,Flats,,
56981,,Flats,,
56982,,Flats,,
56983,,Flats,,
56984,,Flats,,
56985,,Flats,,
56986,,Flats,,
56987,,Flats,,
56988,,Heels,,
56989,,Flats,,
56990,,Heels,,
56991,,Flats,,
56992,,Flats,,
56993,,Flats,,
56994,,Heels,,
56995,,Heels,,
56996,,Heels,,
56997,,Heels,,
56998,,Flats,,
56999,,Flats,,
57000,,Flats,,
57001,,Flats,,
57002,,Flats,,
57003,,Flats,,
57004,,Heels,,
57005,,Heels,,
57006,,Heels,,
57007,,Heels,,
57008,,Flats,,
57009,,Flats,,
57010,,Flats,,
57011,,Heels,,
57012,,Flats,,
57013,,Heels,,
57014,,Heels,,
57015,,Briefs,,
57016,,Briefs,,
57017,,Briefs,,
57018,,Briefs,,
57019,,Briefs,,
57021,,Briefs,,
57022,,Briefs,,
57023,,Briefs,,
57024,,Briefs,,
57025,,Briefs,,
57026,,Briefs,,
57027,,Briefs,,
57028,,Tops,,
57029,,Tops,,
57030,,Dresses,,
57031,,Kurtas,,
57032,,Tops,,
57033,,Tops,,
57034,,Nightdress,,
57035,,Dresses,,
57036,,Sarees,,
57037,,Dresses,,
57038,,Dresses,,
57039,,Dresses,,
57040,,Dresses,,
57041,,Dresses,,
57042,,Dresses,,
57043,,Dresses,,
57044,,Dresses,,
57045,,Dresses,,
57046,,Dresses,,
57047,,Dresses,,
57048,,Dresses,,
57049,,Dresses,,
57050,,Dresses,,
57051,,Dresses,,
57052,,Kurta Sets,,
57053,,Dresses,,
57054,,Dresses,,
57055,,Dresses,,
57056,,Dresses,,
57057,,Kurtas,,
57058,,Dresses,,
57059,,Dresses,,
57060,,Dresses,,
57061,,Dresses,,
57062,,Jackets,,
57063,,Waistcoat,,
57064,,Sweaters,,
57065,,Shirts,,
57066,,Tops,,
57067,,Dresses,,
57068,,Sweatshirts,,
57069,,Tops,,
57070,,Jeggings,,
57071,,Trousers,,
57072,,Jeans,,
57073,,Leggings,,
57074,,Jeans,,
57075,,Jeggings,,
57076,,Jeggings,,
57077,,Jeans,,
57078,,Sarees,,
57079,,Tops,,
57080,,Shirts,,
57081,,Tops,,
57082,,Shorts,,
57083,,Skirts,,
57084,,Skirts,,
57085,,Shorts,,
57086,,Skirts,,
57087,,Dresses,,
57088,,Skirts,,
57089,,Shorts,,
57090,,Patiala,,
57091,,Shorts,,
57092,,Dresses,,
57093,,Shorts,,
57094,,Shorts,,
57095,,Skirts,,
57096,,Capris,,
57097,,Capris,,
57099,,Skirts,,
57100,,Tops,,
57101,,Tops,,
57102,,Tops,,
57103,,Tops,,
57104,,Tops,,
57105,,Tops,,
57106,,Kurtas,,
57107,,Tshirts,,
57108,,Tops,,
57109,,Tunics,,
57110,,Shirts,,
57111,,Tops,,
57112,,Tops,,
57114,,Tops,,
57115,,Dresses,,
57116,,Tops,,
57117,,Tops,,
57118,,Tops,,
57119,,Tops,,
57120,,Tops,,
57121,,Tops,,
57122,,Tops,,
57123,,Tops,,
57124,,Dresses,,
57125,,Tops,,
57126,,Tops,,
57127,,Tops,,
57128,,Shirts,,
57129,,Tops,,
57130,,Tops,,
57131,,Tunics,,
57132,,Shirts,,
57133,,Dresses,,
57134,,Tops,,
57135,,Tops,,
57136,,Jeans,,
57137,,Trousers,,
57138,,Lounge Pants,,
57139,,Trousers,,
57140,,Trousers,,
57141,,Trousers,,
57142,,Tops,,
57143,,Tops,,
57144,,Dresses,,
57145,,Tops,,
57146,,Tops,,
57147,,Night suits,,
57148,,Tops,,
57149,,Tops,,
57150,,Innerwear Vests,,
57151,,Dresses,,
57152,,Tops,,
57153,,Tops,,
57154,,Tops,,
57155,,Tops,,
57156,,Tops,,
57157,,Tops,,
57158,,Tops,,
57159,,Tops,,
57160,,Tops,,
57161,,Tops,,
57162,,Tops,,
57163,,Tops,,
57164,,Tops,,
57165,,Tops,,
57166,,Tops,,
57167,,Innerwear Vests,,
57168,,Tops,,
57169,,Tops,,
57170,,Tops,,
57171,,Night suits,,
57172,,Tops,,
57173,,Tops,,
57174,,Tops,,
57175,,Tops,,
57176,,Tops,,
57177,,Kurtis,,
57178,,Shirts,,
57179,,Tshirts,,
57180,,Tops,,
57181,,Dresses,,
57182,,Dresses,,
57183,,Dresses,,
57184,,Dresses,,
57185,,Dresses,,
57186,,Dresses,,
57187,,Dresses,,
57188,,Tunics,,
57189,,Tops,,
57190,,Tops,,
57191,,Tops,,
57192,,Tops,,
57193,,Tops,,
57194,,Tops,,
57195,,Dresses,,
57196,,Dresses,,
57197,,Tops,,
57198,,Tops,,
57199,,Dresses,,
57200,,Dresses,,
57201,,Tops,,
57202,,Dresses,,
57203,,Dresses,,
57204,,Capris,,
57205,,Capris,,
57207,,Capris,,
57208,,Jeans,,
57209,,Jeans,,
57210,,Jeans,,
57211,,Jeans,,
57212,,Jeans,,
57213,,Jeans,,
57214,,Shorts,,
57215,,Trousers,,
57216,,Leggings,,
57217,,Capris,,
57218,,Capris,,
57225,,Handbags,,
57226,,Handbags,,
57229,,Handbags,,
57230,,Handbags,,
57231,,Handbags,,
57235,,Handbags,,
57236,,Handbags,,
57237,,Handbags,,
57238,,Handbags,,
57239,,Handbags,,
57240,,Handbags,,
57241,,Handbags,,
57242,,Handbags,,
57243,,Handbags,,
57244,,Handbags,,
57246,,Handbags,,
57247,,Handbags,,
57252,,Handbags,,
57253,,Handbags,,
57254,,Handbags,,
57255,,Handbags,,
57256,,Handbags,,
57258,,Handbags,,
57259,,Handbags,,
57261,,Handbags,,
57262,,Handbags,,
57263,,Handbags,,
57264,,Handbags,,
57266,,Handbags,,
57268,,Tshirts,,
57273,,Shirts,,
57274,,Shirts,,
57275,,Shirts,,
57276,,Shirts,,
57277,,Shirts,,
57280,,Shirts,,
57281,,Shirts,,
57282,,Shirts,,
57283,,Shirts,,
57284,,Shirts,,
57285,,Shirts,,
57286,,Shirts,,
57287,,Shirts,,
57288,,Shirts,,
57289,,Tshirts,,
57290,,Shirts,,
57291,,Shirts,,
57292,,Shirts,,
57293,,Shirts,,
57294,,Shirts,,
57295,,Shirts,,
57296,,Shirts,,
57297,,Shirts,,
57298,,Heels,,
57299,,Flats,,
57300,,Heels,,
57301,,Heels,,
57302,,Heels,,
57303,,Flats,,
57304,,Heels,,
57305,,Heels,,
57306,,Heels,,
57307,,Heels,,
57308,,Flats,,
57309,,Flats,,
57310,,Tshirts,,
57311,,Bra,,
57312,,Bra,,
57313,,Bra,,
57316,,Bra,,
57318,,Bra,,
57319,,Bra,,
57320,,Bra,,
57321,,Bra,,
57322,,Bra,,
57323,,Bra,,
57324,,Bra,,
57325,,Bra,,
57326,,Bra,,
57327,,Bra,,
57328,,Bra,,
57329,,Bra,,
57330,,Bra,,
57331,,Bra,,
57333,,Bra,,
57334,,Bra,,
57335,,Bra,,
57336,,Bra,,
57338,,Bra,,
57339,,Bra,,
57340,,Bra,,
57342,,Bra,,
57343,,Bra,,
57344,,Bra,,
57345,,Bra,,
57346,,Bra,,
57347,,Bra,,
57348,,Bra,,
57349,,Bra,,
57350,,Bra,,
57351,,Bra,,
57352,,Bra,,
57353,,Bra,,
57354,,Bra,,
57355,,Bra,,
57356,,Bra,,
57357,,Bra,,
57358,,Bra,,
57359,,Bra,,
57360,,Bra,,
57361,,Bra,,
57362,,Bra,,
57363,,Bra,,
57365,,Briefs,,
57366,,Briefs,,
57367,,Briefs,,
57368,,Briefs,,
57369,,Briefs,,
57370,,Briefs,,
57371,,Briefs,,
57372,,Briefs,,
57373,,Briefs,,
57374,,Briefs,,
57375,,Briefs,,
57376,,Briefs,,
57378,,Briefs,,
57379,,Briefs,,
57380,,Briefs,,
57382,,Briefs,,
57383,,Briefs,,
57384,,Briefs,,
57388,,Briefs,,
57389,,Briefs,,
57390,,Briefs,,
57391,,Briefs,,
57392,,Briefs,,
57393,,Briefs,,
57395,,Briefs,,
57397,,Briefs,,
57398,,Briefs,,
57399,,Briefs,,
57400,,Briefs,,
57401,,Briefs,,
57402,,Briefs,,
57403,,Briefs,,
57404,,Briefs,,
57405,,Briefs,,
57406,,Briefs,,
57407,,Briefs,,
57408,,Briefs,,
57409,,Briefs,,
57410,,Briefs,,
57411,,Briefs,,
57412,,Briefs,,
57413,,Briefs,,
57414,,Briefs,,
57415,,Briefs,,
57416,,Jumpsuit,,
57418,,Dresses,,
57419,,Dresses,,
57420,,Tshirts,,
57421,,Tshirts,,
57422,,Tshirts,,
57423,,Tops,,
57424,,Tshirts,,
57425,,Tshirts,,
57426,,Tops,,
57427,,Tshirts,,
57428,,Tshirts,,
57429,,Tops,,
57430,,Tshirts,,
57431,,Tshirts,,
57432,,Tops,,
57433,,Tshirts,,
57434,,Tshirts,,
57435,,Tshirts,,
57436,,Tshirts,,
57437,,Tshirts,,
57438,,Tshirts,,
57439,,Tops,,
57440,,Tshirts,,
57441,,Tshirts,,
57442,,Tops,,
57443,,Tshirts,,
57444,,Tops,,
57445,,Tshirts,,
57446,,Tshirts,,
57447,,Tshirts,,
57448,,Tshirts,,
57449,,Tshirts,,
57450,,Tshirts,,
57457,,Handbags,,
57458,,Handbags,,
57459,,Handbags,,
57462,,Clutches,,
57463,,Belts,,
57466,,Flip Flops,,
57467,,Casual Shoes,,
57468,,Flip Flops,,
57469,,Casual Shoes,,
57470,,Casual Shoes,,
57471,,Casual Shoes,,
57475,,Sandals,,
57476,,Casual Shoes,,
57477,,Casual Shoes,,
57478,,Casual Shoes,,
57479,,Casual Shoes,,
57480,,Sports Shoes,,
57481,,Sports Shoes,,
57482,,Casual Shoes,,
57483,,Casual Shoes,,
57484,,Sandals,,
57487,,Formal Shoes,,
57488,,Formal Shoes,,
57489,,Formal Shoes,,
57490,,Formal Shoes,,
57491,,Formal Shoes,,
57492,,Formal Shoes,,
57493,,Formal Shoes,,
57494,,Formal Shoes,,
57495,,Formal Shoes,,
57496,,Formal Shoes,,
57497,,Casual Shoes,,
57498,,Formal Shoes,,
57499,,Formal Shoes,,
57500,,Sandals,,
57501,,Sandals,,
57502,,Sandals,,
57503,,Sandals,,
57504,,Sandals,,
57505,,Sandals,,
57506,,Sandals,,
57507,,Sandals,,
57508,,Sandals,,
57509,,Formal Shoes,,
57510,,Formal Shoes,,
57511,,Formal Shoes,,
57512,,Formal Shoes,,
57513,,Formal Shoes,,
57514,,Formal Shoes,,
57515,,Formal Shoes,,
57516,,Formal Shoes,,
57517,,Formal Shoes,,
57518,,Formal Shoes,,
57519,,Formal Shoes,,
57520,,Formal Shoes,,
57521,,Casual Shoes,,
57522,,Casual Shoes,,
57523,,Casual Shoes,,
57524,,Formal Shoes,,
57525,,Formal Shoes,,
57526,,Formal Shoes,,
57527,,Formal Shoes,,
57528,,Formal Shoes,,
57529,,Formal Shoes,,
57530,,Formal Shoes,,
57531,,Formal Shoes,,
57532,,Formal Shoes,,
57533,,Casual Shoes,,
57534,,Belts,,
57536,,Belts,,
57539,,Belts,,
57543,,Lip Gloss,,
57544,,Lip Gloss,,
57545,,Lip Gloss,,
57547,,Lip Gloss,,
57548,,Lip Gloss,,
57549,,Lip Gloss,,
57550,,Lip Liner,,
57552,,Lipstick,,
57553,,Lipstick,,
57554,,Lipstick,,
57555,,Lipstick,,
57556,,Lipstick,,
57557,,Lipstick,,
57558,,Lipstick,,
57559,,Lipstick,,
57560,,Lipstick,,
57561,,Earrings,,
57562,,Lipstick,,
57563,,Earrings,,
57566,,Lipstick,,
57567,,Tshirts,,
57568,,Lipstick,,
57569,,Lipstick,,
57570,,Lipstick,,
57571,,Lipstick,,
57572,,Socks,,
57573,,Lipstick,,
57574,,Lipstick,,
57575,,Earrings,,
57576,,Fragrance Gift Set,,
57577,,Lipstick,,
57578,,Lipstick,,
57579,,Lipstick,,
57580,,Lipstick,,
57581,,Heels,,
57582,,Fragrance Gift Set,,
57583,,Fragrance Gift Set,,
57584,,Fragrance Gift Set,,
57586,,Fragrance Gift Set,,
57587,,Fragrance Gift Set,,
57588,,Fragrance Gift Set,,
57589,,Fragrance Gift Set,,
57591,,Fragrance Gift Set,,
57592,,Fragrance Gift Set,,
57593,,Fragrance Gift Set,,
57594,,Fragrance Gift Set,,
57595,,Fragrance Gift Set,,
57596,,Fragrance Gift Set,,
57597,,Fragrance Gift Set,,
57598,,Lipstick,,
57599,,Fragrance Gift Set,,
57600,,Fragrance Gift Set,,
57601,,Fragrance Gift Set,,
57603,,Fragrance Gift Set,,
57604,,Lipstick,,
57605,,Fragrance Gift Set,,
57606,,Fragrance Gift Set,,
57607,,Perfume and Body Mist,,
57608,,Perfume and Body Mist,,
57609,,Perfume and Body Mist,,
57610,,Perfume and Body Mist,,
57611,,Shoe Accessories,,
57613,,Wallets,,
57614,,Shoe Accessories,,
57615,,Perfume and Body Mist,,
57616,,Perfume and Body Mist,,
57617,,Shoe Accessories,,
57619,,Shoe Accessories,,
57620,,Perfume and Body Mist,,
57621,,Shoe Accessories,,
57622,,Perfume and Body Mist,,
57623,,Shoe Accessories,,
57624,,Perfume and Body Mist,,
57625,,Shoe Accessories,,
57627,,Perfume and Body Mist,,
57628,,Shoe Accessories,,
57629,,Perfume and Body Mist,,
57630,,Perfume and Body Mist,,
57631,,Deodorant,,
57632,,Perfume and Body Mist,,
57633,,Perfume and Body Mist,,
57634,,Perfume and Body Mist,,
57635,,Perfume and Body Mist,,
57636,,Perfume and Body Mist,,
57637,,Perfume and Body Mist,,
57638,,Perfume and Body Mist,,
57639,,Lipstick,,
57640,,Deodorant,,
57642,,Perfume and Body Mist,,
57643,,Perfume and Body Mist,,
57644,,Perfume and Body Mist,,
57645,,Deodorant,,
57646,,Deodorant,,
57647,,Deodorant,,
57649,,Deodorant,,
57650,,Deodorant,,
57651,,Deodorant,,
57652,,Deodorant,,
57653,,Perfume and Body Mist,,
57654,,Perfume and Body Mist,,
57655,,Perfume and Body Mist,,
57656,,Perfume and Body Mist,,
57657,,Deodorant,,
57658,,Perfume and Body Mist,,
57660,,Perfume and Body Mist,,
57661,,Perfume and Body Mist,,
57662,,Perfume and Body Mist,,
57664,,Deodorant,,
57667,,Deodorant,,
57668,,Deodorant,,
57669,,Deodorant,,
57670,,Deodorant,,
57671,,Deodorant,,
57672,,Deodorant,,
57673,,Perfume and Body Mist,,
57674,,Perfume and Body Mist,,
57675,,Perfume and Body Mist,,
57676,,Fragrance Gift Set,,
57677,,Perfume and Body Mist,,
57678,,Fragrance Gift Set,,
57679,,Perfume and Body Mist,,
57681,,Perfume and Body Mist,,
57683,,Perfume and Body Mist,,
57685,,Perfume and Body Mist,,
57687,,Perfume and Body Mist,,
57689,,Perfume and Body Mist,,
57690,,Perfume and Body Mist,,
57691,,Perfume and Body Mist,,
57692,,Shoe Accessories,,
57694,,Perfume and Body Mist,,
57696,,Perfume and Body Mist,,
57697,,Messenger Bag,,
57698,,Messenger Bag,,
57699,,Messenger Bag,,
57700,,Perfume and Body Mist,,
57701,,Shoe Accessories,,
57702,,Perfume and Body Mist,,
57703,,Deodorant,,
57704,,Deodorant,,
57705,,Deodorant,,
57706,,Leggings,,
57707,,Lip Liner,,
57708,,Lip Liner,,
57709,,Lip Liner,,
57710,,Lip Liner,,
57711,,Lip Liner,,
57712,,Lip Liner,,
57713,,Perfume and Body Mist,,
57714,,Perfume and Body Mist,,
57715,,Lip Liner,,
57716,,Lip Liner,,
57717,,Perfume and Body Mist,,
57718,,Lip Gloss,,
57719,,Lip Liner,,
57720,,Perfume and Body Mist,,
57721,,Lip Liner,,
57724,,Perfume and Body Mist,,
57725,,Perfume and Body Mist,,
57727,,Lip Liner,,
57728,,Perfume and Body Mist,,
57729,,Innerwear Vests,,
57730,,Innerwear Vests,,
57731,,Perfume and Body Mist,,
57732,,Innerwear Vests,,
57733,,Perfume and Body Mist,,
57734,,Perfume and Body Mist,,
57735,,Perfume and Body Mist,,
57736,,Perfume and Body Mist,,
57737,,Perfume and Body Mist,,
57738,,Wallets,,
57739,,Shoe Accessories,,
57740,,Foundation and Primer,,
57741,,Shoe Accessories,,
57742,,Shoe Accessories,,
57743,,Shoe Accessories,,
57744,,Shoe Accessories,,
57745,,Fragrance Gift Set,,
57746,,Fragrance Gift Set,,
57747,,Fragrance Gift Set,,
57749,,Perfume and Body Mist,,
57750,,Perfume and Body Mist,,
57752,,Perfume and Body Mist,,
57753,,Perfume and Body Mist,,
57754,,Watches,,
57755,,Deodorant,,
57756,,Shoe Accessories,,
57757,,Perfume and Body Mist,,
57758,,Shoe Accessories,,
57759,,Perfume and Body Mist,,
57760,,Perfume and Body Mist,,
57761,,Shoe Accessories,,
57762,,Perfume and Body Mist,,
57763,,Perfume and Body Mist,,
57764,,Shoe Accessories,,
57765,,Perfume and Body Mist,,
57766,,Shoe Accessories,,
57767,,Watches,,
57768,,Deodorant,,
57770,,Wallets,,
57771,,Perfume and Body Mist,,
57772,,Shoe Accessories,,
57773,,Wallets,,
57774,,Perfume and Body Mist,,
57776,,Perfume and Body Mist,,
57777,,Perfume and Body Mist,,
57778,,Perfume and Body Mist,,
57779,,Perfume and Body Mist,,
57780,,Kajal and Eyeliner,,
57781,,Wallets,,
57782,,Perfume and Body Mist,,
57783,,Deodorant,,
57784,,Handbags,,
57785,,Bracelet,,
57786,,Perfume and Body Mist,,
57787,,Heels,,
57788,,Heels,,
57789,,Handbags,,
57790,,Heels,,
57791,,Perfume and Body Mist,,
57792,,Perfume and Body Mist,,
57793,,Perfume and Body Mist,,
57794,,Bangle,,
57795,,Messenger Bag,,
57796,,Sports Shoes,,
57798,,Perfume and Body Mist,,
57800,,Deodorant,,
57801,,Deodorant,,
57802,,Socks,,
57803,,Socks,,
57804,,Perfume and Body Mist,,
57805,,Perfume and Body Mist,,
57810,,Tops,,
57811,,Tops,,
57812,,Tops,,
57815,,Dresses,,
57816,,Tops,,
57817,,Tops,,
57818,,Tops,,
57819,,Dresses,,
57820,,Tops,,
57823,,Tops,,
57824,,Trousers,,
57832,,Tops,,
57833,,Tshirts,,
57834,,Shirts,,
57835,,Handbags,,
57836,,Bangle,,
57837,,Perfume and Body Mist,,
57838,,Handbags,,
57845,,Mobile Pouch,,
57846,,Clutches,,
57847,,Handbags,,
57849,,Heels,,
57850,,Heels,,
57851,,Casual Shoes,,
57852,,Heels,,
57853,,Heels,,
57854,,Flats,,
57855,,Flats,,
57856,,Flats,,
57857,,Flats,,
57858,,Flats,,
57859,,Deodorant,,
57860,,Deodorant,,
57861,,Deodorant,,
57862,,Deodorant,,
57863,,Perfume and Body Mist,,
57864,,Deodorant,,
57865,,Deodorant,,
57866,,Perfume and Body Mist,,
57867,,Deodorant,,
57868,,Perfume and Body Mist,,
57869,,Perfume and Body Mist,,
57870,,Deodorant,,
57871,,Deodorant,,
57872,,Perfume and Body Mist,,
57873,,Perfume and Body Mist,,
57874,,Socks,,
57875,,Deodorant,,
57876,,Deodorant,,
57877,,Perfume and Body Mist,,
57878,,Perfume and Body Mist,,
57879,,Perfume and Body Mist,,
57880,,Belts,,
57881,,Deodorant,,
57883,,Perfume and Body Mist,,
57884,,Perfume and Body Mist,,
57885,,Perfume and Body Mist,,
57886,,Perfume and Body Mist,,
57887,,Perfume and Body Mist,,
57888,,Perfume and Body Mist,,
57889,,Perfume and Body Mist,,
57890,,Perfume and Body Mist,,
57891,,Kajal and Eyeliner,,
57892,,Perfume and Body Mist,,
57893,,Leggings,,
57894,,Leggings,,
57895,,Kurtis,,
57896,,Shorts,,
57897,,Scarves,,
57898,,Tops,,
57899,,Leggings,,
57906,,Socks,,
57907,,Socks,,
57908,,Socks,,
57909,,Socks,,
57910,,Socks,,
57911,,Socks,,
57912,,Socks,,
57913,,Socks,,
57914,,Socks,,
57915,,Socks,,
57916,,Socks,,
57917,,Socks,,
57918,,Socks,,
57919,,Socks,,
57920,,Socks,,
57921,,Socks,,
57922,,Leggings,,
57923,,Leggings,,
57924,,Leggings,,
57925,,Leggings,,
57930,,Tshirts,,
57931,,Tshirts,,
57932,,Tshirts,,
57933,,Tshirts,,
57934,,Sandals,,
57935,,Sandals,,
57936,,Sports Shoes,,
57937,,Sports Shoes,,
57938,,Sandals,,
57939,,Casual Shoes,,
57940,,Sandals,,
57941,,Casual Shoes,,
57942,,Casual Shoes,,
57943,,Casual Shoes,,
57944,,Sandals,,
57945,,Sandals,,
57946,,Formal Shoes,,
57947,,Formal Shoes,,
57948,,Formal Shoes,,
57949,,Formal Shoes,,
57950,,Formal Shoes,,
57952,,Sarees,,
57953,,Sarees,,
57954,,Sarees,,
57956,,Sarees,,
57957,,Sarees,,
57958,,Sarees,,
57959,,Free Gifts,,
57960,,Sarees,,
57961,,Sarees,,
57962,,Sarees,,
57963,,Sarees,,
57964,,Sarees,,
57965,,Sarees,,
57966,,Sarees,,
57967,,Sarees,,
57968,,Sarees,,
57969,,Sarees,,
57970,,Sarees,,
57971,,Sarees,,
57972,,Sarees,,
57973,,Sarees,,
57974,,Sarees,,
57975,,Sarees,,
57976,,Sarees,,
57980,,Tops,,
57981,,Tops,,
57982,,Tops,,
57983,,Tops,,
57985,,Kurtis,,
57986,,Dresses,,
57987,,Tunics,,
57988,,Dresses,,
57989,,Kurtas,,
57990,,Dresses,,
57991,,Dresses,,
57992,,Shirts,,
57993,,Dresses,,
57994,,Dresses,,
57995,,Dresses,,
57996,,Dresses,,
57997,,Dresses,,
57998,,Dresses,,
57999,,Tunics,,
58000,,Dresses,,
58001,,Dresses,,
58002,,Dresses,,
58003,,Dresses,,
58004,,Sweaters,,
58005,,Tops,,
58006,,Tops,,
58007,,Tops,,
58008,,Tops,,
58009,,Tops,,
58010,,Tops,,
58011,,Tops,,
58012,,Tops,,
58013,,Tops,,
58014,,Tops,,
58015,,Tops,,
58016,,Earrings,,
58017,,Earrings,,
58018,,Earrings,,
58020,,Earrings,,
58022,,Earrings,,
58023,,Earrings,,
58024,,Earrings,,
58027,,Earrings,,
58028,,Earrings,,
58030,,Earrings,,
58032,,Earrings,,
58035,,Sports Shoes,,
58037,,Earrings,,
58039,,Earrings,,
58041,,Skirts,,
58042,,Earrings,,
58044,,Earrings,,
58045,,Earrings,,
58046,,Earrings,,
58049,,Earrings,,
58050,,Earrings,,
58051,,Earrings,,
58052,,Earrings,,
58053,,Earrings,,
58057,,Earrings,,
58058,,Dresses,,
58059,,Earrings,,
58060,,Earrings,,
58061,,Earrings,,
58062,,Earrings,,
58063,,Earrings,,
58071,,Earrings,,
58072,,Earrings,,
58073,,Earrings,,
58074,,Earrings,,
58075,,Earrings,,
58076,,Earrings,,
58078,,Earrings,,
58085,,Earrings,,
58086,,Earrings,,
58087,,Earrings,,
58093,,Earrings,,
58096,,Pendant,,
58097,,Perfume and Body Mist,,
58098,,Perfume and Body Mist,,
58099,,Perfume and Body Mist,,
58100,,Briefs,,
58104,,Ring,,
58107,,Earrings,,
58108,,Earrings,,
58109,,Earrings,,
58110,,Earrings,,
58111,,Earrings,,
58112,,Earrings,,
58115,,Scarves,,
58116,,Pendant,,
58117,,Perfume and Body Mist,,
58118,,Pendant,,
58121,,Earrings,,
58123,,Earrings,,
58128,,Earrings,,
58129,,Earrings,,
58131,,Earrings,,
58132,,Earrings,,
58133,,Earrings,,
58135,,Earrings,,
58136,,Earrings,,
58137,,Earrings,,
58138,,Earrings,,
58139,,Handbags,,
58140,,Earrings,,
58141,,Earrings,,
58143,,Backpacks,,
58144,,Backpacks,,
58145,,Backpacks,,
58146,,Backpacks,,
58147,,Socks,,
58148,,Caps,,
58149,,Caps,,
58150,,Caps,,
58151,,Caps,,
58152,,Caps,,
58153,,Caps,,
58154,,Caps,,
58155,,Handbags,,
58156,,Handbags,,
58157,,Handbags,,
58158,,Dupatta,,
58159,,Wallets,,
58160,,Wallets,,
58161,,Wallets,,
58162,,Wallets,,
58163,,Wallets,,
58164,,Wallets,,
58165,,Wallets,,
58166,,Wallets,,
58167,,Wallets,,
58168,,Clutches,,
58169,,Clutches,,
58170,,Clutches,,
58171,,Handbags,,
58172,,Handbags,,
58173,,Handbags,,
58174,,Handbags,,
58175,,Handbags,,
58176,,Handbags,,
58177,,Handbags,,
58178,,Handbags,,
58179,,Duffel Bag,,
58180,,Handbags,,
58181,,Handbags,,
58182,,Handbags,,
58183,,Handbags,,
58184,,Handbags,,
58185,,Handbags,,
58186,,Handbags,,
58187,,Handbags,,
58188,,Handbags,,
58189,,Handbags,,
58190,,Handbags,,
58191,,Handbags,,
58194,,Handbags,,
58195,,Handbags,,
58196,,Handbags,,
58200,,Casual Shoes,,
58201,,Wallets,,
58202,,Belts,,
58203,,Belts,,
58204,,Belts,,
58205,,Belts,,
58206,,Belts,,
58207,,Belts,,
58208,,Belts,,
58209,,Patiala,,
58210,,Patiala,,
58211,,Patiala,,
58212,,Patiala,,
58213,,Patiala,,
58214,,Patiala,,
58215,,Patiala,,
58216,,Patiala,,
58218,,Patiala,,
58220,,Patiala,,
58222,,Jeans,,
58225,,Tshirts,,
58226,,Sandals,,
58227,,Sandals,,
58229,,Sandals,,
58231,,Flip Flops,,
58232,,Flip Flops,,
58233,,Wallets,,
58234,,Wallets,,
58235,,Wallets,,
58236,,Caps,,
58237,,Wallets,,
58238,,Wallets,,
58239,,Wallets,,
58240,,Clutches,,
58241,,Wallets,,
58242,,Wallets,,
58243,,Wallets,,
58244,,Wallets,,
58245,,Wallets,,
58246,,Wallets,,
58247,,Wallets,,
58248,,Wallets,,
58249,,Wallets,,
58250,,Wallets,,
58251,,Wallets,,
58252,,Wallets,,
58253,,Clutches,,
58254,,Wallets,,
58255,,Clutches,,
58256,,Clutches,,
58257,,Wallets,,
58258,,Wallets,,
58259,,Clutches,,
58260,,Mobile Pouch,,
58261,,Clutches,,
58262,,Wallets,,
58263,,Wallets,,
58264,,Handbags,,
58265,,Handbags,,
58266,,Handbags,,
58267,,Handbags,,
58268,,Handbags,,
58269,,Handbags,,
58270,,Clutches,,
58271,,Handbags,,
58272,,Handbags,,
58273,,Handbags,,
58274,,Handbags,,
58275,,Handbags,,
58276,,Handbags,,
58277,,Handbags,,
58278,,Handbags,,
58279,,Handbags,,
58280,,Handbags,,
58281,,Backpacks,,
58282,,Backpacks,,
58283,,Clutches,,
58284,,Clutches,,
58286,,Briefs,,
58291,,Socks,,
58292,,Socks,,
58293,,Socks,,
58294,,Socks,,
58295,,Socks,,
58296,,Socks,,
58297,,Socks,,
58298,,Socks,,
58299,,Socks,,
58300,,Socks,,
58301,,Socks,,
58304,,Socks,,
58305,,Socks,,
58306,,Socks,,
58307,,Socks,,
58308,,Socks,,
58309,,Socks,,
58310,,Socks,,
58311,,Socks,,
58312,,Socks,,
58313,,Socks,,
58314,,Socks,,
58315,,Socks,,
58316,,Socks,,
58317,,Socks,,
58318,,Socks,,
58319,,Socks,,
58320,,Socks,,
58321,,Socks,,
58322,,Socks,,
58323,,Socks,,
58324,,Flip Flops,,
58325,,Flip Flops,,
58326,,Flip Flops,,
58327,,Flip Flops,,
58328,,Flip Flops,,
58329,,Flip Flops,,
58330,,Flip Flops,,
58331,,Flip Flops,,
58332,,Flip Flops,,
58333,,Flip Flops,,
58334,,Flip Flops,,
58335,,Flip Flops,,
58336,,Flip Flops,,
58337,,Flip Flops,,
58338,,Flip Flops,,
58339,,Flip Flops,,
58340,,Flip Flops,,
58349,,Tshirts,,
58351,,Tshirts,,
58357,,Tshirts,,
58358,,Tshirts,,
58372,,Tops,,
58375,,Tshirts,,
58381,,Tshirts,,
58385,,Tshirts,,
58394,,Tshirts,,
58395,,Shirts,,
58411,,Jeans,,
58418,,Jeans,,
58425,,Kurtas,,
58439,,Dresses,,
58444,,Watches,,
58445,,Watches,,
58446,,Tops,,
58447,,Watches,,
58448,,Watches,,
58449,,Watches,,
58450,,Watches,,
58451,,Watches,,
58452,,Watches,,
58453,,Watches,,
58454,,Watches,,
58455,,Watches,,
58456,,Watches,,
58458,,Tshirts,,
58459,,Tshirts,,
58460,,Tshirts,,
58463,,Belts,,
58464,,Belts,,
58465,,Belts,,
58466,,Belts,,
58467,,Belts,,
58468,,Belts,,
58470,,Wallets,,
58471,,Wallets,,
58472,,Wallets,,
58473,,Wallets,,
58474,,Wallets,,
58475,,Wallets,,
58476,,Wallets,,
58477,,Wallets,,
58478,,Wallets,,
58479,,Wallets,,
58480,,Wallets,,
58481,,Wallets,,
58482,,Wallets,,
58483,,Wallets,,
58484,,Wallets,,
58485,,Wallets,,
58486,,Wallets,,
58487,,Wallets,,
58488,,Heels,,
58489,,Dresses,,
58490,,Dresses,,
58491,,Shorts,,
58492,,Dresses,,
58493,,Dresses,,
58494,,Free Gifts,,
58495,,Tops,,
58496,,Tshirts,,
58497,,Tops,,
58498,,Tops,,
58499,,Dresses,,
58500,,Tops,,
58501,,Tops,,
58502,,Kurtas,,
58503,,Dresses,,
58504,,Dresses,,
58505,,Dresses,,
58506,,Sarees,,
58507,,Shrug,,
58508,,Scarves,,
58509,,Dresses,,
58510,,Dresses,,
58511,,Jackets,,
58512,,Tops,,
58513,,Dresses,,
58514,,Tops,,
58515,,Tops,,
58516,,Tops,,
58517,,Jackets,,
58518,,Tops,,
58519,,Necklace and Chains,,
58520,,Dresses,,
58521,,Backpacks,,
58522,,Laptop Bag,,
58523,,Backpacks,,
58524,,Mobile Pouch,,
58525,,Backpacks,,
58526,,Jackets,,
58527,,Sunglasses,,
58528,,Sunglasses,,
58529,,Sunglasses,,
58530,,Sunglasses,,
58531,,Sunglasses,,
58532,,Sunglasses,,
58533,,Sunglasses,,
58534,,Sunglasses,,
58535,,Sunglasses,,
58536,,Sunglasses,,
58537,,Sunglasses,,
58538,,Sunglasses,,
58539,,Sunglasses,,
58540,,Sunglasses,,
58541,,Sunglasses,,
58542,,Sunglasses,,
58543,,Sunglasses,,
58544,,Sunglasses,,
58545,,Sunglasses,,
58546,,Sunglasses,,
58547,,Sunglasses,,
58548,,Sunglasses,,
58549,,Sunglasses,,
58550,,Sunglasses,,
58551,,Sunglasses,,
58552,,Sunglasses,,
58553,,Sunglasses,,
58555,,Formal Shoes,,
58559,,Tshirts,,
58560,,Jeans,,
58561,,Jeans,,
58562,,Leggings,,
58563,,Shirts,,
58565,,Tshirts,,
58566,,Shirts,,
58567,,Tracksuits,,
58569,,Tshirts,,
58570,,Tshirts,,
58571,,Shorts,,
58573,,Tops,,
58574,,Tops,,
58576,,Sweatshirts,,
58577,,Tshirts,,
58581,,Ring,,
58586,,Necklace and Chains,,
58588,,Pendant,,
58589,,Lip Liner,,
58590,,Necklace and Chains,,
58591,,Necklace and Chains,,
58600,,Ring,,
58603,,Socks,,
58605,,Earrings,,
58606,,Earrings,,
58607,,Earrings,,
58608,,Earrings,,
58609,,Earrings,,
58610,,Earrings,,
58611,,Earrings,,
58612,,Earrings,,
58614,,Waistcoat,,
58615,,Waistcoat,,
58616,,Earrings,,
58618,,Earrings,,
58619,,Earrings,,
58620,,Earrings,,
58621,,Earrings,,
58622,,Handbags,,
58624,,Messenger Bag,,
58625,,Bangle,,
58626,,Flip Flops,,
58627,,Handbags,,
58628,,Belts,,
58629,,Handbags,,
58634,,Socks,,
58635,,Socks,,
58636,,Socks,,
58637,,Socks,,
58638,,Socks,,
58639,,Socks,,
58640,,Socks,,
58641,,Socks,,
58642,,Socks,,
58643,,Kurtas,,
58644,,Kurtas,,
58645,,Kurtas,,
58646,,Kurtas,,
58647,,Kurtas,,
58648,,Kurtas,,
58652,,Kurtas,,
58653,,Kurtas,,
58654,,Kurtas,,
58655,,Kurtas,,
58656,,Kurtas,,
58657,,Kurtas,,
58658,,Kurtas,,
58659,,Kurtas,,
58660,,Kurtas,,
58661,,Kurtas,,
58662,,Kurtas,,
58663,,Kurtas,,
58664,,Kurtas,,
58666,,Kurtas,,
58667,,Kurtas,,
58668,,Kurtas,,
58669,,Kurtas,,
58670,,Kurtas,,
58671,,Kurtas,,
58672,,Tunics,,
58673,,Kurtas,,
58674,,Kurtas,,
58675,,Kurtas,,
58676,,Kurtas,,
58677,,Kurtas,,
58678,,Kurtas,,
58680,,Kurtas,,
58681,,Kurtas,,
58682,,Tunics,,
58683,,Kurtas,,
58684,,Kurtas,,
58685,,Kurtas,,
58686,,Stoles,,
58687,,Kurtis,,
58689,,Kurtas,,
58690,,Kurtas,,
58691,,Kurtas,,
58692,,Kurtas,,
58693,,Kurtas,,
58694,,Kurtas,,
58695,,Kurtas,,
58696,,Dupatta,,
58698,,Kurtas,,
58700,,Kurtas,,
58701,,Kurtas,,
58702,,Kurtas,,
58703,,Kurtas,,
58718,,Kurtas,,
58719,,Kurtas,,
58720,,Shirts,,
58722,,Tshirts,,
58723,,Tshirts,,
58724,,Tshirts,,
58725,,Tshirts,,
58726,,Tshirts,,
58727,,Tshirts,,
58728,,Tops,,
58729,,Tshirts,,
58730,,Tops,,
58731,,Tops,,
58732,,Tshirts,,
58734,,Tshirts,,
58735,,Tops,,
58736,,Capris,,
58737,,Tops,,
58738,,Tops,,
58740,,Shirts,,
58741,,Shirts,,
58742,,Shirts,,
58743,,Tshirts,,
58744,,Tshirts,,
58745,,Socks,,
58765,,Jackets,,
58770,,Shirts,,
58793,,Shirts,,
58794,,Shirts,,
58795,,Shirts,,
58796,,Shirts,,
58797,,Shirts,,
58798,,Shirts,,
58800,,Shirts,,
58801,,Shirts,,
58802,,Shirts,,
58805,,Shirts,,
58807,,Sweatshirts,,
58808,,Shirts,,
58809,,Shirts,,
58810,,Shirts,,
58815,,Flats,,
58816,,Casual Shoes,,
58817,,Casual Shoes,,
58818,,Casual Shoes,,
58819,,Casual Shoes,,
58820,,Sandals,,
58821,,Watches,,
58822,,Watches,,
58823,,Watches,,
58825,,Watches,,
58827,,Watches,,
58828,,Watches,,
58829,,Watches,,
58830,,Watches,,
58831,,Watches,,
58832,,Watches,,
58833,,Perfume and Body Mist,,
58834,,Casual Shoes,,
58835,,Cufflinks,,
58836,,Cufflinks,,
58837,,Cufflinks,,
58838,,Cufflinks,,
58839,,Cufflinks,,
58840,,Cufflinks,,
58841,,Cufflinks,,
58842,,Cufflinks,,
58843,,Cufflinks,,
58844,,Cufflinks,,
58845,,Cufflinks,,
58846,,Cufflinks,,
58847,,Cufflinks,,
58848,,Cufflinks,,
58849,,Cufflinks,,
58850,,Cufflinks,,
58851,,Cufflinks,,
58852,,Cufflinks,,
58853,,Cufflinks,,
58854,,Cufflinks,,
58855,,Bracelet,,
58856,,Flip Flops,,
58857,,Cufflinks,,
58858,,Cufflinks,,
58859,,Cufflinks,,
58860,,Cufflinks,,
58861,,Cufflinks,,
58862,,Cufflinks,,
58863,,Cufflinks,,
58864,,Cufflinks,,
58865,,Cufflinks,,
58867,,Earrings,,
58868,,Cufflinks,,
58869,,Cufflinks,,
58870,,Cufflinks,,
58871,,Cufflinks,,
58872,,Ties,,
58873,,Ties,,
58874,,Ties,,
58875,,Ties,,
58876,,Ties,,
58877,,Ties,,
58878,,Ties,,
58879,,Ties,,
58880,,Ties,,
58881,,Ties,,
58882,,Ties,,
58883,,Ties,,
58884,,Ties,,
58885,,Ties,,
58886,,Ties,,
58887,,Ties,,
58888,,Ties,,
58889,,Ties,,
58890,,Ties,,
58891,,Ties,,
58892,,Ties,,
58893,,Ties,,
58894,,Ties,,
58895,,Ties,,
58896,,Ties,,
58897,,Ties,,
58898,,Ties,,
58899,,Ties,,
58900,,Ties,,
58901,,Ties,,
58902,,Ties,,
58903,,Ties,,
58904,,Ties,,
58905,,Ties,,
58906,,Ties,,
58907,,Ties,,
58908,,Ties,,
58909,,Ties,,
58910,,Ties,,
58911,,Ties,,
58912,,Ties,,
58913,,Ties,,
58914,,Ties,,
58915,,Ties,,
58916,,Ties,,
58917,,Ties,,
58918,,Ties,,
58919,,Ties,,
58920,,Accessory Gift Set,,
58921,,Accessory Gift Set,,
58922,,Accessory Gift Set,,
58923,,Accessory Gift Set,,
58924,,Accessory Gift Set,,
58925,,Handbags,,
58926,,Handbags,,
58928,,Handbags,,
58931,,Handbags,,
58932,,Handbags,,
58934,,Watches,,
58935,,Watches,,
58937,,Watches,,
58939,,Watches,,
58940,,Watches,,
58941,,Watches,,
58942,,Watches,,
58943,,Deodorant,,
58944,,Deodorant,,
58945,,Deodorant,,
58946,,Deodorant,,
58947,,Deodorant,,
58948,,Deodorant,,
58949,,Deodorant,,
58950,,Deodorant,,
58951,,Deodorant,,
58952,,Deodorant,,
58954,,Deodorant,,
58955,,Deodorant,,
58956,,Deodorant,,
58958,,Deodorant,,
58959,,Perfume and Body Mist,,
58960,,Deodorant,,
58961,,Perfume and Body Mist,,
58962,,Perfume and Body Mist,,
58963,,Deodorant,,
58964,,Deodorant,,
58965,,Deodorant,,
58966,,Perfume and Body Mist,,
58967,,Deodorant,,
58968,,Perfume and Body Mist,,
58969,,Deodorant,,
58970,,Deodorant,,
58971,,Deodorant,,
58972,,Deodorant,,
58973,,Deodorant,,
58974,,Deodorant,,
58975,,Deodorant,,
58976,,Deodorant,,
58977,,Deodorant,,
58978,,Deodorant,,
58979,,Deodorant,,
58980,,Deodorant,,
58981,,Deodorant,,
58982,,Deodorant,,
58983,,Deodorant,,
58984,,Deodorant,,
58985,,Deodorant,,
58986,,Deodorant,,
58987,,Deodorant,,
58988,,Deodorant,,
58989,,Deodorant,,
58990,,Deodorant,,
58991,,Deodorant,,
58992,,Deodorant,,
59002,,Deodorant,,
59003,,Deodorant,,
59004,,Deodorant,,
59005,,Deodorant,,
59006,,Deodorant,,
59008,,Sports Shoes,,
59010,,Sports Shoes,,
59011,,Sports Shoes,,
59012,,Sports Shoes,,
59013,,Sports Shoes,,
59014,,Sports Shoes,,
59015,,Sports Shoes,,
59016,,Sports Shoes,,
59017,,Flip Flops,,
59018,,Heels,,
59019,,Flats,,
59020,,Heels,,
59021,,Heels,,
59022,,Heels,,
59023,,Flats,,
59024,,Heels,,
59025,,Heels,,
59026,,Heels,,
59027,,Heels,,
59028,,Heels,,
59029,,Heels,,
59030,,Flats,,
59031,,Heels,,
59032,,Heels,,
59033,,Flats,,
59034,,Flats,,
59035,,Heels,,
59036,,Flats,,
59037,,Flats,,
59038,,Flats,,
59039,,Flats,,
59040,,Flip Flops,,
59042,,Heels,,
59043,,Heels,,
59044,,Heels,,
59045,,Heels,,
59046,,Heels,,
59047,,Heels,,
59048,,Heels,,
59049,,Heels,,
59050,,Heels,,
59051,,Heels,,
59052,,Heels,,
59053,,Heels,,
59054,,Heels,,
59055,,Formal Shoes,,
59056,,Casual Shoes,,
59058,,Kurtis,,
59059,,Kurtas,,
59060,,Kurtas,,
59061,,Kurtas,,
59062,,Kurtas,,
59063,,Kurtas,,
59064,,Bra,,
59065,,Bra,,
59066,,Bra,,
59067,,Bra,,
59068,,Bra,,
59069,,Bra,,
59070,,Bra,,
59071,,Bra,,
59072,,Bra,,
59073,,Bra,,
59074,,Bra,,
59075,,Bra,,
59076,,Bra,,
59077,,Bra,,
59078,,Briefs,,
59079,,Briefs,,
59080,,Briefs,,
59081,,Bra,,
59082,,Bra,,
59083,,Bra,,
59084,,Bra,,
59085,,Briefs,,
59086,,Briefs,,
59087,,Bra,,
59088,,Bra,,
59089,,Briefs,,
59090,,Bra,,
59091,,Bra,,
59092,,Bra,,
59093,,Bra,,
59094,,Bra,,
59095,,Bra,,
59096,,Bra,,
59097,,Bra,,
59098,,Bra,,
59099,,Briefs,,
59100,,Briefs,,
59101,,Briefs,,
59102,,Sweatshirts,,
59103,,Jackets,,
59104,,Jackets,,
59105,,Jackets,,
59106,,Jackets,,
59112,,Jackets,,
59115,,Jackets,,
59116,,Jackets,,
59117,,Jackets,,
59118,,Jackets,,
59119,,Jackets,,
59120,,Jackets,,
59121,,Jackets,,
59122,,Jackets,,
59123,,Jackets,,
59124,,Jackets,,
59126,,Jackets,,
59127,,Jackets,,
59128,,Jackets,,
59129,,Jackets,,
59130,,Jackets,,
59131,,Jackets,,
59132,,Shirts,,
59133,,Jackets,,
59142,,Flats,,
59143,,Flats,,
59144,,Sandals,,
59145,,Sandals,,
59146,,Sandals,,
59147,,Flats,,
59149,,Formal Shoes,,
59160,,Formal Shoes,,
59161,,Formal Shoes,,
59165,,Flats,,
59166,,Formal Shoes,,
59167,,Formal Shoes,,
59172,,Formal Shoes,,
59173,,Formal Shoes,,
59174,,Formal Shoes,,
59175,,Formal Shoes,,
59176,,Casual Shoes,,
59177,,Casual Shoes,,
59178,,Casual Shoes,,
59181,,Formal Shoes,,
59185,,Casual Shoes,,
59187,,Heels,,
59188,,Heels,,
59190,,Sandals,,
59212,,Heels,,
59213,,Watches,,
59214,,Watches,,
59215,,Watches,,
59216,,Watches,,
59217,,Watches,,
59218,,Watches,,
59219,,Watches,,
59220,,Watches,,
59221,,Watches,,
59222,,Watches,,
59223,,Watches,,
59224,,Watches,,
59225,,Watches,,
59226,,Watches,,
59227,,Watches,,
59228,,Watches,,
59229,,Watches,,
59230,,Watches,,
59231,,Watches,,
59232,,Watches,,
59233,,Watches,,
59235,,Watches,,
59236,,Watches,,
59237,,Watches,,
59238,,Watches,,
59239,,Watches,,
59240,,Watches,,
59241,,Watches,,
59242,,Watches,,
59243,,Watches,,
59244,,Watches,,
59245,,Watches,,
59246,,Watches,,
59247,,Watches,,
59248,,Watches,,
59249,,Watches,,
59250,,Watches,,
59251,,Watches,,
59252,,Watches,,
59253,,Watches,,
59254,,Watches,,
59255,,Watches,,
59256,,Watches,,
59257,,Watches,,
59258,,Watches,,
59259,,Watches,,
59260,,Watches,,
59261,,Watches,,
59262,,Watches,,
59263,,Watches,,
59264,,Watches,,
59265,,Watches,,
59266,,Watches,,
59267,,Watches,,
59268,,Watches,,
59269,,Watches,,
59270,,Watches,,
59271,,Watches,,
59272,,Watches,,
59273,,Watches,,
59274,,Watches,,
59275,,Watches,,
59276,,Watches,,
59277,,Watches,,
59278,,Watches,,
59279,,Watches,,
59280,,Watches,,
59281,,Watches,,
59282,,Watches,,
59283,,Watches,,
59284,,Watches,,
59286,,Watches,,
59287,,Watches,,
59290,,Watches,,
59291,,Watches,,
59292,,Watches,,
59293,,Watches,,
59294,,Shirts,,
59295,,Shirts,,
59296,,Shirts,,
59297,,Shirts,,
59298,,Shirts,,
59299,,Shirts,,
59300,,Shirts,,
59301,,Shirts,,
59302,,Shirts,,
59303,,Shirts,,
59304,,Shirts,,
59305,,Shirts,,
59306,,Tshirts,,
59311,,Sandals,,
59312,,Sandals,,
59315,,Casual Shoes,,
59323,,Sandals,,
59324,,Sports Sandals,,
59326,,Casual Shoes,,
59329,,Sports Shoes,,
59330,,Casual Shoes,,
59338,,Flats,,
59342,,Casual Shoes,,
59349,,Sandals,,
59352,,Kurtas,,
59353,,Kurtas,,
59354,,Kurtas,,
59355,,Kurtas,,
59356,,Kurtas,,
59357,,Kurtas,,
59358,,Kurtas,,
59359,,Kurtas,,
59360,,Kurtas,,
59361,,Kurtas,,
59362,,Kurtas,,
59363,,Kurtas,,
59364,,Kurtas,,
59365,,Dupatta,,
59366,,Kurtas,,
59367,,Kurtas,,
59368,,Kurtas,,
59369,,Kurtas,,
59370,,Kurtas,,
59371,,Kurtas,,
59372,,Kurtas,,
59373,,Kurtas,,
59374,,Kurtas,,
59375,,Kurtas,,
59376,,Kurtas,,
59377,,Kurtas,,
59378,,Kurtas,,
59379,,Kurtas,,
59380,,Kurtas,,
59381,,Kurtas,,
59382,,Kurtas,,
59383,,Kurtas,,
59387,,Flats,,
59388,,Flats,,
59390,,Formal Shoes,,
59396,,Casual Shoes,,
59399,,Kurtas,,
59400,,Kurtas,,
59403,,Tops,,
59404,,Tops,,
59405,,Tops,,
59407,,Dresses,,
59410,,Stoles,,
59413,,Tshirts,,
59418,,Tops,,
59421,,Tops,,
59422,,Tshirts,,
59428,,Handbags,,
59430,,Handbags,,
59432,,Handbags,,
59433,,Clutches,,
59435,,Formal Shoes,,
59436,,Heels,,
59437,,Heels,,
59439,,Shirts,,
59440,,Shirts,,
59441,,Shirts,,
59442,,Shirts,,
59443,,Shirts,,
59444,,Shirts,,
59445,,Shirts,,
59446,,Shirts,,
59448,,Shirts,,
59451,,Shirts,,
59452,,Shirts,,
59453,,Shirts,,
59454,,Shirts,,
59455,,Waistcoat,,
59456,,Ring,,
59457,,Bangle,,
59458,,Ring,,
59459,,Handbags,,
59460,,Ring,,
59461,,Ring,,
59462,,Ring,,
59463,,Ring,,
59464,,Ring,,
59465,,Ring,,
59466,,Ring,,
59467,,Ring,,
59468,,Ring,,
59469,,Ring,,
59470,,Bracelet,,
59471,,Ring,,
59474,,Ring,,
59481,,Ring,,
59484,,Ring,,
59498,,Pendant,,
59499,,Pendant,,
59501,,Necklace and Chains,,
59502,,Necklace and Chains,,
59503,,Pendant,,
59504,,Pendant,,
59505,,Pendant,,
59507,,Pendant,,
59508,,Pendant,,
59509,,Pendant,,
59510,,Pendant,,
59511,,Pendant,,
59512,,Pendant,,
59513,,Pendant,,
59514,,Pendant,,
59515,,Pendant,,
59516,,Pendant,,
59518,,Necklace and Chains,,
59519,,Necklace and Chains,,
59520,,Earrings,,
59521,,Earrings,,
59522,,Earrings,,
59523,,Earrings,,
59524,,Earrings,,
59525,,Earrings,,
59526,,Earrings,,
59527,,Earrings,,
59528,,Earrings,,
59529,,Earrings,,
59530,,Earrings,,
59531,,Earrings,,
59532,,Earrings,,
59533,,Earrings,,
59534,,Earrings,,
59535,,Earrings,,
59537,,Earrings,,
59541,,Earrings,,
59543,,Earrings,,
59544,,Earrings,,
59545,,Earrings,,
59546,,Earrings,,
59547,,Earrings,,
59550,,Earrings,,
59551,,Earrings,,
59552,,Ring,,
59553,,Bracelet,,
59554,,Bracelet,,
59555,,Bracelet,,
59556,,Bracelet,,
59557,,Bracelet,,
59558,,Bracelet,,
59559,,Bracelet,,
59560,,Bracelet,,
59561,,Ring,,
59563,,Earrings,,
59564,,Cufflinks,,
59565,,Cufflinks,,
59566,,Cufflinks,,
59567,,Bracelet,,
59568,,Cufflinks,,
59569,,Cufflinks,,
59570,,Cufflinks,,
59571,,Cufflinks,,
59572,,Bracelet,,
59573,,Cufflinks,,
59574,,Cufflinks,,
59575,,Cufflinks,,
59576,,Cufflinks,,
59577,,Cufflinks,,
59578,,Cufflinks,,
59579,,Cufflinks,,
59580,,Cufflinks,,
59581,,Cufflinks,,
59582,,Cufflinks,,
59583,,Cufflinks,,
59584,,Cufflinks,,
59585,,Cufflinks,,
59586,,Cufflinks,,
59587,,Cufflinks,,
59589,,Sarees,,
59590,,Sarees,,
59591,,Sarees,,
59592,,Sarees,,
59593,,Sarees,,
59594,,Sarees,,
59595,,Sarees,,
59596,,Sarees,,
59597,,Sarees,,
59598,,Sarees,,
59599,,Sarees,,
59600,,Sarees,,
59601,,Sarees,,
59603,,Sarees,,
59604,,Sarees,,
59606,,Sarees,,
59607,,Free Gifts,,
59608,,Sarees,,
59609,,Sarees,,
59610,,Sarees,,
59611,,Sarees,,
59612,,Sarees,,
59613,,Sarees,,
59614,,Sarees,,
59615,,Sarees,,
59616,,Sarees,,
59618,,Sarees,,
59619,,Sarees,,
59620,,Sarees,,
59621,,Sarees,,
59622,,Sarees,,
59623,,Sarees,,
59624,,Sarees,,
59625,,Sarees,,
59626,,Sarees,,
59628,,Sarees,,
59630,,Sarees,,
59631,,Sarees,,
59632,,Sarees,,
59633,,Sarees,,
59634,,Sarees,,
59635,,Sarees,,
59636,,Sarees,,
59637,,Sarees,,
59638,,Sarees,,
59639,,Sarees,,
59640,,Sarees,,
59641,,Sarees,,
59642,,Sarees,,
59643,,Sarees,,
59644,,Sarees,,
59645,,Sarees,,
59646,,Sarees,,
59647,,Sarees,,
59648,,Sarees,,
59649,,Sarees,,
59650,,Sarees,,
59651,,Sarees,,
59652,,Sarees,,
59653,,Sarees,,
59654,,Sarees,,
59655,,Sarees,,
59656,,Sarees,,
59657,,Sarees,,
59658,,Sarees,,
59659,,Sarees,,
59660,,Sarees,,
59661,,Sarees,,
59662,,Sarees,,
59663,,Sarees,,
59664,,Sarees,,
59665,,Sarees,,
59666,,Sarees,,
59667,,Sarees,,
59668,,Sarees,,
59669,,Sarees,,
59670,,Sarees,,
59672,,Sarees,,
59673,,Sarees,,
59674,,Sarees,,
59675,,Flats,,
59676,,Flats,,
59677,,Briefs,,
59678,,Briefs,,
59679,,Briefs,,
59680,,Briefs,,
59681,,Briefs,,
59682,,Briefs,,
59683,,Briefs,,
59684,,Briefs,,
59685,,Briefs,,
59686,,Briefs,,
59687,,Briefs,,
59688,,Briefs,,
59689,,Bra,,
59690,,Bra,,
59691,,Bra,,
59692,,Bra,,
59693,,Bra,,
59694,,Briefs,,
59695,,Briefs,,
59696,,Briefs,,
59697,,Swimwear,,
59698,,Camisoles,,
59699,,Bra,,
59700,,Bra,,
59701,,Briefs,,
59702,,Swimwear,,
59703,,Briefs,,
59704,,Briefs,,
59705,,Bra,,
59706,,Bra,,
59707,,Briefs,,
59708,,Briefs,,
59709,,Briefs,,
59710,,Briefs,,
59711,,Briefs,,
59712,,Swimwear,,
59713,,Tops,,
59714,,Bra,,
59715,,Tops,,
59716,,Jackets,,
59717,,Bra,,
59718,,Bra,,
59719,,Bra,,
59720,,Bra,,
59721,,Bra,,
59722,,Briefs,,
59723,,Bra,,
59724,,Bra,,
59725,,Bra,,
59726,,Bra,,
59727,,Bra,,
59728,,Bra,,
59729,,Bra,,
59730,,Bra,,
59731,,Bra,,
59732,,Bra,,
59733,,Bra,,
59734,,Briefs,,
59735,,Briefs,,
59736,,Briefs,,
59739,,Bra,,
59740,,Bra,,
59741,,Bra,,
59742,,Briefs,,
59743,,Briefs,,
59744,,Swimwear,,
59745,,Skirts,,
59746,,Dresses,,
59747,,Night suits,,
59748,,Night suits,,
59749,,Nightdress,,
59750,,Briefs,,
59751,,Briefs,,
59752,,Briefs,,
59753,,Briefs,,
59754,,Nightdress,,
59755,,Briefs,,
59756,,Briefs,,
59757,,Heels,,
59758,,Heels,,
59759,,Heels,,
59760,,Heels,,
59761,,Flats,,
59762,,Flats,,
59763,,Heels,,
59764,,Heels,,
59765,,Earrings,,
59766,,Earrings,,
59767,,Earrings,,
59768,,Watches,,
59769,,Jewellery Set,,
59770,,Jewellery Set,,
59771,,Jewellery Set,,
59772,,Jewellery Set,,
59773,,Jewellery Set,,
59774,,Necklace and Chains,,
59775,,Bracelet,,
59776,,Bracelet,,
59777,,Bracelet,,
59778,,Bracelet,,
59779,,Bracelet,,
59780,,Bracelet,,
59781,,Bracelet,,
59782,,Bracelet,,
59783,,Bracelet,,
59784,,Bracelet,,
59794,,Tunics,,
59795,,Tunics,,
59796,,Tops,,
59797,,Tshirts,,
59810,,Tshirts,,
59811,,Kurtas,,
59813,,Trousers,,
59814,,Jeans,,
59819,,Shirts,,
59824,,Shirts,,
59826,,Shirts,,
59827,,Shirts,,
59832,,Shirts,,
59833,,Shirts,,
59834,,Tshirts,,
59838,,Shirts,,
59839,,Fragrance Gift Set,,
59851,,Perfume and Body Mist,,
59853,,Perfume and Body Mist,,
59856,,Perfume and Body Mist,,
59858,,Perfume and Body Mist,,
59859,,Perfume and Body Mist,,
59860,,Waist Pouch,,
59862,,Fragrance Gift Set,,
59863,,Perfume and Body Mist,,
59866,,Perfume and Body Mist,,
59872,,Tops,,
59873,,Skirts,,
59874,,Shirts,,
59875,,Tops,,
59876,,Sarees,,
59877,,Leggings,,
59878,,Stockings,,
59879,,Leggings,,
59880,,Leggings,,
59881,,Stockings,,
59882,,Tops,,
59883,,Tops,,
59884,,Tops,,
59885,,Tops,,
59886,,Tops,,
59887,,Tops,,
59888,,Tops,,
59889,,Tops,,
59890,,Jumpsuit,,
59891,,Shirts,,
59892,,Tops,,
59893,,Shirts,,
59894,,Tops,,
59895,,Dresses,,
59896,,Sarees,,
59897,,Sarees,,
59898,,Tops,,
59900,,Stoles,,
59901,,Tops,,
59902,,Tops,,
59903,,Tops,,
59904,,Stoles,,
59905,,Stoles,,
59906,,Kurtas,,
59907,,Stoles,,
59908,,Sarees,,
59909,,Sarees,,
59910,,Kurtas,,
59911,,Kurtas,,
59912,,Dresses,,
59914,,Kurtas,,
59915,,Kurtas,,
59916,,Kurtas,,
59917,,Kurtas,,
59918,,Kurtas,,
59919,,Kurtas,,
59920,,Kurtas,,
59921,,Kurtas,,
59922,,Kurtas,,
59923,,Kurtas,,
59924,,Kurtis,,
59925,,Kurtas,,
59926,,Kurtas,,
59927,,Kurtas,,
59928,,Kurtis,,
59929,,Kurtas,,
59930,,Kurtis,,
59931,,Kurtas,,
59932,,Kurtas,,
59933,,Kurtas,,
59934,,Kurtas,,
59935,,Casual Shoes,,
59936,,Casual Shoes,,
59937,,Casual Shoes,,
59938,,Casual Shoes,,
59939,,Casual Shoes,,
59940,,Casual Shoes,,
59941,,Casual Shoes,,
59942,,Casual Shoes,,
59943,,Casual Shoes,,
59944,,Casual Shoes,,
59945,,Casual Shoes,,
59946,,Perfume and Body Mist,,
59947,,Deodorant,,
59948,,Deodorant,,
59949,,Deodorant,,
59950,,Deodorant,,
59951,,Deodorant,,
59961,,Deodorant,,
59962,,Deodorant,,
59963,,Sarees,,
59964,,Dresses,,
59965,,Dresses,,
59966,,Dresses,,
59967,,Dresses,,
59968,,Dresses,,
59969,,Dresses,,
59970,,Dresses,,
59971,,Dresses,,
59972,,Dresses,,
59973,,Dresses,,
59974,,Dresses,,
59975,,Dresses,,
59976,,Dresses,,
59977,,Dresses,,
59978,,Dresses,,
59979,,Kurtas,,
59980,,Dresses,,
59981,,Dresses,,
59982,,Dresses,,
59983,,Dresses,,
59984,,Dresses,,
59985,,Dresses,,
59986,,Dresses,,
59987,,Dresses,,
59988,,Dresses,,
59989,,Dresses,,
59990,,Nightdress,,
59991,,Dresses,,
59992,,Dresses,,
59993,,Dresses,,
59994,,Dresses,,
59995,,Dresses,,
59996,,Kurtas,,
59998,,Heels,,
59999,,Heels,,
60000,,Tunics,,
