[W910 08:14:57.650993723 socket.cpp:207] [c10d] The hostname of the client socket cannot be retrieved. err=-3
Host: Linux x86_64 | Python 3.12.13
CPU : 2 logical cores, all of them
[W910 08:15:03.656050545 socket.cpp:207] [c10d] The hostname of the client socket cannot be retrieved. err=-3
[W910 08:15:03.663799667 socket.cpp:207] [c10d] The hostname of the client socket cannot be retrieved. err=-3
QUICK_RUN = False | search 24 epochs, confirm 40
Grids: 6 SVM arms and 6 neural arms per architecture/regime (24 neural trials total)
Repository root : /kaggle/working/task1_full_16ay9832
Manifest        : preprocessed_datasets/train_manifest.csv
Writes to       : models/task1
GPU: Tesla T4 | 15.6 GB | compute capability 7.5
torch 2.10.0+cu128 built against CUDA 12.8
Mixed precision: True (float16) | channels_last: True | image cache on device: True
Seeded at 42
37,846 labelled images | 124 article types
     id articleType  gender  season   usage
0  1163     Tshirts     Men  Summer  Sports
1  1164     Tshirts     Men  Winter  Sports
2  1525   Backpacks  Unisex    Fall  Casual
3  1526   Backpacks  Unisex    Fall  Sports
4  1528     Jackets     Men    Fall  Sports
           Bucket  Classes  Images  Share of images %
0   head (>=1000)       10   22894               60.5
1  body (100-999)       36   13141               34.7
2    tail (10-99)       46    1690                4.5
3      rare (<10)       32     121                0.3
Largest class : Tshirts at 6,584 images
Smallest class: 1 image(s)
Imbalance ratio: 6,584 : 1
       Split   Rows  Share %  Classes present
0        fit  24223     64.0              124
1     tuning   6055     16.0              106
2  reporting   7568     20.0              110
Split membership written to tables/split_*.csv
  fitting: 10,000 / 24,223
  fitting: 20,000 / 24,223
fitting: 24,223 images in 151s (349 MB)
tuning: 6,055 images in 37s (87 MB)
y_fit (24223,) | y_tune (6055,) | scoreable classes 106
Mean (R, G, B): [0.8493 0.8325 0.8267]
Std  (R, G, B): [0.2716 0.2831 0.287 ]
    cnn:  1,205,084 parameters
 resnet: 11,232,444 parameters
fit stream: 189 batches of 128 | tuning stream: 12 batches of 512
balanced draw, rarest class: 1 row(s) in the split -> ~216 draws per epoch (uniform sampling would give 1)
fit HOG: 24,223 x 1944 features in 21s (188 MB, parallel)
tuning HOG: 6,055 x 1944 features in 5s (47 MB, parallel)
  C=0.003  macro-F1 0.5976  accuracy 0.7617  (196s)
  C=0.01   macro-F1 0.6329  accuracy 0.7886  (202s)
  C=0.03   macro-F1 0.6723  accuracy 0.8015  (207s)
  C=0.1    macro-F1 0.6634  accuracy 0.8088  (228s)
  C=0.3    macro-F1 0.6490  accuracy 0.8089  (307s)
  C=1.0    macro-F1 0.6106  accuracy 0.7993  (630s)
   candidate   family regime        config  macro_f1  accuracy  weighted_f1      arm
0  hog_svm_0  hog_svm   None  {'C': 0.003}  0.597594  0.761685     0.767872      NaN
1  hog_svm_1  hog_svm   None   {'C': 0.01}  0.632914  0.788604     0.793365      NaN
2  hog_svm_2  hog_svm   None   {'C': 0.03}  0.672301  0.801486     0.805877  hog_svm
3  hog_svm_3  hog_svm   None    {'C': 0.1}  0.663413  0.808753     0.811636      NaN
4  hog_svm_4  hog_svm   None    {'C': 0.3}  0.648964  0.808918     0.811795      NaN
5  hog_svm_5  hog_svm   None    {'C': 1.0}  0.610571  0.799339     0.801914      NaN
Selected HOG/SVM arm: hog_svm_2 {'C': 0.03}
tau = 0.0: tuning macro-F1 0.6723 -> 0.6723 (+0.0000), accuracy 0.8015 -> 0.8015

=== cnn_reweight: 6 arms at 24 epochs ===
  [cnn_reweight_search_0] epoch   1/24  train 4.806  val 4.068  acc 0.014  macro-F1 0.0049  11s
  [cnn_reweight_search_0] epoch   2/24  train 4.641  val 3.837  acc 0.047  macro-F1 0.0232  4s
  [cnn_reweight_search_0] epoch   3/24  train 4.403  val 3.623  acc 0.079  macro-F1 0.0261  4s
  [cnn_reweight_search_0] epoch   4/24  train 4.192  val 3.429  acc 0.158  macro-F1 0.0579  4s
  [cnn_reweight_search_0] epoch   5/24  train 3.982  val 3.262  acc 0.210  macro-F1 0.0835  4s
  [cnn_reweight_search_0] epoch   6/24  train 3.818  val 3.168  acc 0.270  macro-F1 0.0985  4s
  [cnn_reweight_search_0] epoch   7/24  train 3.659  val 3.023  acc 0.293  macro-F1 0.1434  4s
  [cnn_reweight_search_0] epoch   8/24  train 3.513  val 3.016  acc 0.276  macro-F1 0.1352  4s
  [cnn_reweight_search_0] epoch   9/24  train 3.420  val 2.888  acc 0.258  macro-F1 0.1347  4s
  [cnn_reweight_search_0] epoch  10/24  train 3.293  val 2.764  acc 0.301  macro-F1 0.1743  4s
  [cnn_reweight_search_0] epoch  11/24  train 3.195  val 2.658  acc 0.342  macro-F1 0.2077  4s
  [cnn_reweight_search_0] epoch  12/24  train 3.068  val 2.625  acc 0.385  macro-F1 0.2274  4s
  [cnn_reweight_search_0] epoch  13/24  train 2.974  val 2.510  acc 0.360  macro-F1 0.2462  4s
  [cnn_reweight_search_0] epoch  14/24  train 2.886  val 2.496  acc 0.397  macro-F1 0.2654  4s
  [cnn_reweight_search_0] epoch  15/24  train 2.779  val 2.450  acc 0.398  macro-F1 0.2624  4s
  [cnn_reweight_search_0] epoch  16/24  train 2.717  val 2.417  acc 0.398  macro-F1 0.2646  4s
  [cnn_reweight_search_0] epoch  17/24  train 2.657  val 2.331  acc 0.400  macro-F1 0.2697  4s
  [cnn_reweight_search_0] epoch  18/24  train 2.599  val 2.316  acc 0.450  macro-F1 0.2998  4s
  [cnn_reweight_search_0] epoch  19/24  train 2.541  val 2.280  acc 0.436  macro-F1 0.2961  4s
  [cnn_reweight_search_0] epoch  20/24  train 2.521  val 2.257  acc 0.432  macro-F1 0.2965  4s
  [cnn_reweight_search_0] epoch  21/24  train 2.474  val 2.254  acc 0.433  macro-F1 0.2965  4s
  [cnn_reweight_search_0] epoch  22/24  train 2.470  val 2.238  acc 0.446  macro-F1 0.3042  4s
  [cnn_reweight_search_0] epoch  23/24  train 2.472  val 2.243  acc 0.446  macro-F1 0.3148  4s
  [cnn_reweight_search_0] epoch  24/24  train 2.451  val 2.242  acc 0.445  macro-F1 0.3103  4s
  [cnn_reweight_search_0] best macro-F1 0.3148 at epoch 23 (102s total)
  [cnn_reweight_search_1] epoch   1/24  train 4.807  val 4.067  acc 0.014  macro-F1 0.0056  4s
  [cnn_reweight_search_1] epoch   2/24  train 4.641  val 3.844  acc 0.049  macro-F1 0.0235  4s
  [cnn_reweight_search_1] epoch   3/24  train 4.405  val 3.648  acc 0.079  macro-F1 0.0267  4s
  [cnn_reweight_search_1] epoch   4/24  train 4.172  val 3.426  acc 0.168  macro-F1 0.0596  4s
  [cnn_reweight_search_1] epoch   5/24  train 3.978  val 3.251  acc 0.211  macro-F1 0.0919  4s
  [cnn_reweight_search_1] epoch   6/24  train 3.818  val 3.162  acc 0.252  macro-F1 0.1126  4s
  [cnn_reweight_search_1] epoch   7/24  train 3.659  val 3.012  acc 0.249  macro-F1 0.1276  4s
  [cnn_reweight_search_1] epoch   8/24  train 3.517  val 3.035  acc 0.237  macro-F1 0.1170  4s
  [cnn_reweight_search_1] epoch   9/24  train 3.418  val 2.901  acc 0.247  macro-F1 0.1330  4s
  [cnn_reweight_search_1] epoch  10/24  train 3.289  val 2.770  acc 0.291  macro-F1 0.1703  4s
  [cnn_reweight_search_1] epoch  11/24  train 3.191  val 2.660  acc 0.330  macro-F1 0.2051  4s
  [cnn_reweight_search_1] epoch  12/24  train 3.063  val 2.616  acc 0.380  macro-F1 0.2369  4s
  [cnn_reweight_search_1] epoch  13/24  train 2.975  val 2.501  acc 0.354  macro-F1 0.2385  4s
  [cnn_reweight_search_1] epoch  14/24  train 2.886  val 2.517  acc 0.384  macro-F1 0.2551  4s
  [cnn_reweight_search_1] epoch  15/24  train 2.772  val 2.444  acc 0.401  macro-F1 0.2699  4s
  [cnn_reweight_search_1] epoch  16/24  train 2.710  val 2.417  acc 0.414  macro-F1 0.2809  4s
  [cnn_reweight_search_1] epoch  17/24  train 2.653  val 2.326  acc 0.400  macro-F1 0.2744  4s
  [cnn_reweight_search_1] epoch  18/24  train 2.596  val 2.328  acc 0.444  macro-F1 0.2880  4s
  [cnn_reweight_search_1] epoch  19/24  train 2.540  val 2.283  acc 0.431  macro-F1 0.2904  4s
  [cnn_reweight_search_1] epoch  20/24  train 2.521  val 2.268  acc 0.419  macro-F1 0.2903  4s
  [cnn_reweight_search_1] epoch  21/24  train 2.473  val 2.256  acc 0.427  macro-F1 0.2964  4s
  [cnn_reweight_search_1] epoch  22/24  train 2.475  val 2.247  acc 0.433  macro-F1 0.3126  4s
  [cnn_reweight_search_1] epoch  23/24  train 2.473  val 2.251  acc 0.434  macro-F1 0.3085  4s
  [cnn_reweight_search_1] epoch  24/24  train 2.459  val 2.252  acc 0.440  macro-F1 0.3107  4s
  [cnn_reweight_search_1] best macro-F1 0.3126 at epoch 22 (96s total)
  [cnn_reweight_search_2] epoch   1/24  train 4.762  val 3.851  acc 0.035  macro-F1 0.0112  4s
  [cnn_reweight_search_2] epoch   2/24  train 4.474  val 3.690  acc 0.031  macro-F1 0.0149  4s
  [cnn_reweight_search_2] epoch   3/24  train 4.163  val 3.424  acc 0.054  macro-F1 0.0236  4s
  [cnn_reweight_search_2] epoch   4/24  train 3.963  val 3.136  acc 0.234  macro-F1 0.0924  4s
  [cnn_reweight_search_2] epoch   5/24  train 3.697  val 3.033  acc 0.221  macro-F1 0.0958  4s
  [cnn_reweight_search_2] epoch   6/24  train 3.500  val 2.820  acc 0.317  macro-F1 0.1639  4s
  [cnn_reweight_search_2] epoch   7/24  train 3.327  val 2.910  acc 0.200  macro-F1 0.1027  4s
  [cnn_reweight_search_2] epoch   8/24  train 3.158  val 2.717  acc 0.302  macro-F1 0.1510  4s
  [cnn_reweight_search_2] epoch   9/24  train 3.032  val 2.548  acc 0.319  macro-F1 0.2041  4s
  [cnn_reweight_search_2] epoch  10/24  train 2.865  val 2.317  acc 0.409  macro-F1 0.2817  4s
  [cnn_reweight_search_2] epoch  11/24  train 2.730  val 2.282  acc 0.401  macro-F1 0.2673  4s
  [cnn_reweight_search_2] epoch  12/24  train 2.588  val 2.156  acc 0.469  macro-F1 0.3121  4s
  [cnn_reweight_search_2] epoch  13/24  train 2.469  val 2.067  acc 0.463  macro-F1 0.3081  4s
  [cnn_reweight_search_2] epoch  14/24  train 2.375  val 2.020  acc 0.475  macro-F1 0.3507  4s
  [cnn_reweight_search_2] epoch  15/24  train 2.254  val 2.016  acc 0.455  macro-F1 0.3307  4s
  [cnn_reweight_search_2] epoch  16/24  train 2.182  val 1.960  acc 0.465  macro-F1 0.3571  4s
  [cnn_reweight_search_2] epoch  17/24  train 2.134  val 1.906  acc 0.505  macro-F1 0.3708  4s
  [cnn_reweight_search_2] epoch  18/24  train 2.052  val 1.849  acc 0.539  macro-F1 0.3735  4s
  [cnn_reweight_search_2] epoch  19/24  train 1.957  val 1.826  acc 0.535  macro-F1 0.3832  4s
  [cnn_reweight_search_2] epoch  20/24  train 1.933  val 1.808  acc 0.522  macro-F1 0.3999  4s
  [cnn_reweight_search_2] epoch  21/24  train 1.877  val 1.808  acc 0.513  macro-F1 0.3924  4s
  [cnn_reweight_search_2] epoch  22/24  train 1.863  val 1.794  acc 0.532  macro-F1 0.4054  4s
  [cnn_reweight_search_2] epoch  23/24  train 1.859  val 1.790  acc 0.535  macro-F1 0.4155  4s
  [cnn_reweight_search_2] epoch  24/24  train 1.846  val 1.789  acc 0.537  macro-F1 0.4165  4s
  [cnn_reweight_search_2] best macro-F1 0.4165 at epoch 24 (96s total)
  [cnn_reweight_search_3] epoch   1/24  train 4.764  val 3.847  acc 0.044  macro-F1 0.0136  4s
  [cnn_reweight_search_3] epoch   2/24  train 4.473  val 3.678  acc 0.029  macro-F1 0.0130  4s
  [cnn_reweight_search_3] epoch   3/24  train 4.163  val 3.618  acc 0.050  macro-F1 0.0200  4s
  [cnn_reweight_search_3] epoch   4/24  train 3.964  val 3.133  acc 0.243  macro-F1 0.0922  4s
  [cnn_reweight_search_3] epoch   5/24  train 3.683  val 2.984  acc 0.271  macro-F1 0.1153  4s
  [cnn_reweight_search_3] epoch   6/24  train 3.490  val 2.835  acc 0.266  macro-F1 0.1371  4s
  [cnn_reweight_search_3] epoch   7/24  train 3.314  val 2.777  acc 0.233  macro-F1 0.1299  4s
  [cnn_reweight_search_3] epoch   8/24  train 3.136  val 2.952  acc 0.214  macro-F1 0.0964  4s
  [cnn_reweight_search_3] epoch   9/24  train 3.039  val 2.538  acc 0.337  macro-F1 0.1906  4s
  [cnn_reweight_search_3] epoch  10/24  train 2.865  val 2.311  acc 0.406  macro-F1 0.2765  4s
  [cnn_reweight_search_3] epoch  11/24  train 2.734  val 2.289  acc 0.400  macro-F1 0.2636  4s
  [cnn_reweight_search_3] epoch  12/24  train 2.583  val 2.143  acc 0.441  macro-F1 0.2886  4s
  [cnn_reweight_search_3] epoch  13/24  train 2.473  val 2.091  acc 0.448  macro-F1 0.2952  4s
  [cnn_reweight_search_3] epoch  14/24  train 2.369  val 2.020  acc 0.494  macro-F1 0.3614  4s
  [cnn_reweight_search_3] epoch  15/24  train 2.252  val 2.041  acc 0.475  macro-F1 0.3191  4s
  [cnn_reweight_search_3] epoch  16/24  train 2.187  val 1.968  acc 0.444  macro-F1 0.3472  4s
  [cnn_reweight_search_3] epoch  17/24  train 2.121  val 1.898  acc 0.497  macro-F1 0.3631  4s
  [cnn_reweight_search_3] epoch  18/24  train 2.057  val 1.852  acc 0.541  macro-F1 0.3763  4s
  [cnn_reweight_search_3] epoch  19/24  train 1.965  val 1.838  acc 0.527  macro-F1 0.3789  4s
  [cnn_reweight_search_3] epoch  20/24  train 1.933  val 1.802  acc 0.511  macro-F1 0.3919  4s
  [cnn_reweight_search_3] epoch  21/24  train 1.875  val 1.797  acc 0.532  macro-F1 0.4048  4s
  [cnn_reweight_search_3] epoch  22/24  train 1.865  val 1.776  acc 0.548  macro-F1 0.4078  4s
  [cnn_reweight_search_3] epoch  23/24  train 1.863  val 1.776  acc 0.550  macro-F1 0.4160  4s
  [cnn_reweight_search_3] epoch  24/24  train 1.849  val 1.773  acc 0.549  macro-F1 0.4144  4s
  [cnn_reweight_search_3] best macro-F1 0.4160 at epoch 23 (97s total)
  [cnn_reweight_search_4] epoch   1/24  train 4.776  val 3.827  acc 0.061  macro-F1 0.0161  4s
  [cnn_reweight_search_4] epoch   2/24  train 4.389  val 3.512  acc 0.047  macro-F1 0.0211  4s
  [cnn_reweight_search_4] epoch   3/24  train 4.081  val 3.339  acc 0.079  macro-F1 0.0296  4s
  [cnn_reweight_search_4] epoch   4/24  train 3.860  val 3.061  acc 0.238  macro-F1 0.0978  4s
  [cnn_reweight_search_4] epoch   5/24  train 3.609  val 4.432  acc 0.058  macro-F1 0.0256  4s
  [cnn_reweight_search_4] epoch   6/24  train 3.436  val 2.786  acc 0.290  macro-F1 0.1430  4s
  [cnn_reweight_search_4] epoch   7/24  train 3.225  val 2.676  acc 0.264  macro-F1 0.1551  4s
  [cnn_reweight_search_4] epoch   8/24  train 3.062  val 3.035  acc 0.142  macro-F1 0.0981  4s
  [cnn_reweight_search_4] epoch   9/24  train 2.973  val 2.512  acc 0.296  macro-F1 0.1948  4s
  [cnn_reweight_search_4] epoch  10/24  train 2.815  val 2.333  acc 0.360  macro-F1 0.2460  4s
  [cnn_reweight_search_4] epoch  11/24  train 2.683  val 2.265  acc 0.344  macro-F1 0.2548  4s
  [cnn_reweight_search_4] epoch  12/24  train 2.517  val 2.106  acc 0.446  macro-F1 0.3042  4s
  [cnn_reweight_search_4] epoch  13/24  train 2.483  val 2.048  acc 0.417  macro-F1 0.2917  4s
  [cnn_reweight_search_4] epoch  14/24  train 2.319  val 2.092  acc 0.407  macro-F1 0.3189  4s
  [cnn_reweight_search_4] epoch  15/24  train 2.206  val 2.035  acc 0.398  macro-F1 0.3022  4s
  [cnn_reweight_search_4] epoch  16/24  train 2.139  val 1.924  acc 0.420  macro-F1 0.3393  4s
  [cnn_reweight_search_4] epoch  17/24  train 2.062  val 1.880  acc 0.484  macro-F1 0.3487  4s
  [cnn_reweight_search_4] epoch  18/24  train 1.990  val 1.824  acc 0.506  macro-F1 0.3762  4s
  [cnn_reweight_search_4] epoch  19/24  train 1.927  val 1.808  acc 0.500  macro-F1 0.3771  4s
  [cnn_reweight_search_4] epoch  20/24  train 1.878  val 1.786  acc 0.497  macro-F1 0.3843  4s
  [cnn_reweight_search_4] epoch  21/24  train 1.816  val 1.769  acc 0.513  macro-F1 0.3905  4s
  [cnn_reweight_search_4] epoch  22/24  train 1.784  val 1.747  acc 0.534  macro-F1 0.4080  4s
  [cnn_reweight_search_4] epoch  23/24  train 1.789  val 1.739  acc 0.531  macro-F1 0.4016  4s
  [cnn_reweight_search_4] epoch  24/24  train 1.793  val 1.737  acc 0.534  macro-F1 0.4020  4s
  [cnn_reweight_search_4] best macro-F1 0.4080 at epoch 22 (96s total)
  [cnn_reweight_search_5] epoch   1/24  train 4.781  val 3.829  acc 0.053  macro-F1 0.0144  4s
  [cnn_reweight_search_5] epoch   2/24  train 4.416  val 3.651  acc 0.030  macro-F1 0.0116  4s
  [cnn_reweight_search_5] epoch   3/24  train 4.095  val 3.343  acc 0.075  macro-F1 0.0284  4s
  [cnn_reweight_search_5] epoch   4/24  train 3.863  val 3.171  acc 0.177  macro-F1 0.0764  4s
  [cnn_reweight_search_5] epoch   5/24  train 3.618  val 3.325  acc 0.150  macro-F1 0.0443  4s
  [cnn_reweight_search_5] epoch   6/24  train 3.467  val 2.794  acc 0.256  macro-F1 0.1435  4s
  [cnn_reweight_search_5] epoch   7/24  train 3.239  val 2.699  acc 0.219  macro-F1 0.1313  4s
  [cnn_reweight_search_5] epoch   8/24  train 3.081  val 2.725  acc 0.238  macro-F1 0.1399  4s
  [cnn_reweight_search_5] epoch   9/24  train 2.957  val 2.597  acc 0.279  macro-F1 0.1803  4s
  [cnn_reweight_search_5] epoch  10/24  train 2.816  val 2.398  acc 0.334  macro-F1 0.2396  4s
  [cnn_reweight_search_5] epoch  11/24  train 2.693  val 2.293  acc 0.375  macro-F1 0.2412  4s
  [cnn_reweight_search_5] epoch  12/24  train 2.530  val 2.132  acc 0.457  macro-F1 0.3041  4s
  [cnn_reweight_search_5] epoch  13/24  train 2.473  val 2.071  acc 0.413  macro-F1 0.2930  4s
  [cnn_reweight_search_5] epoch  14/24  train 2.321  val 2.054  acc 0.416  macro-F1 0.3218  4s
  [cnn_reweight_search_5] epoch  15/24  train 2.177  val 2.061  acc 0.406  macro-F1 0.3167  4s
  [cnn_reweight_search_5] epoch  16/24  train 2.150  val 1.913  acc 0.420  macro-F1 0.3423  4s
  [cnn_reweight_search_5] epoch  17/24  train 2.064  val 1.884  acc 0.495  macro-F1 0.3654  4s
  [cnn_reweight_search_5] epoch  18/24  train 2.003  val 1.871  acc 0.497  macro-F1 0.3656  4s
  [cnn_reweight_search_5] epoch  19/24  train 1.928  val 1.782  acc 0.525  macro-F1 0.3892  4s
  [cnn_reweight_search_5] epoch  20/24  train 1.876  val 1.767  acc 0.515  macro-F1 0.3952  4s
  [cnn_reweight_search_5] epoch  21/24  train 1.822  val 1.768  acc 0.526  macro-F1 0.3816  4s
  [cnn_reweight_search_5] epoch  22/24  train 1.798  val 1.745  acc 0.540  macro-F1 0.4097  4s
  [cnn_reweight_search_5] epoch  23/24  train 1.798  val 1.734  acc 0.539  macro-F1 0.4049  4s
  [cnn_reweight_search_5] epoch  24/24  train 1.789  val 1.733  acc 0.541  macro-F1 0.4075  4s
  [cnn_reweight_search_5] best macro-F1 0.4097 at epoch 22 (96s total)
               candidate family    regime                                  config  epochs  macro_f1  accuracy  weighted_f1
0  cnn_reweight_search_0    cnn  reweight  {'lr': 0.0001, 'weight_decay': 0.0001}      23  0.314818  0.445582     0.441966
1  cnn_reweight_search_1    cnn  reweight   {'lr': 0.0001, 'weight_decay': 0.001}      22  0.312639  0.432700     0.434029
2  cnn_reweight_search_2    cnn  reweight  {'lr': 0.0003, 'weight_decay': 0.0001}      24  0.416465  0.536581     0.560298
3  cnn_reweight_search_3    cnn  reweight   {'lr': 0.0003, 'weight_decay': 0.001}      23  0.416025  0.550454     0.574184
4  cnn_reweight_search_4    cnn  reweight   {'lr': 0.001, 'weight_decay': 0.0001}      22  0.408046  0.533609     0.575503
5  cnn_reweight_search_5    cnn  reweight    {'lr': 0.001, 'weight_decay': 0.001}      22  0.409681  0.539554     0.577857

=== cnn_resample: 6 arms at 24 epochs ===
  [cnn_resample_search_0] epoch   1/24  train 4.517  val 4.480  acc 0.026  macro-F1 0.0288  4s
  [cnn_resample_search_0] epoch   2/24  train 3.919  val 3.961  acc 0.110  macro-F1 0.0882  4s
  [cnn_resample_search_0] epoch   3/24  train 3.292  val 3.556  acc 0.191  macro-F1 0.1486  4s
  [cnn_resample_search_0] epoch   4/24  train 2.739  val 3.115  acc 0.302  macro-F1 0.2353  4s
  [cnn_resample_search_0] epoch   5/24  train 2.337  val 2.854  acc 0.343  macro-F1 0.2863  4s
  [cnn_resample_search_0] epoch   6/24  train 2.035  val 2.570  acc 0.416  macro-F1 0.3314  4s
  [cnn_resample_search_0] epoch   7/24  train 1.825  val 2.334  acc 0.450  macro-F1 0.3614  4s
  [cnn_resample_search_0] epoch   8/24  train 1.675  val 2.154  acc 0.490  macro-F1 0.3988  4s
  [cnn_resample_search_0] epoch   9/24  train 1.526  val 2.036  acc 0.522  macro-F1 0.4207  4s
  [cnn_resample_search_0] epoch  10/24  train 1.435  val 1.986  acc 0.551  macro-F1 0.4621  4s
  [cnn_resample_search_0] epoch  11/24  train 1.353  val 1.837  acc 0.576  macro-F1 0.4645  4s
  [cnn_resample_search_0] epoch  12/24  train 1.285  val 1.897  acc 0.532  macro-F1 0.4558  4s
  [cnn_resample_search_0] epoch  13/24  train 1.229  val 1.798  acc 0.571  macro-F1 0.4866  4s
  [cnn_resample_search_0] epoch  14/24  train 1.177  val 1.712  acc 0.612  macro-F1 0.5151  4s
  [cnn_resample_search_0] epoch  15/24  train 1.147  val 1.773  acc 0.574  macro-F1 0.5061  4s
  [cnn_resample_search_0] epoch  16/24  train 1.127  val 1.666  acc 0.622  macro-F1 0.5221  4s
  [cnn_resample_search_0] epoch  17/24  train 1.093  val 1.646  acc 0.616  macro-F1 0.5334  4s
  [cnn_resample_search_0] epoch  18/24  train 1.077  val 1.628  acc 0.622  macro-F1 0.5455  4s
  [cnn_resample_search_0] epoch  19/24  train 1.064  val 1.578  acc 0.648  macro-F1 0.5650  4s
  [cnn_resample_search_0] epoch  20/24  train 1.051  val 1.579  acc 0.647  macro-F1 0.5574  4s
  [cnn_resample_search_0] epoch  21/24  train 1.045  val 1.561  acc 0.654  macro-F1 0.5711  4s
  [cnn_resample_search_0] epoch  22/24  train 1.036  val 1.576  acc 0.651  macro-F1 0.5593  4s
  [cnn_resample_search_0] epoch  23/24  train 1.035  val 1.563  acc 0.655  macro-F1 0.5679  4s
  [cnn_resample_search_0] epoch  24/24  train 1.026  val 1.567  acc 0.650  macro-F1 0.5618  4s
  [cnn_resample_search_0] best macro-F1 0.5711 at epoch 21 (96s total)
  [cnn_resample_search_1] epoch   1/24  train 4.517  val 4.480  acc 0.026  macro-F1 0.0291  4s
  [cnn_resample_search_1] epoch   2/24  train 3.919  val 3.967  acc 0.111  macro-F1 0.0894  4s
  [cnn_resample_search_1] epoch   3/24  train 3.292  val 3.545  acc 0.193  macro-F1 0.1557  4s
  [cnn_resample_search_1] epoch   4/24  train 2.739  val 3.119  acc 0.298  macro-F1 0.2338  4s
  [cnn_resample_search_1] epoch   5/24  train 2.337  val 2.875  acc 0.338  macro-F1 0.2782  4s
  [cnn_resample_search_1] epoch   6/24  train 2.035  val 2.554  acc 0.419  macro-F1 0.3369  4s
  [cnn_resample_search_1] epoch   7/24  train 1.825  val 2.340  acc 0.456  macro-F1 0.3622  4s
  [cnn_resample_search_1] epoch   8/24  train 1.674  val 2.156  acc 0.486  macro-F1 0.3958  4s
  [cnn_resample_search_1] epoch   9/24  train 1.526  val 2.041  acc 0.518  macro-F1 0.4177  4s
  [cnn_resample_search_1] epoch  10/24  train 1.435  val 2.000  acc 0.552  macro-F1 0.4521  4s
  [cnn_resample_search_1] epoch  11/24  train 1.353  val 1.850  acc 0.572  macro-F1 0.4661  4s
  [cnn_resample_search_1] epoch  12/24  train 1.284  val 1.888  acc 0.542  macro-F1 0.4583  4s
  [cnn_resample_search_1] epoch  13/24  train 1.229  val 1.800  acc 0.575  macro-F1 0.4962  4s
  [cnn_resample_search_1] epoch  14/24  train 1.176  val 1.717  acc 0.609  macro-F1 0.4960  4s
  [cnn_resample_search_1] epoch  15/24  train 1.147  val 1.770  acc 0.573  macro-F1 0.4963  4s
  [cnn_resample_search_1] epoch  16/24  train 1.126  val 1.676  acc 0.618  macro-F1 0.5168  4s
  [cnn_resample_search_1] epoch  17/24  train 1.093  val 1.647  acc 0.618  macro-F1 0.5360  4s
  [cnn_resample_search_1] epoch  18/24  train 1.076  val 1.631  acc 0.622  macro-F1 0.5387  4s
  [cnn_resample_search_1] epoch  19/24  train 1.063  val 1.583  acc 0.650  macro-F1 0.5581  4s
  [cnn_resample_search_1] epoch  20/24  train 1.050  val 1.584  acc 0.648  macro-F1 0.5543  4s
  [cnn_resample_search_1] epoch  21/24  train 1.044  val 1.564  acc 0.655  macro-F1 0.5577  4s
  [cnn_resample_search_1] epoch  22/24  train 1.035  val 1.581  acc 0.650  macro-F1 0.5659  4s
  [cnn_resample_search_1] epoch  23/24  train 1.034  val 1.566  acc 0.656  macro-F1 0.5568  4s
  [cnn_resample_search_1] epoch  24/24  train 1.025  val 1.570  acc 0.654  macro-F1 0.5621  4s
  [cnn_resample_search_1] best macro-F1 0.5659 at epoch 22 (96s total)
  [cnn_resample_search_2] epoch   1/24  train 4.182  val 4.104  acc 0.098  macro-F1 0.0834  4s
  [cnn_resample_search_2] epoch   2/24  train 3.148  val 3.154  acc 0.235  macro-F1 0.1854  4s
  [cnn_resample_search_2] epoch   3/24  train 2.284  val 2.561  acc 0.366  macro-F1 0.3048  4s
  [cnn_resample_search_2] epoch   4/24  train 1.735  val 2.318  acc 0.406  macro-F1 0.3546  4s
  [cnn_resample_search_2] epoch   5/24  train 1.445  val 2.001  acc 0.507  macro-F1 0.4349  4s
  [cnn_resample_search_2] epoch   6/24  train 1.274  val 1.783  acc 0.600  macro-F1 0.4727  4s
  [cnn_resample_search_2] epoch   7/24  train 1.161  val 1.663  acc 0.610  macro-F1 0.5171  4s
  [cnn_resample_search_2] epoch   8/24  train 1.085  val 1.591  acc 0.622  macro-F1 0.5541  4s
  [cnn_resample_search_2] epoch   9/24  train 1.013  val 1.548  acc 0.633  macro-F1 0.5343  4s
  [cnn_resample_search_2] epoch  10/24  train 0.974  val 1.422  acc 0.692  macro-F1 0.5779  4s
  [cnn_resample_search_2] epoch  11/24  train 0.928  val 1.370  acc 0.690  macro-F1 0.5846  4s
  [cnn_resample_search_2] epoch  12/24  train 0.902  val 1.406  acc 0.680  macro-F1 0.5757  4s
  [cnn_resample_search_2] epoch  13/24  train 0.866  val 1.420  acc 0.691  macro-F1 0.6055  4s
  [cnn_resample_search_2] epoch  14/24  train 0.837  val 1.278  acc 0.726  macro-F1 0.6054  4s
  [cnn_resample_search_2] epoch  15/24  train 0.812  val 1.374  acc 0.694  macro-F1 0.6125  4s
  [cnn_resample_search_2] epoch  16/24  train 0.802  val 1.261  acc 0.735  macro-F1 0.6288  4s
  [cnn_resample_search_2] epoch  17/24  train 0.775  val 1.280  acc 0.724  macro-F1 0.6490  4s
  [cnn_resample_search_2] epoch  18/24  train 0.767  val 1.209  acc 0.759  macro-F1 0.6785  4s
  [cnn_resample_search_2] epoch  19/24  train 0.757  val 1.197  acc 0.766  macro-F1 0.6803  4s
  [cnn_resample_search_2] epoch  20/24  train 0.745  val 1.208  acc 0.760  macro-F1 0.6642  4s
  [cnn_resample_search_2] epoch  21/24  train 0.742  val 1.158  acc 0.776  macro-F1 0.6827  4s
  [cnn_resample_search_2] epoch  22/24  train 0.728  val 1.163  acc 0.779  macro-F1 0.6781  4s
  [cnn_resample_search_2] epoch  23/24  train 0.727  val 1.147  acc 0.781  macro-F1 0.6881  4s
  [cnn_resample_search_2] epoch  24/24  train 0.718  val 1.160  acc 0.775  macro-F1 0.6810  4s
  [cnn_resample_search_2] best macro-F1 0.6881 at epoch 23 (96s total)
  [cnn_resample_search_3] epoch   1/24  train 4.181  val 4.109  acc 0.094  macro-F1 0.0850  4s
  [cnn_resample_search_3] epoch   2/24  train 3.147  val 3.174  acc 0.247  macro-F1 0.1997  4s
  [cnn_resample_search_3] epoch   3/24  train 2.288  val 2.551  acc 0.367  macro-F1 0.2984  4s
  [cnn_resample_search_3] epoch   4/24  train 1.737  val 2.348  acc 0.397  macro-F1 0.3461  4s
  [cnn_resample_search_3] epoch   5/24  train 1.450  val 2.000  acc 0.506  macro-F1 0.4391  4s
  [cnn_resample_search_3] epoch   6/24  train 1.277  val 1.794  acc 0.598  macro-F1 0.4828  4s
  [cnn_resample_search_3] epoch   7/24  train 1.163  val 1.767  acc 0.559  macro-F1 0.4964  4s
  [cnn_resample_search_3] epoch   8/24  train 1.087  val 1.583  acc 0.634  macro-F1 0.5545  4s
  [cnn_resample_search_3] epoch   9/24  train 1.013  val 1.584  acc 0.615  macro-F1 0.5410  4s
  [cnn_resample_search_3] epoch  10/24  train 0.975  val 1.450  acc 0.676  macro-F1 0.5604  4s
  [cnn_resample_search_3] epoch  11/24  train 0.931  val 1.379  acc 0.682  macro-F1 0.5872  4s
  [cnn_resample_search_3] epoch  12/24  train 0.902  val 1.405  acc 0.684  macro-F1 0.5798  4s
  [cnn_resample_search_3] epoch  13/24  train 0.868  val 1.397  acc 0.695  macro-F1 0.6148  4s
  [cnn_resample_search_3] epoch  14/24  train 0.839  val 1.279  acc 0.733  macro-F1 0.6188  4s
  [cnn_resample_search_3] epoch  15/24  train 0.814  val 1.328  acc 0.707  macro-F1 0.6116  4s
  [cnn_resample_search_3] epoch  16/24  train 0.802  val 1.242  acc 0.745  macro-F1 0.6282  4s
  [cnn_resample_search_3] epoch  17/24  train 0.777  val 1.270  acc 0.730  macro-F1 0.6459  4s
  [cnn_resample_search_3] epoch  18/24  train 0.768  val 1.211  acc 0.752  macro-F1 0.6502  4s
  [cnn_resample_search_3] epoch  19/24  train 0.757  val 1.193  acc 0.766  macro-F1 0.6470  4s
  [cnn_resample_search_3] epoch  20/24  train 0.745  val 1.193  acc 0.765  macro-F1 0.6610  4s
  [cnn_resample_search_3] epoch  21/24  train 0.743  val 1.151  acc 0.777  macro-F1 0.6589  4s
  [cnn_resample_search_3] epoch  22/24  train 0.728  val 1.155  acc 0.777  macro-F1 0.6668  4s
  [cnn_resample_search_3] epoch  23/24  train 0.727  val 1.136  acc 0.786  macro-F1 0.6696  4s
  [cnn_resample_search_3] epoch  24/24  train 0.719  val 1.153  acc 0.775  macro-F1 0.6627  4s
  [cnn_resample_search_3] best macro-F1 0.6696 at epoch 23 (96s total)
  [cnn_resample_search_4] epoch   1/24  train 3.664  val 3.477  acc 0.186  macro-F1 0.1581  4s
  [cnn_resample_search_4] epoch   2/24  train 2.268  val 2.451  acc 0.352  macro-F1 0.2686  4s
  [cnn_resample_search_4] epoch   3/24  train 1.610  val 2.080  acc 0.430  macro-F1 0.4204  4s
  [cnn_resample_search_4] epoch   4/24  train 1.281  val 1.733  acc 0.582  macro-F1 0.4627  4s
  [cnn_resample_search_4] epoch   5/24  train 1.125  val 1.676  acc 0.615  macro-F1 0.5203  4s
  [cnn_resample_search_4] epoch   6/24  train 1.048  val 1.484  acc 0.664  macro-F1 0.5611  4s
  [cnn_resample_search_4] epoch   7/24  train 0.985  val 1.630  acc 0.631  macro-F1 0.5282  4s
  [cnn_resample_search_4] epoch   8/24  train 0.929  val 1.464  acc 0.681  macro-F1 0.6175  4s
  [cnn_resample_search_4] epoch   9/24  train 0.888  val 1.312  acc 0.712  macro-F1 0.5980  4s
  [cnn_resample_search_4] epoch  10/24  train 0.857  val 1.288  acc 0.724  macro-F1 0.6304  4s
  [cnn_resample_search_4] epoch  11/24  train 0.828  val 1.241  acc 0.738  macro-F1 0.6647  4s
  [cnn_resample_search_4] epoch  12/24  train 0.803  val 1.228  acc 0.742  macro-F1 0.6433  4s
  [cnn_resample_search_4] epoch  13/24  train 0.777  val 1.264  acc 0.736  macro-F1 0.6513  4s
  [cnn_resample_search_4] epoch  14/24  train 0.748  val 1.130  acc 0.786  macro-F1 0.6853  4s
  [cnn_resample_search_4] epoch  15/24  train 0.728  val 1.116  acc 0.789  macro-F1 0.6968  4s
  [cnn_resample_search_4] epoch  16/24  train 0.719  val 1.083  acc 0.800  macro-F1 0.6952  4s
  [cnn_resample_search_4] epoch  17/24  train 0.702  val 1.122  acc 0.785  macro-F1 0.6950  4s
  [cnn_resample_search_4] epoch  18/24  train 0.689  val 1.083  acc 0.799  macro-F1 0.7067  4s
  [cnn_resample_search_4] epoch  19/24  train 0.679  val 1.067  acc 0.806  macro-F1 0.7111  4s
  [cnn_resample_search_4] epoch  20/24  train 0.668  val 1.062  acc 0.810  macro-F1 0.7141  4s
  [cnn_resample_search_4] epoch  21/24  train 0.668  val 1.034  acc 0.820  macro-F1 0.7341  4s
  [cnn_resample_search_4] epoch  22/24  train 0.651  val 1.016  acc 0.828  macro-F1 0.7260  4s
  [cnn_resample_search_4] epoch  23/24  train 0.649  val 1.014  acc 0.828  macro-F1 0.7290  4s
  [cnn_resample_search_4] epoch  24/24  train 0.645  val 1.020  acc 0.826  macro-F1 0.7306  4s
  [cnn_resample_search_4] best macro-F1 0.7341 at epoch 21 (96s total)
  [cnn_resample_search_5] epoch   1/24  train 3.661  val 3.497  acc 0.177  macro-F1 0.1423  4s
  [cnn_resample_search_5] epoch   2/24  train 2.261  val 2.420  acc 0.380  macro-F1 0.2673  4s
  [cnn_resample_search_5] epoch   3/24  train 1.613  val 1.955  acc 0.486  macro-F1 0.4423  4s
  [cnn_resample_search_5] epoch   4/24  train 1.275  val 1.747  acc 0.576  macro-F1 0.4841  4s
  [cnn_resample_search_5] epoch   5/24  train 1.123  val 1.620  acc 0.619  macro-F1 0.5289  4s
  [cnn_resample_search_5] epoch   6/24  train 1.049  val 1.590  acc 0.629  macro-F1 0.5666  4s
  [cnn_resample_search_5] epoch   7/24  train 0.985  val 1.433  acc 0.695  macro-F1 0.5999  4s
  [cnn_resample_search_5] epoch   8/24  train 0.930  val 1.362  acc 0.722  macro-F1 0.6307  4s
  [cnn_resample_search_5] epoch   9/24  train 0.892  val 1.326  acc 0.720  macro-F1 0.6201  4s
  [cnn_resample_search_5] epoch  10/24  train 0.858  val 1.331  acc 0.712  macro-F1 0.6340  4s
  [cnn_resample_search_5] epoch  11/24  train 0.831  val 1.230  acc 0.749  macro-F1 0.6636  4s
  [cnn_resample_search_5] epoch  12/24  train 0.808  val 1.163  acc 0.765  macro-F1 0.6581  4s
  [cnn_resample_search_5] epoch  13/24  train 0.779  val 1.246  acc 0.738  macro-F1 0.6581  4s
  [cnn_resample_search_5] epoch  14/24  train 0.752  val 1.136  acc 0.784  macro-F1 0.6884  4s
  [cnn_resample_search_5] epoch  15/24  train 0.733  val 1.122  acc 0.786  macro-F1 0.6945  4s
  [cnn_resample_search_5] epoch  16/24  train 0.720  val 1.097  acc 0.790  macro-F1 0.7113  4s
  [cnn_resample_search_5] epoch  17/24  train 0.699  val 1.121  acc 0.787  macro-F1 0.7148  4s
  [cnn_resample_search_5] epoch  18/24  train 0.689  val 1.088  acc 0.796  macro-F1 0.7157  4s
  [cnn_resample_search_5] epoch  19/24  train 0.680  val 1.050  acc 0.814  macro-F1 0.7179  4s
  [cnn_resample_search_5] epoch  20/24  train 0.669  val 1.045  acc 0.816  macro-F1 0.7204  4s
  [cnn_resample_search_5] epoch  21/24  train 0.669  val 1.021  acc 0.824  macro-F1 0.7315  4s
  [cnn_resample_search_5] epoch  22/24  train 0.653  val 1.017  acc 0.827  macro-F1 0.7408  4s
  [cnn_resample_search_5] epoch  23/24  train 0.651  val 1.012  acc 0.829  macro-F1 0.7405  4s
  [cnn_resample_search_5] epoch  24/24  train 0.646  val 1.015  acc 0.826  macro-F1 0.7401  4s
  [cnn_resample_search_5] best macro-F1 0.7408 at epoch 22 (96s total)
               candidate family    regime                                  config  epochs  macro_f1  accuracy  weighted_f1
0  cnn_resample_search_0    cnn  resample  {'lr': 0.0001, 'weight_decay': 0.0001}      21  0.571135  0.653509     0.672763
1  cnn_resample_search_1    cnn  resample   {'lr': 0.0001, 'weight_decay': 0.001}      22  0.565876  0.650041     0.666968
2  cnn_resample_search_2    cnn  resample  {'lr': 0.0003, 'weight_decay': 0.0001}      23  0.688125  0.781007     0.790952
3  cnn_resample_search_3    cnn  resample   {'lr': 0.0003, 'weight_decay': 0.001}      23  0.669635  0.785632     0.795523
4  cnn_resample_search_4    cnn  resample   {'lr': 0.001, 'weight_decay': 0.0001}      21  0.734094  0.820149     0.827230
5  cnn_resample_search_5    cnn  resample    {'lr': 0.001, 'weight_decay': 0.001}      22  0.740839  0.826920     0.833046

=== resnet_reweight: 6 arms at 24 epochs ===
  [resnet_reweight_search_0] epoch   1/24  train 4.828  val 3.814  acc 0.022  macro-F1 0.0129  28s
  [resnet_reweight_search_0] epoch   2/24  train 4.507  val 3.511  acc 0.028  macro-F1 0.0180  20s
  [resnet_reweight_search_0] epoch   3/24  train 4.192  val 3.577  acc 0.023  macro-F1 0.0305  20s
  [resnet_reweight_search_0] epoch   4/24  train 3.982  val 3.115  acc 0.210  macro-F1 0.0809  19s
  [resnet_reweight_search_0] epoch   5/24  train 3.730  val 3.014  acc 0.165  macro-F1 0.0890  20s
  [resnet_reweight_search_0] epoch   6/24  train 3.571  val 2.918  acc 0.234  macro-F1 0.1123  20s
  [resnet_reweight_search_0] epoch   7/24  train 3.347  val 2.803  acc 0.196  macro-F1 0.1097  20s
  [resnet_reweight_search_0] epoch   8/24  train 3.165  val 2.720  acc 0.204  macro-F1 0.1495  20s
  [resnet_reweight_search_0] epoch   9/24  train 2.983  val 2.601  acc 0.256  macro-F1 0.1418  20s
  [resnet_reweight_search_0] epoch  10/24  train 2.835  val 2.302  acc 0.328  macro-F1 0.2337  20s
  [resnet_reweight_search_0] epoch  11/24  train 2.680  val 2.294  acc 0.353  macro-F1 0.2265  20s
  [resnet_reweight_search_0] epoch  12/24  train 2.558  val 2.138  acc 0.393  macro-F1 0.2694  20s
  [resnet_reweight_search_0] epoch  13/24  train 2.446  val 2.124  acc 0.406  macro-F1 0.2750  20s
  [resnet_reweight_search_0] epoch  14/24  train 2.305  val 1.996  acc 0.414  macro-F1 0.3211  20s
  [resnet_reweight_search_0] epoch  15/24  train 2.252  val 2.026  acc 0.427  macro-F1 0.3061  20s
  [resnet_reweight_search_0] epoch  16/24  train 2.096  val 1.840  acc 0.451  macro-F1 0.3269  20s
  [resnet_reweight_search_0] epoch  17/24  train 2.014  val 1.853  acc 0.425  macro-F1 0.3388  20s
  [resnet_reweight_search_0] epoch  18/24  train 1.931  val 1.793  acc 0.480  macro-F1 0.3688  20s
  [resnet_reweight_search_0] epoch  19/24  train 1.883  val 1.773  acc 0.459  macro-F1 0.3732  20s
  [resnet_reweight_search_0] epoch  20/24  train 1.817  val 1.726  acc 0.457  macro-F1 0.3717  20s
  [resnet_reweight_search_0] epoch  21/24  train 1.739  val 1.714  acc 0.475  macro-F1 0.3972  20s
  [resnet_reweight_search_0] epoch  22/24  train 1.736  val 1.682  acc 0.493  macro-F1 0.4010  20s
  [resnet_reweight_search_0] epoch  23/24  train 1.716  val 1.677  acc 0.488  macro-F1 0.4049  20s
  [resnet_reweight_search_0] epoch  24/24  train 1.708  val 1.677  acc 0.492  macro-F1 0.4083  20s
  [resnet_reweight_search_0] best macro-F1 0.4083 at epoch 24 (479s total)
  [resnet_reweight_search_1] epoch   1/24  train 4.822  val 3.795  acc 0.018  macro-F1 0.0091  20s
  [resnet_reweight_search_1] epoch   2/24  train 4.522  val 3.557  acc 0.033  macro-F1 0.0187  20s
  [resnet_reweight_search_1] epoch   3/24  train 4.224  val 3.687  acc 0.020  macro-F1 0.0181  20s
  [resnet_reweight_search_1] epoch   4/24  train 4.005  val 3.151  acc 0.172  macro-F1 0.0720  20s
  [resnet_reweight_search_1] epoch   5/24  train 3.781  val 3.044  acc 0.144  macro-F1 0.0733  20s
  [resnet_reweight_search_1] epoch   6/24  train 3.672  val 2.911  acc 0.198  macro-F1 0.1104  20s
  [resnet_reweight_search_1] epoch   7/24  train 3.420  val 2.833  acc 0.189  macro-F1 0.1088  20s
  [resnet_reweight_search_1] epoch   8/24  train 3.232  val 2.813  acc 0.159  macro-F1 0.1280  20s
  [resnet_reweight_search_1] epoch   9/24  train 3.100  val 2.775  acc 0.234  macro-F1 0.1324  20s
  [resnet_reweight_search_1] epoch  10/24  train 2.930  val 2.417  acc 0.299  macro-F1 0.2220  20s
  [resnet_reweight_search_1] epoch  11/24  train 2.769  val 2.299  acc 0.323  macro-F1 0.2198  20s
  [resnet_reweight_search_1] epoch  12/24  train 2.638  val 2.267  acc 0.345  macro-F1 0.2488  20s
  [resnet_reweight_search_1] epoch  13/24  train 2.543  val 2.166  acc 0.349  macro-F1 0.2661  20s
  [resnet_reweight_search_1] epoch  14/24  train 2.380  val 2.086  acc 0.401  macro-F1 0.3153  20s
  [resnet_reweight_search_1] epoch  15/24  train 2.312  val 2.185  acc 0.367  macro-F1 0.2619  20s
  [resnet_reweight_search_1] epoch  16/24  train 2.167  val 1.901  acc 0.436  macro-F1 0.3304  20s
  [resnet_reweight_search_1] epoch  17/24  train 2.078  val 1.915  acc 0.415  macro-F1 0.3284  20s
  [resnet_reweight_search_1] epoch  18/24  train 2.007  val 1.843  acc 0.459  macro-F1 0.3475  20s
  [resnet_reweight_search_1] epoch  19/24  train 1.943  val 1.825  acc 0.444  macro-F1 0.3480  20s
  [resnet_reweight_search_1] epoch  20/24  train 1.880  val 1.806  acc 0.438  macro-F1 0.3535  20s
  [resnet_reweight_search_1] epoch  21/24  train 1.808  val 1.770  acc 0.462  macro-F1 0.3742  20s
  [resnet_reweight_search_1] epoch  22/24  train 1.795  val 1.744  acc 0.470  macro-F1 0.3755  20s
  [resnet_reweight_search_1] epoch  23/24  train 1.769  val 1.740  acc 0.464  macro-F1 0.3779  20s
  [resnet_reweight_search_1] epoch  24/24  train 1.764  val 1.736  acc 0.467  macro-F1 0.3726  20s
  [resnet_reweight_search_1] best macro-F1 0.3779 at epoch 23 (471s total)
  [resnet_reweight_search_2] epoch   1/24  train 4.889  val 3.891  acc 0.040  macro-F1 0.0144  20s
  [resnet_reweight_search_2] epoch   2/24  train 4.619  val 3.684  acc 0.019  macro-F1 0.0078  20s
  [resnet_reweight_search_2] epoch   3/24  train 4.274  val 3.547  acc 0.055  macro-F1 0.0269  20s
  [resnet_reweight_search_2] epoch   4/24  train 4.041  val 3.161  acc 0.126  macro-F1 0.0550  19s
  [resnet_reweight_search_2] epoch   5/24  train 3.783  val 3.078  acc 0.140  macro-F1 0.0764  20s
  [resnet_reweight_search_2] epoch   6/24  train 3.643  val 2.890  acc 0.179  macro-F1 0.1101  20s
  [resnet_reweight_search_2] epoch   7/24  train 3.406  val 3.054  acc 0.150  macro-F1 0.0915  20s
  [resnet_reweight_search_2] epoch   8/24  train 3.229  val 2.830  acc 0.204  macro-F1 0.1506  20s
  [resnet_reweight_search_2] epoch   9/24  train 3.147  val 2.705  acc 0.236  macro-F1 0.1495  20s
  [resnet_reweight_search_2] epoch  10/24  train 2.952  val 2.441  acc 0.346  macro-F1 0.2242  20s
  [resnet_reweight_search_2] epoch  11/24  train 2.798  val 2.377  acc 0.312  macro-F1 0.2159  20s
  [resnet_reweight_search_2] epoch  12/24  train 2.663  val 2.265  acc 0.392  macro-F1 0.2622  20s
  [resnet_reweight_search_2] epoch  13/24  train 2.580  val 2.224  acc 0.390  macro-F1 0.2785  20s
  [resnet_reweight_search_2] epoch  14/24  train 2.438  val 2.121  acc 0.408  macro-F1 0.2989  20s
  [resnet_reweight_search_2] epoch  15/24  train 2.334  val 2.123  acc 0.380  macro-F1 0.2741  20s
  [resnet_reweight_search_2] epoch  16/24  train 2.194  val 1.952  acc 0.427  macro-F1 0.3305  20s
  [resnet_reweight_search_2] epoch  17/24  train 2.134  val 1.962  acc 0.427  macro-F1 0.3119  20s
  [resnet_reweight_search_2] epoch  18/24  train 2.055  val 1.871  acc 0.465  macro-F1 0.3375  20s
  [resnet_reweight_search_2] epoch  19/24  train 1.965  val 1.844  acc 0.456  macro-F1 0.3472  20s
  [resnet_reweight_search_2] epoch  20/24  train 1.899  val 1.802  acc 0.457  macro-F1 0.3564  20s
  [resnet_reweight_search_2] epoch  21/24  train 1.828  val 1.783  acc 0.482  macro-F1 0.3727  20s
  [resnet_reweight_search_2] epoch  22/24  train 1.811  val 1.764  acc 0.480  macro-F1 0.3779  20s
  [resnet_reweight_search_2] epoch  23/24  train 1.790  val 1.752  acc 0.483  macro-F1 0.3804  20s
  [resnet_reweight_search_2] epoch  24/24  train 1.780  val 1.749  acc 0.484  macro-F1 0.3745  20s
  [resnet_reweight_search_2] best macro-F1 0.3804 at epoch 23 (470s total)
  [resnet_reweight_search_3] epoch   1/24  train 4.865  val 3.809  acc 0.042  macro-F1 0.0143  20s
  [resnet_reweight_search_3] epoch   2/24  train 4.626  val 3.851  acc 0.026  macro-F1 0.0129  20s
  [resnet_reweight_search_3] epoch   3/24  train 4.266  val 3.815  acc 0.012  macro-F1 0.0107  20s
  [resnet_reweight_search_3] epoch   4/24  train 4.068  val 3.187  acc 0.108  macro-F1 0.0454  20s
  [resnet_reweight_search_3] epoch   5/24  train 3.878  val 3.155  acc 0.093  macro-F1 0.0564  19s
  [resnet_reweight_search_3] epoch   6/24  train 3.672  val 2.892  acc 0.164  macro-F1 0.1065  20s
  [resnet_reweight_search_3] epoch   7/24  train 3.541  val 3.019  acc 0.093  macro-F1 0.0744  19s
  [resnet_reweight_search_3] epoch   8/24  train 3.402  val 2.790  acc 0.139  macro-F1 0.1380  19s
  [resnet_reweight_search_3] epoch   9/24  train 3.231  val 2.706  acc 0.195  macro-F1 0.1520  20s
  [resnet_reweight_search_3] epoch  10/24  train 3.046  val 2.456  acc 0.345  macro-F1 0.2017  20s
  [resnet_reweight_search_3] epoch  11/24  train 2.880  val 2.527  acc 0.211  macro-F1 0.1742  20s
  [resnet_reweight_search_3] epoch  12/24  train 2.784  val 2.256  acc 0.365  macro-F1 0.2601  20s
  [resnet_reweight_search_3] epoch  13/24  train 2.651  val 2.228  acc 0.361  macro-F1 0.2610  19s
  [resnet_reweight_search_3] epoch  14/24  train 2.514  val 2.111  acc 0.402  macro-F1 0.3107  20s
  [resnet_reweight_search_3] epoch  15/24  train 2.407  val 2.612  acc 0.296  macro-F1 0.2337  20s
  [resnet_reweight_search_3] epoch  16/24  train 2.286  val 1.981  acc 0.393  macro-F1 0.3079  20s
  [resnet_reweight_search_3] epoch  17/24  train 2.200  val 1.925  acc 0.430  macro-F1 0.3222  20s
  [resnet_reweight_search_3] epoch  18/24  train 2.098  val 1.864  acc 0.473  macro-F1 0.3343  20s
  [resnet_reweight_search_3] epoch  19/24  train 2.040  val 1.824  acc 0.482  macro-F1 0.3575  20s
  [resnet_reweight_search_3] epoch  20/24  train 1.957  val 1.799  acc 0.482  macro-F1 0.3670  20s
  [resnet_reweight_search_3] epoch  21/24  train 1.884  val 1.778  acc 0.488  macro-F1 0.3745  20s
  [resnet_reweight_search_3] epoch  22/24  train 1.866  val 1.758  acc 0.503  macro-F1 0.3945  20s
  [resnet_reweight_search_3] epoch  23/24  train 1.834  val 1.744  acc 0.498  macro-F1 0.3933  20s
  [resnet_reweight_search_3] epoch  24/24  train 1.828  val 1.745  acc 0.498  macro-F1 0.3880  20s
  [resnet_reweight_search_3] best macro-F1 0.3945 at epoch 22 (470s total)
  [resnet_reweight_search_4] epoch   1/24  train 5.073  val 4.523  acc 0.003  macro-F1 0.0008  20s
  [resnet_reweight_search_4] epoch   2/24  train 5.029  val 4.144  acc 0.028  macro-F1 0.0060  19s
  [resnet_reweight_search_4] epoch   3/24  train 4.744  val 4.018  acc 0.017  macro-F1 0.0039  19s
  [resnet_reweight_search_4] epoch   4/24  train 4.643  val 3.802  acc 0.010  macro-F1 0.0069  19s
  [resnet_reweight_search_4] epoch   5/24  train 4.470  val 5.105  acc 0.010  macro-F1 0.0058  19s
  [resnet_reweight_search_4] epoch   6/24  train 4.303  val 3.402  acc 0.045  macro-F1 0.0340  19s
  [resnet_reweight_search_4] epoch   7/24  train 4.143  val 3.600  acc 0.019  macro-F1 0.0164  19s
  [resnet_reweight_search_4] epoch   8/24  train 4.014  val 3.568  acc 0.028  macro-F1 0.0265  19s
  [resnet_reweight_search_4] epoch   9/24  train 3.935  val 3.275  acc 0.081  macro-F1 0.0427  19s
  [resnet_reweight_search_4] epoch  10/24  train 3.723  val 3.115  acc 0.160  macro-F1 0.0928  19s
  [resnet_reweight_search_4] epoch  11/24  train 3.632  val 3.035  acc 0.184  macro-F1 0.0877  19s
  [resnet_reweight_search_4] epoch  12/24  train 3.527  val 2.975  acc 0.190  macro-F1 0.0990  19s
  [resnet_reweight_search_4] epoch  13/24  train 3.407  val 2.797  acc 0.255  macro-F1 0.1570  19s
  [resnet_reweight_search_4] epoch  14/24  train 3.247  val 2.820  acc 0.247  macro-F1 0.1755  19s
  [resnet_reweight_search_4] epoch  15/24  train 3.138  val 2.646  acc 0.235  macro-F1 0.1642  19s
  [resnet_reweight_search_4] epoch  16/24  train 3.011  val 2.560  acc 0.257  macro-F1 0.1852  19s
  [resnet_reweight_search_4] epoch  17/24  train 2.909  val 2.508  acc 0.253  macro-F1 0.1941  19s
  [resnet_reweight_search_4] epoch  18/24  train 2.831  val 2.466  acc 0.261  macro-F1 0.1962  19s
  [resnet_reweight_search_4] epoch  19/24  train 2.752  val 2.400  acc 0.308  macro-F1 0.2222  19s
  [resnet_reweight_search_4] epoch  20/24  train 2.643  val 2.368  acc 0.323  macro-F1 0.2497  19s
  [resnet_reweight_search_4] epoch  21/24  train 2.570  val 2.346  acc 0.324  macro-F1 0.2367  19s
  [resnet_reweight_search_4] epoch  22/24  train 2.519  val 2.318  acc 0.332  macro-F1 0.2478  19s
  [resnet_reweight_search_4] epoch  23/24  train 2.494  val 2.299  acc 0.339  macro-F1 0.2513  19s
  [resnet_reweight_search_4] epoch  24/24  train 2.480  val 2.295  acc 0.343  macro-F1 0.2540  19s
  [resnet_reweight_search_4] best macro-F1 0.2540 at epoch 24 (466s total)
  [resnet_reweight_search_5] epoch   1/24  train 5.062  val 4.150  acc 0.003  macro-F1 0.0007  20s
  [resnet_reweight_search_5] epoch   2/24  train 4.933  val 4.360  acc 0.004  macro-F1 0.0010  19s
  [resnet_reweight_search_5] epoch   3/24  train 4.735  val 3.997  acc 0.008  macro-F1 0.0026  19s
  [resnet_reweight_search_5] epoch   4/24  train 4.780  val 3.823  acc 0.022  macro-F1 0.0096  19s
  [resnet_reweight_search_5] epoch   5/24  train 4.507  val 4.315  acc 0.003  macro-F1 0.0035  19s
  [resnet_reweight_search_5] epoch   6/24  train 4.380  val 3.557  acc 0.047  macro-F1 0.0215  19s
  [resnet_reweight_search_5] epoch   7/24  train 4.319  val 4.598  acc 0.006  macro-F1 0.0023  19s
  [resnet_reweight_search_5] epoch   8/24  train 4.100  val 3.501  acc 0.018  macro-F1 0.0176  19s
  [resnet_reweight_search_5] epoch   9/24  train 3.950  val 3.341  acc 0.103  macro-F1 0.0492  19s
  [resnet_reweight_search_5] epoch  10/24  train 3.863  val 3.213  acc 0.147  macro-F1 0.0652  19s
  [resnet_reweight_search_5] epoch  11/24  train 3.708  val 6.162  acc 0.030  macro-F1 0.0090  19s
  [resnet_reweight_search_5] epoch  12/24  train 3.619  val 3.041  acc 0.195  macro-F1 0.0831  19s
  [resnet_reweight_search_5] epoch  13/24  train 3.501  val 2.888  acc 0.195  macro-F1 0.1072  19s
  [resnet_reweight_search_5] epoch  14/24  train 3.410  val 2.843  acc 0.240  macro-F1 0.1308  19s
  [resnet_reweight_search_5] epoch  15/24  train 3.296  val 2.778  acc 0.208  macro-F1 0.1280  19s
  [resnet_reweight_search_5] epoch  16/24  train 3.151  val 7.082  acc 0.026  macro-F1 0.0162  19s
  [resnet_reweight_search_5] epoch  17/24  train 3.129  val 2.595  acc 0.242  macro-F1 0.1658  19s
  [resnet_reweight_search_5] epoch  18/24  train 2.960  val 2.540  acc 0.257  macro-F1 0.1768  19s
  [resnet_reweight_search_5] epoch  19/24  train 2.887  val 2.468  acc 0.289  macro-F1 0.1966  19s
  [resnet_reweight_search_5] epoch  20/24  train 2.754  val 2.414  acc 0.330  macro-F1 0.2134  19s
  [resnet_reweight_search_5] epoch  21/24  train 2.738  val 2.414  acc 0.325  macro-F1 0.2136  19s
  [resnet_reweight_search_5] epoch  22/24  train 2.670  val 2.383  acc 0.332  macro-F1 0.2267  19s
  [resnet_reweight_search_5] epoch  23/24  train 2.624  val 2.374  acc 0.337  macro-F1 0.2332  19s
  [resnet_reweight_search_5] epoch  24/24  train 2.636  val 2.363  acc 0.335  macro-F1 0.2337  19s
  [resnet_reweight_search_5] best macro-F1 0.2337 at epoch 24 (466s total)
                  candidate  family    regime                                  config  epochs  macro_f1  accuracy  weighted_f1
0  resnet_reweight_search_0  resnet  reweight  {'lr': 0.0001, 'weight_decay': 0.0001}      24  0.408305  0.491990     0.533286
1  resnet_reweight_search_1  resnet  reweight   {'lr': 0.0001, 'weight_decay': 0.001}      23  0.377924  0.463584     0.504988
2  resnet_reweight_search_2  resnet  reweight  {'lr': 0.0003, 'weight_decay': 0.0001}      23  0.380448  0.483072     0.518456
3  resnet_reweight_search_3  resnet  reweight   {'lr': 0.0003, 'weight_decay': 0.001}      22  0.394455  0.502725     0.545944
4  resnet_reweight_search_4  resnet  reweight   {'lr': 0.001, 'weight_decay': 0.0001}      24  0.254026  0.343187     0.368837
5  resnet_reweight_search_5  resnet  reweight    {'lr': 0.001, 'weight_decay': 0.001}      24  0.233689  0.335095     0.358882

=== resnet_resample: 6 arms at 24 epochs ===
  [resnet_resample_search_0] epoch   1/24  train 3.948  val 3.775  acc 0.149  macro-F1 0.0915  20s
  [resnet_resample_search_0] epoch   2/24  train 2.571  val 2.621  acc 0.362  macro-F1 0.2777  20s
  [resnet_resample_search_0] epoch   3/24  train 1.794  val 2.551  acc 0.342  macro-F1 0.3109  20s
  [resnet_resample_search_0] epoch   4/24  train 1.386  val 1.796  acc 0.562  macro-F1 0.4687  20s
  [resnet_resample_search_0] epoch   5/24  train 1.186  val 1.849  acc 0.534  macro-F1 0.4718  20s
  [resnet_resample_search_0] epoch   6/24  train 1.076  val 1.606  acc 0.609  macro-F1 0.5123  20s
  [resnet_resample_search_0] epoch   7/24  train 0.988  val 1.715  acc 0.584  macro-F1 0.5040  20s
  [resnet_resample_search_0] epoch   8/24  train 0.922  val 1.598  acc 0.632  macro-F1 0.5572  20s
  [resnet_resample_search_0] epoch   9/24  train 0.867  val 1.440  acc 0.667  macro-F1 0.5698  20s
  [resnet_resample_search_0] epoch  10/24  train 0.835  val 1.367  acc 0.677  macro-F1 0.5977  20s
  [resnet_resample_search_0] epoch  11/24  train 0.794  val 1.237  acc 0.736  macro-F1 0.6264  20s
  [resnet_resample_search_0] epoch  12/24  train 0.764  val 1.285  acc 0.721  macro-F1 0.6248  20s
  [resnet_resample_search_0] epoch  13/24  train 0.736  val 1.333  acc 0.710  macro-F1 0.6397  20s
  [resnet_resample_search_0] epoch  14/24  train 0.705  val 1.152  acc 0.766  macro-F1 0.6597  20s
  [resnet_resample_search_0] epoch  15/24  train 0.681  val 1.244  acc 0.739  macro-F1 0.6524  20s
  [resnet_resample_search_0] epoch  16/24  train 0.675  val 1.098  acc 0.782  macro-F1 0.6696  20s
  [resnet_resample_search_0] epoch  17/24  train 0.651  val 1.140  acc 0.771  macro-F1 0.6663  20s
  [resnet_resample_search_0] epoch  18/24  train 0.638  val 1.109  acc 0.780  macro-F1 0.6704  20s
  [resnet_resample_search_0] epoch  19/24  train 0.629  val 1.069  acc 0.796  macro-F1 0.6863  20s
  [resnet_resample_search_0] epoch  20/24  train 0.615  val 1.056  acc 0.801  macro-F1 0.6892  20s
  [resnet_resample_search_0] epoch  21/24  train 0.611  val 1.035  acc 0.806  macro-F1 0.7036  20s
  [resnet_resample_search_0] epoch  22/24  train 0.598  val 1.018  acc 0.813  macro-F1 0.6976  20s
  [resnet_resample_search_0] epoch  23/24  train 0.594  val 1.009  acc 0.813  macro-F1 0.7002  20s
  [resnet_resample_search_0] epoch  24/24  train 0.591  val 1.019  acc 0.812  macro-F1 0.7008  20s
  [resnet_resample_search_0] best macro-F1 0.7036 at epoch 21 (472s total)
  [resnet_resample_search_1] epoch   1/24  train 3.948  val 3.758  acc 0.146  macro-F1 0.0906  20s
  [resnet_resample_search_1] epoch   2/24  train 2.571  val 2.543  acc 0.384  macro-F1 0.3038  20s
  [resnet_resample_search_1] epoch   3/24  train 1.792  val 2.449  acc 0.364  macro-F1 0.3185  20s
  [resnet_resample_search_1] epoch   4/24  train 1.387  val 1.868  acc 0.536  macro-F1 0.4433  20s
  [resnet_resample_search_1] epoch   5/24  train 1.188  val 1.911  acc 0.519  macro-F1 0.4719  20s
  [resnet_resample_search_1] epoch   6/24  train 1.074  val 1.653  acc 0.604  macro-F1 0.5172  20s
  [resnet_resample_search_1] epoch   7/24  train 0.988  val 1.777  acc 0.569  macro-F1 0.4791  20s
  [resnet_resample_search_1] epoch   8/24  train 0.923  val 1.602  acc 0.619  macro-F1 0.5462  20s
  [resnet_resample_search_1] epoch   9/24  train 0.869  val 1.430  acc 0.675  macro-F1 0.5824  20s
  [resnet_resample_search_1] epoch  10/24  train 0.833  val 1.362  acc 0.679  macro-F1 0.5872  20s
  [resnet_resample_search_1] epoch  11/24  train 0.795  val 1.223  acc 0.740  macro-F1 0.6050  20s
  [resnet_resample_search_1] epoch  12/24  train 0.764  val 1.303  acc 0.712  macro-F1 0.6332  20s
  [resnet_resample_search_1] epoch  13/24  train 0.738  val 1.300  acc 0.721  macro-F1 0.6382  20s
  [resnet_resample_search_1] epoch  14/24  train 0.705  val 1.164  acc 0.763  macro-F1 0.6622  20s
  [resnet_resample_search_1] epoch  15/24  train 0.682  val 1.277  acc 0.726  macro-F1 0.6357  20s
  [resnet_resample_search_1] epoch  16/24  train 0.675  val 1.106  acc 0.782  macro-F1 0.6509  20s
  [resnet_resample_search_1] epoch  17/24  train 0.651  val 1.144  acc 0.770  macro-F1 0.6702  20s
  [resnet_resample_search_1] epoch  18/24  train 0.638  val 1.104  acc 0.780  macro-F1 0.6744  20s
  [resnet_resample_search_1] epoch  19/24  train 0.629  val 1.069  acc 0.798  macro-F1 0.6798  20s
  [resnet_resample_search_1] epoch  20/24  train 0.614  val 1.055  acc 0.802  macro-F1 0.6967  20s
  [resnet_resample_search_1] epoch  21/24  train 0.611  val 1.035  acc 0.804  macro-F1 0.6953  20s
  [resnet_resample_search_1] epoch  22/24  train 0.597  val 1.022  acc 0.814  macro-F1 0.7038  20s
  [resnet_resample_search_1] epoch  23/24  train 0.594  val 1.007  acc 0.815  macro-F1 0.6942  20s
  [resnet_resample_search_1] epoch  24/24  train 0.591  val 1.021  acc 0.809  macro-F1 0.6919  20s
  [resnet_resample_search_1] best macro-F1 0.7038 at epoch 22 (472s total)
  [resnet_resample_search_2] epoch   1/24  train 3.366  val 3.255  acc 0.195  macro-F1 0.1349  20s
  [resnet_resample_search_2] epoch   2/24  train 1.935  val 2.180  acc 0.434  macro-F1 0.3647  20s
  [resnet_resample_search_2] epoch   3/24  train 1.465  val 2.130  acc 0.424  macro-F1 0.4394  20s
  [resnet_resample_search_2] epoch   4/24  train 1.180  val 1.624  acc 0.607  macro-F1 0.5237  20s
  [resnet_resample_search_2] epoch   5/24  train 1.051  val 1.560  acc 0.644  macro-F1 0.5280  20s
  [resnet_resample_search_2] epoch   6/24  train 0.966  val 1.585  acc 0.630  macro-F1 0.5645  20s
  [resnet_resample_search_2] epoch   7/24  train 0.901  val 1.598  acc 0.634  macro-F1 0.5532  20s
  [resnet_resample_search_2] epoch   8/24  train 0.848  val 1.457  acc 0.666  macro-F1 0.5945  20s
  [resnet_resample_search_2] epoch   9/24  train 0.811  val 1.282  acc 0.727  macro-F1 0.6106  20s
  [resnet_resample_search_2] epoch  10/24  train 0.786  val 1.350  acc 0.697  macro-F1 0.6437  20s
  [resnet_resample_search_2] epoch  11/24  train 0.742  val 1.160  acc 0.760  macro-F1 0.6636  20s
  [resnet_resample_search_2] epoch  12/24  train 0.719  val 1.360  acc 0.704  macro-F1 0.6231  20s
  [resnet_resample_search_2] epoch  13/24  train 0.688  val 1.136  acc 0.781  macro-F1 0.6908  20s
  [resnet_resample_search_2] epoch  14/24  train 0.659  val 1.056  acc 0.800  macro-F1 0.6922  20s
  [resnet_resample_search_2] epoch  15/24  train 0.643  val 1.128  acc 0.774  macro-F1 0.6978  20s
  [resnet_resample_search_2] epoch  16/24  train 0.634  val 1.064  acc 0.794  macro-F1 0.7169  20s
  [resnet_resample_search_2] epoch  17/24  train 0.613  val 1.066  acc 0.794  macro-F1 0.7219  20s
  [resnet_resample_search_2] epoch  18/24  train 0.596  val 0.993  acc 0.823  macro-F1 0.7354  20s
  [resnet_resample_search_2] epoch  19/24  train 0.587  val 1.000  acc 0.822  macro-F1 0.7251  20s
  [resnet_resample_search_2] epoch  20/24  train 0.575  val 0.971  acc 0.830  macro-F1 0.7560  20s
  [resnet_resample_search_2] epoch  21/24  train 0.571  val 0.957  acc 0.832  macro-F1 0.7466  20s
  [resnet_resample_search_2] epoch  22/24  train 0.559  val 0.945  acc 0.836  macro-F1 0.7526  20s
  [resnet_resample_search_2] epoch  23/24  train 0.555  val 0.929  acc 0.840  macro-F1 0.7512  20s
  [resnet_resample_search_2] epoch  24/24  train 0.551  val 0.934  acc 0.841  macro-F1 0.7509  20s
  [resnet_resample_search_2] best macro-F1 0.7560 at epoch 20 (472s total)
  [resnet_resample_search_3] epoch   1/24  train 3.369  val 3.012  acc 0.263  macro-F1 0.2112  20s
  [resnet_resample_search_3] epoch   2/24  train 1.936  val 2.178  acc 0.444  macro-F1 0.3571  20s
  [resnet_resample_search_3] epoch   3/24  train 1.473  val 2.113  acc 0.428  macro-F1 0.4083  20s
  [resnet_resample_search_3] epoch   4/24  train 1.187  val 1.641  acc 0.607  macro-F1 0.5024  20s
  [resnet_resample_search_3] epoch   5/24  train 1.052  val 1.517  acc 0.654  macro-F1 0.5369  20s
  [resnet_resample_search_3] epoch   6/24  train 0.967  val 1.441  acc 0.677  macro-F1 0.5655  20s
  [resnet_resample_search_3] epoch   7/24  train 0.909  val 1.448  acc 0.681  macro-F1 0.5798  20s
  [resnet_resample_search_3] epoch   8/24  train 0.854  val 1.379  acc 0.696  macro-F1 0.6112  20s
  [resnet_resample_search_3] epoch   9/24  train 0.812  val 1.264  acc 0.725  macro-F1 0.6210  20s
  [resnet_resample_search_3] epoch  10/24  train 0.783  val 1.393  acc 0.698  macro-F1 0.6155  20s
  [resnet_resample_search_3] epoch  11/24  train 0.744  val 1.182  acc 0.753  macro-F1 0.6487  20s
  [resnet_resample_search_3] epoch  12/24  train 0.720  val 1.229  acc 0.744  macro-F1 0.6625  20s
  [resnet_resample_search_3] epoch  13/24  train 0.688  val 1.191  acc 0.763  macro-F1 0.6844  20s
  [resnet_resample_search_3] epoch  14/24  train 0.659  val 1.057  acc 0.801  macro-F1 0.7041  20s
  [resnet_resample_search_3] epoch  15/24  train 0.643  val 1.162  acc 0.766  macro-F1 0.7046  20s
  [resnet_resample_search_3] epoch  16/24  train 0.635  val 1.033  acc 0.805  macro-F1 0.7146  20s
  [resnet_resample_search_3] epoch  17/24  train 0.614  val 1.058  acc 0.801  macro-F1 0.7319  20s
  [resnet_resample_search_3] epoch  18/24  train 0.597  val 0.998  acc 0.820  macro-F1 0.7354  20s
  [resnet_resample_search_3] epoch  19/24  train 0.588  val 0.993  acc 0.825  macro-F1 0.7440  20s
  [resnet_resample_search_3] epoch  20/24  train 0.576  val 0.979  acc 0.824  macro-F1 0.7273  20s
  [resnet_resample_search_3] epoch  21/24  train 0.572  val 0.955  acc 0.829  macro-F1 0.7485  20s
  [resnet_resample_search_3] epoch  22/24  train 0.559  val 0.943  acc 0.834  macro-F1 0.7376  20s
  [resnet_resample_search_3] epoch  23/24  train 0.556  val 0.933  acc 0.839  macro-F1 0.7474  20s
  [resnet_resample_search_3] epoch  24/24  train 0.551  val 0.937  acc 0.837  macro-F1 0.7524  20s
  [resnet_resample_search_3] best macro-F1 0.7524 at epoch 24 (471s total)
  [resnet_resample_search_4] epoch   1/24  train 3.106  val 2.921  acc 0.262  macro-F1 0.2059  20s
  [resnet_resample_search_4] epoch   2/24  train 1.821  val 2.441  acc 0.390  macro-F1 0.3021  20s
  [resnet_resample_search_4] epoch   3/24  train 1.432  val 2.080  acc 0.466  macro-F1 0.4277  20s
  [resnet_resample_search_4] epoch   4/24  train 1.167  val 1.689  acc 0.582  macro-F1 0.5175  20s
  [resnet_resample_search_4] epoch   5/24  train 1.050  val 1.669  acc 0.612  macro-F1 0.4880  20s
  [resnet_resample_search_4] epoch   6/24  train 0.966  val 1.410  acc 0.680  macro-F1 0.6231  20s
  [resnet_resample_search_4] epoch   7/24  train 0.896  val 1.492  acc 0.669  macro-F1 0.5759  20s
  [resnet_resample_search_4] epoch   8/24  train 0.846  val 1.340  acc 0.718  macro-F1 0.6301  20s
  [resnet_resample_search_4] epoch   9/24  train 0.807  val 1.292  acc 0.731  macro-F1 0.6299  20s
  [resnet_resample_search_4] epoch  10/24  train 0.779  val 1.345  acc 0.703  macro-F1 0.6416  20s
  [resnet_resample_search_4] epoch  11/24  train 0.733  val 1.179  acc 0.761  macro-F1 0.6312  20s
  [resnet_resample_search_4] epoch  12/24  train 0.708  val 1.263  acc 0.726  macro-F1 0.6863  20s
  [resnet_resample_search_4] epoch  13/24  train 0.683  val 1.181  acc 0.761  macro-F1 0.6668  20s
  [resnet_resample_search_4] epoch  14/24  train 0.656  val 1.057  acc 0.805  macro-F1 0.7071  20s
  [resnet_resample_search_4] epoch  15/24  train 0.635  val 1.084  acc 0.793  macro-F1 0.7178  20s
  [resnet_resample_search_4] epoch  16/24  train 0.625  val 1.031  acc 0.810  macro-F1 0.7247  20s
  [resnet_resample_search_4] epoch  17/24  train 0.604  val 1.028  acc 0.807  macro-F1 0.7345  20s
  [resnet_resample_search_4] epoch  18/24  train 0.588  val 0.968  acc 0.829  macro-F1 0.7606  20s
  [resnet_resample_search_4] epoch  19/24  train 0.578  val 0.980  acc 0.830  macro-F1 0.7497  20s
  [resnet_resample_search_4] epoch  20/24  train 0.567  val 0.945  acc 0.837  macro-F1 0.7461  20s
  [resnet_resample_search_4] epoch  21/24  train 0.563  val 0.935  acc 0.842  macro-F1 0.7629  20s
  [resnet_resample_search_4] epoch  22/24  train 0.551  val 0.923  acc 0.849  macro-F1 0.7669  20s
  [resnet_resample_search_4] epoch  23/24  train 0.548  val 0.909  acc 0.852  macro-F1 0.7726  20s
  [resnet_resample_search_4] epoch  24/24  train 0.546  val 0.918  acc 0.851  macro-F1 0.7635  20s
  [resnet_resample_search_4] best macro-F1 0.7726 at epoch 23 (471s total)
  [resnet_resample_search_5] epoch   1/24  train 3.107  val 3.496  acc 0.132  macro-F1 0.1336  20s
  [resnet_resample_search_5] epoch   2/24  train 1.817  val 2.383  acc 0.385  macro-F1 0.3126  20s
  [resnet_resample_search_5] epoch   3/24  train 1.479  val 2.160  acc 0.453  macro-F1 0.4092  20s
  [resnet_resample_search_5] epoch   4/24  train 1.178  val 1.679  acc 0.575  macro-F1 0.4976  20s
  [resnet_resample_search_5] epoch   5/24  train 1.053  val 1.545  acc 0.655  macro-F1 0.5335  20s
  [resnet_resample_search_5] epoch   6/24  train 0.969  val 1.428  acc 0.682  macro-F1 0.5935  20s
  [resnet_resample_search_5] epoch   7/24  train 0.908  val 1.544  acc 0.644  macro-F1 0.5602  20s
  [resnet_resample_search_5] epoch   8/24  train 0.850  val 1.409  acc 0.695  macro-F1 0.6277  20s
  [resnet_resample_search_5] epoch   9/24  train 0.809  val 1.314  acc 0.709  macro-F1 0.6137  20s
  [resnet_resample_search_5] epoch  10/24  train 0.779  val 1.355  acc 0.700  macro-F1 0.6410  20s
  [resnet_resample_search_5] epoch  11/24  train 0.736  val 1.183  acc 0.752  macro-F1 0.6615  20s
  [resnet_resample_search_5] epoch  12/24  train 0.713  val 1.201  acc 0.746  macro-F1 0.6822  20s
  [resnet_resample_search_5] epoch  13/24  train 0.683  val 1.131  acc 0.776  macro-F1 0.7016  20s
  [resnet_resample_search_5] epoch  14/24  train 0.660  val 1.070  acc 0.800  macro-F1 0.6996  20s
  [resnet_resample_search_5] epoch  15/24  train 0.636  val 1.088  acc 0.793  macro-F1 0.7221  20s
  [resnet_resample_search_5] epoch  16/24  train 0.625  val 1.027  acc 0.810  macro-F1 0.7331  20s
  [resnet_resample_search_5] epoch  17/24  train 0.606  val 1.025  acc 0.816  macro-F1 0.7319  20s
  [resnet_resample_search_5] epoch  18/24  train 0.591  val 0.959  acc 0.833  macro-F1 0.7324  20s
  [resnet_resample_search_5] epoch  19/24  train 0.581  val 0.990  acc 0.824  macro-F1 0.7390  20s
  [resnet_resample_search_5] epoch  20/24  train 0.569  val 0.945  acc 0.835  macro-F1 0.7546  20s
  [resnet_resample_search_5] epoch  21/24  train 0.565  val 0.932  acc 0.841  macro-F1 0.7621  20s
  [resnet_resample_search_5] epoch  22/24  train 0.552  val 0.926  acc 0.846  macro-F1 0.7544  20s
  [resnet_resample_search_5] epoch  23/24  train 0.549  val 0.912  acc 0.848  macro-F1 0.7655  20s
  [resnet_resample_search_5] epoch  24/24  train 0.546  val 0.918  acc 0.847  macro-F1 0.7621  20s
  [resnet_resample_search_5] best macro-F1 0.7655 at epoch 23 (471s total)
                  candidate  family    regime                                  config  epochs  macro_f1  accuracy  weighted_f1
0  resnet_resample_search_0  resnet  resample  {'lr': 0.0001, 'weight_decay': 0.0001}      21  0.703593  0.805615     0.811422
1  resnet_resample_search_1  resnet  resample   {'lr': 0.0001, 'weight_decay': 0.001}      22  0.703775  0.813708     0.818758
2  resnet_resample_search_2  resnet  resample  {'lr': 0.0003, 'weight_decay': 0.0001}      20  0.755963  0.830388     0.836085
3  resnet_resample_search_3  resnet  resample   {'lr': 0.0003, 'weight_decay': 0.001}      24  0.752438  0.837325     0.840981
4  resnet_resample_search_4  resnet  resample   {'lr': 0.001, 'weight_decay': 0.0001}      23  0.772627  0.851858     0.855104
5  resnet_resample_search_5  resnet  resample    {'lr': 0.001, 'weight_decay': 0.001}      23  0.765491  0.848390     0.852091

=== cnn_reweight confirmation: {'lr': 0.0003, 'weight_decay': 0.0001} at 40 epochs ===
  [cnn_reweight_confirm] epoch   1/40  train 4.762  val 3.851  acc 0.035  macro-F1 0.0112  4s
  [cnn_reweight_confirm] epoch   2/40  train 4.474  val 3.690  acc 0.031  macro-F1 0.0149  4s
  [cnn_reweight_confirm] epoch   3/40  train 4.163  val 3.424  acc 0.054  macro-F1 0.0236  4s
  [cnn_reweight_confirm] epoch   4/40  train 3.963  val 3.136  acc 0.234  macro-F1 0.0924  4s
  [cnn_reweight_confirm] epoch   5/40  train 3.696  val 3.053  acc 0.216  macro-F1 0.0946  4s
  [cnn_reweight_confirm] epoch   6/40  train 3.497  val 2.827  acc 0.314  macro-F1 0.1719  4s
  [cnn_reweight_confirm] epoch   7/40  train 3.342  val 2.939  acc 0.178  macro-F1 0.0937  4s
  [cnn_reweight_confirm] epoch   8/40  train 3.167  val 2.694  acc 0.326  macro-F1 0.1680  4s
  [cnn_reweight_confirm] epoch   9/40  train 3.038  val 2.575  acc 0.314  macro-F1 0.2099  4s
  [cnn_reweight_confirm] epoch  10/40  train 2.880  val 2.336  acc 0.404  macro-F1 0.2725  4s
  [cnn_reweight_confirm] epoch  11/40  train 2.756  val 2.287  acc 0.398  macro-F1 0.2616  4s
  [cnn_reweight_confirm] epoch  12/40  train 2.602  val 2.146  acc 0.444  macro-F1 0.2999  4s
  [cnn_reweight_confirm] epoch  13/40  train 2.486  val 2.075  acc 0.445  macro-F1 0.2989  4s
  [cnn_reweight_confirm] epoch  14/40  train 2.407  val 2.040  acc 0.451  macro-F1 0.3474  4s
  [cnn_reweight_confirm] epoch  15/40  train 2.285  val 2.070  acc 0.432  macro-F1 0.3168  4s
  [cnn_reweight_confirm] epoch  16/40  train 2.208  val 1.944  acc 0.435  macro-F1 0.3545  4s
  [cnn_reweight_confirm] epoch  17/40  train 2.190  val 1.894  acc 0.476  macro-F1 0.3519  4s
  [cnn_reweight_confirm] epoch  18/40  train 2.080  val 1.835  acc 0.492  macro-F1 0.3702  4s
  [cnn_reweight_confirm] epoch  19/40  train 1.964  val 1.841  acc 0.524  macro-F1 0.3948  4s
  [cnn_reweight_confirm] epoch  20/40  train 1.926  val 1.756  acc 0.538  macro-F1 0.3944  4s
  [cnn_reweight_confirm] epoch  21/40  train 1.842  val 1.792  acc 0.532  macro-F1 0.3809  4s
  [cnn_reweight_confirm] epoch  22/40  train 1.807  val 1.773  acc 0.477  macro-F1 0.3970  4s
  [cnn_reweight_confirm] epoch  23/40  train 1.755  val 1.717  acc 0.488  macro-F1 0.4002  4s
  [cnn_reweight_confirm] epoch  24/40  train 1.693  val 1.688  acc 0.527  macro-F1 0.4341  4s
  [cnn_reweight_confirm] epoch  25/40  train 1.641  val 1.639  acc 0.568  macro-F1 0.4502  4s
  [cnn_reweight_confirm] epoch  26/40  train 1.583  val 1.585  acc 0.565  macro-F1 0.4613  4s
  [cnn_reweight_confirm] epoch  27/40  train 1.549  val 1.600  acc 0.533  macro-F1 0.4484  4s
  [cnn_reweight_confirm] epoch  28/40  train 1.504  val 1.541  acc 0.622  macro-F1 0.4754  4s
  [cnn_reweight_confirm] epoch  29/40  train 1.483  val 1.547  acc 0.567  macro-F1 0.4704  4s
  [cnn_reweight_confirm] epoch  30/40  train 1.453  val 1.531  acc 0.615  macro-F1 0.4954  4s
  [cnn_reweight_confirm] epoch  31/40  train 1.441  val 1.521  acc 0.595  macro-F1 0.5020  4s
  [cnn_reweight_confirm] epoch  32/40  train 1.417  val 1.507  acc 0.612  macro-F1 0.5078  4s
  [cnn_reweight_confirm] epoch  33/40  train 1.400  val 1.488  acc 0.626  macro-F1 0.5165  4s
  [cnn_reweight_confirm] epoch  34/40  train 1.365  val 1.476  acc 0.626  macro-F1 0.5155  4s
  [cnn_reweight_confirm] epoch  35/40  train 1.355  val 1.468  acc 0.634  macro-F1 0.5160  4s
  [cnn_reweight_confirm] epoch  36/40  train 1.347  val 1.464  acc 0.644  macro-F1 0.5289  4s
  [cnn_reweight_confirm] epoch  37/40  train 1.343  val 1.471  acc 0.642  macro-F1 0.5297  4s
  [cnn_reweight_confirm] epoch  38/40  train 1.331  val 1.463  acc 0.647  macro-F1 0.5306  4s
  [cnn_reweight_confirm] epoch  39/40  train 1.330  val 1.464  acc 0.642  macro-F1 0.5326  4s
  [cnn_reweight_confirm] epoch  40/40  train 1.318  val 1.466  acc 0.643  macro-F1 0.5314  4s
  [cnn_reweight_confirm] best macro-F1 0.5326 at epoch 39 (160s total)

=== cnn_resample confirmation: {'lr': 0.001, 'weight_decay': 0.001} at 40 epochs ===
  [cnn_resample_confirm] epoch   1/40  train 3.661  val 3.497  acc 0.177  macro-F1 0.1423  4s
  [cnn_resample_confirm] epoch   2/40  train 2.261  val 2.420  acc 0.380  macro-F1 0.2673  4s
  [cnn_resample_confirm] epoch   3/40  train 1.613  val 1.955  acc 0.486  macro-F1 0.4423  4s
  [cnn_resample_confirm] epoch   4/40  train 1.275  val 1.747  acc 0.576  macro-F1 0.4841  4s
  [cnn_resample_confirm] epoch   5/40  train 1.124  val 1.647  acc 0.617  macro-F1 0.5291  4s
  [cnn_resample_confirm] epoch   6/40  train 1.049  val 1.591  acc 0.630  macro-F1 0.5652  4s
  [cnn_resample_confirm] epoch   7/40  train 0.986  val 1.495  acc 0.678  macro-F1 0.5893  4s
  [cnn_resample_confirm] epoch   8/40  train 0.936  val 1.409  acc 0.703  macro-F1 0.6012  4s
  [cnn_resample_confirm] epoch   9/40  train 0.901  val 1.318  acc 0.719  macro-F1 0.6068  4s
  [cnn_resample_confirm] epoch  10/40  train 0.868  val 1.358  acc 0.697  macro-F1 0.6369  4s
  [cnn_resample_confirm] epoch  11/40  train 0.846  val 1.294  acc 0.715  macro-F1 0.6379  4s
  [cnn_resample_confirm] epoch  12/40  train 0.824  val 1.197  acc 0.754  macro-F1 0.6366  4s
  [cnn_resample_confirm] epoch  13/40  train 0.799  val 1.287  acc 0.730  macro-F1 0.6628  4s
  [cnn_resample_confirm] epoch  14/40  train 0.774  val 1.173  acc 0.770  macro-F1 0.6729  4s
  [cnn_resample_confirm] epoch  15/40  train 0.757  val 1.158  acc 0.779  macro-F1 0.6807  4s
  [cnn_resample_confirm] epoch  16/40  train 0.747  val 1.121  acc 0.783  macro-F1 0.6835  4s
  [cnn_resample_confirm] epoch  17/40  train 0.730  val 1.134  acc 0.783  macro-F1 0.7014  4s
  [cnn_resample_confirm] epoch  18/40  train 0.718  val 1.116  acc 0.788  macro-F1 0.7204  4s
  [cnn_resample_confirm] epoch  19/40  train 0.714  val 1.109  acc 0.797  macro-F1 0.7039  4s
  [cnn_resample_confirm] epoch  20/40  train 0.698  val 1.089  acc 0.805  macro-F1 0.6944  4s
  [cnn_resample_confirm] epoch  21/40  train 0.696  val 1.057  acc 0.806  macro-F1 0.7283  4s
  [cnn_resample_confirm] epoch  22/40  train 0.675  val 1.034  acc 0.821  macro-F1 0.7137  4s
  [cnn_resample_confirm] epoch  23/40  train 0.669  val 1.032  acc 0.814  macro-F1 0.7124  4s
  [cnn_resample_confirm] epoch  24/40  train 0.657  val 1.066  acc 0.805  macro-F1 0.7246  4s
  [cnn_resample_confirm] epoch  25/40  train 0.654  val 1.023  acc 0.814  macro-F1 0.7114  4s
  [cnn_resample_confirm] epoch  26/40  train 0.647  val 1.012  acc 0.829  macro-F1 0.7495  4s
  [cnn_resample_confirm] epoch  27/40  train 0.643  val 1.027  acc 0.817  macro-F1 0.7332  4s
  [cnn_resample_confirm] epoch  28/40  train 0.631  val 1.017  acc 0.817  macro-F1 0.7335  4s
  [cnn_resample_confirm] epoch  29/40  train 0.622  val 0.998  acc 0.829  macro-F1 0.7433  4s
  [cnn_resample_confirm] epoch  30/40  train 0.616  val 1.005  acc 0.829  macro-F1 0.7419  4s
  [cnn_resample_confirm] epoch  31/40  train 0.611  val 0.995  acc 0.827  macro-F1 0.7415  4s
  [cnn_resample_confirm] epoch  32/40  train 0.604  val 0.970  acc 0.837  macro-F1 0.7431  4s
  [cnn_resample_confirm] epoch  33/40  train 0.605  val 0.975  acc 0.842  macro-F1 0.7611  4s
  [cnn_resample_confirm] epoch  34/40  train 0.600  val 0.972  acc 0.840  macro-F1 0.7525  4s
  [cnn_resample_confirm] epoch  35/40  train 0.596  val 0.959  acc 0.843  macro-F1 0.7565  4s
  [cnn_resample_confirm] epoch  36/40  train 0.594  val 0.962  acc 0.842  macro-F1 0.7603  4s
  [cnn_resample_confirm] epoch  37/40  train 0.590  val 0.963  acc 0.842  macro-F1 0.7562  4s
  [cnn_resample_confirm] epoch  38/40  train 0.593  val 0.955  acc 0.844  macro-F1 0.7612  4s
  [cnn_resample_confirm] epoch  39/40  train 0.588  val 0.958  acc 0.841  macro-F1 0.7499  4s
  [cnn_resample_confirm] epoch  40/40  train 0.588  val 0.959  acc 0.842  macro-F1 0.7483  4s
  [cnn_resample_confirm] best macro-F1 0.7612 at epoch 38 (160s total)

=== resnet_reweight confirmation: {'lr': 0.0001, 'weight_decay': 0.0001} at 40 epochs ===
  [resnet_reweight_confirm] epoch   1/40  train 4.828  val 3.814  acc 0.022  macro-F1 0.0129  20s
  [resnet_reweight_confirm] epoch   2/40  train 4.507  val 3.511  acc 0.028  macro-F1 0.0180  20s
  [resnet_reweight_confirm] epoch   3/40  train 4.192  val 3.577  acc 0.023  macro-F1 0.0305  20s
  [resnet_reweight_confirm] epoch   4/40  train 3.982  val 3.115  acc 0.210  macro-F1 0.0809  20s
  [resnet_reweight_confirm] epoch   5/40  train 3.733  val 3.008  acc 0.164  macro-F1 0.0893  20s
  [resnet_reweight_confirm] epoch   6/40  train 3.570  val 2.850  acc 0.267  macro-F1 0.1302  20s
  [resnet_reweight_confirm] epoch   7/40  train 3.378  val 2.947  acc 0.155  macro-F1 0.0782  20s
  [resnet_reweight_confirm] epoch   8/40  train 3.186  val 2.748  acc 0.198  macro-F1 0.1447  20s
  [resnet_reweight_confirm] epoch   9/40  train 3.007  val 2.663  acc 0.239  macro-F1 0.1373  20s
  [resnet_reweight_confirm] epoch  10/40  train 2.851  val 2.343  acc 0.323  macro-F1 0.2203  20s
  [resnet_reweight_confirm] epoch  11/40  train 2.709  val 2.270  acc 0.362  macro-F1 0.2285  20s
  [resnet_reweight_confirm] epoch  12/40  train 2.601  val 2.162  acc 0.373  macro-F1 0.2684  20s
  [resnet_reweight_confirm] epoch  13/40  train 2.549  val 2.162  acc 0.376  macro-F1 0.2632  20s
  [resnet_reweight_confirm] epoch  14/40  train 2.386  val 2.018  acc 0.405  macro-F1 0.3183  20s
  [resnet_reweight_confirm] epoch  15/40  train 2.343  val 2.142  acc 0.398  macro-F1 0.2783  20s
  [resnet_reweight_confirm] epoch  16/40  train 2.230  val 1.909  acc 0.453  macro-F1 0.3157  20s
  [resnet_reweight_confirm] epoch  17/40  train 2.152  val 1.916  acc 0.395  macro-F1 0.2998  20s
  [resnet_reweight_confirm] epoch  18/40  train 2.046  val 1.842  acc 0.475  macro-F1 0.3551  20s
  [resnet_reweight_confirm] epoch  19/40  train 1.991  val 2.054  acc 0.395  macro-F1 0.3358  20s
  [resnet_reweight_confirm] epoch  20/40  train 1.913  val 1.801  acc 0.449  macro-F1 0.3483  20s
  [resnet_reweight_confirm] epoch  21/40  train 1.789  val 1.730  acc 0.481  macro-F1 0.3833  20s
  [resnet_reweight_confirm] epoch  22/40  train 1.814  val 1.722  acc 0.444  macro-F1 0.3776  20s
  [resnet_reweight_confirm] epoch  23/40  train 1.746  val 1.686  acc 0.462  macro-F1 0.3551  20s
  [resnet_reweight_confirm] epoch  24/40  train 1.677  val 1.669  acc 0.477  macro-F1 0.3941  20s
  [resnet_reweight_confirm] epoch  25/40  train 1.575  val 1.576  acc 0.531  macro-F1 0.4178  20s
  [resnet_reweight_confirm] epoch  26/40  train 1.531  val 1.564  acc 0.533  macro-F1 0.4658  20s
  [resnet_reweight_confirm] epoch  27/40  train 1.483  val 1.571  acc 0.550  macro-F1 0.4378  20s
  [resnet_reweight_confirm] epoch  28/40  train 1.444  val 1.506  acc 0.569  macro-F1 0.4433  20s
  [resnet_reweight_confirm] epoch  29/40  train 1.383  val 1.470  acc 0.566  macro-F1 0.4757  20s
  [resnet_reweight_confirm] epoch  30/40  train 1.349  val 1.463  acc 0.579  macro-F1 0.4712  20s
  [resnet_reweight_confirm] epoch  31/40  train 1.318  val 1.456  acc 0.579  macro-F1 0.4879  20s
  [resnet_reweight_confirm] epoch  32/40  train 1.319  val 1.438  acc 0.595  macro-F1 0.5024  20s
  [resnet_reweight_confirm] epoch  33/40  train 1.266  val 1.411  acc 0.605  macro-F1 0.5100  20s
  [resnet_reweight_confirm] epoch  34/40  train 1.250  val 1.407  acc 0.607  macro-F1 0.5141  20s
  [resnet_reweight_confirm] epoch  35/40  train 1.247  val 1.386  acc 0.624  macro-F1 0.5189  20s
  [resnet_reweight_confirm] epoch  36/40  train 1.222  val 1.384  acc 0.626  macro-F1 0.5210  20s
  [resnet_reweight_confirm] epoch  37/40  train 1.221  val 1.386  acc 0.629  macro-F1 0.5243  20s
  [resnet_reweight_confirm] epoch  38/40  train 1.206  val 1.381  acc 0.628  macro-F1 0.5240  20s
  [resnet_reweight_confirm] epoch  39/40  train 1.206  val 1.379  acc 0.627  macro-F1 0.5265  20s
  [resnet_reweight_confirm] epoch  40/40  train 1.197  val 1.380  acc 0.628  macro-F1 0.5213  20s
  [resnet_reweight_confirm] best macro-F1 0.5265 at epoch 39 (785s total)

=== resnet_resample confirmation: {'lr': 0.001, 'weight_decay': 0.0001} at 40 epochs ===
  [resnet_resample_confirm] epoch   1/40  train 3.106  val 2.921  acc 0.262  macro-F1 0.2059  20s
  [resnet_resample_confirm] epoch   2/40  train 1.821  val 2.441  acc 0.390  macro-F1 0.3021  20s
  [resnet_resample_confirm] epoch   3/40  train 1.432  val 2.080  acc 0.466  macro-F1 0.4277  20s
  [resnet_resample_confirm] epoch   4/40  train 1.167  val 1.689  acc 0.582  macro-F1 0.5175  20s
  [resnet_resample_confirm] epoch   5/40  train 1.050  val 1.622  acc 0.627  macro-F1 0.5034  20s
  [resnet_resample_confirm] epoch   6/40  train 0.967  val 1.391  acc 0.689  macro-F1 0.6141  20s
  [resnet_resample_confirm] epoch   7/40  train 0.902  val 1.491  acc 0.671  macro-F1 0.5988  20s
  [resnet_resample_confirm] epoch   8/40  train 0.854  val 1.382  acc 0.704  macro-F1 0.6082  20s
  [resnet_resample_confirm] epoch   9/40  train 0.819  val 1.296  acc 0.726  macro-F1 0.6210  20s
  [resnet_resample_confirm] epoch  10/40  train 0.792  val 1.441  acc 0.680  macro-F1 0.6303  20s
  [resnet_resample_confirm] epoch  11/40  train 0.749  val 1.197  acc 0.752  macro-F1 0.6429  20s
  [resnet_resample_confirm] epoch  12/40  train 0.728  val 1.263  acc 0.727  macro-F1 0.6622  20s
  [resnet_resample_confirm] epoch  13/40  train 0.709  val 1.248  acc 0.741  macro-F1 0.6739  20s
  [resnet_resample_confirm] epoch  14/40  train 0.682  val 1.122  acc 0.786  macro-F1 0.6781  20s
  [resnet_resample_confirm] epoch  15/40  train 0.669  val 1.205  acc 0.755  macro-F1 0.7163  20s
  [resnet_resample_confirm] epoch  16/40  train 0.665  val 1.122  acc 0.775  macro-F1 0.6894  20s
  [resnet_resample_confirm] epoch  17/40  train 0.641  val 1.086  acc 0.785  macro-F1 0.7102  20s
  [resnet_resample_confirm] epoch  18/40  train 0.624  val 1.036  acc 0.810  macro-F1 0.7231  20s
  [resnet_resample_confirm] epoch  19/40  train 0.618  val 1.107  acc 0.790  macro-F1 0.7221  20s
  [resnet_resample_confirm] epoch  20/40  train 0.606  val 1.029  acc 0.812  macro-F1 0.7110  20s
  [resnet_resample_confirm] epoch  21/40  train 0.602  val 0.989  acc 0.824  macro-F1 0.7242  20s
  [resnet_resample_confirm] epoch  22/40  train 0.582  val 0.992  acc 0.814  macro-F1 0.7105  20s
  [resnet_resample_confirm] epoch  23/40  train 0.575  val 0.985  acc 0.822  macro-F1 0.7461  20s
  [resnet_resample_confirm] epoch  24/40  train 0.566  val 0.988  acc 0.820  macro-F1 0.7364  20s
  [resnet_resample_confirm] epoch  25/40  train 0.560  val 0.930  acc 0.843  macro-F1 0.7416  20s
  [resnet_resample_confirm] epoch  26/40  train 0.550  val 0.962  acc 0.830  macro-F1 0.7308  20s
  [resnet_resample_confirm] epoch  27/40  train 0.548  val 0.960  acc 0.830  macro-F1 0.7355  20s
  [resnet_resample_confirm] epoch  28/40  train 0.538  val 0.939  acc 0.843  macro-F1 0.7621  20s
  [resnet_resample_confirm] epoch  29/40  train 0.528  val 0.936  acc 0.840  macro-F1 0.7561  20s
  [resnet_resample_confirm] epoch  30/40  train 0.526  val 0.900  acc 0.854  macro-F1 0.7634  20s
  [resnet_resample_confirm] epoch  31/40  train 0.521  val 0.909  acc 0.853  macro-F1 0.7476  20s
  [resnet_resample_confirm] epoch  32/40  train 0.515  val 0.887  acc 0.856  macro-F1 0.7546  20s
  [resnet_resample_confirm] epoch  33/40  train 0.511  val 0.888  acc 0.861  macro-F1 0.7701  20s
  [resnet_resample_confirm] epoch  34/40  train 0.511  val 0.884  acc 0.859  macro-F1 0.7622  20s
  [resnet_resample_confirm] epoch  35/40  train 0.506  val 0.874  acc 0.862  macro-F1 0.7614  20s
  [resnet_resample_confirm] epoch  36/40  train 0.504  val 0.873  acc 0.864  macro-F1 0.7700  20s
  [resnet_resample_confirm] epoch  37/40  train 0.500  val 0.868  acc 0.865  macro-F1 0.7719  20s
  [resnet_resample_confirm] epoch  38/40  train 0.502  val 0.866  acc 0.864  macro-F1 0.7731  20s
  [resnet_resample_confirm] epoch  39/40  train 0.500  val 0.870  acc 0.863  macro-F1 0.7733  20s
  [resnet_resample_confirm] epoch  40/40  train 0.500  val 0.867  acc 0.865  macro-F1 0.7765  20s
  [resnet_resample_confirm] best macro-F1 0.7765 at epoch 40 (785s total)
                 candidate   family    regime                                  config  epochs  macro_f1  accuracy  weighted_f1              arm
0                hog_svm_2  hog_svm      None                             {'C': 0.03}     NaN  0.672301  0.801486     0.805877          hog_svm
1           hog_svm_offset  hog_svm      None                             {'C': 0.03}     NaN  0.672301  0.801486     0.805877   hog_svm_offset
2     cnn_reweight_confirm      cnn  reweight  {'lr': 0.0003, 'weight_decay': 0.0001}    39.0  0.532597  0.641618     0.666949     cnn_reweight
3     cnn_resample_confirm      cnn  resample    {'lr': 0.001, 'weight_decay': 0.001}    38.0  0.761203  0.844096     0.848320     cnn_resample
4  resnet_reweight_confirm   resnet  reweight  {'lr': 0.0001, 'weight_decay': 0.0001}    39.0  0.526508  0.627250     0.655639  resnet_reweight
5  resnet_resample_confirm   resnet  resample   {'lr': 0.001, 'weight_decay': 0.0001}    40.0  0.776466  0.864905     0.865821  resnet_resample
Selected arm: resnet_resample
           hog_svm: {'config': {'C': 0.03}, 'epochs': None, 'regime': None}
    hog_svm_offset: {'config': {'C': 0.03}, 'epochs': None, 'regime': None}
      cnn_reweight: {'config': {'lr': 0.0003, 'weight_decay': 0.0001}, 'epochs': 39, 'regime': 'reweight'}
      cnn_resample: {'config': {'lr': 0.001, 'weight_decay': 0.001}, 'epochs': 38, 'regime': 'resample'}
   resnet_reweight: {'config': {'lr': 0.0001, 'weight_decay': 0.0001}, 'epochs': 39, 'regime': 'reweight'}
   resnet_resample: {'config': {'lr': 0.001, 'weight_decay': 0.0001}, 'epochs': 40, 'regime': 'resample'}
  refit: 10,000 / 30,278
  refit: 20,000 / 30,278
  refit: 30,000 / 30,278
refit: 30,278 images in 62s (436 MB)
Refit mean: [0.8492 0.8325 0.8267] | std: [0.2719 0.2832 0.2869]
Refitting on 30,278 rows (+25% against the search runs)

=== refit hog_svm: {'C': 0.03} ===
refit HOG: 30,278 x 1944 features in 25s (235 MB, parallel)
  saved -> models/task1/final/hog_svm_final.joblib (1.9 MB, 289s to fit)

=== refit hog_svm_offset: reuses hog_svm, tau=0.0 ===

=== refit cnn_reweight: {'lr': 0.0003, 'weight_decay': 0.0001} ===
  [cnn_reweight refit] 1/39 loss=4.7377 5s
  [cnn_reweight refit] 2/39 loss=4.4272 5s
  [cnn_reweight refit] 3/39 loss=4.1355 5s
  [cnn_reweight refit] 4/39 loss=3.8716 5s
  [cnn_reweight refit] 5/39 loss=3.5922 5s
  [cnn_reweight refit] 6/39 loss=3.4316 5s
  [cnn_reweight refit] 7/39 loss=3.1649 5s
  [cnn_reweight refit] 8/39 loss=3.0102 5s
  [cnn_reweight refit] 9/39 loss=2.8992 5s
  [cnn_reweight refit] 10/39 loss=2.7535 5s
  [cnn_reweight refit] 11/39 loss=2.6079 5s
  [cnn_reweight refit] 12/39 loss=2.4601 5s
  [cnn_reweight refit] 13/39 loss=2.3618 5s
  [cnn_reweight refit] 14/39 loss=2.2630 5s
  [cnn_reweight refit] 15/39 loss=2.1510 5s
  [cnn_reweight refit] 16/39 loss=2.1060 5s
  [cnn_reweight refit] 17/39 loss=2.0243 5s
  [cnn_reweight refit] 18/39 loss=1.9734 5s
  [cnn_reweight refit] 19/39 loss=1.8759 5s
  [cnn_reweight refit] 20/39 loss=1.8119 5s
  [cnn_reweight refit] 21/39 loss=1.7551 5s
  [cnn_reweight refit] 22/39 loss=1.7111 5s
  [cnn_reweight refit] 23/39 loss=1.6117 5s
  [cnn_reweight refit] 24/39 loss=1.5819 5s
  [cnn_reweight refit] 25/39 loss=1.5546 5s
  [cnn_reweight refit] 26/39 loss=1.5086 5s
  [cnn_reweight refit] 27/39 loss=1.4624 5s
  [cnn_reweight refit] 28/39 loss=1.4362 5s
  [cnn_reweight refit] 29/39 loss=1.4137 5s
  [cnn_reweight refit] 30/39 loss=1.3869 5s
  [cnn_reweight refit] 31/39 loss=1.3575 5s
  [cnn_reweight refit] 32/39 loss=1.3561 5s
  [cnn_reweight refit] 33/39 loss=1.3243 5s
  [cnn_reweight refit] 34/39 loss=1.3145 5s
  [cnn_reweight refit] 35/39 loss=1.2858 5s
  [cnn_reweight refit] 36/39 loss=1.2863 5s
  [cnn_reweight refit] 37/39 loss=1.2844 5s
  [cnn_reweight refit] 38/39 loss=1.2717 5s
  [cnn_reweight refit] 39/39 loss=1.2682 5s
  saved -> models/task1/final/cnn_reweight_final.pt (4.8 MB, 184s to fit)

=== refit cnn_resample: {'lr': 0.001, 'weight_decay': 0.001} ===
  [cnn_resample refit] 1/38 loss=3.4903 5s
  [cnn_resample refit] 2/38 loss=2.0193 5s
  [cnn_resample refit] 3/38 loss=1.4828 5s
  [cnn_resample refit] 4/38 loss=1.2180 5s
  [cnn_resample refit] 5/38 loss=1.0797 5s
  [cnn_resample refit] 6/38 loss=1.0020 5s
  [cnn_resample refit] 7/38 loss=0.9455 5s
  [cnn_resample refit] 8/38 loss=0.9083 5s
  [cnn_resample refit] 9/38 loss=0.8671 5s
  [cnn_resample refit] 10/38 loss=0.8295 5s
  [cnn_resample refit] 11/38 loss=0.8128 5s
  [cnn_resample refit] 12/38 loss=0.7979 5s
  [cnn_resample refit] 13/38 loss=0.7792 5s
  [cnn_resample refit] 14/38 loss=0.7601 5s
  [cnn_resample refit] 15/38 loss=0.7455 5s
  [cnn_resample refit] 16/38 loss=0.7342 5s
  [cnn_resample refit] 17/38 loss=0.7151 5s
  [cnn_resample refit] 18/38 loss=0.7036 5s
  [cnn_resample refit] 19/38 loss=0.6936 5s
  [cnn_resample refit] 20/38 loss=0.6861 5s
  [cnn_resample refit] 21/38 loss=0.6704 5s
  [cnn_resample refit] 22/38 loss=0.6616 5s
  [cnn_resample refit] 23/38 loss=0.6561 5s
  [cnn_resample refit] 24/38 loss=0.6498 5s
  [cnn_resample refit] 25/38 loss=0.6375 5s
  [cnn_resample refit] 26/38 loss=0.6301 5s
  [cnn_resample refit] 27/38 loss=0.6270 5s
  [cnn_resample refit] 28/38 loss=0.6169 5s
  [cnn_resample refit] 29/38 loss=0.6097 5s
  [cnn_resample refit] 30/38 loss=0.6042 5s
  [cnn_resample refit] 31/38 loss=0.6042 5s
  [cnn_resample refit] 32/38 loss=0.5997 5s
  [cnn_resample refit] 33/38 loss=0.5927 5s
  [cnn_resample refit] 34/38 loss=0.5877 5s
  [cnn_resample refit] 35/38 loss=0.5889 5s
  [cnn_resample refit] 36/38 loss=0.5839 5s
  [cnn_resample refit] 37/38 loss=0.5848 5s
  [cnn_resample refit] 38/38 loss=0.5790 5s
  saved -> models/task1/final/cnn_resample_final.pt (4.8 MB, 179s to fit)

=== refit resnet_reweight: {'lr': 0.0001, 'weight_decay': 0.0001} ===
  [resnet_reweight refit] 1/39 loss=4.8260 23s
  [resnet_reweight refit] 2/39 loss=4.5091 23s
  [resnet_reweight refit] 3/39 loss=4.2088 23s
  [resnet_reweight refit] 4/39 loss=3.9020 23s
  [resnet_reweight refit] 5/39 loss=3.6815 23s
  [resnet_reweight refit] 6/39 loss=3.5217 23s
  [resnet_reweight refit] 7/39 loss=3.2233 23s
  [resnet_reweight refit] 8/39 loss=3.0920 23s
  [resnet_reweight refit] 9/39 loss=2.9225 23s
  [resnet_reweight refit] 10/39 loss=2.7568 23s
  [resnet_reweight refit] 11/39 loss=2.5761 23s
  [resnet_reweight refit] 12/39 loss=2.5127 23s
  [resnet_reweight refit] 13/39 loss=2.3607 23s
  [resnet_reweight refit] 14/39 loss=2.2684 23s
  [resnet_reweight refit] 15/39 loss=2.1851 23s
  [resnet_reweight refit] 16/39 loss=2.0883 23s
  [resnet_reweight refit] 17/39 loss=1.9762 23s
  [resnet_reweight refit] 18/39 loss=1.9092 23s
  [resnet_reweight refit] 19/39 loss=1.8342 23s
  [resnet_reweight refit] 20/39 loss=1.7644 23s
  [resnet_reweight refit] 21/39 loss=1.6867 23s
  [resnet_reweight refit] 22/39 loss=1.6800 23s
  [resnet_reweight refit] 23/39 loss=1.5717 23s
  [resnet_reweight refit] 24/39 loss=1.5202 23s
  [resnet_reweight refit] 25/39 loss=1.4454 23s
  [resnet_reweight refit] 26/39 loss=1.4237 23s
  [resnet_reweight refit] 27/39 loss=1.3748 23s
  [resnet_reweight refit] 28/39 loss=1.3228 23s
  [resnet_reweight refit] 29/39 loss=1.2938 23s
  [resnet_reweight refit] 30/39 loss=1.2454 23s
  [resnet_reweight refit] 31/39 loss=1.2159 23s
  [resnet_reweight refit] 32/39 loss=1.1925 23s
  [resnet_reweight refit] 33/39 loss=1.1636 23s
  [resnet_reweight refit] 34/39 loss=1.1597 23s
  [resnet_reweight refit] 35/39 loss=1.1325 23s
  [resnet_reweight refit] 36/39 loss=1.1334 23s
  [resnet_reweight refit] 37/39 loss=1.1205 23s
  [resnet_reweight refit] 38/39 loss=1.1085 23s
  [resnet_reweight refit] 39/39 loss=1.1092 23s
  saved -> models/task1/final/resnet_reweight_final.pt (45.0 MB, 889s to fit)

=== refit resnet_resample: {'lr': 0.001, 'weight_decay': 0.0001} ===
  [resnet_resample refit] 1/40 loss=2.9122 23s
  [resnet_resample refit] 2/40 loss=1.6846 23s
  [resnet_resample refit] 3/40 loss=1.3482 23s
  [resnet_resample refit] 4/40 loss=1.1248 23s
  [resnet_resample refit] 5/40 loss=1.0016 23s
  [resnet_resample refit] 6/40 loss=0.9208 23s
  [resnet_resample refit] 7/40 loss=0.8657 23s
  [resnet_resample refit] 8/40 loss=0.8261 23s
  [resnet_resample refit] 9/40 loss=0.7809 23s
  [resnet_resample refit] 10/40 loss=0.7478 23s
  [resnet_resample refit] 11/40 loss=0.7250 23s
  [resnet_resample refit] 12/40 loss=0.7156 23s
  [resnet_resample refit] 13/40 loss=0.6908 23s
  [resnet_resample refit] 14/40 loss=0.6737 23s
  [resnet_resample refit] 15/40 loss=0.6527 23s
  [resnet_resample refit] 16/40 loss=0.6442 23s
  [resnet_resample refit] 17/40 loss=0.6227 23s
  [resnet_resample refit] 18/40 loss=0.6155 23s
  [resnet_resample refit] 19/40 loss=0.6023 23s
  [resnet_resample refit] 20/40 loss=0.5942 23s
  [resnet_resample refit] 21/40 loss=0.5835 23s
  [resnet_resample refit] 22/40 loss=0.5712 23s
  [resnet_resample refit] 23/40 loss=0.5644 23s
  [resnet_resample refit] 24/40 loss=0.5595 23s
  [resnet_resample refit] 25/40 loss=0.5474 23s
  [resnet_resample refit] 26/40 loss=0.5418 23s
  [resnet_resample refit] 27/40 loss=0.5383 23s
  [resnet_resample refit] 28/40 loss=0.5273 23s
  [resnet_resample refit] 29/40 loss=0.5232 23s
  [resnet_resample refit] 30/40 loss=0.5165 23s
  [resnet_resample refit] 31/40 loss=0.5128 23s
  [resnet_resample refit] 32/40 loss=0.5105 23s
  [resnet_resample refit] 33/40 loss=0.5052 23s
  [resnet_resample refit] 34/40 loss=0.5023 23s
  [resnet_resample refit] 35/40 loss=0.5015 23s
  [resnet_resample refit] 36/40 loss=0.4984 23s
  [resnet_resample refit] 37/40 loss=0.4971 23s
  [resnet_resample refit] 38/40 loss=0.4934 23s
  [resnet_resample refit] 39/40 loss=0.4935 23s
  [resnet_resample refit] 40/40 loss=0.4938 23s
  saved -> models/task1/final/resnet_resample_final.pt (45.0 MB, 910s to fit)
CPU allocation restored: 4 available cores
reporting: 7,568 images in 52s (109 MB)
reporting HOG: 7,568 x 1944 features in 6s (59 MB, parallel)
           hog_svm: macro-F1 0.6345  accuracy 0.7992  (5.9s)
    hog_svm_offset: macro-F1 0.6345  accuracy 0.7992  (5.9s)
      cnn_reweight: macro-F1 0.5453  accuracy 0.6576  (0.8s)
      cnn_resample: macro-F1 0.7447  accuracy 0.8556  (0.5s)
   resnet_reweight: macro-F1 0.5525  accuracy 0.6617  (4.2s)
   resnet_resample: macro-F1 0.7654  accuracy 0.8735  (3.1s)
reference_majority: macro-F1 0.0027  accuracy 0.1740
  reference_random: macro-F1 0.0091  accuracy 0.0529

control: hog_svm macro-F1 0.6345 -- unaffected by the sampling regime by construction
                model      split  rows  selected  macro_f1  accuracy  weighted_f1  prediction_seconds  train_seconds  model_bytes  head (>=1000)  \
0             hog_svm  reporting  7568     False  0.634527  0.799154     0.801804            5.906891     289.235671    1932894.0       0.810308   
1      hog_svm_offset  reporting  7568     False  0.634527  0.799154     0.801804            5.897767       0.000000    1932894.0       0.810308   
2        cnn_reweight  reporting  7568     False  0.545296  0.657637     0.681442            0.842149     183.543586    4848693.0       0.672823   
3        cnn_resample  reporting  7568     False  0.744739  0.855576     0.859026            0.476894     179.063975    4848693.0       0.870807   
4     resnet_reweight  reporting  7568     False  0.552453  0.661734     0.687509            4.245385     889.260709   45013451.0       0.680434   
5     resnet_resample  reporting  7568      True  0.765383  0.873547     0.874120            3.149672     909.863297   45013451.0       0.882318   
6  reference_majority  reporting  7568     False  0.002695  0.174022     0.051590                 NaN            NaN          NaN       0.037057   
7    reference_random  reporting  7568     False  0.009063  0.052854     0.052845                 NaN            NaN          NaN       0.061890   

   body (100-999)  tail (10-99)  rare (<10)   family    regime  
0        0.738850      0.608982    0.462018  hog_svm      None  
1        0.738850      0.608982    0.462018  hog_svm      None  
2        0.634233      0.510848    0.435693      cnn  reweight  
3        0.815531      0.761299    0.547619      cnn  resample  
4        0.648726      0.514733    0.438631   resnet  reweight  
5        0.838570      0.774182    0.585714   resnet  resample  
6        0.000000      0.000000    0.000000      NaN       NaN  
7        0.011839      0.002315    0.000000      NaN       NaN  
resnet_resample - hog_svm: [+0.1000, +0.1507]  (excludes zero)
resnet_resample - hog_svm_offset: [+0.1000, +0.1507]  (excludes zero)
resnet_resample - cnn_reweight: [+0.1885, +0.2336]  (excludes zero)
resnet_resample - cnn_resample: [-0.0020, +0.0393]  (includes zero)
resnet_resample - resnet_reweight: [+0.1818, +0.2276]  (excludes zero)
957 errors out of 7,568 (12.6%)
                 macro_f1  size (MB)  fit (min)  inference (ms/image) device
model                                                                       
hog_svm             0.635      1.933      4.821                 0.781    CPU
hog_svm_offset      0.635      1.933      0.000                 0.779    CPU
cnn_reweight        0.545      4.849      3.059                 0.111   CUDA
cnn_resample        0.745      4.849      2.984                 0.063   CUDA
resnet_reweight     0.552     45.013     14.821                 0.561   CUDA
resnet_resample     0.765     45.013     15.164                 0.416   CUDA
Selected model: 45.0 MB, 0.42 ms/image on CUDA
test: 5,829 images in 34s (84 MB)
5,829 predictions covering 97 distinct article types
      id  gender   articleType  season  usage
0  52003     NaN       Watches     NaN    NaN
1  52007     NaN       Dresses     NaN    NaN
2  52017     NaN  Lounge Pants     NaN    NaN
3  52021     NaN        Briefs     NaN    NaN
4  52023     NaN       Tshirts     NaN    NaN
articleType
Perfume and Body Mist    462
Handbags                 341
Watches                  320
Sarees                   287
Kurtas                   281
Tshirts                  239
Tops                     238
Dresses                  222
Name: predicted, dtype: int64
Selected: resnet (resnet_resample_final.pt)
Input digest: 5bc3bb885bd8 over 37,846 rows
Manifest records 55 files under models/task1
    deployment.json
    figures/fig01_class_distribution.png
    figures/fig02_augmentation_preview.png
    figures/fig03_confirmation_curves.png
    figures/fig04_reporting_comparison.png
    figures/fig05_top_confusions.png
    figures/fig06_svm_offset_tau.png
    final/cnn_resample_final.pt
    final/cnn_reweight_final.pt
    final/hog_svm_final.joblib
    final/resnet_resample_final.pt
    final/resnet_reweight_final.pt
    predictions/reporting_all_models.csv
    predictions/task1_predictions.csv
    selection.json
    tables/history_cnn_resample_confirm.csv
    tables/history_cnn_resample_search_0.csv
    tables/history_cnn_resample_search_1.csv
    tables/history_cnn_resample_search_2.csv
    tables/history_cnn_resample_search_3.csv
    tables/history_cnn_resample_search_4.csv
    tables/history_cnn_resample_search_5.csv
    tables/history_cnn_reweight_confirm.csv
    tables/history_cnn_reweight_search_0.csv
    tables/history_cnn_reweight_search_1.csv
    tables/history_cnn_reweight_search_2.csv
    tables/history_cnn_reweight_search_3.csv
    tables/history_cnn_reweight_search_4.csv
    tables/history_cnn_reweight_search_5.csv
    tables/history_resnet_resample_confirm.csv
    tables/history_resnet_resample_search_0.csv
    tables/history_resnet_resample_search_1.csv
    tables/history_resnet_resample_search_2.csv
    tables/history_resnet_resample_search_3.csv
    tables/history_resnet_resample_search_4.csv
    tables/history_resnet_resample_search_5.csv
    tables/history_resnet_reweight_confirm.csv
    tables/history_resnet_reweight_search_0.csv
    tables/history_resnet_reweight_search_1.csv
    tables/history_resnet_reweight_search_2.csv
    tables/history_resnet_reweight_search_3.csv
    tables/history_resnet_reweight_search_4.csv
    tables/history_resnet_reweight_search_5.csv
    tables/paired_holdout_intervals.csv
    tables/refit_cnn_resample.csv
    tables/refit_cnn_reweight.csv
    tables/refit_resnet_resample.csv
    tables/refit_resnet_reweight.csv
    tables/search_all_models.csv
    tables/selection_candidates.csv
    tables/split_fit.csv
    tables/split_reporting.csv
    tables/split_tuning.csv
    tables/svm_offset_tau.csv
    tables/task1_results.csv
RUN_SOTA=True  finetune=True  epochs=5  token=not set
loading siglip2 ...
Warning: You are sending unauthenticated requests to the HF Hub. Please set a HF_TOKEN to enable higher rate limits and faster downloads.
The image processor of type `SiglipImageProcessor` is now loaded as a fast processor by default, even if the model checkpoint was saved with a slow processor. This is a breaking change and may produce slightly different outputs. To continue using the slow processor, instantiate this class with `use_fast=False`. 

Loading weights:   0%|          | 0/408 [00:00<?, ?it/s]
Loading weights:   0%|          | 1/408 [00:00<00:00, 11125.47it/s, Materializing param=logit_bias]
Loading weights:   0%|          | 1/408 [00:00<00:00, 4728.64it/s, Materializing param=logit_bias] 
Loading weights:   0%|          | 2/408 [00:00<00:00, 4426.71it/s, Materializing param=logit_scale]
Loading weights:   0%|          | 2/408 [00:00<00:00, 3523.14it/s, Materializing param=logit_scale]
Loading weights:   1%|          | 3/408 [00:00<00:00, 3365.31it/s, Materializing param=text_model.embeddings.position_embedding.weight]
Loading weights:   1%|          | 3/408 [00:00<00:00, 2963.47it/s, Materializing param=text_model.embeddings.position_embedding.weight]
Loading weights:   1%|          | 4/408 [00:00<00:00, 2172.09it/s, Materializing param=text_model.embeddings.token_embedding.weight]   
Loading weights:   1%|          | 4/408 [00:00<00:00, 2077.93it/s, Materializing param=text_model.embeddings.token_embedding.weight]
Loading weights:   1%|          | 5/408 [00:00<00:00, 2360.33it/s, Materializing param=text_model.encoder.layers.0.layer_norm1.bias]
Loading weights:   1%|          | 5/408 [00:00<00:00, 2235.53it/s, Materializing param=text_model.encoder.layers.0.layer_norm1.bias]
Loading weights:   1%|▏         | 6/408 [00:00<00:00, 2378.62it/s, Materializing param=text_model.encoder.layers.0.layer_norm1.weight]
Loading weights:   1%|▏         | 6/408 [00:00<00:00, 2241.74it/s, Materializing param=text_model.encoder.layers.0.layer_norm1.weight]
Loading weights:   2%|▏         | 7/408 [00:00<00:00, 2366.03it/s, Materializing param=text_model.encoder.layers.0.layer_norm2.bias]  
Loading weights:   2%|▏         | 7/408 [00:00<00:00, 2281.28it/s, Materializing param=text_model.encoder.layers.0.layer_norm2.bias]
Loading weights:   2%|▏         | 8/408 [00:00<00:00, 2350.74it/s, Materializing param=text_model.encoder.layers.0.layer_norm2.weight]
Loading weights:   2%|▏         | 8/408 [00:00<00:00, 2261.23it/s, Materializing param=text_model.encoder.layers.0.layer_norm2.weight]
Loading weights:   2%|▏         | 9/408 [00:00<00:00, 1864.69it/s, Materializing param=text_model.encoder.layers.0.mlp.fc1.bias]      
Loading weights:   2%|▏         | 9/408 [00:00<00:00, 1768.34it/s, Materializing param=text_model.encoder.layers.0.mlp.fc1.bias]
Loading weights:   2%|▏         | 10/408 [00:00<00:00, 1610.78it/s, Materializing param=text_model.encoder.layers.0.mlp.fc1.weight]
Loading weights:   2%|▏         | 10/408 [00:00<00:00, 1580.67it/s, Materializing param=text_model.encoder.layers.0.mlp.fc1.weight]
Loading weights:   3%|▎         | 11/408 [00:00<00:00, 1531.12it/s, Materializing param=text_model.encoder.layers.0.mlp.fc2.bias]  
Loading weights:   3%|▎         | 11/408 [00:00<00:00, 1500.01it/s, Materializing param=text_model.encoder.layers.0.mlp.fc2.bias]
Loading weights:   3%|▎         | 12/408 [00:00<00:00, 1510.74it/s, Materializing param=text_model.encoder.layers.0.mlp.fc2.weight]
Loading weights:   3%|▎         | 12/408 [00:00<00:00, 1472.68it/s, Materializing param=text_model.encoder.layers.0.mlp.fc2.weight]
Loading weights:   3%|▎         | 13/408 [00:00<00:00, 1531.33it/s, Materializing param=text_model.encoder.layers.0.self_attn.k_proj.bias]
Loading weights:   3%|▎         | 13/408 [00:00<00:00, 1392.18it/s, Materializing param=text_model.encoder.layers.0.self_attn.k_proj.bias]
Loading weights:   3%|▎         | 14/408 [00:00<00:00, 1399.03it/s, Materializing param=text_model.encoder.layers.0.self_attn.k_proj.weight]
Loading weights:   3%|▎         | 14/408 [00:00<00:00, 1381.00it/s, Materializing param=text_model.encoder.layers.0.self_attn.k_proj.weight]
Loading weights:   4%|▎         | 15/408 [00:00<00:00, 1443.62it/s, Materializing param=text_model.encoder.layers.0.self_attn.out_proj.bias]
Loading weights:   4%|▎         | 15/408 [00:00<00:00, 1422.76it/s, Materializing param=text_model.encoder.layers.0.self_attn.out_proj.bias]
Loading weights:   4%|▍         | 16/408 [00:00<00:00, 1391.84it/s, Materializing param=text_model.encoder.layers.0.self_attn.out_proj.weight]
Loading weights:   4%|▍         | 16/408 [00:00<00:00, 1373.58it/s, Materializing param=text_model.encoder.layers.0.self_attn.out_proj.weight]
Loading weights:   4%|▍         | 17/408 [00:00<00:00, 1316.02it/s, Materializing param=text_model.encoder.layers.0.self_attn.q_proj.bias]    
Loading weights:   4%|▍         | 17/408 [00:00<00:00, 1277.90it/s, Materializing param=text_model.encoder.layers.0.self_attn.q_proj.bias]
Loading weights:   4%|▍         | 18/408 [00:00<00:00, 1277.19it/s, Materializing param=text_model.encoder.layers.0.self_attn.q_proj.weight]
Loading weights:   4%|▍         | 18/408 [00:00<00:00, 1263.81it/s, Materializing param=text_model.encoder.layers.0.self_attn.q_proj.weight]
Loading weights:   5%|▍         | 19/408 [00:00<00:00, 1291.45it/s, Materializing param=text_model.encoder.layers.0.self_attn.v_proj.bias]  
Loading weights:   5%|▍         | 19/408 [00:00<00:00, 1278.26it/s, Materializing param=text_model.encoder.layers.0.self_attn.v_proj.bias]
Loading weights:   5%|▍         | 20/408 [00:00<00:00, 1178.19it/s, Materializing param=text_model.encoder.layers.0.self_attn.v_proj.weight]
Loading weights:   5%|▍         | 20/408 [00:00<00:00, 1169.55it/s, Materializing param=text_model.encoder.layers.0.self_attn.v_proj.weight]
Loading weights:   5%|▌         | 21/408 [00:00<00:00, 1166.67it/s, Materializing param=text_model.encoder.layers.1.layer_norm1.bias]       
Loading weights:   5%|▌         | 21/408 [00:00<00:00, 1134.27it/s, Materializing param=text_model.encoder.layers.1.layer_norm1.bias]
Loading weights:   5%|▌         | 22/408 [00:00<00:00, 1161.48it/s, Materializing param=text_model.encoder.layers.1.layer_norm1.weight]
Loading weights:   5%|▌         | 22/408 [00:00<00:00, 1146.81it/s, Materializing param=text_model.encoder.layers.1.layer_norm1.weight]
Loading weights:   6%|▌         | 23/408 [00:00<00:00, 1149.21it/s, Materializing param=text_model.encoder.layers.1.layer_norm2.bias]  
Loading weights:   6%|▌         | 23/408 [00:00<00:00, 1140.43it/s, Materializing param=text_model.encoder.layers.1.layer_norm2.bias]
Loading weights:   6%|▌         | 24/408 [00:00<00:00, 1153.59it/s, Materializing param=text_model.encoder.layers.1.layer_norm2.weight]
Loading weights:   6%|▌         | 24/408 [00:00<00:00, 1146.81it/s, Materializing param=text_model.encoder.layers.1.layer_norm2.weight]
Loading weights:   6%|▌         | 25/408 [00:00<00:00, 1156.95it/s, Materializing param=text_model.encoder.layers.1.mlp.fc1.bias]      
Loading weights:   6%|▌         | 25/408 [00:00<00:00, 1150.51it/s, Materializing param=text_model.encoder.layers.1.mlp.fc1.bias]
Loading weights:   6%|▋         | 26/408 [00:00<00:00, 1173.95it/s, Materializing param=text_model.encoder.layers.1.mlp.fc1.weight]
Loading weights:   6%|▋         | 26/408 [00:00<00:00, 1157.49it/s, Materializing param=text_model.encoder.layers.1.mlp.fc1.weight]
Loading weights:   7%|▋         | 27/408 [00:00<00:00, 1173.51it/s, Materializing param=text_model.encoder.layers.1.mlp.fc2.bias]  
Loading weights:   7%|▋         | 27/408 [00:00<00:00, 1166.62it/s, Materializing param=text_model.encoder.layers.1.mlp.fc2.bias]
Loading weights:   7%|▋         | 28/408 [00:00<00:00, 1194.95it/s, Materializing param=text_model.encoder.layers.1.mlp.fc2.weight]
Loading weights:   7%|▋         | 28/408 [00:00<00:00, 1188.54it/s, Materializing param=text_model.encoder.layers.1.mlp.fc2.weight]
Loading weights:   7%|▋         | 29/408 [00:00<00:00, 1206.99it/s, Materializing param=text_model.encoder.layers.1.self_attn.k_proj.bias]
Loading weights:   7%|▋         | 29/408 [00:00<00:00, 1201.03it/s, Materializing param=text_model.encoder.layers.1.self_attn.k_proj.bias]
Loading weights:   7%|▋         | 30/408 [00:00<00:00, 1187.02it/s, Materializing param=text_model.encoder.layers.1.self_attn.k_proj.weight]
Loading weights:   7%|▋         | 30/408 [00:00<00:00, 1181.26it/s, Materializing param=text_model.encoder.layers.1.self_attn.k_proj.weight]
Loading weights:   8%|▊         | 31/408 [00:00<00:00, 1205.87it/s, Materializing param=text_model.encoder.layers.1.self_attn.out_proj.bias]
Loading weights:   8%|▊         | 31/408 [00:00<00:00, 1200.54it/s, Materializing param=text_model.encoder.layers.1.self_attn.out_proj.bias]
Loading weights:   8%|▊         | 32/408 [00:00<00:00, 1218.49it/s, Materializing param=text_model.encoder.layers.1.self_attn.out_proj.weight]
Loading weights:   8%|▊         | 32/408 [00:00<00:00, 1213.32it/s, Materializing param=text_model.encoder.layers.1.self_attn.out_proj.weight]
Loading weights:   8%|▊         | 33/408 [00:00<00:00, 1239.34it/s, Materializing param=text_model.encoder.layers.1.self_attn.q_proj.bias]    
Loading weights:   8%|▊         | 33/408 [00:00<00:00, 1231.91it/s, Materializing param=text_model.encoder.layers.1.self_attn.q_proj.bias]
Loading weights:   8%|▊         | 34/408 [00:00<00:00, 1251.90it/s, Materializing param=text_model.encoder.layers.1.self_attn.q_proj.weight]
Loading weights:   8%|▊         | 34/408 [00:00<00:00, 1245.85it/s, Materializing param=text_model.encoder.layers.1.self_attn.q_proj.weight]
Loading weights:   9%|▊         | 35/408 [00:00<00:00, 1248.81it/s, Materializing param=text_model.encoder.layers.1.self_attn.v_proj.bias]  
Loading weights:   9%|▊         | 35/408 [00:00<00:00, 1242.13it/s, Materializing param=text_model.encoder.layers.1.self_attn.v_proj.bias]
Loading weights:   9%|▉         | 36/408 [00:00<00:00, 1260.32it/s, Materializing param=text_model.encoder.layers.1.self_attn.v_proj.weight]
Loading weights:   9%|▉         | 36/408 [00:00<00:00, 1220.12it/s, Materializing param=text_model.encoder.layers.1.self_attn.v_proj.weight]
Loading weights:   9%|▉         | 37/408 [00:00<00:00, 1192.00it/s, Materializing param=text_model.encoder.layers.2.layer_norm1.bias]       
Loading weights:   9%|▉         | 37/408 [00:00<00:00, 1187.52it/s, Materializing param=text_model.encoder.layers.2.layer_norm1.bias]
Loading weights:   9%|▉         | 38/408 [00:00<00:00, 1156.34it/s, Materializing param=text_model.encoder.layers.2.layer_norm1.weight]
Loading weights:   9%|▉         | 38/408 [00:00<00:00, 1151.41it/s, Materializing param=text_model.encoder.layers.2.layer_norm1.weight]
Loading weights:  10%|▉         | 39/408 [00:00<00:00, 1166.16it/s, Materializing param=text_model.encoder.layers.2.layer_norm2.bias]  
Loading weights:  10%|▉         | 39/408 [00:00<00:00, 1162.01it/s, Materializing param=text_model.encoder.layers.2.layer_norm2.bias]
Loading weights:  10%|▉         | 40/408 [00:00<00:00, 1176.73it/s, Materializing param=text_model.encoder.layers.2.layer_norm2.weight]
Loading weights:  10%|▉         | 40/408 [00:00<00:00, 1172.03it/s, Materializing param=text_model.encoder.layers.2.layer_norm2.weight]
Loading weights:  10%|█         | 41/408 [00:00<00:00, 1173.79it/s, Materializing param=text_model.encoder.layers.2.mlp.fc1.bias]      
Loading weights:  10%|█         | 41/408 [00:00<00:00, 1168.41it/s, Materializing param=text_model.encoder.layers.2.mlp.fc1.bias]
Loading weights:  10%|█         | 42/408 [00:00<00:00, 1148.61it/s, Materializing param=text_model.encoder.layers.2.mlp.fc1.weight]
Loading weights:  10%|█         | 42/408 [00:00<00:00, 1143.92it/s, Materializing param=text_model.encoder.layers.2.mlp.fc1.weight]
Loading weights:  11%|█         | 43/408 [00:00<00:00, 1103.33it/s, Materializing param=text_model.encoder.layers.2.mlp.fc2.bias]  
Loading weights:  11%|█         | 43/408 [00:00<00:00, 1099.11it/s, Materializing param=text_model.encoder.layers.2.mlp.fc2.bias]
Loading weights:  11%|█         | 44/408 [00:00<00:00, 1094.02it/s, Materializing param=text_model.encoder.layers.2.mlp.fc2.weight]
Loading weights:  11%|█         | 44/408 [00:00<00:00, 1090.05it/s, Materializing param=text_model.encoder.layers.2.mlp.fc2.weight]
Loading weights:  11%|█         | 45/408 [00:00<00:00, 1103.73it/s, Materializing param=text_model.encoder.layers.2.self_attn.k_proj.bias]
Loading weights:  11%|█         | 45/408 [00:00<00:00, 1100.03it/s, Materializing param=text_model.encoder.layers.2.self_attn.k_proj.bias]
Loading weights:  11%|█▏        | 46/408 [00:00<00:00, 1117.67it/s, Materializing param=text_model.encoder.layers.2.self_attn.k_proj.weight]
Loading weights:  11%|█▏        | 46/408 [00:00<00:00, 1114.60it/s, Materializing param=text_model.encoder.layers.2.self_attn.k_proj.weight]
Loading weights:  12%|█▏        | 47/408 [00:00<00:00, 1126.54it/s, Materializing param=text_model.encoder.layers.2.self_attn.out_proj.bias]
Loading weights:  12%|█▏        | 47/408 [00:00<00:00, 1123.18it/s, Materializing param=text_model.encoder.layers.2.self_attn.out_proj.bias]
Loading weights:  12%|█▏        | 48/408 [00:00<00:00, 1131.58it/s, Materializing param=text_model.encoder.layers.2.self_attn.out_proj.weight]
Loading weights:  12%|█▏        | 48/408 [00:00<00:00, 1127.60it/s, Materializing param=text_model.encoder.layers.2.self_attn.out_proj.weight]
Loading weights:  12%|█▏        | 49/408 [00:00<00:00, 1130.89it/s, Materializing param=text_model.encoder.layers.2.self_attn.q_proj.bias]    
Loading weights:  12%|█▏        | 49/408 [00:00<00:00, 1127.56it/s, Materializing param=text_model.encoder.layers.2.self_attn.q_proj.bias]
Loading weights:  12%|█▏        | 50/408 [00:00<00:00, 1138.81it/s, Materializing param=text_model.encoder.layers.2.self_attn.q_proj.weight]
Loading weights:  12%|█▏        | 50/408 [00:00<00:00, 1119.28it/s, Materializing param=text_model.encoder.layers.2.self_attn.q_proj.weight]
Loading weights:  12%|█▎        | 51/408 [00:00<00:00, 1106.65it/s, Materializing param=text_model.encoder.layers.2.self_attn.v_proj.bias]  
Loading weights:  12%|█▎        | 51/408 [00:00<00:00, 1087.11it/s, Materializing param=text_model.encoder.layers.2.self_attn.v_proj.bias]
Loading weights:  13%|█▎        | 52/408 [00:00<00:00, 1098.94it/s, Materializing param=text_model.encoder.layers.2.self_attn.v_proj.weight]
Loading weights:  13%|█▎        | 52/408 [00:00<00:00, 1095.93it/s, Materializing param=text_model.encoder.layers.2.self_attn.v_proj.weight]
Loading weights:  13%|█▎        | 53/408 [00:00<00:00, 1093.73it/s, Materializing param=text_model.encoder.layers.3.layer_norm1.bias]       
Loading weights:  13%|█▎        | 53/408 [00:00<00:00, 1090.55it/s, Materializing param=text_model.encoder.layers.3.layer_norm1.bias]
Loading weights:  13%|█▎        | 54/408 [00:00<00:00, 1100.81it/s, Materializing param=text_model.encoder.layers.3.layer_norm1.weight]
Loading weights:  13%|█▎        | 54/408 [00:00<00:00, 1097.95it/s, Materializing param=text_model.encoder.layers.3.layer_norm1.weight]
Loading weights:  13%|█▎        | 55/408 [00:00<00:00, 1111.63it/s, Materializing param=text_model.encoder.layers.3.layer_norm2.bias]  
Loading weights:  13%|█▎        | 55/408 [00:00<00:00, 1107.97it/s, Materializing param=text_model.encoder.layers.3.layer_norm2.bias]
Loading weights:  14%|█▎        | 56/408 [00:00<00:00, 1103.85it/s, Materializing param=text_model.encoder.layers.3.layer_norm2.weight]
Loading weights:  14%|█▎        | 56/408 [00:00<00:00, 1099.90it/s, Materializing param=text_model.encoder.layers.3.layer_norm2.weight]
Loading weights:  14%|█▍        | 57/408 [00:00<00:00, 1088.60it/s, Materializing param=text_model.encoder.layers.3.mlp.fc1.bias]      
Loading weights:  14%|█▍        | 57/408 [00:00<00:00, 1086.10it/s, Materializing param=text_model.encoder.layers.3.mlp.fc1.bias]
Loading weights:  14%|█▍        | 58/408 [00:00<00:00, 1096.24it/s, Materializing param=text_model.encoder.layers.3.mlp.fc1.weight]
Loading weights:  14%|█▍        | 58/408 [00:00<00:00, 1093.68it/s, Materializing param=text_model.encoder.layers.3.mlp.fc1.weight]
Loading weights:  14%|█▍        | 59/408 [00:00<00:00, 1107.00it/s, Materializing param=text_model.encoder.layers.3.mlp.fc2.bias]  
Loading weights:  14%|█▍        | 59/408 [00:00<00:00, 1102.61it/s, Materializing param=text_model.encoder.layers.3.mlp.fc2.bias]
Loading weights:  15%|█▍        | 60/408 [00:00<00:00, 1107.64it/s, Materializing param=text_model.encoder.layers.3.mlp.fc2.weight]
Loading weights:  15%|█▍        | 60/408 [00:00<00:00, 1104.73it/s, Materializing param=text_model.encoder.layers.3.mlp.fc2.weight]
Loading weights:  15%|█▍        | 61/408 [00:00<00:00, 1116.62it/s, Materializing param=text_model.encoder.layers.3.self_attn.k_proj.bias]
Loading weights:  15%|█▍        | 61/408 [00:00<00:00, 1113.57it/s, Materializing param=text_model.encoder.layers.3.self_attn.k_proj.bias]
Loading weights:  15%|█▌        | 62/408 [00:00<00:00, 1125.69it/s, Materializing param=text_model.encoder.layers.3.self_attn.k_proj.weight]
Loading weights:  15%|█▌        | 62/408 [00:00<00:00, 1123.44it/s, Materializing param=text_model.encoder.layers.3.self_attn.k_proj.weight]
Loading weights:  15%|█▌        | 63/408 [00:00<00:00, 1116.00it/s, Materializing param=text_model.encoder.layers.3.self_attn.out_proj.bias]
Loading weights:  15%|█▌        | 63/408 [00:00<00:00, 1113.25it/s, Materializing param=text_model.encoder.layers.3.self_attn.out_proj.bias]
Loading weights:  16%|█▌        | 64/408 [00:00<00:00, 1119.22it/s, Materializing param=text_model.encoder.layers.3.self_attn.out_proj.weight]
Loading weights:  16%|█▌        | 64/408 [00:00<00:00, 1116.41it/s, Materializing param=text_model.encoder.layers.3.self_attn.out_proj.weight]
Loading weights:  16%|█▌        | 65/408 [00:00<00:00, 1119.52it/s, Materializing param=text_model.encoder.layers.3.self_attn.q_proj.bias]    
Loading weights:  16%|█▌        | 65/408 [00:00<00:00, 1117.26it/s, Materializing param=text_model.encoder.layers.3.self_attn.q_proj.bias]
Loading weights:  16%|█▌        | 66/408 [00:00<00:00, 1104.99it/s, Materializing param=text_model.encoder.layers.3.self_attn.q_proj.weight]
Loading weights:  16%|█▌        | 66/408 [00:00<00:00, 1099.60it/s, Materializing param=text_model.encoder.layers.3.self_attn.q_proj.weight]
Loading weights:  16%|█▋        | 67/408 [00:00<00:00, 1105.00it/s, Materializing param=text_model.encoder.layers.3.self_attn.v_proj.bias]  
Loading weights:  16%|█▋        | 67/408 [00:00<00:00, 1102.54it/s, Materializing param=text_model.encoder.layers.3.self_attn.v_proj.bias]
Loading weights:  17%|█▋        | 68/408 [00:00<00:00, 1100.00it/s, Materializing param=text_model.encoder.layers.3.self_attn.v_proj.weight]
Loading weights:  17%|█▋        | 68/408 [00:00<00:00, 1096.89it/s, Materializing param=text_model.encoder.layers.3.self_attn.v_proj.weight]
Loading weights:  17%|█▋        | 69/408 [00:00<00:00, 1102.81it/s, Materializing param=text_model.encoder.layers.4.layer_norm1.bias]       
Loading weights:  17%|█▋        | 69/408 [00:00<00:00, 1100.00it/s, Materializing param=text_model.encoder.layers.4.layer_norm1.bias]
Loading weights:  17%|█▋        | 70/408 [00:00<00:00, 1087.49it/s, Materializing param=text_model.encoder.layers.4.layer_norm1.weight]
Loading weights:  17%|█▋        | 70/408 [00:00<00:00, 1085.34it/s, Materializing param=text_model.encoder.layers.4.layer_norm1.weight]
Loading weights:  17%|█▋        | 71/408 [00:00<00:00, 1091.86it/s, Materializing param=text_model.encoder.layers.4.layer_norm2.bias]  
Loading weights:  17%|█▋        | 71/408 [00:00<00:00, 1089.46it/s, Materializing param=text_model.encoder.layers.4.layer_norm2.bias]
Loading weights:  18%|█▊        | 72/408 [00:00<00:00, 1080.54it/s, Materializing param=text_model.encoder.layers.4.layer_norm2.weight]
Loading weights:  18%|█▊        | 72/408 [00:00<00:00, 1078.57it/s, Materializing param=text_model.encoder.layers.4.layer_norm2.weight]
Loading weights:  18%|█▊        | 73/408 [00:00<00:00, 1087.96it/s, Materializing param=text_model.encoder.layers.4.mlp.fc1.bias]      
Loading weights:  18%|█▊        | 73/408 [00:00<00:00, 1085.07it/s, Materializing param=text_model.encoder.layers.4.mlp.fc1.bias]
Loading weights:  18%|█▊        | 74/408 [00:00<00:00, 1093.09it/s, Materializing param=text_model.encoder.layers.4.mlp.fc1.weight]
Loading weights:  18%|█▊        | 74/408 [00:00<00:00, 1090.65it/s, Materializing param=text_model.encoder.layers.4.mlp.fc1.weight]
Loading weights:  18%|█▊        | 75/408 [00:00<00:00, 1098.44it/s, Materializing param=text_model.encoder.layers.4.mlp.fc2.bias]  
Loading weights:  18%|█▊        | 75/408 [00:00<00:00, 1096.20it/s, Materializing param=text_model.encoder.layers.4.mlp.fc2.bias]
Loading weights:  19%|█▊        | 76/408 [00:00<00:00, 1089.73it/s, Materializing param=text_model.encoder.layers.4.mlp.fc2.weight]
Loading weights:  19%|█▊        | 76/408 [00:00<00:00, 1087.65it/s, Materializing param=text_model.encoder.layers.4.mlp.fc2.weight]
Loading weights:  19%|█▉        | 77/408 [00:00<00:00, 1089.50it/s, Materializing param=text_model.encoder.layers.4.self_attn.k_proj.bias]
Loading weights:  19%|█▉        | 77/408 [00:00<00:00, 1087.72it/s, Materializing param=text_model.encoder.layers.4.self_attn.k_proj.bias]
Loading weights:  19%|█▉        | 78/408 [00:00<00:00, 1080.15it/s, Materializing param=text_model.encoder.layers.4.self_attn.k_proj.weight]
Loading weights:  19%|█▉        | 78/408 [00:00<00:00, 1077.76it/s, Materializing param=text_model.encoder.layers.4.self_attn.k_proj.weight]
Loading weights:  19%|█▉        | 79/408 [00:00<00:00, 1077.34it/s, Materializing param=text_model.encoder.layers.4.self_attn.out_proj.bias]
Loading weights:  19%|█▉        | 79/408 [00:00<00:00, 1075.41it/s, Materializing param=text_model.encoder.layers.4.self_attn.out_proj.bias]
Loading weights:  20%|█▉        | 80/408 [00:00<00:00, 1083.86it/s, Materializing param=text_model.encoder.layers.4.self_attn.out_proj.weight]
Loading weights:  20%|█▉        | 80/408 [00:00<00:00, 1082.01it/s, Materializing param=text_model.encoder.layers.4.self_attn.out_proj.weight]
Loading weights:  20%|█▉        | 81/408 [00:00<00:00, 1083.70it/s, Materializing param=text_model.encoder.layers.4.self_attn.q_proj.bias]    
Loading weights:  20%|█▉        | 81/408 [00:00<00:00, 1081.78it/s, Materializing param=text_model.encoder.layers.4.self_attn.q_proj.bias]
Loading weights:  20%|██        | 82/408 [00:00<00:00, 1090.57it/s, Materializing param=text_model.encoder.layers.4.self_attn.q_proj.weight]
Loading weights:  20%|██        | 82/408 [00:00<00:00, 1083.49it/s, Materializing param=text_model.encoder.layers.4.self_attn.q_proj.weight]
Loading weights:  20%|██        | 83/408 [00:00<00:00, 1069.41it/s, Materializing param=text_model.encoder.layers.4.self_attn.v_proj.bias]  
Loading weights:  20%|██        | 83/408 [00:00<00:00, 1060.81it/s, Materializing param=text_model.encoder.layers.4.self_attn.v_proj.bias]
Loading weights:  21%|██        | 84/408 [00:00<00:00, 1061.79it/s, Materializing param=text_model.encoder.layers.4.self_attn.v_proj.weight]
Loading weights:  21%|██        | 84/408 [00:00<00:00, 1059.85it/s, Materializing param=text_model.encoder.layers.4.self_attn.v_proj.weight]
Loading weights:  21%|██        | 85/408 [00:00<00:00, 1062.23it/s, Materializing param=text_model.encoder.layers.5.layer_norm1.bias]       
Loading weights:  21%|██        | 85/408 [00:00<00:00, 1060.39it/s, Materializing param=text_model.encoder.layers.5.layer_norm1.bias]
Loading weights:  21%|██        | 86/408 [00:00<00:00, 1061.53it/s, Materializing param=text_model.encoder.layers.5.layer_norm1.weight]
Loading weights:  21%|██        | 86/408 [00:00<00:00, 1059.78it/s, Materializing param=text_model.encoder.layers.5.layer_norm1.weight]
Loading weights:  21%|██▏       | 87/408 [00:00<00:00, 1046.98it/s, Materializing param=text_model.encoder.layers.5.layer_norm2.bias]  
Loading weights:  21%|██▏       | 87/408 [00:00<00:00, 1045.36it/s, Materializing param=text_model.encoder.layers.5.layer_norm2.bias]
Loading weights:  22%|██▏       | 88/408 [00:00<00:00, 1054.41it/s, Materializing param=text_model.encoder.layers.5.layer_norm2.weight]
Loading weights:  22%|██▏       | 88/408 [00:00<00:00, 1053.06it/s, Materializing param=text_model.encoder.layers.5.layer_norm2.weight]
Loading weights:  22%|██▏       | 89/408 [00:00<00:00, 1055.82it/s, Materializing param=text_model.encoder.layers.5.mlp.fc1.bias]      
Loading weights:  22%|██▏       | 89/408 [00:00<00:00, 1054.14it/s, Materializing param=text_model.encoder.layers.5.mlp.fc1.bias]
Loading weights:  22%|██▏       | 90/408 [00:00<00:00, 1057.02it/s, Materializing param=text_model.encoder.layers.5.mlp.fc1.weight]
Loading weights:  22%|██▏       | 90/408 [00:00<00:00, 1055.57it/s, Materializing param=text_model.encoder.layers.5.mlp.fc1.weight]
Loading weights:  22%|██▏       | 91/408 [00:00<00:00, 1058.32it/s, Materializing param=text_model.encoder.layers.5.mlp.fc2.bias]  
Loading weights:  22%|██▏       | 91/408 [00:00<00:00, 1056.87it/s, Materializing param=text_model.encoder.layers.5.mlp.fc2.bias]
Loading weights:  23%|██▎       | 92/408 [00:00<00:00, 1063.07it/s, Materializing param=text_model.encoder.layers.5.mlp.fc2.weight]
Loading weights:  23%|██▎       | 92/408 [00:00<00:00, 1061.46it/s, Materializing param=text_model.encoder.layers.5.mlp.fc2.weight]
Loading weights:  23%|██▎       | 93/408 [00:00<00:00, 1070.21it/s, Materializing param=text_model.encoder.layers.5.self_attn.k_proj.bias]
Loading weights:  23%|██▎       | 93/408 [00:00<00:00, 1068.92it/s, Materializing param=text_model.encoder.layers.5.self_attn.k_proj.bias]
Loading weights:  23%|██▎       | 94/408 [00:00<00:00, 1045.10it/s, Materializing param=text_model.encoder.layers.5.self_attn.k_proj.weight]
Loading weights:  23%|██▎       | 94/408 [00:00<00:00, 1043.58it/s, Materializing param=text_model.encoder.layers.5.self_attn.k_proj.weight]
Loading weights:  23%|██▎       | 95/408 [00:00<00:00, 1034.72it/s, Materializing param=text_model.encoder.layers.5.self_attn.out_proj.bias]
Loading weights:  23%|██▎       | 95/408 [00:00<00:00, 1033.30it/s, Materializing param=text_model.encoder.layers.5.self_attn.out_proj.bias]
Loading weights:  24%|██▎       | 96/408 [00:00<00:00, 1034.44it/s, Materializing param=text_model.encoder.layers.5.self_attn.out_proj.weight]
Loading weights:  24%|██▎       | 96/408 [00:00<00:00, 1032.78it/s, Materializing param=text_model.encoder.layers.5.self_attn.out_proj.weight]
Loading weights:  24%|██▍       | 97/408 [00:00<00:00, 1038.23it/s, Materializing param=text_model.encoder.layers.5.self_attn.q_proj.bias]    
Loading weights:  24%|██▍       | 97/408 [00:00<00:00, 1036.70it/s, Materializing param=text_model.encoder.layers.5.self_attn.q_proj.bias]
Loading weights:  24%|██▍       | 98/408 [00:00<00:00, 1037.99it/s, Materializing param=text_model.encoder.layers.5.self_attn.q_proj.weight]
Loading weights:  24%|██▍       | 98/408 [00:00<00:00, 1036.72it/s, Materializing param=text_model.encoder.layers.5.self_attn.q_proj.weight]
Loading weights:  24%|██▍       | 99/408 [00:00<00:00, 1041.74it/s, Materializing param=text_model.encoder.layers.5.self_attn.v_proj.bias]  
Loading weights:  24%|██▍       | 99/408 [00:00<00:00, 1039.87it/s, Materializing param=text_model.encoder.layers.5.self_attn.v_proj.bias]
Loading weights:  25%|██▍       | 100/408 [00:00<00:00, 1041.39it/s, Materializing param=text_model.encoder.layers.5.self_attn.v_proj.weight]
Loading weights:  25%|██▍       | 100/408 [00:00<00:00, 1040.02it/s, Materializing param=text_model.encoder.layers.5.self_attn.v_proj.weight]
Loading weights:  25%|██▍       | 101/408 [00:00<00:00, 1045.47it/s, Materializing param=text_model.encoder.layers.6.layer_norm1.bias]       
Loading weights:  25%|██▍       | 101/408 [00:00<00:00, 1043.80it/s, Materializing param=text_model.encoder.layers.6.layer_norm1.bias]
Loading weights:  25%|██▌       | 102/408 [00:00<00:00, 1046.83it/s, Materializing param=text_model.encoder.layers.6.layer_norm1.weight]
Loading weights:  25%|██▌       | 102/408 [00:00<00:00, 1045.05it/s, Materializing param=text_model.encoder.layers.6.layer_norm1.weight]
Loading weights:  25%|██▌       | 103/408 [00:00<00:00, 1048.28it/s, Materializing param=text_model.encoder.layers.6.layer_norm2.bias]  
Loading weights:  25%|██▌       | 103/408 [00:00<00:00, 1047.12it/s, Materializing param=text_model.encoder.layers.6.layer_norm2.bias]
Loading weights:  25%|██▌       | 104/408 [00:00<00:00, 1053.29it/s, Materializing param=text_model.encoder.layers.6.layer_norm2.weight]
Loading weights:  25%|██▌       | 104/408 [00:00<00:00, 1052.22it/s, Materializing param=text_model.encoder.layers.6.layer_norm2.weight]
Loading weights:  26%|██▌       | 105/408 [00:00<00:00, 1053.42it/s, Materializing param=text_model.encoder.layers.6.mlp.fc1.bias]      
Loading weights:  26%|██▌       | 105/408 [00:00<00:00, 1051.88it/s, Materializing param=text_model.encoder.layers.6.mlp.fc1.bias]
Loading weights:  26%|██▌       | 106/408 [00:00<00:00, 1052.90it/s, Materializing param=text_model.encoder.layers.6.mlp.fc1.bias]
Loading weights:  26%|██▌       | 106/408 [00:00<00:00, 1052.90it/s, Materializing param=text_model.encoder.layers.6.mlp.fc1.weight]
Loading weights:  26%|██▌       | 106/408 [00:00<00:00, 1052.90it/s, Materializing param=text_model.encoder.layers.6.mlp.fc1.weight]
Loading weights:  26%|██▌       | 107/408 [00:00<00:00, 1052.90it/s, Materializing param=text_model.encoder.layers.6.mlp.fc2.bias]  
Loading weights:  26%|██▌       | 107/408 [00:00<00:00, 1052.90it/s, Materializing param=text_model.encoder.layers.6.mlp.fc2.bias]
Loading weights:  26%|██▋       | 108/408 [00:00<00:00, 1052.90it/s, Materializing param=text_model.encoder.layers.6.mlp.fc2.weight]
Loading weights:  26%|██▋       | 108/408 [00:00<00:00, 1052.90it/s, Materializing param=text_model.encoder.layers.6.mlp.fc2.weight]
Loading weights:  27%|██▋       | 109/408 [00:00<00:00, 1052.90it/s, Materializing param=text_model.encoder.layers.6.self_attn.k_proj.bias]
Loading weights:  27%|██▋       | 109/408 [00:00<00:00, 1052.90it/s, Materializing param=text_model.encoder.layers.6.self_attn.k_proj.bias]
Loading weights:  27%|██▋       | 110/408 [00:00<00:00, 1052.90it/s, Materializing param=text_model.encoder.layers.6.self_attn.k_proj.weight]
Loading weights:  27%|██▋       | 110/408 [00:00<00:00, 1052.90it/s, Materializing param=text_model.encoder.layers.6.self_attn.k_proj.weight]
Loading weights:  27%|██▋       | 111/408 [00:00<00:00, 1052.90it/s, Materializing param=text_model.encoder.layers.6.self_attn.out_proj.bias]
Loading weights:  27%|██▋       | 111/408 [00:00<00:00, 1052.90it/s, Materializing param=text_model.encoder.layers.6.self_attn.out_proj.bias]
Loading weights:  27%|██▋       | 112/408 [00:00<00:00, 1052.90it/s, Materializing param=text_model.encoder.layers.6.self_attn.out_proj.weight]
Loading weights:  27%|██▋       | 112/408 [00:00<00:00, 1052.90it/s, Materializing param=text_model.encoder.layers.6.self_attn.out_proj.weight]
Loading weights:  28%|██▊       | 113/408 [00:00<00:00, 1052.90it/s, Materializing param=text_model.encoder.layers.6.self_attn.q_proj.bias]    
Loading weights:  28%|██▊       | 113/408 [00:00<00:00, 1052.90it/s, Materializing param=text_model.encoder.layers.6.self_attn.q_proj.bias]
Loading weights:  28%|██▊       | 114/408 [00:00<00:00, 1052.90it/s, Materializing param=text_model.encoder.layers.6.self_attn.q_proj.weight]
Loading weights:  28%|██▊       | 114/408 [00:00<00:00, 1052.90it/s, Materializing param=text_model.encoder.layers.6.self_attn.q_proj.weight]
Loading weights:  28%|██▊       | 115/408 [00:00<00:00, 1052.90it/s, Materializing param=text_model.encoder.layers.6.self_attn.v_proj.bias]  
Loading weights:  28%|██▊       | 115/408 [00:00<00:00, 1052.90it/s, Materializing param=text_model.encoder.layers.6.self_attn.v_proj.bias]
Loading weights:  28%|██▊       | 116/408 [00:00<00:00, 1052.90it/s, Materializing param=text_model.encoder.layers.6.self_attn.v_proj.weight]
Loading weights:  28%|██▊       | 116/408 [00:00<00:00, 1052.90it/s, Materializing param=text_model.encoder.layers.6.self_attn.v_proj.weight]
Loading weights:  29%|██▊       | 117/408 [00:00<00:00, 1052.90it/s, Materializing param=text_model.encoder.layers.7.layer_norm1.bias]       
Loading weights:  29%|██▊       | 117/408 [00:00<00:00, 1052.90it/s, Materializing param=text_model.encoder.layers.7.layer_norm1.bias]
Loading weights:  29%|██▉       | 118/408 [00:00<00:00, 1052.90it/s, Materializing param=text_model.encoder.layers.7.layer_norm1.weight]
Loading weights:  29%|██▉       | 118/408 [00:00<00:00, 1052.90it/s, Materializing param=text_model.encoder.layers.7.layer_norm1.weight]
Loading weights:  29%|██▉       | 119/408 [00:00<00:00, 1052.90it/s, Materializing param=text_model.encoder.layers.7.layer_norm2.bias]  
Loading weights:  29%|██▉       | 119/408 [00:00<00:00, 1052.90it/s, Materializing param=text_model.encoder.layers.7.layer_norm2.bias]
Loading weights:  29%|██▉       | 120/408 [00:00<00:00, 1052.90it/s, Materializing param=text_model.encoder.layers.7.layer_norm2.weight]
Loading weights:  29%|██▉       | 120/408 [00:00<00:00, 1052.90it/s, Materializing param=text_model.encoder.layers.7.layer_norm2.weight]
Loading weights:  30%|██▉       | 121/408 [00:00<00:00, 1052.90it/s, Materializing param=text_model.encoder.layers.7.mlp.fc1.bias]      
Loading weights:  30%|██▉       | 121/408 [00:00<00:00, 1052.90it/s, Materializing param=text_model.encoder.layers.7.mlp.fc1.bias]
Loading weights:  30%|██▉       | 122/408 [00:00<00:00, 1052.90it/s, Materializing param=text_model.encoder.layers.7.mlp.fc1.weight]
Loading weights:  30%|██▉       | 122/408 [00:00<00:00, 1052.90it/s, Materializing param=text_model.encoder.layers.7.mlp.fc1.weight]
Loading weights:  30%|███       | 123/408 [00:00<00:00, 1052.90it/s, Materializing param=text_model.encoder.layers.7.mlp.fc2.bias]  
Loading weights:  30%|███       | 123/408 [00:00<00:00, 1052.90it/s, Materializing param=text_model.encoder.layers.7.mlp.fc2.bias]
Loading weights:  30%|███       | 124/408 [00:00<00:00, 1052.90it/s, Materializing param=text_model.encoder.layers.7.mlp.fc2.weight]
Loading weights:  30%|███       | 124/408 [00:00<00:00, 1052.90it/s, Materializing param=text_model.encoder.layers.7.mlp.fc2.weight]
Loading weights:  31%|███       | 125/408 [00:00<00:00, 1052.90it/s, Materializing param=text_model.encoder.layers.7.self_attn.k_proj.bias]
Loading weights:  31%|███       | 125/408 [00:00<00:00, 1052.90it/s, Materializing param=text_model.encoder.layers.7.self_attn.k_proj.bias]
Loading weights:  31%|███       | 126/408 [00:00<00:00, 1052.90it/s, Materializing param=text_model.encoder.layers.7.self_attn.k_proj.weight]
Loading weights:  31%|███       | 126/408 [00:00<00:00, 1052.90it/s, Materializing param=text_model.encoder.layers.7.self_attn.k_proj.weight]
Loading weights:  31%|███       | 127/408 [00:00<00:00, 1052.90it/s, Materializing param=text_model.encoder.layers.7.self_attn.out_proj.bias]
Loading weights:  31%|███       | 127/408 [00:00<00:00, 1052.90it/s, Materializing param=text_model.encoder.layers.7.self_attn.out_proj.bias]
Loading weights:  31%|███▏      | 128/408 [00:00<00:00, 1052.90it/s, Materializing param=text_model.encoder.layers.7.self_attn.out_proj.weight]
Loading weights:  31%|███▏      | 128/408 [00:00<00:00, 1052.90it/s, Materializing param=text_model.encoder.layers.7.self_attn.out_proj.weight]
Loading weights:  32%|███▏      | 129/408 [00:00<00:00, 1052.90it/s, Materializing param=text_model.encoder.layers.7.self_attn.q_proj.bias]    
Loading weights:  32%|███▏      | 129/408 [00:00<00:00, 1052.90it/s, Materializing param=text_model.encoder.layers.7.self_attn.q_proj.bias]
Loading weights:  32%|███▏      | 130/408 [00:00<00:00, 1052.90it/s, Materializing param=text_model.encoder.layers.7.self_attn.q_proj.weight]
Loading weights:  32%|███▏      | 130/408 [00:00<00:00, 1052.90it/s, Materializing param=text_model.encoder.layers.7.self_attn.q_proj.weight]
Loading weights:  32%|███▏      | 131/408 [00:00<00:00, 1052.90it/s, Materializing param=text_model.encoder.layers.7.self_attn.v_proj.bias]  
Loading weights:  32%|███▏      | 131/408 [00:00<00:00, 1052.90it/s, Materializing param=text_model.encoder.layers.7.self_attn.v_proj.bias]
Loading weights:  32%|███▏      | 132/408 [00:00<00:00, 1052.90it/s, Materializing param=text_model.encoder.layers.7.self_attn.v_proj.weight]
Loading weights:  32%|███▏      | 132/408 [00:00<00:00, 1052.90it/s, Materializing param=text_model.encoder.layers.7.self_attn.v_proj.weight]
Loading weights:  33%|███▎      | 133/408 [00:00<00:00, 1052.90it/s, Materializing param=text_model.encoder.layers.8.layer_norm1.bias]       
Loading weights:  33%|███▎      | 133/408 [00:00<00:00, 1052.90it/s, Materializing param=text_model.encoder.layers.8.layer_norm1.bias]
Loading weights:  33%|███▎      | 134/408 [00:00<00:00, 1052.90it/s, Materializing param=text_model.encoder.layers.8.layer_norm1.weight]
Loading weights:  33%|███▎      | 134/408 [00:00<00:00, 1052.90it/s, Materializing param=text_model.encoder.layers.8.layer_norm1.weight]
Loading weights:  33%|███▎      | 135/408 [00:00<00:00, 1052.90it/s, Materializing param=text_model.encoder.layers.8.layer_norm2.bias]  
Loading weights:  33%|███▎      | 135/408 [00:00<00:00, 1052.90it/s, Materializing param=text_model.encoder.layers.8.layer_norm2.bias]
Loading weights:  33%|███▎      | 136/408 [00:00<00:00, 1052.90it/s, Materializing param=text_model.encoder.layers.8.layer_norm2.weight]
Loading weights:  33%|███▎      | 136/408 [00:00<00:00, 1052.90it/s, Materializing param=text_model.encoder.layers.8.layer_norm2.weight]
Loading weights:  34%|███▎      | 137/408 [00:00<00:00, 1052.90it/s, Materializing param=text_model.encoder.layers.8.mlp.fc1.bias]      
Loading weights:  34%|███▎      | 137/408 [00:00<00:00, 1052.90it/s, Materializing param=text_model.encoder.layers.8.mlp.fc1.bias]
Loading weights:  34%|███▍      | 138/408 [00:00<00:00, 1052.90it/s, Materializing param=text_model.encoder.layers.8.mlp.fc1.weight]
Loading weights:  34%|███▍      | 138/408 [00:00<00:00, 1052.90it/s, Materializing param=text_model.encoder.layers.8.mlp.fc1.weight]
Loading weights:  34%|███▍      | 139/408 [00:00<00:00, 1052.90it/s, Materializing param=text_model.encoder.layers.8.mlp.fc2.bias]  
Loading weights:  34%|███▍      | 139/408 [00:00<00:00, 1052.90it/s, Materializing param=text_model.encoder.layers.8.mlp.fc2.bias]
Loading weights:  34%|███▍      | 140/408 [00:00<00:00, 1052.90it/s, Materializing param=text_model.encoder.layers.8.mlp.fc2.weight]
Loading weights:  34%|███▍      | 140/408 [00:00<00:00, 1052.90it/s, Materializing param=text_model.encoder.layers.8.mlp.fc2.weight]
Loading weights:  35%|███▍      | 141/408 [00:00<00:00, 1052.90it/s, Materializing param=text_model.encoder.layers.8.self_attn.k_proj.bias]
Loading weights:  35%|███▍      | 141/408 [00:00<00:00, 1052.90it/s, Materializing param=text_model.encoder.layers.8.self_attn.k_proj.bias]
Loading weights:  35%|███▍      | 142/408 [00:00<00:00, 1052.90it/s, Materializing param=text_model.encoder.layers.8.self_attn.k_proj.weight]
Loading weights:  35%|███▍      | 142/408 [00:00<00:00, 1052.90it/s, Materializing param=text_model.encoder.layers.8.self_attn.k_proj.weight]
Loading weights:  35%|███▌      | 143/408 [00:00<00:00, 1052.90it/s, Materializing param=text_model.encoder.layers.8.self_attn.out_proj.bias]
Loading weights:  35%|███▌      | 143/408 [00:00<00:00, 1052.90it/s, Materializing param=text_model.encoder.layers.8.self_attn.out_proj.bias]
Loading weights:  35%|███▌      | 144/408 [00:00<00:00, 1052.90it/s, Materializing param=text_model.encoder.layers.8.self_attn.out_proj.weight]
Loading weights:  35%|███▌      | 144/408 [00:00<00:00, 1052.90it/s, Materializing param=text_model.encoder.layers.8.self_attn.out_proj.weight]
Loading weights:  36%|███▌      | 145/408 [00:00<00:00, 1052.90it/s, Materializing param=text_model.encoder.layers.8.self_attn.q_proj.bias]    
Loading weights:  36%|███▌      | 145/408 [00:00<00:00, 1052.90it/s, Materializing param=text_model.encoder.layers.8.self_attn.q_proj.bias]
Loading weights:  36%|███▌      | 146/408 [00:00<00:00, 1052.90it/s, Materializing param=text_model.encoder.layers.8.self_attn.q_proj.weight]
Loading weights:  36%|███▌      | 146/408 [00:00<00:00, 1052.90it/s, Materializing param=text_model.encoder.layers.8.self_attn.q_proj.weight]
Loading weights:  36%|███▌      | 147/408 [00:00<00:00, 1052.90it/s, Materializing param=text_model.encoder.layers.8.self_attn.v_proj.bias]  
Loading weights:  36%|███▌      | 147/408 [00:00<00:00, 1052.90it/s, Materializing param=text_model.encoder.layers.8.self_attn.v_proj.bias]
Loading weights:  36%|███▋      | 148/408 [00:00<00:00, 1052.90it/s, Materializing param=text_model.encoder.layers.8.self_attn.v_proj.weight]
Loading weights:  36%|███▋      | 148/408 [00:00<00:00, 1052.90it/s, Materializing param=text_model.encoder.layers.8.self_attn.v_proj.weight]
Loading weights:  37%|███▋      | 149/408 [00:00<00:00, 1052.90it/s, Materializing param=text_model.encoder.layers.9.layer_norm1.bias]       
Loading weights:  37%|███▋      | 149/408 [00:00<00:00, 1052.90it/s, Materializing param=text_model.encoder.layers.9.layer_norm1.bias]
Loading weights:  37%|███▋      | 150/408 [00:00<00:00, 1052.90it/s, Materializing param=text_model.encoder.layers.9.layer_norm1.weight]
Loading weights:  37%|███▋      | 150/408 [00:00<00:00, 1052.90it/s, Materializing param=text_model.encoder.layers.9.layer_norm1.weight]
Loading weights:  37%|███▋      | 151/408 [00:00<00:00, 1052.90it/s, Materializing param=text_model.encoder.layers.9.layer_norm2.bias]  
Loading weights:  37%|███▋      | 151/408 [00:00<00:00, 1052.90it/s, Materializing param=text_model.encoder.layers.9.layer_norm2.bias]
Loading weights:  37%|███▋      | 152/408 [00:00<00:00, 1052.90it/s, Materializing param=text_model.encoder.layers.9.layer_norm2.weight]
Loading weights:  37%|███▋      | 152/408 [00:00<00:00, 1052.90it/s, Materializing param=text_model.encoder.layers.9.layer_norm2.weight]
Loading weights:  38%|███▊      | 153/408 [00:00<00:00, 1052.90it/s, Materializing param=text_model.encoder.layers.9.mlp.fc1.bias]      
Loading weights:  38%|███▊      | 153/408 [00:00<00:00, 1052.90it/s, Materializing param=text_model.encoder.layers.9.mlp.fc1.bias]
Loading weights:  38%|███▊      | 154/408 [00:00<00:00, 1052.90it/s, Materializing param=text_model.encoder.layers.9.mlp.fc1.weight]
Loading weights:  38%|███▊      | 154/408 [00:00<00:00, 1052.90it/s, Materializing param=text_model.encoder.layers.9.mlp.fc1.weight]
Loading weights:  38%|███▊      | 155/408 [00:00<00:00, 1052.90it/s, Materializing param=text_model.encoder.layers.9.mlp.fc2.bias]  
Loading weights:  38%|███▊      | 155/408 [00:00<00:00, 1052.90it/s, Materializing param=text_model.encoder.layers.9.mlp.fc2.bias]
Loading weights:  38%|███▊      | 156/408 [00:00<00:00, 1052.90it/s, Materializing param=text_model.encoder.layers.9.mlp.fc2.weight]
Loading weights:  38%|███▊      | 156/408 [00:00<00:00, 1052.90it/s, Materializing param=text_model.encoder.layers.9.mlp.fc2.weight]
Loading weights:  38%|███▊      | 157/408 [00:00<00:00, 1052.90it/s, Materializing param=text_model.encoder.layers.9.self_attn.k_proj.bias]
Loading weights:  38%|███▊      | 157/408 [00:00<00:00, 1052.90it/s, Materializing param=text_model.encoder.layers.9.self_attn.k_proj.bias]
Loading weights:  39%|███▊      | 158/408 [00:00<00:00, 1052.90it/s, Materializing param=text_model.encoder.layers.9.self_attn.k_proj.weight]
Loading weights:  39%|███▊      | 158/408 [00:00<00:00, 1052.90it/s, Materializing param=text_model.encoder.layers.9.self_attn.k_proj.weight]
Loading weights:  39%|███▉      | 159/408 [00:00<00:00, 1052.90it/s, Materializing param=text_model.encoder.layers.9.self_attn.out_proj.bias]
Loading weights:  39%|███▉      | 159/408 [00:00<00:00, 1052.90it/s, Materializing param=text_model.encoder.layers.9.self_attn.out_proj.bias]
Loading weights:  39%|███▉      | 160/408 [00:00<00:00, 1052.90it/s, Materializing param=text_model.encoder.layers.9.self_attn.out_proj.weight]
Loading weights:  39%|███▉      | 160/408 [00:00<00:00, 1052.90it/s, Materializing param=text_model.encoder.layers.9.self_attn.out_proj.weight]
Loading weights:  39%|███▉      | 161/408 [00:00<00:00, 1052.90it/s, Materializing param=text_model.encoder.layers.9.self_attn.q_proj.bias]    
Loading weights:  39%|███▉      | 161/408 [00:00<00:00, 1052.90it/s, Materializing param=text_model.encoder.layers.9.self_attn.q_proj.bias]
Loading weights:  40%|███▉      | 162/408 [00:00<00:00, 1052.90it/s, Materializing param=text_model.encoder.layers.9.self_attn.q_proj.weight]
Loading weights:  40%|███▉      | 162/408 [00:00<00:00, 1052.90it/s, Materializing param=text_model.encoder.layers.9.self_attn.q_proj.weight]
Loading weights:  40%|███▉      | 163/408 [00:00<00:00, 1052.90it/s, Materializing param=text_model.encoder.layers.9.self_attn.v_proj.bias]  
Loading weights:  40%|███▉      | 163/408 [00:00<00:00, 1052.90it/s, Materializing param=text_model.encoder.layers.9.self_attn.v_proj.bias]
Loading weights:  40%|████      | 164/408 [00:00<00:00, 1052.90it/s, Materializing param=text_model.encoder.layers.9.self_attn.v_proj.weight]
Loading weights:  40%|████      | 164/408 [00:00<00:00, 1052.90it/s, Materializing param=text_model.encoder.layers.9.self_attn.v_proj.weight]
Loading weights:  40%|████      | 165/408 [00:00<00:00, 1052.90it/s, Materializing param=text_model.encoder.layers.10.layer_norm1.bias]      
Loading weights:  40%|████      | 165/408 [00:00<00:00, 1052.90it/s, Materializing param=text_model.encoder.layers.10.layer_norm1.bias]
Loading weights:  41%|████      | 166/408 [00:00<00:00, 1052.90it/s, Materializing param=text_model.encoder.layers.10.layer_norm1.weight]
Loading weights:  41%|████      | 166/408 [00:00<00:00, 1052.90it/s, Materializing param=text_model.encoder.layers.10.layer_norm1.weight]
Loading weights:  41%|████      | 167/408 [00:00<00:00, 1052.90it/s, Materializing param=text_model.encoder.layers.10.layer_norm2.bias]  
Loading weights:  41%|████      | 167/408 [00:00<00:00, 1052.90it/s, Materializing param=text_model.encoder.layers.10.layer_norm2.bias]
Loading weights:  41%|████      | 168/408 [00:00<00:00, 1052.90it/s, Materializing param=text_model.encoder.layers.10.layer_norm2.weight]
Loading weights:  41%|████      | 168/408 [00:00<00:00, 1052.90it/s, Materializing param=text_model.encoder.layers.10.layer_norm2.weight]
Loading weights:  41%|████▏     | 169/408 [00:00<00:00, 1052.90it/s, Materializing param=text_model.encoder.layers.10.mlp.fc1.bias]      
Loading weights:  41%|████▏     | 169/408 [00:00<00:00, 1052.90it/s, Materializing param=text_model.encoder.layers.10.mlp.fc1.bias]
Loading weights:  42%|████▏     | 170/408 [00:00<00:00, 1052.90it/s, Materializing param=text_model.encoder.layers.10.mlp.fc1.weight]
Loading weights:  42%|████▏     | 170/408 [00:00<00:00, 1052.90it/s, Materializing param=text_model.encoder.layers.10.mlp.fc1.weight]
Loading weights:  42%|████▏     | 171/408 [00:00<00:00, 1052.90it/s, Materializing param=text_model.encoder.layers.10.mlp.fc2.bias]  
Loading weights:  42%|████▏     | 171/408 [00:00<00:00, 1052.90it/s, Materializing param=text_model.encoder.layers.10.mlp.fc2.bias]
Loading weights:  42%|████▏     | 172/408 [00:00<00:00, 1052.90it/s, Materializing param=text_model.encoder.layers.10.mlp.fc2.weight]
Loading weights:  42%|████▏     | 172/408 [00:00<00:00, 1052.90it/s, Materializing param=text_model.encoder.layers.10.mlp.fc2.weight]
Loading weights:  42%|████▏     | 173/408 [00:00<00:00, 1052.90it/s, Materializing param=text_model.encoder.layers.10.self_attn.k_proj.bias]
Loading weights:  42%|████▏     | 173/408 [00:00<00:00, 1052.90it/s, Materializing param=text_model.encoder.layers.10.self_attn.k_proj.bias]
Loading weights:  43%|████▎     | 174/408 [00:00<00:00, 1052.90it/s, Materializing param=text_model.encoder.layers.10.self_attn.k_proj.weight]
Loading weights:  43%|████▎     | 174/408 [00:00<00:00, 1052.90it/s, Materializing param=text_model.encoder.layers.10.self_attn.k_proj.weight]
Loading weights:  43%|████▎     | 175/408 [00:00<00:00, 1052.90it/s, Materializing param=text_model.encoder.layers.10.self_attn.out_proj.bias]
Loading weights:  43%|████▎     | 175/408 [00:00<00:00, 1052.90it/s, Materializing param=text_model.encoder.layers.10.self_attn.out_proj.bias]
Loading weights:  43%|████▎     | 176/408 [00:00<00:00, 1052.90it/s, Materializing param=text_model.encoder.layers.10.self_attn.out_proj.weight]
Loading weights:  43%|████▎     | 176/408 [00:00<00:00, 1052.90it/s, Materializing param=text_model.encoder.layers.10.self_attn.out_proj.weight]
Loading weights:  43%|████▎     | 177/408 [00:00<00:00, 1052.90it/s, Materializing param=text_model.encoder.layers.10.self_attn.q_proj.bias]    
Loading weights:  43%|████▎     | 177/408 [00:00<00:00, 1052.90it/s, Materializing param=text_model.encoder.layers.10.self_attn.q_proj.bias]
Loading weights:  44%|████▎     | 178/408 [00:00<00:00, 1052.90it/s, Materializing param=text_model.encoder.layers.10.self_attn.q_proj.weight]
Loading weights:  44%|████▎     | 178/408 [00:00<00:00, 1052.90it/s, Materializing param=text_model.encoder.layers.10.self_attn.q_proj.weight]
Loading weights:  44%|████▍     | 179/408 [00:00<00:00, 1052.90it/s, Materializing param=text_model.encoder.layers.10.self_attn.v_proj.bias]  
Loading weights:  44%|████▍     | 179/408 [00:00<00:00, 1052.90it/s, Materializing param=text_model.encoder.layers.10.self_attn.v_proj.bias]
Loading weights:  44%|████▍     | 180/408 [00:00<00:00, 1052.90it/s, Materializing param=text_model.encoder.layers.10.self_attn.v_proj.weight]
Loading weights:  44%|████▍     | 180/408 [00:00<00:00, 1052.90it/s, Materializing param=text_model.encoder.layers.10.self_attn.v_proj.weight]
Loading weights:  44%|████▍     | 181/408 [00:00<00:00, 1052.90it/s, Materializing param=text_model.encoder.layers.11.layer_norm1.bias]       
Loading weights:  44%|████▍     | 181/408 [00:00<00:00, 1052.90it/s, Materializing param=text_model.encoder.layers.11.layer_norm1.bias]
Loading weights:  45%|████▍     | 182/408 [00:00<00:00, 1052.90it/s, Materializing param=text_model.encoder.layers.11.layer_norm1.weight]
Loading weights:  45%|████▍     | 182/408 [00:00<00:00, 1052.90it/s, Materializing param=text_model.encoder.layers.11.layer_norm1.weight]
Loading weights:  45%|████▍     | 183/408 [00:00<00:00, 1052.90it/s, Materializing param=text_model.encoder.layers.11.layer_norm2.bias]  
Loading weights:  45%|████▍     | 183/408 [00:00<00:00, 1052.90it/s, Materializing param=text_model.encoder.layers.11.layer_norm2.bias]
Loading weights:  45%|████▌     | 184/408 [00:00<00:00, 1052.90it/s, Materializing param=text_model.encoder.layers.11.layer_norm2.weight]
Loading weights:  45%|████▌     | 184/408 [00:00<00:00, 1052.90it/s, Materializing param=text_model.encoder.layers.11.layer_norm2.weight]
Loading weights:  45%|████▌     | 185/408 [00:00<00:00, 1052.90it/s, Materializing param=text_model.encoder.layers.11.mlp.fc1.bias]      
Loading weights:  45%|████▌     | 185/408 [00:00<00:00, 1052.90it/s, Materializing param=text_model.encoder.layers.11.mlp.fc1.bias]
Loading weights:  46%|████▌     | 186/408 [00:00<00:00, 1052.90it/s, Materializing param=text_model.encoder.layers.11.mlp.fc1.weight]
Loading weights:  46%|████▌     | 186/408 [00:00<00:00, 1052.90it/s, Materializing param=text_model.encoder.layers.11.mlp.fc1.weight]
Loading weights:  46%|████▌     | 187/408 [00:00<00:00, 1052.90it/s, Materializing param=text_model.encoder.layers.11.mlp.fc2.bias]  
Loading weights:  46%|████▌     | 187/408 [00:00<00:00, 1052.90it/s, Materializing param=text_model.encoder.layers.11.mlp.fc2.bias]
Loading weights:  46%|████▌     | 188/408 [00:00<00:00, 1052.90it/s, Materializing param=text_model.encoder.layers.11.mlp.fc2.weight]
Loading weights:  46%|████▌     | 188/408 [00:00<00:00, 1052.90it/s, Materializing param=text_model.encoder.layers.11.mlp.fc2.weight]
Loading weights:  46%|████▋     | 189/408 [00:00<00:00, 1052.90it/s, Materializing param=text_model.encoder.layers.11.self_attn.k_proj.bias]
Loading weights:  46%|████▋     | 189/408 [00:00<00:00, 1052.90it/s, Materializing param=text_model.encoder.layers.11.self_attn.k_proj.bias]
Loading weights:  47%|████▋     | 190/408 [00:00<00:00, 1052.90it/s, Materializing param=text_model.encoder.layers.11.self_attn.k_proj.weight]
Loading weights:  47%|████▋     | 190/408 [00:00<00:00, 1052.90it/s, Materializing param=text_model.encoder.layers.11.self_attn.k_proj.weight]
Loading weights:  47%|████▋     | 191/408 [00:00<00:00, 1052.90it/s, Materializing param=text_model.encoder.layers.11.self_attn.out_proj.bias]
Loading weights:  47%|████▋     | 191/408 [00:00<00:00, 1052.90it/s, Materializing param=text_model.encoder.layers.11.self_attn.out_proj.bias]
Loading weights:  47%|████▋     | 192/408 [00:00<00:00, 1052.90it/s, Materializing param=text_model.encoder.layers.11.self_attn.out_proj.weight]
Loading weights:  47%|████▋     | 192/408 [00:00<00:00, 1052.90it/s, Materializing param=text_model.encoder.layers.11.self_attn.out_proj.weight]
Loading weights:  47%|████▋     | 193/408 [00:00<00:00, 1052.90it/s, Materializing param=text_model.encoder.layers.11.self_attn.q_proj.bias]    
Loading weights:  47%|████▋     | 193/408 [00:00<00:00, 1052.90it/s, Materializing param=text_model.encoder.layers.11.self_attn.q_proj.bias]
Loading weights:  48%|████▊     | 194/408 [00:00<00:00, 1052.90it/s, Materializing param=text_model.encoder.layers.11.self_attn.q_proj.weight]
Loading weights:  48%|████▊     | 194/408 [00:00<00:00, 1052.90it/s, Materializing param=text_model.encoder.layers.11.self_attn.q_proj.weight]
Loading weights:  48%|████▊     | 195/408 [00:00<00:00, 1052.90it/s, Materializing param=text_model.encoder.layers.11.self_attn.v_proj.bias]  
Loading weights:  48%|████▊     | 195/408 [00:00<00:00, 1052.90it/s, Materializing param=text_model.encoder.layers.11.self_attn.v_proj.bias]
Loading weights:  48%|████▊     | 196/408 [00:00<00:00, 1052.90it/s, Materializing param=text_model.encoder.layers.11.self_attn.v_proj.weight]
Loading weights:  48%|████▊     | 196/408 [00:00<00:00, 1052.90it/s, Materializing param=text_model.encoder.layers.11.self_attn.v_proj.weight]
Loading weights:  48%|████▊     | 197/408 [00:00<00:00, 1052.90it/s, Materializing param=text_model.final_layer_norm.bias]                    
Loading weights:  48%|████▊     | 197/408 [00:00<00:00, 1052.90it/s, Materializing param=text_model.final_layer_norm.bias]
Loading weights:  49%|████▊     | 198/408 [00:00<00:00, 1052.90it/s, Materializing param=text_model.final_layer_norm.weight]
Loading weights:  49%|████▊     | 198/408 [00:00<00:00, 1052.90it/s, Materializing param=text_model.final_layer_norm.weight]
Loading weights:  49%|████▉     | 199/408 [00:00<00:00, 1052.90it/s, Materializing param=text_model.head.bias]              
Loading weights:  49%|████▉     | 199/408 [00:00<00:00, 1052.90it/s, Materializing param=text_model.head.bias]
Loading weights:  49%|████▉     | 200/408 [00:00<00:00, 1052.90it/s, Materializing param=text_model.head.weight]
Loading weights:  49%|████▉     | 200/408 [00:00<00:00, 1052.90it/s, Materializing param=text_model.head.weight]
Loading weights:  49%|████▉     | 201/408 [00:00<00:00, 1052.90it/s, Materializing param=vision_model.embeddings.patch_embedding.bias]
Loading weights:  49%|████▉     | 201/408 [00:00<00:00, 1052.90it/s, Materializing param=vision_model.embeddings.patch_embedding.bias]
Loading weights:  50%|████▉     | 202/408 [00:00<00:00, 1052.90it/s, Materializing param=vision_model.embeddings.patch_embedding.weight]
Loading weights:  50%|████▉     | 202/408 [00:00<00:00, 1052.90it/s, Materializing param=vision_model.embeddings.patch_embedding.weight]
Loading weights:  50%|████▉     | 203/408 [00:00<00:00, 1052.90it/s, Materializing param=vision_model.embeddings.position_embedding.weight]
Loading weights:  50%|████▉     | 203/408 [00:00<00:00, 1052.90it/s, Materializing param=vision_model.embeddings.position_embedding.weight]
Loading weights:  50%|█████     | 204/408 [00:00<00:00, 1052.90it/s, Materializing param=vision_model.encoder.layers.0.layer_norm1.bias]   
Loading weights:  50%|█████     | 204/408 [00:00<00:00, 1052.90it/s, Materializing param=vision_model.encoder.layers.0.layer_norm1.bias]
Loading weights:  50%|█████     | 205/408 [00:00<00:00, 1052.90it/s, Materializing param=vision_model.encoder.layers.0.layer_norm1.weight]
Loading weights:  50%|█████     | 205/408 [00:00<00:00, 1052.90it/s, Materializing param=vision_model.encoder.layers.0.layer_norm1.weight]
Loading weights:  50%|█████     | 206/408 [00:00<00:00, 1052.90it/s, Materializing param=vision_model.encoder.layers.0.layer_norm2.bias]  
Loading weights:  50%|█████     | 206/408 [00:00<00:00, 1052.90it/s, Materializing param=vision_model.encoder.layers.0.layer_norm2.bias]
Loading weights:  51%|█████     | 207/408 [00:00<00:00, 1052.90it/s, Materializing param=vision_model.encoder.layers.0.layer_norm2.weight]
Loading weights:  51%|█████     | 207/408 [00:00<00:00, 1052.90it/s, Materializing param=vision_model.encoder.layers.0.layer_norm2.weight]
Loading weights:  51%|█████     | 208/408 [00:00<00:00, 1052.90it/s, Materializing param=vision_model.encoder.layers.0.mlp.fc1.bias]      
Loading weights:  51%|█████     | 208/408 [00:00<00:00, 1052.90it/s, Materializing param=vision_model.encoder.layers.0.mlp.fc1.bias]
Loading weights:  51%|█████     | 209/408 [00:00<00:00, 1052.90it/s, Materializing param=vision_model.encoder.layers.0.mlp.fc1.weight]
Loading weights:  51%|█████     | 209/408 [00:00<00:00, 1052.90it/s, Materializing param=vision_model.encoder.layers.0.mlp.fc1.weight]
Loading weights:  51%|█████▏    | 210/408 [00:00<00:00, 1052.90it/s, Materializing param=vision_model.encoder.layers.0.mlp.fc2.bias]  
Loading weights:  51%|█████▏    | 210/408 [00:00<00:00, 1052.90it/s, Materializing param=vision_model.encoder.layers.0.mlp.fc2.bias]
Loading weights:  52%|█████▏    | 211/408 [00:00<00:00, 1052.90it/s, Materializing param=vision_model.encoder.layers.0.mlp.fc2.weight]
Loading weights:  52%|█████▏    | 211/408 [00:00<00:00, 1052.90it/s, Materializing param=vision_model.encoder.layers.0.mlp.fc2.weight]
Loading weights:  52%|█████▏    | 212/408 [00:00<00:00, 1052.90it/s, Materializing param=vision_model.encoder.layers.0.self_attn.k_proj.bias]
Loading weights:  52%|█████▏    | 212/408 [00:00<00:00, 1052.90it/s, Materializing param=vision_model.encoder.layers.0.self_attn.k_proj.bias]
Loading weights:  52%|█████▏    | 213/408 [00:00<00:00, 1052.90it/s, Materializing param=vision_model.encoder.layers.0.self_attn.k_proj.weight]
Loading weights:  52%|█████▏    | 213/408 [00:00<00:00, 1052.90it/s, Materializing param=vision_model.encoder.layers.0.self_attn.k_proj.weight]
Loading weights:  52%|█████▏    | 214/408 [00:00<00:00, 1052.90it/s, Materializing param=vision_model.encoder.layers.0.self_attn.out_proj.bias]
Loading weights:  52%|█████▏    | 214/408 [00:00<00:00, 1052.90it/s, Materializing param=vision_model.encoder.layers.0.self_attn.out_proj.bias]
Loading weights:  53%|█████▎    | 215/408 [00:00<00:00, 1052.90it/s, Materializing param=vision_model.encoder.layers.0.self_attn.out_proj.weight]
Loading weights:  53%|█████▎    | 215/408 [00:00<00:00, 1052.90it/s, Materializing param=vision_model.encoder.layers.0.self_attn.out_proj.weight]
Loading weights:  53%|█████▎    | 216/408 [00:00<00:00, 1052.90it/s, Materializing param=vision_model.encoder.layers.0.self_attn.q_proj.bias]    
Loading weights:  53%|█████▎    | 216/408 [00:00<00:00, 1052.90it/s, Materializing param=vision_model.encoder.layers.0.self_attn.q_proj.bias]
Loading weights:  53%|█████▎    | 217/408 [00:00<00:00, 1052.90it/s, Materializing param=vision_model.encoder.layers.0.self_attn.q_proj.weight]
Loading weights:  53%|█████▎    | 217/408 [00:00<00:00, 1052.90it/s, Materializing param=vision_model.encoder.layers.0.self_attn.q_proj.weight]
Loading weights:  53%|█████▎    | 218/408 [00:00<00:00, 1052.90it/s, Materializing param=vision_model.encoder.layers.0.self_attn.v_proj.bias]  
Loading weights:  53%|█████▎    | 218/408 [00:00<00:00, 1052.90it/s, Materializing param=vision_model.encoder.layers.0.self_attn.v_proj.bias]
Loading weights:  54%|█████▎    | 219/408 [00:00<00:00, 1052.90it/s, Materializing param=vision_model.encoder.layers.0.self_attn.v_proj.weight]
Loading weights:  54%|█████▎    | 219/408 [00:00<00:00, 1052.90it/s, Materializing param=vision_model.encoder.layers.0.self_attn.v_proj.weight]
Loading weights:  54%|█████▍    | 220/408 [00:00<00:00, 1052.90it/s, Materializing param=vision_model.encoder.layers.1.layer_norm1.bias]       
Loading weights:  54%|█████▍    | 220/408 [00:00<00:00, 1052.90it/s, Materializing param=vision_model.encoder.layers.1.layer_norm1.bias]
Loading weights:  54%|█████▍    | 221/408 [00:00<00:00, 1052.90it/s, Materializing param=vision_model.encoder.layers.1.layer_norm1.weight]
Loading weights:  54%|█████▍    | 221/408 [00:00<00:00, 1052.90it/s, Materializing param=vision_model.encoder.layers.1.layer_norm1.weight]
Loading weights:  54%|█████▍    | 222/408 [00:00<00:00, 1052.90it/s, Materializing param=vision_model.encoder.layers.1.layer_norm2.bias]  
Loading weights:  54%|█████▍    | 222/408 [00:00<00:00, 1052.90it/s, Materializing param=vision_model.encoder.layers.1.layer_norm2.bias]
Loading weights:  55%|█████▍    | 223/408 [00:00<00:00, 1052.90it/s, Materializing param=vision_model.encoder.layers.1.layer_norm2.weight]
Loading weights:  55%|█████▍    | 223/408 [00:00<00:00, 1052.90it/s, Materializing param=vision_model.encoder.layers.1.layer_norm2.weight]
Loading weights:  55%|█████▍    | 224/408 [00:00<00:00, 1052.90it/s, Materializing param=vision_model.encoder.layers.1.mlp.fc1.bias]      
Loading weights:  55%|█████▍    | 224/408 [00:00<00:00, 1052.90it/s, Materializing param=vision_model.encoder.layers.1.mlp.fc1.bias]
Loading weights:  55%|█████▌    | 225/408 [00:00<00:00, 1052.90it/s, Materializing param=vision_model.encoder.layers.1.mlp.fc1.weight]
Loading weights:  55%|█████▌    | 225/408 [00:00<00:00, 1052.90it/s, Materializing param=vision_model.encoder.layers.1.mlp.fc1.weight]
Loading weights:  55%|█████▌    | 226/408 [00:00<00:00, 1052.90it/s, Materializing param=vision_model.encoder.layers.1.mlp.fc2.bias]  
Loading weights:  55%|█████▌    | 226/408 [00:00<00:00, 1052.90it/s, Materializing param=vision_model.encoder.layers.1.mlp.fc2.bias]
Loading weights:  56%|█████▌    | 227/408 [00:00<00:00, 1052.90it/s, Materializing param=vision_model.encoder.layers.1.mlp.fc2.weight]
Loading weights:  56%|█████▌    | 227/408 [00:00<00:00, 1052.90it/s, Materializing param=vision_model.encoder.layers.1.mlp.fc2.weight]
Loading weights:  56%|█████▌    | 228/408 [00:00<00:00, 1052.90it/s, Materializing param=vision_model.encoder.layers.1.self_attn.k_proj.bias]
Loading weights:  56%|█████▌    | 228/408 [00:00<00:00, 1052.90it/s, Materializing param=vision_model.encoder.layers.1.self_attn.k_proj.bias]
Loading weights:  56%|█████▌    | 229/408 [00:00<00:00, 1052.90it/s, Materializing param=vision_model.encoder.layers.1.self_attn.k_proj.weight]
Loading weights:  56%|█████▌    | 229/408 [00:00<00:00, 1052.90it/s, Materializing param=vision_model.encoder.layers.1.self_attn.k_proj.weight]
Loading weights:  56%|█████▋    | 230/408 [00:00<00:00, 1052.90it/s, Materializing param=vision_model.encoder.layers.1.self_attn.out_proj.bias]
Loading weights:  56%|█████▋    | 230/408 [00:00<00:00, 1052.90it/s, Materializing param=vision_model.encoder.layers.1.self_attn.out_proj.bias]
Loading weights:  57%|█████▋    | 231/408 [00:00<00:00, 1052.90it/s, Materializing param=vision_model.encoder.layers.1.self_attn.out_proj.weight]
Loading weights:  57%|█████▋    | 231/408 [00:00<00:00, 1052.90it/s, Materializing param=vision_model.encoder.layers.1.self_attn.out_proj.weight]
Loading weights:  57%|█████▋    | 232/408 [00:00<00:00, 1052.90it/s, Materializing param=vision_model.encoder.layers.1.self_attn.q_proj.bias]    
Loading weights:  57%|█████▋    | 232/408 [00:00<00:00, 1052.90it/s, Materializing param=vision_model.encoder.layers.1.self_attn.q_proj.bias]
Loading weights:  57%|█████▋    | 233/408 [00:00<00:00, 1052.90it/s, Materializing param=vision_model.encoder.layers.1.self_attn.q_proj.weight]
Loading weights:  57%|█████▋    | 233/408 [00:00<00:00, 1052.90it/s, Materializing param=vision_model.encoder.layers.1.self_attn.q_proj.weight]
Loading weights:  57%|█████▋    | 234/408 [00:00<00:00, 1052.90it/s, Materializing param=vision_model.encoder.layers.1.self_attn.v_proj.bias]  
Loading weights:  57%|█████▋    | 234/408 [00:00<00:00, 1052.90it/s, Materializing param=vision_model.encoder.layers.1.self_attn.v_proj.bias]
Loading weights:  58%|█████▊    | 235/408 [00:00<00:00, 1052.90it/s, Materializing param=vision_model.encoder.layers.1.self_attn.v_proj.weight]
Loading weights:  58%|█████▊    | 235/408 [00:00<00:00, 1052.90it/s, Materializing param=vision_model.encoder.layers.1.self_attn.v_proj.weight]
Loading weights:  58%|█████▊    | 236/408 [00:00<00:00, 1052.90it/s, Materializing param=vision_model.encoder.layers.2.layer_norm1.bias]       
Loading weights:  58%|█████▊    | 236/408 [00:00<00:00, 1052.90it/s, Materializing param=vision_model.encoder.layers.2.layer_norm1.bias]
Loading weights:  58%|█████▊    | 237/408 [00:00<00:00, 1052.90it/s, Materializing param=vision_model.encoder.layers.2.layer_norm1.weight]
Loading weights:  58%|█████▊    | 237/408 [00:00<00:00, 1052.90it/s, Materializing param=vision_model.encoder.layers.2.layer_norm1.weight]
Loading weights:  58%|█████▊    | 238/408 [00:00<00:00, 1052.90it/s, Materializing param=vision_model.encoder.layers.2.layer_norm2.bias]  
Loading weights:  58%|█████▊    | 238/408 [00:00<00:00, 1052.90it/s, Materializing param=vision_model.encoder.layers.2.layer_norm2.bias]
Loading weights:  59%|█████▊    | 239/408 [00:00<00:00, 1052.90it/s, Materializing param=vision_model.encoder.layers.2.layer_norm2.weight]
Loading weights:  59%|█████▊    | 239/408 [00:00<00:00, 1052.90it/s, Materializing param=vision_model.encoder.layers.2.layer_norm2.weight]
Loading weights:  59%|█████▉    | 240/408 [00:00<00:00, 1052.90it/s, Materializing param=vision_model.encoder.layers.2.mlp.fc1.bias]      
Loading weights:  59%|█████▉    | 240/408 [00:00<00:00, 1052.90it/s, Materializing param=vision_model.encoder.layers.2.mlp.fc1.bias]
Loading weights:  59%|█████▉    | 241/408 [00:00<00:00, 1052.90it/s, Materializing param=vision_model.encoder.layers.2.mlp.fc1.weight]
Loading weights:  59%|█████▉    | 241/408 [00:00<00:00, 1052.90it/s, Materializing param=vision_model.encoder.layers.2.mlp.fc1.weight]
Loading weights:  59%|█████▉    | 242/408 [00:00<00:00, 1052.90it/s, Materializing param=vision_model.encoder.layers.2.mlp.fc2.bias]  
Loading weights:  59%|█████▉    | 242/408 [00:00<00:00, 1052.90it/s, Materializing param=vision_model.encoder.layers.2.mlp.fc2.bias]
Loading weights:  60%|█████▉    | 243/408 [00:00<00:00, 1052.90it/s, Materializing param=vision_model.encoder.layers.2.mlp.fc2.weight]
Loading weights:  60%|█████▉    | 243/408 [00:00<00:00, 1052.90it/s, Materializing param=vision_model.encoder.layers.2.mlp.fc2.weight]
Loading weights:  60%|█████▉    | 244/408 [00:00<00:00, 1052.90it/s, Materializing param=vision_model.encoder.layers.2.self_attn.k_proj.bias]
Loading weights:  60%|█████▉    | 244/408 [00:00<00:00, 1052.90it/s, Materializing param=vision_model.encoder.layers.2.self_attn.k_proj.bias]
Loading weights:  60%|██████    | 245/408 [00:00<00:00, 1052.90it/s, Materializing param=vision_model.encoder.layers.2.self_attn.k_proj.weight]
Loading weights:  60%|██████    | 245/408 [00:00<00:00, 1052.90it/s, Materializing param=vision_model.encoder.layers.2.self_attn.k_proj.weight]
Loading weights:  60%|██████    | 246/408 [00:00<00:00, 1052.90it/s, Materializing param=vision_model.encoder.layers.2.self_attn.out_proj.bias]
Loading weights:  60%|██████    | 246/408 [00:00<00:00, 1052.90it/s, Materializing param=vision_model.encoder.layers.2.self_attn.out_proj.bias]
Loading weights:  61%|██████    | 247/408 [00:00<00:00, 1052.90it/s, Materializing param=vision_model.encoder.layers.2.self_attn.out_proj.weight]
Loading weights:  61%|██████    | 247/408 [00:00<00:00, 1052.90it/s, Materializing param=vision_model.encoder.layers.2.self_attn.out_proj.weight]
Loading weights:  61%|██████    | 248/408 [00:00<00:00, 1052.90it/s, Materializing param=vision_model.encoder.layers.2.self_attn.q_proj.bias]    
Loading weights:  61%|██████    | 248/408 [00:00<00:00, 1052.90it/s, Materializing param=vision_model.encoder.layers.2.self_attn.q_proj.bias]
Loading weights:  61%|██████    | 249/408 [00:00<00:00, 1052.90it/s, Materializing param=vision_model.encoder.layers.2.self_attn.q_proj.weight]
Loading weights:  61%|██████    | 249/408 [00:00<00:00, 1052.90it/s, Materializing param=vision_model.encoder.layers.2.self_attn.q_proj.weight]
Loading weights:  61%|██████▏   | 250/408 [00:00<00:00, 1052.90it/s, Materializing param=vision_model.encoder.layers.2.self_attn.v_proj.bias]  
Loading weights:  61%|██████▏   | 250/408 [00:00<00:00, 1052.90it/s, Materializing param=vision_model.encoder.layers.2.self_attn.v_proj.bias]
Loading weights:  62%|██████▏   | 251/408 [00:00<00:00, 1052.90it/s, Materializing param=vision_model.encoder.layers.2.self_attn.v_proj.weight]
Loading weights:  62%|██████▏   | 251/408 [00:00<00:00, 1052.90it/s, Materializing param=vision_model.encoder.layers.2.self_attn.v_proj.weight]
Loading weights:  62%|██████▏   | 252/408 [00:00<00:00, 1052.90it/s, Materializing param=vision_model.encoder.layers.3.layer_norm1.bias]       
Loading weights:  62%|██████▏   | 252/408 [00:00<00:00, 1052.90it/s, Materializing param=vision_model.encoder.layers.3.layer_norm1.bias]
Loading weights:  62%|██████▏   | 253/408 [00:00<00:00, 1052.90it/s, Materializing param=vision_model.encoder.layers.3.layer_norm1.weight]
Loading weights:  62%|██████▏   | 253/408 [00:00<00:00, 1052.90it/s, Materializing param=vision_model.encoder.layers.3.layer_norm1.weight]
Loading weights:  62%|██████▏   | 254/408 [00:00<00:00, 1052.90it/s, Materializing param=vision_model.encoder.layers.3.layer_norm2.bias]  
Loading weights:  62%|██████▏   | 254/408 [00:00<00:00, 1052.90it/s, Materializing param=vision_model.encoder.layers.3.layer_norm2.bias]
Loading weights:  62%|██████▎   | 255/408 [00:00<00:00, 1052.90it/s, Materializing param=vision_model.encoder.layers.3.layer_norm2.weight]
Loading weights:  62%|██████▎   | 255/408 [00:00<00:00, 1052.90it/s, Materializing param=vision_model.encoder.layers.3.layer_norm2.weight]
Loading weights:  63%|██████▎   | 256/408 [00:00<00:00, 1052.90it/s, Materializing param=vision_model.encoder.layers.3.mlp.fc1.bias]      
Loading weights:  63%|██████▎   | 256/408 [00:00<00:00, 1052.90it/s, Materializing param=vision_model.encoder.layers.3.mlp.fc1.bias]
Loading weights:  63%|██████▎   | 257/408 [00:00<00:00, 1052.90it/s, Materializing param=vision_model.encoder.layers.3.mlp.fc1.weight]
Loading weights:  63%|██████▎   | 257/408 [00:00<00:00, 1052.90it/s, Materializing param=vision_model.encoder.layers.3.mlp.fc1.weight]
Loading weights:  63%|██████▎   | 258/408 [00:00<00:00, 1052.90it/s, Materializing param=vision_model.encoder.layers.3.mlp.fc2.bias]  
Loading weights:  63%|██████▎   | 258/408 [00:00<00:00, 1052.90it/s, Materializing param=vision_model.encoder.layers.3.mlp.fc2.bias]
Loading weights:  63%|██████▎   | 259/408 [00:00<00:00, 1052.90it/s, Materializing param=vision_model.encoder.layers.3.mlp.fc2.weight]
Loading weights:  63%|██████▎   | 259/408 [00:00<00:00, 1052.90it/s, Materializing param=vision_model.encoder.layers.3.mlp.fc2.weight]
Loading weights:  64%|██████▎   | 260/408 [00:00<00:00, 1052.90it/s, Materializing param=vision_model.encoder.layers.3.self_attn.k_proj.bias]
Loading weights:  64%|██████▎   | 260/408 [00:00<00:00, 1052.90it/s, Materializing param=vision_model.encoder.layers.3.self_attn.k_proj.bias]
Loading weights:  64%|██████▍   | 261/408 [00:00<00:00, 1052.90it/s, Materializing param=vision_model.encoder.layers.3.self_attn.k_proj.weight]
Loading weights:  64%|██████▍   | 261/408 [00:00<00:00, 1052.90it/s, Materializing param=vision_model.encoder.layers.3.self_attn.k_proj.weight]
Loading weights:  64%|██████▍   | 262/408 [00:00<00:00, 1052.90it/s, Materializing param=vision_model.encoder.layers.3.self_attn.out_proj.bias]
Loading weights:  64%|██████▍   | 262/408 [00:00<00:00, 1052.90it/s, Materializing param=vision_model.encoder.layers.3.self_attn.out_proj.bias]
Loading weights:  64%|██████▍   | 263/408 [00:00<00:00, 1052.90it/s, Materializing param=vision_model.encoder.layers.3.self_attn.out_proj.weight]
Loading weights:  64%|██████▍   | 263/408 [00:00<00:00, 1052.90it/s, Materializing param=vision_model.encoder.layers.3.self_attn.out_proj.weight]
Loading weights:  65%|██████▍   | 264/408 [00:00<00:00, 1052.90it/s, Materializing param=vision_model.encoder.layers.3.self_attn.q_proj.bias]    
Loading weights:  65%|██████▍   | 264/408 [00:00<00:00, 1052.90it/s, Materializing param=vision_model.encoder.layers.3.self_attn.q_proj.bias]
Loading weights:  65%|██████▍   | 265/408 [00:00<00:00, 1052.90it/s, Materializing param=vision_model.encoder.layers.3.self_attn.q_proj.weight]
Loading weights:  65%|██████▍   | 265/408 [00:00<00:00, 1052.90it/s, Materializing param=vision_model.encoder.layers.3.self_attn.q_proj.weight]
Loading weights:  65%|██████▌   | 266/408 [00:00<00:00, 1052.90it/s, Materializing param=vision_model.encoder.layers.3.self_attn.v_proj.bias]  
Loading weights:  65%|██████▌   | 266/408 [00:00<00:00, 1052.90it/s, Materializing param=vision_model.encoder.layers.3.self_attn.v_proj.bias]
Loading weights:  65%|██████▌   | 267/408 [00:00<00:00, 1052.90it/s, Materializing param=vision_model.encoder.layers.3.self_attn.v_proj.weight]
Loading weights:  65%|██████▌   | 267/408 [00:00<00:00, 1052.90it/s, Materializing param=vision_model.encoder.layers.3.self_attn.v_proj.weight]
Loading weights:  66%|██████▌   | 268/408 [00:00<00:00, 1052.90it/s, Materializing param=vision_model.encoder.layers.4.layer_norm1.bias]       
Loading weights:  66%|██████▌   | 268/408 [00:00<00:00, 1052.90it/s, Materializing param=vision_model.encoder.layers.4.layer_norm1.bias]
Loading weights:  66%|██████▌   | 269/408 [00:00<00:00, 1052.90it/s, Materializing param=vision_model.encoder.layers.4.layer_norm1.weight]
Loading weights:  66%|██████▌   | 269/408 [00:00<00:00, 1052.90it/s, Materializing param=vision_model.encoder.layers.4.layer_norm1.weight]
Loading weights:  66%|██████▌   | 270/408 [00:00<00:00, 1052.90it/s, Materializing param=vision_model.encoder.layers.4.layer_norm2.bias]  
Loading weights:  66%|██████▌   | 270/408 [00:00<00:00, 1052.90it/s, Materializing param=vision_model.encoder.layers.4.layer_norm2.bias]
Loading weights:  66%|██████▋   | 271/408 [00:00<00:00, 1052.90it/s, Materializing param=vision_model.encoder.layers.4.layer_norm2.weight]
Loading weights:  66%|██████▋   | 271/408 [00:00<00:00, 1052.90it/s, Materializing param=vision_model.encoder.layers.4.layer_norm2.weight]
Loading weights:  67%|██████▋   | 272/408 [00:00<00:00, 1052.90it/s, Materializing param=vision_model.encoder.layers.4.mlp.fc1.bias]      
Loading weights:  67%|██████▋   | 272/408 [00:00<00:00, 1052.90it/s, Materializing param=vision_model.encoder.layers.4.mlp.fc1.bias]
Loading weights:  67%|██████▋   | 273/408 [00:00<00:00, 1052.90it/s, Materializing param=vision_model.encoder.layers.4.mlp.fc1.weight]
Loading weights:  67%|██████▋   | 273/408 [00:00<00:00, 1052.90it/s, Materializing param=vision_model.encoder.layers.4.mlp.fc1.weight]
Loading weights:  67%|██████▋   | 274/408 [00:00<00:00, 1052.90it/s, Materializing param=vision_model.encoder.layers.4.mlp.fc2.bias]  
Loading weights:  67%|██████▋   | 274/408 [00:00<00:00, 1052.90it/s, Materializing param=vision_model.encoder.layers.4.mlp.fc2.bias]
Loading weights:  67%|██████▋   | 275/408 [00:00<00:00, 1052.90it/s, Materializing param=vision_model.encoder.layers.4.mlp.fc2.weight]
Loading weights:  67%|██████▋   | 275/408 [00:00<00:00, 1052.90it/s, Materializing param=vision_model.encoder.layers.4.mlp.fc2.weight]
Loading weights:  68%|██████▊   | 276/408 [00:00<00:00, 1052.90it/s, Materializing param=vision_model.encoder.layers.4.self_attn.k_proj.bias]
Loading weights:  68%|██████▊   | 276/408 [00:00<00:00, 1052.90it/s, Materializing param=vision_model.encoder.layers.4.self_attn.k_proj.bias]
Loading weights:  68%|██████▊   | 277/408 [00:00<00:00, 1052.90it/s, Materializing param=vision_model.encoder.layers.4.self_attn.k_proj.weight]
Loading weights:  68%|██████▊   | 277/408 [00:00<00:00, 1052.90it/s, Materializing param=vision_model.encoder.layers.4.self_attn.k_proj.weight]
Loading weights:  68%|██████▊   | 278/408 [00:00<00:00, 1052.90it/s, Materializing param=vision_model.encoder.layers.4.self_attn.out_proj.bias]
Loading weights:  68%|██████▊   | 278/408 [00:00<00:00, 1052.90it/s, Materializing param=vision_model.encoder.layers.4.self_attn.out_proj.bias]
Loading weights:  68%|██████▊   | 279/408 [00:00<00:00, 1052.90it/s, Materializing param=vision_model.encoder.layers.4.self_attn.out_proj.weight]
Loading weights:  68%|██████▊   | 279/408 [00:00<00:00, 1052.90it/s, Materializing param=vision_model.encoder.layers.4.self_attn.out_proj.weight]
Loading weights:  69%|██████▊   | 280/408 [00:00<00:00, 1052.90it/s, Materializing param=vision_model.encoder.layers.4.self_attn.q_proj.bias]    
Loading weights:  69%|██████▊   | 280/408 [00:00<00:00, 1052.90it/s, Materializing param=vision_model.encoder.layers.4.self_attn.q_proj.bias]
Loading weights:  69%|██████▉   | 281/408 [00:00<00:00, 1052.90it/s, Materializing param=vision_model.encoder.layers.4.self_attn.q_proj.weight]
Loading weights:  69%|██████▉   | 281/408 [00:00<00:00, 1052.90it/s, Materializing param=vision_model.encoder.layers.4.self_attn.q_proj.weight]
Loading weights:  69%|██████▉   | 282/408 [00:00<00:00, 1052.90it/s, Materializing param=vision_model.encoder.layers.4.self_attn.v_proj.bias]  
Loading weights:  69%|██████▉   | 282/408 [00:00<00:00, 1052.90it/s, Materializing param=vision_model.encoder.layers.4.self_attn.v_proj.bias]
Loading weights:  69%|██████▉   | 283/408 [00:00<00:00, 1052.90it/s, Materializing param=vision_model.encoder.layers.4.self_attn.v_proj.weight]
Loading weights:  69%|██████▉   | 283/408 [00:00<00:00, 1052.90it/s, Materializing param=vision_model.encoder.layers.4.self_attn.v_proj.weight]
Loading weights:  70%|██████▉   | 284/408 [00:00<00:00, 1052.90it/s, Materializing param=vision_model.encoder.layers.5.layer_norm1.bias]       
Loading weights:  70%|██████▉   | 284/408 [00:00<00:00, 1052.90it/s, Materializing param=vision_model.encoder.layers.5.layer_norm1.bias]
Loading weights:  70%|██████▉   | 285/408 [00:00<00:00, 1052.90it/s, Materializing param=vision_model.encoder.layers.5.layer_norm1.weight]
Loading weights:  70%|██████▉   | 285/408 [00:00<00:00, 1052.90it/s, Materializing param=vision_model.encoder.layers.5.layer_norm1.weight]
Loading weights:  70%|███████   | 286/408 [00:00<00:00, 1052.90it/s, Materializing param=vision_model.encoder.layers.5.layer_norm2.bias]  
Loading weights:  70%|███████   | 286/408 [00:00<00:00, 1052.90it/s, Materializing param=vision_model.encoder.layers.5.layer_norm2.bias]
Loading weights:  70%|███████   | 287/408 [00:00<00:00, 1052.90it/s, Materializing param=vision_model.encoder.layers.5.layer_norm2.weight]
Loading weights:  70%|███████   | 287/408 [00:00<00:00, 1052.90it/s, Materializing param=vision_model.encoder.layers.5.layer_norm2.weight]
Loading weights:  71%|███████   | 288/408 [00:00<00:00, 1052.90it/s, Materializing param=vision_model.encoder.layers.5.mlp.fc1.bias]      
Loading weights:  71%|███████   | 288/408 [00:00<00:00, 1052.90it/s, Materializing param=vision_model.encoder.layers.5.mlp.fc1.bias]
Loading weights:  71%|███████   | 289/408 [00:00<00:00, 1052.90it/s, Materializing param=vision_model.encoder.layers.5.mlp.fc1.weight]
Loading weights:  71%|███████   | 289/408 [00:00<00:00, 1052.90it/s, Materializing param=vision_model.encoder.layers.5.mlp.fc1.weight]
Loading weights:  71%|███████   | 290/408 [00:00<00:00, 1052.90it/s, Materializing param=vision_model.encoder.layers.5.mlp.fc2.bias]  
Loading weights:  71%|███████   | 290/408 [00:00<00:00, 1052.90it/s, Materializing param=vision_model.encoder.layers.5.mlp.fc2.bias]
Loading weights:  71%|███████▏  | 291/408 [00:00<00:00, 1052.90it/s, Materializing param=vision_model.encoder.layers.5.mlp.fc2.weight]
Loading weights:  71%|███████▏  | 291/408 [00:00<00:00, 1052.90it/s, Materializing param=vision_model.encoder.layers.5.mlp.fc2.weight]
Loading weights:  72%|███████▏  | 292/408 [00:00<00:00, 1052.90it/s, Materializing param=vision_model.encoder.layers.5.self_attn.k_proj.bias]
Loading weights:  72%|███████▏  | 292/408 [00:00<00:00, 1052.90it/s, Materializing param=vision_model.encoder.layers.5.self_attn.k_proj.bias]
Loading weights:  72%|███████▏  | 293/408 [00:00<00:00, 1052.90it/s, Materializing param=vision_model.encoder.layers.5.self_attn.k_proj.weight]
Loading weights:  72%|███████▏  | 293/408 [00:00<00:00, 1052.90it/s, Materializing param=vision_model.encoder.layers.5.self_attn.k_proj.weight]
Loading weights:  72%|███████▏  | 294/408 [00:00<00:00, 1052.90it/s, Materializing param=vision_model.encoder.layers.5.self_attn.out_proj.bias]
Loading weights:  72%|███████▏  | 294/408 [00:00<00:00, 1052.90it/s, Materializing param=vision_model.encoder.layers.5.self_attn.out_proj.bias]
Loading weights:  72%|███████▏  | 295/408 [00:00<00:00, 1052.90it/s, Materializing param=vision_model.encoder.layers.5.self_attn.out_proj.weight]
Loading weights:  72%|███████▏  | 295/408 [00:00<00:00, 1052.90it/s, Materializing param=vision_model.encoder.layers.5.self_attn.out_proj.weight]
Loading weights:  73%|███████▎  | 296/408 [00:00<00:00, 1052.90it/s, Materializing param=vision_model.encoder.layers.5.self_attn.q_proj.bias]    
Loading weights:  73%|███████▎  | 296/408 [00:00<00:00, 1052.90it/s, Materializing param=vision_model.encoder.layers.5.self_attn.q_proj.bias]
Loading weights:  73%|███████▎  | 297/408 [00:00<00:00, 1555.56it/s, Materializing param=vision_model.encoder.layers.5.self_attn.q_proj.bias]
Loading weights:  73%|███████▎  | 297/408 [00:00<00:00, 1555.56it/s, Materializing param=vision_model.encoder.layers.5.self_attn.q_proj.weight]
Loading weights:  73%|███████▎  | 297/408 [00:00<00:00, 1555.56it/s, Materializing param=vision_model.encoder.layers.5.self_attn.q_proj.weight]
Loading weights:  73%|███████▎  | 298/408 [00:00<00:00, 1555.56it/s, Materializing param=vision_model.encoder.layers.5.self_attn.v_proj.bias]  
Loading weights:  73%|███████▎  | 298/408 [00:00<00:00, 1555.56it/s, Materializing param=vision_model.encoder.layers.5.self_attn.v_proj.bias]
Loading weights:  73%|███████▎  | 299/408 [00:00<00:00, 1555.56it/s, Materializing param=vision_model.encoder.layers.5.self_attn.v_proj.weight]
Loading weights:  73%|███████▎  | 299/408 [00:00<00:00, 1555.56it/s, Materializing param=vision_model.encoder.layers.5.self_attn.v_proj.weight]
Loading weights:  74%|███████▎  | 300/408 [00:00<00:00, 1555.56it/s, Materializing param=vision_model.encoder.layers.6.layer_norm1.bias]       
Loading weights:  74%|███████▎  | 300/408 [00:00<00:00, 1555.56it/s, Materializing param=vision_model.encoder.layers.6.layer_norm1.bias]
Loading weights:  74%|███████▍  | 301/408 [00:00<00:00, 1555.56it/s, Materializing param=vision_model.encoder.layers.6.layer_norm1.weight]
Loading weights:  74%|███████▍  | 301/408 [00:00<00:00, 1555.56it/s, Materializing param=vision_model.encoder.layers.6.layer_norm1.weight]
Loading weights:  74%|███████▍  | 302/408 [00:00<00:00, 1555.56it/s, Materializing param=vision_model.encoder.layers.6.layer_norm2.bias]  
Loading weights:  74%|███████▍  | 302/408 [00:00<00:00, 1555.56it/s, Materializing param=vision_model.encoder.layers.6.layer_norm2.bias]
Loading weights:  74%|███████▍  | 303/408 [00:00<00:00, 1555.56it/s, Materializing param=vision_model.encoder.layers.6.layer_norm2.weight]
Loading weights:  74%|███████▍  | 303/408 [00:00<00:00, 1555.56it/s, Materializing param=vision_model.encoder.layers.6.layer_norm2.weight]
Loading weights:  75%|███████▍  | 304/408 [00:00<00:00, 1555.56it/s, Materializing param=vision_model.encoder.layers.6.mlp.fc1.bias]      
Loading weights:  75%|███████▍  | 304/408 [00:00<00:00, 1555.56it/s, Materializing param=vision_model.encoder.layers.6.mlp.fc1.bias]
Loading weights:  75%|███████▍  | 305/408 [00:00<00:00, 1555.56it/s, Materializing param=vision_model.encoder.layers.6.mlp.fc1.weight]
Loading weights:  75%|███████▍  | 305/408 [00:00<00:00, 1555.56it/s, Materializing param=vision_model.encoder.layers.6.mlp.fc1.weight]
Loading weights:  75%|███████▌  | 306/408 [00:00<00:00, 1555.56it/s, Materializing param=vision_model.encoder.layers.6.mlp.fc2.bias]  
Loading weights:  75%|███████▌  | 306/408 [00:00<00:00, 1555.56it/s, Materializing param=vision_model.encoder.layers.6.mlp.fc2.bias]
Loading weights:  75%|███████▌  | 307/408 [00:00<00:00, 1555.56it/s, Materializing param=vision_model.encoder.layers.6.mlp.fc2.weight]
Loading weights:  75%|███████▌  | 307/408 [00:00<00:00, 1555.56it/s, Materializing param=vision_model.encoder.layers.6.mlp.fc2.weight]
Loading weights:  75%|███████▌  | 308/408 [00:00<00:00, 1555.56it/s, Materializing param=vision_model.encoder.layers.6.self_attn.k_proj.bias]
Loading weights:  75%|███████▌  | 308/408 [00:00<00:00, 1555.56it/s, Materializing param=vision_model.encoder.layers.6.self_attn.k_proj.bias]
Loading weights:  76%|███████▌  | 309/408 [00:00<00:00, 1555.56it/s, Materializing param=vision_model.encoder.layers.6.self_attn.k_proj.weight]
Loading weights:  76%|███████▌  | 309/408 [00:00<00:00, 1555.56it/s, Materializing param=vision_model.encoder.layers.6.self_attn.k_proj.weight]
Loading weights:  76%|███████▌  | 310/408 [00:00<00:00, 1555.56it/s, Materializing param=vision_model.encoder.layers.6.self_attn.out_proj.bias]
Loading weights:  76%|███████▌  | 310/408 [00:00<00:00, 1555.56it/s, Materializing param=vision_model.encoder.layers.6.self_attn.out_proj.bias]
Loading weights:  76%|███████▌  | 311/408 [00:00<00:00, 1555.56it/s, Materializing param=vision_model.encoder.layers.6.self_attn.out_proj.weight]
Loading weights:  76%|███████▌  | 311/408 [00:00<00:00, 1555.56it/s, Materializing param=vision_model.encoder.layers.6.self_attn.out_proj.weight]
Loading weights:  76%|███████▋  | 312/408 [00:00<00:00, 1555.56it/s, Materializing param=vision_model.encoder.layers.6.self_attn.q_proj.bias]    
Loading weights:  76%|███████▋  | 312/408 [00:00<00:00, 1555.56it/s, Materializing param=vision_model.encoder.layers.6.self_attn.q_proj.bias]
Loading weights:  77%|███████▋  | 313/408 [00:00<00:00, 1555.56it/s, Materializing param=vision_model.encoder.layers.6.self_attn.q_proj.weight]
Loading weights:  77%|███████▋  | 313/408 [00:00<00:00, 1555.56it/s, Materializing param=vision_model.encoder.layers.6.self_attn.q_proj.weight]
Loading weights:  77%|███████▋  | 314/408 [00:00<00:00, 1555.56it/s, Materializing param=vision_model.encoder.layers.6.self_attn.v_proj.bias]  
Loading weights:  77%|███████▋  | 314/408 [00:00<00:00, 1555.56it/s, Materializing param=vision_model.encoder.layers.6.self_attn.v_proj.bias]
Loading weights:  77%|███████▋  | 315/408 [00:00<00:00, 1555.56it/s, Materializing param=vision_model.encoder.layers.6.self_attn.v_proj.weight]
Loading weights:  77%|███████▋  | 315/408 [00:00<00:00, 1555.56it/s, Materializing param=vision_model.encoder.layers.6.self_attn.v_proj.weight]
Loading weights:  77%|███████▋  | 316/408 [00:00<00:00, 1555.56it/s, Materializing param=vision_model.encoder.layers.7.layer_norm1.bias]       
Loading weights:  77%|███████▋  | 316/408 [00:00<00:00, 1555.56it/s, Materializing param=vision_model.encoder.layers.7.layer_norm1.bias]
Loading weights:  78%|███████▊  | 317/408 [00:00<00:00, 1555.56it/s, Materializing param=vision_model.encoder.layers.7.layer_norm1.weight]
Loading weights:  78%|███████▊  | 317/408 [00:00<00:00, 1555.56it/s, Materializing param=vision_model.encoder.layers.7.layer_norm1.weight]
Loading weights:  78%|███████▊  | 318/408 [00:00<00:00, 1555.56it/s, Materializing param=vision_model.encoder.layers.7.layer_norm2.bias]  
Loading weights:  78%|███████▊  | 318/408 [00:00<00:00, 1555.56it/s, Materializing param=vision_model.encoder.layers.7.layer_norm2.bias]
Loading weights:  78%|███████▊  | 319/408 [00:00<00:00, 1555.56it/s, Materializing param=vision_model.encoder.layers.7.layer_norm2.weight]
Loading weights:  78%|███████▊  | 319/408 [00:00<00:00, 1555.56it/s, Materializing param=vision_model.encoder.layers.7.layer_norm2.weight]
Loading weights:  78%|███████▊  | 320/408 [00:00<00:00, 1555.56it/s, Materializing param=vision_model.encoder.layers.7.mlp.fc1.bias]      
Loading weights:  78%|███████▊  | 320/408 [00:00<00:00, 1555.56it/s, Materializing param=vision_model.encoder.layers.7.mlp.fc1.bias]
Loading weights:  79%|███████▊  | 321/408 [00:00<00:00, 1555.56it/s, Materializing param=vision_model.encoder.layers.7.mlp.fc1.weight]
Loading weights:  79%|███████▊  | 321/408 [00:00<00:00, 1555.56it/s, Materializing param=vision_model.encoder.layers.7.mlp.fc1.weight]
Loading weights:  79%|███████▉  | 322/408 [00:00<00:00, 1555.56it/s, Materializing param=vision_model.encoder.layers.7.mlp.fc2.bias]  
Loading weights:  79%|███████▉  | 322/408 [00:00<00:00, 1555.56it/s, Materializing param=vision_model.encoder.layers.7.mlp.fc2.bias]
Loading weights:  79%|███████▉  | 323/408 [00:00<00:00, 1555.56it/s, Materializing param=vision_model.encoder.layers.7.mlp.fc2.weight]
Loading weights:  79%|███████▉  | 323/408 [00:00<00:00, 1555.56it/s, Materializing param=vision_model.encoder.layers.7.mlp.fc2.weight]
Loading weights:  79%|███████▉  | 324/408 [00:00<00:00, 1555.56it/s, Materializing param=vision_model.encoder.layers.7.self_attn.k_proj.bias]
Loading weights:  79%|███████▉  | 324/408 [00:00<00:00, 1555.56it/s, Materializing param=vision_model.encoder.layers.7.self_attn.k_proj.bias]
Loading weights:  80%|███████▉  | 325/408 [00:00<00:00, 1555.56it/s, Materializing param=vision_model.encoder.layers.7.self_attn.k_proj.weight]
Loading weights:  80%|███████▉  | 325/408 [00:00<00:00, 1555.56it/s, Materializing param=vision_model.encoder.layers.7.self_attn.k_proj.weight]
Loading weights:  80%|███████▉  | 326/408 [00:00<00:00, 1555.56it/s, Materializing param=vision_model.encoder.layers.7.self_attn.out_proj.bias]
Loading weights:  80%|███████▉  | 326/408 [00:00<00:00, 1555.56it/s, Materializing param=vision_model.encoder.layers.7.self_attn.out_proj.bias]
Loading weights:  80%|████████  | 327/408 [00:00<00:00, 1555.56it/s, Materializing param=vision_model.encoder.layers.7.self_attn.out_proj.weight]
Loading weights:  80%|████████  | 327/408 [00:00<00:00, 1555.56it/s, Materializing param=vision_model.encoder.layers.7.self_attn.out_proj.weight]
Loading weights:  80%|████████  | 328/408 [00:00<00:00, 1555.56it/s, Materializing param=vision_model.encoder.layers.7.self_attn.q_proj.bias]    
Loading weights:  80%|████████  | 328/408 [00:00<00:00, 1555.56it/s, Materializing param=vision_model.encoder.layers.7.self_attn.q_proj.bias]
Loading weights:  81%|████████  | 329/408 [00:00<00:00, 1555.56it/s, Materializing param=vision_model.encoder.layers.7.self_attn.q_proj.weight]
Loading weights:  81%|████████  | 329/408 [00:00<00:00, 1555.56it/s, Materializing param=vision_model.encoder.layers.7.self_attn.q_proj.weight]
Loading weights:  81%|████████  | 330/408 [00:00<00:00, 1555.56it/s, Materializing param=vision_model.encoder.layers.7.self_attn.v_proj.bias]  
Loading weights:  81%|████████  | 330/408 [00:00<00:00, 1555.56it/s, Materializing param=vision_model.encoder.layers.7.self_attn.v_proj.bias]
Loading weights:  81%|████████  | 331/408 [00:00<00:00, 1555.56it/s, Materializing param=vision_model.encoder.layers.7.self_attn.v_proj.weight]
Loading weights:  81%|████████  | 331/408 [00:00<00:00, 1555.56it/s, Materializing param=vision_model.encoder.layers.7.self_attn.v_proj.weight]
Loading weights:  81%|████████▏ | 332/408 [00:00<00:00, 1555.56it/s, Materializing param=vision_model.encoder.layers.8.layer_norm1.bias]       
Loading weights:  81%|████████▏ | 332/408 [00:00<00:00, 1555.56it/s, Materializing param=vision_model.encoder.layers.8.layer_norm1.bias]
Loading weights:  82%|████████▏ | 333/408 [00:00<00:00, 1555.56it/s, Materializing param=vision_model.encoder.layers.8.layer_norm1.weight]
Loading weights:  82%|████████▏ | 333/408 [00:00<00:00, 1555.56it/s, Materializing param=vision_model.encoder.layers.8.layer_norm1.weight]
Loading weights:  82%|████████▏ | 334/408 [00:00<00:00, 1555.56it/s, Materializing param=vision_model.encoder.layers.8.layer_norm2.bias]  
Loading weights:  82%|████████▏ | 334/408 [00:00<00:00, 1555.56it/s, Materializing param=vision_model.encoder.layers.8.layer_norm2.bias]
Loading weights:  82%|████████▏ | 335/408 [00:00<00:00, 1555.56it/s, Materializing param=vision_model.encoder.layers.8.layer_norm2.weight]
Loading weights:  82%|████████▏ | 335/408 [00:00<00:00, 1555.56it/s, Materializing param=vision_model.encoder.layers.8.layer_norm2.weight]
Loading weights:  82%|████████▏ | 336/408 [00:00<00:00, 1555.56it/s, Materializing param=vision_model.encoder.layers.8.mlp.fc1.bias]      
Loading weights:  82%|████████▏ | 336/408 [00:00<00:00, 1555.56it/s, Materializing param=vision_model.encoder.layers.8.mlp.fc1.bias]
Loading weights:  83%|████████▎ | 337/408 [00:00<00:00, 1555.56it/s, Materializing param=vision_model.encoder.layers.8.mlp.fc1.weight]
Loading weights:  83%|████████▎ | 337/408 [00:00<00:00, 1555.56it/s, Materializing param=vision_model.encoder.layers.8.mlp.fc1.weight]
Loading weights:  83%|████████▎ | 338/408 [00:00<00:00, 1555.56it/s, Materializing param=vision_model.encoder.layers.8.mlp.fc2.bias]  
Loading weights:  83%|████████▎ | 338/408 [00:00<00:00, 1555.56it/s, Materializing param=vision_model.encoder.layers.8.mlp.fc2.bias]
Loading weights:  83%|████████▎ | 339/408 [00:00<00:00, 1555.56it/s, Materializing param=vision_model.encoder.layers.8.mlp.fc2.weight]
Loading weights:  83%|████████▎ | 339/408 [00:00<00:00, 1555.56it/s, Materializing param=vision_model.encoder.layers.8.mlp.fc2.weight]
Loading weights:  83%|████████▎ | 340/408 [00:00<00:00, 1555.56it/s, Materializing param=vision_model.encoder.layers.8.self_attn.k_proj.bias]
Loading weights:  83%|████████▎ | 340/408 [00:00<00:00, 1555.56it/s, Materializing param=vision_model.encoder.layers.8.self_attn.k_proj.bias]
Loading weights:  84%|████████▎ | 341/408 [00:00<00:00, 1555.56it/s, Materializing param=vision_model.encoder.layers.8.self_attn.k_proj.weight]
Loading weights:  84%|████████▎ | 341/408 [00:00<00:00, 1555.56it/s, Materializing param=vision_model.encoder.layers.8.self_attn.k_proj.weight]
Loading weights:  84%|████████▍ | 342/408 [00:00<00:00, 1555.56it/s, Materializing param=vision_model.encoder.layers.8.self_attn.out_proj.bias]
Loading weights:  84%|████████▍ | 342/408 [00:00<00:00, 1555.56it/s, Materializing param=vision_model.encoder.layers.8.self_attn.out_proj.bias]
Loading weights:  84%|████████▍ | 343/408 [00:00<00:00, 1555.56it/s, Materializing param=vision_model.encoder.layers.8.self_attn.out_proj.weight]
Loading weights:  84%|████████▍ | 343/408 [00:00<00:00, 1555.56it/s, Materializing param=vision_model.encoder.layers.8.self_attn.out_proj.weight]
Loading weights:  84%|████████▍ | 344/408 [00:00<00:00, 1555.56it/s, Materializing param=vision_model.encoder.layers.8.self_attn.q_proj.bias]    
Loading weights:  84%|████████▍ | 344/408 [00:00<00:00, 1555.56it/s, Materializing param=vision_model.encoder.layers.8.self_attn.q_proj.bias]
Loading weights:  85%|████████▍ | 345/408 [00:00<00:00, 1555.56it/s, Materializing param=vision_model.encoder.layers.8.self_attn.q_proj.weight]
Loading weights:  85%|████████▍ | 345/408 [00:00<00:00, 1555.56it/s, Materializing param=vision_model.encoder.layers.8.self_attn.q_proj.weight]
Loading weights:  85%|████████▍ | 346/408 [00:00<00:00, 1555.56it/s, Materializing param=vision_model.encoder.layers.8.self_attn.v_proj.bias]  
Loading weights:  85%|████████▍ | 346/408 [00:00<00:00, 1555.56it/s, Materializing param=vision_model.encoder.layers.8.self_attn.v_proj.bias]
Loading weights:  85%|████████▌ | 347/408 [00:00<00:00, 1555.56it/s, Materializing param=vision_model.encoder.layers.8.self_attn.v_proj.weight]
Loading weights:  85%|████████▌ | 347/408 [00:00<00:00, 1555.56it/s, Materializing param=vision_model.encoder.layers.8.self_attn.v_proj.weight]
Loading weights:  85%|████████▌ | 348/408 [00:00<00:00, 1555.56it/s, Materializing param=vision_model.encoder.layers.9.layer_norm1.bias]       
Loading weights:  85%|████████▌ | 348/408 [00:00<00:00, 1555.56it/s, Materializing param=vision_model.encoder.layers.9.layer_norm1.bias]
Loading weights:  86%|████████▌ | 349/408 [00:00<00:00, 1555.56it/s, Materializing param=vision_model.encoder.layers.9.layer_norm1.weight]
Loading weights:  86%|████████▌ | 349/408 [00:00<00:00, 1555.56it/s, Materializing param=vision_model.encoder.layers.9.layer_norm1.weight]
Loading weights:  86%|████████▌ | 350/408 [00:00<00:00, 1555.56it/s, Materializing param=vision_model.encoder.layers.9.layer_norm2.bias]  
Loading weights:  86%|████████▌ | 350/408 [00:00<00:00, 1555.56it/s, Materializing param=vision_model.encoder.layers.9.layer_norm2.bias]
Loading weights:  86%|████████▌ | 351/408 [00:00<00:00, 1555.56it/s, Materializing param=vision_model.encoder.layers.9.layer_norm2.weight]
Loading weights:  86%|████████▌ | 351/408 [00:00<00:00, 1555.56it/s, Materializing param=vision_model.encoder.layers.9.layer_norm2.weight]
Loading weights:  86%|████████▋ | 352/408 [00:00<00:00, 1555.56it/s, Materializing param=vision_model.encoder.layers.9.mlp.fc1.bias]      
Loading weights:  86%|████████▋ | 352/408 [00:00<00:00, 1555.56it/s, Materializing param=vision_model.encoder.layers.9.mlp.fc1.bias]
Loading weights:  87%|████████▋ | 353/408 [00:00<00:00, 1555.56it/s, Materializing param=vision_model.encoder.layers.9.mlp.fc1.weight]
Loading weights:  87%|████████▋ | 353/408 [00:00<00:00, 1555.56it/s, Materializing param=vision_model.encoder.layers.9.mlp.fc1.weight]
Loading weights:  87%|████████▋ | 354/408 [00:00<00:00, 1555.56it/s, Materializing param=vision_model.encoder.layers.9.mlp.fc2.bias]  
Loading weights:  87%|████████▋ | 354/408 [00:00<00:00, 1555.56it/s, Materializing param=vision_model.encoder.layers.9.mlp.fc2.bias]
Loading weights:  87%|████████▋ | 355/408 [00:00<00:00, 1555.56it/s, Materializing param=vision_model.encoder.layers.9.mlp.fc2.weight]
Loading weights:  87%|████████▋ | 355/408 [00:00<00:00, 1555.56it/s, Materializing param=vision_model.encoder.layers.9.mlp.fc2.weight]
Loading weights:  87%|████████▋ | 356/408 [00:00<00:00, 1555.56it/s, Materializing param=vision_model.encoder.layers.9.self_attn.k_proj.bias]
Loading weights:  87%|████████▋ | 356/408 [00:00<00:00, 1555.56it/s, Materializing param=vision_model.encoder.layers.9.self_attn.k_proj.bias]
Loading weights:  88%|████████▊ | 357/408 [00:00<00:00, 1555.56it/s, Materializing param=vision_model.encoder.layers.9.self_attn.k_proj.weight]
Loading weights:  88%|████████▊ | 357/408 [00:00<00:00, 1555.56it/s, Materializing param=vision_model.encoder.layers.9.self_attn.k_proj.weight]
Loading weights:  88%|████████▊ | 358/408 [00:00<00:00, 1555.56it/s, Materializing param=vision_model.encoder.layers.9.self_attn.out_proj.bias]
Loading weights:  88%|████████▊ | 358/408 [00:00<00:00, 1555.56it/s, Materializing param=vision_model.encoder.layers.9.self_attn.out_proj.bias]
Loading weights:  88%|████████▊ | 359/408 [00:00<00:00, 1555.56it/s, Materializing param=vision_model.encoder.layers.9.self_attn.out_proj.weight]
Loading weights:  88%|████████▊ | 359/408 [00:00<00:00, 1555.56it/s, Materializing param=vision_model.encoder.layers.9.self_attn.out_proj.weight]
Loading weights:  88%|████████▊ | 360/408 [00:00<00:00, 1555.56it/s, Materializing param=vision_model.encoder.layers.9.self_attn.q_proj.bias]    
Loading weights:  88%|████████▊ | 360/408 [00:00<00:00, 1555.56it/s, Materializing param=vision_model.encoder.layers.9.self_attn.q_proj.bias]
Loading weights:  88%|████████▊ | 361/408 [00:00<00:00, 1555.56it/s, Materializing param=vision_model.encoder.layers.9.self_attn.q_proj.weight]
Loading weights:  88%|████████▊ | 361/408 [00:00<00:00, 1555.56it/s, Materializing param=vision_model.encoder.layers.9.self_attn.q_proj.weight]
Loading weights:  89%|████████▊ | 362/408 [00:00<00:00, 1555.56it/s, Materializing param=vision_model.encoder.layers.9.self_attn.v_proj.bias]  
Loading weights:  89%|████████▊ | 362/408 [00:00<00:00, 1555.56it/s, Materializing param=vision_model.encoder.layers.9.self_attn.v_proj.bias]
Loading weights:  89%|████████▉ | 363/408 [00:00<00:00, 1555.56it/s, Materializing param=vision_model.encoder.layers.9.self_attn.v_proj.weight]
Loading weights:  89%|████████▉ | 363/408 [00:00<00:00, 1555.56it/s, Materializing param=vision_model.encoder.layers.9.self_attn.v_proj.weight]
Loading weights:  89%|████████▉ | 364/408 [00:00<00:00, 1555.56it/s, Materializing param=vision_model.encoder.layers.10.layer_norm1.bias]      
Loading weights:  89%|████████▉ | 364/408 [00:00<00:00, 1555.56it/s, Materializing param=vision_model.encoder.layers.10.layer_norm1.bias]
Loading weights:  89%|████████▉ | 365/408 [00:00<00:00, 1555.56it/s, Materializing param=vision_model.encoder.layers.10.layer_norm1.weight]
Loading weights:  89%|████████▉ | 365/408 [00:00<00:00, 1555.56it/s, Materializing param=vision_model.encoder.layers.10.layer_norm1.weight]
Loading weights:  90%|████████▉ | 366/408 [00:00<00:00, 1555.56it/s, Materializing param=vision_model.encoder.layers.10.layer_norm2.bias]  
Loading weights:  90%|████████▉ | 366/408 [00:00<00:00, 1555.56it/s, Materializing param=vision_model.encoder.layers.10.layer_norm2.bias]
Loading weights:  90%|████████▉ | 367/408 [00:00<00:00, 1555.56it/s, Materializing param=vision_model.encoder.layers.10.layer_norm2.weight]
Loading weights:  90%|████████▉ | 367/408 [00:00<00:00, 1555.56it/s, Materializing param=vision_model.encoder.layers.10.layer_norm2.weight]
Loading weights:  90%|█████████ | 368/408 [00:00<00:00, 1555.56it/s, Materializing param=vision_model.encoder.layers.10.mlp.fc1.bias]      
Loading weights:  90%|█████████ | 368/408 [00:00<00:00, 1555.56it/s, Materializing param=vision_model.encoder.layers.10.mlp.fc1.bias]
Loading weights:  90%|█████████ | 369/408 [00:00<00:00, 1555.56it/s, Materializing param=vision_model.encoder.layers.10.mlp.fc1.weight]
Loading weights:  90%|█████████ | 369/408 [00:00<00:00, 1555.56it/s, Materializing param=vision_model.encoder.layers.10.mlp.fc1.weight]
Loading weights:  91%|█████████ | 370/408 [00:00<00:00, 1555.56it/s, Materializing param=vision_model.encoder.layers.10.mlp.fc2.bias]  
Loading weights:  91%|█████████ | 370/408 [00:00<00:00, 1555.56it/s, Materializing param=vision_model.encoder.layers.10.mlp.fc2.bias]
Loading weights:  91%|█████████ | 371/408 [00:00<00:00, 1555.56it/s, Materializing param=vision_model.encoder.layers.10.mlp.fc2.weight]
Loading weights:  91%|█████████ | 371/408 [00:00<00:00, 1555.56it/s, Materializing param=vision_model.encoder.layers.10.mlp.fc2.weight]
Loading weights:  91%|█████████ | 372/408 [00:00<00:00, 1555.56it/s, Materializing param=vision_model.encoder.layers.10.self_attn.k_proj.bias]
Loading weights:  91%|█████████ | 372/408 [00:00<00:00, 1555.56it/s, Materializing param=vision_model.encoder.layers.10.self_attn.k_proj.bias]
Loading weights:  91%|█████████▏| 373/408 [00:00<00:00, 1555.56it/s, Materializing param=vision_model.encoder.layers.10.self_attn.k_proj.weight]
Loading weights:  91%|█████████▏| 373/408 [00:00<00:00, 1555.56it/s, Materializing param=vision_model.encoder.layers.10.self_attn.k_proj.weight]
Loading weights:  92%|█████████▏| 374/408 [00:00<00:00, 1555.56it/s, Materializing param=vision_model.encoder.layers.10.self_attn.out_proj.bias]
Loading weights:  92%|█████████▏| 374/408 [00:00<00:00, 1555.56it/s, Materializing param=vision_model.encoder.layers.10.self_attn.out_proj.bias]
Loading weights:  92%|█████████▏| 375/408 [00:00<00:00, 1555.56it/s, Materializing param=vision_model.encoder.layers.10.self_attn.out_proj.weight]
Loading weights:  92%|█████████▏| 375/408 [00:00<00:00, 1555.56it/s, Materializing param=vision_model.encoder.layers.10.self_attn.out_proj.weight]
Loading weights:  92%|█████████▏| 376/408 [00:00<00:00, 1555.56it/s, Materializing param=vision_model.encoder.layers.10.self_attn.q_proj.bias]    
Loading weights:  92%|█████████▏| 376/408 [00:00<00:00, 1555.56it/s, Materializing param=vision_model.encoder.layers.10.self_attn.q_proj.bias]
Loading weights:  92%|█████████▏| 377/408 [00:00<00:00, 1555.56it/s, Materializing param=vision_model.encoder.layers.10.self_attn.q_proj.weight]
Loading weights:  92%|█████████▏| 377/408 [00:00<00:00, 1555.56it/s, Materializing param=vision_model.encoder.layers.10.self_attn.q_proj.weight]
Loading weights:  93%|█████████▎| 378/408 [00:00<00:00, 1555.56it/s, Materializing param=vision_model.encoder.layers.10.self_attn.v_proj.bias]  
Loading weights:  93%|█████████▎| 378/408 [00:00<00:00, 1555.56it/s, Materializing param=vision_model.encoder.layers.10.self_attn.v_proj.bias]
Loading weights:  93%|█████████▎| 379/408 [00:00<00:00, 1555.56it/s, Materializing param=vision_model.encoder.layers.10.self_attn.v_proj.weight]
Loading weights:  93%|█████████▎| 379/408 [00:00<00:00, 1555.56it/s, Materializing param=vision_model.encoder.layers.10.self_attn.v_proj.weight]
Loading weights:  93%|█████████▎| 380/408 [00:00<00:00, 1555.56it/s, Materializing param=vision_model.encoder.layers.11.layer_norm1.bias]       
Loading weights:  93%|█████████▎| 380/408 [00:00<00:00, 1555.56it/s, Materializing param=vision_model.encoder.layers.11.layer_norm1.bias]
Loading weights:  93%|█████████▎| 381/408 [00:00<00:00, 1555.56it/s, Materializing param=vision_model.encoder.layers.11.layer_norm1.weight]
Loading weights:  93%|█████████▎| 381/408 [00:00<00:00, 1555.56it/s, Materializing param=vision_model.encoder.layers.11.layer_norm1.weight]
Loading weights:  94%|█████████▎| 382/408 [00:00<00:00, 1555.56it/s, Materializing param=vision_model.encoder.layers.11.layer_norm2.bias]  
Loading weights:  94%|█████████▎| 382/408 [00:00<00:00, 1555.56it/s, Materializing param=vision_model.encoder.layers.11.layer_norm2.bias]
Loading weights:  94%|█████████▍| 383/408 [00:00<00:00, 1555.56it/s, Materializing param=vision_model.encoder.layers.11.layer_norm2.weight]
Loading weights:  94%|█████████▍| 383/408 [00:00<00:00, 1555.56it/s, Materializing param=vision_model.encoder.layers.11.layer_norm2.weight]
Loading weights:  94%|█████████▍| 384/408 [00:00<00:00, 1555.56it/s, Materializing param=vision_model.encoder.layers.11.mlp.fc1.bias]      
Loading weights:  94%|█████████▍| 384/408 [00:00<00:00, 1555.56it/s, Materializing param=vision_model.encoder.layers.11.mlp.fc1.bias]
Loading weights:  94%|█████████▍| 385/408 [00:00<00:00, 1555.56it/s, Materializing param=vision_model.encoder.layers.11.mlp.fc1.weight]
Loading weights:  94%|█████████▍| 385/408 [00:00<00:00, 1555.56it/s, Materializing param=vision_model.encoder.layers.11.mlp.fc1.weight]
Loading weights:  95%|█████████▍| 386/408 [00:00<00:00, 1555.56it/s, Materializing param=vision_model.encoder.layers.11.mlp.fc2.bias]  
Loading weights:  95%|█████████▍| 386/408 [00:00<00:00, 1555.56it/s, Materializing param=vision_model.encoder.layers.11.mlp.fc2.bias]
Loading weights:  95%|█████████▍| 387/408 [00:00<00:00, 1555.56it/s, Materializing param=vision_model.encoder.layers.11.mlp.fc2.weight]
Loading weights:  95%|█████████▍| 387/408 [00:00<00:00, 1555.56it/s, Materializing param=vision_model.encoder.layers.11.mlp.fc2.weight]
Loading weights:  95%|█████████▌| 388/408 [00:00<00:00, 1555.56it/s, Materializing param=vision_model.encoder.layers.11.self_attn.k_proj.bias]
Loading weights:  95%|█████████▌| 388/408 [00:00<00:00, 1555.56it/s, Materializing param=vision_model.encoder.layers.11.self_attn.k_proj.bias]
Loading weights:  95%|█████████▌| 389/408 [00:00<00:00, 1555.56it/s, Materializing param=vision_model.encoder.layers.11.self_attn.k_proj.weight]
Loading weights:  95%|█████████▌| 389/408 [00:00<00:00, 1555.56it/s, Materializing param=vision_model.encoder.layers.11.self_attn.k_proj.weight]
Loading weights:  96%|█████████▌| 390/408 [00:00<00:00, 1555.56it/s, Materializing param=vision_model.encoder.layers.11.self_attn.out_proj.bias]
Loading weights:  96%|█████████▌| 390/408 [00:00<00:00, 1555.56it/s, Materializing param=vision_model.encoder.layers.11.self_attn.out_proj.bias]
Loading weights:  96%|█████████▌| 391/408 [00:00<00:00, 1555.56it/s, Materializing param=vision_model.encoder.layers.11.self_attn.out_proj.weight]
Loading weights:  96%|█████████▌| 391/408 [00:00<00:00, 1555.56it/s, Materializing param=vision_model.encoder.layers.11.self_attn.out_proj.weight]
Loading weights:  96%|█████████▌| 392/408 [00:00<00:00, 1555.56it/s, Materializing param=vision_model.encoder.layers.11.self_attn.q_proj.bias]    
Loading weights:  96%|█████████▌| 392/408 [00:00<00:00, 1555.56it/s, Materializing param=vision_model.encoder.layers.11.self_attn.q_proj.bias]
Loading weights:  96%|█████████▋| 393/408 [00:00<00:00, 1555.56it/s, Materializing param=vision_model.encoder.layers.11.self_attn.q_proj.weight]
Loading weights:  96%|█████████▋| 393/408 [00:00<00:00, 1555.56it/s, Materializing param=vision_model.encoder.layers.11.self_attn.q_proj.weight]
Loading weights:  97%|█████████▋| 394/408 [00:00<00:00, 1555.56it/s, Materializing param=vision_model.encoder.layers.11.self_attn.v_proj.bias]  
Loading weights:  97%|█████████▋| 394/408 [00:00<00:00, 1555.56it/s, Materializing param=vision_model.encoder.layers.11.self_attn.v_proj.bias]
Loading weights:  97%|█████████▋| 395/408 [00:00<00:00, 1555.56it/s, Materializing param=vision_model.encoder.layers.11.self_attn.v_proj.weight]
Loading weights:  97%|█████████▋| 395/408 [00:00<00:00, 1555.56it/s, Materializing param=vision_model.encoder.layers.11.self_attn.v_proj.weight]
Loading weights:  97%|█████████▋| 396/408 [00:00<00:00, 1555.56it/s, Materializing param=vision_model.head.attention.in_proj_bias]              
Loading weights:  97%|█████████▋| 396/408 [00:00<00:00, 1555.56it/s, Materializing param=vision_model.head.attention.in_proj_bias]
Loading weights:  97%|█████████▋| 397/408 [00:00<00:00, 1555.56it/s, Materializing param=vision_model.head.attention.in_proj_weight]
Loading weights:  97%|█████████▋| 397/408 [00:00<00:00, 1555.56it/s, Materializing param=vision_model.head.attention.in_proj_weight]
Loading weights:  98%|█████████▊| 398/408 [00:00<00:00, 1555.56it/s, Materializing param=vision_model.head.attention.out_proj.bias] 
Loading weights:  98%|█████████▊| 398/408 [00:00<00:00, 1555.56it/s, Materializing param=vision_model.head.attention.out_proj.bias]
Loading weights:  98%|█████████▊| 399/408 [00:00<00:00, 1555.56it/s, Materializing param=vision_model.head.attention.out_proj.weight]
Loading weights:  98%|█████████▊| 399/408 [00:00<00:00, 1555.56it/s, Materializing param=vision_model.head.attention.out_proj.weight]
Loading weights:  98%|█████████▊| 400/408 [00:00<00:00, 1555.56it/s, Materializing param=vision_model.head.layernorm.bias]           
Loading weights:  98%|█████████▊| 400/408 [00:00<00:00, 1555.56it/s, Materializing param=vision_model.head.layernorm.bias]
Loading weights:  98%|█████████▊| 401/408 [00:00<00:00, 1555.56it/s, Materializing param=vision_model.head.layernorm.weight]
Loading weights:  98%|█████████▊| 401/408 [00:00<00:00, 1555.56it/s, Materializing param=vision_model.head.layernorm.weight]
Loading weights:  99%|█████████▊| 402/408 [00:00<00:00, 1555.56it/s, Materializing param=vision_model.head.mlp.fc1.bias]    
Loading weights:  99%|█████████▊| 402/408 [00:00<00:00, 1555.56it/s, Materializing param=vision_model.head.mlp.fc1.bias]
Loading weights:  99%|█████████▉| 403/408 [00:00<00:00, 1555.56it/s, Materializing param=vision_model.head.mlp.fc1.weight]
Loading weights:  99%|█████████▉| 403/408 [00:00<00:00, 1555.56it/s, Materializing param=vision_model.head.mlp.fc1.weight]
Loading weights:  99%|█████████▉| 404/408 [00:00<00:00, 1555.56it/s, Materializing param=vision_model.head.mlp.fc2.bias]  
Loading weights:  99%|█████████▉| 404/408 [00:00<00:00, 1555.56it/s, Materializing param=vision_model.head.mlp.fc2.bias]
Loading weights:  99%|█████████▉| 405/408 [00:00<00:00, 1555.56it/s, Materializing param=vision_model.head.mlp.fc2.weight]
Loading weights:  99%|█████████▉| 405/408 [00:00<00:00, 1555.56it/s, Materializing param=vision_model.head.mlp.fc2.weight]
Loading weights: 100%|█████████▉| 406/408 [00:00<00:00, 1555.56it/s, Materializing param=vision_model.head.probe]         
Loading weights: 100%|█████████▉| 406/408 [00:00<00:00, 1555.56it/s, Materializing param=vision_model.head.probe]
Loading weights: 100%|█████████▉| 407/408 [00:00<00:00, 1555.56it/s, Materializing param=vision_model.post_layernorm.bias]
Loading weights: 100%|█████████▉| 407/408 [00:00<00:00, 1555.56it/s, Materializing param=vision_model.post_layernorm.bias]
Loading weights: 100%|██████████| 408/408 [00:00<00:00, 1555.56it/s, Materializing param=vision_model.post_layernorm.weight]
Loading weights: 100%|██████████| 408/408 [00:00<00:00, 1555.56it/s, Materializing param=vision_model.post_layernorm.weight]
Loading weights: 100%|██████████| 408/408 [00:00<00:00, 1339.77it/s, Materializing param=vision_model.post_layernorm.weight]
  [siglip2] google/siglip2-base-patch16-224  93M params
loading convnext ...
The image processor of type `ConvNextImageProcessor` is now loaded as a fast processor by default, even if the model checkpoint was saved with a slow processor. This is a breaking change and may produce slightly different outputs. To continue using the slow processor, instantiate this class with `use_fast=False`. 

Loading weights:   0%|          | 0/342 [00:00<?, ?it/s]
Loading weights:   0%|          | 1/342 [00:00<00:00, 53092.46it/s, Materializing param=embeddings.layernorm.bias]
Loading weights:   0%|          | 1/342 [00:00<00:00, 9279.43it/s, Materializing param=embeddings.layernorm.bias] 
Loading weights:   1%|          | 2/342 [00:00<00:00, 5429.52it/s, Materializing param=embeddings.layernorm.weight]
Loading weights:   1%|          | 2/342 [00:00<00:00, 4167.22it/s, Materializing param=embeddings.layernorm.weight]
Loading weights:   1%|          | 3/342 [00:00<00:00, 4355.46it/s, Materializing param=embeddings.patch_embeddings.bias]
Loading weights:   1%|          | 3/342 [00:00<00:00, 3796.90it/s, Materializing param=embeddings.patch_embeddings.bias]
Loading weights:   1%|          | 4/342 [00:00<00:00, 3874.65it/s, Materializing param=embeddings.patch_embeddings.weight]
Loading weights:   1%|          | 4/342 [00:00<00:00, 3506.94it/s, Materializing param=embeddings.patch_embeddings.weight]
Loading weights:   1%|▏         | 5/342 [00:00<00:00, 2277.04it/s, Materializing param=encoder.stages.0.layers.0.dwconv.bias]
Loading weights:   1%|▏         | 5/342 [00:00<00:00, 2151.15it/s, Materializing param=encoder.stages.0.layers.0.dwconv.bias]
Loading weights:   2%|▏         | 6/342 [00:00<00:00, 2015.52it/s, Materializing param=encoder.stages.0.layers.0.dwconv.weight]
Loading weights:   2%|▏         | 6/342 [00:00<00:00, 1940.76it/s, Materializing param=encoder.stages.0.layers.0.dwconv.weight]
Loading weights:   2%|▏         | 7/342 [00:00<00:00, 1504.26it/s, Materializing param=encoder.stages.0.layers.0.layer_scale_parameter]
Loading weights:   2%|▏         | 7/342 [00:00<00:00, 1464.13it/s, Materializing param=encoder.stages.0.layers.0.layer_scale_parameter]
Loading weights:   2%|▏         | 8/342 [00:00<00:00, 1568.18it/s, Materializing param=encoder.stages.0.layers.0.layernorm.bias]       
Loading weights:   2%|▏         | 8/342 [00:00<00:00, 1528.88it/s, Materializing param=encoder.stages.0.layers.0.layernorm.bias]
Loading weights:   3%|▎         | 9/342 [00:00<00:00, 1638.26it/s, Materializing param=encoder.stages.0.layers.0.layernorm.weight]
Loading weights:   3%|▎         | 9/342 [00:00<00:00, 1606.40it/s, Materializing param=encoder.stages.0.layers.0.layernorm.weight]
Loading weights:   3%|▎         | 10/342 [00:00<00:00, 1407.39it/s, Materializing param=encoder.stages.0.layers.0.pwconv1.bias]   
Loading weights:   3%|▎         | 10/342 [00:00<00:00, 1266.63it/s, Materializing param=encoder.stages.0.layers.0.pwconv1.bias]
Loading weights:   3%|▎         | 11/342 [00:00<00:00, 1346.53it/s, Materializing param=encoder.stages.0.layers.0.pwconv1.weight]
Loading weights:   3%|▎         | 11/342 [00:00<00:00, 1328.00it/s, Materializing param=encoder.stages.0.layers.0.pwconv1.weight]
Loading weights:   4%|▎         | 12/342 [00:00<00:00, 1346.23it/s, Materializing param=encoder.stages.0.layers.0.pwconv2.bias]  
Loading weights:   4%|▎         | 12/342 [00:00<00:00, 1329.63it/s, Materializing param=encoder.stages.0.layers.0.pwconv2.bias]
Loading weights:   4%|▍         | 13/342 [00:00<00:00, 1402.34it/s, Materializing param=encoder.stages.0.layers.0.pwconv2.weight]
Loading weights:   4%|▍         | 13/342 [00:00<00:00, 1384.12it/s, Materializing param=encoder.stages.0.layers.0.pwconv2.weight]
Loading weights:   4%|▍         | 14/342 [00:00<00:00, 1140.95it/s, Materializing param=encoder.stages.0.layers.1.dwconv.bias]   
Loading weights:   4%|▍         | 14/342 [00:00<00:00, 1131.28it/s, Materializing param=encoder.stages.0.layers.1.dwconv.bias]
Loading weights:   4%|▍         | 15/342 [00:00<00:00, 1175.51it/s, Materializing param=encoder.stages.0.layers.1.dwconv.weight]
Loading weights:   4%|▍         | 15/342 [00:00<00:00, 1107.71it/s, Materializing param=encoder.stages.0.layers.1.dwconv.weight]
Loading weights:   5%|▍         | 16/342 [00:00<00:00, 1158.89it/s, Materializing param=encoder.stages.0.layers.1.layer_scale_parameter]
Loading weights:   5%|▍         | 16/342 [00:00<00:00, 1125.31it/s, Materializing param=encoder.stages.0.layers.1.layer_scale_parameter]
Loading weights:   5%|▍         | 17/342 [00:00<00:00, 1172.60it/s, Materializing param=encoder.stages.0.layers.1.layernorm.bias]       
Loading weights:   5%|▍         | 17/342 [00:00<00:00, 1163.56it/s, Materializing param=encoder.stages.0.layers.1.layernorm.bias]
Loading weights:   5%|▌         | 18/342 [00:00<00:00, 1164.62it/s, Materializing param=encoder.stages.0.layers.1.layernorm.weight]
Loading weights:   5%|▌         | 18/342 [00:00<00:00, 1155.84it/s, Materializing param=encoder.stages.0.layers.1.layernorm.weight]
Loading weights:   6%|▌         | 19/342 [00:00<00:00, 1165.82it/s, Materializing param=encoder.stages.0.layers.1.pwconv1.bias]    
Loading weights:   6%|▌         | 19/342 [00:00<00:00, 1144.16it/s, Materializing param=encoder.stages.0.layers.1.pwconv1.bias]
Loading weights:   6%|▌         | 20/342 [00:00<00:00, 1097.54it/s, Materializing param=encoder.stages.0.layers.1.pwconv1.weight]
Loading weights:   6%|▌         | 20/342 [00:00<00:00, 1089.98it/s, Materializing param=encoder.stages.0.layers.1.pwconv1.weight]
Loading weights:   6%|▌         | 21/342 [00:00<00:00, 1130.00it/s, Materializing param=encoder.stages.0.layers.1.pwconv2.bias]  
Loading weights:   6%|▌         | 21/342 [00:00<00:00, 1125.12it/s, Materializing param=encoder.stages.0.layers.1.pwconv2.bias]
Loading weights:   6%|▋         | 22/342 [00:00<00:00, 1165.76it/s, Materializing param=encoder.stages.0.layers.1.pwconv2.weight]
Loading weights:   6%|▋         | 22/342 [00:00<00:00, 1159.54it/s, Materializing param=encoder.stages.0.layers.1.pwconv2.weight]
Loading weights:   7%|▋         | 23/342 [00:00<00:00, 1196.60it/s, Materializing param=encoder.stages.0.layers.2.dwconv.bias]   
Loading weights:   7%|▋         | 23/342 [00:00<00:00, 1189.68it/s, Materializing param=encoder.stages.0.layers.2.dwconv.bias]
Loading weights:   7%|▋         | 24/342 [00:00<00:00, 1205.98it/s, Materializing param=encoder.stages.0.layers.2.dwconv.weight]
Loading weights:   7%|▋         | 24/342 [00:00<00:00, 1199.33it/s, Materializing param=encoder.stages.0.layers.2.dwconv.weight]
Loading weights:   7%|▋         | 25/342 [00:00<00:00, 1217.62it/s, Materializing param=encoder.stages.0.layers.2.layer_scale_parameter]
Loading weights:   7%|▋         | 25/342 [00:00<00:00, 1210.04it/s, Materializing param=encoder.stages.0.layers.2.layer_scale_parameter]
Loading weights:   8%|▊         | 26/342 [00:00<00:00, 1202.89it/s, Materializing param=encoder.stages.0.layers.2.layernorm.bias]       
Loading weights:   8%|▊         | 26/342 [00:00<00:00, 1195.97it/s, Materializing param=encoder.stages.0.layers.2.layernorm.bias]
Loading weights:   8%|▊         | 27/342 [00:00<00:00, 1208.27it/s, Materializing param=encoder.stages.0.layers.2.layernorm.weight]
Loading weights:   8%|▊         | 27/342 [00:00<00:00, 1202.01it/s, Materializing param=encoder.stages.0.layers.2.layernorm.weight]
Loading weights:   8%|▊         | 28/342 [00:00<00:00, 1232.39it/s, Materializing param=encoder.stages.0.layers.2.pwconv1.bias]    
Loading weights:   8%|▊         | 28/342 [00:00<00:00, 1225.78it/s, Materializing param=encoder.stages.0.layers.2.pwconv1.bias]
Loading weights:   8%|▊         | 29/342 [00:00<00:00, 1249.73it/s, Materializing param=encoder.stages.0.layers.2.pwconv1.weight]
Loading weights:   8%|▊         | 29/342 [00:00<00:00, 1243.51it/s, Materializing param=encoder.stages.0.layers.2.pwconv1.weight]
Loading weights:   9%|▉         | 30/342 [00:00<00:00, 1270.82it/s, Materializing param=encoder.stages.0.layers.2.pwconv2.bias]  
Loading weights:   9%|▉         | 30/342 [00:00<00:00, 1264.93it/s, Materializing param=encoder.stages.0.layers.2.pwconv2.bias]
Loading weights:   9%|▉         | 31/342 [00:00<00:00, 1295.87it/s, Materializing param=encoder.stages.0.layers.2.pwconv2.weight]
Loading weights:   9%|▉         | 31/342 [00:00<00:00, 1290.68it/s, Materializing param=encoder.stages.0.layers.2.pwconv2.weight]
Loading weights:   9%|▉         | 32/342 [00:00<00:00, 1321.01it/s, Materializing param=encoder.stages.1.downsampling_layer.0.bias]
Loading weights:   9%|▉         | 32/342 [00:00<00:00, 1315.19it/s, Materializing param=encoder.stages.1.downsampling_layer.0.bias]
Loading weights:  10%|▉         | 33/342 [00:00<00:00, 1345.36it/s, Materializing param=encoder.stages.1.downsampling_layer.0.weight]
Loading weights:  10%|▉         | 33/342 [00:00<00:00, 1340.11it/s, Materializing param=encoder.stages.1.downsampling_layer.0.weight]
Loading weights:  10%|▉         | 34/342 [00:00<00:00, 1370.11it/s, Materializing param=encoder.stages.1.downsampling_layer.1.bias]  
Loading weights:  10%|▉         | 34/342 [00:00<00:00, 1364.21it/s, Materializing param=encoder.stages.1.downsampling_layer.1.bias]
Loading weights:  10%|█         | 35/342 [00:00<00:00, 1392.69it/s, Materializing param=encoder.stages.1.downsampling_layer.1.weight]
Loading weights:  10%|█         | 35/342 [00:00<00:00, 1386.15it/s, Materializing param=encoder.stages.1.downsampling_layer.1.weight]
Loading weights:  11%|█         | 36/342 [00:00<00:00, 1414.62it/s, Materializing param=encoder.stages.1.layers.0.dwconv.bias]       
Loading weights:  11%|█         | 36/342 [00:00<00:00, 1408.92it/s, Materializing param=encoder.stages.1.layers.0.dwconv.bias]
Loading weights:  11%|█         | 37/342 [00:00<00:00, 1437.40it/s, Materializing param=encoder.stages.1.layers.0.dwconv.weight]
Loading weights:  11%|█         | 37/342 [00:00<00:00, 1431.95it/s, Materializing param=encoder.stages.1.layers.0.dwconv.weight]
Loading weights:  11%|█         | 38/342 [00:00<00:00, 1460.08it/s, Materializing param=encoder.stages.1.layers.0.layer_scale_parameter]
Loading weights:  11%|█         | 38/342 [00:00<00:00, 1454.00it/s, Materializing param=encoder.stages.1.layers.0.layer_scale_parameter]
Loading weights:  11%|█▏        | 39/342 [00:00<00:00, 1479.50it/s, Materializing param=encoder.stages.1.layers.0.layernorm.bias]       
Loading weights:  11%|█▏        | 39/342 [00:00<00:00, 1474.13it/s, Materializing param=encoder.stages.1.layers.0.layernorm.bias]
Loading weights:  12%|█▏        | 40/342 [00:00<00:00, 1500.11it/s, Materializing param=encoder.stages.1.layers.0.layernorm.weight]
Loading weights:  12%|█▏        | 40/342 [00:00<00:00, 1491.94it/s, Materializing param=encoder.stages.1.layers.0.layernorm.weight]
Loading weights:  12%|█▏        | 41/342 [00:00<00:00, 1516.33it/s, Materializing param=encoder.stages.1.layers.0.pwconv1.bias]    
Loading weights:  12%|█▏        | 41/342 [00:00<00:00, 1509.99it/s, Materializing param=encoder.stages.1.layers.0.pwconv1.bias]
Loading weights:  12%|█▏        | 42/342 [00:00<00:00, 1532.71it/s, Materializing param=encoder.stages.1.layers.0.pwconv1.weight]
Loading weights:  12%|█▏        | 42/342 [00:00<00:00, 1525.36it/s, Materializing param=encoder.stages.1.layers.0.pwconv1.weight]
Loading weights:  13%|█▎        | 43/342 [00:00<00:00, 1549.03it/s, Materializing param=encoder.stages.1.layers.0.pwconv2.bias]  
Loading weights:  13%|█▎        | 43/342 [00:00<00:00, 1542.72it/s, Materializing param=encoder.stages.1.layers.0.pwconv2.bias]
Loading weights:  13%|█▎        | 44/342 [00:00<00:00, 1566.31it/s, Materializing param=encoder.stages.1.layers.0.pwconv2.weight]
Loading weights:  13%|█▎        | 44/342 [00:00<00:00, 1559.80it/s, Materializing param=encoder.stages.1.layers.0.pwconv2.weight]
Loading weights:  13%|█▎        | 45/342 [00:00<00:00, 1583.89it/s, Materializing param=encoder.stages.1.layers.1.dwconv.bias]   
Loading weights:  13%|█▎        | 45/342 [00:00<00:00, 1578.28it/s, Materializing param=encoder.stages.1.layers.1.dwconv.bias]
Loading weights:  13%|█▎        | 46/342 [00:00<00:00, 1601.94it/s, Materializing param=encoder.stages.1.layers.1.dwconv.weight]
Loading weights:  13%|█▎        | 46/342 [00:00<00:00, 1596.36it/s, Materializing param=encoder.stages.1.layers.1.dwconv.weight]
Loading weights:  14%|█▎        | 47/342 [00:00<00:00, 1620.97it/s, Materializing param=encoder.stages.1.layers.1.layer_scale_parameter]
Loading weights:  14%|█▎        | 47/342 [00:00<00:00, 1615.53it/s, Materializing param=encoder.stages.1.layers.1.layer_scale_parameter]
Loading weights:  14%|█▍        | 48/342 [00:00<00:00, 1638.73it/s, Materializing param=encoder.stages.1.layers.1.layernorm.bias]       
Loading weights:  14%|█▍        | 48/342 [00:00<00:00, 1633.32it/s, Materializing param=encoder.stages.1.layers.1.layernorm.bias]
Loading weights:  14%|█▍        | 49/342 [00:00<00:00, 1656.87it/s, Materializing param=encoder.stages.1.layers.1.layernorm.weight]
Loading weights:  14%|█▍        | 49/342 [00:00<00:00, 1650.73it/s, Materializing param=encoder.stages.1.layers.1.layernorm.weight]
Loading weights:  15%|█▍        | 50/342 [00:00<00:00, 1672.10it/s, Materializing param=encoder.stages.1.layers.1.pwconv1.bias]    
Loading weights:  15%|█▍        | 50/342 [00:00<00:00, 1665.98it/s, Materializing param=encoder.stages.1.layers.1.pwconv1.bias]
Loading weights:  15%|█▍        | 51/342 [00:00<00:00, 1686.41it/s, Materializing param=encoder.stages.1.layers.1.pwconv1.weight]
Loading weights:  15%|█▍        | 51/342 [00:00<00:00, 1680.61it/s, Materializing param=encoder.stages.1.layers.1.pwconv1.weight]
Loading weights:  15%|█▌        | 52/342 [00:00<00:00, 1701.89it/s, Materializing param=encoder.stages.1.layers.1.pwconv2.bias]  
Loading weights:  15%|█▌        | 52/342 [00:00<00:00, 1695.08it/s, Materializing param=encoder.stages.1.layers.1.pwconv2.bias]
Loading weights:  15%|█▌        | 53/342 [00:00<00:00, 1716.75it/s, Materializing param=encoder.stages.1.layers.1.pwconv2.weight]
Loading weights:  15%|█▌        | 53/342 [00:00<00:00, 1711.14it/s, Materializing param=encoder.stages.1.layers.1.pwconv2.weight]
Loading weights:  16%|█▌        | 54/342 [00:00<00:00, 1731.09it/s, Materializing param=encoder.stages.1.layers.2.dwconv.bias]   
Loading weights:  16%|█▌        | 54/342 [00:00<00:00, 1724.99it/s, Materializing param=encoder.stages.1.layers.2.dwconv.bias]
Loading weights:  16%|█▌        | 55/342 [00:00<00:00, 1745.87it/s, Materializing param=encoder.stages.1.layers.2.dwconv.weight]
Loading weights:  16%|█▌        | 55/342 [00:00<00:00, 1740.57it/s, Materializing param=encoder.stages.1.layers.2.dwconv.weight]
Loading weights:  16%|█▋        | 56/342 [00:00<00:00, 1760.66it/s, Materializing param=encoder.stages.1.layers.2.layer_scale_parameter]
Loading weights:  16%|█▋        | 56/342 [00:00<00:00, 1754.11it/s, Materializing param=encoder.stages.1.layers.2.layer_scale_parameter]
Loading weights:  17%|█▋        | 57/342 [00:00<00:00, 1775.36it/s, Materializing param=encoder.stages.1.layers.2.layernorm.bias]       
Loading weights:  17%|█▋        | 57/342 [00:00<00:00, 1769.19it/s, Materializing param=encoder.stages.1.layers.2.layernorm.bias]
Loading weights:  17%|█▋        | 58/342 [00:00<00:00, 1789.09it/s, Materializing param=encoder.stages.1.layers.2.layernorm.weight]
Loading weights:  17%|█▋        | 58/342 [00:00<00:00, 1782.90it/s, Materializing param=encoder.stages.1.layers.2.layernorm.weight]
Loading weights:  17%|█▋        | 59/342 [00:00<00:00, 1802.12it/s, Materializing param=encoder.stages.1.layers.2.pwconv1.bias]    
Loading weights:  17%|█▋        | 59/342 [00:00<00:00, 1796.51it/s, Materializing param=encoder.stages.1.layers.2.pwconv1.bias]
Loading weights:  18%|█▊        | 60/342 [00:00<00:00, 1816.73it/s, Materializing param=encoder.stages.1.layers.2.pwconv1.weight]
Loading weights:  18%|█▊        | 60/342 [00:00<00:00, 1810.69it/s, Materializing param=encoder.stages.1.layers.2.pwconv1.weight]
Loading weights:  18%|█▊        | 61/342 [00:00<00:00, 1829.73it/s, Materializing param=encoder.stages.1.layers.2.pwconv2.bias]  
Loading weights:  18%|█▊        | 61/342 [00:00<00:00, 1824.22it/s, Materializing param=encoder.stages.1.layers.2.pwconv2.bias]
Loading weights:  18%|█▊        | 62/342 [00:00<00:00, 1842.91it/s, Materializing param=encoder.stages.1.layers.2.pwconv2.weight]
Loading weights:  18%|█▊        | 62/342 [00:00<00:00, 1837.44it/s, Materializing param=encoder.stages.1.layers.2.pwconv2.weight]
Loading weights:  18%|█▊        | 63/342 [00:00<00:00, 1855.26it/s, Materializing param=encoder.stages.2.downsampling_layer.0.bias]
Loading weights:  18%|█▊        | 63/342 [00:00<00:00, 1849.75it/s, Materializing param=encoder.stages.2.downsampling_layer.0.bias]
Loading weights:  19%|█▊        | 64/342 [00:00<00:00, 1868.17it/s, Materializing param=encoder.stages.2.downsampling_layer.0.weight]
Loading weights:  19%|█▊        | 64/342 [00:00<00:00, 1862.38it/s, Materializing param=encoder.stages.2.downsampling_layer.0.weight]
Loading weights:  19%|█▉        | 65/342 [00:00<00:00, 1880.37it/s, Materializing param=encoder.stages.2.downsampling_layer.1.bias]  
Loading weights:  19%|█▉        | 65/342 [00:00<00:00, 1874.34it/s, Materializing param=encoder.stages.2.downsampling_layer.1.bias]
Loading weights:  19%|█▉        | 66/342 [00:00<00:00, 1892.65it/s, Materializing param=encoder.stages.2.downsampling_layer.1.weight]
Loading weights:  19%|█▉        | 66/342 [00:00<00:00, 1887.38it/s, Materializing param=encoder.stages.2.downsampling_layer.1.weight]
Loading weights:  20%|█▉        | 67/342 [00:00<00:00, 1904.50it/s, Materializing param=encoder.stages.2.layers.0.dwconv.bias]       
Loading weights:  20%|█▉        | 67/342 [00:00<00:00, 1898.80it/s, Materializing param=encoder.stages.2.layers.0.dwconv.bias]
Loading weights:  20%|█▉        | 68/342 [00:00<00:00, 1916.93it/s, Materializing param=encoder.stages.2.layers.0.dwconv.weight]
Loading weights:  20%|█▉        | 68/342 [00:00<00:00, 1911.65it/s, Materializing param=encoder.stages.2.layers.0.dwconv.weight]
Loading weights:  20%|██        | 69/342 [00:00<00:00, 1928.20it/s, Materializing param=encoder.stages.2.layers.0.layer_scale_parameter]
Loading weights:  20%|██        | 69/342 [00:00<00:00, 1922.78it/s, Materializing param=encoder.stages.2.layers.0.layer_scale_parameter]
Loading weights:  20%|██        | 70/342 [00:00<00:00, 1940.32it/s, Materializing param=encoder.stages.2.layers.0.layernorm.bias]       
Loading weights:  20%|██        | 70/342 [00:00<00:00, 1934.15it/s, Materializing param=encoder.stages.2.layers.0.layernorm.bias]
Loading weights:  21%|██        | 71/342 [00:00<00:00, 1951.04it/s, Materializing param=encoder.stages.2.layers.0.layernorm.weight]
Loading weights:  21%|██        | 71/342 [00:00<00:00, 1944.34it/s, Materializing param=encoder.stages.2.layers.0.layernorm.weight]
Loading weights:  21%|██        | 72/342 [00:00<00:00, 1959.70it/s, Materializing param=encoder.stages.2.layers.0.pwconv1.bias]    
Loading weights:  21%|██        | 72/342 [00:00<00:00, 1954.29it/s, Materializing param=encoder.stages.2.layers.0.pwconv1.bias]
Loading weights:  21%|██▏       | 73/342 [00:00<00:00, 1971.27it/s, Materializing param=encoder.stages.2.layers.0.pwconv1.weight]
Loading weights:  21%|██▏       | 73/342 [00:00<00:00, 1966.03it/s, Materializing param=encoder.stages.2.layers.0.pwconv1.weight]
Loading weights:  22%|██▏       | 74/342 [00:00<00:00, 1981.88it/s, Materializing param=encoder.stages.2.layers.0.pwconv2.bias]  
Loading weights:  22%|██▏       | 74/342 [00:00<00:00, 1975.91it/s, Materializing param=encoder.stages.2.layers.0.pwconv2.bias]
Loading weights:  22%|██▏       | 75/342 [00:00<00:00, 1991.57it/s, Materializing param=encoder.stages.2.layers.0.pwconv2.weight]
Loading weights:  22%|██▏       | 75/342 [00:00<00:00, 1985.83it/s, Materializing param=encoder.stages.2.layers.0.pwconv2.weight]
Loading weights:  22%|██▏       | 76/342 [00:00<00:00, 2002.02it/s, Materializing param=encoder.stages.2.layers.1.dwconv.bias]   
Loading weights:  22%|██▏       | 76/342 [00:00<00:00, 1996.85it/s, Materializing param=encoder.stages.2.layers.1.dwconv.bias]
Loading weights:  23%|██▎       | 77/342 [00:00<00:00, 2012.30it/s, Materializing param=encoder.stages.2.layers.1.dwconv.weight]
Loading weights:  23%|██▎       | 77/342 [00:00<00:00, 2006.49it/s, Materializing param=encoder.stages.2.layers.1.dwconv.weight]
Loading weights:  23%|██▎       | 78/342 [00:00<00:00, 2022.46it/s, Materializing param=encoder.stages.2.layers.1.layer_scale_parameter]
Loading weights:  23%|██▎       | 78/342 [00:00<00:00, 2016.94it/s, Materializing param=encoder.stages.2.layers.1.layer_scale_parameter]
Loading weights:  23%|██▎       | 79/342 [00:00<00:00, 2032.52it/s, Materializing param=encoder.stages.2.layers.1.layernorm.bias]       
Loading weights:  23%|██▎       | 79/342 [00:00<00:00, 2027.37it/s, Materializing param=encoder.stages.2.layers.1.layernorm.bias]
Loading weights:  23%|██▎       | 80/342 [00:00<00:00, 2042.45it/s, Materializing param=encoder.stages.2.layers.1.layernorm.weight]
Loading weights:  23%|██▎       | 80/342 [00:00<00:00, 2036.43it/s, Materializing param=encoder.stages.2.layers.1.layernorm.weight]
Loading weights:  24%|██▎       | 81/342 [00:00<00:00, 2052.12it/s, Materializing param=encoder.stages.2.layers.1.pwconv1.bias]    
Loading weights:  24%|██▎       | 81/342 [00:00<00:00, 2046.93it/s, Materializing param=encoder.stages.2.layers.1.pwconv1.bias]
Loading weights:  24%|██▍       | 82/342 [00:00<00:00, 2060.93it/s, Materializing param=encoder.stages.2.layers.1.pwconv1.weight]
Loading weights:  24%|██▍       | 82/342 [00:00<00:00, 2056.86it/s, Materializing param=encoder.stages.2.layers.1.pwconv1.weight]
Loading weights:  24%|██▍       | 83/342 [00:00<00:00, 2076.34it/s, Materializing param=encoder.stages.2.layers.1.pwconv2.bias]  
Loading weights:  24%|██▍       | 83/342 [00:00<00:00, 2071.62it/s, Materializing param=encoder.stages.2.layers.1.pwconv2.bias]
Loading weights:  25%|██▍       | 84/342 [00:00<00:00, 2086.50it/s, Materializing param=encoder.stages.2.layers.1.pwconv2.weight]
Loading weights:  25%|██▍       | 84/342 [00:00<00:00, 2081.57it/s, Materializing param=encoder.stages.2.layers.1.pwconv2.weight]
Loading weights:  25%|██▍       | 85/342 [00:00<00:00, 2096.40it/s, Materializing param=encoder.stages.2.layers.2.dwconv.bias]   
Loading weights:  25%|██▍       | 85/342 [00:00<00:00, 2090.25it/s, Materializing param=encoder.stages.2.layers.2.dwconv.bias]
Loading weights:  25%|██▌       | 86/342 [00:00<00:00, 2107.83it/s, Materializing param=encoder.stages.2.layers.2.dwconv.weight]
Loading weights:  25%|██▌       | 86/342 [00:00<00:00, 2105.06it/s, Materializing param=encoder.stages.2.layers.2.dwconv.weight]
Loading weights:  25%|██▌       | 87/342 [00:00<00:00, 2124.80it/s, Materializing param=encoder.stages.2.layers.2.layer_scale_parameter]
Loading weights:  25%|██▌       | 87/342 [00:00<00:00, 2119.34it/s, Materializing param=encoder.stages.2.layers.2.layer_scale_parameter]
Loading weights:  26%|██▌       | 88/342 [00:00<00:00, 2133.58it/s, Materializing param=encoder.stages.2.layers.2.layernorm.bias]       
Loading weights:  26%|██▌       | 88/342 [00:00<00:00, 2128.49it/s, Materializing param=encoder.stages.2.layers.2.layernorm.bias]
Loading weights:  26%|██▌       | 89/342 [00:00<00:00, 2141.95it/s, Materializing param=encoder.stages.2.layers.2.layernorm.weight]
Loading weights:  26%|██▌       | 89/342 [00:00<00:00, 2136.63it/s, Materializing param=encoder.stages.2.layers.2.layernorm.weight]
Loading weights:  26%|██▋       | 90/342 [00:00<00:00, 2151.00it/s, Materializing param=encoder.stages.2.layers.2.pwconv1.bias]    
Loading weights:  26%|██▋       | 90/342 [00:00<00:00, 2145.88it/s, Materializing param=encoder.stages.2.layers.2.pwconv1.bias]
Loading weights:  27%|██▋       | 91/342 [00:00<00:00, 2159.13it/s, Materializing param=encoder.stages.2.layers.2.pwconv1.weight]
Loading weights:  27%|██▋       | 91/342 [00:00<00:00, 2153.29it/s, Materializing param=encoder.stages.2.layers.2.pwconv1.weight]
Loading weights:  27%|██▋       | 92/342 [00:00<00:00, 2167.39it/s, Materializing param=encoder.stages.2.layers.2.pwconv2.bias]  
Loading weights:  27%|██▋       | 92/342 [00:00<00:00, 2162.36it/s, Materializing param=encoder.stages.2.layers.2.pwconv2.bias]
Loading weights:  27%|██▋       | 93/342 [00:00<00:00, 2174.89it/s, Materializing param=encoder.stages.2.layers.2.pwconv2.weight]
Loading weights:  27%|██▋       | 93/342 [00:00<00:00, 2170.01it/s, Materializing param=encoder.stages.2.layers.2.pwconv2.weight]
Loading weights:  27%|██▋       | 94/342 [00:00<00:00, 2183.94it/s, Materializing param=encoder.stages.2.layers.3.dwconv.bias]   
Loading weights:  27%|██▋       | 94/342 [00:00<00:00, 2177.75it/s, Materializing param=encoder.stages.2.layers.3.dwconv.bias]
Loading weights:  28%|██▊       | 95/342 [00:00<00:00, 2190.48it/s, Materializing param=encoder.stages.2.layers.3.dwconv.weight]
Loading weights:  28%|██▊       | 95/342 [00:00<00:00, 2185.60it/s, Materializing param=encoder.stages.2.layers.3.dwconv.weight]
Loading weights:  28%|██▊       | 96/342 [00:00<00:00, 2198.64it/s, Materializing param=encoder.stages.2.layers.3.layer_scale_parameter]
Loading weights:  28%|██▊       | 96/342 [00:00<00:00, 2193.26it/s, Materializing param=encoder.stages.2.layers.3.layer_scale_parameter]
Loading weights:  28%|██▊       | 97/342 [00:00<00:00, 2206.52it/s, Materializing param=encoder.stages.2.layers.3.layernorm.bias]       
Loading weights:  28%|██▊       | 97/342 [00:00<00:00, 2201.25it/s, Materializing param=encoder.stages.2.layers.3.layernorm.bias]
Loading weights:  29%|██▊       | 98/342 [00:00<00:00, 2213.44it/s, Materializing param=encoder.stages.2.layers.3.layernorm.weight]
Loading weights:  29%|██▊       | 98/342 [00:00<00:00, 2208.31it/s, Materializing param=encoder.stages.2.layers.3.layernorm.weight]
Loading weights:  29%|██▉       | 99/342 [00:00<00:00, 2221.63it/s, Materializing param=encoder.stages.2.layers.3.pwconv1.bias]    
Loading weights:  29%|██▉       | 99/342 [00:00<00:00, 2215.25it/s, Materializing param=encoder.stages.2.layers.3.pwconv1.bias]
Loading weights:  29%|██▉       | 100/342 [00:00<00:00, 2228.03it/s, Materializing param=encoder.stages.2.layers.3.pwconv1.weight]
Loading weights:  29%|██▉       | 100/342 [00:00<00:00, 2223.20it/s, Materializing param=encoder.stages.2.layers.3.pwconv1.weight]
Loading weights:  30%|██▉       | 101/342 [00:00<00:00, 2234.63it/s, Materializing param=encoder.stages.2.layers.3.pwconv2.bias]  
Loading weights:  30%|██▉       | 101/342 [00:00<00:00, 2229.56it/s, Materializing param=encoder.stages.2.layers.3.pwconv2.bias]
Loading weights:  30%|██▉       | 102/342 [00:00<00:00, 2242.39it/s, Materializing param=encoder.stages.2.layers.3.pwconv2.weight]
Loading weights:  30%|██▉       | 102/342 [00:00<00:00, 2237.62it/s, Materializing param=encoder.stages.2.layers.3.pwconv2.weight]
Loading weights:  30%|███       | 103/342 [00:00<00:00, 2249.13it/s, Materializing param=encoder.stages.2.layers.4.dwconv.bias]   
Loading weights:  30%|███       | 103/342 [00:00<00:00, 2244.18it/s, Materializing param=encoder.stages.2.layers.4.dwconv.bias]
Loading weights:  30%|███       | 104/342 [00:00<00:00, 2255.90it/s, Materializing param=encoder.stages.2.layers.4.dwconv.weight]
Loading weights:  30%|███       | 104/342 [00:00<00:00, 2250.48it/s, Materializing param=encoder.stages.2.layers.4.dwconv.weight]
Loading weights:  31%|███       | 105/342 [00:00<00:00, 2262.68it/s, Materializing param=encoder.stages.2.layers.4.layer_scale_parameter]
Loading weights:  31%|███       | 105/342 [00:00<00:00, 2257.68it/s, Materializing param=encoder.stages.2.layers.4.layer_scale_parameter]
Loading weights:  31%|███       | 106/342 [00:00<00:00, 2268.78it/s, Materializing param=encoder.stages.2.layers.4.layernorm.bias]       
Loading weights:  31%|███       | 106/342 [00:00<00:00, 2265.20it/s, Materializing param=encoder.stages.2.layers.4.layernorm.bias]
Loading weights:  31%|███▏      | 107/342 [00:00<00:00, 2279.88it/s, Materializing param=encoder.stages.2.layers.4.layernorm.weight]
Loading weights:  31%|███▏      | 107/342 [00:00<00:00, 2275.51it/s, Materializing param=encoder.stages.2.layers.4.layernorm.weight]
Loading weights:  32%|███▏      | 108/342 [00:00<00:00, 2287.32it/s, Materializing param=encoder.stages.2.layers.4.pwconv1.bias]    
Loading weights:  32%|███▏      | 108/342 [00:00<00:00, 2282.57it/s, Materializing param=encoder.stages.2.layers.4.pwconv1.bias]
Loading weights:  32%|███▏      | 109/342 [00:00<00:00, 2292.67it/s, Materializing param=encoder.stages.2.layers.4.pwconv1.weight]
Loading weights:  32%|███▏      | 109/342 [00:00<00:00, 2287.53it/s, Materializing param=encoder.stages.2.layers.4.pwconv1.weight]
Loading weights:  32%|███▏      | 110/342 [00:00<00:00, 2299.23it/s, Materializing param=encoder.stages.2.layers.4.pwconv2.bias]  
Loading weights:  32%|███▏      | 110/342 [00:00<00:00, 2294.24it/s, Materializing param=encoder.stages.2.layers.4.pwconv2.bias]
Loading weights:  32%|███▏      | 111/342 [00:00<00:00, 2305.45it/s, Materializing param=encoder.stages.2.layers.4.pwconv2.weight]
Loading weights:  32%|███▏      | 111/342 [00:00<00:00, 2298.71it/s, Materializing param=encoder.stages.2.layers.4.pwconv2.weight]
Loading weights:  33%|███▎      | 112/342 [00:00<00:00, 2308.70it/s, Materializing param=encoder.stages.2.layers.5.dwconv.bias]   
Loading weights:  33%|███▎      | 112/342 [00:00<00:00, 2302.24it/s, Materializing param=encoder.stages.2.layers.5.dwconv.bias]
Loading weights:  33%|███▎      | 113/342 [00:00<00:00, 2311.95it/s, Materializing param=encoder.stages.2.layers.5.dwconv.weight]
Loading weights:  33%|███▎      | 113/342 [00:00<00:00, 2306.22it/s, Materializing param=encoder.stages.2.layers.5.dwconv.weight]
Loading weights:  33%|███▎      | 114/342 [00:00<00:00, 2315.08it/s, Materializing param=encoder.stages.2.layers.5.layer_scale_parameter]
Loading weights:  33%|███▎      | 114/342 [00:00<00:00, 2309.32it/s, Materializing param=encoder.stages.2.layers.5.layer_scale_parameter]
Loading weights:  34%|███▎      | 115/342 [00:00<00:00, 2319.03it/s, Materializing param=encoder.stages.2.layers.5.layernorm.bias]       
Loading weights:  34%|███▎      | 115/342 [00:00<00:00, 2313.03it/s, Materializing param=encoder.stages.2.layers.5.layernorm.bias]
Loading weights:  34%|███▍      | 116/342 [00:00<00:00, 2322.13it/s, Materializing param=encoder.stages.2.layers.5.layernorm.weight]
Loading weights:  34%|███▍      | 116/342 [00:00<00:00, 2317.33it/s, Materializing param=encoder.stages.2.layers.5.layernorm.weight]
Loading weights:  34%|███▍      | 117/342 [00:00<00:00, 2326.83it/s, Materializing param=encoder.stages.2.layers.5.pwconv1.bias]    
Loading weights:  34%|███▍      | 117/342 [00:00<00:00, 2322.14it/s, Materializing param=encoder.stages.2.layers.5.pwconv1.bias]
Loading weights:  35%|███▍      | 118/342 [00:00<00:00, 2333.54it/s, Materializing param=encoder.stages.2.layers.5.pwconv1.weight]
Loading weights:  35%|███▍      | 118/342 [00:00<00:00, 2328.71it/s, Materializing param=encoder.stages.2.layers.5.pwconv1.weight]
Loading weights:  35%|███▍      | 119/342 [00:00<00:00, 2339.30it/s, Materializing param=encoder.stages.2.layers.5.pwconv2.bias]  
Loading weights:  35%|███▍      | 119/342 [00:00<00:00, 2334.89it/s, Materializing param=encoder.stages.2.layers.5.pwconv2.bias]
Loading weights:  35%|███▌      | 120/342 [00:00<00:00, 2346.26it/s, Materializing param=encoder.stages.2.layers.5.pwconv2.weight]
Loading weights:  35%|███▌      | 120/342 [00:00<00:00, 2340.80it/s, Materializing param=encoder.stages.2.layers.5.pwconv2.weight]
Loading weights:  35%|███▌      | 121/342 [00:00<00:00, 2350.85it/s, Materializing param=encoder.stages.2.layers.6.dwconv.bias]   
Loading weights:  35%|███▌      | 121/342 [00:00<00:00, 2346.47it/s, Materializing param=encoder.stages.2.layers.6.dwconv.bias]
Loading weights:  36%|███▌      | 122/342 [00:00<00:00, 2356.88it/s, Materializing param=encoder.stages.2.layers.6.dwconv.weight]
Loading weights:  36%|███▌      | 122/342 [00:00<00:00, 2352.31it/s, Materializing param=encoder.stages.2.layers.6.dwconv.weight]
Loading weights:  36%|███▌      | 123/342 [00:00<00:00, 2362.51it/s, Materializing param=encoder.stages.2.layers.6.layer_scale_parameter]
Loading weights:  36%|███▌      | 123/342 [00:00<00:00, 2357.07it/s, Materializing param=encoder.stages.2.layers.6.layer_scale_parameter]
Loading weights:  36%|███▋      | 124/342 [00:00<00:00, 2367.45it/s, Materializing param=encoder.stages.2.layers.6.layernorm.bias]       
Loading weights:  36%|███▋      | 124/342 [00:00<00:00, 2362.42it/s, Materializing param=encoder.stages.2.layers.6.layernorm.bias]
Loading weights:  37%|███▋      | 125/342 [00:00<00:00, 2372.24it/s, Materializing param=encoder.stages.2.layers.6.layernorm.weight]
Loading weights:  37%|███▋      | 125/342 [00:00<00:00, 2367.50it/s, Materializing param=encoder.stages.2.layers.6.layernorm.weight]
Loading weights:  37%|███▋      | 126/342 [00:00<00:00, 2378.07it/s, Materializing param=encoder.stages.2.layers.6.pwconv1.bias]    
Loading weights:  37%|███▋      | 126/342 [00:00<00:00, 2372.95it/s, Materializing param=encoder.stages.2.layers.6.pwconv1.bias]
Loading weights:  37%|███▋      | 127/342 [00:00<00:00, 2382.08it/s, Materializing param=encoder.stages.2.layers.6.pwconv1.weight]
Loading weights:  37%|███▋      | 127/342 [00:00<00:00, 2378.15it/s, Materializing param=encoder.stages.2.layers.6.pwconv1.weight]
Loading weights:  37%|███▋      | 128/342 [00:00<00:00, 2389.18it/s, Materializing param=encoder.stages.2.layers.6.pwconv2.bias]  
Loading weights:  37%|███▋      | 128/342 [00:00<00:00, 2384.87it/s, Materializing param=encoder.stages.2.layers.6.pwconv2.bias]
Loading weights:  38%|███▊      | 129/342 [00:00<00:00, 2395.98it/s, Materializing param=encoder.stages.2.layers.6.pwconv2.weight]
Loading weights:  38%|███▊      | 129/342 [00:00<00:00, 2391.99it/s, Materializing param=encoder.stages.2.layers.6.pwconv2.weight]
Loading weights:  38%|███▊      | 130/342 [00:00<00:00, 2403.21it/s, Materializing param=encoder.stages.2.layers.7.dwconv.bias]   
Loading weights:  38%|███▊      | 130/342 [00:00<00:00, 2398.24it/s, Materializing param=encoder.stages.2.layers.7.dwconv.bias]
Loading weights:  38%|███▊      | 131/342 [00:00<00:00, 2408.85it/s, Materializing param=encoder.stages.2.layers.7.dwconv.weight]
Loading weights:  38%|███▊      | 131/342 [00:00<00:00, 2404.54it/s, Materializing param=encoder.stages.2.layers.7.dwconv.weight]
Loading weights:  39%|███▊      | 132/342 [00:00<00:00, 2415.03it/s, Materializing param=encoder.stages.2.layers.7.layer_scale_parameter]
Loading weights:  39%|███▊      | 132/342 [00:00<00:00, 2410.96it/s, Materializing param=encoder.stages.2.layers.7.layer_scale_parameter]
Loading weights:  39%|███▉      | 133/342 [00:00<00:00, 2421.15it/s, Materializing param=encoder.stages.2.layers.7.layernorm.bias]       
Loading weights:  39%|███▉      | 133/342 [00:00<00:00, 2417.20it/s, Materializing param=encoder.stages.2.layers.7.layernorm.bias]
Loading weights:  39%|███▉      | 134/342 [00:00<00:00, 2426.60it/s, Materializing param=encoder.stages.2.layers.7.layernorm.weight]
Loading weights:  39%|███▉      | 134/342 [00:00<00:00, 2422.28it/s, Materializing param=encoder.stages.2.layers.7.layernorm.weight]
Loading weights:  39%|███▉      | 135/342 [00:00<00:00, 2432.56it/s, Materializing param=encoder.stages.2.layers.7.pwconv1.bias]    
Loading weights:  39%|███▉      | 135/342 [00:00<00:00, 2428.58it/s, Materializing param=encoder.stages.2.layers.7.pwconv1.bias]
Loading weights:  40%|███▉      | 136/342 [00:00<00:00, 2438.75it/s, Materializing param=encoder.stages.2.layers.7.pwconv1.weight]
Loading weights:  40%|███▉      | 136/342 [00:00<00:00, 2434.68it/s, Materializing param=encoder.stages.2.layers.7.pwconv1.weight]
Loading weights:  40%|████      | 137/342 [00:00<00:00, 2445.31it/s, Materializing param=encoder.stages.2.layers.7.pwconv2.bias]  
Loading weights:  40%|████      | 137/342 [00:00<00:00, 2441.35it/s, Materializing param=encoder.stages.2.layers.7.pwconv2.bias]
Loading weights:  40%|████      | 138/342 [00:00<00:00, 2450.11it/s, Materializing param=encoder.stages.2.layers.7.pwconv2.weight]
Loading weights:  40%|████      | 138/342 [00:00<00:00, 2445.80it/s, Materializing param=encoder.stages.2.layers.7.pwconv2.weight]
Loading weights:  41%|████      | 139/342 [00:00<00:00, 2456.12it/s, Materializing param=encoder.stages.2.layers.8.dwconv.bias]   
Loading weights:  41%|████      | 139/342 [00:00<00:00, 2451.57it/s, Materializing param=encoder.stages.2.layers.8.dwconv.bias]
Loading weights:  41%|████      | 140/342 [00:00<00:00, 2461.66it/s, Materializing param=encoder.stages.2.layers.8.dwconv.weight]
Loading weights:  41%|████      | 140/342 [00:00<00:00, 2457.75it/s, Materializing param=encoder.stages.2.layers.8.dwconv.weight]
Loading weights:  41%|████      | 141/342 [00:00<00:00, 2468.03it/s, Materializing param=encoder.stages.2.layers.8.layer_scale_parameter]
Loading weights:  41%|████      | 141/342 [00:00<00:00, 2462.66it/s, Materializing param=encoder.stages.2.layers.8.layer_scale_parameter]
Loading weights:  42%|████▏     | 142/342 [00:00<00:00, 2470.40it/s, Materializing param=encoder.stages.2.layers.8.layernorm.bias]       
Loading weights:  42%|████▏     | 142/342 [00:00<00:00, 2466.18it/s, Materializing param=encoder.stages.2.layers.8.layernorm.bias]
Loading weights:  42%|████▏     | 143/342 [00:00<00:00, 2478.04it/s, Materializing param=encoder.stages.2.layers.8.layernorm.weight]
Loading weights:  42%|████▏     | 143/342 [00:00<00:00, 2475.71it/s, Materializing param=encoder.stages.2.layers.8.layernorm.weight]
Loading weights:  42%|████▏     | 144/342 [00:00<00:00, 2488.95it/s, Materializing param=encoder.stages.2.layers.8.pwconv1.bias]    
Loading weights:  42%|████▏     | 144/342 [00:00<00:00, 2485.12it/s, Materializing param=encoder.stages.2.layers.8.pwconv1.bias]
Loading weights:  42%|████▏     | 145/342 [00:00<00:00, 2497.84it/s, Materializing param=encoder.stages.2.layers.8.pwconv1.weight]
Loading weights:  42%|████▏     | 145/342 [00:00<00:00, 2495.76it/s, Materializing param=encoder.stages.2.layers.8.pwconv1.weight]
Loading weights:  43%|████▎     | 146/342 [00:00<00:00, 2504.15it/s, Materializing param=encoder.stages.2.layers.8.pwconv2.bias]  
Loading weights:  43%|████▎     | 146/342 [00:00<00:00, 2499.32it/s, Materializing param=encoder.stages.2.layers.8.pwconv2.bias]
Loading weights:  43%|████▎     | 147/342 [00:00<00:00, 2510.98it/s, Materializing param=encoder.stages.2.layers.8.pwconv2.weight]
Loading weights:  43%|████▎     | 147/342 [00:00<00:00, 2508.80it/s, Materializing param=encoder.stages.2.layers.8.pwconv2.weight]
Loading weights:  43%|████▎     | 148/342 [00:00<00:00, 2521.56it/s, Materializing param=encoder.stages.2.layers.9.dwconv.bias]   
Loading weights:  43%|████▎     | 148/342 [00:00<00:00, 2519.55it/s, Materializing param=encoder.stages.2.layers.9.dwconv.bias]
Loading weights:  44%|████▎     | 149/342 [00:00<00:00, 2532.83it/s, Materializing param=encoder.stages.2.layers.9.dwconv.weight]
Loading weights:  44%|████▎     | 149/342 [00:00<00:00, 2529.49it/s, Materializing param=encoder.stages.2.layers.9.dwconv.weight]
Loading weights:  44%|████▍     | 150/342 [00:00<00:00, 2539.67it/s, Materializing param=encoder.stages.2.layers.9.layer_scale_parameter]
Loading weights:  44%|████▍     | 150/342 [00:00<00:00, 2537.30it/s, Materializing param=encoder.stages.2.layers.9.layer_scale_parameter]
Loading weights:  44%|████▍     | 151/342 [00:00<00:00, 2541.93it/s, Materializing param=encoder.stages.2.layers.9.layernorm.bias]       
Loading weights:  44%|████▍     | 151/342 [00:00<00:00, 2535.89it/s, Materializing param=encoder.stages.2.layers.9.layernorm.bias]
Loading weights:  44%|████▍     | 152/342 [00:00<00:00, 2543.62it/s, Materializing param=encoder.stages.2.layers.9.layernorm.weight]
Loading weights:  44%|████▍     | 152/342 [00:00<00:00, 2540.82it/s, Materializing param=encoder.stages.2.layers.9.layernorm.weight]
Loading weights:  45%|████▍     | 153/342 [00:00<00:00, 2551.81it/s, Materializing param=encoder.stages.2.layers.9.pwconv1.bias]    
Loading weights:  45%|████▍     | 153/342 [00:00<00:00, 2548.67it/s, Materializing param=encoder.stages.2.layers.9.pwconv1.bias]
Loading weights:  45%|████▌     | 154/342 [00:00<00:00, 2560.48it/s, Materializing param=encoder.stages.2.layers.9.pwconv1.weight]
Loading weights:  45%|████▌     | 154/342 [00:00<00:00, 2554.72it/s, Materializing param=encoder.stages.2.layers.9.pwconv1.weight]
Loading weights:  45%|████▌     | 155/342 [00:00<00:00, 2562.04it/s, Materializing param=encoder.stages.2.layers.9.pwconv2.bias]  
Loading weights:  45%|████▌     | 155/342 [00:00<00:00, 2557.09it/s, Materializing param=encoder.stages.2.layers.9.pwconv2.bias]
Loading weights:  46%|████▌     | 156/342 [00:00<00:00, 2565.05it/s, Materializing param=encoder.stages.2.layers.9.pwconv2.weight]
Loading weights:  46%|████▌     | 156/342 [00:00<00:00, 2562.13it/s, Materializing param=encoder.stages.2.layers.9.pwconv2.weight]
Loading weights:  46%|████▌     | 157/342 [00:00<00:00, 2574.65it/s, Materializing param=encoder.stages.2.layers.10.dwconv.bias]  
Loading weights:  46%|████▌     | 157/342 [00:00<00:00, 2571.73it/s, Materializing param=encoder.stages.2.layers.10.dwconv.bias]
Loading weights:  46%|████▌     | 158/342 [00:00<00:00, 2581.32it/s, Materializing param=encoder.stages.2.layers.10.dwconv.weight]
Loading weights:  46%|████▌     | 158/342 [00:00<00:00, 2578.70it/s, Materializing param=encoder.stages.2.layers.10.dwconv.weight]
Loading weights:  46%|████▋     | 159/342 [00:00<00:00, 2586.87it/s, Materializing param=encoder.stages.2.layers.10.layer_scale_parameter]
Loading weights:  46%|████▋     | 159/342 [00:00<00:00, 2582.24it/s, Materializing param=encoder.stages.2.layers.10.layer_scale_parameter]
Loading weights:  47%|████▋     | 160/342 [00:00<00:00, 2590.73it/s, Materializing param=encoder.stages.2.layers.10.layernorm.bias]       
Loading weights:  47%|████▋     | 160/342 [00:00<00:00, 2588.37it/s, Materializing param=encoder.stages.2.layers.10.layernorm.bias]
Loading weights:  47%|████▋     | 161/342 [00:00<00:00, 2600.59it/s, Materializing param=encoder.stages.2.layers.10.layernorm.weight]
Loading weights:  47%|████▋     | 161/342 [00:00<00:00, 2598.55it/s, Materializing param=encoder.stages.2.layers.10.layernorm.weight]
Loading weights:  47%|████▋     | 162/342 [00:00<00:00, 2609.43it/s, Materializing param=encoder.stages.2.layers.10.pwconv1.bias]    
Loading weights:  47%|████▋     | 162/342 [00:00<00:00, 2607.19it/s, Materializing param=encoder.stages.2.layers.10.pwconv1.bias]
Loading weights:  48%|████▊     | 163/342 [00:00<00:00, 2614.86it/s, Materializing param=encoder.stages.2.layers.10.pwconv1.weight]
Loading weights:  48%|████▊     | 163/342 [00:00<00:00, 2610.52it/s, Materializing param=encoder.stages.2.layers.10.pwconv1.weight]
Loading weights:  48%|████▊     | 164/342 [00:00<00:00, 2617.04it/s, Materializing param=encoder.stages.2.layers.10.pwconv2.bias]  
Loading weights:  48%|████▊     | 164/342 [00:00<00:00, 2614.05it/s, Materializing param=encoder.stages.2.layers.10.pwconv2.bias]
Loading weights:  48%|████▊     | 165/342 [00:00<00:00, 2624.41it/s, Materializing param=encoder.stages.2.layers.10.pwconv2.weight]
Loading weights:  48%|████▊     | 165/342 [00:00<00:00, 2621.97it/s, Materializing param=encoder.stages.2.layers.10.pwconv2.weight]
Loading weights:  49%|████▊     | 166/342 [00:00<00:00, 2631.47it/s, Materializing param=encoder.stages.2.layers.11.dwconv.bias]   
Loading weights:  49%|████▊     | 166/342 [00:00<00:00, 2628.89it/s, Materializing param=encoder.stages.2.layers.11.dwconv.bias]
Loading weights:  49%|████▉     | 167/342 [00:00<00:00, 2635.37it/s, Materializing param=encoder.stages.2.layers.11.dwconv.weight]
Loading weights:  49%|████▉     | 167/342 [00:00<00:00, 2630.57it/s, Materializing param=encoder.stages.2.layers.11.dwconv.weight]
Loading weights:  49%|████▉     | 168/342 [00:00<00:00, 2636.69it/s, Materializing param=encoder.stages.2.layers.11.layer_scale_parameter]
Loading weights:  49%|████▉     | 168/342 [00:00<00:00, 2633.69it/s, Materializing param=encoder.stages.2.layers.11.layer_scale_parameter]
Loading weights:  49%|████▉     | 169/342 [00:00<00:00, 2644.60it/s, Materializing param=encoder.stages.2.layers.11.layernorm.bias]       
Loading weights:  49%|████▉     | 169/342 [00:00<00:00, 2642.16it/s, Materializing param=encoder.stages.2.layers.11.layernorm.bias]
Loading weights:  50%|████▉     | 170/342 [00:00<00:00, 2650.29it/s, Materializing param=encoder.stages.2.layers.11.layernorm.weight]
Loading weights:  50%|████▉     | 170/342 [00:00<00:00, 2645.28it/s, Materializing param=encoder.stages.2.layers.11.layernorm.weight]
Loading weights:  50%|█████     | 171/342 [00:00<00:00, 2656.01it/s, Materializing param=encoder.stages.2.layers.11.pwconv1.bias]    
Loading weights:  50%|█████     | 171/342 [00:00<00:00, 2651.63it/s, Materializing param=encoder.stages.2.layers.11.pwconv1.bias]
Loading weights:  50%|█████     | 172/342 [00:00<00:00, 2658.45it/s, Materializing param=encoder.stages.2.layers.11.pwconv1.weight]
Loading weights:  50%|█████     | 172/342 [00:00<00:00, 2654.56it/s, Materializing param=encoder.stages.2.layers.11.pwconv1.weight]
Loading weights:  51%|█████     | 173/342 [00:00<00:00, 2665.12it/s, Materializing param=encoder.stages.2.layers.11.pwconv2.bias]  
Loading weights:  51%|█████     | 173/342 [00:00<00:00, 2663.04it/s, Materializing param=encoder.stages.2.layers.11.pwconv2.bias]
Loading weights:  51%|█████     | 174/342 [00:00<00:00, 2674.69it/s, Materializing param=encoder.stages.2.layers.11.pwconv2.weight]
Loading weights:  51%|█████     | 174/342 [00:00<00:00, 2672.71it/s, Materializing param=encoder.stages.2.layers.11.pwconv2.weight]
Loading weights:  51%|█████     | 175/342 [00:00<00:00, 2681.45it/s, Materializing param=encoder.stages.2.layers.12.dwconv.bias]   
Loading weights:  51%|█████     | 175/342 [00:00<00:00, 2679.21it/s, Materializing param=encoder.stages.2.layers.12.dwconv.bias]
Loading weights:  51%|█████▏    | 176/342 [00:00<00:00, 2686.83it/s, Materializing param=encoder.stages.2.layers.12.dwconv.weight]
Loading weights:  51%|█████▏    | 176/342 [00:00<00:00, 2682.64it/s, Materializing param=encoder.stages.2.layers.12.dwconv.weight]
Loading weights:  52%|█████▏    | 177/342 [00:00<00:00, 2689.12it/s, Materializing param=encoder.stages.2.layers.12.layer_scale_parameter]
Loading weights:  52%|█████▏    | 177/342 [00:00<00:00, 2686.72it/s, Materializing param=encoder.stages.2.layers.12.layer_scale_parameter]
Loading weights:  52%|█████▏    | 178/342 [00:00<00:00, 2697.99it/s, Materializing param=encoder.stages.2.layers.12.layernorm.bias]       
Loading weights:  52%|█████▏    | 178/342 [00:00<00:00, 2696.03it/s, Materializing param=encoder.stages.2.layers.12.layernorm.bias]
Loading weights:  52%|█████▏    | 179/342 [00:00<00:00, 2706.57it/s, Materializing param=encoder.stages.2.layers.12.layernorm.weight]
Loading weights:  52%|█████▏    | 179/342 [00:00<00:00, 2702.29it/s, Materializing param=encoder.stages.2.layers.12.layernorm.weight]
Loading weights:  53%|█████▎    | 180/342 [00:00<00:00, 2710.71it/s, Materializing param=encoder.stages.2.layers.12.pwconv1.bias]    
Loading weights:  53%|█████▎    | 180/342 [00:00<00:00, 2706.77it/s, Materializing param=encoder.stages.2.layers.12.pwconv1.bias]
Loading weights:  53%|█████▎    | 181/342 [00:00<00:00, 2713.83it/s, Materializing param=encoder.stages.2.layers.12.pwconv1.weight]
Loading weights:  53%|█████▎    | 181/342 [00:00<00:00, 2711.42it/s, Materializing param=encoder.stages.2.layers.12.pwconv1.weight]
Loading weights:  53%|█████▎    | 182/342 [00:00<00:00, 2722.53it/s, Materializing param=encoder.stages.2.layers.12.pwconv2.bias]  
Loading weights:  53%|█████▎    | 182/342 [00:00<00:00, 2720.60it/s, Materializing param=encoder.stages.2.layers.12.pwconv2.bias]
Loading weights:  54%|█████▎    | 183/342 [00:00<00:00, 2732.04it/s, Materializing param=encoder.stages.2.layers.12.pwconv2.weight]
Loading weights:  54%|█████▎    | 183/342 [00:00<00:00, 2730.12it/s, Materializing param=encoder.stages.2.layers.12.pwconv2.weight]
Loading weights:  54%|█████▍    | 184/342 [00:00<00:00, 2737.43it/s, Materializing param=encoder.stages.2.layers.13.dwconv.bias]   
Loading weights:  54%|█████▍    | 184/342 [00:00<00:00, 2735.09it/s, Materializing param=encoder.stages.2.layers.13.dwconv.bias]
Loading weights:  54%|█████▍    | 185/342 [00:00<00:00, 2741.81it/s, Materializing param=encoder.stages.2.layers.13.dwconv.weight]
Loading weights:  54%|█████▍    | 185/342 [00:00<00:00, 2737.41it/s, Materializing param=encoder.stages.2.layers.13.dwconv.weight]
Loading weights:  54%|█████▍    | 186/342 [00:00<00:00, 2744.73it/s, Materializing param=encoder.stages.2.layers.13.layer_scale_parameter]
Loading weights:  54%|█████▍    | 186/342 [00:00<00:00, 2742.45it/s, Materializing param=encoder.stages.2.layers.13.layer_scale_parameter]
Loading weights:  55%|█████▍    | 187/342 [00:00<00:00, 2753.34it/s, Materializing param=encoder.stages.2.layers.13.layernorm.bias]       
Loading weights:  55%|█████▍    | 187/342 [00:00<00:00, 2750.00it/s, Materializing param=encoder.stages.2.layers.13.layernorm.bias]
Loading weights:  55%|█████▍    | 188/342 [00:00<00:00, 2760.41it/s, Materializing param=encoder.stages.2.layers.13.layernorm.weight]
Loading weights:  55%|█████▍    | 188/342 [00:00<00:00, 2757.00it/s, Materializing param=encoder.stages.2.layers.13.layernorm.weight]
Loading weights:  55%|█████▌    | 189/342 [00:00<00:00, 2763.30it/s, Materializing param=encoder.stages.2.layers.13.pwconv1.bias]    
Loading weights:  55%|█████▌    | 189/342 [00:00<00:00, 2758.82it/s, Materializing param=encoder.stages.2.layers.13.pwconv1.bias]
Loading weights:  56%|█████▌    | 190/342 [00:00<00:00, 2765.90it/s, Materializing param=encoder.stages.2.layers.13.pwconv1.weight]
Loading weights:  56%|█████▌    | 190/342 [00:00<00:00, 2763.59it/s, Materializing param=encoder.stages.2.layers.13.pwconv1.weight]
Loading weights:  56%|█████▌    | 191/342 [00:00<00:00, 2774.33it/s, Materializing param=encoder.stages.2.layers.13.pwconv2.bias]  
Loading weights:  56%|█████▌    | 191/342 [00:00<00:00, 2772.39it/s, Materializing param=encoder.stages.2.layers.13.pwconv2.bias]
Loading weights:  56%|█████▌    | 192/342 [00:00<00:00, 2782.35it/s, Materializing param=encoder.stages.2.layers.13.pwconv2.weight]
Loading weights:  56%|█████▌    | 192/342 [00:00<00:00, 2779.90it/s, Materializing param=encoder.stages.2.layers.13.pwconv2.weight]
Loading weights:  56%|█████▋    | 193/342 [00:00<00:00, 2788.51it/s, Materializing param=encoder.stages.2.layers.14.dwconv.bias]   
Loading weights:  56%|█████▋    | 193/342 [00:00<00:00, 2784.55it/s, Materializing param=encoder.stages.2.layers.14.dwconv.bias]
Loading weights:  57%|█████▋    | 194/342 [00:00<00:00, 2790.92it/s, Materializing param=encoder.stages.2.layers.14.dwconv.weight]
Loading weights:  57%|█████▋    | 194/342 [00:00<00:00, 2787.89it/s, Materializing param=encoder.stages.2.layers.14.dwconv.weight]
Loading weights:  57%|█████▋    | 195/342 [00:00<00:00, 2797.56it/s, Materializing param=encoder.stages.2.layers.14.layer_scale_parameter]
Loading weights:  57%|█████▋    | 195/342 [00:00<00:00, 2795.49it/s, Materializing param=encoder.stages.2.layers.14.layer_scale_parameter]
Loading weights:  57%|█████▋    | 196/342 [00:00<00:00, 2806.20it/s, Materializing param=encoder.stages.2.layers.14.layernorm.bias]       
Loading weights:  57%|█████▋    | 196/342 [00:00<00:00, 2804.29it/s, Materializing param=encoder.stages.2.layers.14.layernorm.bias]
Loading weights:  58%|█████▊    | 197/342 [00:00<00:00, 2813.14it/s, Materializing param=encoder.stages.2.layers.14.layernorm.weight]
Loading weights:  58%|█████▊    | 197/342 [00:00<00:00, 2811.14it/s, Materializing param=encoder.stages.2.layers.14.layernorm.weight]
Loading weights:  58%|█████▊    | 198/342 [00:00<00:00, 2817.64it/s, Materializing param=encoder.stages.2.layers.14.pwconv1.bias]    
Loading weights:  58%|█████▊    | 198/342 [00:00<00:00, 2813.33it/s, Materializing param=encoder.stages.2.layers.14.pwconv1.bias]
Loading weights:  58%|█████▊    | 199/342 [00:00<00:00, 2820.31it/s, Materializing param=encoder.stages.2.layers.14.pwconv1.weight]
Loading weights:  58%|█████▊    | 199/342 [00:00<00:00, 2818.11it/s, Materializing param=encoder.stages.2.layers.14.pwconv1.weight]
Loading weights:  58%|█████▊    | 200/342 [00:00<00:00, 2828.22it/s, Materializing param=encoder.stages.2.layers.14.pwconv2.bias]  
Loading weights:  58%|█████▊    | 200/342 [00:00<00:00, 2826.34it/s, Materializing param=encoder.stages.2.layers.14.pwconv2.bias]
Loading weights:  59%|█████▉    | 201/342 [00:00<00:00, 2837.00it/s, Materializing param=encoder.stages.2.layers.14.pwconv2.weight]
Loading weights:  59%|█████▉    | 201/342 [00:00<00:00, 2835.10it/s, Materializing param=encoder.stages.2.layers.14.pwconv2.weight]
Loading weights:  59%|█████▉    | 202/342 [00:00<00:00, 2843.58it/s, Materializing param=encoder.stages.2.layers.15.dwconv.bias]   
Loading weights:  59%|█████▉    | 202/342 [00:00<00:00, 2839.01it/s, Materializing param=encoder.stages.2.layers.15.dwconv.bias]
Loading weights:  59%|█████▉    | 203/342 [00:00<00:00, 2844.38it/s, Materializing param=encoder.stages.2.layers.15.dwconv.weight]
Loading weights:  59%|█████▉    | 203/342 [00:00<00:00, 2841.86it/s, Materializing param=encoder.stages.2.layers.15.dwconv.weight]
Loading weights:  60%|█████▉    | 204/342 [00:00<00:00, 2851.76it/s, Materializing param=encoder.stages.2.layers.15.layer_scale_parameter]
Loading weights:  60%|█████▉    | 204/342 [00:00<00:00, 2849.85it/s, Materializing param=encoder.stages.2.layers.15.layer_scale_parameter]
Loading weights:  60%|█████▉    | 205/342 [00:00<00:00, 2859.97it/s, Materializing param=encoder.stages.2.layers.15.layernorm.bias]       
Loading weights:  60%|█████▉    | 205/342 [00:00<00:00, 2858.07it/s, Materializing param=encoder.stages.2.layers.15.layernorm.bias]
Loading weights:  60%|██████    | 206/342 [00:00<00:00, 2867.14it/s, Materializing param=encoder.stages.2.layers.15.layernorm.weight]
Loading weights:  60%|██████    | 206/342 [00:00<00:00, 2865.00it/s, Materializing param=encoder.stages.2.layers.15.layernorm.weight]
Loading weights:  61%|██████    | 207/342 [00:00<00:00, 2874.03it/s, Materializing param=encoder.stages.2.layers.15.pwconv1.bias]    
Loading weights:  61%|██████    | 207/342 [00:00<00:00, 2870.51it/s, Materializing param=encoder.stages.2.layers.15.pwconv1.bias]
Loading weights:  61%|██████    | 208/342 [00:00<00:00, 2875.14it/s, Materializing param=encoder.stages.2.layers.15.pwconv1.weight]
Loading weights:  61%|██████    | 208/342 [00:00<00:00, 2872.04it/s, Materializing param=encoder.stages.2.layers.15.pwconv1.weight]
Loading weights:  61%|██████    | 209/342 [00:00<00:00, 2881.58it/s, Materializing param=encoder.stages.2.layers.15.pwconv2.bias]  
Loading weights:  61%|██████    | 209/342 [00:00<00:00, 2879.70it/s, Materializing param=encoder.stages.2.layers.15.pwconv2.bias]
Loading weights:  61%|██████▏   | 210/342 [00:00<00:00, 2889.68it/s, Materializing param=encoder.stages.2.layers.15.pwconv2.weight]
Loading weights:  61%|██████▏   | 210/342 [00:00<00:00, 2887.82it/s, Materializing param=encoder.stages.2.layers.15.pwconv2.weight]
Loading weights:  62%|██████▏   | 211/342 [00:00<00:00, 2896.24it/s, Materializing param=encoder.stages.2.layers.16.dwconv.bias]   
Loading weights:  62%|██████▏   | 211/342 [00:00<00:00, 2894.35it/s, Materializing param=encoder.stages.2.layers.16.dwconv.bias]
Loading weights:  62%|██████▏   | 212/342 [00:00<00:00, 2900.15it/s, Materializing param=encoder.stages.2.layers.16.dwconv.weight]
Loading weights:  62%|██████▏   | 212/342 [00:00<00:00, 2895.38it/s, Materializing param=encoder.stages.2.layers.16.dwconv.weight]
Loading weights:  62%|██████▏   | 213/342 [00:00<00:00, 2902.38it/s, Materializing param=encoder.stages.2.layers.16.layer_scale_parameter]
Loading weights:  62%|██████▏   | 213/342 [00:00<00:00, 2900.16it/s, Materializing param=encoder.stages.2.layers.16.layer_scale_parameter]
Loading weights:  63%|██████▎   | 214/342 [00:00<00:00, 2910.17it/s, Materializing param=encoder.stages.2.layers.16.layernorm.bias]       
Loading weights:  63%|██████▎   | 214/342 [00:00<00:00, 2908.31it/s, Materializing param=encoder.stages.2.layers.16.layernorm.bias]
Loading weights:  63%|██████▎   | 215/342 [00:00<00:00, 2916.69it/s, Materializing param=encoder.stages.2.layers.16.layernorm.weight]
Loading weights:  63%|██████▎   | 215/342 [00:00<00:00, 2914.54it/s, Materializing param=encoder.stages.2.layers.16.layernorm.weight]
Loading weights:  63%|██████▎   | 216/342 [00:00<00:00, 2924.38it/s, Materializing param=encoder.stages.2.layers.16.pwconv1.bias]    
Loading weights:  63%|██████▎   | 216/342 [00:00<00:00, 2920.51it/s, Materializing param=encoder.stages.2.layers.16.pwconv1.bias]
Loading weights:  63%|██████▎   | 217/342 [00:00<00:00, 2926.09it/s, Materializing param=encoder.stages.2.layers.16.pwconv1.weight]
Loading weights:  63%|██████▎   | 217/342 [00:00<00:00, 2921.48it/s, Materializing param=encoder.stages.2.layers.16.pwconv1.weight]
Loading weights:  64%|██████▎   | 218/342 [00:00<00:00, 2929.17it/s, Materializing param=encoder.stages.2.layers.16.pwconv2.bias]  
Loading weights:  64%|██████▎   | 218/342 [00:00<00:00, 2927.08it/s, Materializing param=encoder.stages.2.layers.16.pwconv2.bias]
Loading weights:  64%|██████▍   | 219/342 [00:00<00:00, 2936.87it/s, Materializing param=encoder.stages.2.layers.16.pwconv2.weight]
Loading weights:  64%|██████▍   | 219/342 [00:00<00:00, 2933.97it/s, Materializing param=encoder.stages.2.layers.16.pwconv2.weight]
Loading weights:  64%|██████▍   | 220/342 [00:00<00:00, 2942.97it/s, Materializing param=encoder.stages.2.layers.17.dwconv.bias]   
Loading weights:  64%|██████▍   | 220/342 [00:00<00:00, 2940.27it/s, Materializing param=encoder.stages.2.layers.17.dwconv.bias]
Loading weights:  65%|██████▍   | 221/342 [00:00<00:00, 2945.87it/s, Materializing param=encoder.stages.2.layers.17.dwconv.weight]
Loading weights:  65%|██████▍   | 221/342 [00:00<00:00, 2941.84it/s, Materializing param=encoder.stages.2.layers.17.dwconv.weight]
Loading weights:  65%|██████▍   | 222/342 [00:00<00:00, 2947.84it/s, Materializing param=encoder.stages.2.layers.17.layer_scale_parameter]
Loading weights:  65%|██████▍   | 222/342 [00:00<00:00, 2945.64it/s, Materializing param=encoder.stages.2.layers.17.layer_scale_parameter]
Loading weights:  65%|██████▌   | 223/342 [00:00<00:00, 2955.18it/s, Materializing param=encoder.stages.2.layers.17.layernorm.bias]       
Loading weights:  65%|██████▌   | 223/342 [00:00<00:00, 2953.33it/s, Materializing param=encoder.stages.2.layers.17.layernorm.bias]
Loading weights:  65%|██████▌   | 224/342 [00:00<00:00, 2961.33it/s, Materializing param=encoder.stages.2.layers.17.layernorm.weight]
Loading weights:  65%|██████▌   | 224/342 [00:00<00:00, 2959.21it/s, Materializing param=encoder.stages.2.layers.17.layernorm.weight]
Loading weights:  66%|██████▌   | 225/342 [00:00<00:00, 2967.06it/s, Materializing param=encoder.stages.2.layers.17.pwconv1.bias]    
Loading weights:  66%|██████▌   | 225/342 [00:00<00:00, 2963.63it/s, Materializing param=encoder.stages.2.layers.17.pwconv1.bias]
Loading weights:  66%|██████▌   | 226/342 [00:00<00:00, 2968.53it/s, Materializing param=encoder.stages.2.layers.17.pwconv1.weight]
Loading weights:  66%|██████▌   | 226/342 [00:00<00:00, 2963.64it/s, Materializing param=encoder.stages.2.layers.17.pwconv1.weight]
Loading weights:  66%|██████▋   | 227/342 [00:00<00:00, 2972.34it/s, Materializing param=encoder.stages.2.layers.17.pwconv2.bias]  
Loading weights:  66%|██████▋   | 227/342 [00:00<00:00, 2970.34it/s, Materializing param=encoder.stages.2.layers.17.pwconv2.bias]
Loading weights:  67%|██████▋   | 228/342 [00:00<00:00, 2978.57it/s, Materializing param=encoder.stages.2.layers.17.pwconv2.weight]
Loading weights:  67%|██████▋   | 228/342 [00:00<00:00, 2976.50it/s, Materializing param=encoder.stages.2.layers.17.pwconv2.weight]
Loading weights:  67%|██████▋   | 229/342 [00:00<00:00, 2985.64it/s, Materializing param=encoder.stages.2.layers.18.dwconv.bias]   
Loading weights:  67%|██████▋   | 229/342 [00:00<00:00, 2981.86it/s, Materializing param=encoder.stages.2.layers.18.dwconv.bias]
Loading weights:  67%|██████▋   | 230/342 [00:00<00:00, 2987.04it/s, Materializing param=encoder.stages.2.layers.18.dwconv.weight]
Loading weights:  67%|██████▋   | 230/342 [00:00<00:00, 2982.79it/s, Materializing param=encoder.stages.2.layers.18.dwconv.weight]
Loading weights:  68%|██████▊   | 231/342 [00:00<00:00, 2989.05it/s, Materializing param=encoder.stages.2.layers.18.layer_scale_parameter]
Loading weights:  68%|██████▊   | 231/342 [00:00<00:00, 2986.86it/s, Materializing param=encoder.stages.2.layers.18.layer_scale_parameter]
Loading weights:  68%|██████▊   | 232/342 [00:00<00:00, 2994.59it/s, Materializing param=encoder.stages.2.layers.18.layernorm.bias]       
Loading weights:  68%|██████▊   | 232/342 [00:00<00:00, 2992.18it/s, Materializing param=encoder.stages.2.layers.18.layernorm.bias]
Loading weights:  68%|██████▊   | 233/342 [00:00<00:00, 3000.94it/s, Materializing param=encoder.stages.2.layers.18.layernorm.weight]
Loading weights:  68%|██████▊   | 233/342 [00:00<00:00, 2999.06it/s, Materializing param=encoder.stages.2.layers.18.layernorm.weight]
Loading weights:  68%|██████▊   | 234/342 [00:00<00:00, 3003.67it/s, Materializing param=encoder.stages.2.layers.18.pwconv1.bias]    
Loading weights:  68%|██████▊   | 234/342 [00:00<00:00, 2999.58it/s, Materializing param=encoder.stages.2.layers.18.pwconv1.bias]
Loading weights:  69%|██████▊   | 235/342 [00:00<00:00, 3004.28it/s, Materializing param=encoder.stages.2.layers.18.pwconv1.weight]
Loading weights:  69%|██████▊   | 235/342 [00:00<00:00, 3001.86it/s, Materializing param=encoder.stages.2.layers.18.pwconv1.weight]
Loading weights:  69%|██████▉   | 236/342 [00:00<00:00, 3010.64it/s, Materializing param=encoder.stages.2.layers.18.pwconv2.bias]  
Loading weights:  69%|██████▉   | 236/342 [00:00<00:00, 3008.08it/s, Materializing param=encoder.stages.2.layers.18.pwconv2.bias]
Loading weights:  69%|██████▉   | 237/342 [00:00<00:00, 3016.34it/s, Materializing param=encoder.stages.2.layers.18.pwconv2.weight]
Loading weights:  69%|██████▉   | 237/342 [00:00<00:00, 3014.49it/s, Materializing param=encoder.stages.2.layers.18.pwconv2.weight]
Loading weights:  70%|██████▉   | 238/342 [00:00<00:00, 3021.11it/s, Materializing param=encoder.stages.2.layers.19.dwconv.bias]   
Loading weights:  70%|██████▉   | 238/342 [00:00<00:00, 3017.43it/s, Materializing param=encoder.stages.2.layers.19.dwconv.bias]
Loading weights:  70%|██████▉   | 239/342 [00:00<00:00, 3022.29it/s, Materializing param=encoder.stages.2.layers.19.dwconv.weight]
Loading weights:  70%|██████▉   | 239/342 [00:00<00:00, 3018.14it/s, Materializing param=encoder.stages.2.layers.19.dwconv.weight]
Loading weights:  70%|███████   | 240/342 [00:00<00:00, 3025.51it/s, Materializing param=encoder.stages.2.layers.19.layer_scale_parameter]
Loading weights:  70%|███████   | 240/342 [00:00<00:00, 3023.45it/s, Materializing param=encoder.stages.2.layers.19.layer_scale_parameter]
Loading weights:  70%|███████   | 241/342 [00:00<00:00, 3027.43it/s, Materializing param=encoder.stages.2.layers.19.layernorm.bias]       
Loading weights:  70%|███████   | 241/342 [00:00<00:00, 3023.18it/s, Materializing param=encoder.stages.2.layers.19.layernorm.bias]
Loading weights:  71%|███████   | 242/342 [00:00<00:00, 3027.93it/s, Materializing param=encoder.stages.2.layers.19.layernorm.weight]
Loading weights:  71%|███████   | 242/342 [00:00<00:00, 3024.75it/s, Materializing param=encoder.stages.2.layers.19.layernorm.weight]
Loading weights:  71%|███████   | 243/342 [00:00<00:00, 3028.48it/s, Materializing param=encoder.stages.2.layers.19.pwconv1.bias]    
Loading weights:  71%|███████   | 243/342 [00:00<00:00, 3024.80it/s, Materializing param=encoder.stages.2.layers.19.pwconv1.bias]
Loading weights:  71%|███████▏  | 244/342 [00:00<00:00, 3031.84it/s, Materializing param=encoder.stages.2.layers.19.pwconv1.weight]
Loading weights:  71%|███████▏  | 244/342 [00:00<00:00, 3029.83it/s, Materializing param=encoder.stages.2.layers.19.pwconv1.weight]
Loading weights:  72%|███████▏  | 245/342 [00:00<00:00, 3037.64it/s, Materializing param=encoder.stages.2.layers.19.pwconv2.bias]  
Loading weights:  72%|███████▏  | 245/342 [00:00<00:00, 3033.90it/s, Materializing param=encoder.stages.2.layers.19.pwconv2.bias]
Loading weights:  72%|███████▏  | 246/342 [00:00<00:00, 3038.89it/s, Materializing param=encoder.stages.2.layers.19.pwconv2.weight]
Loading weights:  72%|███████▏  | 246/342 [00:00<00:00, 3035.05it/s, Materializing param=encoder.stages.2.layers.19.pwconv2.weight]
Loading weights:  72%|███████▏  | 247/342 [00:00<00:00, 3039.29it/s, Materializing param=encoder.stages.2.layers.20.dwconv.bias]   
Loading weights:  72%|███████▏  | 247/342 [00:00<00:00, 3035.17it/s, Materializing param=encoder.stages.2.layers.20.dwconv.bias]
Loading weights:  73%|███████▎  | 248/342 [00:00<00:00, 3040.29it/s, Materializing param=encoder.stages.2.layers.20.dwconv.weight]
Loading weights:  73%|███████▎  | 248/342 [00:00<00:00, 3035.33it/s, Materializing param=encoder.stages.2.layers.20.dwconv.weight]
Loading weights:  73%|███████▎  | 249/342 [00:00<00:00, 3039.96it/s, Materializing param=encoder.stages.2.layers.20.layer_scale_parameter]
Loading weights:  73%|███████▎  | 249/342 [00:00<00:00, 3035.91it/s, Materializing param=encoder.stages.2.layers.20.layer_scale_parameter]
Loading weights:  73%|███████▎  | 250/342 [00:00<00:00, 3040.26it/s, Materializing param=encoder.stages.2.layers.20.layernorm.bias]       
Loading weights:  73%|███████▎  | 250/342 [00:00<00:00, 3036.58it/s, Materializing param=encoder.stages.2.layers.20.layernorm.bias]
Loading weights:  73%|███████▎  | 251/342 [00:00<00:00, 3042.65it/s, Materializing param=encoder.stages.2.layers.20.layernorm.weight]
Loading weights:  73%|███████▎  | 251/342 [00:00<00:00, 3040.57it/s, Materializing param=encoder.stages.2.layers.20.layernorm.weight]
Loading weights:  74%|███████▎  | 252/342 [00:00<00:00, 3044.63it/s, Materializing param=encoder.stages.2.layers.20.pwconv1.bias]    
Loading weights:  74%|███████▎  | 252/342 [00:00<00:00, 3040.78it/s, Materializing param=encoder.stages.2.layers.20.pwconv1.bias]
Loading weights:  74%|███████▍  | 253/342 [00:00<00:00, 3045.97it/s, Materializing param=encoder.stages.2.layers.20.pwconv1.weight]
Loading weights:  74%|███████▍  | 253/342 [00:00<00:00, 3043.56it/s, Materializing param=encoder.stages.2.layers.20.pwconv1.weight]
Loading weights:  74%|███████▍  | 254/342 [00:00<00:00, 3047.06it/s, Materializing param=encoder.stages.2.layers.20.pwconv2.bias]  
Loading weights:  74%|███████▍  | 254/342 [00:00<00:00, 3042.62it/s, Materializing param=encoder.stages.2.layers.20.pwconv2.bias]
Loading weights:  75%|███████▍  | 255/342 [00:00<00:00, 3046.53it/s, Materializing param=encoder.stages.2.layers.20.pwconv2.weight]
Loading weights:  75%|███████▍  | 255/342 [00:00<00:00, 3042.79it/s, Materializing param=encoder.stages.2.layers.20.pwconv2.weight]
Loading weights:  75%|███████▍  | 256/342 [00:00<00:00, 3046.90it/s, Materializing param=encoder.stages.2.layers.21.dwconv.bias]   
Loading weights:  75%|███████▍  | 256/342 [00:00<00:00, 3042.97it/s, Materializing param=encoder.stages.2.layers.21.dwconv.bias]
Loading weights:  75%|███████▌  | 257/342 [00:00<00:00, 3046.86it/s, Materializing param=encoder.stages.2.layers.21.dwconv.weight]
Loading weights:  75%|███████▌  | 257/342 [00:00<00:00, 3042.75it/s, Materializing param=encoder.stages.2.layers.21.dwconv.weight]
Loading weights:  75%|███████▌  | 258/342 [00:00<00:00, 3047.28it/s, Materializing param=encoder.stages.2.layers.21.layer_scale_parameter]
Loading weights:  75%|███████▌  | 258/342 [00:00<00:00, 3043.25it/s, Materializing param=encoder.stages.2.layers.21.layer_scale_parameter]
Loading weights:  76%|███████▌  | 259/342 [00:00<00:00, 3047.60it/s, Materializing param=encoder.stages.2.layers.21.layernorm.bias]       
Loading weights:  76%|███████▌  | 259/342 [00:00<00:00, 3043.85it/s, Materializing param=encoder.stages.2.layers.21.layernorm.bias]
Loading weights:  76%|███████▌  | 260/342 [00:00<00:00, 3047.15it/s, Materializing param=encoder.stages.2.layers.21.layernorm.weight]
Loading weights:  76%|███████▌  | 260/342 [00:00<00:00, 3042.83it/s, Materializing param=encoder.stages.2.layers.21.layernorm.weight]
Loading weights:  76%|███████▋  | 261/342 [00:00<00:00, 3046.44it/s, Materializing param=encoder.stages.2.layers.21.pwconv1.bias]    
Loading weights:  76%|███████▋  | 261/342 [00:00<00:00, 3042.86it/s, Materializing param=encoder.stages.2.layers.21.pwconv1.bias]
Loading weights:  77%|███████▋  | 262/342 [00:00<00:00, 3047.15it/s, Materializing param=encoder.stages.2.layers.21.pwconv1.weight]
Loading weights:  77%|███████▋  | 262/342 [00:00<00:00, 3042.89it/s, Materializing param=encoder.stages.2.layers.21.pwconv1.weight]
Loading weights:  77%|███████▋  | 263/342 [00:00<00:00, 3046.60it/s, Materializing param=encoder.stages.2.layers.21.pwconv2.bias]  
Loading weights:  77%|███████▋  | 263/342 [00:00<00:00, 3042.80it/s, Materializing param=encoder.stages.2.layers.21.pwconv2.bias]
Loading weights:  77%|███████▋  | 264/342 [00:00<00:00, 3046.56it/s, Materializing param=encoder.stages.2.layers.21.pwconv2.weight]
Loading weights:  77%|███████▋  | 264/342 [00:00<00:00, 3043.03it/s, Materializing param=encoder.stages.2.layers.21.pwconv2.weight]
Loading weights:  77%|███████▋  | 265/342 [00:00<00:00, 3048.43it/s, Materializing param=encoder.stages.2.layers.22.dwconv.bias]   
Loading weights:  77%|███████▋  | 265/342 [00:00<00:00, 3045.16it/s, Materializing param=encoder.stages.2.layers.22.dwconv.bias]
Loading weights:  78%|███████▊  | 266/342 [00:00<00:00, 3049.13it/s, Materializing param=encoder.stages.2.layers.22.dwconv.weight]
Loading weights:  78%|███████▊  | 266/342 [00:00<00:00, 3045.30it/s, Materializing param=encoder.stages.2.layers.22.dwconv.weight]
Loading weights:  78%|███████▊  | 267/342 [00:00<00:00, 3048.88it/s, Materializing param=encoder.stages.2.layers.22.layer_scale_parameter]
Loading weights:  78%|███████▊  | 267/342 [00:00<00:00, 3045.19it/s, Materializing param=encoder.stages.2.layers.22.layer_scale_parameter]
Loading weights:  78%|███████▊  | 268/342 [00:00<00:00, 3050.43it/s, Materializing param=encoder.stages.2.layers.22.layernorm.bias]       
Loading weights:  78%|███████▊  | 268/342 [00:00<00:00, 3047.15it/s, Materializing param=encoder.stages.2.layers.22.layernorm.bias]
Loading weights:  79%|███████▊  | 269/342 [00:00<00:00, 3052.66it/s, Materializing param=encoder.stages.2.layers.22.layernorm.weight]
Loading weights:  79%|███████▊  | 269/342 [00:00<00:00, 3048.66it/s, Materializing param=encoder.stages.2.layers.22.layernorm.weight]
Loading weights:  79%|███████▉  | 270/342 [00:00<00:00, 3052.24it/s, Materializing param=encoder.stages.2.layers.22.pwconv1.bias]    
Loading weights:  79%|███████▉  | 270/342 [00:00<00:00, 3048.26it/s, Materializing param=encoder.stages.2.layers.22.pwconv1.bias]
Loading weights:  79%|███████▉  | 271/342 [00:00<00:00, 3053.07it/s, Materializing param=encoder.stages.2.layers.22.pwconv1.weight]
Loading weights:  79%|███████▉  | 271/342 [00:00<00:00, 3049.80it/s, Materializing param=encoder.stages.2.layers.22.pwconv1.weight]
Loading weights:  80%|███████▉  | 272/342 [00:00<00:00, 3055.35it/s, Materializing param=encoder.stages.2.layers.22.pwconv2.bias]  
Loading weights:  80%|███████▉  | 272/342 [00:00<00:00, 3052.12it/s, Materializing param=encoder.stages.2.layers.22.pwconv2.bias]
Loading weights:  80%|███████▉  | 273/342 [00:00<00:00, 3055.88it/s, Materializing param=encoder.stages.2.layers.22.pwconv2.weight]
Loading weights:  80%|███████▉  | 273/342 [00:00<00:00, 3051.44it/s, Materializing param=encoder.stages.2.layers.22.pwconv2.weight]
Loading weights:  80%|████████  | 274/342 [00:00<00:00, 3055.85it/s, Materializing param=encoder.stages.2.layers.23.dwconv.bias]   
Loading weights:  80%|████████  | 274/342 [00:00<00:00, 3052.37it/s, Materializing param=encoder.stages.2.layers.23.dwconv.bias]
Loading weights:  80%|████████  | 275/342 [00:00<00:00, 3057.83it/s, Materializing param=encoder.stages.2.layers.23.dwconv.weight]
Loading weights:  80%|████████  | 275/342 [00:00<00:00, 3054.66it/s, Materializing param=encoder.stages.2.layers.23.dwconv.weight]
Loading weights:  81%|████████  | 276/342 [00:00<00:00, 3058.57it/s, Materializing param=encoder.stages.2.layers.23.layer_scale_parameter]
Loading weights:  81%|████████  | 276/342 [00:00<00:00, 3054.88it/s, Materializing param=encoder.stages.2.layers.23.layer_scale_parameter]
Loading weights:  81%|████████  | 277/342 [00:00<00:00, 3058.29it/s, Materializing param=encoder.stages.2.layers.23.layernorm.bias]       
Loading weights:  81%|████████  | 277/342 [00:00<00:00, 3054.87it/s, Materializing param=encoder.stages.2.layers.23.layernorm.bias]
Loading weights:  81%|████████▏ | 278/342 [00:00<00:00, 3060.79it/s, Materializing param=encoder.stages.2.layers.23.layernorm.weight]
Loading weights:  81%|████████▏ | 278/342 [00:00<00:00, 3057.47it/s, Materializing param=encoder.stages.2.layers.23.layernorm.weight]
Loading weights:  82%|████████▏ | 279/342 [00:00<00:00, 3062.02it/s, Materializing param=encoder.stages.2.layers.23.pwconv1.bias]    
Loading weights:  82%|████████▏ | 279/342 [00:00<00:00, 3058.06it/s, Materializing param=encoder.stages.2.layers.23.pwconv1.bias]
Loading weights:  82%|████████▏ | 280/342 [00:00<00:00, 3061.93it/s, Materializing param=encoder.stages.2.layers.23.pwconv1.weight]
Loading weights:  82%|████████▏ | 280/342 [00:00<00:00, 3057.96it/s, Materializing param=encoder.stages.2.layers.23.pwconv1.weight]
Loading weights:  82%|████████▏ | 281/342 [00:00<00:00, 3062.20it/s, Materializing param=encoder.stages.2.layers.23.pwconv2.bias]  
Loading weights:  82%|████████▏ | 281/342 [00:00<00:00, 3058.83it/s, Materializing param=encoder.stages.2.layers.23.pwconv2.bias]
Loading weights:  82%|████████▏ | 282/342 [00:00<00:00, 3065.76it/s, Materializing param=encoder.stages.2.layers.23.pwconv2.weight]
Loading weights:  82%|████████▏ | 282/342 [00:00<00:00, 3064.03it/s, Materializing param=encoder.stages.2.layers.23.pwconv2.weight]
Loading weights:  83%|████████▎ | 283/342 [00:00<00:00, 3067.64it/s, Materializing param=encoder.stages.2.layers.24.dwconv.bias]   
Loading weights:  83%|████████▎ | 283/342 [00:00<00:00, 3063.69it/s, Materializing param=encoder.stages.2.layers.24.dwconv.bias]
Loading weights:  83%|████████▎ | 284/342 [00:00<00:00, 3066.89it/s, Materializing param=encoder.stages.2.layers.24.dwconv.weight]
Loading weights:  83%|████████▎ | 284/342 [00:00<00:00, 3064.38it/s, Materializing param=encoder.stages.2.layers.24.dwconv.weight]
Loading weights:  83%|████████▎ | 285/342 [00:00<00:00, 3070.45it/s, Materializing param=encoder.stages.2.layers.24.layer_scale_parameter]
Loading weights:  83%|████████▎ | 285/342 [00:00<00:00, 3067.25it/s, Materializing param=encoder.stages.2.layers.24.layer_scale_parameter]
Loading weights:  84%|████████▎ | 286/342 [00:00<00:00, 3071.24it/s, Materializing param=encoder.stages.2.layers.24.layernorm.bias]       
Loading weights:  84%|████████▎ | 286/342 [00:00<00:00, 3067.40it/s, Materializing param=encoder.stages.2.layers.24.layernorm.bias]
Loading weights:  84%|████████▍ | 287/342 [00:00<00:00, 3070.43it/s, Materializing param=encoder.stages.2.layers.24.layernorm.weight]
Loading weights:  84%|████████▍ | 287/342 [00:00<00:00, 3066.96it/s, Materializing param=encoder.stages.2.layers.24.layernorm.weight]
Loading weights:  84%|████████▍ | 288/342 [00:00<00:00, 3071.28it/s, Materializing param=encoder.stages.2.layers.24.pwconv1.bias]    
Loading weights:  84%|████████▍ | 288/342 [00:00<00:00, 3068.68it/s, Materializing param=encoder.stages.2.layers.24.pwconv1.bias]
Loading weights:  85%|████████▍ | 289/342 [00:00<00:00, 3075.66it/s, Materializing param=encoder.stages.2.layers.24.pwconv1.weight]
Loading weights:  85%|████████▍ | 289/342 [00:00<00:00, 3073.90it/s, Materializing param=encoder.stages.2.layers.24.pwconv1.weight]
Loading weights:  85%|████████▍ | 290/342 [00:00<00:00, 3079.04it/s, Materializing param=encoder.stages.2.layers.24.pwconv2.bias]  
Loading weights:  85%|████████▍ | 290/342 [00:00<00:00, 3075.73it/s, Materializing param=encoder.stages.2.layers.24.pwconv2.bias]
Loading weights:  85%|████████▌ | 291/342 [00:00<00:00, 3078.29it/s, Materializing param=encoder.stages.2.layers.24.pwconv2.weight]
Loading weights:  85%|████████▌ | 291/342 [00:00<00:00, 3074.78it/s, Materializing param=encoder.stages.2.layers.24.pwconv2.weight]
Loading weights:  85%|████████▌ | 292/342 [00:00<00:00, 3079.68it/s, Materializing param=encoder.stages.2.layers.25.dwconv.bias]   
Loading weights:  85%|████████▌ | 292/342 [00:00<00:00, 3076.44it/s, Materializing param=encoder.stages.2.layers.25.dwconv.bias]
Loading weights:  86%|████████▌ | 293/342 [00:00<00:00, 3081.28it/s, Materializing param=encoder.stages.2.layers.25.dwconv.weight]
Loading weights:  86%|████████▌ | 293/342 [00:00<00:00, 3077.23it/s, Materializing param=encoder.stages.2.layers.25.dwconv.weight]
Loading weights:  86%|████████▌ | 294/342 [00:00<00:00, 3080.61it/s, Materializing param=encoder.stages.2.layers.25.layer_scale_parameter]
Loading weights:  86%|████████▌ | 294/342 [00:00<00:00, 3077.87it/s, Materializing param=encoder.stages.2.layers.25.layer_scale_parameter]
Loading weights:  86%|████████▋ | 295/342 [00:00<00:00, 3082.56it/s, Materializing param=encoder.stages.2.layers.25.layernorm.bias]       
Loading weights:  86%|████████▋ | 295/342 [00:00<00:00, 3079.49it/s, Materializing param=encoder.stages.2.layers.25.layernorm.bias]
Loading weights:  87%|████████▋ | 296/342 [00:00<00:00, 3084.29it/s, Materializing param=encoder.stages.2.layers.25.layernorm.weight]
Loading weights:  87%|████████▋ | 296/342 [00:00<00:00, 3082.39it/s, Materializing param=encoder.stages.2.layers.25.layernorm.weight]
Loading weights:  87%|████████▋ | 297/342 [00:00<00:00, 3085.59it/s, Materializing param=encoder.stages.2.layers.25.pwconv1.bias]    
Loading weights:  87%|████████▋ | 297/342 [00:00<00:00, 3081.78it/s, Materializing param=encoder.stages.2.layers.25.pwconv1.bias]
Loading weights:  87%|████████▋ | 298/342 [00:00<00:00, 3085.48it/s, Materializing param=encoder.stages.2.layers.25.pwconv1.weight]
Loading weights:  87%|████████▋ | 298/342 [00:00<00:00, 3082.94it/s, Materializing param=encoder.stages.2.layers.25.pwconv1.weight]
Loading weights:  87%|████████▋ | 299/342 [00:00<00:00, 3088.85it/s, Materializing param=encoder.stages.2.layers.25.pwconv2.bias]  
Loading weights:  87%|████████▋ | 299/342 [00:00<00:00, 3087.08it/s, Materializing param=encoder.stages.2.layers.25.pwconv2.bias]
Loading weights:  88%|████████▊ | 300/342 [00:00<00:00, 3091.14it/s, Materializing param=encoder.stages.2.layers.25.pwconv2.weight]
Loading weights:  88%|████████▊ | 300/342 [00:00<00:00, 3087.26it/s, Materializing param=encoder.stages.2.layers.25.pwconv2.weight]
Loading weights:  88%|████████▊ | 301/342 [00:00<00:00, 3090.56it/s, Materializing param=encoder.stages.2.layers.26.dwconv.bias]   
Loading weights:  88%|████████▊ | 301/342 [00:00<00:00, 3088.41it/s, Materializing param=encoder.stages.2.layers.26.dwconv.bias]
Loading weights:  88%|████████▊ | 302/342 [00:00<00:00, 3093.56it/s, Materializing param=encoder.stages.2.layers.26.dwconv.weight]
Loading weights:  88%|████████▊ | 302/342 [00:00<00:00, 3089.84it/s, Materializing param=encoder.stages.2.layers.26.dwconv.weight]
Loading weights:  89%|████████▊ | 303/342 [00:00<00:00, 2351.43it/s, Materializing param=encoder.stages.2.layers.26.dwconv.weight]
Loading weights:  89%|████████▊ | 303/342 [00:00<00:00, 2351.43it/s, Materializing param=encoder.stages.2.layers.26.layer_scale_parameter]
Loading weights:  89%|████████▊ | 303/342 [00:00<00:00, 2351.43it/s, Materializing param=encoder.stages.2.layers.26.layer_scale_parameter]
Loading weights:  89%|████████▉ | 304/342 [00:00<00:00, 2351.43it/s, Materializing param=encoder.stages.2.layers.26.layernorm.bias]       
Loading weights:  89%|████████▉ | 304/342 [00:00<00:00, 2351.43it/s, Materializing param=encoder.stages.2.layers.26.layernorm.bias]
Loading weights:  89%|████████▉ | 305/342 [00:00<00:00, 2351.43it/s, Materializing param=encoder.stages.2.layers.26.layernorm.weight]
Loading weights:  89%|████████▉ | 305/342 [00:00<00:00, 2351.43it/s, Materializing param=encoder.stages.2.layers.26.layernorm.weight]
Loading weights:  89%|████████▉ | 306/342 [00:00<00:00, 2351.43it/s, Materializing param=encoder.stages.2.layers.26.pwconv1.bias]    
Loading weights:  89%|████████▉ | 306/342 [00:00<00:00, 2351.43it/s, Materializing param=encoder.stages.2.layers.26.pwconv1.bias]
Loading weights:  90%|████████▉ | 307/342 [00:00<00:00, 2351.43it/s, Materializing param=encoder.stages.2.layers.26.pwconv1.weight]
Loading weights:  90%|████████▉ | 307/342 [00:00<00:00, 2351.43it/s, Materializing param=encoder.stages.2.layers.26.pwconv1.weight]
Loading weights:  90%|█████████ | 308/342 [00:00<00:00, 2351.43it/s, Materializing param=encoder.stages.2.layers.26.pwconv2.bias]  
Loading weights:  90%|█████████ | 308/342 [00:00<00:00, 2351.43it/s, Materializing param=encoder.stages.2.layers.26.pwconv2.bias]
Loading weights:  90%|█████████ | 309/342 [00:00<00:00, 2351.43it/s, Materializing param=encoder.stages.2.layers.26.pwconv2.weight]
Loading weights:  90%|█████████ | 309/342 [00:00<00:00, 2351.43it/s, Materializing param=encoder.stages.2.layers.26.pwconv2.weight]
Loading weights:  91%|█████████ | 310/342 [00:00<00:00, 2351.43it/s, Materializing param=encoder.stages.3.downsampling_layer.0.bias]
Loading weights:  91%|█████████ | 310/342 [00:00<00:00, 2351.43it/s, Materializing param=encoder.stages.3.downsampling_layer.0.bias]
Loading weights:  91%|█████████ | 311/342 [00:00<00:00, 2351.43it/s, Materializing param=encoder.stages.3.downsampling_layer.0.weight]
Loading weights:  91%|█████████ | 311/342 [00:00<00:00, 2351.43it/s, Materializing param=encoder.stages.3.downsampling_layer.0.weight]
Loading weights:  91%|█████████ | 312/342 [00:00<00:00, 2351.43it/s, Materializing param=encoder.stages.3.downsampling_layer.1.bias]  
Loading weights:  91%|█████████ | 312/342 [00:00<00:00, 2351.43it/s, Materializing param=encoder.stages.3.downsampling_layer.1.bias]
Loading weights:  92%|█████████▏| 313/342 [00:00<00:00, 2351.43it/s, Materializing param=encoder.stages.3.downsampling_layer.1.weight]
Loading weights:  92%|█████████▏| 313/342 [00:00<00:00, 2351.43it/s, Materializing param=encoder.stages.3.downsampling_layer.1.weight]
Loading weights:  92%|█████████▏| 314/342 [00:00<00:00, 2351.43it/s, Materializing param=encoder.stages.3.layers.0.dwconv.bias]       
Loading weights:  92%|█████████▏| 314/342 [00:00<00:00, 2351.43it/s, Materializing param=encoder.stages.3.layers.0.dwconv.bias]
Loading weights:  92%|█████████▏| 315/342 [00:00<00:00, 2351.43it/s, Materializing param=encoder.stages.3.layers.0.dwconv.weight]
Loading weights:  92%|█████████▏| 315/342 [00:00<00:00, 2351.43it/s, Materializing param=encoder.stages.3.layers.0.dwconv.weight]
Loading weights:  92%|█████████▏| 316/342 [00:00<00:00, 2351.43it/s, Materializing param=encoder.stages.3.layers.0.layer_scale_parameter]
Loading weights:  92%|█████████▏| 316/342 [00:00<00:00, 2351.43it/s, Materializing param=encoder.stages.3.layers.0.layer_scale_parameter]
Loading weights:  93%|█████████▎| 317/342 [00:00<00:00, 2351.43it/s, Materializing param=encoder.stages.3.layers.0.layernorm.bias]       
Loading weights:  93%|█████████▎| 317/342 [00:00<00:00, 2351.43it/s, Materializing param=encoder.stages.3.layers.0.layernorm.bias]
Loading weights:  93%|█████████▎| 318/342 [00:00<00:00, 2351.43it/s, Materializing param=encoder.stages.3.layers.0.layernorm.weight]
Loading weights:  93%|█████████▎| 318/342 [00:00<00:00, 2351.43it/s, Materializing param=encoder.stages.3.layers.0.layernorm.weight]
Loading weights:  93%|█████████▎| 319/342 [00:00<00:00, 2351.43it/s, Materializing param=encoder.stages.3.layers.0.pwconv1.bias]    
Loading weights:  93%|█████████▎| 319/342 [00:00<00:00, 2351.43it/s, Materializing param=encoder.stages.3.layers.0.pwconv1.bias]
Loading weights:  94%|█████████▎| 320/342 [00:00<00:00, 2351.43it/s, Materializing param=encoder.stages.3.layers.0.pwconv1.weight]
Loading weights:  94%|█████████▎| 320/342 [00:00<00:00, 2351.43it/s, Materializing param=encoder.stages.3.layers.0.pwconv1.weight]
Loading weights:  94%|█████████▍| 321/342 [00:00<00:00, 2351.43it/s, Materializing param=encoder.stages.3.layers.0.pwconv2.bias]  
Loading weights:  94%|█████████▍| 321/342 [00:00<00:00, 2351.43it/s, Materializing param=encoder.stages.3.layers.0.pwconv2.bias]
Loading weights:  94%|█████████▍| 322/342 [00:00<00:00, 2351.43it/s, Materializing param=encoder.stages.3.layers.0.pwconv2.weight]
Loading weights:  94%|█████████▍| 322/342 [00:00<00:00, 2351.43it/s, Materializing param=encoder.stages.3.layers.0.pwconv2.weight]
Loading weights:  94%|█████████▍| 323/342 [00:00<00:00, 2351.43it/s, Materializing param=encoder.stages.3.layers.1.dwconv.bias]   
Loading weights:  94%|█████████▍| 323/342 [00:00<00:00, 2351.43it/s, Materializing param=encoder.stages.3.layers.1.dwconv.bias]
Loading weights:  95%|█████████▍| 324/342 [00:00<00:00, 2351.43it/s, Materializing param=encoder.stages.3.layers.1.dwconv.weight]
Loading weights:  95%|█████████▍| 324/342 [00:00<00:00, 2351.43it/s, Materializing param=encoder.stages.3.layers.1.dwconv.weight]
Loading weights:  95%|█████████▌| 325/342 [00:00<00:00, 2351.43it/s, Materializing param=encoder.stages.3.layers.1.layer_scale_parameter]
Loading weights:  95%|█████████▌| 325/342 [00:00<00:00, 2351.43it/s, Materializing param=encoder.stages.3.layers.1.layer_scale_parameter]
Loading weights:  95%|█████████▌| 326/342 [00:00<00:00, 2351.43it/s, Materializing param=encoder.stages.3.layers.1.layernorm.bias]       
Loading weights:  95%|█████████▌| 326/342 [00:00<00:00, 2351.43it/s, Materializing param=encoder.stages.3.layers.1.layernorm.bias]
Loading weights:  96%|█████████▌| 327/342 [00:00<00:00, 2351.43it/s, Materializing param=encoder.stages.3.layers.1.layernorm.weight]
Loading weights:  96%|█████████▌| 327/342 [00:00<00:00, 2351.43it/s, Materializing param=encoder.stages.3.layers.1.layernorm.weight]
Loading weights:  96%|█████████▌| 328/342 [00:00<00:00, 2351.43it/s, Materializing param=encoder.stages.3.layers.1.pwconv1.bias]    
Loading weights:  96%|█████████▌| 328/342 [00:00<00:00, 2351.43it/s, Materializing param=encoder.stages.3.layers.1.pwconv1.bias]
Loading weights:  96%|█████████▌| 329/342 [00:00<00:00, 2351.43it/s, Materializing param=encoder.stages.3.layers.1.pwconv1.weight]
Loading weights:  96%|█████████▌| 329/342 [00:00<00:00, 2351.43it/s, Materializing param=encoder.stages.3.layers.1.pwconv1.weight]
Loading weights:  96%|█████████▋| 330/342 [00:00<00:00, 2351.43it/s, Materializing param=encoder.stages.3.layers.1.pwconv2.bias]  
Loading weights:  96%|█████████▋| 330/342 [00:00<00:00, 2351.43it/s, Materializing param=encoder.stages.3.layers.1.pwconv2.bias]
Loading weights:  97%|█████████▋| 331/342 [00:00<00:00, 2351.43it/s, Materializing param=encoder.stages.3.layers.1.pwconv2.weight]
Loading weights:  97%|█████████▋| 331/342 [00:00<00:00, 2351.43it/s, Materializing param=encoder.stages.3.layers.1.pwconv2.weight]
Loading weights:  97%|█████████▋| 332/342 [00:00<00:00, 2351.43it/s, Materializing param=encoder.stages.3.layers.2.dwconv.bias]   
Loading weights:  97%|█████████▋| 332/342 [00:00<00:00, 2351.43it/s, Materializing param=encoder.stages.3.layers.2.dwconv.bias]
Loading weights:  97%|█████████▋| 333/342 [00:00<00:00, 2351.43it/s, Materializing param=encoder.stages.3.layers.2.dwconv.weight]
Loading weights:  97%|█████████▋| 333/342 [00:00<00:00, 2351.43it/s, Materializing param=encoder.stages.3.layers.2.dwconv.weight]
Loading weights:  98%|█████████▊| 334/342 [00:00<00:00, 2351.43it/s, Materializing param=encoder.stages.3.layers.2.layer_scale_parameter]
Loading weights:  98%|█████████▊| 334/342 [00:00<00:00, 2351.43it/s, Materializing param=encoder.stages.3.layers.2.layer_scale_parameter]
Loading weights:  98%|█████████▊| 335/342 [00:00<00:00, 2351.43it/s, Materializing param=encoder.stages.3.layers.2.layernorm.bias]       
Loading weights:  98%|█████████▊| 335/342 [00:00<00:00, 2351.43it/s, Materializing param=encoder.stages.3.layers.2.layernorm.bias]
Loading weights:  98%|█████████▊| 336/342 [00:00<00:00, 2351.43it/s, Materializing param=encoder.stages.3.layers.2.layernorm.weight]
Loading weights:  98%|█████████▊| 336/342 [00:00<00:00, 2351.43it/s, Materializing param=encoder.stages.3.layers.2.layernorm.weight]
Loading weights:  99%|█████████▊| 337/342 [00:00<00:00, 2351.43it/s, Materializing param=encoder.stages.3.layers.2.pwconv1.bias]    
Loading weights:  99%|█████████▊| 337/342 [00:00<00:00, 2351.43it/s, Materializing param=encoder.stages.3.layers.2.pwconv1.bias]
Loading weights:  99%|█████████▉| 338/342 [00:00<00:00, 2351.43it/s, Materializing param=encoder.stages.3.layers.2.pwconv1.weight]
Loading weights:  99%|█████████▉| 338/342 [00:00<00:00, 2351.43it/s, Materializing param=encoder.stages.3.layers.2.pwconv1.weight]
Loading weights:  99%|█████████▉| 339/342 [00:00<00:00, 2351.43it/s, Materializing param=encoder.stages.3.layers.2.pwconv2.bias]  
Loading weights:  99%|█████████▉| 339/342 [00:00<00:00, 2351.43it/s, Materializing param=encoder.stages.3.layers.2.pwconv2.bias]
Loading weights:  99%|█████████▉| 340/342 [00:00<00:00, 2351.43it/s, Materializing param=encoder.stages.3.layers.2.pwconv2.weight]
Loading weights:  99%|█████████▉| 340/342 [00:00<00:00, 2351.43it/s, Materializing param=encoder.stages.3.layers.2.pwconv2.weight]
Loading weights: 100%|█████████▉| 341/342 [00:00<00:00, 2351.43it/s, Materializing param=layernorm.bias]                          
Loading weights: 100%|█████████▉| 341/342 [00:00<00:00, 2351.43it/s, Materializing param=layernorm.bias]
Loading weights: 100%|██████████| 342/342 [00:00<00:00, 2351.43it/s, Materializing param=layernorm.weight]
Loading weights: 100%|██████████| 342/342 [00:00<00:00, 2351.43it/s, Materializing param=layernorm.weight]
Loading weights: 100%|██████████| 342/342 [00:00<00:00, 1938.67it/s, Materializing param=layernorm.weight]
ConvNextModel LOAD REPORT from: facebook/convnext-base-224-22k
Key               | Status     |  | 
------------------+------------+--+-
classifier.weight | UNEXPECTED |  | 
classifier.bias   | UNEXPECTED |  | 

Notes:
- UNEXPECTED	:can be ignored when loading from different task/architecture; not ok if you expect identical arch.
  [convnext] facebook/convnext-base-224-22k  88M params

2 of 2 backbones available
  refit: 10,000 / 30,278
  refit: 20,000 / 30,278
  refit: 30,000 / 30,278
refit: 30,278 images in 54s (436 MB)
reporting: reusing the Section 5 cache (7,568 images)
training rows  : 30,278  (the Section 5.1 refit rows)
reporting rows : 7,568  (the Section 5.3 rows)
classes        : 124   native image size: 60x80

=== probe siglip2 (google/siglip2-base-patch16-224) ===
  [siglip2] train: (30278, 768) in 421s
  [siglip2] reporting: (7568, 768) in 106s
  macro-F1 0.8219  accuracy 0.8979  (62s to fit the probe)

=== probe convnext (facebook/convnext-base-224-22k) ===
  [convnext] train: (30278, 1024) in 394s
  [convnext] reporting: (7568, 1024) in 99s
  macro-F1 0.8000  accuracy 0.8857  (44s to fit the probe)

=== fine-tune siglip2 ===

Loading weights:   0%|          | 0/208 [00:00<?, ?it/s]
Loading weights:   0%|          | 1/208 [00:00<00:00, 47662.55it/s, Materializing param=vision_model.embeddings.patch_embedding.bias]
Loading weights:   0%|          | 1/208 [00:00<00:00, 8594.89it/s, Materializing param=vision_model.embeddings.patch_embedding.bias] 
Loading weights:   1%|          | 2/208 [00:00<00:00, 5745.62it/s, Materializing param=vision_model.embeddings.patch_embedding.weight]
Loading weights:   1%|          | 2/208 [00:00<00:00, 4510.00it/s, Materializing param=vision_model.embeddings.patch_embedding.weight]
Loading weights:   1%|▏         | 3/208 [00:00<00:00, 3453.05it/s, Materializing param=vision_model.embeddings.position_embedding.weight]
Loading weights:   1%|▏         | 3/208 [00:00<00:00, 2965.57it/s, Materializing param=vision_model.embeddings.position_embedding.weight]
Loading weights:   2%|▏         | 4/208 [00:00<00:00, 2223.33it/s, Materializing param=vision_model.encoder.layers.0.layer_norm1.bias]   
Loading weights:   2%|▏         | 4/208 [00:00<00:00, 2088.54it/s, Materializing param=vision_model.encoder.layers.0.layer_norm1.bias]
Loading weights:   2%|▏         | 5/208 [00:00<00:00, 2244.14it/s, Materializing param=vision_model.encoder.layers.0.layer_norm1.weight]
Loading weights:   2%|▏         | 5/208 [00:00<00:00, 2131.47it/s, Materializing param=vision_model.encoder.layers.0.layer_norm1.weight]
Loading weights:   3%|▎         | 6/208 [00:00<00:00, 1762.93it/s, Materializing param=vision_model.encoder.layers.0.layer_norm2.bias]  
Loading weights:   3%|▎         | 6/208 [00:00<00:00, 1687.62it/s, Materializing param=vision_model.encoder.layers.0.layer_norm2.bias]
Loading weights:   3%|▎         | 7/208 [00:00<00:00, 1196.13it/s, Materializing param=vision_model.encoder.layers.0.layer_norm2.weight]
Loading weights:   3%|▎         | 7/208 [00:00<00:00, 1168.38it/s, Materializing param=vision_model.encoder.layers.0.layer_norm2.weight]
Loading weights:   4%|▍         | 8/208 [00:00<00:00, 1224.12it/s, Materializing param=vision_model.encoder.layers.0.mlp.fc1.bias]      
Loading weights:   4%|▍         | 8/208 [00:00<00:00, 1200.43it/s, Materializing param=vision_model.encoder.layers.0.mlp.fc1.bias]
Loading weights:   4%|▍         | 9/208 [00:00<00:00, 1270.74it/s, Materializing param=vision_model.encoder.layers.0.mlp.fc1.weight]
Loading weights:   4%|▍         | 9/208 [00:00<00:00, 1247.81it/s, Materializing param=vision_model.encoder.layers.0.mlp.fc1.weight]
Loading weights:   5%|▍         | 10/208 [00:00<00:00, 1285.53it/s, Materializing param=vision_model.encoder.layers.0.mlp.fc2.bias] 
Loading weights:   5%|▍         | 10/208 [00:00<00:00, 1265.06it/s, Materializing param=vision_model.encoder.layers.0.mlp.fc2.bias]
Loading weights:   5%|▌         | 11/208 [00:00<00:00, 1256.43it/s, Materializing param=vision_model.encoder.layers.0.mlp.fc2.weight]
Loading weights:   5%|▌         | 11/208 [00:00<00:00, 1232.47it/s, Materializing param=vision_model.encoder.layers.0.mlp.fc2.weight]
Loading weights:   6%|▌         | 12/208 [00:00<00:00, 1167.54it/s, Materializing param=vision_model.encoder.layers.0.self_attn.k_proj.bias]
Loading weights:   6%|▌         | 12/208 [00:00<00:00, 1154.05it/s, Materializing param=vision_model.encoder.layers.0.self_attn.k_proj.bias]
Loading weights:   6%|▋         | 13/208 [00:00<00:00, 1211.10it/s, Materializing param=vision_model.encoder.layers.0.self_attn.k_proj.weight]
Loading weights:   6%|▋         | 13/208 [00:00<00:00, 1196.90it/s, Materializing param=vision_model.encoder.layers.0.self_attn.k_proj.weight]
Loading weights:   7%|▋         | 14/208 [00:00<00:00, 1077.73it/s, Materializing param=vision_model.encoder.layers.0.self_attn.out_proj.bias]
Loading weights:   7%|▋         | 14/208 [00:00<00:00, 1067.04it/s, Materializing param=vision_model.encoder.layers.0.self_attn.out_proj.bias]
Loading weights:   7%|▋         | 15/208 [00:00<00:00, 1086.36it/s, Materializing param=vision_model.encoder.layers.0.self_attn.out_proj.weight]
Loading weights:   7%|▋         | 15/208 [00:00<00:00, 1076.49it/s, Materializing param=vision_model.encoder.layers.0.self_attn.out_proj.weight]
Loading weights:   8%|▊         | 16/208 [00:00<00:00, 1093.23it/s, Materializing param=vision_model.encoder.layers.0.self_attn.q_proj.bias]    
Loading weights:   8%|▊         | 16/208 [00:00<00:00, 1082.44it/s, Materializing param=vision_model.encoder.layers.0.self_attn.q_proj.bias]
Loading weights:   8%|▊         | 17/208 [00:00<00:00, 1037.02it/s, Materializing param=vision_model.encoder.layers.0.self_attn.q_proj.weight]
Loading weights:   8%|▊         | 17/208 [00:00<00:00, 1028.94it/s, Materializing param=vision_model.encoder.layers.0.self_attn.q_proj.weight]
Loading weights:   9%|▊         | 18/208 [00:00<00:00, 1011.95it/s, Materializing param=vision_model.encoder.layers.0.self_attn.v_proj.bias]  
Loading weights:   9%|▊         | 18/208 [00:00<00:00, 1003.90it/s, Materializing param=vision_model.encoder.layers.0.self_attn.v_proj.bias]
Loading weights:   9%|▉         | 19/208 [00:00<00:00, 1042.88it/s, Materializing param=vision_model.encoder.layers.0.self_attn.v_proj.weight]
Loading weights:   9%|▉         | 19/208 [00:00<00:00, 1035.71it/s, Materializing param=vision_model.encoder.layers.0.self_attn.v_proj.weight]
Loading weights:  10%|▉         | 20/208 [00:00<00:00, 1062.54it/s, Materializing param=vision_model.encoder.layers.1.layer_norm1.bias]       
Loading weights:  10%|▉         | 20/208 [00:00<00:00, 1055.64it/s, Materializing param=vision_model.encoder.layers.1.layer_norm1.bias]
Loading weights:  10%|█         | 21/208 [00:00<00:00, 1023.17it/s, Materializing param=vision_model.encoder.layers.1.layer_norm1.weight]
Loading weights:  10%|█         | 21/208 [00:00<00:00, 1017.21it/s, Materializing param=vision_model.encoder.layers.1.layer_norm1.weight]
Loading weights:  11%|█         | 22/208 [00:00<00:00, 1013.48it/s, Materializing param=vision_model.encoder.layers.1.layer_norm2.bias]  
Loading weights:  11%|█         | 22/208 [00:00<00:00, 1007.92it/s, Materializing param=vision_model.encoder.layers.1.layer_norm2.bias]
Loading weights:  11%|█         | 23/208 [00:00<00:00, 1022.09it/s, Materializing param=vision_model.encoder.layers.1.layer_norm2.weight]
Loading weights:  11%|█         | 23/208 [00:00<00:00, 1015.44it/s, Materializing param=vision_model.encoder.layers.1.layer_norm2.weight]
Loading weights:  12%|█▏        | 24/208 [00:00<00:00, 1039.49it/s, Materializing param=vision_model.encoder.layers.1.mlp.fc1.bias]      
Loading weights:  12%|█▏        | 24/208 [00:00<00:00, 1034.01it/s, Materializing param=vision_model.encoder.layers.1.mlp.fc1.bias]
Loading weights:  12%|█▏        | 25/208 [00:00<00:00, 1040.81it/s, Materializing param=vision_model.encoder.layers.1.mlp.fc1.weight]
Loading weights:  12%|█▏        | 25/208 [00:00<00:00, 1035.54it/s, Materializing param=vision_model.encoder.layers.1.mlp.fc1.weight]
Loading weights:  12%|█▎        | 26/208 [00:00<00:00, 956.25it/s, Materializing param=vision_model.encoder.layers.1.mlp.fc2.bias]   
Loading weights:  12%|█▎        | 26/208 [00:00<00:00, 952.04it/s, Materializing param=vision_model.encoder.layers.1.mlp.fc2.bias]
Loading weights:  13%|█▎        | 27/208 [00:00<00:00, 968.98it/s, Materializing param=vision_model.encoder.layers.1.mlp.fc2.weight]
Loading weights:  13%|█▎        | 27/208 [00:00<00:00, 964.22it/s, Materializing param=vision_model.encoder.layers.1.mlp.fc2.weight]
Loading weights:  13%|█▎        | 28/208 [00:00<00:00, 991.44it/s, Materializing param=vision_model.encoder.layers.1.self_attn.k_proj.bias]
Loading weights:  13%|█▎        | 28/208 [00:00<00:00, 987.82it/s, Materializing param=vision_model.encoder.layers.1.self_attn.k_proj.bias]
Loading weights:  14%|█▍        | 29/208 [00:00<00:00, 1007.98it/s, Materializing param=vision_model.encoder.layers.1.self_attn.k_proj.weight]
Loading weights:  14%|█▍        | 29/208 [00:00<00:00, 1002.56it/s, Materializing param=vision_model.encoder.layers.1.self_attn.k_proj.weight]
Loading weights:  14%|█▍        | 30/208 [00:00<00:00, 1027.29it/s, Materializing param=vision_model.encoder.layers.1.self_attn.out_proj.bias]
Loading weights:  14%|█▍        | 30/208 [00:00<00:00, 1006.94it/s, Materializing param=vision_model.encoder.layers.1.self_attn.out_proj.bias]
Loading weights:  15%|█▍        | 31/208 [00:00<00:00, 1025.89it/s, Materializing param=vision_model.encoder.layers.1.self_attn.out_proj.weight]
Loading weights:  15%|█▍        | 31/208 [00:00<00:00, 1021.16it/s, Materializing param=vision_model.encoder.layers.1.self_attn.out_proj.weight]
Loading weights:  15%|█▌        | 32/208 [00:00<00:00, 1042.22it/s, Materializing param=vision_model.encoder.layers.1.self_attn.q_proj.bias]    
Loading weights:  15%|█▌        | 32/208 [00:00<00:00, 1036.66it/s, Materializing param=vision_model.encoder.layers.1.self_attn.q_proj.bias]
Loading weights:  16%|█▌        | 33/208 [00:00<00:00, 1059.61it/s, Materializing param=vision_model.encoder.layers.1.self_attn.q_proj.weight]
Loading weights:  16%|█▌        | 33/208 [00:00<00:00, 1055.52it/s, Materializing param=vision_model.encoder.layers.1.self_attn.q_proj.weight]
Loading weights:  16%|█▋        | 34/208 [00:00<00:00, 1047.84it/s, Materializing param=vision_model.encoder.layers.1.self_attn.v_proj.bias]  
Loading weights:  16%|█▋        | 34/208 [00:00<00:00, 1042.92it/s, Materializing param=vision_model.encoder.layers.1.self_attn.v_proj.bias]
Loading weights:  17%|█▋        | 35/208 [00:00<00:00, 1062.00it/s, Materializing param=vision_model.encoder.layers.1.self_attn.v_proj.weight]
Loading weights:  17%|█▋        | 35/208 [00:00<00:00, 1056.80it/s, Materializing param=vision_model.encoder.layers.1.self_attn.v_proj.weight]
Loading weights:  17%|█▋        | 36/208 [00:00<00:00, 1058.00it/s, Materializing param=vision_model.encoder.layers.2.layer_norm1.bias]       
Loading weights:  17%|█▋        | 36/208 [00:00<00:00, 1053.93it/s, Materializing param=vision_model.encoder.layers.2.layer_norm1.bias]
Loading weights:  18%|█▊        | 37/208 [00:00<00:00, 1053.44it/s, Materializing param=vision_model.encoder.layers.2.layer_norm1.weight]
Loading weights:  18%|█▊        | 37/208 [00:00<00:00, 1035.23it/s, Materializing param=vision_model.encoder.layers.2.layer_norm1.weight]
Loading weights:  18%|█▊        | 38/208 [00:00<00:00, 1045.82it/s, Materializing param=vision_model.encoder.layers.2.layer_norm2.bias]  
Loading weights:  18%|█▊        | 38/208 [00:00<00:00, 1041.95it/s, Materializing param=vision_model.encoder.layers.2.layer_norm2.bias]
Loading weights:  19%|█▉        | 39/208 [00:00<00:00, 1060.55it/s, Materializing param=vision_model.encoder.layers.2.layer_norm2.weight]
Loading weights:  19%|█▉        | 39/208 [00:00<00:00, 1057.09it/s, Materializing param=vision_model.encoder.layers.2.layer_norm2.weight]
Loading weights:  19%|█▉        | 40/208 [00:00<00:00, 1063.94it/s, Materializing param=vision_model.encoder.layers.2.mlp.fc1.bias]      
Loading weights:  19%|█▉        | 40/208 [00:00<00:00, 1059.76it/s, Materializing param=vision_model.encoder.layers.2.mlp.fc1.bias]
Loading weights:  20%|█▉        | 41/208 [00:00<00:00, 1057.31it/s, Materializing param=vision_model.encoder.layers.2.mlp.fc1.weight]
Loading weights:  20%|█▉        | 41/208 [00:00<00:00, 1053.99it/s, Materializing param=vision_model.encoder.layers.2.mlp.fc1.weight]
Loading weights:  20%|██        | 42/208 [00:00<00:00, 1066.08it/s, Materializing param=vision_model.encoder.layers.2.mlp.fc2.bias]  
Loading weights:  20%|██        | 42/208 [00:00<00:00, 1062.05it/s, Materializing param=vision_model.encoder.layers.2.mlp.fc2.bias]
Loading weights:  21%|██        | 43/208 [00:00<00:00, 1064.81it/s, Materializing param=vision_model.encoder.layers.2.mlp.fc2.weight]
Loading weights:  21%|██        | 43/208 [00:00<00:00, 1045.06it/s, Materializing param=vision_model.encoder.layers.2.mlp.fc2.weight]
Loading weights:  21%|██        | 44/208 [00:00<00:00, 1014.11it/s, Materializing param=vision_model.encoder.layers.2.self_attn.k_proj.bias]
Loading weights:  21%|██        | 44/208 [00:00<00:00, 998.24it/s, Materializing param=vision_model.encoder.layers.2.self_attn.k_proj.bias] 
Loading weights:  22%|██▏       | 45/208 [00:00<00:00, 993.68it/s, Materializing param=vision_model.encoder.layers.2.self_attn.k_proj.weight]
Loading weights:  22%|██▏       | 45/208 [00:00<00:00, 990.85it/s, Materializing param=vision_model.encoder.layers.2.self_attn.k_proj.weight]
Loading weights:  22%|██▏       | 46/208 [00:00<00:00, 976.60it/s, Materializing param=vision_model.encoder.layers.2.self_attn.out_proj.bias]
Loading weights:  22%|██▏       | 46/208 [00:00<00:00, 974.02it/s, Materializing param=vision_model.encoder.layers.2.self_attn.out_proj.bias]
Loading weights:  23%|██▎       | 47/208 [00:00<00:00, 978.59it/s, Materializing param=vision_model.encoder.layers.2.self_attn.out_proj.weight]
Loading weights:  23%|██▎       | 47/208 [00:00<00:00, 975.58it/s, Materializing param=vision_model.encoder.layers.2.self_attn.out_proj.weight]
Loading weights:  23%|██▎       | 48/208 [00:00<00:00, 987.11it/s, Materializing param=vision_model.encoder.layers.2.self_attn.q_proj.bias]    
Loading weights:  23%|██▎       | 48/208 [00:00<00:00, 984.32it/s, Materializing param=vision_model.encoder.layers.2.self_attn.q_proj.bias]
Loading weights:  24%|██▎       | 49/208 [00:00<00:00, 996.44it/s, Materializing param=vision_model.encoder.layers.2.self_attn.q_proj.weight]
Loading weights:  24%|██▎       | 49/208 [00:00<00:00, 993.94it/s, Materializing param=vision_model.encoder.layers.2.self_attn.q_proj.weight]
Loading weights:  24%|██▍       | 50/208 [00:00<00:00, 1007.01it/s, Materializing param=vision_model.encoder.layers.2.self_attn.v_proj.bias] 
Loading weights:  24%|██▍       | 50/208 [00:00<00:00, 998.71it/s, Materializing param=vision_model.encoder.layers.2.self_attn.v_proj.bias] 
Loading weights:  25%|██▍       | 51/208 [00:00<00:00, 1009.99it/s, Materializing param=vision_model.encoder.layers.2.self_attn.v_proj.weight]
Loading weights:  25%|██▍       | 51/208 [00:00<00:00, 989.55it/s, Materializing param=vision_model.encoder.layers.2.self_attn.v_proj.weight] 
Loading weights:  25%|██▌       | 52/208 [00:00<00:00, 999.85it/s, Materializing param=vision_model.encoder.layers.3.layer_norm1.bias]       
Loading weights:  25%|██▌       | 52/208 [00:00<00:00, 997.94it/s, Materializing param=vision_model.encoder.layers.3.layer_norm1.bias]
Loading weights:  25%|██▌       | 53/208 [00:00<00:00, 1013.67it/s, Materializing param=vision_model.encoder.layers.3.layer_norm1.weight]
Loading weights:  25%|██▌       | 53/208 [00:00<00:00, 1011.58it/s, Materializing param=vision_model.encoder.layers.3.layer_norm1.weight]
Loading weights:  26%|██▌       | 54/208 [00:00<00:00, 1026.52it/s, Materializing param=vision_model.encoder.layers.3.layer_norm2.bias]  
Loading weights:  26%|██▌       | 54/208 [00:00<00:00, 1024.03it/s, Materializing param=vision_model.encoder.layers.3.layer_norm2.bias]
Loading weights:  26%|██▋       | 55/208 [00:00<00:00, 1038.24it/s, Materializing param=vision_model.encoder.layers.3.layer_norm2.weight]
Loading weights:  26%|██▋       | 55/208 [00:00<00:00, 1035.89it/s, Materializing param=vision_model.encoder.layers.3.layer_norm2.weight]
Loading weights:  27%|██▋       | 56/208 [00:00<00:00, 1046.09it/s, Materializing param=vision_model.encoder.layers.3.mlp.fc1.bias]      
Loading weights:  27%|██▋       | 56/208 [00:00<00:00, 1043.41it/s, Materializing param=vision_model.encoder.layers.3.mlp.fc1.bias]
Loading weights:  27%|██▋       | 57/208 [00:00<00:00, 1045.76it/s, Materializing param=vision_model.encoder.layers.3.mlp.fc1.weight]
Loading weights:  27%|██▋       | 57/208 [00:00<00:00, 1043.34it/s, Materializing param=vision_model.encoder.layers.3.mlp.fc1.weight]
Loading weights:  28%|██▊       | 58/208 [00:00<00:00, 1055.73it/s, Materializing param=vision_model.encoder.layers.3.mlp.fc2.bias]  
Loading weights:  28%|██▊       | 58/208 [00:00<00:00, 1053.33it/s, Materializing param=vision_model.encoder.layers.3.mlp.fc2.bias]
Loading weights:  28%|██▊       | 59/208 [00:00<00:00, 1038.88it/s, Materializing param=vision_model.encoder.layers.3.mlp.fc2.weight]
Loading weights:  28%|██▊       | 59/208 [00:00<00:00, 1036.22it/s, Materializing param=vision_model.encoder.layers.3.mlp.fc2.weight]
Loading weights:  29%|██▉       | 60/208 [00:00<00:00, 1045.19it/s, Materializing param=vision_model.encoder.layers.3.self_attn.k_proj.bias]
Loading weights:  29%|██▉       | 60/208 [00:00<00:00, 1042.84it/s, Materializing param=vision_model.encoder.layers.3.self_attn.k_proj.bias]
Loading weights:  29%|██▉       | 61/208 [00:00<00:00, 1054.81it/s, Materializing param=vision_model.encoder.layers.3.self_attn.k_proj.weight]
Loading weights:  29%|██▉       | 61/208 [00:00<00:00, 1051.45it/s, Materializing param=vision_model.encoder.layers.3.self_attn.k_proj.weight]
Loading weights:  30%|██▉       | 62/208 [00:00<00:00, 1061.20it/s, Materializing param=vision_model.encoder.layers.3.self_attn.out_proj.bias]
Loading weights:  30%|██▉       | 62/208 [00:00<00:00, 1058.60it/s, Materializing param=vision_model.encoder.layers.3.self_attn.out_proj.bias]
Loading weights:  30%|███       | 63/208 [00:00<00:00, 1044.86it/s, Materializing param=vision_model.encoder.layers.3.self_attn.out_proj.weight]
Loading weights:  30%|███       | 63/208 [00:00<00:00, 1042.66it/s, Materializing param=vision_model.encoder.layers.3.self_attn.out_proj.weight]
Loading weights:  31%|███       | 64/208 [00:00<00:00, 1017.65it/s, Materializing param=vision_model.encoder.layers.3.self_attn.q_proj.bias]    
Loading weights:  31%|███       | 64/208 [00:00<00:00, 1006.15it/s, Materializing param=vision_model.encoder.layers.3.self_attn.q_proj.bias]
Loading weights:  31%|███▏      | 65/208 [00:00<00:00, 1008.97it/s, Materializing param=vision_model.encoder.layers.3.self_attn.q_proj.weight]
Loading weights:  31%|███▏      | 65/208 [00:00<00:00, 1007.04it/s, Materializing param=vision_model.encoder.layers.3.self_attn.q_proj.weight]
Loading weights:  32%|███▏      | 66/208 [00:00<00:00, 1004.78it/s, Materializing param=vision_model.encoder.layers.3.self_attn.v_proj.bias]  
Loading weights:  32%|███▏      | 66/208 [00:00<00:00, 1002.34it/s, Materializing param=vision_model.encoder.layers.3.self_attn.v_proj.bias]
Loading weights:  32%|███▏      | 67/208 [00:00<00:00, 1012.27it/s, Materializing param=vision_model.encoder.layers.3.self_attn.v_proj.weight]
Loading weights:  32%|███▏      | 67/208 [00:00<00:00, 1001.34it/s, Materializing param=vision_model.encoder.layers.3.self_attn.v_proj.weight]
Loading weights:  33%|███▎      | 68/208 [00:00<00:00, 1010.10it/s, Materializing param=vision_model.encoder.layers.4.layer_norm1.bias]       
Loading weights:  33%|███▎      | 68/208 [00:00<00:00, 1008.45it/s, Materializing param=vision_model.encoder.layers.4.layer_norm1.bias]
Loading weights:  33%|███▎      | 69/208 [00:00<00:00, 1018.92it/s, Materializing param=vision_model.encoder.layers.4.layer_norm1.weight]
Loading weights:  33%|███▎      | 69/208 [00:00<00:00, 1013.69it/s, Materializing param=vision_model.encoder.layers.4.layer_norm1.weight]
Loading weights:  34%|███▎      | 70/208 [00:00<00:00, 1018.05it/s, Materializing param=vision_model.encoder.layers.4.layer_norm2.bias]  
Loading weights:  34%|███▎      | 70/208 [00:00<00:00, 1016.01it/s, Materializing param=vision_model.encoder.layers.4.layer_norm2.bias]
Loading weights:  34%|███▍      | 71/208 [00:00<00:00, 1017.95it/s, Materializing param=vision_model.encoder.layers.4.layer_norm2.weight]
Loading weights:  34%|███▍      | 71/208 [00:00<00:00, 1015.96it/s, Materializing param=vision_model.encoder.layers.4.layer_norm2.weight]
Loading weights:  35%|███▍      | 72/208 [00:00<00:00, 1026.60it/s, Materializing param=vision_model.encoder.layers.4.mlp.fc1.bias]      
Loading weights:  35%|███▍      | 72/208 [00:00<00:00, 1024.63it/s, Materializing param=vision_model.encoder.layers.4.mlp.fc1.bias]
Loading weights:  35%|███▌      | 73/208 [00:00<00:00, 1032.75it/s, Materializing param=vision_model.encoder.layers.4.mlp.fc1.weight]
Loading weights:  35%|███▌      | 73/208 [00:00<00:00, 1030.76it/s, Materializing param=vision_model.encoder.layers.4.mlp.fc1.weight]
Loading weights:  36%|███▌      | 74/208 [00:00<00:00, 1021.86it/s, Materializing param=vision_model.encoder.layers.4.mlp.fc2.bias]  
Loading weights:  36%|███▌      | 74/208 [00:00<00:00, 1020.12it/s, Materializing param=vision_model.encoder.layers.4.mlp.fc2.bias]
Loading weights:  36%|███▌      | 75/208 [00:00<00:00, 1025.79it/s, Materializing param=vision_model.encoder.layers.4.mlp.fc2.weight]
Loading weights:  36%|███▌      | 75/208 [00:00<00:00, 1024.14it/s, Materializing param=vision_model.encoder.layers.4.mlp.fc2.weight]
Loading weights:  37%|███▋      | 76/208 [00:00<00:00, 1033.86it/s, Materializing param=vision_model.encoder.layers.4.self_attn.k_proj.bias]
Loading weights:  37%|███▋      | 76/208 [00:00<00:00, 1031.17it/s, Materializing param=vision_model.encoder.layers.4.self_attn.k_proj.bias]
Loading weights:  37%|███▋      | 77/208 [00:00<00:00, 1036.63it/s, Materializing param=vision_model.encoder.layers.4.self_attn.k_proj.weight]
Loading weights:  37%|███▋      | 77/208 [00:00<00:00, 1034.83it/s, Materializing param=vision_model.encoder.layers.4.self_attn.k_proj.weight]
Loading weights:  38%|███▊      | 78/208 [00:00<00:00, 1044.98it/s, Materializing param=vision_model.encoder.layers.4.self_attn.out_proj.bias]
Loading weights:  38%|███▊      | 78/208 [00:00<00:00, 1042.41it/s, Materializing param=vision_model.encoder.layers.4.self_attn.out_proj.bias]
Loading weights:  38%|███▊      | 79/208 [00:00<00:00, 1025.83it/s, Materializing param=vision_model.encoder.layers.4.self_attn.out_proj.weight]
Loading weights:  38%|███▊      | 79/208 [00:00<00:00, 1023.75it/s, Materializing param=vision_model.encoder.layers.4.self_attn.out_proj.weight]
Loading weights:  38%|███▊      | 80/208 [00:00<00:00, 1025.64it/s, Materializing param=vision_model.encoder.layers.4.self_attn.q_proj.bias]    
Loading weights:  38%|███▊      | 80/208 [00:00<00:00, 1023.91it/s, Materializing param=vision_model.encoder.layers.4.self_attn.q_proj.bias]
Loading weights:  39%|███▉      | 81/208 [00:00<00:00, 1033.31it/s, Materializing param=vision_model.encoder.layers.4.self_attn.q_proj.weight]
Loading weights:  39%|███▉      | 81/208 [00:00<00:00, 1031.83it/s, Materializing param=vision_model.encoder.layers.4.self_attn.q_proj.weight]
Loading weights:  39%|███▉      | 82/208 [00:00<00:00, 1032.97it/s, Materializing param=vision_model.encoder.layers.4.self_attn.v_proj.bias]  
Loading weights:  39%|███▉      | 82/208 [00:00<00:00, 1009.26it/s, Materializing param=vision_model.encoder.layers.4.self_attn.v_proj.bias]
Loading weights:  40%|███▉      | 83/208 [00:00<00:00, 1005.58it/s, Materializing param=vision_model.encoder.layers.4.self_attn.v_proj.weight]
Loading weights:  40%|███▉      | 83/208 [00:00<00:00, 1003.32it/s, Materializing param=vision_model.encoder.layers.4.self_attn.v_proj.weight]
Loading weights:  40%|████      | 84/208 [00:00<00:00, 999.51it/s, Materializing param=vision_model.encoder.layers.5.layer_norm1.bias]        
Loading weights:  40%|████      | 84/208 [00:00<00:00, 997.74it/s, Materializing param=vision_model.encoder.layers.5.layer_norm1.bias]
Loading weights:  41%|████      | 85/208 [00:00<00:00, 989.85it/s, Materializing param=vision_model.encoder.layers.5.layer_norm1.weight]
Loading weights:  41%|████      | 85/208 [00:00<00:00, 988.15it/s, Materializing param=vision_model.encoder.layers.5.layer_norm1.weight]
Loading weights:  41%|████▏     | 86/208 [00:00<00:00, 985.30it/s, Materializing param=vision_model.encoder.layers.5.layer_norm2.bias]  
Loading weights:  41%|████▏     | 86/208 [00:00<00:00, 983.70it/s, Materializing param=vision_model.encoder.layers.5.layer_norm2.bias]
Loading weights:  42%|████▏     | 87/208 [00:00<00:00, 992.63it/s, Materializing param=vision_model.encoder.layers.5.layer_norm2.weight]
Loading weights:  42%|████▏     | 87/208 [00:00<00:00, 989.71it/s, Materializing param=vision_model.encoder.layers.5.layer_norm2.weight]
Loading weights:  42%|████▏     | 88/208 [00:00<00:00, 998.64it/s, Materializing param=vision_model.encoder.layers.5.mlp.fc1.bias]      
Loading weights:  42%|████▏     | 88/208 [00:00<00:00, 997.45it/s, Materializing param=vision_model.encoder.layers.5.mlp.fc1.bias]
Loading weights:  43%|████▎     | 89/208 [00:00<00:00, 1006.47it/s, Materializing param=vision_model.encoder.layers.5.mlp.fc1.weight]
Loading weights:  43%|████▎     | 89/208 [00:00<00:00, 1005.42it/s, Materializing param=vision_model.encoder.layers.5.mlp.fc1.weight]
Loading weights:  43%|████▎     | 90/208 [00:00<00:00, 1014.12it/s, Materializing param=vision_model.encoder.layers.5.mlp.fc2.bias]  
Loading weights:  43%|████▎     | 90/208 [00:00<00:00, 1012.78it/s, Materializing param=vision_model.encoder.layers.5.mlp.fc2.bias]
Loading weights:  44%|████▍     | 91/208 [00:00<00:00, 1021.38it/s, Materializing param=vision_model.encoder.layers.5.mlp.fc2.weight]
Loading weights:  44%|████▍     | 91/208 [00:00<00:00, 1020.11it/s, Materializing param=vision_model.encoder.layers.5.mlp.fc2.weight]
Loading weights:  44%|████▍     | 92/208 [00:00<00:00, 1028.91it/s, Materializing param=vision_model.encoder.layers.5.self_attn.k_proj.bias]
Loading weights:  44%|████▍     | 92/208 [00:00<00:00, 1027.95it/s, Materializing param=vision_model.encoder.layers.5.self_attn.k_proj.bias]
Loading weights:  45%|████▍     | 93/208 [00:00<00:00, 1036.90it/s, Materializing param=vision_model.encoder.layers.5.self_attn.k_proj.weight]
Loading weights:  45%|████▍     | 93/208 [00:00<00:00, 1035.60it/s, Materializing param=vision_model.encoder.layers.5.self_attn.k_proj.weight]
Loading weights:  45%|████▌     | 94/208 [00:00<00:00, 1044.07it/s, Materializing param=vision_model.encoder.layers.5.self_attn.out_proj.bias]
Loading weights:  45%|████▌     | 94/208 [00:00<00:00, 1042.64it/s, Materializing param=vision_model.encoder.layers.5.self_attn.out_proj.bias]
Loading weights:  46%|████▌     | 95/208 [00:00<00:00, 1051.46it/s, Materializing param=vision_model.encoder.layers.5.self_attn.out_proj.weight]
Loading weights:  46%|████▌     | 95/208 [00:00<00:00, 1050.39it/s, Materializing param=vision_model.encoder.layers.5.self_attn.out_proj.weight]
Loading weights:  46%|████▌     | 96/208 [00:00<00:00, 1059.36it/s, Materializing param=vision_model.encoder.layers.5.self_attn.q_proj.bias]    
Loading weights:  46%|████▌     | 96/208 [00:00<00:00, 1057.77it/s, Materializing param=vision_model.encoder.layers.5.self_attn.q_proj.bias]
Loading weights:  47%|████▋     | 97/208 [00:00<00:00, 1066.09it/s, Materializing param=vision_model.encoder.layers.5.self_attn.q_proj.weight]
Loading weights:  47%|████▋     | 97/208 [00:00<00:00, 1064.79it/s, Materializing param=vision_model.encoder.layers.5.self_attn.q_proj.weight]
Loading weights:  47%|████▋     | 98/208 [00:00<00:00, 1073.32it/s, Materializing param=vision_model.encoder.layers.5.self_attn.v_proj.bias]  
Loading weights:  47%|████▋     | 98/208 [00:00<00:00, 1072.09it/s, Materializing param=vision_model.encoder.layers.5.self_attn.v_proj.bias]
Loading weights:  48%|████▊     | 99/208 [00:00<00:00, 1081.04it/s, Materializing param=vision_model.encoder.layers.5.self_attn.v_proj.weight]
Loading weights:  48%|████▊     | 99/208 [00:00<00:00, 1079.61it/s, Materializing param=vision_model.encoder.layers.5.self_attn.v_proj.weight]
Loading weights:  48%|████▊     | 100/208 [00:00<00:00, 1087.71it/s, Materializing param=vision_model.encoder.layers.6.layer_norm1.bias]      
Loading weights:  48%|████▊     | 100/208 [00:00<00:00, 1086.27it/s, Materializing param=vision_model.encoder.layers.6.layer_norm1.bias]
Loading weights:  49%|████▊     | 101/208 [00:00<00:00, 1094.69it/s, Materializing param=vision_model.encoder.layers.6.layer_norm1.weight]
Loading weights:  49%|████▊     | 101/208 [00:00<00:00, 1093.90it/s, Materializing param=vision_model.encoder.layers.6.layer_norm1.weight]
Loading weights:  49%|████▉     | 102/208 [00:00<00:00, 1103.47it/s, Materializing param=vision_model.encoder.layers.6.layer_norm2.bias]  
Loading weights:  49%|████▉     | 102/208 [00:00<00:00, 1101.98it/s, Materializing param=vision_model.encoder.layers.6.layer_norm2.bias]
Loading weights:  50%|████▉     | 103/208 [00:00<00:00, 1110.26it/s, Materializing param=vision_model.encoder.layers.6.layer_norm2.weight]
Loading weights:  50%|████▉     | 103/208 [00:00<00:00, 1108.83it/s, Materializing param=vision_model.encoder.layers.6.layer_norm2.weight]
Loading weights:  50%|█████     | 104/208 [00:00<00:00, 1117.27it/s, Materializing param=vision_model.encoder.layers.6.mlp.fc1.bias]      
Loading weights:  50%|█████     | 104/208 [00:00<00:00, 1116.50it/s, Materializing param=vision_model.encoder.layers.6.mlp.fc1.bias]
Loading weights:  50%|█████     | 105/208 [00:00<00:00, 1124.23it/s, Materializing param=vision_model.encoder.layers.6.mlp.fc1.weight]
Loading weights:  50%|█████     | 105/208 [00:00<00:00, 1122.82it/s, Materializing param=vision_model.encoder.layers.6.mlp.fc1.weight]
Loading weights:  51%|█████     | 106/208 [00:00<00:00, 1130.76it/s, Materializing param=vision_model.encoder.layers.6.mlp.fc2.bias]  
Loading weights:  51%|█████     | 106/208 [00:00<00:00, 1129.45it/s, Materializing param=vision_model.encoder.layers.6.mlp.fc2.bias]
Loading weights:  51%|█████▏    | 107/208 [00:00<00:00, 1137.15it/s, Materializing param=vision_model.encoder.layers.6.mlp.fc2.weight]
Loading weights:  51%|█████▏    | 107/208 [00:00<00:00, 1135.73it/s, Materializing param=vision_model.encoder.layers.6.mlp.fc2.weight]
Loading weights:  52%|█████▏    | 108/208 [00:00<00:00, 1144.12it/s, Materializing param=vision_model.encoder.layers.6.self_attn.k_proj.bias]
Loading weights:  52%|█████▏    | 108/208 [00:00<00:00, 1143.36it/s, Materializing param=vision_model.encoder.layers.6.self_attn.k_proj.bias]
Loading weights:  52%|█████▏    | 109/208 [00:00<00:00, 1150.89it/s, Materializing param=vision_model.encoder.layers.6.self_attn.k_proj.weight]
Loading weights:  52%|█████▏    | 109/208 [00:00<00:00, 1149.57it/s, Materializing param=vision_model.encoder.layers.6.self_attn.k_proj.weight]
Loading weights:  53%|█████▎    | 110/208 [00:00<00:00, 1156.79it/s, Materializing param=vision_model.encoder.layers.6.self_attn.out_proj.bias]
Loading weights:  53%|█████▎    | 110/208 [00:00<00:00, 1155.38it/s, Materializing param=vision_model.encoder.layers.6.self_attn.out_proj.bias]
Loading weights:  53%|█████▎    | 111/208 [00:00<00:00, 1163.50it/s, Materializing param=vision_model.encoder.layers.6.self_attn.out_proj.weight]
Loading weights:  53%|█████▎    | 111/208 [00:00<00:00, 1162.09it/s, Materializing param=vision_model.encoder.layers.6.self_attn.out_proj.weight]
Loading weights:  54%|█████▍    | 112/208 [00:00<00:00, 1169.62it/s, Materializing param=vision_model.encoder.layers.6.self_attn.q_proj.bias]    
Loading weights:  54%|█████▍    | 112/208 [00:00<00:00, 1168.23it/s, Materializing param=vision_model.encoder.layers.6.self_attn.q_proj.bias]
Loading weights:  54%|█████▍    | 113/208 [00:00<00:00, 1175.95it/s, Materializing param=vision_model.encoder.layers.6.self_attn.q_proj.weight]
Loading weights:  54%|█████▍    | 113/208 [00:00<00:00, 1174.81it/s, Materializing param=vision_model.encoder.layers.6.self_attn.q_proj.weight]
Loading weights:  55%|█████▍    | 114/208 [00:00<00:00, 1182.65it/s, Materializing param=vision_model.encoder.layers.6.self_attn.v_proj.bias]  
Loading weights:  55%|█████▍    | 114/208 [00:00<00:00, 1181.37it/s, Materializing param=vision_model.encoder.layers.6.self_attn.v_proj.bias]
Loading weights:  55%|█████▌    | 115/208 [00:00<00:00, 1188.76it/s, Materializing param=vision_model.encoder.layers.6.self_attn.v_proj.weight]
Loading weights:  55%|█████▌    | 115/208 [00:00<00:00, 1187.33it/s, Materializing param=vision_model.encoder.layers.6.self_attn.v_proj.weight]
Loading weights:  56%|█████▌    | 116/208 [00:00<00:00, 1195.01it/s, Materializing param=vision_model.encoder.layers.7.layer_norm1.bias]       
Loading weights:  56%|█████▌    | 116/208 [00:00<00:00, 1193.71it/s, Materializing param=vision_model.encoder.layers.7.layer_norm1.bias]
Loading weights:  56%|█████▋    | 117/208 [00:00<00:00, 1201.82it/s, Materializing param=vision_model.encoder.layers.7.layer_norm1.weight]
Loading weights:  56%|█████▋    | 117/208 [00:00<00:00, 1200.62it/s, Materializing param=vision_model.encoder.layers.7.layer_norm1.weight]
Loading weights:  57%|█████▋    | 118/208 [00:00<00:00, 1208.12it/s, Materializing param=vision_model.encoder.layers.7.layer_norm2.bias]  
Loading weights:  57%|█████▋    | 118/208 [00:00<00:00, 1206.73it/s, Materializing param=vision_model.encoder.layers.7.layer_norm2.bias]
Loading weights:  57%|█████▋    | 119/208 [00:00<00:00, 1214.48it/s, Materializing param=vision_model.encoder.layers.7.layer_norm2.weight]
Loading weights:  57%|█████▋    | 119/208 [00:00<00:00, 1213.32it/s, Materializing param=vision_model.encoder.layers.7.layer_norm2.weight]
Loading weights:  58%|█████▊    | 120/208 [00:00<00:00, 1221.07it/s, Materializing param=vision_model.encoder.layers.7.mlp.fc1.bias]      
Loading weights:  58%|█████▊    | 120/208 [00:00<00:00, 1219.80it/s, Materializing param=vision_model.encoder.layers.7.mlp.fc1.bias]
Loading weights:  58%|█████▊    | 121/208 [00:00<00:00, 1227.30it/s, Materializing param=vision_model.encoder.layers.7.mlp.fc1.weight]
Loading weights:  58%|█████▊    | 121/208 [00:00<00:00, 1225.72it/s, Materializing param=vision_model.encoder.layers.7.mlp.fc1.weight]
Loading weights:  59%|█████▊    | 122/208 [00:00<00:00, 1232.80it/s, Materializing param=vision_model.encoder.layers.7.mlp.fc2.bias]  
Loading weights:  59%|█████▊    | 122/208 [00:00<00:00, 1231.43it/s, Materializing param=vision_model.encoder.layers.7.mlp.fc2.bias]
Loading weights:  59%|█████▉    | 123/208 [00:00<00:00, 1238.68it/s, Materializing param=vision_model.encoder.layers.7.mlp.fc2.weight]
Loading weights:  59%|█████▉    | 123/208 [00:00<00:00, 1237.28it/s, Materializing param=vision_model.encoder.layers.7.mlp.fc2.weight]
Loading weights:  60%|█████▉    | 124/208 [00:00<00:00, 1244.57it/s, Materializing param=vision_model.encoder.layers.7.self_attn.k_proj.bias]
Loading weights:  60%|█████▉    | 124/208 [00:00<00:00, 1242.86it/s, Materializing param=vision_model.encoder.layers.7.self_attn.k_proj.bias]
Loading weights:  60%|██████    | 125/208 [00:00<00:00, 1250.27it/s, Materializing param=vision_model.encoder.layers.7.self_attn.k_proj.weight]
Loading weights:  60%|██████    | 125/208 [00:00<00:00, 1248.99it/s, Materializing param=vision_model.encoder.layers.7.self_attn.k_proj.weight]
Loading weights:  61%|██████    | 126/208 [00:00<00:00, 1256.99it/s, Materializing param=vision_model.encoder.layers.7.self_attn.k_proj.weight]
Loading weights:  61%|██████    | 126/208 [00:00<00:00, 1256.99it/s, Materializing param=vision_model.encoder.layers.7.self_attn.out_proj.bias]
Loading weights:  61%|██████    | 126/208 [00:00<00:00, 1256.99it/s, Materializing param=vision_model.encoder.layers.7.self_attn.out_proj.bias]
Loading weights:  61%|██████    | 127/208 [00:00<00:00, 1256.99it/s, Materializing param=vision_model.encoder.layers.7.self_attn.out_proj.weight]
Loading weights:  61%|██████    | 127/208 [00:00<00:00, 1256.99it/s, Materializing param=vision_model.encoder.layers.7.self_attn.out_proj.weight]
Loading weights:  62%|██████▏   | 128/208 [00:00<00:00, 1256.99it/s, Materializing param=vision_model.encoder.layers.7.self_attn.q_proj.bias]    
Loading weights:  62%|██████▏   | 128/208 [00:00<00:00, 1256.99it/s, Materializing param=vision_model.encoder.layers.7.self_attn.q_proj.bias]
Loading weights:  62%|██████▏   | 129/208 [00:00<00:00, 1256.99it/s, Materializing param=vision_model.encoder.layers.7.self_attn.q_proj.weight]
Loading weights:  62%|██████▏   | 129/208 [00:00<00:00, 1256.99it/s, Materializing param=vision_model.encoder.layers.7.self_attn.q_proj.weight]
Loading weights:  62%|██████▎   | 130/208 [00:00<00:00, 1256.99it/s, Materializing param=vision_model.encoder.layers.7.self_attn.v_proj.bias]  
Loading weights:  62%|██████▎   | 130/208 [00:00<00:00, 1256.99it/s, Materializing param=vision_model.encoder.layers.7.self_attn.v_proj.bias]
Loading weights:  63%|██████▎   | 131/208 [00:00<00:00, 1256.99it/s, Materializing param=vision_model.encoder.layers.7.self_attn.v_proj.weight]
Loading weights:  63%|██████▎   | 131/208 [00:00<00:00, 1256.99it/s, Materializing param=vision_model.encoder.layers.7.self_attn.v_proj.weight]
Loading weights:  63%|██████▎   | 132/208 [00:00<00:00, 1256.99it/s, Materializing param=vision_model.encoder.layers.8.layer_norm1.bias]       
Loading weights:  63%|██████▎   | 132/208 [00:00<00:00, 1256.99it/s, Materializing param=vision_model.encoder.layers.8.layer_norm1.bias]
Loading weights:  64%|██████▍   | 133/208 [00:00<00:00, 1256.99it/s, Materializing param=vision_model.encoder.layers.8.layer_norm1.weight]
Loading weights:  64%|██████▍   | 133/208 [00:00<00:00, 1256.99it/s, Materializing param=vision_model.encoder.layers.8.layer_norm1.weight]
Loading weights:  64%|██████▍   | 134/208 [00:00<00:00, 1256.99it/s, Materializing param=vision_model.encoder.layers.8.layer_norm2.bias]  
Loading weights:  64%|██████▍   | 134/208 [00:00<00:00, 1256.99it/s, Materializing param=vision_model.encoder.layers.8.layer_norm2.bias]
Loading weights:  65%|██████▍   | 135/208 [00:00<00:00, 1256.99it/s, Materializing param=vision_model.encoder.layers.8.layer_norm2.weight]
Loading weights:  65%|██████▍   | 135/208 [00:00<00:00, 1256.99it/s, Materializing param=vision_model.encoder.layers.8.layer_norm2.weight]
Loading weights:  65%|██████▌   | 136/208 [00:00<00:00, 1256.99it/s, Materializing param=vision_model.encoder.layers.8.mlp.fc1.bias]      
Loading weights:  65%|██████▌   | 136/208 [00:00<00:00, 1256.99it/s, Materializing param=vision_model.encoder.layers.8.mlp.fc1.bias]
Loading weights:  66%|██████▌   | 137/208 [00:00<00:00, 1256.99it/s, Materializing param=vision_model.encoder.layers.8.mlp.fc1.weight]
Loading weights:  66%|██████▌   | 137/208 [00:00<00:00, 1256.99it/s, Materializing param=vision_model.encoder.layers.8.mlp.fc1.weight]
Loading weights:  66%|██████▋   | 138/208 [00:00<00:00, 1256.99it/s, Materializing param=vision_model.encoder.layers.8.mlp.fc2.bias]  
Loading weights:  66%|██████▋   | 138/208 [00:00<00:00, 1256.99it/s, Materializing param=vision_model.encoder.layers.8.mlp.fc2.bias]
Loading weights:  67%|██████▋   | 139/208 [00:00<00:00, 1256.99it/s, Materializing param=vision_model.encoder.layers.8.mlp.fc2.weight]
Loading weights:  67%|██████▋   | 139/208 [00:00<00:00, 1256.99it/s, Materializing param=vision_model.encoder.layers.8.mlp.fc2.weight]
Loading weights:  67%|██████▋   | 140/208 [00:00<00:00, 1256.99it/s, Materializing param=vision_model.encoder.layers.8.self_attn.k_proj.bias]
Loading weights:  67%|██████▋   | 140/208 [00:00<00:00, 1256.99it/s, Materializing param=vision_model.encoder.layers.8.self_attn.k_proj.bias]
Loading weights:  68%|██████▊   | 141/208 [00:00<00:00, 1256.99it/s, Materializing param=vision_model.encoder.layers.8.self_attn.k_proj.weight]
Loading weights:  68%|██████▊   | 141/208 [00:00<00:00, 1256.99it/s, Materializing param=vision_model.encoder.layers.8.self_attn.k_proj.weight]
Loading weights:  68%|██████▊   | 142/208 [00:00<00:00, 1256.99it/s, Materializing param=vision_model.encoder.layers.8.self_attn.out_proj.bias]
Loading weights:  68%|██████▊   | 142/208 [00:00<00:00, 1256.99it/s, Materializing param=vision_model.encoder.layers.8.self_attn.out_proj.bias]
Loading weights:  69%|██████▉   | 143/208 [00:00<00:00, 1256.99it/s, Materializing param=vision_model.encoder.layers.8.self_attn.out_proj.weight]
Loading weights:  69%|██████▉   | 143/208 [00:00<00:00, 1256.99it/s, Materializing param=vision_model.encoder.layers.8.self_attn.out_proj.weight]
Loading weights:  69%|██████▉   | 144/208 [00:00<00:00, 1256.99it/s, Materializing param=vision_model.encoder.layers.8.self_attn.q_proj.bias]    
Loading weights:  69%|██████▉   | 144/208 [00:00<00:00, 1256.99it/s, Materializing param=vision_model.encoder.layers.8.self_attn.q_proj.bias]
Loading weights:  70%|██████▉   | 145/208 [00:00<00:00, 1256.99it/s, Materializing param=vision_model.encoder.layers.8.self_attn.q_proj.weight]
Loading weights:  70%|██████▉   | 145/208 [00:00<00:00, 1256.99it/s, Materializing param=vision_model.encoder.layers.8.self_attn.q_proj.weight]
Loading weights:  70%|███████   | 146/208 [00:00<00:00, 1256.99it/s, Materializing param=vision_model.encoder.layers.8.self_attn.v_proj.bias]  
Loading weights:  70%|███████   | 146/208 [00:00<00:00, 1256.99it/s, Materializing param=vision_model.encoder.layers.8.self_attn.v_proj.bias]
Loading weights:  71%|███████   | 147/208 [00:00<00:00, 1256.99it/s, Materializing param=vision_model.encoder.layers.8.self_attn.v_proj.weight]
Loading weights:  71%|███████   | 147/208 [00:00<00:00, 1256.99it/s, Materializing param=vision_model.encoder.layers.8.self_attn.v_proj.weight]
Loading weights:  71%|███████   | 148/208 [00:00<00:00, 1256.99it/s, Materializing param=vision_model.encoder.layers.9.layer_norm1.bias]       
Loading weights:  71%|███████   | 148/208 [00:00<00:00, 1256.99it/s, Materializing param=vision_model.encoder.layers.9.layer_norm1.bias]
Loading weights:  72%|███████▏  | 149/208 [00:00<00:00, 1256.99it/s, Materializing param=vision_model.encoder.layers.9.layer_norm1.weight]
Loading weights:  72%|███████▏  | 149/208 [00:00<00:00, 1256.99it/s, Materializing param=vision_model.encoder.layers.9.layer_norm1.weight]
Loading weights:  72%|███████▏  | 150/208 [00:00<00:00, 1256.99it/s, Materializing param=vision_model.encoder.layers.9.layer_norm2.bias]  
Loading weights:  72%|███████▏  | 150/208 [00:00<00:00, 1256.99it/s, Materializing param=vision_model.encoder.layers.9.layer_norm2.bias]
Loading weights:  73%|███████▎  | 151/208 [00:00<00:00, 1256.99it/s, Materializing param=vision_model.encoder.layers.9.layer_norm2.weight]
Loading weights:  73%|███████▎  | 151/208 [00:00<00:00, 1256.99it/s, Materializing param=vision_model.encoder.layers.9.layer_norm2.weight]
Loading weights:  73%|███████▎  | 152/208 [00:00<00:00, 1256.99it/s, Materializing param=vision_model.encoder.layers.9.mlp.fc1.bias]      
Loading weights:  73%|███████▎  | 152/208 [00:00<00:00, 1256.99it/s, Materializing param=vision_model.encoder.layers.9.mlp.fc1.bias]
Loading weights:  74%|███████▎  | 153/208 [00:00<00:00, 1256.99it/s, Materializing param=vision_model.encoder.layers.9.mlp.fc1.weight]
Loading weights:  74%|███████▎  | 153/208 [00:00<00:00, 1256.99it/s, Materializing param=vision_model.encoder.layers.9.mlp.fc1.weight]
Loading weights:  74%|███████▍  | 154/208 [00:00<00:00, 1256.99it/s, Materializing param=vision_model.encoder.layers.9.mlp.fc2.bias]  
Loading weights:  74%|███████▍  | 154/208 [00:00<00:00, 1256.99it/s, Materializing param=vision_model.encoder.layers.9.mlp.fc2.bias]
Loading weights:  75%|███████▍  | 155/208 [00:00<00:00, 1256.99it/s, Materializing param=vision_model.encoder.layers.9.mlp.fc2.weight]
Loading weights:  75%|███████▍  | 155/208 [00:00<00:00, 1256.99it/s, Materializing param=vision_model.encoder.layers.9.mlp.fc2.weight]
Loading weights:  75%|███████▌  | 156/208 [00:00<00:00, 1256.99it/s, Materializing param=vision_model.encoder.layers.9.self_attn.k_proj.bias]
Loading weights:  75%|███████▌  | 156/208 [00:00<00:00, 1256.99it/s, Materializing param=vision_model.encoder.layers.9.self_attn.k_proj.bias]
Loading weights:  75%|███████▌  | 157/208 [00:00<00:00, 1256.99it/s, Materializing param=vision_model.encoder.layers.9.self_attn.k_proj.weight]
Loading weights:  75%|███████▌  | 157/208 [00:00<00:00, 1256.99it/s, Materializing param=vision_model.encoder.layers.9.self_attn.k_proj.weight]
Loading weights:  76%|███████▌  | 158/208 [00:00<00:00, 1256.99it/s, Materializing param=vision_model.encoder.layers.9.self_attn.out_proj.bias]
Loading weights:  76%|███████▌  | 158/208 [00:00<00:00, 1256.99it/s, Materializing param=vision_model.encoder.layers.9.self_attn.out_proj.bias]
Loading weights:  76%|███████▋  | 159/208 [00:00<00:00, 1256.99it/s, Materializing param=vision_model.encoder.layers.9.self_attn.out_proj.weight]
Loading weights:  76%|███████▋  | 159/208 [00:00<00:00, 1256.99it/s, Materializing param=vision_model.encoder.layers.9.self_attn.out_proj.weight]
Loading weights:  77%|███████▋  | 160/208 [00:00<00:00, 1256.99it/s, Materializing param=vision_model.encoder.layers.9.self_attn.q_proj.bias]    
Loading weights:  77%|███████▋  | 160/208 [00:00<00:00, 1256.99it/s, Materializing param=vision_model.encoder.layers.9.self_attn.q_proj.bias]
Loading weights:  77%|███████▋  | 161/208 [00:00<00:00, 1256.99it/s, Materializing param=vision_model.encoder.layers.9.self_attn.q_proj.weight]
Loading weights:  77%|███████▋  | 161/208 [00:00<00:00, 1256.99it/s, Materializing param=vision_model.encoder.layers.9.self_attn.q_proj.weight]
Loading weights:  78%|███████▊  | 162/208 [00:00<00:00, 1256.99it/s, Materializing param=vision_model.encoder.layers.9.self_attn.v_proj.bias]  
Loading weights:  78%|███████▊  | 162/208 [00:00<00:00, 1256.99it/s, Materializing param=vision_model.encoder.layers.9.self_attn.v_proj.bias]
Loading weights:  78%|███████▊  | 163/208 [00:00<00:00, 1256.99it/s, Materializing param=vision_model.encoder.layers.9.self_attn.v_proj.weight]
Loading weights:  78%|███████▊  | 163/208 [00:00<00:00, 1256.99it/s, Materializing param=vision_model.encoder.layers.9.self_attn.v_proj.weight]
Loading weights:  79%|███████▉  | 164/208 [00:00<00:00, 1256.99it/s, Materializing param=vision_model.encoder.layers.10.layer_norm1.bias]      
Loading weights:  79%|███████▉  | 164/208 [00:00<00:00, 1256.99it/s, Materializing param=vision_model.encoder.layers.10.layer_norm1.bias]
Loading weights:  79%|███████▉  | 165/208 [00:00<00:00, 1256.99it/s, Materializing param=vision_model.encoder.layers.10.layer_norm1.weight]
Loading weights:  79%|███████▉  | 165/208 [00:00<00:00, 1256.99it/s, Materializing param=vision_model.encoder.layers.10.layer_norm1.weight]
Loading weights:  80%|███████▉  | 166/208 [00:00<00:00, 1256.99it/s, Materializing param=vision_model.encoder.layers.10.layer_norm2.bias]  
Loading weights:  80%|███████▉  | 166/208 [00:00<00:00, 1256.99it/s, Materializing param=vision_model.encoder.layers.10.layer_norm2.bias]
Loading weights:  80%|████████  | 167/208 [00:00<00:00, 1256.99it/s, Materializing param=vision_model.encoder.layers.10.layer_norm2.weight]
Loading weights:  80%|████████  | 167/208 [00:00<00:00, 1256.99it/s, Materializing param=vision_model.encoder.layers.10.layer_norm2.weight]
Loading weights:  81%|████████  | 168/208 [00:00<00:00, 1256.99it/s, Materializing param=vision_model.encoder.layers.10.mlp.fc1.bias]      
Loading weights:  81%|████████  | 168/208 [00:00<00:00, 1256.99it/s, Materializing param=vision_model.encoder.layers.10.mlp.fc1.bias]
Loading weights:  81%|████████▏ | 169/208 [00:00<00:00, 1256.99it/s, Materializing param=vision_model.encoder.layers.10.mlp.fc1.weight]
Loading weights:  81%|████████▏ | 169/208 [00:00<00:00, 1256.99it/s, Materializing param=vision_model.encoder.layers.10.mlp.fc1.weight]
Loading weights:  82%|████████▏ | 170/208 [00:00<00:00, 1256.99it/s, Materializing param=vision_model.encoder.layers.10.mlp.fc2.bias]  
Loading weights:  82%|████████▏ | 170/208 [00:00<00:00, 1256.99it/s, Materializing param=vision_model.encoder.layers.10.mlp.fc2.bias]
Loading weights:  82%|████████▏ | 171/208 [00:00<00:00, 1256.99it/s, Materializing param=vision_model.encoder.layers.10.mlp.fc2.weight]
Loading weights:  82%|████████▏ | 171/208 [00:00<00:00, 1256.99it/s, Materializing param=vision_model.encoder.layers.10.mlp.fc2.weight]
Loading weights:  83%|████████▎ | 172/208 [00:00<00:00, 1256.99it/s, Materializing param=vision_model.encoder.layers.10.self_attn.k_proj.bias]
Loading weights:  83%|████████▎ | 172/208 [00:00<00:00, 1256.99it/s, Materializing param=vision_model.encoder.layers.10.self_attn.k_proj.bias]
Loading weights:  83%|████████▎ | 173/208 [00:00<00:00, 1256.99it/s, Materializing param=vision_model.encoder.layers.10.self_attn.k_proj.weight]
Loading weights:  83%|████████▎ | 173/208 [00:00<00:00, 1256.99it/s, Materializing param=vision_model.encoder.layers.10.self_attn.k_proj.weight]
Loading weights:  84%|████████▎ | 174/208 [00:00<00:00, 1256.99it/s, Materializing param=vision_model.encoder.layers.10.self_attn.out_proj.bias]
Loading weights:  84%|████████▎ | 174/208 [00:00<00:00, 1256.99it/s, Materializing param=vision_model.encoder.layers.10.self_attn.out_proj.bias]
Loading weights:  84%|████████▍ | 175/208 [00:00<00:00, 1256.99it/s, Materializing param=vision_model.encoder.layers.10.self_attn.out_proj.weight]
Loading weights:  84%|████████▍ | 175/208 [00:00<00:00, 1256.99it/s, Materializing param=vision_model.encoder.layers.10.self_attn.out_proj.weight]
Loading weights:  85%|████████▍ | 176/208 [00:00<00:00, 1256.99it/s, Materializing param=vision_model.encoder.layers.10.self_attn.q_proj.bias]    
Loading weights:  85%|████████▍ | 176/208 [00:00<00:00, 1256.99it/s, Materializing param=vision_model.encoder.layers.10.self_attn.q_proj.bias]
Loading weights:  85%|████████▌ | 177/208 [00:00<00:00, 1256.99it/s, Materializing param=vision_model.encoder.layers.10.self_attn.q_proj.weight]
Loading weights:  85%|████████▌ | 177/208 [00:00<00:00, 1256.99it/s, Materializing param=vision_model.encoder.layers.10.self_attn.q_proj.weight]
Loading weights:  86%|████████▌ | 178/208 [00:00<00:00, 1256.99it/s, Materializing param=vision_model.encoder.layers.10.self_attn.v_proj.bias]  
Loading weights:  86%|████████▌ | 178/208 [00:00<00:00, 1256.99it/s, Materializing param=vision_model.encoder.layers.10.self_attn.v_proj.bias]
Loading weights:  86%|████████▌ | 179/208 [00:00<00:00, 1256.99it/s, Materializing param=vision_model.encoder.layers.10.self_attn.v_proj.weight]
Loading weights:  86%|████████▌ | 179/208 [00:00<00:00, 1256.99it/s, Materializing param=vision_model.encoder.layers.10.self_attn.v_proj.weight]
Loading weights:  87%|████████▋ | 180/208 [00:00<00:00, 1256.99it/s, Materializing param=vision_model.encoder.layers.11.layer_norm1.bias]       
Loading weights:  87%|████████▋ | 180/208 [00:00<00:00, 1256.99it/s, Materializing param=vision_model.encoder.layers.11.layer_norm1.bias]
Loading weights:  87%|████████▋ | 181/208 [00:00<00:00, 1256.99it/s, Materializing param=vision_model.encoder.layers.11.layer_norm1.weight]
Loading weights:  87%|████████▋ | 181/208 [00:00<00:00, 1256.99it/s, Materializing param=vision_model.encoder.layers.11.layer_norm1.weight]
Loading weights:  88%|████████▊ | 182/208 [00:00<00:00, 1256.99it/s, Materializing param=vision_model.encoder.layers.11.layer_norm2.bias]  
Loading weights:  88%|████████▊ | 182/208 [00:00<00:00, 1256.99it/s, Materializing param=vision_model.encoder.layers.11.layer_norm2.bias]
Loading weights:  88%|████████▊ | 183/208 [00:00<00:00, 1256.99it/s, Materializing param=vision_model.encoder.layers.11.layer_norm2.weight]
Loading weights:  88%|████████▊ | 183/208 [00:00<00:00, 1256.99it/s, Materializing param=vision_model.encoder.layers.11.layer_norm2.weight]
Loading weights:  88%|████████▊ | 184/208 [00:00<00:00, 1256.99it/s, Materializing param=vision_model.encoder.layers.11.mlp.fc1.bias]      
Loading weights:  88%|████████▊ | 184/208 [00:00<00:00, 1256.99it/s, Materializing param=vision_model.encoder.layers.11.mlp.fc1.bias]
Loading weights:  89%|████████▉ | 185/208 [00:00<00:00, 1256.99it/s, Materializing param=vision_model.encoder.layers.11.mlp.fc1.weight]
Loading weights:  89%|████████▉ | 185/208 [00:00<00:00, 1256.99it/s, Materializing param=vision_model.encoder.layers.11.mlp.fc1.weight]
Loading weights:  89%|████████▉ | 186/208 [00:00<00:00, 1256.99it/s, Materializing param=vision_model.encoder.layers.11.mlp.fc2.bias]  
Loading weights:  89%|████████▉ | 186/208 [00:00<00:00, 1256.99it/s, Materializing param=vision_model.encoder.layers.11.mlp.fc2.bias]
Loading weights:  90%|████████▉ | 187/208 [00:00<00:00, 1256.99it/s, Materializing param=vision_model.encoder.layers.11.mlp.fc2.weight]
Loading weights:  90%|████████▉ | 187/208 [00:00<00:00, 1256.99it/s, Materializing param=vision_model.encoder.layers.11.mlp.fc2.weight]
Loading weights:  90%|█████████ | 188/208 [00:00<00:00, 1256.99it/s, Materializing param=vision_model.encoder.layers.11.self_attn.k_proj.bias]
Loading weights:  90%|█████████ | 188/208 [00:00<00:00, 1256.99it/s, Materializing param=vision_model.encoder.layers.11.self_attn.k_proj.bias]
Loading weights:  91%|█████████ | 189/208 [00:00<00:00, 1256.99it/s, Materializing param=vision_model.encoder.layers.11.self_attn.k_proj.weight]
Loading weights:  91%|█████████ | 189/208 [00:00<00:00, 1256.99it/s, Materializing param=vision_model.encoder.layers.11.self_attn.k_proj.weight]
Loading weights:  91%|█████████▏| 190/208 [00:00<00:00, 1256.99it/s, Materializing param=vision_model.encoder.layers.11.self_attn.out_proj.bias]
Loading weights:  91%|█████████▏| 190/208 [00:00<00:00, 1256.99it/s, Materializing param=vision_model.encoder.layers.11.self_attn.out_proj.bias]
Loading weights:  92%|█████████▏| 191/208 [00:00<00:00, 1256.99it/s, Materializing param=vision_model.encoder.layers.11.self_attn.out_proj.weight]
Loading weights:  92%|█████████▏| 191/208 [00:00<00:00, 1256.99it/s, Materializing param=vision_model.encoder.layers.11.self_attn.out_proj.weight]
Loading weights:  92%|█████████▏| 192/208 [00:00<00:00, 1256.99it/s, Materializing param=vision_model.encoder.layers.11.self_attn.q_proj.bias]    
Loading weights:  92%|█████████▏| 192/208 [00:00<00:00, 1256.99it/s, Materializing param=vision_model.encoder.layers.11.self_attn.q_proj.bias]
Loading weights:  93%|█████████▎| 193/208 [00:00<00:00, 1256.99it/s, Materializing param=vision_model.encoder.layers.11.self_attn.q_proj.weight]
Loading weights:  93%|█████████▎| 193/208 [00:00<00:00, 1256.99it/s, Materializing param=vision_model.encoder.layers.11.self_attn.q_proj.weight]
Loading weights:  93%|█████████▎| 194/208 [00:00<00:00, 1256.99it/s, Materializing param=vision_model.encoder.layers.11.self_attn.v_proj.bias]  
Loading weights:  93%|█████████▎| 194/208 [00:00<00:00, 1256.99it/s, Materializing param=vision_model.encoder.layers.11.self_attn.v_proj.bias]
Loading weights:  94%|█████████▍| 195/208 [00:00<00:00, 1256.99it/s, Materializing param=vision_model.encoder.layers.11.self_attn.v_proj.weight]
Loading weights:  94%|█████████▍| 195/208 [00:00<00:00, 1256.99it/s, Materializing param=vision_model.encoder.layers.11.self_attn.v_proj.weight]
Loading weights:  94%|█████████▍| 196/208 [00:00<00:00, 1256.99it/s, Materializing param=vision_model.head.attention.in_proj_bias]              
Loading weights:  94%|█████████▍| 196/208 [00:00<00:00, 1256.99it/s, Materializing param=vision_model.head.attention.in_proj_bias]
Loading weights:  95%|█████████▍| 197/208 [00:00<00:00, 1256.99it/s, Materializing param=vision_model.head.attention.in_proj_weight]
Loading weights:  95%|█████████▍| 197/208 [00:00<00:00, 1256.99it/s, Materializing param=vision_model.head.attention.in_proj_weight]
Loading weights:  95%|█████████▌| 198/208 [00:00<00:00, 1256.99it/s, Materializing param=vision_model.head.attention.out_proj.bias] 
Loading weights:  95%|█████████▌| 198/208 [00:00<00:00, 1256.99it/s, Materializing param=vision_model.head.attention.out_proj.bias]
Loading weights:  96%|█████████▌| 199/208 [00:00<00:00, 1256.99it/s, Materializing param=vision_model.head.attention.out_proj.weight]
Loading weights:  96%|█████████▌| 199/208 [00:00<00:00, 1256.99it/s, Materializing param=vision_model.head.attention.out_proj.weight]
Loading weights:  96%|█████████▌| 200/208 [00:00<00:00, 1256.99it/s, Materializing param=vision_model.head.layernorm.bias]           
Loading weights:  96%|█████████▌| 200/208 [00:00<00:00, 1256.99it/s, Materializing param=vision_model.head.layernorm.bias]
Loading weights:  97%|█████████▋| 201/208 [00:00<00:00, 1256.99it/s, Materializing param=vision_model.head.layernorm.weight]
Loading weights:  97%|█████████▋| 201/208 [00:00<00:00, 1256.99it/s, Materializing param=vision_model.head.layernorm.weight]
Loading weights:  97%|█████████▋| 202/208 [00:00<00:00, 1256.99it/s, Materializing param=vision_model.head.mlp.fc1.bias]    
Loading weights:  97%|█████████▋| 202/208 [00:00<00:00, 1256.99it/s, Materializing param=vision_model.head.mlp.fc1.bias]
Loading weights:  98%|█████████▊| 203/208 [00:00<00:00, 1256.99it/s, Materializing param=vision_model.head.mlp.fc1.weight]
Loading weights:  98%|█████████▊| 203/208 [00:00<00:00, 1256.99it/s, Materializing param=vision_model.head.mlp.fc1.weight]
Loading weights:  98%|█████████▊| 204/208 [00:00<00:00, 1256.99it/s, Materializing param=vision_model.head.mlp.fc2.bias]  
Loading weights:  98%|█████████▊| 204/208 [00:00<00:00, 1256.99it/s, Materializing param=vision_model.head.mlp.fc2.bias]
Loading weights:  99%|█████████▊| 205/208 [00:00<00:00, 1256.99it/s, Materializing param=vision_model.head.mlp.fc2.weight]
Loading weights:  99%|█████████▊| 205/208 [00:00<00:00, 1256.99it/s, Materializing param=vision_model.head.mlp.fc2.weight]
Loading weights:  99%|█████████▉| 206/208 [00:00<00:00, 1256.99it/s, Materializing param=vision_model.head.probe]         
Loading weights:  99%|█████████▉| 206/208 [00:00<00:00, 1256.99it/s, Materializing param=vision_model.head.probe]
Loading weights: 100%|█████████▉| 207/208 [00:00<00:00, 1256.99it/s, Materializing param=vision_model.post_layernorm.bias]
Loading weights: 100%|█████████▉| 207/208 [00:00<00:00, 1256.99it/s, Materializing param=vision_model.post_layernorm.bias]
Loading weights: 100%|██████████| 208/208 [00:00<00:00, 1256.99it/s, Materializing param=vision_model.post_layernorm.weight]
Loading weights: 100%|██████████| 208/208 [00:00<00:00, 1256.99it/s, Materializing param=vision_model.post_layernorm.weight]
Loading weights: 100%|██████████| 208/208 [00:00<00:00, 1638.90it/s, Materializing param=vision_model.post_layernorm.weight]
SiglipForImageClassification LOAD REPORT from: google/siglip2-base-patch16-224
Key                                                          | Status     | 
-------------------------------------------------------------+------------+-
text_model.encoder.layers.{0...11}.self_attn.out_proj.weight | UNEXPECTED | 
text_model.encoder.layers.{0...11}.layer_norm1.weight        | UNEXPECTED | 
text_model.encoder.layers.{0...11}.self_attn.q_proj.weight   | UNEXPECTED | 
text_model.encoder.layers.{0...11}.self_attn.v_proj.bias     | UNEXPECTED | 
text_model.encoder.layers.{0...11}.layer_norm2.weight        | UNEXPECTED | 
text_model.encoder.layers.{0...11}.self_attn.k_proj.weight   | UNEXPECTED | 
text_model.encoder.layers.{0...11}.mlp.fc1.bias              | UNEXPECTED | 
text_model.encoder.layers.{0...11}.self_attn.v_proj.weight   | UNEXPECTED | 
text_model.embeddings.position_embedding.weight              | UNEXPECTED | 
text_model.encoder.layers.{0...11}.self_attn.q_proj.bias     | UNEXPECTED | 
text_model.encoder.layers.{0...11}.layer_norm2.bias          | UNEXPECTED | 
text_model.encoder.layers.{0...11}.mlp.fc1.weight            | UNEXPECTED | 
text_model.encoder.layers.{0...11}.self_attn.k_proj.bias     | UNEXPECTED | 
text_model.encoder.layers.{0...11}.self_attn.out_proj.bias   | UNEXPECTED | 
text_model.head.bias                                         | UNEXPECTED | 
text_model.encoder.layers.{0...11}.mlp.fc2.weight            | UNEXPECTED | 
text_model.encoder.layers.{0...11}.mlp.fc2.bias              | UNEXPECTED | 
text_model.final_layer_norm.bias                             | UNEXPECTED | 
logit_scale                                                  | UNEXPECTED | 
text_model.embeddings.token_embedding.weight                 | UNEXPECTED | 
text_model.encoder.layers.{0...11}.layer_norm1.bias          | UNEXPECTED | 
text_model.final_layer_norm.weight                           | UNEXPECTED | 
logit_bias                                                   | UNEXPECTED | 
text_model.head.weight                                       | UNEXPECTED | 
classifier.bias                                              | MISSING    | 
classifier.weight                                            | MISSING    | 

Notes:
- UNEXPECTED	:can be ignored when loading from different task/architecture; not ok if you expect identical arch.
- MISSING	:those params were newly initialized because missing from the checkpoint. Consider training on your downstream task.
  [siglip2 finetune] epoch 1/5 loss 2.0269 (311s)
  [siglip2 finetune] epoch 2/5 loss 0.9885 (310s)
  [siglip2 finetune] epoch 3/5 loss 0.4675 (309s)
  [siglip2 finetune] epoch 4/5 loss 0.2373 (308s)
  [siglip2 finetune] epoch 5/5 loss 0.1103 (307s)
  macro-F1 0.8074  accuracy 0.8898  (25.7 min)

=== fine-tune convnext ===

Loading weights:   0%|          | 0/344 [00:00<?, ?it/s]
Loading weights:   0%|          | 1/344 [00:00<00:00, 31068.92it/s, Materializing param=classifier.bias]
Loading weights:   0%|          | 1/344 [00:00<00:00, 7854.50it/s, Materializing param=classifier.bias] 
Loading weights:   1%|          | 2/344 [00:00<00:00, 6610.41it/s, Materializing param=classifier.weight]
Loading weights:   1%|          | 2/344 [00:00<00:00, 4949.03it/s, Materializing param=classifier.weight]
Loading weights:   1%|          | 3/344 [00:00<00:00, 4242.38it/s, Materializing param=convnext.embeddings.layernorm.bias]
Loading weights:   1%|          | 3/344 [00:00<00:00, 3683.52it/s, Materializing param=convnext.embeddings.layernorm.bias]
Loading weights:   1%|          | 4/344 [00:00<00:00, 3112.66it/s, Materializing param=convnext.embeddings.layernorm.weight]
Loading weights:   1%|          | 4/344 [00:00<00:00, 2879.22it/s, Materializing param=convnext.embeddings.layernorm.weight]
Loading weights:   1%|▏         | 5/344 [00:00<00:00, 1656.26it/s, Materializing param=convnext.embeddings.patch_embeddings.bias]
Loading weights:   1%|▏         | 5/344 [00:00<00:00, 1593.34it/s, Materializing param=convnext.embeddings.patch_embeddings.bias]
Loading weights:   2%|▏         | 6/344 [00:00<00:00, 1558.83it/s, Materializing param=convnext.embeddings.patch_embeddings.weight]
Loading weights:   2%|▏         | 6/344 [00:00<00:00, 1510.64it/s, Materializing param=convnext.embeddings.patch_embeddings.weight]
Loading weights:   2%|▏         | 7/344 [00:00<00:00, 1366.60it/s, Materializing param=convnext.encoder.stages.0.layers.0.dwconv.bias]
Loading weights:   2%|▏         | 7/344 [00:00<00:00, 1334.43it/s, Materializing param=convnext.encoder.stages.0.layers.0.dwconv.bias]
Loading weights:   2%|▏         | 8/344 [00:00<00:00, 1292.05it/s, Materializing param=convnext.encoder.stages.0.layers.0.dwconv.weight]
Loading weights:   2%|▏         | 8/344 [00:00<00:00, 1268.21it/s, Materializing param=convnext.encoder.stages.0.layers.0.dwconv.weight]
Loading weights:   3%|▎         | 9/344 [00:00<00:00, 1242.18it/s, Materializing param=convnext.encoder.stages.0.layers.0.layer_scale_parameter]
Loading weights:   3%|▎         | 9/344 [00:00<00:00, 1221.88it/s, Materializing param=convnext.encoder.stages.0.layers.0.layer_scale_parameter]
Loading weights:   3%|▎         | 10/344 [00:00<00:00, 1300.16it/s, Materializing param=convnext.encoder.stages.0.layers.0.layernorm.bias]      
Loading weights:   3%|▎         | 10/344 [00:00<00:00, 1279.77it/s, Materializing param=convnext.encoder.stages.0.layers.0.layernorm.bias]
Loading weights:   3%|▎         | 11/344 [00:00<00:00, 1287.49it/s, Materializing param=convnext.encoder.stages.0.layers.0.layernorm.weight]
Loading weights:   3%|▎         | 11/344 [00:00<00:00, 1269.04it/s, Materializing param=convnext.encoder.stages.0.layers.0.layernorm.weight]
Loading weights:   3%|▎         | 12/344 [00:00<00:00, 1292.58it/s, Materializing param=convnext.encoder.stages.0.layers.0.pwconv1.bias]    
Loading weights:   3%|▎         | 12/344 [00:00<00:00, 1275.77it/s, Materializing param=convnext.encoder.stages.0.layers.0.pwconv1.bias]
Loading weights:   4%|▍         | 13/344 [00:00<00:00, 1321.14it/s, Materializing param=convnext.encoder.stages.0.layers.0.pwconv1.weight]
Loading weights:   4%|▍         | 13/344 [00:00<00:00, 1304.07it/s, Materializing param=convnext.encoder.stages.0.layers.0.pwconv1.weight]
Loading weights:   4%|▍         | 14/344 [00:00<00:00, 1329.81it/s, Materializing param=convnext.encoder.stages.0.layers.0.pwconv2.bias]  
Loading weights:   4%|▍         | 14/344 [00:00<00:00, 1315.27it/s, Materializing param=convnext.encoder.stages.0.layers.0.pwconv2.bias]
Loading weights:   4%|▍         | 15/344 [00:00<00:00, 1334.55it/s, Materializing param=convnext.encoder.stages.0.layers.0.pwconv2.weight]
Loading weights:   4%|▍         | 15/344 [00:00<00:00, 1319.57it/s, Materializing param=convnext.encoder.stages.0.layers.0.pwconv2.weight]
Loading weights:   5%|▍         | 16/344 [00:00<00:00, 1350.47it/s, Materializing param=convnext.encoder.stages.0.layers.1.dwconv.bias]   
Loading weights:   5%|▍         | 16/344 [00:00<00:00, 1331.71it/s, Materializing param=convnext.encoder.stages.0.layers.1.dwconv.bias]
Loading weights:   5%|▍         | 17/344 [00:00<00:00, 1239.82it/s, Materializing param=convnext.encoder.stages.0.layers.1.dwconv.weight]
Loading weights:   5%|▍         | 17/344 [00:00<00:00, 1228.24it/s, Materializing param=convnext.encoder.stages.0.layers.1.dwconv.weight]
Loading weights:   5%|▌         | 18/344 [00:00<00:00, 1254.49it/s, Materializing param=convnext.encoder.stages.0.layers.1.layer_scale_parameter]
Loading weights:   5%|▌         | 18/344 [00:00<00:00, 1242.67it/s, Materializing param=convnext.encoder.stages.0.layers.1.layer_scale_parameter]
Loading weights:   6%|▌         | 19/344 [00:00<00:00, 1259.91it/s, Materializing param=convnext.encoder.stages.0.layers.1.layernorm.bias]       
Loading weights:   6%|▌         | 19/344 [00:00<00:00, 1250.07it/s, Materializing param=convnext.encoder.stages.0.layers.1.layernorm.bias]
Loading weights:   6%|▌         | 20/344 [00:00<00:00, 1274.55it/s, Materializing param=convnext.encoder.stages.0.layers.1.layernorm.weight]
Loading weights:   6%|▌         | 20/344 [00:00<00:00, 1265.33it/s, Materializing param=convnext.encoder.stages.0.layers.1.layernorm.weight]
Loading weights:   6%|▌         | 21/344 [00:00<00:00, 1207.51it/s, Materializing param=convnext.encoder.stages.0.layers.1.pwconv1.bias]    
Loading weights:   6%|▌         | 21/344 [00:00<00:00, 1198.54it/s, Materializing param=convnext.encoder.stages.0.layers.1.pwconv1.bias]
Loading weights:   6%|▋         | 22/344 [00:00<00:00, 1239.14it/s, Materializing param=convnext.encoder.stages.0.layers.1.pwconv1.weight]
Loading weights:   6%|▋         | 22/344 [00:00<00:00, 1231.26it/s, Materializing param=convnext.encoder.stages.0.layers.1.pwconv1.weight]
Loading weights:   7%|▋         | 23/344 [00:00<00:00, 1249.44it/s, Materializing param=convnext.encoder.stages.0.layers.1.pwconv2.bias]  
Loading weights:   7%|▋         | 23/344 [00:00<00:00, 1168.51it/s, Materializing param=convnext.encoder.stages.0.layers.1.pwconv2.bias]
Loading weights:   7%|▋         | 24/344 [00:00<00:00, 1185.11it/s, Materializing param=convnext.encoder.stages.0.layers.1.pwconv2.weight]
Loading weights:   7%|▋         | 24/344 [00:00<00:00, 1176.88it/s, Materializing param=convnext.encoder.stages.0.layers.1.pwconv2.weight]
Loading weights:   7%|▋         | 25/344 [00:00<00:00, 1068.48it/s, Materializing param=convnext.encoder.stages.0.layers.2.dwconv.bias]   
Loading weights:   7%|▋         | 25/344 [00:00<00:00, 1062.21it/s, Materializing param=convnext.encoder.stages.0.layers.2.dwconv.bias]
Loading weights:   8%|▊         | 26/344 [00:00<00:00, 1080.30it/s, Materializing param=convnext.encoder.stages.0.layers.2.dwconv.weight]
Loading weights:   8%|▊         | 26/344 [00:00<00:00, 1052.26it/s, Materializing param=convnext.encoder.stages.0.layers.2.dwconv.weight]
Loading weights:   8%|▊         | 27/344 [00:00<00:00, 1052.06it/s, Materializing param=convnext.encoder.stages.0.layers.2.layer_scale_parameter]
Loading weights:   8%|▊         | 27/344 [00:00<00:00, 1043.64it/s, Materializing param=convnext.encoder.stages.0.layers.2.layer_scale_parameter]
Loading weights:   8%|▊         | 28/344 [00:00<00:00, 1065.84it/s, Materializing param=convnext.encoder.stages.0.layers.2.layernorm.bias]       
Loading weights:   8%|▊         | 28/344 [00:00<00:00, 1061.36it/s, Materializing param=convnext.encoder.stages.0.layers.2.layernorm.bias]
Loading weights:   8%|▊         | 29/344 [00:00<00:00, 1043.56it/s, Materializing param=convnext.encoder.stages.0.layers.2.layernorm.weight]
Loading weights:   8%|▊         | 29/344 [00:00<00:00, 1011.96it/s, Materializing param=convnext.encoder.stages.0.layers.2.layernorm.weight]
Loading weights:   9%|▊         | 30/344 [00:00<00:00, 1036.31it/s, Materializing param=convnext.encoder.stages.0.layers.2.pwconv1.bias]    
Loading weights:   9%|▊         | 30/344 [00:00<00:00, 1032.07it/s, Materializing param=convnext.encoder.stages.0.layers.2.pwconv1.bias]
Loading weights:   9%|▉         | 31/344 [00:00<00:00, 1055.03it/s, Materializing param=convnext.encoder.stages.0.layers.2.pwconv1.weight]
Loading weights:   9%|▉         | 31/344 [00:00<00:00, 1049.92it/s, Materializing param=convnext.encoder.stages.0.layers.2.pwconv1.weight]
Loading weights:   9%|▉         | 32/344 [00:00<00:00, 1075.36it/s, Materializing param=convnext.encoder.stages.0.layers.2.pwconv2.bias]  
Loading weights:   9%|▉         | 32/344 [00:00<00:00, 1071.23it/s, Materializing param=convnext.encoder.stages.0.layers.2.pwconv2.bias]
Loading weights:  10%|▉         | 33/344 [00:00<00:00, 1093.24it/s, Materializing param=convnext.encoder.stages.0.layers.2.pwconv2.weight]
Loading weights:  10%|▉         | 33/344 [00:00<00:00, 1089.49it/s, Materializing param=convnext.encoder.stages.0.layers.2.pwconv2.weight]
Loading weights:  10%|▉         | 34/344 [00:00<00:00, 1114.60it/s, Materializing param=convnext.encoder.stages.1.downsampling_layer.0.bias]
Loading weights:  10%|▉         | 34/344 [00:00<00:00, 1110.62it/s, Materializing param=convnext.encoder.stages.1.downsampling_layer.0.bias]
Loading weights:  10%|█         | 35/344 [00:00<00:00, 1135.45it/s, Materializing param=convnext.encoder.stages.1.downsampling_layer.0.weight]
Loading weights:  10%|█         | 35/344 [00:00<00:00, 1131.25it/s, Materializing param=convnext.encoder.stages.1.downsampling_layer.0.weight]
Loading weights:  10%|█         | 36/344 [00:00<00:00, 1156.12it/s, Materializing param=convnext.encoder.stages.1.downsampling_layer.1.bias]  
Loading weights:  10%|█         | 36/344 [00:00<00:00, 1152.03it/s, Materializing param=convnext.encoder.stages.1.downsampling_layer.1.bias]
Loading weights:  11%|█         | 37/344 [00:00<00:00, 1176.18it/s, Materializing param=convnext.encoder.stages.1.downsampling_layer.1.weight]
Loading weights:  11%|█         | 37/344 [00:00<00:00, 1172.43it/s, Materializing param=convnext.encoder.stages.1.downsampling_layer.1.weight]
Loading weights:  11%|█         | 38/344 [00:00<00:00, 1196.52it/s, Materializing param=convnext.encoder.stages.1.layers.0.dwconv.bias]       
Loading weights:  11%|█         | 38/344 [00:00<00:00, 1192.57it/s, Materializing param=convnext.encoder.stages.1.layers.0.dwconv.bias]
Loading weights:  11%|█▏        | 39/344 [00:00<00:00, 1216.39it/s, Materializing param=convnext.encoder.stages.1.layers.0.dwconv.weight]
Loading weights:  11%|█▏        | 39/344 [00:00<00:00, 1212.52it/s, Materializing param=convnext.encoder.stages.1.layers.0.dwconv.weight]
Loading weights:  12%|█▏        | 40/344 [00:00<00:00, 1235.40it/s, Materializing param=convnext.encoder.stages.1.layers.0.layer_scale_parameter]
Loading weights:  12%|█▏        | 40/344 [00:00<00:00, 1230.94it/s, Materializing param=convnext.encoder.stages.1.layers.0.layer_scale_parameter]
Loading weights:  12%|█▏        | 41/344 [00:00<00:00, 1254.14it/s, Materializing param=convnext.encoder.stages.1.layers.0.layernorm.bias]       
Loading weights:  12%|█▏        | 41/344 [00:00<00:00, 1249.89it/s, Materializing param=convnext.encoder.stages.1.layers.0.layernorm.bias]
Loading weights:  12%|█▏        | 42/344 [00:00<00:00, 1271.96it/s, Materializing param=convnext.encoder.stages.1.layers.0.layernorm.weight]
Loading weights:  12%|█▏        | 42/344 [00:00<00:00, 1268.03it/s, Materializing param=convnext.encoder.stages.1.layers.0.layernorm.weight]
Loading weights:  12%|█▎        | 43/344 [00:00<00:00, 1289.89it/s, Materializing param=convnext.encoder.stages.1.layers.0.pwconv1.bias]    
Loading weights:  12%|█▎        | 43/344 [00:00<00:00, 1283.80it/s, Materializing param=convnext.encoder.stages.1.layers.0.pwconv1.bias]
Loading weights:  13%|█▎        | 44/344 [00:00<00:00, 1305.92it/s, Materializing param=convnext.encoder.stages.1.layers.0.pwconv1.weight]
Loading weights:  13%|█▎        | 44/344 [00:00<00:00, 1302.11it/s, Materializing param=convnext.encoder.stages.1.layers.0.pwconv1.weight]
Loading weights:  13%|█▎        | 45/344 [00:00<00:00, 1323.51it/s, Materializing param=convnext.encoder.stages.1.layers.0.pwconv2.bias]  
Loading weights:  13%|█▎        | 45/344 [00:00<00:00, 1319.25it/s, Materializing param=convnext.encoder.stages.1.layers.0.pwconv2.bias]
Loading weights:  13%|█▎        | 46/344 [00:00<00:00, 1341.32it/s, Materializing param=convnext.encoder.stages.1.layers.0.pwconv2.weight]
Loading weights:  13%|█▎        | 46/344 [00:00<00:00, 1337.58it/s, Materializing param=convnext.encoder.stages.1.layers.0.pwconv2.weight]
Loading weights:  14%|█▎        | 47/344 [00:00<00:00, 1357.44it/s, Materializing param=convnext.encoder.stages.1.layers.1.dwconv.bias]   
Loading weights:  14%|█▎        | 47/344 [00:00<00:00, 1353.05it/s, Materializing param=convnext.encoder.stages.1.layers.1.dwconv.bias]
Loading weights:  14%|█▍        | 48/344 [00:00<00:00, 1374.00it/s, Materializing param=convnext.encoder.stages.1.layers.1.dwconv.weight]
Loading weights:  14%|█▍        | 48/344 [00:00<00:00, 1370.03it/s, Materializing param=convnext.encoder.stages.1.layers.1.dwconv.weight]
Loading weights:  14%|█▍        | 49/344 [00:00<00:00, 1389.90it/s, Materializing param=convnext.encoder.stages.1.layers.1.layer_scale_parameter]
Loading weights:  14%|█▍        | 49/344 [00:00<00:00, 1385.87it/s, Materializing param=convnext.encoder.stages.1.layers.1.layer_scale_parameter]
Loading weights:  15%|█▍        | 50/344 [00:00<00:00, 1405.75it/s, Materializing param=convnext.encoder.stages.1.layers.1.layernorm.bias]       
Loading weights:  15%|█▍        | 50/344 [00:00<00:00, 1400.95it/s, Materializing param=convnext.encoder.stages.1.layers.1.layernorm.bias]
Loading weights:  15%|█▍        | 51/344 [00:00<00:00, 1420.16it/s, Materializing param=convnext.encoder.stages.1.layers.1.layernorm.weight]
Loading weights:  15%|█▍        | 51/344 [00:00<00:00, 1415.71it/s, Materializing param=convnext.encoder.stages.1.layers.1.layernorm.weight]
Loading weights:  15%|█▌        | 52/344 [00:00<00:00, 1435.81it/s, Materializing param=convnext.encoder.stages.1.layers.1.pwconv1.bias]    
Loading weights:  15%|█▌        | 52/344 [00:00<00:00, 1431.83it/s, Materializing param=convnext.encoder.stages.1.layers.1.pwconv1.bias]
Loading weights:  15%|█▌        | 53/344 [00:00<00:00, 1450.42it/s, Materializing param=convnext.encoder.stages.1.layers.1.pwconv1.weight]
Loading weights:  15%|█▌        | 53/344 [00:00<00:00, 1446.39it/s, Materializing param=convnext.encoder.stages.1.layers.1.pwconv1.weight]
Loading weights:  16%|█▌        | 54/344 [00:00<00:00, 1465.68it/s, Materializing param=convnext.encoder.stages.1.layers.1.pwconv2.bias]  
Loading weights:  16%|█▌        | 54/344 [00:00<00:00, 1461.23it/s, Materializing param=convnext.encoder.stages.1.layers.1.pwconv2.bias]
Loading weights:  16%|█▌        | 55/344 [00:00<00:00, 1480.01it/s, Materializing param=convnext.encoder.stages.1.layers.1.pwconv2.weight]
Loading weights:  16%|█▌        | 55/344 [00:00<00:00, 1475.87it/s, Materializing param=convnext.encoder.stages.1.layers.1.pwconv2.weight]
Loading weights:  16%|█▋        | 56/344 [00:00<00:00, 1494.11it/s, Materializing param=convnext.encoder.stages.1.layers.2.dwconv.bias]   
Loading weights:  16%|█▋        | 56/344 [00:00<00:00, 1489.99it/s, Materializing param=convnext.encoder.stages.1.layers.2.dwconv.bias]
Loading weights:  17%|█▋        | 57/344 [00:00<00:00, 1508.49it/s, Materializing param=convnext.encoder.stages.1.layers.2.dwconv.weight]
Loading weights:  17%|█▋        | 57/344 [00:00<00:00, 1504.43it/s, Materializing param=convnext.encoder.stages.1.layers.2.dwconv.weight]
Loading weights:  17%|█▋        | 58/344 [00:00<00:00, 1522.54it/s, Materializing param=convnext.encoder.stages.1.layers.2.layer_scale_parameter]
Loading weights:  17%|█▋        | 58/344 [00:00<00:00, 1518.54it/s, Materializing param=convnext.encoder.stages.1.layers.2.layer_scale_parameter]
Loading weights:  17%|█▋        | 59/344 [00:00<00:00, 1537.30it/s, Materializing param=convnext.encoder.stages.1.layers.2.layernorm.bias]       
Loading weights:  17%|█▋        | 59/344 [00:00<00:00, 1532.60it/s, Materializing param=convnext.encoder.stages.1.layers.2.layernorm.bias]
Loading weights:  17%|█▋        | 60/344 [00:00<00:00, 1550.54it/s, Materializing param=convnext.encoder.stages.1.layers.2.layernorm.weight]
Loading weights:  17%|█▋        | 60/344 [00:00<00:00, 1546.24it/s, Materializing param=convnext.encoder.stages.1.layers.2.layernorm.weight]
Loading weights:  18%|█▊        | 61/344 [00:00<00:00, 1563.59it/s, Materializing param=convnext.encoder.stages.1.layers.2.pwconv1.bias]    
Loading weights:  18%|█▊        | 61/344 [00:00<00:00, 1559.69it/s, Materializing param=convnext.encoder.stages.1.layers.2.pwconv1.bias]
Loading weights:  18%|█▊        | 62/344 [00:00<00:00, 1577.14it/s, Materializing param=convnext.encoder.stages.1.layers.2.pwconv1.weight]
Loading weights:  18%|█▊        | 62/344 [00:00<00:00, 1572.85it/s, Materializing param=convnext.encoder.stages.1.layers.2.pwconv1.weight]
Loading weights:  18%|█▊        | 63/344 [00:00<00:00, 1589.40it/s, Materializing param=convnext.encoder.stages.1.layers.2.pwconv2.bias]  
Loading weights:  18%|█▊        | 63/344 [00:00<00:00, 1585.42it/s, Materializing param=convnext.encoder.stages.1.layers.2.pwconv2.bias]
Loading weights:  19%|█▊        | 64/344 [00:00<00:00, 1602.29it/s, Materializing param=convnext.encoder.stages.1.layers.2.pwconv2.weight]
Loading weights:  19%|█▊        | 64/344 [00:00<00:00, 1597.44it/s, Materializing param=convnext.encoder.stages.1.layers.2.pwconv2.weight]
Loading weights:  19%|█▉        | 65/344 [00:00<00:00, 1614.52it/s, Materializing param=convnext.encoder.stages.2.downsampling_layer.0.bias]
Loading weights:  19%|█▉        | 65/344 [00:00<00:00, 1610.64it/s, Materializing param=convnext.encoder.stages.2.downsampling_layer.0.bias]
Loading weights:  19%|█▉        | 66/344 [00:00<00:00, 1626.52it/s, Materializing param=convnext.encoder.stages.2.downsampling_layer.0.weight]
Loading weights:  19%|█▉        | 66/344 [00:00<00:00, 1621.86it/s, Materializing param=convnext.encoder.stages.2.downsampling_layer.0.weight]
Loading weights:  19%|█▉        | 67/344 [00:00<00:00, 1638.65it/s, Materializing param=convnext.encoder.stages.2.downsampling_layer.1.bias]  
Loading weights:  19%|█▉        | 67/344 [00:00<00:00, 1634.17it/s, Materializing param=convnext.encoder.stages.2.downsampling_layer.1.bias]
Loading weights:  20%|█▉        | 68/344 [00:00<00:00, 1650.88it/s, Materializing param=convnext.encoder.stages.2.downsampling_layer.1.weight]
Loading weights:  20%|█▉        | 68/344 [00:00<00:00, 1646.91it/s, Materializing param=convnext.encoder.stages.2.downsampling_layer.1.weight]
Loading weights:  20%|██        | 69/344 [00:00<00:00, 1662.75it/s, Materializing param=convnext.encoder.stages.2.layers.0.dwconv.bias]       
Loading weights:  20%|██        | 69/344 [00:00<00:00, 1658.71it/s, Materializing param=convnext.encoder.stages.2.layers.0.dwconv.bias]
Loading weights:  20%|██        | 70/344 [00:00<00:00, 1674.84it/s, Materializing param=convnext.encoder.stages.2.layers.0.dwconv.weight]
Loading weights:  20%|██        | 70/344 [00:00<00:00, 1670.47it/s, Materializing param=convnext.encoder.stages.2.layers.0.dwconv.weight]
Loading weights:  21%|██        | 71/344 [00:00<00:00, 1686.10it/s, Materializing param=convnext.encoder.stages.2.layers.0.layer_scale_parameter]
Loading weights:  21%|██        | 71/344 [00:00<00:00, 1682.16it/s, Materializing param=convnext.encoder.stages.2.layers.0.layer_scale_parameter]
Loading weights:  21%|██        | 72/344 [00:00<00:00, 1697.86it/s, Materializing param=convnext.encoder.stages.2.layers.0.layernorm.bias]       
Loading weights:  21%|██        | 72/344 [00:00<00:00, 1692.81it/s, Materializing param=convnext.encoder.stages.2.layers.0.layernorm.bias]
Loading weights:  21%|██        | 73/344 [00:00<00:00, 1708.23it/s, Materializing param=convnext.encoder.stages.2.layers.0.layernorm.weight]
Loading weights:  21%|██        | 73/344 [00:00<00:00, 1704.03it/s, Materializing param=convnext.encoder.stages.2.layers.0.layernorm.weight]
Loading weights:  22%|██▏       | 74/344 [00:00<00:00, 1719.21it/s, Materializing param=convnext.encoder.stages.2.layers.0.pwconv1.bias]    
Loading weights:  22%|██▏       | 74/344 [00:00<00:00, 1715.23it/s, Materializing param=convnext.encoder.stages.2.layers.0.pwconv1.bias]
Loading weights:  22%|██▏       | 75/344 [00:00<00:00, 1730.34it/s, Materializing param=convnext.encoder.stages.2.layers.0.pwconv1.weight]
Loading weights:  22%|██▏       | 75/344 [00:00<00:00, 1724.85it/s, Materializing param=convnext.encoder.stages.2.layers.0.pwconv1.weight]
Loading weights:  22%|██▏       | 76/344 [00:00<00:00, 1740.13it/s, Materializing param=convnext.encoder.stages.2.layers.0.pwconv2.bias]  
Loading weights:  22%|██▏       | 76/344 [00:00<00:00, 1736.26it/s, Materializing param=convnext.encoder.stages.2.layers.0.pwconv2.bias]
Loading weights:  22%|██▏       | 77/344 [00:00<00:00, 1750.60it/s, Materializing param=convnext.encoder.stages.2.layers.0.pwconv2.weight]
Loading weights:  22%|██▏       | 77/344 [00:00<00:00, 1746.49it/s, Materializing param=convnext.encoder.stages.2.layers.0.pwconv2.weight]
Loading weights:  23%|██▎       | 78/344 [00:00<00:00, 1761.17it/s, Materializing param=convnext.encoder.stages.2.layers.1.dwconv.bias]   
Loading weights:  23%|██▎       | 78/344 [00:00<00:00, 1757.32it/s, Materializing param=convnext.encoder.stages.2.layers.1.dwconv.bias]
Loading weights:  23%|██▎       | 79/344 [00:00<00:00, 1771.10it/s, Materializing param=convnext.encoder.stages.2.layers.1.dwconv.weight]
Loading weights:  23%|██▎       | 79/344 [00:00<00:00, 1765.71it/s, Materializing param=convnext.encoder.stages.2.layers.1.dwconv.weight]
Loading weights:  23%|██▎       | 80/344 [00:00<00:00, 1780.00it/s, Materializing param=convnext.encoder.stages.2.layers.1.layer_scale_parameter]
Loading weights:  23%|██▎       | 80/344 [00:00<00:00, 1776.04it/s, Materializing param=convnext.encoder.stages.2.layers.1.layer_scale_parameter]
Loading weights:  24%|██▎       | 81/344 [00:00<00:00, 1790.01it/s, Materializing param=convnext.encoder.stages.2.layers.1.layernorm.bias]       
Loading weights:  24%|██▎       | 81/344 [00:00<00:00, 1786.03it/s, Materializing param=convnext.encoder.stages.2.layers.1.layernorm.bias]
Loading weights:  24%|██▍       | 82/344 [00:00<00:00, 1799.76it/s, Materializing param=convnext.encoder.stages.2.layers.1.layernorm.weight]
Loading weights:  24%|██▍       | 82/344 [00:00<00:00, 1795.55it/s, Materializing param=convnext.encoder.stages.2.layers.1.layernorm.weight]
Loading weights:  24%|██▍       | 83/344 [00:00<00:00, 1808.20it/s, Materializing param=convnext.encoder.stages.2.layers.1.pwconv1.bias]    
Loading weights:  24%|██▍       | 83/344 [00:00<00:00, 1803.93it/s, Materializing param=convnext.encoder.stages.2.layers.1.pwconv1.bias]
Loading weights:  24%|██▍       | 84/344 [00:00<00:00, 1817.98it/s, Materializing param=convnext.encoder.stages.2.layers.1.pwconv1.weight]
Loading weights:  24%|██▍       | 84/344 [00:00<00:00, 1813.56it/s, Materializing param=convnext.encoder.stages.2.layers.1.pwconv1.weight]
Loading weights:  25%|██▍       | 85/344 [00:00<00:00, 1826.71it/s, Materializing param=convnext.encoder.stages.2.layers.1.pwconv2.bias]  
Loading weights:  25%|██▍       | 85/344 [00:00<00:00, 1822.53it/s, Materializing param=convnext.encoder.stages.2.layers.1.pwconv2.bias]
Loading weights:  25%|██▌       | 86/344 [00:00<00:00, 1836.31it/s, Materializing param=convnext.encoder.stages.2.layers.1.pwconv2.weight]
Loading weights:  25%|██▌       | 86/344 [00:00<00:00, 1832.09it/s, Materializing param=convnext.encoder.stages.2.layers.1.pwconv2.weight]
Loading weights:  25%|██▌       | 87/344 [00:00<00:00, 1845.98it/s, Materializing param=convnext.encoder.stages.2.layers.2.dwconv.bias]   
Loading weights:  25%|██▌       | 87/344 [00:00<00:00, 1842.13it/s, Materializing param=convnext.encoder.stages.2.layers.2.dwconv.bias]
Loading weights:  26%|██▌       | 88/344 [00:00<00:00, 1855.69it/s, Materializing param=convnext.encoder.stages.2.layers.2.dwconv.weight]
Loading weights:  26%|██▌       | 88/344 [00:00<00:00, 1851.02it/s, Materializing param=convnext.encoder.stages.2.layers.2.dwconv.weight]
Loading weights:  26%|██▌       | 89/344 [00:00<00:00, 1863.95it/s, Materializing param=convnext.encoder.stages.2.layers.2.layer_scale_parameter]
Loading weights:  26%|██▌       | 89/344 [00:00<00:00, 1859.99it/s, Materializing param=convnext.encoder.stages.2.layers.2.layer_scale_parameter]
Loading weights:  26%|██▌       | 90/344 [00:00<00:00, 1873.05it/s, Materializing param=convnext.encoder.stages.2.layers.2.layernorm.bias]       
Loading weights:  26%|██▌       | 90/344 [00:00<00:00, 1868.33it/s, Materializing param=convnext.encoder.stages.2.layers.2.layernorm.bias]
Loading weights:  26%|██▋       | 91/344 [00:00<00:00, 1881.12it/s, Materializing param=convnext.encoder.stages.2.layers.2.layernorm.weight]
Loading weights:  26%|██▋       | 91/344 [00:00<00:00, 1874.61it/s, Materializing param=convnext.encoder.stages.2.layers.2.layernorm.weight]
Loading weights:  27%|██▋       | 92/344 [00:00<00:00, 1886.79it/s, Materializing param=convnext.encoder.stages.2.layers.2.pwconv1.bias]    
Loading weights:  27%|██▋       | 92/344 [00:00<00:00, 1883.01it/s, Materializing param=convnext.encoder.stages.2.layers.2.pwconv1.bias]
Loading weights:  27%|██▋       | 93/344 [00:00<00:00, 1895.11it/s, Materializing param=convnext.encoder.stages.2.layers.2.pwconv1.weight]
Loading weights:  27%|██▋       | 93/344 [00:00<00:00, 1890.93it/s, Materializing param=convnext.encoder.stages.2.layers.2.pwconv1.weight]
Loading weights:  27%|██▋       | 94/344 [00:00<00:00, 1903.38it/s, Materializing param=convnext.encoder.stages.2.layers.2.pwconv2.bias]  
Loading weights:  27%|██▋       | 94/344 [00:00<00:00, 1899.10it/s, Materializing param=convnext.encoder.stages.2.layers.2.pwconv2.bias]
Loading weights:  28%|██▊       | 95/344 [00:00<00:00, 1911.74it/s, Materializing param=convnext.encoder.stages.2.layers.2.pwconv2.weight]
Loading weights:  28%|██▊       | 95/344 [00:00<00:00, 1907.21it/s, Materializing param=convnext.encoder.stages.2.layers.2.pwconv2.weight]
Loading weights:  28%|██▊       | 96/344 [00:00<00:00, 1918.72it/s, Materializing param=convnext.encoder.stages.2.layers.3.dwconv.bias]   
Loading weights:  28%|██▊       | 96/344 [00:00<00:00, 1914.95it/s, Materializing param=convnext.encoder.stages.2.layers.3.dwconv.bias]
Loading weights:  28%|██▊       | 97/344 [00:00<00:00, 1927.27it/s, Materializing param=convnext.encoder.stages.2.layers.3.dwconv.weight]
Loading weights:  28%|██▊       | 97/344 [00:00<00:00, 1922.47it/s, Materializing param=convnext.encoder.stages.2.layers.3.dwconv.weight]
Loading weights:  28%|██▊       | 98/344 [00:00<00:00, 1936.28it/s, Materializing param=convnext.encoder.stages.2.layers.3.layer_scale_parameter]
Loading weights:  28%|██▊       | 98/344 [00:00<00:00, 1934.02it/s, Materializing param=convnext.encoder.stages.2.layers.3.layer_scale_parameter]
Loading weights:  29%|██▉       | 99/344 [00:00<00:00, 1949.90it/s, Materializing param=convnext.encoder.stages.2.layers.3.layernorm.bias]       
Loading weights:  29%|██▉       | 99/344 [00:00<00:00, 1947.97it/s, Materializing param=convnext.encoder.stages.2.layers.3.layernorm.bias]
Loading weights:  29%|██▉       | 100/344 [00:00<00:00, 1964.08it/s, Materializing param=convnext.encoder.stages.2.layers.3.layernorm.weight]
Loading weights:  29%|██▉       | 100/344 [00:00<00:00, 1960.12it/s, Materializing param=convnext.encoder.stages.2.layers.3.layernorm.weight]
Loading weights:  29%|██▉       | 101/344 [00:00<00:00, 1971.28it/s, Materializing param=convnext.encoder.stages.2.layers.3.pwconv1.bias]    
Loading weights:  29%|██▉       | 101/344 [00:00<00:00, 1968.88it/s, Materializing param=convnext.encoder.stages.2.layers.3.pwconv1.bias]
Loading weights:  30%|██▉       | 102/344 [00:00<00:00, 1984.33it/s, Materializing param=convnext.encoder.stages.2.layers.3.pwconv1.weight]
Loading weights:  30%|██▉       | 102/344 [00:00<00:00, 1980.34it/s, Materializing param=convnext.encoder.stages.2.layers.3.pwconv1.weight]
Loading weights:  30%|██▉       | 103/344 [00:00<00:00, 1995.30it/s, Materializing param=convnext.encoder.stages.2.layers.3.pwconv2.bias]  
Loading weights:  30%|██▉       | 103/344 [00:00<00:00, 1993.39it/s, Materializing param=convnext.encoder.stages.2.layers.3.pwconv2.bias]
Loading weights:  30%|███       | 104/344 [00:00<00:00, 2009.24it/s, Materializing param=convnext.encoder.stages.2.layers.3.pwconv2.weight]
Loading weights:  30%|███       | 104/344 [00:00<00:00, 2007.40it/s, Materializing param=convnext.encoder.stages.2.layers.3.pwconv2.weight]
Loading weights:  31%|███       | 105/344 [00:00<00:00, 2020.38it/s, Materializing param=convnext.encoder.stages.2.layers.4.dwconv.bias]   
Loading weights:  31%|███       | 105/344 [00:00<00:00, 2015.44it/s, Materializing param=convnext.encoder.stages.2.layers.4.dwconv.bias]
Loading weights:  31%|███       | 106/344 [00:00<00:00, 2029.80it/s, Materializing param=convnext.encoder.stages.2.layers.4.dwconv.weight]
Loading weights:  31%|███       | 106/344 [00:00<00:00, 2027.80it/s, Materializing param=convnext.encoder.stages.2.layers.4.dwconv.weight]
Loading weights:  31%|███       | 107/344 [00:00<00:00, 2043.28it/s, Materializing param=convnext.encoder.stages.2.layers.4.layer_scale_parameter]
Loading weights:  31%|███       | 107/344 [00:00<00:00, 2041.38it/s, Materializing param=convnext.encoder.stages.2.layers.4.layer_scale_parameter]
Loading weights:  31%|███▏      | 108/344 [00:00<00:00, 2054.20it/s, Materializing param=convnext.encoder.stages.2.layers.4.layernorm.bias]       
Loading weights:  31%|███▏      | 108/344 [00:00<00:00, 2052.14it/s, Materializing param=convnext.encoder.stages.2.layers.4.layernorm.bias]
Loading weights:  32%|███▏      | 109/344 [00:00<00:00, 2067.41it/s, Materializing param=convnext.encoder.stages.2.layers.4.layernorm.weight]
Loading weights:  32%|███▏      | 109/344 [00:00<00:00, 2065.53it/s, Materializing param=convnext.encoder.stages.2.layers.4.layernorm.weight]
Loading weights:  32%|███▏      | 110/344 [00:00<00:00, 2075.97it/s, Materializing param=convnext.encoder.stages.2.layers.4.pwconv1.bias]    
Loading weights:  32%|███▏      | 110/344 [00:00<00:00, 2072.06it/s, Materializing param=convnext.encoder.stages.2.layers.4.pwconv1.bias]
Loading weights:  32%|███▏      | 111/344 [00:00<00:00, 2086.46it/s, Materializing param=convnext.encoder.stages.2.layers.4.pwconv1.weight]
Loading weights:  32%|███▏      | 111/344 [00:00<00:00, 2084.51it/s, Materializing param=convnext.encoder.stages.2.layers.4.pwconv1.weight]
Loading weights:  33%|███▎      | 112/344 [00:00<00:00, 2099.70it/s, Materializing param=convnext.encoder.stages.2.layers.4.pwconv2.bias]  
Loading weights:  33%|███▎      | 112/344 [00:00<00:00, 2097.87it/s, Materializing param=convnext.encoder.stages.2.layers.4.pwconv2.bias]
Loading weights:  33%|███▎      | 113/344 [00:00<00:00, 2110.86it/s, Materializing param=convnext.encoder.stages.2.layers.4.pwconv2.weight]
Loading weights:  33%|███▎      | 113/344 [00:00<00:00, 2108.66it/s, Materializing param=convnext.encoder.stages.2.layers.4.pwconv2.weight]
Loading weights:  33%|███▎      | 114/344 [00:00<00:00, 2123.59it/s, Materializing param=convnext.encoder.stages.2.layers.5.dwconv.bias]   
Loading weights:  33%|███▎      | 114/344 [00:00<00:00, 2120.21it/s, Materializing param=convnext.encoder.stages.2.layers.5.dwconv.bias]
Loading weights:  33%|███▎      | 115/344 [00:00<00:00, 2129.91it/s, Materializing param=convnext.encoder.stages.2.layers.5.dwconv.weight]
Loading weights:  33%|███▎      | 115/344 [00:00<00:00, 2127.51it/s, Materializing param=convnext.encoder.stages.2.layers.5.dwconv.weight]
Loading weights:  34%|███▎      | 116/344 [00:00<00:00, 2141.99it/s, Materializing param=convnext.encoder.stages.2.layers.5.layer_scale_parameter]
Loading weights:  34%|███▎      | 116/344 [00:00<00:00, 2140.01it/s, Materializing param=convnext.encoder.stages.2.layers.5.layer_scale_parameter]
Loading weights:  34%|███▍      | 117/344 [00:00<00:00, 2154.90it/s, Materializing param=convnext.encoder.stages.2.layers.5.layernorm.bias]       
Loading weights:  34%|███▍      | 117/344 [00:00<00:00, 2153.05it/s, Materializing param=convnext.encoder.stages.2.layers.5.layernorm.bias]
Loading weights:  34%|███▍      | 118/344 [00:00<00:00, 2167.92it/s, Materializing param=convnext.encoder.stages.2.layers.5.layernorm.weight]
Loading weights:  34%|███▍      | 118/344 [00:00<00:00, 2163.65it/s, Materializing param=convnext.encoder.stages.2.layers.5.layernorm.weight]
Loading weights:  35%|███▍      | 119/344 [00:00<00:00, 2177.77it/s, Materializing param=convnext.encoder.stages.2.layers.5.pwconv1.bias]    
Loading weights:  35%|███▍      | 119/344 [00:00<00:00, 2173.48it/s, Materializing param=convnext.encoder.stages.2.layers.5.pwconv1.bias]
Loading weights:  35%|███▍      | 120/344 [00:00<00:00, 2183.04it/s, Materializing param=convnext.encoder.stages.2.layers.5.pwconv1.weight]
Loading weights:  35%|███▍      | 120/344 [00:00<00:00, 2180.71it/s, Materializing param=convnext.encoder.stages.2.layers.5.pwconv1.weight]
Loading weights:  35%|███▌      | 121/344 [00:00<00:00, 2194.98it/s, Materializing param=convnext.encoder.stages.2.layers.5.pwconv2.bias]  
Loading weights:  35%|███▌      | 121/344 [00:00<00:00, 2193.08it/s, Materializing param=convnext.encoder.stages.2.layers.5.pwconv2.bias]
Loading weights:  35%|███▌      | 122/344 [00:00<00:00, 2207.69it/s, Materializing param=convnext.encoder.stages.2.layers.5.pwconv2.weight]
Loading weights:  35%|███▌      | 122/344 [00:00<00:00, 2205.65it/s, Materializing param=convnext.encoder.stages.2.layers.5.pwconv2.weight]
Loading weights:  36%|███▌      | 123/344 [00:00<00:00, 2220.14it/s, Materializing param=convnext.encoder.stages.2.layers.6.dwconv.bias]   
Loading weights:  36%|███▌      | 123/344 [00:00<00:00, 2216.19it/s, Materializing param=convnext.encoder.stages.2.layers.6.dwconv.bias]
Loading weights:  36%|███▌      | 124/344 [00:00<00:00, 2228.69it/s, Materializing param=convnext.encoder.stages.2.layers.6.dwconv.weight]
Loading weights:  36%|███▌      | 124/344 [00:00<00:00, 2224.18it/s, Materializing param=convnext.encoder.stages.2.layers.6.dwconv.weight]
Loading weights:  36%|███▋      | 125/344 [00:00<00:00, 2234.56it/s, Materializing param=convnext.encoder.stages.2.layers.6.layer_scale_parameter]
Loading weights:  36%|███▋      | 125/344 [00:00<00:00, 2232.26it/s, Materializing param=convnext.encoder.stages.2.layers.6.layer_scale_parameter]
Loading weights:  37%|███▋      | 126/344 [00:00<00:00, 2246.18it/s, Materializing param=convnext.encoder.stages.2.layers.6.layernorm.bias]       
Loading weights:  37%|███▋      | 126/344 [00:00<00:00, 2244.26it/s, Materializing param=convnext.encoder.stages.2.layers.6.layernorm.bias]
Loading weights:  37%|███▋      | 127/344 [00:00<00:00, 2258.44it/s, Materializing param=convnext.encoder.stages.2.layers.6.layernorm.weight]
Loading weights:  37%|███▋      | 127/344 [00:00<00:00, 2256.55it/s, Materializing param=convnext.encoder.stages.2.layers.6.layernorm.weight]
Loading weights:  37%|███▋      | 128/344 [00:00<00:00, 2270.78it/s, Materializing param=convnext.encoder.stages.2.layers.6.pwconv1.bias]    
Loading weights:  37%|███▋      | 128/344 [00:00<00:00, 2268.90it/s, Materializing param=convnext.encoder.stages.2.layers.6.pwconv1.bias]
Loading weights:  38%|███▊      | 129/344 [00:00<00:00, 2279.05it/s, Materializing param=convnext.encoder.stages.2.layers.6.pwconv1.weight]
Loading weights:  38%|███▊      | 129/344 [00:00<00:00, 2274.78it/s, Materializing param=convnext.encoder.stages.2.layers.6.pwconv1.weight]
Loading weights:  38%|███▊      | 130/344 [00:00<00:00, 2285.23it/s, Materializing param=convnext.encoder.stages.2.layers.6.pwconv2.bias]  
Loading weights:  38%|███▊      | 130/344 [00:00<00:00, 2282.80it/s, Materializing param=convnext.encoder.stages.2.layers.6.pwconv2.bias]
Loading weights:  38%|███▊      | 131/344 [00:00<00:00, 2296.43it/s, Materializing param=convnext.encoder.stages.2.layers.6.pwconv2.weight]
Loading weights:  38%|███▊      | 131/344 [00:00<00:00, 2294.53it/s, Materializing param=convnext.encoder.stages.2.layers.6.pwconv2.weight]
Loading weights:  38%|███▊      | 132/344 [00:00<00:00, 2308.47it/s, Materializing param=convnext.encoder.stages.2.layers.7.dwconv.bias]   
Loading weights:  38%|███▊      | 132/344 [00:00<00:00, 2306.58it/s, Materializing param=convnext.encoder.stages.2.layers.7.dwconv.bias]
Loading weights:  39%|███▊      | 133/344 [00:00<00:00, 2320.50it/s, Materializing param=convnext.encoder.stages.2.layers.7.dwconv.weight]
Loading weights:  39%|███▊      | 133/344 [00:00<00:00, 2318.64it/s, Materializing param=convnext.encoder.stages.2.layers.7.dwconv.weight]
Loading weights:  39%|███▉      | 134/344 [00:00<00:00, 2329.85it/s, Materializing param=convnext.encoder.stages.2.layers.7.layer_scale_parameter]
Loading weights:  39%|███▉      | 134/344 [00:00<00:00, 2325.49it/s, Materializing param=convnext.encoder.stages.2.layers.7.layer_scale_parameter]
Loading weights:  39%|███▉      | 135/344 [00:00<00:00, 2335.41it/s, Materializing param=convnext.encoder.stages.2.layers.7.layernorm.bias]       
Loading weights:  39%|███▉      | 135/344 [00:00<00:00, 2333.16it/s, Materializing param=convnext.encoder.stages.2.layers.7.layernorm.bias]
Loading weights:  40%|███▉      | 136/344 [00:00<00:00, 2346.14it/s, Materializing param=convnext.encoder.stages.2.layers.7.layernorm.weight]
Loading weights:  40%|███▉      | 136/344 [00:00<00:00, 2344.14it/s, Materializing param=convnext.encoder.stages.2.layers.7.layernorm.weight]
Loading weights:  40%|███▉      | 137/344 [00:00<00:00, 2357.71it/s, Materializing param=convnext.encoder.stages.2.layers.7.pwconv1.bias]    
Loading weights:  40%|███▉      | 137/344 [00:00<00:00, 2355.82it/s, Materializing param=convnext.encoder.stages.2.layers.7.pwconv1.bias]
Loading weights:  40%|████      | 138/344 [00:00<00:00, 2369.48it/s, Materializing param=convnext.encoder.stages.2.layers.7.pwconv1.weight]
Loading weights:  40%|████      | 138/344 [00:00<00:00, 2367.60it/s, Materializing param=convnext.encoder.stages.2.layers.7.pwconv1.weight]
Loading weights:  40%|████      | 139/344 [00:00<00:00, 2381.17it/s, Materializing param=convnext.encoder.stages.2.layers.7.pwconv2.bias]  
Loading weights:  40%|████      | 139/344 [00:00<00:00, 2379.27it/s, Materializing param=convnext.encoder.stages.2.layers.7.pwconv2.bias]
Loading weights:  41%|████      | 140/344 [00:00<00:00, 2385.81it/s, Materializing param=convnext.encoder.stages.2.layers.7.pwconv2.weight]
Loading weights:  41%|████      | 140/344 [00:00<00:00, 2382.72it/s, Materializing param=convnext.encoder.stages.2.layers.7.pwconv2.weight]
Loading weights:  41%|████      | 141/344 [00:00<00:00, 2395.29it/s, Materializing param=convnext.encoder.stages.2.layers.8.dwconv.bias]   
Loading weights:  41%|████      | 141/344 [00:00<00:00, 2393.30it/s, Materializing param=convnext.encoder.stages.2.layers.8.dwconv.bias]
Loading weights:  41%|████▏     | 142/344 [00:00<00:00, 2406.11it/s, Materializing param=convnext.encoder.stages.2.layers.8.dwconv.weight]
Loading weights:  41%|████▏     | 142/344 [00:00<00:00, 2404.19it/s, Materializing param=convnext.encoder.stages.2.layers.8.dwconv.weight]
Loading weights:  42%|████▏     | 143/344 [00:00<00:00, 2417.51it/s, Materializing param=convnext.encoder.stages.2.layers.8.layer_scale_parameter]
Loading weights:  42%|████▏     | 143/344 [00:00<00:00, 2415.47it/s, Materializing param=convnext.encoder.stages.2.layers.8.layer_scale_parameter]
Loading weights:  42%|████▏     | 144/344 [00:00<00:00, 2428.70it/s, Materializing param=convnext.encoder.stages.2.layers.8.layernorm.bias]       
Loading weights:  42%|████▏     | 144/344 [00:00<00:00, 2426.77it/s, Materializing param=convnext.encoder.stages.2.layers.8.layernorm.bias]
Loading weights:  42%|████▏     | 145/344 [00:00<00:00, 2433.70it/s, Materializing param=convnext.encoder.stages.2.layers.8.layernorm.weight]
Loading weights:  42%|████▏     | 145/344 [00:00<00:00, 2430.50it/s, Materializing param=convnext.encoder.stages.2.layers.8.layernorm.weight]
Loading weights:  42%|████▏     | 146/344 [00:00<00:00, 2442.55it/s, Materializing param=convnext.encoder.stages.2.layers.8.pwconv1.bias]    
Loading weights:  42%|████▏     | 146/344 [00:00<00:00, 2440.48it/s, Materializing param=convnext.encoder.stages.2.layers.8.pwconv1.bias]
Loading weights:  43%|████▎     | 147/344 [00:00<00:00, 2453.41it/s, Materializing param=convnext.encoder.stages.2.layers.8.pwconv1.weight]
Loading weights:  43%|████▎     | 147/344 [00:00<00:00, 2451.18it/s, Materializing param=convnext.encoder.stages.2.layers.8.pwconv1.weight]
Loading weights:  43%|████▎     | 148/344 [00:00<00:00, 2464.10it/s, Materializing param=convnext.encoder.stages.2.layers.8.pwconv2.bias]  
Loading weights:  43%|████▎     | 148/344 [00:00<00:00, 2462.16it/s, Materializing param=convnext.encoder.stages.2.layers.8.pwconv2.bias]
Loading weights:  43%|████▎     | 149/344 [00:00<00:00, 2475.14it/s, Materializing param=convnext.encoder.stages.2.layers.8.pwconv2.weight]
Loading weights:  43%|████▎     | 149/344 [00:00<00:00, 2473.11it/s, Materializing param=convnext.encoder.stages.2.layers.8.pwconv2.weight]
Loading weights:  44%|████▎     | 150/344 [00:00<00:00, 2483.05it/s, Materializing param=convnext.encoder.stages.2.layers.9.dwconv.bias]   
Loading weights:  44%|████▎     | 150/344 [00:00<00:00, 2478.41it/s, Materializing param=convnext.encoder.stages.2.layers.9.dwconv.bias]
Loading weights:  44%|████▍     | 151/344 [00:00<00:00, 2490.00it/s, Materializing param=convnext.encoder.stages.2.layers.9.dwconv.weight]
Loading weights:  44%|████▍     | 151/344 [00:00<00:00, 2487.88it/s, Materializing param=convnext.encoder.stages.2.layers.9.dwconv.weight]
Loading weights:  44%|████▍     | 152/344 [00:00<00:00, 2500.56it/s, Materializing param=convnext.encoder.stages.2.layers.9.layer_scale_parameter]
Loading weights:  44%|████▍     | 152/344 [00:00<00:00, 2498.60it/s, Materializing param=convnext.encoder.stages.2.layers.9.layer_scale_parameter]
Loading weights:  44%|████▍     | 153/344 [00:00<00:00, 2511.21it/s, Materializing param=convnext.encoder.stages.2.layers.9.layernorm.bias]       
Loading weights:  44%|████▍     | 153/344 [00:00<00:00, 2509.23it/s, Materializing param=convnext.encoder.stages.2.layers.9.layernorm.bias]
Loading weights:  45%|████▍     | 154/344 [00:00<00:00, 2521.98it/s, Materializing param=convnext.encoder.stages.2.layers.9.layernorm.weight]
Loading weights:  45%|████▍     | 154/344 [00:00<00:00, 2520.06it/s, Materializing param=convnext.encoder.stages.2.layers.9.layernorm.weight]
Loading weights:  45%|████▌     | 155/344 [00:00<00:00, 2532.93it/s, Materializing param=convnext.encoder.stages.2.layers.9.pwconv1.bias]    
Loading weights:  45%|████▌     | 155/344 [00:00<00:00, 2528.82it/s, Materializing param=convnext.encoder.stages.2.layers.9.pwconv1.bias]
Loading weights:  45%|████▌     | 156/344 [00:00<00:00, 2535.47it/s, Materializing param=convnext.encoder.stages.2.layers.9.pwconv1.weight]
Loading weights:  45%|████▌     | 156/344 [00:00<00:00, 2532.99it/s, Materializing param=convnext.encoder.stages.2.layers.9.pwconv1.weight]
Loading weights:  46%|████▌     | 157/344 [00:00<00:00, 2545.17it/s, Materializing param=convnext.encoder.stages.2.layers.9.pwconv2.bias]  
Loading weights:  46%|████▌     | 157/344 [00:00<00:00, 2543.23it/s, Materializing param=convnext.encoder.stages.2.layers.9.pwconv2.bias]
Loading weights:  46%|████▌     | 158/344 [00:00<00:00, 2555.76it/s, Materializing param=convnext.encoder.stages.2.layers.9.pwconv2.weight]
Loading weights:  46%|████▌     | 158/344 [00:00<00:00, 2553.85it/s, Materializing param=convnext.encoder.stages.2.layers.9.pwconv2.weight]
Loading weights:  46%|████▌     | 159/344 [00:00<00:00, 2566.06it/s, Materializing param=convnext.encoder.stages.2.layers.10.dwconv.bias]  
Loading weights:  46%|████▌     | 159/344 [00:00<00:00, 2564.12it/s, Materializing param=convnext.encoder.stages.2.layers.10.dwconv.bias]
Loading weights:  47%|████▋     | 160/344 [00:00<00:00, 2576.56it/s, Materializing param=convnext.encoder.stages.2.layers.10.dwconv.weight]
Loading weights:  47%|████▋     | 160/344 [00:00<00:00, 2574.63it/s, Materializing param=convnext.encoder.stages.2.layers.10.dwconv.weight]
Loading weights:  47%|████▋     | 161/344 [00:00<00:00, 2580.93it/s, Materializing param=convnext.encoder.stages.2.layers.10.layer_scale_parameter]
Loading weights:  47%|████▋     | 161/344 [00:00<00:00, 2575.56it/s, Materializing param=convnext.encoder.stages.2.layers.10.layer_scale_parameter]
Loading weights:  47%|████▋     | 162/344 [00:00<00:00, 2586.50it/s, Materializing param=convnext.encoder.stages.2.layers.10.layernorm.bias]       
Loading weights:  47%|████▋     | 162/344 [00:00<00:00, 2584.36it/s, Materializing param=convnext.encoder.stages.2.layers.10.layernorm.bias]
Loading weights:  47%|████▋     | 163/344 [00:00<00:00, 2596.35it/s, Materializing param=convnext.encoder.stages.2.layers.10.layernorm.weight]
Loading weights:  47%|████▋     | 163/344 [00:00<00:00, 2594.35it/s, Materializing param=convnext.encoder.stages.2.layers.10.layernorm.weight]
Loading weights:  48%|████▊     | 164/344 [00:00<00:00, 2606.23it/s, Materializing param=convnext.encoder.stages.2.layers.10.pwconv1.bias]    
Loading weights:  48%|████▊     | 164/344 [00:00<00:00, 2604.19it/s, Materializing param=convnext.encoder.stages.2.layers.10.pwconv1.bias]
Loading weights:  48%|████▊     | 165/344 [00:00<00:00, 2616.23it/s, Materializing param=convnext.encoder.stages.2.layers.10.pwconv1.weight]
Loading weights:  48%|████▊     | 165/344 [00:00<00:00, 2611.77it/s, Materializing param=convnext.encoder.stages.2.layers.10.pwconv1.weight]
Loading weights:  48%|████▊     | 166/344 [00:00<00:00, 2619.18it/s, Materializing param=convnext.encoder.stages.2.layers.10.pwconv2.bias]  
Loading weights:  48%|████▊     | 166/344 [00:00<00:00, 2615.33it/s, Materializing param=convnext.encoder.stages.2.layers.10.pwconv2.bias]
Loading weights:  49%|████▊     | 167/344 [00:00<00:00, 2625.73it/s, Materializing param=convnext.encoder.stages.2.layers.10.pwconv2.weight]
Loading weights:  49%|████▊     | 167/344 [00:00<00:00, 2623.66it/s, Materializing param=convnext.encoder.stages.2.layers.10.pwconv2.weight]
Loading weights:  49%|████▉     | 168/344 [00:00<00:00, 2635.53it/s, Materializing param=convnext.encoder.stages.2.layers.11.dwconv.bias]   
Loading weights:  49%|████▉     | 168/344 [00:00<00:00, 2633.54it/s, Materializing param=convnext.encoder.stages.2.layers.11.dwconv.bias]
Loading weights:  49%|████▉     | 169/344 [00:00<00:00, 2645.51it/s, Materializing param=convnext.encoder.stages.2.layers.11.dwconv.weight]
Loading weights:  49%|████▉     | 169/344 [00:00<00:00, 2643.25it/s, Materializing param=convnext.encoder.stages.2.layers.11.dwconv.weight]
Loading weights:  49%|████▉     | 170/344 [00:00<00:00, 2653.74it/s, Materializing param=convnext.encoder.stages.2.layers.11.layer_scale_parameter]
Loading weights:  49%|████▉     | 170/344 [00:00<00:00, 2649.03it/s, Materializing param=convnext.encoder.stages.2.layers.11.layer_scale_parameter]
Loading weights:  50%|████▉     | 171/344 [00:00<00:00, 2657.25it/s, Materializing param=convnext.encoder.stages.2.layers.11.layernorm.bias]       
Loading weights:  50%|████▉     | 171/344 [00:00<00:00, 2655.01it/s, Materializing param=convnext.encoder.stages.2.layers.11.layernorm.bias]
Loading weights:  50%|█████     | 172/344 [00:00<00:00, 2663.92it/s, Materializing param=convnext.encoder.stages.2.layers.11.layernorm.weight]
Loading weights:  50%|█████     | 172/344 [00:00<00:00, 2661.66it/s, Materializing param=convnext.encoder.stages.2.layers.11.layernorm.weight]
Loading weights:  50%|█████     | 173/344 [00:00<00:00, 2673.16it/s, Materializing param=convnext.encoder.stages.2.layers.11.pwconv1.bias]    
Loading weights:  50%|█████     | 173/344 [00:00<00:00, 2671.15it/s, Materializing param=convnext.encoder.stages.2.layers.11.pwconv1.bias]
Loading weights:  51%|█████     | 174/344 [00:00<00:00, 2682.78it/s, Materializing param=convnext.encoder.stages.2.layers.11.pwconv1.weight]
Loading weights:  51%|█████     | 174/344 [00:00<00:00, 2680.82it/s, Materializing param=convnext.encoder.stages.2.layers.11.pwconv1.weight]
Loading weights:  51%|█████     | 175/344 [00:00<00:00, 2688.40it/s, Materializing param=convnext.encoder.stages.2.layers.11.pwconv2.bias]  
Loading weights:  51%|█████     | 175/344 [00:00<00:00, 2683.74it/s, Materializing param=convnext.encoder.stages.2.layers.11.pwconv2.bias]
Loading weights:  51%|█████     | 176/344 [00:00<00:00, 2694.01it/s, Materializing param=convnext.encoder.stages.2.layers.11.pwconv2.weight]
Loading weights:  51%|█████     | 176/344 [00:00<00:00, 2691.92it/s, Materializing param=convnext.encoder.stages.2.layers.11.pwconv2.weight]
Loading weights:  51%|█████▏    | 177/344 [00:00<00:00, 2701.07it/s, Materializing param=convnext.encoder.stages.2.layers.12.dwconv.bias]   
Loading weights:  51%|█████▏    | 177/344 [00:00<00:00, 2698.73it/s, Materializing param=convnext.encoder.stages.2.layers.12.dwconv.bias]
Loading weights:  52%|█████▏    | 178/344 [00:00<00:00, 2709.88it/s, Materializing param=convnext.encoder.stages.2.layers.12.dwconv.weight]
Loading weights:  52%|█████▏    | 178/344 [00:00<00:00, 2707.86it/s, Materializing param=convnext.encoder.stages.2.layers.12.dwconv.weight]
Loading weights:  52%|█████▏    | 179/344 [00:00<00:00, 2719.35it/s, Materializing param=convnext.encoder.stages.2.layers.12.layer_scale_parameter]
Loading weights:  52%|█████▏    | 179/344 [00:00<00:00, 2717.35it/s, Materializing param=convnext.encoder.stages.2.layers.12.layer_scale_parameter]
Loading weights:  52%|█████▏    | 180/344 [00:00<00:00, 2722.44it/s, Materializing param=convnext.encoder.stages.2.layers.12.layernorm.bias]       
Loading weights:  52%|█████▏    | 180/344 [00:00<00:00, 2719.26it/s, Materializing param=convnext.encoder.stages.2.layers.12.layernorm.bias]
Loading weights:  53%|█████▎    | 181/344 [00:00<00:00, 2729.76it/s, Materializing param=convnext.encoder.stages.2.layers.12.layernorm.weight]
Loading weights:  53%|█████▎    | 181/344 [00:00<00:00, 2727.65it/s, Materializing param=convnext.encoder.stages.2.layers.12.layernorm.weight]
Loading weights:  53%|█████▎    | 182/344 [00:00<00:00, 2736.62it/s, Materializing param=convnext.encoder.stages.2.layers.12.pwconv1.bias]    
Loading weights:  53%|█████▎    | 182/344 [00:00<00:00, 2734.20it/s, Materializing param=convnext.encoder.stages.2.layers.12.pwconv1.bias]
Loading weights:  53%|█████▎    | 183/344 [00:00<00:00, 2745.00it/s, Materializing param=convnext.encoder.stages.2.layers.12.pwconv1.weight]
Loading weights:  53%|█████▎    | 183/344 [00:00<00:00, 2742.87it/s, Materializing param=convnext.encoder.stages.2.layers.12.pwconv1.weight]
Loading weights:  53%|█████▎    | 184/344 [00:00<00:00, 2753.17it/s, Materializing param=convnext.encoder.stages.2.layers.12.pwconv2.bias]  
Loading weights:  53%|█████▎    | 184/344 [00:00<00:00, 2748.64it/s, Materializing param=convnext.encoder.stages.2.layers.12.pwconv2.bias]
Loading weights:  54%|█████▍    | 185/344 [00:00<00:00, 2755.65it/s, Materializing param=convnext.encoder.stages.2.layers.12.pwconv2.weight]
Loading weights:  54%|█████▍    | 185/344 [00:00<00:00, 2753.38it/s, Materializing param=convnext.encoder.stages.2.layers.12.pwconv2.weight]
Loading weights:  54%|█████▍    | 186/344 [00:00<00:00, 2764.29it/s, Materializing param=convnext.encoder.stages.2.layers.13.dwconv.bias]   
Loading weights:  54%|█████▍    | 186/344 [00:00<00:00, 2762.32it/s, Materializing param=convnext.encoder.stages.2.layers.13.dwconv.bias]
Loading weights:  54%|█████▍    | 187/344 [00:00<00:00, 2773.40it/s, Materializing param=convnext.encoder.stages.2.layers.13.dwconv.weight]
Loading weights:  54%|█████▍    | 187/344 [00:00<00:00, 2769.26it/s, Materializing param=convnext.encoder.stages.2.layers.13.dwconv.weight]
Loading weights:  55%|█████▍    | 188/344 [00:00<00:00, 2779.64it/s, Materializing param=convnext.encoder.stages.2.layers.13.layer_scale_parameter]
Loading weights:  55%|█████▍    | 188/344 [00:00<00:00, 2777.49it/s, Materializing param=convnext.encoder.stages.2.layers.13.layer_scale_parameter]
Loading weights:  55%|█████▍    | 189/344 [00:00<00:00, 2785.97it/s, Materializing param=convnext.encoder.stages.2.layers.13.layernorm.bias]       
Loading weights:  55%|█████▍    | 189/344 [00:00<00:00, 2781.78it/s, Materializing param=convnext.encoder.stages.2.layers.13.layernorm.bias]
Loading weights:  55%|█████▌    | 190/344 [00:00<00:00, 2789.51it/s, Materializing param=convnext.encoder.stages.2.layers.13.layernorm.weight]
Loading weights:  55%|█████▌    | 190/344 [00:00<00:00, 2787.34it/s, Materializing param=convnext.encoder.stages.2.layers.13.layernorm.weight]
Loading weights:  56%|█████▌    | 191/344 [00:00<00:00, 2798.14it/s, Materializing param=convnext.encoder.stages.2.layers.13.pwconv1.bias]    
Loading weights:  56%|█████▌    | 191/344 [00:00<00:00, 2796.17it/s, Materializing param=convnext.encoder.stages.2.layers.13.pwconv1.bias]
Loading weights:  56%|█████▌    | 192/344 [00:00<00:00, 2807.11it/s, Materializing param=convnext.encoder.stages.2.layers.13.pwconv1.weight]
Loading weights:  56%|█████▌    | 192/344 [00:00<00:00, 2803.06it/s, Materializing param=convnext.encoder.stages.2.layers.13.pwconv1.weight]
Loading weights:  56%|█████▌    | 193/344 [00:00<00:00, 2812.92it/s, Materializing param=convnext.encoder.stages.2.layers.13.pwconv2.bias]  
Loading weights:  56%|█████▌    | 193/344 [00:00<00:00, 2810.92it/s, Materializing param=convnext.encoder.stages.2.layers.13.pwconv2.bias]
Loading weights:  56%|█████▋    | 194/344 [00:00<00:00, 2816.42it/s, Materializing param=convnext.encoder.stages.2.layers.13.pwconv2.weight]
Loading weights:  56%|█████▋    | 194/344 [00:00<00:00, 2812.97it/s, Materializing param=convnext.encoder.stages.2.layers.13.pwconv2.weight]
Loading weights:  57%|█████▋    | 195/344 [00:00<00:00, 2822.79it/s, Materializing param=convnext.encoder.stages.2.layers.14.dwconv.bias]   
Loading weights:  57%|█████▋    | 195/344 [00:00<00:00, 2820.77it/s, Materializing param=convnext.encoder.stages.2.layers.14.dwconv.bias]
Loading weights:  57%|█████▋    | 196/344 [00:00<00:00, 2831.24it/s, Materializing param=convnext.encoder.stages.2.layers.14.dwconv.weight]
Loading weights:  57%|█████▋    | 196/344 [00:00<00:00, 2829.27it/s, Materializing param=convnext.encoder.stages.2.layers.14.dwconv.weight]
Loading weights:  57%|█████▋    | 197/344 [00:00<00:00, 2840.00it/s, Materializing param=convnext.encoder.stages.2.layers.14.layer_scale_parameter]
Loading weights:  57%|█████▋    | 197/344 [00:00<00:00, 2838.01it/s, Materializing param=convnext.encoder.stages.2.layers.14.layer_scale_parameter]
Loading weights:  58%|█████▊    | 198/344 [00:00<00:00, 2845.96it/s, Materializing param=convnext.encoder.stages.2.layers.14.layernorm.bias]       
Loading weights:  58%|█████▊    | 198/344 [00:00<00:00, 2842.74it/s, Materializing param=convnext.encoder.stages.2.layers.14.layernorm.bias]
Loading weights:  58%|█████▊    | 199/344 [00:00<00:00, 2848.17it/s, Materializing param=convnext.encoder.stages.2.layers.14.layernorm.weight]
Loading weights:  58%|█████▊    | 199/344 [00:00<00:00, 2844.96it/s, Materializing param=convnext.encoder.stages.2.layers.14.layernorm.weight]
Loading weights:  58%|█████▊    | 200/344 [00:00<00:00, 2854.69it/s, Materializing param=convnext.encoder.stages.2.layers.14.pwconv1.bias]    
Loading weights:  58%|█████▊    | 200/344 [00:00<00:00, 2852.61it/s, Materializing param=convnext.encoder.stages.2.layers.14.pwconv1.bias]
Loading weights:  58%|█████▊    | 201/344 [00:00<00:00, 2863.03it/s, Materializing param=convnext.encoder.stages.2.layers.14.pwconv1.weight]
Loading weights:  58%|█████▊    | 201/344 [00:00<00:00, 2861.07it/s, Materializing param=convnext.encoder.stages.2.layers.14.pwconv1.weight]
Loading weights:  59%|█████▊    | 202/344 [00:00<00:00, 2871.55it/s, Materializing param=convnext.encoder.stages.2.layers.14.pwconv2.bias]  
Loading weights:  59%|█████▊    | 202/344 [00:00<00:00, 2869.58it/s, Materializing param=convnext.encoder.stages.2.layers.14.pwconv2.bias]
Loading weights:  59%|█████▉    | 203/344 [00:00<00:00, 2877.41it/s, Materializing param=convnext.encoder.stages.2.layers.14.pwconv2.weight]
Loading weights:  59%|█████▉    | 203/344 [00:00<00:00, 2872.41it/s, Materializing param=convnext.encoder.stages.2.layers.14.pwconv2.weight]
Loading weights:  59%|█████▉    | 204/344 [00:00<00:00, 2878.13it/s, Materializing param=convnext.encoder.stages.2.layers.15.dwconv.bias]   
Loading weights:  59%|█████▉    | 204/344 [00:00<00:00, 2873.22it/s, Materializing param=convnext.encoder.stages.2.layers.15.dwconv.bias]
Loading weights:  60%|█████▉    | 205/344 [00:00<00:00, 2880.00it/s, Materializing param=convnext.encoder.stages.2.layers.15.dwconv.weight]
Loading weights:  60%|█████▉    | 205/344 [00:00<00:00, 2876.16it/s, Materializing param=convnext.encoder.stages.2.layers.15.dwconv.weight]
Loading weights:  60%|█████▉    | 206/344 [00:00<00:00, 2881.81it/s, Materializing param=convnext.encoder.stages.2.layers.15.layer_scale_parameter]
Loading weights:  60%|█████▉    | 206/344 [00:00<00:00, 2877.39it/s, Materializing param=convnext.encoder.stages.2.layers.15.layer_scale_parameter]
Loading weights:  60%|██████    | 207/344 [00:00<00:00, 2883.21it/s, Materializing param=convnext.encoder.stages.2.layers.15.layernorm.bias]       
Loading weights:  60%|██████    | 207/344 [00:00<00:00, 2878.75it/s, Materializing param=convnext.encoder.stages.2.layers.15.layernorm.bias]
Loading weights:  60%|██████    | 208/344 [00:00<00:00, 2884.49it/s, Materializing param=convnext.encoder.stages.2.layers.15.layernorm.weight]
Loading weights:  60%|██████    | 208/344 [00:00<00:00, 2880.27it/s, Materializing param=convnext.encoder.stages.2.layers.15.layernorm.weight]
Loading weights:  61%|██████    | 209/344 [00:00<00:00, 2885.54it/s, Materializing param=convnext.encoder.stages.2.layers.15.pwconv1.bias]    
Loading weights:  61%|██████    | 209/344 [00:00<00:00, 2880.56it/s, Materializing param=convnext.encoder.stages.2.layers.15.pwconv1.bias]
Loading weights:  61%|██████    | 210/344 [00:00<00:00, 2886.16it/s, Materializing param=convnext.encoder.stages.2.layers.15.pwconv1.weight]
Loading weights:  61%|██████    | 210/344 [00:00<00:00, 2881.72it/s, Materializing param=convnext.encoder.stages.2.layers.15.pwconv1.weight]
Loading weights:  61%|██████▏   | 211/344 [00:00<00:00, 2886.46it/s, Materializing param=convnext.encoder.stages.2.layers.15.pwconv2.bias]  
Loading weights:  61%|██████▏   | 211/344 [00:00<00:00, 2882.38it/s, Materializing param=convnext.encoder.stages.2.layers.15.pwconv2.bias]
Loading weights:  62%|██████▏   | 212/344 [00:00<00:00, 2887.77it/s, Materializing param=convnext.encoder.stages.2.layers.15.pwconv2.weight]
Loading weights:  62%|██████▏   | 212/344 [00:00<00:00, 2882.65it/s, Materializing param=convnext.encoder.stages.2.layers.15.pwconv2.weight]
Loading weights:  62%|██████▏   | 213/344 [00:00<00:00, 2887.01it/s, Materializing param=convnext.encoder.stages.2.layers.16.dwconv.bias]   
Loading weights:  62%|██████▏   | 213/344 [00:00<00:00, 2883.06it/s, Materializing param=convnext.encoder.stages.2.layers.16.dwconv.bias]
Loading weights:  62%|██████▏   | 214/344 [00:00<00:00, 2888.28it/s, Materializing param=convnext.encoder.stages.2.layers.16.dwconv.weight]
Loading weights:  62%|██████▏   | 214/344 [00:00<00:00, 2883.79it/s, Materializing param=convnext.encoder.stages.2.layers.16.dwconv.weight]
Loading weights:  62%|██████▎   | 215/344 [00:00<00:00, 2889.28it/s, Materializing param=convnext.encoder.stages.2.layers.16.layer_scale_parameter]
Loading weights:  62%|██████▎   | 215/344 [00:00<00:00, 2884.62it/s, Materializing param=convnext.encoder.stages.2.layers.16.layer_scale_parameter]
Loading weights:  63%|██████▎   | 216/344 [00:00<00:00, 2889.91it/s, Materializing param=convnext.encoder.stages.2.layers.16.layernorm.bias]       
Loading weights:  63%|██████▎   | 216/344 [00:00<00:00, 2885.82it/s, Materializing param=convnext.encoder.stages.2.layers.16.layernorm.bias]
Loading weights:  63%|██████▎   | 217/344 [00:00<00:00, 2891.49it/s, Materializing param=convnext.encoder.stages.2.layers.16.layernorm.weight]
Loading weights:  63%|██████▎   | 217/344 [00:00<00:00, 2887.43it/s, Materializing param=convnext.encoder.stages.2.layers.16.layernorm.weight]
Loading weights:  63%|██████▎   | 218/344 [00:00<00:00, 2892.28it/s, Materializing param=convnext.encoder.stages.2.layers.16.pwconv1.bias]    
Loading weights:  63%|██████▎   | 218/344 [00:00<00:00, 2887.68it/s, Materializing param=convnext.encoder.stages.2.layers.16.pwconv1.bias]
Loading weights:  64%|██████▎   | 219/344 [00:00<00:00, 2892.77it/s, Materializing param=convnext.encoder.stages.2.layers.16.pwconv1.weight]
Loading weights:  64%|██████▎   | 219/344 [00:00<00:00, 2888.75it/s, Materializing param=convnext.encoder.stages.2.layers.16.pwconv1.weight]
Loading weights:  64%|██████▍   | 220/344 [00:00<00:00, 2893.49it/s, Materializing param=convnext.encoder.stages.2.layers.16.pwconv2.bias]  
Loading weights:  64%|██████▍   | 220/344 [00:00<00:00, 2889.65it/s, Materializing param=convnext.encoder.stages.2.layers.16.pwconv2.bias]
Loading weights:  64%|██████▍   | 221/344 [00:00<00:00, 2895.47it/s, Materializing param=convnext.encoder.stages.2.layers.16.pwconv2.weight]
Loading weights:  64%|██████▍   | 221/344 [00:00<00:00, 2887.74it/s, Materializing param=convnext.encoder.stages.2.layers.16.pwconv2.weight]
Loading weights:  65%|██████▍   | 222/344 [00:00<00:00, 2890.10it/s, Materializing param=convnext.encoder.stages.2.layers.17.dwconv.bias]   
Loading weights:  65%|██████▍   | 222/344 [00:00<00:00, 2885.57it/s, Materializing param=convnext.encoder.stages.2.layers.17.dwconv.bias]
Loading weights:  65%|██████▍   | 223/344 [00:00<00:00, 2865.77it/s, Materializing param=convnext.encoder.stages.2.layers.17.dwconv.weight]
Loading weights:  65%|██████▍   | 223/344 [00:00<00:00, 2859.50it/s, Materializing param=convnext.encoder.stages.2.layers.17.dwconv.weight]
Loading weights:  65%|██████▌   | 224/344 [00:00<00:00, 2863.60it/s, Materializing param=convnext.encoder.stages.2.layers.17.layer_scale_parameter]
Loading weights:  65%|██████▌   | 224/344 [00:00<00:00, 2859.44it/s, Materializing param=convnext.encoder.stages.2.layers.17.layer_scale_parameter]
Loading weights:  65%|██████▌   | 225/344 [00:00<00:00, 2859.03it/s, Materializing param=convnext.encoder.stages.2.layers.17.layernorm.bias]       
Loading weights:  65%|██████▌   | 225/344 [00:00<00:00, 2854.80it/s, Materializing param=convnext.encoder.stages.2.layers.17.layernorm.bias]
Loading weights:  66%|██████▌   | 226/344 [00:00<00:00, 2833.15it/s, Materializing param=convnext.encoder.stages.2.layers.17.layernorm.weight]
Loading weights:  66%|██████▌   | 226/344 [00:00<00:00, 2829.02it/s, Materializing param=convnext.encoder.stages.2.layers.17.layernorm.weight]
Loading weights:  66%|██████▌   | 227/344 [00:00<00:00, 2809.14it/s, Materializing param=convnext.encoder.stages.2.layers.17.pwconv1.bias]    
Loading weights:  66%|██████▌   | 227/344 [00:00<00:00, 2802.05it/s, Materializing param=convnext.encoder.stages.2.layers.17.pwconv1.bias]
Loading weights:  66%|██████▋   | 228/344 [00:00<00:00, 2806.33it/s, Materializing param=convnext.encoder.stages.2.layers.17.pwconv1.weight]
Loading weights:  66%|██████▋   | 228/344 [00:00<00:00, 2802.62it/s, Materializing param=convnext.encoder.stages.2.layers.17.pwconv1.weight]
Loading weights:  67%|██████▋   | 229/344 [00:00<00:00, 2802.48it/s, Materializing param=convnext.encoder.stages.2.layers.17.pwconv2.bias]  
Loading weights:  67%|██████▋   | 229/344 [00:00<00:00, 2798.73it/s, Materializing param=convnext.encoder.stages.2.layers.17.pwconv2.bias]
Loading weights:  67%|██████▋   | 230/344 [00:00<00:00, 2804.21it/s, Materializing param=convnext.encoder.stages.2.layers.17.pwconv2.weight]
Loading weights:  67%|██████▋   | 230/344 [00:00<00:00, 2800.75it/s, Materializing param=convnext.encoder.stages.2.layers.17.pwconv2.weight]
Loading weights:  67%|██████▋   | 231/344 [00:00<00:00, 2806.54it/s, Materializing param=convnext.encoder.stages.2.layers.18.dwconv.bias]   
Loading weights:  67%|██████▋   | 231/344 [00:00<00:00, 2803.15it/s, Materializing param=convnext.encoder.stages.2.layers.18.dwconv.bias]
Loading weights:  67%|██████▋   | 232/344 [00:00<00:00, 2807.82it/s, Materializing param=convnext.encoder.stages.2.layers.18.dwconv.weight]
Loading weights:  67%|██████▋   | 232/344 [00:00<00:00, 2803.97it/s, Materializing param=convnext.encoder.stages.2.layers.18.dwconv.weight]
Loading weights:  68%|██████▊   | 233/344 [00:00<00:00, 2809.56it/s, Materializing param=convnext.encoder.stages.2.layers.18.layer_scale_parameter]
Loading weights:  68%|██████▊   | 233/344 [00:00<00:00, 2806.13it/s, Materializing param=convnext.encoder.stages.2.layers.18.layer_scale_parameter]
Loading weights:  68%|██████▊   | 234/344 [00:00<00:00, 2811.86it/s, Materializing param=convnext.encoder.stages.2.layers.18.layernorm.bias]       
Loading weights:  68%|██████▊   | 234/344 [00:00<00:00, 2808.45it/s, Materializing param=convnext.encoder.stages.2.layers.18.layernorm.bias]
Loading weights:  68%|██████▊   | 235/344 [00:00<00:00, 2813.35it/s, Materializing param=convnext.encoder.stages.2.layers.18.layernorm.weight]
Loading weights:  68%|██████▊   | 235/344 [00:00<00:00, 2809.70it/s, Materializing param=convnext.encoder.stages.2.layers.18.layernorm.weight]
Loading weights:  69%|██████▊   | 236/344 [00:00<00:00, 2814.05it/s, Materializing param=convnext.encoder.stages.2.layers.18.pwconv1.bias]    
Loading weights:  69%|██████▊   | 236/344 [00:00<00:00, 2810.09it/s, Materializing param=convnext.encoder.stages.2.layers.18.pwconv1.bias]
Loading weights:  69%|██████▉   | 237/344 [00:00<00:00, 2814.64it/s, Materializing param=convnext.encoder.stages.2.layers.18.pwconv1.weight]
Loading weights:  69%|██████▉   | 237/344 [00:00<00:00, 2810.73it/s, Materializing param=convnext.encoder.stages.2.layers.18.pwconv1.weight]
Loading weights:  69%|██████▉   | 238/344 [00:00<00:00, 2814.27it/s, Materializing param=convnext.encoder.stages.2.layers.18.pwconv2.bias]  
Loading weights:  69%|██████▉   | 238/344 [00:00<00:00, 2809.84it/s, Materializing param=convnext.encoder.stages.2.layers.18.pwconv2.bias]
Loading weights:  69%|██████▉   | 239/344 [00:00<00:00, 2814.24it/s, Materializing param=convnext.encoder.stages.2.layers.18.pwconv2.weight]
Loading weights:  69%|██████▉   | 239/344 [00:00<00:00, 2810.09it/s, Materializing param=convnext.encoder.stages.2.layers.18.pwconv2.weight]
Loading weights:  70%|██████▉   | 240/344 [00:00<00:00, 2815.35it/s, Materializing param=convnext.encoder.stages.2.layers.19.dwconv.bias]   
Loading weights:  70%|██████▉   | 240/344 [00:00<00:00, 2812.04it/s, Materializing param=convnext.encoder.stages.2.layers.19.dwconv.bias]
Loading weights:  70%|███████   | 241/344 [00:00<00:00, 2816.62it/s, Materializing param=convnext.encoder.stages.2.layers.19.dwconv.weight]
Loading weights:  70%|███████   | 241/344 [00:00<00:00, 2812.88it/s, Materializing param=convnext.encoder.stages.2.layers.19.dwconv.weight]
Loading weights:  70%|███████   | 242/344 [00:00<00:00, 2818.09it/s, Materializing param=convnext.encoder.stages.2.layers.19.layer_scale_parameter]
Loading weights:  70%|███████   | 242/344 [00:00<00:00, 2814.79it/s, Materializing param=convnext.encoder.stages.2.layers.19.layer_scale_parameter]
Loading weights:  71%|███████   | 243/344 [00:00<00:00, 2820.30it/s, Materializing param=convnext.encoder.stages.2.layers.19.layernorm.bias]       
Loading weights:  71%|███████   | 243/344 [00:00<00:00, 2817.05it/s, Materializing param=convnext.encoder.stages.2.layers.19.layernorm.bias]
Loading weights:  71%|███████   | 244/344 [00:00<00:00, 2821.74it/s, Materializing param=convnext.encoder.stages.2.layers.19.layernorm.weight]
Loading weights:  71%|███████   | 244/344 [00:00<00:00, 2818.28it/s, Materializing param=convnext.encoder.stages.2.layers.19.layernorm.weight]
Loading weights:  71%|███████   | 245/344 [00:00<00:00, 2823.09it/s, Materializing param=convnext.encoder.stages.2.layers.19.pwconv1.bias]    
Loading weights:  71%|███████   | 245/344 [00:00<00:00, 2819.72it/s, Materializing param=convnext.encoder.stages.2.layers.19.pwconv1.bias]
Loading weights:  72%|███████▏  | 246/344 [00:00<00:00, 2825.09it/s, Materializing param=convnext.encoder.stages.2.layers.19.pwconv1.weight]
Loading weights:  72%|███████▏  | 246/344 [00:00<00:00, 2821.80it/s, Materializing param=convnext.encoder.stages.2.layers.19.pwconv1.weight]
Loading weights:  72%|███████▏  | 247/344 [00:00<00:00, 2827.18it/s, Materializing param=convnext.encoder.stages.2.layers.19.pwconv2.bias]  
Loading weights:  72%|███████▏  | 247/344 [00:00<00:00, 2823.14it/s, Materializing param=convnext.encoder.stages.2.layers.19.pwconv2.bias]
Loading weights:  72%|███████▏  | 248/344 [00:00<00:00, 2828.06it/s, Materializing param=convnext.encoder.stages.2.layers.19.pwconv2.weight]
Loading weights:  72%|███████▏  | 248/344 [00:00<00:00, 2824.82it/s, Materializing param=convnext.encoder.stages.2.layers.19.pwconv2.weight]
Loading weights:  72%|███████▏  | 249/344 [00:00<00:00, 2830.21it/s, Materializing param=convnext.encoder.stages.2.layers.20.dwconv.bias]   
Loading weights:  72%|███████▏  | 249/344 [00:00<00:00, 2826.94it/s, Materializing param=convnext.encoder.stages.2.layers.20.dwconv.bias]
Loading weights:  73%|███████▎  | 250/344 [00:00<00:00, 2831.90it/s, Materializing param=convnext.encoder.stages.2.layers.20.dwconv.weight]
Loading weights:  73%|███████▎  | 250/344 [00:00<00:00, 2828.70it/s, Materializing param=convnext.encoder.stages.2.layers.20.dwconv.weight]
Loading weights:  73%|███████▎  | 251/344 [00:00<00:00, 2833.22it/s, Materializing param=convnext.encoder.stages.2.layers.20.layer_scale_parameter]
Loading weights:  73%|███████▎  | 251/344 [00:00<00:00, 2829.69it/s, Materializing param=convnext.encoder.stages.2.layers.20.layer_scale_parameter]
Loading weights:  73%|███████▎  | 252/344 [00:00<00:00, 2834.89it/s, Materializing param=convnext.encoder.stages.2.layers.20.layernorm.bias]       
Loading weights:  73%|███████▎  | 252/344 [00:00<00:00, 2831.74it/s, Materializing param=convnext.encoder.stages.2.layers.20.layernorm.bias]
Loading weights:  74%|███████▎  | 253/344 [00:00<00:00, 2836.52it/s, Materializing param=convnext.encoder.stages.2.layers.20.layernorm.weight]
Loading weights:  74%|███████▎  | 253/344 [00:00<00:00, 2833.41it/s, Materializing param=convnext.encoder.stages.2.layers.20.layernorm.weight]
Loading weights:  74%|███████▍  | 254/344 [00:00<00:00, 2837.82it/s, Materializing param=convnext.encoder.stages.2.layers.20.pwconv1.bias]    
Loading weights:  74%|███████▍  | 254/344 [00:00<00:00, 2834.65it/s, Materializing param=convnext.encoder.stages.2.layers.20.pwconv1.bias]
Loading weights:  74%|███████▍  | 255/344 [00:00<00:00, 2839.29it/s, Materializing param=convnext.encoder.stages.2.layers.20.pwconv1.weight]
Loading weights:  74%|███████▍  | 255/344 [00:00<00:00, 2836.03it/s, Materializing param=convnext.encoder.stages.2.layers.20.pwconv1.weight]
Loading weights:  74%|███████▍  | 256/344 [00:00<00:00, 2840.94it/s, Materializing param=convnext.encoder.stages.2.layers.20.pwconv2.bias]  
Loading weights:  74%|███████▍  | 256/344 [00:00<00:00, 2837.85it/s, Materializing param=convnext.encoder.stages.2.layers.20.pwconv2.bias]
Loading weights:  75%|███████▍  | 257/344 [00:00<00:00, 2843.09it/s, Materializing param=convnext.encoder.stages.2.layers.20.pwconv2.weight]
Loading weights:  75%|███████▍  | 257/344 [00:00<00:00, 2838.92it/s, Materializing param=convnext.encoder.stages.2.layers.20.pwconv2.weight]
Loading weights:  75%|███████▌  | 258/344 [00:00<00:00, 2843.39it/s, Materializing param=convnext.encoder.stages.2.layers.21.dwconv.bias]   
Loading weights:  75%|███████▌  | 258/344 [00:00<00:00, 2840.22it/s, Materializing param=convnext.encoder.stages.2.layers.21.dwconv.bias]
Loading weights:  75%|███████▌  | 259/344 [00:00<00:00, 2845.06it/s, Materializing param=convnext.encoder.stages.2.layers.21.dwconv.weight]
Loading weights:  75%|███████▌  | 259/344 [00:00<00:00, 2841.93it/s, Materializing param=convnext.encoder.stages.2.layers.21.dwconv.weight]
Loading weights:  76%|███████▌  | 260/344 [00:00<00:00, 2847.06it/s, Materializing param=convnext.encoder.stages.2.layers.21.layer_scale_parameter]
Loading weights:  76%|███████▌  | 260/344 [00:00<00:00, 2844.01it/s, Materializing param=convnext.encoder.stages.2.layers.21.layer_scale_parameter]
Loading weights:  76%|███████▌  | 261/344 [00:00<00:00, 2848.15it/s, Materializing param=convnext.encoder.stages.2.layers.21.layernorm.bias]       
Loading weights:  76%|███████▌  | 261/344 [00:00<00:00, 2844.74it/s, Materializing param=convnext.encoder.stages.2.layers.21.layernorm.bias]
Loading weights:  76%|███████▌  | 262/344 [00:00<00:00, 2849.52it/s, Materializing param=convnext.encoder.stages.2.layers.21.layernorm.weight]
Loading weights:  76%|███████▌  | 262/344 [00:00<00:00, 2846.39it/s, Materializing param=convnext.encoder.stages.2.layers.21.layernorm.weight]
Loading weights:  76%|███████▋  | 263/344 [00:00<00:00, 2851.39it/s, Materializing param=convnext.encoder.stages.2.layers.21.pwconv1.bias]    
Loading weights:  76%|███████▋  | 263/344 [00:00<00:00, 2848.36it/s, Materializing param=convnext.encoder.stages.2.layers.21.pwconv1.bias]
Loading weights:  77%|███████▋  | 264/344 [00:00<00:00, 2852.50it/s, Materializing param=convnext.encoder.stages.2.layers.21.pwconv1.weight]
Loading weights:  77%|███████▋  | 264/344 [00:00<00:00, 2849.27it/s, Materializing param=convnext.encoder.stages.2.layers.21.pwconv1.weight]
Loading weights:  77%|███████▋  | 265/344 [00:00<00:00, 2853.81it/s, Materializing param=convnext.encoder.stages.2.layers.21.pwconv2.bias]  
Loading weights:  77%|███████▋  | 265/344 [00:00<00:00, 2850.73it/s, Materializing param=convnext.encoder.stages.2.layers.21.pwconv2.bias]
Loading weights:  77%|███████▋  | 266/344 [00:00<00:00, 2855.75it/s, Materializing param=convnext.encoder.stages.2.layers.21.pwconv2.weight]
Loading weights:  77%|███████▋  | 266/344 [00:00<00:00, 2852.60it/s, Materializing param=convnext.encoder.stages.2.layers.21.pwconv2.weight]
Loading weights:  78%|███████▊  | 267/344 [00:00<00:00, 2856.98it/s, Materializing param=convnext.encoder.stages.2.layers.22.dwconv.bias]   
Loading weights:  78%|███████▊  | 267/344 [00:00<00:00, 2853.73it/s, Materializing param=convnext.encoder.stages.2.layers.22.dwconv.bias]
Loading weights:  78%|███████▊  | 268/344 [00:00<00:00, 2858.25it/s, Materializing param=convnext.encoder.stages.2.layers.22.dwconv.weight]
Loading weights:  78%|███████▊  | 268/344 [00:00<00:00, 2855.17it/s, Materializing param=convnext.encoder.stages.2.layers.22.dwconv.weight]
Loading weights:  78%|███████▊  | 269/344 [00:00<00:00, 2860.12it/s, Materializing param=convnext.encoder.stages.2.layers.22.layer_scale_parameter]
Loading weights:  78%|███████▊  | 269/344 [00:00<00:00, 2857.00it/s, Materializing param=convnext.encoder.stages.2.layers.22.layer_scale_parameter]
Loading weights:  78%|███████▊  | 270/344 [00:00<00:00, 2861.81it/s, Materializing param=convnext.encoder.stages.2.layers.22.layernorm.bias]       
Loading weights:  78%|███████▊  | 270/344 [00:00<00:00, 2858.09it/s, Materializing param=convnext.encoder.stages.2.layers.22.layernorm.bias]
Loading weights:  79%|███████▉  | 271/344 [00:00<00:00, 2862.80it/s, Materializing param=convnext.encoder.stages.2.layers.22.layernorm.weight]
Loading weights:  79%|███████▉  | 271/344 [00:00<00:00, 2858.13it/s, Materializing param=convnext.encoder.stages.2.layers.22.layernorm.weight]
Loading weights:  79%|███████▉  | 272/344 [00:00<00:00, 2862.52it/s, Materializing param=convnext.encoder.stages.2.layers.22.pwconv1.bias]    
Loading weights:  79%|███████▉  | 272/344 [00:00<00:00, 2859.47it/s, Materializing param=convnext.encoder.stages.2.layers.22.pwconv1.bias]
Loading weights:  79%|███████▉  | 273/344 [00:00<00:00, 2864.06it/s, Materializing param=convnext.encoder.stages.2.layers.22.pwconv1.weight]
Loading weights:  79%|███████▉  | 273/344 [00:00<00:00, 2861.12it/s, Materializing param=convnext.encoder.stages.2.layers.22.pwconv1.weight]
Loading weights:  80%|███████▉  | 274/344 [00:00<00:00, 2865.15it/s, Materializing param=convnext.encoder.stages.2.layers.22.pwconv2.bias]  
Loading weights:  80%|███████▉  | 274/344 [00:00<00:00, 2861.57it/s, Materializing param=convnext.encoder.stages.2.layers.22.pwconv2.bias]
Loading weights:  80%|███████▉  | 275/344 [00:00<00:00, 2866.23it/s, Materializing param=convnext.encoder.stages.2.layers.22.pwconv2.weight]
Loading weights:  80%|███████▉  | 275/344 [00:00<00:00, 2863.30it/s, Materializing param=convnext.encoder.stages.2.layers.22.pwconv2.weight]
Loading weights:  80%|████████  | 276/344 [00:00<00:00, 2867.78it/s, Materializing param=convnext.encoder.stages.2.layers.23.dwconv.bias]   
Loading weights:  80%|████████  | 276/344 [00:00<00:00, 2864.93it/s, Materializing param=convnext.encoder.stages.2.layers.23.dwconv.bias]
Loading weights:  81%|████████  | 277/344 [00:00<00:00, 2869.00it/s, Materializing param=convnext.encoder.stages.2.layers.23.dwconv.weight]
Loading weights:  81%|████████  | 277/344 [00:00<00:00, 2866.05it/s, Materializing param=convnext.encoder.stages.2.layers.23.dwconv.weight]
Loading weights:  81%|████████  | 278/344 [00:00<00:00, 2870.30it/s, Materializing param=convnext.encoder.stages.2.layers.23.layer_scale_parameter]
Loading weights:  81%|████████  | 278/344 [00:00<00:00, 2867.38it/s, Materializing param=convnext.encoder.stages.2.layers.23.layer_scale_parameter]
Loading weights:  81%|████████  | 279/344 [00:00<00:00, 2871.81it/s, Materializing param=convnext.encoder.stages.2.layers.23.layernorm.bias]       
Loading weights:  81%|████████  | 279/344 [00:00<00:00, 2868.85it/s, Materializing param=convnext.encoder.stages.2.layers.23.layernorm.bias]
Loading weights:  81%|████████▏ | 280/344 [00:00<00:00, 2873.16it/s, Materializing param=convnext.encoder.stages.2.layers.23.layernorm.weight]
Loading weights:  81%|████████▏ | 280/344 [00:00<00:00, 2870.19it/s, Materializing param=convnext.encoder.stages.2.layers.23.layernorm.weight]
Loading weights:  82%|████████▏ | 281/344 [00:00<00:00, 2874.44it/s, Materializing param=convnext.encoder.stages.2.layers.23.pwconv1.bias]    
Loading weights:  82%|████████▏ | 281/344 [00:00<00:00, 2871.60it/s, Materializing param=convnext.encoder.stages.2.layers.23.pwconv1.bias]
Loading weights:  82%|████████▏ | 282/344 [00:00<00:00, 2876.07it/s, Materializing param=convnext.encoder.stages.2.layers.23.pwconv1.weight]
Loading weights:  82%|████████▏ | 282/344 [00:00<00:00, 2873.19it/s, Materializing param=convnext.encoder.stages.2.layers.23.pwconv1.weight]
Loading weights:  82%|████████▏ | 283/344 [00:00<00:00, 2877.97it/s, Materializing param=convnext.encoder.stages.2.layers.23.pwconv2.bias]  
Loading weights:  82%|████████▏ | 283/344 [00:00<00:00, 2875.16it/s, Materializing param=convnext.encoder.stages.2.layers.23.pwconv2.bias]
Loading weights:  83%|████████▎ | 284/344 [00:00<00:00, 2878.96it/s, Materializing param=convnext.encoder.stages.2.layers.23.pwconv2.weight]
Loading weights:  83%|████████▎ | 284/344 [00:00<00:00, 2875.67it/s, Materializing param=convnext.encoder.stages.2.layers.23.pwconv2.weight]
Loading weights:  83%|████████▎ | 285/344 [00:00<00:00, 2880.02it/s, Materializing param=convnext.encoder.stages.2.layers.24.dwconv.bias]   
Loading weights:  83%|████████▎ | 285/344 [00:00<00:00, 2877.13it/s, Materializing param=convnext.encoder.stages.2.layers.24.dwconv.bias]
Loading weights:  83%|████████▎ | 286/344 [00:00<00:00, 2881.55it/s, Materializing param=convnext.encoder.stages.2.layers.24.dwconv.weight]
Loading weights:  83%|████████▎ | 286/344 [00:00<00:00, 2878.66it/s, Materializing param=convnext.encoder.stages.2.layers.24.dwconv.weight]
Loading weights:  83%|████████▎ | 287/344 [00:00<00:00, 2882.41it/s, Materializing param=convnext.encoder.stages.2.layers.24.layer_scale_parameter]
Loading weights:  83%|████████▎ | 287/344 [00:00<00:00, 2879.08it/s, Materializing param=convnext.encoder.stages.2.layers.24.layer_scale_parameter]
Loading weights:  84%|████████▎ | 288/344 [00:00<00:00, 2883.35it/s, Materializing param=convnext.encoder.stages.2.layers.24.layernorm.bias]       
Loading weights:  84%|████████▎ | 288/344 [00:00<00:00, 2880.45it/s, Materializing param=convnext.encoder.stages.2.layers.24.layernorm.bias]
Loading weights:  84%|████████▍ | 289/344 [00:00<00:00, 2885.43it/s, Materializing param=convnext.encoder.stages.2.layers.24.layernorm.bias]
Loading weights:  84%|████████▍ | 289/344 [00:00<00:00, 2885.43it/s, Materializing param=convnext.encoder.stages.2.layers.24.layernorm.weight]
Loading weights:  84%|████████▍ | 289/344 [00:00<00:00, 2885.43it/s, Materializing param=convnext.encoder.stages.2.layers.24.layernorm.weight]
Loading weights:  84%|████████▍ | 290/344 [00:00<00:00, 2885.43it/s, Materializing param=convnext.encoder.stages.2.layers.24.pwconv1.bias]    
Loading weights:  84%|████████▍ | 290/344 [00:00<00:00, 2885.43it/s, Materializing param=convnext.encoder.stages.2.layers.24.pwconv1.bias]
Loading weights:  85%|████████▍ | 291/344 [00:00<00:00, 2885.43it/s, Materializing param=convnext.encoder.stages.2.layers.24.pwconv1.weight]
Loading weights:  85%|████████▍ | 291/344 [00:00<00:00, 2885.43it/s, Materializing param=convnext.encoder.stages.2.layers.24.pwconv1.weight]
Loading weights:  85%|████████▍ | 292/344 [00:00<00:00, 2885.43it/s, Materializing param=convnext.encoder.stages.2.layers.24.pwconv2.bias]  
Loading weights:  85%|████████▍ | 292/344 [00:00<00:00, 2885.43it/s, Materializing param=convnext.encoder.stages.2.layers.24.pwconv2.bias]
Loading weights:  85%|████████▌ | 293/344 [00:00<00:00, 2885.43it/s, Materializing param=convnext.encoder.stages.2.layers.24.pwconv2.weight]
Loading weights:  85%|████████▌ | 293/344 [00:00<00:00, 2885.43it/s, Materializing param=convnext.encoder.stages.2.layers.24.pwconv2.weight]
Loading weights:  85%|████████▌ | 294/344 [00:00<00:00, 2885.43it/s, Materializing param=convnext.encoder.stages.2.layers.25.dwconv.bias]   
Loading weights:  85%|████████▌ | 294/344 [00:00<00:00, 2885.43it/s, Materializing param=convnext.encoder.stages.2.layers.25.dwconv.bias]
Loading weights:  86%|████████▌ | 295/344 [00:00<00:00, 2885.43it/s, Materializing param=convnext.encoder.stages.2.layers.25.dwconv.weight]
Loading weights:  86%|████████▌ | 295/344 [00:00<00:00, 2885.43it/s, Materializing param=convnext.encoder.stages.2.layers.25.dwconv.weight]
Loading weights:  86%|████████▌ | 296/344 [00:00<00:00, 2885.43it/s, Materializing param=convnext.encoder.stages.2.layers.25.layer_scale_parameter]
Loading weights:  86%|████████▌ | 296/344 [00:00<00:00, 2885.43it/s, Materializing param=convnext.encoder.stages.2.layers.25.layer_scale_parameter]
Loading weights:  86%|████████▋ | 297/344 [00:00<00:00, 2885.43it/s, Materializing param=convnext.encoder.stages.2.layers.25.layernorm.bias]       
Loading weights:  86%|████████▋ | 297/344 [00:00<00:00, 2885.43it/s, Materializing param=convnext.encoder.stages.2.layers.25.layernorm.bias]
Loading weights:  87%|████████▋ | 298/344 [00:00<00:00, 2885.43it/s, Materializing param=convnext.encoder.stages.2.layers.25.layernorm.weight]
Loading weights:  87%|████████▋ | 298/344 [00:00<00:00, 2885.43it/s, Materializing param=convnext.encoder.stages.2.layers.25.layernorm.weight]
Loading weights:  87%|████████▋ | 299/344 [00:00<00:00, 2885.43it/s, Materializing param=convnext.encoder.stages.2.layers.25.pwconv1.bias]    
Loading weights:  87%|████████▋ | 299/344 [00:00<00:00, 2885.43it/s, Materializing param=convnext.encoder.stages.2.layers.25.pwconv1.bias]
Loading weights:  87%|████████▋ | 300/344 [00:00<00:00, 2885.43it/s, Materializing param=convnext.encoder.stages.2.layers.25.pwconv1.weight]
Loading weights:  87%|████████▋ | 300/344 [00:00<00:00, 2885.43it/s, Materializing param=convnext.encoder.stages.2.layers.25.pwconv1.weight]
Loading weights:  88%|████████▊ | 301/344 [00:00<00:00, 2885.43it/s, Materializing param=convnext.encoder.stages.2.layers.25.pwconv2.bias]  
Loading weights:  88%|████████▊ | 301/344 [00:00<00:00, 2885.43it/s, Materializing param=convnext.encoder.stages.2.layers.25.pwconv2.bias]
Loading weights:  88%|████████▊ | 302/344 [00:00<00:00, 2885.43it/s, Materializing param=convnext.encoder.stages.2.layers.25.pwconv2.weight]
Loading weights:  88%|████████▊ | 302/344 [00:00<00:00, 2885.43it/s, Materializing param=convnext.encoder.stages.2.layers.25.pwconv2.weight]
Loading weights:  88%|████████▊ | 303/344 [00:00<00:00, 2885.43it/s, Materializing param=convnext.encoder.stages.2.layers.26.dwconv.bias]   
Loading weights:  88%|████████▊ | 303/344 [00:00<00:00, 2885.43it/s, Materializing param=convnext.encoder.stages.2.layers.26.dwconv.bias]
Loading weights:  88%|████████▊ | 304/344 [00:00<00:00, 2885.43it/s, Materializing param=convnext.encoder.stages.2.layers.26.dwconv.weight]
Loading weights:  88%|████████▊ | 304/344 [00:00<00:00, 2885.43it/s, Materializing param=convnext.encoder.stages.2.layers.26.dwconv.weight]
Loading weights:  89%|████████▊ | 305/344 [00:00<00:00, 2885.43it/s, Materializing param=convnext.encoder.stages.2.layers.26.layer_scale_parameter]
Loading weights:  89%|████████▊ | 305/344 [00:00<00:00, 2885.43it/s, Materializing param=convnext.encoder.stages.2.layers.26.layer_scale_parameter]
Loading weights:  89%|████████▉ | 306/344 [00:00<00:00, 2885.43it/s, Materializing param=convnext.encoder.stages.2.layers.26.layernorm.bias]       
Loading weights:  89%|████████▉ | 306/344 [00:00<00:00, 2885.43it/s, Materializing param=convnext.encoder.stages.2.layers.26.layernorm.bias]
Loading weights:  89%|████████▉ | 307/344 [00:00<00:00, 2885.43it/s, Materializing param=convnext.encoder.stages.2.layers.26.layernorm.weight]
Loading weights:  89%|████████▉ | 307/344 [00:00<00:00, 2885.43it/s, Materializing param=convnext.encoder.stages.2.layers.26.layernorm.weight]
Loading weights:  90%|████████▉ | 308/344 [00:00<00:00, 2885.43it/s, Materializing param=convnext.encoder.stages.2.layers.26.pwconv1.bias]    
Loading weights:  90%|████████▉ | 308/344 [00:00<00:00, 2885.43it/s, Materializing param=convnext.encoder.stages.2.layers.26.pwconv1.bias]
Loading weights:  90%|████████▉ | 309/344 [00:00<00:00, 2885.43it/s, Materializing param=convnext.encoder.stages.2.layers.26.pwconv1.weight]
Loading weights:  90%|████████▉ | 309/344 [00:00<00:00, 2885.43it/s, Materializing param=convnext.encoder.stages.2.layers.26.pwconv1.weight]
Loading weights:  90%|█████████ | 310/344 [00:00<00:00, 2885.43it/s, Materializing param=convnext.encoder.stages.2.layers.26.pwconv2.bias]  
Loading weights:  90%|█████████ | 310/344 [00:00<00:00, 2885.43it/s, Materializing param=convnext.encoder.stages.2.layers.26.pwconv2.bias]
Loading weights:  90%|█████████ | 311/344 [00:00<00:00, 2885.43it/s, Materializing param=convnext.encoder.stages.2.layers.26.pwconv2.weight]
Loading weights:  90%|█████████ | 311/344 [00:00<00:00, 2885.43it/s, Materializing param=convnext.encoder.stages.2.layers.26.pwconv2.weight]
Loading weights:  91%|█████████ | 312/344 [00:00<00:00, 2885.43it/s, Materializing param=convnext.encoder.stages.3.downsampling_layer.0.bias]
Loading weights:  91%|█████████ | 312/344 [00:00<00:00, 2885.43it/s, Materializing param=convnext.encoder.stages.3.downsampling_layer.0.bias]
Loading weights:  91%|█████████ | 313/344 [00:00<00:00, 2885.43it/s, Materializing param=convnext.encoder.stages.3.downsampling_layer.0.weight]
Loading weights:  91%|█████████ | 313/344 [00:00<00:00, 2885.43it/s, Materializing param=convnext.encoder.stages.3.downsampling_layer.0.weight]
Loading weights:  91%|█████████▏| 314/344 [00:00<00:00, 2885.43it/s, Materializing param=convnext.encoder.stages.3.downsampling_layer.1.bias]  
Loading weights:  91%|█████████▏| 314/344 [00:00<00:00, 2885.43it/s, Materializing param=convnext.encoder.stages.3.downsampling_layer.1.bias]
Loading weights:  92%|█████████▏| 315/344 [00:00<00:00, 2885.43it/s, Materializing param=convnext.encoder.stages.3.downsampling_layer.1.weight]
Loading weights:  92%|█████████▏| 315/344 [00:00<00:00, 2885.43it/s, Materializing param=convnext.encoder.stages.3.downsampling_layer.1.weight]
Loading weights:  92%|█████████▏| 316/344 [00:00<00:00, 2885.43it/s, Materializing param=convnext.encoder.stages.3.layers.0.dwconv.bias]       
Loading weights:  92%|█████████▏| 316/344 [00:00<00:00, 2885.43it/s, Materializing param=convnext.encoder.stages.3.layers.0.dwconv.bias]
Loading weights:  92%|█████████▏| 317/344 [00:00<00:00, 2885.43it/s, Materializing param=convnext.encoder.stages.3.layers.0.dwconv.weight]
Loading weights:  92%|█████████▏| 317/344 [00:00<00:00, 2885.43it/s, Materializing param=convnext.encoder.stages.3.layers.0.dwconv.weight]
Loading weights:  92%|█████████▏| 318/344 [00:00<00:00, 2885.43it/s, Materializing param=convnext.encoder.stages.3.layers.0.layer_scale_parameter]
Loading weights:  92%|█████████▏| 318/344 [00:00<00:00, 2885.43it/s, Materializing param=convnext.encoder.stages.3.layers.0.layer_scale_parameter]
Loading weights:  93%|█████████▎| 319/344 [00:00<00:00, 2885.43it/s, Materializing param=convnext.encoder.stages.3.layers.0.layernorm.bias]       
Loading weights:  93%|█████████▎| 319/344 [00:00<00:00, 2885.43it/s, Materializing param=convnext.encoder.stages.3.layers.0.layernorm.bias]
Loading weights:  93%|█████████▎| 320/344 [00:00<00:00, 2885.43it/s, Materializing param=convnext.encoder.stages.3.layers.0.layernorm.weight]
Loading weights:  93%|█████████▎| 320/344 [00:00<00:00, 2885.43it/s, Materializing param=convnext.encoder.stages.3.layers.0.layernorm.weight]
Loading weights:  93%|█████████▎| 321/344 [00:00<00:00, 2885.43it/s, Materializing param=convnext.encoder.stages.3.layers.0.pwconv1.bias]    
Loading weights:  93%|█████████▎| 321/344 [00:00<00:00, 2885.43it/s, Materializing param=convnext.encoder.stages.3.layers.0.pwconv1.bias]
Loading weights:  94%|█████████▎| 322/344 [00:00<00:00, 2885.43it/s, Materializing param=convnext.encoder.stages.3.layers.0.pwconv1.weight]
Loading weights:  94%|█████████▎| 322/344 [00:00<00:00, 2885.43it/s, Materializing param=convnext.encoder.stages.3.layers.0.pwconv1.weight]
Loading weights:  94%|█████████▍| 323/344 [00:00<00:00, 2885.43it/s, Materializing param=convnext.encoder.stages.3.layers.0.pwconv2.bias]  
Loading weights:  94%|█████████▍| 323/344 [00:00<00:00, 2885.43it/s, Materializing param=convnext.encoder.stages.3.layers.0.pwconv2.bias]
Loading weights:  94%|█████████▍| 324/344 [00:00<00:00, 2885.43it/s, Materializing param=convnext.encoder.stages.3.layers.0.pwconv2.weight]
Loading weights:  94%|█████████▍| 324/344 [00:00<00:00, 2885.43it/s, Materializing param=convnext.encoder.stages.3.layers.0.pwconv2.weight]
Loading weights:  94%|█████████▍| 325/344 [00:00<00:00, 2885.43it/s, Materializing param=convnext.encoder.stages.3.layers.1.dwconv.bias]   
Loading weights:  94%|█████████▍| 325/344 [00:00<00:00, 2885.43it/s, Materializing param=convnext.encoder.stages.3.layers.1.dwconv.bias]
Loading weights:  95%|█████████▍| 326/344 [00:00<00:00, 2885.43it/s, Materializing param=convnext.encoder.stages.3.layers.1.dwconv.weight]
Loading weights:  95%|█████████▍| 326/344 [00:00<00:00, 2885.43it/s, Materializing param=convnext.encoder.stages.3.layers.1.dwconv.weight]
Loading weights:  95%|█████████▌| 327/344 [00:00<00:00, 2885.43it/s, Materializing param=convnext.encoder.stages.3.layers.1.layer_scale_parameter]
Loading weights:  95%|█████████▌| 327/344 [00:00<00:00, 2885.43it/s, Materializing param=convnext.encoder.stages.3.layers.1.layer_scale_parameter]
Loading weights:  95%|█████████▌| 328/344 [00:00<00:00, 2885.43it/s, Materializing param=convnext.encoder.stages.3.layers.1.layernorm.bias]       
Loading weights:  95%|█████████▌| 328/344 [00:00<00:00, 2885.43it/s, Materializing param=convnext.encoder.stages.3.layers.1.layernorm.bias]
Loading weights:  96%|█████████▌| 329/344 [00:00<00:00, 2885.43it/s, Materializing param=convnext.encoder.stages.3.layers.1.layernorm.weight]
Loading weights:  96%|█████████▌| 329/344 [00:00<00:00, 2885.43it/s, Materializing param=convnext.encoder.stages.3.layers.1.layernorm.weight]
Loading weights:  96%|█████████▌| 330/344 [00:00<00:00, 2885.43it/s, Materializing param=convnext.encoder.stages.3.layers.1.pwconv1.bias]    
Loading weights:  96%|█████████▌| 330/344 [00:00<00:00, 2885.43it/s, Materializing param=convnext.encoder.stages.3.layers.1.pwconv1.bias]
Loading weights:  96%|█████████▌| 331/344 [00:00<00:00, 2885.43it/s, Materializing param=convnext.encoder.stages.3.layers.1.pwconv1.weight]
Loading weights:  96%|█████████▌| 331/344 [00:00<00:00, 2885.43it/s, Materializing param=convnext.encoder.stages.3.layers.1.pwconv1.weight]
Loading weights:  97%|█████████▋| 332/344 [00:00<00:00, 2885.43it/s, Materializing param=convnext.encoder.stages.3.layers.1.pwconv2.bias]  
Loading weights:  97%|█████████▋| 332/344 [00:00<00:00, 2885.43it/s, Materializing param=convnext.encoder.stages.3.layers.1.pwconv2.bias]
Loading weights:  97%|█████████▋| 333/344 [00:00<00:00, 2885.43it/s, Materializing param=convnext.encoder.stages.3.layers.1.pwconv2.weight]
Loading weights:  97%|█████████▋| 333/344 [00:00<00:00, 2885.43it/s, Materializing param=convnext.encoder.stages.3.layers.1.pwconv2.weight]
Loading weights:  97%|█████████▋| 334/344 [00:00<00:00, 2885.43it/s, Materializing param=convnext.encoder.stages.3.layers.2.dwconv.bias]   
Loading weights:  97%|█████████▋| 334/344 [00:00<00:00, 2885.43it/s, Materializing param=convnext.encoder.stages.3.layers.2.dwconv.bias]
Loading weights:  97%|█████████▋| 335/344 [00:00<00:00, 2885.43it/s, Materializing param=convnext.encoder.stages.3.layers.2.dwconv.weight]
Loading weights:  97%|█████████▋| 335/344 [00:00<00:00, 2885.43it/s, Materializing param=convnext.encoder.stages.3.layers.2.dwconv.weight]
Loading weights:  98%|█████████▊| 336/344 [00:00<00:00, 2885.43it/s, Materializing param=convnext.encoder.stages.3.layers.2.layer_scale_parameter]
Loading weights:  98%|█████████▊| 336/344 [00:00<00:00, 2885.43it/s, Materializing param=convnext.encoder.stages.3.layers.2.layer_scale_parameter]
Loading weights:  98%|█████████▊| 337/344 [00:00<00:00, 2885.43it/s, Materializing param=convnext.encoder.stages.3.layers.2.layernorm.bias]       
Loading weights:  98%|█████████▊| 337/344 [00:00<00:00, 2885.43it/s, Materializing param=convnext.encoder.stages.3.layers.2.layernorm.bias]
Loading weights:  98%|█████████▊| 338/344 [00:00<00:00, 2885.43it/s, Materializing param=convnext.encoder.stages.3.layers.2.layernorm.weight]
Loading weights:  98%|█████████▊| 338/344 [00:00<00:00, 2885.43it/s, Materializing param=convnext.encoder.stages.3.layers.2.layernorm.weight]
Loading weights:  99%|█████████▊| 339/344 [00:00<00:00, 2885.43it/s, Materializing param=convnext.encoder.stages.3.layers.2.pwconv1.bias]    
Loading weights:  99%|█████████▊| 339/344 [00:00<00:00, 2885.43it/s, Materializing param=convnext.encoder.stages.3.layers.2.pwconv1.bias]
Loading weights:  99%|█████████▉| 340/344 [00:00<00:00, 2885.43it/s, Materializing param=convnext.encoder.stages.3.layers.2.pwconv1.weight]
Loading weights:  99%|█████████▉| 340/344 [00:00<00:00, 2885.43it/s, Materializing param=convnext.encoder.stages.3.layers.2.pwconv1.weight]
Loading weights:  99%|█████████▉| 341/344 [00:00<00:00, 2885.43it/s, Materializing param=convnext.encoder.stages.3.layers.2.pwconv2.bias]  
Loading weights:  99%|█████████▉| 341/344 [00:00<00:00, 2885.43it/s, Materializing param=convnext.encoder.stages.3.layers.2.pwconv2.bias]
Loading weights:  99%|█████████▉| 342/344 [00:00<00:00, 2885.43it/s, Materializing param=convnext.encoder.stages.3.layers.2.pwconv2.weight]
Loading weights:  99%|█████████▉| 342/344 [00:00<00:00, 2885.43it/s, Materializing param=convnext.encoder.stages.3.layers.2.pwconv2.weight]
Loading weights: 100%|█████████▉| 343/344 [00:00<00:00, 2885.43it/s, Materializing param=convnext.layernorm.bias]                          
Loading weights: 100%|█████████▉| 343/344 [00:00<00:00, 2885.43it/s, Materializing param=convnext.layernorm.bias]
Loading weights: 100%|██████████| 344/344 [00:00<00:00, 2885.43it/s, Materializing param=convnext.layernorm.weight]
Loading weights: 100%|██████████| 344/344 [00:00<00:00, 2885.43it/s, Materializing param=convnext.layernorm.weight]
Loading weights: 100%|██████████| 344/344 [00:00<00:00, 1701.84it/s, Materializing param=convnext.layernorm.weight]
ConvNextForImageClassification LOAD REPORT from: facebook/convnext-base-224-22k
Key               | Status   |                                                                                             
------------------+----------+---------------------------------------------------------------------------------------------
classifier.bias   | MISMATCH | Reinit due to size mismatch ckpt: torch.Size([21841]) vs model:torch.Size([124])            
classifier.weight | MISMATCH | Reinit due to size mismatch ckpt: torch.Size([21841, 1024]) vs model:torch.Size([124, 1024])

Notes:
- MISMATCH	:ckpt weights were loaded, but they did not match the original empty weight shapes.
  [convnext finetune] epoch 1/5 loss 2.2555 (418s)
  [convnext finetune] epoch 2/5 loss 0.7513 (378s)
  [convnext finetune] epoch 3/5 loss 0.3818 (376s)
  [convnext finetune] epoch 4/5 loss 0.2395 (376s)
  [convnext finetune] epoch 5/5 loss 0.1684 (376s)
  macro-F1 0.7916  accuracy 0.8816  (32.1 min)
                       protocol                         backbone  pretrained  submittable  is_fallback  macro_f1  accuracy  weighted_f1  head (>=1000)  \
model                                                                                                                                                    
siglip2_probe      linear probe  google/siglip2-base-patch16-224        True        False        False    0.8219    0.8979       0.9010         0.9064   
siglip2_finetune     fine-tuned  google/siglip2-base-patch16-224        True        False        False    0.8074    0.8898       0.8935         0.9002   
convnext_probe     linear probe   facebook/convnext-base-224-22k        True        False        False    0.8000    0.8857       0.8879         0.8919   
convnext_finetune    fine-tuned   facebook/convnext-base-224-22k        True        False        False    0.7916    0.8816       0.8860         0.8862   
resnet_resample    from scratch                             None       False         True        False    0.7654    0.8735       0.8741         0.8823   
cnn_resample       from scratch                             None       False         True        False    0.7447    0.8556       0.8590         0.8708   
hog_svm_offset     from scratch                             None       False         True        False    0.6345    0.7992       0.8018         0.8103   
hog_svm            from scratch                             None       False         True        False    0.6345    0.7992       0.8018         0.8103   
resnet_reweight    from scratch                             None       False         True        False    0.5525    0.6617       0.6875         0.6804   
cnn_reweight       from scratch                             None       False         True        False    0.5453    0.6576       0.6814         0.6728   

                   body (100-999)  tail (10-99)  rare (<10)  vs best submittable  
model                                                                             
siglip2_probe              0.8630        0.8489      0.6635               0.0565  
siglip2_finetune           0.8613        0.7949      0.7161               0.0420  
convnext_probe             0.8423        0.8084      0.6794               0.0346  
convnext_finetune          0.8431        0.8263      0.5955               0.0262  
resnet_resample            0.8386        0.7742      0.5857               0.0000  
cnn_resample               0.8155        0.7613      0.5476              -0.0206  
hog_svm_offset             0.7388        0.6090      0.4620              -0.1309  
hog_svm                    0.7388        0.6090      0.4620              -0.1309  
resnet_reweight            0.6487        0.5147      0.4386              -0.2129  
cnn_reweight               0.6342        0.5108      0.4357              -0.2201  
best submittable (from scratch): 0.7654 macro-F1  [resnet_resample]
best pretrained  (reference)   : 0.8219 macro-F1  [siglip2_probe]
gap                            : +0.0565 (+7.4% relative)
fallback checkpoints used: none
backbones skipped entirely: none
The parent will close telemetry and package the outputs.
