id,articleType,group_id,true_index,hog_svm,hog_svm_offset,cnn_reweight,cnn_resample,resnet_reweight,resnet_resample,reference_majority,reference_random
1528,Jackets,67a3f5a06cb022fff81027b5a84e8efbbc206c435f5468bdd3ac21ae58048d42,45,115,115,102,45,102,45,115,88
1533,Tshirts,419a0884d75d6dc4f099d6a279b82bfa621ccacb76a1ad83733b1c9433c36c17,115,115,115,115,115,115,115,115,108
1541,Sports Shoes,42b230559ad4de575e9f52c1011955a58cbdddeac8173a2790c2de70dfe2e33c,96,96,96,96,96,96,96,115,121
1547,Casual Shoes,6e846aa243b6cfb7e8f3ea1f3e422b345296b1f68f4fd1954918bfc79618801c,16,16,16,16,84,16,16,115,88
1552,Footballs,cabcb483e5465c74c4fd309da3b69a03a4783eef3dc5649b7d0dc7240359d4cd,32,32,32,32,32,32,32,115,99
1556,Backpacks,a6540678a87eba903fd1ecd1f6aae7d4ef6c91770f2c6f2e611d3f8c7b0eeba0,2,115,115,93,108,103,2,115,22
1558,Water Bottle,f8b5e1b211bafaa8f2317f39e22f45ec1379ccebbac361c625accfa72b0eee57,122,122,122,122,122,122,122,115,121
1562,Tshirts,11ee808862bae5ebccd4667a091acef1583308784ace0c7aa8532a5594eebd4e,115,102,102,115,115,115,115,115,120
1566,Caps,4b2b74eb3839940a1662b957b1ed151276fe4ab5c27c2baa98ea8a0a845a3410,15,12,12,121,15,103,15,115,121
1571,Sports Shoes,276b0c17ddcc4fa7953ec3fda5522d4c54f94a376ce9af95cd082b2d9be50b2f,96,96,96,96,96,96,96,115,114
1581,Caps,6beb464024a36168714e80e34ddf1fcd3d5177134f2719a06c1e506ee4270550,15,103,103,103,103,103,103,115,108
1597,Handbags,6c48a5494a4bd4909fded75ad507af4a943b59ad037e651a3e3275e7209ec6b1,38,38,38,38,38,38,38,115,88
1608,Track Pants,e55b0e2475d97fd74c1c67ef138d4c0c496941bc4acf4e86d30b0ad51bf0615b,109,109,109,109,109,109,109,115,115
1609,Sweatshirts,37e2e5b68ec1f694ce0bb64094bddbd6d37dbbe6c90bbdae0ce34d9e88561ac0,102,102,102,101,101,101,101,115,99
1615,Tshirts,cfa720ef4d59c1d4ffaf8986ecfa2cb4e77cfe9b8b70af019067264813406c4e,115,45,45,101,115,101,115,115,38
1624,Backpacks,94981ab9329034ba10574240364e7b82c0dd667156c6f511561001f8535cdacf,2,2,2,2,2,2,2,115,88
1625,Tshirts,a6a31718ed660e8f1dafe9853b3f3acd1b244aee85f15629900b84de37650bdb,115,115,115,115,115,115,115,115,30
1636,Sports Shoes,b5d5c2db2db72e3c325a1235f2146d5b07e27627129259c6ac03ffb357ccb0db,96,96,96,96,96,96,96,115,31
1646,Backpacks,efcb022c71848bb6df6bd3b28ec708d3bd1c514fb236e1271644bd9580c2ea4c,2,2,2,65,108,65,108,115,98
1648,Backpacks,03b834e4bffdafcd46581b1f1350a2a2b25b9eee6bcdf9935acbe4380c9c5a10,2,2,2,2,2,111,2,115,2
1649,Casual Shoes,d494e8b9d1c919c4ddcbc50bd5f0445b546c50c4a6f498bd33fa26dcbdffe984,16,16,16,96,16,96,16,115,96
1658,Jackets,224d41eb1ba727f9f3b9eb56716e9374f933049b30d9dc06be9efc48ab9d9db2,45,45,45,45,45,45,45,115,96
1662,Jackets,faded2f015e35595c4cda8dde78640f577b21f53b0d615fcd234475162a508c5,45,102,102,70,45,101,102,115,41
1670,Tshirts,c4d1d8b18dce6da2493297e88fde3c4b292fdbeb2f34c02cd0b8f48677b80ed3,115,115,115,6,86,45,88,115,120
1673,Tshirts,e66b9ea9a6b7e1c6c312353466a91de9b5db2145777d64d298ce8914ed1815b2,115,115,115,101,115,102,115,115,2
1678,Tshirts,83d92435c76e7a352cb8b831fd65f759d1980d8a62cc226f0edeafcf7e2ce323,115,115,115,115,115,115,115,115,115
1728,Sports Shoes,b369e5fdec07cc699b855d9601e61f0db4833385c0bc5d4f83761d9c63bb9628,96,16,16,84,16,95,16,115,115
1730,Sports Shoes,a6bdade5d0a250f14b5dab91bc44364e4362cc19df9a4fd3008a3bc048d74d46,96,96,96,96,96,96,96,115,115
1755,Tshirts,6242e7dab7344099062f17e92368eb064062280362efe856caeae09fa7b3f177,115,88,88,115,115,115,115,115,5
1756,Tshirts,7006a5c82fff6cd8df11d18e9fe888b50292619335d7102efd39ba24d8daff9d,115,115,115,88,88,88,88,115,38
1764,Track Pants,4cdd46181d80d346b0bb2942fa6291f1f482dfb05a1fe96944fd2bfed178911c,109,109,109,109,109,109,109,115,121
1765,Tshirts,11f3627f530361e3c07055196054c8993bd72b3aa77986cdad999409a674e46b,115,108,108,108,108,108,108,115,115
1784,Sports Shoes,8b04f254569ae00f74e53325ac33060e8a9454eeeda2a0ef4831dc54ffa041a3,96,96,96,96,96,96,96,115,88
1786,Sports Shoes,78486f011d5e9dc201746b705f3c4217601300ea887ca00fdbe151ad033cf631,96,96,96,96,96,96,96,115,115
1789,Sports Shoes,f35e506518141d6403d99af405700cd67042b0b531fb84f94eacd175babb47a5,96,16,16,96,16,96,96,115,12
1813,Tshirts,c239e3707edea9c0571bf8050f46de2f399d880314629600491a4742c28e2d86,115,102,102,115,115,115,115,115,109
1842,Sports Shoes,12f1bed04130cbfb6c10e8de301858dd6cabd958b1a9645b0446ecbc94720f7d,96,96,96,96,96,96,96,115,53
1846,Tshirts,42862f456305faf28a2293fbb1b7bb038be270c1f9941b3b93aa53e456606e0a,115,115,115,115,115,115,115,115,121
1849,Tshirts,637c93eb0fe1d779c55dfe03d6cb8ccb907b55be317d056551213e3bc6f8a1ed,115,115,115,88,115,88,115,115,120
1857,Tshirts,863b039f5519ea7c50bbd6e499dcc1b1198e2f77e596d7c47e90a89d71e9ca3b,115,115,115,115,115,115,115,115,67
1859,Tshirts,e6afa4623d591d8bb4ce69233e1bf04e68a76a9fbcbb68b3a8847d0bb2d25c73,115,115,115,115,115,115,115,115,41
1865,Tshirts,9178a149ed4b33f25fca2b17e6e83b5d4abb4f894a176087078b9d55649f01f9,115,115,115,101,115,115,115,115,115
1877,Tshirts,898f4a158206e50629eb12f01dad7675b4dfb5d5377c42fc87e3fdc3db4be678,115,115,115,88,115,88,115,115,12
1885,Shorts,1ae622b36f0670644de39565cf95bb5f2e4d59e9dbd9a27e4c7191aa11953fa6,91,91,91,88,91,91,94,115,16
1890,Tshirts,2f08249cd0dad82e303142107832cb6ca3e30dc6966df412ccb54d569ce1932c,115,115,115,101,115,115,115,115,121
1919,Casual Shoes,34f72e4e8c0ece6739c5c291cf62d8600bf5dd58739adcfd7cfb0e8356cf7c16,16,16,16,96,16,96,16,115,88
1928,Tshirts,bedebc2f0e637bf351d966aac66f8053bd8eb4e15319d76cc52d32828c38b63f,115,115,115,115,43,43,115,115,115
1929,Sports Shoes,45e0a16254ea98118c305769d9d3bb4d01a6c34155b967fd31a1ea30ec2373fa,96,96,96,33,95,33,96,115,121
1944,Tshirts,716e389a52b333d5ef7e65b254a2d43151b36ef7350e09489d472980e9757b00,115,115,115,88,115,88,115,115,115
1948,Tshirts,9eade53fe163d29857c5f466d77a007cb926d51dc786aac96db091fb2848808b,115,115,115,101,115,101,115,115,19
1977,Shorts,6600353b75dbd1dad6fc0890292fa8f8538a56bb82d3a8d9b147dced83d64471,91,91,91,93,93,93,88,115,115
1981,Shorts,772412a7bd940a5a3eedb9386edf7a3a07b3f3111257eec7d392f5053e2ec0ca,91,53,53,82,12,12,121,115,115
1982,Shorts,0b550752dd50d9a29f5986e88043e2cf9452811d620a9c1aaf0c336d48cab73f,91,91,91,9,12,73,91,115,30
1984,Tshirts,802efa36ff70b20f89ce97e689006cd66ff4cc92872dbe79b01d43e2f7a72e4e,115,54,54,108,108,108,108,115,88
1986,Tshirts,2a883ae4d3514aeae25007ea645f8a8157caef9ece1beb24bdce5e534b5a9e62,115,108,108,115,115,108,108,115,31
1988,Tshirts,60495188293550970acf8e3bf82d9b471389d19bea375140697de4471fb0d6b6,115,108,108,108,108,108,108,115,88
1994,Tshirts,e96d95ab12e1a85f7aca517f09d51654cf488fc45be12f864a5f3c79e92f4d32,115,115,115,101,115,115,115,115,94
2005,Tshirts,b6c58d1b61550d119f692225431895dc565a7b82f3a3278794b73085a4476e24,115,115,115,115,115,115,115,115,96
2006,Tshirts,245089f637ea54dac2a3d8713923d678ebfba1a55d3fec94faaf6ac5a602f195,115,115,115,115,115,115,115,115,16
2024,Tshirts,f248aba052931b6b873e2d7c9ebbc1bc48fcc722f5f7db221ee074f703f77e0a,115,115,115,115,115,115,115,115,108
2026,Tshirts,060dc54bd9e993acb9bf897ac53d2edc4bf04f4f53058ddba3344ff69e2a598d,115,45,45,102,45,102,45,115,121
2028,Tshirts,3f6bd73977bca2eb883ebcdcf85da02f7a91707bebaf323a2a3caad18e9c83fc,115,115,115,115,115,43,115,115,96
2030,Tshirts,7a628ff1437b5d2860b044031e144d20f67a8175d7e2a0ecff7705f1aa82726f,115,115,115,115,115,115,115,115,94
2037,Tshirts,9f85340ac676a40f2aae8b0f7eac12d93b4699314015d9314f4280809bf1ca44,115,115,115,115,115,115,115,115,5
2040,Tshirts,820090983df94d20cfb124e62d1a9e3a38a8787341792275d00315c2d77a0358,115,115,115,88,115,115,115,115,36
2047,Tshirts,c61633a58c843fc1269b606c7071d5545d703140e03b7a9c13408f1ae9ef9ba6,115,115,115,115,115,115,115,115,41
2048,Tshirts,f68d90d8d62d8dec68f91db532285723ce019239d88fcea27537d730ac9e51c3,115,115,115,115,115,115,115,115,115
2060,Tshirts,d2b9b43049142ff40d7e3dfa41717eb08943932b601e36781ed66e7a672bc6bd,115,115,115,115,115,115,115,115,88
2104,Shirts,5d09fed2dc3e9294ad540a0b4952fbf414e9906a28ba541f5e50c7b8997081ff,88,88,88,88,88,102,88,115,115
2115,Track Pants,32cc619aac08298e523c04f5de0ae9c5ecc6bcda89072968a8d63160dac8cdc3,109,109,109,109,109,109,109,115,101
2127,Shirts,065858fc26b77851e701092228b2c9fd9fc0ec85eab5794333a3c74475a98f7d,88,115,115,88,88,88,88,115,41
2128,Shirts,48dfec583914a3bb65a75589a388ede524e720a75178538db8009227deb6321e,88,88,88,88,88,88,88,115,102
2138,Shirts,306c94c0a5c65ee1147ca5a2b9915e82439e1bfde1741e6776d8cfe487de0401,88,88,88,88,88,88,88,115,120
2144,Tshirts,cf14d163896f275cb1cd1e893005c04e00cf00e60c207b4c9de425791d94c229,115,115,115,101,115,101,115,115,68
2148,Tshirts,47c6892202cd7aeee19fdcae2f7fd9954c3ee5ed32092dec1aacd0c36376dea8,115,115,115,101,115,101,115,115,120
2152,Tshirts,49bc30fdfa4d8be85de75ffb0027dd112e1eeb1e1297ae6a4f5c3529f7751715,115,115,115,101,115,101,115,115,102
2153,Tshirts,b568f888b1a541c8db76c61c80f44441a4a92872047b28fe7d62d445c37c3817,115,101,101,101,115,101,115,115,46
2155,Tshirts,fb2f5cee2755587fca83bd9cb4f616b0ee0e16328b06d93e4382abb6800836a5,115,115,115,101,101,101,101,115,56
2157,Tshirts,beb2e0b1785468318b7570484df8c68fd582dd90046f262f49441182010dee21,115,115,115,45,115,115,115,115,16
2164,Shirts,86a30474f5af1cdb69d9b0a91b2a09be96ffb117e041129e271a4888f7aebe22,88,88,88,88,88,88,88,115,56
2169,Shirts,d283a296eab996753a94c6604d07ba921f9ee78707a6dbb3eacebd9a7dfe2093,88,88,88,88,88,102,88,115,16
2176,Tshirts,4e29d1f6bf161a7cbda0d7f6cff4aa8c217a4e84b48f171f4e32eb122c3d63f7,115,115,115,101,115,115,115,115,16
2179,Tshirts,70a3af93a7e43506bd647afc209bd669d3dc6166329230d06110d9e6916c60c6,115,46,46,47,46,46,46,115,121
2188,Swimwear,23037f23f94048104e8db8cb3aa71f3f51f95529fce2f2a1f7445f43ed26d9e9,103,121,121,40,103,40,103,115,84
2189,Tshirts,988148d2eea48bf27bc1fcdbbae3646acb0afafd8bf5a370dd9ee73ef763633d,115,115,115,88,115,88,115,115,115
2193,Shorts,2a058582043e3690ef1f2925ff0deb89d75c03b9beaf5c8dc29e37ba7cc4ed25,91,91,91,91,91,91,91,115,99
2196,Sports Shoes,f46c139fd81d84abc594d5bc4c5422366afcdc8bca21d3669304436e8ff317a6,96,86,86,98,85,85,85,115,108
2200,Tshirts,5c74a5eaa18111ea447304db0bc41b3bfa405859534607a06dc5c0b3941511ee,115,115,115,115,115,115,115,115,84
2202,Tshirts,3224846503e73d9c01c22376863260aa6fdeed3b2707ee4d25396484fa01f87e,115,115,115,88,88,88,115,115,115
2217,Socks,f501af990d703ce2cd45e9b5deaab8b371e4870c9412407a44e2842ca1281f29,94,32,32,37,94,32,115,115,94
2219,Casual Shoes,82fa822c69e08c57bf75f1662ec9c95185abab7cc31632f3170d745b61e20989,16,16,16,96,96,96,96,115,67
2220,Sandals,620f69ce6cbfca0674fc5576be7b62038a761a853d6258ad8e646e8e4a1fba1e,84,84,84,96,84,96,84,115,115
2222,Sandals,5231afa81f6ff13c1e85f75e91e4ebcbf1d366ed3bbe6bca6a53ec541c18db5c,84,66,66,96,84,16,84,115,26
2223,Track Pants,72f4d2a1475385a2d015e75cbeec332904c9576c2ee27efd22a9d0176308093f,109,109,109,109,109,109,109,115,101
2225,Sandals,5640b57c7e3933503fbebac93e6ce35fe98a7b02c120e23c3e10a8ad053fb2a4,84,84,84,96,84,96,84,115,101
2232,Tshirts,fb2e3cbb07f83d06fbc3f4f34772afa8308cbd611a5c7928bf292ff4334c6a1f,115,115,115,88,115,115,115,115,96
2235,Sandals,b447b0cb061800fa1a07c6bc14d79db81281c451bb2e4a5cd9f84e6bea4f7de4,84,84,84,95,95,95,84,115,5
2250,Flip Flops,cbede0bb8723339777d33bfd2f33f20ddf7fb66d9f3ce7061e1f9c8038727b1d,31,31,31,31,31,31,31,115,120
2251,Flip Flops,4364cd68322a1b849b792f06bfd1fc72eef7780979726e968ca6953eb984e90a,31,31,31,31,31,31,31,115,115
2256,Tshirts,86feb91b5e413081cc9567f4ec0cbfa909230e8b809b5dfb19017d0384a173d9,115,45,45,115,115,115,115,115,108
2260,Tshirts,9f458b2bee8d4266d20018c338bce4171e8e1f19c798478fb2b06666c4a3d622,115,115,115,115,115,115,115,115,5
2263,Backpacks,8b4eb368e71f01f40def05955e4ae8ec14369c84e90e6f63d1a3a42b69bca9a5,2,2,2,2,2,2,2,115,121
2273,Tshirts,51fccc8098de97133f818ac9d1bbfecfd0a643698d29e7210fdf4dce2262ba6a,115,115,115,115,115,115,115,115,31
2282,Tshirts,772e8b1d3c5663fce2841f16e1ba78383d629fb3ac4e4a07c39d1447b4d6e93c,115,115,115,115,115,115,115,115,84
2290,Tshirts,0fa9b0b5fd41d3c5a0f5c46015b3f85e89aba5cad5da21f62bff169e8ed5604f,115,115,115,115,115,115,115,115,96
2292,Tshirts,27fdd30cfae7628219e838b548ddcf37b515e6a4bc306e3794da82bdc14d9ea9,115,115,115,38,115,111,115,115,120
2299,Tshirts,91895c77d035fcceb21d0be6e14c64324ff646ea29d8000d8f2c1611695d03f3,115,115,115,115,115,115,115,115,88
2304,Tshirts,832beb76ad533914a0cc3fd272ce51a693a3fc40624ee2f90634dcaff4cdb08a,115,115,115,115,115,115,115,115,88
2307,Tshirts,89957b731944e672ca537717c319bc75fc42e554d1211745ba295d46f3742dd8,115,115,115,115,115,115,115,115,16
2314,Tshirts,964f5ffb368a86659585971eedadb2735ff07202a05f34f6cbb6b71af410a7a3,115,115,115,115,115,115,115,115,115
2317,Tshirts,e868cae465367d04f04131efbd999b0f3eb61f91555bba3b9900a6f79976352d,115,115,115,88,115,88,115,115,2
2330,Tshirts,6ca01445699042859f385cf20665a2f2d60d80489c77d0fdeeed1bf85eca9062,115,101,101,115,115,115,115,115,88
2333,Tshirts,3b986833a5c548685b7fae05b580e981dbefac01b3761aa4c5e16738672bd7ae,115,88,88,101,115,115,115,115,115
2338,Tshirts,5bb12d64a1831f08928e78b018a870d24cff4966b4d1c7a8b3388cdf5f6b6264,115,115,115,88,115,43,115,115,121
2349,Tshirts,b14dcdd1613dc419f0d924321541f67cc38f2f0833d138330a86262968eb271b,115,115,115,115,115,115,115,115,35
2354,Basketballs,55874f37e058a25546c94660d9a6efee88fc1793d7f0b77aa86882809e77fa5f,4,32,32,32,24,38,94,115,84
2355,Footballs,3cb7f8b2eba0ad483788264cd006c08d42781ce009917fac1cc5e25f9e649bb9,32,4,4,96,121,96,121,115,121
2359,Caps,bd2d84f59410a1f70de39c337b2db110487e3104dc792621cf1731ff107bcb99,15,15,15,15,15,15,15,115,115
2366,Backpacks,e0175dc3bb9fc97012238bc02d47344922e64c1f368a141e806a6937110bcdc3,2,2,2,2,2,2,2,115,53
2368,Casual Shoes,9a669e4184890672bc8676759e134e08539687694dfd6b133a1fe87ee0d412b0,16,33,33,33,33,33,16,115,115
2370,Formal Shoes,1a5eca77d188fec60d5f99643be8a08ce2e76810a60378913eb27ffd7e2edf42,33,33,33,33,33,33,33,115,115
2373,Formal Shoes,05bc0d69e43f524f56c3615a0ba940b153accc2bed50f5ef38368851e894e735,33,33,33,33,33,33,33,115,99
2374,Casual Shoes,af87d54513db1d5eea947c6a08ad4006b58eeb4f3d8e4f18eac122f98e9452c2,16,33,33,16,33,33,33,115,109
2375,Formal Shoes,7063b5bded8fa075c115cd7c3f72e1122a8f1ce6b2b777157d34b14d97fd9e6a,33,33,33,33,33,33,33,115,84
2376,Casual Shoes,e1794c40b9a09eec4f7fb4d65f085e7f637cd9ff4b65202b54f15d8eb124e854,16,33,33,33,33,33,33,115,16
2388,Casual Shoes,e32ad2c6a1484ccef9b6731422e972c1966b13fc6a5f0ae02597ac0868f2364b,16,33,33,33,16,33,16,115,91
2391,Formal Shoes,70a008af183b245e0a59e1be1bbf6dd62d682d1135f3efab688c5b50c552659a,33,33,33,16,33,84,33,115,38
2397,Casual Shoes,ec9dc91d6f158228621fb8a53917db487da8c845b0f5b5b45c3e6b13c670b8d6,16,33,33,33,33,33,16,115,5
2400,Tshirts,6be40378beb516933f560348bed2e54fda3087b1c68697355efa927a11d7e978,115,115,115,115,115,115,115,115,96
2474,Sports Shoes,b39d1957b7abd246b1ee168ab0420fa8b9a30aa2d43cf26ce5fbee6229f59aca,96,96,96,96,96,96,96,115,88
2488,Sports Sandals,81eda3c7defa7a46b129899e45fb14cb796a77f27492eb4687a010f8e06c1a74,95,95,95,16,84,33,84,115,12
2491,Tshirts,1de4ef850c8392f47358b657e2ac3219e11934aed7726ecbe59a63131061eab0,115,115,115,115,115,115,115,115,121
2494,Flip Flops,2f61582ad55f69a855b4a2f07767ca6e445206789c8a06077722c360e83274bb,31,31,31,31,31,31,31,115,33
2497,Casual Shoes,11dde3c0251977ed73ef71a025217e928ea7bd2f2955b2b88f74f338c9937983,16,26,26,26,30,33,16,115,108
2511,Casual Shoes,32a6a4a12b05b634f64d646eac75aab83da4841f36b7a921e0f37b23dc403ef1,16,65,65,31,16,31,16,115,35
2540,Casual Shoes,ee0c5159392fe3e9fe9f0e63cc7ca75201ca1753166f6c508c2684e88536eed2,16,89,89,26,16,26,16,115,88
2550,Flip Flops,7cf46de8804acaf33f2036c61b9e88841ed1ee3acc9fe69334da5e2cf48e0040,31,89,89,40,31,33,31,115,41
2551,Flip Flops,1f37f31b68fd61b3eae5fd2d19cbcfd027bea7084a1a286c1c9f4d80d2681b96,31,31,31,40,31,31,31,115,96
2557,Tshirts,09fd13687f56884bee66305511d9bb1f6f8d241c0064623bfc6451122ec34c43,115,115,115,115,108,43,108,115,108
2572,Track Pants,0a934b2f0fd28e2a882aea140c5544c6e5fb701758dd8986242bd6ca933ebce5,109,46,46,109,62,109,109,115,101
2576,Tops,b1a4e48c8e131dcac8e22d3adc22e7ec68d40b75d0afde806c2e28de95c5de25,108,10,10,10,10,10,10,115,110
2579,Shorts,05ddad7c9ce8f81cf2c31f3f06d4c1da8bb68316706538dbc96c110ece748232,91,14,14,14,91,14,91,115,113
2587,Tshirts,08d42f37ea7d2732db27b370c5225abe036e91bfe4a03f36b6671271c7479678,115,115,115,115,115,115,115,115,16
2588,Tshirts,f57d545589dd07bbcfb877aa7ceba1d00144e339128b1382076d7bc3ca2d5182,115,115,115,115,115,115,115,115,26
2603,Tshirts,418a08b819bcc12b4d04d7fe80503bef4b4298e061cdf2abb2394b552d318e4e,115,45,45,115,115,115,115,115,3
2613,Flats,c4ab388a9fb563dac0d60141df37f935885b85083c7eec435974e567d170b984,30,41,41,31,30,31,30,115,45
2622,Tshirts,e8110c9b4233d0518765fbc52bbf5bd772b17b71bc2577bc2439a56322cb135e,115,94,94,94,115,102,115,115,84
2624,Heels,4b7015fa23434a51c56113f0dced96740b9ef69cdae369e2b9f255c20b9bd6bf,41,94,94,95,41,95,30,115,10
2625,Flats,10258011d920ef32d7d330e8f6e5b70ec92d351d37bdfe1ac3dbf2f01401393f,30,41,41,96,41,96,41,115,113
2627,Flats,e167548c539d73e22c2637d9fbcceb5407a21d7e842696a76dd74f4152f0c347,30,41,41,96,30,96,30,115,5
2629,Flats,f04b980da5f1f007c974bcaceb5555db2ee311981915ca06f5217df1ada483fa,30,41,41,96,41,96,41,115,88
2630,Flats,364d097df6b74a6baed92cf1b2910747437deb052e5f5a69d82b36b273e4415f,30,41,41,41,41,41,41,115,101
2633,Heels,1e7c80a0f81202b4e82a667456a8c44a7c91a9862db2ae1ec20cff8da51c89f4,41,33,33,33,16,33,33,115,12
2639,Formal Shoes,316b88cf7648e2060706f0c46f0d16dc04f90ae7e98d2c8459cdc339e16add45,33,16,16,84,16,84,16,115,84
2644,Handbags,e2107378ff2151449248318f0eb098a5af68d32b95d7539bdaacb20727676062,38,38,38,43,38,38,38,115,108
2655,Handbags,d22bba9992a2b772bb8f8a76055deecc2eaca8bee733802556c210b62d03230d,38,38,38,38,38,38,38,115,82
2656,Handbags,94a0a627017322eaead847123ae15b74904cea7da8c001a8d0948cbaea0b64e2,38,38,38,65,38,65,38,115,115
2667,Handbags,3bd9da3a93caba6ef8016e1ef2deec94c5c74d734e912bbdbf9bda9aff2c02cd,38,19,19,38,38,38,19,115,88
2669,Handbags,567104a943386e6e1804b0037f7c70179b5af9177fbab6d119d07e6a54bd7156,38,38,38,38,38,38,38,115,33
2670,Handbags,73d9fb6848e7f0da40c91f0c5ee851fc7c40fdcf276360c8db41ab4512fceee1,38,38,38,38,38,121,38,115,115
2676,Tshirts,72d80fda085409f4d2c18ba433aeb4f4af81468aa20951d5e182251965a66fca,115,115,115,108,115,119,115,115,115
2685,Tshirts,0bb869900aa33ae0067891b6956ded068297b8db4d0061ab25ea9ccf2cb7164d,115,115,115,115,115,115,115,115,115
2688,Tshirts,e37d10c540d224a67755b3b31113a7d2da4dcd7b8bd6f7f5cc60b63e1ea59f69,115,115,115,115,115,115,115,115,116
2694,Shirts,4f1ef406cbb633e0df31c5f91aa111c4b51ded6c8008326a7dcce8588e3a4ca3,88,65,65,111,115,115,115,115,96
2700,Tops,f3f672a1be4c61fa6063e8170cd40d2fd60b626faf206c7d4dae4ca3360f6eda,108,94,94,32,115,65,108,115,115
2703,Tops,a2488c1657b905d6f6aaaadbc02446feb4674b34e4b554d817573178063c7249,108,38,38,115,108,115,115,115,96
2714,Tshirts,75144d90a74ba84295b3351481ead36afd273e7453f07c7aaa23c0388fb3a65b,115,18,18,115,122,122,115,115,16
2717,Tops,b99ba570bb5cec197f56fef48f0dac2d1f89d3e9d8c4f7609e4d0448c68751d1,108,25,25,37,25,32,108,115,115
2740,Tops,9b6c24ac74620bbbaf5cebae0d08aca5536e3d9f1c699f713180df8f731a9dfb,108,93,93,25,25,18,25,115,16
2747,Tshirts,9fc2802081e41c637ce9d5f94b2672046d6206f280c8dbd19463169d12905319,115,115,115,101,115,101,115,115,108
2750,Tshirts,669855f0540ff798653801c439f2ae913b805c69ab5f7de98ec576f819619aa9,115,115,115,115,115,115,115,115,96
2764,Tshirts,3d1b8f7d5a7e6ae2e85796a61433ad83640e69eb829b51e574d740afb23a2051,115,115,115,115,115,115,115,115,5
2779,Tshirts,42d5cef3e1ac4c8472df5890caf7828ea65b3843b6603ea92278a773127366f6,115,115,115,115,115,115,115,115,41
2783,Tshirts,a93994c5547fb970c0254c06692664fc24d1e9820b72bb71466798972195df0c,115,115,115,101,115,115,115,115,10
2785,Tshirts,e7ef1da2c560767e5b5e8fce56d79759a1767e5d028649ffed6dc94da0c2e003,115,115,115,115,115,115,115,115,99
2786,Tshirts,dc1752feb1134f05e8a1f9770aaea151b13b7aff6416f97254923ab88ab125e3,115,115,115,115,115,115,115,115,16
2788,Tshirts,25b541dd66e8ab858a814d98917a6f1ba51d2241b65f9f5e4f181f559223c012,115,115,115,101,115,115,115,115,16
2801,Sandals,9e9bbcb12ec2deda7ce15078bb8d67e4d4831f40330ca67121c87deb00678846,84,84,84,84,84,16,30,115,16
2807,Casual Shoes,543b7a353a3f3f6646bdd0ec7336e9f22154797210fb2d2fbb486bbf5735003b,16,95,95,16,16,96,16,115,88
2812,Casual Shoes,96e0f231538041c64e12003278ab31bdcfd9f98d496620197786387e007d4552,16,16,16,96,96,96,16,115,16
2814,Casual Shoes,66ab5c0339db5e16b98dd281de60a0ee8fc18ca29131e7e0fe8976d23c41e6b5,16,16,16,96,16,96,16,115,96
2822,Casual Shoes,decfef2f3076d4ae6f4172904e01bbba51791ff853f0d8fefcacb1f1638c26ff,16,16,16,84,16,96,16,115,33
2827,Formal Shoes,8b7c96e75c213872b28b06c86259d392ba2e3830a9dafdddae17dc853c9bd22a,33,33,33,95,16,16,33,115,102
2854,Tshirts,8c3c81d55b51e0c1bdc25e3e7fb4d654b509d687198d1fbe76cb5543f3e0afe6,115,115,115,115,115,115,115,115,12
2861,Tshirts,db5491bc7b056f832b5e17caa593b018dc40d9f3f4cd04ee4cad9b3a8aa71861,115,115,115,115,115,115,115,115,96
2867,Tshirts,5ad37a0934dcabe4d9e6fa946cf7428be8b1d7eb8990244967245c909abdf307,115,115,115,115,115,115,115,115,96
2869,Casual Shoes,f28b638346e4a3efc19887ebb938b7af9aca45a8f4e182c25d47a00dd1c9bb64,16,16,16,96,16,96,16,115,88
2874,Heels,25866be6b97e6b9217105e84247bff32e338fb399d3cacbce0fdc91a091ebede,41,41,41,41,41,41,41,115,38
2880,Heels,71a9940cbbb5fe0e7abbdd80f8ac399bd5fd7dc77c5221af766fd6059da1b31b,41,41,41,95,30,95,41,115,120
2886,Flats,ccb43bf420e21fa5a95ef8df127b35a8baefbc4b55312a0bc70742b84a84e614,30,41,41,16,41,84,41,115,96
2890,Heels,c3eb05da216ea9e66e334e5737113e0d42a25da498b32c278c4747d77ee61f01,41,41,41,84,30,30,30,115,115
2900,Heels,1fc875d56ece28b23efbc577f885df53f9cde291d9163c96e5d788fdb7413bde,41,94,94,41,41,41,41,115,115
2915,Tops,238ad1131d0389aa158997eab0ae7d55d8a27600e06d5a0ace9c8e7cea5bb022,108,102,102,88,108,108,108,115,31
2931,Tshirts,c97b969f09b0cb0caccedf5ed6cce5dcd636b007cbad71df3c033854e02f4206,115,115,115,115,115,115,115,115,3
2947,Tops,af3fead3c5602ce5585be9cee4d1fb4fae0fce6dc2e798b82ebec0affa9c307d,108,108,108,54,108,108,108,115,94
2954,Capris,698a0751825d4dc188d01ca9edf4336290932ee25e582a4db4633ccbdcfd5272,14,46,46,113,14,62,109,115,38
2963,Sports Shoes,7d5f6e3ea9311edc0654ebd18d8734b6b72eea9d3e8b2ee4e89dc95bb9508f27,96,96,96,96,96,96,16,115,30
2970,Tshirts,7f31bb09240c90a2f6df1eb078ef06f4a6bc63fdbdd876d7868c7efbc5188c46,115,115,115,88,115,88,115,115,115
2971,Tshirts,24bc27714af08ce6878c51ac35ac4a164f867dd6eeb81fc62b532c3e1394c5c2,115,101,101,101,115,43,115,115,94
2973,Tshirts,ad83ab0c459fb352feb8d05af3e6c3566859d1b7ebd0d7b351218539e2ee5684,115,115,115,101,115,115,115,115,96
2981,Tshirts,4841edeb224c863b7c623b5030301eae9d8a14da4505312d57de59f558dfc4cc,115,115,115,115,115,115,115,115,38
2982,Tops,3c2d1b63aeaa111c93acf050a93749069a7aecba2231ed17fc149eec0580f05b,108,13,13,88,108,92,108,115,53
2986,Tshirts,91f6c747ec2cc7afc859e2ed4fd649c886ebe8d837131027cb8c0ff98dcf333a,115,115,115,115,115,115,115,115,96
2996,Tshirts,183109a6bca9f15399ee3833923cd6d467c2396d49c0bbb8a092581f6d159bf9,115,115,115,115,115,115,115,115,88
3018,Tshirts,ead809b1e556189de5c2dbf2df84de6cbf25df623bd0f3263598396da8a53261,115,115,115,115,115,115,115,115,88
3020,Tshirts,3b4d0a3d6e4def0230c1d9fe248098d113551715fe2274202ff260105dae3179,115,115,115,115,115,115,115,115,31
3047,Tshirts,90ad7b2f74afdbdc7ccdec46bee83a315ccacc1e28e0c0877c124c929c054c5e,115,115,115,115,115,115,115,115,38
3050,Tshirts,338a5d0ecbfd646ac328bb66a947d8eb9f38b20e3a0a099c5313f06d6f8ad7cd,115,115,115,88,115,88,115,115,25
3051,Tshirts,a74fe00c61094e3e49262fdeff5f2465a9780ea22850c96cdde2e8b581bdfc5e,115,115,115,115,115,115,115,115,108
3067,Tshirts,584e49258199b040d7565db39b7aea26b5d50c41a67817776e4c63297fa4da86,115,115,115,88,115,92,115,115,115
3074,Tshirts,e64e4e36a32603406d9ef544b9e881253b0c75cb99bffe8572aa37f1aa6681e5,115,115,115,88,115,108,115,115,46
3084,Tshirts,cbe740f5b8e2d6ddac944fcf57d8f8b9fa921aa50b0f675ecbf033f00cef3c21,115,115,115,115,115,115,115,115,41
3088,Tshirts,e0bc267cffcce381169410b7da2421158b5ab7b5724d3affc0a50b185e0204c4,115,115,115,115,115,115,115,115,88
3098,Tshirts,129dfe458c9cfacd872bc090284ff569bf7b86c0a695295dfd0148487324604d,115,115,115,115,115,115,115,115,88
3103,Tshirts,d78fee62185d65b33212be7d3387ebee2a818933f17b03a762aa46a9332f53c6,115,115,115,115,115,115,115,115,31
3124,Tshirts,c5775a685f5c74a8d5032586d92fda65c55e5afd1d17eb6cc67fa2da8c9a3d7a,115,115,115,115,115,115,115,115,99
3131,Tshirts,54eed1d10019f1092f77bba018d57fc12dd12fa6bda40cb0126902a4685542a3,115,115,115,115,115,115,115,115,84
3142,Tshirts,4adb795bb47412a34e6ea4cd1dccaf50e64a9ee6929f5abc25f06421807502d0,115,115,115,115,115,115,115,115,121
3151,Sports Shoes,c9a6f1730d54849c89e99f203001580831cc3455d04b4ba869e3867de9999ee5,96,96,96,96,96,96,96,115,38
3152,Sports Shoes,f7d27a53c0a1f3ed136d76dc77f875f2bb8674f688c4047de7c1bb3b0ca60bf3,96,96,96,96,96,96,96,115,84
3162,Sports Shoes,722084a3ec9e48d993c412ffa336a1af92ee162925160e6d454c780cc86828db,96,96,96,96,96,96,96,115,53
3165,Sports Shoes,88baca78298a083af80e9b8db9cb5404ca6663621a3b0ef4bfcc212c47c4de47,96,96,96,96,96,96,96,115,41
3167,Sports Shoes,434a51b65b407b5f0ae5652a42a18f3f2f7d4d654c8a40ac4d3ce0c795f5b7bd,96,96,96,96,96,96,96,115,115
3168,Sports Shoes,81efb398a64e11645b121795105acc47ec088cd73618330c659188c465f197ee,96,96,96,96,96,96,96,115,84
3170,Sports Shoes,a49ea2b9dec8314dfd68ce918cc5ba1088d93cb697ad6313fc7b875cd1757c82,96,96,96,96,96,96,96,115,31
3182,Sports Shoes,a40f5936a66fafbf6344a5c2698af83147f66944abfab597b9fde58f570c621b,96,96,96,96,96,96,96,115,31
3186,Sports Shoes,fbf898d6675238797068496bfdff9c66b5fe9451ebaaa6073f127a607c107ad6,96,96,96,96,96,96,96,115,31
3187,Sports Shoes,df5051a8e7aa95c7ba6d23108ae639cd41d62998c6fa6f8d366e53cba377b3fe,96,96,96,96,96,96,96,115,96
3191,Tshirts,bfdc287f51b243d7ce2d62edbe25c0e6c8a0af7d94ee0d1294040e9960bf744d,115,115,115,115,115,115,115,115,94
3204,Tshirts,59b86c12c478d32862b661d00ce710f040ef41c978e426edc110e6a6af3f08df,115,115,115,115,115,115,115,115,25
3209,Tshirts,afd4930d2171820d860846318893275c1ced6c1ca1cd28b4252347489fc6c334,115,115,115,115,115,108,115,115,96
3210,Tshirts,4520b08f7795eec36d5cba0b22f473efb379ff4811ad211afa1db177561d5450,115,108,108,108,115,108,108,115,53
3213,Sports Shoes,6d9ee3d354e1129bb60ff17ef6380f7c72b77b2aca82a28b3075ffa2d4f7ee16,96,96,96,96,96,16,96,115,41
3225,Casual Shoes,124aa493d5a291e5fe90bbc07971f8609ab1f7bf7090fb424e34a1d64bfa91d4,16,16,16,96,16,96,96,115,12
3232,Sports Shoes,73d3e276a9d1ed8db8c07da8ec3ae1bf5915b1ccc630035952f2e364aa56adb6,96,16,16,96,96,96,96,115,16
3242,Sports Shoes,e29b1c8fb5b6092c2a33066b37c924e19e392c42bae324d2161e7b09b1ca21de,96,33,33,96,96,96,96,115,121
3243,Sports Shoes,20ec637fe3ddca94834b4db322ec923503bdfc061d9a1f9dec25156e9f01f343,96,84,84,16,16,16,16,115,16
3248,Sports Shoes,52a84bd351f0195f433d1273cda57e5a38b6433d247ba6a3b0c9e23e6e698cc7,96,96,96,96,96,96,96,115,121
3262,Tshirts,4390e2e90620f0fa4601d4b329b8fda2b2f39d069f1c7fd9c2ed656e4b9beb34,115,115,115,115,115,115,115,115,115
3263,Tshirts,2e2668f19f8be4bed2f48165988a1a96f5508cd0dbae5343d84faf10bd5e6bb3,115,115,115,115,115,115,115,115,67
3267,Tshirts,7aa319d515fb7d4875895df61c13c72fac185f58ba87331b4dad19ea1157c7ac,115,115,115,115,115,115,115,115,84
3268,Tshirts,da8fdb2b0788e0f82c266d2002fdccca837e031fc9f3e31cda671a82422eded9,115,115,115,115,115,115,115,115,16
3274,Tshirts,bc693e3553288cdcaa71e2d3f3842b7cc9872697907be2b15dc0fa851f51c9b3,115,115,115,115,115,115,115,115,115
3275,Tshirts,f9f3d0d46b639373f519538f998334e445cd7b155249d0cbba2045669f70851e,115,88,88,115,115,115,115,115,19
3278,Tshirts,ecebf76d76ffeeff5001dd7bbe589285f0b09c09d6a79e4094b74ce8a60b36cd,115,115,115,115,115,115,115,115,96
3280,Tshirts,946538f2c972a014ed059ac41a25c8306aa57c07c858af2f30da8318db2e38c6,115,115,115,115,115,115,115,115,14
3287,Tshirts,39a934ab922c83f44caec9ec797021916479ce6decaf352d3d69c0080c3f22c0,115,115,115,115,115,115,115,115,75
3300,Sports Shoes,8daa82a062bfdcfad408e194b535e8f1fc343eb5d4dcacdad47565f1e146aa4f,96,96,96,96,96,96,96,115,96
3308,Sports Shoes,ba7dad152eec573ab48d1298d320573af03ee7cedecfde88921e3ea6f77acae4,96,96,96,96,96,96,96,115,16
3313,Tshirts,1eeadbe72410c4048a58c107b1c1c06824319c154c75077b0d86ba97693826e3,115,115,115,115,115,115,115,115,54
3319,Tshirts,06234c746ca7205ddfe3c6cb1c0a19bf0f5f6a3ed29f0eb0ff6501364dd22335,115,32,32,93,115,115,115,115,108
3335,Caps,a4ce50be7aa6e91c6097fb79d89dc6d7fd33d22cdbf26e931f4025abfcd02804,15,75,75,15,15,15,15,115,16
3338,Tshirts,3d5ffa6f081f97a321ecb34c175d90f2a0b661cae7da4425cb29fe9589a34ec0,115,115,115,115,115,115,115,115,16
3343,Tshirts,d2d9691c190e97a317e2fdf22c40148b32182dc5b1249d57fd461df90a7f86ff,115,115,115,115,115,115,115,115,84
3350,Tshirts,8b0275c2fb983ba14633539aa612558847f84a1a188a51b7795d0d9fdb4bb61b,115,115,115,115,115,115,115,115,120
3352,Tshirts,1553e44b55cd4728c608644a255aa625acc84e155bb62307f5a830f4624f7fdc,115,115,115,45,115,115,115,115,53
3354,Tshirts,d4471fa327edfd81b2ddb4faa08eebe32aa11666f1da0b45b5e9bdd4647b01df,115,115,115,115,115,115,115,115,33
3359,Tshirts,9bc9e80aa0c7a9b1b3277852381966d4ed9dab5e3f8477b6700aa2621e9b0edf,115,115,115,115,115,115,115,115,16
3365,Tshirts,1223f08b19390701c980a3b72e664e1d67085a56fa3abef5a8db87ff169c936f,115,115,115,115,115,115,115,115,115
3393,Handbags,6effc3bf542aa68fca3e634e45145aef559b362da8e4eec91d4c7ed0533ec134,38,2,2,38,38,38,38,115,88
3396,Handbags,ae6ba1b9923bf18d747453e462a8853213e749c6880a753e26bc45a33b85e1a6,38,38,38,26,38,26,38,115,24
3405,Handbags,7eb91790d1e1a94d613595f4ba0ba3d0c420d3968ae5dfff6c1319ebf3819ea4,38,38,38,38,38,38,38,115,115
3406,Handbags,fabf19996d98a2b0ff89dba3a7d202f5146d0bd628601aa65ef65754e2359473,38,38,38,38,38,38,38,115,41
3410,Tshirts,d7d809d9057aca586a4073f789eb86639dd715d65b2a58d37dce407ed1ebc8bf,115,115,115,115,115,115,115,115,16
3420,Tshirts,f29a8015bfecbe3ff9c3cae9a23cc984ed619a3de25b24245713c859a51430d6,115,115,115,115,115,115,115,115,91
3429,Tshirts,3c8b7c2bc38116a5dd6e7e98a23843f3bae144e67d056066cbdc961c8d835512,115,115,115,115,115,115,115,115,16
3433,Tshirts,7acfe39c1d808e63fdca1f9b952fa5b24182fb2d0640ea4dc97a7adc02d1785b,115,115,115,115,115,115,115,115,5
3447,Tshirts,caac6880b2b2509986e0fb7f4f00d19098cb7db0e909c1c34d48502447810b33,115,115,115,15,115,119,115,115,88
3457,Sports Shoes,19490580020a32af0db11ff49e45d888429f7767ef0aa07c8168b8bb8032e4f0,96,96,96,96,96,96,96,115,41
3467,Casual Shoes,1780f1b0ba209f1f6777eb4642471f710845486e51e4f022fe233d093c7cff54,16,16,16,95,16,16,16,115,88
3468,Socks,11379c6a841e7a3b0cb39c48da92b044cf69cb1ad5b85e121b106b3e5a4a01ef,94,94,94,29,94,94,94,115,115
3472,Water Bottle,b566c45485aa1e80f676f3eb5c5327017668144865fa615ec6e554e202271aba,122,110,110,122,122,122,121,115,96
3474,Backpacks,531067efed5bf1f94399bab0b3bfa6978ab0894cecdafcd1bbfa9d79b9e9383f,2,2,2,2,2,2,2,115,115
3478,Tshirts,8681ab3f8f018471efb1f0211e8d219a4ccb9472c32e3623f6ede13a565b0a14,115,115,115,43,115,43,115,115,91
3490,Sports Sandals,bb8d553b330bbc994e318ea362cc9161e3560c43e1f251cd16de7e44c8265d41,95,95,95,95,84,95,84,115,99
3502,Tshirts,cfe2c6a9be5c26c8f86dca495df4e8da21b7a45530535ea63f98f68ab4e5d2d8,115,119,119,108,108,103,108,115,121
3505,Casual Shoes,a2de73b1198e310a7029a608539c0075959c2971724179d39c831a2552c824a5,16,16,16,96,96,96,16,115,16
3521,Tshirts,af3b970e44e80c1f07acc5c26ebccd4aa2858c7858e3bb9b2bed25f78a464d00,115,115,115,115,115,115,115,115,96
3522,Tshirts,56da396b2d2693cd1ee332e48903ced146dcb6fc7a2679d768eaa14c99bb8480,115,115,115,119,115,119,115,115,115
3539,Tshirts,033b53f6b16cc939d5bf8838dc3d1e5d7f279d791882e30dddb7738cc99069e7,115,115,115,115,115,115,115,115,63
3540,Tshirts,2002b5cd55439d609a571aa558e9dcffbba72d54b8060fbf976ab9093ef28904,115,115,115,115,115,115,115,115,114
3543,Tshirts,e861455921be3184e5d9b4cfc8d89aaf402093370c2c948e5b921ceb32cc1bd7,115,115,115,115,115,115,115,115,115
3550,Casual Shoes,641e3f42bc3457a3fd604b3f5aeffd19d4b750cfb8d1d47c05dc32f907075302,16,16,16,16,16,16,16,115,121
3556,Casual Shoes,3e6cb60d62051b4a54cb7635a0943b2b9cada0cc4607f4819a9932b64ce8feb9,16,16,16,96,16,16,16,115,88
3559,Casual Shoes,23185ea5fdf5819e9f6af5ea33b5b0b0f999bfb7a9353bbfb8d0bf9744667266,16,33,33,33,16,16,16,115,88
3560,Casual Shoes,58714d862e9789ee9e18ecf313ee9c83632005afe002f6cfbb4eb06141654248,16,33,33,16,16,16,16,115,120
3561,Casual Shoes,7252b5b4a86d01118daa9d7c5ec7bb7414be525ac61213e99677610dc9d86cbf,16,16,16,84,16,33,16,115,5
3563,Casual Shoes,aebf6f500a21b3d83858b998b3d15ea2da2a7b80e61079c7a7b4ede1959e880f,16,16,16,96,16,96,96,115,115
3564,Casual Shoes,bf13f74aa99741b6bbdbc552c95526e97a571b71f8b8fa15745c8a4bf247a74b,16,16,16,96,16,16,16,115,0
3566,Sports Shoes,eaef34e1d8b0c71ff327d331789a08b986ca8db12ebd9a1821eb945272fbd47f,96,96,96,96,96,96,96,115,14
3569,Sandals,6ad0d8067781bd9dd4ce86cfa6ee7f93a688506ea17fb43b1bb174a52d48abbc,84,84,84,95,84,95,84,115,31
3571,Tshirts,6b9775b024a08aa7e28bc65ecbc5413bbcb21db93e6b96e213daf3729eca651c,115,103,103,115,115,108,115,115,99
3572,Tshirts,8b7f47c96be1481bca7d41430ce885f63bddf1431d0c39a378c54efe0f67f781,115,115,115,88,115,115,115,115,115
3573,Tshirts,f1dfbbe79db747f73d40e27012893704eec4383ed937646f7e1c2e322cf97d95,115,108,108,108,108,108,108,115,115
3575,Flats,6b1dd141be3af380d7b2edc22596c0cddf5485ca7e8bcc774ca9cabf442ffd0d,30,84,84,95,95,95,95,115,115
3577,Sandals,4ff364bb82d97375ceeea4db154e74fc9a0b45617f55836b830d5bff9b0bfdab,84,84,84,95,95,95,84,115,84
3583,Sandals,cb16cd80b4165183bb787196841a0d4d0055f19c4b2fe00f7825c91f3cf10417,84,41,41,31,31,31,84,115,38
3587,Casual Shoes,d0a55d86403295cafcc0de85f13419da655d4cb1bef92f4759b7e31f82cc699d,16,16,16,96,16,96,16,115,108
3588,Casual Shoes,83b84a9d4c91a064c135b069f7ba698f641833f2b79abaf14fb6fdcf1ba2e873,16,16,16,96,16,96,16,115,54
3589,Casual Shoes,2f784a4178d9630817deb1e243e9f69e7af21a065479df33ab5118f10df493fa,16,16,16,96,16,96,16,115,5
3593,Casual Shoes,632413abf6a7866f5fa7fcd23a09b224bbe4c54da4a1f7e0971c625bcb6d25c8,16,16,16,96,16,96,16,115,38
3594,Casual Shoes,5838425bfaf851d87ece37d864c8c2789b09cb3e056c81160f871780f0aba24d,16,16,16,96,16,96,16,115,56
3607,Casual Shoes,0fd6ddfac634a41fb9ed5bd2a33e3c4fc97e6ac338b844cc5101c7566dd7b85e,16,16,16,96,16,96,16,115,53
3609,Casual Shoes,d8b0074c2d40ccc372c3dcab2b668eeaa7d922d07393ddceb7c03a911c4a93a6,16,16,16,96,16,96,16,115,123
3613,Tshirts,1dbd114bfcbb86579e7f8dd2f7bfe72242113a2b86de13676fcc2972bd049f8f,115,115,115,115,115,111,115,115,94
3617,Tshirts,1da1ed51ef564467566bd67cad5f51e4f49f4f9ae4d5e2f587814fd56f031064,115,115,115,115,115,115,115,115,115
3618,Flip Flops,0f683c1f2fd09756561e7fde95d459644cfc90fc3e4ec182c7ee105f67380e2d,31,31,31,31,31,31,31,115,121
3619,Flip Flops,4dd45a715ef12d1cbadfa1c52798d6bccdc18c6b5dea73a9df760ff99f6e51e8,31,31,31,31,31,31,31,115,115
3621,Flip Flops,27a647e28ec03cf62cd6bd4eeeea533e0eb416c508762d72c32bb1aa7a7ef507,31,31,31,31,31,31,31,115,41
3630,Flip Flops,d013f52daba110792e6682b98dab8526d8a4951819d0cebc6eb137259dfe7713,31,31,31,31,31,31,31,115,96
3634,Sandals,203be77bb96239ab0dfa330c6e1e16b6b8763be7a92c4ef8fe42c21a4d70f133,84,84,84,95,84,95,84,115,91
3635,Sports Shoes,8e8e5d34324f75e98670c102c6cefd5f233e67c6b6b1f478372c7c88459171e0,96,96,96,96,96,96,96,115,75
3637,Casual Shoes,5d14614381a212414a79146e9d32fb928cba3d175e6d633eeee7de38a202d340,16,16,16,33,16,33,16,115,99
3641,Casual Shoes,8dd859c94b31c43bc45e88cb9bfd730ad3b7b9da8dfddcac3ac076c8a5166c2e,16,16,16,96,16,96,16,115,25
3645,Casual Shoes,28391195f79b5bb0dba24f87ae94312d94fd24f825587812d95ebebb33865987,16,16,16,96,16,96,16,115,94
3650,Sports Shoes,67ea7cd291c4485e7a4ea8c37716c543849c8791b2164dd7f97b6f8397e1b7f0,96,96,96,96,96,96,96,115,41
3656,Sports Shoes,276483466db5b4c2e10fdbcfb988da8b6c63b9768ed7655a5a86d573aae670dd,96,96,96,16,96,84,96,115,41
3657,Casual Shoes,1442ac30f97777fcdd83bc6643c8f85a5a6da22d3f25e22b20bc546cc26be54c,16,96,96,33,16,16,16,115,88
3658,Casual Shoes,03312e7f629a5ef7108ed83b01ebcbe3f78416ef845e8294a20c12cd79b3f8d4,16,16,16,96,16,96,16,115,53
3659,Casual Shoes,3c6488a3617e100ab225e994e058ff97d5af89bbc8fbb65cd51afc7736509818,16,96,96,96,16,96,16,115,75
3670,Casual Shoes,505952132420c1839e933830c2134afb4cb087231089377915e00caeabbc264a,16,96,96,96,96,96,96,115,24
3675,Casual Shoes,98ef33bde273bcb3126f48119c1de7d5827f74844bee98cf6dd27ec2adf6deb6,16,16,16,96,16,96,96,115,16
3676,Casual Shoes,3f5c5d0ee3ea33a50447ae1ec5eada8c56b72defe71d6a766a15b9f90fb50bc8,16,96,96,96,96,96,16,115,16
3701,Tshirts,4fd8e85cabfccb467d24201595f788e736e43b8c17fbab2cee0cc2ebffee6e0d,115,115,115,108,115,108,115,115,38
3704,Tshirts,69cba893eeadf5fb8878d0754dcaeacd6af6f7ca0173ca737144205314c63896,115,115,115,108,108,108,115,115,41
3706,Tshirts,6a2853a5b55de6eafe99c8a7f633efd8069abd00c6a7652f64a578259788bc61,115,101,101,115,115,115,115,115,88
3710,Belts,cd14f5ea7d01231179662347bbaf9d9552e9746c90698dddfd939d7a4bb212ad,5,5,5,5,5,118,5,115,16
3723,Tshirts,7714c07a6fd783bc5512f8491c106bf4acaed15ff68f765ea7843487e0e99dea,115,115,115,88,115,115,115,115,121
3725,Tshirts,097fa16215de4d69a565bcfb3abad7b719d0449c6b7c728e55c9474169643872,115,115,115,108,115,108,115,115,38
3733,Tshirts,3f1b70abfe649b0ad4fb0e22eb159e87942388ca1dd2184a5299d17e69dd8ddd,115,115,115,115,115,115,115,115,88
3741,Tshirts,5160b6fc6f87bbec454fa94d76b7ff9a38a6e1f3d51ee71f816941142384b39e,115,115,115,89,115,4,115,115,24
3744,Tshirts,5501e06507b1eda5e62151f1b665510ca902d1d35f6f4cd196139b6fb4a6780e,115,115,115,115,115,18,115,115,19
3746,Tshirts,5b46fac7b15546a93a0938b6a815b5f22b29846bc9025211c5df207dcdee7b01,115,25,25,108,115,115,115,115,99
3749,Tshirts,4edc83836b0383dd7bf46a05abe483dab30e7baaa1d3dab1918caab8427ac08a,115,115,115,115,115,43,115,115,122
3762,Tshirts,c34930160e79a3bdda1d9938b6361193d08b0a02420a99f4814e28af27625741,115,115,115,115,115,115,115,115,108
3763,Tshirts,9ceaf9a9a3e5a774f8c647071c0ac0d98d52041e893cdf4c5302d630493b2788,115,115,115,115,115,115,115,115,38
3764,Tshirts,c13594e88a0068bb7b15831e34031d69f6f76ec8a72e83cec0942fa68f771596,115,115,115,115,115,115,115,115,115
3766,Tshirts,88719d040f5c05e4ef9110761ed5f0ccf3f87ab77a91ded73c0d4cee7518c8d7,115,115,115,115,115,115,115,115,121
3782,Tshirts,60900d1457ee29fe45d3f0ff835540577a5876a61eb1e08fdbd02ea5bb8c5e71,115,115,115,115,115,115,115,115,88
3785,Tshirts,ed53257a29f0657f2fd6ce527319665f8024fdacf9afa61052a56b664da38519,115,115,115,115,115,115,115,115,115
3794,Tshirts,a6407f0c6274e5ebe8e1dd760cde6257a722e7ffec10ad442f1f90d30e831da4,115,115,115,115,115,115,115,115,115
3798,Casual Shoes,0ac4bf8f3b2016d4d71afb718f339d016a0c24627241b4a025decf648de3013a,16,16,16,96,16,96,16,115,24
3802,Casual Shoes,adf09ef44e38a2b2aae4e9f66c70c231bda23f12395f403de26b99983b64f6af,16,96,96,96,96,96,96,115,91
3808,Casual Shoes,9b8e7e99dc88c1a5434f08af9c615ba1dc70266ac472bf5d81abc51b054f1d3e,16,16,16,96,16,96,16,115,99
3809,Tshirts,e9b3be73cd63331d099a1a4f1b9491d448768a6cb9d4f0e690dec3a218c4bd94,115,115,115,115,115,115,115,115,41
3811,Tshirts,1804adbe94e3d9d78dedc73c7c387e693f7c14050aea53bf54849457d3af7527,115,43,43,115,115,115,115,115,27
3814,Tshirts,e4d52325079a8733bfdd4a86ef21f710371cb2f03cfcb649a1649ec384e55968,115,115,115,115,115,93,43,115,56
3818,Tshirts,ed453a3234ac7f32ebeb8f133778048f458b1b9ca8f2eb1c11b6f4b88a3053c9,115,115,115,115,115,115,115,115,12
3820,Tops,dd011cdb6512422e9d6c30d35a893e0ccd2b43770d157dc82cede8186b52acf9,108,25,25,86,25,25,25,115,108
3826,Sandals,52c4ec2ba1e00c15468c39f8d6da0e9b71d1550beb1ee054d04d8a77114b5437,84,84,84,96,31,96,84,115,115
3831,Flip Flops,099ebaa1fb32ff3465feb765f368cd06c82e40db7a608aa80090fee62d9088ba,31,121,121,16,84,96,84,115,38
3833,Sandals,67e742ae5d28a13d45908f256eeeeb6d9ca90d134671d2d62ad34f1f45a5a7b0,84,84,84,95,84,30,84,115,88
3839,Flats,5298ae7d29e218ccdd78bb9e5ace994b9693f7626ee8c96dc34d749476a69c56,30,30,30,95,30,30,30,115,115
3844,Tshirts,3eccf0002909585a7bfc692c57eea47b6ce9d104b6aeeec794fa0f01d0873fa6,115,115,115,115,115,115,115,115,9
3855,Tshirts,c527ec3e1f0191978cd7237e08460b7d6edd83a7b81ec658870ab154de7d791b,115,38,38,111,108,111,108,115,88
3872,Tshirts,222e2b042fae05811274ac310ba818eec5b01de520e3b02b90c8a91cd41f7e2e,115,115,115,115,115,115,115,115,96
3889,Tshirts,4d67f8e879f8e1d707a52a49725f0ac3028839adb460b316c9da5ff7cdac6e64,115,115,115,115,115,115,115,115,115
3898,Tshirts,0c9cef424d75e15ab514f5ce19a1638d7caa562975de37b2802a3532fa0931b4,115,32,32,115,108,25,108,115,28
3906,Track Pants,4402f840a7be1b3282c42278d357a61ab71537645bd969ec8fd3a4eee5767323,109,109,109,113,109,109,109,115,115
3911,Capris,963d364e6e082bb8752478c16d8a8e681516d90292cf50c3463358ffa4b8f329,14,14,14,14,14,14,14,115,113
3912,Capris,1ac91ddd93b8033e755328c6ed55f72bd9aa59be5013a716a22fbe515235dd90,14,14,14,14,14,14,14,115,88
3913,Tshirts,0bc173b71e0b8cb2c5f3fb34c24c5dd3821c3eb823fe20f5ca90e5327dd6a844,115,115,115,115,115,115,115,115,62
3929,Tshirts,51878289a6bc4a2e80ee213e01b04143d82513d4b1307a6fc54a2ba14e54c25c,115,115,115,103,108,108,108,115,38
3931,Tshirts,4b069d4623e913a38731844664268875a613f6c065826877df5832287c97f718,115,115,115,115,115,115,115,115,16
3933,Tshirts,14008ddedf5e1e01f4bcbf1b17f1ac1b87f8351963a56360eb314db1e46a257b,115,115,115,116,115,54,115,115,9
3939,Tshirts,31b4135dae76992ca7c404b9cb948a159f67a6eb5d442e7987a41cc9bec9032b,115,108,108,116,108,119,108,115,96
3941,Tshirts,2c628fafd140cdb24dd667b37054f2f4d5579e518228238e724a902ed2dd87ff,115,115,115,116,115,108,108,115,53
3952,Tops,57aee49b5699d97511d875402d051047ec0081cae8a791f649c321b559225a9c,108,27,27,108,108,108,108,115,121
3954,Tshirts,346c005d2716d1e52aa2064df3df5245d489626dc8f186929985c707caa6454a,115,108,108,98,108,92,115,115,16
3955,Tops,bd74f0cb5a3a10b011b78f1fd995929ddd8fa0e47fc7935358f47368255054fd,108,108,108,98,115,119,115,115,53
3958,Tops,7a57e6c9d49d7f178466b69b3cb3b260ebebd7d51e85dc0833a735bea7738d1a,108,115,115,108,108,116,108,115,115
3960,Tops,c15e844447c636bd468667e11d98b2d970ff20360860857f493eebe643450f6d,108,92,92,108,108,108,108,115,115
3962,Tops,898fbb27aaf9b02e67fa8fd6bdff6ca47ed09b889c2f4b747939b1d0c8d7e152,108,108,108,108,108,103,108,115,53
3964,Tops,eda611bb0bda6ad71bb7e80bc1f3e9fbde879b66992aef5f5d32b503b4db5d48,108,72,72,54,108,72,108,115,96
3966,Tops,9e0d63f8d596d00c20db4c294618eccac75c4093a1885290c055924a974cfb85,108,54,54,108,25,119,86,115,56
3968,Tops,403abb9d4dc95e76adc886e0da1b93659242d913d5f55f5b7d9ea5c083252b11,108,53,53,53,116,116,108,115,102
3970,Tops,f4de8749002459bd90446c358a6ab0a452f89b2f06dd76aca6e958b9f5cc197d,108,108,108,115,108,45,108,115,75
3982,Tshirts,ca24ca8a23ef6f0a8ad36ca5a84c2df70758dfdde68253918a561c338bd58272,115,115,115,115,115,115,115,115,41
3986,Tshirts,6a81c7686b8a1610f1f742e03312ce0f5d8b8b207f48b84962feaa2a2e8f0e3d,115,115,115,115,115,115,115,115,115
3987,Tshirts,a54e13932bbf816b52c68783257a4717e6f0b7a4f0cd6db53bee1531d0014990,115,115,115,115,115,115,115,115,12
3991,Tshirts,6a82144f7f13f3085c024a07a52104b50881ba6d79d083644f7f65eef88eccc2,115,115,115,115,115,115,115,115,16
4002,Flip Flops,4faed915714e85504ec7a992868cc1d2d43a2924daa6355f1bd2c0a3e51f28e8,31,31,31,31,31,31,31,115,115
4009,Basketballs,9a68ab1bc9ac15d5a48289a4328a0d7d350ea37ea1241072bed82224a1ab9ea3,4,4,4,96,4,4,4,115,115
4016,Casual Shoes,08020602c572db8df399ff5fc3eaf5eca32191c66a92549e8431b7e9c581fae9,16,16,16,96,16,16,16,115,115
4024,Casual Shoes,b85ada6fc4c7d4dbc044600a298dea986efda0bba1098173c6510cd1f5bdfad2,16,16,16,96,16,96,16,115,115
4025,Casual Shoes,e7c9935301bd42b0078681b1ebb74d3d61e894158b15077ec5d0c832fb86a882,16,16,16,96,16,96,16,115,115
4031,Tshirts,f5e57cc12223cc38d16956749f5230e6647b05e91c21ef731183b8321937251c,115,115,115,115,115,115,115,115,108
4032,Tshirts,0cedd5c551e6c4ba3392cf9a13f728b570f5352da353e6d4908110dacf4d1ceb,115,115,115,115,115,115,115,115,115
4037,Tshirts,8b2f0d61dc69e0079b5f765824ca014b090671bd5337355f40ac2f7ba73cf612,115,115,115,25,115,115,115,115,10
4041,Tshirts,7f54a5aef03dc0d40a7db976f02097c177054f99071bb5448da33f30a50597eb,115,43,43,115,115,115,115,115,41
4042,Tshirts,48b1286bf07adc4815191d2b8660d6d2560bb4a63e682431d2ae53cb0006ad94,115,115,115,115,115,115,115,115,99
4049,Sports Shoes,081ba9e1f2a653bd24a35bbe84605d68ff0bbd295feb9aa6222c3a25eea2aad9,96,96,96,96,96,96,96,115,75
4050,Tshirts,133b9fc14b6d59d2eaca78e8d549bd69e967cf7406c2615706a32049eadc70b3,115,115,115,115,115,115,115,115,94
4064,Sandals,8a5100a294d795e1246d8ffa7d4b2ae74df23d2a122042a3d9b6e11a04c3c935,84,84,84,95,84,84,84,115,53
4076,Casual Shoes,b70ec93e81451aca9462b1fdbaf81e99a1fb548eee3b2b22fee2513b220451f9,16,16,16,16,16,96,16,115,121
4080,Tshirts,f96bb1cf2f0b6509627f407e1f3a21783fa1f89ab8888ac83fc5d3fccac2dbc7,115,115,115,115,115,115,115,115,5
4089,Tshirts,01747863c19e78c876b8832b58787863390dfae645907785daf5f31e91047f4c,115,115,115,115,88,88,115,115,99
4098,Tshirts,db7af56dd30b914a4d65755deb00b54ee22ddc94d4a192f4f861247b55679774,115,35,35,115,115,115,115,115,72
4099,Tshirts,9d629191c08843e1fcee65cd7ce723abfb374e6cc8d6a008e6839571c4d3eb7e,115,115,115,115,115,115,115,115,91
4105,Sandals,ed66691aae2be064e1daf2bccdd7c9120192207842e27c16cba9f4804629b3a9,84,84,84,95,84,95,84,115,38
4110,Sandals,9e4ba50a83fa90caa3c03a462217a9ab68a51b379513f2e87e8082eb2b72a5ed,84,84,84,95,84,95,84,115,38
4113,Casual Shoes,3db57e7d8136a187ea3b552add80ae1d3a1c8ccd7e2759b03c55f32292f71523,16,96,96,96,16,96,16,115,88
4117,Casual Shoes,9a0f090fc8c3573ef86bd4ec2b2f022a49f22aa4540e95b1b9fcaf5e23287018,16,16,16,96,16,96,96,115,99
4119,Casual Shoes,f03da6bdc86b8c8c9a2b50ed4e8700bebe4440cf7343a22df834519e06a18316,16,31,31,31,16,16,16,115,66
4121,Casual Shoes,dbdc8506d006ec1c10be4471877082e89ce3befd5ac9f719ca3d4581886edfd6,16,16,16,96,16,16,16,115,75
4132,Casual Shoes,3d1fa040a83869bdc3830a10d4c6360d8404cc62b396957090dc498bb093e3b2,16,16,16,96,16,96,16,115,16
4143,Casual Shoes,391bd677ad0cc620c7c180e5ee5c69bf759ac81c92fce85f6dc28c845b786dd6,16,16,16,96,16,96,16,115,99
4144,Sports Shoes,0f3a75b337a979cf42fe8c261bed81843423158bcb6a9bf5bc540f44cb4d8e74,96,96,96,96,96,96,96,115,16
4153,Sports Shoes,954dbdb2f6618a861f26c48a84c5054b805e72c641c6c18ea7c4a97da00b5720,96,16,16,96,16,16,16,115,16
4156,Sports Shoes,050c0589b2b16bbf8a77b87bd8bf56f5bb62b9b6ffaf7e07e3f7cbfb4ef782be,96,96,96,96,96,96,96,115,16
4164,Sports Shoes,df414529497fa43f37454a81409b37ce1de3ae7fa6d5f82f2cabb42d94bd0860,96,16,16,96,96,16,96,115,88
4168,Sports Shoes,9e790431d71fa10543e559dd0b91d9ff09f31f94a8b51ec6621d2c6432cd30be,96,96,96,96,96,96,96,115,116
4172,Sports Shoes,78895b898c12af7aea28881726e932b48233cdd411c39c73ca988584e3acf292,96,96,96,96,96,96,96,115,56
4175,Sports Shoes,69b4fc450e6f8a2f9b7b974540dcaee656904a4c3234849842848252551d740a,96,96,96,96,96,96,96,115,88
4179,Formal Shoes,76dec91f205ac8e58405abd94f422ad020699f00a3e82b73e971214547e618c9,33,33,33,33,33,33,33,115,120
4186,Tshirts,425d89be90ddc6b37d8348809f3c3289361fec7bf99de1ac8c480c8acfffdd40,115,18,18,18,108,18,108,115,30
4200,Tshirts,c0c4ef014903ab7e383453fa9af33e956ba53f414c15696d37957c38678baa6a,115,115,115,115,115,115,115,115,91
4203,Tshirts,7f1369cf49f9df7e3197cb0823a3da1a79e7a6c4a9e656156ef07a5aa0e8f086,115,115,115,115,115,115,115,115,121
4211,Tshirts,3c0c13f4669d2d8415a52a55924ef2f1cca95d7e4e322f6f31b69319c607eb43,115,115,115,80,115,115,115,115,5
4212,Tshirts,daeaef28523f9c20e2c933d1613419649aeae6f373043605dd49ad5c00cf51ee,115,108,108,18,108,18,115,115,16
4218,Tshirts,260328dfad41596e9d8871e9c11bbe978ec856d7593e631bba2b046bcc7a1316,115,108,108,115,108,25,108,115,96
4220,Tshirts,75938e2170d6de92cb9ff67a10ab773f5f906f04b852c00519b294192709b041,115,115,115,115,115,115,115,115,98
4231,Tshirts,10fc1753793fe7e36f03670790cc4cce87c000cae745960bcc2c925401ebb615,115,115,115,115,115,115,115,115,54
4233,Tshirts,97d4f0eda2bc37e5502b99fa273901b8033885fffba4e765a6c58356c55d283b,115,115,115,115,115,115,115,115,91
4239,Tshirts,49e272865658d101a4d822af349d75d3d531a3301205432379f2805bd2865f36,115,115,115,115,115,115,115,115,33
4240,Tshirts,a307d6a17ed1cbfa904a4b6efdcbbc5f2d38b2bcf078858c80924e3c3557dab5,115,115,115,115,115,115,115,115,121
4241,Tshirts,02431213205d00c436c5e5d7fc0cdc28b40ca729b2fc0e0d984b77ce7da55a5e,115,115,115,115,115,115,115,115,115
4244,Tshirts,a8b01d9ae589ebd4893947eb6db0864037baf6aac6acf884b43ff4ab21599c71,115,115,115,115,115,115,115,115,33
4256,Tshirts,38e89726715aee75b7a15e0ea14bd4d8ad7dfd8db9aa43ebc9981f2f3febb9d6,115,115,115,101,115,115,115,115,115
4264,Tshirts,11138ecfb5ac779fc580362af99126ae653d9dbadafb59cf47b340a686a38b15,115,108,108,108,115,108,115,115,88
4265,Tshirts,192bae2dd945884cba8e4cb4ebc029350f5ca6d1f93a5b971343ace44c153bca,115,38,38,108,108,108,108,115,96
4276,Casual Shoes,ddc06d4793f771a23a126dced1a6d292bfef81d98768e9e4115ae7bc13c9788f,16,33,33,96,16,96,16,115,38
4279,Formal Shoes,ebc349c3015c64d8a8b7f24900110cc1fe87e7d5e73f0e53d32abfdceac45139,33,33,33,33,16,16,33,115,115
4294,Tshirts,93fad76726e05bdac83f641cbb5a73c80859960043165e698ae83d407c076faf,115,115,115,115,115,115,115,115,24
4303,Tshirts,f116343ab9c2b395a30795b9328137827b9871096e5f0f71a9af2678c1892001,115,115,115,115,115,115,115,115,109
4305,Tshirts,4769d512460f6a26bb546bfa3b49a45053551ee6f661e15a21c669d508586ee2,115,115,115,115,115,115,115,115,75
4306,Tshirts,ab9b4fdf1d561617085d55c1289c705f572b6d97ed22c7b0bb2a60f7a9682552,115,115,115,115,115,115,115,115,96
4312,Tshirts,53f9800783b13ee4bba81ca5f448a3d55f19eba86e4a0d1d373dfbe0799e9ceb,115,115,115,18,115,4,115,115,88
4316,Tshirts,c9efdc1630fad03a81ac7684bec892b2305fcb9d0ce38c26b008734ca1930017,115,115,115,115,115,115,115,115,96
4320,Tshirts,4cae9b09e58c0fee8502331b9a4a9332eaf7769eec3ea1928c529ba3f9055f70,115,115,115,115,115,115,115,115,115
4328,Tshirts,ac81b68134f1a9ea6f9b97746a99513ace7ce69c86330fc069cba0e851b37121,115,115,115,115,115,115,115,115,94
4336,Sports Shoes,44cc958b2d3c47e0161470ab134859c1e8ee67f8b2630408f0b330c204d5a9b7,96,96,96,96,96,96,96,115,91
4339,Sports Shoes,b88aaf3f0d8208ed584c904403faa4a01ff6c9e3eb6447325161d21a2a1ec81a,96,96,96,96,96,96,96,115,85
4342,Sports Shoes,5b64d54d159fb25982f6dad445c421850b7cc4ccb0acb8cc971a50e8f56649da,96,96,96,96,96,96,96,115,16
4345,Sports Shoes,a479a3cb1ce76d16e55ffc0a28577bd0779bb1c28799ac7f7a1c54e21d8fa7fc,96,96,96,96,96,96,96,115,108
4353,Tshirts,b2d6ea0d2f035f94c6a125f0a6ea0c6fa8cb53bf3dedba92d555d08bb17747bf,115,115,115,115,115,115,115,115,41
4361,Tshirts,2a4c47fb50ad5e9fc6b9c31c343da0e69a64a0eb9eb8ea0b9f2e1aa687cacc03,115,115,115,88,115,115,115,115,108
4364,Tshirts,be788e5f3a3ade7341270cedf47ad80cb1450e519eb7a41286d1b1210f705643,115,88,88,115,115,115,115,115,41
4371,Tshirts,493e2c75254a0c8bacc7d614b47873cee325d10a199d36451fc39a9e2d26d131,115,115,115,115,115,115,115,115,108
4378,Tshirts,4378d97d5460b4b85c47537216159a7ed9dbb061ffab5c5da746917e6021f899,115,115,115,115,115,115,115,115,31
4379,Tshirts,3b8aecb6234dcfbd10710a8d9ebf317aa198eee0b461edfc55eaf880913e85c7,115,115,115,115,115,115,115,115,11
4391,Tshirts,3b44b3d5766290036ad1344736ceaa2e69355d28acd1fbe7b7ddcf92aeb227ce,115,115,115,115,115,115,115,115,2
4393,Tshirts,eb4b3480f6471a5faa34cdd5fe8e2de7ffd89123674a8453a16d8952d9b19753,115,115,115,115,115,115,115,115,94
4396,Tshirts,1b07a488db9d82f8d4c7191145f18aaf81a103867cbecccb0ebfd89aa0869492,115,115,115,115,115,115,115,115,101
4402,Tshirts,90b95145d1acb22e2ba9403032e50d347aae3cce469732b96b6f6c357e8e1edf,115,115,115,115,115,115,115,115,99
4404,Tshirts,914c058d3259e3b536737b5bf69253d45cb019473a38cf0bf7601a112d08c292,115,115,115,115,115,115,115,115,16
4417,Tshirts,a0a8faaf7d97325093ec8cba835c3c8605625360994b0e94d04a68e72edb48bd,115,115,115,115,115,115,115,115,115
4439,Casual Shoes,6b0cd0b0699c8a726d3b9693d30ad51278adbc427047527e7cea7d3fbf061009,16,16,16,96,16,96,16,115,115
4440,Casual Shoes,8f32c794ababe80318a8eb120f658aa98194f4b31033181a43b2ecca2064290a,16,16,16,96,16,96,16,115,88
4444,Casual Shoes,4332e557cc29161076b6c857010829bd87976e590ac92305ac10926e24f161de,16,16,16,96,16,96,16,115,121
4446,Sandals,f43299b01b468f9a6263fb9a50f265c449a76955dc84a76c40a13ebd573213bb,84,84,84,95,84,95,84,115,31
4452,Caps,f29558ecb4cd32d5fcf83059d98ceeec981cb70bfedb45cdd701c595343a9f75,15,15,15,15,15,15,15,115,5
4453,Caps,1f74b8ebaf5ac07cd04b8875a46063e8113da8e362c8f969ae5b987af5efd822,15,15,15,15,15,15,15,115,16
4455,Casual Shoes,a7ecc8437359c62794603cc5ebf257a49b74e2b84fed6a6f129a60c7db1dd530,16,16,16,96,16,96,16,115,121
4456,Tshirts,16b3fedb6afe11f9f090394fc398f04dd777a5bf4a2c08f877f7f299fe48692e,115,115,115,32,115,25,115,115,84
4457,Tshirts,8711bf32f77677a117fa2e3b0bf9cdd767e15b4dfd3a09132d1ae09652a68a77,115,115,115,115,115,115,115,115,28
4461,Jackets,7e109c55a916f2a543d82ee859a4eaace5c9604bd77019305a47542e04240a75,45,45,45,45,45,45,45,115,99
4465,Tshirts,fd3f9254066583573998c5e102b31495829f7845fefbae40547c2f6327128328,115,115,115,115,115,115,115,115,115
4469,Sports Shoes,4007420e12a3e8a6e03e4d2fe565c38aa932ff8707722dee1d3e2114109e1388,96,96,96,96,96,96,96,115,85
4470,Sports Shoes,075fea65653408a8cc2b9f8ce17fdf64f8e3d971c85d1121546d53e93f99f0b4,96,96,96,96,96,96,96,115,108
4477,Sports Shoes,1fe47ae9822bb1259e1361c4ad7b0379ceec6ec753d1688a9fbe9c87cb33c83e,96,96,96,96,96,96,96,115,115
4478,Sports Shoes,cc7dd4ad20f1772e4b45907e36459994d9fa9b7b37c5e58cdd7b640a88ae3f8c,96,96,96,96,96,96,96,115,46
4483,Casual Shoes,98fcd7736165daf74dc212c3e56da36f291779d5f50da3d89228736a7a4743e2,16,16,16,96,96,96,96,115,115
4487,Sports Shoes,774857b83f182e18054aba34a5b89167793b5ad5acebcdc65f085575bfb72a50,96,96,96,96,96,96,96,115,108
4502,Sports Shoes,d61e11500471b0c5de7b15dbe8c45e3b73c7235ea3589314b7f4dd29ecd988d7,96,96,96,96,96,96,96,115,115
4509,Casual Shoes,e5fd46928eb3a8bd2667bf22ebd09257d32d56aa0e52eea5042cd7586aa1d108,16,16,16,96,16,96,16,115,115
4512,Sports Shoes,506a1fab7fb1a74be218fd84e12fb89f86e942f36df5b9a9c21dbf2955c2db39,96,96,96,96,96,96,96,115,16
4526,Sports Shoes,bee1e13a6fac0e0aae902c414250176b33baeb54c4dd7a239f0cb23f04f31234,96,33,33,95,16,33,96,115,24
4528,Sports Shoes,70ba4c7937d1a217fd474d49449ad9643104a8b61eb7be4e6780e773dd11f371,96,96,96,96,96,96,96,115,114
4530,Sports Shoes,f211b4fdfba7934b7ac4496ed30ab0e6a2110727dd3d3f3c823c215cd027d81b,96,96,96,96,96,96,96,115,96
4531,Sports Shoes,961e9decd6411babc47874c8a00674b7cf03ceed5664f3fef3a911e31bf52362,96,96,96,96,96,95,96,115,12
4534,Tshirts,0601430d0183fe5bae31522c5378f3e0b5d0dab972fefda5a799e0b26ded6859,115,115,115,115,115,115,115,115,16
4536,Sports Shoes,98852940e4d9dff6809763ac972cb5d2a73c35090b01fa8b937ac77bd7c4319d,96,25,25,96,96,96,96,115,2
4539,Tshirts,968be48174e1d8ad3f3b9e0906ac9776c8757e129c7a85f72f21094f76858f1b,115,115,115,115,115,115,115,115,108
4542,Sports Shoes,82484b0e3575d3edac10e1a4fd38d63d94fdf0afe78c7c0c49d167b245542ad1,96,16,16,96,96,96,96,115,101
4546,Sports Shoes,9ec3726f6905153f6b6bd6a50c5568d1e777333c0f5a914f716eaf6c2d489744,96,96,96,16,96,33,96,115,38
4548,Sports Shoes,c32df08e66c6449a95d20d8c3c51f56ec66e064b95429652dfaf57499a696773,96,16,16,96,16,96,16,115,105
4550,Sports Shoes,f8c464d5509bcefdf9389f2a34697ae484bc0b7ba49a636d3614ad95f35ed8d5,96,96,96,96,96,96,96,115,88
4570,Sports Shoes,81217d51d0f17bf6d3e90c11ead5dd59afa803cdf860423183df84951f9aff1b,96,33,33,33,16,33,33,115,99
4572,Sports Shoes,5e1386d5469aa15f756b81fd8a16583ff1407abe9d16106db1e7edadc6451bdd,96,96,96,96,96,96,96,115,96
4576,Sports Shoes,459d277b6e70a1b57281a0399ac7e342d036ad772e77fafe69f2513168cfe23c,96,96,96,96,96,96,96,115,86
4577,Sports Shoes,0c115c7d5b26565150e79cc0df176986c8d8be2cf4d027bf85fff1071496bf0b,96,16,16,96,96,96,96,115,38
4589,Backpacks,4d694dc668434c974955f8ba65cb6804d42f3445af9fe3456973346f20e19ead,2,2,2,2,2,2,2,115,84
4591,Backpacks,4f7265f6a41fff3afe083ed018692599e78b25de4b99fcb0011a5f0aa55a6764,2,2,2,121,121,121,2,115,5
4611,Waist Pouch,88c54ef147865cef45b61d8d108d4cabef91388df836db81987dec345b71ba62,118,118,118,118,118,118,118,115,16
4623,Tops,f95fe18789d5d057b34ca596d7a2c8c457c83311c304567713f7114caa5483b7,108,108,108,116,108,108,108,115,115
4635,Sports Shoes,ab7d7201ecaac1ec8dec694733be7fe129c6e8c7eaffc691e07a7f6f8a8374a4,96,96,96,16,16,33,96,115,53
4637,Sports Shoes,c915193b0cc76c387119feeae2596c1e97ce1b17e9bf7de709e874e9b2d40dc6,96,96,96,96,96,96,96,115,116
4649,Sandals,721fbc3f0ca459aae5216fdb9cec3cb33caf114a6e3c4c7f1341a201e648f3e0,84,84,84,95,84,95,84,115,55
4651,Sports Sandals,cf8c9899aa07adc42201688869d2e2ffeb80185f8a4c0a144f44f77e144b742c,95,95,95,95,84,95,84,115,31
4656,Sports Sandals,2dae61a412ad2633959b8b6215f8ea20f326444340b8e5570268acbb9d5879aa,95,95,95,95,84,95,84,115,38
4657,Sports Shoes,63879ab2acbceaecc026a8bbf0d9c0c3faedd78ee6d6899e5119cd448f94f862,96,96,96,96,96,96,96,115,99
4658,Flats,03672fa580cf498563df1830fcd066861f64161d2d3fda5b72c47f1223e9eaa1,30,30,30,41,41,96,41,115,53
4663,Sports Shoes,e4958fa95cf68a3df84cd53281ea924e00a5821ba9f0d92404e9eae294e221ae,96,96,96,16,16,96,96,115,88
4664,Watches,efb5da3981444e94d6244d8e1da20510c175a09e6d554ebe17deaa503361ecf4,121,121,121,121,121,121,121,115,16
4665,Watches,a75001a08426a4cf4be1fe4a552bdfdf40ebb1f507b65efe239336f0bb62f385,121,121,121,121,121,121,121,115,115
4668,Backpacks,e4293cdcf116c3ac164c84ae4134402a026290b8d40a3d226b5041d0d5332042,2,2,2,2,2,2,2,115,115
4676,Backpacks,86294049b0808e322fcc89ea070c31c3f70513ff724ca7afb69128012f851680,2,2,2,39,2,2,2,115,115
4693,Watches,c9d9332bdd8fc08165b0a18464c3e882e83653b2a454060d26124154772fe835,121,121,121,121,121,121,121,115,115
4694,Watches,42f39017967f578076a3a2ba7bce6aa2eb145f43c3bcca45cd9f05c204e94af4,121,121,121,121,121,121,121,115,41
4701,Watches,5cc36d9717ee3903b1fa8d811b712f63e7aab90f1cc2037f9fd29775227fe975,121,121,121,121,121,121,121,115,88
4704,Watches,adac2178dbbdda788659bc3dfbb80c4e60b2d1940c8d08515a1a4a06ecbabad0,121,121,121,121,121,121,121,115,88
4705,Watches,3d32ce4710de1c8b6d62de217a46d3f78e814e06a32982615593a8ff3e000b7e,121,38,38,121,121,121,121,115,88
4721,Tshirts,2712e059ef7527683db1b35575a0c431fd28ae232b7563052f9143310f434693,115,91,91,115,115,115,115,115,88
4723,Tshirts,7dec5e96f275032d734ad09a01ff059012ad53bfad2e923b6a5d0ae8ffa64dad,115,115,115,115,115,115,115,115,96
4724,Tshirts,477a3d2e3053bb610942bfd92de3429f95c4b49b95ae0d2085d9438f6950365b,115,108,108,18,108,18,115,115,108
4730,Tshirts,7b8fe137bbbcc1c2a1e209152db686d78e43147400b9829bf5fbfb103eba9bf1,115,115,115,115,115,115,115,115,46
4731,Flip Flops,51a3bf215f1995c10db0af404c08a2fb835b0accab7b2f94bc0fd5173445bbb5,31,31,31,31,31,95,31,115,88
4733,Casual Shoes,fda94a511a2ff031f1532ada0519a6e9a07b690fce4080554e443e40571b6315,16,16,16,33,16,33,16,115,53
4734,Casual Shoes,9591c577a3728bcd3df5bf55b3a2133098068a59c44e2212c56179736b9c4219,16,33,33,33,16,33,16,115,48
4740,Casual Shoes,2b6d87dbdd44776ba6ebaff76eb7c5e8398cefc12c02f4d3e6a921e9ac4b97c2,16,16,16,96,16,96,16,115,116
4741,Casual Shoes,813cc95bf286d18c109d011e2f8435428a6dfe9fb897816b2f810a613f738a2e,16,16,16,96,96,96,16,115,115
4745,Tshirts,378f70ae27459e5f3d9cd17d8aacb1cb8f464484ea740f24a2308efe856cf9d9,115,115,115,115,115,115,115,115,116
4746,Tshirts,d17c52aa54d8a141429920411827b61f6047f90fbfe31c4c6aae89554dd0a13a,115,115,115,115,115,115,115,115,31
4749,Tshirts,c41a29bd7099a7abba42f7646fcf98ac6510ca6fb67b7751e03715b9dedbe4a9,115,115,115,115,115,115,115,115,115
4752,Tshirts,bf90a624a4c2734882bf0bb1b13c87ffdf0ff7280b13e92e9fdf4f4d80e8c20e,115,115,115,115,115,115,115,115,99
4754,Tshirts,d8ad174be62b50b2aa0e124ddae77d1391f4edb703a346c269c109faefa3b77e,115,115,115,115,115,115,115,115,16
4761,Tshirts,bf3ee1caf6162c1d939ee7a59309e8a1c33d79509f6a071ddd68b7d8a49ae3d2,115,115,115,115,115,115,115,115,84
4762,Tshirts,f54203b0c01840301e5d3e310cae5759abb99d5895e019dbd475d8ef24cb55e7,115,115,115,115,115,115,115,115,115
4765,Tshirts,078be57c45beb2dbd09c116116b76ca8b40c395314285bf8c89e0e8d25f5205f,115,115,115,115,115,115,115,115,115
4786,Shorts,f50bea766207407af084a724ec2d83aef0805fd4359d033d3c398e83cd9bfcf2,91,91,91,91,91,91,91,115,109
4796,Shorts,e2c90105d64e5a33e07401c870bdc19838e86a8cb35b8c50da46fd44aab04874,91,91,91,91,91,91,91,115,120
4813,Tshirts,d3dfe729e6c3f44eef16718377f2f3a9e54a6ba16d70a3f4e3e25e2806ab5aea,115,115,115,115,115,115,115,115,22
4818,Shorts,a29996a43b575de689ec83b8ad70fefead9b33ee7969099ad02d471f5d511226,91,91,91,91,91,91,91,115,28
4828,Track Pants,133c28bd3dd65aad7da810268944d62a419935a6a8d4523d63e194bd10807f98,109,109,109,109,109,109,109,115,38
4829,Track Pants,e8557d1f0dcdb3b98b51f009e243e43ee13ffc5de27735c191b9e4dcb685d95a,109,109,109,109,109,109,109,115,75
4830,Track Pants,313dcef410c049fc9efddac5b241927e68207aedf735d740aee05c2bfa98219b,109,109,109,109,109,109,109,115,30
4839,Tshirts,af9f0d8d27bb0bb395e7b4226b4b49e747da2972a790b2eeb8e9778cf0ff98cb,115,115,115,115,115,101,115,115,5
4842,Tshirts,27272f4593446b0e0abbad46fc1eb0acd338c49fa4d9998e5eaf1c1b1a54cb55,115,115,115,108,115,108,115,115,16
4845,Tshirts,4b0e0be4970f5bc328ef4dea1d1e820c38d020ed7c45336a4af7a6ed1cfa5d4d,115,103,103,115,115,45,115,115,38
4850,Tshirts,2281d86b1c9089b2b530f92c8e7c597e2e1f2cb094a4305323b1e1d5eac3b26c,115,115,115,43,115,115,115,115,88
4860,Tshirts,c2a2fb6f1e0187d3f29f3056fcde6b9509b23bc62e488c1df5675179c1957015,115,115,115,115,45,45,115,115,33
4864,Tshirts,542c8695dc01c10cecec09642d89ed17f9a64a6d29493d2ae43675e36ce89b63,115,115,115,88,115,88,115,115,115
4870,Tshirts,1b1a864dd1a0e53fc25fc5049271b499726ece8a35caad2d6b89f81ea0de8dcc,115,115,115,115,115,115,115,115,38
4879,Tshirts,06b7ad54c24ea866a4953ba3b026c1a4d4c37965b8461339957fb88d5ea36cbb,115,18,18,75,75,75,75,115,75
4881,Tshirts,febe2b56dbae115bc5dc81c933c276cd3d6a4497bd87f173e537b436f38a2c60,115,88,88,115,108,32,115,115,75
4886,Tops,1fae184e596f4f71b524b9b5b4cd8a8c5dcd9355172cb3b1337ad4ef784c60a6,108,108,108,115,108,108,108,115,115
4900,Tops,7db459b4be4fd561c5450887a63e7769dcc436db60239720b95ab6648005e487,108,108,108,80,108,25,108,115,2
4902,Tops,1a27ca26ea11c3ab321cb890f2cf923aea13194f714e19345aedacf5a4143c34,108,14,14,18,108,75,108,115,2
4906,Capris,3fc5b2ba2ae91f173e8483be99e17ced70f7d97059011d8c1a72d3045a404d1a,14,108,108,91,46,91,14,115,121
4907,Tops,e2c698075f9bd2a9c78960b96218f8a5eaf6e91bae82071448ef33fd6e492b46,108,115,115,115,108,115,108,115,53
4910,Tops,19938059c69755b15ea0fd793b71ae2e03f6bc9982fb33aa8852ef444b5deb31,108,115,115,108,108,25,108,115,62
4918,Tops,7e129667938285307601d73e1569d08c8944be43172610b748de6ba55385e3ed,108,115,115,108,108,108,108,115,16
4919,Tops,1ef52a8237e20035b0550dfb8060bfa46aa6971ee433b4bc060ac2668018024e,108,108,108,115,108,115,108,115,111
4928,Tops,98eb0a1c44260ff0f5b8c4e0aaa640144cd10d85350970a27173e7eff6123ae4,108,25,25,18,108,18,108,115,38
4930,Skirts,7ce8f5b0247b18d1771d4a9c0a137f9ead70c0ffef89cae3ba6aa2723ee6b0e7,93,25,25,75,93,25,93,115,16
4939,Jeans,319d331a2f6af50690784543f94be8c65e75677bd40cd9264584388187ad941c,46,46,46,14,46,14,46,115,26
4945,Tshirts,ea15969300942835b89937e26c1961a49cb832b24850be8fb3a036254d9f6808,115,86,86,18,18,18,108,115,88
4957,Tshirts,63c779871128eb49fe8f78c0a88aa5d827f5ea9353a7a6b20d9b22e4a34a6e53,115,115,115,18,115,18,115,115,102
4966,Tshirts,a081a505fee8a5260a4db7386c02a326edd430e7d6b564f37418d2ccb8d2e570,115,43,43,85,85,91,25,115,5
4970,Tshirts,b3c184467829143f26bd9476677b33fd0111184ce06e81d2959656771afe624a,115,115,115,115,115,18,115,115,16
4971,Shirts,2f0fe13caded4799109350833755f1c32104f3a439a2858d9eafe68085861749,88,88,88,80,88,25,88,115,109
4978,Jeans,0760fc6db9351306cf901ed48eac87dcaadbbd76fafa881702eafcafc37402ff,46,46,46,14,46,14,46,115,100
4983,Dresses,7dd654158f8919aa1291fc71557b896303a70716bb5745c840e4dcf855f8a9dc,25,25,25,25,25,25,25,115,115
4984,Dresses,95687906a9d523019ce288d9542f620cdf6a171845869e3005e7fc1663ecae0f,25,25,25,25,25,25,25,115,101
4986,Tshirts,efa16f44e30766ba6725e65622c621b3e2b02702e3664f1065190547652506c2,115,88,88,71,88,88,88,115,41
4990,Shorts,95170851d8df854bd373f19f1f8260699571d5c01859f11762edb2847a1a627a,91,28,28,93,93,93,93,115,26
4996,Sports Shoes,970a6595674f1b0b19b4d2a9fbc2121c2a4fe01c7d56769aed67a5fa3ffcb873,96,96,96,96,96,96,96,115,94
5006,Tops,f3dec22804f6ed9727dd02c0428dcabbbb14b4281a5273b516baafe648ecacbb,108,75,75,25,25,25,108,115,14
5017,Capris,ea314c25140ce643e6cb520b6155bc21555f31b6d3a4cb3c8ff80843174648e0,14,14,14,24,14,14,14,115,121
5018,Shorts,06e13b1b19b04a26a86515bb33018ec5f65e9f8758dcb345539dc15976579ffa,91,14,14,91,14,75,14,115,56
5042,Sports Shoes,346b7f2b68a3acf50e2933217ef5d8d4bb0d82c2a79fbbe505d88ed57a3374d9,96,96,96,96,96,96,96,115,94
5043,Casual Shoes,8830e1ee11bd6edf1a93c73c174356de1e70e3b33cbbecd1f0fe60fd37a3439d,16,16,16,96,16,96,16,115,53
5047,Sports Shoes,ce1d5f6bc6ef777975c60d862a46a342f57fe12cfb6f6ce7f62b1766a69c2a60,96,96,96,96,96,96,96,115,96
5052,Casual Shoes,3ee8cf192566ee4060f38877a044a1cc10160c5a73d508fb9fcd13243c078436,16,16,16,96,16,96,16,115,96
5069,Watches,9d55348e3ca7d99f7a683bf9413016d26590a9395b62985dc8e2b0d3e7c7c25e,121,121,121,121,121,121,121,115,121
5078,Watches,1cf07002407d9cdea23a4cc4b7dbcdd7cedabbf63ecd3055b743558e6ac7ac42,121,121,121,121,121,121,121,115,115
5084,Tshirts,057bd66bdc608d8e66ce5262cf0ed0b6c4ee25333f284631aba676b0630884bc,115,115,115,115,115,115,115,115,16
5086,Tshirts,44af4941e61d32b96f0b72e69b39dae66d68c1afc92d9b130f36c3db3d2c144e,115,115,115,115,115,115,115,115,88
5091,Tshirts,e83f551cde544726c65f05347b5fb9bc7c09578bf9637d14171e759fc77b77a3,115,115,115,115,115,115,115,115,78
5094,Tshirts,619c264e2dd0eab03df93cd860e5e77991c1d5cd885c8a5886e5f702f16009f1,115,115,115,115,115,115,115,115,41
5095,Tshirts,58d83b8a7177ba9923b590d049aeccaeb9157f195c516cf458489992ace9bea5,115,115,115,115,115,115,115,115,46
5097,Tshirts,a09acdd8e5940ffc3116bd75984058218a24a1ec5957fba21e6bdae753fdf7f5,115,115,115,88,115,115,115,115,41
5099,Tshirts,09a5baca431153714c4015ab9ae0345bc12fed80754f6af23c5faf11c920bfcd,115,115,115,115,115,115,115,115,115
5114,Tshirts,5114af518309823ae6e920f99409c6aacee6a53a1da0ffca004839bb6b5980da,115,102,102,101,115,115,115,115,91
5117,Tshirts,c7b5303ee8111c3acb2ea69b84b43ebe54a648b85c84c6686da2751b396146e9,115,108,108,108,108,108,116,115,115
5118,Tshirts,c7b653f6bbd64001ceb0ebad663c176f9951000a089ed8f23cd3163c3311a384,115,115,115,101,115,101,108,115,47
5124,Tshirts,bd7041be5167c4078b64b428aab26f66907176db96225f3f4a23c4b69007587c,115,108,108,115,115,108,115,115,88
5129,Shirts,2349c373fe6ece9177cb6ec19faa967429849b54c1af1c8057cbbe74f7bf3266,88,108,108,108,108,108,88,115,115
5130,Tops,a7a62070453ca3fe78844b21b095af327d717172f6d51c816e3d5a3c2665a540,108,116,116,54,54,54,116,115,115
5133,Tops,996b586a81e3cfb378902ca7d60baae268eac408f38ba594337b76a775236c28,108,116,116,108,108,108,108,115,31
5136,Tops,b2018489429734d31823a6fd74c132653e02f9588fb8bad6bab1d03bb792b49e,108,88,88,116,108,116,108,115,96
5145,Tshirts,c7630ab33eb8eb9b20abd2a85c94c567b0a4926725aa472eabe3514079fb5f1a,115,116,116,54,108,108,108,115,121
5148,Tshirts,af8d771d4cca87a8da4386a9a8130ec9c5a3cd6571b3dc0cf274719d351e13cd,115,121,121,101,54,101,115,115,121
5155,Tshirts,39600a23b93426b58d6ebd3849ef1a9cb266631d4864f29a76b3fb773bbbc7e3,115,115,115,108,108,54,115,115,38
5164,Tshirts,e2f664b57bb6f7195f9c6ba42c1d8acc68ede4c294b95fab6e3dae37a98ee73c,115,115,115,115,115,115,115,115,113
5167,Tshirts,a6449a0f782a6a03673b754460b0b61633a96beef6688a66ee451cf0bd845cb2,115,115,115,115,115,115,115,115,46
5173,Tshirts,1b1921548817dfdad991d005cb4330769b14839967939df017c76f3654c13cd4,115,108,108,108,115,108,115,115,108
5178,Tshirts,af87a016d84e081e9945c552604c82408c5062c9906a82030a511d07aa208b43,115,115,115,115,115,115,115,115,12
5183,Tshirts,62f65b88a9dff6229537460b57d67b1caa1bf05dcae0538b7680b35eec567e03,115,115,115,115,115,115,115,115,31
5187,Tshirts,e4c7cfdf00278f57e42d5997e30ecee1c78f8deeccc62cbca5b5713b651ce655,115,115,115,115,115,115,115,115,120
5188,Tshirts,6227da69fc61fcb0464a0792275cdd2d02bad1d8cae6937562d6c0c10b0963b9,115,115,115,115,115,115,115,115,53
5189,Tshirts,63b91a2be07e6a2932535198666bdcb3adad266fcbc723c44e3f8bf4a87884f1,115,115,115,115,115,115,115,115,33
5197,Tshirts,4693832cb44374af8e3caa5ee6c9b531ffb6171e22924c06819fa63445dc5575,115,115,115,115,115,115,115,115,16
5202,Tshirts,7b0f8d83fc47df2f9040390c6e07c5ff33b0c4acc0a409ae9acbdd644199db16,115,115,115,115,115,115,115,115,41
5210,Tshirts,277c1173833bea98a7a4bba59d35d36d59bcc3161f16659e949d0b8f4c6dd185,115,115,115,115,115,115,115,115,56
5216,Tshirts,e507d14b6c9b1522f7997dd7b1e8a93cc09d57ce8f74b50011bd4015ce03e933,115,115,115,115,115,111,115,115,99
5230,Tshirts,ad952e53feedcb26a922e37ec0ae42cb811d90347b60c4fe397f71569d8be6d1,115,115,115,115,115,43,115,115,116
5234,Sports Shoes,8845abba978329541115bd892c29e76012ecc23aea5c5a9ca1d0baeec13a06c1,96,96,96,96,96,96,96,115,16
5251,Backpacks,758a68cebe035ed2b0a649a5bf673ca053125d5517e5c56570d5c0f4bc3d9688,2,2,2,2,2,2,2,115,121
5254,Duffel Bag,ff1505b12b3943ceef4cedf73dd38121d2d8b497617f48f01016848353d45a73,26,26,26,26,26,26,26,115,115
5261,Backpacks,2e6d6a11cdad295f2487d4e6fd22c0c5320f99be8515546957d1a874283bb16f,2,2,2,2,2,2,2,115,115
5262,Backpacks,2b2663c62c194bc1e5b4647ed95acb4e7733dbce4d7b96edd790d8cc104ff822,2,2,2,2,2,65,2,115,96
5263,Messenger Bag,79456c1c563d0929b18f25303e331e708e009445d5565a8b48ec68f3043863f9,65,19,19,104,65,65,55,115,120
5264,Messenger Bag,993715ed5319998054040ccee99411a36422257565ced18050d1ce35ceffbbc4,65,19,19,65,65,65,65,115,88
5266,Backpacks,213c65eeab90c95fa337efd84092eb3c2eab346d52b15af888d4b02b48fea09e,2,2,2,2,2,2,2,115,88
5279,Tshirts,47acba7a663f53e3b36aa4bd39d812e5f3d3316080e62e298ce5be79d1b6be1e,115,88,88,88,115,88,115,115,88
5315,Sports Shoes,857bb2522d4ec823afb06f04e86aae71bca5cf9f6d0882f64188b5766c5e53b6,96,96,96,96,96,96,96,115,4
5322,Sports Shoes,970b34dc39b6bba46ba2a3182b7bf19ea8275372f502293e123a0888875fdf81,96,96,96,96,96,96,96,115,31
5327,Casual Shoes,d5a94b8a83549b0ffb4d3929dc177d89a099b1d7b61023c0a70d3c905e13b007,16,96,96,16,16,33,16,115,19
5329,Sports Shoes,f11f7b91fa6430f3028cd0c684b8aec832aebf57b5d47d1c2134a303c69cc7a9,96,96,96,96,96,96,96,115,16
5343,Casual Shoes,947c0ca335d057361d085882bce996acc8e9707d98482325134e4f1304197541,16,96,96,96,96,96,96,115,113
5345,Sports Shoes,eee8c1a2395cb94d9dd05fbfddfdf522f03b39607c53293f077e560f1c936007,96,30,30,96,96,16,16,115,108
5346,Sports Shoes,a650ea8a9fd2acd301ad47bb93e643a23e7c5372fb5d64fb9800b01b6003ce9d,96,123,123,96,96,96,96,115,88
5361,Sports Shoes,51fd6ad27fcd75f60d2236ec059bc4135eb709b99b2d322aa315ddbe4b1e35c2,96,96,96,96,96,96,96,115,121
5362,Sports Shoes,5250d63c026a23cbcac63f21531f873f6e5c24d3ca6559fc915e1fa87e956d18,96,96,96,16,96,26,96,115,121
5377,Sports Shoes,7f46a6024c2cff6a5cc8d7831d265a807411091144708707a135da88081f3ecb,96,41,41,96,96,96,41,115,109
5395,Sports Shoes,80469e879370936711898fc656469a375910a9231ad11956d49b5f9c62670130,96,96,96,96,96,96,96,115,38
5402,Sports Shoes,968db5d6da76c5f5f35ee0bd2cd9b0027ddcbe89cff9826a9619fd45f87958a7,96,96,96,96,96,96,96,115,121
5403,Sports Shoes,7f8e90a9e74b371aa832664cbdb89b94f85a72a6c9c1203529bc7c10f9e93e2b,96,96,96,96,96,96,96,115,53
5404,Sports Shoes,04e109096407e46313ed32636807f108db2e8668fdc16bed868a96c5456e6c89,96,96,96,96,96,96,96,115,109
5412,Shorts,6db9eb422ec71c306a32424c7bdfa74908c54d3a11f07009ede807df54b74a39,91,46,46,24,75,119,75,115,108
5416,Tshirts,5e352584327ad689d20fb819c4866fcca246ada20d724c088fb8f068658993a2,115,115,115,91,108,93,115,115,120
5428,Tshirts,d06635a5ad08b31a9283cb02acc58b7f35aa2aa3c173225122fd44f87e616bd1,115,115,115,80,108,93,108,115,16
5433,Tshirts,7ae879021f2c4c5ead800bf993886de836401da0938fd4d2b85222abbc9becaa,115,115,115,115,115,115,115,115,96
5434,Tshirts,484361460e7cc15a51c4cd4fb49126e258073f2af10dd21b6c7f2e5936e432ca,115,115,115,115,115,115,115,115,19
5440,Tshirts,4dea816e9df2d94243b4a7b0e16d0a491e0027c265a9bf7497abe447cc008415,115,115,115,115,115,115,115,115,115
5444,Tops,61497939a11b6eb10581768c7ed3eb81477325dea61c0e40140de1443f72c6f5,108,115,115,115,115,75,115,115,109
5451,Shorts,0198ca9fb3ad85c8cbc3b9703cc5e7192b68ca4d12bc656f39fb39aaf7aee8f4,91,91,91,91,91,91,91,115,62
5456,Shorts,47c9f43d3f420a3956018942494b3c7f2dfc39562f63c7a9376c1774cf961c9f,91,91,91,91,91,91,91,115,46
5457,Track Pants,301c0e92c05bc6fc435b98041c22d867004b2c597c2f5cb094dd536bf3d64dd6,109,109,109,109,109,109,109,115,115
5460,Sports Shoes,6c3d8dd7b1de1054387ce2fe92aca4779b7c4ac184e2572120724e4a2f6ee0cc,96,16,16,96,96,96,96,115,115
5462,Sports Shoes,6ddff40e3066ad950ff8940b22be0981135a4ea5338624a8918082438d3acd87,96,96,96,96,96,96,96,115,45
5465,Sports Shoes,472e14106dd8fd215f52eee6c876124327690ec8dce84cad94363cce446a2313,96,96,96,96,96,96,96,115,115
5471,Sports Shoes,fdfccb5765351d7b0d12905b4e7176515509c1392ce7748587398575236e0216,96,96,96,96,96,96,96,115,5
5474,Sports Shoes,b9348490d61365f3cc2b9c938390e32ae25e9c523152b5fd10ec3f06cc047d52,96,16,16,16,16,16,16,115,96
5477,Flip Flops,768de32378caa334d3467faab652fdd20d9e3279765a866e46bed1ed41f91818,31,31,31,31,31,31,31,115,115
5478,Sports Shoes,e552134c260b7047bf36ee465141eb149add5ca32546b43adcb966e882c49ce1,96,96,96,96,96,96,96,115,33
5483,Sports Shoes,214e10820f1eaf4465bd3f6175227934cfb53746adaac73a9cfed2e068af35b2,96,96,96,96,16,96,16,115,99
5489,Tshirts,53e02e9c05d5b62663ca758c9c905d776479a34f72a58c1b553ccaed142c7f5f,115,115,115,115,115,115,115,115,121
5492,Tshirts,b6449b6ce87500ec32784a8a952b7dd18c12e2d8940141957c317e145ffa699d,115,115,115,115,115,115,115,115,12
5497,Tshirts,4d2e339f86c8a4045bec9f6d899b8e3950bb663cfc4b3bd310f0684f0127d47b,115,115,115,115,115,115,115,115,115
5500,Tshirts,ca41fd68d24ae779fd2a5d02dc2f8d4e5fee1fc6babfed4a68bf516f53a76864,115,115,115,115,115,115,115,115,121
5503,Tshirts,dec904f5bf0cd3f7cfb26aa6a628955504a397c06bfa3387a258e338477ae17b,115,115,115,115,115,115,115,115,108
5504,Tshirts,ce0b4f64eeffe61d208453f1963382344d940992b9a5b5a914e8542abbfc21d0,115,115,115,115,115,115,115,115,120
5519,Sports Shoes,26b72404a32ba486ba9f90154f87cc9d6703544165cdcfda77599c279339077c,96,96,96,96,96,96,96,115,88
5535,Sports Shoes,a69e55db8b42d710ae242f6a5daffb3e6ad3166a1e01a4e2a76004e170ca963f,96,96,96,96,96,96,96,115,88
5536,Sports Shoes,b973054688ca5340f62a0bcba3f30c6f82405e0581d8381d6b86377fe5a3bf91,96,96,96,96,96,96,96,115,46
5538,Sports Shoes,b96fd3de82d4ca0bc34b7739b5fdb005447d031a50dea399e018b74e10d83ad5,96,96,96,96,96,96,96,115,53
5545,Tshirts,6acda1735b98f35963331eba102ddebdebc6dd27a84cbb489c0e1883e0567c38,115,115,115,115,115,115,115,115,88
5566,Dresses,16d3280235b8bbc77e98aef099b27c743d3101fd8d23d85cb15ef0f6f0806126,25,25,25,104,25,104,25,115,115
5571,Sports Shoes,94a1a9ca24f00b1b901af7c75eba77633d44f659563c413665cde98a37d55eec,96,96,96,96,96,96,96,115,38
5581,Skirts,8f5a2c1a67ec9003fb24e153f26a2194911d4bba8134e00251104203b389944a,93,93,93,93,93,93,93,115,119
5589,Sports Shoes,0666f5e33c8d872717391b5e34f2c9e7520364ebcf0d4b14fae3913f63d40bca,96,96,96,96,96,96,96,115,96
5595,Sports Shoes,590d3d31f401bafbe62526084bdf17f31d31bad5b76f2ed83156b4c864610261,96,16,16,96,16,96,16,115,88
5599,Sandals,d928f6846f8be7343ac15f1e5475d274ec0efb92acbc700565232e1dfb6bda03,84,84,84,95,84,95,84,115,2
5601,Flip Flops,4f13877ab0ea38e427eeffe0be3dddd16985667c0a80fb1ac2de1234c67396f4,31,31,31,31,31,31,31,115,94
5610,Sports Shoes,7020a222cfec8a6c6e6d53087115d26f61f1579fe2b65df8f97399bd3571f4d8,96,96,96,96,96,96,96,115,91
5618,Sports Shoes,fea0db14b6a849075c71ed268f6dbc7c40fe0d66fe3727a7ff8fd22dda82d722,96,96,96,96,96,96,96,115,28
5625,Flip Flops,cd8ff3cecea99e11244724798fdedffcff5aa5d189cf5dd12d521a683cab1282,31,31,31,31,31,31,31,115,53
5646,Flip Flops,006f97bc7d4a42f692610445dd0169e2e9b6d118bc731e02840cea6bec7ce431,31,31,31,31,31,31,31,115,99
5654,Sports Shoes,81faa38a000b06cece15436f77c6dee2b927e3f6cc2fe7d965d7b7970ab82c19,96,96,96,96,96,96,96,115,28
5661,Tshirts,bbeddeac2e610d26145720dc052126ce5a5df13f76abba1f79b22c8a0d10a092,115,115,115,115,115,115,115,115,91
5665,Flip Flops,02550c76c97e3395103188873df3dcd04819c1ddbcf6e2c3a72913eaf6c2363b,31,31,31,31,31,31,31,115,115
5667,Tshirts,18289b26fc97ed2ba29d58cc7c0a18adecab89da35e5738c85e586cf76ffc692,115,115,115,115,115,115,115,115,101
5672,Tshirts,c8ecad5b2b49e82e546b48ca2ca673899056abd09f6f53571611977b9af57708,115,115,115,115,115,115,115,115,120
5673,Casual Shoes,14f3f7f21d4b356839aae27f73ea6aa6ac89293da2b7c551aedc92c5acfb5dfb,16,33,33,33,16,33,16,115,15
5674,Casual Shoes,98795cabccf9ccc7faf3fd8340719acde88ff3207967bda87bceeec4de57304b,16,33,33,33,16,33,16,115,101
5681,Casual Shoes,b282326f68897888b9d611145294886ab07fb8d155fdaf12563e9df8a2dd477e,16,84,84,33,16,33,16,115,16
5682,Casual Shoes,d054229c6856a7b6da3fdfc819386a269000d9f44bcfd4f47bb982fb4ac17833,16,16,16,16,16,16,16,115,102
5686,Casual Shoes,0b30f5e58682e16cd0e58400656bb5476f1449e662afeb0d14d4977fccc2467a,16,16,16,33,16,33,16,115,113
5687,Casual Shoes,8a6d7055f2474cb1760198585b40f4cc3649d1cfa1b03ad7dbdcc20369b2b035,16,16,16,33,16,33,16,115,85
5691,Casual Shoes,d3dfe822877d30ccc101065980e684351165e48775073bbbe75dda77c3273826,16,96,96,96,96,96,96,115,38
5699,Casual Shoes,1c441dcf8b03421a95db561ebcb5c5661d9d13836e3ca69f4f85042c07e139f5,16,16,16,33,16,33,16,115,94
5703,Casual Shoes,0016c3db227e693c079d88374332e612b81345a9455d0118d8dc44e3ca85453c,16,16,16,33,16,33,16,115,82
5710,Sports Shoes,5bef0fb4af45082cdfb8204566cfcb5c216c0c12cfa07076dec0460cce254b35,96,96,96,96,96,96,96,115,88
5712,Sports Shoes,e139437129c11f66ecea3dba1f8ee0bcb8cf8f8d7f9618e3026cb2f983c3a1d5,96,96,96,96,96,16,96,115,43
5716,Tshirts,4d940badd3179f39c6436f111f98d84dbd734ad0514f082bc9e2488340427f92,115,115,115,101,102,101,102,115,115
5721,Tshirts,1bcf164cda843b1541e45d9e8c22e447a75d6869422dc14074055105845ad5f5,115,115,115,115,45,115,115,115,96
5726,Sports Shoes,2a369477b81049e009ddf2d5953df697904b4487a6a195d5c49d40456a534a3b,96,96,96,96,96,96,96,115,96
5728,Sports Shoes,31f471ad232f7d1cd85019d192ae93eb19856d7a592fbb9663378763813a9739,96,96,96,96,96,96,96,115,16
5734,Sports Shoes,c3ec8758508378d89cd08d6b0a4bfc943d68bb1f1163da1d427b239c6e222b59,96,96,96,96,96,96,96,115,120
5737,Sports Shoes,064360ecde4bf272836a6cfd4af71e6f2a4dfba0e436ed389f4d54638aee285f,96,96,96,96,96,96,96,115,115
5743,Tshirts,c85c15d3762e7232737e72c98f7eb418b84d0e9c77205d7d95757860ea3aaf4d,115,115,115,54,45,103,88,115,25
5748,Tshirts,e0ac63bb2a7675110ceeb7a9ca5ae94cc19ebb17c5d1c8669b3fdd3c0e20833e,115,115,115,115,115,115,115,115,46
5758,Tops,9cc7fbd4019b551534273b7ecdc651496fd9281a64a6809677d5b5b261ae5b03,108,36,36,116,108,108,108,115,115
5768,Jeans,4e7b70ace9cb9170382354c2ec0fa5e6b0be738a4d6beac162ed232953a1ad44,46,71,71,49,46,49,46,115,115
5776,Tops,7fd085c8b1159308126fb3d226943df90855875f6aead731527de244f61052d7,108,116,116,116,108,108,108,115,33
5782,Tops,b2d81c749dc44d74f25781a3f82fcc2ed55ddf56ebb309f8b96d401e0461d807,108,101,101,108,108,108,115,115,88
5788,Shorts,0efe05e32e766e909832ed618c9b3aa4ff3428dc54ca2cae5241b9592cc0fd21,91,71,71,71,91,71,91,115,31
5789,Shorts,e04a9569bbf65ee7176704eb30a58a6f338c1e5adf51c6845c6f428abf4bd58a,91,110,110,71,71,71,71,115,121
5794,Tops,ec7995c3eb863ef2ddf71290e3d2e79b7133e73de5b630bbb1fe07aa2707602d,108,116,116,108,108,103,108,115,2
5805,Tops,8f462f20ea9b8adc50f2414c924addcde610a475e94d3a9349588845204b884d,108,43,43,108,108,72,108,115,102
5807,Tshirts,1d98ac1cb4550e7200c41bfca919a00b8c5a2d4e3796d4a41276f47120bccb28,115,115,115,108,115,108,115,115,96
5817,Tshirts,09af7abc14cada0cc6728b4cd809c21d8313629758edb9500325ab534031b26e,115,115,115,115,115,115,115,115,115
5826,Tshirts,aa19196417fde0362b85d0202661f38f6d0ed8dcc810eae7d70ebf3f031ecf18,115,115,115,115,115,115,115,115,38
5839,Tshirts,9ccfda0910ff7cd30268cb4258eece2fa6d36e2f451e4f6b0372503557e17c3b,115,115,115,115,115,115,115,115,102
5842,Tshirts,dc5e77ec32f5feec15359a066224fd41852ea1a473e72051fd1765196171baaa,115,53,53,115,115,115,115,115,38
5843,Tshirts,9fd3495f0e7ff723bcb748a21aa472efcccd0c46e5aede2daf31cc57b3f35a64,115,115,115,115,115,115,115,115,30
5847,Tshirts,3df27611819654b79be45ad8e527b2e4132608a4c30d50d945bc4bb0014f5253,115,115,115,115,115,115,115,115,88
5851,Handbags,a39b1153bc7ac0d8a5c571f3efc25705fd6560fa17d3d54604ac49e6f33566e9,38,27,27,98,27,86,45,115,99
5855,Handbags,5aa1d039e576428fd46f507f59929317eb5b1915688be26cba8f771fa2266e8a,38,38,38,38,38,38,38,115,115
5865,Tshirts,abf44d65baf34c44c0fc872cb8c8816453ac269077f77d80d45695302e7c982a,115,115,115,115,115,115,115,115,115
5866,Casual Shoes,61b43639b1eb4dc7448abe0247583025db10a9c568fa7bc28428de2fddb9ed25,16,16,16,96,16,96,16,115,121
5882,Tshirts,5bfdee4b2774dcc2588ca75d157328cb1a17b42218e4afd0260b1db9fc2b0287,115,54,54,101,116,108,115,115,108
5884,Tshirts,9b855c96fd89a4ca6b05d32c17c1a844a949b0beceae0a82ce7215a87b8d6b10,115,101,101,108,108,108,108,115,96
5916,Casual Shoes,3afa03d53cf1a1199137b77927ffc626b5e123fdf566c600e8d2cfd02bf65367,16,16,16,96,16,96,16,115,96
5919,Casual Shoes,63796c8572bdbd50380c8c026bb57b0acb00ebcf9d0faf70b3d48e26f91b4f78,16,16,16,96,16,96,16,115,115
5920,Casual Shoes,28e74bb498bfd23c1762981569b0858916a27b1cc12e1b91f3a0c78b014e0b30,16,16,16,96,16,96,96,115,121
5922,Casual Shoes,ae47c11e5b5115bdfe5f93e288b77b0252c4efcd68b704b44802e4869a6faaa9,16,16,16,96,16,96,16,115,99
5931,Casual Shoes,a3df99fa4e76b9bca1bc7e2694758198bc90f02bb8bac4f0819f8f7fcfadbbdd,16,96,96,96,96,96,16,115,101
5936,Casual Shoes,dd01252bd9fe140786c2a80e313a6199d86ecb821ca38412a7feee2a7cab815e,16,96,96,96,96,96,96,115,115
5948,Shirts,57c3d4d24d4151440dbb45b4934424d669b69f81b04e4f1f67a78cf1d6408203,88,88,88,88,88,88,88,115,31
5976,Shirts,362dc3b7f365c8c408a2420682aea6b160dd8f423611ccbe8672935e50c5bbc5,88,88,88,88,88,88,88,115,121
5983,Shirts,7f1b61c66eddd2d82b8d6bdceed1c8682c27b8b31e1eebc9acbccc3e72452c89,88,88,88,88,88,88,88,115,16
5985,Shirts,7e6e236cb22bf9875e13424a585c06359e8f1ad0a2ba3499cd8128a1ebe74ce4,88,88,88,88,88,70,88,115,38
5988,Shirts,b5120e190229a2ac69d6f87362939a97ae9883db4f18cbd0ad3bb392c56d8463,88,88,88,88,88,88,88,115,91
5991,Shirts,03fc538cc98199fca5ca032f6cbb573bd143614c9b65245da3570c15f2f8e016,88,88,88,88,88,88,88,115,120
5998,Shirts,31b71a3aeafbda88f1a2c11083f43e91050050775d865e983a9d26f067c316d7,88,88,88,88,88,88,88,115,108
6009,Shirts,62d85e287206ba63a712ffc3258c232194b3c30eca34a472dbced5fa3a636a69,88,88,88,88,88,88,88,115,108
6010,Shirts,c2e424d31831b76962508f76d765542c632ecfab66c384f4324e627678146091,88,88,88,88,88,88,88,115,12
6020,Tshirts,743717eec32ea505869e316fbc306d4cb88ed527a55a94a04ca5ac390c04f64e,115,115,115,115,115,115,115,115,53
6021,Tshirts,f8473f8883df06d10c5cc24e86ad27f2b5c3bcfa8ddf6145dd7e192f3ec71348,115,115,115,115,115,115,115,115,2
6023,Tshirts,69445dd836cfc279f3db982d383ab471c09118478afa873b99e7807bec469db7,115,115,115,115,115,115,115,115,16
6024,Tshirts,c75b2a949c078b96df255742f483e8a39d1054e4850d22d4ea7408c5c49c8575,115,108,108,54,108,116,108,115,88
6029,Tops,1ffc7adb6317b6dee4eafd6849c631a8300efb36202a40b61afcb56a89c4ec12,108,108,108,108,108,108,108,115,16
6032,Tshirts,a70195571706d0a8b5fb989d722723357cb95aca7d5df716e3ae2a75e15b7d19,115,54,54,108,115,108,115,115,30
6039,Tshirts,6d1070f33113c60d052a085034900b80c73e60c6549a0bd509569dd363c95e9b,115,98,98,108,108,108,115,115,121
6042,Shirts,9ebc69734a87be3bb7bc83fb277566b510835891da50e0f8f37a655760444cd4,88,88,88,88,88,88,88,115,96
6044,Shirts,749b1d5dca5f8093f34a4259fb96e650cc2936f9c581afa86a3f79f300eb7156,88,45,45,88,88,88,88,115,120
6057,Shirts,c1c12300525a32d84c2109faed45fbb35cf509ff50851b64ef421ac934e734d7,88,88,88,88,88,88,88,115,115
6061,Tshirts,0326dd9f33d55c36de3fa2d5a1e3082848f0f6f8b1b9e759daf397ea15c6855b,115,43,43,115,115,115,115,115,53
6073,Tops,bd4900a23d45e62c54ef09e132d46f7b27ceaee5b31bd59c7b8e9438f07e6f33,108,10,10,103,108,103,108,115,5
6084,Tshirts,15cb8cf2241c524c3bef283edc155bfaf4e80c62f15c0183f6ecd92ce7331057,115,115,115,115,115,115,115,115,108
6104,Tshirts,f9ff5cdf38d37cba3dba87cb0c463cfdbb5bea162038790253477732cb591ad0,115,108,108,108,108,108,115,115,38
6108,Tshirts,576a662eea6afe8e30bf463f7fb22b5a9ff9c3f6c72bfd9b53202474c3de0240,115,115,115,115,115,115,115,115,16
6113,Tshirts,4044dc0cc9d846d0e8ec124990544aad2ab25c9a3efdb1f61147765afca3610c,115,115,115,115,115,115,115,115,16
6117,Flip Flops,b2108e223f9684e27149c3c1a92b8f337625f32b0450bb0e194407098f6412f8,31,31,31,31,31,31,31,115,28
6120,Flip Flops,a1add61bc76ee2a049e6c1c64f8faf609d6d6434340e635e7077534aa3a97cb5,31,31,31,31,31,31,31,115,53
6131,Sports Shoes,71bc00b60bdbf6897f089ac1ba4a6a5bd27e17f7143b566d3f9abbefb5cb64c8,96,96,96,96,96,96,96,115,2
6132,Tshirts,b7ea378035ed88dcd9e3bbfb295b9ceab8b6b6641b4c18e679bbd124ecf96e31,115,115,115,115,115,115,115,115,108
6148,Sandals,fffc6034b56dba333b1df4ff6d08b218e0c2f890e66a1622e12e528cb47ac9c6,84,84,84,95,84,95,84,115,10
6153,Casual Shoes,3dcb911cdad37410bd08048c6b10ff95fda92c7d1aea63f2f37e4eb73cfaa63e,16,16,16,96,16,16,16,115,88
6157,Tshirts,b19bd789edc5eb261089598d0ce404a1358a9a661589ecbadd1a7baea8e5372c,115,115,115,115,115,115,115,115,96
6164,Tshirts,5817b89488f13b321733c9986d5663181e19847c8a5695608ed2fb64db084253,115,115,115,115,115,115,115,115,38
6167,Flip Flops,ed38b42d91b39a23cafc053d1f4b21dab24d0ac0da84467ae4ee9803cce450c3,31,31,31,31,31,31,31,115,115
6171,Tshirts,62f8937e085e877e1472b11759e21bfedb72792935fdb6377f6a0aa73dcc2456,115,115,115,115,115,115,115,115,16
6175,Flip Flops,288d3578a4718370876625e61e2116d5fe5a795aeb02fcafa7165676c938403d,31,31,31,31,31,31,31,115,96
6192,Tshirts,9c31c366d6803b950f3d1e64e34246f59d91b9422fb0f5b049407ae36a387173,115,115,115,115,115,43,115,115,120
6197,Tshirts,970146a25be2b5aa3243d43200c26361ebc41a854b230423306bb8864c4cf4b9,115,45,45,115,115,115,115,115,115
6198,Tops,a11d150afdb78470a7e86711636451e5548af029776168b886cb9a398138be95,108,93,93,108,103,103,108,115,53
6199,Tops,5ad1aca660fee253c56b6af26dc7ff3874b04ab2b408268ddef5a19b41574201,108,108,108,108,108,108,108,115,93
6201,Casual Shoes,8bb9b744b59bb8f3e98209ee1c366ec5912c6735b974951ea5ccff04ebb0114d,16,16,16,16,16,16,16,115,88
6202,Tshirts,d6e913b62231edd4b53db0c5504ce6b026d1f1087153e5010cdaa03eb2d783fe,115,115,115,54,115,116,108,115,96
6208,Tshirts,85dee7bdab3fcb476869d127c54a744c5068fc1d1d885e8dbc13ddf3ccf436d7,115,115,115,115,115,115,115,115,102
6215,Tshirts,6332e97a3dea329ea2b0dd6e842449e7ee680d85b845f73fc3ff1412e0994412,115,115,115,115,115,115,115,115,96
6219,Tshirts,82824e30f55def314934ae74090ce436be9a5afa32b5473a4ebe2d680e45c0c3,115,115,115,115,115,115,115,115,121
6220,Tshirts,7724b8b46a2703c31eece45093cf390da4782389da5bc8f720e8d110a8cff011,115,115,115,115,115,115,115,115,114
6224,Tshirts,f5a67ffe4778f96d772ad0fbf151ce4e89c9c1f428b0b5a0623a82c238d648de,115,115,115,115,115,115,115,115,115
6230,Tshirts,27a75a6b253cfd5e06808cc30d137c85d246821cc621199390e868b9f2e627c7,115,108,108,108,108,92,108,115,84
6236,Tshirts,51591bfba42d6c52561263f226d98c1ccad934acfd27a897dfc4c879a85ae597,115,45,45,101,115,101,115,115,32
6246,Tshirts,41405008cc64f8f128f158b421f862407968aeee00f84c098893be2631591845,115,115,115,115,115,115,115,115,108
6251,Tshirts,edfdb9fc893a9941cad8c26388985a20a56603874b68275d0de476caf502c27c,115,108,108,54,108,54,108,115,115
6253,Tshirts,2ac44dc2008bf565084e4af9d1a7e2f7cfa276279c7c4c8706c5584383f3614f,115,54,54,108,108,116,108,115,115
6259,Tshirts,4d27be7f30d54d60d4e470f2013d3986325c48d5b8adf85a45ed85d2a077b7a2,115,53,53,101,116,101,115,115,88
6269,Tshirts,7b0790977a0d6a70f3cb689e768c596eb00682f55afcaca80a95848892a97224,115,116,116,54,108,108,108,115,108
6271,Tshirts,9716c81c51ddf6c9f7cd9f43380cf168c372fed65b4ecacca5fc86cd202dbaac,115,115,115,115,115,115,115,115,115
6272,Tshirts,171487f15e0cd292d0fe240d56ac3024cca89e465838e2100ded294c78465a74,115,88,88,88,115,115,43,115,85
6282,Tshirts,d8b388b02fe7a567182923618822133d051532a511e22080ca06a83056d6b874,115,115,115,88,115,115,115,115,33
6288,Flip Flops,864c5074bd10511d2af0199d59a322104b4ddce70c23286d19d24719a4c6ce66,31,31,31,31,31,31,31,115,96
6289,Tshirts,88de70ec82c0e24fe35aafb466f1af6bbd18f8f6bb782c1c808b24fe3dff387d,115,115,115,115,115,115,115,115,15
6292,Tshirts,86fe2fc1adc7791f61a9b46bd492ce864f5274cc5612c62f73c11bcfc79006a2,115,115,115,115,115,115,115,115,99
6310,Flip Flops,cac8e53a7798156fad9d9399ba5ee203fdcf58deda0629c4fb30d4f17e02f01a,31,31,31,31,31,31,31,115,24
6311,Tops,4440d78dabf80c4cd0e912b2bbd0fa84e3d1c314597321020f57ab3552ce7998,108,81,81,108,108,108,108,115,121
6314,Tshirts,db0fa25e41266b0c6304b3ed9ff75189eb37c5733f7d542f168cafc63310843a,115,115,115,115,115,115,115,115,115
6317,Casual Shoes,f946e5284f5a436360f579d4e1433c77930341c8f12a61216ed1233dd812850b,16,31,31,33,16,26,84,115,12
6326,Flip Flops,dfc7e1dcb2cf8d55a4d459799eca68ae9d98636016cb9a7222621c48045ab942,31,31,31,31,31,31,31,115,75
6338,Heels,dfc284e6994393ac0ff5b40f95e1129ad55798372ae74170727703a4967a9071,41,74,74,67,41,67,41,115,28
6339,Casual Shoes,3be372efaee54a86527e60ef222e2703bc6a6a02c237e509cde166e800b24fad,16,16,16,96,16,96,16,115,12
6347,Casual Shoes,078428828aa8777058ddf4eed0afa9a2e57a3e6a257822001bbfcfab30de5dd3,16,16,16,96,16,96,16,115,88
6352,Sandals,88c5695dcf092f6ae73d5fbe6fc02fa343e943f7545d7a1195e341e6c5fd1514,84,84,84,95,84,41,84,115,121
6356,Casual Shoes,8ace07cbccc6e0b38983255c946ca25a25510207c28271d5855b4edc9734355e,16,16,16,96,16,96,16,115,16
6359,Casual Shoes,7bf80d33b02f4c9f1f512e5ec69d3b2c12fa620397e4a6c7002dd6328c4088e1,16,16,16,16,16,16,16,115,115
6362,Casual Shoes,235287ab6d317149b7d4f62fc26f61874db9cade3d7ab71852d9738a474a8db8,16,16,16,96,16,96,16,115,115
6370,Casual Shoes,d5f3775dcd31d1d1fdd5fde6fe5f3cb39e2e5340b1d4cccf90b94e076a605f0c,16,16,16,96,16,96,16,115,88
6376,Casual Shoes,7c1f17ad0db21b814bc6f53e3b8c115b148c621baf7a53a92abc1ccf7a070f56,16,16,16,96,16,96,16,115,5
6380,Sports Shoes,6d4056803b3051b0ae7fcefcf7c45beaa89d430bcb50006dad7b3b3b0dd5e503,96,16,16,96,96,96,96,115,115
6382,Flip Flops,edc0e417a7f5379671e452d492def90daab4f9ec2a7e5632cad9145fdfe7b416,31,31,31,16,31,31,31,115,114
6385,Sports Shoes,d761b0a677cb64ba4c7b81376b5b0d027a496d731944cf51c9bef9333fe5b37c,96,16,16,96,16,16,16,115,15
6395,Sandals,df6a1a5d55ff76a24d62e0a16d3f0487502b013ad1bff1e3e2fc32aa9f16a17c,84,84,84,95,84,95,84,115,101
6404,Sandals,0222d9502b8ddb40b6b7b2e864625234c8df73c7255d06c37fc26999e73d49ce,84,84,84,84,84,84,84,115,121
6412,Casual Shoes,cba152e9f340ec5a5fb8ccffe386e876e0b2422f2dff74e589ab63c0a71fa2d4,16,16,16,96,16,96,16,115,88
6421,Flip Flops,80acf488e481b28a847637aa6f3281dd9ca95461602e7d56eeefcb205da18997,31,31,31,31,31,31,31,115,16
6422,Casual Shoes,b0e30e80398dca17e1a7df46946422ddc4285173f9f2738df39994d64a91afcc,16,16,16,96,16,96,16,115,75
6432,Casual Shoes,9badba4acd6577ee1e89d8a5949792e13395d302bc4650b39dce068d94c44211,16,16,16,96,16,96,16,115,16
6434,Casual Shoes,bbdec162391afba755ea467263e85cffd238a2557e0b502a0c0c3b0f828d4814,16,16,16,96,16,96,16,115,38
6437,Flip Flops,14ef66a0cadc1db9e19780c414542c19001566bf8e5b9c8662ea5636cc047070,31,31,31,31,31,31,31,115,16
6440,Casual Shoes,dbc5cfbe7f967ffa8a96ef74ef5d6c95f2c6a92ad9075b78577340ce21e1dfc7,16,84,84,16,96,33,16,115,121
6443,Flip Flops,6f47007b229fae851fc5caa91ee77967fe16267def0803b22cb5aaa6f2b77c48,31,31,31,31,31,31,31,115,71
6454,Flip Flops,f8b83c7bdd76b2744a87677dd81819dd6a1e0babfb24cd2be101b52a3ab2e4a0,31,31,31,31,31,31,31,115,115
6456,Sports Shoes,6386ca9c91f0a9ded88e3d3133138ea429b83c5f0ef619d10fdf94dab88849bb,96,96,96,96,96,96,96,115,33
6457,Flip Flops,963ee4c8997ad501273f6c01b345c4214e12dca2c151799953a404cf8a7f3440,31,31,31,31,31,31,31,115,30
6461,Flip Flops,07992f08b8fb5c7b385f7456d17b3697fddca97ec1b3e49b33e70c39c0e4664c,31,31,31,31,31,31,31,115,115
6462,Casual Shoes,ff167fd8663eea4356d164317354ab7d9e4a868199a3d404de544a428f9cf40d,16,16,16,33,16,33,16,115,99
6466,Flip Flops,97b50d27672ce9cb990128d4187c259d14fc46572916ca476848fdfa56795685,31,31,31,31,31,31,31,115,96
6483,Formal Shoes,5a76fa09adcf616cfc392c22500c5142b50823b392642f8331fe687705226ddf,33,33,33,33,16,33,16,115,16
6497,Casual Shoes,ff402fbd13f54f896448b324836649e100d9f364e582429dceea6ba426415c56,16,84,84,33,16,33,16,115,53
6511,Sandals,5f8f1882859a20cec6ec25371067b733c8cc58c7459868f9e5921d90f3f17902,84,84,84,84,84,84,84,115,16
6516,Backpacks,8d348ebb6f2ca8e122cf6a221d16f11264b324ce3bfee979432ee09401cfa1fd,2,2,2,2,2,2,2,115,16
6527,Shorts,46571bcc14c705bcb78f40f28e058a7a6c3d754b882c0e11586e466776b0ffa2,91,91,91,91,91,91,91,115,2
6539,Backpacks,d52d4c7978b34722e2a18cc8ca68edd9ac6f1f02a5440210c941ba90b5104961,2,2,2,2,2,2,2,115,75
6540,Tshirts,e246a78dd172e8aeb7b4180898dcc9cd88a956b64128685e19e75b52e4965df6,115,115,115,115,115,115,115,115,3
6541,Backpacks,bf98b2936a10abc8c7f0b28ee725a7d39e74a08fa5dbaa779ccd296140395783,2,2,2,2,2,2,2,115,108
6545,Backpacks,90d1253c7021805e65a4fdee0f146ec484066f62504ce79d980356d816f89201,2,2,2,2,2,2,2,115,120
6546,Backpacks,93468926efe18a73b2a10573b7dd0c48405c7945a77577ee2dc27e79f7f22753,2,2,2,2,2,2,2,115,88
6549,Tshirts,0afaaf44aa6ae230abe20a0beaae4139eb760a282f547e438ec52c3e3476d583,115,115,115,115,115,115,115,115,115
6555,Backpacks,b70038c745700d5f32c61f7e2ea91d4b7f9ea604a19f1b8dea223b5d54480898,2,2,2,2,2,2,2,115,121
6563,Backpacks,7c9d7eb9cbed9894ba6b54252c011763709c405d02a55afffe5350a16b0476fa,2,2,2,2,2,2,2,115,94
6565,Backpacks,d84db51aa778c61b2998fa495c9788e5ff98065dc4b02f37cf8fce2522688e53,2,2,2,2,2,2,2,115,113
6567,Tshirts,c26ed704bab5b785c32e67affd70d9f68be208ad36d81020f513c97c51503669,115,115,115,32,115,115,115,115,99
6568,Tshirts,372eff589f097b390625847166139c90e925465e1d4756e64c76daeab08a04a1,115,115,115,115,115,115,115,115,115
6582,Tshirts,b8a9394a7864aebbb3026b98fefa8f7001e75e632edb714cc6a6c462bb382f98,115,115,115,115,115,115,115,115,105
6583,Tshirts,0f9184da7ebfa6ac9b1441547ee3ef0f234af1b2112fc439a38ca349cab4e797,115,115,115,115,115,115,115,115,102
6592,Tshirts,ca81cf7b4b6515415f34da60b1bc42926728987bc43750a0bcd8c59457fa8cab,115,115,115,116,108,108,108,115,115
6593,Tops,fd040ce4f8956b8b4a78c12f7953da5ba66165bcaac9a55c8889c3e39892a6ad,108,53,53,108,108,108,108,115,115
6596,Tops,c56b92364a9f2b149f6e14c2b12dbe47b23325efeaf4d4310d900ff07f1cae73,108,86,86,54,108,108,88,115,38
6598,Tops,d615fae1c28a08796c2a7f5de68a30b10360be0cb500fc65aa0f7baddf0dfb9a,108,86,86,108,115,108,115,115,115
6599,Tshirts,f03a02481dd519328f8556d4e3b7ab72c05d7412491705eccf9473968ace410b,115,115,115,115,115,115,115,115,115
6600,Tshirts,9312b668daa1eec63c619d59fa71202bf6f5e0e6ccde6755c7f4ac103e08e8b4,115,108,108,116,108,108,108,115,93
6602,Tshirts,afc9c1154f296c9503967bf829b4ddc971a264f22106e9590a95a8ef7f4553b4,115,25,25,108,115,115,115,115,16
6603,Tshirts,af8ad7f80203be96faa99cc060555d7226b510f60541a402ffc80ee7adb47580,115,115,115,115,115,115,115,115,115
6606,Tshirts,0c6a4a7a8ff18017f034c20f50f0c9f6a27a70281d27d8e9d5b2ce80eb1504d5,115,108,108,49,108,49,108,115,15
6613,Shirts,93fcfe5ed7f69129a64866a37f7bc65ff1f74e22dff7883a70d17019b2ac1b1b,88,88,88,88,88,88,88,115,121
6614,Tshirts,9bed36ce6f5ace35c0ea6f911c0bfea833f49feb419d4ec9e66fab61bce7adbc,115,115,115,115,115,115,115,115,31
6616,Shirts,760d3e2fded16ddd66c42ec9155c522747db4639b57a1e926ce643240c18982f,88,115,115,115,115,115,115,115,96
6617,Shirts,5bac0d146e14eb900c065deacd541d930a3e0eddc70d273b82bcf3dfe6baeb6f,88,88,88,88,88,88,88,115,115
6620,Sports Shoes,40afd55e90a2377b1d5b5e289622983384a030cf4fb5971c75e5a223f71f0c3e,96,96,96,96,96,96,96,115,101
6621,Sports Shoes,a102716be7ab925a61a6781dc77f02bcf6794d265cf9b2872c1db08b1846756e,96,96,96,96,96,96,96,115,16
6623,Sports Shoes,3d7663d392e9ba452cf8ca173ed90e8b77f92dc54c5953afea6b61cdd716a2f6,96,96,96,96,96,96,96,115,38
6631,Sports Shoes,60b5a01b841994e3f86704a1e3d803bbded44c0ab797bdd5791e49afd9effe19,96,96,96,96,96,96,96,115,31
6632,Sports Shoes,6c17d1cb24aa86124b13b0a8fb0adbfff3eb2ad8ba7eb4afd844b7200f41a060,96,96,96,96,96,96,96,115,115
6642,Sports Shoes,a6d221af433f64745a567dd1e96144dc4e08c82e11d65bf86af3b51cf0f8208b,96,96,96,96,96,96,96,115,121
6649,Sports Shoes,553c996cfa9e7d2835398b06650cab1be4683acefbd951765a31f1bff487c1eb,96,96,96,96,96,96,96,115,121
6651,Flip Flops,cd106f0aa0113954d53476e3dc4c906796b9518a77b2beccfce3b009d3608848,31,31,31,84,84,84,31,115,115
6654,Flip Flops,e76c9ff4596fbe0828b3e0056ecaa965f7cd9ae92591ab230a368b21804c6c2b,31,31,31,84,31,84,31,115,109
6669,Sports Shoes,246fc856bb9be2dbb1b23e07c69d9b5de523f5da31a7a73a30b58cf293794e3f,96,96,96,96,96,96,96,115,115
6674,Sports Shoes,7adae4fdd030ee1be18d0528d6fc2a2017f627b87c1a4a452c78e32f17847f03,96,96,96,96,96,96,96,115,16
6677,Sports Shoes,89c795e8d5305cb19b2c8cd79ef465dde51914d5b6bb20f22c12e3035c5a6337,96,16,16,96,96,95,96,115,115
6684,Tshirts,d1f46bea4d650efd69ac1b6cd3f5ed177392b44c95830b5d2cea86265d4c8518,115,108,108,54,108,54,108,115,16
6692,Socks,3b42af57224972bd6f530c0bc7cbda4a9aa6202cbd4a8f3d78142347156e1f29,94,94,94,94,94,75,94,115,31
6693,Tshirts,1aefbfcc9936bc8b549eef8166d0d81f0c82648660b0feab44fc4b470a9d5bad,115,115,115,115,115,115,115,115,113
6708,Shirts,7183dfc82a802eddd8a29e2e3d2b1387beb1ba34c991afbbf0c7d5736f285cd5,88,116,116,115,115,115,45,115,2
6709,Casual Shoes,8987bca9cad787a8885dce293b3483eb86baa992c5f232e93f33577976e2259d,16,96,96,96,96,96,96,115,121
6713,Tshirts,6d634dfd756fbaf75ce6ffae8710e75a339c465211d4b6723f75772fad86cc6c,115,115,115,115,115,115,115,115,46
6717,Tshirts,70de3fd4a8767786b3c2e16580d228b5311f8dc5cb59558339d78560d8aac1d0,115,115,115,115,115,115,115,115,84
6721,Tshirts,73147a6d41f7687f39b3f0efb88a51406bef748a8c31206f6cab56379747652e,115,115,115,88,115,115,115,115,115
6738,Socks,5cb2bef30d217bf19682523204c3316d9a40b14c5f8b36b1fbf126c64ae20dde,94,63,63,24,94,35,94,115,65
6739,Flip Flops,66b9893b727814325f8e8ced907d4c54c376b21ec3dd912cd9d6eeb817ecc76d,31,31,31,30,31,30,31,115,55
6747,Sports Shoes,3fc6deacab53aa682329a4559765b6905ef71bf5aee6c28819cf41f47cc02e9d,96,96,96,96,16,96,96,115,41
6748,Sports Shoes,9a795b1711d61ea5c0178cd91a999775c70366223f4af4739afa7779d6aaedde,96,96,96,96,96,96,96,115,53
6751,Sports Shoes,a1eb7fe2389c14dbe021f6265c3da456f1a4cea38746f4d6fdc5e86f96bb6020,96,96,96,96,96,96,96,115,99
6758,Tshirts,c0e81b29bab1607463b902ad57d715bd1eb76d1730e07cb6c64d64428a70a21e,115,115,115,101,115,101,115,115,41
6763,Tshirts,56f31e4f1414ad6a589895f1404bc6ae658bb7fd03b1bb85a2318be202a50a7e,115,115,115,115,115,115,115,115,115
6774,Shirts,0492ee646ec4be383dadd265780eac5bc889e2fb3c642bd50ced5b0965828b4b,88,88,88,88,88,88,88,115,121
6777,Shirts,e702b97dc7cb8d8082dc05b8fac444828f8b6a5431ec2298bb6608b252089e36,88,115,115,88,88,43,88,115,113
6780,Tshirts,3f6149a6cf33ef9181dcc93886e455194cde3ed76dfe7304f15859df7b038266,115,45,45,115,115,115,115,115,115
6786,Jackets,7258cecf6ed3b4ee9fff5f02667bfe38651798febf2156e813aa13036933f5d8,45,45,45,102,45,45,45,115,121
6794,Tshirts,2130e276fca92c33c0a476cdf5cb24316c1013caeb086dab365885136823cc2a,115,115,115,101,115,101,115,115,53
6797,Backpacks,e9ec44caf695d11af9dd6e8c511e1446f89b21d1cace4ab0b2f82183bb60394e,2,2,2,2,2,2,2,115,53
6800,Casual Shoes,ffcd6ea86b06a8acc1280fe9f8755636ea0d054eb24557dabebece58a9b7049a,16,41,41,96,16,96,16,115,108
6802,Casual Shoes,32c0fcd15e9ebd8462d7995ff7ac6f25c2d7484e798cc53eb01c270b9aecfb34,16,16,16,16,16,16,16,115,24
6803,Casual Shoes,1b85888d51889fb06a9f7ec0a7ac07781e8856b17aa6ca7a26eb163da89fc889,16,16,16,84,16,84,16,115,2
6806,Casual Shoes,a4595b82841a6f867de25fdbfaf1a1715c0d53670809ddce968842c1f1c5765c,16,16,16,16,16,16,16,115,10
6808,Casual Shoes,5e2c99647ad49f8f1b0e24f45a4e7c0fd7058bfab494ebc819fc0c6e28fa4847,16,2,2,16,16,38,30,115,24
6812,Casual Shoes,96d31753eb859ad970454ec09cdb835ab8fd35ac9485f6d94ca2af5785e9138f,16,16,16,96,16,96,16,115,121
6820,Flip Flops,c2fd484e14d7e6b6ccfb7dc9dfaeefe381f6e5787d5a4ec40edc06027a5bda45,31,31,31,31,41,30,31,115,121
6824,Sandals,d7c3ed38d9e062f744868b00c7a5ba2a1fd276a8f702a49d4c32a5a8279eccab,84,95,95,95,84,95,84,115,38
6832,Sports Shoes,371a0e79b3f08eb51b9cfeca7ae2a0792b1dbbb3bd024503c7017c5c293a9f91,96,96,96,16,96,33,96,115,121
6837,Shoe Accessories,14b938d60235f16267f4541bc5cd23462364f319c01f7f88df0df9e4ea4e8837,89,89,89,24,75,89,75,115,108
6840,Shoe Accessories,fa8852f2fda4fc386ac0bd59b14f1ced9d5b06c050269b75d8e0f4a0c8421b33,89,5,5,89,89,89,31,115,94
6852,Sports Shoes,7e96dee380f9fbfbd907fbb304c8307d520802998dcccbe4c2c992867303b8b4,96,96,96,96,96,96,96,115,121
6860,Skirts,531581e138cb67d68a1d4b3ecf317d9f570fe8df8e485ff92f27205fdf095b18,93,25,25,103,93,103,93,115,115
6866,Leggings,3b85a9dc6c8ca00a5d17fc3636afb78df8ea8d75e8ae48b70ffbf566fcf3cc86,56,46,46,71,14,49,14,115,88
6868,Dresses,42447124e81d5045b79fe5366cefb064f30e0fd183d894ae019e8642e7c2b0e2,25,25,25,103,108,103,108,115,121
6880,Jackets,bf387f525445822d244df875d328f4b87cab9fc5718e7b836ff481c487f15e75,45,108,108,45,108,101,45,115,121
6893,Dresses,9a2701871cb6ba94db92a5677a71b12e3aa8c18760321d4ba724150d312f9f26,25,25,25,103,103,103,25,115,121
6902,Tshirts,5b77043b92313a7f506a1b66904f53c5424cd4b10c8c003ae68f92e9227f6eb2,115,115,115,115,115,115,115,115,121
6904,Tshirts,baddf33ddbafb5a70a6f13b969ccfff01f81961411b227e4dcf15c89ebb4aea4,115,45,45,101,115,54,108,115,99
6909,Tshirts,00e37b6a8c61fd4d373aaa494dc1c3c455a675827950652e5956d3629fd6b1fb,115,108,108,115,115,115,115,115,108
6910,Tshirts,8de6a9dfa8ce6d40032ea4294cb5dc0a496cdba5963655d7a3526fa539dc4cc9,115,115,115,115,115,115,115,115,16
6941,Tshirts,5c9b2d7aa58026f9f77bf98d37b94d9f7612f8bb15dc5673367e8f1c18c0698a,115,115,115,115,115,115,115,115,88
6945,Tshirts,e3ae2d9189ff960de2d415de5d0d9eb3b585359f048985b58e1d4f08f84b63ad,115,108,108,108,108,108,115,115,5
6947,Tshirts,42387e03716a36e25691c4d79cb277a0949ecf0a8799ed067f4390449a82aea3,115,115,115,115,115,115,115,115,99
6950,Tops,cd568bdfd1f006069419f350e76eefaa5869b7e5671e623145e56de8920fa462,108,98,98,98,88,98,88,115,16
6956,Shirts,1b019f4575927937b0b6ac48b54248115524c97ef2be6b5eff7e811ecb082f52,88,88,88,88,88,88,88,115,30
6958,Tshirts,ad389ab7bc9cb7d25afc651c2b238aec3bfbaa7cec355367331a0ca4fa7c5d2d,115,115,115,115,115,115,115,115,33
6966,Tshirts,0f4a6830c6038ba04b688fc71d1fbaec5ab5eaca4e1d25ff83b4066c4a3e6733,115,102,102,101,102,101,102,115,115
6973,Tshirts,6b2cbb9e73b7853fb75f629ad6e2fc2326fffa8fa90c30732200df8722a70f69,115,115,115,115,115,115,115,115,88
6977,Shorts,4a6b7b86b659c326f5432160ef7ed18b1beccfa0cf8837605954849f4b07220f,91,108,108,71,85,71,71,115,84
6980,Shirts,72c9080afcc812719da0b41f34c662b63018773f44af72b8afcf36d4f9e37765,88,88,88,88,88,88,88,115,10
6988,Tshirts,2f874e421485a8a590e973ef36c1cc2d7aeb40426b04c77917380975bc749313,115,115,115,88,115,115,115,115,105
6997,Tshirts,3770b68902fb6aab45795bed83cc860e81a3b36507283c6b75b81133e7d76f80,115,88,88,88,88,88,88,115,115
6999,Tshirts,7502c6e961ba8e0d9afae6417d3f2461c94461fe9326f53a856a4df072b54241,115,115,115,108,108,119,108,115,2
7002,Tops,3abc3ab6adc99b616f595e0ebbad95a7235461b1f4e84b45a73be9733fd2a3a3,108,108,108,98,108,98,108,115,31
7007,Tshirts,f36710083ab69c5031ee54a450713fabb0e9a237f32b8ca6e0f6f3ee0814bb66,115,115,115,115,43,115,115,115,115
7008,Tshirts,bd4fa983bc8dc17eddf5791ee55da347043866f043f03132dc273b0a994cf662,115,115,115,115,115,115,115,115,120
7011,Tshirts,341c9a59d32b9f91014389ee5551604570d38d5686209203cd3e1256676401cb,115,115,115,115,115,115,115,115,121
7021,Tshirts,95cc0cc19d968a57726eea88874b4de48edcd6eb44402698d5697eda886aa7d5,115,91,91,88,88,115,115,115,88
7027,Tshirts,abb4b62c474c168f22572a6de7aba9613e9cb27bd82b007804799325c33b2620,115,114,114,115,115,88,115,115,3
7028,Shorts,90eecd9a296b8864493444341cad3f34cab496f832ec1bc5376a10fda950d7ae,91,52,52,71,71,71,71,115,115
7029,Shorts,460bbc04eb9ab5809551a05c2df0e5ec176814035dd837a5aa775356562a5e8f,91,71,71,71,71,71,71,115,113
7031,Tshirts,2b5789408c1ffcd671040d3afde2f1549211c6b706322c407e80476fdb386f47,115,115,115,115,115,43,115,115,43
7045,Casual Shoes,d22e4c1b438dea9ed2f9a9792d66eb9a482612864055293a532863d666c3e6ab,16,16,16,96,16,96,16,115,53
7047,Casual Shoes,2647ad80d0dd511b1b7bab72517e3eede65ed8502f4ac82216e06a83022c74e2,16,16,16,96,96,96,16,115,30
7048,Casual Shoes,f05a4f18a2a5f0587109a733e2ebbcb9a20a4a2d81068cdc906c67270eaa0b5c,16,16,16,96,16,96,16,115,115
7058,Backpacks,8fc48ba5fd959b21e9d7941911be1d52d68c8889ecb6fba817f338a9b1dee87a,2,2,2,2,2,2,2,115,28
7062,Backpacks,b35f582abbca8f42453e1b08a210b59219487c1cd7a2870e877ef77471ec4bd6,2,2,2,2,2,2,2,115,121
7068,Tops,141e4f7cfa435162dfe7f628eab3cb2b6884e912e52fa4dc06d3d2c8a130d872,108,108,108,103,108,108,108,115,115
7070,Track Pants,81484878898c81102b92500410df8a6eae64d3e21cc2ffc0f5bb212264598e53,109,110,110,71,71,110,110,115,62
7071,Backpacks,9238da853bb0bfe5b16964036a8855600ce407a19a41b2526af89ea376a3f319,2,2,2,2,2,2,2,115,25
7072,Backpacks,ae53aa97c48907aa4e0f1fb73a2512f5142a534914c5170cdd49d4f1b6c9fd0c,2,2,2,2,2,2,2,115,88
7073,Backpacks,e86fc02ae2f0aa3e1bc852048028e4f4b79e26819eef5c1c4b9578e2fba83e73,2,2,2,65,2,65,2,115,91
7100,Duffel Bag,b1b19b1b3e11f61d6051ec1fd2d4ef70a2973cb76e0d0e958cca82694422c07f,26,26,26,26,26,26,26,115,62
7104,Backpacks,ebad580439e2bd6033deda5aaa8240600efdfda485690b856975ce48c4e2b0bc,2,2,2,2,2,2,2,115,88
7106,Backpacks,955bdeef1068aa8c5a5a2c3e47a723f5f37b596ce1924820a9242f3347b0ca98,2,2,2,2,2,2,2,115,12
7108,Backpacks,f1c441b15700bbb9f8baf9b56aa2ac9f1685e44cb041ef3a488e6375deccc138,2,2,2,2,2,2,2,115,88
7112,Backpacks,7f79e957dc054ed8705b1104e9056cc41bf672dffbee7c7ff75805b3e30e73b2,2,2,2,81,2,81,2,115,94
7137,Track Pants,6b95a538eb1a6b5233c5927f86c181a40d46872e23fb10132f102e4542660d78,109,109,109,14,109,14,109,115,28
7139,Shirts,cc2566a88b75a36f41aedc77cdd43bde111ba56ad8e2cef1347d4bb22032c552,88,108,108,108,88,108,88,115,121
7143,Shirts,d27edada47894f45eb9c0f3cb37642d23738c6d4fccad49512464b8064b7c905,88,108,108,88,88,108,88,115,30
7144,Tops,ff3a4f937f9e053f36096e99ad9913cbab86979e2a9837c41a440a552e03fc48,108,108,108,108,108,108,108,115,88
7146,Tops,ddd013c60e0730353ab4c0564b590a907f33f217753cad27a743108753696d14,108,108,108,115,108,108,108,115,121
7147,Shirts,d055f9625387f4fcb6f4f4739a834776a8e97909c53459b8d4ead32082937153,88,88,88,88,88,10,88,115,115
7154,Tops,a41c4446fda87d943b77d9eedae962be06065528a92cc89c3a528e93ea9bdaeb,108,116,116,108,116,108,108,115,15
7155,Tops,0321f44782bf6ecbbf6c1a532a382c2652316f226219343be47fb5c47101924f,108,93,93,108,108,116,108,115,115
7158,Shirts,10ee6d9aaa238c17a8eb0d3f21bd1e83afde3f9d48f8c7081d4e83b0aeb633fc,88,88,88,88,88,88,88,115,38
7164,Shirts,7f8329502460ded34a83d45cf36b982fd14f7ea1ca329c92af13ed0d5f946d15,88,88,88,88,88,88,88,115,24
7171,Shirts,34688a5b8644e51b71ea5cd727823402ea2b65430f97b097dda698ae3a16f6ae,88,88,88,88,88,88,88,115,115
7182,Track Pants,7447a33d8438d1ebb728ff98ab0412be0f0a21706c7081a57966d4e45f24a2d4,109,46,46,46,46,46,46,115,38
7188,Jeans,b92a01cf2dbd7c68c6bbfe712d924cc268f9e0703ebd65802f849df50b5ae449,46,46,46,46,46,46,46,115,33
7191,Jeans,47da19f92547af8c5254a6783696fd1da73ce8a16732ef6006a867e4354645a6,46,75,75,46,46,46,46,115,99
7193,Jeans,fa71b1644437b61e5d8a62a33d43898c3513d838a2bb7a971f0a77c06c16b65f,46,46,46,46,46,46,46,115,115
7201,Tops,979b4483ec2053ed2ead3451d29ed3912ecd99436c49fc0d3a8021abd9adc0f5,108,115,115,108,115,115,108,115,121
7203,Tops,c422401647132dda1fc19c159ee942de63ba0971d49ba2fe73a2f442673e09a0,108,115,115,108,108,108,108,115,115
7204,Tops,45d38642fc05fc4e2e04901a45113fe2d50e58886217fb86a153760d464cc9aa,108,108,108,108,108,116,108,115,33
7211,Tunics,c461250578584a3fbc867fce3acc080fd1383683ef26056f56a2a070c362b490,116,53,53,54,116,54,108,115,53
7218,Formal Shoes,f3cd0783da06d25d7774ae515ce446b27cb6ca39f4c64256973cb53121285c4e,33,33,33,33,33,33,33,115,19
7220,Formal Shoes,50b90ae50371d0dfb11237901f3248dd0cab4a39003e1338d01bb92b073b5b22,33,33,33,33,33,33,33,115,96
7238,Casual Shoes,8fffae3601007fe6307a3c3b2d14bb278c7952e02140667897ac7dbdd52cb1ef,16,33,33,84,16,16,16,115,99
7239,Formal Shoes,82ee3d892f13e40d46c6fdd6705bea9ccd18968ebc7c2e5f21b8000c32639611,33,33,33,33,33,33,33,115,75
7244,Formal Shoes,ad6f1a457ad4339a9c863cc2b7c7f49a67053ed03968761e47d197880a7dba64,33,33,33,33,33,33,33,115,2
7246,Casual Shoes,8cc3651a6acec1ce715d0b3be8d9050c72054ce79801f6b29b2f957597d96c5b,16,16,16,96,96,96,96,115,121
7247,Formal Shoes,3e7393e437194188ade6c06ad2e27966d11e7fda86592521a628c76739784642,33,33,33,16,33,33,33,115,16
7250,Formal Shoes,c38077563332394e4a44ffe259bf39cd197b15b876b8db896c212fe0bb759edb,33,33,33,33,16,33,16,115,94
7251,Casual Shoes,c43498f03a91e18a12e54e495247896e6551e654216d75927a3ac5b532398e84,16,33,33,33,16,33,33,115,2
7256,Sandals,17bc57818e62009dcc7ef850702aa64dfc5fffae96a1883fad5cf4a1a6784861,84,84,84,84,84,84,84,115,115
7262,Casual Shoes,8934c298a4066a1f640dc7b006244f791ab2faabdec206be8841b9eb8f697e15,16,33,33,16,16,33,16,115,105
7265,Tshirts,a758abc92d6bfd695bd2d904ab5d5503b6f9332ca652a804ca75521a7fc19b51,115,115,115,115,115,115,115,115,43
7276,Tshirts,ab54cf9e7633e57a8936f7267b4f58f84501e7d3a100c28370cdd7d3a93cf40d,115,115,115,101,115,115,115,115,115
7281,Tshirts,d60433b3e0680e095814a458c12cdf4810179d4558a5297db2943e01a9acebad,115,115,115,88,115,88,115,115,5
7284,Tshirts,4e1e7885279c897eb290336108e1e1224b76430e03aa13baf31a6519c78f9926,115,115,115,88,115,88,115,115,115
7287,Tshirts,fba952ce5dd7b5dfaabffbe92a8a3b8cde8204d67503da0c2b9fc1529355870f,115,115,115,115,115,115,115,115,96
7291,Tshirts,f34d4d54d66dd0b2b398af31528cad1a76a767db076b3ee202bfdd9df074287e,115,115,115,115,115,115,115,115,120
7296,Tshirts,01b490436893dc02408ef9d72f92c08785f139b2a4c548552acf684e711c15ca,115,115,115,115,115,115,115,115,84
7300,Tshirts,0e915159189433ca750ace35c280b7d46bb11fe11c35c79fea434e6981515214,115,115,115,115,115,115,115,115,121
7304,Tops,8496da3476352977e1429fd1ac23ca18a4bb665799892594a09f8a574fb0fc69,108,72,72,108,108,108,108,115,88
7307,Tops,c6f79b4be83eb957115f4860ee9aa9558f6a79e2c92e48ccb2520f999708fb17,108,108,108,108,108,92,108,115,53
7308,Tops,9c30992e7dd1b5424ab910d572d8a247ef9c2fe3a35ae557a7030b8a17fa27ab,108,116,116,54,108,108,108,115,54
7313,Tops,fb75d059ba94eef9978292f44c1f232c6773b00d572f9c04884b1d03f53e6b52,108,108,108,92,108,92,108,115,121
7317,Tops,1d60cd5217db298e0e123ba804613e8a1b0cef1bf56529b9d82ca54c5164c088,108,108,108,108,108,92,108,115,108
7320,Flip Flops,45215ae0818eda4425bde35d9c0f73393a14e02808b4597c9569cec72c8eac64,31,84,84,31,31,31,31,115,91
7322,Formal Shoes,5aa0403fd1e640538f968f62f912a32eab66757b4156998eaee5fb7cfd3f0626,33,33,33,33,33,33,16,115,115
7323,Casual Shoes,7e11b05c05686569139adb4124b0363b36492b85e6880fd641477ac08f3f8405,16,84,84,41,16,41,16,115,99
7341,Tshirts,32a42be2d95acc92fcc36060e97af0d9fc23d40f35f957db88a7dbfad7d7b481,115,115,115,115,115,115,115,115,113
7343,Tshirts,14ef43e21bacd1762da0c06560c83ea440f432ccd22dfa8916626b8d77bdfa34,115,115,115,115,115,115,115,115,108
7345,Tshirts,9af7cc88511618426f475bf5afad5aef138abe9638e9aad3a352469ee282be17,115,115,115,115,115,115,115,115,31
7348,Tshirts,ebff00e3e2a38262c3bb4464fe29400a820176908928f1b4ecf39ac2778b1045,115,115,115,115,115,115,115,115,5
7349,Tshirts,c7df5d63e2071736f714fb4c9a4fa93fd0e5ea83a21f26ed2c10b3b0216dd671,115,115,115,88,115,88,115,115,113
7364,Casual Shoes,1e8ecd223dcc38ac19133f791e78a3dce189e0aea4b642e91e00573fba6ca33b,16,31,31,41,16,41,16,115,16
7365,Casual Shoes,b08282ffa8541edffd3bb290e2d2441a29744b1d6b018407da17194d718948e9,16,33,33,33,16,33,16,115,38
7368,Sandals,dcb95f9da05aad1924b329fc7c889b09a133ae3e11dc659a7f8899183411f739,84,84,84,84,84,84,84,115,108
7370,Sandals,c4c1b2bfa2f3080e65fab3071ea71232d503ff395a43560c5694fb975bb144ec,84,84,84,84,84,84,84,115,41
7371,Sandals,e1cb770cff5fdbd50d5cd502739131fc8a67df6ffdeb0a76141d9a97b15893e5,84,84,84,95,84,95,84,115,121
7372,Formal Shoes,3243e2dc454d3a5a621519444ca0be71e864111ce40003d5493d0377062560fe,33,33,33,33,33,33,33,115,96
7376,Casual Shoes,5f606914ba8f8b61851190c1c554021b8dcfbbca77385b60ffea5a8fbbaa0d1e,16,16,16,16,16,16,16,115,38
7380,Formal Shoes,50f9b61b049ca44fd5439d653ad9feb6b6b5d973e7ce0c44852bcc818120f744,33,33,33,33,33,33,33,115,16
7385,Formal Shoes,e8188a1a26b1169b330546befbd3b5d6798c716f23b008173420ac084e2b8e67,33,33,33,33,33,33,33,115,38
7389,Formal Shoes,924f2129a8fb328196f313bd458bd195405e1a79ff330fef97387072a1d15acd,33,33,33,33,33,33,33,115,99
7397,Formal Shoes,c13f2187dd8a2e7b4d9b37c4888b8a13c10b2b67d688668228417f32eff0566e,33,33,33,33,33,33,33,115,75
7398,Formal Shoes,a0c770c4748e5c1f5b8e84644c6c21d70bcb3deff0e7bbafaf8642c92430bf33,33,33,33,33,33,33,33,115,115
7427,Tops,32a5e5f627c40a92439337fa995547581a9193ed839e2779325ccde9e73e3c3c,108,54,54,108,108,108,25,115,115
7439,Tshirts,b1d18fd7bb87b736e9f7da928107dda0fc0e4f38ae6daf5008a5e2f4d5dc6417,115,115,115,88,115,88,115,115,121
7440,Tshirts,54a84fde93b580fee990abbf9d5911e6034ff32e750ad1661dbe5ba312439c12,115,115,115,115,115,88,115,115,91
7446,Tshirts,fe06695ad3c58ba91db160c2adbff63b097b46b4d7566a9843cb13d12011d839,115,115,115,88,115,115,115,115,88
7462,Tshirts,3580a17af401c8fddd6dd721d4dfb2ed8bd663faa24981647c71a115e2a533e3,115,115,115,88,115,88,115,115,16
7470,Tshirts,e67d0884e42c795d5fa0a7e32c0f6f06ce5827dd7c1ce8855fe8e2c17fc21991,115,115,115,115,115,88,115,115,46
7471,Tshirts,f6439576613a73c20a42450e424c3d6c46e9efc3cf7a0b3c1f79fb8fa74b0926,115,45,45,115,115,88,115,115,54
7473,Tshirts,87861812e4b4950936a26cc8e97e088b478a2c846679b20556fc1f6d29fb1389,115,115,115,88,115,88,115,115,96
7480,Tshirts,f1dd8f710be366e153f8be0d92d4fe457eaf978c467a8e3ccfbadc724d641c82,115,115,115,115,115,115,115,115,46
7481,Tshirts,cc3a5066137afc32d8997d9fb215265f0d07f812c07e45296c9c5f8f5610ba16,115,115,115,115,115,115,115,115,121
7497,Shorts,77223a94b005be2862bce32ee481a0124f3fb3d6c5c90d181022ecd5d6af5f12,91,91,91,91,91,91,91,115,88
7501,Tshirts,14c80389bf7f7725e9b4df7682295da8734bcc61ad29c9bea5a6079e9719edd9,115,115,115,115,115,25,115,115,88
7502,Capris,0d7d556cb54849172bb171527607adc1a04b8ee42dc8e5be0f7d64dbcb910315,14,14,14,14,14,14,91,115,2
7505,Tshirts,65cade34e5d9e02c788c63f27fbdb835129d1c3db3159b1d712d69ac6b174169,115,115,115,32,115,25,115,115,115
7512,Tshirts,c6c123d5b20ce6e181b85f8a40a251b481ed8fd4b71689f140fc94db9dcd8678,115,115,115,115,115,115,115,115,115
7514,Capris,27b9b834451fadc4339f9a386ba91f6dd1d10da56cb5e68ed2bab41f17a126c4,14,14,14,14,14,14,14,115,96
7529,Tshirts,e390e657f18f49ef091874d3c84826b8e25f5ce642a0cc15eee0a78571702041,115,12,12,102,102,2,115,115,5
7535,Tshirts,5fe8dc84b8bfa8c0fc4c9a65202d2c16677b159d5ee9bc2f6e20c570900bade4,115,115,115,115,115,115,115,115,31
7544,Capris,8bc6c8b942a2af7f4e7e48599ed1c93f1d785c6fe68d170c26ccf05f7bd52cfa,14,14,14,14,14,14,14,115,31
7552,Tshirts,8f61acf5600e0c85e31577b473da18804269d178f7126fae18e4b970f339cccc,115,115,115,103,115,115,115,115,115
7555,Tshirts,1a5e9f3c2ffaf86bc8584f3bf163f3391c9a3cb6a8cd0e0e7f3564a79e392336,115,115,115,115,115,115,115,115,108
7560,Track Pants,a3406de334982c855333bdc5671cf6c9762d3e2712b26bd38d1f172446528e75,109,109,109,109,109,109,109,115,99
7563,Tshirts,f810f8afa680b2a105af09b852cd8154afb351bca0acd303497ffc3852e68b0f,115,115,115,2,115,45,115,115,115
7565,Tshirts,e216747cd63e6b6531cca8b34a40d87a3200b9af572118d1b6c831f58f12840d,115,115,115,115,115,2,115,115,94
7602,Sports Shoes,1ee35fc0b138f43a7d0a3f7394808c655f8513bd28cc2bd95ae03bdafd350c94,96,96,96,96,96,96,96,115,113
7607,Tshirts,5ca37b1a9ce3e08700378b79ce2a29204bbc6e20072d3bf0337771eae033c576,115,115,115,115,115,2,115,115,55
7614,Messenger Bag,8f92cd4b743038094fae5bed59a8403b3ddc788893cb857e5425b4f5f2050f42,65,5,5,65,65,65,65,115,121
7619,Caps,3fe45d3328ad31e107909c7826f3c733e4164666f136c5be0663e4bd87993dbc,15,15,15,39,15,93,120,115,75
7634,Tshirts,1d5d4e413c626b923673b17e75bf0baa8225c46c11f52003ee2d4b79be13dd76,115,115,115,115,115,88,115,115,115
7639,Tshirts,7bc73c4652a06b0b0c9f24db5cbb2ae652ab1d1deb860fa15f91db8341a9e9e5,115,115,115,115,115,115,115,115,99
7641,Tshirts,6071c196c360e108cbf102dc97ed9cb446817997800d9784c98bda0e474b840b,115,115,115,88,115,88,115,115,40
7645,Tshirts,138ae1f0b1c63a8d37790ee89ad32398b55412f385630bba5d791809279ea381,115,115,115,115,115,115,115,115,84
7647,Tshirts,7b339cb1534cb31d3792d6b1b02ddea0f661ad11ab8e30efef385193d8cff2e3,115,115,115,115,115,115,115,115,81
7652,Tshirts,61d454327bc9615ad1f797001d307d800eb7d3aadabeabf913ad60190ec4ec4e,115,115,115,88,102,88,102,115,41
7654,Socks,4ecb7b5c673b95f9602d0631abbfa174b53c572de4c217a8f79ba98a67ab54f9,94,94,94,37,94,37,94,115,27
7672,Tshirts,1701708a696ddca33bd888966ea531a62e26a7cffa747cbc9efc5617680cec4d,115,115,115,115,115,115,115,115,99
7676,Socks,5d704644f321c364cb52b12d7876db93f7de78e5b0fbc0b34dc68326ab82b287,94,94,94,37,94,37,94,115,115
7677,Tshirts,a92be57cd7b334b8d0a59b6fe51650616f6eb6a9cfbe25103feebb5e9832905a,115,115,115,115,115,115,115,115,30
7678,Socks,da98471cf5289620e921a02b213073b408e364c7a677005d66c55084075c2807,94,94,94,37,94,37,94,115,115
7680,Socks,79c377266f280c795704843076d7f59fe7a0c0f797f15e43c62ea3fe1efc2dc5,94,35,35,37,94,24,94,115,94
7686,Jackets,60918b3f6b69c4e25f64af1f3e5641485ea3555a50fd0188b6bf1fb22c596742,45,45,45,102,45,102,45,115,116
7692,Tshirts,198483d8ca6d20c8a2c7d093da503ef6ac9378511a0c21c1158cb79b249c0447,115,108,108,108,108,108,108,115,116
7704,Tops,f26ca7ea516596e6e35ae34404356b5378bfa9b9a243ada84bf562f738932e36,108,115,115,54,108,119,108,115,33
7719,Sports Shoes,a34f75dab441d14e6e46f593070c0427097bc223a7d241dafc6111f4eb00f079,96,96,96,96,96,96,96,115,33
7723,Flip Flops,49674e7622795a2092dd2e2cda10c20e9cbab14f84d96c8dc3dc27ad4a0ffe86,31,31,31,31,31,31,31,115,115
7726,Casual Shoes,74b9fb6850df0fd5506351dfa563a957db14d86db9ba27ad37b6b313b3204265,16,16,16,96,96,96,16,115,84
7735,Sports Shoes,caa2245510e39cef604a34fbee76d36db7b4a7eb49f0a0df5dc05612bb148e59,96,96,96,96,96,96,96,115,28
7736,Caps,d19f06543f936976a6cd9602c712042110fc81b5da165192180eb76a56e8ac86,15,15,15,15,15,15,15,115,16
7741,Sports Shoes,a876baac50f3b46c3878a71fc2cb4fc1f29d9a698fa40b9d36b864e9ffae1ad1,96,96,96,96,96,96,96,115,115
7745,Tshirts,48abf2bc7f28218e21c453337539d8ac384146cf9bc499d68cc858fda4c5cb0d,115,115,115,101,115,101,115,115,108
7751,Tshirts,3ae37d5faff84edd7f0c5f94299bce7b25974a1f2438c4bc3d9a95b290e77255,115,115,115,115,115,43,115,115,46
7752,Tshirts,37cb7f5d918e0f3e8318106d593f4e93a81ff8627ed4df76e45bf9a42859b3e8,115,43,43,88,115,88,115,115,121
7753,Sports Shoes,304de23c5ce525ea0f4f24799a786568eeaba4f95dbf9eb49afda6404251b11a,96,96,96,96,96,96,96,115,115
7755,Tshirts,fd12b1002df2390baefffb76653b89260fb337607ec571e12e3b6b48dc980d2f,115,115,115,115,115,115,115,115,121
7767,Track Pants,8b6ecf941be09c7e9fa100750b9f1b29469a74baf8ac89856f2b5e05b62b1adc,109,109,109,109,109,109,109,115,12
7779,Casual Shoes,d994fb6d1950327abc62093aec72afa93ceaf86642b9ab189b4055f513d28f8b,16,16,16,16,16,16,16,115,108
7784,Tshirts,43a7f7e1973fe27ac80d482515d7a2a6784703fc0dee53798e91c03823b04251,115,101,101,115,115,101,115,115,53
7789,Tshirts,e2a1e88db00a4f03fd9adc2afb37e92ce6e12f2763f6987101e7d8fb1cb69ea6,115,88,88,115,115,115,115,115,115
7790,Tshirts,3562cec68e72c03bd13d4dfc9adfab81d460cae1692b90ccdfc873ff80be0979,115,115,115,115,115,115,115,115,85
7791,Tshirts,d83dbefbaf69d8771f961ad191fe346d8a3f190c824a3dc17797b5defb649626,115,109,109,113,62,109,109,115,115
7792,Tshirts,49561fa15caf99d1c258fd49de1d65688182a652ec9f5c48d3ec9f5c7a5940e8,115,115,115,88,115,115,115,115,115
7793,Tshirts,a61a91a816044fdb3a646246085deaf56c8f4b4ece987a38fc36f54b6bb64e5a,115,88,88,88,115,88,115,115,115
7798,Tshirts,6387352b9af0a0445a4a430a924d8ca82cc838a2db494d2c4da709503213d38e,115,88,88,88,88,88,115,115,108
7801,Tshirts,854aa0bdd226bf069dc39e5eb6044792d2489c6dee9c13dc1200d481749d3e96,115,115,115,115,115,115,115,115,85
7809,Casual Shoes,6aa5e17bf2731a68791a1cda91bee9e02aa46ee1d0310c96640b793ca112b9f0,16,16,16,96,16,96,16,115,115
7813,Casual Shoes,7cb8806c40b69a916f0115473be51bb99400d486af8151741ce65a92be3be4ac,16,16,16,96,16,95,16,115,99
7815,Tshirts,e6e99b56c1f8cf1c2e443ac02e3ddfd1b32ae7ff4a21618579e42b9ae1ee1482,115,115,115,101,115,101,115,115,115
7816,Casual Shoes,a226adad1ed3176451ce535cfc6fa062be95fca34d0c3c578f3b3b5102eac98d,16,16,16,96,16,16,16,115,121
7830,Sports Shoes,e1fa57549f18d0896b926022f8d8dea659fbbb117521309ca94534224a3f3e6b,96,96,96,96,96,96,96,115,115
7832,Tshirts,e79f1ea3a8ceccd84230c70ef6f7bbecee079acb468cc4f8eee31e0ee3409f91,115,115,115,115,115,115,115,115,88
7845,Sports Shoes,1bc381d63832eba55d8de72ba5f49832b972947ca3a97bd9dfd2d2ce97fa81fe,96,16,16,95,96,95,16,115,120
7846,Sports Shoes,3fd03837773badd635e21323cc6e8b61858c8ccc685deacddeab6ac09cfa6157,96,96,96,96,96,96,96,115,115
7850,Tshirts,e94a28a45effb2c642a36e115443f67c7f05f44804390380b94c6115e892def1,115,115,115,115,115,115,115,115,84
7851,Tshirts,825c69edf13ce3088d0066e2f449493ca3c6cbc770a4a1dae22d724b7efddbf6,115,115,115,115,115,115,115,115,88
7857,Tshirts,8b496c43a2aa2c0cd83839287b9a630c023213d1834802f4bba95c4d8f38bc24,115,115,115,115,115,115,115,115,81
7868,Tshirts,cb0b946badb05ccaeed20685d6edb50e9728dd4ffb6603dff10f5489e47b812d,115,115,115,101,115,115,115,115,93
7876,Formal Shoes,c93df4dca16052add9e775dd0f92131093f9c8bb84e85e5a46459ae227050747,33,33,33,33,33,33,33,115,82
7881,Formal Shoes,0c613947c9caa1e17d48ca602723eaa9ef0b0d97238c12bde1934bb68cfd60e3,33,33,33,33,33,33,33,115,108
7882,Shorts,c1e98d1f0804e244bc57dd8e9b185240bcd5745205241c748317f9b94f50511b,91,91,91,91,91,91,91,115,121
7883,Shorts,4d3b20a24b91854c7b09c8a8e7cc241a009136bfffc494e290691a5a4e81a96d,91,91,91,91,91,91,91,115,75
7885,Track Pants,3e6fbbdd405dc8586eada79be08e694e27527acc945f48189d40d7652b6be436,109,109,109,113,109,109,109,115,45
7901,Tshirts,df5c5318d97a69aa520b16ef5daede83f871efd3be1eb7a5c7f3f66897df475c,115,85,85,85,85,72,85,115,121
7911,Tshirts,0168cff51e0c275815b9234564c1fd56105101fff84d2a39576be54d30668eb2,115,115,115,115,115,115,115,115,115
7918,Tshirts,5d28a6e0bf82adc45357b2423780144a16dfd1d50fa58553866ab9cccef9de19,115,115,115,115,115,115,115,115,115
7925,Tshirts,d90582c27def1da50e66a085f629748adde0b4dcd4002299725b371ff04545e9,115,115,115,115,115,115,115,115,121
7937,Tshirts,354b5eaab0e1be258b94c065c93fe82d98cd78e6852b7e3db240c38d7428eb4e,115,115,115,115,115,115,115,115,99
7939,Tshirts,c3ea0c519faa2c29002bdd3b6d6b1d7ff36019ab75e1e91461da39954fcdeaf8,115,115,115,115,115,115,115,115,121
7943,Tshirts,3a836be3ee94ef3e1d3c93ccd7ce067601169eb56c30ebd25113952df43c6ca3,115,115,115,115,115,43,115,115,2
7945,Tshirts,476a42d68a7eec152822d2eb9bafb74c5efbb35b1692d92a5ede43a403514b58,115,115,115,43,115,115,115,115,96
7946,Tshirts,521152e1f6038bd26432e697e708b208199e4f5999448063dfa80687f25227a1,115,115,115,115,115,115,115,115,120
7947,Tshirts,21dd24f74329a4fd88d7716f96cc2129e2a105ffe72827f4ef318729ecc80bca,115,115,115,88,115,88,115,115,120
7951,Tshirts,8356bf7eb3b26eda428441b4adc4e533c4557471647d13a01dc66222ab93603e,115,115,115,115,115,115,115,115,110
7952,Tshirts,607471334efeca583e9b8be2f1815d31a8de6221538628b7375464ebccb17f15,115,115,115,115,115,115,115,115,15
7962,Tshirts,9b6d4aa145de49962ebe04e201a4658cde94fdc6b1b669cab7e89717cd9659fe,115,115,115,115,115,115,115,115,115
7964,Tshirts,5953a17ccd16e4c8fc2f18e1b3bebbc58a36d935b65e3ab197abd2053ebef424,115,115,115,115,115,115,43,115,115
7966,Sandals,d64a15e59b0d967598911f2ed38f163f75e0d7ec06cd5963ebf769bdcad79bbd,84,3,3,84,84,84,84,115,5
7985,Sandals,152a112dbe42b924318d64ba268bd2466cd161a5248967fce21620e06c9424ec,84,84,84,95,84,95,84,115,115
7988,Tshirts,4c57fe1f107fe04347cf3ddf53bff9c9c896a79d055859b770e9a24321eb05d7,115,115,115,115,115,115,115,115,5
8002,Tshirts,20ef0e6e5c762b3030f95de4630eeecd9c6ab1b888f3285b4ba86f86132803d8,115,115,115,115,115,101,115,115,16
8004,Tshirts,f8018d619273446e58acd695532334c45d5750c81f1cf7288fb90c53957ff515,115,115,115,115,115,115,115,115,115
8020,Track Pants,5140f75cccabfeac06efef69a497425da1333c84f3d1ed8677477b9f04cc094b,109,109,109,109,109,109,109,115,88
8064,Wallets,a10d6d43d3b01aeedbe6710c2e5c989664ddcfb80650fca802d6129da01165e6,120,24,24,65,120,65,120,115,16
8068,Wallets,a59118dc827b2fabea5f007b39d5e861128175ea11a20c4c3a300b25ae63eaa4,120,120,120,120,120,120,38,115,86
8072,Sports Shoes,45674bc6579cf283c2a9c5ebe4c2862ec8c5dcb8df7e79af5a6039f38b58bf69,96,96,96,95,16,95,96,115,69
8073,Sports Shoes,d9099d10951462573998f16ecb592cf8a9e59eb9bb0882307d58716b5db398b1,96,96,96,96,96,96,96,115,49
8077,Flip Flops,d77ab62d8a091956efc0be2b27c255d860407cba752271da83dddfbc1bd40f2c,31,31,31,31,31,31,31,115,16
8079,Sandals,c89f211f202bf099cc9fdf480df3d1e14fce0c986ba555df1f3556dac2eda750,84,84,84,84,84,95,84,115,16
8082,Sports Shoes,fdfdcdd86a7812a42ac1b51c20582b2cffa415fd0048424bba495bcae7928fad,96,96,96,96,96,96,96,115,121
8084,Sports Shoes,b2a25642e5a9595f1a256362fe30453c5d75ac5a18a00cb5bfec12a74a9102d9,96,96,96,96,96,96,96,115,88
8089,Sports Shoes,f98758509f80d7624e81ecb83ade383a7bc9281e0f4d3094338e5a14e612f820,96,16,16,33,96,33,16,115,43
8094,Flip Flops,3609a165dcff276d69b7203d88e99a404bd0b6cab9b4138f7f58b3dc240e4dbc,31,84,84,84,31,31,84,115,115
8096,Watches,1aae0e5cf8954e2aadce7629e5001cc2eab400566e145617c7283814b364fbb2,121,121,121,121,121,121,121,115,94
8101,Watches,8a4c8433a65e4b9ee0c6a3af442a2c672ea662443f6cb27e34e668a8ff6fa369,121,121,121,121,121,121,121,115,108
8107,Watches,4383c84147889305c7df400740e1bdc441af5b6d2d4f57a48463ea9630a6e64d,121,121,121,121,121,121,121,115,19
8108,Watches,adbab32008d9e098614238a9cb4aba9a7bc74c3f2a6affdeec4b9ba993075edf,121,121,121,121,121,121,121,115,88
8110,Watches,fcf157b9690e3f647b552a9f69dbe4a57aa0ac2fe44f729072f161fce40564dd,121,121,121,121,121,121,121,115,120
8114,Belts,dda97c322e03cb5fc22555d98b7e2f621706ef8b0047c91d47af36b09a29d7d6,5,5,5,5,5,65,5,115,115
8116,Watches,78889c50e32e90406cf214c6bfa93b4a849716e0c2dd24e7b24ba9e4fb9d31e6,121,121,121,121,121,121,121,115,30
8118,Belts,ebf365cfc605783671bc50ec6bd2e750cd44b0a92912c2a089b369f5c573989d,5,5,5,5,5,5,5,115,102
8130,Belts,88b1f3779948ccc06d64588b6e439ac231d4e6d3f44815dc2c5f48cc0686b959,5,5,5,5,5,5,5,115,5
8132,Watches,462428003dd1af62925715b3bc5e9f953a2b7c84614c997f0c6b76205711429b,121,121,121,121,121,36,121,115,115
8141,Watches,87099f94a32c1054567e5b9ca6066c75d21f9b7c8367f75061cf188e57fde3ac,121,121,121,121,121,121,121,115,88
8144,Watches,8c2a91a6ee89dd56a7f73826fdc791797d87aa89e710c59e00891170fcb5f7cc,121,121,121,121,121,121,121,115,16
8146,Watches,737eaa98d997de25f38f6d93e40e9291ced5f38812b4b542dac46897a6409a0f,121,121,121,121,121,121,121,115,45
8152,Shirts,1b98c6abac02304da325462ea442c563b08b4150153ef15252371f41e2413c4a,88,88,88,88,88,88,88,115,46
8157,Shirts,4f6363efe819b3abdacf5ec2c5654cfaca7565d76f6336043002ef14d00b1333,88,88,88,88,88,88,88,115,12
8162,Shirts,de4e0ef5aa7fef836bb048a0851d1ce644b97d1be310d851ddc9cbf5ac996ebe,88,88,88,88,88,88,88,115,108
8183,Shirts,14d41f3257d6325751617697657fe4a1d7b5bee37799ede6a0f1a409c8a6b074,88,88,88,88,88,88,88,115,120
8195,Shirts,2ba2b023e0cc8f5482d8df3875271c2fb728af027e01fb0e6e2819e875e195d1,88,88,88,88,88,101,88,115,16
8206,Tshirts,2706c67969976805eb668842de89adc4318e4521200fd9ea5881239e850e7458,115,115,115,115,115,115,115,115,47
8207,Tshirts,3ad16ac9237f32b11fb0b61be11a9f78024103a40e564ff2b7b756a4283992e1,115,115,115,115,115,115,115,115,38
8216,Backpacks,2b9f600be1069ec37f607a2104c932cc540ed63c69a773144624848186fff163,2,2,2,2,2,2,2,115,114
8220,Sports Shoes,4e9af69a5104a2ee2b45e21c348e70766b2b8948574036bb82dd5982e6698a66,96,16,16,96,16,96,16,115,53
8234,Handbags,cec988fd268caaeab0c58b0a955ebde9ed5c012cd677fdc7c26338f386d99538,38,65,65,111,19,65,38,115,108
8235,Handbags,8c3cfe3de44afda1e254dcd19a8197f5c0707e699e1135d5e626d5cd78afb7a4,38,5,5,26,65,65,38,115,88
8237,Handbags,5106cb56283120b234e79b29919be61c8d508f35e9fba67ae17423047d56ea4b,38,118,118,118,65,118,38,115,26
8240,Handbags,b2a219f34e8a418ff049d1c5680ff2ad07c7147a47e4678b607f20b23211d053,38,118,118,118,19,118,38,115,121
8268,Tshirts,076111968a19184f2e5b6e4666da93fb7fe875f59aff1b4dbca099898309c1e6,115,115,115,115,115,115,115,115,108
8270,Tshirts,f96a31989f894d1c7c177a7ca73af3ca889653ba567486a58dbfa42db86c48fe,115,115,115,115,115,115,115,115,16
8274,Tshirts,b7cafb2b5e0ccc13f6364fcbc371b13f291bd5ee30053ad91f8a432ca8d3d655,115,115,115,115,115,115,115,115,121
8277,Tshirts,2716a096cc8b70f8ae28334d857c236e1e58aa71407cbad40be22707828ae306,115,115,115,115,115,115,115,115,88
8280,Tshirts,c088a91ee846162be8f54397730e25cb510b1a751c6e736e01893afb7961388d,115,115,115,101,115,54,115,115,115
8281,Tshirts,475fc864697b4fa32b0715cafa444668913c8f66e9367f554d242f2b223bdb7f,115,115,115,115,115,115,115,115,99
8289,Flip Flops,77bcb198c3dcc72b32f9ad37914a25ed1e6585df2c6b9696f28a6e74748e97a7,31,31,31,84,84,84,31,115,85
8303,Sports Shoes,6676b021c6b5f3d5c233c9de9a3ee44b8ec8292b6a3068530de8061d247ecfed,96,96,96,96,96,96,96,115,115
8306,Sports Shoes,c9d8375f26997625a6be8b1802ee98e03296a969b1980782b630853c02b78c4d,96,16,16,96,96,96,96,115,115
8308,Sports Shoes,0f03497649f17bec6ab76be67af35d4b02d969af98b72f51885c11f20665bde7,96,96,96,96,96,96,96,115,98
8316,Tshirts,1fc701d837330010b09798264a7fa1b72e89083f6b7a5478ea42f4958c5715ae,115,108,108,101,115,108,115,115,38
8318,Tshirts,d92711eb265a00fec34c329d2be43f54b3383a5ede6b1d94c783a175a6fe433f,115,115,115,115,115,88,115,115,33
8334,Tshirts,77914f9d87750c821b35046186efeb43d2e3f1f2febcda616b52ad37a24e4959,115,115,115,115,115,115,115,115,41
8336,Tshirts,0bfe39e5a29dad2189361001007fe83cfd9fb39804b91c08faae03a38e2b29de,115,19,19,115,88,115,115,115,16
8345,Sports Shoes,ff729bb650e07feb48f67d782c96f4d019b4f1f6a735f4bab783bdb8f05fccaf,96,96,96,96,96,96,96,115,25
8356,Tshirts,d1cbb250eb4fe0b0f9e18a3e7a3908b7c2762210cc1ca2074772422da33ec48d,115,115,115,115,115,115,115,115,88
8358,Tshirts,9ee4c7e037d7914343f57d85b601e601086a7d575c841e7137231e626399813f,115,115,115,93,115,115,108,115,120
8369,Tshirts,e245288d026a88fa397a37222b2222095053fbafc76b3220759b32119d3a08c8,115,68,68,81,25,68,108,115,16
8391,Tshirts,af85f2eefdcb2016056f164052e45364b8ec07f9ad4d5d9639b513504d2bc9bd,115,115,115,88,115,101,115,115,88
8392,Tshirts,b42bff0282f7b9f27c843811dd6e2e4d329dc27a5e96597821b868b254e178b3,115,27,27,88,88,88,88,115,38
8398,Tshirts,97cb1e589b28ae3f8de01f03b33270726fcc3e6aa3d8ef8dc3f367252972fb2e,115,43,43,88,115,88,115,115,113
8404,Tshirts,60bc126afc789c75749197e92f881c68962241cf179295b1f052c7c135e5aca2,115,88,88,88,43,88,43,115,108
8408,Tshirts,da884c4fe9860394bb9cb672b050ebde418189650f13b6b34eeb6b702fe2d428,115,102,102,101,115,108,115,115,53
8409,Tshirts,7b44f853ab4a778f97fd78e6b39540b784a8255d2b5021de98e07d16c025837b,115,102,102,115,43,115,115,115,12
8414,Tshirts,2839d507a8725430328b2fe143ffe4d8c62cc829f908b02867a16ad6953394dd,115,115,115,80,108,115,115,115,115
8420,Tshirts,5c1f36f8b34285ad55ee0e37a97c849c026575630a26694adc7f1af0e429de0d,115,108,108,80,108,115,108,115,115
8427,Basketballs,6046efc7ceb4b12027862268cfe664060458ca4d2d2cfbf33d3a7e6021fd3021,4,4,4,4,4,4,4,115,88
8433,Tops,daf5f71bc3b0728b17b3dfe0149a8414927cd13a782ef34d9bb182812930357d,108,108,108,88,108,119,108,115,102
8441,Tops,88127e2594274100944e4043c392d3a24d38c4f15a5a63c511488ae69f8aa2cb,108,108,108,108,108,119,108,115,73
8442,Tops,d0f94f015b51f16e59cc126a8adbcbeb0312bd6953da6fca4357cac5de2eaeac,108,115,115,108,108,92,108,115,108
8444,Tshirts,212a493ad18512a45269bb147a06d9af49b405c272f1fbf176837f1ee963dce9,115,108,108,108,108,108,108,115,88
8451,Tops,7c9ad059a0b786a188e2c7b3eb33e14032f41f338c8abb86c458eb5f8c7ae048,108,108,108,108,108,108,108,115,0
8458,Tops,b15b1ad18ee8ab4d432f903347a59f765ccf2c4f2c0595a38efbba5a646f6654,108,54,54,108,108,108,108,115,121
8468,Tunics,4ac67af0c2e9de421ef5d42cfd2a85ab88993a1540e0edf3c61b50dc578b4b51,116,116,116,116,116,116,116,115,30
8470,Tunics,827778afb71ac6ff6548412164d72362bd715d6b0f1c39f62b2f22bc027b9b4d,116,53,53,101,108,53,108,115,16
8484,Dresses,f43edaec99db7e129172f28f8d9ef74b90da5aa90c577fafaf60e1d645608807,25,53,53,53,25,53,25,115,96
8495,Skirts,cd16d2b5f0c83f69facaee207990e0f5adfb79b77e4ad3993163d70fe2b1aefb,93,25,25,54,25,53,25,115,121
8505,Socks,9afa76a5159d6d1bcc39aca401ee0b9a5b946b2d5ea142791b2b6f5969db5b32,94,94,94,80,94,94,94,115,53
8512,Backpacks,5571e9b97960da09c4ca139785b754dcd0fe5f3cb5abdb8232b2904de7d3f334,2,2,2,2,2,2,2,115,115
8515,Backpacks,e01e1d64c43470760945933776cc1b9549f9e33cdab265708cbae99048e4e26e,2,2,2,2,2,2,2,115,53
8519,Handbags,fc99b9b6ed705d77bfa757cb7dec142b6a69aa7e421bbee1031befe45691705f,38,38,38,2,38,38,38,115,91
8524,Backpacks,1dcea2d36b9c41d8696d8a942d13e64f9f683b4b14549d30871adf04295b2e93,2,2,2,2,2,2,2,115,85
8530,Sports Shoes,f25a510ad13f700ad59df418b9c05428c59f6bfc40ccbdba4813b0d269ae10e4,96,96,96,96,96,96,96,115,88
8535,Sandals,e4f87adc6c0a8c79e3fd83a7b92c7b38d703e4c16688caa6f535d39177536861,84,84,84,95,84,33,84,115,99
8539,Flip Flops,c919c0e63e535e162fb9b24f71491d67d5f4a69fcee3a388f7ba4d4dd81840a3,31,30,30,118,84,0,84,115,5
8546,Flip Flops,900129269ec1e98a67c396d4912dbaba19ae6c6fb1733a2fd1f43fc30d1cbe6a,31,31,31,30,30,31,30,115,115
8551,Tshirts,f3e835f972e5a6e07e6b092d8e9a65f018fa667ecc797af95ccddb8eb3f1fca8,115,115,115,115,115,115,115,115,12
8556,Tshirts,63f22ad0e6cdbbceaa16e4b56d91bed787721228cac76175a1177a069d6c8e56,115,115,115,115,115,115,115,115,115
8558,Tshirts,0b0da996ea0f9de52d702a226631a01725daf2a7345a62911dd5757f66d28cf1,115,115,115,115,115,115,115,115,115
8580,Waistcoat,6a18fa1233a5bf349e39c9e3ca3038b394a122b3a030ea9d9ccb81f02220b296,119,119,119,119,119,119,119,115,31
8590,Shirts,d37e79d80b8f8627eb33b344c722c9dd1e03c4deb6f55bb7c818c0a83c71484e,88,88,88,88,88,88,88,115,41
8598,Tshirts,90bb070d2de6e706ee3059aef9e6bd405455e46d79add2165985bb3294fb51b8,115,115,115,115,115,115,115,115,96
8607,Tshirts,9bed13eaeb0ceb5c53a7608d912568758acd2d03df54a47ef34b6a3f86c1511d,115,53,53,101,115,88,115,115,113
8611,Tshirts,d4c8aa8f28453f67eac12becfded8d9f893d402dfdb76776ac98709808eb9892,115,115,115,101,115,101,115,115,2
8612,Tshirts,dac704aec358ce2f3c252152ac460507658eb7d72b6d4cb381c3d052f87ad5a4,115,115,115,101,115,101,115,115,115
8614,Sunglasses,5248887460e409a16c2a87a49398b7d97700d0163c1add48c527fe9918fc30bf,99,99,99,99,99,99,99,115,38
8619,Sunglasses,d838d78a0660f7d7d9b15587f78aa46ad316ff1e8c4645ea807c8a1954314e70,99,99,99,99,99,99,99,115,31
8640,Sunglasses,75f7843c12a31823b50dd8dcfffbacd7d0247acb55378e880cdb125c057701b3,99,99,99,99,99,99,99,115,16
8650,Sunglasses,e1aa836da0a735173973e8e045cfb0c2ff58dd6f1eefa08db3385671df0ca9cd,99,99,99,106,99,106,99,115,96
8651,Sunglasses,9b61a641f6fbe67a99a4142e25ae908f0f8400fe81df0dfb872b85ea59ccfc07,99,99,99,106,99,5,99,115,115
8654,Sunglasses,95aff4bcc50ef97baa65a019b283232c8cb9092a7164ecfa5b53e81ca28dc65e,99,99,99,99,99,99,99,115,115
8658,Sunglasses,721d21f26b2f79e4cdc1c361a15c593a988c441e70e8a344ab98be85f74bec16,99,99,99,99,99,22,99,115,38
8661,Sunglasses,aaa2fa55c18d318abba294bb91bbd0db0ab32e2010459103baa2f6e7b9ab54f6,99,99,99,99,99,99,99,115,121
8665,Sunglasses,eef78315cadace9b2dd0f82d3ff9788887a796aa13467a7ab20213101669efb1,99,99,99,106,99,99,99,115,115
8666,Sunglasses,f5f98212d6d7362be40807a346cdd2757b41abce7a2d4cd89c3ddac1067ebd6f,99,99,99,99,99,99,99,115,115
8668,Sunglasses,3fdf0bc21e94588efbce933e49c6608c79fd893441792162c5d046fe99cfb994,99,99,99,99,99,99,99,115,43
8669,Sunglasses,65ed63fc07064d86fd925c728616de89692dd390fb28928ef1668c2386f9dc1c,99,99,99,99,99,99,99,115,53
8673,Sunglasses,e37ecc8aa8131f0cca8e196bcf2000c93737b804b77e1408ea11c30d8a755559,99,99,99,106,99,99,99,115,88
8690,Sunglasses,bf245fa7b7def2e986d28f3b6f5ac4c5034c42aadce608bde1bf99d14fd2c799,99,99,99,99,99,99,99,115,88
8693,Sunglasses,36b5f2febe19476541559e9f36021df4fddc58f2aa0e4a9b597236f76bd30bb4,99,99,99,106,99,106,99,115,88
8694,Sunglasses,6962006a77cb79bb6ee27c1709ea3048b5a24b2d5e994f2bc3b3bff55d754529,99,99,99,99,99,99,99,115,115
8695,Sunglasses,6d689438c441a0c1f66152d50f00fbfcc3277782436e6e8865c751d6e55c68f7,99,99,99,99,99,99,99,115,46
8700,Sunglasses,e88fa19b23352a0a49dd6a7e4bc1d47c992d789f8030f247f9239bcdd7adee6d,99,99,99,106,99,99,99,115,74
8706,Sunglasses,c1ab7c5791a788dcb80db4277b9c01998631517095243de2a22e6279f8f17172,99,99,99,106,99,5,99,115,91
8709,Sunglasses,01da308e479093aa5709e96f2c08220be23344c3f5eef89e8d11dc4db4ca691c,99,99,99,99,99,99,99,115,108
8710,Sunglasses,cc01668bd85de9a405ffd4a1386b451d2bbdcc865bdc2bf22319e220163b41f4,99,5,5,111,99,111,99,115,5
8712,Sunglasses,9d3bbf99ac82d308bb23f88d053b46c6cfae60e835f92f5a11ca11e749290f86,99,99,99,106,99,99,99,115,53
8713,Sunglasses,05c8d70b2d89ae36ca85961c32f39a7f7db1c052d227d9e3391c0bb3dc1ab61a,99,99,99,99,99,99,99,115,12
8735,Shirts,2c127fbd3c78821270df4e23472449905de032b2511f1cfd86a2ad572812d8e4,88,88,88,88,88,88,88,115,121
8742,Shirts,60e6a8c9731f3b956267eb4f1ab895423806b0b97efc1b645f2382fd7bd63f96,88,88,88,88,88,88,88,115,14
8750,Shirts,98e2ee3ae548268215f891a7b5b500f09f75b38fb9e94b6f5db047db41040be2,88,88,88,102,88,102,88,115,115
8751,Shirts,d90907deeeb9475b7b67e457ffd14b1fc28248cd2c75210b21f008e5cdb92d0a,88,88,88,88,88,88,88,115,121
8760,Track Pants,2157a481f087aa81805c3dfb5d8266f41e438972f1cc8e9541f8ab820d75a823,109,109,109,109,109,109,109,115,53
8761,Track Pants,6208ba951732009b394de9016c53c0c31c953a94d3507c40c368aeae2732aa32,109,14,14,14,109,14,109,115,88
8763,Track Pants,3da3e38f83f80ad5ff210c05bb8743c744df95dd76e5a69b1111e9edaac02f0c,109,109,109,109,109,109,109,115,16
8780,Shirts,88dcfe4e481865261dd407c4fccbe24ed142743fb5638abfe4e70e47dbfbae65,88,88,88,102,88,102,88,115,96
8781,Shirts,91e5b38afa3831cac439ba33aaf8e22cbfee3833e0e0f6e91c0b9de84a7a5d7b,88,88,88,102,88,102,88,115,41
8782,Shirts,b1a0885fa8ab3b0d735909eff6f5fea4310347ef08c6f1c4d685c6a9cf2f29bd,88,88,88,102,88,101,88,115,88
8785,Jackets,725ef8b0f5a258806c56f3353d1fc869280e1fa2a264e465212f3a3f9f9f8a86,45,45,45,101,45,101,88,115,108
8789,Shirts,04e9e56bb3c47871790f58bb3830b2d6e1f2d2f01d9a10f42e34f96960523395,88,88,88,88,88,88,88,115,53
8812,Shirts,e2702aa049b36daafe8050694d797ab5d52c8eb0b554985bf8908419f52b4faf,88,88,88,88,88,88,88,115,109
8819,Shirts,7de74be951f129ec7fa0dd6a2eb939371dacd77b3783f8b28f8bbd8e109a6aba,88,88,88,101,88,101,88,115,115
8827,Shirts,74d14c01ce531cc535c7382196dd69d67fa1b1af7d66ee9edc2dadfc8c22d7be,88,88,88,88,88,88,88,115,88
8829,Shirts,02b63fd48b8a2f4c0e5cff51c0e36f9521c18c674573ea99cff7bc6f68eaffa9,88,43,43,88,88,88,88,115,85
8833,Sweaters,b1c60a6e9ff4f4d4449377d54dd8ab00898a46a911362e6de79bb73dc7358dda,101,43,43,101,101,101,101,115,115
8834,Trousers,025cda641d710ad287aac7597fce8c73a68b67fcb6c3c8080e9fa788fdf70184,113,113,113,109,113,109,113,115,16
8837,Trousers,c2acea158c7e643527b77104cf22f2007f3f70956bf7f9eda981fa00fd533be5,113,113,113,113,113,113,113,115,53
8840,Trousers,7f73f5e3820d3065fd47c13095b09c05fd38014a8e5bdbbec30b6c121b1056ee,113,46,46,46,46,62,46,115,53
8841,Trousers,3793460ed0f832f22461189f4bd9857542ebf293889654d67baaea0f44711e98,113,113,113,109,113,109,113,115,115
8851,Shirts,ee3cf3770ac04602a2101d5e31d49e780a376c71039cd2f04e44500915a0e816,88,88,88,88,88,88,88,115,108
8854,Shirts,54a95b957f4de3b32c786789eb2faa273a277fd86085ce82b2630216a2732745,88,88,88,88,88,88,88,115,115
8857,Shirts,5aa5684cc97957b82a1d36735558cfc3dff050cca0fb5c4a8a8f7a6af50b4fc0,88,88,88,88,88,45,88,115,99
8859,Shirts,3ab8db7a9edea13ad611fccf6a5c14ea99db5b7d9db6701bf055605856737fe1,88,88,88,88,88,88,88,115,45
8860,Shirts,9828e63fb1dde683299c236a7cb32cd2b6d20f5086b69cc014c9ad43ae6fa798,88,88,88,88,88,88,88,115,113
8861,Shirts,ed958da18e91e413f1f7a4ac60f8edcf546bd923e41f6c7bcc92cebfe91496c9,88,88,88,88,88,88,88,115,16
8863,Shirts,fbbb68e25f4729c1971cc292f1f37c69550429a10e7469f8c3dc4bc29776c3e9,88,88,88,88,88,101,88,115,121
8869,Shirts,65aa22a546cd8a43bca6167f3464191e1304b06c87c467a9371ca2113fc59cd9,88,88,88,102,88,102,88,115,67
8877,Shirts,e7d7bf7880ddef28f0d5c59f328de1b47205ac59f8a1aa3591e92af5ee3b5870,88,88,88,88,88,88,88,115,115
8897,Shirts,9ae49441f37963b1c7f4c0d9851efbe3d6acd340b402eef0b790d948e1aa01a8,88,88,88,102,88,102,88,115,16
8898,Shirts,a5467293f06695c69216ae21d99cda07c3f3967db70176bf2edc8603ca3a85e7,88,88,88,102,88,102,88,115,46
8911,Casual Shoes,eb30321035c07cd217c96e35792814289163c3825abec9854bff0f8ecbdf61a4,16,16,16,16,16,96,16,115,5
8913,Sports Shoes,7143b4d72ea8928ffbd2565a52f0b23f2435ed3b8f113beb4b35ed346aed1b81,96,96,96,96,96,96,96,115,96
8915,Shoe Accessories,d03adababcbf59bfe349ce2ed26f01ac6df9b5b32f648852a648c9199d69533d,89,89,89,7,89,7,89,115,88
8919,Belts,d40235b91d5d0738a72b986f39b56c246fba6231d1d37fa891b8132f04cee611,5,5,5,5,5,5,5,115,115
8921,Belts,028f6010c37b1e53224288ab64c116022eef425224cec11be69bce3d447e9305,5,5,5,5,5,5,5,115,55
8922,Belts,ed3b811dda05a62c6d66cc9a05b936b5529245734ed95c78a66d92db3167bd3a,5,5,5,5,5,5,5,115,115
8927,Belts,cedbb26829ad65c17e17e2094cbe443318e20a18a4d57795b00f308f78ede316,5,5,5,111,5,111,5,115,84
8928,Belts,9725d1a18e37cfbb7cf08413aa3480650308c9461b63f5035456ec37d77afc70,5,5,5,5,5,5,5,115,96
8929,Belts,cf505de71c040d90907e50ea4d688eee64053170c51fb11fa447dd104f7b772a,5,5,5,5,5,5,5,115,99
8933,Wristbands,e9cc75beaa3f0f55d82ee5c246307b32d2da5f0ba9788599403bb2dcbdf6882a,123,123,123,123,123,123,123,115,30
8957,Belts,02b44d1ab550370f29827c3cda36ef30d7ecd89bdb0841bad0c2459c44b169ac,5,5,5,5,5,5,5,115,38
8966,Sports Shoes,f437d67ec45fcd24297a49af2cfe1f37b9edc77edd469bda0ddf21cefce1d608,96,96,96,96,96,96,96,115,52
8970,Sports Shoes,6382fa7030cab5aa35d70f3f1b225ac33e9f1d0c9cddb7db9bb192cd285ac76d,96,16,16,96,16,96,16,115,38
8974,Sports Shoes,4c3faece5805e410c82c4cf078fe9a9e9e759544e5571890ac4675b2448781ec,96,96,96,16,96,16,16,115,16
8976,Sports Shoes,70b4f6b39b37ebb2e4e9b8f38ca994ab100257a974f24fdaca54305f1422c1c7,96,96,96,96,96,96,96,115,43
8977,Casual Shoes,cdc2a4a6ad0c6d64c094e4025c85a3ab16987b9aeac5d9f0a52d4269290d7956,16,96,96,95,30,95,30,115,101
8983,Casual Shoes,7fb847d0bb90ef2fe84cf4541d08689a0a9e69caa668e968b50b8104defd6c57,16,16,16,96,96,96,16,115,30
8984,Casual Shoes,df6feb7a1f06f031af22db8382083a6b0faaf774435afa52b2da1b6d027729d8,16,96,96,96,96,96,96,115,10
8988,Casual Shoes,f3972bd7d186eace60f7189e080e18ea050213c8f0aa2cd28a56ff93df516e82,16,16,16,16,16,16,16,115,115
9010,Casual Shoes,754217a628596597ab434c5f84f5358405befa586b409460147fb2d241bcde73,16,33,33,33,16,33,16,115,2
9028,Casual Shoes,c6d0f54114f8528d2e78daea45e144aca24a3e20b11a4038748d2ff2c7bb6d53,16,33,33,16,16,16,16,115,108
9042,Formal Shoes,4efb9b60c3a6e720e9486c26e5fe665c50fc48a7fbd4b78feb16cc592204b56b,33,16,16,33,33,33,33,115,2
9048,Sports Shoes,0f129a7efccc627378788b53dc1e81e367e9098e4d1508c2b140bf13eda69004,96,16,16,95,16,95,96,115,115
9049,Sports Shoes,6969c3a444518f0c2b6292602a8870fd8a98e4f088e68c83db57c38ed5912254,96,96,96,96,96,96,96,115,85
9051,Sports Shoes,bea751aeb1424da594954df191f8e0567fca7b9ae71ff7505873d947227bf088,96,16,16,96,16,96,16,115,96
9055,Sports Shoes,b8cd183da297913d07c894b72afc29db3e26b150c4164b858a877120aa543839,96,96,96,96,96,96,96,115,38
9062,Shirts,79eace2841257063ee2fa3914a0b62850bc271046fa578de3236b81edf901174,88,88,88,88,88,88,88,115,38
9076,Track Pants,5fe5dbc48ff80a2e981a66921a6895845d8eb146a4341388ea77f87ffcd765ba,109,109,109,109,109,109,109,115,2
9077,Track Pants,087212d085c8feb28e4c53e9f4279f4b207c22ac2e63a3efa43b073f2ed2f4e3,109,109,109,109,109,109,109,115,84
9080,Track Pants,7c0e6b6f20b8927fa6cb1f5a0955de2334d10ca7c47bdb0002e1ba1712a22b60,109,109,109,109,109,109,109,115,108
9082,Track Pants,92bdbfa8bc239c3450c41ce98c4e1359a15959c4e6f065130daac7a0ffcaa5ee,109,109,109,109,109,109,109,115,16
9085,Casual Shoes,1487a31bf5bf944efd44820e559f1ea8747a5e2bcd1cdc0a829afdefd3e93b85,16,16,16,16,16,16,16,115,115
9094,Handbags,0d80e31527ff628146e77d166fdd13e7516644d3300e995422050f1954f4e34e,38,93,93,93,66,78,120,115,16
9100,Flip Flops,422bdd2b326aa981fa74d51c64e43333faa728e77cded262f7921657f59b8906,31,15,15,33,31,33,31,115,75
9105,Sports Shoes,a99c58cbeab0da7a1c6a46d5d7d757f63928fc44de3853737fcb5bc485cea6a2,96,96,96,96,96,96,96,115,46
9108,Sports Shoes,9d97ff46d63dc9e5224355858449d1aa4a875558f377bf1a905a6ed64191bf26,96,96,96,96,96,96,96,115,115
9110,Sports Shoes,18df8c2b8eeb8f9f4a1d6803360cbf9cc9a95755ab33b4e65ce8a4fde11c3b5a,96,96,96,96,96,96,96,115,46
9116,Casual Shoes,bd44ac9fca39d0faf475745db44866e2bbd861b957764d5fcbf6adababcde899,16,96,96,96,96,96,96,115,38
9117,Sports Shoes,9774a21b09abf74289c5d4a16e4d7316d7e340db96e0182e1d842796c86cb4ee,96,96,96,96,96,96,96,115,115
9128,Sports Shoes,c1ab0d5de1f34a6a514fc235e7125713e70f23319e6942f396e43046a2fbace2,96,96,96,96,96,96,96,115,99
9132,Sports Shoes,649d5039c1bd15de676996e5f4c9e768687a38afb1c691615b2ebc1297039d66,96,96,96,96,96,96,96,115,75
9135,Sports Shoes,5d9478e5793d6a2056f6685d0e4af41ba7566d64e53d80b4db552927aed74065,96,41,41,96,96,96,96,115,108
9139,Flip Flops,4e2578c6cc29ef63fe5ed561160d17b693a3f7424c2988bc15b8e33f07bc3c90,31,31,31,31,31,31,31,115,121
9142,Jeans,ad2484d359d0f61615e876176e88d05142b6b1af7832b34832e2dee363013329,46,17,17,46,46,109,109,115,54
9149,Jeans,82df5414b1480d883d141a61e9fa2f38ef41d0105c0f6bbb2221f7fde5cc98ee,46,109,109,109,46,109,46,115,115
9153,Tops,3f6d85d9f0f0a63f55eba48b8340de7b017a447f06075daff4a238953918c9d1,108,108,108,54,108,54,108,115,113
9156,Tops,b1e691b54c232ba3916e00abefdec7d4b32e4879180c1d24e3941403d2e493cd,108,54,54,108,108,88,108,115,41
9157,Shirts,9de36cf689a2e606b04f11f2ecb1add77ced54378a4ffe461bae7630244d57f0,88,98,98,88,108,88,108,115,115
9169,Jeans,88295f60014a7bf6eeb9ce7b4a9bcfa0692fc06e893994b54ab22ae16b419006,46,46,46,46,46,46,46,115,121
9171,Jeans,ea335255d5b2c771864e991b8d30c4d048a0f6c0d9290550302517d2e389a2b2,46,46,46,46,46,46,46,115,53
9182,Tshirts,153d6d69a6799d0c8522ec2c36898592c7d601bc9b21dbd5a07bd891d8b1b461,115,115,115,115,115,115,115,115,96
9189,Jeans,b67341bba502f28770b8e6776c5c94a731c9fd909748de75619fab30c099447a,46,46,46,46,46,46,46,115,84
9207,Casual Shoes,5dc2b7a5dcd90607d1cd8a1cd26e8bbbd2f6967fceb8672f504cfdc6f71493f0,16,16,16,96,16,16,16,115,56
9209,Casual Shoes,314e9f8ee2bdabc1bb9e24815344c2d1e51f9bb50524ae5dfdcb485d4dbcf266,16,96,96,96,96,96,16,115,101
9212,Sandals,e2473c633cb76d2de7a62b449592474f04f385fefed6bb3f4ef8708e8ee90264,84,84,84,95,84,95,84,115,109
9216,Casual Shoes,d580a7bb2afddbcccbfe11653fd04f467edb2a270efc1daeec7df704de0fba22,16,16,16,16,16,16,16,115,38
9226,Shirts,1d2bd5a13cc999eaa2b65f9cac2db7b65eaa48209ea5a14182229248a6d0e3ab,88,88,88,88,88,88,88,115,38
9227,Shirts,04c31940434331475e67575b7663ba42d8126b793def976d7d7b982d69e2512e,88,88,88,88,88,88,88,115,115
9235,Shirts,e2b23fe11ecec5d63e474f1982bb4ba969f07fa87d7ed22cdf2e9ac044139ab3,88,88,88,102,88,102,88,115,16
9244,Shirts,9a7c2e1ba6bf2d7697e7a396b23116ae0fd34d9b345aeec528e743691cc97cb6,88,88,88,88,88,88,88,115,115
9251,Shirts,49c326fa679195710686c4eaa572f6a0401613b910a072bc4511a31ed68716b3,88,88,88,88,88,88,88,115,16
9264,Shirts,0500e6f0fdb41ff322fd454d114ca7ef6a36c1ca4a3ea10009c621414e7521e5,88,88,88,88,88,88,88,115,2
9265,Shirts,b389896b33b1fea551ec63c58f1723878d14a403cc71dd7f496aec3e62817f3b,88,88,88,88,88,88,88,115,88
9268,Shirts,4823cf4cb6eccdf3640813b2e83ca38e3026dd4674ebd51d99921b1c2ba82073,88,88,88,88,88,88,88,115,41
9272,Flip Flops,dd57afcf6ddfa54dd1ecbb129dce10e34278c36bcf6083ed2900fce430954796,31,96,96,31,31,44,31,115,115
9274,Sports Shoes,a00fd9e1489b2cf85250e9588606d2c724016701ba10508b50c9e645e9d6f4b4,96,16,16,96,96,96,96,115,62
9289,Tshirts,b1eafe81a63fcd3973b8814691519191373c8f269f79d1e681fbf1366a6cb7bc,115,115,115,115,115,101,115,115,115
9305,Tshirts,477e5e0a75bc55567c3541a2d5060aab3effb149868f99f7e6ecc3bf26f5c3d2,115,115,115,115,115,115,115,115,115
9332,Tops,5a2697b162abd0acc8b403bb1720c9593e7e5c1108438a548d02e07122d5a9dd,108,101,101,54,108,54,108,115,16
9335,Tshirts,5e0cda9aceda22c2a2ebed9840ea1d143f908ec6d74d9c32dc4ebf6ca8984736,115,115,115,54,108,54,115,115,108
9337,Tshirts,171236abbcc5514227f2fb5877968a96e3f1500ee51939172ec7bedf105ada30,115,115,115,115,115,115,115,115,2
9345,Shorts,f81b817ee8c0e2f82fa3aedac5dac5817036504956791a0e017f885cf31d344d,91,91,91,91,91,91,91,115,96
9347,Shirts,be25355b840be58b58fcd9fe3a33519c8a3a12b461a7be5b201d37b667f68c2f,88,88,88,88,88,88,88,115,5
9348,Shorts,aa470046c0bf9e99d37844a2e4ec85f144153b6d7cfc57d07543a1e7c9f97766,91,91,91,91,91,91,91,115,86
9350,Socks,a2d59dd31a26aeac5c4cbff8ace3d1c38835b81b149f06cafaf51d4765c41ab4,94,94,94,94,94,94,94,115,115
9352,Socks,96a61e2caff25e9de6939e7c81e0b25ba2bc7ce356b0b4a1958cf55970ac48fa,94,94,94,94,94,94,94,115,46
9357,Socks,440787dcfe33aa6a91f5e45ca89ec1078ecb3b8faff839daf544a222b5acefc3,94,115,115,6,94,94,94,115,115
9370,Socks,96220848f34bf2e829f9a2a9125fd49987ff6c0b1366e2e9263d8ef61977241e,94,94,94,121,94,121,94,115,115
9374,Socks,80f1b8c0370ee058dfe80ac92297ab6e416534067b5479d1a60ad1c9b373623c,94,94,94,18,94,121,94,115,75
9376,Socks,2b598306a70572266fa43369eb99dc30f6da027eef6f33ebba37d83f72b476c5,94,94,94,6,94,37,94,115,108
9380,Sports Shoes,de1348abf2054bddf2de015e1e8e74a304e0231956ea5d96b9ac8e8d23931584,96,96,96,16,16,96,16,115,121
9399,Sports Shoes,3f1afd87ff884caefdbe387cee85eb63797aac737fef85f3fcf34641eb36670e,96,16,16,96,96,96,96,115,16
9404,Backpacks,dade2503eed59b29c79553f209698d1c15edce3e1644266466f3e4bad80d3cfd,2,2,2,2,2,2,2,115,120
9406,Tshirts,70712c0d88b00c838e4faf7f8acc9461ac74b483218abc68ee1471849a94d89c,115,115,115,115,115,88,115,115,31
9407,Sports Shoes,58822d91b433cbdc2f162b9d2fb913bd6f3cdd4fe0462f4b874aac11e1929877,96,16,16,96,96,96,96,115,121
9416,Shirts,6d6a48e2f2a6e8512926663c10da0d6f2ac4e27fad5fe3037d058a9e0da813d8,88,88,88,102,88,102,88,115,16
9428,Flats,92613d70f8e7be6e4d198a07c720ceb4c97cc501f40bfc56702efcaaf436cdae,30,31,31,31,41,5,30,115,115
9439,Backpacks,9f050588ada918dc591b5638c04df87f5d600947d8baba6a50a3d906641b5523,2,2,2,2,2,2,2,115,25
9443,Backpacks,52099ac763a513c1f8c5b688824cf49b888375058ba1a423ad1d2d1ee5752160,2,2,2,2,2,2,2,115,121
9453,Shirts,cda659c079fe0f6b7bdb9432b37974c9a45f2c3335bc6fd39e1b3309ac25abee,88,88,88,88,88,88,88,115,5
9483,Backpacks,e676cd9ad3bfab3b07b0df4ccf256b66bb7510eb511b08a965a18e11f4b52c18,2,2,2,64,121,102,121,115,84
9484,Backpacks,f66ff216f873e3b6aff86e0c477b937fe824a265453107795b8d73c30accee05,2,2,2,2,2,2,2,115,75
9490,Backpacks,11260dd2c1a063257d4e65c4bf35d1e8948e4029d79e3fa90175b998968053ae,2,2,2,2,2,2,2,115,113
9495,Backpacks,40b9d144a84657db51f6e9012eea3d575cb96770c47801b223a35df6241c6b5c,2,2,2,2,2,2,2,115,53
9506,Shirts,872766543e88f82188ce5d53bd8802bbcb6336f29537e05676c857f60a416a97,88,88,88,88,88,88,88,115,5
9517,Shirts,457564fd1c652ad0de7de19e188cc15240256aa8fc90d455cc9d53740ca4cb6d,88,88,88,88,88,88,88,115,26
9532,Jackets,2771e7f2f7e5944598845eb8f9aa1075cbbc5712bc494219407a0af55df4fc82,45,45,45,45,45,45,45,115,16
9535,Tshirts,ffef7bf1b644ee7e2f6a9cfc0a6fd6f0630076c89009a4a0449b950aab9ef271,115,115,115,115,115,115,115,115,54
9538,Tshirts,39f6f7da629fa633d219792d44b1c978ac3222968fc837cfadc7cafcaf256d98,115,115,115,115,115,2,115,115,53
9541,Tshirts,930c3e76453ab174b9b3c760731fd023de2d227c1d15b1ae1d08ed33df267973,115,115,115,115,115,2,115,115,56
9546,Tshirts,7820aca299502e87806782b346467c71c1dc766567e0e3aea33e222a38844c32,115,115,115,115,115,115,115,115,31
9556,Tshirts,54e77cb4839461eae01663e8529e185b17f9bb73415816c304996ff5cab10cd4,115,115,115,115,115,115,115,115,88
9585,Handbags,4171d24bf7c800073da5643082eb60a8d501a87103c039404fad889be112acfa,38,38,38,38,38,38,38,115,121
9587,Handbags,26ebb89d26fc3643e32735ff0051d4339f9510dc00c30af700a5361d3d0d21ef,38,53,53,25,38,38,38,115,115
9593,Shirts,c59ed74f8749cdddd804727d08023bf8fd8eb2ba25a50a8e7465707bc7d20c08,88,88,88,88,88,88,88,115,121
9600,Shirts,48aa5b22c398f3916ed73691330459eac4af9e8d21abb843c8ca61d697ada533,88,45,45,88,88,88,88,115,16
9683,Tshirts,e89aa084a899e1e7383993999f49d5bd8ef4b2ba88362597472d6b287bc0bcaa,115,115,115,115,115,115,115,115,120
9686,Tshirts,579d5cdb8c78ac846f0fcc76c69e37eadeb1356bdfb5c7fecfc986bd7965ab20,115,115,115,115,115,115,115,115,115
9690,Tshirts,e10a15e0f5bbc0cd40e60351b1c301e087885d0e69c108581cec66221de58a08,115,115,115,115,115,115,115,115,88
9691,Tshirts,dce225bcf7734f8a4d0aac58f7651e6cf7b233df4a9eac11b4bd0daa173e3bea,115,115,115,101,115,115,115,115,16
9704,Formal Shoes,d51818d5c60965c3324e873d264cd72ed9f9bc9435a9ce295b23ddb8286ec192,33,33,33,33,33,33,33,115,115
9713,Tshirts,1abf9c4d251499073ace5db5a8e422c63f79480431aa646158aef2233a76e56f,115,115,115,115,115,115,115,115,115
9718,Sandals,9af09b7feb6d961916a2dcd92986fa1cabd351108609a915a4e5942a8695c084,84,84,84,33,84,33,84,115,91
9729,Shirts,ef0dcd6f54429b077509c78b3e97f96bc4bffb80dfb4d74d0c1f34966d8e6cac,88,88,88,88,88,88,88,115,38
9733,Shirts,81eabe952b73e6ceb3662c6615cf0c6501691bc086dadd2b92d6ec186bc317b0,88,88,88,88,88,88,88,115,16
9748,Shirts,24c60496de4ceb97818297c27340523a193c38ab9432de8776a847d6e2562f6d,88,88,88,88,88,88,88,115,116
9755,Tshirts,4ba62fed42ed4ded42da764a90d3893a98f09b1f7f00853ff24503d1a279b57f,115,115,115,115,115,115,115,115,41
9756,Tshirts,15a9ba61aff89956f6146826a4f65a4e961054feb30277b4faed7e4bc6967be1,115,115,115,115,115,115,115,115,3
9758,Tshirts,a47b3987e095e849da0263bf6488bf4888b7e85fcbd8b6a6b58d5ac076e09eb3,115,115,115,101,115,115,115,115,108
9760,Tshirts,b67e07a070c9eeee1a66b0c6a74b59d56139e80fdda6c28dbf762348923f4602,115,115,115,115,115,115,115,115,115
9769,Tracksuits,b34f2d37a331806603a13ea1bd1a983bd8bef77ec2167aa672e49af31ee5641b,110,110,110,110,110,110,110,115,53
9770,Tracksuits,6a017c4fb0d805361ee9649c4ada2abf90d3ef0c99e74291a2df21d9fdc9c49b,110,110,110,110,110,110,110,115,121
9774,Tshirts,f633e11d2a6c78308e6523cb1ffa1507ca4370ea43f1def7abe48721a951d3ad,115,115,115,88,115,115,115,115,88
9775,Tshirts,0d3c2e529b90d7533a4206d26dedbf5a2643a4cd8458556b0518528e2443d7cc,115,115,115,115,115,115,115,115,115
9784,Formal Shoes,c05028b555147480b8e5f1ec8e357890276bdcc3ac16e163e1506294c6d39108,33,33,33,33,16,33,16,115,108
9790,Tshirts,0944e655f745584ce8562414eb8b7112baf90b1de68b47c5ddd8767bb6a667f6,115,108,108,88,115,88,115,115,25
9794,Backpacks,174e443526e39511d2bfd250138ad6a191f250f80938e159ef546e66b86ab626,2,2,2,2,2,2,2,115,53
9802,Tops,95a334b8d1e0c96988025d9c6d0d49cf904b7262e74e9996ce4f9cbe020ca734,108,115,115,88,115,54,115,115,19
9828,Tshirts,4bf6c774cdb5051a84fb0499a7afb18b4de25e2a8fb374aad49c2f00b23b90a2,115,115,115,115,115,115,115,115,115
9831,Tshirts,5176fabca4ce2b2bca93367cd9c66f945374e645c751c524944016f5098bf211,115,115,115,88,115,54,115,115,75
9856,Tshirts,8cd8cef89caef039a2c024aeac7aed853f36f07aadd625cb322af97edb0cf0a0,115,115,115,115,115,115,115,115,46
9859,Tshirts,34fd5cf86ef86e5aef232bb79247719e39a9c3095662e74fb415428e076f9163,115,115,115,101,101,101,101,115,88
9862,Tshirts,9c11a235a1aff84ea37f5f207ae46c98f0d841fd9015d44cf095c4b07911fb88,115,115,115,115,115,115,115,115,16
9864,Tshirts,7db8871540b134e90b44c68bcc692edbfbf8b6ca79f04cf052f6f06d2fc0a6c9,115,115,115,115,115,115,115,115,2
9874,Sweaters,2b94debcc509ac313fd8c3d91a5e4a08a1086834b3da3a2f274a5c5405c9468b,101,115,115,101,101,119,101,115,94
9882,Shirts,fc891911d7e2095fab152eb255f8b923e41244afdd1c022c5454a876fa15191d,88,88,88,88,88,88,88,115,115
9885,Tshirts,a1a4084bb2528490a9093a8f50122f8da48a5355b0952d7af8ae7283fb2243db,115,54,54,108,108,108,115,115,88
9900,Jeans,e4b8444f409f62656eb7a688f0581f9c59646d8e68ded330642bce0f41fe3da3,46,46,46,46,46,46,46,115,108
9907,Handbags,da189ba26e1234e72972b3f77d20fbe28e1d0f71d8d9b32b21f4e12bd2613307,38,38,38,38,38,38,38,115,115
9918,Duffel Bag,971cbc1ed6b1d74350c65186c8b6568f39e854c0291163d21b7ed702e90dbbb0,26,38,38,26,26,26,26,115,88
9919,Handbags,87667ed170aeb0945317c2c775b9766350b8d531d87667bb508b0b845518140b,38,38,38,26,38,38,38,115,38
9921,Handbags,8c8fd87ada1baa69cc5d5c65f8593787514fefd35ab94549008ea30ca69316ea,38,38,38,38,38,38,38,115,115
9925,Handbags,3f8212b247d1a88d6fb65e6c54ef3af6cdd598fc57e232107d31bdd96b68f12a,38,38,38,38,38,38,38,115,115
9926,Handbags,3c1698d9f131bd430b6364dfe785d2f2c61d364078f4970efad397e1df29b554,38,38,38,38,38,38,38,115,26
9931,Tshirts,fea20bacbc86224f81f4d702d214d2653f43420372fe3a881d9b413330b919dc,115,115,115,115,115,115,115,115,108
9935,Tshirts,29398b67cb90aaed960c67948c75f435a8d15638bcfa454616df00e325448b93,115,115,115,115,115,115,115,115,88
9942,Tshirts,e69e33e8720531c84d2a1c6eaa2658f3deab3b89b3d6c0f5a7d9aff60c6ac5a1,115,115,115,115,115,115,115,115,16
9944,Tshirts,b6dda8c57cb2ca71aa32e79d518914430914d6c12394ebc977c19cf7491c3094,115,115,115,115,115,115,115,115,94
9952,Tshirts,924d54337f5d48ed5207d7a37a001ef6d868e6218a08a86139fd145301d1d2bb,115,100,100,115,115,115,115,115,115
9956,Tshirts,745f00c0177d69e243497a6450118fc92590d898a0e5f2c07994170f4936e1ec,115,115,115,45,115,45,115,115,28
9958,Tshirts,46f0eb85dd2b3b7f0a1aa0a2610074cf0e1ab6d05301d6fceb88b6b947402616,115,115,115,115,115,115,115,115,88
9959,Tshirts,369116ddadbc06c0d5924808464d057f31eab3b85b609bd913458397b41b422a,115,115,115,115,115,115,115,115,115
9964,Tshirts,040eb65c3ac11d915f03312a25bf9e8d013ca4c8fd6b67b61106a989a446d91f,115,115,115,115,115,115,115,115,2
9972,Tshirts,60a50c242fd38c1b1039b8a9f7740b82f1f9f9ebd1b7554fd4f69f0b19491912,115,115,115,115,115,115,115,115,38
9978,Caps,ea117ec6b4b56e88b3e5ab89274e2cd2bb26eed890573472637d3ab6d9d98ae9,15,15,15,15,15,15,15,115,96
9983,Tshirts,51b84b7310b887091b494ef54f68eaf800a147e9e1fa15f0a299b524dbc5561c,115,115,115,115,115,115,115,115,115
9985,Tshirts,49a9df8c68f1a9de247b056ca6b2c0bab9570f5d68de5d19d0c06f9fa3c2eb18,115,115,115,115,115,115,115,115,115
9987,Tshirts,b7f3bd8c3438876ae29c741fb89853fedd5bd4d37cfe380601d143b9c814a56b,115,115,115,115,115,115,115,115,115
9988,Tshirts,d530ee7c770d28c9a1b35bcf10a9847ea7f0c913e9471f358ef0aa209f48f1be,115,115,115,115,115,115,115,115,120
9994,Skirts,bfd9a7172d07cd27b7f08d7f2749ad730fd94511287062c318a5810330a749ff,93,93,93,93,93,93,93,115,94
9996,Tops,e87c32deaf6b4d843bd401fc1df453fe8efe0226ef183bb384487fc96ca541ae,108,86,86,18,25,18,25,115,114
9999,Tops,9436693df51227d93c011c3048809ae38c86399b7a626faa7239097b11e5a9f3,108,108,108,93,108,108,108,115,69
10002,Skirts,bfd38f3a0dda4e0bd1cefee67d4dbc7a24872d4f3883a2fd550a4eb0f37e969f,93,15,15,120,93,120,93,115,115
10003,Tshirts,ae268bffe0146c8be784e1dff843eedc34b3b5eaf9d04f2d1ce7f590285192b5,115,102,102,45,102,102,102,115,120
10013,Tshirts,6a975bff4c27166ba386b5826fcecf68d497e44cd519135f6d3b2c3c3c833597,115,115,115,115,115,115,115,115,88
10021,Shorts,c4b049145bd25650bd68834ff816397d0bba86c28cd6515ba500b0aa119f28a1,91,35,35,35,91,91,91,115,94
10025,Tshirts,87e551c86146f87c641d04c255823b9235b7c6213e4b13afbb8ca58ad175f419,115,2,2,102,45,102,45,115,88
10026,Tshirts,231353b9eb567fe5b700ff29f6f2b7714b886e102b0339e7389b618768c08e44,115,115,115,115,115,115,115,115,16
10033,Shorts,bdf5893dab9c3e21014adc9f0a3b9cd13ce082a2c838cf3b505a4f46e4bc9a86,91,91,91,91,91,114,91,115,16
10046,Tshirts,21f906cbd92c236c2ad9ceaa054a351e36e14541a81a3053e9fc0b9b1b5c94cc,115,115,115,115,115,115,115,115,96
10056,Tracksuits,435ee134ec3e88f7684dcb80627891998d8f0021e84dd7c10047a9b35193b2c0,110,110,110,110,110,110,110,115,12
10058,Tshirts,34fcefaf8c95e3a1ea416d585bb093f8eff720c95f219d50e64fa3dd37c8d90f,115,115,115,115,115,115,115,115,96
10060,Tshirts,f966fb093f986d09b5c59393b32bb859635d9277e1259eeb2f7d14099f57c863,115,115,115,88,115,88,115,115,16
10061,Tshirts,76a946749055252e99cde5afc427f30b8fa5ded5d396922b3f5df14476e90994,115,115,115,115,115,115,115,115,115
10067,Tshirts,b09f460c8a1f784df270c598bcaaa109907da9e766e186836afea2889bc331af,115,115,115,115,115,115,115,115,88
10068,Tshirts,449ec8571765cf0a686da26e60da2f5dacb81f25aff8e16054ecd2e6d7732031,115,115,115,88,115,88,115,115,33
10070,Tshirts,1d37157ee4d06112ae0329bea542406c7b7aa6263f70d67a708f267b72c21eea,115,108,108,115,115,108,115,115,37
10072,Tshirts,afffea1298cfd88d78b4ea3bac6a72de7e45c0956e030efa7fb27ea51bf47d0d,115,108,108,108,108,108,108,115,84
10073,Tshirts,9783ba585fd23c2be717250ad7816c78802dd5323fb98ec5a05239fb9e310cf8,115,54,54,108,108,108,115,115,115
10078,Sports Shoes,c2e379021a4bd1e9bdd60a13ca77ba15ce31a56c6b70eb966b31fbd5cd6e1772,96,96,96,96,96,96,96,115,115
10081,Sports Shoes,9ac293bda3a0a4fc908fd798d302f955fc23d6a3f8c076f2995419de1a2f5003,96,96,96,96,96,96,96,115,120
10088,Sports Shoes,9dbb685a1f6d0f15955d2303e6dcda8be37f096c75e464b149b2466f38c6dade,96,96,96,96,96,96,96,115,121
10099,Watches,b224b53e4f6d6f695a5a1753c554e0b631e0c1378e5c0eac7642b7404d0257dc,121,121,121,121,121,121,121,115,115
10101,Sports Shoes,aa1dd8553cd78c632525bc3e8a3f6ab73496568df486926d1b79d82c736400a7,96,16,16,33,16,33,16,115,120
10110,Sports Shoes,bab6cad6af47c3e4130fe932052ab5cd25f80aaa708979b73d7aa278ea406b23,96,96,96,96,96,96,96,115,96
10127,Casual Shoes,c5d88282af7955e85acbd603adcf16555b2428e117c827afcee0d1cd38fb1849,16,33,33,33,33,33,33,115,75
10140,Watches,c2589e18c52c88c19eb1f5d2418629794797e31b0f0312c995f6c3413569166a,121,121,121,121,121,36,121,115,53
10143,Formal Shoes,61d68f5db82b962fdb0f2a549e3414e77ca176822ec8bf790141e723183a8faf,33,33,33,33,33,33,33,115,19
10149,Formal Shoes,a0a822e4eee975fb9482cbf5274a7ddb4f660d1baaa474076e9aa15efe1b0d1f,33,33,33,33,33,33,33,115,91
10152,Casual Shoes,9122b67832080456b2126ec2fb25bc3e8f2ce0e0fb34384cf8f06ad0f5021db9,16,16,16,33,16,33,33,115,43
10156,Casual Shoes,91a4873e72f13a9e6f56b8b1418866f4f3e94c5890f8fea1ade32f772b2f2a3b,16,16,16,33,16,16,16,115,96
10157,Flip Flops,a93abf100ec6cea0a69a0b972e173f57d3637e2787db72a958bddef6bcc8d717,31,31,31,31,31,31,31,115,96
10168,Casual Shoes,1d37c179c63a6c958a8cf4c4b3e3049fba92729c91f6e31783cb5335e90b2c0f,16,16,16,96,16,96,16,115,116
10171,Formal Shoes,29f5215a87be55d67ce187d179d57fa09cb5ad4b7cf0c71be3eb34621e21189e,33,33,33,33,33,33,33,115,53
10186,Shirts,4b359430c86f290a969030bb29cfe261a2578b80f7d34cc163951e72da04f6ec,88,88,88,88,88,88,88,115,115
10196,Handbags,16d0ad698d222f81808799a11c8aecebabdb769c751ed7fbbf39a3604f772329,38,38,38,38,38,38,38,115,88
10200,Handbags,637a5dcb4402d5612580f261182aa77f8e23d5a08d4b4db88f5f9aba6a7dd856,38,38,38,38,38,38,38,115,108
10202,Handbags,e7cf2c1eefc96851e47074eeed7ba27c2f567c3b14c14840dee111062df6c40d,38,38,38,65,38,38,38,115,121
10204,Handbags,78f8dcf61682ae9026cde8924daaee6adbb3b3de0b65093da11e3e7ecf94c8e7,38,38,38,38,38,38,38,115,91
10213,Handbags,c8f7d8a221ca4f5c7efae51fbe177bdc97099fba4a3e2c1b1b1f4746c703e2fb,38,38,38,38,38,38,38,115,5
10216,Handbags,f9d5909c509175fc6aafb9038fda7ca7d18242243e9aaddfe526cc11afabdc0f,38,38,38,38,38,38,38,115,30
10230,Handbags,70f67ba837060c32b152114761ef210b9c426b83d23badef11b4c108e9efb3a8,38,38,38,38,38,38,38,115,115
10237,Watches,8bdb426e8ae08cc45f717400021d9a3a47567309bbd3dc1bfa8fd37ac10bdfb0,121,121,121,121,121,121,121,115,121
10241,Watches,4faadf2a9175ed8e2c5d0957c662c47f28e756eeec12756e9b1f018fea9cebd9,121,121,121,121,121,121,121,115,84
10256,Shirts,fe2601a4b39d9dd6a30f159a25bcc7e3b890e16efd98280fe0db42a9416e8156,88,88,88,88,88,88,88,115,115
10259,Trousers,1af64ff97edcac3a8154a7c6fd23ca81d548cbfe67cb62bc2013975796cc9a68,113,109,109,109,113,109,113,115,5
10260,Trousers,b0bd3b2e59ebf204dc5b2aaf8f2b603a65b1349e1e03f0f72a45a96c93d37701,113,113,113,109,113,109,113,115,30
10276,Formal Shoes,4104ded92a2fc10ec3cfcf7878d874f078857c30cc57cd728615597473f9bc9a,33,33,33,33,33,33,33,115,115
10282,Flats,3b2fb4a197901a93c945eb232fc303bcbdc2a1c2688454eb4c3f9683229b7294,30,30,30,44,30,31,30,115,108
10288,Flats,1400d429c82cc3e1ba6e493399ffdf041a7c765a7218a2c54ee5e23fabe2b6e0,30,31,31,30,41,30,30,115,115
10293,Sandals,c033a00a806dcd12f6cc32526c0a68e71fe2db27f6c2022f8b4befe9c54820d2,84,95,95,95,84,95,84,115,115
10294,Formal Shoes,2cbedaa3013c93567f2b6fcc5aec9704b879155037ab6057915254efba4884c7,33,33,33,33,33,33,33,115,41
10295,Casual Shoes,05b0fb4a92a07ec261563d060b7609a308e610d97a3e66ad6e740bd8fe16788b,16,16,16,16,16,16,16,115,115
10302,Formal Shoes,939efd687d83e660d9763704d9f35801baadd83aff221903e2531e803f283962,33,16,16,33,16,33,16,115,53
10305,Casual Shoes,6818026215ea6c59c95b57eff6aa3e64fb501c514445b3312bf0a57353262bec,16,16,16,16,16,16,16,115,88
10315,Watches,173cde33e4d3aaba998ac24d5a1153c954dc434694b2ae415272f805cedc0628,121,121,121,121,121,121,121,115,101
10316,Watches,121feb4626c2d30d26f1c1454453b2d9157f22cd518a7570f5d35e676e2daa5b,121,121,121,121,36,36,121,115,16
10325,Watches,eeff4a98ef333eeac556b557253c98d5f4749518564bef4386d2cef035f4cfa6,121,121,121,65,121,36,121,115,115
10328,Watches,3643c52531eaf1bab9cfd921e98eec10b8c2d752f368bc469a1b74272e708d29,121,121,121,121,121,121,121,115,115
10330,Belts,2d0c6117e7b0bc67d5519ba49c067ccaaa6126532c61a35cfb7afc5b7f9ade4b,5,5,5,5,5,5,5,115,108
10331,Belts,9b7d64b42486a0307d2af1013962617ddb575c868d6ef3d838fe4cc652dc7477,5,5,5,5,5,5,5,115,46
10333,Belts,bdfab43ff712d1edb83e7257bed291f12e1e56cd74452fe5e170deb12aaacf72,5,5,5,5,5,5,5,115,115
10341,Tshirts,d0962c71d92e4cb8ce1262135ddaf65a158e3e2ab5b2a10c650803054e322178,115,115,115,115,115,115,115,115,115
10377,Tshirts,c57840b205f8807ba3153ff7a3f3e4ab6a8329c348723ef664ddda6abf71ec2a,115,115,115,115,115,115,115,115,53
10381,Shirts,e4ce08e146e582dfb32079e1c26ee68028941aa09924ad6b4aa25050796d4730,88,88,88,88,88,88,88,115,12
10386,Watches,a8e294860872dbd048d4743fa106e2c3b29a3f6297d2e384a6e8b72f734c9df5,121,121,121,121,121,65,121,115,16
10390,Watches,bc69e307c366223bd389737d07441969842057b04108df53e0820c7905e6bf7d,121,121,121,121,121,121,121,115,121
10397,Watches,dc18c1204f53fb8e0cf2ce382b3db80af33b4474cd8956ba2baf50da3b563995,121,121,121,121,121,121,121,115,2
10401,Tops,951e800da2a56e1ee367b1e180d858c29bd0f87d639dd73c95731f2fe650a39a,108,88,88,54,88,88,88,115,16
10406,Dresses,b601694345622d99bdfd2eff883911d2d5b5664d992b703be2715d02592fb462,25,52,52,79,71,25,25,115,120
10407,Shirts,369ea5894d0f5ac751b561e25ced800a61135fdda37e4a44a771e794b5270fcd,88,88,88,101,45,88,88,115,115
10412,Tshirts,63ac51658f85c3d5fe5f627c16754b520c7581fe667a1e06d88b8d9681703085,115,115,115,115,115,115,115,115,115
10414,Tshirts,2b15604e56ffe5c97e8ce4f27e4c174c6e29c3d8b320ef007fc9ad2478375011,115,108,108,108,108,108,108,115,53
10418,Tops,613d5848e6f506684c84f00c9eb37e076e64d308d0adc0391b2b43533e56df31,108,108,108,108,108,108,108,115,84
10421,Shirts,7d78f4571d714eae480206a1e80643aa4e4493d7ec70b7f1977c81d8929b0ce3,88,88,88,88,88,88,88,115,115
10437,Shirts,f387b25325d10f2fdcb751fa0b348a7cc5b0cda9f1389eac1cfeb87ab10c5a00,88,88,88,88,88,88,88,115,31
10445,Jeans,1aa07133e763ea54512b9b0cc258060ca9076e8c77cc6dc71780782842dc6a2a,46,46,46,46,46,46,46,115,38
10453,Tshirts,18edff9bc0e08bb19ad09f322f39ed534b9a3d2969e757676f5c6f658b5c2ab2,115,115,115,115,115,115,115,115,53
10462,Tshirts,140ce1f551d2e376dff10a61b2bb4a476c29ed37ec6e2888febf4f9f72a644c7,115,115,115,115,115,101,115,115,115
10469,Tshirts,49c2de1a849894a69e28969a3cd159cddbbcb6eabf7d7eb09da8d232bc4cd890,115,115,115,115,115,115,115,115,121
10475,Shirts,4956f6fef8bf2e5138ffacda8cf2e502eaff4dfc21cc56732f400063b6b1f5d3,88,88,88,101,88,102,88,115,121
10476,Shirts,49abad99036718721bf04f0876ab8d702212cca8cdb468f81565cfef9d0bd16f,88,88,88,88,88,88,88,115,16
10485,Jeans,7c5af85411ea56442fcd07dd3148f79d94869683c6d69c1ddd0e2e7751ab9034,46,46,46,46,46,46,46,115,53
10486,Tshirts,69effd558698aa3fd819df5b8dcefafd193ec739b94da831679dcda5d3d9ebbe,115,115,115,115,115,115,115,115,115
10495,Shirts,ec366831bbb4444c3f084469a8042e34ccb526ef2486a2274eddb3c9b80284d5,88,54,54,88,88,115,108,115,2
10507,Tshirts,7fa2ac031a0bfb8d1aa0d111a1745f88eefe05c7d256af13c6ef620d1cadb4c3,115,115,115,101,108,88,115,115,12
10509,Tshirts,c31dbae2ccbde6795a4aae27b3da688c9b5066ab755d9242044bdf16b61586af,115,108,108,108,108,92,108,115,88
10510,Tshirts,e732e0b7704cfea038efe6f5524e58d2d2f14f12623ebbbfe64dd1b8b269ca5f,115,108,108,108,108,108,108,115,102
10517,Sports Shoes,0efc9684c5a23eea8ca5c74444784dd1d127e02600f357e5c404fe321895fdc3,96,96,96,96,96,96,96,115,2
10564,Tshirts,414d0b16fcefe9a6a866d006b1651ff8a2a572d203623cf5de2a59cea5b44032,115,115,115,115,115,115,115,115,108
10565,Tshirts,a75022efa7e4aa7701eb5c6bfa9b452d4e5621a7d0cbf8b4ff226094064c0a3f,115,115,115,115,115,43,115,115,115
10567,Tshirts,b0d53564809383b0b4ca07223ad889698340a5415b93aa811452465ebb51901f,115,115,115,88,115,88,88,115,12
10582,Watches,34051e6cd25ef666cf8c65f971606a990e1035c022beadf42395efccda737171,121,121,121,121,121,121,121,115,41
10603,Caps,f1dfa3a627eb67165d8462f3f27562cba7a70d64c150fd600d46c997796b7c00,15,15,15,15,15,15,15,115,31
10604,Caps,1676a3511e209194b3f1582e2528a8249432d19fcd9f51e50ff3fa563218832b,15,15,15,15,15,15,15,115,108
10620,Flip Flops,b060824f6186802507118d7e9bf85750f8c876d2216e63dbbacf4dfc3145bc07,31,31,31,30,41,30,30,115,16
10626,Casual Shoes,b77059c3a35e8d732d7550d04a67a2415c673aa3651e7f679466929153b3aa10,16,16,16,33,16,33,16,115,115
10629,Casual Shoes,2ec4d0d4f4363fb04cfe299dd6f118224aae1dfa6af6850340e698cce2bcd846,16,16,16,16,16,16,16,115,10
10636,Casual Shoes,d693c9be41b97c72a436d223ca4671324d8404197196dfa6df067e48cede779a,16,16,16,33,16,16,16,115,56
10643,Tshirts,d11ec9fc750e01b09ff9eecdd8d30838b72689f40efcc3efdb163d626e8e854c,115,86,86,18,108,57,115,115,115
10652,Skirts,7defa621edaf444ad38a9bd1bd42c33b2f7e6b29499001d82c4576adbbe41c7e,93,120,120,65,38,65,93,115,19
10665,Tshirts,e44ed07f28735b40855ef7de3875aec37a217a144c93e44b18cd22a9091cd6c6,115,115,115,115,115,115,115,115,16
10673,Tops,ee1ae0c450d68525e7dc8ec5a23025a8192c52c7f554f42522b690912b29b4e3,108,115,115,115,115,104,115,115,88
10676,Tops,9190cbc20169c06150e29bfdf643f8408a59e8a55f39a1b245a242d06cbcfc98,108,115,115,115,115,115,115,115,115
10677,Tops,3f364dd0fc59c5788aa8feade61a1e57e7dfb242f38b21d00ab1aa8b1ff6351b,108,115,115,108,108,25,108,115,12
10682,Tshirts,c8977c8c963d25f24d4cb5a7254b36e15b8a6156e0638a3077e4ef9846d9dcb8,115,115,115,115,115,115,115,115,96
10683,Tshirts,cc4b15db80eaaaca93a43802aac176b60ba1bbed8c6de36e3ba323850361075a,115,115,115,115,115,115,115,115,96
10702,Watches,6b0f8d44228c0ae9568fdbfd4d4e3bfd247f1c82ceb63aea3a7f3ade5b7008cd,121,121,121,121,121,121,121,115,5
10710,Tshirts,0e3465355b1e3445f0edfd6c0c1b4144322d94ca89b7fca6629c6b0ce7f81525,115,115,115,115,115,115,115,115,99
10711,Tshirts,1f3aa4650a2cf60f23a9b729c805e051de76349f125290dee988ca8dd3f1f27d,115,75,75,93,115,115,115,115,46
10713,Capris,82f8fd47f32bd068e583111b86a17f0f7d7bc0455031b80cd69240c092cd9f0c,14,93,93,93,14,93,14,115,121
10714,Track Pants,f43e7c7b047a69c0ec950aec307885efed6c91111499f4fe039ff7a7d80d3473,109,109,109,109,109,109,109,115,16
10728,Handbags,25ea1380ea47b4c6693f31c3510bc1988925deeeec7d449409a2a26d694e110f,38,38,38,38,38,38,38,115,91
10739,Flip Flops,5ebf193f89c995ca53b34033530a5a954eeb3c95cdf971afbcb305b84dfc054e,31,84,84,31,31,30,31,115,12
10740,Flip Flops,5c633ac5814e82dd971e365dc2f61c8a8c7cad94e083753c63df1bf2f83ee51b,31,31,31,31,31,31,31,115,99
10758,Casual Shoes,e69f8467ab1377975c14a062ef6b8e96cfe9905c8ca0ff30b7665ef9a0112839,16,95,95,41,16,31,16,115,115
10763,Tshirts,bafe5951cde688a0a6dc665c387aea1846a914623a21874dd381800126a97e44,115,115,115,115,115,115,115,115,92
10767,Flip Flops,9751e89589cb1ce9f57ac1473015b9488cba9f2bd6b80811d1c1b727b86e1c45,31,84,84,96,16,96,84,115,2
10784,Caps,dd978173e81f438e6f8c61af273fd563df51dcb62eafa3785e96c4980ac76706,15,15,15,15,15,15,15,115,120
10786,Caps,69e5c9acde4666e88ddab778c6e3b58fe1959a22515a5d03a199bae5f05b85ab,15,15,15,15,15,15,15,115,25
10790,Shirts,de0e1485cde12aba1c29205e0864487f5e2e56bc80163fe18804a01d874ecc6f,88,88,88,88,88,88,88,115,33
10797,Shirts,101d63991171508b637f231ad9e18c95d66ad86c9684721d508f658a21d41261,88,88,88,88,88,88,88,115,108
10799,Shirts,327c02aadd0ed9635b14770b2854d7ea8115976258d71fb1cefb950c1b2b3723,88,88,88,88,88,88,88,115,101
10800,Shirts,c93be700e3b548f24cb76f0e1930b74b001937f10311ec0e0a59d74848508102,88,88,88,88,88,88,88,115,115
10803,Shirts,7765fe11e1a0f3df5ed21c07df407e94de0ef7e1562f1fed625fed0456d245f8,88,88,88,88,88,88,88,115,99
10807,Shirts,3a937003eeb08d9bd78fa7f34f721365e9ae687525036f8875af2b9014be631c,88,88,88,88,88,88,88,115,53
10822,Tshirts,db382da048d438d0059bccf1068f369c92ab81e42bcc1c5e8738c82b01781847,115,115,115,115,115,115,115,115,37
10824,Tshirts,811c92c8bfc525877c2c7a0541a649afd9a6db13ad8251784060bea50f86aaa5,115,115,115,115,115,115,115,115,99
10829,Tshirts,f24523c352501ae080f5833771d23e7e4bb939e75e4c9a6908511cb95fb551e6,115,115,115,115,115,115,115,115,16
10830,Tshirts,eec3ec7f5ad81b3338ff144df12ea2ac05b4e940f5a36825a1da38376fad5da3,115,115,115,115,115,88,115,115,88
10832,Tshirts,eed4fd951cf8fbf7fa72dff292c3ec2819fd44a538be9d58ce54774f02f1bf01,115,115,115,115,115,115,115,115,75
10833,Tshirts,16cf3fc23924b15efbaade18a038cb3d1d4638e6b862b4a842a4cc5be3fdde83,115,115,115,115,115,115,115,115,38
10837,Tshirts,44ed457ead33b37b23334e4bea4ed400d81386302277e22b0f0350a0fd345785,115,115,115,115,115,115,115,115,115
10840,Tshirts,5749db3d756583f3b31f1b5843fcdd802f3191d3985d23ce1659a8bb0643bb0c,115,115,115,115,115,115,115,115,16
10854,Tshirts,23e81380cb06971dc4e7380142e9e6af5cdab0301ddf96e92eea8b1dc6892a35,115,115,115,115,115,115,115,115,53
10855,Tshirts,86d354152fb40e080019bca3edfc3c614c81c312c25d834a1a22733dabe56fc9,115,115,115,101,115,101,115,115,80
10856,Tshirts,45fa70fff57c612f25f090f1284be0daf24792b2f336988560471d0f26483721,115,115,115,101,115,115,115,115,115
10861,Tshirts,034b65ccb04b419c67feacb48b709f08c902802007bc187e3c20050edcd3d8b8,115,88,88,88,115,115,115,115,84
10865,Tshirts,5b69dc5034c99b2108f49e90056bb1ba821948c0a482be94b86e86a042661533,115,115,115,88,115,115,115,115,121
10876,Tshirts,3eb068b5baa4664c7d470f8bd9f0447e427e05f8108441f17c12bb532e5d4c17,115,115,115,115,115,115,115,115,30
10990,Tshirts,86d6f72ceba52d1b21d79bb4b669cc29ffc67f4a6ed1a8b95978954dba4db12d,115,54,54,108,108,108,115,115,16
10995,Tshirts,3c5c161c53afda922efb64d259e376cb7bbfa3266738c108a6bc7b9b76f9f517,115,115,115,115,115,115,115,115,16
11000,Watches,c6e6d31a72d18112312c37c16cf1d51c6695e46cdf72d0eb521e83b7cffb6a37,121,121,121,121,121,121,121,115,84
11001,Watches,972d8583bb7916b896dc2d7fb63d3d4b35cf6d9e388507a5101538134bc8432e,121,121,121,121,121,2,121,115,41
11006,Watches,9f0d263ed4db380557e8fe0721d2c369592ee834289dcfbf591dee424fd6fe03,121,121,121,121,121,121,121,115,88
11031,Tops,b612a5dae465af0ec8f44c412593272128df787adae45d7137d38f21d6658134,108,108,108,54,116,116,88,115,115
11032,Shirts,6046efa606632f5cbfe6fcf86eeffe53f4b197f4a61ac02bb88d4066106eddc9,88,108,108,54,116,54,116,115,121
11083,Shirts,bf867648565765af3a6f109ab7bacc19ab9d4fa44ee7db03c39af77cb8badabe,88,88,88,88,88,88,88,115,115
11085,Shirts,ac9d802e1e0d950dd47540dfab8c05c6a03702091e19de7e0736948ccae8e04c,88,88,88,88,88,88,88,115,10
11096,Sweaters,2b83ab5520d5edcd134b086177f20f0219228aa7a1c37cdfa29b4093a4db758a,101,101,101,98,101,101,101,115,121
11129,Track Pants,084ea6128558d498508534c7ed67212bb6b1613ea0a57bba52be3315f4f24024,109,109,109,109,109,109,109,115,108
11133,Watches,0e4651da92a58fe8e31f02d98f4bf40e1e6099a6ff7b9c827a69baedc1882ef6,121,121,121,121,121,121,121,115,2
11150,Watches,3d7dd8e15f070ee933889294f07b07e6c080a0b11cdba8f83d8ccb8f4baa1aa3,121,121,121,121,121,121,121,115,75
11154,Ties,b124e358ff4e318b824026b299abf3653368c875cf8fa86817ce2066978c491e,105,105,105,105,105,105,105,115,31
11171,Sweaters,0833fa8c14a19f8d8d45e9bd0757427e405a32a323fe47a4ba599c9b639e4d20,101,115,115,101,101,101,101,115,115
11196,Watches,34cb5bdd5d25419b69c5a2cc83bbec419e885ef5495eac479140910d88d6fbdc,121,121,121,121,121,121,121,115,96
11204,Watches,a2890a4bd8ca9e2ef136b90c677401159013349295f7d3bbaec121fab5a43125,121,121,121,121,121,121,121,115,53
11205,Watches,b6bb23664d052c96e2b7585aebe6377d513cac1a5472198d12386ef26219b72b,121,121,121,121,121,121,121,115,45
11207,Watches,1b5dae963a109843c8043fca2df698ba3e2a57216b4cb51764312a9308a66617,121,121,121,121,121,121,121,115,16
11210,Watches,01ff429369a9bb504c04ca1035ee55d9a047267ffb9edd694095c08499b61253,121,121,121,121,121,121,121,115,26
11222,Watches,7035143ab49ecf0ba8ce17a8c404cd64b10b4cf2c8fce747500a4b93082256c2,121,121,121,121,121,121,121,115,115
11223,Watches,b66782d831d7764b55e3401da874828f52d26b657ab7fc231c4275ef9440b419,121,121,121,121,121,121,121,115,88
11236,Jeans,b5bfb3466f58d0f99f51536d2beadfb77c2b2fc8629667b7aa488630f8650455,46,46,46,46,46,46,46,115,16
11237,Jeans,7b4daea58901b33ebecd729b17833bfb5dd412a39b6cc5c7ed6f89e54c344a56,46,46,46,46,46,46,46,115,91
11246,Sweatshirts,bcb78e70fd0d7ae780c75174a7db82acb7d3d736487ad0a8ec9dddc89907f136,102,102,102,102,102,101,102,115,53
11247,Churidar,900cbb41cf57b774cf4f58e42a58d41d62bb003315ff05101bcce9eeb39734c4,17,91,91,109,109,109,109,115,108
11253,Trousers,77d1619d0989f28536b6a275eaa591f3791c7509e1b6a7f6ef7e13b6e0277f71,113,113,113,113,113,113,113,115,121
11255,Tshirts,34cf6a03c9294d8f62829aa46d2ce154623b48859cbb5a3965778b399b6f2f40,115,115,115,115,115,115,115,115,96
11257,Tshirts,fcc47087d4a9ee9f0520a634cd7a74d7e5661e0ae2aa47813445df8a5944e266,115,115,115,115,115,115,115,115,53
11263,Trousers,ae701c715fa57f998425f4ce382e303a9510428b5946e170a8e2319b974ce35d,113,113,113,113,113,113,113,115,108
11270,Tshirts,bc6af21d2f88d1c5877fc46fba995e8a6c0427c0d621cb7d4d7f03b07dcd26ad,115,115,115,115,115,115,115,115,16
11277,Track Pants,c2d193398426d9ae31b44704d149642a43e8a9de1c135519900258010b9af401,109,109,109,14,109,109,109,115,115
11280,Jeans,c7ab9252e3651334bbdcdfef53722e8078ac60a3c70a10af42e72208344cbed9,46,46,46,113,113,113,46,115,115
11286,Jeans,dce67fc2b6487d2117330d6d21c8c37cafaa82dffdaae9cdabc94b9dd6f49225,46,46,46,113,113,113,46,115,88
11287,Jeans,28ad9fc6a1cb9a80e8eb6af19fc7d0f71dfe272e1269c4b81786fdf3524d7709,46,46,46,46,46,46,46,115,115
11289,Jeans,93ad0665771fe99ae76ec5fdf8f89fd1196a4a23116de82c37c08cd9048a39b9,46,113,113,113,46,46,46,115,115
11294,Jeans,fc34de8d0a947538183ad4a68b920bbf271f9cb7fc7b73bc7ae9c26eefcc490e,46,46,46,113,46,46,46,115,75
11304,Jeans,763668b6d7878041cf3d1643ccb96fa4f0098cd7bf223613b0d05b6e904d204c,46,46,46,46,46,46,46,115,99
11305,Jeans,39450c1e55669aa3f6f7a67499eb140be3fb7c1c3c08f24dc9c5b1ab937e9100,46,46,46,46,46,46,46,115,115
11315,Jeans,c6116f73f423e3fe6ff80ca5473a605421ce0cbfe8573e887c081d6cb53ef59f,46,46,46,46,46,46,46,115,115
11320,Jeans,734ad0fc7b0a85591d353a82763f6d02a4a5c61eb287d73b0e0364edf0a89497,46,46,46,46,46,46,46,115,91
11332,Jeans,b6cfe42ccacbc40c47dafc05b97f5f6e645ffbbff0d40f84b454978ba8e62de4,46,46,46,46,46,46,46,115,115
11343,Jeans,f24ca51f845d6707f142789ba6acabc4f5fd317a367717620e1d7e02e5fcfaff,46,25,25,37,102,9,46,115,115
11347,Jeans,261a589e0ad8167a6953a5a7849a4657a3523a982304ea21c989b107aa347f02,46,46,46,113,46,46,46,115,99
11354,Jeans,d002e1bf6de6dbdef6cd4037fbfb7952219ba18c203291688f7a2df34850eeeb,46,46,46,46,46,46,46,115,115
11360,Tops,a46efa686f4c1bc937ac7d29a9236eab1ccac43ce7bac499c9b420e1687f9f0c,108,115,115,101,115,88,108,115,5
11365,Tops,13c88b63c6bb93bfa48d642003c255ba42a621edce02b8b997a626805c129c6a,108,115,115,108,108,108,108,115,75
11369,Tops,f2b9e851fecad8c8953badd6927e62d8f951145c1f2514db327c821a9919861d,108,108,108,101,108,101,108,115,94
11370,Sweatshirts,4d9801bb92f33c1cf6a91ed0f4e8760fc43ed74509603a6a2e750db74d65459d,102,102,102,102,102,102,108,115,88
11372,Shirts,f56da479411e61b6c3e369deae2ecf20e2e0a11d6a5d7d7eb0a2d3e0323ce1bc,88,88,88,88,88,88,88,115,33
11373,Tops,320f37d9b1b3c475737016164fed7602f8b6c240dda36cd298ff261243b65e37,108,108,108,101,108,45,108,115,115
11395,Tshirts,8d82a237ca9fe8908f4e2e30f3f61ec66fe5c11e316d0aa20e72c58a0c3b5ac2,115,115,115,115,115,115,115,115,121
11401,Shirts,96bc349e22183acb889cdddb53ff134159b709b4a830023653a1bd0494de97e8,88,88,88,88,88,88,88,115,53
11403,Tops,c2f384a707832ad7302fe3a8071522d5703811cf8d4e64a2dd87fc4289a54dcc,108,108,108,119,108,108,108,115,2
11405,Tshirts,630430b09b18682eecf4587825b9abd638c962df01dc180b57de0b5efdb73c15,115,115,115,115,115,115,115,115,12
11413,Shirts,3137340dc4b27d784c26fd332308b75770749348cd1de4e45a9952182b0b402f,88,88,88,101,88,115,88,115,115
11415,Tops,01bd55fc1ba6d1c5d91abe7c45be8d3a1c2b09ffe5c283ea2adbba6fee7c00fb,108,108,108,88,108,88,108,115,99
11421,Tshirts,3367c86478295212ab324d09b22c61fc3e861351d97e175f2c453fdd4191613f,115,115,115,115,115,115,115,115,121
11426,Shirts,20d87f3f1256b6be07e84af34ee1a61d910140513658fa7fbedbd3d0036e8c34,88,88,88,88,88,88,88,115,41
11430,Tshirts,4d57e22dbfe3e99131ddeb86aadbd6aea6f0ebe6a9f28c75d11ce4193ab9df8a,115,108,108,88,108,88,108,115,115
11432,Tops,5d52cc473284cb48f99c73bb51187a76b9b39943d30b6cf1f9209e69dadb8d79,108,115,115,101,108,101,108,115,115
11435,Tops,08b0de5bcf604eb1f58f3fd543ded1f86a6ddee0423f0361d8571d5c693ae72c,108,115,115,101,115,88,108,115,46
11443,Tops,849cdc42870f74d3caf84371541365e915c2e3278a0543463bad79f52a396fad,108,108,108,115,108,115,115,115,115
11446,Tops,cfdc4fa2b9d89919f0a7191870a562f6335335d0bcbf128c89e03d675fde9b58,108,115,115,88,115,88,115,115,5
11447,Sweaters,9328d9922f45c4580c85d18c1e29da47ea768e5d7afdaf2d560eeb06d883cff7,101,10,10,88,88,88,108,115,115
11461,Shirts,f1abb7a5685db181cf22730c4d1b158d7d8fca567b8de11a2e03d80a84426083,88,88,88,88,88,88,88,115,115
11463,Tshirts,bd6b687dba1b6bef48867a42dfb93721d182e8291e9a29b0f23dab2441a52c30,115,115,115,43,115,43,115,115,53
11465,Shirts,663c97d108031956b220ae12c8d8f32a26060d2301d543b31316824429fbdccd,88,88,88,88,88,88,88,115,16
11467,Shirts,e3f63b08c98c825150a62f810a91f96b194a6e2187577b904e08943b7734d417,88,88,88,88,88,102,45,115,115
11471,Tops,69263a841a43c1202109ddc1e19d2b41fb9eb78d6dad47fa53c502e6387f2170,108,108,108,70,108,88,108,115,46
11479,Tops,10d34070407e26b58de35c1550a08c2a84c675eb05a6ad6beda1aeea27178427,108,45,45,101,108,101,108,115,116
11482,Shirts,ac724931d659a2639b86e4f07615e31bc29bd809bbedcacf1831373eae05f4df,88,45,45,36,88,88,108,115,96
11484,Watches,cdc5371cfee64d2c1b5e27ea8c5abb9021e4ab4c27b2b1f66c339fa5a704b4fd,121,121,121,121,121,121,121,115,98
11485,Watches,210eb3759495e48a64ce794a27cae0fa602fe62813da596dab6ea2d05c2aef17,121,121,121,121,121,121,121,115,116
11489,Watches,da7a45777ab39a66d659e23d00b224d5774bc65367009acf13c4ab95791b6712,121,121,121,121,121,62,121,115,41
11490,Watches,e105a9e2424a017515b0df8a8ebb8f745bf87087600a5fb3f773cf28b8a755d0,121,121,121,65,121,91,121,115,67
11495,Flats,1bf2b0338b82b7147674f6210260a58c317d08e88d39b6a86e4d82753ea4a387,30,30,30,84,16,30,30,115,115
11508,Heels,42c42494ec7f7b343c71bc92c53bc1d0c52e6c58fb8c1fa637ef85a1c3c432ad,41,30,30,41,30,41,30,115,88
11513,Heels,cce3e5e4fc5d528b71a499d334601c839373dc5cec05230c3a4372207f5f3258,41,41,41,41,16,16,41,115,33
11526,Tops,aaba377211a3c13086012e1011f1c202a0c81a6820486fe3769e9ca5ab1dc278,108,115,115,101,108,45,108,115,19
11530,Sweatshirts,087a0d3d7f875a1488f4a20e7394c14138ea8434a0b68c3d830f7967270e6ef0,102,102,102,101,102,101,102,115,105
11531,Tshirts,0c1fd6ad2918198b46f99b76483764147f0450a0fbb6af2bb7083ca5e4576ed3,115,115,115,115,115,115,115,115,115
11536,Kurtas,c4a80532575743ec8c59b4c7dd8a6cc3d439de09bbf8f20c3e480306e9265866,53,53,53,53,53,53,53,115,114
11542,Kurtas,5e42d24efb687d84c93b40b6d9805d684d0cc2d9d6c6b6fcadc406e83c4f058e,53,53,53,53,53,53,53,115,88
11544,Kurtas,161f8353a17fae0152bbb0a30e3f99bd01f97e751305fc5e9f8c0eeac5bec781,53,53,53,53,53,53,53,115,115
11548,Kurtas,a2cb72ba53f67272964213378b01fb77833392de32355823dffa101da9aa4478,53,53,53,53,53,53,53,115,99
11553,Kurtas,be951c45a27f5101475b8f24748424a0d4b372161a6975e701a75322a12b539a,53,53,53,53,53,53,53,115,65
11558,Kurtas,7e40169f85b5b175027a84b4e387263deb6a01ffc52b2f75baeb6430d41a3778,53,53,53,53,53,53,53,115,115
11560,Kurtas,8c58ac3f9cedbab12677c4ef8a0c04dfe307b36e29617a50f557f91287140d50,53,53,53,53,53,53,53,115,115
11572,Kurtas,79aa0b093a40a4948989acdf90999bba8dc3a50bfb77aa97cb89b6a48214c183,53,53,53,53,53,53,53,115,53
11578,Kurtas,7847501c7b5c349d0433372c627db981845734412d71a4c5c62bed86d7abd2f5,53,53,53,53,53,53,53,115,12
11589,Kurtas,b9a9f3b0fb7d337b72140f8ff9e7f972de29bde018b37681b7a35374ad63815a,53,25,25,52,53,72,53,115,38
11594,Kurtas,27996c4696e9e3b04e09486f1d840b5d60298777a9983255b3b7b7982eb1ddf8,53,53,53,53,53,53,53,115,115
11596,Kurtas,932d74eae3a746aab50d3394791a91771f6d596950969c6381a739ee7eb92e68,53,53,53,53,53,53,53,115,108
11598,Kurtas,ad4bcecf7f11998491d94993705d6ea331cd592bba5ad924e959d0141c359785,53,53,53,53,53,53,53,115,38
11599,Kurtas,b20d5d4afa779b7f3d43ef73ef1f3cac34b5ec64a84e8e5755046ff3d9300971,53,53,53,53,53,53,53,115,109
11621,Kurtas,98fa4310a77a70dae45f7cf3560fd5c4673ca6e26ac851977e6d26226fc0de38,53,53,53,53,53,53,53,115,99
11622,Kurtas,d8993b1ac3bbc16bf80d3bc6a2777d318900b26628bec906c445bba2165a4291,53,53,53,53,53,53,53,115,38
11623,Kurtis,4854b729cc16115ebf2fbad5f8badb5a0a57e97f2b66651910c54f6baf73dc76,54,108,108,54,108,116,108,115,105
11628,Kurtas,a7d9bb79a1d4083629b733c65dc6bbada4c852ede8d36096b7a1be109d8b948f,53,53,53,53,53,53,53,115,88
11630,Kurtas,037261797d9ab27d7fe78a5574abb01089f44fef44d9bc72d5d6461c2cc3bead,53,53,53,53,53,53,53,115,94
11632,Shirts,a6eec8acf9fb0ad23186ef576c4a6ad8dd11cc2a09f8836aaa29039a6f6fa7fe,88,88,88,43,88,88,88,115,12
11639,Watches,50ecf4397a4d48d86144ec84b2d6dc47bb78c6e89f6619ffe7a246dff6559118,121,121,121,65,121,55,121,115,94
11644,Watches,dd6e9e74f49ac8321a492cd210162f6fc8d9a16eb01ea05ac551da1e58e7eebc,121,121,121,121,121,121,121,115,115
11646,Watches,2524aed25462bfc2cb48a5f36bae3be16dc3ab53997248fbe07a8e8d654183b3,121,121,121,121,121,121,121,115,2
11649,Kurtas,3985e9d76f893a8521a302a1927dc122d656dd85bf967d1b4656f85792f99ce1,53,27,27,53,53,53,53,115,84
11651,Watches,87f5b0153d6e59f40d8447de9837043bbe0b48465fdea1023637f0f0c007af90,121,121,121,121,121,121,121,115,121
11653,Watches,55e4589541aac1682853c738ba626e1ad373b3c5ef6b4a64c6e50e779acad7a5,121,121,121,121,121,121,121,115,16
11656,Tshirts,ff0683ce967c307762dd92c4143322652c1d192b5b6b7bc25226f3838158009a,115,115,115,54,108,108,115,115,121
11657,Tshirts,21e55d638eacf34952780d8c73b7b175cf448db246247528db064f5d76dd7993,115,115,115,54,108,54,108,115,113
11662,Tshirts,17a686c711e992de9dd11ac726288800e3f5812484bb9393c7a3ff6d33e7d3be,115,115,115,108,108,108,108,115,2
11675,Shirts,857c8842cde941e857977ac578d7be2e6b0621cd2c42bd6f7c16128174fd3bfa,88,88,88,88,88,88,88,115,16
11676,Shirts,6a0633fc71d8924da0109d5a8b78a9ac3834dfbca211f37d9f3e9091d95acc6c,88,88,88,88,88,88,88,115,115
11682,Shirts,2a7f5e3ba2ecb39836fff2a8c37444361a8f6d1f1c3a91d3c495034132e7f2d7,88,88,88,88,88,88,88,115,38
11685,Shirts,5d5e2cc02edef2686613603eba81f97f5134ada8781519107d30bd1fa19afb3c,88,88,88,88,88,115,88,115,115
11690,Shirts,5967671b5df3b32b6d03bf177b94f464551affb28ea6634d74aa12c1ced739e8,88,88,88,88,88,88,88,115,91
11693,Shirts,37413d31cd4fdc5b71e85ef12d6bce7f000c35c095d182c4807ce9678cbfdec9,88,88,88,88,88,88,88,115,45
11698,Shirts,7fd5f676524cac0cf6ed4569e76e2e4588f520b2bf5d95295e970482425d7683,88,88,88,88,88,88,88,115,53
11701,Shirts,f8e53f4d891acaf5019f6c73fea32c2f9251e5a95ff73f5185cf7e139fe58973,88,88,88,88,88,88,88,115,115
11704,Shirts,c49f63d256281713e2b18d881d13b9a7d2fdd7ee4304aecc6cb1b6cff4ab2a7a,88,88,88,88,88,88,88,115,16
11711,Shirts,2585d5ff77254bf8ec39e4bbaca42b599216cfea95eef87aedfa921bbaa463c4,88,88,88,88,88,88,88,115,115
11717,Shirts,03502fed2a20f6ac74174886263516c4c98514b75355d4b709aedd6bb2c72817,88,88,88,88,88,88,88,115,71
11724,Shirts,e006e4f1aff69ee3a84e72213f9ff28679d82e76bf0370a772c87b8f1f45ef07,88,54,54,88,88,88,88,115,115
11732,Tshirts,8ab459fdd6766e201f160a2d84e808a6634142c96f731c4c9c33b3b5d10b9e8f,115,115,115,115,115,115,115,115,113
11733,Tshirts,cb416a50018aff3cd143764682f98878a62aa18a3d53b06300bcfff2f1118e16,115,115,115,115,115,115,115,115,16
11736,Tshirts,834d4f920209d04bcae9cedf65a0e49747eed9017cc92491e999420819cbf269,115,115,115,101,101,101,115,115,88
11745,Tshirts,86309300afe54b15fd8764359d07b15cb5606acdc6a9e7423862b290f4579bd9,115,115,115,115,115,115,115,115,115
11762,Tshirts,12be3befcaa1ddd49e985b623d07142d646fa43fa6434024d1700af9e8b69f2f,115,115,115,54,108,54,108,115,38
11780,Tshirts,1171878d8a76da6c4ab2632ea68f48b595f9dd2ed4be2a1a158b0f6e8475ff6b,115,115,115,115,115,115,115,115,38
11783,Tshirts,e3964ed976457f6e8ff32e962faba54be3c4c4ea27490e943ca8bb1d11af94ca,115,115,115,115,115,115,115,115,88
11784,Tshirts,593f2ba54e2b48f02da4d4c3360a1617ae42cd587d034473995e49ff12073cae,115,98,98,101,101,101,108,115,14
11791,Kurtas,e00d612ebdebd34d2d1506d6d7dea6ed9157d568387e1615f62837827b71a865,53,53,53,53,53,54,53,115,53
11799,Kurtas,1b1444c047e758bdf0d817efd37996c8344171878bdb1da6872ef832795e5f7b,53,53,53,53,53,116,53,115,38
11810,Kurtas,cc873bccfa4ffbf7d138f155067fe6ef0b7545457b8e6066a4f723ee592193b5,53,53,53,53,53,54,53,115,65
11815,Casual Shoes,7d181290fe9d7ca4c89253202160ac62569c36402d0adcae83cdbfe7f01744b3,16,16,16,95,16,95,16,115,115
11817,Casual Shoes,ac5dd0ff8686e6c7b3fa775fc2a77644acf560ffeb96cd01a1dc9c609f94155d,16,16,16,96,16,96,16,115,88
11823,Casual Shoes,3ceccbff0e95c423e45487ae65d202cbcbf258553127884ba96cf0546fbdb5ed,16,16,16,96,16,96,16,115,84
11840,Casual Shoes,48564f0a170c93c6eec1a0443a79f5ea5afc88102512661f4cafe1e3de3d04d2,16,16,16,16,16,16,16,115,115
11843,Casual Shoes,8052f4f6e033b5d4076a3dba6d5204ca03fd6b34bdd0828a6aaab7aacb6bf001,16,16,16,96,16,16,16,115,109
11844,Casual Shoes,af942ae84de724c5c76ac18ee2dff3a4d3265ebbef5a981c2835cf4e3d897624,16,16,16,96,16,16,16,115,12
11852,Flip Flops,95b206ce33c3606286a10d274d73fddbdc6b8449dc652e0597f696c8ffbc1e74,31,31,31,16,31,31,31,115,27
11854,Flip Flops,9e1533fc7e5c528ba75a3f20d1e3845a3f73f86ab4a494be3ff7ecfa47488e89,31,31,31,31,31,31,31,115,53
11859,Flip Flops,91ae42d1ba5066f7faabd69f953c399efcda9669ca251a01db72a818dac96f86,31,31,31,31,31,31,31,115,88
11870,Formal Shoes,94fae1c6a1bc148336c9814e2e2086a73af1b694bdf820d1f340391135258baf,33,33,33,33,33,33,33,115,115
11873,Formal Shoes,bcf246e99a48b65a7ae09e2e34cf86d6ed5a5d33dab24cdd740e0a495f7ba443,33,33,33,33,33,33,33,115,53
11877,Sandals,25e05a307bf9aa36c4e79400ca3d020600a61116cff6a86fcb7d778e8c03ff87,84,84,84,84,84,84,84,115,91
11879,Formal Shoes,d339a573c06973d18406c372cff4edacfda4d5f2378f503e10115dc5e0c6e0bc,33,33,33,33,33,33,33,115,99
11881,Formal Shoes,6b1a4c4522c9f0b6c854cd2b04d52b134fc54fc6436a68c474aa5ad3f7e65fc7,33,33,33,33,33,33,33,115,41
11886,Formal Shoes,86d54b292e35d3f625f933f921612032e0a4d7bc89be4dfd6199a398e5f04dc4,33,33,33,33,33,33,33,115,115
11890,Formal Shoes,fc3b27619ab3549fdb5a15a6c0cf8241d56a5d9a50a9d31345dd9a89c6325f2c,33,33,33,33,16,33,33,115,96
11891,Formal Shoes,6e75b079a77fc6b14c9bd3bf65f183c027ca47f377e501bedfb9c066594539d0,33,33,33,33,33,33,33,115,113
11903,Formal Shoes,c73da8cb249729a344f9fffffec4346d493b2e2b4a1765a278c4d2bd97d5e6bf,33,33,33,33,33,33,33,115,91
11926,Flip Flops,b3608b1d68ce31499cae049918024c6b0a30e8aba1a77aed3a947b5a735ed01b,31,31,31,31,31,31,84,115,85
11935,Sandals,6d62ae497dc9d4af8618e5f16d51a48a99d9cb4aeef77b05df16f3f2c65f53c7,84,84,84,84,84,84,84,115,115
11936,Sandals,733fabb3122cad988b0429a679ce32e20487b44bb97182b5b63dda84ebc8d0c5,84,84,84,84,84,84,84,115,54
11941,Sandals,24870ac545055dc2613abc7d0a0c5d539bcd52708703142904b94e1db6639d26,84,31,31,31,84,30,84,115,115
11953,Casual Shoes,9c5bfbcc3f81bfc47a3f7cfbcb1139503d29419ff1e7015c854c33d928689c49,16,33,33,16,16,16,16,115,84
11966,Sports Shoes,6c12491692063a6b09b2d3270ef00b4c359d3c59c25daa159b721ccf303bcce6,96,96,96,84,16,31,16,115,33
11968,Sports Shoes,d184194b110285335cb03632ee4531acb82ce8f38b58bb5b69e674a0ea1967b9,96,16,16,33,16,33,16,115,12
11972,Casual Shoes,77a4582486b788ae6af2a285a41098ba0dcaa557e64ac9215ef062b1f44d4cfe,16,96,96,96,96,96,16,115,99
11983,Sports Shoes,fdec912c8982a42ca74da01840fb3c60ccd288196e689cd4ee74920bdc529e2a,96,96,96,96,96,96,96,115,53
11986,Casual Shoes,67c7310024bf84bddd5b468c002c587d1da90554704a7fcdc08b304ac55fdb36,16,16,16,96,96,96,96,115,88
11992,Tshirts,d97e6fe2d200bee488fbba59a2e23f9eca1be6b78bf75ca449d8efa639b5a62d,115,115,115,115,115,115,115,115,115
12007,Shirts,ab46afbbdb687730751e065c77b08e0ae0a29639def089755b096ec86bb21519,88,88,88,88,88,88,88,115,115
12010,Shirts,f35936def566056172af42a1eb27bdb981f71a159d3eb66f370cfd8133c4b823,88,88,88,88,88,88,88,115,30
12011,Shirts,d34f4e706ebe1911311fa5f1d1f1010ec739d1e9f8101d7b23abf3124877bf70,88,88,88,88,88,88,88,115,121
12018,Shirts,9c96c8bc977e47206a2a686b8ab5449047c4e420d73e407a36f84102fb51712a,88,88,88,88,88,88,88,115,88
12037,Shirts,92dfe19ee7d7f903074293544ec08e6226d671e04877dadc3d74719f7f932f02,88,88,88,88,88,88,88,115,16
12038,Shirts,c8a115dd6b7d0eefa79fa8d4eb5677f896165d8892d110ff8da56f026b9f70dd,88,88,88,88,88,88,88,115,93
12045,Shirts,2178e7e02f14785ccd7a5e1a8a52f3ac145815b752d62a6ee1867e447543d458,88,88,88,101,88,101,88,115,0
12049,Sweatshirts,a979860c465335dd6638c1498144464400337b0f3b46f50781b3a143539786e7,102,45,45,88,45,45,45,115,121
12054,Tshirts,1484de8271dfc66cb54f2d6dace466c1bb91ef28791b0f8f0f2df471043d45e1,115,115,115,88,88,88,115,115,96
12064,Kurtas,3629a4f52b8d2e949a81f1376d2eb7d5cdcc939efa1a2d2c83c33a957b6c4e7a,53,53,53,53,53,53,53,115,16
12072,Kurtas,9ba40bc32c2743ddeb2be47b3a376d40c6ede880669c441c9a628cf7fc070436,53,53,53,53,53,53,53,115,75
12074,Kurtas,001971e0712f94faaca42e63f5836e07bf334f8a85d8e1bb514ec3ee0f4dd8b6,53,53,53,53,53,53,53,115,96
12081,Kurtas,22b6bf2662265609db077316ca70965f484572708fe11a65acaafba8710e2942,53,53,53,53,53,53,53,115,16
12087,Kurtas,aa468be603bbed25237c47fed77ef8464c533b315eabbac28619223a43f380af,53,53,53,53,53,53,53,115,46
12093,Kurtas,7c1990735be3025722a7799cd097ff8df6e7956d309132c75ca87221bf7d75ef,53,53,53,53,53,53,53,115,96
12096,Kurtas,bfcf4e6cf4da65eaad725b9b00200e9247bff6f2e20d92b272d7f1fb2191de9a,53,53,53,53,53,53,53,115,115
12098,Kurtas,04ebe67599b71baf09eeec82e971521aea7e0fadb636f7c1999a220987b66478,53,53,53,53,53,53,53,115,91
12105,Kurtis,5fa5bafe9de775537ddc57e3c9c59ea35df16459385b4b84c0f9b8ae6d6667dc,54,53,53,53,54,53,54,115,121
12106,Kurtis,30c344ac6cab1d64b02418ae9c846770bdf3eddb0c17d1a6c146420f1482e924,54,116,116,53,54,116,54,115,12
12112,Kurtis,bfac15d21a12bb524a5db092f12d1b756677ff4816f9e368c794db06e75f9272,54,53,53,53,53,53,54,115,16
12116,Kurtas,3aa6c32fc5b7b6cab83abf0b4908a278f3e3d720fdf5a1f8d5347619e90490d6,53,53,53,53,53,53,53,115,0
12120,Kurtas,a261f6bb49ba571d75c9fd46a421d8eb414aa6f744c9b2ce7b0512b3b297f437,53,53,53,53,53,53,53,115,84
12138,Kurtas,89cb3e560b09bd8dc156577b1f52e5b1a67f3b9c2b52e60d19e2a1504d7bef67,53,53,53,53,53,54,53,115,115
12144,Kurtas,5f90a0f9396c3405cdc86357e0b62bef7968eefcb99b07f9031efdd62f1095bf,53,53,53,101,53,101,53,115,113
12148,Kurtis,e5a6b5bdf153d0bb7146dd5f4dd7ef1020ed02141d6b47e0d95b4242ff3ca137,54,54,54,54,54,54,54,115,115
12150,Kurtis,977c26a7ab3a15f1779873fa8e7ee10028ce8124033fc108453fb3c59abf7615,54,54,54,54,54,54,53,115,31
12165,Dupatta,ea9892d948b5e45260d9a6c8076d7e44987189ba71a9d9b73b2151ad3d1f3662,27,27,27,27,27,86,27,115,96
12170,Shirts,251b92c949e5fe4c31dce8f13990494e6c2f7731282f069dbdd92c3687bbef9c,88,88,88,88,88,88,88,115,41
12179,Shirts,5a525b97fdc43e5619beb0ddbf8cb72d4663aca57c4f02f873651b96ed089494,88,88,88,88,88,88,88,115,2
12182,Shirts,f44364051c285cf82b1a55da04eb437ea3867bd4e128566b16b103d9995216fa,88,88,88,88,88,88,88,115,41
12186,Shirts,cd3fe0703430f4cfdfaa7774ee8109d0b430aea0c5021dc8b4e2999adca6d555,88,88,88,88,88,88,88,115,99
12193,Shirts,c3a076e2be95481c5dbc4313dee8cc5bc971e7284c964e8973b16052f3255f94,88,88,88,88,88,88,88,115,46
12197,Tshirts,38dd7389f9434a7ee01d0217fdfa72c6f4aaef9d160bbabab57a4b9045ffce35,115,115,115,43,115,115,115,115,86
12198,Tshirts,3ce603b558ca15e44fca1b53a8ce35a0dc2a6efb8401a59d07c709f0d7026a11,115,115,115,115,115,115,115,115,102
12206,Tshirts,1e060696c487addddf78418d6053ae8c0b2cdf8333a24c06a8e51b0d8409157b,115,115,115,115,115,115,115,115,99
12210,Tshirts,13cb1d909d0fc3ee2cfd6e4955ffd3ae854cc1d5024987a333232e0b378b58b6,115,115,115,101,115,115,115,115,16
12226,Tshirts,f788f4043c98f2d34a004879bdd5aa4e7b18988c555ce55c6818a72ff5d9be2c,115,115,115,115,115,115,115,115,96
12229,Shirts,416be61efc9eb59eb67d8253a9a8ff104ec3daf16b6c04a6195a853bd00954e2,88,88,88,88,88,88,88,115,94
12235,Shirts,5c38c53a2117ae029d15a74a639fe1119d24928d958e94b53417f75563a8c983,88,88,88,101,88,101,88,115,96
12239,Shirts,b6451e2f1d0d4882f032517fcdbe9a723394adb2f59d4d206524beef84a9dedd,88,88,88,102,88,102,88,115,37
12244,Shirts,cce7f3a8a933ee06c9f0fb3e717446e70ea4063fd4d03c89b91fd7cb48f66b67,88,88,88,88,88,88,88,115,5
12251,Shirts,733c4f8bbb037a49bdd17785b13c6fe30d3dea0f8a4c750408359ebbe55c6029,88,88,88,102,88,101,88,115,53
12266,Shirts,cf692260a6b0c3f3402160e78fdf93a79cff7b327b6698e217e4db15fb21d762,88,88,88,102,88,102,88,115,96
12274,Shirts,4ee5729e104c38478d005966e9f33bd8fbc9b5776d9de9bd33a70eeadac71e7f,88,88,88,102,88,102,88,115,96
12275,Shirts,e1a76a829505beb894e90d0ebb4988d1eb63643e175a67394706b85be5cebb44,88,88,88,102,88,102,88,115,115
12277,Shirts,6406860834188083d88beab7f91421c04c0f6a76c1a50075ab07e50dfc4b3496,88,88,88,102,88,102,88,115,46
12288,Trousers,c6995c5007d30474327e5007c2bba468a48d990f6ae63b592a25ff88ef0584fd,113,113,113,113,113,113,113,115,115
12290,Trousers,b675dced32af212fefc5bc8dfe6f3d681d991b7c5fbfb2a1fbeba2993e2cef30,113,113,113,113,113,113,113,115,33
12304,Shirts,5a86d82728de92c9fbe9834da3e5e3284e75532b2806e82bb89b1b06efc1668e,88,88,88,101,88,101,88,115,84
12305,Shirts,e81d642fb9ed3f34a20d48e2ea2a4ae581cf51819a16c476e6a75087de20155c,88,88,88,102,88,102,88,115,28
12340,Shirts,a5ec7c10e7d65a35546cc7858d67d790c101acf2b81906466ef1518942766619,88,88,88,88,88,88,88,115,96
12358,Shirts,d661e8ce80ba0434c0ad685dd1d46717426c1faadfdae9a4485114c0a0311960,88,88,88,32,38,32,32,115,115
12371,Shirts,955ba26233ab64239ee2ab4e48918a1089c212def44a400a900600d009641eee,88,88,88,2,88,2,88,115,5
12372,Shirts,3f2819e3bd48e17b31dfbae9f1a32b2a326c97168bc04ee73dde663e83c71e17,88,88,88,88,88,122,88,115,2
12378,Shirts,9add79aa70c5cdcb12f9ba0d00cf8cd679d3507943ccf245477063dd343734ae,88,88,88,88,88,102,88,115,16
12391,Ties,aa708853182ab684a4fee9d8311d9e062f387b438e9bb27cf1a222a96991af35,105,105,105,105,105,105,105,115,108
12394,Socks,9fc88447d211925528c96bc0f84da33eaae96dde662db091d50281e9e1dcd93f,94,43,43,6,94,6,94,115,99
12395,Socks,a49cb31df9bcd6d8be83151d3d39de417abf9909b58066c2c90930511423bcfc,94,94,94,6,94,37,94,115,115
12397,Socks,5ea56a7f65822ebfef935adc4eaa2bdc28074aaf71357b51f919a0f28b74b5b8,94,94,94,94,94,94,94,115,108
12401,Socks,a8d434300f7e8b5716eddc9927657e816256a2963a6de1775280183798c134bb,94,94,94,94,94,94,94,115,38
12406,Socks,024eec468d6a71a59fc7416ea5c58b1bb95f6c719d691cc10be1656e6564763d,94,94,94,94,94,94,94,115,102
12409,Socks,05a225a4b0e475a004f08e9ae708d88059f51dc863b1fe79f7a9be3bce757992,94,94,94,94,94,94,94,115,94
12410,Socks,ec5c05c7f0a7b59be9cc637c229495c30d459d449ca454bfab953071bf7b5350,94,94,94,94,94,94,94,115,121
12412,Wallets,bb4fce31cbfc1bd2a21d2617338acbafddc94e7d1d6246d7f22581c6b2f42ed0,120,120,120,120,120,120,120,115,88
12417,Wallets,9708613f5664595bf150e7d72cae8ae0c8cd042b75e279c7e2b09c68d15ee605,120,120,120,120,120,120,120,115,102
12418,Wallets,1835f150125bbfeb5a30925ab5c0317d53b2b9ba7a42eab202e5c4683729acd6,120,120,120,120,120,120,120,115,10
12420,Casual Shoes,23605ef0cb56247e570efe669921db9272f7a47f43e84af7f45aa06d8301c44c,16,16,16,96,96,96,96,115,38
12421,Casual Shoes,ab09b8e53fe29ee1dd5b0f8bb77b4ba8bf2bbf7e01556fd7c9326b37789ed93d,16,96,96,16,16,16,16,115,121
12428,Casual Shoes,8b77aa7f74fd36e5b0fee77454ad3280843acd677631d3bf1054e54383e4845b,16,33,33,16,16,33,16,115,91
12431,Casual Shoes,4de56202d5e5c1b76f038c9955473505d2ceef64e714e561b99499d726ab46d1,16,16,16,16,16,16,16,115,99
12433,Socks,ff512bdbf18f11627bf645d8bc85a99f532797c61e39f566cc449eab7b4aee39,94,94,94,94,94,94,94,115,96
12434,Socks,612545e705c0f90cdb289cde9fb9df0289c62717fd64b168f20a74531bede73a,94,94,94,94,94,94,94,115,88
12438,Caps,c3550234cf4743071a99470bd2e2aab2456179804720a444c25c3aee998dbda5,15,15,15,15,15,15,15,115,121
12440,Hat,1e75ecfe9a6942e309849893a2982cafb9a5035dd86ada3776841d7e6ab4a5bd,39,15,15,39,120,39,120,115,115
12443,Wallets,45f0e94c75292358ac7a356ad0eb14a661377c9cf319519a8d685a4595e399f5,120,120,120,120,120,120,120,115,115
12445,Wallets,3fbe44c5a9fd58a3b2c7ab2d85196f7aa94cf7adfa51b350e48fd026c800b028,120,15,15,120,120,120,120,115,2
12455,Belts,85b8ed64fdd39e2c35f2129355b8a0a9f683ae5e2853d1e745a0adfb3dc34b35,5,5,5,5,5,5,5,115,115
12465,Stoles,eed87f1c09d6308f7bff9aff6f43e1d92eb7f3e42f573f575e615129599b24a8,98,67,67,67,98,98,86,115,5
12467,Ties,9944a7055913ab4f2ac33316d22b3ddd1278060c3fec2f36f406e34f59271122,105,105,105,105,105,69,105,115,113
12480,Formal Shoes,785a066a3a7b69383b4279e378a783926a0d07c152a789adb8c107a41efee8bb,33,33,33,33,33,33,33,115,38
12483,Formal Shoes,42121afbb731401ba4f3e4ee3cdb3d930017322058256d7b4c428a45c7cedf9a,33,16,16,16,16,16,16,115,38
12491,Tshirts,885054563fa0bfb00a95c2cc0bbd6096601f38d222d67938374d426625d9877e,115,108,108,101,115,108,115,115,94
12495,Tshirts,c7c8812bb741ddf27da39ce4c80812cbfee2b862d82749723faae8382a02a6c0,115,108,108,88,108,108,108,115,108
12497,Tshirts,5efe9a942b246048acb6bc5745c17080bc8dbf44b463f9c78452e1684ad0c21c,115,115,115,43,115,88,115,115,91
12502,Tshirts,6025c538e22c3827aa0929858a4de06726fd866a20e66ce88a5b11ea6ac3ed87,115,115,115,115,115,115,115,115,27
12503,Tshirts,d2ebfd308959de32ebe076d24b9ab2cab9ecf9cf3fb3543e9196592180b83ec3,115,115,115,115,115,115,115,115,96
12505,Tops,3976c66611d7fe738954d5f14f622e2c4350d615db79e6ad8a6a678740041f37,108,101,101,101,108,101,108,115,115
12508,Casual Shoes,af802c30a6b8d0520cd4a297351572060f7ee831273043490cb4842f4c729fcd,16,16,16,33,16,33,16,115,115
12511,Casual Shoes,fca427104c83c458c88c087478cad84834c33957decaf20a435f82914ec49631,16,16,16,84,16,16,16,115,16
12514,Formal Shoes,9a81b45f03aee7067032f810488ec65bcfff0df315033b1a22ee2b9c828d93e4,33,33,33,33,33,33,33,115,2
12519,Casual Shoes,e0baed67ede6a11df3b438104637d54a871fa1bf898066e3e565e4cc7776296f,16,16,16,16,16,16,16,115,96
12521,Formal Shoes,2721030d986b17b4938923692731f8222d44872434a2e360e7e481200e355d78,33,33,33,33,33,33,33,115,115
12533,Jackets,756d784a961b8fbc310091e3b504bbdfdbbc613e344301df706507eff948c5ca,45,45,45,88,45,45,45,115,115
12535,Tshirts,9d1830cb7b7c14749635b0350e93965a461ba5960db42d4ed3a0bb0cdb0d657b,115,115,115,115,115,88,115,115,99
12536,Sweatshirts,ca5d1ab2dd9f00aca3485c63cbd8eb1ac441dff8750136e1434f935e546e0217,102,101,101,101,45,45,102,115,16
12540,Tshirts,a983b206006d6c652b6a050656384b45b1a62b1dd61d6c8ad95e9e20382585f0,115,115,115,108,115,115,115,115,43
12541,Tshirts,33ce5b478fe3851e54f7bc5f29dcdfc4a9b62d03b11f5637e677332d83be96fa,115,115,115,108,115,115,115,115,67
12542,Tshirts,626928088ba33ad14637070a83d04370b28cc54a185611989d8d0ae7bc762041,115,115,115,108,115,108,115,115,30
12543,Tshirts,9eff00420b0f19b2c6c46523d34ea5ff5a8cc0fd5c49b54d0b1fa30103b46941,115,115,115,115,115,108,115,115,108
12577,Tshirts,26afa2706366e09e9643f045cbb8c0ebd3285373aa8baf31d49e82d76505369c,115,115,115,115,115,115,115,115,108
12580,Tshirts,803239f318980b7b183617a5037889a3bba3676e1ed1874792dabe6455942507,115,49,49,116,115,108,115,115,102
12600,Tshirts,c6c0a13e026af6b4511de9ff0cde8284a6fe94042ec002c3720ce71d0cfd0d56,115,115,115,115,115,115,115,115,115
12610,Tops,16d2d715ffd48f054fd8a9fa7611fa04a8f767e3f5c243595533162472e66dff,108,53,53,54,54,54,54,115,31
12611,Tops,24538c716a3f7037e7a9badb2025d116e1c5b8a9b187c0a168db371043e844e1,108,108,108,54,116,54,54,115,47
12612,Tshirts,51c217018814e6aa4f8818067ff72ee25db571fa78d8d81a7e1aafda63470730,115,115,115,115,115,115,115,115,85
12621,Tshirts,74a12233a4a32e6fef990f0cfe35814b74b2280da0436b35a6e0910357ad33c9,115,115,115,115,115,115,115,115,96
12622,Tshirts,b194a701079c4ed22e999864977e62b2bb3f5b9d417881fa0258909da7e2d217,115,115,115,115,115,115,115,115,96
12625,Tshirts,452e42c0fd83858e9444c6f1b795cae09ef0da131f4d97a6d61b7e0db4b23b8a,115,115,115,115,115,115,115,115,41
12632,Tshirts,41d1f7312b9ce48b1c016bf4aa389ca50cfe632d3eae37f12718fb54f4530559,115,115,115,115,115,115,115,115,88
12634,Tshirts,86a2c35ce7a6ebd9d2e2e7998cd0c9ff3e56815b01e84cd3a684e38ce98eae5b,115,115,115,115,115,115,115,115,41
12637,Tshirts,1115f07fe1755f8ae8f1336096c0726965bff48450e73b7d2e34509bb6871463,115,115,115,115,115,115,115,115,41
12638,Tshirts,a1ce74a6fea1541abe96730cb435395fdbdeadb501afa03c2a7a31666f3272ae,115,102,102,101,102,101,102,115,91
12643,Tshirts,764caaae228ad3027ae9901bc6aa50ef38282e1584e42d5c40a0d73719be943c,115,115,115,115,115,115,115,115,48
12650,Tshirts,fa47a0c20c831964f7f80e0f9dfdfebd1b39e0522514dd994b447f1b04717300,115,115,115,115,115,115,115,115,86
12651,Tshirts,579613699c4a55de82dd73f0854aa57d198a9a5a95f8b0b3463a9135d65a32c4,115,88,88,88,115,115,115,115,74
12657,Shirts,43b45583dd5f9790ec4df4db3a595466eee131a0a6868e38bbaa819564a2ee3c,88,88,88,88,88,88,88,115,102
12670,Shorts,479b61d29d8c6f84d2ae77e9056622a5f298aa7fa698e10db7c40f5431b3575f,91,91,91,91,91,91,91,115,108
12671,Shorts,dd29896b3e38b76491f7c6acf53350a20fade86791d1cc76f8501480246de2df,91,91,91,91,91,91,91,115,96
12673,Trousers,072ce5351860a0afeda74ff0611bb149c5bedecd28dc9099967344d2add892de,113,91,91,113,113,113,113,115,46
12675,Trousers,918f81281e09cda5b2b8ae073452de7f9e69fb44336620e8746d814762568725,113,113,113,113,113,113,113,115,88
12679,Trousers,59c7ce24ba2e95830dc9cc30b41cd6e7cb8cee4cdc18298d6493f8d75694e57b,113,113,113,113,113,113,113,115,16
12681,Caps,5c355db0c8431c0f95808242c96acbb95b2e1b9cb9891eacdcda5d4d3467ef21,15,15,15,15,15,15,15,115,46
12691,Sports Shoes,9bf3b9278e03dae61ae4e0c1127a589c3534b6f2ebd8d05715f63704c04b6dcf,96,96,96,96,96,96,96,115,5
12695,Sports Shoes,57268015630ab49ee9a22964fd510d14b8084596011cd8816e14edc62cf5c17c,96,96,96,96,96,96,96,115,88
12697,Sports Shoes,36525477e1bda7eeb9faf56301fdbc9b07544d5c9f593000ecfbf18a29967816,96,96,96,96,96,96,96,115,16
12700,Sports Shoes,76f8fa89b31dcc90dbdf697230be04718eec837bcd1d8fb1b0293c4831f79d1d,96,96,96,96,96,96,96,115,109
12707,Sports Shoes,e43823685cbea92ce324d533e93e3cdf58b21c7939a834934abd17000d68379f,96,96,96,96,96,96,96,115,46
12714,Sports Shoes,9e025d7b4f848154273fd97d18d91c60116b52f386ea7de57c06a8bab69cbacb,96,96,96,96,96,96,96,115,72
12715,Casual Shoes,5ce35020b83156256f378c9b080ddb0d15a9f901a8fbc1e8ac4ad575bb7cc85a,16,16,16,16,16,96,16,115,53
12720,Sandals,590aaa999cab19006e2e7bf8cf0fbfd0894e3dea919edab28d966a90a886222b,84,84,84,95,84,95,84,115,16
12722,Sandals,42c7be476af3b9de495e6d180a04b0ec3eb71eab754a11c5cdeba9242836de3a,84,84,84,84,84,84,84,115,46
12724,Casual Shoes,fd690f98a82ebe1f828b797c16eff715fb9f54027118f5d472ed5d99b17b6bca,16,16,16,16,16,95,16,115,115
12725,Casual Shoes,0edb93d415d48f275d86b0f3e703b16b5408d2bb8665a2ed7463d39b1c2fc795,16,16,16,33,16,33,16,115,115
12728,Tshirts,404843cb882507c04c716b1da2796785678de34d03b350cce6649cad8f28cfd0,115,115,115,115,115,115,115,115,85
12729,Tshirts,29648d5abab94f4c049b9ea64e2f2c3ebf351cac69fb3b1fc52f4a26a58dd0a3,115,115,115,115,115,115,115,115,2
12733,Handbags,53893cd7340f41fee026d75c484ddc4caba79e5e4fdc47f2e82340de486f48b7,38,38,38,38,38,38,38,115,115
12735,Caps,0b85a7ea6665e00acc49c4a7afc6bd49685de1b22b11ef8018bfed7526a98df4,15,15,15,15,15,15,15,115,75
12741,Backpacks,facbac23860b17961758415a43a6c0ddefaef7af1ff9e429b140ac84ec74e6af,2,2,2,2,2,2,2,115,108
12748,Trousers,f0cb7a25cf2db1a51b55060c72435c5023de2506b5c7741314f2647d40b37fce,113,113,113,113,113,113,113,115,24
12755,Tshirts,6a267e8c0322a96e275ccb29c4d9f0386436c2a8f279b208b99b40f98371be91,115,115,115,115,115,115,115,115,121
12778,Kurtas,127b83f3f24c901c6203860e89e3aa04f36b11b5f8a98dbe44f6b3a4b52e6d0b,53,116,116,25,25,53,25,115,31
12782,Kurtas,e8d70bcd3ee512045c4dfef80deb4e9656db84f205deb1a703be0ef6ccc6e60c,53,53,53,53,53,53,53,115,88
12784,Kurtas,5266b6ac860afabdfdf19f766176700a4fc628963417c329274414531c289be5,53,53,53,53,53,53,53,115,109
12790,Tshirts,2e4098b3095f2f82bee598c01e5c6d77da83a597905285422f952a6036028e94,115,115,115,115,115,115,115,115,19
12792,Tshirts,2720034a3c4bb4d5baf867595951482fe1b22ff911df466d0a703e8335e272d0,115,115,115,115,115,115,115,115,56
12803,Tshirts,dc5a3774546a92fabac67c41efcb8b4730f204f303b887f594f1672605e9d130,115,115,115,115,115,115,115,115,96
12813,Casual Shoes,84eec454ffbe68f63b87589723438adffa99cfcc10edca628a9ac4644a2591b8,16,16,16,96,16,96,16,115,88
12821,Casual Shoes,3b06d40301b53d2626774c5cff17d502b1845d168765cd94039ed395c464fee0,16,31,31,31,31,31,96,115,85
12822,Sandals,5b80af8d7f664bb465880fb74e94819b75ea882d54c5124fa67a461d1303ed04,84,84,84,95,84,95,84,115,88
12823,Casual Shoes,4c8e8d15e1b40cc8136aa0d13306056da368eac41dd9e1665454381e20729733,16,16,16,96,16,96,16,115,109
12824,Casual Shoes,63857819657da83956cff99e8d11cfcb21b31fc9c8c1b158cb8b64469b137cfe,16,16,16,96,16,16,16,115,96
12828,Jeans,ab4d8c456cf8ee52c5312bee8063bea4d837a00afc22e112dd85a2b4ee3370b3,46,46,46,46,46,46,46,115,38
12833,Tshirts,7180bf794249e6ec6b1b2f77303298afc0ff7a0ce0a0104dc787b9a5898dba6b,115,65,65,115,115,65,115,115,115
12834,Tshirts,c48804e3d86f7f52b4718954fca374901239289e3009040404c6461d5a7f85e4,115,115,115,115,115,115,115,115,108
12835,Dresses,4c7b5b8c55e860254d5427c09e8299ff697e7dfb7b66f766fc76b6eef5dce232,25,91,91,25,25,25,25,115,41
12836,Tshirts,7921177ff383ec95fd5b11a8b142cba9b90b991ca01fc2632763472e9abd666a,115,115,115,115,115,65,115,115,38
12840,Tshirts,d01a8cdc26f5cfffd7af94535379b4d96128bff95788d516ff56cc326d9dc94e,115,115,115,65,115,65,115,115,115
12844,Tshirts,c9e76e13fc0bc16d3634a6fb4708f37af93f32cab119379722d8e1ae23df487a,115,115,115,115,115,115,115,115,115
12853,Formal Shoes,d4e5f8b28fd21cf9a6d44fbf329e3d735cdd61578b80670398af6c74d01597ce,33,33,33,33,33,33,33,115,16
12855,Formal Shoes,00b981d4a2434470d814eb00ef367e91bc58bda4670370cc3e2abf859e5f74af,33,33,33,33,16,33,33,115,55
12857,Casual Shoes,5bcf70b7f7ac3964d0436659f9c9568ad5e57fc27d7487bff3db4bade05bb5ee,16,84,84,33,16,33,16,115,53
12859,Formal Shoes,97efa708d317cfe1021f1b88297ad22c73d59a6b3bd248fd7fd818ceff8e6b53,33,33,33,33,33,33,33,115,88
12861,Formal Shoes,b4cc6f968e3d3f62ea77adf5b7936df81357d42a110def0083c9a21b530f3dbe,33,33,33,33,33,33,33,115,11
12863,Formal Shoes,572094c4b167cb02285cee7991abc3259492087478ef4901e7e9efa43f8acf24,33,33,33,33,33,33,33,115,12
12866,Sandals,c367d66edfc2afb86ebfeb1257c2299cad95e9661697fe11107b037904661712,84,31,31,84,84,84,84,115,53
12876,Formal Shoes,157348ddc371a8cebf7a36e6510e8a175b6c12c0695121cf3cb6335a36ab4239,33,33,33,33,16,33,33,115,46
12892,Casual Shoes,fe811dc9bbd1ab4df1193b36d7dcabc178d094d1b924e23fc68d098fd80c5194,16,16,16,96,16,16,16,115,121
12895,Sports Shoes,461d51e3d907713a65cf0481423e11ebd088d0d1bdf43da9970513e872ed11ff,96,16,16,96,16,96,16,115,121
12897,Casual Shoes,9ceb99b9cf66d76828d9ba17866b3e2206ff282543c438a97f6657c7b5ec9b04,16,16,16,96,16,96,16,115,25
12909,Shirts,919e278974336ff454be50833a22cd3779f08bc3e337a869fe2e8ed6b39e4867,88,88,88,88,88,88,88,115,99
12912,Shirts,3b75db2c37b8a039dd69e85a1c38c0f75ad393b68180f2237f91e526ff86fb2c,88,88,88,88,88,88,88,115,3
12913,Shirts,b032296ab26049ede133916957155e245be6627e8c368d8d8a24a5150293624c,88,88,88,88,88,88,88,115,16
12916,Tshirts,d5b92de700974dc22ba9ffde80690c9bd73d3c32da6ca7ff8907e404e5e7caa8,115,101,101,101,101,101,101,115,120
12921,Casual Shoes,9705f937751522aa51e6ee8d5513908ed8b313b65f0ef20cffe1e2493cb922fc,16,16,16,96,16,96,16,115,121
12929,Tshirts,ad87e9b145ac918252c393a89bdc94ca7047459c87aa864f268f474ea846e16f,115,115,115,88,115,115,115,115,38
12933,Tshirts,f7726a8d9bad326dcf885a052626b199180d82f9275871f8c513380f1569c459,115,115,115,115,115,115,115,115,75
12935,Tshirts,e8330b76cbeb7d282e403bf532b2c173ad92b597caa1b7385eb16f654836d2cf,115,115,115,115,115,115,115,115,16
12941,Shirts,1389ccfc746a7ec27e82d91c2bd55c28f7281fd2dfb578e83d6e76dfd3efa5b3,88,88,88,88,88,88,88,115,16
12943,Shirts,bc0ffd58831daa83e0dd835ff1edd36b9fa26f06068ab472aa6e99c8ff91d9aa,88,88,88,88,88,88,88,115,16
12944,Shirts,a1ef09ba784157e6f32af0597543a7dbfab90f2f5adc54f77aab8e82bfd97221,88,88,88,88,88,115,88,115,16
12951,Shirts,4bf95f8e460c1f8847b2f37aef6359fb7da6b4633cd8cbc4cd2687fcc1bc4faf,88,88,88,88,88,88,88,115,31
12952,Shirts,bceb8d1bdea4f0ebed41396abd9e1c285098af0d35c6d38d4911d10071c84225,88,88,88,88,88,88,88,115,99
12958,Sports Shoes,46292847ea85fe0df7e4818f2b2ecad3ec212aac0ec06797912bc4342746b490,96,16,16,16,16,96,96,115,121
12959,Sports Shoes,2788a7a43a414b9a7de7cfe05a635c94f514aea6099d181a98872cf0b458cf4e,96,16,16,96,96,96,96,115,121
12966,Sports Shoes,891b77e796e7cf5fe3a2369c4af8b75ecc1a55aba5d8c1aae82c56f3f249703f,96,96,96,96,96,96,96,115,115
12969,Sports Shoes,bf25773ece33432592f12cc9d14fd9041289df4c8c0a837e7590e08ce3a46932,96,96,96,96,96,96,96,115,38
12974,Sports Shoes,30412f7ef26585ab3147898a9e23154fe4c1fc6c6939efbcfc5e2e0d21d09d71,96,96,96,96,96,96,96,115,120
12981,Flip Flops,d941b7cb74e481881c70bde1ab18df825430992b9535e9dc2b31447bb42ed8fb,31,31,31,31,31,31,31,115,22
12983,Flip Flops,b14fee1d8078ae5e6c316cd10345138bc24850a39e33db5fa5d66034868b8a16,31,31,31,31,31,31,31,115,38
12986,Casual Shoes,6aa4a2d6e66d9d2a4ac5f59bcf8aa8b63d6369f59344852c974080f16877abb8,16,96,96,96,96,96,96,115,88
12987,Casual Shoes,b851a2999395606be261673c5c2d43dc561af1179bbe38b39b072bb03e4e744a,16,16,16,33,16,33,16,115,41
12994,Sports Shoes,336826bf9d7e65a8264709af21052f8794247d179aaed90210685b78e190d6e0,96,96,96,16,16,33,16,115,115
12995,Casual Shoes,58c5fa36f8703befb39065c2f62af31d14e17c2dc14dcb8e0c1b89c11c5e84f3,16,95,95,16,16,16,16,115,38
12996,Casual Shoes,6f1536817b366955b8d7aeca314b95e833edaa05c3f1b42d6fe8203aebcef936,16,16,16,16,16,33,16,115,88
12998,Casual Shoes,4cb05787a98aa0f0d9507506a8b4ee7ee339c800c3ec0def871e441e77d9a4c7,16,53,53,33,16,33,16,115,96
13023,Heels,b811c25640873c6dad069bb45444e49415029ae60cbc6f72feadf7c6bd18720f,41,41,41,41,41,41,41,115,115
13039,Heels,3e0d1c719eb5c96a5a811ca45094c569df7b119067105aeb5be96ae6fb7a162b,41,41,41,16,30,95,41,115,88
13050,Shirts,1b9e7a636ab8cb2f8932077413c24c9e4c3d893d8fd9a21ede2344928df67281,88,88,88,88,88,88,88,115,10
13052,Watches,f61a1c552c8f5ceb1710ee873f660e5b0d70a350f7ae7ac2f0dd29e348340212,121,121,121,121,121,121,121,115,3
13056,Watches,0327bd9f5b9f8c026d1931baf53cf90c95af548ac1411cdeec8c75f045d91936,121,121,121,36,121,36,121,115,75
13062,Watches,8edaeabd952a1501c91d7a26f1bf06c11d5500614518994897959b453bb11e7d,121,121,121,121,121,121,121,115,102
13072,Casual Shoes,9fd2eb81d0721c9168ab64e8a750b112382e890a978fd33ec0ca5f68d64ea3f5,16,16,16,96,16,16,16,115,16
13076,Casual Shoes,eed25ae2edd5c68eb447d66a28f65551831e06db13057b948d97aa79244d3b1e,16,16,16,96,16,16,16,115,15
13077,Casual Shoes,983749ee29149447418af01548e333d37b78777a9bec61853446c50857a7b1d8,16,16,16,96,16,96,16,115,115
13085,Casual Shoes,adc1c0599ff2ab5e46b7bbb83616711791ab08b05af19cab42545d56e18adfe6,16,26,26,33,16,16,16,115,115
13086,Casual Shoes,f6662a559163fed7600a0da369b07eaf3320ea8161ea6985e59e480918f828a7,16,15,15,23,41,23,41,115,108
13093,Sweaters,f95c26674866c0f00ef4861f5ab39aa17175bc3116f5731fe64945a47da9f229,101,101,101,101,101,101,101,115,96
13097,Sweaters,06429ac55a49fb65486fe5884f4e55f39994da0fa7b997aaa566de8bb5c9b5a8,101,102,102,101,102,101,102,115,96
13099,Sweaters,af6b2a21de925b34c35186b9599f3a9d6ba9943ac9e138a1fe506aa8ce089d35,101,115,115,70,101,70,101,115,19
13103,Sweatshirts,c8b21810673469b22a3ac3b573a848326d3ea34858144e227fadfe1d7685ce5b,102,102,102,101,102,101,102,115,105
13104,Jackets,64033ef507045a186bd3a4948eb4bfbe41e0944d50c117dd8db34f3c1e95a203,45,45,45,70,45,70,45,115,38
13109,Track Pants,1cc69c0db07f84280ac332d4dc8098a42b8a9cba964b5c423922adec1e758bc6,109,109,109,109,109,109,109,115,115
13115,Casual Shoes,813971509edaed83f33043797a2d96f47301c560136b2b1d7e2e35fac53dbf66,16,16,16,16,16,33,16,115,53
13118,Casual Shoes,27f41fa35fc61200a008d4c364d27abc6e2b2dcbab7702e0cacacea7c491ef8d,16,96,96,96,16,96,16,115,88
13122,Sandals,02430c89e398a3ab1ef78b73fcb87ee7f2bb391a34054f6968c74784f8fdba78,84,84,84,84,84,84,84,115,53
13139,Casual Shoes,465b6f6460d34892fde1568f75a6766fec7d3e368355d8f06fe08279896608b5,16,101,101,33,16,33,16,115,88
13151,Tshirts,4622b9b421d274636dccc2fe0c9f2a632b1cca87a76e6f0862b58fe4da5c4e96,115,115,115,115,115,115,115,115,100
13152,Tshirts,0868b9cb96805167c0d3aab78171c23ff359ccb5ba8e876a6ac6da01cdf264e9,115,115,115,88,115,115,115,115,16
13154,Tshirts,fccafa836e91bd0a13ad836baef8582e01aed85f0143929282577d21a97be17d,115,115,115,115,115,115,115,115,16
13166,Sports Shoes,0cb03ce3a074e59c90d971dc83367fb7112512c124fb714eb32d08e8c11b3345,96,96,96,96,96,96,96,115,16
13169,Flats,23add01384c6d3b2724772005f2c44daec1d92b1c06f79cdcb2d553400f3e84c,30,95,95,95,95,95,95,115,99
13172,Sandals,3c6f07d1c84ea031eb4e658adde97dd743c5304433c5744640282bc6a36528a7,84,84,84,96,96,96,84,115,33
13174,Flats,bc1a711861abc4d2a878f909d80588e3a7b312ce2fabb3b6b957bfde1d7b8e47,30,31,31,84,84,41,41,115,115
13181,Sports Shoes,c3382a16b8b21929532bb7c26939a286f0441e8aa079406c71728c1cc4ad0970,96,96,96,96,96,96,96,115,25
13184,Sports Shoes,eba466c6b2ffffa5d8425a127651753e8f92c7f45f955e0e4bb9c012d366639d,96,96,96,96,96,96,96,115,38
13186,Casual Shoes,a147de4bfd2a81041472f4fdf7cf14ecac930254bfb2c5e8306985159acb60df,16,16,16,16,16,16,16,115,101
13197,Sports Shoes,6e836c3cf2069773f055cd62799b213f009df3cb7c3a18fe2a1e62cf006d67eb,96,96,96,96,96,96,96,115,121
13205,Sports Shoes,8ab521d860f6ed23395e517e1b874a5f46215a9fa7eb9091e003b150fc5d517f,96,96,96,96,96,96,96,115,16
13208,Sports Shoes,f33fd94af74f9dbf7238bb13fb5d5af301f4105affda46248b00cfc5aa118a31,96,96,96,96,96,96,96,115,88
13210,Sports Shoes,9cf11cbd8575687ef6d8b465ec3741f4b9915da5f8617900c4edf3ec86630b95,96,96,96,96,96,96,96,115,30
13214,Sports Shoes,4c385a65dcc676537a1385870e13569843b84d89f40c2d75d88bfde29bbdf639,96,96,96,96,96,96,96,115,121
13216,Shirts,c0a17e6c5744bfa360beb72176457dde333327f6873e9d65e68b31de8eaf895e,88,88,88,78,88,78,88,115,115
13218,Shirts,f0b2f30abc4b4e3b002ff4666478a8ff84b8ec703d6c26aad110f546e71cc911,88,88,88,15,88,15,88,115,115
13222,Shorts,09867f1d71184725a91bdbc01477e6655c3faab29287ac5f9155bef91089bdcd,91,91,91,91,91,91,91,115,41
13230,Shorts,7dfb32078e5eb0308ffac2e9cdaa4414c672476abdf6789760dc6855f0aaee79,91,91,91,91,91,91,91,115,16
13248,Trousers,bed8a799ce2dbda11e4643c6c5b9c5ae0f628d36326f05222da1e0f217e62410,113,24,24,107,113,107,113,115,96
13253,Tshirts,09a0812e58eb6f45b6aa08d6a9daaf3c524dc80ca646fc449cc552db89600a40,115,115,115,115,115,115,115,115,111
13259,Jeans,7b8b86d19c2415fd9030b7c9f345326fee54113b24d82550d893dccac52d14f0,46,14,14,14,46,14,46,115,109
13260,Jeans,933bc71c73166869af98d22945755a81eb57246d0208bc7d0351af6a56f1e0ec,46,14,14,14,46,14,46,115,115
13267,Tops,93557d08eaaa6c96130b28524a2b2274c51b71f9be61fb52a275e710cd743ec9,108,108,108,108,108,108,108,115,115
13271,Heels,9d7683f689b3c038ae6958b09387be82061ee992976d5b1becdf08797745ab18,41,41,41,41,41,41,41,115,54
13273,Heels,aa39ca3a2ef8582abb95c9ea2239050fcee4682a34fddfddb585dac12b6a1922,41,41,41,41,41,41,41,115,88
13284,Shorts,81ea3a70bb3863cca383f0efaeb2da9f2943ee12819dfb6d9e7439b52d491770,91,91,91,91,91,91,91,115,53
13286,Shirts,6e934d5978287710d1911593c6786a872d44648ec0934d904e588559f68707bb,88,108,108,15,88,119,88,115,26
13289,Sweatshirts,9da9d323c475feafc0a78f50b8d6c4eaf2b6d217d259bef911ffb14e264ce200,102,15,15,15,102,15,102,115,5
13294,Tops,2471f688a71cd07012e9a0de53ad291439ec0b9c5432785f022a926c050af7ed,108,14,14,57,108,25,108,115,88
13299,Shorts,95899d3a0afe62a7cbedc93105621770292c0072683e7e7246d38ee3d74acd33,91,91,91,14,14,14,91,115,98
13310,Dresses,8b6bb6fc4164678a053116d2c216043ee08d1028f6ee67430cf7edcfcd0c72d3,25,88,88,75,25,93,25,115,75
13337,Tshirts,308e5cfe47b6581f97491e43711271176e96c81de8523267505b2b39781e7910,115,115,115,115,121,18,115,115,115
13340,Skirts,3204e154b5504f36bd28abf0f26fa15097411cceb9395fb10fe6ba1176adef5a,93,93,93,93,93,93,93,115,115
13357,Casual Shoes,8add72fa2e04aad9442096c3df8ee715744a8a8469513b2ac6787f6a1e9dc136,16,84,84,95,84,95,84,115,108
13359,Casual Shoes,7565aedbaa48482857473c40ee1d6485476eed81417a477283855adf050df90a,16,84,84,41,84,41,16,115,94
13361,Casual Shoes,a8029d3f68d34846fbd2a180237573ccabab2a3353e8d3f50c5406e5399643a3,16,16,16,16,16,16,16,115,12
13369,Casual Shoes,e327666b994be7745ba3416b8aba5651f31001096236dd403bdd3640888116d7,16,15,15,33,16,33,16,115,115
13370,Casual Shoes,6292511d6b32a2dd80b617ec50a969d21595d7f9d5e3472a87f642a38016ac0d,16,96,96,96,16,96,96,115,94
13373,Casual Shoes,c9ad515cbef1f14b6dff275147d35a29138dd5f4c6b8549299cca3ba2e54333e,16,96,96,96,16,96,96,115,19
13376,Casual Shoes,55fbff531ec2c61fa8ebafaa3b8b64263658129056035ba2837c8742c2026845,16,84,84,95,16,95,16,115,88
13379,Casual Shoes,206a2ee9ad7c64f9f180cde4523d50c05b35c0acf4cb1ad75aa237dcb0cf9ade,16,18,18,16,16,16,16,115,88
13384,Casual Shoes,76929535cafb5a8c917deaf30073eed027da5c4864b3b2ad3669788608a6d5d4,16,4,4,68,16,95,16,115,115
13385,Casual Shoes,7547ae8e4cf841cfe1128af685b5805f3d6b5209ca6cf08d63b306d790e33895,16,96,96,96,96,96,96,115,96
13394,Shirts,31b8e39f9d030e93fc1962678b073f4fdd0c8619e1628c5da0fa13548031333b,88,88,88,88,88,88,88,115,31
13403,Shirts,c6cee1cd0759f5972d3a6d61fed6c5320c59ce01a8556434dc0acb9f79e0491a,88,88,88,88,88,88,88,115,99
13405,Shirts,25ad92d0bde67483615d2ac40c855797202723be44a88b3f882d25af771060af,88,88,88,88,88,88,88,115,96
13416,Shirts,b5ddd99b7b7a5e4f7ea51ca4af69a94571f972cd34719d5944e4069c6a514bbe,88,88,88,88,88,88,88,115,5
13418,Shirts,197590c1c1eecbf30d9afd199d2ace5a9557f066f1c58ea4960d23b5c733b6fa,88,88,88,88,88,88,88,115,115
13421,Tshirts,21647e835b7b94844916ed8d33d004c263591068a5d73e1a13b62db8c912f04a,115,115,115,101,115,115,115,115,108
13422,Tshirts,2cd72fc8acf16a1b471566c9b6c00c33e13c513ef6680940ed96298d76f54b30,115,115,115,88,115,88,115,115,96
13434,Tshirts,bbeba2f8e9f38826217af7a37734c560681d7ef757ed659076deb9ffe18ad1c5,115,115,115,115,115,115,115,115,53
13438,Tshirts,b6953a2b3ad9b16a1c37defdbd8d54aaa9a232d127c3a20842150c353d83d754,115,115,115,88,115,88,115,115,115
13440,Tshirts,0ed30664ecc4258ab12bdc9ba182ec3f37df87ab26f94dfb14f513f642b85303,115,115,115,115,115,115,115,115,88
13452,Shirts,cd8234c019e1b200e8542491b4fa6a7beaab3b8e47518ce3149559c5e85fabd8,88,88,88,54,88,54,88,115,121
13456,Tops,31e657f5546c9f69cd689de2f2e1bd4b8a7a982166ba0321036e41091b7469f0,108,108,108,108,108,108,108,115,121
13457,Shirts,6caf6790b419747690b673c68e2db665045a1f656ad503e5d765ca02d84c04d1,88,53,53,54,88,45,88,115,38
13467,Tshirts,b8da6ca9e92f1b5cdb0044a9377e7e5b14f16f0272c0375ce1f8cd15af0e0bdf,115,115,115,88,115,88,115,115,115
13469,Tshirts,3463b02731e472d0c6db8a7030e9fbe585074d6a8b2ff23ba916d4075897ed72,115,115,115,115,115,115,115,115,15
13474,Flats,b981e7157e24fe69f154ce489f47687428cbaf7b7876ac82d3a4f6e7b4330480,30,30,30,41,41,41,41,115,98
13475,Flats,30af59055e60c1b7df4a9c14a8865e9bc3d66b1e167c6209e43df95a9eae5bbe,30,31,31,95,41,84,41,115,41
13493,Rucksacks,410f0e6fd6042f487c575173deb4f1e1581b3767d96460a15fe4e5b21b7a0b97,81,81,81,81,81,81,81,115,121
13498,Tshirts,30db17ec23b3deaeb8d7a1ac0ecf889127163cbf55a67ef98d8e6eabc1517a5e,115,115,115,115,115,115,115,115,12
13501,Tshirts,b28634839e9c632e3c22169b4f3f6340e34a68b7f5c1054ef8ef79f3f12c6757,115,115,115,115,115,115,115,115,17
13524,Tops,7488c04ffaff8e4d65d0ce2d17cd4fd50521f142e1b9150416a024845ec38cc9,108,25,25,108,108,108,108,115,88
13529,Tshirts,c2f1faa50c0638c4d76eb8c7f6777a1cd70ca6c3b9e37feff8d88b3879e8b79b,115,101,101,101,101,101,101,115,101
13543,Heels,e1cd117753d861099cdc7f5d43158b581b21ebe4595f18c38223974ed4bf183b,41,30,30,30,41,30,41,115,102
13550,Flats,d48104dd2d9ed42a27221ba7abb7d3e95f97a823c1d5e69a79b88aef02fff3e9,30,41,41,31,41,41,84,115,60
13557,Flats,66c2990a73564d54ef24f2607571125a469acdd8b29dc8f3008d1cbc6cb468c1,30,41,41,41,41,41,41,115,16
13561,Flats,350b68fe13f78e64139a43efe5907e02a61b6fa2156e53c3a42d7dad7ddf43fb,30,30,30,33,30,33,30,115,33
13565,Innerwear Vests,20312f5e2de20ae4afabb9bf8c65cb2816cee69fa0dbde191e7013610b50d64f,43,43,43,43,43,43,43,115,74
13576,Innerwear Vests,1f5fcc6fc01e5e6bed39649dd3817a865c8a1121e87eb5d9fa3b72b3c89079a9,43,43,43,43,43,43,43,115,84
13582,Innerwear Vests,25330f3b79153291f2b4eff8b30b075f2557a878ea825fd81f49b910a24aac86,43,43,43,115,43,43,43,115,101
13619,Innerwear Vests,b7366c4f14edc864a233e036627844d0ae769a5ebde01f4748b5e885295e7d6e,43,10,10,43,115,115,115,115,88
13624,Lounge Shorts,0b686a420e45e7775d9c46fe43a57f7a3ea58261642d9fd7c219f8c94e065354,63,91,91,63,63,63,63,115,19
13634,Lounge Pants,3c0a1aa6a76dbfc359dcacd81efa97f9d6148d27faaa9e3644f23d25e76bf692,62,109,109,109,109,109,109,115,75
13635,Innerwear Vests,796917303958ad4746c69506e9a66ddfb261adb98fe8ba13c76ce97d8ba1a5f0,43,43,43,115,43,43,43,115,12
13637,Innerwear Vests,a956737aba7fb77c65c22e8c991e0a177c34128120168eda305f744de8987d44,43,43,43,43,43,43,43,115,84
13640,Flats,820b739c62cfea14d772dcf9622d533a5d6c6a11f2c789d7f8a38aff21ac2af2,30,41,41,33,16,33,16,115,2
13642,Casual Shoes,316d317a8c4d634e1f977db401ebbe2bb493855e902be18b9c41b5a7884a318d,16,16,16,84,16,84,16,115,31
13643,Flats,eede4744aa653261c27396a26941f533c64f9a2dc5344eac215dae9916c4118f,30,31,31,41,41,41,41,115,115
13644,Heels,d443a92c2e7225f4b6cffb5be8627a35bddddd439cf7547522e7021d1ff5e2d3,41,31,31,30,30,30,30,115,115
13646,Casual Shoes,d5192a14500205ec9c7422ae935fec3845157218748ff9fdd401e38847d69578,16,33,33,16,16,84,16,115,115
13661,Shirts,516e2321c9490229e2bf0c0a454557176aea5d00e9bcd710f7cf8e702270e02e,88,88,88,88,88,88,88,115,113
13668,Shirts,77c0c444777ed16e92bb2303c41d007bab65b443b61d55e6832cfb4ee9d66deb,88,88,88,88,88,88,88,115,38
13682,Sports Shoes,3df47591370e7b3b52341096a253cc84f14c6f480f1f81b29d1b28fb0bb1b2ff,96,96,96,96,96,96,96,115,15
13687,Flip Flops,c2fc7247c33b24e3888808be14d9e36141a298a6e742670781626ac2e0dfb362,31,31,31,31,31,31,31,115,96
13702,Sports Shoes,78bfe81f76570cd06898debd7e5cc7fc98df6b08cca5ccdc6f71774b62615a44,96,96,96,96,96,96,96,115,46
13704,Flats,25959f5b08832109fb3fe857bba0463485e9b793203f270245cfa2539ae84201,30,41,41,41,41,41,41,115,5
13706,Waistcoat,85a72e380049a1361a8e68233d3acc40e6cb4db7d4cbb65a57646672d73b35bf,119,119,119,119,119,119,119,115,38
13707,Tshirts,0f091711f9ba3f6789b6338c53ced19f8a5d6713c173ba295851d94ab361aff8,115,115,115,115,115,115,115,115,26
13712,Tshirts,ac8d8eaa1933dd5345dd6631d35c79346ce334e61be8f7b3c240cfbd510af6cd,115,115,115,115,115,43,115,115,53
13715,Tshirts,86c26fbe8a1203690c0bbd1031c6c945ab798e4a07ff98d8f7a36240bf33b64b,115,115,115,115,115,115,115,115,38
13721,Caps,35354c4357fc4b41948bda5451626c10b9fa4d447baa6ba8f13a293abfc23c43,15,15,15,55,15,2,15,115,16
13724,Caps,07aad95f35ea9cf1072e365df34443e944aac3e19ccfcf14e2cc387ba37e2a8c,15,65,65,2,65,111,121,115,31
13727,Sports Shoes,6f1725c21f3abd3a3b856091544a8cba1b83aaa9ffb274b4669c961704564744,96,96,96,96,96,96,96,115,108
13728,Shirts,f8e995571e12ccf6a1e5a12fce3f2d788a1b543f1c4d1e13cb123570bd46b49d,88,88,88,70,88,101,88,115,115
13733,Shirts,7a6071ea5ced213acca3d0d4e3c528866088b90b6aae732cd12ef617055e6199,88,88,88,102,88,102,88,115,88
13734,Shirts,2694dd94e201a8b03618f2567901120675affdbd5ce8c4f80c45309ce64a55f2,88,88,88,88,88,88,88,115,88
13736,Shirts,3899d57842e6e30897f564f9bc639b856fdcf176c36d318b9ec38dd4c530ebb5,88,88,88,88,88,88,88,115,33
13739,Shirts,73770800f24f3ac7725ac73421c9e7d47460a52223572bcd6734b8c11500a25c,88,88,88,88,88,88,88,115,19
13744,Shirts,0a2196ef33f62feab2d7e63edddf819c2cda22cd9b1a483e7c7ae400b07b63a1,88,88,88,101,88,101,88,115,5
13748,Shirts,823a4f3ffb4ccfd4049c1e031ef9f4eb80bac8795868499a2ad5d86c7f783ba8,88,88,88,88,88,88,88,115,74
13750,Shirts,9903694fe77cc4a719da74e41f6cf2867e1daed28ec409174909a8407cd06c2d,88,88,88,88,88,88,88,115,84
13753,Shirts,46cd7cc4d7f2ad9d5f1accfd39c150d0b5fc121efb21d6df86ce26f5b48ed027,88,88,88,102,88,101,88,115,16
13756,Shirts,4e54a1fe356ddf48c595fec0bda5b35fbd7dcb2d05cd7c56a750e9fd8f64fbe3,88,88,88,88,88,88,88,115,101
13771,Tshirts,f35f74ca3025e1828257960a6f425098dd3574127dc73a6c3fe6f8921a522e3c,115,115,115,115,115,115,115,115,121
13783,Trousers,8474ceaecf014c1bde4a087790017044e58a2be5b2737332270f3e3fc4af1111,113,113,113,113,113,113,113,115,99
13793,Tshirts,94f119ebc0d59ce73f0e0fd2cdc5a4c1e97d91c945dd979875e3437aa1feade5,115,115,115,115,115,115,115,115,10
13799,Sweaters,077af5ead601ce98f1181e22ece30bda7c34d04b29e61e5e294525810dee3323,101,101,101,101,101,101,101,115,38
13800,Sweatshirts,7329c4ebbe0f6a9be608cea52fb5d64b998d4fd660a6c40e83d6d3918ba480b2,102,43,43,88,88,88,88,115,28
13813,Tshirts,6ecc391f2691a687d73eab53e38348f81c33f1ee4ac34e79c63375148dfecd74,115,88,88,101,115,101,115,115,48
13829,Sweaters,85426f6710abedfd0d881fbfd4e9641e81d7330374b906485ff87e09740814fe,101,101,101,101,101,101,101,115,84
13830,Sweaters,99bae703c006a0c529e23489f69312540ccf1962090a2f6099a80215448ec96e,101,101,101,101,101,88,115,115,53
13835,Jackets,efbba596d12ffc620820202e0bccbf34bbf9e1554d3e1a610f6eca6654a58bdb,45,102,102,45,45,45,45,115,120
13839,Watches,117bbc049c45f7037ba5e766f130895acf56c57cd994fce92bbd016d462d1488,121,121,121,121,121,121,121,115,91
13841,Watches,eb10a1217bc973d5c94ed22568826e3efd67c4e03d46bf4b49093fe8b69da057,121,121,121,121,121,121,121,115,5
13844,Sports Shoes,4b31ea0e6e2dd0c11d07f6d5e50de8bc7f7fe10bf9cc714d6a6a0040d2dd0fdb,96,96,96,33,16,33,96,115,94
13845,Shirts,eb7638cceb17b661f7ec150b09939233d7e8473db2bc82bcf6c9fa6bbd785799,88,88,88,88,88,88,88,115,91
13870,Shirts,0bd76547ec41c48332fba94e5ade32a9bfb43d64f70e5ba73b7e54de8da0924b,88,115,115,88,88,88,88,115,115
13892,Tshirts,d9f014a094a7a1535316c834340f057d4daa5b364da7deaf14c6cf515c8339bd,115,115,115,115,115,115,115,115,115
13894,Shirts,0ce65e0e0d444124ac0d1e675f843093db0ccf317bfd905de2da6ae914146534,88,88,88,88,88,102,88,115,121
13901,Casual Shoes,59e7c6aeb1873956b86a2bff845129e1f6b09e73a6d049dba39ac6e2cf3fc4c4,16,16,16,16,16,16,16,115,109
13902,Sports Shoes,5a136284f90f6c2b73534bde7bfc5525fda8beaecdfc9e2850be85a31c575b9a,96,16,16,96,96,96,16,115,45
13913,Sports Shoes,80bc2817c2b3ce3ab6935d4d78a6fa616eeaa9ed4c4a680e1c1b5ab8c70d0f5c,96,96,96,96,96,96,96,115,54
13916,Sports Shoes,2d3f2c3022753de8d26961842a827fb396d7ef1d2dca7753638c7280866887e3,96,96,96,96,96,96,96,115,5
13921,Sports Shoes,9e56c76f5a62b606602ad7d91620a372bcead2438603510f6820d4bc32c73cc6,96,16,16,96,96,96,96,115,16
13927,Casual Shoes,bab74d454096ab6bafa1c855ace190ff6d5f93682332c994e13c3b7e3de7c6f3,16,16,16,96,16,96,16,115,46
13929,Shirts,7516ca4daba1757604268aef4e03e1b77af174ad00ed1e120c79203806292c78,88,88,88,115,115,43,88,115,16
13934,Shirts,116cae217be48ecb888c05468439b4876a515bdcfc65faaadb63d5391de0d554,88,88,88,88,88,88,88,115,53
13936,Shirts,99dd593e0645c1c86819a5ee2590fb08716b3a4538acee52e18a8c7f01e4ab73,88,54,54,54,54,54,108,115,94
13941,Shirts,190df9379eb7c519d77c78caaf2e5147b22d42045ab8c3e516243e667064136c,88,88,88,88,88,88,88,115,115
13943,Shirts,7ad8a8e90b7ee7f26ee97b4b4473e2099c5615e384b81da83bb4a4efeef823e7,88,88,88,88,88,43,88,115,96
13945,Tshirts,90b015601eeec46b424dd9389fae803b86bc75104255e3a74275e91fe148de65,115,115,115,115,115,115,115,115,3
13949,Handbags,3f7b33925ea4f8bbcc6f5736e90e051c2c19a0ed0cfba1992d12d21bd362826a,38,38,38,55,38,26,38,115,99
13951,Tshirts,abbe1f043bc620a30407f5c6d66836cd2ffa0e592f40fb966a05e95d24afb40a,115,115,115,115,115,115,115,115,54
13955,Tshirts,7dc3d9e05905030b166b07d795c3ff7b63cdd4055180229df101ebcd205917d3,115,115,115,88,115,115,115,115,28
13956,Tops,5fe2422a202617b4ae508d96b457551c7d59229ac610ec751053155df6477af2,108,108,108,54,108,108,108,115,108
13963,Shirts,b3a597a5e19184ab237c095edaf23ffca64ce5331225e9436729ae8837a3cc3a,88,88,88,88,88,88,88,115,88
13969,Casual Shoes,d73be9793101448b1b1eab45e5b0f3f1da49772682d9894a24b2870fe7a9186d,16,16,16,96,16,96,16,115,38
13973,Sandals,b1a4d0891fa630d6311fc20ac787e3d12384f61ead6e43421d9eb35003314e0c,84,31,31,31,31,31,31,115,99
13974,Sandals,3dad9dfefaa867f4d89c456fd35c5a03253c6af59ca708c1768ea71ff803ad58,84,31,31,31,31,31,31,115,121
13979,Sandals,27dc7c926a0deb0bdff7ef40e23ef2439206cc0493383f39af1cda64e7fb6ce5,84,95,95,95,95,95,84,115,115
13980,Sandals,aceb6d775090acbea0c267ed6f5818f0a354de08a0287ba6f921a55345e2a1ad,84,16,16,95,95,95,95,115,41
13981,Sports Shoes,9c00964a83ce68d955d7facbf1a66dd62797746e7be6595bc3226191af26e51a,96,96,96,96,96,96,96,115,115
13984,Casual Shoes,bd5be31bc378c1636371eb04c66373f30ed44a0482f739586dbde06e33add89a,16,16,16,16,16,16,16,115,120
13986,Casual Shoes,b723c71b862aa4204cd5db876517edfbe673151cb668f6c76568129d19922f1b,16,16,16,96,16,16,16,115,88
13994,Jackets,e69a47a0fc0430e911803b11421cf98c3055ef490988b5cb6e9ba8f2ddeb80b8,45,45,45,2,2,2,45,115,38
14005,Tshirts,720ace9589a99236397c61d3b8a6e7c7b288f00b376705bba1249c64e93a913a,115,115,115,115,115,115,115,115,115
14009,Tshirts,cfc4120e9bb6e529e1ae11161d0f58ff02cb142ca1b31f239dc5e427fa5c9809,115,115,115,115,115,115,115,115,43
14012,Tshirts,c551a509d247534631a397b713fc3ec56ae33f25e68f504a57569f333e8005ca,115,115,115,115,115,115,115,115,89
14015,Tshirts,2411d47807df7ca8c9871e4c720259f74ea82c8ec2f1bdd17c09383c34b1f117,115,45,45,88,102,102,102,115,41
14023,Shorts,0a17d912e52785e8efaf578305120311005865e36534720e273363b73f0137c2,91,91,91,91,91,114,91,115,78
14024,Shorts,fc7b425f45aa5c38cf8496d4c7e26a2932c85e06d57b133ecf4b52694d516d3f,91,91,91,114,91,114,91,115,94
14030,Tshirts,f3f0cfc9bf0cdd039b0dfa7a1a01ccbc67e22e913b910be1edd20a64970998a0,115,115,115,93,115,115,115,115,115
14037,Shirts,a4bf6779f17af2ab08ebc9697f4c806331b6ba4d2d2ce0cd815d4b39c840de5d,88,88,88,88,88,88,88,115,101
14039,Shirts,575d37e3f1aa6a9e6e4d255d1bcff29854e18b8787421f08cfaf375ebd22be73,88,88,88,88,88,88,88,115,102
14040,Shirts,d7cdf0b1c119af1035fe251f798ed65e289bd2077469d308520e72dcc7a8fe8b,88,88,88,88,88,88,88,115,46
14050,Shirts,b1c2ad40230144efe0cc46f0d3805bc30e32ef6203946eb114464144e43e4dae,88,88,88,88,88,101,88,115,38
14058,Tshirts,61746a2035d4a482d424daf92d332eee432b478f67c7165757e059c1144e528d,115,115,115,115,115,115,115,115,120
14060,Tshirts,57b624929dddbec879e94f87d53ad33b183ff8688624ef33d8c5cdb39a062e64,115,115,115,115,115,88,115,115,88
14061,Tshirts,1b5d663fd30c47bf4112892d30bcee4e9d96b3f6616d5e40a4cd0a5602946ff7,115,115,115,115,115,115,115,115,46
14066,Tshirts,3894bcf24740f661c69c793e210ef0d29fc3b71ceed20f5315b6d5818980c028,115,115,115,101,115,88,115,115,53
14082,Sweaters,1e09d12f3d1ecf4389f5b9c7478953f5ac2d4e5303c482a41bfe0ff7c1de6997,101,101,101,101,101,101,101,115,38
14100,Tshirts,cc3e8e86125a9a961b86f35594c23a631f0a756ad8ca9076a82b3b363ba6356a,115,115,115,115,115,115,115,115,53
14113,Sweatshirts,52318f92b51cc75a1420e01101af9bca0a929ea5bb1969329876030ede6912be,102,102,102,102,102,102,102,115,30
14114,Jeans,c0df53f723c685a5cb97fd4912389afacc0588277d1d62a741088583138e03fc,46,46,46,46,46,46,46,115,41
14118,Jeans,481f98ef2302fedffd6459cc57c89079b6897936e428a99e05a0e3ac51644866,46,46,46,46,46,46,46,115,53
14119,Tshirts,2f1af3d4f629572947fd8228f4e919551f162f07b23a03bfe9f958338d349d57,115,115,115,108,108,108,115,115,121
14123,Jeans,9e630e863065deee3fd2ab9199c7a638266d10e6d885d8dc0a4eaf9394b00a39,46,46,46,46,46,46,46,115,31
14141,Cufflinks,651f299d59eb0c7266d06069e5da56406eef82379ffa4810936e6dfd49d10303,22,22,22,22,22,22,22,115,12
14152,Cufflinks,e5b4d6e57a8fe02f2af1390624bd44f7b97f2c6f4d7e36b60a991cd9c39ead60,22,22,22,22,22,22,22,115,19
14156,Cufflinks,52fa6dcf369e1e0cc2e268eb98fd2191ec27c26b7de0fd95b27a041473685cc5,22,22,22,22,22,22,22,115,113
14164,Cufflinks,bfa003d2dd54317383a8a942bbffc0af651f5e0500d89120323dd20eed602711,22,22,22,22,22,22,22,115,115
14171,Belts,e324d4e963fca76057e89240fddbdbc84edb2d99f6eaa5d46c981ff1c640819a,5,5,5,5,5,5,5,115,88
14294,Tshirts,a129d7ed67edd34d4dd51ede7c107cb7c84c3fe4bc66f031eba711724561a1f7,115,115,115,115,115,115,115,115,41
14299,Tshirts,c345454d43e16e581b8652716279691e644a310232daf4cd14cfba8332632128,115,115,115,88,115,115,115,115,16
14305,Sandals,4c6c48fdbe6ddba032de506662d165470df33cc0a9717053bf9b97f8063f758f,84,41,41,84,84,31,84,115,88
14309,Jackets,6150625d9d658d9a51c8e0dc403b9948a9b5799f9562d79834fb35fb27977a20,45,45,45,102,45,102,45,115,115
14312,Tshirts,e32b94e36baa7bac08815eca072547dd04615a5a92f60de76c0d6c92d8d7a282,115,115,115,115,43,43,43,115,53
14325,Tshirts,6c9d3696607c0fd4e3685030ba6c119c543bd102cf5fe070a00a2f9dbcf4c470,115,108,108,54,108,108,108,115,16
14332,Sports Shoes,1f8964a2ca3204145a4ed5ceef4f42c760346ab7e81ebf37262a2d478df2a2e2,96,96,96,96,96,96,96,115,88
14335,Casual Shoes,c1c044fb403f34a87e36776f45c1f7c809accff639da99dc6cad972d0b019c2e,16,96,96,96,16,96,16,115,121
14336,Casual Shoes,027496e9571d286d1bfd9df69d16722fa5a47e6eb0f224715815d1f74cb24580,16,16,16,96,16,96,16,115,109
14337,Casual Shoes,34a865334cb525e212ce749f0246d29552eb3dc3631cbfb21ed9538239bafd4e,16,16,16,96,16,96,16,115,121
14339,Flip Flops,b49fdc1fa25bab4ef37a2cd7bde8907e0eef61350f06cc8a98e0da2dcaccb36e,31,31,31,31,31,30,31,115,96
14341,Flip Flops,03b97bf1227153997884ba14aad648b94c031c32cad36cc608e176f74c7e729d,31,31,31,31,31,31,31,115,108
14347,Sports Shoes,39fdd0b318699d4c5ef31974fff08afe6d8ed62079b3da56b1f566a0ae0eacae,96,96,96,16,96,96,96,115,38
14354,Heels,07fe3e73f69e673869486143c51f912673c043069fde512f1204cd114057edf8,41,30,30,30,41,30,41,115,38
14359,Heels,a845f8ed272e26687f595f65a8a9f519d60e0ee9b6d532c9c4fa5594334bed2a,41,41,41,41,41,41,41,115,24
14360,Heels,2a72736c5fd03115b00fce58c00fea6d84715209d987de824b2fb1f30b1da151,41,30,30,41,41,41,41,115,31
14365,Heels,3247b0ac18e7c8d093b31737e351d9b0b593e1eded2713cb4bc142476ea4ea92,41,41,41,16,41,41,41,115,96
14368,Heels,1272c41c4b9f6e1a37579686da726a39a2416a765394fd058ea97e9e158a3506,41,30,30,84,30,84,16,115,113
14369,Heels,77582fab22d10471946de0b3181baa70da8e3fe1cc533568083c809f6c7f0d2e,41,41,41,95,41,41,41,115,88
14374,Heels,93d57cc1860e5ecef21cf004c69adf516b5116559bb6908fd15d4551c362c1bc,41,30,30,84,84,96,41,115,88
14375,Heels,68c3fffb679634518764c4cf0b99b206f763c466ba94fdefa3df515d143ba054,41,30,30,30,30,30,41,115,115
14383,Heels,7eccfd4da1d4eecb5846999481545e3543c2da540aec6b6eebcade00b3f3b3c4,41,30,30,41,41,30,41,115,115
14398,Casual Shoes,df4da1f809ac3c015bfb013b6f309a7f8921de3ebdcb76b3e777f34d27e7a3ad,16,41,41,41,41,41,41,115,99
14408,Heels,ce3879c424912c15a71851a2b5e7836b09c9a217b7ab1ac7ac94adae4a4f02ed,41,30,30,41,41,41,41,115,121
14415,Heels,4224a13746f12f3fcefa63423199249d32d1c66c004e4965d327ec147096c6ba,41,41,41,33,41,41,41,115,41
14437,Heels,3f3dd945387f4d1d6cd117e706460fab40a86f7fb8f4ff2a35aea75c1e4f4ebc,41,41,41,41,41,41,41,115,33
14447,Casual Shoes,305fb36d85ea0f06fbd3763c36b2666fad4077f63508f8b8dfa2293dbf9950e1,16,30,30,16,16,31,30,115,88
14453,Heels,1a3df2b99d686ce8c2ddb902bdae98352ff4075b60e79977d446cc727d12f84d,41,41,41,95,30,95,41,115,115
14461,Heels,626e63de7805ec993b0cb9ae8aa7b9bdd763b7bc61d707000cb82096e5caf257,41,41,41,33,41,41,41,115,88
14478,Heels,2d8dfdc8671f42c267a7eb50303b279dd4c745cc43a76d3f73ddd0ead24b3d96,41,95,95,95,84,95,84,115,113
14482,Casual Shoes,022f271a7c7f9e1d704e152b439f504d4879f35b8d0dbf6d992836a96d64dea0,16,16,16,16,16,33,16,115,91
14484,Casual Shoes,1633c2d3f9be21ac971340e6a80b846f88c476136775909bf01962993d59d125,16,16,16,16,16,16,16,115,25
14488,Casual Shoes,c6665dc3ca5f32e54fc06359b3d101076ee174a3e088bf4dd6245215ca2b14d2,16,16,16,16,16,16,16,115,33
14493,Casual Shoes,a837cda39ada11b7d7757fa8e859bcbf7bf2b3dd78f180f84e0772fe9faf01be,16,16,16,16,16,16,16,115,88
14498,Casual Shoes,4b1bb1005e5b74e1c24952cfb318e01b79d567096b8d812299730518788d49b1,16,16,16,33,16,33,16,115,46
14508,Tshirts,3e4322c5f48846926f0949d73f507103fd0769f9082c36456806fa94e74bd5f0,115,115,115,43,43,43,43,115,75
14511,Shirts,ae46a0940e7fbfb1006b25909ce3f04a07675b59032cd2b5237d2f6e2b221d05,88,88,88,88,88,88,88,115,16
14521,Shirts,6f4e54f3c0b74213044df4db762383b6d3344c40882e93484ab7699a9b94ddea,88,88,88,88,88,88,88,115,115
14526,Shirts,9c3a9813989ded3462e13b76368c035ddcb5bad13f804492ec40d467d4e642ff,88,88,88,88,88,88,88,115,115
14531,Tshirts,b7af640d876ab9479396a8e628ec697880f1ed4f33a9a197aff517990f95d64b,115,115,115,115,115,115,115,115,121
14543,Kurtas,9f95b2069a63857f9f5797b4212bec193bb5ea0b0311135707af93a9fea17dca,53,53,53,53,53,54,53,115,53
14548,Kurtis,bc857720edebaf971acb4b370ef90e2c4f8719e8eed0ab127d122efdf87a2a94,54,53,53,53,54,53,53,115,99
14550,Kurtas,067ee98f69e355dd1f2785e4c9b8ace78e4896b62313f33eb127a586b9b4b377,53,53,53,53,53,53,53,115,65
14552,Casual Shoes,fb80e22256493f56d533855b14f355bd89cc530714229855ca7abd389c885ab2,16,16,16,96,16,96,16,115,115
14556,Casual Shoes,370cae4ba0417c62cc57c259724d635577306c35feef9e0bfd2839acf917b3f0,16,16,16,16,16,16,16,115,75
14557,Casual Shoes,4fe1b4951e76f27310e578e0aa2b8a0b11b26fbbd5bc6afe4841ae1ae34cae65,16,16,16,16,16,16,16,115,16
14559,Casual Shoes,2110f81131b8f315cf4d8efe8cc55a7e33e1d5cc2f03195db2dbdd2888c62f95,16,16,16,16,16,16,16,115,75
14560,Casual Shoes,9bc23b07f7ba9802a5ebd20f0855d3a2784fcc9625e9c585fb466e7b42b69f07,16,16,16,16,16,16,16,115,99
14569,Casual Shoes,6b08d2a35dcd850af496d7b8bbcbb6e27c20873a5edc09b9f92e13d2d13db30d,16,16,16,96,16,96,16,115,15
14580,Shirts,587c1d2a5a832eeb03fc140dcf564a987c827031f476ace8f814148aafeb2b67,88,88,88,102,88,88,88,115,121
14581,Sweatshirts,2cf5ace05f814c94a97eaf2120a1dee46c9417c3f423b15ca325bf9a01d410e5,102,101,101,101,101,101,102,115,108
14597,Stockings,1146fa4c4a2a29a3437380d54ffa3f613fb51dc2a10c8b3fe19926c08498afe1,97,97,97,97,97,97,97,115,43
14599,Stockings,351716ccb05b50cc49912f38f0036a3f218c40a1a5b3f4baff4f65fc0db84915,97,97,97,97,97,97,97,115,2
14616,Socks,c98c6315dc909a78382e96f06b9bb9d9b3f754f953c891f360c75fe88cbdbb58,94,94,94,94,94,94,94,115,10
14617,Socks,bf333bdf97e02e2c99716ed9b7fff55d907cc3aa0db482227971d0d3f3457543,94,94,94,121,94,27,94,115,43
14618,Socks,369cc046a61ddf7725d11c7f639713524bdaaf397fae868f162ee480a116c6fc,94,94,94,36,94,94,94,115,38
14619,Stockings,cddfdc54932a6ed754873715c5f06970cc2b3e38d3f3c19da789cc5cf2ea629d,97,97,97,97,97,97,97,115,31
14620,Shirts,2678ef2f84ccbdcb4ffcee9ae328e2009e05db08b922f5547cc6ea2aea278ea6,88,88,88,88,88,88,88,115,115
14625,Jeans,491b5829667c6f3d14db138ace16821a9fd8fb9a97ac2090579bf07b07110514,46,46,46,46,46,46,46,115,115
14636,Scarves,1f9b5f087ffca4e79c623fdd428589670980e07c3e7877d67e39a30fc73c9a8b,86,86,86,86,86,86,86,115,54
14638,Shirts,da8fa334c0c7ddcca6e94ded3f2f78f82a726b4c9924651035bb40b0738efd3e,88,88,88,88,88,88,88,115,33
14647,Tshirts,759ef86f97dda7a79e41daea8b82d5eca0c0b9a0d17c27b40a984386b9ec8a5c,115,115,115,115,115,115,115,115,88
14648,Tshirts,053664ccb73bedf165c9e58048c27d3d75453742910bf5519a02f97ed48979a3,115,115,115,115,115,115,115,115,121
14650,Tshirts,c15bf457d600b2dd32e403b8702cf8462035af748ceb7404be055fc880e04535,115,115,115,88,88,88,115,115,115
14653,Tshirts,794b5956d36e7574a0124a1dc0d7b6a5607188753cb6b9c203791ae70f06c582,115,88,88,88,101,88,101,115,85
14654,Tshirts,cb00c802530057dbebbedca96dab5d3421bc9b4b529aadd78b2124006b11f3c6,115,115,115,115,115,115,115,115,88
14661,Shirts,4556b3e1a873bd701a5b8004857ee84c397dea1a0d46afee9e2e2cdcb7d48e5f,88,88,88,88,88,88,88,115,116
14662,Shirts,07190417f3f098862c148390c6462b3c707b5716b0352b0d2f71bcadd8c92a92,88,88,88,88,88,88,88,115,75
14667,Shirts,25391d1b394f1f6d648674dcce7f70bcabc27d095f2448ef17edf3d57107e222,88,88,88,88,88,88,88,115,96
14669,Shirts,41ebde1a6adf611ca8c7cceba25f25a17b2e3dc7909d18e4b25206e4bdf4a070,88,88,88,88,88,88,88,115,31
14676,Shirts,261b8e6ef725b5e8621842beaed8f1efd35e8b7a5d3f176d80bcb8f21c96009a,88,88,88,70,88,45,45,115,24
14680,Tshirts,c83fb82c1803db75a96794c10e9aa48de7704076801fb56fa4848b9c7b4de5a7,115,115,115,101,101,101,115,115,53
14686,Tshirts,8994e3ec626878a195de473a09db1c9dab617dcbdd75e17d2d0f661d23abe246,115,115,115,115,115,115,115,115,96
14691,Trousers,058d857c65b17d4a2fa7bc13ddb961de4bd0a8e0b9f5fb875c2e7f5f2f41454e,113,113,113,113,113,113,113,115,94
14693,Trousers,53e404722b9ea4a5272cda47f80842d88d324c4a43969cdee08ab2bed1c86c9f,113,113,113,113,113,113,113,115,120
14694,Trousers,9ee13c4cbd7a632f1223d7d7bd8bd382f205b6c9d5b80b11896d2f1307b18d82,113,113,113,113,113,113,113,115,115
14699,Trousers,1cec26cc6bee5166ebe321e9094a477053557b9a1b00a419c042d9befbd02e67,113,113,113,113,113,113,113,115,88
14722,Shirts,76bae5673b66d0ec3758fc9f8ea46991f6036e3563471b23acec99cf4670666f,88,102,102,88,88,101,88,115,121
14726,Tshirts,a16dea6de27c034963175a7cdfbd0a8a7cb0bac3e68a747b5bd018a23af94a77,115,115,115,115,115,115,115,115,31
14734,Shirts,b8d43b560a405ee6b54fc0268b09f62febff180939ac2c49cbbe7be4929d873a,88,88,88,104,88,2,88,115,120
14741,Shirts,6cdd35cf2b030534fd6f3560d4e2379364d7b584971d902eaa6602904dbfcd56,88,88,88,64,88,88,88,115,53
14745,Shirts,dd40896d6c080860c431cb6761a8e9b1dd38f09204396b662dcfa2fd66f6b9cf,88,88,88,88,88,115,88,115,46
14753,Shirts,168a01f87a20bab0fe896583e016dc4b99879b5b05760de6c7507ca80748f29d,88,88,88,88,88,88,88,115,88
14754,Shirts,86f6e71af5f802ccfc1c65f8afefa2611ba3fba957088f450b897b1ea17da2f4,88,88,88,115,88,45,88,115,115
14758,Shirts,29dc9c24d4e6cd6fc47c5e0beaef2a7a94737a0f8a1ca8bf579907ef78306734,88,88,88,88,88,88,88,115,53
14760,Shirts,a21d187f8e96ab2814bb8fc8dce5f6beff3d32d353470e72a1d37d07c3f04d44,88,88,88,88,88,64,88,115,88
14761,Shirts,08ccbd2cad4c94bebf0e3d9af376a7a4f430d87e60b29e3792a75b00871a6f09,88,88,88,88,88,88,88,115,99
14764,Shirts,3d9cef52d8a0bb8cec6b1ae526b6bdd5fea3ae2ef60f221e8349fa688160494b,88,88,88,88,88,88,88,115,31
14774,Shirts,9dabed8a6f73ba6c9b30bdf188ed8211592254081482a2e39ab6263a6b894fcc,88,88,88,88,88,88,88,115,41
14778,Shirts,f96e8026722738d770544b194e07183ffe48055b60d612bc0eac1de924d4bf42,88,88,88,88,88,88,88,115,115
14779,Shirts,19b47b6239dad338e78391c4c6bbc697aa51a03225b5d79d2139ab22320303fc,88,88,88,43,88,37,88,115,12
14786,Shirts,b409bd8c06bd84af52277d7e14644dba9500f59a39dce4fd020824b6eb0d3029,88,88,88,115,88,88,88,115,41
14798,Handbags,986b9d63b12ecf383ea3b7c098ef2ac0386a17e8ae3954c5dc6d45d359b2122f,38,38,38,55,38,55,38,115,53
14799,Handbags,e6e024c242b02fc293b909e28b11f59564f76529ca4135f6d5a9c806897adf0a,38,26,26,19,26,19,19,115,88
14805,Handbags,d4a56044f817224cb1a0b218a496d4bc8c95da7f775db8d329e96275edeb1b1e,38,38,38,38,38,38,38,115,88
14807,Handbags,f4d8e7b20b3d5786ebf6cf551713320f68070a71e27688c66ddf499a88c75cac,38,38,38,38,38,38,38,115,121
14812,Handbags,7888aea7045f8bab8cfb1b1b792a529591c703707870ea767f3a011fed9f1d3a,38,38,38,38,38,38,38,115,108
14813,Handbags,7507136eb103ff055d061306cc5b67fc04e86516f367a8e0831ae624707a006d,38,38,38,38,38,38,38,115,121
14832,Belts,f66dcedb1a0e5743dd1c8fb866679fbeec6a006c2920c7746c181add0dd3f6e5,5,5,5,5,5,5,5,115,115
14843,Wallets,b45457100f41545603c533d8aef3b059f68c774b800737825490d9bc33c9f97b,120,120,120,120,120,120,120,115,2
14844,Wallets,eae1a3b0fc7cfdb0cd8291e46a9c59106f869822a00464c70229834503f1304b,120,120,120,120,120,120,120,115,88
14847,Wallets,d056b1ba24ed23da14a36e31c0b421062663c51e97b3e1b64e908709f217c05f,120,120,120,120,120,120,120,115,28
14851,Wallets,2db2144cdef8df71bf40206f33b484162a6b2c9d06df34494e2ff8e003e1fb95,120,120,120,120,120,120,120,115,115
14853,Wallets,aa9af2b6573a8d15ee15b9c497f0cbf715f6760fb65b586e4c4cadbde1c1006b,120,120,120,120,120,120,120,115,46
14854,Wallets,ecc7f01d588983dc08dcc8ca57c4a590cb23004f3cbc0bf96a83b277719d22cd,120,120,120,120,120,120,120,115,121
14855,Wallets,d9d66eb98e534447e9093eac1dabc6b524c182080f3638ffb72db30e1b4737df,120,120,120,120,120,120,120,115,115
14859,Wallets,25d768a402fcdc40911f3c36914506f401c673e3a2f5ec574b9eb59849280a47,120,120,120,120,120,120,120,115,94
14868,Wallets,eed5e906baad244285e7910ee25caae920cf2d4a91625855ef701e05c71afbe2,120,120,120,120,120,120,120,115,121
14874,Umbrellas,747777d2d188d9c750c6761a4dfb22e68ccb437625eb0e323c4e628cc81d307d,117,117,117,117,117,117,117,115,96
14884,Handbags,0edd7825ec9c4e65c19168f534c810f3fed63d7a061e0a025280103346f657d7,38,38,38,38,38,38,38,115,38
14889,Travel Accessory,2effffa9b00307ca322bf98d3bf37f0a60104828c03824168af0e2ed61ed730c,111,111,111,65,111,55,55,115,88
14897,Wallets,17f6a5bba012fcc0a4a2b6116d4240e279f7a2f02fca13d8391ad2de6584bdf3,120,120,120,120,120,120,120,115,25
14898,Wallets,8ebd2011ac11976f33064c971e5acd702a709fc8e3b0557b19797aba99b4bde6,120,120,120,120,120,120,120,115,46
14900,Wallets,a82bb383f4facc5d791f7d309e32a53592c627c4e2bc97d78f90205a082e265f,120,120,120,19,19,120,120,115,38
14903,Wallets,b55c83713f3a568608ecf51ce1c06734339b127f2bc4ceae51fe1799d7f7374b,120,120,120,120,120,120,120,115,88
14905,Belts,febbd1fa32b08993068ab88d63668534baaa3718ad92d3419027ecf389d94fdb,5,5,5,5,5,5,5,115,84
14910,Tshirts,e85f5677f588af6fa3af7ef212effe7aac3bc483096d8bd37fbc3f439bef6c20,115,115,115,115,115,115,115,115,53
14911,Tshirts,a0e5a7cc2bef73da3e9f23318547cce0b95c986be4c799782c5be040b4661c82,115,115,115,115,115,115,115,115,96
14915,Tshirts,f23ac5d7f02630b5146caf12223e96776dc75f1181d9e4649547d44764424be6,115,115,115,115,115,115,115,115,108
14917,Tshirts,eff398689134e645ea2163697b312fad6df7b8edf992c3f6f345d357fe686e43,115,115,115,115,115,115,115,115,88
14922,Tshirts,b79256d6d013bf144f38d611bbb373284e59edad206396b6fbda7e4ea9534102,115,115,115,102,102,101,102,115,96
14936,Shorts,5698348ac806e7f0ebd8ceb6d9547b18bd45e9a8d817724620cc63425720fd68,91,91,91,91,91,63,91,115,121
14938,Shorts,401b1caf7b9523af7a6c79e123679ee40728ff462580e5d13151321bc991d2f9,91,91,91,63,91,9,91,115,115
14941,Shorts,251bddaaf6b94bb87d5732bdde5d974ffadbd2730421a64316a6a898774fb7dd,91,91,91,91,91,91,91,115,53
14945,Tshirts,54ac982b8cc76a7207ee95a3125c442776f65377ecb8aae76314f7cf760f0bb7,115,115,115,115,115,115,115,115,113
14950,Tshirts,54b409af4f7d4f086f6fcdd833b71eb567893ddbaf29c34b0e8acaaf21735c7f,115,115,115,101,101,101,115,115,99
14951,Tshirts,47f9703e16bb6d590d2a87ccac15c48c37f43ef267087905919d133a89a71047,115,101,101,101,45,101,45,115,53
14955,Tshirts,06a1cba1550dadc756af368da9c7f34ca54edddf9705054cb942a65e9424f782,115,115,115,101,102,101,115,115,38
14956,Tshirts,0c8de64b38e9984f2f108cb0800783c5b7300bdf3b566faa88d07a1ecfac68f5,115,115,115,88,102,88,115,115,33
14960,Jackets,f1c12e4fb8d424fbb0179f3e21a2f1ea09994480225e0307dc05ec6ce9d5e533,45,102,102,102,102,102,45,115,16
14962,Wallets,8f3158a9b5982c927c1c2d972db31b126adc826f126a19ff38f53019371b3c6e,120,120,120,120,120,120,120,115,16
14967,Wallets,98686435a32d4a9ea929b0ad68cb272300467af0bc56f395c40efda413b89562,120,120,120,120,120,120,120,115,91
14968,Wallets,0e90a7d2b096e171301f202d238b830000b9e0d669e8c06963ea15d274431453,120,120,120,120,120,120,120,115,113
14978,Belts,06feb9f956fe4db904f3f6618f2b2ea8820575ab53138f032f0986b3d78ba73e,5,5,5,5,5,5,5,115,53
14987,Sweatshirts,0af329b836986f304d14ee12f971a00634eeadbaef4e3bc7c997eab7b3b2ecde,102,102,102,102,102,101,102,115,88
14994,Sweaters,531af1c2febf5efb1da0563c12358c1105a09aa14c91f7e8e1729dbe22ebe399,101,101,101,102,101,101,101,115,48
14995,Sweaters,59eca3b33b8790a39ed7d1555aac9f5d7101d1e1cec93957f2a3501c7e020623,101,101,101,101,45,102,45,115,94
15001,Tshirts,412d39e7e818c5c853c6f142212b315e17f17c57154b32d2e5a3cce471375384,115,115,115,115,115,115,115,115,84
15002,Tshirts,c7cbdd4933bd9cb13cda56a4a3a8cfa3c5c9faa28f89bb5322178d1fb05d7a28,115,115,115,115,115,115,115,115,99
15008,Jackets,65c579a4c7a0ae67fe2fbd3059ee0b16bfd34f062ff3cce4961b219f40db54cd,45,115,115,88,102,88,45,115,102
15017,Sweatshirts,9a6744f55e8ebf0032e774d0a252a0881b9a177697304a5c829bb73f4136f9f7,102,102,102,102,102,102,102,115,96
15026,Sweatshirts,ddbf4aa5042e1c0244622683c81a99c91d86eb43db0ab5ccae5350a6836ddeaa,102,102,102,101,102,102,102,115,88
15042,Tshirts,3e7b0778216d8142903d807e0bee334b9ce61da4261eb6adcdd14139fa6a74a7,115,115,115,115,115,115,115,115,121
15052,Formal Shoes,58026ccc3c38cc9b90e2b3d202f85518248050873d45a677ed6e078231427df7,33,33,33,33,33,33,33,115,30
15057,Formal Shoes,6f1b9f35cb342e403d83c5a55e88408547d737770a38725fa59309d0db5645f7,33,33,33,16,16,16,33,115,16
15064,Formal Shoes,ba61b964aa6d363c7387465fee8af9b683f2ed87f259522f4b8dd2ae7366a657,33,16,16,33,16,33,33,115,75
15066,Formal Shoes,77c58bdf8cb1903b0c15946e9bb2d96a513810e53cf6b796c87b3dacb2a139a6,33,33,33,33,33,33,33,115,96
15067,Sandals,55da86f572512f96ad4510f1bd22a00679335b2a1a00c71c06a901189cae7b44,84,84,84,84,84,95,84,115,41
15073,Sandals,fba46357c791be7f7a91c947e3004f56aa35184d5aa3c326b4de7707c01740d1,84,31,31,31,84,31,84,115,88
15075,Shirts,965357367d95362a27a54d7ff5480c5e05ef70e7ad995446fd18777a6e48e5cd,88,88,88,88,88,88,88,115,96
15087,Shirts,a2ea95799a07f9ec1d7b66ad7ee3cad5d77108cbaac97d80a90a5952072e6df5,88,54,54,101,88,101,88,115,115
15096,Kurtas,c1ae39d6f208374d875dbb90c17bbce8a059522fc73758a62ac994234f082308,53,53,53,53,53,53,53,115,31
15109,Trousers,cfa604d18ab93eb36b84930ef8b79c06b777795a94522b5bc7020d2951c3e5ce,113,113,113,113,113,113,113,115,116
15120,Trousers,9fc8d0a6496425847659a458be04ad01a442ed16060e9a5644ecf1b381cf2230,113,113,113,113,113,113,113,115,121
15123,Trousers,5b7d29e3c4048a8d93a46f4f10b5ef78e509677b04f9ca4d479323ffb0e1bba2,113,113,113,113,113,113,113,115,101
15124,Trousers,b889e68ba32eea6391d0d17ae697f7a5c2fa21912bee28c0a591aac57c398a50,113,113,113,113,113,113,113,115,115
15132,Trousers,396b674d33e322c537810fb9d43a0bb7cb0d0f494dd7307e996764aa6f634595,113,113,113,113,113,113,113,115,5
15141,Shirts,b957d9de7b7df5d446d5a8ba5d6f05f50448278006bb4e11669e543c3c3f92a6,88,88,88,88,88,88,88,115,38
15147,Shirts,ac6da86c577b05799113f655ac626a041af73e79be07c3a4e549fe67a4b4f939,88,88,88,88,88,88,88,115,33
15163,Tshirts,5b0403be219219a415374390cb11386c84fc3fcc98a8f2542e36fdd1f48b3118,115,115,115,88,88,88,88,115,59
15169,Tshirts,10690803539ad49afb66720789c36579d65b6d127ff7858d2e12f6bf49312254,115,115,115,101,115,101,115,115,88
15184,Sweaters,87ffa5dcbbc0bc176c30569f0515484b3dc317338e08af30d2dc6f7218e9afc0,101,88,88,70,101,70,101,115,15
15185,Sweaters,9fa410a62e75be255425f85556466b48135e2139f6b6606dd5253883688c748d,101,101,101,101,101,101,101,115,36
15189,Tshirts,71fbcc712b96750f1cf9342e8b09aec1e02c28e658bc7be2aa38412001b91971,115,115,115,115,115,115,115,115,30
15201,Tshirts,4d03557a9495079f221f76e7772534adb596683d242fcc04a2b7f4fa537ca277,115,88,88,115,115,115,115,115,121
15209,Sweaters,34ccb86aca7d85f3d59a9e5385040368f973821703dff7475387e049bd710455,101,101,101,101,101,70,101,115,115
15215,Backpacks,e0a33eeb046a35fb2e79540b69f09bc0b639015310ccdca649049f5868081e22,2,2,2,2,2,2,2,115,115
15216,Handbags,52fe49459ec2ad65e0196162b00fc9fe405fad9678d323bd1985309980a2f6bc,38,38,38,38,38,38,38,115,105
15219,Casual Shoes,8e984c1eac09f21e3f890e271d0c67780ea6ab91f00383d993ef17701e8e8170,16,96,96,96,96,96,96,115,25
15220,Casual Shoes,d901acfb4ad0492c52e96dd32aeb988c118e501eb581068763d677b5dff0588b,16,16,16,16,16,16,16,115,114
15221,Casual Shoes,75825cc4f96edbf54fc0bd461ea7f6fd1530015d59f8c29be774d9129bcc6a4a,16,16,16,16,16,16,16,115,88
15226,Casual Shoes,b3b853ed192146e800bf1f8c8554b1cae4a6730342a1cf464c13813580d5b599,16,96,96,96,16,96,16,115,96
15228,Casual Shoes,ee1e66488bf76d87369b08c093f2bf15e8d02f58288cb62bcee13b613994264b,16,16,16,16,16,33,16,115,96
15245,Casual Shoes,40ebdbf84196f0a8c1332f2b3c372b31d38b78429e7093a9dbbefc990772cc4e,16,16,16,96,96,96,16,115,115
15248,Casual Shoes,8ad99ea72b33a3ea0ae64e5e3acfb3914003e2353dbfc5d2759ee94330acb784,16,16,16,16,16,16,16,115,113
15252,Sandals,2f445f9d068a2eafd1c6c150e61acc28a4648fc1cd45286a87137ae2c7806310,84,31,31,31,31,31,31,115,16
15254,Casual Shoes,febe7422ffcb3c96186643c09cbff43e6d8255ab27aa86ba6ad06e8dab9d5e5f,16,16,16,96,16,16,16,115,30
15261,Casual Shoes,1e76d8550b8dca1b0be2f63f38dca6123d35462bd9747944869f99f558415bb9,16,16,16,96,96,96,96,115,115
15266,Casual Shoes,0fa7a3663afdbe82a6d4324dddd2fe3f948f8f0f1538d41f161d2304be89e4ca,16,16,16,96,16,16,16,115,99
15271,Casual Shoes,d5b65ceb3d7f6bc2fb5e00dea3ebcce6fdd5a00c127708cb7087e7c5a270503d,16,16,16,16,16,16,16,115,12
15274,Backpacks,f71770a5426923234ef787aff8397f1d14da2db0a549fc2256a333887825c741,2,2,2,2,2,2,2,115,98
15283,Tshirts,565ba1d6a086a02a714b03813c69506d3e77384e86bf6e0b958a36fa53ab4622,115,115,115,115,115,115,115,115,94
15297,Handbags,bf4799cf7283244a6cd76b75d9cca29e166b1c6cf9fab6263c2436a50c50a4e4,38,38,38,38,38,38,38,115,88
15298,Duffel Bag,40f506e98d1988776d4b3482f75d44a758adb903cbb233ecdb51fcf4f2d176b8,26,38,38,26,26,26,26,115,91
15300,Sports Shoes,5700355f158e2095c926d9f5db5e06afaad2a2fda15622b1b3f8a5fff405c54c,96,96,96,96,96,96,96,115,88
15305,Sports Shoes,8398d5a6419c856ebe8a20671b431b93ea026672edcbb339e96d0838b04084f4,96,96,96,96,96,96,96,115,88
15307,Casual Shoes,4cce7a8e259ea12190cd77fd58e59127dbdd8e755030e539d309a13f78b25705,16,96,96,16,16,96,16,115,115
15309,Sports Shoes,e6d866848a6fa3557a53296dd0988bc5cac741b840bdc94e7dac5f1e9ba1fde0,96,96,96,96,96,96,96,115,2
15323,Jackets,6e6612fbc9fc45872fdfc787731ef7d2e6ccb7c277dfcaa95f2de0cfc3a03456,45,45,45,45,45,45,45,115,46
15329,Sweaters,0bc4965185776437fe962534d0c099b62ef8b1c3a539f074b2f8c14be2d208af,101,45,45,32,102,32,102,115,41
15341,Shorts,592a23f969da76603f85a2352dcd15a138ec53a009b89d6a6135e3fcae071387,91,91,91,91,91,91,91,115,16
15343,Tshirts,3b5b60fcf14304223e6dd83decd91850488281f8d98284b92bf7fa8424813df5,115,115,115,115,115,115,115,115,115
15346,Tshirts,27fab64363eda933919d81b8fca5f20a6732b8455caebb9d69aad3d0eb46bdf5,115,115,115,115,115,115,115,115,115
15349,Free Gifts,1efcefdb83b2d963df54dd556a837b9b8aadaf0a2b0121227d667fef20f1afea,36,115,115,115,115,115,115,115,53
15354,Casual Shoes,8508db303af623ddc11c5f119b14b43c950860f3a64481a91adc43f7f6522df9,16,16,16,96,16,16,16,115,99
15356,Sandals,8e7750dc1f931c85092612e2f50854f921ce0fb0cb56ee412a04aec9773bfdc2,84,84,84,84,84,84,84,115,85
15363,Sandals,5b8f7dd5404f13eec76288205bfd13bef33104d8ad612037a1835d66965daa70,84,84,84,84,84,84,84,115,24
15372,Tops,a00460c446d7662db71091b0b2174b17d00abd3c19d51c209577d96e5aa5fce5,108,102,102,101,102,102,101,115,115
15385,Flip Flops,af0c61e239feac48d108545a7fb0fa362a0a1cf47b5ddbca97f1f040f891fc05,31,31,31,31,31,31,31,115,99
15387,Flip Flops,82d4df9dd85922c92cb4350e35bfcc68150563bbdca087a447fba96332e1e268,31,31,31,31,31,31,31,115,113
15394,Flip Flops,6628bab9f68b722762c52f5885cef393e385f0bbcbdf2f91f1484da5998d1f83,31,31,31,96,31,31,31,115,16
15396,Sandals,f7188982bca131f00284ab64f4de8f8b75690742b2705a0cb24d65d2e8960429,84,31,31,96,31,96,31,115,96
15398,Sports Shoes,5ab05c3c5ad7fce9cac41a30897c7fe3fe359862b18cc45bddcbf7ea67be9970,96,96,96,96,96,96,96,115,16
15405,Sports Shoes,77986d52dd1a61f28f8e5d8a46cd6cd928e783f3737de0af7a6d43ae5e38d7ff,96,96,96,96,96,96,96,115,115
15408,Sports Shoes,ca0fa38a37b2278e609de4da235739cba551ec2110da6b79d1c520f0ec9ecd19,96,96,96,96,96,96,96,115,121
15442,Handbags,f73c99e4ed5ae34f6134ef40e6f2a1ef4fcf0a5a2adacec3a83fa54eb7a509cb,38,38,38,38,38,26,38,115,33
15467,Shorts,f34f688ba7224e15e901591140dfcaea4267e09b2fb800853f8a35c60f1f3571,91,91,91,91,91,91,91,115,115
15471,Tshirts,91f9b2dba5c0778315274a295d310487086094e59d08583bff1bac0ab6deda50,115,108,108,108,115,108,108,115,38
15472,Tshirts,2a0fadc3c6422d81ca793a9be96467798ea9a8d3b96161b119f5ff32049d954f,115,115,115,115,115,115,115,115,115
15476,Tshirts,97bcafd3edc1f2c6f0988748bba2aa3b735a0b9e73d6014c579ff6097e42ab88,115,115,115,115,115,115,115,115,16
15480,Track Pants,6698ad4852e37f320e018cbbfb983f2d3bf18e66fd65907528c06c0bdc36a3a6,109,109,109,113,109,62,109,115,91
15487,Flats,b2e07fd3349e9bfbe016f0607a32f823fd5439ade4998ed09ef4dc63fd399652,30,30,30,94,94,94,30,115,38
15491,Heels,2dc4a7f44ee3e057ec23580b08f9180ba6b533fcaeb3f9711b3ed64996de0269,41,41,41,41,41,41,41,115,91
15492,Heels,48dcdb6c2eeaaedadef480fbadcc8903be531f7be7184a4c985167317c3a44c9,41,41,41,41,41,41,41,115,121
15494,Casual Shoes,e3ec6008f4e786dc8f6b625ecfd5f5df3bb7a11dd7c21733c8532c78836d5f9e,16,41,41,41,41,41,41,115,30
15497,Heels,e5ee164b6507b49da27adbb4ad36a9faa8909164d6a308dac1bfb3a6b5c54e39,41,41,41,41,41,41,41,115,15
15502,Casual Shoes,11c2c1d96f6c203e6ef07b540fcd34830951b33cdbb338a0636e709b0fff0e2e,16,41,41,41,41,2,41,115,108
15508,Casual Shoes,64eebd9a7771b1e60f658f3ad820f7939bee09886550ef9d83b19458eadc973d,16,16,16,16,33,33,33,115,75
15518,Casual Shoes,22db9089b3cce2be431a1e9c6ec8f54ad26bbe53976c36176a37bb402d3cedc5,16,96,96,96,96,96,96,115,115
15520,Casual Shoes,403e1c563c1820b3f6e7f0ada190c99e3f6432e2e83135c99b4699a1eee32a17,16,16,16,16,16,16,16,115,115
15523,Heels,253a0830cda49f7e92f7b5a5a83f66bbcc82a4210875cb26d1d34273ea95455f,41,41,41,95,30,30,30,115,43
15525,Heels,3f400945382b01e0871cc83b83dd57c881b938aec6fee541a232914edaea6a19,41,84,84,31,84,31,31,115,25
15526,Heels,009c81a590fe84483e01af2da53af81aa2271fc68896de24726fc194fffa7ab1,41,84,84,84,84,84,84,115,115
15542,Heels,0d13af5265dba0c1462a2c6c1a2cb58508f33bb7f36cd15dd9f05d4b33a3f772,41,41,41,84,84,84,84,115,38
15550,Socks,e34eb6f3efa7cbdab1ee075d6626fa6cf9698df650955064079f57d3dc45d571,94,94,94,94,94,94,94,115,91
15552,Socks,0af640688d9586ac444b3d4ff2a60f6d472caa8205ca10c56ceedad7e2df6a18,94,94,94,121,94,121,94,115,84
15558,Shirts,b46037fde8116f3f86bd7802e2f3b76488ec3b869e126f166f6a8b1a4930e48f,88,88,88,88,88,88,88,115,5
15561,Jeans,0312f39694724e4900c92346ab64fc97dd1674fe8691eef292f8ab960ae3d075,46,46,46,46,46,46,46,115,88
15564,Heels,e80fcf260d2851b1e0f17e6bd3006026a7fb59aef7df812c12aa10aff1e1114f,41,41,41,95,41,95,41,115,94
15566,Heels,0babf0890a1ce6aa5592aca0b4a99a1e92505a4d77bfb5dd213cbaaa76066198,41,41,41,41,41,41,41,115,102
15572,Tshirts,f73a0e32f6b5eb55b5ed08715f2cbc6276789421958ab581266e362c884eafcc,115,115,115,18,115,89,115,115,38
15573,Tshirts,84751d3ecbbc05dad614df9cdbc783446121f4f5e21b49aa145e0a141bf243be,115,115,115,80,115,18,115,115,88
15574,Tshirts,1b019e937df136c89c43e98c1012fdd2e2cd5680495c4942cc1bbdbd55ba0f13,115,115,115,115,115,115,115,115,96
15578,Shirts,ef0c2f3d97668dd04c1a5b902182ed91dbda9cc356e4fcd1e6609545e93fcd1c,88,88,88,88,88,88,88,115,115
15598,Sweatshirts,ee99be734b9524b92cb9294190e1a7c0a609e122a4554d497abeab88e6af6507,102,102,102,102,102,102,102,115,96
15603,Jackets,a4f83ab4f7ed932fd9cccaa55f202e7f0891cbd5cf067e14fc74d85b7d8eebf8,45,45,45,45,45,45,45,115,108
15606,Tshirts,fbec21361037d1a58bcddf724a6e595e9a959427c1ef273f16fcda0476a0574c,115,115,115,115,115,115,115,115,26
15609,Shorts,7a1f0c83e22b5bdff91e90a70037511b9dd3bd1ce026b184286401bac95c1cb8,91,91,91,91,91,91,91,115,41
15613,Shorts,a8a2c27d79d746fa3839a5247f2222bf9230fe56d91f35dd40fe4a9a23da30c6,91,91,91,91,91,91,91,115,113
15617,Tshirts,a6dc88feb20968ae878429d22c647a06073ca469938521f9ae4f827740fd006d,115,115,115,80,88,25,108,115,88
15622,Track Pants,3a67c40fecd599281038ae2e7dc3842cb7a4270ad237ae6e218dd9c4ef83f72e,109,109,109,109,109,109,109,115,114
15637,Tshirts,5bbb9975a89333fa4f7cb231bc7b24c8b8459ceb1d95dd00f1740459902bad9a,115,115,115,115,115,115,115,115,41
15646,Tshirts,31678440ebe4d8ac4836710858664ee2313661233c56889c1b09ed0947792846,115,115,115,2,115,2,115,115,115
15665,Handbags,114b01c955e58747a47acb01b0d3215743c3fa6dea103330a931118eda26830f,38,55,55,55,55,55,55,115,88
15671,Jeans,fbc3afe08ccbe1c11dd6b267ebf1436ce3b032b9985f15f9297dedbfbc1db2aa,46,46,46,46,46,46,46,115,16
15679,Trousers,1472dbf305a7ceaaf8c9a3e86cd9f7ad8a78eb0a2749e517eb00c34bef3d4a45,113,113,113,113,113,113,113,115,46
15682,Trousers,982e5615713c55765a3afff599cb69c8a2c7db2c7bfdb15e53690119a82656fb,113,113,113,113,113,113,113,115,28
15686,Trousers,8d27d896983fce5eb4d61db380895207e153f9ca716225665ba639d3a07efc64,113,113,113,113,113,113,113,115,115
15693,Shirts,15420ae48fb6b5d417ab7297e183e4910284044cab848db09bc720a12144a998,88,88,88,88,88,88,88,115,115
15705,Track Pants,e42a344080c47051a2855b1e163c19c168e42dda7fac84a6ec7f17c21dad09ec,109,109,109,109,109,14,109,115,33
15716,Sports Shoes,c65312701c37e33c50a5d852f4ada2f40fe89fd8fcb88c886d27bf898a7b7601,96,96,96,96,96,96,16,115,25
15720,Sports Shoes,a658b8ffd84ba62b7836469e727120d97725fa513653812633317d19683d8f07,96,96,96,96,96,96,96,115,115
15731,Casual Shoes,32aff84d6e45ef336b39621b2051eebbf8c3b0437196f685afbfabf2542a58e9,16,16,16,96,16,96,16,115,88
15735,Sports Shoes,bfbf7cda317caf6fdac51778316b1d2cc967c88beb4dc1cc79bc8afde3080616,96,96,96,96,96,96,96,115,24
15741,Sports Shoes,93ee1dfe0908b551e0af29cf8822601efc64d55781c1fde73cd6ac8c10230dce,96,96,96,96,96,96,96,115,115
15751,Innerwear Vests,ee610ea96d5df365d8f9f8026596a40f3dd5508d575bef9e790a9fc50fb663cb,43,43,43,43,43,43,43,115,96
15752,Innerwear Vests,84336538996f34f1ae53f5a964d14cdb0c04937dcdd5126168190ee2b9b4b9a1,43,43,43,43,43,43,43,115,33
15756,Innerwear Vests,218420a6fdf6882c6d62996a72a1f910fbad21b4698aa9bcdd7ee2affcb849d5,43,43,43,43,43,43,43,115,115
15760,Innerwear Vests,86c8196c49bb38859d682fd22f623fe456002911e6b3639734ed3bd0be317d38,43,43,43,43,43,43,43,115,88
15768,Briefs,e738ed0cb142ce31bee3a1c9a91d6beac4bc7fd174cba0ae5d81f136e3c26d76,12,12,12,12,12,12,12,115,84
15772,Briefs,ed8931acdd362afd6de893af51fcbeeef7dd81d6819d22e533b5f4bc414f52e0,12,12,12,12,12,12,12,115,115
15774,Briefs,8e1c00044a8d7c9a48f16de29f0c98e8ee37058579b3848a3a41121415752a9f,12,12,12,12,12,12,12,115,16
15775,Briefs,6da4eda3edacd61c57416ae14d4dea86f903663a486d8e32c6ec92d5efe5fb11,12,12,12,12,12,12,12,115,96
15779,Briefs,9936030d54c77b83e2c85ba0b62beccfe098f83f59925c5b920960e9e72c7ab5,12,12,12,12,12,12,12,115,30
15780,Briefs,1020faceae1df3959c51c3788bed16a1bc9da6e90113a3d4f0a1af8a06bf4c4e,12,12,12,12,12,12,12,115,46
15783,Briefs,03c241d28139a08e2c834e8120704a8882fa2c7a7a8e47ee908b8d6bffe4ddf3,12,12,12,12,12,12,12,115,108
15788,Briefs,20d75507198bab5c299c7ce43894f5e0bb83f8f8ed3149b2ffed19cad2a9a42e,12,12,12,12,12,12,12,115,102
15793,Briefs,3896cf68774c69f738ae1b27ca8103a6dad96a9bdb3ccfded2cf5a501600a944,12,12,12,12,12,12,12,115,108
15795,Briefs,7fdc95d37ddd0b078752ca932b2208ea2fa6e42a324087eced4e2881e1a58b5f,12,12,12,12,12,12,12,115,115
15799,Briefs,512a6891baaddcea1278a75f24391c1690117b381d561eecaa87da9ca0a4ed67,12,12,12,12,12,12,12,115,115
15800,Briefs,05412e2e9d445d816bbc9f4ff149240a7fc5fb91c91c81ea5003593a8b7e305d,12,12,12,12,12,12,12,115,99
15804,Briefs,cdcc762ad1c5ba06d520ef2330918a59cdb75dd860e3ccabe316b3df5532e36e,12,12,12,12,12,114,12,115,96
15815,Briefs,c0a5d923b1002f5023dca7977e4956bf0f418c13b1e6394ab18218a6ffec3417,12,12,12,12,12,12,12,115,38
15817,Innerwear Vests,354262e38179df64a2ff641b46e415f3a2fbfe8f99fb816c96a6329ded7a82fb,43,43,43,43,43,43,43,115,46
15820,Innerwear Vests,9b391cc11858e98524bf85ac6a79d1f64ae18e1e559e206a445ed868613f6fd8,43,43,43,43,43,43,43,115,102
15825,Innerwear Vests,87ee44c477e8bb5b4838f4b8af33496576174c771d68e5a8cd5d662526de578d,43,43,43,43,43,43,43,115,88
15829,Kurtas,f8c0fa3157c027656f88f605455a78c4a275a81d2e629f7fd650f35d9fc6eb3a,53,53,53,53,53,53,53,115,116
15832,Kurtas,b5ad95b605344241ec00fba95b953c83395da2a2cfab0238a4b49c735fa0bc59,53,53,53,53,53,53,53,115,115
15833,Kurtas,f62b6439f85606505e1e7ab83f55c219738e1d7a919d81694da04bf37c258d81,53,53,53,53,53,53,53,115,88
15839,Kurtas,0187a22cc2fe20a36af292783ec89b063c721b6bc10b2b5b4a7324d5954a0f7d,53,53,53,85,53,53,53,115,5
15847,Sandals,37f4a6933e211770762a691b221a9618d8941293a3080eefc670e7d57810f564,84,84,84,96,84,96,41,115,38
15848,Sandals,70bfcac186c5d5086edc6f8d75b1ecd5f77d38f5733c5724c839d0dd8ddfa584,84,84,84,84,84,16,84,115,53
15852,Casual Shoes,534641c6d6cad3c37b496a20042f430229e89afe2f89572add36bc1d151b01c6,16,84,84,16,16,16,16,115,108
15861,Flip Flops,2daec69d203e7b6f32375b2db385c8582888959fc1a74160f6714fe21e3e2cea,31,31,31,31,31,31,31,115,88
15865,Casual Shoes,4e62e6a4b7fad49c9b23c4662eb93c4cea21b2d89f921e9b21c3a29ef11ff3eb,16,31,31,96,96,96,96,115,109
15881,Casual Shoes,f66d88d929fb9c8a0db4a8734fbc67adcc7bc5817cc9c1cf674edd7c2e30ddd8,16,84,84,95,16,84,16,115,121
15887,Sandals,d3e328d56110d96cf5e6913f6fbfc9f9395ffe12fcee75c0587872f30821fb0b,84,5,5,31,31,31,84,115,53
15888,Sandals,f79e099164da765b4c1bbb2cab76deab9e4ff6d5279b6e16bbf8e3f7a10de81a,84,84,84,96,84,96,84,115,88
15896,Sandals,78c2a0affd98184eab34ecfe18cc044540c1b1c02927a8d068705d128868564e,84,31,31,31,31,31,31,115,108
15907,Shirts,c8066919149c75c6326d5fb1e7466e79dce3eee341396f15dd270e343fd5a423,88,88,88,88,88,88,88,115,109
15912,Shirts,c724ffcae8b788da239088f712ba620df05729e7e2aeac98fe30ec78cf13072a,88,88,88,88,88,88,88,115,2
15915,Shirts,357735696dc3724ba528507e2ee9ff731941cc7fa7110168f1733cadac98676e,88,88,88,88,88,88,88,115,67
15924,Backpacks,5977df1c4a4a4047d58a32b4c27fdf4abde226d7a838fb988015524d41131e05,2,2,2,2,2,2,2,115,12
15925,Backpacks,445fef6c279abdb2efd5f361ca9edc87d3ea6a63cf6387345ec2cdcdb8bc9127,2,2,2,2,2,2,2,115,115
15926,Backpacks,acd28279d1e1c8d6a2d8033416d64c05d9f9c9af51fb3c56aeac170d2002a9fc,2,2,2,2,2,2,2,115,102
15927,Backpacks,e8d7fc868b972e0607c137e4a132d13c12fc09a0ca57cf7bb97ee092d03fa6b7,2,2,2,2,2,2,2,115,38
15928,Travel Accessory,7d0f2ee095dfc064ae68b83dea5fbd48e4a4a73cbcf36fdce451e1304f0e0e07,111,2,2,2,2,55,2,115,96
15931,Tshirts,2a62c660982760b5944e680d0f10e82ebd8d22cd1402d4bd79c209b94d5dd7f8,115,115,115,115,115,115,115,115,30
15933,Tshirts,fc515b02f24c2fa97725dca0b4d864c90708e77009c116e40eae0af31fa66f3a,115,115,115,115,115,115,115,115,5
15934,Belts,f9a49c84a15331a0afe0fe18369911af97c400a377e8b65df4614a38829068e6,5,5,5,5,5,5,5,115,91
15939,Belts,8e74dc0ba7d1f97eb3ed2a2b36d3238c8d4c50bce24787cd5ede8a938a8ba10f,5,5,5,5,5,5,5,115,84
15942,Wallets,bc387d5a21bb02fc60a0fcd9caa52dae867c6c1017f31cee6413787364618bda,120,120,120,120,120,120,120,115,3
15955,Ties,0f8922791ffc3c51cb53c2eab621de1b5e36ad8f553f6d629e92579eb0b8fae4,105,105,105,105,105,105,105,115,101
15961,Ties,65f1c645c380f8cbe05504010cf8af54957d24d7d76809099574f46be90d968a,105,105,105,105,105,105,105,115,115
15968,Shirts,565d1d9694d2cdfc763e32b907d21fa146729a3575b2f1cca1cc3bda8edcb6d3,88,88,88,88,88,88,88,115,115
15971,Shirts,3e380bc4253bcdd8313a185f2a90b6d0e480caaf87280377a951b9f4418b002e,88,88,88,88,88,88,88,115,16
15982,Shirts,7a51f9fb5c0d4d3476b53caef032f9d34bcdaaadd5758b925c834ff91c3aae53,88,88,88,88,88,88,88,115,93
15988,Tshirts,f954529a42176ac49d2408c708d0812f022660f65800ee021742b90a0ad19b25,115,115,115,115,115,115,115,115,62
15992,Shirts,aa79c5cf6e38cacefb5c1a19d4f5e05ca312b7626f89288e3fd63d5c80e4646f,88,88,88,88,88,88,88,115,121
16004,Sweaters,9f3b500d1e564ffe9935b9875bbba0941a8d96e85a8d8de973268762076fb2cf,101,101,101,115,101,115,115,115,99
16006,Tshirts,d2a40dab9461a785bedfa775ff7e28faf20d1e63ffdf86c53ebbb816662fb8f7,115,115,115,115,115,115,115,115,75
16017,Scarves,06f30ace72d3a950f479da9da3d089587bddf9ecdea2495c569babe4e56a7de6,86,67,67,67,86,67,86,115,38
16024,Shirts,f8263c0ce3bfd85e28fdc696a9c8db374d94d8106aff1a9b942df76575e3d7f3,88,88,88,88,88,88,88,115,121
16033,Shirts,6e03acc7e6266a56355068c4fa041eea8c9512f2cc8cd249eab855345f04ee4c,88,88,88,88,88,88,88,115,12
16036,Shirts,e8d418cbc7b183d30238df9c97586a6fcd68ef2ad87bea204e12ba16aea05cae,88,88,88,88,88,88,88,115,96
16046,Shirts,e4a072ef566e23907dbbfde50295083df0588e283ca293c107b4b98ec46cfb45,88,88,88,88,88,88,88,115,96
16053,Shirts,84b0948b6303f616008d4d7b9e36bee57b151d2173be1248db6ab6d94968a98e,88,88,88,88,88,88,88,115,120
16058,Trousers,bf69725e560b6a84f18ea9adda06e656357d33506f6d1cfdf1bc33a16dee1ce5,113,113,113,113,113,113,113,115,24
16070,Trousers,e577bd8795af3b0197a566a3b56aa8c207efe454952328b5ed259d68a2f615e3,113,113,113,113,113,113,113,115,31
16080,Sunglasses,ab6fda6170ca3d54a90905ba53f36453a4026dc84199956b0e33ad85a7d82f82,99,99,99,99,99,99,99,115,69
16083,Sunglasses,b4a6c8336e7538e68987757f99e06c48ed2ce63b1160e60cf377398dc39dd077,99,99,99,99,99,106,99,115,38
16084,Sunglasses,ef7a576b155d24f39d03710eca15f5c1c23ba67b63ec41e070e8993881b1c910,99,99,99,99,99,99,99,115,72
16089,Sunglasses,4d61e356dc07070027570c9e174e0ed864aad7f8895e454d3faa1bdc2787add1,99,99,99,99,99,99,99,115,54
16090,Sunglasses,7c4be820341560990e0830c6d22ceacbccef37270b63bafe94f6e9cd10f7954d,99,99,99,99,99,99,99,115,41
16105,Sunglasses,52c6768233f448e957a0736af5b77654cc5a089084c5195a351737aa8cf69466,99,99,99,106,99,106,99,115,54
16114,Sandals,f4ff6930b267a2c2f9460dac9cd17f4942a8546e1b871e8d2224a9ffbe9cb9ba,84,31,31,31,31,95,31,115,14
16118,Sandals,5f993e9c3b8a8159e652eb4033e81422772fe1ad1ff5a56583308e03e1e549d3,84,31,31,96,31,31,31,115,98
16125,Tshirts,af6778ea9cfe805cfc3b0f39bc95746eabcd366ac9c0124cb38626386048f246,115,92,92,101,108,101,108,115,41
16127,Tshirts,2d27844a51b064a3517ca01ae759f992c1b33acd51af2327c561bb31ed817ec5,115,115,115,115,115,115,115,115,115
16128,Tshirts,1a0dc7cb5d01c54d0e5424bc269ee0705fa48e7f95b5e9dc0aafe697c2ee0579,115,108,108,115,115,115,115,115,30
16133,Tops,9c7f3bd7f93b03308be84c7462112fd5fe1b5e6caac6d3a55bc797f37e1024a8,108,108,108,108,108,108,108,115,88
16158,Formal Shoes,f2c52afadbda942f7f85250c4310baf124e18f10254be6d9a221bb2237ca6a34,33,33,33,33,33,33,33,115,5
16159,Formal Shoes,bd8ccae12af441e64d4eab398f6e6c01b98ad8a55e9f6feeb8ccfc067c185d6d,33,33,33,33,33,33,33,115,96
16164,Sandals,4048bf4e75184f62abc1d630b3094e098344fbd161a101fe1bd00a3170bec322,84,84,84,84,84,84,84,115,31
16169,Formal Shoes,6b9688212591156ea87b4f47016493c038011879332cf62995e0f10b5ee74b2a,33,33,33,33,33,33,33,115,31
16175,Formal Shoes,691b803025dbf6693dfb0e25cdcdc1ac7fb579b81da968188ce63b0f1a22b8f9,33,33,33,33,33,33,33,115,108
16190,Jackets,d97db42922c3a7e4446b6de62a5bce97a71a93f8bd5fd2120f09815d4649d2a1,45,45,45,70,45,70,45,115,31
16195,Sweaters,5579d616e76c04093d27eafd029fc3015c0f17a0d5937806edc3b62a85dd845a,101,101,101,101,101,101,101,115,16
16203,Sweatshirts,9b4c5eb86e15def58623bb78f63fab76f546b0d259caef0ad85c70b213aa6469,102,102,102,102,102,102,102,115,108
16205,Tshirts,3a42395b945e995c8a4765a9d155bcd506a2da0d07a1ca334f4c7243a2e2a207,115,115,115,88,115,88,115,115,30
16219,Sweaters,64b95f327117c3e812e268ca7c1f81cf4ac3ce04549dcf248809896031f25cf8,101,101,101,101,101,101,101,115,31
16221,Track Pants,6d8ee7de4d45d871f52306b1538a2ef2016bc8888ee0ed4ced3dc1f84ca6158f,109,109,109,113,109,109,109,115,121
16226,Capris,1bed397f7ef3df8f4a4c8a321469f061870d4f0c7818da62812f27cd1d06f302,14,56,56,14,14,14,14,115,3
16229,Sweatshirts,ee962b478db4222873c38da94866848f2a36f16c396814b773f4bac7e259d4da,102,102,102,102,102,102,102,115,108
16230,Tracksuits,12114249f972f3b397de63d6c6b7a6bd518f4f568703c0bcf8943d4620b7c8d0,110,110,110,110,110,110,110,115,105
16233,Sweatshirts,b7aac58b461660fdb5d9cdfe89e048aa3a89694b1cbf177708aa9e0848bf11cd,102,102,102,102,102,102,102,115,105
16239,Sandals,49ee4795669b43d446c1b058fdbdea4b008d53c1658447d3b6e6e141c4e3abe5,84,84,84,96,84,96,84,115,99
16273,Shirts,c38ccaf188b1907e210421dd7aea68e4eb1269dc42cc09aadcc18fc7666ea157,88,88,88,88,88,88,88,115,115
16276,Sweatshirts,6e850686a0e2d21162485843f1f5385d2a9e7d91f5f1e9d29701143d67c0f238,102,102,102,102,102,101,102,115,85
16289,Tshirts,c4d17f8042353f31d8580b7b2fdb1fd42ce5a382ba9739eae6c8c847cc7008be,115,115,115,115,115,115,115,115,16
16298,Shirts,2594afd2c7a73fed45e7b3523349a806e1693c2100b404b831f171ecfffed4c7,88,88,88,88,88,88,88,115,88
16319,Tshirts,52e685fcaccfc949d2ed345ad27798957e9068717916989a06e8ac3697937bdc,115,115,115,115,115,115,115,115,41
16322,Tshirts,8fa37e21f9847f7609e5866d736fe27a580e757573663a5d3a3a98730200c621,115,115,115,115,115,115,115,115,102
16330,Trousers,7d428350c7f30561572ea81f1e364576976f5c2345d637fa4a64e27ad8f17f83,113,46,46,113,113,113,113,115,99
16334,Shirts,b72fffd594db987a82b24c94cc4d6fc5a1a85a8e9e72ffc0c542bd5e089ee0f9,88,88,88,88,88,88,88,115,121
16337,Shirts,32305fb4efb68304a4b8f8ef17549795b27dc06206f578cb14faa3fe8a5736c6,88,88,88,102,88,102,88,115,115
16350,Shirts,cbc791431dcaa15d28a8646797f47e8651a3bb8370084119e9715cf11c696dbb,88,88,88,88,88,88,88,115,16
16351,Shirts,3f219455f2f09fda837a761588bf02715747126fd763534c0a927ec0aadd61bf,88,88,88,88,88,88,88,115,41
16358,Shirts,17d597d0a3a406bc89d431cb8969c022a9f1ae1a635bffe7951974b040a6428c,88,88,88,88,88,88,88,115,113
16362,Shirts,4e2c1741ab580273116343068584d95abd5858fd5604c21fb730cf004e5d2752,88,88,88,88,88,88,88,115,101
16382,Trousers,2e45d482dcba08a594a0fcff3bb303ab7d10ab05fd9533bc1389cbac4c9154f1,113,113,113,113,113,113,113,115,115
16383,Tshirts,f058af73333e1abd397b5fef7bda2b9ea2a2e567de62bd0b89132c22e527eccc,115,115,115,101,115,115,115,115,5
16389,Shirts,6704b74995ea44e8e6eee7160cf89416567706d65d87de69fea1659546a03af4,88,88,88,101,88,101,88,115,88
16398,Shirts,87597d9b2b31644d663fcecf15f92dc6442833e8cc3a160903755c28b6edab8f,88,88,88,88,88,88,88,115,31
16403,Shirts,93a353b23a6b90427cfa9482da4b157d9a42a73c5e1d5b50f6e2f99347ca3ff2,88,88,88,88,88,88,88,115,38
16408,Shirts,416889bb3cf9214144783524d1c992dec5902b0831199bf2ba8fda5f1f05a5a2,88,88,88,88,88,88,88,115,16
16414,Tshirts,fcbbd191e37b3b0e39178702efe86953617c333d7642319ad6ab31f8018febfc,115,115,115,115,115,115,115,115,28
16416,Tshirts,0c287618833ad47f53870b3258b31503a9100489995f0ee288ed4cea074faaf3,115,115,115,115,115,101,115,115,12
16421,Tshirts,aec30603b190a167eaca46719732839d6ba9ddc66592019207edea51614957a6,115,115,115,115,115,115,115,115,115
16422,Tshirts,625165b3a5b6f5531793037fc38cc3bec81933f116af898d01da942230a150bd,115,115,115,115,115,115,115,115,96
16426,Tshirts,19706737b252a0cf516655a7837d26adafa75d343261fd8ef14fb16438340e49,115,115,115,115,115,115,115,115,84
16430,Tshirts,3709cf14c2605d828c3fb7c16b56332ff3cc277d41eaf58873895e86d57900f7,115,115,115,115,115,115,115,115,94
16439,Tshirts,32915c230831a5c7bc7913eca8c41acae336136cd2ab2ffb9cbb534595684907,115,115,115,115,115,115,115,115,96
16442,Sweatshirts,031cec52bedabe2530e19598032c2284fc670fe34376f471772e0ddba9fa407f,102,102,102,101,102,101,102,115,84
16449,Shirts,f65a2a5d4a451806ee6746e229815802f25fb9f1de1ccf852b2131cefe3cc97d,88,88,88,88,88,88,88,115,84
16452,Shirts,dbeed6bf6b4ad5f97dd43b8f46e48966ea3cab7952ceae0f5ff1304a00e9c699,88,88,88,88,88,88,88,115,16
16487,Tshirts,6dbc914e092be1c5c07743da6caabc0fd94c367997dcffc59fb083941932f44e,115,115,115,115,115,115,115,115,120
16492,Tshirts,9069ab1475510a5cb44d1103d468a345b1be02b2ae10a2631c90fbfc801c09c8,115,115,115,115,115,115,115,115,96
16494,Tshirts,fda116bea3d0b55db02ec97cd1d8544ef96200eb39e5cb2e5a323facc248567b,115,115,115,115,115,115,115,115,108
16501,Tshirts,09657dfa8af1754afe3b6d2053bda79714ee8b02e02e2eb0727f3b5a9f4b80f8,115,115,115,115,115,115,115,115,9
16502,Tshirts,a59f06ced4eba1ba42ef3b30d7794d8828185609c158123dcb6141b8224cfd3f,115,115,115,115,115,115,115,115,108
16508,Jeans,4601f2679f1569f6dd2b31720ec79e600ebbd2d0e30702c6b9c7b4ba87338181,46,46,46,46,46,46,46,115,16
16520,Jeans,0c36e86afd328c3c9b56bebdfaae14900f7edb66700d396d29129e94d66f002a,46,46,46,46,46,46,46,115,84
16532,Shirts,ec5c82faa5147de223725e360703d7e6cad6cf1184516c683a3aec3ff9d8f4de,88,88,88,88,88,88,88,115,53
16535,Caps,293bbeb9ec7408c7e80539253be3f1fe30b25997c056ad0532a5d2cd02fa68b4,15,15,15,15,15,15,15,115,113
16545,Shirts,b527fe0b1beeed8ae625821c13ec10d5e1804eef0ef87c4a3815469ee973f4af,88,88,88,88,88,88,88,115,25
16548,Shirts,fcd3755d3287c25195b5674c1e794c7362fd9aaa1e84fa1a92f674150d13fd42,88,88,88,88,88,88,88,115,88
16549,Shirts,a8a2f35d5c19e4a001dbb0b3b76a99bab3e23a0133df0ddd4f2fa2f7930f0fa5,88,88,88,88,88,88,88,115,96
16553,Tshirts,4816cc95b1bf1f82bdeef472ad51c12a0230fdc8dd24a6c628f9d2feee8293f2,115,115,115,88,115,88,115,115,45
16619,Shirts,2dad1f1488925288f76b750e527ee9932ec20353d3807ec7381656daa02126ee,88,88,88,88,88,88,88,115,67
16621,Trousers,6dce29a4cb33e524252f6c3a63494ec2a2a8029c9bd636f5f8bced00e84bda5c,113,113,113,113,113,113,113,115,121
16622,Trousers,b41758048c2f1ed90cc10d02bf9650a2b81cb5306cae1471c5cfbeb6f337bca2,113,113,113,113,113,113,113,115,99
16626,Tshirts,8039872f06c07fb207612b8f36b8ef9d223263b6062152497cec3031e4a07253,115,115,115,115,115,115,115,115,53
16634,Tshirts,3008fc5be021be389d76d498a6ac74b9cb075ef02932df8f0ac809c835ced66e,115,115,115,115,115,115,115,115,38
16639,Tshirts,1c6307672bfc2a5cb28e2089ca1cc2d974e53f0b027b3a1dcbd69ed641684d19,115,115,115,115,115,115,115,115,96
16645,Tshirts,58299f76a1118fb3e58a15c4cdc1fb7237dfbed964568b1d21b823d820cdc002,115,88,88,115,115,115,115,115,116
16646,Tshirts,89eb6f5123e261754d36c797b1aa1efa9a354274dd3eb1cc48eed1059346ae08,115,115,115,115,115,115,115,115,96
16647,Tshirts,ec093c0b58f42ba7587f00332c0aaca87b6908e635290d63ab6d1bd087cf8777,115,115,115,115,115,115,115,115,38
16650,Tshirts,9380f40c168a2e2331d48afc32471897cfc53bf88a40cea10b949fe3261943eb,115,115,115,115,115,115,115,115,16
16661,Sweaters,a95c932667a12581bfc54742ef871b81c413bd78f673a414fdd3c8f5034af954,101,115,115,101,101,101,101,115,114
16691,Sweaters,37b37eb4aa00d86296fc983e2742c2d2181af092cf2022cd4791260ac9569891,101,102,102,101,101,101,101,115,88
16719,Jackets,8692e2476f72e7705423a28afd011cc505670b98a7fa1f4866f25d90c2f7caa4,45,45,45,70,45,70,45,115,121
16736,Flip Flops,4e081b76fd5fe74ffa31c54f6d84910636aec2b7ea3b7a9a80b9b7c5be3d3eaf,31,31,31,31,31,31,31,115,84
16743,Clutches,fa4a44b50e07464014f7bd2765bd3f79faf90fa9247bb40d0cf2c6aecbfcb008,19,19,19,26,19,26,19,115,41
16745,Clutches,29adb732d75f787e769205f2f97db2f30f1122505cf84802f3bffff422cda54c,19,19,19,19,19,19,19,115,115
16748,Clutches,a6c4488ea627013a7c4ccd895be4276f288af3740bfa25a2a964f6138ea77b41,19,19,19,26,19,26,19,115,101
16752,Clutches,01ecad14a207ca4299fb6deecabcb4264c4088c049fe7bcbe559afac440ba97c,19,19,19,19,19,19,19,115,10
16755,Clutches,0c3b6ab64bb4b9725f162ddbe71d0dc26a59a03433f66bafd352331547ed0752,19,19,19,19,19,19,19,115,115
16757,Clutches,d881b66856c8c5ec9a14abbce6e8a64651885b5b78df13b12ba33c8ad777bf79,19,15,15,26,26,26,26,115,88
16767,Handbags,3e085d531c36f42a530d5f49d1359cb488cee8a07772498d93765ac5334adec1,38,38,38,38,38,38,38,115,31
16789,Shirts,4f11afb1be50e61aba0054deedc1195d96c089450253d82971421fc112a7d771,88,88,88,88,88,88,88,115,16
16791,Shirts,8a1e96841eb83563202e3b54a44e67573ec1ff7614b9354367860399f5b46df3,88,88,88,88,88,88,88,115,89
16801,Trousers,5ef3fe8889501425acefb157b4e80b04f86f29539b6ce5f7915001e6e46440dd,113,113,113,113,113,113,113,115,115
16805,Skirts,80a84942bdc92a99e73150e74938028bdb2db2b3df8fdca50eb3a792f5b4ad70,93,93,93,93,93,93,93,115,88
16807,Shirts,5ad87b3ec8dda8d3ceebe4cb144d1c82fe18ee14d87c35d83579f8dfce815876,88,88,88,88,88,88,88,115,115
16808,Shirts,307d8629408b125c2a67a816ea0cd81ade36d26eef6d987335cb79dbd66cc19a,88,88,88,88,88,88,88,115,88
16820,Jeans,8d2dfe6d71b2b24aa8ad684e1b3a18c79b6945efb0a6c92ccff533eabc3dcf1f,46,46,46,46,46,46,46,115,115
16834,Tshirts,d1b2b85e267b2fcb1d205b71fcd9d4e459f1d7037a74c648ae4d85578cf3bd4e,115,115,115,108,108,108,115,115,88
16838,Sunglasses,cd1a4430acd33b5d76928aa513febea181de7606dc8df3fd5db29a7122c50b7a,99,99,99,99,99,99,99,115,108
16842,Sunglasses,0952c79500a7b109c48a7336807e643c96b23bbf53c8c6b6bef37aa614c12e45,99,99,99,99,99,99,99,115,96
16844,Sunglasses,c56759f02c5b7a1cdcd737d72e800d5099789a5f7b501eb25131ffc004b07824,99,99,99,99,99,99,99,115,30
16845,Sunglasses,7240582bf7503a328cb7bf6fe419f60ac4707cf7d87b58f901efa471f30dde44,99,99,99,99,99,99,99,115,53
16848,Sunglasses,2be3d3bc1bd96dfff814164d86aa920f716bc04a2b4835d10962bc5fa0ecd2bb,99,99,99,99,99,99,99,115,88
16858,Sunglasses,8e00aba39c287274fce462ff5b82ca04fd8d156f4c8292cfd708f3932223bad0,99,99,99,99,99,99,99,115,2
16863,Sunglasses,b1abe0e70d3928869e2bb2b602e259e8dcd43f2613f51741cbe9890904f350ae,99,99,99,106,99,99,99,115,46
16864,Sunglasses,1c1c5ea37b61518b68b5b8635ccd00bc515395f430483f27b98d27b11453de18,99,99,99,99,99,99,99,115,53
16866,Sunglasses,134cd5a115010a0487ad31eaa1de72e76d94a9bfbffd670689b4fc42e2c443e1,99,99,99,106,99,99,99,115,75
16870,Sunglasses,ef90fd41a324f884fa11633d7ec51e6420db37df90540941778939dc441ffb0a,99,99,99,99,99,99,99,115,5
16876,Sunglasses,1aab8ec03f9bd69c8b3f8f210380d2afc1aef6a9897cc3ef80723e034c4d6978,99,99,99,99,99,99,99,115,108
16886,Sunglasses,fd13321c6456a420b4412833d4c2297c8605cfc46e3815b770e27b99f41043d7,99,99,99,99,99,99,99,115,38
16902,Tshirts,87414b36910628c92dffbd266ae882b4d27fbe53b489bbd8aa718896ba0469ad,115,115,115,115,115,101,115,115,38
16909,Sweatshirts,4d14a2bd37b9ab9fee98348d4b1a526a4c668899844dc402c8ff62c0997db9e8,102,102,102,88,45,43,102,115,121
16915,Sweaters,190312aed6e13463b66884af5f43312dbcec3386a370467f9722b5ed1f26b96b,101,102,102,102,45,102,45,115,121
16918,Jeans,2b2260863204c9debc078ac0879af8d42d9fed04cbfb356e5f18215c2d6f9c93,46,46,46,46,46,46,46,115,19
16921,Jeans,df4af7a38712a3174957a367df39edbe2826334169ec9757f23210fd2f8ec6b1,46,46,46,46,46,46,46,115,99
16924,Shirts,501a04b6488a0a004fa96a1d5bb9fde070a02d4ddf3774424296e29bf945d6a1,88,88,88,88,88,88,88,115,120
16936,Sunglasses,d311ead6c7d74b3010e9fc637b963da88af60ed8edf251eb9c72aaa7c08e96ae,99,99,99,99,99,99,99,115,99
16937,Free Gifts,59486b3e5c4d5478be8ab7053ceffaafac803d39f583d599576473193f21572d,36,99,99,99,99,99,99,115,115
16947,Sunglasses,cefc1ba6e0b3e5849567f74f6033a3a4ba6f13f79e37bf6bba7ddb129f3a9601,99,99,99,99,99,99,99,115,115
16953,Sunglasses,3416e8d425406174b19e691d59b617ab8617575a180973fcb117aadca622a52a,99,99,99,99,99,99,99,115,101
16956,Sunglasses,5f2717044975a20faa7ae098c7a26f85110a34604e52a0c28d144433e28e0023,99,99,99,99,99,99,99,115,115
16958,Sunglasses,f82524b6349180ec36b0d2e87d98d0a8449a5b380fec03c8fd8aef9bcfc2b137,99,99,99,99,99,99,99,115,114
16959,Sunglasses,1373b2e5aafe3e4a2b380fae2a89802b2eadde3cd9676550bf27508f1fcf0b5c,99,99,99,99,99,99,99,115,16
16974,Sandals,c1727dbdb975dd9a9ba3fe00ff6448d9786723efc149f6b7f648e7d058545cf1,84,84,84,95,84,95,84,115,96
16978,Flip Flops,78ac5cff4c6456004ffdc28ceaffb81385fe549c47c6f4586713f224d397ce42,31,31,31,31,31,31,31,115,115
16979,Flip Flops,20c7c94fb657a7c66e7cd27e4744b95ee9988fef96b745aecd640935eb6a1a7d,31,31,31,31,31,31,31,115,115
16986,Flats,a09cae43c1689deb8d0ef6de8e5f3ab3ba317721368db84e64aaddc6ffda0b9c,30,31,31,84,31,31,31,115,115
16995,Sports Sandals,5ac971ea9d3be4f8d08d61ef5cd54531655d257459808ca359eba80f9f975456,95,95,95,84,41,84,41,115,91
17008,Flats,974b713e0e3ea7663c2024eb68ccf59011bdc3eeec002a15379a87ba14046947,30,41,41,30,30,30,30,115,115
17010,Heels,aaac26a730a5df88a771e83f3b55734d26468a0d0ef4d19410f41ac14bebc1d7,41,30,30,41,41,41,41,115,38
17025,Flip Flops,f775e0feb06f0f22e77719e4ca9f34a786805bf48518d7a17272d040f20536cb,31,31,31,96,31,31,31,115,38
17027,Flip Flops,7e8bcf2f5d98dbd45efa4545e0084b80395840cde242e08841c16975fa5a9903,31,31,31,31,31,31,31,115,38
17032,Casual Shoes,06aa5ba91dba75cb3be5a74f5b0f8e5b06f013d8a33f309de9e8eb84704cf22d,16,16,16,16,16,96,16,115,108
17036,Casual Shoes,a2937369b7eadc71f65e672f04c0cd4a3d08282819d808795f16a18c7837f098,16,16,16,96,16,96,16,115,45
17040,Casual Shoes,20a67b80d892a66b316952e9c5516e2478deeadcb3ccbe4fab1690ba52ba6998,16,16,16,96,16,16,16,115,115
17042,Sports Shoes,30e3ad57e8c764896840eed75e2b6dfdc8d1b2a6d972dfb4a12956d568824c30,96,16,16,16,16,16,16,115,16
17043,Casual Shoes,055124077c16c95abd0b0f5a8725d0fb9b7255bd52bc3fa09dba891863a37335,16,16,16,96,16,96,16,115,115
17047,Sandals,30710465bdde0e04f14460aacf8f7304b45da7cad827f0a9d28311e227311695,84,31,31,31,84,31,31,115,56
17052,Sandals,109311c1194004021ce45e4c0938d9ba3e493b48127efa5583a0d5631e99cd1d,84,31,31,31,84,84,84,115,120
17055,Casual Shoes,919455423fcc751d8313a2d4836e51102727373a00fc265c46125e1f47c83cde,16,16,16,33,16,33,16,115,41
17056,Casual Shoes,55765985c7a38027189f6279c40df573704db54bb3dcb59943ec47c713bc2178,16,16,16,16,16,16,96,115,121
17058,Belts,7088a3e51c376461447de6f29ef4cbec21b02c8533cc8c307679905da261a4b1,5,5,5,5,5,5,5,115,108
17059,Belts,a3166e85fa31d400564d8f899456f6a9a378edc1def1b46378d27d7832c2b013,5,5,5,5,5,5,5,115,38
17062,Belts,fc0ff2cd2721f8e102cb8eb5e2cbcf5081188e409448e5bf57ca0cb854a823f5,5,5,5,5,5,5,5,115,38
17065,Belts,e50f015d52d8e7ee5aca91501c3d3f513fa727e19132c22ece12c783b00db350,5,5,5,5,5,5,5,115,108
17075,Belts,68461e6229b39172f3220d029427fd03d9198bd9c669754a81a65135e5fd2293,5,5,5,5,5,5,5,115,108
17077,Wallets,bbd54b890a202dbf4c69fe5647017ef1136f9eebfa027f8164fb8921ace28478,120,120,120,120,120,120,120,115,75
17080,Wallets,4997c620170886256d5e4a26b7b0bd5d060f4df96a158605ebc0f6b354a1aaec,120,120,120,120,120,120,120,115,113
17093,Wallets,241f552f6c651862a4c536620408db0f086577b6efcace37736011c15ba95bbc,120,120,120,120,120,120,120,115,16
17098,Wallets,1777c49af347a8d50cd11ed74461ba9882f0c70811c2a1ef62c9874fb0bb9c0d,120,120,120,120,120,120,120,115,88
17102,Wallets,4b17b622e7440d843a621cae98fb18d9e6441204d7435e5b9ea3160bf5588b9f,120,120,120,19,120,120,120,115,12
17105,Wallets,34a5efde6eec63a99bada0839f4c270b3bb5b99a95d1356b99419be9140f7514,120,120,120,120,120,120,120,115,113
17108,Wallets,024b92c1470e980b79c114f41b469d5a76dadf5d9a59f9fafbb98517c6cde603,120,120,120,120,120,120,120,115,88
17112,Clutches,0ab699ed7c430f9b6441af4b5a805454f69e914c28ee6cd0e7be523807a8fa48,19,19,19,19,19,19,19,115,120
17132,Handbags,5e4530b9d1789fb3eadebc8aa98cce623e0d55ce56044d81c571b2987333cbfc,38,38,38,38,38,38,38,115,17
17134,Handbags,77b7935c654f670c48fa7ec15f31b3190dcbc62137fae7141dc9604025c57e57,38,38,38,38,38,38,38,115,115
17135,Handbags,e17d220c7f2a1525010652b6ab95ba88574b4927b9e2273c5160c7a82a3a8929,38,38,38,55,38,26,38,115,115
17141,Handbags,5a06e302e902abb54592f7d5605cb437136fe96359640c6f665fba1435405f6d,38,38,38,38,38,38,38,115,16
17157,Shirts,353fa03bee0c504667bfc4e8be8cc1f51029c67703455ce708affb9881459666,88,88,88,88,88,88,88,115,53
17158,Shirts,f9e0860fe4eafedad98323a3b795d027170828ba7e0e37f0676130fad544a576,88,88,88,88,88,88,88,115,96
17166,Shirts,569ec6fa4f18e63c25e31a0db20428f6a8712ab4a7dfefd1fb08b68e71d9202c,88,88,88,88,88,88,88,115,88
17169,Shirts,c25ed716eb59a1cc894f173a13e94771c45009621da0480a459a081f4264794f,88,88,88,88,88,88,88,115,33
17170,Shirts,bd5fa2724505e8e0ec30d84126dc80137b686210826c08125bd0e29768a18165,88,88,88,88,88,88,88,115,75
17171,Shirts,cd294c7c4dd4a9a8fdb9837807922fc40aefa59d2c015cdfc6271b2740b5c20b,88,88,88,88,88,88,88,115,99
17173,Shirts,f3728822f59be7be32223d7ce7a8c656908cc7e58f8757e53f0e427424b27aeb,88,88,88,88,88,88,88,115,109
17176,Shirts,1b46c1b00e0324fa567702e8305799851afcd859f8705a88045a95fbc39275a0,88,88,88,88,88,88,88,115,41
17180,Shirts,1b9effc8e850a8eaccb46edda3b52fd33d91fab4fa03e743ed7f64d47660556d,88,88,88,88,88,88,88,115,84
17194,Sweaters,f7e64392cf6c2e76ff58b668e0f06bbfbf1b225404c6a7c35e6956fe750fdba1,101,101,101,101,101,101,101,115,45
17204,Sunglasses,d96c638ba23dbbe4f8d97417b42f9de029b77b550b137a800464fca60a6ea88a,99,99,99,99,99,99,99,115,41
17214,Sunglasses,512c5894e3538b7a1a820fcdc8645578a00e23b235bb68fe99fa59a94cb91eec,99,99,99,106,99,99,99,115,109
17216,Sunglasses,5a167523a0e9ad1e9e4db2752563cb81aa708c3c5aa836e34ab6bb40b67eb457,99,99,99,99,99,99,99,115,88
17218,Sunglasses,d804ac1130881751dfe03afc802655d374cdd1a45a4b58c84bb85778d2014e6a,99,99,99,99,99,99,99,115,12
17221,Sunglasses,41a3d128611c81bf3991f19f02c55b8bc581ae33ab2908739ecbd08dc3deb144,99,99,99,99,99,99,99,115,120
17224,Sunglasses,a67dc3806bac4cd08792a84b4266d76a966e527676b1a9564f26ea58dc13f333,99,99,99,99,99,99,99,115,53
17229,Sunglasses,75cd9bf926062ec0629e9c4895d04f7fa03206be18713242a0297ca7c84abd5a,99,99,99,99,99,99,99,115,121
17236,Tshirts,bf913bb67e6950b8c92d884c214ab7f0ae8486da1a7f37bbcbfb4a07f491b096,115,115,115,115,115,115,115,115,16
17237,Tshirts,0f1f32c52f64e5ca03848cc3d1ee9056a09398f95a960ced9e16d6c182936bac,115,115,115,88,115,88,115,115,46
17246,Tshirts,b13bfa32012bd2706fecacf11f1f07bfb8979c6d90ea28947f3da561e4cc738a,115,115,115,115,115,115,115,115,84
17247,Tshirts,ca5398b9fb1b850db471a0400dc6bb31a7b20e70085006c7095d806952297c2d,115,115,115,115,115,115,115,115,75
17258,Tshirts,f54fd1e93095ee565e8936bc921308e26a2d0db0b367b0651adff5db57562b47,115,115,115,115,115,115,115,115,121
17264,Tshirts,151d38b22c4359c980e84bc9285620d24fefafe131cbde83b57e43af4e2ed6dd,115,115,115,115,115,115,115,115,16
17265,Tshirts,ac712ea484c821b944912ac1b0b4c051afc55bcf46e3bde62ea06392e34bfcc7,115,115,115,115,115,88,115,115,121
17275,Tshirts,deee5f50e53e62115361a3311be1a5a8c9e8d901f92f737eb80703d04602e838,115,115,115,101,115,101,115,115,112
17278,Tshirts,92b8f44a237d2ca3deaff68c32b68dca804eae4f6d636b44a059a60d35d2ebca,115,115,115,115,115,88,115,115,31
17288,Tshirts,982dcb92bd212a42cc21ba3a7f07988ad777b27e8b73b8396fbe0bff4c250cf9,115,115,115,115,115,115,115,115,16
17300,Socks,0c615ed2892e7f60423804de6d0d0055848f80489a7f2a9891be2c6333da0ba0,94,94,94,94,94,94,94,115,82
17305,Socks,84510231f0caf50691b9820913ae7ebc6393a22559396f9d0b3d8e4566bb9f76,94,94,94,94,94,94,94,115,88
17306,Sunglasses,c3377ce042cb50e6d5920fbf3ace491d152b27c4690714db622c21ba02c15c61,99,99,99,99,99,99,99,115,116
17308,Sunglasses,4a8f44fbdf34a044eb05268ab5d2c8533cc26c9a4fe9e25d6487525b14ee548e,99,99,99,99,99,99,99,115,5
17309,Sunglasses,9c92d90e0be731817336541e7b067583a8d0d61bec5944921eae7f565dd5bf14,99,99,99,99,99,99,99,115,33
17312,Sunglasses,885c878fcabb3934033d4bcf97c65426573d9de6ad555b5e636127d15f227394,99,99,99,99,99,99,99,115,121
17314,Sunglasses,b3067d09bf6a43e9396a271b28c79f97e525861d9ff8a0108d00ca4e84c224b4,99,99,99,99,99,99,99,115,115
17330,Sunglasses,27ba72b4830387e1a660ce2b2756a333cef5fb79fc0e85e41349c39e57761ed3,99,99,99,106,99,99,99,115,120
17356,Flip Flops,c01d072f49372ebc61477a83e9c1ec8b90b4f5345e54dca53484d47d49eabc77,31,31,31,31,31,31,31,115,115
17373,Accessory Gift Set,5631df4eaa0b7f8163eed8fe1bbb3d14a29717544f9db878d0fa864665e36322,0,0,0,0,0,0,0,115,96
17380,Mufflers,3ed08c6ee881d38f195768cc3d6b711518002ae8b41df0992c795a26dc42edbe,67,86,86,67,86,67,86,115,16
17385,Mufflers,3f6a86e68b4434d020f9f27193c1a88d86e189015369263e4e8ffca13b2e7e18,67,67,67,67,67,67,67,115,33
17387,Mufflers,c2e48d0dd7c70b9fac71fcd86d49ed5d62d5297dab922739e1ca0dd0ae0d0ad8,67,67,67,67,67,67,67,115,115
17397,Socks,340bba0e87f2b2d3585712bb6d2d4be6ffed2c91aafaab062d9556cca2037b42,94,94,94,94,94,94,94,115,115
17405,Socks,4e3ced296fabc0695393a4b742d24973307c4261ab0d7d307340038a981f10fc,94,94,94,94,94,94,94,115,53
17406,Socks,cf8525a949e283d12ceb3623d1ccc4414a7793656904d482cb10277d385b6771,94,94,94,94,94,94,94,115,115
17407,Socks,0d94a37291dfa528ea78e1513bfa4f296d95bca28f4708c9e8af3d5df495af79,94,94,94,94,94,94,94,115,3
17411,Sports Shoes,bb98591931dc20a7ac1153dbbf007c3cc99e8d076e98b0f8e472f27f011f75be,96,96,96,96,96,96,96,115,16
17412,Sports Shoes,3c038c2c87fb4199504706e4588657d8af60bdc6f3439171cd37e68f71c8c970,96,96,96,96,96,96,96,115,115
17413,Sports Shoes,4097dd03724b7cbf6e88634132d66191f9e2785af61c417890739a4114f2fe66,96,16,16,16,96,16,96,115,88
17414,Sports Shoes,a56656321eb32a8c48695adc7c5679a8f20ac1389bdaf9b26360c8a00037a6bf,96,16,16,96,96,96,16,115,33
17418,Watches,c8e4fef44324fb9f3fb311abfcb263bc05135bcfb901dc5e6a7d4c41b8ba2578,121,121,121,121,121,121,121,115,115
17419,Watches,f75dd64c7271591336069f7c0463aed40e37d4901b2bdfce7b80d4c0d836a4e3,121,121,121,121,121,121,121,115,84
17422,Watches,a80fd75229e6e51704f7cbc796ada2a763cadbf170b3b01a5a8be90f8c06ef1b,121,121,121,121,121,121,121,115,33
17437,Watches,f15d6489f9ba38263443b0b9d704a1f6ed9e20eb6287e34f4d9574c5afb1a853,121,121,121,121,121,121,121,115,88
17439,Watches,f356456dc509df555c09afec7e4c28e3d6f8f2a39b413c3b3816954e4f6649dc,121,121,121,121,121,121,121,115,115
17445,Watches,a243cd13f01920b4c887d1e730e859f6333d7072ffb1e93d6a0a909ba656880a,121,121,121,121,121,121,121,115,115
17447,Watches,1163f2843633c220d3edf01c21006642c06a1a72b0a4baa078259838a002323c,121,121,121,121,121,121,121,115,88
17464,Bra,fb16d4cbf3b5dd04de34308aca7d4b55a94d0fa97c07dfb385484fb6f1bd315f,10,10,10,10,10,10,10,115,120
17484,Casual Shoes,2ac82f82283b947f77fda3baf8740f264e97697c4974805ba68590a9ae2826ab,16,16,16,16,16,33,16,115,120
17497,Tshirts,16e8ac08ed4eafaabbb624b69db186b6cb239746226ca4207446968463fec28b,115,115,115,115,115,115,115,115,30
17498,Tshirts,9a257ba86e0505d34de44f2724427b31a5b9b02164ff9bdadf1852b9f1cd4347,115,115,115,115,115,115,115,115,95
17501,Tshirts,6d668a76ecf290e1e49e05a03072d8d80d966de087a31ed5bc82be2f74db91e7,115,88,88,115,115,115,115,115,53
17503,Tshirts,a54731a29d17a766045b861946134940d0fbd6d6a27ed27705dc4e2ac806d3c5,115,115,115,115,115,115,115,115,85
17514,Sweaters,cc03b926ae89f27e8d50a5cd3c339dd3b0100801804027258472f634b68dce19,101,102,102,102,101,6,88,115,96
17531,Caps,8de681a714e1a1ad678242f08a0e153d7c3664fd0277d3cbfcc6c5dcafaef0a1,15,15,15,15,15,15,15,115,115
17532,Caps,5cd3884e12a2f2b7e4041f57a489a2d91634c05ee3e6303642f1d8b51ca7eeea,15,15,15,15,15,15,15,115,88
17538,Shirts,11190ac3cc36034a1c75f3a5d48e18dadb999580158007616532a0dd5ad91e78,88,88,88,88,88,88,88,115,108
17540,Shirts,f9354cebd7022f215e969e2e888010df1eaf9f43c52c32a8e7b4c49701296f65,88,88,88,88,88,88,88,115,96
17542,Shirts,5689d7aa33fae2dfe83259696329b3bfde265e4fe2f3d2b5702864f08684f638,88,88,88,88,88,88,88,115,2
17546,Shirts,8c8efe25fd73dfee90e7b97eb61938a0f56d0cd5ec8a15e1316289c570b85ee1,88,88,88,88,88,88,88,115,105
17548,Shirts,c67f978b99907627dfd8a8e9a052327c672a4aa13709d408195b741f66e9a75b,88,88,88,88,88,88,88,115,5
17549,Shirts,48f6f57fb7af863a607d00561ab3b2812a0ad33f1c24bb56be496e16722dae5e,88,88,88,88,88,88,88,115,115
17551,Shirts,e0cf133845e2d672a5ff034f7f49a4db9fd14cca9d52f8d0da7abbf77161e034,88,88,88,88,88,88,88,115,121
17552,Shirts,c3a4e981b9082da3f446e66f38482df6511c831d3af257eafb87c9d064e53e03,88,88,88,88,88,88,88,115,19
17559,Shirts,accd84f30a4652f4188b6df59c014f5296acdf2fec7aaa0790aaf82e847cbf0a,88,88,88,88,88,88,88,115,88
17564,Shirts,a5cff49641e110d3513e44e52e0eeece11abc6ab1809b3024c73e8b374c54980,88,88,88,88,88,88,88,115,115
17568,Shirts,81fd7d64c6a1854fbd4622b51f11260a00360b3a9669fba7ab4f4d2b2b68cc73,88,88,88,88,88,88,88,115,15
17569,Shirts,0e3afa1086c10927933546e6c4525dffcf424edd730fc84db3dc166987363a9f,88,88,88,88,88,88,88,115,84
17588,Sunglasses,894eeb488663174e4d5b7e49dd9771f7fefe28bac8f52b566d665587bc66038b,99,99,99,99,99,106,99,115,99
17589,Sunglasses,f76d4c76342e4ab39204fa1b4ebd521ce72ca96be38132be53858d8cf6fc815b,99,99,99,106,99,106,99,115,16
17590,Sunglasses,b662d698ea1675823ddc1504427e8b0284057f2f78445ba6c86b5e0c3b160c96,99,99,99,99,99,99,99,115,5
17592,Sunglasses,9ca9b205905d09a0b83d9b6d82c7c4ed6546e58aad53161eef634f33daefe448,99,99,99,99,99,99,99,115,33
17594,Sunglasses,0deba62ef3bbe619021cd12c4496aeba308dd503a0cc36ee3b6e147a25c73aae,99,99,99,106,99,106,99,115,96
17602,Sunglasses,a7e33f2f9c344d6d979c6e7be7a91984a10bd491fc3b5b8c5ed149615fe077bc,99,99,99,99,99,99,99,115,96
17618,Leggings,665bf77c77abbce9731e64e9e87736304539786cec564bd7fb9e3c2b076f60f9,56,56,56,56,113,107,113,115,38
17621,Leggings,1c2cca8b32199deeac0fb258ed46e24c27e113a30db7a16abd76ff4908a16857,56,14,14,14,56,14,56,115,2
17625,Track Pants,0c3b955c2797d19e629ef298ffcb1dd41ef0ecaabee6b68c3f0c59ddcf8d5410,109,109,109,109,109,109,109,115,115
17641,Headband,40e690f77d264290cb45efd96a84c59e0a7a2aa901d295c7bdab913b6d607280,40,40,40,40,40,40,40,115,5
17644,Flip Flops,009f3c10b2e4e527171d996749f467bf09e685da17a63086f1f1afa717d51378,31,31,31,31,31,31,31,115,99
17647,Flip Flops,b19e671219c64d10931c817a20fb6752bce7527184c36ce25e6c5b82bd09c1be,31,31,31,31,31,31,31,115,88
17652,Flip Flops,0e66e422f108207a1fe862d977c723cb01ed79114f8ec29cc92257420dd4ecfc,31,31,31,31,31,31,31,115,88
17660,Casual Shoes,dd5024ddb84fde64613052e6599513cfaca7d5322ed42254647eddeae1e7f7a4,16,30,30,41,30,84,16,115,88
17667,Casual Shoes,6475f301337f3cb8813dcaf1d098a383f768672829e7da9575819a70c1870253,16,16,16,95,16,95,16,115,115
17669,Casual Shoes,bd69f455b0c874eb991247b22f28a4c5f4709a965a6fe9126eb6cfc3e0d3c81c,16,16,16,16,16,16,16,115,121
17673,Heels,7e9dc922090bc60639f3da3b58584e2d43e7f2f6ba868db2b66e748e917c922a,41,41,41,33,41,41,41,115,88
17675,Flats,5d98a725cb4a1692acffdfb5290031a7f72e6d517a3619b77e81fd46a43cfe3f,30,30,30,84,30,31,41,115,108
17677,Heels,dced6d542d280baaa7105f147619b2b164171915816310327669be63d8051ada,41,41,41,41,41,41,41,115,115
17684,Casual Shoes,0f249b3aad0b2ce320c7643e2d29e93f85cae36e2552bac462dad0fbb9ea4ce3,16,84,84,95,16,95,16,115,99
17686,Heels,5549358b9ad1ec328a635b6403b20a56989592e59c13473b5450d4d384a4c738,41,41,41,41,41,41,41,115,30
17687,Heels,3c3800c5216f6d4394b6bf41977957fcafc6b864b53f3df46533105e4213e21b,41,41,41,41,41,41,41,115,88
17689,Heels,6748d8329581b8e2f8bc98a652a7f7ea30b842a11edbe058aaa6e44b5f040a9e,41,41,41,41,41,41,41,115,16
17692,Casual Shoes,c6928eb7bf45a2cb7ee775ec0d18a294e655fdeb27a3b4a73124e8403c499f9e,16,16,16,96,16,96,16,115,105
17696,Casual Shoes,3af31087c0ee31483527b37027d7c99ec4e1dca2c72ab726621166da3fc9715b,16,33,33,33,16,33,16,115,114
17702,Casual Shoes,0cfc3e95839ee513af00fa8d56da824337bdb403fb72d9df7b3d807afad1c109,16,16,16,16,16,96,16,115,115
17708,Casual Shoes,149114b5aa48aaca13cb2aa32df58c4fd23f82f3e4fabed6852c4a408cd36bd0,16,16,16,16,16,16,16,115,120
17727,Shirts,8fdff1aa6728c11c77ab09b5732b7833605b1c03c561dcac003945a408f41831,88,88,88,88,88,102,88,115,41
17735,Flip Flops,b0e4611f34ae36cc4cbfe640aa81a3a867d510b06561f8d59a9600e4282a672b,31,31,31,31,31,44,31,115,121
17741,Sports Shoes,9f3a6aabce9cde7cdc992cbccba32e50e4534e569a458de6d1b71eef87b82a4e,96,96,96,96,96,96,96,115,121
17742,Sports Shoes,452513d4adedbead8dbc84095d33a98179295a0420696e477526e456288f37b3,96,96,96,96,96,96,96,115,94
17743,Sports Shoes,aa1501626544383e34afb2cf9772997651227e296d10772de6af9310d004559e,96,96,96,96,96,96,96,115,115
17744,Sports Shoes,0c9f775e2f9fda8f31dd2a703ebbf0db816ad3887c13e187fc2092516e3190fb,96,96,96,96,96,95,96,115,41
17747,Casual Shoes,4ca72abe0a9c54e0832d4d1c02b52daf9f1a2cf29babe0f12533645a3eacc1fb,16,16,16,96,16,96,16,115,91
17752,Shirts,bf31336dc65ddf1aece00806621cad442f7f449d6c3a70da70c717f1685edb03,88,88,88,88,88,88,88,115,120
17765,Formal Shoes,b029b8d8d6df0ebc4e2aec70b82c6b139844feacde498d7339291d7a34a88a67,33,33,33,33,33,33,33,115,115
17777,Belts,58cf73de5c82b549cd87a0c2328e319d7e67dbbc9d5e2652bf5a5a208c027d67,5,5,5,5,5,5,5,115,41
17781,Ties,37a9e150c3ef5021002c69db4539dd6854f0d0f68d2bebef74f40f06e43ee659,105,105,105,105,105,86,105,115,2
17792,Socks,95f17dca14eb717f0c1d01cd91cc3018ebc7c4e96fd9576024519b9ac65228b5,94,94,94,94,94,94,94,115,16
17801,Tshirts,0dbb7b1bacbd673c99519515ca147bfd5438bcaac64f412b8a518fea29b38d2f,115,115,115,80,115,80,115,115,12
17802,Tshirts,7899426d55660d4de8dda79eee15d0fb203a3e44c514fdca60381a1a8f5ca6bf,115,115,115,115,108,115,108,115,27
17805,Tshirts,7ef8e71a74bb949e2f21a4a5a8b1626a7f8d270d3dcc0f78ff8f68b87385f692,115,115,115,115,115,115,115,115,108
17806,Tshirts,5831a249c13e76467738155dab11720b6000dd6111bb857c7b4460f51c84a889,115,115,115,80,108,80,108,115,115
17809,Tshirts,5da1b1af52e726a6ccfd3e295f37799f7d83bb35139097ec3cb863d61de19cd8,115,115,115,115,115,65,115,115,115
17811,Tshirts,c0fe279ee6dfd246a712d4e2002e2fa75f2d780992b71de6b8f54f4f3b258ee0,115,115,115,80,115,115,115,115,75
17814,Casual Shoes,bf0a8f57a6a6d16d3d45c1ed8d5bc77e1a8b4c55ef639122a3d1cf247f7473a4,16,16,16,16,16,96,16,115,115
17819,Formal Shoes,818fb63bd4e058e61f95cf0e899cf024d171bbc78c28d1a60c8e72bb089a3c7b,33,33,33,33,33,33,33,115,99
17820,Sandals,1de7ec47efbc0a89a763c515cc476cd1c75945a24eed090eeeaed90d9579bd2b,84,84,84,84,84,84,84,115,31
17824,Sandals,6232295ec374635a9b4cd69dac1de539e040a653f5ea36612d966133861cff4a,84,84,84,95,84,95,84,115,115
17825,Sandals,8c9e2ec7937fd8252f42fc0307c9a6e8237f1480f01248ca3fb4f53badbae33c,84,84,84,84,84,95,84,115,31
17828,Casual Shoes,55c251b6a185c6bc0bbe77eb99b0980380e808bda4baee67b0a970bfb84952af,16,96,96,96,96,96,96,115,113
17838,Casual Shoes,4f9823bc6e9e8da28ab2222dc34fb9e12cf1a66aefb224faaa6da51298d6a14a,16,96,96,96,96,96,96,115,99
17846,Sports Shoes,a2a22372c0931478657e1a3db6c44403bce1c1659b2441b783f5fe4ecc2c77b8,96,96,96,16,96,33,96,115,30
17848,Tshirts,f36f9345e2975d4518c85ceb30e900e2753fd93767290e2aeb84b85a0de48576,115,115,115,115,115,115,115,115,16
17856,Briefs,3f57a07552111d9a8445fcf5167ef791d84eb9d9842a225db3e845fca1e9d390,12,12,12,12,12,12,12,115,75
17862,Trunk,0bff1e663c54de758d0b29f37429236b7aaf90724e450eb6bf7f24a570924b22,114,114,114,114,114,114,114,115,41
17870,Briefs,6e05b1bde34f0c5bee8613db5d8117e6929bb9c36cb956eaf58b1622e40361df,12,12,12,12,12,12,12,115,120
17874,Innerwear Vests,f389f61e9345367372196167b337abb4b8eb0a784eb3a09d033a4d0425b22b20,43,43,43,88,43,88,43,115,121
17876,Innerwear Vests,15f4439579f8088499f802e712525cac4c91509355ec815357987c6008692be6,43,43,43,115,43,115,43,115,91
17882,Innerwear Vests,7b34b83d454304ccf79eddcfec0faa07ff1e7eaa1ef80a1bc0f2642d88e2c36b,43,43,43,43,43,43,43,115,69
17887,Innerwear Vests,c9e6afb201a1a4c2fecc91bc0e8c9b49ea3ea2a0c78ce83ca0a5d0672928288c,43,43,43,43,43,43,43,115,102
17893,Innerwear Vests,aec76417163f8a0c0837f9600503639fdac361a5ad3e32e759caffd7bf7b79fb,43,43,43,115,43,115,43,115,38
17895,Innerwear Vests,f563b0472dc4e33ab82d7e7d7c52054d1206e73a7a11fff14d2fdec0bdec8bde,43,91,91,115,43,43,43,115,53
17897,Jackets,4678c0888f5506f11506cdafd3bda21a81d6e2ad0617af3a31f45fd4a8fb577f,45,102,102,102,45,102,45,115,14
17905,Sweatshirts,550232e5e0ff7a5062a1ff068eb7908c17f7bb452e8bac15382c7d6431fae49f,102,102,102,102,102,102,102,115,115
17907,Sweatshirts,e060f85451958403d0598bedadaf1e7d70d6de24ae9f34cfd2c1b3a422a7086e,102,102,102,102,102,102,102,115,46
17917,Sweatshirts,da560a65f470c51792af17953f7200adbcc73648694f7382f7343a52d3531c81,102,45,45,102,102,102,102,115,102
17928,Track Pants,d70e1874f19c5da9b5657c4254d8ac8b7c9d2e0db92f7bdc6766063fcda6b005,109,109,109,109,109,109,109,115,115
17941,Tshirts,d80bf05b3687d2b98424e95c9143d8cccc18ee448c416477d850a6129d174d7a,115,115,115,115,115,115,115,115,38
17949,Caps,df2137c24a658dd70ebae4fc1be3fa27613d0fb0a2acda85debd3aa18f9bd120,15,5,5,65,15,111,111,115,88
17959,Casual Shoes,b4a22c183aa75c0ef71d88d516311678f58e94693cd840326a2bce710dcf2fe2,16,16,16,96,16,96,16,115,88
17960,Sandals,5c51cbd8a3f6a494fc3e84da1494cd4eadab66520c308f5752986d7b9807a8fb,84,84,84,95,84,95,84,115,38
17961,Sandals,df03d0503060389cc6c45ced770ca9cd7ffa3aa522b9c4a5adc07c04c6be28ec,84,84,84,96,30,30,41,115,38
17963,Casual Shoes,2f1aa0290a17268649b983db31f48b1b64c6d7e04865e3224629a6776a68cbc1,16,30,30,95,30,30,30,115,121
17970,Sandals,af0ce7977eab5cfbe95086eebc0ac4b6311884400abe6dddd7af9e9d0dc3a8c5,84,95,95,95,84,95,84,115,88
17977,Sports Shoes,777ea4cc2b44fd84711e559894dcd6bd304be1235f91caaca7689274fed64776,96,16,16,96,96,96,96,115,16
17986,Backpacks,8515c3c061b331834a1668e6b0f907f879a9896f6ff7ead397ec312c31726922,2,2,2,2,2,2,2,115,10
17993,Track Pants,ab6b23b96d89b99f935508e15159217696aadc2bd34d6a467c9cc6b38ea2c11d,109,109,109,109,109,109,109,115,27
17996,Track Pants,c51de2704e26942b63cb217abfc09ea67144aa05ba26665fe0dd8671d80e75ed,109,109,109,77,109,109,109,115,99
18001,Lounge Pants,7b62c609484a4dfff0355bd91fff666f3f7b29df0240ff30ca4a3811de106ac3,62,14,14,107,14,113,14,115,115
18007,Backpacks,6269ef8bf5f21582e1656d7dd144aa318b297c543f6de9143c7c6148e2bfabe7,2,2,2,2,2,2,2,115,12
18011,Belts,b710d8e8e60e140d59a50254156c0f34d75347f61619c6ccfc5a753b0669733d,5,5,5,5,5,5,5,115,94
18035,Handbags,45e8a342f324e04ade527bd5790064832230ed93e2f5f5ef706499d6a21a75b7,38,38,38,38,38,38,38,115,53
18040,Handbags,e7dd53106718e5a1de4e06e2411bf53432b0f6ecd6103f6280ee7469598973ff,38,38,38,38,38,38,38,115,30
18043,Handbags,0341805ca6182943ddfa030f2a8ccd58fa07788e1717612e1029caca05285aa0,38,38,38,38,38,38,38,115,33
18045,Wallets,34772df8b0c1ec4a4f637191b8626917e0fe491e5dd11637840c8a3dae13f427,120,120,120,19,19,19,120,115,2
18050,Wallets,03519a08c86e4f05bddf0f54816d6a8ede2e6a59f835f28dd7f6ba2fbf5668f9,120,120,120,19,120,120,120,115,101
18051,Wallets,0a81d4139f2917c3cc0577a116b7d55349f7f6203aac467e72eff066a671429d,120,120,120,19,120,120,120,115,16
18052,Wallets,e3eace0aeaa0f9c095873a97c67eafcbb1fff2290200e8f3616f66406ea7741f,120,120,120,120,120,120,120,115,109
18053,Wallets,e98c0940c0d32364ea01703ab6bcbe24da37aede6d6ef1109b7541239e8728c2,120,120,120,19,120,120,120,115,25
18054,Wallets,931d1ae43b2a85c07f419462840025db19e3a97e55de840523da1f4b08e77849,120,120,120,19,120,120,120,115,115
18056,Wallets,90c52c548e3ce365d1d9bad158bb9965bf6bc57aab932de5be7b5465a04cd909,120,120,120,19,120,120,120,115,108
18057,Wallets,c9d66bcf2661f5b2e5bf7129d36bc9a0578a8bc999e7098357b74bfa5ae66785,120,120,120,120,120,120,120,115,115
18079,Briefs,8fbae3beddba9327682f29e2dd52b7c6fa880ad201c3299edbd3b7c7c5f254a0,12,12,12,12,12,12,12,115,115
18092,Briefs,5728b6ce93bf1933e5ecd7771f6f0c3741809f658d5612bde61fa7c29b950be9,12,12,12,12,12,12,12,115,101
18131,Innerwear Vests,50e8461c4574cc2f228d5822fa0602825c648c9fe8f59f211cbe0beb8cb5d7d4,43,43,43,43,43,43,43,115,16
18164,Clutches,de5db5c7514337e8f2255ced7abe3cd8fbc206288f2000ed37e4b5097d3ff350,19,19,19,19,19,19,19,115,85
18170,Sweatshirts,15094a47802e38bb3ce3c07bd0b01f31591db00656141613aae67d836f6a410f,102,38,38,15,45,45,45,115,16
18174,Dresses,2d74b3b1e9585c0e4eee9b328adf352dc98d2a670b0ecfebbed0ba062ca42765,25,25,25,25,25,25,25,115,33
18175,Dresses,8f96863947badba3f6d84afff991ea6943a2e27203e277e6ec3f1ab3b4ec7747,25,25,25,93,25,25,25,115,115
18176,Sweatshirts,bb001f8262e002f999235799eb0f367bdab101bd303d4de4d9520177c9f47a56,102,15,15,15,45,45,45,115,96
18185,Jeans,8e7fe6a245edbbb5b73cd7279c38aac73d59cbf040fc860fd0eb81c52f06ac8b,46,43,43,46,46,46,46,115,38
18194,Tshirts,8e82494f3cf57a1c4a22cf3bff80d9e072d0d222d5cfde44aaf3749a65002d8a,115,108,108,54,108,54,108,115,41
18202,Sweatshirts,8f469c04a95f47f1f98aa3bef2911c82bfd885e3b527dbf2e498b326243714e7,102,102,102,102,102,102,102,115,33
18218,Socks,96c8d916974ecc8ba49e849f0f4617fa02516a7fad5f48a91935b200b45cd728,94,94,94,94,94,94,94,115,115
18221,Socks,1aff68023ac26e4170924b05a7da0530370c307e1f6cd39710fe7c672cd5462c,94,94,94,94,94,121,94,115,115
18222,Socks,b26e5f1d2872590d66f87176726012f74c470cba15c058346e5c1519bbf2fc0c,94,94,94,121,94,121,94,115,28
18224,Tshirts,ca90ac6b2d147ae96d6a6de315a7b1e086df4cdb73fda1720013396efa6007d8,115,115,115,115,115,115,115,115,41
18235,Tshirts,5c59fff58fc0908e9864a161203d62f470907c5485ad42414df9841196e6f8d7,115,115,115,43,115,115,115,115,108
18254,Kurtas,9fedcb7505b32163c06144840ee6ca5d0467b33701208c28060317459ab32e26,53,53,53,54,53,54,53,115,99
18257,Kurtas,b7898f88395f39c308ab48fd28e423b7b64fc0ad6c3dab4eab482b4d0569baea,53,53,53,53,53,53,53,115,38
18258,Kurtas,8c184bea879b56e7ef2ad2b7301805e0c222c9719793acc74d8afc37e3302e09,53,53,53,54,53,54,53,115,88
18262,Kurtas,e20f3fb20c3931e0b83f608138bd564ea19895fff2336978582cbbf3c49697f9,53,53,53,53,53,54,53,115,16
18263,Kurtas,fb847bf14f7f5f7d008f808cde9c0cf0ce789997a36f88458f21f45efe6890cf,53,53,53,53,53,54,53,115,5
18266,Kurtas,f4a8b8767d2967ad2b3d60ecc2abf6cd8a72f6ff48a6fe488c9955d5c19c29be,53,53,53,53,53,54,53,115,96
18267,Kurtas,33c74dab1f1647c4095b5f68f848e8acd9199d900ad6114c7ad66f2452e77fb1,53,53,53,53,53,54,53,115,84
18270,Kurtas,4042cbccb50cdef28a5f91dfe0d09bfcfe81b11e94041b29d3abc01e4781d1ef,53,53,53,54,116,116,53,115,5
18273,Kurtas,291a155f1fcd003b67055b4a579b1f00bd2ae7021f9125721b158a4d0e90f883,53,53,53,54,53,54,54,115,16
18278,Kurtas,8ecc08edbd6a03b22d044632e4b453c0e38e8f1482e482455cc73fac6b93ebd1,53,53,53,53,53,54,53,115,88
18288,Kurtas,de6cdf24bca88fc08924f11f02cee30fdd5e3958a6bd01f991c4663dabb5c7b9,53,53,53,53,53,54,53,115,91
18290,Kurtas,6114f21e793e0499349a99f227ff5c4d02a70fc87a8e09e2d5073e2e6e7ae4a9,53,53,53,54,53,54,53,115,115
18292,Kurtas,5a424425cb855c75e315b7125ce1a2ed105b4e3fa5b9c3a7d37b2a9ebb6a2a59,53,53,53,53,53,53,53,115,96
18294,Kurtas,f3392e2776fc57f49e7c5625cbc7d666c4440f8b182e4f6416647e0b95690a44,53,53,53,54,53,54,53,115,88
18296,Kurtas,3027602f0d3c8f25d5e6c2829d97f8b71e1d50dbfb097c1c0906c4ba6a4cd60d,53,53,53,54,54,54,53,115,16
18304,Kurtas,76cd08897f84ccd06634e4aae265eafd53dc097f48974c7f261f01e25b381e01,53,45,45,53,53,54,53,115,16
18305,Shirts,b9a3ffa5ce642420aaa0397e2867963498f483df5d39b9b2f5ca8334b1fb081b,88,88,88,88,88,88,88,115,115
18313,Sweaters,1f330e1cfee1a9a97d1773748ad5fe0123e2938b51653ffac1998197e93be0e1,101,101,101,101,101,101,101,115,120
18316,Shirts,c4e89d28aea9562f81c9288c9d71b2fff7466f87557f8d4633d6243412fae5d4,88,88,88,102,88,102,88,115,30
18320,Shirts,363bf645b2d6794b3e6bfcb698657f6944fb9af87a40a5aaa514e2704839cfd2,88,88,88,88,88,88,88,115,53
18342,Laptop Bag,f883234db5b360b312efbc9102740b9d2511258cf7ce0f565dfe260666b223fa,55,55,55,118,38,65,120,115,116
18357,Socks,af0ae5f22efc09272716b6e4461e4be5d1d3897031edd56bde34c1c55d23c2e2,94,94,94,94,94,94,94,115,115
18364,Briefs,dd31ed5825f76467e73c283964f1596a82695d57f30f4a1566d7214bca6be325,12,12,12,12,12,12,12,115,38
18369,Innerwear Vests,2f34fae799decaee66bcf719894cab74390d76e7d2a9d4388937aec9d0878968,43,43,43,43,43,43,43,115,33
18372,Trunk,10e83ef879e646961214f936c0d59b3e0d8bb2c22619262d03b3e5a8084ff677,114,114,114,114,114,114,114,115,115
18374,Trunk,6de07f33b6e637380103a71c167811a69456de429a6b4630f9c19842240077ad,114,114,114,114,114,114,114,115,121
18383,Innerwear Vests,5f13edc10215104f68456756af279b4b644637e019565685df5c8b92283297ea,43,43,43,43,43,43,43,115,53
18388,Briefs,a896ee0987ae5700b14e446505771878dd4c33ddef533a13e42f9551735511b1,12,12,12,12,12,12,12,115,53
18392,Briefs,9f3304e608f2691399bcbe9e1911d518c9acd976bfd5b3eb013f917cdef2dfc1,12,12,12,12,12,12,12,115,120
18393,Briefs,ce41fca42c9941207b74bf6f2a03bb6958c7b427a80029b4afd8e2c4d7f26995,12,12,12,12,12,12,12,115,108
18395,Briefs,2f0cb344129bfc3c85b03edb70c96cf813a4e823d30b812879e12fc2eb822db8,12,12,12,12,12,12,12,115,115
18400,Casual Shoes,85187083ff64eded97cfbf606c4c7f61fb023540afea98251baa11c6b87601aa,16,96,96,96,96,96,16,115,121
18405,Casual Shoes,dbe6b5db3989bba199de6384f9ee75edf315a3ed8d938ff76a33d30536fb6709,16,16,16,33,16,33,16,115,19
18406,Casual Shoes,3c4fbf86a8e155b9ba1eea9f181a17dff4361fe85d4c0d111eb80b89413560dd,16,16,16,33,16,33,16,115,115
18414,Sports Shoes,d7d89e38541d2c5f205e7c6ade7d974e16114040939bca8b4f58b6942cdb4e45,96,96,96,96,96,96,96,115,31
18419,Sports Shoes,1f7956450fb3b10cef13486e5f463408db9e63cef2e0f7520045d3ad1e3d98fa,96,96,96,96,96,96,96,115,115
18421,Sports Shoes,fb92ef634cf5caac014104d15e621847abb2496eeb7224d6381d5ccc2327acc5,96,96,96,96,96,96,96,115,28
18427,Backpacks,e5b5f7ec2983854ce10da654c9c06131ae1a5e41c3cdf89cc51613555ef88442,2,2,2,2,2,2,2,115,115
18428,Laptop Bag,dd53d3bb59ab2c7da69b03de08ea72830f47b4d7c621ce23c60851a68165362f,55,65,65,55,120,55,120,115,102
18429,Laptop Bag,4030e4bc4a34e96d70cd0d66a7c39b5a9b64f331f1ab7d7cbbdd86de07364974,55,55,55,55,66,55,55,115,88
18430,Laptop Bag,1957f369973ae16ea4f3bd1c87973e1de7d778d199ade19f989bc44200bc820f,55,38,38,55,55,55,55,115,16
18436,Backpacks,ed0fde1fa494a0cf63d07713a845f2829dcebe646ee6fa9aa862fc4fcddd0970,2,2,2,2,2,2,2,115,120
18437,Backpacks,0826da98cb9a0ae6bb8cf671c1a81cfa552e2fd734ca8a580b7190a13d894685,2,2,2,2,2,2,2,115,121
18443,Fragrance Gift Set,0080134922f5ef95c06b3e3be28f3d25e933ce015b9682a7a22c752f16a41627,35,35,35,35,35,35,35,115,115
18448,Perfume and Body Mist,7c06c946f8d06051c9482560d0972591d9a00a8743a78da5cc957d569a5b4e97,75,75,75,75,75,75,75,115,46
18453,Perfume and Body Mist,91593b74329e07b9f3bcd93574c7895482389fd659347762bc3fd17ba71ebb7e,75,75,75,24,75,24,75,115,84
18455,Fragrance Gift Set,d7b4f51387d4c9c42b6b533b5ac2fb4a8f0c5a23bcf5dc7db724aedf083eca3a,35,19,19,35,35,35,75,115,115
18456,Perfume and Body Mist,15fa78169f2d3c7d0714c10124aa735a85afb12a187086f04378b8641b7a8bbb,75,75,75,75,75,75,75,115,16
18457,Perfume and Body Mist,718c34f51521b176947afc45a2c86bafbcd633dc52aa57671b33a7472aede926,75,75,75,75,75,75,75,115,2
18460,Deodorant,0e9ccda14163ab1e77f2acabd51678c1a4a66ff7e41e14daa2ccdc3cba3e7330,24,24,24,24,24,24,24,115,16
18475,Sports Shoes,173c90cc7a32b9ef0593275138f9da2b7d0de4438d96495757b6bed8b8df54fc,96,16,16,96,96,96,96,115,62
18478,Casual Shoes,55255c16d9b61331e14d73cd1832b23773cf05e358605a7d96a1f151a9b03a3e,16,16,16,96,16,16,16,115,5
18479,Casual Shoes,590c236971162ec4730890f2de1d839fd5b0ccdcdfe9f9c71d328c5d393de522,16,96,96,96,96,96,96,115,94
18486,Jeans,05162b745d51238f7ec86652b00a7dcd3ba86c53ea0c76f1869fc4b31f708a4e,46,46,46,113,46,46,46,115,101
18490,Casual Shoes,235be5255eb555093660342bd5eef9a7e165b97f30e050e35fd606ef4f3c9eea,16,30,30,95,16,84,16,115,108
18491,Jackets,76aed940a1c586fedaa4a67694285e78b376e7cdd2d6941c3a3b7522d5f0c049,45,45,45,45,45,45,45,115,88
18509,Jackets,09cd4769f3128a73a45f83c6a0effb5b044961fe28e690a9cf657f13eddf46c2,45,63,63,45,45,45,45,115,121
18512,Jackets,b0c21ed5654012bfb501a6ae90a261b8223d83d7aacb2a85388f457280cb8327,45,10,10,45,45,45,45,115,115
18522,Jackets,58c2260123eb0fe437029ee9de74298d28592b5e33c5b9f7dd675cbda2760002,45,115,115,70,45,45,45,115,115
18524,Jackets,f6dc76e5876e5467e448004a8b62a5cdec634eba87304100d539f135f641c1f5,45,10,10,45,45,45,45,115,115
18541,Flats,d8f4a652da723acb6f3a9dcc592f2eb4f0d6aa2fa44d8b6538a97d2cc66c4f2a,30,30,30,95,16,31,30,115,2
18552,Flats,7a9e4ae6ad7d8241df4b648248b7b6416ee6a1d8e0f1bf034b90544c86f3553d,30,96,96,96,30,41,96,115,115
18554,Heels,e618217d3e6b1e2cb5c8a79ebea8134d70b897c3140dd3a675e47e59a9ba58ff,41,96,96,41,41,41,84,115,115
18559,Heels,808fd56560b6b64fbbb8ee9129ef20a35710e35621ac512b27f285aac751383a,41,41,41,84,41,84,84,115,105
18566,Wallets,040ad39ac6a4c481cebe611f89bbd6dbfc999c38a91a46f7584f318cc6f817f3,120,120,120,19,19,19,19,115,19
18574,Tshirts,9afcae8c7e07c2851809b73359221397df7700f5dc2d19b750fc7f38a4f19eef,115,115,115,115,115,115,115,115,115
18578,Sweatshirts,d7a83b47259f22f2a2a853670fb674c933480a4f995b6771ac2072ee15d291dc,102,102,102,102,102,101,102,115,33
18581,Socks,0a607430373790a6571e75adc7652dcade73604972bb52008e319705b836b311,94,94,94,94,94,94,94,115,88
18585,Socks,4f47477a0bb235b2cb4d3d8c4c1d9bd4b75ac578eedea15d7ca071bf3b8d0fe4,94,94,94,94,94,94,94,115,115
18591,Socks,c714849a26386a132822a8cb86ed4b9e77f36a1ae43fa66fd7dba19f311cee5a,94,94,94,94,94,94,94,115,88
18593,Sports Shoes,6c4a526c29cdb67f0393c002c0e67a8cf74dc504450681957960f0e41bf3076b,96,96,96,96,96,96,96,115,84
18598,Sports Sandals,e11ca33c2e53aa514fb8b0c5ef27c2342ebbe1a8e979e59d1d6fd4b876623107,95,31,31,31,31,31,31,115,115
18602,Sports Shoes,d43bc56f0484df202c830050d5ea5410f314a883057f01850af52871a96016e2,96,16,16,96,96,96,96,115,38
18607,Wallets,870a36eccad22c95edf4535d4b8d9c07f5ec0a0c531b478e99dbc5ccfd97dc9e,120,120,120,120,120,120,120,115,88
18622,Tshirts,671de869d5e4599389e865bedc476af72952350358d7a008ba38f6dff62cb575,115,115,115,115,115,115,115,115,93
18625,Tshirts,2dc329b31652e626a9b564852f1144b1ead96c76e7ac362f39616ff05481cdf5,115,115,115,115,115,115,115,115,41
18639,Tshirts,216edd79b4415a9eaade2f85a3bab01b1d99d89e5aa933646a61207180172b5b,115,115,115,115,115,115,115,115,55
18640,Tshirts,b3b976b228d51b92c305c1e0e90cbec4b1f1c260cb4635dc12e4130b2044c9a8,115,115,115,115,115,115,115,115,31
18641,Tshirts,568982782f53531dcf04e7528f9d1e1bddff19b8b01663e15e6598468d676e33,115,115,115,115,115,115,115,115,74
18653,Flip Flops,9dfeac498a71a585a3fb5e589762230c5c2a52d07c088563470f8dcc42da25b3,31,31,31,31,31,31,31,115,5
18665,Casual Shoes,cc53bdf38b5ad08f8abb1728ce50f8840a966334356b895506f4a2a41fd67027,16,16,16,96,96,96,16,115,88
18691,Trunk,eecbfa61345bbc1b64ad1d69897b459d82c7c43456856b7a545d472987c54b36,114,114,114,114,114,114,114,115,115
18697,Briefs,c3759d0f2a92225f8b81b9a44017f2e810da39498f596433a610d56f14a0d0af,12,12,12,12,12,12,12,115,115
18703,Briefs,12b2f8de72109c0b8e995b0f3b1a14440f043529f94432fd7c04fcfd2fa9a254,12,12,12,12,12,12,12,115,115
18704,Briefs,1bb9502b4803255eedfc1d75439d7fa3903cc3953373e9e87f9a528d905b70fa,12,12,12,12,12,12,12,115,120
18711,Skirts,8a4f9aeba7e2317f6ea40879fe544fb6df56031aa9018fa1cf1fca4f625f429f,93,93,93,93,93,93,93,115,115
18712,Skirts,5b90162b98e65326e8615d89e004dd8c470e4bdcf6cd2c7f47028484fee5d6ef,93,93,93,93,93,93,93,115,31
18715,Tops,b2ebbceff273078ba4ba7c9ad8de8f01351049ea1f66dc12d9888f5ed4b76b9b,108,108,108,108,108,108,108,115,16
18716,Tops,583c4b97aa2b8e93e85c50a841743c50b4e26a1c2c0660c20abf8ec7d4c3c853,108,108,108,108,108,108,108,115,96
18733,Tops,847d9638a6fa391d337f51d22ac153fbbb79efbd8a73136ddd7e639908a60dcc,108,43,43,108,108,108,108,115,113
18740,Tops,0d8f5859ba5cd7d48d76e69612ec219be671e80886e38b2e0f8fd319a254c490,108,88,88,54,54,101,54,115,16
18742,Tops,58219d8f25bc3bc6204db2535c5a97b69c7a6e69b36aa46da57b5eb491694d6b,108,116,116,54,108,54,54,115,26
18743,Tops,42edb63d2a0c51898699c73da33583309d967bba90904ba5ba9ec2d4d3e117e9,108,88,88,54,54,54,88,115,88
18747,Tops,ecd6b628dbb6b979954d0a12c0d5435ba9c3aba4e8e0635329e3854df35bbb89,108,108,108,108,108,108,108,115,71
18750,Shirts,82c37f4a022d6498cb1a75e11eb6123d056de7e05800ffd0c3d6227a30cb6134,88,88,88,88,108,88,108,115,91
18755,Dresses,e22857ec2cdfb8c6a20465d36e761f5a2a43c20c331020edbf23f48cec73cd4a,25,53,53,53,25,53,25,115,121
18757,Shirts,aad139f9ffcb79b62ef5e39a70794586d357f1a4ca09ff3b6ccae815ab3eb99c,88,108,108,54,88,54,88,115,41
18769,Ties,aa08c92e8cddfdf7c4e3ad3c7071f5f87e6579a5ba1864f06e437929dbdceaf2,105,105,105,105,105,105,105,115,96
18776,Ties,78e4e13e50b5c47a7faee25788bcb8b6db4db4e16e236d68d396c1cd9cc05bb9,105,105,105,105,105,105,105,115,30
18787,Wallets,2f6538d027ab495d6f26ad6c806f39a363aaa28b172546954717efd2c9b6fb0d,120,120,120,120,120,120,120,115,115
18788,Shirts,a492e26030e92b16744979c6b59813ee52523c758b3d896ef696de6dbdd66b7b,88,88,88,88,88,88,88,115,33
18796,Messenger Bag,1e8aa62a7fd9d752432d2811e6ff73c71d3a73dfe2a798a369c6fd5fec68ec62,65,66,66,19,66,19,38,115,120
18800,Backpacks,e15a7a0ac10bf5c00deb0747c5e71e9c82d88d94f0c6d2e8a0ff3e858b1a346e,2,91,91,104,2,104,38,115,30
18805,Belts,2e09a3f6d90bd5f114dbba948edd65a995cfba69edd3ca34658e410a741e4745,5,5,5,5,5,5,5,115,121
18807,Belts,389053271655a12004d7a5db67249911ace77c77462e6992b77d6593f5f0c8b0,5,5,5,5,5,5,5,115,121
18810,Belts,badfa51ac336648436fa4a31968cb4bbb6badfbee42c626d05c4af2ae7d3c491,5,5,5,5,5,5,5,115,2
18814,Belts,25513b1d5ebda0019b09b761e2f9df64adedf84ff4c25d2607ecdea5ea7f5c3b,5,5,5,5,5,89,5,115,2
18827,Wallets,96e08bafa316d397a6536baccb354eeb6bd43ce5089d38add9f4f0fd4911471e,120,120,120,120,120,120,120,115,38
18840,Belts,7a8654ee3598700b824f7d14f0ad71b0ae9e770bec603b1426a04e135eeb386c,5,5,5,5,5,5,5,115,121
18846,Tshirts,a7da0c0f10223d4688a8cef68ca7900c4be183a4faa28b0b487e8398fa62b5e4,115,115,115,115,115,115,115,115,12
18847,Tshirts,1c8db31c41c55aff648580436642dc5a3ee9cc77373f911e1c346daf0c5bbff2,115,115,115,115,115,115,115,115,41
18848,Tshirts,df70c5a32e47c314a70717c3f7bc3b8a7ca5616a9c966f82745181c93ea84a11,115,115,115,115,115,115,115,115,52
18857,Tshirts,563d11661a36bc3ca94c2045b1e084edcc6622cc69a07fdff412dc1953bf695c,115,115,115,115,115,115,115,115,121
18859,Tshirts,bbead748250e9a41a0fb8faed4d0b745805b659ebecf462a9c0156ba15397d04,115,115,115,115,115,43,115,115,19
18861,Tshirts,03e7a92aa30a189b512f89d2fbe36e3beb440c9aa52927cdc2e00e080d7b5c65,115,115,115,115,115,115,115,115,108
18862,Tshirts,3d738898573881ed8f86cf0494ee02e5fd350bb5a0f8318af913c935c6088a8d,115,115,115,115,115,88,115,115,115
18868,Shorts,a87d7ffd7786916bb1fb93b6cc1b8d538cc2cc1de3ede1d6222f52b47419a23c,91,91,91,91,91,91,91,115,121
18870,Track Pants,38e3f69daeb478cc9866227e793e6ecef610b9003f9bd0d400479498377efe00,109,46,46,113,109,62,109,115,38
18880,Shirts,ea68cf4d6d872661d3c1734af6af00c17b8e6bf9093316aba100a61c027b3bf1,88,27,27,88,88,92,88,115,16
18881,Shirts,afcbd6cc97f68e21992ae1a5b9fad7d669198a92a65fd83233a24bc8df1dcaa1,88,115,115,108,88,54,88,115,108
18888,Shirts,e1853e6184e69596efe851e821ba66c139004a7b34ac6c91a35806cb9efab5d4,88,108,108,108,88,88,88,115,2
18889,Shirts,e4e19c059bda315b3f69b403df3d5a5b57571709e76ec0645983fa8b696302d8,88,86,86,88,88,102,88,115,30
18892,Tops,8307f9e01b9dd30bbb057d853842f5cdc7658563e599356d19358384cfdb491f,108,116,116,53,116,116,116,115,120
18899,Tops,b8b13f3477f1d568ac62f84ed40c7e8aa065bbd7506c25a43bb642f598f3263d,108,54,54,54,108,119,108,115,38
18902,Caps,62359ab0bdad0a5078db909d1acc09f002c18c3f3e0832176fbed12374491845,15,15,15,15,15,15,15,115,16
18906,Sports Shoes,f167caa2ad4ae392638e68e16c7186f5442b0899ba16b8c87d52d73dab05ca8e,96,16,16,96,96,96,96,115,108
18924,Tshirts,801f4070b0bb78056dc4a91148ba56e4a167a95dbec4dd00400961b98bddf926,115,115,115,115,115,115,115,115,115
18927,Tshirts,fbb22eea35862c1f92c91aec7af4fab71e6f4cfa2076526c9cb6b4a13814d9a1,115,115,115,115,115,115,115,115,121
18932,Tshirts,8039f8803a9b76e4a5509f63af4f01fde2d2d48d69db7e73de8529117649fb94,115,115,115,115,115,115,115,115,43
18942,Tshirts,599df5767f6d77b36830bff52de8e6cf4970ac5863e06d87b6f9c70caf146ef6,115,115,115,115,115,115,115,115,38
18952,Socks,febf778949303df9b4e07473ab994af6c2b73c140dc2f1a2f61b959a7e139451,94,94,94,94,94,94,94,115,81
18955,Socks,7daeebedd06eceea34218ea9a4a11e8a0777d824b8e1d68461fe490207b6059f,94,94,94,94,94,94,94,115,88
18956,Socks,e4394f25fe448fa796474f302df02c5fccf783c7696d4a54e658e90885bf770c,94,94,94,94,94,94,94,115,38
18965,Sweatshirts,e8abd8f5f23ffc81ab91b7e7a32224b5be91bea339f41d2ac80aa4c959e98c05,102,102,102,54,101,54,102,115,16
18983,Tshirts,59b766b3b051aa448d5ee20d50f1dd3bb819e2aac1a3a930463ba4c9439eeb69,115,115,115,115,115,115,115,115,96
18985,Jackets,b857499b3337834d35babdc76969cb9cf256acea93c5a5283f34d5dc1791a60e,45,88,88,88,88,88,88,115,121
18993,Tshirts,62e8ea35a13b626cf07a680c95993c34ec24b6f8398348a31466831d47f5e8f4,115,115,115,115,115,115,115,115,84
18994,Tshirts,e36a49cfcf29e62a9e95689974d8d2a0a98dba9c75f835b90a8b8df9cb6d360c,115,115,115,115,115,115,115,115,30
19000,Tshirts,65ee4652a6cb92df4354e867a92939bb2ba361bcc64880cd6cd147e87523b0ba,115,115,115,108,115,108,115,115,109
19001,Tshirts,5ac2da3dd8f8d213e51e62d6611fadbc2ffac923eb5759b78ccf05d7330fbf87,115,108,108,108,115,108,115,115,115
19011,Track Pants,8dc7da9da484e626f73e4c2093515692e88fc3fcdb52264cac62b1a3b883446d,109,109,109,46,62,46,109,115,10
19013,Tshirts,58010c07d648eba6740af305cbc04712f2d8076f41afaba50072b4c2305750a1,115,108,108,108,115,115,115,115,24
19016,Tshirts,b848b658f5577d1284fab51a82afbcd92c0cd5366f8c112b22c7ae0cebc7273b,115,108,108,108,108,108,115,115,14
19024,Flats,5d8d18d1651e6890e78113adbfe450fab534cb65a47e94031d28c8d6577b4da7,30,41,41,30,30,30,30,115,115
19027,Casual Shoes,88ef26da38470681c09dccf7ec2faae49bd03d7d5566b85deb8c755b40e46b1b,16,16,16,16,96,96,16,115,96
19028,Casual Shoes,8c3a7807ff0b5cb6ec98e46c5d87827ce99fd6f682d55803d754f923727c707e,16,16,16,16,96,96,16,115,121
19030,Flats,7f722cee6203ad9707d769376914c3313bcf2ba10e63b016a0f8954f31ed2d7c,30,41,41,33,33,33,33,115,99
19032,Flats,5011d841d8c5a85b905669fe8bcd110d71aa6fb5ddccce1d716bc22834c70761,30,30,30,16,30,30,30,115,115
19043,Heels,e3830ae6937368f84f52770838e69b97c4737840430393511edd2ada6afa7943,41,31,31,31,31,31,31,115,46
19055,Kurtas,85fcbc99cc64fa24edd58f596e318fb7cdb436ebd072290e349b03ab7dd2ed2d,53,53,53,53,53,54,53,115,5
19068,Kurtas,6ec3ac96512bc256a1445719a2c707c2457f2badc271aed7becca7bda9e8ab99,53,53,53,53,53,54,53,115,26
19070,Kurtas,7d63ea1b1d9625169d314a9dd002c11d388314ed679270fc3f34095a610b4bad,53,25,25,53,53,53,53,115,84
19071,Kurtas,0d6f3dbf052f93546e8c153d63689c1c584a361ccac944bf04759422cf3d6538,53,53,53,53,53,54,53,115,53
19076,Kurtas,a3b7bd6455a5b3db3fc30c8d0d8fed34410fb074291cafa8b15aa245eca68de2,53,53,53,53,53,53,53,115,99
19081,Kurtas,7bf3debb8ad51eb4cdfe4682cb1cb569489590ee67b8859632a0e11410ad13d5,53,53,53,54,54,54,53,115,16
19084,Kurtas,abbeb891622a0f486e92fbe3b702ea89d2cd39ce985482d59caeade96dc480f3,53,53,53,53,53,53,53,115,33
19088,Kurtas,e7e0282c4ef17f78dacab2f43609877880c0f13772646cac5318b27e1a09038a,53,53,53,53,53,54,53,115,88
19090,Kurtas,1d2213b02abe76d72654f12f66fdfbd93d78122bdd34feb44c0dbf31c42c8273,53,53,53,53,53,54,53,115,12
19094,Kurtas,bc8661f966161ec0ec132972d334b5064c49f9541f4926f43c89d9b7cec484fd,53,53,53,53,53,53,53,115,121
19095,Kurtas,1268465e0894c28d145891fe78c02bf5fe9d64ba3f76bf6bb4ac885e84f68183,53,53,53,54,53,54,53,115,54
19102,Kurtas,6c6455c7cea10921ea1d32aae3000e44ad51c66b52e2856cf124341355e3b543,53,53,53,53,116,54,116,115,96
19121,Flip Flops,6e122ba11cdc396be245b4fef774ec992deafffeaeae7ecaa61040a279c417ab,31,31,31,41,84,41,41,115,53
19122,Flip Flops,31d9ba1d77c8c0cc9c95c7a29c1d8f1cae7bfd5726d3ac8fe77ae4804e48804b,31,31,31,41,84,41,41,115,121
19129,Flip Flops,d9c21b8ea4a473465bb36739b2be47187ca4f21b497bb41abf3766903250b277,31,31,31,31,31,31,31,115,41
19130,Flip Flops,3072aea0e06c8b7002f6d514211ebab472af2521b26b1854b6aec10fcf0a2085,31,31,31,31,31,31,31,115,88
19135,Sandals,df534696ae2978e4a88fd98398df1c34d8028b97d7b115360a63e24ea61e3146,84,84,84,84,84,84,84,115,109
19142,Sandals,c67204223d3673b347c6ba4f40b2765a4a3a913e1d672d34448d66e0a434a4cf,84,84,84,95,84,95,84,115,31
19144,Flip Flops,0f01612641edf5525a47ba7a7af85a8eb1d40b1ee6a364ff6d4661cd34ae89be,31,31,31,31,31,31,31,115,115
19146,Sweatshirts,8d9d0626b1cdf9e9ebcd828b60f3c479922b54f729318186efebe402f1576df7,102,102,102,102,102,102,102,115,88
19155,Tshirts,7d35d0b5987e83004970a0424e4ce927653da3342e4f84c1be4daeae96e103de,115,101,101,115,115,115,115,115,31
19158,Tshirts,2b251c10ffd8f0b4754bc5df616d8b82b4bb3d2adaef4c27b91b8f59a4fac290,115,115,115,115,115,115,115,115,99
19159,Tshirts,a369c22d06bc8d96d12a5b585d1d4fcc21c66d20c96d4685175fcc232098bac9,115,115,115,115,115,115,115,115,88
19166,Tshirts,802440599de750b7009291b819e325d3bac0032069fc5c9f138472800a639288,115,115,115,115,115,115,115,115,16
19167,Tshirts,37d342a7f4262d7b606b0cf447c9e2be01304cf452fd09868e1d8f7c442fa4d5,115,115,115,101,101,101,115,115,16
19169,Tshirts,7706b51afef63adfab01d2a2f76e151931fd2a584511326b897fe2dc1f40ce6a,115,115,115,115,115,115,115,115,88
19173,Shirts,223f977307091bf99a0262e9e40f1d1446bb41b5ab72b68d750d1df3d4994c77,88,88,88,88,88,88,88,115,113
19175,Shirts,a89745002b96d30abf686d0b98e6be2f6c0dad98f2468c7988cc1bbe0d58ec2c,88,88,88,88,88,88,88,115,108
19183,Shirts,670feaff1fb944b7a177eb4ef15604bbf3d73b8c8a35efcd4b4a1fd1ed520f73,88,88,88,88,88,88,88,115,108
19192,Shirts,e82c741af6b47fa25a2c3624676fefd1409f9ca60918a9882d5ec0e90a565ca6,88,88,88,88,88,88,88,115,15
19198,Shirts,1aeac870f3101f393c7b650099de5864d9a01c0097c7c1ed8be6f508b9d288d4,88,88,88,88,88,88,88,115,108
19199,Shirts,68c7d00be2abdc0295cda43d19e42f34e8222fad3263c2a5dcd640129ba14676,88,88,88,88,88,88,88,115,115
19211,Belts,c26ba6f8ad94b4f37a8163d4c33ee619471c2f543463464f2d71cd92d16e51f2,5,5,5,5,5,5,5,115,108
19220,Ties,3e974069359a7c9a352c9b8141ea7a7d9fab4b98a0b3da4d37330017ada159bb,105,105,105,105,105,105,105,115,109
19223,Ties,aa33599cc02e4a4e1017bea8e637dddff9177f562c7546c86e728b4958803027,105,105,105,105,105,105,105,115,96
19228,Ties,495e33f72cd7d79f79910cef64f20a4a450cb2231ac16b15baafadcde669222c,105,105,105,105,105,105,105,115,115
19244,Tshirts,fceac9696b8eb7b3af18048fa31818496515262652a58d479594e71ddf97a276,115,115,115,115,115,115,115,115,12
19249,Watches,7dd1b32366236716ddc1820079369826b8d5c193e7822e542c3dcfd32f39c41a,121,121,121,121,121,121,121,115,38
19251,Watches,63b2d3ed013dcbc7e8ead08fd64ba70cd2ec0b3b35d620548383ae876643fb79,121,121,121,121,121,121,121,115,115
19255,Watches,92a51c9b03f319a4c768d4e846a0d46b5f2a74ed2056c85531fe6d8da6612d5f,121,121,121,121,121,121,121,115,16
19268,Watches,880ad9eb0ea004bdb8468e56ed952199cc876fa8cea26a57ac6510bf6c45fc1c,121,121,121,121,121,121,121,115,96
19277,Watches,f850d714ab124d5c2b2b2f03ad6d2b95e9672c5bc5d53c3ddb5145636caaa325,121,121,121,121,121,121,121,115,96
19286,Watches,62135c19ba9737657feb85eef46954b8db6e1e215e2cefcafadad17ab961d994,121,121,121,121,121,121,121,115,71
19293,Watches,3d17f06778ca60e62e1d307f669f998628270b7591ee99f623b9d420c460e416,121,121,121,121,121,121,121,115,120
19294,Watches,1092f2300b86e801f485c933176423c821215fd5b5932d4fedda89a8b3f53957,121,121,121,121,121,121,121,115,94
19299,Watches,ed3111a6169e56cae1f37445e46124a1cfbc59e8dc748334d5ca996fac0269c5,121,121,121,121,121,121,121,115,25
19309,Sports Shoes,b97f9c2d80869b5acca2fffd1200a9caf38aac5d6ee233db5a15395a5def3dab,96,16,16,96,16,96,16,115,38
19310,Sports Shoes,c6e6b7a05670d6d0bfea5534aa89077a4a22fcf93b8381b21be7f005ed1666f8,96,96,96,96,96,96,96,115,46
19312,Backpacks,33ae9cbeb3d78ef53dc613e7dfee774c5f1c909be7ed17583d0d380f023017eb,2,2,2,2,2,2,2,115,15
19320,Backpacks,50d77c1c02cc5aeb206a1a080dbdb2848defbd4c257254bd80122980684c5584,2,2,2,2,2,2,2,115,121
19327,Sweatshirts,f8f2eb2449b0c9feb782bf9b2938183c1663e50ea883195f5c1a701e4d897353,102,102,102,101,102,101,102,115,108
19331,Jackets,9e54608c246736e805310cc48a6c486d075e4717bb32eecd283e32653d4645b9,45,45,45,88,45,45,45,115,91
19336,Jackets,f198ddd801b759117a49361d428a53c193603ba2f83738287062a9cc4807c8b2,45,45,45,88,45,88,45,115,88
19341,Jackets,f57a949f1bb57f36422ca6c5bce1630b81c134876905f3ff28f4975083807d2c,45,88,88,102,86,101,101,115,110
19342,Jackets,2ba6a91aa9d51049d104e9786f7da85802e8e264e05e188d86340537963ad00b,45,45,45,45,102,6,102,115,4
19344,Wallets,b5b6d61c1f29f51b81338a0c880fc2c46786dea779dad12a6ae30f20208365f9,120,120,120,120,120,120,120,115,31
19354,Casual Shoes,a6fd40ea7aed7e84fac6737ff1a7966c9074bb1729530105175364391f71af7e,16,16,16,96,16,96,16,115,109
19357,Briefs,a7c4bb96c669d614dfa8d41026bc5dc6ead1552fe3147013b1ce084ed55c1ac9,12,12,12,12,12,12,12,115,121
19359,Briefs,84429fc43af6a0722d704b71bb4ea2986fe46a2f3edeee75d821abc911159b2f,12,12,12,12,12,12,12,115,96
19361,Sandals,d57fd6193074e6fc341e59064b680164df92d461fc9e5601c259205631200e36,84,84,84,16,84,33,84,115,13
19365,Casual Shoes,665de13b397d6e5bdcaebafb80379bddde3c36c7c381cc90736be7f9553cee94,16,16,16,33,16,33,16,115,115
19386,Mufflers,5de8370a18243e60cbfd24182e733c48a3fa18595cd7544545ce1b7d650b2e63,67,86,86,67,86,67,67,115,96
19393,Sweaters,dfbdb05343d3b53b4c201f7ae74283029f1e1906c0e2ba8fea65b417da1232ae,101,101,101,101,101,101,101,115,79
19400,Tshirts,eeee0094a8d3dc1a8f7f0fdeb5c9fcee0fe15b26fd8d8a8bc70c4e5b61a2ee74,115,115,115,115,115,115,115,115,41
19406,Sports Shoes,c97ad0bda8346f84eac2e5c8410a5aa8a46aff65f8269bcf2a3d582f7cbc7543,96,96,96,96,96,96,96,115,88
19414,Backpacks,c5a552fda862addd9a28b92dfa73fea79042d1fa60d2571462c613faeb2a4a19,2,2,2,2,2,2,2,115,121
19428,Shirts,a80c0725283a6c11182f22776ae9d9488b9dd659e93e39f11f96e553688ff209,88,88,88,88,88,88,88,115,120
19430,Shorts,d19caad27bce623a31af75eebb2b1d9f993685c812ce1ce96a624fcc5be0efe5,91,91,91,88,91,9,91,115,88
19438,Shorts,c64a5ab19d50b641a160ea73547183679b8dc64ca42e471a5300e5549c33219d,91,91,91,91,91,91,91,115,16
19445,Tshirts,c37ad4b9a3650fa2cf25e2df2dc0e99a3bdcfeb52eb6ab70fc0d158763d8ed27,115,115,115,115,115,115,115,115,88
19449,Tshirts,9d7217ba408f91045b7f8cdbad880c1feeb3038f95cafe5883f7ae49a3fa4092,115,101,101,101,101,101,101,115,99
19456,Tshirts,331826a56d8e2bb328366402200a7c4b5a66fb9eccddcc228415aa5a3ed25d3f,115,115,115,101,102,101,115,115,89
19473,Sweatshirts,6c435c6f28ca396bcd4641b31a8965a2d3d934fb0d968227641d696d823b27f9,102,102,102,102,102,102,102,115,14
19490,Briefs,7bf416a32e34cf1e4e8314ab913c14ac2e27398a30ca3184f31c307249e57934,12,12,12,12,12,12,12,115,52
19496,Socks,f2b9b9104f8b79e1f775921229f8957add4a30167e0296b344952d4f1a1966fa,94,94,94,94,94,94,94,115,31
19499,Socks,0b6f8b1f0dd929613ac5123c782db34daaeb068d2e97f5d56e051d712b0956ee,94,94,94,94,94,94,94,115,53
19502,Socks,ea8656b94d065728a9acc3049eb1e16a93dca7bd1592ce9fdbe2af956237f0df,94,94,94,2,94,2,94,115,16
19510,Belts,f240c10794881d044de36b3243a6b7917437895330c5a3e2d4e0c303d0126bd8,5,5,5,5,5,5,5,115,115
19515,Sweaters,9ef398707f825986e32b12a9577d8d3b87c7d688c6b291099a9af4ead291376e,101,101,101,101,101,101,101,115,115
19531,Tshirts,c6e9d206b1e68af575ba1e490e0df911af7cd8b29eec88436795da96c559bcbf,115,115,115,115,115,115,115,115,121
19532,Sweaters,7e590ad147031dc980ec062eccebcb15748ae4b91586e5e4df00138ff37129f4,101,115,115,115,115,115,115,115,115
19536,Sweaters,a8e23f1ec58f7404f1121af40498e0df0ff4f07506ad4696c857b69b4bca31fd,101,102,102,101,101,101,115,115,16
19541,Gloves,8cf2cd61c253fa5422b301f2c9e509a717cf857e7250a1b38d06e7e4291c067f,37,37,37,37,37,37,37,115,99
19547,Sweatshirts,cc4a54ca873d38f0c2e8b7a3503753be4e615eb3906eaeac6b318b233d379615,102,102,102,102,102,102,102,115,88
19559,Tshirts,f59c77322b67c53ce1940569c2790b63770226f317424eecfd02bd733daf4e2c,115,101,101,102,102,102,115,115,25
19560,Tshirts,42a52122258aec329694590466288c0cda3d92769affd915ca735414676813e0,115,101,101,101,101,101,101,115,114
19563,Tshirts,bdedca8d6424c0e982f77c69d99a982c23f6670fb07c30770a33cc544af43ad3,115,115,115,115,115,115,115,115,116
19564,Tshirts,7a7bb9f674eb7b1eea717b4d8f38f1bde87b825be4be03b76e2c0b61ed37b639,115,115,115,115,115,115,115,115,115
19570,Tshirts,ea7724a94f0709e51426d1472fb1cca31ba0d2922b293442db7973008cd1e855,115,115,115,115,115,115,115,115,14
19571,Tshirts,cf3bd07d462b8a01d8cdaea958dc3033ded8fd727f0b70a086f69e13a12b24c5,115,115,115,115,115,115,115,115,10
19584,Tshirts,3d5abae3b340786ef50a4aa837977b8e816acf6e6fe0445e372249eef6421488,115,101,101,101,101,101,101,115,120
19590,Tops,0fe665951a0988eba03dcbd7da300208576196502a6341d67baacf450ee253eb,108,115,115,101,108,101,108,115,121
19593,Tops,686ac66d4dbe5b110db958f1f3528db91d479e9b46de0c5de440434e5caf24a5,108,116,116,54,108,54,108,115,113
19597,Tops,add31b977d2f781f7b4de5d7a906b5ee9d2f0b61debd71f9ccedb1d4a23c36be,108,108,108,108,108,108,115,115,38
19598,Tops,8bf5817326faaf3d3fbcad4396eb2256de238ca2c918ccd8cc24ee4a202a96bc,108,108,108,108,108,108,108,115,53
19606,Tops,efd2839db7125d2bf3c1fe9798c837576861eab7518b6f9389ec17a99520d951,108,101,101,101,108,54,108,115,41
19607,Tops,3d5706a785d203a532c6ae31f242af08b37016ee054c529a21c23ba595626317,108,101,101,101,101,101,101,115,88
19625,Tops,d2a64ae2b277685af830c9a2fb8ada63e602c8a96d964d23fe5927f11d117a15,108,101,101,101,101,101,101,115,2
19630,Tshirts,3824c720cb0d54063aa14319ac4e803af0daaf43a41f393035cf5423e6ae593f,115,101,101,101,101,101,101,115,88
19644,Tops,a8963c82eb6f8e97f3c42b63143da38fc3d7adb6c74958f7638a524f253b5a20,108,108,108,54,108,54,108,115,115
19652,Tops,aa18c7a9c7005a120a0fc189bed15e695b04ac6b7f4d48591dfa6a97e6751cde,108,108,108,53,116,54,108,115,2
19667,Tops,a143da186ee461b5bc20269c53310ab17317431c819ea948ea7055013f7c73c5,108,108,108,54,101,102,101,115,91
19668,Sweatshirts,8156d04db920f481db93f3b97ae6c91d0fa0f5f8d38c4379301a4c058c7f3608,102,115,115,102,102,102,102,115,12
19669,Tshirts,64ffa3b9cd174c88a85031a9dc59e3296ca7be7838b557f4d770c619276fff31,115,115,115,108,108,108,108,115,115
19672,Tshirts,0d0c34e071be91a6206b6c5f2426974d821ca62fb4f3171761d379e97cd9602c,115,115,115,54,115,108,115,115,69
19674,Tops,20de45cd2a9e81e7bb6fa9254d512291e5040012862fc61e4eec5492de719514,108,115,115,101,108,101,108,115,2
19679,Tops,04bc3458a9d921ad45cbd763d1e7a44fe22ef065168b2ef46d3d5f7fa4a1b68b,108,102,102,102,101,102,102,115,120
19681,Tops,ac3e6fb78f96014f047c13d3a1b241fe03e1e5fcf3cfb7323240f34969f745b7,108,101,101,101,101,101,102,115,115
19685,Tops,f8833428acf7dc2a33e53166d57406eb8e52ec03fa99abd6847711102c86b6c2,108,27,27,88,108,88,108,115,33
19697,Shirts,94ded47cf94461d66e39e84ef7e023f32730438d5742f7568bb83503f2611c11,88,88,88,88,88,88,88,115,33
19707,Shirts,432a465259ec2862736ebfa8fbb5735870db08847541e9c84bb161beff262d3c,88,88,88,88,88,88,88,115,108
19708,Shirts,03de6608b6e78e32e73ff14db8df4792a6405b841dc6ef621ded681d1b7e463c,88,88,88,88,88,88,88,115,108
19709,Shirts,ab1c8beb689ca388d0264db8c141f05dc73f3bcbd19987dcdd5bb3117664e842,88,88,88,88,88,88,88,115,88
19712,Shirts,1ece130b5f2c8ec4cee605fc6ed1ca4523dd2bcfaa22a8566ff714b248a47570,88,88,88,88,88,88,88,115,71
19713,Shirts,9fc0a95febf74f9acd02fb7e76d916f1a61a946b6960b2e0695426fec056a35a,88,88,88,88,88,88,88,115,56
19717,Shirts,f952a77826ab0000b1e265ef920e1d7a66c05627d677c35bda7b16056e1a9929,88,88,88,88,88,88,88,115,15
19735,Shirts,14d892d9339774713bad3eb0b5b75fcfb8bfee808648914dfa44015dfba121f9,88,108,108,54,88,54,88,115,88
19736,Shirts,82836e536f97030248e87b4f6de7ad32b04ae11f77e456b7020b045902fee3ff,88,108,108,101,88,101,88,115,113
19757,Watches,07deea666c4dc5fbfc53b6f1f007f325716bce1984978437a3c8d6fab26934c1,121,121,121,121,121,121,121,115,88
19758,Watches,557367856a99af59a7fdc65695c9ce62241d136025de16b9216f1f972fc52bcb,121,121,121,121,121,121,121,115,38
19771,Casual Shoes,ae92903fb7bcc5dd36469145bf5aaf6c4565d1efcef6536a28a82584d99b2b5f,16,16,16,96,16,96,16,115,94
19780,Handbags,4231f3b808d63d5246820c33242684148f05d9f48ebf624262c0d574effb7d55,38,24,24,55,38,2,38,115,31
19793,Tshirts,06a3e1297adb39179fc1b9ef0d18d4f970fa3eb47b10c75793c42a3278fb7228,115,115,115,115,115,115,115,115,96
19796,Tshirts,8e8be7ecb3fd489b6930483a383fc4efcd773d54355b8e10a32f2625a543f331,115,115,115,101,101,101,115,115,73
19797,Tshirts,f63198b3abebfed321c4bdb289a87a0c0bc1d6596958fc4ebe841f8b6f01f924,115,115,115,115,115,115,115,115,0
19803,Tshirts,a36ccfb669cd7329d62af177e6d78fec3405051b3406bca71142674f8c5cf78c,115,115,115,115,115,88,115,115,91
19807,Tshirts,415051f8f2338c9bbd4f9edd99603199d5889f913bc8d41f5864b2b8bfd17634,115,115,115,88,88,88,115,115,102
19809,Sweaters,77012723279c3357d07124ec599a9398e42723e799dfbb3dfe8ebbab6e841b8b,101,115,115,101,101,101,101,115,108
19810,Sweatshirts,319468986463666676343ea979a0109b5d069274374bd282070d49ef6f78887c,102,101,101,102,101,102,102,115,52
19814,Sweatshirts,d5b219a5252ef937dff80389222f588be53c13f0baf5f22f771b358bf152e835,102,45,45,101,88,101,102,115,75
19815,Sweatshirts,56a35dd8bb6e1ee5809f7787c85b8d42d18f59459733c5049a5f41ded1db7649,102,102,102,101,102,102,102,115,53
19829,Shirts,4de32ef79a7018ea7f659c5c1df3fc91dc8d4c53de44711987a3a72e3205763c,88,88,88,88,88,88,88,115,16
19831,Shirts,c04c35ab9ac3433e2af3036a4dd4f0496ff776449be3203c46bcb343f123b479,88,88,88,88,88,88,88,115,115
19837,Shirts,45a1043ee8cb84c07c67d0771fc5ce330c67c50460a111d4bfe9ee9f597c1b43,88,88,88,88,88,88,88,115,116
19841,Shirts,90294126a58611ce702cc7b72440eb49a42d07f3b077153ca1f950780c527853,88,88,88,88,88,88,88,115,33
19844,Shirts,8872b2575261b00ede40e417b94f3fc06864189c86ea52121428bec5eca9add0,88,88,88,88,88,88,88,115,38
19848,Shirts,fd23a724a610267793464af9ffed5a4a0dbc63ad725f228d22febb01a1fd3e40,88,88,88,88,88,88,88,115,84
19858,Jackets,74ef75128c996a321eb59a0d84e3efe9f62cc8ac1b249a16d65db735bdcf83d7,45,88,88,45,45,70,45,115,99
19861,Jackets,a5472e40880edc830ba612a0b6773d2405ed43005d1f90be0694e4542fc9ad55,45,119,119,88,45,88,45,115,84
19863,Sports Shoes,19d2e15b23db5c78b7677f3144fcb057f2d0050025b1cc19db042c06d08f093e,96,96,96,96,96,96,96,115,12
19868,Flip Flops,3f79057c10245e614284b1af6075bcc12ae47caf4efaee419e1ee412bd6226ca,31,31,31,31,31,31,31,115,41
19876,Flip Flops,449773339d60bfdc4f492b38ff19b472198256a5747df856e68464a40386e4e8,31,31,31,31,31,31,31,115,102
19880,Flip Flops,b215ee194ae3217fd1486f7c01527add7f5d697f1882e8b23fcece385df222a7,31,31,31,96,31,96,31,115,108
19885,Caps,041002fb01b096ebed3cc20b6769fe8f045675218410faf839fd42c213eea67c,15,15,15,15,15,39,15,115,28
19889,Belts,7a9e12e4adfec246ba70edae015389aa558bf5e05402c1de07b99423ced07a42,5,5,5,5,5,5,5,115,91
19890,Belts,bea42528ef4f73194d06a156de0813cfca076fe111eb19bc0e2c5c25d1b7af2d,5,5,5,5,5,5,5,115,16
19892,Belts,5ad8cfeae8c40616a2b4eb93d51c257edbca97fa6cb86b7c049e383ae533cf81,5,5,5,5,5,5,5,115,16
19900,Sandals,ef0cfc43aa41700f17f2df96139b1ec745346c5005b7a9c7e8f8aa97ef1d09a7,84,84,84,84,84,95,84,115,102
19906,Backpacks,aa4be4c4bf8186d6d4dd08389c13ced5e4a20a4a983564fadae30fc248ef82e5,2,2,2,2,2,2,2,115,16
19913,Rucksacks,e212195d7cdee2683d264a2916f99d6fc748b51520380be2497975f2867d64dd,81,2,2,81,81,81,81,115,84
19916,Backpacks,d0152884d5828a24516ea5cb8bb4da8e339b16ec623612e8b3f517a6354a65f4,2,2,2,2,2,2,2,115,88
19917,Backpacks,354debd378fb89faf4641eaed57d35bb2da9e436b283ec5a03f2bccd8bc23b99,2,2,2,2,2,2,2,115,115
19920,Backpacks,8a5df8e7b2c6d7d22b7a6dbfedbc2138b2bfd6d10312fdc19c5c822ed680ab1b,2,2,2,2,2,2,2,115,88
19925,Casual Shoes,a97a91f1fd6160c76ad71a90f659c0cfd156202dfbe80530d6e6269b880bd471,16,16,16,96,16,96,16,115,99
19929,Accessory Gift Set,272020d028d39394d3458ecfccebbc8196b03ddf9a22e8e536c3434c7f9f1376,0,0,0,0,0,0,0,115,16
19936,Accessory Gift Set,9ead0e42e11b8b72fcfb2859ef65727a693e02aac554e2fb9108a3f6a32cddd6,0,0,0,0,0,0,0,115,16
19938,Sports Shoes,6b15cff8bb37ed1d72f840d948328733dec6f6dc0269aa94d4f9cc521aa1f82f,96,96,96,96,96,96,96,115,12
19945,Handbags,f5a2c9850ab879a351442b702a80ecd0c03da9f68eac9e21d5b340cfa3c6d74b,38,38,38,38,38,38,38,115,25
19946,Handbags,87e990f2876e25793433318e67314cc4e340ddf80ebc636057a1f0084f328185,38,38,38,38,38,38,38,115,75
19948,Shorts,5a048fd08d4b4d26c9611da0a433040d1f63d5c8b5ee4db0ab7f483c849e3061,91,91,91,91,91,91,91,115,33
19949,Sweatshirts,7b7d0440eca0699cfe9a980cd95ce48e7c337ee6036b6220350c7e1a95ac112e,102,102,102,101,102,102,102,115,108
19956,Sweaters,de8c510600adeffb5c09847f8f8e338134fe766ace92446ba0bed4b8f99af3a7,101,115,115,101,101,101,101,115,12
19959,Sweaters,cb195cd099ab8cf41f9882a366969b03260c1947b5bb34d59a8f0ffe8cf5c3f5,101,101,101,101,101,101,101,115,105
19964,Sweaters,094107537268ba9ea133d1f93cba2becb61f6d6a061258edfabfd91f575337d1,101,115,115,101,101,101,101,115,115
19979,Tshirts,dfe32f84ee23e79b6231e5dc8d2839c02e0597cf60ac430c1912c8d696f89a41,115,115,115,115,115,115,115,115,53
19985,Tshirts,2eb5746daa5168ef26afafec2b06bdbc6645a52da5b42108f35478fc91862ed1,115,115,115,101,115,101,115,115,88
19993,Tshirts,c5432850af9474e266aec91d320c0c40a73e0c0acca11b409867869acb82e3ac,115,115,115,115,115,115,115,115,12
20000,Tshirts,21ec6beca373f40cd425063051df60ae129cf74b1dc9e14518a01a7121bd91dd,115,43,43,88,102,88,101,115,31
20001,Tshirts,4fb911a840bc8c73ee736a6369fb08ab6b4ac23f0d2005b8dfd7e73c2654167f,115,115,115,115,115,115,115,115,53
20003,Tshirts,e64b923fc132530104ad8a734986633f9aa6404cfea9f85596da28097e7c40c7,115,115,115,108,115,101,115,115,116
20008,Tshirts,5bdad88a7aa5c4145ce551793337fb8b2019805e2af512c1f63351feef712d2a,115,115,115,115,115,115,115,115,96
20009,Tshirts,15b15d42b12d6be5cadd323251753d1a26ab1d9dbc76446e1d89856f77fa133d,115,115,115,115,115,115,115,115,88
20012,Tops,0c231d5a530d4dfca68d92513aa16a24bd7eabc98e3d895460a1f9f23a662150,108,108,108,108,108,54,108,115,115
20015,Tshirts,d8e459d07422746533f684fbb7e6432989a933c1ef03429b1cdb4acf40f55d4d,115,108,108,108,108,108,108,115,109
20019,Shirts,eb737ff6241973eedc789ac09aec24907f0295017ff0c0fefa164fd3222ecbe3,88,88,88,88,88,88,88,115,96
20025,Shirts,b01f130e073c957f07de94c427e06283b525338f3f0fed8e44fd866b23bb7a2e,88,88,88,88,88,88,88,115,88
20026,Shirts,83b03b93a8063319a84c0a74a78b63c8dadef2430419135d746af6da3bbe6c26,88,88,88,88,88,102,88,115,109
20029,Shirts,ba002c2f244bab145a5efd62871ddc588982b29791d4eb4f6d1ecd8f5016bf52,88,88,88,88,88,102,88,115,53
20031,Shirts,bd770a6a671f80f5b6330c9fb117bc876d02d5af3615f4f55c3fc0cd3286f9c0,88,88,88,102,88,102,88,115,114
20032,Shirts,8b0fc2a2d1dc018ba8b6e8b2ac910fb13400abae348d4732ee58e563bf1a064f,88,88,88,88,88,88,88,115,2
20035,Backpacks,abc396f0d6e77aa1301b4d3ccafca3ed1b83d4eac7ec254852f94c8b8dca3f64,2,2,2,2,2,2,2,115,0
20050,Mufflers,a8286b521531a7aa980ff4ad707cf5ee44bc5353780c3f476d7cc7d9c658ba38,67,67,67,67,67,67,67,115,108
20053,Mufflers,6806d30b2b87ed1748f2caf6d3aa6f73c66a9a284fc053e80126a9ba1f152bbb,67,86,86,86,67,67,86,115,94
20056,Caps,f4b46cf2bbda168e7c051ee305653fcb3d41606923c9fc98596ef47f0399c8d0,15,38,38,2,2,2,15,115,115
20062,Caps,ce10107ce38c24f360a1fac2110067f686ab8aab78edc336baac0ae3fe355d91,15,2,2,2,15,88,15,115,5
20064,Mufflers,be945305c9336810f076f5dd93624d33d6b231816f57e223a0efb3200378a251,67,86,86,67,86,86,86,115,53
20069,Belts,556d6cda9f6f87aecc53a2bfa68fa648100d4280153c84e978ee00e35de75126,5,5,5,19,19,40,5,115,108
20080,Briefs,f26e8dc6fe78dcc9b8e72711696394d4a563f306093ca62ff4f3cf470a8d2a14,12,12,12,12,12,12,12,115,115
20101,Kurtas,cf049fb211688abb7312f8bfec268c5f98327ea940038004963caafe77891aa7,53,53,53,53,53,54,53,115,115
20102,Kurtas,c6f7647d67c6e7cb7ac041474f9f592445a2c221d32abbce0ac0735435c856e0,53,53,53,53,53,53,53,115,120
20113,Kurtas,6fd71bb6c56026072a62ee49eb4e836a87c658ff127163fa1607c5ef089e1b45,53,53,53,54,53,54,53,115,88
20133,Tops,c489a5fb7ff261d97c5bd02c7683a4f105eec9da0008f253b014ed9f67a0a1e1,108,98,98,54,108,54,108,115,30
20134,Shirts,10cd05a8ad5141a9c89638b7ee7bb90959cc6a959da37337925f0f055c34552e,88,88,88,54,88,54,88,115,115
20148,Shirts,c6c7566a6a274ddc97c9838d9cf77e9ee4e01e01d8530fd6f7d7c29bfa6980c0,88,88,88,88,88,88,88,115,115
20151,Shirts,09e692f09487c765ddfc26972cd637091a9c6a08674829f0362717aeb7eb76b1,88,115,115,88,88,88,88,115,109
20152,Shirts,b6866d110e2257bbeda17367f6994af6fbb63f1e9aa7b12dbee644db5c39c140,88,88,88,88,88,88,88,115,116
20155,Shirts,0bd62c18e89e9a0cf7eecb30c334b86a831cea7d62cb66af373224a53be93ea2,88,88,88,88,88,88,88,115,33
20164,Shirts,550ec567303bdfcc530d0413d2640145d024acf834dac3f2dcf3bc254eeb017d,88,88,88,88,88,88,88,115,2
20169,Shirts,2c764fc62bf0793ac5ff74fec2e3418c30af81fbc065b13bd80177d145e6c37b,88,88,88,88,88,88,88,115,115
20170,Shirts,d37c7968744d3dda1a4b1550daae1e76342e7d400ea8766f0008181120c92ab6,88,88,88,88,88,88,88,115,41
20172,Shirts,a6daf3036af336821765e6b8c5df832a83e80c1ec0140e1af97d7417905a42c6,88,88,88,88,88,88,88,115,38
20179,Shirts,c8d7277035628cd6341d3090b6d5acb953358e865ef40d629a1ae5853264902d,88,88,88,88,88,88,88,115,75
20182,Shirts,a6994db21186b57f98eefc384408091fcbf2a4f5ca023a5c01cf7b0dc9bd69b8,88,88,88,88,88,88,88,115,93
20183,Shirts,c050896dc1fb6522a2cecdcd429a89913ad6215ad9e5b7c4a16a864b00ba95cd,88,88,88,88,88,88,88,115,31
20184,Shirts,166922c43a93f784df26ad8a7802217567d2d6fd2d41601217330b3f89269d42,88,88,88,88,88,88,88,115,84
20190,Tshirts,4d819dd195fb1f1ba28a93f670f4b9b1272b019a17062cd977435b753e1c59c7,115,101,101,101,101,101,101,115,26
20191,Tshirts,0004eb7e60e348e9c4d214426e499f4ed58a4846dc97685ca6eb1566143417bf,115,101,101,101,101,101,101,115,38
20204,Sweatshirts,b9e7be8684d27bdf640388b85a8b8ff538d9a9a69e5397b5f8f82e1ba44f97bd,102,115,115,88,102,102,102,115,75
20206,Sweatshirts,b84ce89a15654cfa7f31456e4ab7b338215231ab6c5394587986e6bbfed64106,102,101,101,101,88,101,101,115,102
20210,Sweatshirts,ee9cd1979ca3dbd5d0a0f7dd157a381096abddb0e40572a1891acb9dbfdce625,102,101,101,102,101,102,101,115,88
20214,Sweatshirts,e548a2da2ab3fd10839ec0c868dc229139348195cc3fc9efa51598bd33fb0097,102,101,101,102,102,102,102,115,113
20217,Sweaters,207769b86ca79f3c21a00071de9ee5cef9e7d5d90627fbd8ab9a34d72424240e,101,101,101,101,101,101,101,115,30
20221,Sweaters,4c7d20108138683e8a69a37b1b7ccdbba3cd7c244041a0531682bcc6df76e830,101,102,102,101,101,101,101,115,33
20224,Sweaters,90ca7935a3496e56821467e76c8dfd4d300ea755364e4a9a3cf9e3b210345a3a,101,101,101,101,101,101,101,115,84
20228,Sweaters,0d879cb192e0008caf38a2aec31806c1c4eb695579484e177bcbada692753bbd,101,101,101,101,101,101,101,115,88
20231,Sweaters,4080993884f75fa35d320c3a0f126fac75697c0167d321d55a96db75c831ae66,101,101,101,101,101,101,101,115,105
20234,Tshirts,0ca7d8a07d3e05ec11c819f5b2994803166c79058df42edbabd3e934d967b213,115,115,115,54,115,54,115,115,10
20235,Tshirts,7b3baba6d098f3eaa9b899bf33a89879126846a5ee6b381b816eaf93b7bf2dc3,115,35,35,101,108,108,115,115,16
20239,Tshirts,8d806e6a95727d827d0b0d92040a089121f00551d08d9398f5935d785d4765be,115,108,108,54,108,101,108,115,121
20240,Tshirts,4c9bd0b5a163bde65fb68a76db174068e662f6c75f08957a34f9f8a8c8f70176,115,108,108,54,108,54,108,115,36
20248,Tshirts,0f5d495cb5741913de74dd2fb3ab97c70312cdebc5321ff46e4f814ee391b1ef,115,53,53,54,108,54,108,115,55
20254,Tshirts,e1e79ed3b422f68f9416710cbd8967f776d72cc7b4cc70fbf909f1e2df8a6cbb,115,115,115,115,115,115,115,115,19
20259,Tshirts,21e072bf185520fef07a3f42d88ee93cb70c4e63987bdf44eb5f9b37e84edb2a,115,115,115,115,115,88,115,115,14
20264,Tshirts,5ffdb2ba6f045ba705b0399f74226f650ee13b6b1ffc1e98c999a245225d50d6,115,115,115,115,115,115,115,115,96
20274,Heels,ed60dee16c77de496dd317381576f1f760cd98da028446f4eb3e5b5c712d947c,41,41,41,16,41,41,16,115,19
20276,Heels,2b3c799dc15e56847562507903cedfb8bc81bceff7b7976c244610ae9aa69c93,41,41,41,95,84,95,84,115,46
20278,Heels,b30baa19e9ff3f5a98ea21b17450d66f2de0d09fed51519b9700ace99001e36c,41,84,84,95,84,95,84,115,88
20282,Shirts,15b7792acefdf173e7f035e8bafffafd2128a3a9f0881b2805b492b05693aef7,88,88,88,88,88,114,88,115,99
20291,Innerwear Vests,1b02e8d92fe01649dbd1c06be9740d5cf7c348c48dc4091349f73ad37b31d6c6,43,43,43,43,43,43,43,115,88
20298,Sweaters,d6f0e288121cea93a19f79586a728457ea549092d6bee60b27001b9e24f244cb,101,101,101,101,101,101,101,115,25
20301,Sweaters,e8318591474b258418d8f7d60c8d89a08bc198c13310a6a3b018c2b761e2ed4e,101,101,101,101,101,101,101,115,115
20307,Sweaters,845730f8908454af057980928a46c4ebe843da6f2ebce7ed31dabf2acac79b0f,101,53,53,54,88,88,108,115,115
20308,Sweaters,65ee0c6146e47d3345487696dfcc4264d53d21e9d1584bb8aadb5d88c613a95c,101,116,116,45,88,102,108,115,115
20309,Sweaters,ab92e836c76e609da620193d2f54d1fe221cae0eafde2db3c5a6b78dc667e657,101,108,108,88,102,101,108,115,38
20311,Tunics,aff5948bc4541f95db14f6e0b4591dcff9033d9cae5227538496875d77969cae,116,53,53,54,53,54,53,115,84
20321,Shirts,b1b84d5363eccf769b91a956e6f89ee4761a44e17bea7fa7f11082b9c9753f92,88,88,88,115,88,115,88,115,38
20324,Kurtas,c08cce2f617b34431b5effcb5b1f2bb9fc8589c591c6195f713264d356219735,53,53,53,53,53,54,53,115,98
20326,Tops,f4313ce0878a66c1300d33c617e4c47e8a4f6d117c375ce53ded731f95f92e99,108,108,108,54,108,54,108,115,115
20327,Kurtis,85ebd0bfccf5d97028451d08552a0bd03635e6c57b5c9364a3bdb17c71a08d00,54,108,108,108,108,108,108,115,115
20332,Tshirts,1316b2c8fe747ab24bdd184e28e361ef771daf0331881bff66be3ec8eb39a44a,115,115,115,115,115,115,115,115,115
20334,Tshirts,90ba62edaafab290f77b88ee1da86509501f1bb5996fb03896f2a865c9b4c34c,115,115,115,115,115,115,115,115,98
20347,Sweaters,e4aa2cc09cac9e9b338a6bc638c767e2cfeb7c5db346d7a6f820508b262ab686,101,101,101,45,101,101,102,115,38
20352,Tshirts,ab216d4d2717e68211156102fd7dd9b020890024a61b572830f603be80dad927,115,108,108,108,108,108,108,115,98
20366,Tshirts,c7114edf940d083cd93d7830812a28b5cebd3994c4d204d308c5833fe1566c1a,115,88,88,88,115,115,115,115,121
20369,Shirts,e466d654a546c45e03c64847b7b8fde28efaace89843835339376a63aea7597d,88,88,88,88,88,88,88,115,120
20378,Sweatshirts,026ad6b863a681464e66f97e8eee1a6f20b36f3b69b0bd9b250b93abd35b12e5,102,102,102,102,102,101,102,115,115
20393,Handbags,1886f9a840d0ad5cbf3cd1592271ae51ed847982d412ad1fa5388190b54f4990,38,38,38,38,38,38,38,115,16
20397,Handbags,35c3d53f14ee4bdb2e5a51e764ae22418cc4cd4b9bfe95a1439d13aae772542d,38,38,38,38,38,38,38,115,99
20399,Handbags,49681f9043b210732ce677ab62e262f163aff01f660c6049e132fba85d6a98d5,38,38,38,38,38,38,38,115,105
20401,Belts,edaaab5b419b16c27c2004d38a4f88630040d411bc6fe035bd1b363ad10876bf,5,5,5,5,5,5,5,115,16
20404,Wallets,925ee6cdab6cdc1ed39c5ebac3d7fbfc0487d3201acf16c245f4125ebfe7804f,120,120,120,19,120,120,120,115,115
20405,Wallets,84f3687b6fc95fbbb2db9bb385e420c7c0b3a335aafe8b55307a10affd62bc4d,120,120,120,120,120,120,120,115,96
20425,Wallets,bc46a14e8a42b6dd4c3ff685b715f583331b1bc231038ea9daceb5324ac200d6,120,120,120,19,120,120,120,115,99
20426,Wallets,a6bddb75222536950921d0170dd41bc4d9298040da780dbe3ba1a499610b9dd5,120,120,120,19,120,120,120,115,16
20427,Wallets,0b1343e39e88a2117fef9cc2142f51656e07e11fa6bfb97d54a3f129227da2c6,120,120,120,19,120,19,120,115,115
20431,Wallets,53dd03b02f80af74292dba678c44b236db70cc308553acec32142dd7033b8895,120,120,120,19,120,19,120,115,109
20454,Belts,35b46db1739873ab4235195dd00813de0c517872cbd4de406dc9617b5f288f1f,5,5,5,5,5,5,5,115,115
20455,Wallets,8546a9b815958b1ed6b237901cc64083cd5b406b16d1bd9c2f3c94bea7ee2813,120,120,120,19,19,19,19,115,16
20460,Handbags,81712af6820ab3ba7808507e9df6fc902ee979c6ae3933de68a9e38bf71f613d,38,38,38,38,38,38,38,115,16
20461,Handbags,8984f98161c64af971148e9682b540721070c4c4aac4ffb6e13cb451abe86587,38,38,38,38,38,38,38,115,121
20464,Wallets,8ff478bf56c3946420fcc53c75674030816e55260cc336a3eb60493df8b1990c,120,120,120,120,120,120,120,115,84
20470,Belts,61f8c3c1de0c89d52f43406fa61a1a7e22b1a5036c604a344cd87cd0d90da3ae,5,5,5,5,5,5,5,115,115
20473,Belts,6431ec433aaf9ba24474162b047fd78606eef2ee40c64fb4a7f80ef75502e24b,5,5,5,5,5,5,5,115,53
20475,Wallets,f9e87912befccacea3e40529ec6161c8b3352991f1ec5c0130ae638130cb1ddd,120,120,120,104,120,120,120,115,35
20486,Belts,f412c727808b86de66a83cf4b3a02e82399e6a97fbdcf877159c664e9b940920,5,5,5,5,5,5,5,115,99
20488,Handbags,46be343ed98caba70728a94426b90cb64597ba07ccc4d510096d1c6601f9104c,38,38,38,38,38,38,38,115,25
20492,Handbags,ed16b3d002c3ea2e6fea2207c696b65480de769b25c1cbaccbeff99fd6f9614a,38,38,38,38,38,38,38,115,115
20504,Handbags,c0fbef5537eab479837971bc45ff0b9d8ac6f1065657d314eff7141fd389d5ec,38,65,65,26,38,55,38,115,121
20511,Handbags,9e2b8fea8ba2d0a417c504bf57e0752aed139483c54428c6a7a251ec933982b4,38,38,38,55,55,55,38,115,96
20519,Belts,e8be8da18337d993befd5bedd3300da38db28f27a7103c95c22a605647ad8b10,5,5,5,5,5,5,5,115,16
20523,Handbags,7c26ea93926a07ae673b528a22ad7ad47612d9b0f773e0703e91d75d7cb271e0,38,38,38,38,38,38,38,115,30
20524,Handbags,1a58124f71a01bf74e4782e6b12a4ec05f3f735a0b5fd056ecd1dd82b82f1b68,38,38,38,38,38,38,38,115,115
20532,Wallets,bca1724ff572800d7ca1f4938de7a497828cac389bf46f5d8af1e6d59299a15a,120,120,120,19,19,19,19,115,115
20540,Belts,67fbada7eb440cd653e2ebe664a0fd4f6d1f3b1dc9327e4697c5f6c38c40d4d2,5,5,5,5,5,5,5,115,115
20557,Mobile Pouch,12eabfea87443c3cd7ba6cfe60d1a9500de4f0a42bc5ae1a0650fcdaaaa0b990,66,66,66,120,66,55,66,115,28
20566,Handbags,24b2a6027a91f25dad844417989719cfa86729fac01cfe249233aaeec78570ed,38,2,2,55,2,55,2,115,88
20568,Handbags,5ab5c3d375d0ce46aad30e070a4825bdf82ea99b5ee5ba4336602ea4172956a5,38,38,38,38,38,38,38,115,31
20576,Belts,4b721a24669e4395c7c74f3db8d8edef92e81956f7c4a028ace7fb478d05b398,5,5,5,5,5,5,5,115,94
20579,Mobile Pouch,72493d2469a7201f583249557ca3fdccb1f79d1efd8bb87a2d6b9647f160a101,66,3,3,66,66,66,66,115,88
20596,Wallets,3cc4f5f129310fa1541efa1e633cc53ca92f2d5872d82faee11c7caa328ece04,120,120,120,19,120,19,120,115,96
20598,Wallets,c429eef02b4eb1fc46442f24064c885b4f8acb8e51cbc9cf97f470075f400c56,120,120,120,120,120,120,120,115,53
20599,Handbags,fd44fa4728f976788a7b8b40a093ded2461593d39b4c626d9c3a25497ca5099f,38,38,38,38,38,38,38,115,96
20600,Handbags,5d220cf7185b74040d736d6815c1d0fd0c636e27ca4dcf0c2d3b48d6fac28500,38,38,38,38,38,38,38,115,84
20604,Handbags,5bfda3179076eff3dcdb9250028471f7b9e1859e9bf4d70f36dde30853c7e78d,38,38,38,38,38,38,38,115,99
20616,Handbags,97c1a9d921e641607377d6aa503850fb9f0fa63c392fb10716cc56b43654cac4,38,38,38,65,55,55,55,115,33
20628,Wallets,aa21cb0d01f0883a0a57086f2e91cbe7c121a6887e5b1afdb2b18e4c45c8ed0b,120,120,120,19,120,19,120,115,121
20670,Tshirts,0b846509d8b3a3056da85e3a8b0a3d9b70340b47dd16dd57c6054114634c93bd,115,115,115,115,115,115,115,115,75
20679,Casual Shoes,5ba0b5bf814fad59b39173e428bf412d2f50983ffd8a5406242d34ad17ce198b,16,16,16,16,16,16,16,115,88
20681,Casual Shoes,cdad7bb886bd662262ed70c066514f7fccb4e7317d44145c1e2d1fab8f6840c6,16,33,33,33,16,33,33,115,96
20682,Casual Shoes,a1b04841ae8913c8382d1c34671a7b49225e444c441035ab721dc608a936b569,16,16,16,33,16,33,16,115,75
20690,Casual Shoes,10faa6ddcc013abf99488c3f0acd730a40d0771fa02142700745e5730071c67f,16,33,33,33,33,33,33,115,5
20691,Casual Shoes,ea39c9e320e73a7ebfa84c21b79a47775e450442e9543723c553949180e6c464,16,33,33,33,33,33,33,115,108
20699,Casual Shoes,19777dfce00aa5b663c47bc336db9d7a621ee1b93ce0931ac9bdc0acdda051ab,16,33,33,16,16,84,16,115,115
20716,Casual Shoes,ac7933f3fe4dbf90c04d8d75dde0b57333185145e7829c8a62ad841b0f6298a2,16,33,33,33,33,33,33,115,45
20731,Heels,203773b0d694a42aeea7e061ede40b305ebf7982be520e76af0243a452b1a8e8,41,41,41,41,41,41,41,115,108
20752,Heels,5ce1ffc43dd6523f46874e2b0d0038af7527252c48e89be6ab2024ddc1666e42,41,41,41,41,41,41,41,115,12
20759,Flats,1e886a89fb061056de290d86e0902d62fcbc8b14a38773f89e2c3aad1e320bdf,30,41,41,95,41,41,41,115,88
20766,Heels,4282d6c24a34203d23b15d5a9519d74a4d80a705cb71ac4e3fdd2a4051023d4e,41,41,41,41,41,41,30,115,16
20774,Heels,3502303d44dd67a0b24c02dcbb4c2ddcfd19bbd06c7d46cad912c9fa1a519aff,41,41,41,41,41,41,41,115,53
20778,Flats,e255823e5311919bdbd32c53c771e0bc0fee86433030abcfc3c6571e23ee3854,30,41,41,41,41,41,41,115,84
20786,Sweatshirts,e95b7a307a9f77e76df6366cb34bcc61d8c98d505ed8b9437408f0111e0ffcdb,102,102,102,121,102,88,102,115,122
20787,Sweaters,9bbb5c55de70f2c5bc2fb92278d340b8ad6b86185fd4fc2e0ff6468bdb8624a3,101,101,101,115,101,101,101,115,115
20789,Sweaters,05667e851eef2a4cae0b86ace6cf7c86d5fc90da6c4b989cbafc42ebb159cd7d,101,101,101,70,101,70,101,115,98
20805,Flip Flops,444b8fd2c5107a3a4370126d7625e63c20b32d598c3352e4fec956e2183a682f,31,31,31,84,31,84,31,115,115
20818,Casual Shoes,4ccc5c16f7ea5752fe010f5220e1fe6e21eebc50b3434f99eae56cbbded4e6fa,16,16,16,33,16,33,16,115,88
20823,Formal Shoes,d8d59dd52c29838da2b00ada3e843674fa71b71058f5f0122de143a9942261f7,33,33,33,33,33,33,33,115,41
20833,Formal Shoes,e49dbc98dce0c9a4c7ddeb1f3fa9ceb63d12579442299bcc4c1837ccb5e04b74,33,33,33,33,33,33,33,115,115
20836,Formal Shoes,82716c5816b1b13abbc66cf4c4ea4dccec3dfe4dc0332a7bc6f2152c32972b0b,33,33,33,33,33,33,33,115,121
20837,Sandals,311208418781f25a3187ff79bbe1809fd0708b0d8a30ca42f19c3a5de6e8ca9e,84,84,84,84,84,84,84,115,115
20839,Casual Shoes,5baf8f7b24b5ac40d613a382126873e89d2e324829909f5df077e9dde50dd85d,16,95,95,96,96,95,96,115,53
20844,Mufflers,820f5105121ff6436ea3afc9e5d647b7b563d2d6bd6959b5b6257a851bb2ed5c,67,86,86,67,67,67,67,115,5
20847,Clutches,c86edcd888dde702d645473da994f21df1182cfa30ed48b94a5bcdf701a2cf66,19,19,19,19,19,19,19,115,115
20853,Handbags,20c3bd33ae027f240524cfb9a3de6246db50918427fc26b763d16383843cf889,38,120,120,19,38,19,38,115,16
20856,Casual Shoes,edcb59be75d11d2061172e17b8d92f57ecc9bacdbeb0fea71c416c4ef0f3c606,16,16,16,16,16,16,16,115,96
20864,Sandals,5fee34746cbabb7901d82c757adc65696b2367966f1e3c2f4aa89486d221a0ce,84,41,41,95,84,95,41,115,38
20869,Sandals,c728763e85b44b36a0b4ff3c495c35ff44c7c5bf327f82bc7d63ada7f8c79dc1,84,84,84,95,84,95,84,115,16
20872,Formal Shoes,f154fbcfaea3933949b6b033624be6276a015af6636358251f7476c69eadca2a,33,33,33,33,33,33,33,115,43
20887,Casual Shoes,02412863383dbf2e9bf154e94d4b080996a106b3aa510b67f7958264c8e9d142,16,16,16,96,16,96,16,115,28
20889,Casual Shoes,756c975683f256bf0312e5f079fb36ca1a59bc6bc1a7089348a08e20c093ff7c,16,16,16,96,16,96,16,115,84
20890,Casual Shoes,1246fbac21b210dcb0d002c973f4c8c24530f5762cdfe34e40f3bed3d0742f5a,16,16,16,96,16,16,16,115,115
20894,Casual Shoes,34ebdbbcf62bdf5299e82278bae385fa46db52756e94f0d9201a15b8716773f9,16,16,16,96,16,96,16,115,82
20901,Flats,750f224cb1c7d288e2212a334335b86a1b5c6650bbc2aa36e8a7da96bb207ac5,30,41,41,95,41,41,41,115,121
20913,Jeans,e2f0e2e17216b2f2950aae596784ed88cbe2b509536f8c4d4e19279bceead4c1,46,46,46,46,46,46,46,115,16
20920,Shorts,bc1488d9f49b5b7d4664c5fda61b8ff6613794b3446bf60198503d4bc18bb2e9,91,91,91,91,91,91,91,115,115
20931,Backpacks,2bb05dc793427708de6654c44c0765d352a45722b2a5ea6087429f4964ac121a,2,2,2,2,2,2,2,115,95
20934,Backpacks,4b1ef7a420e6a3de9e5c292a0dbaa894e513645fcb1f46310a1da301e5637b04,2,2,2,2,2,2,2,115,16
20939,Backpacks,5065a7500619a7cd056c317c8d8804df219ed8a1c716a2324b680bce2c16d5c7,2,2,2,2,2,2,2,115,53
20942,Flip Flops,c23b3dbf82fb98be9d00097d7960a99d3683b164c313eed616afd89caaa99bc2,31,31,31,31,31,31,31,115,115
20946,Flip Flops,162401e0859a5b40a6f259176fe952eed494d81dc82a3daa74240b21aaaf02d2,31,31,31,31,31,95,31,115,33
20947,Flip Flops,bbd6f27e9cb7307f51a720f05f0602e22abf147bd9307ce390ca2be9d50e3d3b,31,31,31,31,31,31,31,115,31
20952,Flip Flops,277995cd03b266880a2588d9379308ae217e0ceb7dcd6090b75b1786e502717d,31,31,31,31,31,95,31,115,88
20955,Flip Flops,b4c9a914b73ea8a499d0da791e36d9fcb217af9b1e1dfe99ac2abbee0466a9e0,31,31,31,84,31,95,31,115,75
20963,Handbags,51dd96eedc37f0c1251163c00ce994e042fcd2a96e61791024a80fe9e05b495d,38,38,38,55,38,55,38,115,88
20964,Duffel Bag,e5bff9eb873cb62873c6abe8a15805382a6e5683ba121138946a12fd67027d52,26,26,26,26,38,26,38,115,38
20967,Handbags,d085b11d0864e8f900347fec6fb799fa4e5b460225637c93f646c31d6170d88b,38,118,118,118,19,118,38,115,53
20968,Handbags,79f867bf0f8ddd69d9aa312011437fdd8ac00883a79f8e5d9559544df4a5c73e,38,118,118,118,38,118,38,115,115
20975,Belts,2cc6303f0cef1565a4a3a4358212813977bfd9c127c6186b3ca1c3cc85a82e5f,5,5,5,5,5,5,5,115,41
21000,Belts,ac8412031842355277003911eeb430c2aa55b104c7ed3da2c69530be879f962c,5,5,5,5,5,5,5,115,38
21012,Belts,49a13dba0d478947e71a641be0e34bd7cb03594bdc72255057d96dc9ad6170d9,5,5,5,5,5,5,5,115,121
21020,Shirts,c0bcca41c177687c2e8ea4a4d762b15105402a75da61e63d602ad8c0786e6cd0,88,88,88,102,88,102,88,115,99
21026,Heels,862a3f0ce6a5796e31deb56ec0b273120d44541b031e0379fc6d570446a882cd,41,41,41,41,41,41,41,115,98
21047,Heels,a1aec0f3fa9e16ad014b10193bf5354b09cd8023603235e2d3c400609ac41aea,41,41,41,96,30,16,41,115,38
21055,Sandals,9a718503bb23e8febe1928006a79d2b1138a10aaf428bb09cdab6bc58fd705ee,84,84,84,84,84,84,84,115,121
21056,Sandals,fcef106f8386030d8b3a57ae7414ac901501a2485c99bd18db129f55bd378720,84,84,84,84,84,84,84,115,45
21059,Formal Shoes,9c5d1515f3474cb99f4c3a60a1aeb9e4df07841f61da34f6c21d80e955a48815,33,33,33,33,33,33,33,115,46
21075,Sandals,c8f49785b33ff829580db293c783b5f89b16e16806146807c731c18f4a35855f,84,84,84,84,84,33,41,115,5
21107,Formal Shoes,8aca94d88c642b85cba1c01145fd35269c82b0d1c76d56ee8ae0e3aef5218165,33,33,33,33,33,33,33,115,94
21112,Tops,fb1319dd63c9de222652391a642dfcb5da13e1e709187591dd17dc1b9b360772,108,27,27,88,108,54,108,115,38
21114,Tops,b2a4fcbf7f174bdfe779d8bb86da0bd26a526957df409a59cb63e2a49ed44932,108,101,101,101,108,108,108,115,121
21120,Sweaters,9c950ebcafb1f172c107dcbffa77e93f658873f6456ca7d37d4063c24b45b1b7,101,101,101,101,101,101,101,115,115
21121,Shirts,4611f5c667840b52e24c0f42bd4d5621cac83d260ff2f3a7013cfb50c95e48f3,88,88,88,88,88,88,88,115,102
21131,Tops,344e020b5e0c9615e531d3829ee1f1e94420b661fd1facad0c485b1987610d15,108,108,108,54,108,108,108,115,96
21136,Sweaters,680ae34581339d07cab960c42117d5f50d071408e10e1246b1dceac3d59739f6,101,108,108,101,101,101,101,115,28
21147,Sweatshirts,76b9ba673113df112da4d070bb82e2eff8dc3a93a2a51fa5640455dc3a856a37,102,86,86,98,45,98,45,115,26
21148,Tops,e834b8395abe22f27b03292c6d95ab5a94110398af486172ad684ab6cacfcc64,108,45,45,98,88,88,88,115,108
21152,Tshirts,6283425fb35165d8338631c996c07598b10013622d34de68875b8222fb2e1008,115,102,102,101,101,101,101,115,46
21161,Tops,d0fbb69aa9f70839ba5c3163fe4488f8fca44e63e5e3079feceee5f967e71633,108,103,103,108,108,108,108,115,96
21163,Shrug,6f0d9044714b063302adf52278724720e8d750604327d228da74b23a14e2743e,92,108,108,98,101,119,108,115,41
21165,Tops,9076db131aea4b2c1d6043d3ee612320e646df7f14de24c8194a539319c5f7a2,108,101,101,101,101,101,101,115,16
21175,Sports Shoes,7a6387b09d0217477f927922baf1bcd29dfe3cb3fd1a221d4ce398b0cff2ba0b,96,96,96,96,96,96,96,115,91
21177,Flip Flops,5e10638d06ffcfc9d2cc0ad82d3a720569871ad9b9b23ea5aa98b951ef162d99,31,31,31,31,31,31,31,115,115
21181,Flip Flops,e1bb2fc9bde22930105fd97de6e3df551c096dad508b4c42b1d54c086561156a,31,31,31,31,31,31,31,115,96
21183,Flip Flops,0d0d91c5f323e6b26a847bafca89b46c9ae43c6b23d65897a3a3b497789e65c2,31,31,31,31,31,31,31,115,102
21188,Flip Flops,74353a1f6fed2791a27901ef77f5d8c7ed2dfdd57061e0b693996f81659b1306,31,31,31,84,31,95,31,115,115
21189,Backpacks,28bff3fe5b17d4b22a1792de934aa7ed166f792f78cda1a9e79f4f106c456c03,2,2,2,2,2,2,2,115,2
21199,Belts,3690f1f2680277f062ad68f018a45734d18be7f3351933fd87638bd69f7ea665,5,5,5,5,5,5,5,115,91
21225,Tshirts,62abcadad8546b05c457667bc4f3d445dda2bb43f901a708d5a8240d54e31fc5,115,88,88,88,88,115,115,115,14
21234,Tshirts,d8b6a5116de059952ac9030b7f5747064949f4d6fa43a5724da3fce30eb80313,115,115,115,115,115,115,115,115,38
21235,Shirts,cd2df2b2fafb930466aaaedff2ff2447147b6863ec4456554a20f8876ffdb2ff,88,88,88,88,88,88,88,115,99
21239,Deodorant,ada34b66662f38ba126eead8b2d44a06ebb58601794f29c69afea7d9f4eed72f,24,24,24,24,24,24,24,115,56
21246,Backpacks,ba8a2dc638e0eb5f279e3cc9846532f99f0f0edb8640cb13abb8274f4b89b63a,2,2,2,2,2,2,2,115,28
21249,Duffel Bag,3fdfd2b72e9011b3ba357013b3c2bcf14d334cdfe3f659ef3a936e47e7fc0d89,26,38,38,38,38,38,38,115,121
21252,Duffel Bag,2becc03525493270f0b67bd977cebf7cc8756f3da48037543b8e80d2b473b488,26,55,55,26,55,26,38,115,88
21254,Duffel Bag,c04f0ebd7c0dedd5baa7be74e41ec83cc561560bd549bf350786cd39f8416854,26,26,26,26,26,26,26,115,2
21260,Backpacks,45f554b8b816e667a7c9d0d7ac0081655891cb0d477a305d358acc9716508ad7,2,2,2,2,2,2,2,115,38
21278,Sunglasses,497c75fd008c36840298c5a1b7be79b5fca032866e87bb47d843c85ac044742e,99,99,99,99,99,99,99,115,31
21279,Sunglasses,442d1498a187977604e689cffe751a191cf5ca8e27d76995b30680bbe6221878,99,99,99,99,99,99,99,115,31
21280,Sunglasses,012b3f7b2be857c3b5080ea4c00693cc5e1d3f266255a4870d453b822231da3f,99,99,99,99,99,99,99,115,115
21290,Sunglasses,1eed4b970b769fb5b214827ccbae6f0a06fec4946e3da4450d431a4f2ca54518,99,99,99,99,99,99,99,115,26
21307,Sunglasses,992fabe919dfefc56e1c024847ddefff2b6ae23eba887bf20f67986780058040,99,99,99,99,99,99,99,115,41
21312,Sunglasses,68e944d0bfd256130536aa9dc01ea35eb3f39beee8cf93a6f81755d718092540,99,99,99,99,99,99,99,115,5
21315,Sunglasses,6b04dbe529bc7c3d5ce45e11030e1b8af4fe6a7160a06ec7a24f044ee5db3e6e,99,99,99,106,99,99,99,115,43
21320,Sunglasses,746063f63d6c3d625fd338aec1d7e23c795115d0a3d72b2ba119d1ef1a2722cb,99,99,99,106,99,99,99,115,41
21328,Sunglasses,5ea7a5376275af7eb19202886377cf5d9f8a1b73d98d815992f403d3a6bd9b1b,99,99,99,99,99,99,99,115,38
21330,Sunglasses,f19be27f591551ec545cc5423bf4d1ebe1665b52c750600d2362e1d2e9767fa2,99,99,99,99,99,99,99,115,88
21335,Sunglasses,4726ea72b81761bca09a5b85a0c02638b96b9a8c851e6ebb21538b0e05b25a1b,99,99,99,99,99,99,99,115,115
21338,Sunglasses,a23f09c4209684d2edf131143463916357d1a274f05c027b549a81dccacf9fd4,99,99,99,99,99,106,99,115,88
21340,Sunglasses,83b9bbef4781e6611f244b1a9b45e710e83979a5dfb2c8319e597fb846436b9a,99,99,99,99,99,99,99,115,121
21349,Sunglasses,a6c75b386f8807b1613642e4211a27bed93ef1013a8a0d3b70e5d917e8cfc15e,99,99,99,99,99,99,99,115,24
21375,Tshirts,d57c3b0315eaf13aaeb7cac598530e86e4215a5c0be3b743133edd5531c9244e,115,115,115,101,102,101,102,115,45
21379,Track Pants,92933a163edc0096030d82eb5446cb2e8a5c727a5b1133e1cbc40fb473c9d19a,109,109,109,113,109,113,109,115,88
21380,Track Pants,a1dfe0751b83fe0ba4510bfb23943235b4439b11c7ac13872b060a66e37d80a0,109,109,109,113,109,109,109,115,5
21382,Shorts,687431da42c8b068f3c4b39c395691c821b1017530bbf9fce6657f7f922c959c,91,91,91,91,91,91,91,115,16
21386,Tshirts,745446e721362ef2275f27a44f3fbb6e919be8344a25d2629143081c741f8c1c,115,115,115,115,115,115,115,115,94
21393,Tshirts,a26767a21b40a2d5766e6b47af4334011ff21d43d66531a7d506a3d21b1463a7,115,115,115,115,115,115,115,115,115
21396,Tshirts,3bc5d2f3d49f305f846154964403812d56915aeceab67e93926808fdca9c61e0,115,115,115,115,115,115,115,115,115
21400,Tshirts,c8d2e47439be9046b842e1ed46964f64d87888a0508ac71ef5f72bab60b35d55,115,115,115,115,115,115,115,115,115
21404,Tshirts,5f7d054262853ff8fd115514d0a424cb004d472ca4026c7fce09b91e139f166e,115,115,115,115,115,115,115,115,115
21406,Tshirts,8b01f7356047b8b242bd704caad88c65a99ba53472faf8d9db61a4250d74f2ad,115,115,115,115,115,115,115,115,96
21408,Tshirts,67cdca24195e8798ee769d053aff9ed224c0d71b3dd3f980188a73d20733c497,115,115,115,115,115,115,115,115,74
21421,Tops,61c6895124b53776bff97dd908294a339d5d45d03b9d6e9f4597dc41513d6c06,108,115,115,108,108,43,108,115,16
21467,Casual Shoes,6a2974bfc37103e43b7cd76db882617091cadf3940547e6c2c924e194cca8387,16,16,16,16,16,16,16,115,38
21498,Handbags,60857ab952271504d647ac2e94bbc93347668bdde32d58c7b6ba377b6037f9d3,38,38,38,38,38,38,38,115,38
21499,Handbags,7276af1253d60ce42b240b5977ff6a77340f58ad391afd3419266bccf09f487e,38,38,38,26,38,65,38,115,53
21500,Handbags,f4c01c574ced8a9335965025a9bead148ed3f0f5ccd28f5ec0c92e53a2b6b310,38,38,38,26,38,65,38,115,102
21507,Handbags,d11475bac19d900ec5bb84408fb848c17f29bfc4abb11eb8d7921ccfb2fd953a,38,38,38,38,38,38,38,115,33
21510,Handbags,6dfb386679a674343707039f0d83d60bd69dfcb9ad29faa600ccdf0ce3800110,38,38,38,65,55,26,55,115,115
21521,Handbags,9d7a48fdeb6e3ef4e22bd6e25911441527f3992aff3cc5f458a1da160c5c3778,38,38,38,38,38,38,38,115,115
21522,Handbags,befbcf4920d0a76c01dff880b07cddfdd265ec0d9adba9c69a64ce1f6f2131e1,38,38,38,38,38,38,38,115,62
21539,Handbags,7eb49bd0654bd9b7ca922461b6a8bac4059607054f5a52c594851da2bb002eb3,38,38,38,55,38,55,38,115,84
21541,Handbags,5c2b84dfc99d5c0b4f42c998d05fd16e255e0c7bd0f126b5e150c09e35844005,38,38,38,38,38,38,38,115,115
21543,Handbags,797cdf1fbc94bcc0aeb10d5d2d8ac246bc7a72404b2e372444fbd38cdccba922,38,38,38,26,38,38,38,115,38
21551,Handbags,c5e4268eed712580938fa8fcee44af150bf56238f8d41b46cc6a47c7108df498,38,38,38,38,38,38,38,115,96
21555,Handbags,9164fc662dc1f9d0f2c27077567803cb7a3b5d05dc02b20ef3b2bd4f1316dc76,38,38,38,38,38,38,38,115,53
21558,Handbags,77f242955a528635abdc52713920e1eea1f24880735b3151e80673350232896f,38,38,38,38,38,38,38,115,121
21567,Casual Shoes,d8117a0cf04dbf5ae1cbabb20b8076a753890fc23c26593c8d9e2ad8f939b25d,16,16,16,96,16,96,16,115,99
21568,Casual Shoes,bd60584360c980bcab0ac7ba30d7a8a4799fb95e353e1d85957ffd23a8bd87f0,16,16,16,16,16,16,16,115,115
21574,Socks,d37b118d0d34c7302fdcd2de2ad933827565b98602c4002a3547b0d73eea79f9,94,94,94,0,0,0,94,115,121
21575,Socks,f080a5d3e5787f43df12e57d28e43f5f3a948d268b36016a3132de481fa8b5ca,94,0,0,0,0,0,94,115,109
21584,Jeans,f95deda13117100bbb17b141080fa1059a2e5d2ca3bc8bf35d4e10d11744d7a4,46,46,46,113,46,46,46,115,53
21586,Jeans,b2df8593ad0caa386c566666f74fdc5f269c51565493b8c0f27792eecdc0c83a,46,46,46,46,46,46,46,115,45
21589,Swimwear,4f81ec1aa85e2abf05a4329cd3d11bc6055286e8e16f008c4a4be263f70c11a7,103,25,25,103,103,103,25,115,115
21590,Shorts,9166dcff1fc87a6a4e7096751e7ea4fa21c3405333b3e62c24bdcbb15c470378,91,91,91,91,91,9,91,115,96
21599,Trousers,2807a24e0dc441832a9ab8c4e988ed7f3f98ecbdaa35a359ba70a828567591c5,113,113,113,109,113,113,113,115,115
21602,Sweaters,312592cfabe0f698f9b61a0d64f19b7a35f42a58dc4eff4621007ee43a4693f5,101,101,101,101,101,101,101,115,88
21610,Bra,08997d45070c364dd4ceb9340eb0e34a91482422d7224bcafae09b5303096aa3,10,10,10,10,10,10,10,115,121
21615,Bra,1b0514143936752c7d089b1ea1e8d505c70b6e796416257b3c4220e1363278aa,10,10,10,10,10,10,10,115,121
21623,Bra,5ed06d9cffc7de5f94c701ca60d0dbf48b82a2af2dfa4685299325853046c5be,10,10,10,10,10,10,10,115,116
21624,Bra,8895673fee7210ce729ca4ed8e197a194d221e3e5d7d0ec071cee625c8eaf5c5,10,10,10,10,10,10,10,115,114
21628,Bra,42203c76d10004dcffedf01da6017a00b505699b11f48c6fbcd47a449f06e39a,10,10,10,10,10,10,10,115,16
21629,Bra,57f6ebae16980f8ba485e402d40421d89018dd68ab2e616ad17dd4e671347027,10,10,10,10,10,10,10,115,115
21638,Bra,43976983561d9725cdeb9bd8916c3eefd646bf41d868c2e1ae4cfa8a3516c67b,10,10,10,10,10,10,10,115,16
21639,Bra,436b1ddfc8ac72c62501966ad5788be99f8f9939971da4bc1f0e3e330e9c7940,10,10,10,10,10,10,10,115,19
21640,Bra,4e76d08ca0e01cc0bc336dcd52d9c8aa679fd7a19083485e13335bf7af92ebd8,10,10,10,10,10,10,10,115,10
21650,Bra,ba3a2caa7edbea2e355ed2af2848d697f1fbe17053fc448ef1cd7c89ec3606ca,10,10,10,10,10,10,10,115,10
21652,Bra,381763e234e28c63dce5cb42f9f2da1b922ce86636d0d91ac6fc895d70cd0533,10,10,10,10,10,10,10,115,88
21653,Bra,b1bba56892200658be9d20db285913e5f0660707e5cc2f536684bf0889d36a48,10,10,10,10,10,10,10,115,91
21659,Bra,bb6ac7ebd8193b49bb63b51d78ff02f081221fbd2ca13f83fe55bc16edf621ca,10,10,10,10,10,10,10,115,16
21670,Watches,cdb6e80b324f30af189d7bdd33b41b617af8961d653d5203d5529dbeaded5716,121,121,121,121,121,121,121,115,16
21671,Watches,88f2ab8ecc30ba743b45857c24f61065c26baef57ae3f32829f99f8f9f2d7310,121,121,121,121,121,121,121,115,115
21673,Watches,65d98644b2295d9133ae5de4660f7fcd2c84da4e31d13680ea036c42d9aaa2a5,121,121,121,121,121,121,121,115,108
21675,Watches,489d72dd02038c06655bc91cc191cc1f494d3228623159a647f7a594de160ce9,121,121,121,121,121,121,121,115,14
21681,Watches,8d4e335f1912afd6725405169fd1f89c475bad8ce93dbb4bb464f632f3769429,121,121,121,121,121,121,121,115,19
21683,Watches,e87570e7e577e780f79f2d196dd9c1027f291972d2fb1ae703881ff65bdb0dac,121,121,121,121,121,121,121,115,96
21688,Watches,0f42f9699ef7199b415fdfe546a35b59efe4911f6c018e5a174cc4a45786a257,121,121,121,121,121,121,121,115,74
21692,Watches,66aedf7ea12d9a768aa1aa403e0727cd7ebb58dab4b073cd1b23dba0062dceb4,121,121,121,121,121,121,121,115,121
21699,Watches,eb1ea1ef399826ff015eda344fbe778424cf6bfc0f315c48b3d1a84bf53e24b3,121,121,121,121,121,121,121,115,108
21700,Watches,fd81ab3db6fcda14c57e2a6d9609db3a9aa00143b8af3edab6bf033322062bd1,121,121,121,121,121,121,121,115,115
21710,Watches,062a2d837f3e097cb738c37acb8787f06dfd469b40a8e74479381836a373f4b6,121,121,121,121,121,121,121,115,121
21720,Heels,4b5539177cf7b2e061819e2850e14dc423a36ae2baca707d705b8b089b99a9de,41,41,41,95,41,84,41,115,115
21721,Heels,d92254a9f246845c9a007bd3696b44c3a98fe62c6bd561ed6a07f40b949c7241,41,41,41,30,41,31,41,115,46
21724,Heels,ca899222427bd5f83b79a5e8d6fb3336dabdcf2b249d2ad3d9f603d417baa924,41,41,41,95,41,41,41,115,5
21727,Sports Shoes,6f30fb56c1d1e6f737fc0c9732a89315ffd9a3421f1629d9539472d5512e6f05,96,96,96,96,96,96,96,115,35
21734,Heels,65a8ccfd964dd26b4759030c2eb117d0989c96f0854b49778f1c417e6572856e,41,41,41,41,30,30,41,115,46
21740,Casual Shoes,67308cee1b234aab7c9f32fed2aa6dc3e77e4ee3c905c51d37e4c9d9b9c54a18,16,16,16,84,16,84,16,115,88
21766,Belts,3ba1e509811f8ec87ccbd40e9d2d8d06989287966b81f900bfcbc0466b5cc79a,5,5,5,5,5,5,5,115,113
21778,Belts,0565cbf1925121385274680b87d457c201c6f5f385119b53134b6d7f26b9f3fc,5,5,5,5,5,5,5,115,30
21791,Belts,c56727d76c2640ac57e7c1d2ff5b37d0f9ed81a38a5c64d82cd9fecd4d47e847,5,5,5,5,5,5,5,115,38
21808,Wallets,12027a2d8f386dfaae2bebacaef57b3350479f98583e162ad01598c8e2df3f2f,120,120,120,120,120,120,120,115,53
21816,Wallets,0639dd3d72c0cef6c784bc3b1e072f96679f695a27fd3cd92ef804d274cb67d1,120,120,120,120,120,120,120,115,30
21818,Wallets,56e832df37df86f4e7e4746f892eba13feb10ddf65698c2edf7fd54d24ad45e1,120,120,120,120,120,51,120,115,41
21825,Flip Flops,3fcb7abeac5c3e3a05cf19058af375049ef70e9d81ea6451db2704d719fc9a05,31,31,31,31,31,31,31,115,113
21830,Duffel Bag,a4c804661c077ac184614f1bca25f4afdf2bc2755a941dfc17e83029e04cc3af,26,38,38,38,38,38,38,115,108
21863,Tops,f796381d323e27724e1b538bc97424b2a381198e59fc6c0e7a0eeb135337184c,108,84,84,115,115,115,115,115,36
21877,Kurtas,d988eb73be23097a499ff9f95f1118199e6f8c607d1a2549f2a6412d6ead1e33,53,45,45,54,54,54,54,115,91
21882,Tunics,cdc3f6b58c82742487da8a88e31aba5375b8cacb9fa27e7eb536bc6b1f6d2acd,116,108,108,54,116,54,54,115,33
21887,Kurtas,a646e97aacb9613768942758cc1b34fd5b8289c150dad251c956c0b66017b05e,53,53,53,53,53,53,53,115,38
21897,Kurtas,b0f1e41b9c5120476f0ed616c4df71c6fc55c519e0c9b3ec886338df6f8bb9e6,53,25,25,53,53,53,53,115,16
21900,Kurtas,661ab730b32e55e026ed5715cac523d1a90e841009849cf52d08311bcf9f46e9,53,53,53,53,53,53,53,115,115
21902,Kurtas,2c458888bc6a14339ab4d1b60d869bc983661d8bab5e659cd68f6ff7a422a9e3,53,53,53,54,53,54,53,115,113
21914,Kurta Sets,fcb2c5644dd7496c10c26b90bbed60438d23fd30a9bba9114b4f24b314db9da7,52,52,52,52,52,52,52,115,108
21916,Kurta Sets,da69e1986fed63e93e66f03640b74fcf1516ddea76ccb55cb8b85e976b33a29a,52,52,52,52,52,52,52,115,121
21917,Kurta Sets,2069dc82c9069283f6f76647a4c66e5616b2a0438d4c62d470b4cfc0c2d1a549,52,52,52,52,52,52,52,115,102
21918,Kurtas,417d3d192cc7e4d02c0e4b6759fff95631eaf7991c968a8d0eef734ee71c71eb,53,53,53,53,53,53,53,115,88
21923,Kurtas,2fe493436b521d9ecb532c297a3cc032ec7222f1af6967b1853ffdbfa8bc1dc7,53,53,53,53,53,54,53,115,115
21926,Kurtas,4a51d0d21fe1114ffc9183af9e4218f5d240bfe96f2ce4244e3f28f3e0aa37e4,53,53,53,53,53,54,53,115,41
21930,Kurtas,7384ba31ea66ae21ef90791841477e96e98e8fc2275352e6b37dbf21de78e94f,53,53,53,53,53,53,53,115,5
21936,Handbags,8431af59c1d75f87559006265053cbcfd376e861cd2029d87fa2c2da512d61ce,38,38,38,38,38,38,38,115,91
21938,Handbags,822924e4e1fb0f12c7269de5b7420256737c087f34d5814d045db90a85de687b,38,38,38,38,38,26,38,115,91
21946,Handbags,ab16047672152007a4335ef05abf20f70f6d0065eca647cfa3db53560bf060d6,38,38,38,38,38,38,38,115,31
21949,Handbags,e60ce259de4462adfc03efe03ee037fa025cbd4ef848eb44adc6f61dcfc0d3c4,38,38,38,38,38,38,38,115,2
21953,Handbags,6c34813ae84b2153a7e7c5f54a098d0f47ffe836d97736dcfe6608a0b9ee4ae2,38,38,38,38,38,38,38,115,115
21955,Handbags,ff59fc25f7b7c09e571a85455f4279e7015063ff889171cd1c02437e760a5783,38,38,38,38,38,38,38,115,108
21957,Handbags,4bf6bff05f0f5171e325cd45e739c8f5a5d21885a44f6525c0ba85b6f80c853e,38,38,38,38,38,38,38,115,33
21963,Handbags,aaa5ec0d4f42d466083c2ba30a0bfc5464bdad47e240047eeceabd7f397d68e5,38,38,38,38,38,38,38,115,121
21965,Handbags,0005f804a4a92f3733dd68611de9646e0b988f11c0273dd8a14ca84f7210a5e9,38,38,38,38,38,38,38,115,121
21968,Handbags,a25e1d312e5db2c95c9bc89a1cf366907c9daa635ddb250e7f2d8c1e936de999,38,120,120,19,19,55,38,115,24
21973,Handbags,49672e8c882fb92a9847ad3ef205002591b5ad4f00bcd02f44df179c2fd9bff8,38,38,38,38,38,38,38,115,120
21974,Handbags,9a3bba4f2d01c8322d3dc4c287249f993625e8796957118a3b58ea939cfbc208,38,38,38,38,38,38,38,115,41
21995,Handbags,be7c1ae06f4d77fd202a7138a718054e6068889a22a248bc1f303c4e4cdbfc06,38,38,38,38,38,26,38,115,37
21997,Handbags,cac746cf7477a6a794964be8955f161534457f99e43fe4892d93d8e171b6876e,38,38,38,38,38,38,38,115,11
21998,Handbags,cee25a36832090bdcab9dba76bfc32c49c83fc7457d507127a51ad831ef5d4c8,38,38,38,38,38,38,38,115,84
22007,Handbags,9b975d0d9903abbb394f32841f93c48a24d35eaa136dafc3a48ab6e708d00a05,38,38,38,38,38,38,38,115,88
22015,Handbags,ba31798f1c294c8d2b6cb2acb894c00f57726fceb02fbeb15bbbaf73a5773558,38,38,38,38,38,38,38,115,99
22017,Kurtas,5ab645463bd9f1a6a748bd76cb32d289205ec72efdcd3991accf2690cf2d6231,53,53,53,53,53,54,53,115,16
22018,Kurtas,a408362b0dcea9041e710f92dc71d7709362ffe73db557182b8c1f917b0760eb,53,53,53,53,53,54,53,115,96
22034,Kurtas,7786c962c10c66c08a83119a08ad128e72ab9a945d4c89c23f4b2173a44ba205,53,53,53,53,53,53,53,115,12
22036,Kurtas,66061d282f82a89fe12f89e8ddefd3591df98ad479235578c001fb7a375cbf97,53,53,53,53,53,53,53,115,12
22049,Kurtas,efdde16f71cd3ea2acc46d01cbae70a4f28506a7de5149c60081a8f9f8f372cd,53,53,53,54,53,53,53,115,96
22059,Kurtas,c17f5c47b4fed3163f20b1bc73b9dc5bb986b7d61c09dcdf24ed96e745faa86a,53,53,53,53,53,54,53,115,99
22064,Kurtas,9a57ea44974dfc3039fc2b2b8a24ba0348820424ed046c2fa03116962c0b5f84,53,53,53,53,53,53,53,115,16
22072,Kurtas,586414808681ddcf2ad618c0c0b6e789ba67b1ce05ef192257d1da87ce3413ed,53,53,53,53,53,54,53,115,33
22073,Kurtas,c7b239bb6299305989d029896de5fdfac2709883e5e418a74519122b3dad2cd4,53,53,53,53,53,53,53,115,120
22093,Casual Shoes,21e4fd4dcf08d47226da619c5b69a0aa07ef3b818b3f6f4255b400137556ea15,16,16,16,16,16,16,16,115,96
22095,Casual Shoes,c34a5b9661e2967d859e161de83a8d9c07921f074c5a200829b81f1c18dd7877,16,16,16,16,16,16,16,115,115
22098,Casual Shoes,9bd1778b81d84b1b60d694d9b34b2577b797681d995369cda72c3b121885e75d,16,16,16,96,16,96,16,115,108
22101,Casual Shoes,3f35aaa5dc0e156adfaeddae2608c593492dca4779c0dac606f1ade27f77210c,16,16,16,16,16,16,16,115,30
22105,Casual Shoes,be15df63ae8936faaa7c642736e25fa1b9cc2b03e9c9da56fd71284f27837f5f,16,16,16,33,16,33,16,115,55
22113,Sports Shoes,b62315879635f67045cd528ae841ec133ec71e2a9522e96564ae6b47d5369895,96,96,96,96,96,96,96,115,16
22122,Formal Shoes,c751a21ec3888c3c3128cd07eae5d18db7fe2d7cb00baaa911735509b0f055c5,33,33,33,33,33,33,33,115,88
22125,Formal Shoes,9434f41821c6190b78d868f43f71a868d9bcf84738f2bd012e3541ddcd300732,33,33,33,33,16,33,33,115,113
22131,Formal Shoes,e632c9e11e4f6636de025fff86839a56acfcb98df4d7f4c82c0b97ee6a25a4e0,33,33,33,33,33,33,33,115,16
22148,Formal Shoes,cdbd529f4e8ddfff650c6e1a268fcf3402f75c804ddb40defe397f53d9153371,33,33,33,33,33,33,33,115,96
22158,Casual Shoes,a411d3f87e823de80edbcf2fa0f68b497ee1eabcee4416f31b48a49daea554c1,16,16,16,16,16,16,16,115,115
22171,Sandals,18d4be2ef968ae5355647485c2b6998248466ae63e17e1a8ce26ec7ff92dc946,84,95,95,95,84,33,84,115,101
22173,Casual Shoes,4944a271ce605a00d8a4593d70819738f7d3f7cd29f29e2089b279275e545ed5,16,16,16,16,16,16,16,115,47
22179,Casual Shoes,517295eb17a4636dc9a245c14daa4841623cc93dc024a6f4cb0771e9bb0e732d,16,16,16,16,16,16,16,115,88
22182,Casual Shoes,09b03de6bf00b32679b2c50fc9e2399bdbb7ed80b7e5f3e28808e4a7af7620b6,16,16,16,33,16,33,16,115,5
22188,Casual Shoes,6677a02d81061bbe7db864e3bbd36442bedebbce44817413a8a4f0bca6f28a40,16,33,33,16,16,33,16,115,121
22196,Casual Shoes,dbf930f3d18a9f91276b536a869d7e56d1fd8d153a2e6733430e6e17e226c128,16,16,16,33,16,33,33,115,19
22202,Jackets,dfe907b565d478b08008cd22c718ffe1c6193418baeb40dc54a50b1d6e3aba5f,45,101,101,102,88,101,88,115,120
22209,Tshirts,cdff2787c193d1c927cec934a8657ffb7743d5858e23f8ddefd73694063b2d9a,115,115,115,115,115,115,115,115,108
22211,Tshirts,88bb255a251761aad001da03aca4b09622b2acbee5f5d31aeb2edba10d672b89,115,115,115,101,115,101,115,115,108
22219,Tshirts,17b91af5c65be3b355fcda6062f653b396b1f165f04d7c74a6343dd18e5285bd,115,108,108,54,108,54,108,115,115
22221,Tshirts,01c8882751d7de1e18facd383172e7b1967066a6187bab6902b8f12e8cea15be,115,115,115,54,115,54,115,115,46
22232,Shoe Accessories,b6bc843a2ea0ade4312f08369b258d605666e811347ba56a1dd0e02d5f56278c,89,19,19,89,89,89,89,115,115
22233,Shoe Accessories,79a66d79f3e1c35eb5c8793a01dbb0216871686ddd6338e89b616a4b9cd299f4,89,89,89,89,89,89,89,115,88
22241,Casual Shoes,a68019e2944fe339876ca46dc8a1d05ff96c5352cb1964778d6a0c20ae3fbc06,16,16,16,96,16,16,16,115,115
22245,Casual Shoes,a2a1b3f0a2428c81041537d8310a5eea39fb0a616b2eb39f6672337fe2b48c64,16,84,84,96,16,96,16,115,102
22260,Heels,837c72f176fb620756fa4db965bdad6902cb41ce97d57051511d090d02b09a5c,41,30,30,84,41,31,41,115,66
22267,Heels,3c097695804b3a6046e41cee3e16a3443646569183357f184c460da76d10882f,41,31,31,95,41,95,30,115,31
22274,Heels,7727c3e97f614d110c15d872da28ecf71c7610abdf3c0aa00760536dd340931d,41,30,30,30,30,30,30,115,16
22275,Heels,10306092cce0205417d7ffd27ef059fad698ab57ca77af64a53f42ca30753b8e,41,41,41,30,30,30,30,115,5
22284,Heels,f546be73eb4101da75d6e3635d9be6d1863cb4969a0a0a945cd0847a762a0c1d,41,41,41,41,41,41,41,115,27
22304,Heels,0c2a94737342dc9b0a6874d9fd3e699ec237eccd80f6432f18a05caa65a698da,41,41,41,41,30,41,41,115,15
22305,Heels,8e508b156b07a92756a481636da166ca3a34919c49ba2c3619a41a22b60c5d6d,41,41,41,41,41,41,41,115,53
22312,Jackets,2f4a7669161b5674fb3a585fbff68bfc4b1c71b8c1f9bb80735bc109fd645fd6,45,45,45,101,45,101,45,115,115
22314,Jackets,e5b0063302cdd9763bae6f7475733642077963163dd38da6a3c4f27a1398c52c,45,87,87,101,102,101,102,115,88
22315,Jackets,54b794b6f413f76bd756f07638d2cbbf7e4867295924b83c7fdcf9880bf1d8f0,45,45,45,102,45,45,45,115,43
22320,Tshirts,e0082d75904c57e75d5926d672140ed527074c72bdb025113acbbf3bbb409919,115,115,115,88,115,88,115,115,88
22324,Tshirts,129f602f2f9bad5d2b21bda099b98d85fcf23dd5c5bfb32dcec9a33f50c01698,115,102,102,102,102,102,102,115,33
22325,Tshirts,ce1eb0d158348c4e50223c350bf86e164331d47d25c9eaa5b89369fce85532d3,115,102,102,102,102,102,102,115,28
22334,Tshirts,42ebb36d97e4b054375df641f2b07918693691166043b048e1618ea6aace59e8,115,115,115,115,115,115,115,115,16
22336,Tshirts,c9081c5d0d9e7e546b337428bbc533fff4433b2f1aa422a89cdad49e92bba269,115,115,115,101,115,115,115,115,16
22339,Tshirts,a5bc1b884a3ca2914b8e21ef782527c374c3fa34e05d7a6820094e978c85e8f2,115,115,115,88,115,88,115,115,33
22341,Tshirts,4de6c30a2ca454e721a635a11f1e6149112922c87a3d542119a437a7dbb59950,115,115,115,115,115,115,115,115,31
22342,Tshirts,35c00bd64597fb9d7dc74b1f4db67cbd779877c4ef079e7803b3311bb17489a9,115,115,115,88,115,88,115,115,115
22344,Tshirts,45160097badbbb176c92a54e388fe3405c0041e5051fa0f667dea0d88d79a629,115,102,102,101,102,101,102,115,35
22350,Shirts,45f64ce2b5acd16864b83ae96eac0becf80b575dd1057037641c3f7393e0a8ca,88,88,88,88,88,88,88,115,16
22351,Shirts,1cbcdedf42b1b8a328b209b1f441ccf31e5c915e8c49809a75f5debb91f08c48,88,88,88,88,88,88,88,115,96
22357,Shirts,f9fc23d364049728738469059a991d2d01fe089cb4e5dd28a3f2ae401d9175b8,88,88,88,101,88,101,88,115,115
22362,Backpacks,458d7fd8cdcde9bbdc37526b511bdddd10075a627634f9feb67b7d4cf90c1a4f,2,81,81,2,2,81,2,115,16
22365,Sweatshirts,952dcdd7f01de196220254ac3d67c945424fa5a1166c036863529bbe8ff8ada9,102,102,102,102,102,102,102,115,115
22378,Shirts,9c84dd2f9dca83c80ff2c59b8eb3833da902fa68b1992bcf2b9cce16f55dc147,88,88,88,88,88,88,88,115,38
22379,Shirts,999064074bbfa37fdfc14b7ddd3d18b11c26d36da4c31dff9e370e48d0723fa4,88,88,88,88,88,88,88,115,46
22395,Shirts,068719c23c25fbc4f3e23447b6ba632567954db696923e91d637a274322785f8,88,88,88,88,88,88,88,115,120
22404,Shirts,c178821ad575c81b5a180307a5721740fce771de3a8c875081b1f1b4066437a5,88,88,88,88,88,102,88,115,53
22409,Trousers,fc301218f8b28897bdb9d1735d00d881602cdba2a473d3538b46b161c125ab1f,113,113,113,113,46,113,113,115,16
22438,Kurtis,546493e79cfdcad1e93fa9f6ef547e9d8380d73bcc8524f3f74db4a6e719116f,54,53,53,53,53,54,108,115,115
22454,Leggings,2d30bb782579fb9430c3f34a8e1304305c91a35b7e5535a87472f3cca5220360,56,56,56,17,56,17,56,115,96
22462,Leggings,c546003991e2c9410533f5419d03e740d8335113ecf75217d587d0cc7bae2950,56,56,56,17,56,17,56,115,91
22465,Leggings,2bf2fa10804cb5bb7bd4b16d998ba755ea3d1d8dc0043dbde980b4db031c9acf,56,73,73,73,73,82,56,115,41
22467,Shirts,18f0f694bee8d28f630db4f5e15076a9c2499b434b3c2f11467bf0c123feb024,88,88,88,43,88,88,88,115,38
22477,Tshirts,e53e3814437c1d797e41815d98a79a451db5a16c7cb2ca870b47c972cc201651,115,43,43,115,115,115,115,115,115
22482,Tshirts,444109491d1f6a0bc047fcdf8dc1ac0d8adaac8199e49f191742a5b27d88ccc6,115,115,115,101,115,101,115,115,38
22486,Sports Shoes,c9eaed8e34c8a12c3d5d0d92a0444b3a7a51668c886bf5d47604e9b1acccc096,96,96,96,96,96,96,96,115,121
22495,Sports Shoes,7af701e5ef2a040438dee4fe33870e241986efa5add86ebec49d40df364c2c3e,96,96,96,96,96,96,96,115,96
22500,Casual Shoes,8a2d9806aa0b9c851274fdcb392868c91f1b01d209ccb5c8a361671ab26f9b7a,16,84,84,95,41,95,41,115,31
22504,Casual Shoes,e1c2bca6b0befff444dc8867bae8836e1b966cf5fb81aa47103bebd6325268e8,16,41,41,84,30,84,30,115,53
22510,Sandals,eb25c2f733507cc3431aab377896ced2ad37c22fced16678345b3f5173b441ae,84,84,84,84,84,95,84,115,88
22534,Flip Flops,eb90de4079c78bae9d362799fe51f81c3248699171b235e0543f4aeebb6bd528,31,31,31,31,31,31,31,115,115
22539,Heels,9ac5c2678d5e131cf953cb350fc29faa1ee4ed80313ef193ff0d7228de1e8a11,41,41,41,30,30,30,41,115,38
22540,Heels,3c6d2ad04d89060bb2026ad2e83ce479730d0dfa2b9bdd954af8368fb8641e60,41,31,31,84,84,84,41,115,38
22543,Sports Shoes,ae04af5def87f73fa9ff5892c2941079ee3798485398e46d332208893d9ad11c,96,16,16,33,16,33,96,115,108
22576,Shirts,a4e4f84ace621ace1bf5157745ddea721e54772ccf641e2b1b6b7851009c4621,88,88,88,88,88,88,88,115,2
22584,Shorts,61f80655a5f4bf3af2a0f000683a3e468788dd86e038e4b53769716ef2eb90a6,91,14,14,91,91,91,91,115,16
22586,Tshirts,fc313e3c0c23ca88795ceece63d5eb1c0f24b248282da981d1242b8589c9d10f,115,115,115,115,115,115,115,115,24
22587,Tshirts,3e8cba4e48fbb870721e19d7c37bbad1d386ef87c3383f377574085e0cf0454e,115,69,69,115,108,115,115,115,108
22591,Sweatshirts,7a9fd0ea7eefb24773dcf5fadeb0efe6d16db8a1e9a4244f8f07e2b5b7a002d8,102,102,102,102,102,102,102,115,121
22594,Tshirts,efa3b87ed049be4c121cc547974253c4b260f39ec78ba0c18f02a77a2dda1f31,115,115,115,115,115,115,115,115,115
22600,Tshirts,8214d966e7e7d1415e664e522e5501862743078a6751b09830a2e7683fdb6dd9,115,102,102,37,102,102,102,115,115
22602,Tshirts,9117f6497397f3a6f828f8272415f7e59c5f9fa1069937b52be44888bdae398d,115,115,115,45,115,45,115,115,31
22607,Shorts,47bfef3558117a5c0632c2eef508840b2d0028ef3e1d6beaa8610ea935d766e8,91,91,91,91,91,91,91,115,16
22610,Sweatshirts,67eee052409f32df90d83b32e2f1b6cba147c9404511133a954b8f7c774ede89,102,102,102,6,102,6,102,115,5
22617,Tshirts,2178f640420ac9b2250d426f78e97506e09ddc5f9104b0a07f093dcace122dde,115,115,115,115,115,115,115,115,94
22627,Sweaters,98da01ac093b37f43197d02747d7573f644130c47f36834aed993a1140fe5fa5,101,10,10,102,102,102,102,115,16
22630,Tshirts,66b9ee63d1e73c5aa8f84c29616101833d3a220c3fcc6995ac6ff63b0fef4b93,115,115,115,115,115,115,115,115,16
22648,Backpacks,ec7e889751866c9819389f3488ca5d122fd25075c3e12ae673fad19f2a791946,2,2,2,2,2,2,2,115,5
22652,Duffel Bag,c54d77e213eb5ae35c1339880116da07059bebc0a7bb01e33df93a33c5a89657,26,26,26,26,26,26,26,115,88
22655,Handbags,03cadbe7700732fc3c0d8296585fdbb93e833dd67f78b5849ca9b99f21a18891,38,55,55,2,2,65,38,115,115
22660,Handbags,e5c834600ff4fe1e63081a70eea2650ec23e9af59e574c232d48c80134fb364d,38,2,2,81,38,81,38,115,25
22662,Backpacks,e0397b83e1c03186a583ce86e3e996cef66a77ac8191636cff4861434c58996a,2,2,2,2,2,2,2,115,115
22663,Backpacks,d4e7f330c29daf0528e8c99264287b58405524d1a7ea7f871840691db953d00a,2,2,2,2,2,2,2,115,91
22671,Backpacks,8b71834f7238fab0dd1c1168a551e0af7b83cf333349462453e9a2247ffcd3d4,2,2,2,2,55,2,2,115,10
22680,Backpacks,724c5ba61c124b6f097500b3ca89e2b491afc0c8e8ecaa671ba8249154a36faa,2,2,2,2,2,2,2,115,31
22684,Duffel Bag,929f2d5daa9d4737b951298af63c5d698e4fa89845c81446e98da6bdf866fc0c,26,26,26,26,26,26,26,115,88
22687,Casual Shoes,d910efba560ce3c6d3f9b46f85bf2aa5ea33044a1f210e92444b5ca993579ae0,16,96,96,96,96,96,96,115,102
22690,Sports Shoes,ac5cfcde627b9d69fa425850049bc52abe437cc057671b93bf6f7bd1e9295902,96,96,96,96,96,96,96,115,115
22692,Sports Shoes,16a2c3db74686c1b2634dee3de33424926744ebf41c9a12eb0fc592999c2c410,96,96,96,96,96,96,96,115,24
22699,Sports Shoes,4bee0a4fc08072d8d359d72cfb26a56c4d70adbb3f1197dbfbed84d0fdd2a642,96,96,96,96,96,96,96,115,102
22710,Sports Shoes,757e27ca1e6c5c970b8b970a1135e971548065a65488f49d235fe7c716902586,96,96,96,96,96,96,96,115,53
22726,Sports Shoes,350788dc9e5ec419f5b7ac07cc6c7a7c441999293cef2979c89608f42da318f9,96,96,96,96,96,96,96,115,10
22742,Kurtas,c8668640d2c93fcf73e722ed52e69c771687149f7ec33716f7e9aa9169f1a8aa,53,53,53,53,53,53,53,115,2
22756,Kurtas,997c26a358b39d567a32a4bd0cfc3be5cfe74897980bd116f975b0393ebcbd67,53,53,53,53,53,53,53,115,31
22759,Kurtas,5d60d421de027c8ef1723461fe9dd3f309cb385298f72f46f9770b769f8d887c,53,53,53,53,53,54,53,115,55
22762,Kurtis,db11efbe681d43f507294e25044bf1c9ffea6fb48d85b80809bf75c2a1d69199,54,53,53,53,116,54,53,115,5
22773,Kurtas,67c84962d718d694a84a901ff7b28da6607e05b86c406ae7128ec8ec48fa339c,53,53,53,54,53,54,53,115,115
22779,Kurtas,2a0644bc74d118919302bce5d386186c59c7e09d4d72dcc88af05845dae161bb,53,53,53,53,53,54,53,115,121
22782,Kurtas,ba28fb1f9a99efe626edb06ec993231b972bd9598fd7c81cd5c083113f2a1d23,53,53,53,53,53,53,53,115,121
22792,Tshirts,2f20db05bef26c58e52480dadf8277baf831631c22b572194da60b000773e61d,115,115,115,88,115,88,115,115,17
22797,Shorts,6c9f782d5a5dd275d75dfbdb48c1951329a19e87a21612cc69605db48d7faa6e,91,91,91,9,91,91,91,115,53
22820,Casual Shoes,c103aada35ca85aa14d69e845e6ece2e87636104c379b9cf737e4e9845d9951a,16,96,96,33,16,16,16,115,16
22822,Casual Shoes,027810f6d75125f479222d44f8b94ccfb674cd999de641d6254f2c095820c00f,16,96,96,16,96,16,96,115,41
22829,Casual Shoes,534483081070b32b330ea33d2ca67d19774469c1842a6a1b2ac24528bc4b742f,16,16,16,84,16,16,16,115,31
22830,Casual Shoes,0f333b09fbeddae738fe143da1a9ea32914dec9c9ddc71777eaf1b9fb4067540,16,84,84,16,16,16,16,115,3
22832,Casual Shoes,a3be158df2c78d8aea1ed1c85b295243d5fe8e8d6462e3db497b022e09f93ae1,16,16,16,84,16,84,16,115,96
22844,Casual Shoes,efe84f77c0ddcc6a3c489504a0619fc952439bc78429728937b72fc6b3509fc5,16,96,96,84,16,16,16,115,88
22846,Casual Shoes,c1247ddb453da8bf0fa06dcdb6183fbeb04edf17d4acf530868d2e9005cd77f4,16,96,96,96,16,84,16,115,120
22858,Casual Shoes,ff8e65be1cbcfd9b2d61db80649b1ac1c299cc05dffe9bb98ffe8e511d4a5553,16,33,33,84,16,16,16,115,108
22865,Casual Shoes,5727428d451b03934e2aefc9f9d316e75b437972875991d865c804c8fbcaa2d5,16,96,96,96,96,96,96,115,84
22867,Casual Shoes,05e8c18741095c861f2a343f5c30b723b1d81c761a2eab5549e35e298011ce25,16,84,84,84,16,16,16,115,94
22868,Casual Shoes,a5c67df59b6747d156dd34cd480419ad3cbde14ae8f84a305b080588c02c2770,16,16,16,41,16,41,16,115,88
22869,Casual Shoes,554c4c98a9c62e25bb96c5ff4e3950a9e9aef074965faca34fcf48fd3e036acd,16,16,16,16,16,16,16,115,115
22871,Casual Shoes,92135da79100367d0c7750e9d7682051e6fdbe1d74d9273d4090eefd6fa41a1f,16,96,96,96,16,16,16,115,115
22874,Casual Shoes,e7df683147a496e67bbbba096c8175ac8f6ee238f6f36d393eab9597e1268ab5,16,16,16,16,96,33,96,115,16
22881,Sports Sandals,f47067feb07dd1b2f05a9849c022b09f7f82c2726beae6cb54d8725ada895fcc,95,95,95,95,84,95,84,115,88
22884,Sandals,8aca5c2cbdbcd51fd36b86c6c73795bba26876058ead638a6411ef51daee6ae5,84,84,84,95,84,84,84,115,88
22888,Sandals,9afe31873d775669e1583597fef49ee594563355522dc2b39aa1f414ef7397a5,84,84,84,84,84,84,84,115,102
22893,Sandals,77a8880bb466f9c793a7abf95c6a62adcc82636b0005cf541e889b2d6e81cc00,84,84,84,84,84,84,84,115,115
22896,Formal Shoes,99dfab8a52c0bb4de9dbb5061ec01b7b8fedfe530788d700d65b5fa2a5cbf8a5,33,33,33,33,33,33,33,115,121
22898,Shirts,eadb19c180b3295cfeb9f753179ed0b9fc1ff77125613dbabc758324272dff74,88,88,88,88,88,88,88,115,88
22905,Trousers,ac4f48fc18823a614d18942e8c31f0abc8fe3b2931f3c106d2284453225585d3,113,113,113,113,113,46,113,115,115
22912,Casual Shoes,426a66ea46b24307e77952d3eb5837295a17b78527a68c6120be4564329abdfe,16,84,84,95,16,16,16,115,108
22922,Watches,2808e3de2f1b4afd92f9aa3a23d4a6d8224a0126d134a83045f5d39bbf661f37,121,121,121,121,121,121,121,115,116
22928,Watches,3e77f2438c4e3dcc9efa3ae94e71bcaa666189cc5ea0d5bcc3ab31bf49e84f6d,121,121,121,121,121,121,121,115,53
22931,Watches,9027b05217181bf79dccb668d964693b554d32a3074266e2146b5953d12ccbec,121,121,121,121,121,121,121,115,31
22936,Watches,73a9231085e04c5fb30fd7f0431983f5c9edda8a443f95a1cc7706476c597675,121,121,121,121,121,121,121,115,31
22938,Watches,8fe8c2236800920fab7e2e5ba8ca3b860ead887a3493df321563750b01072d7f,121,121,121,121,121,121,121,115,115
22940,Watches,a7928b1fe01089c49c48be90a74cce1ae51dbb95d23fafcb24b90db27589ad29,121,121,121,121,121,121,121,115,16
22953,Sports Shoes,37e0ef5bf578ba140a20bbd60626e76c65acff47634b170fb0326b6ce67bef6f,96,96,96,96,16,16,96,115,115
22962,Flip Flops,bf3efd61b69130e80e06443d926ccce1cf3a6df6fbe2763d46727149c56a3bb9,31,31,31,31,84,95,84,115,3
22971,Backpacks,78b57f637ea18dfc9ff924afb9c53b329ae826ba8efed805451cf768986022da,2,2,2,2,2,2,2,115,120
22982,Sports Shoes,b2529dc1ef11f0e3bfcc2f376b2751b0e1e1e569389d469bedf1dff51cdc0cbb,96,96,96,96,96,96,96,115,115
23032,Shirts,686c2e7d8bf01051cf5b04dc40109e6bbc49cdc1f11ea1978ff8af8e2721a529,88,88,88,88,88,88,88,115,114
23033,Shirts,4962e76e2b1b3a2d0e2fff98881765f12348bad971c260e429b0d7f9804d7c67,88,88,88,88,88,88,88,115,16
23037,Shirts,d3f9089fc36766e6e0a371bf20dc9f0d9f2e383c7b9e419b51b120091d32ce1f,88,88,88,43,88,102,88,115,75
23039,Trousers,2b91b5996cdf3e19131481844dc81f758fdc6703aa366cd1214e6ecf4912bdcc,113,113,113,113,113,113,113,115,41
23040,Trousers,97638a11142704dbee856d44f89f6c7d95161d4b3b3a181c494130a3998f34ea,113,113,113,113,113,113,113,115,38
23041,Trousers,eb5f544f8ac4fcd6ebe387f7fbcc3f84883ef16d3211afdb104fc5997cd4d9e2,113,113,113,113,113,113,113,115,16
23051,Dresses,78d825ea282ae68d5a0c089afc635bbe3b5a4046aa4eaf1d456ce889734e3239,25,116,116,54,25,54,25,115,71
23052,Tops,d27cfd9671854299db79f47be2273cd894bb04a413a12d4b89fb544447160595,108,54,54,54,108,54,108,115,75
23056,Tshirts,8274bdead411f6744ac9a0be4bddb91d25fc2d370da10140e38c95a239450e65,115,88,88,88,115,88,88,115,115
23057,Tshirts,e82bc9016986479dd04555a53dd19339b9dc14b983700c91daed16c8cd367ca4,115,115,115,115,115,115,115,115,88
23068,Sweaters,f0aa26e0920eabae1d29d9fd03c756950dcb1fa11f0dc17eaeab99515bbe2f77,101,88,88,88,88,88,88,115,113
23096,Flip Flops,d555f44d371f7badd91884fb44e6880a5965194c9942a312baf27391a6b262cb,31,31,31,84,31,95,31,115,115
23106,Accessory Gift Set,c73913dffd3b269cd8c4ac934518ada6814492407ccc1e445793550f07e68cb2,0,0,0,0,0,0,0,115,88
23108,Accessory Gift Set,33e5dba260d957847571f0f9581bc639c9c61c45f362f305496bd4cac9c22754,0,0,0,0,0,0,0,115,96
23116,Accessory Gift Set,8e88eb98bf1a3f047ec962af421185b28a0e15fc221933a68096c1b2bd580152,0,0,0,0,0,0,0,115,53
23120,Flip Flops,13fb5ace10c1022ceeb843e65105e00c5a58a0f8b634524bfaf23d583b71fcc3,31,31,31,31,31,31,31,115,95
23122,Flip Flops,0f97592ae49b9868daa69ae821bc94fdb068e33fb4ae52f8c5f86fc82ce99868,31,31,31,31,31,31,31,115,120
23125,Flip Flops,3a99c0e60aa31434667b82562de85a70334e70120c8cd68bd16a95e7ca8c9928,31,31,31,31,31,31,31,115,12
23137,Sweatshirts,c08cdae49fe462c7f78a8289b3103bb083951e9b83c1e00cb981e6ad5751e2ca,102,102,102,88,102,102,102,115,38
23140,Sweatshirts,92ae79d288d955c9369aa4300df45005151d812fa84fd923f0f7ceb4db734e66,102,102,102,54,102,101,102,115,16
23142,Sweatshirts,81f92f2ec25b1e2b11ff3d6aa67df579096a36dc10eb9f84a1377d5c7f426f12,102,102,102,101,101,102,101,115,115
23145,Sweatshirts,944a440b65d2bed2b7f6561a173fd9deece0dad06c3ce2e0c45f9ef9d486b440,102,102,102,88,102,102,102,115,121
23150,Jackets,d1fccf9400bb9f25c38ec3d3b8c6229943a926acc376f180cde0a97c51fe85d3,45,102,102,101,102,101,102,115,96
23158,Tshirts,fcbdc597974da38e603b2a555135186c6a9984af1057703431f35c67fffe546a,115,115,115,115,115,115,115,115,115
23166,Tshirts,2fc05daa7af2d55e91d2eaf967d6fc9c5f4735eb564814a5ff16909686040ecd,115,115,115,115,115,115,115,115,14
23174,Tshirts,86bc16a928926d11ca43c1c81a36d45da3531fc0c08980de0e70431f07568358,115,115,115,115,115,115,115,115,16
23179,Tshirts,4d704f76fcdfd170dd633c9cac9e552ea21c34ad56d8ff621a3645abfe2073f2,115,115,115,115,115,115,115,115,120
23180,Shirts,739d48b2aab615df206fdc2b41f7e28d95f6dbcc466d6a661c2955147166bb67,88,88,88,88,88,88,88,115,95
23188,Shirts,57d82379da537654389cb521d1fee7792cc4d6f386dae4d2a7e84d80f3db1525,88,88,88,88,88,88,88,115,101
23193,Shirts,9203df30a2f779490e0df052cb415afd53bbf173620b5917796816c6fc099b8c,88,88,88,88,88,88,88,115,78
23197,Shirts,721d4aa1027a46cd9ea0635260ae9b89a8367bf2564ea1069a7325ef3c232a46,88,88,88,88,88,88,88,115,115
23202,Shirts,fa2af5a3e62915ca03ec2b2700d791dcfec2fc32bbcaefdb0ea3e32246449d6d,88,88,88,88,88,88,88,115,53
23205,Shirts,a3464927912e49e7fce142393ce40b6e245fd62d0109b95865909ed917c83e85,88,88,88,88,88,88,88,115,96
23212,Kurtis,66141ea4ee1bdba7c4a62a6208230174ba34c967d4bebb9c2de2202f43cb976f,54,25,25,53,53,108,53,115,12
23223,Kurtas,7bd46375843424e3a0f423bc38dcb3da37b36032a57846c0622826b8ff25ae21,53,53,53,53,53,54,53,115,30
23226,Kurtas,c851bff4ca53ca1edb5d9a994a258877bbde98b0ec981aaf6bcd3a6d315685e7,53,53,53,108,53,54,53,115,93
23229,Kurtas,b17e0317b7be75251dfa6edcbbdc31e2d8207f9e89b8a1f8992e149ae0226d45,53,88,88,54,54,54,54,115,115
23233,Kurtas,4e35a15e2644d763b467cf6ff35edb9469b44a2eea932c56a2e0e6e9d2dc2716,53,53,53,54,53,54,53,115,5
23238,Kurtas,ac85df43992778744de5213921ae6468360d14418d880c2419ceb57a029547b1,53,53,53,53,53,53,53,115,93
23239,Kurtas,280ddb822b3783608dd6f63570c9a005285bcf4a37a69a3b8239c9c27e95a3fb,53,53,53,116,54,54,53,115,114
23248,Formal Shoes,16ad4b3624fb37f80f86bfe7906b97241a77e9c38c4e3fa62796efabc9c600f4,33,33,33,33,33,33,33,115,16
23250,Formal Shoes,671a1659cb410ec605764476a3a29a73c64de98133dc44885cd64b04869a5b88,33,33,33,33,33,33,33,115,16
23251,Formal Shoes,5e4cab95a71253344692faefe24735ac240df2c0864863900fac7dae59dd2d7f,33,33,33,33,33,33,33,115,88
23263,Watches,e03dfd34d9a5a0c521bb999b37dd1cea87001979648343b3453ea2b035d98ebb,121,121,121,36,121,121,121,115,115
23268,Watches,9ed12cfce5abf84a3105c2dfbde28f49cd489d052f3fadc8c7d1d08b7f13a8c0,121,121,121,121,121,121,121,115,108
23269,Watches,299e85096f6548ba71562e242fe05b77289f3565b92d2b7a4c03e471fc40e5cd,121,121,121,121,121,121,121,115,121
23276,Watches,bd1c0c9184807f16478599f96cb6589238f7df32d65efc82847940f1aa508387,121,121,121,121,121,121,121,115,53
23278,Watches,3db5b2b258766b1d4d8ee551ece781022e0a747d18a15e75a3775df321523918,121,121,121,121,121,121,121,115,96
23290,Watches,ca9ec43fb9d2f2101c93a2f61a2e01324030d0f2ac16e6ec8bf44669c4209f1d,121,121,121,121,121,121,121,115,115
23292,Watches,71cd8f6944021ece8555253649f9ebf028fe4a1ce120bb1d24942b37fe284ae0,121,121,121,121,121,121,121,115,115
23302,Leggings,d57230d81413fcb70447b9eac1b09dbacdfc7c82ba1443a0cbc83c98a76a314b,56,56,56,17,56,17,56,115,73
23304,Kurtas,2b6b12b5aa5e0cfa5607e43b77823e22856cbad331a2e6eab404009038c2b347,53,53,53,53,53,53,53,115,46
23306,Kurtas,c5990d5aa80fbbd17288c96f95515f1dce5bde2de8fcc5275297481d137f26a9,53,53,53,53,53,53,53,115,16
23307,Tunics,881281221beb2c308a4d77b8b3c8e468fa53e3b0e709de26ef5db5cb8e6cfba5,116,53,53,98,53,53,53,115,38
23311,Kurtas,7fa437514193f2c7a9673cf16127b0284e44c9d19a2f7105f7ad2694493e9543,53,53,53,53,53,53,53,115,115
23324,Kurtas,c81f219961e590c264e08cf48f506ebb1c0f5f624c2b8557f9a6432ac14578e8,53,53,53,53,53,53,53,115,114
23328,Kurtas,fd181dc2019eba11245b9380215cb3bebecf5a2cb1109802a99ecb3d926b9f29,53,53,53,53,53,53,53,115,120
23329,Kurtas,849fc237841d60eb21a8f6f9c16c62a47dbeeb6ec6af5b064d5e75717f22badd,53,53,53,53,116,53,53,115,14
23335,Tunics,f78088aa5848ebf1736c3d29ae8d7f495936e528df4fda37afd32c77ef78cae4,116,54,54,54,108,53,53,115,115
23338,Casual Shoes,ee7feed0b463c6c2d853f91198e47f66c678be3e13a791d0928dc9c32879ab90,16,16,16,96,96,96,96,115,16
23401,Jeans,741c42b88b0eb97e0085baa1de1ce6f840a8ccbbd3d17ec047ed4b6c491f8bfb,46,46,46,46,46,46,46,115,45
23442,Tunics,ed0b64218e9606bee894d4e0c40ff52293c69edb0661185f5b0e03551059c459,116,53,53,49,53,53,53,115,43
23448,Tunics,c3f47833326f992be6f425ee4acc4ff43ad0cbab5fe25a1621c318016ac5f696,116,53,53,53,116,54,116,115,88
23464,Scarves,1efe1c2c1f1e1a4069711c8b2e558a6087ffab940a315a296c4da10ed9eb55a9,86,86,86,86,86,86,86,115,96
23469,Scarves,1f9737ef2debdf6d511f2f5f468e5014d736117730f33192711ded250fcd3e6c,86,86,86,86,86,67,86,115,84
23474,Scarves,6c2af605e3987265ff2667b3c7493d12a5abfc273d8b0893bc02bb76bda1e3d3,86,86,86,86,86,86,86,115,88
23475,Scarves,3d11bf682cea26b39f1612228422281475b83d3ef01a24c71d2f0c0a351400fc,86,86,86,121,86,86,86,115,115
23481,Scarves,fa826ef3578b2fb7dc5ac5b3446e9c1954e83ca1858ab58dfc0d05d1615040c3,86,86,86,70,86,70,86,115,96
23482,Scarves,1e302e00e924c6fdd9a111c9e7a031f109c4dcdebf1d6d796f0a87494d6338f1,86,86,86,86,86,86,86,115,5
23483,Scarves,841b813ac10b9fcd5b6a8555a301ed2323311378a015cc9629ecd7e7623b0aa1,86,86,86,70,86,45,86,115,38
23502,Sandals,16a4a52fb94d24c55ef5582b57087754d2787e09a2f4c4741513ceab0350fc4a,84,84,84,95,84,95,84,115,88
23514,Watches,9fda707773f216ac2939d460c1b13d4afd40ea04a44a01d7d38257972220a2a6,121,121,121,121,121,121,121,115,91
23517,Watches,d400dd0131cb3259e2c3b59be667cd226fafec0065b7dd6124a5b98ec22af822,121,121,121,121,121,121,121,115,115
23522,Perfume and Body Mist,71c7d52e82a938e920366ab1ac2c7129d0dd223159f90581686248d6db0df0b0,75,75,75,75,75,75,75,115,38
23523,Perfume and Body Mist,143af4e93b526c7abaa3d8c7017f33896dced5448eeb6ca67e0775ba653ea4cb,75,75,75,75,75,75,75,115,12
23524,Perfume and Body Mist,861b625669789e06dc1bb5fe2c8a3964ea23fc6366404d06e29fe873da6f68dc,75,75,75,75,75,75,75,115,88
23527,Deodorant,21eab0e7ed37c076ce0b9c2d97d43c1eecef9fa93eaea54f9e75b5441881ca61,24,24,24,24,24,24,24,115,12
23531,Perfume and Body Mist,6c4c2e7c7f2653cefd6c840df937ce954a24729d3a9a48f14d0938f6647d2d61,75,75,75,78,75,118,75,115,56
23534,Perfume and Body Mist,7971a1323d0e680812f622465cca79961fa776a4c83961949e513c489cd087e8,75,75,75,105,75,105,75,115,12
23543,Perfume and Body Mist,0f845c45da2f817037f889d634668668294c7e494bd3249c25507b1716fa5d75,75,75,75,75,75,75,75,115,102
23544,Deodorant,c74089b7912149364c8acde3fec3dea348b93928a925d9e1463c868336a858bb,24,24,24,24,24,24,24,115,96
23549,Deodorant,8208a5422252ec3aded94c9479ae98970ac31cfbebcba1b170bba680e72dd2f6,24,24,24,24,24,24,24,115,2
23552,Perfume and Body Mist,c4a211d95b9325b5170e1f0c160ca47d3216edd6abf715398d229188e1eb21bf,75,75,75,24,75,105,75,115,88
23561,Fragrance Gift Set,b9a90bdc1a70460848acffa71c199b495a049692019727c589f1c2995614aae7,35,35,35,35,35,35,35,115,16
23563,Perfume and Body Mist,3820ff4d873510bff6aaf739f6744a905426773930ee2dd0bde1ac2984baafc3,75,75,75,2,75,2,75,115,88
23568,Perfume and Body Mist,cf45c7083509b5365c73df6d3db1fce716d713ccf8cc7a76d840f4f9d22cf144,75,55,55,75,75,75,75,115,96
23569,Perfume and Body Mist,aec5cebeb6ed86f26921039a3f6231b88b3a0eb1ab9bd3468808813864981ed7,75,75,75,35,75,35,75,115,100
23575,Deodorant,6a1673d871dd9eba25536fb47b0f5f25519fea271e402922174b13c23471ac7f,24,24,24,24,24,24,24,115,101
23577,Perfume and Body Mist,8bfe2a2c643cf6cd561024d9fc4f3215f6d59246b0069f5d8febfbd2c5687ae9,75,4,4,2,75,2,75,115,113
23593,Deodorant,5e4d7c5579dbd49d04d15cc09f4b03d83731290aa589d5486b1648a19e4c3253,24,35,35,35,35,35,35,115,86
23596,Perfume and Body Mist,00034f20f65aebb721fdcc86cd71d83dbdb7dc09b4ee27382fab7e45c27fba34,75,75,75,24,75,24,75,115,88
23604,Perfume and Body Mist,894484d4e05dfe2481070763aa2bcb9f52db53aa44cc87f4540fbf6b7c706b1d,75,75,75,36,75,75,75,115,25
23608,Fragrance Gift Set,9beb1d6f959463ca77d293bb384a4f02ae8e3b8bf105c66839aa10ad4af8c0ec,35,35,35,35,35,35,35,115,84
23611,Perfume and Body Mist,cbd62fa5a2c22c2f99afc8f6edd1eaf952bf959fdb12fe4f01d6f59fa820977f,75,75,75,24,75,24,75,115,28
23614,Perfume and Body Mist,7c3ca756865f548f2afd94dfd9a0d863b47da1425f401e84c8d850f5d099b835,75,75,75,35,75,24,75,115,108
23623,Tops,40dc2e4142dc6161af079c895c2125eb3d255285e517363933535a9c83d5933a,108,115,115,115,108,115,115,115,41
23627,Tshirts,b106263699f257fde665b4504420beeb1f04e32e720569e8f863741b802c3ca6,115,115,115,115,115,115,115,115,5
23649,Tshirts,921db6c2217beb35993a42bec0f9c5c91d9b5759d41655ae73e1eb3c79b3888f,115,115,115,88,115,115,115,115,88
23653,Tshirts,9aacfd751affa7cde4ce82b93366f2e606830689af0ee461dcf3af0c4724e144,115,115,115,115,115,115,115,115,91
23671,Tshirts,b1669d0b6912efb0c3068977d648d6855edcfa973d9db1ee806316cf2a6d0ff8,115,115,115,88,115,88,43,115,108
23679,Casual Shoes,5ffcfd5d1a4c79277f253d72fb16fdab0109912ec044412c0c4bab31ed1be292,16,33,33,33,16,33,33,115,115
23691,Wallets,744c488fa3b534e28ed059cdf1029ad4cb7db9315506f723e6a8780cff49eeb2,120,120,120,120,120,120,120,115,31
23692,Wallets,81f395e6e7931341a8751d326a779a794d6ec75caf1d6297049cb6a06ea801e0,120,120,120,120,120,120,120,115,45
23695,Tshirts,ed60a2ee9e06d6d9706a3bc26cd0843eb4577ff7f9f297821a4aad0f2577a6c3,115,115,115,115,88,115,115,115,14
23698,Sunglasses,c86147841c12bb7bcd6c88cf7e8ea2c37048a57a534888052fa4992e4fc1ef0c,99,99,99,99,99,99,99,115,115
23715,Sunglasses,227277f36997fb530159eb97b3586194caafabae0b5c5cf7fe00f58334e6356b,99,99,99,99,99,99,99,115,108
23728,Sunglasses,a602cfbd0373583c26d10ded0232b3f227df711ea384434b7579404a5c07bc2b,99,99,99,106,99,99,99,115,115
23734,Sunglasses,abf577f557f730b58e8132ac8b18b7f3d4b68471044dd96c2929ffcc5501b1b5,99,99,99,106,99,99,99,115,56
23735,Sunglasses,82334321c111706299684064b65cf8fd9106459f8455b57fb990f4120162741d,99,99,99,106,99,99,99,115,121
23753,Sunglasses,a1a8ca58275d6f628fc66596753c5d17bb2165c4d5047c6754851c9743159d25,99,99,99,99,99,99,99,115,121
23764,Sunglasses,58682bf9c1a35b741f80b19c5921ea652f831cd6a402661fb3781c1785fce3b3,99,99,99,99,99,99,99,115,105
23766,Sunglasses,f726827f62eec5823e649748765b67da062baaa934c65e9230d3bd00a9ed16e6,99,99,99,99,99,99,99,115,115
23771,Sunglasses,da5cd74af563fd001fc3079477f4a715f1af55da0ee71e6fdbb45e0ee133ed2c,99,99,99,99,99,99,99,115,93
23777,Sunglasses,cb49d1932c98a10cb76779396ed8bf06883654000a316124855b2a4beb57b3b8,99,99,99,99,99,99,99,115,96
23778,Sunglasses,d830011ca1ae17a126eeeb0126b12c3338913771932b227c0cdea42e3d188a98,99,99,99,99,99,99,99,115,113
23783,Sunglasses,b26620b55e9a4b55b746262f3720bed001dddc3c8b4f4e63939e3b9c7a53f839,99,99,99,99,99,99,99,115,94
23787,Sunglasses,2bc15f416eff3490ab3cbcca9f5ad2eda353faf28fa3fedf265319cdfe9e472f,99,99,99,106,99,99,99,115,41
23797,Heels,166138bb9fc62af4737612e9c1e7b0133f3ef17bcebc8259a4ff985fc3728125,41,41,41,33,41,41,41,115,121
23801,Casual Shoes,cc2c5f8c4183fb29a93586696632fd7d69db4ba188011d54210faa0652a63f47,16,33,33,33,16,33,16,115,108
23817,Flip Flops,effcca31667455bd1a8776b9f90394ab34770748a121baceb677802808c1bc28,31,31,31,31,31,31,31,115,16
23821,Flip Flops,387f806fbef4bf8d897c8568b914b4c5ad74ea1bbc296158a8c2e04f84b80c30,31,31,31,5,31,31,31,115,115
23824,Flip Flops,3a88a22de88b75660c1090f22d531c01306199d1c5bb1c4b0453ef94c1bc83b8,31,31,31,84,31,95,31,115,53
23839,Casual Shoes,99247f16acaeaebdabe1f7a6bd65ee557a16c313dd91406ea08b67bc075373c6,16,16,16,33,16,33,16,115,88
23852,Sports Shoes,b6856164db150724dd24e9a463eb088a1e95da5a52a68663f941151e12f18341,96,96,96,95,96,95,96,115,12
23884,Sports Shoes,a7d110de56e6975f2c19783fcf55576228249d16afada530fd71e6980d882097,96,96,96,96,96,96,96,115,38
23889,Sports Shoes,99b7acd522c8264697d95ce8875c213a9629374165324c9aefe2563d382fe21f,96,96,96,96,96,96,96,115,24
23894,Flats,5a241be67bf3ce42d0de19ab3fd775d11633331e663e1abb436bc977302505d8,30,84,84,95,84,95,84,115,53
23914,Casual Shoes,a6955218e9860560f26c5973a1d52feaaaf565aa7556f54a9e5b3f67c129c3fa,16,16,16,96,16,96,16,115,115
23952,Sweaters,39eb847a018c53e84cb74ddb6ecb7c357f240ce32b66fc993774419be22240ba,101,101,101,101,101,101,101,115,121
23953,Shirts,6d9fe4c93844f6f399fa1b5f6a79ffc747ad81d33fa43c0d1d23e2e6ab9f7c1f,88,88,88,101,88,101,88,115,0
23955,Shirts,f82920aebde1541cd30c36ea8db9c7f359a261544c229b975de8bb37e8979836,88,88,88,101,88,88,88,115,115
23962,Jackets,232f9c7a17f9dd3813e7c0b1cd8d274da80965d5312b9f960e95a370e831744d,45,88,88,88,45,88,45,115,75
23966,Tshirts,86138eea15f5692c1ddf40729168139c36b23e299ec6af09c16abcbab0589185,115,115,115,115,115,115,115,115,47
23968,Tshirts,5b7efeab8bbacb4f6c6f111ff722e08566828ca8fbd11c88606b7797ccbe7373,115,115,115,115,115,115,115,115,88
23977,Shirts,28ba5c60a03d061286b124a95d8ff0098795b295afae1ff41c22851557c48090,88,88,88,88,88,88,88,115,98
23999,Shirts,f71d2a3ca83c8f65e43d9e7a70eac62dd46797ecbc6b77ce4a2d3d96339d53a8,88,88,88,88,88,88,88,115,53
24021,Tshirts,0cff0ef172a6213a454614bfa1401ac1367466bd572eb15b43509cf5085a8d87,115,115,115,115,115,115,115,115,91
24027,Tshirts,72ef17167e7fb5e61b47702fa639918898d07b509348f71604584c5d31ff0c6e,115,115,115,115,115,115,115,115,35
24036,Tshirts,f7a9919df0734c5372f0522b6cd0ec9b4edef873a3f2815ec1440a1b891d5305,115,115,115,115,115,115,115,115,115
24040,Tshirts,97b009efce19626792c86c50da4bc80342a19ba615bc7cccffdd1a4b78138aed,115,102,102,101,101,101,102,115,120
24042,Tshirts,8971fd7d4419252a9863919e9d73c5a93ab51384e025d30f0a70d59a33436086,115,115,115,115,115,115,115,115,75
24053,Tshirts,e3243c0cce46aea538b055f2ed763108d4ac1fae1f334f9089c457357dd28d8f,115,102,102,101,101,101,101,115,53
24054,Tshirts,1e613a237131fdba4810c1acad8d0a936ee63dd176e2a9ca415ca7468185041c,115,115,115,115,115,115,115,115,88
24055,Tshirts,7e32014580c5add3627918502c6abd976318d2c4e042be27425e3d707e9bd040,115,115,115,115,115,88,115,115,88
24066,Shirts,b0cece996127d973a0718b23af9bc8f1c3c58dd02f3108bfebc1a69f81d1f2aa,88,88,88,88,88,88,88,115,41
24077,Heels,6c7a26868ebd572cc42f32919847226b78a0a0a241d2b644e21df7502d5ba86d,41,84,84,84,84,84,84,115,16
24089,Sweatshirts,03db26ee7834d56cdf1992a9670fc932a5a5882f750e4090ece27a8e8b3feb5c,102,88,88,70,45,70,45,115,28
24090,Sweatshirts,ef4ecb1ad1957252f16db7949702bf30c969b50e713be724f98d78334ef3fa0b,102,45,45,70,45,70,45,115,115
24104,Flip Flops,05e7112ecadc246117f77850d65b880fc4a9015797be5e88950db40f3663ef8b,31,31,31,31,31,31,31,115,38
24111,Flip Flops,c52619997466bfb083adf2e76f39dc88c2e428f7b931b370bd54d115f72864ac,31,31,31,31,31,31,31,115,41
24112,Flip Flops,e31550989b17cf1572c308afbb7e43bd1de714ad4d0055da96029ce3d789b1a2,31,31,31,31,31,31,31,115,115
24118,Flip Flops,8397787e1f7de20c6e22b9e04eff49c042b4000acd15d9c9dd6587e25cb88bf8,31,31,31,31,31,31,31,115,33
24126,Tshirts,9be523449d867833eaa217363b94fd0bf6d136422ce209a5e161c68a18785b41,115,115,115,108,108,108,115,115,41
24149,Tshirts,2b286db75d3f9995b10fb7ebbdaf5034a80236b0bd03a4081ae23e2a26f3a6c2,115,115,115,115,115,115,115,115,120
24153,Kurtas,d7183d4e5e6861fa3655b66bc315d7dc3d7560f0f10c48f1cf55028eedbf2df2,53,53,53,53,53,54,53,115,75
24162,Kurtas,b4d9eef7092d52905f85fc12aa6f5810f10c1a9ba8efa00888750cc1dd7d62b2,53,53,53,53,53,27,53,115,120
24167,Kurtis,f05241d837599860643755692996273551338cb27bcc0c934ce24dc3e81e1745,54,54,54,54,54,54,54,115,38
24168,Kurtis,ff6d3d6cba4f926c9692a3f828146516367b1e5131714db01ce0438fa5057121,54,54,54,54,54,54,54,115,121
24172,Kurtis,fc67ac8be31b9ab95aa18a700120a8fe0b35f61801972406de23e14b6abd9da4,54,54,54,54,54,54,54,115,113
24188,Casual Shoes,0e51275f6d62fde6eaa6fcdb5a4666269cacbdb4c42fd9d339b11caa2bb4a10c,16,16,16,96,16,96,16,115,48
24190,Casual Shoes,00b0ee28760b6220c1a875bbd224b17b3972749800cf758a35d44d9bf8661e4d,16,84,84,96,96,96,16,115,2
24192,Casual Shoes,20269cf5bdac8fa32f19cb4a6536e18d1bab7c3c189c79eaed67a8c73752058f,16,16,16,96,16,96,16,115,5
24215,Tshirts,3d704be2c59f8c46c686193d41fdc2a1b41109584af781027572e0eb896e45f5,115,115,115,115,115,115,115,115,5
24217,Sports Shoes,4c9f5fecc9f7fd8890b870ebc2166315feadeef1dc763f6a4cc44d4944a91e5e,96,96,96,96,96,96,96,115,99
24220,Caps,f0b39d84975983ce91b6b1c1b808ccd771bf0d94e0893b89c649c87015963eb0,15,15,15,15,15,15,15,115,115
24229,Kurtas,e1c7c3701c8088ad69a1b83c007ec067da202d3d672b0e51cb2393594eceda10,53,53,53,116,53,53,53,115,115
24234,Kurtas,b2856d4b0c6d463b988d2cdb230a6cc68faeb337db133392532f4c4289aad8c0,53,116,116,98,53,98,53,115,2
24240,Kurtis,1936e2f72b8ad6458fe62f5f394e2ccd384ec48eb1f7d154c3f5a197dcb8cd43,54,53,53,53,53,25,53,115,121
24242,Kurtis,1c6ebfb10a4038559bef19b98f69842174f69e6c9bb825748580803764e728bd,54,53,53,53,116,53,116,115,33
24264,Shorts,e04fae6771635450d214a04f747d025de83b86710747bb10679687261f6e7e67,91,91,91,91,91,91,91,115,14
24265,Tshirts,19a43e489eb2fe09a71c93a1eee624d514b7742fb86da792ef922fe0ad99ae83,115,115,115,115,115,88,115,115,121
24266,Tshirts,749999a7528b9bffdee0305a7fc417d06ab46adc7be1d1a05265a298ec5a246d,115,115,115,115,115,115,115,115,115
24270,Tshirts,3a347c869ea05a90858e02852138a3416518e7f069cb6b8e8fc0f291b1367250,115,102,102,102,88,102,102,115,121
24275,Tshirts,4f7f288d5ff055900561f519095323569f7ad7df45d0fa9a3e984790d005040d,115,102,102,88,102,88,102,115,86
24283,Shirts,f1d428fd5b01a7d5bd565608372b2e77d2db35ee1eb768dae6cbfdc0f224c3b8,88,88,88,88,88,88,88,115,35
24289,Sweatshirts,71b520e65b919b77922c4794fce55459d0836395763fea53ebe4bdd46a1108f0,102,102,102,102,102,102,102,115,16
24293,Socks,9aef4d9481c61975ab156e2cd32b1457610d1f529561a72b9ba6663e457aeb40,94,94,94,94,94,94,94,115,16
24295,Socks,8e21369d5e0f2908846c4d43dd3f72d349ffceabf017f499dd2ea7098ad2044f,94,94,94,94,94,94,94,115,115
24300,Casual Shoes,2850f7c6c976103dd817bb7bcc7f964fba21de992405382422f54f2b009182be,16,16,16,96,16,16,16,115,53
24323,Backpacks,5e97286d2b5d823576733ac40f73ff45e529158f0b82666acaca4438d99ae1a4,2,2,2,2,2,2,2,115,96
24324,Backpacks,7b40215e1073f6f6510fcfeb76aca74517ab4652186aa4f00f7f066da4406cb3,2,2,2,81,2,25,2,115,84
24325,Backpacks,ef698474dda85f6077119fc3df93e782c1dd08fa4086a42d95b15002dbcbcda2,2,2,2,2,2,2,2,115,121
24327,Backpacks,b979853f8232824c599f6d34760ac96c35836d6d6b4d1e19a18c10b49b64e049,2,2,2,2,2,2,2,115,108
24331,Track Pants,a4737d8e7eb14f40d56d2bda552ca30dd77f8d8233b9972d4e50c9be512fbc8c,109,14,14,46,109,62,109,115,120
24336,Tshirts,47d168d57e14f410ae3a2afe517f951d4d61163d43356a6721b67a681d716f15,115,115,115,115,115,115,115,115,38
24338,Tshirts,aec726c78ba8d94c2d422b55ca9f78255f061e9dd6d3ba7e97bbff3c5f28f238,115,115,115,88,115,88,115,115,49
24339,Tshirts,7c5c914b4815731c4f74613e0ec4c120ca53bcdec61fbf60e972a01c4a47ecce,115,115,115,115,115,115,115,115,115
24346,Tracksuits,c04c6ea0222ee2c4c35b149b9a93bed412d88cfa76c01be881700151b888732e,110,110,110,110,110,110,110,115,53
24356,Kurtas,bb2a366c20aa9c2a51e02c983625f97e0417fc6b9310f1b9d6a1d90ae7896696,53,53,53,53,53,53,53,115,16
24365,Kurtas,69e17d22698ed02cc911b6335f695b9c14c3533297e71893d5ac582e24a1b69e,53,53,53,53,53,53,53,115,121
24367,Kurtas,52c18efbaab94fc33467e900851dffdb3ec8e7edd9294dbd23ab8569e4a26efb,53,53,53,53,53,53,53,115,16
24368,Kurtas,0d4d522f5e18dca7b3639a121e18f37487c79ec81dd2f0ee0accee0695d60ea1,53,53,53,53,53,53,53,115,108
24369,Kurtas,e158b7cee88498e2e759465f7626cd52c85ae643bf38f6d4e49f2dd854035643,53,53,53,53,53,53,53,115,38
24371,Kurtas,11e5420e5881925d6087f8683f86c56f900ad8442c26250ffb43490dfc39ba3c,53,53,53,53,53,53,53,115,16
24378,Kurtas,1ef14d720b64c65d0f5fb6a1653ec9f798513fd71fc074f75889e23568820580,53,53,53,54,53,53,53,115,121
24379,Kurtas,b16d574160b7ba71e211b10caf66d1251ec86ce7594c02ccb0874f167766b1f1,53,53,53,53,53,53,53,115,121
24386,Kurtas,1aaa6e694b8cee44d6defd3411201165efa8a7be4329c1021d33fb118242bb3e,53,53,53,53,53,53,53,115,84
24388,Kurtas,23db95bebe0d79fb01a2e2d688951d1a967d168409be55d9ff2062e5e648de56,53,53,53,53,53,53,53,115,115
24392,Kurtas,94c5a644b4bd84f8312954e6bc6784e22574243d8a598f18ca92a09392a787c8,53,53,53,53,53,53,53,115,88
24394,Kurtas,71a4dc98bac918efedc708114f2d0d7cbd5afb0b23701860b587edb04801ea06,53,53,53,53,53,53,53,115,88
24400,Kurtas,f4042e399515692b9e9c57c79e0c579dfa54c7707984b5bfee2de7114a94766e,53,53,53,53,53,53,53,115,62
24403,Kurtas,77f41c06b3b13d7d2c3cb527fab83a9864c43be90d561a6ab94e1f7cf292e072,53,53,53,53,53,54,53,115,115
24409,Sports Shoes,3d13c9ffd4be5ab98bd50010581e944ca16e4a44446547915d58913bc1bbd079,96,96,96,96,96,96,96,115,56
24411,Sports Shoes,3a2202a9994ca39b910a487c68b722dcdbee22f656cf986afda491c497ac9380,96,16,16,96,16,16,16,115,91
24418,Sports Shoes,c246c0f67b33ac1fcc7be3040465fcc9f62bff7c9787ed2dcd5a761b7cebaadb,96,16,16,16,96,16,96,115,88
24427,Sports Shoes,efde459274dd681c3b80eeee57a3c90ed3a153d2055e4ae436da515fcfe4723e,96,96,96,96,96,96,96,115,88
24451,Casual Shoes,c6e040bb9db9c834deca54fe8c50ecf8981c46bd96d6505fe17a8569d4fc8787,16,16,16,16,16,16,16,115,94
24453,Sports Shoes,103a7cca7f33c1732b12c8ef6be74ac06b8399dc7e85b6135d17a73fcce5e1ca,96,96,96,96,96,96,96,115,30
24462,Flip Flops,adee0ba164c149b8f1fa68b644a96bfbabc4cb6e2f800f07e47ac3a369326ac8,31,31,31,31,31,31,31,115,16
24469,Flip Flops,2018c86efc6d6e8ec9dda00d1aecad87b19b38728d2f79dbf6f74b102abdc40e,31,31,31,31,31,31,31,115,115
24470,Flip Flops,17f7292f743072027a97e409c51b27648c85fb626ff75d7c2997e38db6d99fc5,31,31,31,31,31,31,31,115,115
24481,Sandals,7a1fabf378c59bce04a2c2f2a363b355d78a83784ba5c041c46ee0e3d2bc20ad,84,31,31,31,31,31,31,115,5
24500,Kurtas,4f50b16b65777749934dfe78665ce0c9324a7e5b2d50d6b6607af949941abfb1,53,53,53,53,53,54,53,115,121
24513,Kurtas,dc1175ec58295127761c6e65a1bdee39d1e8c43e9d6d3006b527ba2847a96257,53,53,53,53,53,53,53,115,84
24529,Shirts,0cb2e61911be8c2754cc31a2e6f01fb4ddba091a37e1b38412820ce4d0b67947,88,115,115,88,88,88,88,115,97
24531,Kurtas,198669f3a0535af6cbff834b417687f48c326950d4cc15bf506559e376b14f86,53,53,53,54,53,54,53,115,53
24533,Kurtas,a54f5a5d81eb09482e938fb05ca3131e73632913216d8399fb8a12b1de5a47a9,53,53,53,53,54,54,53,115,33
24539,Kurtis,f5b181fea81af218e75b5a9083c8441bc25d6734e369e48dd4440324f2dc80b6,54,53,53,116,116,108,116,115,84
24547,Tops,00d37a7b725d34f61a5a9ac31a36cad867e2bb0b14da7be7ca62c7b85ce1a716,108,108,108,54,108,108,108,115,88
24553,Tshirts,559820d132ec3e38218ddc3cee2634c0946c375c9dbb303c3f56fa7d2a3994db,115,115,115,115,115,115,115,115,2
24555,Tops,07d61c843819adb15bcaa54c89a341a572bd2090488c9952dd87bfb57402e425,108,101,101,108,108,108,108,115,115
24562,Shirts,61a1b64677ff04ff6c2dab5dfc1937114a24f451dd3f18f2fc3f935407fc655a,88,88,88,88,88,88,88,115,115
24583,Tshirts,adbceeb023813a00cdbd48fbf0a6021aa77131d2fab752bc61c9b369cb11482c,115,115,115,115,115,115,115,115,54
24592,Tshirts,490d41366d4cfac6fdf9a4b9605a5ff188101f66e45f0cd186e809fd8795b652,115,115,115,108,108,54,115,115,55
24613,Kurtas,9755bfb9493d6227397e13fa07e5078abdaca5e48133c58bb41fd86361a52443,53,53,53,53,53,53,53,115,53
24632,Flip Flops,cdf05ce9716093d8d792c4105953f01ee39f2ab1708d42b874e8fe11419ac836,31,31,31,31,31,31,31,115,85
24638,Sports Shoes,5f51c5f08f27682e6b553c6fdeef832df54e7c35ebae865db8f679c33678a5e9,96,96,96,96,96,96,96,115,88
24645,Cufflinks,fad58e3aea28b5db6d7bfe1262d820bcc4c06535193639a9ff45ec3f604906c1,22,22,22,22,22,22,22,115,115
24660,Socks,ad02a7845a48a57237fa00c9236c220234f592832f1dc9dadb3b99d06e430b49,94,94,94,111,94,111,94,115,99
24661,Socks,120a9f8f416a99aade4c005d549ae8d4cbb34920ced7555aa4509c2a6e9a4b6e,94,94,94,121,94,121,94,115,41
24662,Casual Shoes,eb2026c3b8e4a1f99a14474276a02a9ea303bc71ac745055e516c1974991d1fa,16,16,16,95,30,95,30,115,121
24676,Handbags,d617028dbcbbabc7cb6ca1bd0021f2780a16099af0010a8a5f191f27ff4834cb,38,38,38,2,38,38,38,115,115
24678,Belts,d1be541a224f5488bce0b69f95fe3c80691575e85802e178c605af03c71501a7,5,5,5,5,5,5,5,115,120
24686,Sandals,ddaab2a3a80abb44928338d7c20b3f9f5c3e9c94de8a38b3bf2212bdc7aca61f,84,84,84,16,84,95,84,115,115
24687,Sandals,feaa626b20e296c31cdfa1989feb189543d588448902ce72b92859122c0b8e52,84,84,84,84,84,84,84,115,16
24696,Sandals,f6f6b6fab44d0d776242c194ad581ee17c9cf449fd65b284b632c965286a95d3,84,84,84,84,84,95,84,115,41
24702,Casual Shoes,beda56cb4ccea93bcc510455a565ffd52273b4e39a0646fbf90b9e879a711e79,16,16,16,96,16,96,16,115,115
24706,Flip Flops,42998d47e76dc2c44fc897eec3f57c5676fbce262d403e05b1da1d2f2a30aa98,31,31,31,31,31,31,31,115,96
24708,Tshirts,221ca9eb957dd83be23d196a4470c2bf254b8de80b1cd6ced3090fec2a70ed14,115,115,115,115,115,115,115,115,41
24712,Casual Shoes,911366b42db106fa2f8bde441907fd3b5de77307b48a5d37a54ffebb1034d58e,16,16,16,96,16,96,16,115,31
24718,Casual Shoes,1e658adfc1e990a3de0bef42c4a7efa45d8c312473c76ea4ed840261d0bb9f68,16,33,33,33,16,33,16,115,5
24722,Sports Shoes,1f2142c6eeba39024d93cb8923364ae7789bfdff48ce98e5c923e0dd69c6c407,96,96,96,96,96,96,96,115,115
24724,Tshirts,9f99d9ce505ed7d59be325737d7de8a4b593cdd46dc1a3dcff952648d3441c5a,115,115,115,115,115,115,115,115,91
24725,Backpacks,cd2450ad53e92ab3eebb090e45295a3bb54c0bc3eaab5e789dd11f4aa887f469,2,2,2,111,2,111,2,115,88
24726,Casual Shoes,1386cb34404991d3841a1cc56e1e86ff965f617b8607d75560169b62d1a9e355,16,16,16,16,16,41,16,115,102
24729,Tshirts,d39fee9192bb0066150efc13070a3fd7d32aa029c8a40820211a599b0123a04d,115,54,54,54,108,54,108,115,94
24730,Tshirts,6ddacddcccab93b0685a049c19f5e9345282506588ca6beb13a9da87fdf49bd6,115,108,108,54,108,54,108,115,16
24735,Shirts,1d707ec5761e6e0861244346e4130b21f39c0c8d07c42f96f442f06540815312,88,54,54,88,88,88,88,115,28
24739,Handbags,41ae76de65ba8737a9a53343cd9c562ebff27507df35cdbf48c0524736ee1a55,38,38,38,38,38,38,38,115,16
24755,Jeans,91f64cffa3d32d6e5420449821a6d7bb9ea0b34356a586bd81ec8bb80864d5b6,46,46,46,46,46,46,46,115,50
24776,Sports Shoes,da490175076a8ef8b4f3a3ff111fd011139a01d96f5f68e0107ab7ac75e28680,96,96,96,96,96,96,96,115,30
24782,Belts,6cb2a45197b9eeba390c73ce23e3c430dd0298c93b56adf425db4f164f9e847e,5,5,5,5,5,5,5,115,16
24785,Belts,e7f14d66166ade52e04a71e2d5aaff9ba30b4933b69225f925307bf1c781f405,5,5,5,5,5,5,5,115,43
24786,Belts,ebd24fed4b39d7f7addf4b08b61c52969893421499a83a912b024e307cedff9f,5,5,5,5,5,5,5,115,25
24789,Handbags,6e3472513f61e73b957e9ea4ff015b59837257279de18682c198d62ec0a3e95e,38,38,38,38,38,38,38,115,16
24805,Sports Shoes,b5dc58d2aaff3ba1cfe44bbc885618e7e4e085bb73a4066135b6107f61647cf7,96,16,16,84,96,95,96,115,38
24809,Swimwear,083a80501602595a5357fb252b3ade1670ae17ba0ba0415f6d15ac5be0d410be,103,115,115,123,12,91,91,115,120
24817,Shirts,29424d31247aad2fb71ed7fb1ef03aa72ac637dbc65b0e022e889a8db7816ce2,88,88,88,88,88,88,88,115,91
24818,Tshirts,1583d5ab7dab1a7d8c8dfeda704e269826480729e29f08b80ffe91be9ddd8c30,115,113,113,88,115,45,115,115,88
24820,Casual Shoes,632821a18cd287b363158e8fb70e527c5623dff902338fff215083483caf6e4c,16,33,33,33,16,33,16,115,33
24833,Backpacks,f8c63213d9b3867d2eb7917253e7917e7ea397431c191cc61c89fd4059c048ad,2,2,2,2,2,2,2,115,91
24840,Shirts,838f177311a888fe565a818b7142348135d7f29129a0071cb0856c2efa4325e9,88,88,88,88,88,88,88,115,115
24846,Jackets,593b43dcfe8c30252260edeb676dbce1a79fde87adcdcf8d9436414e3452f3e2,45,88,88,45,88,88,88,115,43
24850,Belts,e75b268fb17851d7e4876431a6c9b0244bc4b44f633299b240af4310bb315b79,5,5,5,5,5,5,5,115,15
24875,Tops,d01ff390b63e7462a7a4c93ad10fff4b21c1cebfdd46388e0213e5da73068d04,108,115,115,116,108,108,108,115,16
24876,Dresses,48a28251938a9198560a91b52b025107867aa2514fb077d157962e13b924e348,25,25,25,49,25,49,25,115,115
24886,Tshirts,17cb5c1f697ea44cf00842e306babd24e52f105c22baa9260365263f95505c40,115,54,54,54,88,108,108,115,38
24907,Tshirts,218238b699506526b48a834076da17b8d1995b77a807530a7f4e6f2423fb275a,115,115,115,115,115,115,115,115,53
24924,Tops,e9a86916ade0e91e5f9a90f2da55b2617ceef957dbfd0f22ea184305c60aa7d0,108,108,108,108,108,108,108,115,16
24933,Tops,8cecd071d29af7bc97b8071d4a9a437d15021f411d427c535f5346c4df85dc41,108,108,108,108,108,54,108,115,115
24940,Tshirts,2cd5e08a902d5afdb053b1a74216535215f8ec72bffa39354546863cc96733cb,115,115,115,115,115,115,115,115,115
24944,Tops,30ef33e07bd89295ab7aaa69a3ba690554553912d11c4e8bddcb2dccfcbc9d3d,108,108,108,115,108,115,108,115,121
24952,Tshirts,126aa4d28e111a86c4a3533efcc6ca8adc49261c2ee0e964114235dc1e63850c,115,54,54,115,115,92,108,115,88
24954,Tshirts,9d260e22b8cecd0b0037b69d044642188669d8b1722b09ee4f5b1d6bba65a77b,115,108,108,108,108,108,108,115,38
24974,Tshirts,e6851c8e0d24c0d667084eada3cb33c3490902bca373d5e7fb24abe6084c0905,115,54,54,54,54,54,54,115,94
24995,Jeans,6cc41834e483144024b725778ecc455323ab93d8f12c116115b4c91bd6cad62e,46,91,91,91,91,35,91,115,0
25022,Caps,24e277f9112563286933dab8f3bbfe0c484e0bc913b7ccecd55dc6c19f3aec03,15,15,15,15,15,15,15,115,33
25033,Track Pants,2fc82dc173cdf08cef25a835deb92fa4b16fc2725741a3c421b25f660cc1d696,109,109,109,109,109,109,109,115,46
25036,Leggings,9862ed45a41a747ace5146d377165174452b168c972ad8b09d29bcc7d7b9eeb7,56,109,109,109,109,109,56,115,38
25045,Accessory Gift Set,e0bd84540dd4ad0a25557d8ca0db445579d7906e0a01e8962f3f30d558d4d2a0,0,0,0,0,0,0,0,115,78
25059,Accessory Gift Set,dec88eac3f0c56f43a38fa09d4c49207d6da7435f0a27e6e9b4dcc28e9dd37c6,0,0,0,0,0,0,0,115,25
25066,Accessory Gift Set,e72d2ca1eba6c6a5c1a6d5d70b5661c807fc2e4202db7df6c0879148bccc90ad,0,0,0,0,0,0,0,115,12
25070,Accessory Gift Set,74fdc28c4b7339f9d18cdcaf15c06b2627811329417eb7583b555c4c0dfe2ca0,0,0,0,0,0,0,0,115,12
25073,Accessory Gift Set,6ee81d0f7148086d0ef5fbc430f31dc45b3bac6bc81789bcfeb002b60c8d68e7,0,0,0,0,0,0,0,115,5
25075,Accessory Gift Set,11134730322138a254d9849d3b359f4e51de5b01b1eef1c169f035ab06b1c7b3,0,0,0,0,0,0,0,115,5
25082,Accessory Gift Set,8ef2bee2681aae37dea1522e8834531c5178850f821e54c123b3081a9940ef29,0,0,0,0,0,0,0,115,99
25083,Accessory Gift Set,718008b15d0d44793e6b25fa6649401a59ad9f0232ee8fae4f2b9b8113d78602,0,0,0,0,0,0,0,115,115
25090,Wallets,6f685e42cffb913d9ec79c2d0db1608387909cc1e52ac6f23e1ae423c42e301f,120,120,120,120,120,120,120,115,113
25098,Wallets,d597ea276a3b73da92971bea6adecad6036860d889e50452ee2278e3e1a77039,120,120,120,120,120,120,120,115,115
25101,Belts,43012b53d19819ffb42d1ba75ae9f8330339a915b8d6dea6e6c779a28391464d,5,5,5,5,5,90,5,115,15
25105,Belts,e9f983bdfbff79c383022a92dde4f3039a1303422f04e7a2f2e2e9b4b5b11c2b,5,5,5,5,5,5,5,115,16
25107,Belts,0f6c91399eef7316c5f4cfdf869b82f99461091538915f97282dd4a9d3b91502,5,5,5,5,3,89,3,115,16
25109,Belts,fc9fa1689223cca3fb0bbbec0422b8d60f1b92588bbcde2c9c285e1108ad1034,5,5,5,5,5,5,5,115,102
25111,Belts,6a3a92934ccf6e694ecc46e438ec437612c1800521b377248eea242b5a23ae62,5,5,5,5,5,5,5,115,19
25140,Clutches,d70ee5a1b73d88c47e03bcdffa45b33387c6f96151fbdc6b60deffa494d9109a,19,19,19,19,19,19,19,115,0
25141,Clutches,8a43af0b44ae723d316ca5a9e3dfb733917c026e352687b0701b1b7378845463,19,19,19,19,19,19,19,115,41
25145,Handbags,02cecbfd1eeacc6bb104590e05bb41969a61639d5d227dec2901bc3fcfff54b0,38,38,38,38,38,38,38,115,88
25150,Handbags,db9308562b7459401bc9b26e1edf15ec32ecbaea277981f55926ae4f0465fa6a,38,38,38,38,38,38,38,115,5
25153,Handbags,c9c7bc0d369f4e35338b3f496269b407c14f260bcf96d496b1fc1efdc102cc86,38,38,38,26,38,26,38,115,49
25176,Handbags,9c622337c5f5eb6b8fd4204d634de95fd4ab24f178463a40d13a515ec10af51e,38,38,38,38,38,38,38,115,85
25180,Handbags,47cb4cc9e4148e803780fabd9c3dba0c49939ac792a183057f4831dad6c12b6d,38,38,38,38,38,38,38,115,41
25181,Handbags,11a95a5a5a92627e1ebb3b342a50aaad679a1f3ee51936811a99a868856c6839,38,38,38,38,38,38,38,115,12
25194,Handbags,64fe5973a9d2beb406d468fcf1102a06b3f507d5301ac80a0d86468916782ff3,38,38,38,38,38,38,38,115,115
25198,Handbags,166bc10f2e226755c008386995956e49ff0056bacbfe082d65d7a4771949f93d,38,38,38,38,38,38,38,115,25
25202,Handbags,6117570221d4414ece89d4d734f81e6da78da4595128b717a957f32ee4f9c8a3,38,38,38,38,38,38,38,115,88
25204,Handbags,afae38b2486b90de381c6043cb515630011e896a92e600ad3fc569fa9aec3e92,38,38,38,38,38,38,38,115,115
25210,Handbags,15bbc157538670fe3c02764ea72dffad8a3cfecfe2bccf24de3de0b5d7a9833c,38,38,38,38,38,38,38,115,2
25215,Handbags,c9b11d8f2c1fc8a0573711bc2df92b3a719f69dc8caee1a64db27410118c52e6,38,38,38,38,38,38,38,115,53
25220,Handbags,47341667911b565908974578f14dea53a7a7b05a77c57ff1d010229960430ea8,38,38,38,38,38,38,38,115,53
25227,Handbags,387724fbfed4e12eba42241b5f338835a624406848502aeb31b641496d774aa0,38,38,38,38,38,38,38,115,99
25231,Handbags,cb761aa5381b617131a008ab7ad29415ae23c25a364879eefa26c89f27bba326,38,38,38,38,38,38,38,115,96
25237,Handbags,b3f86f0c3ebfc4c4c1cac5a4b78e408c7eb3589fe992eba08a50654f13d0e96b,38,38,38,38,38,38,38,115,121
25251,Handbags,27ce16fa8a8cc277bb04784bb2ba13d90f2f9020baade7f85f43d54d5940f903,38,38,38,38,38,38,38,115,115
25256,Backpacks,d0c93c0038d646a874703353c29f9994e198dadb83ad2c59d6031516dd2e3c9d,2,2,2,2,2,2,2,115,2
25263,Handbags,360d1646fb62950fa9e959d120d74931b38e1fa802e67cad4648c43e09a3b8c9,38,38,38,26,38,38,38,115,53
25266,Handbags,ea5def963650bfcd970037881183e124d6a0b8ade643691392772100ed084b2d,38,38,38,65,38,65,38,115,16
25277,Handbags,96bff13bc5a36c8c1902da5549ffeb4751cf514df1aa9c5fb15f44e11e24e409,38,38,38,38,38,26,38,115,115
25289,Handbags,8693e947d00296ab61f8d5d5b5e39a123dcad84b6cce5a33742a36b91943ba4e,38,55,55,55,55,55,38,115,84
25291,Handbags,c4c6b8765605c4541b0393922afdb9799eeb4c46926da6dcddd06dace5b0e555,38,38,38,26,38,26,38,115,115
25296,Handbags,916ae76f4f41d0ee3227ef70744af42e13a8e0a2e44606e4f23f010d2022e2ad,38,38,38,26,38,26,38,115,115
25297,Handbags,13cec59d561d00efa50d6a82acfa37b79b24ac3731defb2d7f00d190e06505c7,38,38,38,26,38,26,38,115,121
25298,Handbags,0abf12905e53dee4f2d443badd5b7ab2c8eb365090af1256473122f397b9b0db,38,66,66,66,66,66,66,115,31
25301,Wallets,b342a14de3d11ec85bf9eb2ddcbbd95a63f2e6f35354673c797b2ce7b690d90c,120,120,120,51,120,51,120,115,88
25314,Watches,e2782491a119efab7329e78372a86782a09b112520e3cac5ddf53dfffdf1eac0,121,121,121,121,121,121,121,115,108
25320,Watches,a7248ca4c63848fedee0c3ad5665727e3462ca8598930ca63f106f7bccc95a37,121,121,121,121,121,121,121,115,115
25333,Watches,86c0d8e61dc46735e8dd355e2f2564b43627e72cfcf2acfe57a8d1f2e5cec025,121,121,121,121,121,121,121,115,16
25342,Briefs,d1138210c24eed886ce1632f96cc1540efd45c3a336e0649c744500c6cc33956,12,12,12,12,12,12,12,115,5
25348,Briefs,66326c1d22496c2138f4c9ed95d568cf90ee051cc6672171e2dc75980ff7a9e7,12,12,12,12,12,12,12,115,16
25355,Briefs,36485958e4fd7172a375c8abb4bce1b13f501be671a2fa41903ad33879ce8a37,12,12,12,12,12,12,12,115,16
25356,Briefs,c7c6ccad54f02887d7737624f1c761dec0e1c7861c41eb50de1172942180b432,12,12,12,12,12,12,12,115,120
25364,Trunk,27336c130113637b94ce9b50bbdaaa86aac8875e3c8817d122fb822f72aeea11,114,114,114,5,114,5,114,115,16
25368,Innerwear Vests,3c8d8299b599a662f349bf92d6ebaafa079113b8234b2d8a26a57e76325ef868,43,43,43,115,43,115,43,115,115
25372,Innerwear Vests,161588784f717c418a0ac91e46d17c3fd7ac11554077d376a7295ea624ee6abd,43,43,43,43,43,43,43,115,33
25382,Innerwear Vests,948237567b288d9457ea61c49f2b021fcda41f91b1f44bf02c6e7e25451e9337,43,43,43,43,43,43,43,115,46
25383,Innerwear Vests,1211802741661f28086a0b48e1fd98e0c608270c78c67d1c9fb92b1535199ff5,43,43,43,43,43,43,43,115,53
25389,Briefs,a0b1f16353a6095b04ab24a4f2a0c8c0d63dfc2cea066339f50efb984d2f4f79,12,12,12,12,12,12,12,115,88
25391,Innerwear Vests,c8c77565ae5ca727b3c294f75d76638b309fa22b660b85a462f99fb9fa19e248,43,43,43,115,115,115,43,115,99
25410,Sports Shoes,ff96bc2ebc3d8c606716d857ae8c2caf7b6b5785b4bbc5a3df54c5faff5decda,96,96,96,96,96,96,96,115,96
25412,Sports Shoes,37d9de7869050d74209d04204d7c5cd7f6f3476e2eaa29f3b3ae328fdaccdad0,96,96,96,96,96,96,96,115,2
25416,Sports Shoes,86d907772043db05556ff32062a733b57e8a50ae7095f9a1d14b172b984bb061,96,16,16,16,96,95,16,115,121
25424,Casual Shoes,2bc8efa296509928b92e9d80be1eca9e5cc5e4f28cfecca6dc394104cd0af745,16,16,16,96,16,96,96,115,33
25427,Messenger Bag,6d65c7e6e3d6075444e664143b12887129eda4c5ed5ec2aa19c98a9c88363f23,65,65,65,55,38,55,38,115,53
25434,Socks,cce06847cf47c21af2bd0c63d2062ab865f08d096385dab1d52dc19005317fd5,94,94,94,94,94,94,94,115,16
25447,Casual Shoes,0f2348aa78f3419b32827baa72861ed718d6671ff92a930e193060e5f20ede1c,16,16,16,96,16,96,16,115,16
25453,Casual Shoes,c287f62b8c9419363504dd620c62b48c3131af746cb899c5cd3ae09e19358d49,16,96,96,96,96,96,96,115,99
25454,Flip Flops,08610673fc161c54e3a52e20d559553fc6e273dd0f5c923c118274a1bd3d8b46,31,31,31,84,84,31,84,115,38
25472,Casual Shoes,76dccd6eec591ce1b71376d40a539303b3ec6127652f38199b08ce630adf4252,16,16,16,96,16,96,16,115,99
25473,Casual Shoes,31fc8d465581266539312f16bdc039ad51d58e3c91bab88c116b9855eefb1d6a,16,16,16,96,16,96,16,115,31
25475,Casual Shoes,2470fbde058593cc6ec69e6d550f19e7248809791bc6528321b401c13749a7e0,16,16,16,96,16,96,16,115,88
25478,Sports Shoes,a1addd65760b840019e93c3d95754e59e5a0a8951dbcacd81d461861be0018b1,96,96,96,96,96,96,96,115,121
25481,Flip Flops,1c19d5a6fb8b6c115170f03a495699f12727a3abe00858b3d2ad0bbcbfc27b4a,31,31,31,31,31,31,31,115,19
25483,Flip Flops,b8ee051facaece5e219e510a4f40083d4c8f8f1cdc3554848a658a809c23be45,31,31,31,31,31,31,31,115,96
25487,Sports Shoes,15f20c6d0d1b02bd030a25ab4131e9d0bf53f5c95d06a3b99c4fb45f97c88d87,96,96,96,96,96,96,96,115,109
25488,Casual Shoes,59b92d6eef03a7345f5bfe6c7621455c067f0efa58245a04eebc3237219c9d27,16,16,16,96,16,96,16,115,74
25490,Casual Shoes,18a52ff712d802ab7e8fe321fa0125ea98d6061809b49075eac1da80d1d38e65,16,16,16,96,16,96,16,115,46
25494,Flip Flops,1ed2fe72b315e6bbf5d71b687d4ceeddafad37ca94bc012cc77c5bd4509e3940,31,31,31,31,31,31,31,115,45
25498,Flip Flops,6c8bceb2225be7b64eb6d3f790014267d608eb3bfe7ff096e98c0fe50bcbb760,31,31,31,31,31,31,31,115,88
25525,Tops,73f713c507fc549a904d3f5f950a355048e3b639bd93de563504e685f2b212e2,108,98,98,54,88,88,88,115,88
25531,Shirts,4d70130f0d3fe49ed2c77f60425690ead2903046ebf3eeeeb678a02fcbeefba1,88,88,88,88,88,88,88,115,88
25537,Shirts,41c3331f6ab488d99e1865e9bc5829c12f83eec2d8e14b712f746d3856e23b70,88,88,88,88,88,88,88,115,12
25538,Shirts,93c199b326a6b1f33b59c4295bfca8690071dbd950831893cb83f7413219b2c1,88,88,88,88,88,88,88,115,108
25544,Tshirts,73695f54e4e490b447cb12f95a636922a718b40644becbe72221d9cca9e0bcb8,115,119,119,108,108,108,108,115,16
25549,Tshirts,c3a06d87428641d984b934b641b2af4768a00979d5fc455f3b52ef32f8dd0712,115,115,115,101,115,101,115,115,120
25566,Sports Shoes,18194a605a60d6ec568ae08fe32b173ad864dc2400f25c2874a2451a0a37d821,96,96,96,96,96,96,96,115,115
25582,Sports Shoes,3252a0dfc26f0627e0f899849e2250b0626bf796a6c6a0bb5a34400dfc3a5934,96,96,96,96,96,96,96,115,115
25584,Sports Shoes,334c36c64b651a6b9190f5c6e36b2291d0d54507a5de2262ae1d1883c69f44dc,96,96,96,96,96,96,96,115,101
25594,Kurta Sets,7d2cf1ca17ba00822b043aa36e7565f7bdc20c5bc7265bac0fcbd728f6e95a3a,52,52,52,52,52,52,52,115,12
25599,Kurta Sets,e067290ce9c39cc04683c2e8468e3448a63d2c678cc24f60a8548b8704bb4c25,52,52,52,52,52,52,52,115,16
25601,Kurta Sets,fbea56023bf60e95d7f2c898944292ac2a5db0836c3f061a7091d9144a793abf,52,52,52,52,52,52,52,115,121
25606,Watches,91a35c6c885f910d1082247a5a6f20dd939d163f52e0e2ae9cc5188cdd3e3c26,121,121,121,121,121,121,121,115,33
25617,Watches,177acb1b4150ee6a3b442b49c59c8bcaea66a73e2dd93439aae0ed0d6a6a09c7,121,121,121,121,121,121,121,115,115
25620,Watches,eaf34f1bdf4f395af30e4413582b6376b2d36d52d7b8cae826de52574304ab8a,121,121,121,121,121,121,121,115,108
25625,Watches,2737fc6a29f25b03dcf46eac6e7e2489633424262c6f3cb63f8681b48b7ab400,121,121,121,121,121,36,121,115,101
25626,Watches,31d4d44200c477cd53e8736ee5566d6e2952a4ff260806f9f046fcbf99dd4670,121,121,121,121,121,121,121,115,96
25631,Watches,8b9cd1282f29e81eaf9b3ba0706ca0b27875041a20c50ecb1ea5dac40dbce525,121,121,121,121,121,121,121,115,115
25635,Watches,9cba6ea3ca92c9f1e1cdbf2428f7f9c5625f655b85e8f4f40e091f6523c488dd,121,121,121,121,121,121,121,115,46
25654,Watches,04c339efbdd78a80784ef04ac79b125841115e8b9c9a9483f47237a4a13a5719,121,121,121,121,121,36,121,115,96
25656,Watches,7c78da9b6e8b1c027b6adb7ab7fc0818e32ff8c109389e7901b58aa420ab6b2e,121,121,121,121,121,121,121,115,84
25667,Watches,fb9b7d7c128576f7660ee02b43ee73b6988062c22ee894913bb5d4fe33a757f4,121,121,121,121,121,121,121,115,71
25669,Watches,f36025b7c35c9ed2d929b501077576b6b4e8684098ce751b54e8fa66e6af5837,121,121,121,121,121,121,121,115,88
25672,Watches,84bdd34670e55be9c5caf0a7781b209c18d514254a607873f10cb5fb89559158,121,121,121,121,121,121,121,115,96
25677,Watches,cc284e2442343fac069194e9d226466657fdbd68eb7437125b256ea79ff9bbde,121,121,121,94,121,67,121,115,113
25678,Watches,3c73a5564cf524ce6744228c66d1ebd1899bad4141ae46896547ce16d0d79f57,121,121,121,67,121,67,121,115,41
25682,Watches,ad96f963e4b176a828a29d4bfa0c63c6a8404797300d0c0e48f400d5341f2f3c,121,121,121,121,121,121,121,115,88
25693,Kurtis,f24e60495e526057f95ca48007789e568692b72bce21c2273a55c7200e3b66e1,54,53,53,53,54,54,53,115,38
25697,Kurtis,cad7375ca0f158f7a4c78930a50f58b8818cf99121270ce6570018d0e5afc750,54,53,53,53,53,53,53,115,99
25707,Handbags,445ea803495fb85b75774a6bc3fe34c9de461d0fb5e4899d943a35b1a15d132c,38,19,19,26,38,26,38,115,115
25708,Caps,71951dc641a1888b0bc62f5d8e98d620f4f94ed4bcdd06ca995c4bc4332f63e3,15,15,15,15,15,15,15,115,115
25712,Caps,0b4ea4237080153ce93139bce84a2f6216faf1132fff89a40ea64f2d66867463,15,15,15,15,15,15,15,115,115
25717,Handbags,113338f2457dbb619844256fa3e7861214e8c5a727e6333f71bdb1f0daf796de,38,65,65,65,65,65,65,115,19
25722,Belts,265c2fe99984375fa188ea99602a1c3db1fc2d56ee8b1f1ee556f77d5edcc542,5,5,5,5,5,5,5,115,108
25727,Belts,89463fcded8d878eead3191651b117928025748ebe8b8f7cc6ac37610facc953,5,5,5,5,5,5,5,115,16
25729,Belts,682bf2ffeb7e68f6ed264eb9064cbebe592fae6e4c821c2cfbeae4c39d5a726c,5,5,5,5,5,5,5,115,115
25736,Wallets,473f38e88247ca84f06080e9823581af83ea0953bb487c1ad8b7fc89617e8576,120,120,120,120,120,120,120,115,88
25759,Suspenders,664d8c7ccd6b4232df7d9de9779c277b53f53197c008e2b1050b55b24608971e,100,100,100,100,100,100,100,115,94
25760,Suspenders,88e44882826c68d27cc5bc74fff813c0fb2decdfa9e2c9e52a4feee72568a3b4,100,100,100,100,100,100,100,115,115
25779,Suspenders,38828b4c2f8e0097f1b61fe02eaede60c217685ead5c3d6adb7f4624036b08db,100,100,100,100,100,100,100,115,120
25787,Suspenders,030bbc87c2788031226e1b2a4132fd1f773d179ab0c505455564e0802e40b88a,100,100,100,100,100,100,100,115,88
25789,Suspenders,e89fd45b0099f3989f416b40f72e2c6fd9c371a1018f935324df52cf79ced232,100,100,100,100,100,100,100,115,2
25792,Suspenders,1f856b36edc077683b9fff1476c9918414612bddf93e4d5ba9976471868918e2,100,100,100,100,100,100,100,115,99
25793,Suspenders,a1a0a3cf4e8f5c16c2d608f88b43756cc902e855324641d2d5c32b354e4de55b,100,100,100,100,100,100,100,115,109
25796,Suspenders,c35b12cfd97e266432b445d2345233e5ef3594feed4b591d5f957ca79f03779b,100,100,100,100,100,100,100,115,12
25820,Kurtas,b5ed96f0d7f054562aeccf25b160f494a3e7b225f02b6daac9952ebefc4238a0,53,53,53,53,53,53,53,115,121
25830,Kurtas,377c4e13e98c43f58d29c21c93a0cae06a95a90c449cd98da299f6db9074485d,53,53,53,53,53,53,53,115,16
25836,Kurtas,2ec82f4a5bcfb59dd962048405890c1cc8dc9a4f9f0c281a8704b1e3d3ee616d,53,53,53,53,53,116,53,115,22
25840,Kurtas,9bbd3efe0b43bc58e2891a4fc88874abcf92ae6956596117e3214534394c7dca,53,53,53,53,53,85,53,115,88
25843,Kurtas,df0cef249c6b2140492d155ae82f37aeec2e2b688b0514faaf2d8b3169893d31,53,27,27,53,54,53,54,115,96
25845,Kurtas,dc56b14804649f69f5b954c68b1d07fdadbfecbb09a96b6710c8e7daaddf5d92,53,88,88,53,53,53,53,115,115
25853,Kurtas,9a047a0b696fd9ba5e2cfd57cf875b9215d8aea78db018d637c93851acdd8c74,53,25,25,53,54,25,54,115,84
25861,Laptop Bag,98a69a068fa80a5c1d52fe35c9b6f62117e89c98aaa2476accb2f56c46c4c27a,55,55,55,55,55,55,55,115,41
25875,Backpacks,ae9367eb39757c521626133db9f19ea56fccf9d8bc65b5d5bf37683da262c4d7,2,2,2,2,2,2,2,115,41
25876,Backpacks,9070aa9ec441261ab67f36e2fc1e43d7a43c9b436e0aeb4f33c3d19571e942cf,2,2,2,2,2,2,2,115,96
25877,Backpacks,33ee184c5395bd3cdf3e4f9ac91837cf976454629e0204384b30abac39cbb366,2,2,2,2,2,2,2,115,101
25886,Backpacks,8e6300680a8164e7d8b4793fca805bb4d81df6f842f53ae33812840b272fada8,2,2,2,2,2,2,2,115,99
25887,Backpacks,68ebced599887004808329eee3be89178d7b8b25f0b853f4c75db5b71d5bd01f,2,2,2,2,2,2,2,115,120
25894,Tops,4fd617c4096a3bf37408139532a776ded389bc069eb8cffff9db40f17a297603,108,102,102,43,108,43,108,115,75
25905,Leggings,e12802e400233650b38df87b6d4c7cab82ee0ac9e2af989874dc5efcff12b5ea,56,56,56,56,56,56,56,115,2
25906,Leggings,28a0f167e660b2c703fa4ef1356dda25b60211ff7dd197b782a59867485ca246,56,56,56,107,56,56,56,115,84
25907,Dresses,0ee6d533ba9e730a0536b2f47d320fde0bb8704e22e23bb87c121e7d50995d14,25,53,53,25,25,72,25,115,33
25908,Dresses,ad6bcb5b15805bab3310fb02f4cf2e8299927250319befa1b139699b85ac9dc9,25,53,53,72,25,72,25,115,115
25923,Tshirts,5b3a77f5b362990e3960bf573f6cdb1b81c9b9dd43f5a730a3b4a53635fee1eb,115,65,65,92,108,92,108,115,33
25927,Tshirts,27f09ce06240c7c280c198af9bdc243d6dc6d53f492e6bdb854adf68894c6693,115,65,65,92,108,92,108,115,88
25942,Scarves,a83f10453070359d33ffb98e1366fa53f4953dbd124dd11229a2fe8a7555644a,86,86,86,86,86,86,86,115,28
25947,Scarves,20ff458ec30dfd8dbc0db93548d51435155098dedb424415969da4092c34e707,86,86,86,86,86,86,86,115,96
25949,Scarves,83c1f98d5a89671ab3542ae0a8d282208de44d9fa886d721b420f8ca93c6cbb0,86,86,86,67,86,67,86,115,120
25952,Scarves,091a602fda48c1ff268e9a1cefd74b509d5884ed59cca1529257ca5247acbde0,86,86,86,86,86,86,86,115,115
25957,Scarves,a25a5bba3cf1bf1298be80280042c9ecb16b30df99b050d0fb36273dbc469356,86,67,67,67,67,67,67,115,43
25966,Dresses,3af2a51a10a9d10f4096c6ec37bebb505cbe46419c5c4dbbd882ad88d09a95e0,25,25,25,85,25,85,25,115,88
25978,Perfume and Body Mist,3ee07ff3c9c00232f18b979c723f9105c7b71daccf1b6ab887a615a453860ec2,75,75,75,122,75,75,75,115,113
26001,Perfume and Body Mist,7607602ebc932fc99c114cdbcd08cfce2aeec65a082cb458e566c5ea2cd7490a,75,24,24,24,75,24,75,115,41
26003,Perfume and Body Mist,a10e8cfbc0dfc8b320c640037b19c1dec4ec6d3de2a2f26dea7715de11a0fb5e,75,24,24,24,24,60,75,115,114
26010,Perfume and Body Mist,1ba3edb6dfd73e40c843d88bfddf3d8dd9ef68c6559027d8a1165b0deca700af,75,75,75,94,75,51,75,115,121
26014,Perfume and Body Mist,aff8d1549ca054c6f51219c7990dea268cb1f2b1485dbaf63d0728b54b68bfa7,75,96,96,35,94,35,75,115,115
26025,Deodorant,1c53d2821e860f262623d3e5b1d6ae91929bf60da2b1df130ccba33059d75e5e,24,24,24,24,24,24,24,115,96
26040,Shirts,e4af41242585dff8fc0db3f44f15c10c9ce3f204c7fb255e2201a2c2a482e921,88,88,88,102,88,102,88,115,115
26054,Shirts,628343bc8d4e9aeffe63b7a6e65a0837993d013695ea6759d27d3aba4a876b4a,88,88,88,102,88,102,88,115,96
26058,Shirts,876572bbceafbddeb33286bc3117a877c09d41d0af3cfc98f617316789dac427,88,88,88,88,88,88,88,115,88
26063,Shirts,594a564155aaf4e42ede4e409cb52698402078f8c0ffd6ce9c031c8781f15920,88,88,88,88,88,88,88,115,94
26066,Shirts,b5161002491517fe338ad84e738ea3b41d2377c539b74dbb81d9c48387bfd678,88,88,88,88,88,102,88,115,16
26077,Shirts,78cd70a44ee3758fba5465dcda6d3e706893221fc14d1d334d0485691c305412,88,88,88,88,88,88,88,115,16
26084,Shirts,c3798d9aa4931381f33181ba1684d6ecf2a016fc4bd5656a0855b7ce71a13c57,88,88,88,88,88,88,88,115,27
26087,Shirts,1d03edafe2cac27391891f63ea01cb9475a1eb6cefc668349b5f10d8cf46b913,88,88,88,88,88,88,88,115,69
26088,Shirts,9554874403af137f6739bfa76de3b3cd0adc3e18a8468265ce53991efb24679e,88,88,88,88,88,88,88,115,121
26101,Shirts,a80ada5872dae7dc962305e9ce357168f34cdf8a340f07d2df6beb2dfd4b3d7d,88,88,88,88,88,88,88,115,2
26103,Shirts,4870bb71170331f57d7c49cb4149fd33dab6c4e2c401dc58a4b3f44d6f165b52,88,88,88,88,88,88,88,115,108
26115,Shirts,5fec16118fbb6e5f24f87bdfb62d901e2b4f44e2cbfa9216358b70e5d993cbff,88,88,88,102,88,102,88,115,33
26125,Shirts,935b68659a0f0c2de9fb87cbd4ea17cd5ee1ffc55ae9a0dda46258d85db16137,88,88,88,88,88,88,88,115,12
26128,Shirts,727305ea101f28b45c1ad8c76b205d07ddc301d950cbab50c084d35a5d75c8de,88,88,88,88,88,88,88,115,115
26132,Trousers,a38c7b37860a10f752ac650b8734cde4817a942ea57e097a6fdb58eaef97956d,113,113,113,113,113,113,113,115,115
26136,Trousers,1f9a5fa57fdf32bf41fc7a2eda6c68d48805e08bd7d691e9fb24d3efa08091ba,113,113,113,113,113,113,113,115,94
26140,Trousers,abb3941847edf016d3a594ba7b56d237573462248db6c175d81d56b689ad5cf7,113,113,113,113,113,113,113,115,53
26141,Trousers,13c1d17a377cf2ed3c894cfa13cf6a7f89f647c830f043bc92008c42c617187f,113,113,113,113,113,113,113,115,96
26143,Trousers,c43b49908d1a4eba460214994c2fea78df200d414ee8bde948fe0f56595d67fb,113,113,113,113,113,113,113,115,99
26144,Trousers,7ed1f0a8dc06b59bed40b607ba7cdbda31048b3f873ca3df77160643bd95b6f5,113,113,113,113,113,113,113,115,121
26150,Trousers,4fba363ced06036ddc32f3b1b656e2a14f1cdd225a5c1ef7322a9a1e3f1c8470,113,113,113,113,113,113,113,115,88
26157,Trousers,3e6289e888e886ea1c810a3ad329681bd11cedc01a18b44a6c2edfb8d673b7e2,113,113,113,113,113,113,113,115,88
26166,Trousers,a61bb539982a39217915227232a679f3b05fc600e66c939cc5a110108f643196,113,113,113,113,113,113,113,115,2
26172,Flats,7a5d9ab4ef5a86c436cbaf3277bde35f1056830ff66917f6725969ad5cd2937b,30,41,41,30,30,30,41,115,16
26178,Heels,b2077114f9156b611be4e3a9dc0f96a76c78d5c6b2e46706fa6dffca213487d9,41,41,41,41,41,41,30,115,84
26180,Sandals,b4c9d3a378862d991e3f675e7d6ca9892503de7257cf8fe82aac511c227ac97a,84,41,41,41,41,41,41,115,16
26181,Flats,a2b2a94ad0b63d73466c030856912a8aa688eb772f81914b9195feeb4dcc45a0,30,41,41,30,30,41,30,115,27
26196,Perfume and Body Mist,0b803b9bb134e216c0ef6755692c7a4a22308798a3df99e8e9e7f44c875b4a16,75,75,75,24,24,24,75,115,16
26206,Perfume and Body Mist,525782bbf00473863e3cbbc0158a4223b0ea40958c6c98684b3d33e77bbc1599,75,75,75,75,75,75,75,115,120
26209,Perfume and Body Mist,f050853c8ccea34cf8823d89722e4681a9e22da66f5de469db0e1fc65c28ed33,75,75,75,24,75,75,75,115,115
26210,Perfume and Body Mist,3eab92f864980669ea9e35697f35fc4de95f44abb2bcd6fbd28fa432480ba584,75,24,24,24,75,24,75,115,24
26212,Perfume and Body Mist,b09230c47374e69956fc1119d6bcb661910f5829260867361dc6ca65081db0ab,75,24,24,24,75,24,75,115,115
26224,Wallets,dee21cffb97682af3765ddad1162fe6ae4402489d4344555422e2d80e7d3654e,120,120,120,120,120,120,120,115,38
26227,Tshirts,43d5f0399036a9d10c4ae01bccf3d15d184c78bf7f01b2950ab3bdfd916afd56,115,115,115,88,115,88,115,115,102
26231,Tshirts,f6c551483d8ee14630631711661e03d42523277843a63d94212794ea6acd8558,115,115,115,115,115,115,115,115,115
26240,Shorts,de37cff762fa5196a713a5e455333f168f261f1c1316ce14bce7d56040407a13,91,91,91,91,91,9,91,115,115
26255,Track Pants,6898651b6f7b2e787a34804d5776a0442be0262ae1730c65c32a89228ecdf981,109,113,113,113,109,46,109,115,94
26261,Tshirts,9910cc3734a243f73d104e97eefbec1b06d10840d37a9ac2189e626e06d1e03c,115,43,43,88,115,43,115,115,41
26269,Tshirts,3f8b4c0e52e1735761fa6599f8ac1732740cc3f300aa3c43d28bccf4fe780de7,115,115,115,115,115,115,115,115,16
26273,Tshirts,145ce7ebbbeb061ff2269697eb4f6bc8869fbb641cd364c9166b4e7f7bbe8a47,115,115,115,88,88,115,115,115,5
26275,Tshirts,620afa1cc7c48becf091fff00e75d6829d970860f9fd1aadcc944ccb4ff2ab1c,115,43,43,88,88,88,115,115,41
26279,Tshirts,e3b8be475dd28fea4773aa466d519addfaa18ced31fa0cae4a6b2965b71026ac,115,115,115,88,115,115,115,115,53
26286,Tshirts,66d138500fcf4eec306ffc1bd0fde28b9814675edf45913d8129bc065b27114c,115,115,115,115,115,115,115,115,24
26287,Tshirts,9d88fdc65e9e752c12d437ac1a39f76b1d4f21087a9a16bf396341a3c0966925,115,115,115,115,115,115,115,115,71
26294,Tshirts,72b973893908354928bec1f24e5dcd27fe5235d6c3607ea7d753f10ba0d24a0e,115,88,88,115,115,115,115,115,88
26297,Tshirts,ed20c9f4978c5a36a8e67372a0d930885b1bba941e6f7ed1a895c8a260a588fc,115,115,115,88,88,88,115,115,121
26311,Shorts,70944db95380341e615b121418c9f0b84a352aa3edb0f7dd3a7635b0243f1e80,91,91,91,91,9,9,91,115,99
26312,Shorts,65288326189f3f653415dbb36e8d1a149f497deff427197fdac1fb52c8f78c20,91,91,91,91,91,9,91,115,5
26317,Track Pants,fdc8205fe397f2ecdc774d3f8ced8ac2c66343afea69d7ee9788e8a20d10a4c6,109,109,109,113,109,109,109,115,115
26328,Watches,f481ec7be5b0b0e4f831e27f936caa0236f2b7a5ccc280b8ecafc43cdf872e0c,121,121,121,121,121,121,121,115,115
26329,Watches,2440d45842ff81d7f9c4a70ecd2ffc642697e2621041768b24d0a235bdbe05e0,121,121,121,121,121,121,121,115,96
26332,Watches,0005676887902eaa6f91f669ddae5dfbea5272a3845bee1f330ebf6df41a93b0,121,121,121,121,121,121,121,115,115
26344,Watches,1bb60e5b70e848a23aa3f44121ea46b1e8c01947b7efb4abc776e2f287bb5da8,121,121,121,121,121,121,121,115,94
26345,Watches,41e5146c5f5c2c0355345b55af32cd50b8701b4ad9240941568bf02218c61bb2,121,121,121,121,121,121,121,115,16
26348,Watches,e9062d6bf7a70a58d6cddc96669787d5dce4dd124f17fc04d09239033cd80d17,121,121,121,121,121,121,121,115,95
26380,Trousers,5a8b6ac9205a503434442641d522e338f25b09f26720e4a000936dc09dcbd86e,113,113,113,113,113,113,113,115,115
26382,Trousers,aae012470374993425894782c5decdf1505778d33be30630a586f2b0269e51db,113,113,113,113,113,113,113,115,96
26401,Shirts,4f32c5c218f599edf4b1b917bf270c2bf01a86e4062e2c16da96b4170791bdf0,88,88,88,88,88,88,88,115,88
26415,Shirts,707a9b42e84bf222a2a6241e8e1d5c4efc4cc3a5a66bc8f00c3fe4bc5dc25c3e,88,88,88,88,88,88,88,115,96
26418,Shirts,07be07239f1430856637ad4b0093fd4d9a95e63005cc4fcdf44f0229d440c5a4,88,88,88,88,88,88,88,115,91
26424,Shirts,d1ba2e68e78b496cc045a741e0c72e534310b069eb127e6b0aa7c4dd4748e40f,88,88,88,88,88,88,88,115,38
26427,Handbags,82582c2acd5ad507c8969d458511ef9306e18eba1158d5251d5afb7afbe82e69,38,38,38,38,38,38,38,115,16
26432,Handbags,7400a6606d7c2fcd84574247c22e1168e3ba9d1517012a84b930e7ff121a3317,38,38,38,38,38,38,38,115,27
26436,Handbags,bddd8139d4e8599d632b677913acd1949d8ff5f81019bf407e8b24ddfb10ecd7,38,38,38,38,38,38,38,115,26
26440,Handbags,0e77c7b772c4c86aa142a507a72548154d690e9b920124d65f53ed29a9d81a91,38,38,38,38,38,38,38,115,121
26444,Clutches,eb947bbcb60ff5f5770460e324e1591593b70a4d943c6c3851bcee0845fac408,19,19,19,19,19,19,19,115,15
26447,Clutches,a8cc72c0b5aae165595acaf3e14215351b4c4f43715ea2f0742828f9ae7d6e1a,19,19,19,19,19,19,19,115,84
26449,Sports Shoes,02ac09a7cc75924456a4aed9c8ee8102078305eebb1fcd9d1eb514537e6e7370,96,96,96,96,96,95,96,115,115
26468,Tshirts,07e543b41293a85a612d274549aff09415a2decf693406e1b818b07e1f394876,115,115,115,88,115,115,115,115,84
26482,Tshirts,b2f7167ea8feb1cfcdc74ad749022932b9c17672cf188e62fcbae6237c8a3cc2,115,115,115,115,115,115,115,115,101
26483,Tshirts,3533efc547215700bb1f45813bc188fb85ae94618c3358fbb7df99a17373c7ea,115,115,115,115,115,115,115,115,121
26504,Trousers,c61300e8d302e1711e23749b3f9f08a641f65a7b4bcc7ef07479e4c3f06b31e8,113,113,113,113,113,113,113,115,120
26518,Shirts,eeac5f85a52f9aab358f9301068158e590a555ab0f18350fec1f52c33839c53a,88,88,88,88,88,88,88,115,16
26519,Shorts,aedfb055948df8118712fc40a8ba97fd939c890d214887e37d6c2363b2fc673e,91,91,91,71,91,93,91,115,33
26527,Casual Shoes,fb607e4238bd3f82477601dd7c078f976a054b330244d59ede0a06824f0a7fb9,16,16,16,16,16,16,16,115,115
26541,Casual Shoes,021764668e32fc1f085a2a14178ee50d8d4d83d7f46d3cf624cfecb05e8e3c1d,16,16,16,96,16,96,16,115,101
26543,Sandals,c41143dd3b3103a9ca0f6898987e07718d0408a99f7a55874f3350da69b06a84,84,84,84,84,84,96,84,115,75
26548,Casual Shoes,864bd8d3a68bf762f9e88f2aff9ef11a40c7d8e70007afe8c4ccc82b4917a8cf,16,16,16,96,16,16,16,115,109
26549,Casual Shoes,371c3485041886503316253f1fb4e344b433411825e8a6d59b4133db37bd2ab3,16,16,16,96,16,96,16,115,84
26560,Casual Shoes,82a7d2dd4bd3d8f2d590addf980a66a536359284a4da856cdc12c8c4c8afaf3c,16,16,16,33,33,33,33,115,121
26586,Sports Shoes,2fd649ea14de0e67c0ce27310b392b4c2eeba349da2275ec6eaac9e64d264cec,96,41,41,96,16,96,16,115,53
26591,Flip Flops,c434a25378dde3224c0ba3ba4244acdc7f52f5372768ea7f1407ad325c9aacd9,31,84,84,31,84,31,31,115,28
26595,Sports Shoes,246902f4c95e642f8681d31b3a6720da670e7af9f009a2134fcc1bc83de0ee6b,96,96,96,96,96,96,96,115,38
26598,Sports Shoes,bb8be0a36a306e9d6b08afc2d137703cd3c65a880085aca653c9649c72142ffc,96,96,96,96,96,96,96,115,31
26602,Sports Shoes,6541b896ecba7ea8383072e350ea97a4ddfa39b5ad1838e925cc5773ae6a1efe,96,96,96,96,96,96,96,115,121
26614,Sports Shoes,55ca600630ff0b0f6117b94ee842f6e265803a5549022ed41903b14bafab705d,96,96,96,96,96,96,96,115,31
26615,Sports Shoes,a6187babf68c6afbe695265850ddf478fb1c17403eca56a7e8d41ab45580fe43,96,96,96,96,96,96,96,115,121
26622,Sports Shoes,dc12796c24f67a9c718135440980739a6a249222ebaccf6f495f9613fe1bbef2,96,96,96,95,96,96,96,115,120
26625,Sports Sandals,3cac42506129f7f453161966d7999ce597e0677e511a122d2fe115c3338d0caf,95,95,95,95,95,95,95,115,121
26629,Casual Shoes,869e07990ab6925a3c0f6cafb8ec21d0a1b8190771faaf1791b3ae663c825d4f,16,30,30,95,30,30,16,115,115
26631,Casual Shoes,5b83c11b7a593509ceb6c5e5064740dce56fcb451dc4661688b4b3ebb2a8fffe,16,30,30,30,30,30,30,115,38
26642,Casual Shoes,69a8a70b5cda7ac42ffe81154f3b96baf24ddb94af528f8f7820ae7c69a9df11,16,16,16,96,96,96,96,115,53
26647,Casual Shoes,2390e2964cf4f2165d1c57b9e0a843d3511c77a869be509ddb5476d180b5289d,16,16,16,96,96,96,96,115,24
26651,Casual Shoes,d0184183d2ea666f24b47d68ce4d0bd5636e119aaf2b84f6eb50cee971aef5c0,16,16,16,96,16,96,16,115,16
26657,Casual Shoes,e18024f60164e576edaec4b18e6312c5b6c31f4aedbdb362291efde9142db49a,16,16,16,96,16,96,16,115,31
26660,Casual Shoes,4159d200f10cd83949f2858c42583ab59a1029af874854eac82b448003faa083,16,96,96,96,96,96,96,115,47
26661,Casual Shoes,76a3c35745d3c64680a59eac2d4f2eb883cf9ffbae73202cd61ba02195833a22,16,16,16,96,96,95,16,115,120
26669,Casual Shoes,61a233c64f89b81105677ac23eef85205a95122fffa9f8904d8cb50f1583e76b,16,96,96,96,16,96,16,115,115
26671,Casual Shoes,c6de0bfbeb9a3fda688ba4e338fbcc346606d3ad9f32148851aef2e76d4c1c87,16,16,16,16,16,16,16,115,41
26672,Flip Flops,f3e21024522e224ee79d57dd82382a11dd75a8be4ecc29a9d49219c07043fcaa,31,31,31,31,31,31,31,115,24
26676,Flip Flops,57cf02c21497d1f62fd7073dc568a6fb83ce3370641accfa45b7f1db63814985,31,31,31,31,31,31,31,115,115
26680,Flats,b9d322577d74f89aa52139fca7ff734effc3a7f4b789c7542742d7a538cea145,30,30,30,30,30,30,30,115,115
26697,Casual Shoes,918fa1a732bfd9b0728d58f461d5b8087090b6cad5ad0e2538abd93d595e3a34,16,96,96,96,96,96,16,115,96
26706,Sandals,7f6fda61d532c002d08a60d1ea0e1d3356faba04632953c25c52c2716fc8cf47,84,31,31,95,31,31,95,115,31
26724,Tshirts,2d0bc080242adb773e350b91cdbe0bac466bcf370453078b26e487445e654c04,115,115,115,115,115,115,115,115,5
26732,Deodorant,aa8f17093d7017db4a0299f6bc9219354b0432b3094790230ee8aeea691853e8,24,24,24,24,24,24,24,115,28
26734,Deodorant,1fc29cc3c7114f6fb99f40cae7d19f599426d4b607a64ff47b247eb8ca5aae38,24,24,24,24,24,35,24,115,115
26785,Deodorant,122bf9834b359a805146732c22ec5040b8d55a1fd539d9b0e825df6db8925a70,24,35,35,35,24,35,24,115,5
26790,Shirts,5e40227276aa7c3b749f6784825512ed95de913d42270c1d55aa8165460b0d83,88,88,88,88,88,88,88,115,115
26794,Shirts,0b655785074ec19c49d39ed4a17d57941ec64d89745a5d4304b2a8fef8f2d190,88,88,88,43,88,65,88,115,99
26795,Shirts,1b44a191d213f9baa927f1f2d2d700aee03a0cff3d828851d033dae4ef4509bd,88,88,88,88,88,88,88,115,54
26796,Shirts,190a39b9d6617e275578e2bbebe161e5c8289ab9fb70a572af65f893687c6043,88,88,88,88,88,88,88,115,121
26799,Shirts,35bff45bc74564469646bdf0c373337ce82cd0497a61021d67155dc4f098ca23,88,88,88,88,88,88,88,115,115
26803,Shirts,91daf68429327b8ac9fd430e46928f2204d5a10cc4d207d3ca92e87fd2b490f3,88,88,88,88,88,65,88,115,78
26808,Trousers,d10cf1f5cbc8a1d0acd1394c15e109835de4259a11cb8baa76ead152eb79e958,113,113,113,113,113,113,113,115,93
26809,Trousers,8ff64f0a63752d8cb42b2b17959ab76ab6058e9e6a8205232ce2231ad52b0fdc,113,113,113,113,113,113,113,115,16
26820,Trousers,55078c2f5c0af3ca8d2042da0b8b9eaf27a094b6710421f28af70866424ce219,113,113,113,113,113,113,113,115,96
26823,Trousers,062c2949a3e3d58082d8e7761d5d7124c7fd55ec54db1d04d3ab13dd40141e3f,113,113,113,113,113,113,113,115,16
26829,Trousers,149e7d24485fdbd360b8685d9e0e9f2c56be60a411ecf67db47a591d6d6d969c,113,113,113,113,113,113,113,115,15
26831,Trousers,a9a3d306889a29caaea5654570083362ac2ed04fd77674b1b8eeb22cdd727610,113,113,113,113,113,113,113,115,38
26837,Trousers,6a76e9896d7e6007167b63a5468560e55fe904861cdca61a6654f961e3ebbd3e,113,113,113,113,113,113,113,115,113
26851,Perfume and Body Mist,5ebfb4ef304d8ae62fe2a63a05800f0f0b3479edb404842b4d481681caf3f245,75,75,75,111,75,111,75,115,2
26853,Perfume and Body Mist,c5ec15369ab34b4b58b87d76a0902d3a15b4742538242ab1906bde2dd558845b,75,75,75,75,75,75,75,115,100
26854,Perfume and Body Mist,3c5c6496a5c589343d1aa6f01d1d3832a41695829388407b8fefae355a8f9126,75,75,75,65,75,75,75,115,41
26856,Perfume and Body Mist,9cea3986aa19bc830072aa05c6f01f1a9276a1756a303d2c19a2391b5cd625a4,75,75,75,75,75,75,75,115,102
26864,Tops,093e1ad25327c5cf6e80727d29a39d57007fa6398eca304c24e707fa357c17a0,108,108,108,108,108,108,108,115,115
26870,Tshirts,40e83e1650f2432029e74a4f13ec226267d3e6deaa8b454c3f41037f4eed0900,115,108,108,108,108,108,108,115,33
26873,Tops,ec28d19e39dd663bedf288703576d8299b394f7d31860e601731585bb105eb91,108,108,108,108,108,108,115,115,10
26876,Tops,82c09247756a487a746181df71af21b7a2ea793fe067ddda8aa82a38e8ae3a79,108,108,108,108,115,92,108,115,15
26882,Tshirts,aa169397451c5c8026926f8facbff7baec2bf48494e67b419a866f662f157eab,115,115,115,108,108,108,108,115,96
26883,Tshirts,d1b697dce0c455be41b3476a93984a207fbcbd64bbcd3d4eeef7a30c347b4734,115,108,108,108,108,108,115,115,121
26887,Tshirts,ebccc79231e05b939469df50b7d1759bcc52811bf42896c2062dd87e12fb80de,115,108,108,54,108,108,108,115,38
26889,Tops,332736fba10d34ae5d7e2b0b9765973239a9af3c196dafdf6e96e5dfe206183f,108,116,116,53,108,53,108,115,31
26890,Tops,8390cc1dfd53ef9d2684ae281522b99bc4d0d6ec560725f1843a0dc833dbf587,108,115,115,54,108,108,108,115,41
26897,Tops,ee67975b8ca71ffb543ae2e86ef8223184c32b4c9b2cecdaab3f429dd21c2c0d,108,108,108,43,43,13,108,115,24
26903,Tops,0ccf98ea2df48d8a7acc59b4387cc5c163fa81f90216be3a6352d0a58b55a666,108,108,108,54,108,108,108,115,115
26908,Tops,2578a80b0a07ab327616aa36f2ea25b5c4396d0d2dd00d49b261ed9cc3692e49,108,108,108,116,116,108,108,115,46
26913,Tops,f7d20cb9b484b9a348a96937c1c25518fbb76958a781cb8bd1fae01ca2075d80,108,116,116,54,108,108,108,115,16
26917,Tops,120d8a06b7dfcf028729bba2c994b8f80d0f399820368dc1b5cfcf9f2152b912,108,108,108,54,108,101,108,115,96
26921,Tops,f1df3220728488ef7280164a25db68c197c255d34723678f6695044536f9d184,108,108,108,108,108,108,108,115,41
26931,Tops,6a6413e6907558d1292e8ca3d4f22aa60e4867c08c8f5334212f43d0cf2b87a2,108,108,108,108,108,108,108,115,96
26934,Dresses,0615cc999c51aa11207e56fe52917cc1badf860904fe57dc7d075e9c1c89d4cd,25,116,116,108,108,103,116,115,115
26937,Tshirts,2b6e09be31c1649d13ce111e86e9275d3b8214dde062c8e448ca050b401aa41b,115,108,108,101,115,108,108,115,96
26941,Tshirts,9dd0b7b9b4e96bc396a8da70c4ede884c6efcd3cebd1a8771be6178fc987c2ca,115,115,115,108,115,92,115,115,121
26943,Tshirts,2a246b93daa8589e1074e2ce8d9b8061585f2f32f571a5c00d7ed986d571b877,115,115,115,101,115,101,115,115,121
26948,Tshirts,ccfd09e18a7df889c847cbee1ae87c3b6e90d67782a8e523b7be87c8b7965d94,115,108,108,108,115,108,108,115,120
26954,Tops,b48bc2af99ab8c419295603cc0b3062c8e5d7d3bf1545ac03dfe3ff5b7453007,108,108,108,108,108,108,108,115,53
26965,Shirts,960bbcdee897fc38dce6529d40651143e44bca025e457b38f9ba1ee51e85bb05,88,108,108,54,88,54,88,115,38
26982,Capris,cfd3b35d238dd37474acfd691efb159a59be74365f47c92c1127a6cf93eafe0c,14,46,46,107,113,93,113,115,25
26985,Shorts,f532fa44894b6d8ed6eb727c6e256891c6c56261724cd249d484c69d60f8111b,91,46,46,93,93,93,91,115,43
26986,Shorts,5f5c27d13b6fe238bb5bf51bfafcbe5ec1068cd785cb98e181a113f4a54f5ed1,91,93,93,93,91,93,91,115,31
26992,Jeans,abca839aaa0b11fc5ddeb70b7ef281565392682bd63afa480da21347fddf6770,46,46,46,46,46,46,46,115,108
27012,Capris,55355242c42266f3d928fdf866d46cfcd36184b7754aea822ba0ccb01c742ed4,14,14,14,63,14,63,14,115,115
27021,Jeans,434f326c44d7aaf42e2315222dbc64cc0b69e49ae36b139b29cd30b9da30ca70,46,46,46,46,46,46,46,115,96
27036,Shirts,b266d2bef23ba9c11afa83eefee31f6f5577389cbc43c52bb2b4117bb8447f44,88,88,88,32,88,37,88,115,115
27038,Handbags,3577acf9f3ee18b69645a700d18d118966cf3136171146c34233afd87aae36bd,38,38,38,38,38,38,38,115,88
27047,Clutches,7caa4597da62748ad2fc5efc26e9fddde9c7f0314939e6641345e4a262e93c4a,19,38,38,65,38,65,38,115,12
27053,Handbags,22f54448c6bad9cddc41caef117fbce325ff8c24fde7f69eaee1cd1956978bc4,38,38,38,38,55,55,38,115,120
27059,Handbags,2a32feb7ad7fcb3e97dbbb208bfb1f679eb1b766393efd5ea3d53ff9315748fb,38,38,38,26,38,26,38,115,96
27070,Handbags,c51b32e081e5b131ae814021b2e62b8f2184da6e4054fb4318e975c56a948ef3,38,38,38,38,38,38,38,115,53
27074,Flats,8a1edc27a14bfb5c03d246781a306eedc395f3043a146d63d85e87652a70def3,30,84,84,95,30,30,31,115,113
27075,Heels,4cb04f62c9fea8afca51380629cb1ce9d4d14c6315eb16989e31a3b3b7b82165,41,41,41,41,41,41,41,115,115
27076,Flats,40f15873455370c7067c53ce78788c92ef045186ade9560c64c82846d68c11e5,30,31,31,31,30,30,30,115,96
27087,Kurtas,bc099c2a049ec56aa08bf33f2829b665edcaca2a2fd6a0a189c2eabbf42add87,53,101,101,54,54,54,53,115,121
27090,Kurtas,5fc30bdd0d7760d334884517bccbefe2e7631cc8a05f4acca798287745bb0c0a,53,53,53,53,53,53,53,115,115
27094,Kurtas,31ca58f1794f695e523428f24519c30d4a2ea75a2dde5a8ea2e1e179634bb866,53,54,54,54,54,54,54,115,88
27096,Kurtas,feda3140e1b9221bb04c3b9409e5e7fc6139a183733c9ac185d38441c815fd15,53,53,53,53,53,53,53,115,16
27098,Kurtis,a92d0718a3c5bff0aa23e71c9ef3aa4e449204772b82e5850e632201b11dad5a,54,53,53,54,54,54,54,115,121
27100,Kurtas,1a39cdbdfd1f4819476accf446165e35ad1e416d8c4ef4890ee7ea926ed30fd1,53,53,53,54,54,54,54,115,115
27103,Kurtas,6d412fa4792a4d348419ecf11d298bab5c028220989200306df6179141712ca9,53,54,54,54,54,54,54,115,56
27104,Kurtas,7d5900a44077324e807e4714c2e1b40a93e7f3230e2890d03b5b60d1db590b92,53,53,53,53,53,53,53,115,84
27121,Bra,ac4f1ddf1ec79cbc3f6063d1dc2a5f214331a71740857edca3e4af1163d1bcb8,10,10,10,10,10,10,10,115,30
27141,Bra,82409b922672dd722e04c21f0cd6765eaeb9b27e913e69bf589aba212e5c3da6,10,10,10,10,10,10,10,115,115
27143,Bra,c3f530585cbda663545c337a4754283e6c57a812c7b9d7bbfa1cac39e61e97ee,10,10,10,10,10,10,10,115,41
27144,Bra,b60d1f903602b0e6e2b890bd00aaadf466a2a1b9663179310b1f727094c57062,10,10,10,10,10,10,10,115,120
27145,Bra,6c0765dc6056c879fcdff4651d2135231295031310563fadc3e6c30eb688ef6b,10,10,10,10,10,10,10,115,115
27151,Shirts,4681a4d9fb30730f2a85fd7660645d265dd29ca4d21e9784051986c39bc64873,88,88,88,102,88,102,88,115,12
27171,Shirts,9d0c3f4679f269b84a900ea6ba4ec81d6858144e943a81c35cfa8a335e03db8e,88,88,88,88,88,88,88,115,16
27182,Trousers,6a8da50335958a017e17f3dcf1f18eb000dda1f4433b017e601cf94a6f4f202f,113,113,113,113,113,113,113,115,88
27185,Trousers,f2e2b484f3be343c3917bb1ba2753554e9585383f1b5cf2aed07f3787b6ad188,113,113,113,113,113,113,113,115,96
27186,Trousers,070593da63a9a4c8f15712951b897f869624ea538fd15420f4ce5b30742173cd,113,113,113,113,113,113,113,115,102
27197,Dresses,29f107aac8886070c87359a50db7e64999570841e463b426fbe7481cd83f4056,25,93,93,96,25,96,25,115,112
27219,Dresses,6aa404facafd09d72607999cf0bf3d11e10ab0fa36a92f23bac1eb2f183ad480,25,91,91,81,108,25,108,115,41
27222,Capris,66f7c6dc88c70a4500899a66ac5d4d089d23bcbd39dc88f57692c598b1f2a316,14,14,14,14,14,14,14,115,121
27223,Dresses,30a57c09f4247f0e291add0e366444ac09423653a826e9b6ced9ebf91747d9c9,25,25,25,18,25,25,25,115,55
27224,Dresses,f2c066cbbf18231caccc7cb16b8479572da8ba18153b499340978ec6168fe865,25,25,25,81,25,25,25,115,0
27227,Dresses,f4d3df5428863bd7620f2c56ff89a6047087d9e5395f7341ec2082f52725fbc4,25,25,25,25,25,25,25,115,33
27260,Tops,1a426b35d58d0d6aea4684f0b792c243d6a79fa7c14234f50fa26a3401d3578d,108,98,98,108,108,108,108,115,94
27264,Tops,e2ebd4ed2732636bebf38be3b54ab9ed0fbc455c45e42aef8993822cccadfca6,108,108,108,54,108,108,108,115,108
27265,Tops,d3174d5a611a0892087dc2c233a55028143ab28bc4c9e0cee4c589d05cfd64d0,108,88,88,54,108,54,108,115,105
27271,Tunics,afaffebf67cd92d268e1ab7889d3f9439bf229ed97ea844eaa4ad0d4113ee4f7,116,108,108,108,108,108,108,115,94
27286,Kurtas,b504124dc47742edfd9945b3fae63c445453b376ea90ca7ad3918d0d43cf029b,53,53,53,53,53,53,53,115,96
27294,Kurtas,c5a7bff443cddbfee59cbca776516564a598a3fa5b305e463e3b3b162c194ad4,53,53,53,53,54,53,53,115,115
27306,Deodorant,d2950a9cecef739fbd723c9d193e78c86b0e3b53726c5e1765620a3ad85006e1,24,24,24,24,24,24,24,115,96
27308,Deodorant,10ee0ca170d21c2278cb7cd10e2a8a6c1bf7529c60b8258ac3f6df14858b8bb7,24,24,24,24,24,24,24,115,41
27311,Deodorant,75fd4dfcb01ec3b3d81665285cf5d1f047208a6eea60331d2d853cb0b885e163,24,24,24,24,24,24,24,115,109
27316,Perfume and Body Mist,6a56591341193fe73c49fff1c1829fb21bd528463fbaeaa456c3638b98b3a373,75,35,35,35,35,35,35,115,33
27317,Perfume and Body Mist,2c575f3362ed51a6d1913b979ebf70ebf43a92dc99c4d60e13e519caceb306de,75,75,75,24,75,24,75,115,108
27320,Perfume and Body Mist,11d3752d6f0be446ca4f869ad4582d36c145547d497301ab58988cbccda4669a,75,75,75,24,75,24,75,115,84
27328,Deodorant,c3c1b10bed79df37717a1a28d57ea963b4802774c9f73a03a8ea3cd8d592e878,24,24,24,122,24,24,24,115,115
27338,Perfume and Body Mist,e26ec38c728aa24975dad8ee5cceea31b528ba157cdbd580475c50772d24ed7b,75,75,75,67,75,118,75,115,115
27343,Perfume and Body Mist,8a4ef054c33ffbbe46a8a639fa5bf7668b65a11256e3745e2034e76ce2f9ab88,75,75,75,68,75,68,75,115,99
27349,Tshirts,91c275f72f4e2be0d087d2fda0bf4f6275fcdf876c9ebb82b9b8b29b0cc315c8,115,115,115,108,108,108,115,115,102
27352,Tshirts,15b98a80e255a732f717093c674ff7c20f402b93eab7872eff66a5c5ca35f8df,115,115,115,108,108,108,115,115,38
27356,Tshirts,9893c6b66ad0b627f601361fd3ed8b3b39f034b5b8b9555d05eb6f4a5875bdf6,115,115,115,115,115,115,115,115,30
27359,Tshirts,152fd01a2f3b873d2fdbf8e9422932379cdd74c04797a982280f53438c26b489,115,115,115,115,115,115,115,115,115
27364,Tshirts,8f3760f38ee4df044de477cc4f12ef5f915a12de076103b0f741ca50203a4ce3,115,115,115,115,115,115,115,115,121
27380,Deodorant,69db5e1c5802464b19288252e1c152c5a6ced37849c66460cecdb1da409386ea,24,24,24,24,24,24,24,115,33
27381,Deodorant,ffc09c8983cd98dc70b3a0fe5aa105c70cd07e13f73922b2e5ff30d9996e3f44,24,24,24,24,24,24,24,115,108
27399,Bra,292f765b5ed43edccc4a04bea764ab7cc7b5ae0a20c2b3a99c4fa520b506d0d4,10,10,10,10,10,10,10,115,115
27407,Capris,cfa1c0d6277c4f17fb885b10e67d7fa583b0964c5385b48c88a2d1ba8197d8ef,14,14,14,107,14,107,14,115,53
27409,Lounge Shorts,586c4733ffa2c31c8399f6a413c55eae26c15a843aabcb7bf624c1fe019fee3f,63,109,109,109,109,14,63,115,75
27413,Lounge Pants,bbcdb55243a5f670a9bf98a7cb805c3fe6e9051a6a0bf4378ee06948d6aa62e9,62,14,14,46,113,46,113,115,121
27414,Lounge Pants,821b47681c83b7753a3a2211fdc4c9e7964299f9b0234bb87ed24127e03a7887,62,24,24,97,113,107,62,115,71
27419,Lounge Pants,e20c1b6fb0bb35046dd90dad96b019f16836e04ab8fb892b2f63df4b26ff2982,62,109,109,109,109,109,109,115,41
27422,Lounge Pants,0ddddbeb7d38b8d08131c44375ecd4fde4339b66f254cac6e03ece16b97961f2,62,62,62,62,62,62,62,115,2
27423,Lounge Shorts,d04cc7bdd2086438a1ebfa0c54b3e0cfe870df8b2438cdc5b0afcdaeacfac0e1,63,91,91,91,63,91,63,115,121
27428,Tshirts,8731327aaa72bab33b78711f1c57b28f4fc487887aa0c7d9302f709b53843279,115,115,115,115,43,43,115,115,115
27446,Tshirts,be8fd29776d67daba2dfbc327c9e229c8281f64ebdf41e6eca6aa9fffd649ea9,115,115,115,115,115,115,115,115,121
27456,Bra,cf069557c0a69da0ce8ad99f6f25763ed3c96ad9c21293b09d4f64a2308988bc,10,10,10,10,10,10,10,115,86
27465,Briefs,2967eeb9b9f6c1c88954baa39bf9fca8e9ac3383f1020ffed4b2973f34ea0ce9,12,12,12,12,12,12,12,115,99
27484,Briefs,f4872101ca8162ecd30e275e176d7e9944d8269fb72ae2ecce50f68a3d56e6d4,12,12,12,12,12,12,12,115,115
27491,Briefs,8e0e9aa93bb67dd32ab1fbb84f48405f57b46d69dc895f0453aa88f15fa8b986,12,114,114,114,114,114,114,115,16
27492,Briefs,1f6ab5a0c0c40f8f7bee8d5bcd721dedee6dc8e27053bc700f76aa69122d46f3,12,114,114,114,114,114,12,115,121
27495,Briefs,744a143ffec2ccf13fb076c06a0c8e53888f2ff841e982f972a6f57958624c59,12,114,114,114,114,114,114,115,96
27497,Camisoles,821f09f729cec0d9d9b204483d1fcd87e43b6fdf6d297df496fb30ee07824798,13,13,13,13,13,13,13,115,46
27498,Camisoles,b4db10afeb87331829145612a6a31915adc42106f64a8d7341714166cc1bf616,13,13,13,13,13,13,13,115,115
27502,Bra,5893b3bd16a091b088bbcc998829a996d0cd5a623d05dac3923e5a59c6906b8f,10,10,10,10,10,10,10,115,115
27508,Bra,067fad96766d2f9032a935187685a15a94ddc6b2265d8610eb2b4c9914c72bb0,10,10,10,10,10,10,10,115,108
27517,Briefs,5c989be6867110e51c652ee3f66bd35f71d0cf649d98d8cae6203f63307fe304,12,12,12,114,120,89,12,115,115
27546,Shirts,0bcfc439a5d984c6fddc4f3b15744bf092dc3aeed13182dfbd005743c95b429b,88,88,88,88,88,88,88,115,101
27548,Shirts,3d760e5ada4a0f3c55a921ef9cd58a9991fb8dc9bc451a5dd352fa879f0b8d26,88,88,88,88,88,88,88,115,115
27560,Shirts,4303ef9ecdf8f74a096c053647b184bae0ac0859e8b05f800a220a5a14d1624e,88,88,88,88,88,88,88,115,41
27563,Shirts,e3b46254ad40e404943a9bb580950e26b00f4accf040dc7bda5c810e1373d2fd,88,88,88,88,88,88,88,115,115
27614,Trousers,5f2505a96221ca7296833bf3ffd10db14a0bbffe5271e3322a9681078499bb70,113,113,113,62,113,113,113,115,53
27621,Trousers,c99422edf0d5bd999cae3d13e2d14f27bc9924329cb5a234e35338f7ca3dcd62,113,62,62,113,113,113,113,115,115
27622,Trousers,cbb44956ec6399c42ca14ff489c9ab2e97608383628270c5f79846cb5082e429,113,46,46,46,62,62,62,115,115
27642,Tshirts,4f8c3f022cecb016111c1019669ca048912d4e5384955588703e858988b8db12,115,115,115,115,115,115,115,115,16
27644,Tshirts,77820db3dc534109788be40d3185b8fb56b24bc9c783f4598efc34f521908ff7,115,115,115,88,115,115,115,115,101
27645,Tshirts,a33938808106f31f1baa62f6496f2df0c68e2c907d6c2c7ab558c623964ff325,115,115,115,115,115,115,115,115,115
27648,Tshirts,b86976cd8e81ea0b3e2d8bab9d12528767c761679c5a565c66187b0ac959e1b5,115,115,115,115,115,115,115,115,115
27667,Handbags,a97abfb066cab492ba2d3a7c884b893866d62527dab851ee5ab7128ee78e5d65,38,2,2,2,2,2,2,115,116
27669,Handbags,2d92aec4a4ac71bfc26e32c81fd4a3244208e67369cc2ced70f9664aaa0e5a55,38,38,38,38,38,38,38,115,43
27670,Handbags,eeffd848c4adc680319701ecb86975ee3ebbb7cc8389a743f3d59c1264b5a7ae,38,38,38,38,38,38,38,115,102
27678,Handbags,00440d16d4405e1a6859ce3caddbfeb547ab4a5c85ea9a65aeac1ce9d71025d1,38,38,38,38,38,38,38,115,96
27680,Handbags,233d3c4641925e65794475839618f5e8c101ec2fc417c68eef3d259c7c979603,38,38,38,38,38,38,38,115,115
27682,Handbags,dc5afe7597f9c8b49473e8fd691b880313c6cbde82744a7389ff87e894dca74c,38,38,38,38,38,38,38,115,99
27683,Handbags,c482c698bcc822f22e6c34380970bc407e166c474623610831e14aa6cd787754,38,38,38,38,38,38,38,115,38
27690,Handbags,e5f0f3cd0f032d3e6f94d1632c27d083a3d5f76c402b85bdc8d7521cc95afffa,38,38,38,38,38,38,38,115,75
27694,Handbags,ca81d476290de68ca891a06e1ed51183f02d1d8ad12f661ccab973772097fce7,38,38,38,38,38,38,38,115,96
27695,Handbags,2be4cfaa194af79acbb9630b47cccb96c815d151139c313b1164fb03a3e6a5aa,38,38,38,38,38,38,38,115,121
27701,Handbags,f0e69275a48409b985f08f357eaf79e6df448ed0607afdbaa2d4c5e3e67b5dd4,38,38,38,38,38,38,38,115,52
27712,Handbags,f71784b0d6fc33de5297ac0c5a758a608949e0dcc5ab6d0db4b49a831a6bb344,38,38,38,38,38,38,38,115,115
27722,Handbags,06de235e71b631ee60f4e9e9ea7098b95d18aebe18911fc5996ca2fe6a2eb30d,38,38,38,38,38,38,38,115,115
27732,Handbags,84af2630de526e6dcf100277f2d4f553b40fa97a614b73ac618e3408c628e89f,38,38,38,38,38,38,38,115,96
27733,Handbags,4a82ea320a189b60776ffb4b3bcf88a5fd9c9ae9c987fd5839b8d2ad80983713,38,38,38,38,38,38,38,115,15
27734,Handbags,105ae072023623f92c017130d8aa49953a89b35e184b5d0b267b0fa8e13d56b4,38,38,38,38,38,38,38,115,16
27743,Handbags,2c6fb2a2456b21d0407e085aa6781a78edbcb883b61c6725d1d73e617f7b9f43,38,38,38,65,38,65,38,115,53
27761,Wallets,f236d4318347a207a1fe14c1088b0ee1675f1cd00602189da0aa54ae51c931f0,120,120,120,120,120,120,120,115,55
27767,Wallets,ae6b57ac0de845bd977c407f6b323f148bb6a19d2fbbe06231f501b52c40994a,120,120,120,120,120,120,120,115,26
27781,Wallets,1104af9bc2b596f6feadc531bb7d46311cea388c5b86c2985b300ff913833d2d,120,120,120,120,120,120,120,115,5
27784,Wallets,7687ee224d93b4f5b41d77221793078fdf96955ab4241742fbba41c4f0828264,120,120,120,120,120,120,120,115,53
27785,Wallets,c7d7488c4e5d86ca7c81bd940e60501b8f7be0d73cac7603df75e534df747970,120,120,120,120,120,120,120,115,41
27795,Wallets,b6ae295997e60a5515958ea53a1eb9589c2da6f17c855bb17aebe7512a4e4880,120,120,120,120,120,120,120,115,93
27802,Belts,60c21e1578327c40b28400fe7e639faf997b642872eabcb566e14f9178401b45,5,5,5,5,5,5,5,115,0
27809,Belts,f1419844e2d019ebb13d909a8573da003419c6a04fba471436eac3da32ee5aae,5,5,5,5,5,5,5,115,105
27812,Belts,a85f1ef9d646830540169288210ee0b1e2e8772b6ce9b70b390d7200d7ee1f5d,5,5,5,5,5,5,5,115,115
27814,Belts,c0b4992fbb3982f652717a958c6e2cd87a4a233fc084483f6d983606df046c76,5,5,5,5,5,5,5,115,96
27822,Belts,a807b0af6755b42bbaec0e093d93d5a7ea65aeba84997550a79ce991348f0b93,5,5,5,5,5,5,5,115,45
27856,Shirts,3b35c62b3e05bc6d2515befe4261c5d9625aee576d93e53718358dea4a08599b,88,88,88,88,88,88,88,115,108
27857,Shirts,c93e7c54d9fc98d97609d856707467b77d98968c0d83a8762d38f0cd95fd2af5,88,88,88,54,88,54,88,115,33
27858,Shirts,b8b347fef0285451cf82ea8b7bf858fc137dd2254e3564461f40462ddf26b5df,88,88,88,54,88,88,88,115,16
27869,Shirts,6caf361efe32f009b44b15659d382213909cb1c6d4b646ecd409aceac728d596,88,108,108,88,88,88,115,115,88
27870,Shirts,71b86361c8acb55df66efbf5e38e7eff7f48415e4a08c12474d415d82b275f39,88,88,88,88,88,88,108,115,28
27871,Shirts,1946d1b5bebd72764e5a7bd0021f17155417e396a29014262c0e8124951d61e0,88,88,88,70,88,98,88,115,41
27874,Shirts,ff6cc358d1feb31dc78f86634f1259ef4d53277d7b4d6a5ada36e6c6f40363fd,88,98,98,45,45,45,88,115,30
27877,Shirts,57094b33a06ba4810ed9e1a9e442632755a8a50b41db6675f37f9787ff319cca,88,54,54,54,88,54,88,115,121
27878,Shirts,5a9778d4af9483747b05a9e19cc7b24237a4b5811b8af6fbb4afd97f97cd6670,88,88,88,53,54,53,53,115,88
27880,Shirts,7d867e6b7c1ab66e0501c5a25f3991a60ce64747f1655613d4f47cbed8b529af,88,98,98,54,54,54,54,115,115
27882,Shirts,c3a7296bd3286341b4065538bb1ba477dfe6b5be85cd057899a6724cb76500df,88,54,54,54,54,54,108,115,46
27889,Shirts,1e9d090f3adb70c18de1b9b0ca07df9819db83b6fac1862ea403736c463ef818,88,45,45,54,88,88,88,115,53
27894,Shirts,b2d7955e9ef672540c098ae4282dfedec3d9db704df4e0f85643965f5d17512b,88,88,88,54,88,54,88,115,53
27901,Trousers,29c8ec5dc97658bdd5090b098d3b9d8091e2b0b7478852a6884715f544f39156,113,46,46,113,113,113,113,115,94
27902,Trousers,81a4f6086f8f7d93ee92f0f9871b15dffe1a9bc4dceda80ad1aafc17ffda7bb1,113,113,113,47,46,47,113,115,41
27905,Trousers,49e7dea55fb78149bbae25a728c5ecd958e466674362b7b7730ff9d5b7c1d8fc,113,109,109,113,113,46,113,115,94
27907,Trousers,54b5f0126cdffa68f070af876c5202d35b98b2f4dae447ad48df775c5827c73b,113,109,109,113,113,47,113,115,121
27912,Trousers,9f8cce8322bf593f93ece13c0c03f740659afc9cfb88ba697947dc151ae8b6eb,113,109,109,46,109,46,109,115,115
27914,Trousers,a3211a89163ba8d712d2cb65485a6bfd26b9b01461049388485a20fb52ae861d,113,46,46,113,113,113,113,115,96
27916,Trousers,77f1e5a2957af14c5ed1c80850202dbcf82e749f07305f0ba2204e8735bc76b3,113,46,46,46,113,113,113,115,33
27917,Trousers,5f1ac1e905647f694b94bb0c5ed58df716e3f1003113c2281f71ec0f6799e763,113,46,46,113,113,46,113,115,115
27922,Trousers,0566b60451128fdb97f721cd587e1dee8212febb67d5ec7aa6eb7df646a42dbb,113,46,46,46,113,113,113,115,33
27924,Trousers,2edd4e452a1283d285cf1d945310e890b3a240e36c926eae8619d84e78e62e55,113,46,46,113,113,113,113,115,54
27931,Shirts,5be6d3d7a420beda82121c0513d6f480192ce3b7793932670811f05bfda3feb1,88,54,54,54,88,54,88,115,31
27947,Trunk,87f7b3453be452d9e330b0dcf0cdd39abcfd648f2a1a5bda69c663db1900b48b,114,114,114,114,114,114,114,115,121
27950,Trunk,d7f714d1cd45dd106073c9c5ac8e1c768ede2e801f17ccea32278b6f0e0d09fe,114,114,114,114,114,114,114,115,41
27952,Briefs,e8806e5d84bf51dd29d6124b11570d666dbabc86e5f982da160d789a899e68ee,12,12,12,12,12,12,12,115,116
27959,Trunk,789efdae75da84fecad3c407e6cf5d3b40f2fc5316543f2185f3c2cdb320475b,114,114,114,114,114,114,114,115,115
27963,Innerwear Vests,ab61e14b4e84d9d4e47f46965cd4fd105d7c0f2ee2716282d7e18e7d5c42e5af,43,43,43,43,43,43,43,115,31
27974,Innerwear Vests,c31122315340f1c4b4cfb06f9fb41fd933f0818576a0c29bb314f1cf7a81d962,43,113,113,14,43,109,115,115,114
27983,Briefs,d82ec569bde1a2e5c0ee2da18a03bba2417d1b48d8bd09b821a665a0430d1bcc,12,12,12,12,12,12,12,115,115
27989,Briefs,8de571694bc6cccdd859ca0133d6143e24bd200e18a2ccf1c7f7a7e3773e5f94,12,12,12,12,12,12,12,115,16
27991,Briefs,ba417bc8d6a8a1368761a669ffbf8cf4535110eb8ded30ea2daa4627e946e047,12,12,12,12,12,12,12,115,120
27992,Briefs,00458eafdb1a27ca59afbb6efbc77b5122c148cedee39a8ecb101c54a279c238,12,12,12,12,12,12,12,115,0
27998,Briefs,5cac0bd31655d469d3fa596894ae1f069223744e363e43db2c45d426fe47115e,12,12,12,12,12,12,12,115,113
28004,Trunk,4cc425f8ea597efb7d9b46b18a318d2e84f1cc209a440e9a7102070d36bd9a02,114,114,114,114,114,114,114,115,102
28008,Trunk,86d04922433a019d8acce31663a89b1fe1dc5fdfa6fe2982ef8d205fcdb702a5,114,114,114,114,114,114,114,115,75
28017,Briefs,1b9d945e1e868adff7562f84f38793d706726d586e7aaac44765b68f15bb3742,12,12,12,12,12,12,12,115,115
28023,Briefs,7b3dec9588201d2fd11650d4b7246649914349a7f758d2b3905d0707154b60bb,12,12,12,12,12,12,12,115,115
28026,Briefs,12ada096f4100d8457ec3d923b24a28f2bd562f9e3c33bb0df8d6c2ffb58592e,12,12,12,12,12,12,12,115,5
28032,Briefs,6a48066ce9789c97ef191bdabe2590998855479380fd3171645c9e2b3db644b8,12,12,12,12,12,12,12,115,115
28043,Briefs,3e694064a3a925e17bba34205191209b3d364ca104af33b46ad0e35fad58d4ad,12,12,12,12,12,12,12,115,45
28046,Briefs,36ee9ef6f5b3706458aad08c892a8ad0597c84437bc2393e8ad15b8a7a7a2c14,12,12,12,12,12,114,12,115,84
28065,Briefs,e72d39a48904f111add8427427ab8d5a2d5d66a0aa98f79d7b204ad36c302389,12,114,114,114,114,114,114,115,88
28071,Trunk,6b071f71a6482532e66d3ecea58ce917a8bdcfb8596abb1d9bd52434fb44c85a,114,114,114,114,114,114,114,115,16
28072,Trunk,bc6fc079d88aa718cc4f5d3f1af3e1f07bbc0e8f6277a1a0d51bc80639137bc4,114,114,114,114,9,114,9,115,16
28077,Trunk,e6b5d11d1b7f3644a94c4c52af2568e3eaf70c738eaf80ceeabf02fec1d9af02,114,114,114,114,114,114,114,115,88
28078,Trunk,148b630870128aed22d630b32fcd53fc5ed642c7702d1d382bb4187bc12b30af,114,9,9,114,114,114,114,115,5
28081,Briefs,4a32384065f3ef0a95ccd4195c335d07a7f7315b2dd2d031b82e5ac7746c70cf,12,12,12,12,12,12,12,115,121
28088,Briefs,15babcd7ede9bc5c6ec1237a1315448c7d7d6c06ab39181a6eca73a301a0b914,12,12,12,12,12,12,12,115,105
28097,Briefs,d63562d4354126c62624b18794401d75ab02267a8911d2615544d41ca700f047,12,12,12,12,12,12,12,115,120
28100,Briefs,e77d16b2ebca4efc88b49cd9473830364df705456fb5b7c2fed469a057e2bf8b,12,114,114,12,12,12,12,115,91
28108,Trunk,a760c9ab601196b772f64460931644af102b0711c54951247fa5918acc148bb4,114,114,114,114,114,114,114,115,52
28109,Trunk,0033ca216ab7dc4385c43a61deeb9c08e30de2a4d7c768a1d9b83d74fed0b359,114,114,114,114,9,114,9,115,16
28111,Boxers,89cc3fac788faedf1831f9abfd8ec073c92a2cac49f77664ccaa7eea6b7a44e9,9,9,9,114,114,114,114,115,96
28112,Trunk,a41487f61a9e43c824e1a94a49ad66643134ce8fe2f1701ce0055f75db280c1e,114,12,12,114,114,114,114,115,84
28113,Trunk,72fbb33c50a699045244c5e0444bd9354bc0f6b1ddff663bb752b4cf8cf7d549,114,114,114,114,114,114,114,115,12
28119,Briefs,a1108bd463a3706bec9e1fc912263b8d7b3f5f56557983ce83ba4589a9697687,12,12,12,12,12,12,12,115,5
28123,Briefs,77f790340152e248a323aee5dca05beb9a2ea777668d678dd06a53f91d6c0d12,12,12,12,12,12,12,12,115,53
28142,Shorts,b08d0139e6bbcfbe484d7422f0419c3bdceed935670a106d9fc25c2f06edac8e,91,91,91,35,91,35,91,115,115
28145,Innerwear Vests,7b6004118818153305ea0b35774fdef161f7dbc8bc4b91f6ea23ad86d9556e13,43,43,43,43,43,43,43,115,31
28158,Sunglasses,ecce35daa69d3401eaaceabf640529cec1b465d506990a5ba0a5c8bdbd96fa07,99,99,99,99,99,99,99,115,88
28170,Sunglasses,766c0f8a58e932ba2ad1c07b09329ef4b846925b051149841727107417398723,99,99,99,99,99,99,99,115,103
28183,Sunglasses,b382fe2b4648149cf2c846311945bc3f5bd5cfae17084a5ec1b8a513b8390691,99,99,99,99,99,99,99,115,16
28199,Sunglasses,daf7399448a3d89fac9e486ade1ac2cc151fc34c223d5e11f0c189512a89909b,99,99,99,99,99,99,99,115,102
28202,Sunglasses,53c2b687935297ca0befaae15f624bb4b811ad234d601cdd0ef343478661373d,99,99,99,99,99,99,99,115,41
28204,Sunglasses,b63e56a95d79d9b45eea1067f75505e0543d2c89a6aa4e687a5c4f5b1ce189f2,99,99,99,99,99,99,99,115,88
28217,Deodorant,036a9ac552c3f14e754b1a1b4f16ad238e4303f646f93f32b6b45dfaef6e1124,24,24,24,24,24,24,24,115,16
28220,Deodorant,d3c3c4fe75620416cd4061505626d22ad3544ececabff22435aa046fac2df49e,24,24,24,24,24,24,24,115,115
28226,Deodorant,1169d8dcaac4a2f8844486ed4e42cf358598ad3f45a14d68c51ad0f77bd80976,24,24,24,94,24,51,24,115,108
28227,Deodorant,07f6e5c2cf73895f8a2fd4a574f06fb4f99cba46f13e040d8311036690049777,24,24,24,24,24,24,24,115,108
28231,Deodorant,1ff3c1a5dda345540e45779c2e3ea9f1f36b606338dfc3d9d1120a420f441c82,24,24,24,24,24,24,24,115,115
28232,Deodorant,7cbd4f05d5fb326cd296892ff23d3a2769bc22ce26e4f92668e8dd48874dfcaf,24,24,24,24,24,24,24,115,88
28234,Deodorant,273cff834fc0c98cb7ee4957e31791b40e35f6d514d5b8c6066224130de996c2,24,24,24,24,24,24,24,115,88
28236,Deodorant,0e662db9214412e429d55bdd122283b9be1a15b255485b5f5da8912cff965dcb,24,24,24,24,24,24,24,115,114
28238,Deodorant,707e5b597815db321d1230f2b86995291dede5dfc5f5296d33a91c7630224572,24,75,75,24,24,24,24,115,86
28240,Deodorant,6ec4b969f2c7c97d826f7017e97f039ee40e56f508e36bf577aa2d3140ce5be3,24,24,24,24,24,24,24,115,16
28245,Deodorant,95c269832286c1041d4505de9c141e0e26f6711e887dfff14bc4baf5ebd35811,24,24,24,24,24,24,24,115,96
28252,Deodorant,adf615b672bd6c4877f539a1a5e24e02f2ccca62702e91c78cca7046c83584cb,24,24,24,24,24,24,24,115,115
28253,Deodorant,3f8e3ba9e917c994b9295afdb9c0ae33c69ebd174d140a918664bff28db93897,24,24,24,24,24,24,24,115,108
28258,Deodorant,73683197f54f1690c2b92aa9a2759bbffb9e12e29c84f7797b6605a1918c1206,24,24,24,24,24,24,24,115,16
28263,Deodorant,1b93b4f7afce85b4604777bb19efee5412aa9b43e4e8c920b8ce1485d74b530e,24,24,24,24,24,24,24,115,96
28268,Deodorant,1b3a75fa100010d61a9680227c9d5cf548989ba26ff7773fefe5a848934bd62e,24,24,24,24,24,24,24,115,88
28272,Deodorant,bb189ad1f2694478203f66597dad954c6fd393c839550d1b8049af2c766e89f4,24,24,24,24,24,24,24,115,38
28273,Deodorant,42c7f4c09c7faedff59dec7d45cc9a4fffd62aab62ff775284f18a29e31fd668,24,24,24,24,24,24,24,115,115
28291,Sunglasses,c6e00f97b7951804316be5ea1037d514f066548b1d10c3a7d8a5d9873820117c,99,99,99,106,99,99,99,115,96
28293,Sunglasses,cfea5994ff1212e51c8a61abef9f3460bf0ea963880a5a9d28943d32057fdc24,99,99,99,99,99,99,99,115,115
28302,Sunglasses,fd4e05c0534d8ff108e54b2fe2454d025853692ad0339ff79da5e9a0da7698ed,99,99,99,99,99,99,99,115,96
28306,Sunglasses,e003fe4ab30d03ba0c81b18dab602adc40a9c998121b9e0546b70bb79dce9bf1,99,99,99,99,99,99,99,115,53
28314,Formal Shoes,346c7aeb0748b37d03bba8d31d34dd7a61317467e69ab2f53c3cc44e658f67b6,33,33,33,33,33,33,16,115,2
28316,Casual Shoes,14ffc3a4dc8b3990a90dc5277a50f293233811f6a58337bfcfe0eda76ef01594,16,33,33,33,33,33,33,115,41
28322,Sandals,9753608ee2346c341970adf6dbc30a9a02f87db00829c83f38210f04ab41898a,84,84,84,84,84,33,84,115,27
28329,Sandals,5cd8908c0c8749c4962e6c369689c2cb39e241981f351cfc72ef45134f1d1a07,84,84,84,84,84,84,84,115,41
28333,Sandals,13dcb7309533bedd5f9d7e7c7f63b5f67ac0ad215e0b179e733d40c885044329,84,84,84,84,84,84,84,115,75
28343,Sunglasses,6d4d2af4c92085fe6fd2afddad22ea77beaf409adac8c82850dc5326304758e3,99,99,99,99,99,99,99,115,99
28346,Sunglasses,eeefe50db100831fa91a700d088be25e2b120b35074ba36acda66e67f71d45e1,99,99,99,99,36,99,36,115,2
28348,Sunglasses,42da65e16db823409b1cb7feba182dc9bd1379a6a5d3bf81696495b67737ed34,99,99,99,99,99,99,99,115,88
28352,Sunglasses,7c14a86d426d1115b26de333ab3ac001ccc752a8b6c596a340ee28f2511d330f,99,99,99,99,36,99,36,115,94
28355,Sunglasses,e2746326fc8b048311bc885a703c923146c76ebdceb51b7a3d28e1f431a17413,99,99,99,99,99,99,99,115,88
28357,Sunglasses,d7ff5281b32667fd3b5aaec98edd16cd2aef87cd9a8c537d3172065681706a14,99,99,99,99,99,99,99,115,74
28362,Sunglasses,8765c1649bb402ca45df57f60d317ec0b09c4c4f2978060c6bf9a7ee3726874b,99,99,99,99,99,99,99,115,115
28392,Sunglasses,fdea864254b43259d4ea161c90a4d848fd4cfc3d904d1e5d12147d3db87bca4b,99,99,99,106,99,106,99,115,38
28399,Sunglasses,7e95b2293b087c9ece23cab5e384cf7a5ec1cbe895e5161a08ce1665896af5c0,99,99,99,99,99,99,99,115,45
28410,Sunglasses,8a1d73663f4db4776d16a88c84bc06ac0093a21519f92a48919555dd816a450c,99,99,99,99,99,99,36,115,120
28413,Sunglasses,cdea1fa064e3c05645084c0cbcd9c852bb39f73ddfbbfa179cd6ec9c42fb23a5,99,99,99,99,36,99,99,115,115
28417,Sunglasses,9c55ac9556cb2f0dfb3a4db49ad22d79ab2dd82164bdb0aca498ded8f7e2c15f,99,99,99,99,99,99,99,115,25
28431,Watches,63e2b181e8ccc0be8cef53530409c01b034277cacaf9d994f1368e46de101270,121,121,121,121,121,121,121,115,121
28433,Watches,ff17979747711a9e59a5e1f3059339478eb031cf0c916333aea7d5e7951ab434,121,121,121,121,121,121,121,115,55
28445,Handbags,8d92232144ffda9400bf6661bf8eb4c31708c7f362319038d0d2a80d5a36cdec,38,38,38,38,38,38,38,115,88
28448,Handbags,ceb6e0d27a3d1917d468cff8ef29dd547ea7d78c42ab49442319d239d2b89e10,38,38,38,38,38,38,38,115,5
28453,Leggings,44fe9b1853d47b3f1c070af018d01e4e019577c1f801e9ea541f01e2a4f09e5e,56,46,46,107,56,47,91,115,115
28455,Skirts,f21bcb3959d75983f8f4062af2394e7e6e1067639d619948c9554fbf0def2565,93,14,14,107,14,107,97,115,108
28456,Skirts,29d81af8aad66ee096188e8eb3166693c3f1848a7dd53d3f2faa812bdd6849fc,93,14,14,47,107,107,91,115,115
28458,Capris,fd08d2f26e338edff0d7e38e0831a83a6a0d2f591302ed80fbf9b740bc1c25f0,14,14,14,107,14,107,46,115,16
28462,Capris,fa134a7d4a712290a225d068936a5d0b7b27dddfaab2b9e65bdd8eaeb9cb151a,14,91,91,107,56,14,14,115,96
28465,Tshirts,b2d492699d482d4f9c01a6e32a523062d6a52d8ee137df03bc3b83d9834955d7,115,115,115,116,115,54,115,115,16
28467,Tshirts,e896dca2f9fceb1e876edf204ddfcfb6c3c2b43a522aae7ad8baffa3457be3a8,115,115,115,54,108,54,115,115,41
28473,Tops,1610cf59b7a35cbd4b270ab891b3fd7e80ef1a0e58e188e3b188649ac26dea0c,108,54,54,54,108,108,116,115,31
28478,Tunics,9b262feeee82cd7bd4159a4997a8f8091f6120e2acb01b1044fba9a78bcf15d6,116,116,116,54,116,116,116,115,84
28482,Tshirts,b64ebc4f60b78956f1b470d0756766158b90ee226bb84798e5afe2b11c47e1cb,115,115,115,115,115,115,115,115,16
28500,Track Pants,641bb6978b777481f17dd6d4e89114d46115b201d7a686a5c4279e4bab7a8dc7,109,62,62,62,62,62,109,115,2
28504,Shorts,8b56cb69bec09b249332e3fe4593457e2e25181139013519e186635762239e1d,91,91,91,114,91,91,91,115,0
28507,Tshirts,de858036279ecc64d4ba1e582fcf6297cc31dbb048ee442bfc5348e7d42b398a,115,115,115,115,115,115,115,115,88
28509,Tshirts,583cebc4667fe8439983c2129becb6e9a2a311ce4fe36487253a0d191ed2d541,115,115,115,115,115,115,115,115,102
28521,Capris,6299d56a028c49324ade20cc516a38fdc64d5498d4f865196e324d6dd5aeb794,14,14,14,14,14,14,14,115,108
28522,Capris,bcb1263fd0339d3960f6f9e6675b1e27c6e885eb019a71fd4878fabf86d38b06,14,14,14,14,14,14,14,115,16
28527,Tshirts,5e5e09abb4d0f74d6fbb70d4bbb4ea0094a8bb3096a53ef478fbf05922cb47de,115,115,115,115,115,115,115,115,17
28530,Tshirts,ab0532ddb5bf47412200e605333b9923f4b6d77848752022d03f5eab775e9d46,115,115,115,115,115,115,115,115,89
28532,Tshirts,da6f36e93959ba77e77480b6de4555854db335cff254e09a361f61fdbf6a5003,115,115,115,115,115,115,115,115,10
28534,Tshirts,700cbaf29ed5c01049580006deac558b175b63bd17063b467f2256aca0bed224,115,115,115,80,115,115,115,115,108
28540,Jackets,3d025930d119a81a12313d28ee1e62a85022ccd3226ac7eb242f17f262dc5b41,45,102,102,102,45,102,45,115,41
28542,Tshirts,4eba808bf8363c608764109ecac1eeb6984f2d1b19b9b999482498e0c1d9b8a8,115,115,115,115,115,115,115,115,115
28550,Tshirts,ddbd2b63aa2e1f039553e31b24f17314a73a2cbf274c0477d73ae1e2a90afc41,115,115,115,115,115,115,115,115,115
28553,Tshirts,a7bf2ccdf1c08e6340eff44692ea1ea30714d27806817d29573bf9ab4d9a3ab5,115,115,115,115,115,115,115,115,115
28557,Tshirts,b331fd3d811d32e13f49ad76f2b4f8229fa2dd1977c8cd1eb4b743357ca7fc81,115,115,115,115,115,115,115,115,72
28558,Tshirts,5d70cbffad1091146fd2b883ebaf68acc556ea94f51883153668ab1228eebe92,115,115,115,115,115,115,115,115,96
28576,Watches,4d22e036e94c5bf91631981da4cb1ac8542217e54f29c2e11800001a9de16012,121,121,121,121,121,121,121,115,10
28585,Watches,53d0ff874d283fe01442d5d1015d5090c6582ad5879fafa2994e2d81ce3e290e,121,121,121,121,121,121,121,115,88
28594,Wallets,59c927acc393a834e6ac3c3a3aca0dd4af5a6dec533232df8b77fbf24dba0c09,120,120,120,51,120,51,120,115,27
28596,Belts,def616f0e5037c02cade99bd9d544b0f364a08859bbfcc801361fc6d6d5f24e7,5,5,5,5,5,5,5,115,113
28597,Belts,0cfa04a8689837f2fe33374ceb1b7a78803c21f5bd3b7c628c6f85fc137915c2,5,5,5,5,5,5,5,115,108
28598,Sports Shoes,cefec52f8fe19d38adbb295d71b01cd7d980e20b082998ca2ae7ead4aad91bdc,96,96,96,96,96,96,96,115,115
28609,Caps,779da99c37ff7715b7128e091b2845dbdb068dceda0dabf5dca96584091f9e42,15,15,15,15,15,15,15,115,99
28610,Caps,5a16bc1fba46c5ba051b5a99fe2ce1dc903e07a486fc1533eab093748555ea09,15,15,15,15,15,15,15,115,53
28612,Tshirts,77c43386d1ba363dfef388cc3098e049f7fbdaac806c682d7222de8e18d071cb,115,115,115,88,115,88,43,115,96
28614,Sports Shoes,e6ccfbd0e37c00c971412a28acebe5033a2984096c82c329656d9543fb13c09d,96,16,16,96,16,16,16,115,115
28617,Tshirts,35d21f7dcaee192ce6f51fd8f44ab62220eecb5f24a147084b1f1651cc8ca554,115,115,115,115,115,115,115,115,78
28618,Tshirts,771da16ea9c79620a59807b5844c2e5ffa0525cbd178f4bbb7e0fe8320b9ff27,115,43,43,43,43,43,43,115,53
28625,Tshirts,78f66eeef20ce97b67342c5b821620eb1b0b3a074496653ca029ac6782a72d15,115,115,115,115,115,115,115,115,53
28632,Capris,9fc67f1933a6ba83364398203bd0a31975bdd84547560157ee8ddd0330548c5c,14,14,14,14,14,14,14,115,121
28649,Sports Shoes,ce7b08690d0894bdca7e3e014021f519cefb1a2328a3cafd8f17fbe3e320711c,96,96,96,96,96,96,96,115,108
28654,Caps,245daff9025610f4b8966232921af4f9cc630fd4f3da8d72fa0019e9e8f5f3e4,15,15,15,15,15,15,15,115,46
28656,Sports Shoes,061d8114153cf4a9feece68b24b33ee60231beb3b683ae811baf814b1f838a9d,96,96,96,96,96,96,96,115,46
28661,Sports Shoes,cb47f69684a20e7a8e6a489263b16654ae8a7e169ff1c094e213a63df9739567,96,96,96,96,96,96,96,115,94
28691,Kurtas,6152b27f77d13295aad4b3b834171ec26baad9a336df03bab59c1a0993b43e57,53,53,53,53,53,53,53,115,46
28693,Kurtas,eeb53ca067906aaf056297501ef84f6d89ab3e40e8b8c6772b5a35fbc6df1407,53,53,53,53,53,53,53,115,88
28694,Kurtas,d6f59bf99be5fa16f2281921fb39c03f4e7621a5ac99f8d37d6cade16f6d262d,53,53,53,53,53,53,53,115,16
28695,Kurtas,160db3e4c54f0a13df394ababcd8c44e403ff57bb071a401d271fdc8ec55421c,53,53,53,25,53,53,53,115,88
28697,Kurtas,4494ee109f6419fac80a9a1ee3155ffcdb55ec7d017d3cb64b9fcc7c5df3dd08,53,53,53,53,53,53,53,115,16
28699,Kurtas,e6efdf03adc516ef57ae1837d77bd2049d021a4650608b06e9ee86feeeffcb42,53,53,53,53,53,53,53,115,27
28700,Kurtas,8350a1941de0c537682587ce3b8eddd2639d6a3379e63ade3c1153cf47534201,53,53,53,53,53,53,53,115,16
28704,Kurtas,9dcdf84f4fb626b401b06cd7ad1d6fe6804749544f34c7b7e3a889e2ab1b047d,53,53,53,53,53,53,53,115,120
28707,Kurtas,52b3f6cecfde7aa347fe6861545ac2081aa8db0454b610db92020e3479d06528,53,53,53,53,53,53,53,115,88
28717,Kurtas,00ba6f8f3355de671cd6cc4d633a7e025069930d643e7d9d0e1ba904b003ec76,53,53,53,53,53,53,53,115,115
28722,Kurtas,abaf6560ff94d62d97d51e5eaa0b2b851d2ff23627abc233bd4ca32c20b31084,53,53,53,53,53,54,53,115,121
28728,Kurtas,1bad61301137de19dcbdee7e7a44cbd27e0cd7b4c920ca6f7580b8dcbad5a65d,53,53,53,53,53,53,53,115,115
28730,Kurtas,638ab37ba3d5c22dfedda74c4bc96251efe88fc17b7680e3cae265ac7db9dac9,53,53,53,53,53,53,53,115,101
28732,Kurtas,0b1b70caa9fc85b88047560d3c0bc13b0befdbfb51164e7ac2c537df6c2d6c56,53,53,53,53,53,53,53,115,94
28736,Kurtas,e0448c2fc43f1628235afee8168a208a340043b48b9a5dfead51819ac83827a8,53,53,53,53,53,53,53,115,96
28740,Tops,2e075694c7379c1baa3e8847e720de98b940a3ce5bd1aaeb3b87167bc4cab778,108,53,53,54,88,54,88,115,96
28742,Tops,2d2cc3bfb2eb5293e1ac51c3ae7f86acb07a16a080e6bf36ff8d8740184831be,108,116,116,88,108,108,108,115,88
28743,Kurtis,2b20e2fde2fcdb97f85e35d2f4eef9776eee98bb8c316118b1409ca166577dc3,54,101,101,101,108,108,108,115,115
28746,Kurtas,c64e01f299586560ea6a4c44f8c6a24912df5e35146768eee0098e4a516a1fe1,53,53,53,53,53,53,53,115,108
28749,Kurtas,2b0f0f703419143b7911496e3679f087a0c48a4321ab3461b68ca28a2fa7e305,53,53,53,53,53,54,53,115,113
28750,Kurtas,d7efd2a838e7136e4a9735d6593a84d39619b09d9f510172e29d6cd2b3a0ad79,53,116,116,53,116,116,53,115,115
28758,Kurtas,665f901de90ddfad8f64549090ecbc3c64c5deeba4fc4bb3ae135590d4b8adfe,53,53,53,53,53,53,53,115,31
28773,Kurtis,1c327cb476fced75b9a0e709f477267e0341b1c76f0869ff05f224f2b09b8768,54,54,54,54,54,54,54,115,75
28777,Kurtis,56d3632ff2dc7fcb44ceea380f1151229855c86654853750f6b57582feab3acc,54,54,54,54,54,116,54,115,53
28778,Kurtis,f5f505382a866712491de6bb52a8a549d967980956523bdc5a73b9094c5c9e07,54,54,54,54,54,54,54,115,115
28782,Briefs,f6d5cf4c46c532c4233e9f0154efb1d85c43942ac62af26ab31518470419e5f2,12,12,12,12,12,12,12,115,96
28789,Shirts,9ec165db7ad89238d5c25bf016dff75e1f94e1bb9da33c1f348de2093bb01daf,88,88,88,88,88,88,88,115,53
28799,Jeans,a9d9650f4bc43a9d615d0fcf79b3298e8d736b515250931a579df0d978765bfc,46,46,46,46,46,46,46,115,94
28806,Shirts,ffda6cab6fc8a20bcbe48f855bbd61133b2ecdbcdb5d6f12869e0ed134b84d65,88,88,88,88,88,88,88,115,115
28807,Shirts,150129888e6f50f55034cab924a8654e51f23061bd0aee7e082fbd937630df5b,88,88,88,88,88,88,88,115,84
28811,Jeans,9208525940f1132eb31e0c7897a70f99d3360fbc3315f1866922296f401ecfe4,46,46,46,46,46,46,46,115,96
28817,Jeans,1efe9d6eec6fee775b599bd94e574819f3bc030a41006b9121d4b71b8bb1b877,46,46,46,113,46,46,46,115,115
28826,Shirts,2ecb853b0d3307c9a28d412cd62cb393c1b6c79d7647a4d4d5952f4b0e501f69,88,88,88,88,88,88,88,115,53
28847,Tshirts,6ee27ca686550dc042c9e9a2a4661630ada8e961b07d98201e0f88aae028caf5,115,115,115,115,115,115,115,115,53
28853,Tshirts,56e3908b20e00a053bbfb0b062f7f1903e28a75faa49330afe585b77e73476a5,115,115,115,101,115,101,115,115,15
28859,Tshirts,051ad62fd3896f85c5e1d95a6c4cf05af9225f588317062d31870d4edd545b6b,115,88,88,115,88,88,115,115,115
28863,Tshirts,b95590acbd4a580d2ca6db106c139582259d7379fd02845275332131d09680d7,115,88,88,102,88,88,88,115,84
28871,Kurtas,b0c343715c6a0f1a0afe758d87391708dfa91c5ed43601af222e70d24a7f79fc,53,53,53,53,53,54,53,115,16
28883,Briefs,ae6d09a45d6e0ebf1916b6040e62602693252a06738490527c53453f3f929b50,12,12,12,12,12,12,12,115,38
28884,Briefs,54035ff2e5a0c0fc1eb5dda8b12431e8d380516d241f06b484872bc275bbf195,12,12,12,12,12,12,12,115,88
28889,Briefs,106a326e122762359b90a4ee21e3a4679110608e339793a914d55d09268d527f,12,12,12,114,12,40,12,115,121
28891,Briefs,f581053544d9c124fdd50d081180f5de25551d628c3c3cc9f1e6ef148a83feaa,12,12,12,12,12,12,12,115,84
28898,Briefs,37f831ecf1a405ea8ecc30350a53ed840d4cd20e47f8399df6d17007c70d6283,12,12,12,12,12,12,12,115,2
28900,Briefs,295d4ee5838985778ee74935a6dbc27091f5832a5388dc74a2258f7b1e6a75be,12,12,12,12,12,12,12,115,88
28901,Briefs,a562220f9ba175ced0908c8b00145a8b6d59a08a5c87f0e60e8d17a82aa51bc4,12,12,12,12,12,12,12,115,16
28903,Briefs,acbaea43c3e5c67f4ffd297a71955356ce0a37ed083dfee29f624373109249b6,12,12,12,12,12,12,12,115,115
28906,Kurtas,a36ccf4f21fe00888dcd5a5704f05e83cc5416f7211803beeaa59f97ae3858fd,53,53,53,53,53,25,53,115,99
28909,Kurtas,eee167eb704825f6d8581c693d4a906b1ef76b7c469a54f6cc27716d9f6b2b01,53,53,53,53,53,54,53,115,108
28912,Laptop Bag,2420c7fe1a301c3643632f46f93afca925860bd4bc75561f22e6c3853772aa32,55,55,55,55,55,55,55,115,33
28920,Laptop Bag,1aefa54a46eb23a1c152c40d88a59421705b5ab9ad46d635a6635966baad2001,55,2,2,2,2,2,2,115,120
28927,Tshirts,29882e3175f266f5def0b3223c8c7d4bfe5ae5065edcd5c3ca4962d330c4b9ee,115,115,115,115,115,115,115,115,115
28929,Tshirts,54510fb3154e48a56dce2bd26b4669e89a58e64af18e224e8d6b0d976bee095b,115,115,115,115,115,115,115,115,115
28932,Tshirts,10e3077fe022eac68488369a94f417c5e65ae4683ee6fab7b0988e865419a846,115,115,115,115,115,115,115,115,88
28933,Tshirts,037fa5b6b1f61a2231e48d3d7d723040b1f30848c26beb55abc2c8bf5215fc22,115,115,115,115,115,115,115,115,115
28939,Kurtas,278a62039943d03b2513a4506d8ffb63d8b4eada7d018c903a4ae0d6ac2c4fe1,53,116,116,54,53,54,53,115,120
28942,Kurtas,fac734e5a4ea48668baeedc0db5007ca3b660393c0f561d48c42d9b7068f5d05,53,53,53,53,53,53,53,115,96
28950,Kurtis,50d99b795cdd8cf4eda4549a5cfbf6718fb90c2b77e978d4b01fc97187f015bf,54,54,54,54,54,101,54,115,108
28954,Kurtas,3a629ddb95e8ef20acac23ab22e8593c5f0019fc60183abc4a185ba632fe64dc,53,53,53,53,53,108,53,115,56
28955,Kurtas,0872a5842bc3c0ddb6ebbb06c9ca834512ae54c12bb1bc475e7b69a7b60f4525,53,72,72,72,53,25,53,115,96
28957,Kurtas,5d4933f8f500c67bb24062d0070c78d760734ec739e7a64db1266ca626e6ffd5,53,53,53,53,53,53,53,115,109
28958,Kurtas,07be836e9380c4463e38d973d7bfaf7a6508723cff776df08b4d9abb22de0708,53,53,53,53,53,53,53,115,38
28959,Kurtas,9bac8cc549d5422bb8d658701045eba50ab9cca4c04bf50d46ebb94f0a7b75b7,53,53,53,53,53,53,53,115,88
28971,Kurta Sets,5a9fa9962d226144bec8329579910515a62180fed707a8564e0cff7e91acca31,52,52,52,52,52,52,52,115,121
28979,Kurta Sets,6648f68ee7109c2900589fd9c9ac021432e08d1e71480a64a816b6adf2b8c7b1,52,52,52,52,52,52,52,115,101
28982,Kurta Sets,d0390f8b81f1e6ff5b0fa5e2f557203402d78c207142be7f4d973a373aa6a95a,52,52,52,52,52,52,52,115,53
28986,Kurta Sets,eaaab9128a208bbe23f8ea017c640aaf874f44c8bd2b6aa7dce3acd6d91dec7d,52,52,52,52,52,52,52,115,15
28987,Kurta Sets,a29b208d4a28ace547895991be5a92028803cef3082c038bd64e0db757f29bdb,52,52,52,52,52,52,52,115,10
28990,Kurta Sets,c364176c768e0f6bfa90f236ed57978b6cdd6ee30c85350d039b46457f41c0d2,52,52,52,52,52,52,52,115,120
28996,Tshirts,7e524eb06489510fada214e497ad97cc6c4a10600acecbb18c8e535935499e83,115,43,43,115,115,115,115,115,115
28997,Tshirts,4f40fe904b8a67fd0ecd2246877cf2e081f213de603e89842a5101d9bbc54fe4,115,115,115,115,115,115,115,115,5
29006,Backpacks,70b8ceb96d75922567941e3a828078e174a3b59b0896168c1f1a79bb06063a74,2,2,2,2,55,2,2,115,33
29011,Tshirts,74b0d81de836d22aad2b0e4571dd847e514165a65ac27ed6f5fccb6a6efe2e71,115,115,115,115,115,115,115,115,109
29012,Tshirts,c42f468b0abfa51958c80f8a4fc5f46ced59b93c24b5cb63ad96ce441899f006,115,115,115,115,115,115,115,115,53
29019,Tshirts,ba66bde956f7cdc93f55c5d17100e820f4ff0fc5064a1acd6403e9f2f62c639f,115,115,115,115,115,115,115,115,121
29026,Tshirts,99f956d1ec4c9c9dcd0b23da4dfe08f5689d74bf36725e9a894ec7539e2a42fe,115,115,115,115,115,115,115,115,88
29035,Tshirts,396885aee0c02f5450841daf468df91b6aee8b1a8efb9e78c1101a330d450b8a,115,115,115,115,115,115,115,115,88
29036,Tshirts,be7e69d682d3b2455a324b804a763c133da775601a523583fcaa0ee77f30cadd,115,115,115,115,115,115,115,115,121
29039,Tshirts,996e3118e3ce797018b96f9ddbf7d7af0f1de15b85f6786758be15a321689ba8,115,115,115,115,115,115,115,115,88
29044,Tshirts,46179259f01ac01bc7c2320e2e48e5756db7949b82c87ab2a4faf5d90b1a9829,115,115,115,115,115,115,115,115,121
29048,Tshirts,7f3907eda77906ddc7ac890cfae9975cb3a2162d7bfdabc2ce71368c8ecde970,115,115,115,115,115,115,115,115,33
29064,Backpacks,35137836a52936ec99539c13e28e24d314f7d708008930d9da22322379dd5a39,2,2,2,2,2,2,2,115,27
29068,Handbags,163d6cac1651d59e91efe7f461f10c18f30f7888fbf3a0db1f473afdee6ad62b,38,38,38,38,38,38,38,115,16
29070,Backpacks,1f215ec491f287e92eb2a6af9bcdb8c90286567b583945c0410eac0247a9bd4d,2,2,2,2,2,2,2,115,102
29080,Belts,f2a5ddbf6f7fd7ab75b993cac95d789087e06d16c46ba34c249a2c23a2edb6a9,5,5,5,5,5,5,5,115,115
29081,Wallets,6d880e5b82f8deee4d900a4ad24200e09e03e592c08cc03bb869e80a8f90e738,120,120,120,120,120,51,120,115,101
29083,Wallets,73a78d2009e0b971e080473f5864f6835b5e7afc73c4ade1984a94149a78adeb,120,120,120,120,120,120,120,115,5
29084,Wallets,69a9010687c513899a09ada8cf20ff152a8ce9ec82181c5ab9d4e4cdf508bac5,120,120,120,120,120,120,120,115,53
29086,Wallets,8dcca5613f5b87fc4a1f4b6bab144ddda1412cf7d3012897b93f26090364a3b3,120,120,120,120,55,55,120,115,121
29097,Sunglasses,8cc108a53c1bc0097e0cafad1aa6da0b9516a8763184aa84050a21ee87b9e6ad,99,99,99,106,99,106,99,115,121
29104,Backpacks,fb9b64ce1d068a972c865cbb842c0c23c094aca480864fc5e869bdb62541daf9,2,2,2,2,2,2,2,115,115
29112,Socks,37fcde45fe54c341dda1f8e2dcabbaf62d6b6360a43865dbcb0c2e648b191d73,94,94,94,94,94,94,94,115,88
29118,Socks,1ca23664eb95880d06d13b5ba7fdddcdd2671717de7c928d57d1a87efaae9043,94,94,94,94,94,94,94,115,16
29124,Sports Shoes,6de88f481182495d8ce3f2efc8e70603e51a85f580fa03c114a1975f8b6842ac,96,96,96,95,96,96,96,115,33
29129,Sunglasses,e4dad1d92972dca2fdede3bf2425ea7f7135e0a85ee655597539a00fc1bba2c7,99,99,99,106,99,99,99,115,53
29131,Sunglasses,7c11625aed50f67885040fe5c429b76e599da7d7c805efa66648856ce301fe82,99,99,99,99,99,99,99,115,41
29135,Sunglasses,50b9af0e10b22c669eb4e82a130116a4857b33bdc92e0972f17bba39e45381c5,99,99,99,99,99,99,99,115,88
29136,Sunglasses,0c17db856de49a731416edc63b3d433799acefd690dc3b9b9f4d8dfdc1f7e8ec,99,99,99,99,99,99,99,115,105
29142,Sunglasses,f9670731a4b3ec5992b238f0e8b14dd39ce6285abf8955cf402dcc6e34ad2124,99,99,99,99,99,99,99,115,115
29150,Tops,09c0d6bf3cbae2daaba293ebf4b6771c323d4560a3ba9afdc5ec89b9e7220701,108,108,108,80,108,80,115,115,52
29156,Tshirts,96644d7322329866d6fe0138fcb3fd766a2b2c8ec28f91a669bf14328b8831a4,115,115,115,101,115,101,115,115,96
29176,Shorts,a3c8e8b56e160143213a83d34be4ee69e78b2e373cb0ecbbb37d39f89ed6b992,91,91,91,35,91,35,91,115,53
29190,Laptop Bag,a961dcfd568d7ece24fc51785471c6b427a7bff974904ddcc2e1d694f9c65476,55,26,26,26,38,26,38,115,30
29196,Sports Shoes,41ca585057ee3aca8a472ffdff87531aeecbe2a1a285dbecdf0a37d8f5121d92,96,96,96,96,96,96,96,115,85
29217,Socks,6911b28ef99f37fbc6c0112818a4d686b91e2399853f9bee8285f62242dca163,94,94,94,94,94,94,94,115,96
29241,Sports Shoes,65dc1e2ab609be68b87856d35fa082998a7e5ab93780a6e49129a11db4e7358d,96,96,96,96,96,96,96,115,38
29244,Sports Shoes,885c936ec252dbe31eba3bdac3694e791198e8763a73bd45c0a6de21034d52c4,96,96,96,96,96,96,96,115,2
29258,Sports Shoes,f807a2b53499f082ea5c1fd36c53c88f9542f3b3ac7cef771f90835054f29604,96,96,96,96,96,96,96,115,121
29261,Sports Shoes,59d70859f02465cdfd040c56bbed99dba4cf92cf735c829a35d5751d5998100a,96,84,84,96,96,96,16,115,115
29264,Sports Shoes,e266bc8c9ba41039cca45479a1dd625d3f0a5426ac302f64a96213b23e8d0a44,96,96,96,96,96,96,96,115,3
29266,Sports Shoes,b5fa9badb214b32d7d3431611b25194dc110948b2c8587cedf2a9a033fcc4d1f,96,96,96,96,96,96,96,115,115
29267,Sports Shoes,86f6c0a48039ec1290500c9ae5843ee5db67f3ffd4ce236d1fea855ebab5fd49,96,96,96,96,96,96,96,115,16
29276,Tops,9a7cd966b9d966d0f45a97f82a26c0dacf120cec8ec61a4cb9b0e4381f19ed1f,108,54,54,54,108,54,108,115,41
29280,Shirts,c072577a602bf4f6d36ca4dc734886421440dc5b5706a4be8569634d7b712675,88,88,88,115,88,88,88,115,88
29283,Shirts,75f494aff10b1159cef4007af1ba737ba2070ea94867ed84bdd1dfc56a1d82c7,88,88,88,88,88,88,88,115,65
29291,Shirts,6521bcf884ecde0ccdb7a73914668cf9ecd620c83cade3ee6e37e78ce9255bbc,88,88,88,88,88,88,88,115,5
29294,Shirts,6cb3b3349e1c29d40162caff0918377e101761db0215710a9f49ebd98fb4c382,88,88,88,88,88,88,88,115,108
29299,Tshirts,ce54dacbd23bd39e60310c4094752f7d8c046675497038f56995d2499383cd82,115,108,108,54,108,108,115,115,38
29316,Backpacks,9e4463b4bf791ffd462af0db910cff2636013d5f59c9c06dd5837488da0556b6,2,2,2,2,2,2,2,115,88
29320,Tshirts,8f468505142843bc0715119034167ebbfe07fbd93b3300ee0a8cdf36a1c58ffa,115,115,115,115,43,115,43,115,94
29322,Shirts,23ae4146699155d99d565f2c26d6a2757acbff8d8a39486959343ace41879375,88,88,88,88,88,88,88,115,88
29399,Trousers,bd86c0cb7340d8ffc0edd1b4634688f8bb1cb0fc3059bc65cbbe11f659c5b2ac,113,113,113,113,113,113,113,115,121
29407,Watches,688e976ef2921cc7cf75231230f832f4e21a9fd4252130093c02867d016833a5,121,121,121,121,121,121,121,115,121
29408,Watches,2791438375a7b26a4e83241d7215918181335dd71dae5cac556e0b1ba9fdf974,121,121,121,121,121,121,121,115,2
29415,Watches,c455be143082fdbb37900e7ba9f974b62e9327b6fe903e51e41e5cf012ec480e,121,121,121,121,121,121,121,115,115
29434,Watches,b19ea051dde14894f4da673b6d7766d9336232e25a850da32287740a9f59bafc,121,121,121,121,36,121,36,115,45
29439,Watches,24d4f2fce0e33a6260ecd5214f7e610b44870329d4a3d9cfb515e4f6e688f3f4,121,121,121,121,121,121,121,115,12
29440,Watches,401e13dc54753e0edc53046f1a9995220612fa0510ef62e338294cc541c943bc,121,121,121,121,121,121,121,115,53
29446,Watches,cc909dab6ab7523781bfc523b99afb5303bba83e857187922f521b7f5a6765f5,121,121,121,121,121,121,121,115,99
29450,Watches,7940c837b67c32b6d77177497041e6113ea6b821702f7fda980e9fafb3ba753a,121,121,121,121,121,121,121,115,115
29455,Free Gifts,f2260b3c5d09dea883daf3c41edf00b0267e2bf625394a5999191a3e8e08addd,36,121,121,121,121,121,121,115,38
29467,Watches,5c416298b5b43c92bae1815d0ec1df043bcffb535fb68cd2062bf8ea63fb5de3,121,121,121,121,121,121,121,115,16
29489,Watches,9fd42ca4573c56d0ff19bdf2234a847dc738b64948f413b8c9c5cf7fb9f10cf6,121,121,121,121,121,121,121,115,115
29495,Watches,d1381af4e3edc8bb99061816c0d9b986e0cf07390d667d52209c9acfdc23acaf,121,121,121,121,121,121,121,115,38
29507,Watches,500d7ae0e1dce268f2d78315f72b78151d44d1111bf42bcd9aab82e0695ea204,121,121,121,121,121,121,121,115,96
29509,Watches,aa0152f483357a8808a12cc2d35a3bbdca01f2e8f329b88bc0b2b2801161b40c,121,121,121,121,121,121,121,115,115
29514,Watches,6398c03793c5398da16b021a8905638e6257a5c204b3540d6be4b819c1ca7e66,121,121,121,121,121,121,121,115,53
29531,Watches,61b2197916c97528a74d12ee5d871ac588986bce2e2daaf12a9a6abf4d56d413,121,121,121,121,121,121,121,115,108
29542,Tshirts,27f30d899a344791b956832423d0da58bda38a2f0edfd63b8765822447270f41,115,115,115,115,115,115,115,115,121
29565,Casual Shoes,0c5b38f52a04025143803d675e169a48ca248b8acec721f7bc787c6e388c5d1b,16,16,16,96,16,96,16,115,108
29568,Casual Shoes,c8ac3e7055c0b5d6cb10189c083c985ffdf4deb168b691b221c2a8e1633ac07d,16,16,16,16,96,96,96,115,99
29580,Tshirts,1dd0246d32ab325c8d7b3b9f16f5b9e1c4f1c56c8f16e856d8a3e6f508c201f0,115,115,115,115,115,115,115,115,88
29583,Flats,548067ff9cb01fe19251605b7a928172d29c16e93d13ddaa98b8e9dd0c8de656,30,30,30,30,30,30,30,115,94
29598,Tshirts,fd532d0e6e74c4234c063a86ef1d88adf165e1c9676ca02bc861c690e172a0ec,115,115,115,115,115,115,115,115,115
29611,Shirts,3d71b30d72db96b67f53fd564fb422bd72aafab6dde81d457e4389f572ac0c95,88,88,88,88,88,88,88,115,121
29629,Shirts,171e8633419d4698062447b0548c64d092d1fb93aeb3696739b02e060abade08,88,88,88,88,88,88,88,115,12
29632,Shirts,243621607720b19f44642218ab890340b866d40d4a1c6e48621ae9bd20c5fde8,88,88,88,101,88,102,88,115,16
29636,Shirts,5a00f61f2ee414b6f32363879252635ebae49d391ac5750290b5d1e3bcb27ec7,88,88,88,102,88,45,88,115,102
29657,Shirts,9e24f50adb3837d5e6686bfced667191a2099b11811ec6f263397892c028de66,88,88,88,88,88,88,88,115,88
29664,Shirts,6575eba72d1d18e604c0cdfdb0627dba5f55f60ea5d3c4850f3c8cd219201866,88,88,88,88,88,88,88,115,115
29668,Shirts,b1475a913122ba81cb9574233e28329982d3c92f6ba764fa1ac86fca9d161f89,88,88,88,88,88,88,88,115,115
29682,Trousers,16ec9e29f938747692f89e9838473ae4aa4bcaa22b60652a332542792811ce85,113,46,46,113,113,113,113,115,101
29688,Shorts,f9ba360552c2d872116705c848fa737d1adcb3339dfd00a6fa48ac75217ba1bf,91,91,91,91,91,91,91,115,115
29726,Handbags,7696b3d2d289d8f497f63dbcd70e81c28553523a4c456deb86ec39694cae8ef7,38,38,38,38,38,38,38,115,2
29727,Handbags,86ad8df861c3bbba0b33df33fada5d1e9b87a5648f2fef7e416e6510227f823d,38,38,38,38,38,38,38,115,31
29733,Handbags,250d0907e5809811a82e1e4d0fe613fbd16cf854159e842f012b1a0e316de477,38,38,38,38,38,38,38,115,85
29750,Watches,62ee257e36d4205e8b5e546dea2d3c746182762a09a201e2687441731a0acae0,121,121,121,121,121,121,121,115,108
29757,Watches,74aeaf3a610520f0700f0d94451d8098f0503e0438930cdf7706f6ee884cd06b,121,121,121,121,121,121,121,115,121
29759,Watches,a3c89f28294de00865c2c3e85e250274bd32579857d9bf4d688de415c99e8509,121,121,121,121,121,121,121,115,96
29769,Shirts,836883766b83d3f445d93f27e18daf4b8fa1506d3d66538a32c6aea3cdb656b5,88,88,88,88,88,88,88,115,69
29772,Shirts,72f2b9cf5bf8b9a2c12768eec2e6886a6f34fa8a81012e4f07af7c5c7d3cbc04,88,88,88,88,88,88,88,115,115
29777,Trousers,83b089216c49750ea5cfc354c5b4ba74d9445d7b0dce64104efadb9a4b8d7df9,113,113,113,109,113,113,113,115,115
29785,Tshirts,e34ac78d0efd4a80b2ae01aac4cdc8c8ee5139282f5a6a2556cee2ba860e1ada,115,115,115,115,115,115,115,115,88
29823,Shirts,ceff47ec25955a012f667276409b50bd8a83d16af5cccb518e6c3267cceaae25,88,88,88,88,88,88,88,115,101
29826,Shirts,775819d5632e143ef03ef5c537786e38c826d48f8b5b777cb8974c322146d11e,88,88,88,88,88,88,88,115,5
29831,Shirts,81ff2d94696858d2bca67ea0eaaaeb120afc78d18371e6947cea0b9d9ec0a6d9,88,88,88,88,88,88,88,115,88
29835,Shirts,645c6426997f701dede4194475179f54c56d44d3971f0848bddfb4b69f86ec2b,88,88,88,88,88,88,88,115,108
29846,Trousers,f5c3f8380e01663f5ea89b72a335c12a7192a8cff1758db7abcf73c45c39b23c,113,46,46,113,113,113,113,115,108
29876,Sunglasses,8a4aa8d9ebfce9e33f698be0893449b1b7702dc5bb0cf45caa8af34f2c982671,99,99,99,99,99,99,99,115,108
29877,Sunglasses,79cd4bfa0f39963910d88ed2b6fdb089e5f472c198e72b1a20e528dd3eebb9c8,99,99,99,99,99,99,99,115,120
29886,Sunglasses,7868fc808f5343d896025496f7ead782ce39a6750dff6e7170ed6936f49d2275,99,99,99,99,99,99,99,115,16
29890,Sunglasses,1a93e17ae287d9d321e100212e0c721f29ecff25325c9c47a4575cd9be52cfe6,99,99,99,99,99,99,99,115,115
29893,Sunglasses,41e97e177b774dc7f15ab379b63b30608dad091ce39cc7b34e7840af2e852d9d,99,99,99,106,99,99,99,115,16
29910,Watches,9c38f6aee1509aad95dd329bdcab1d35756726accb4a6487327a7bc4ab664524,121,121,121,121,121,121,121,115,115
29912,Watches,db8e78abb1607dfe751137669899091448b3c4f4da947efdccbab209b08f8464,121,121,121,121,121,121,121,115,94
29914,Watches,14d75d05e77f68f79e44a61a9feb79053353193f56e4764910e4dcfa33e0dfdb,121,121,121,121,121,121,121,115,115
29916,Watches,d313a58550f995d2ebb74f3bb30655c9b7b1bf28f7b29b1348247411b0760b65,121,121,121,121,121,121,121,115,88
29924,Watches,4f938ac38f02bf9ff2775e8d5a86e0c8d6df346df8a74099af110fea84a265f7,121,121,121,121,121,121,121,115,46
29932,Watches,7c0593712b7fc03824a66f9ecdde22b960bf42af89afae20121187697f59cffe,121,121,121,121,121,121,121,115,41
29937,Watches,723d9f0ecbf62508f374a07f5b9d4476eed0bd7d71d00415c83bda22941bf403,121,121,121,121,121,121,121,115,91
29939,Watches,d396063081570eb8814ca56ff7810c51ac04582412b804dae880e265065f6a87,121,121,121,121,121,121,121,115,53
29946,Watches,f8110f63b74d361576f0275268931516dded3e79aae09fcf672b0a02e1590a57,121,121,121,121,121,121,121,115,102
29970,Sunglasses,0d96d30d86b3ecca0095e7551b8b2c700fad6525a619121814e100cefe75cde5,99,99,99,106,99,99,99,115,38
29975,Free Gifts,02f5fa88f4d005f9959dc1347f754c3ccaa4f364f9bc74794b631dc0d640bd21,36,121,121,36,121,121,36,115,16
29988,Watches,b34c765a1c36445b57952fe7892a8700a858191836fd8799f42e5c255b2e96e5,121,121,121,121,121,121,121,115,115
30013,Watches,cc39e015c5dc67df7bb89556057027637ac3f88b8fac67752200464cb5d978e8,121,121,121,121,121,121,121,115,115
30018,Watches,928a87ed896c32152efd4bab44656320fbad1036046a07ed547fde1c1c681aef,121,121,121,121,121,121,121,115,16
30025,Watches,924c6948475ce8ebbb60ea2d82c6debd91526a8a3350c5ec45f0cfd1fa4eb2b5,121,121,121,121,121,36,121,115,91
30035,Watches,99d7048cf7d975d46107b2be67bb0f2215564d6189166019349a262a84267d0c,121,121,121,121,121,121,121,115,113
30037,Watches,96fbc4c5f62278e27bfa3502b6caf3efd23d71a532811b4e3d77e1884a8c8794,121,121,121,121,121,121,121,115,113
30042,Watches,cff099b71584eadca41a8116c06a4ccd884615bd41214fb4efbaa410d0a07494,121,121,121,121,121,121,121,115,121
30046,Watches,f6670e44329b2755be6ce834933ee1c4f73bf1c99472bbd4d0b0d4d4691c5c4c,121,121,121,121,121,36,121,115,16
30051,Watches,38f2b7ea4ff5e8989ef274a5142b5d660b1579e8b1bfd23181de51d6ebd04e68,121,121,121,121,121,121,121,115,94
30053,Watches,b3e7a8711cc936435a17b155375fac48b427c259848f9f9a5d48a220290001a4,121,121,121,36,36,36,121,115,19
30056,Watches,0cb9b7c23f9c9a62f6ec166302ebafd2668cb70f8a8f72dbb610035a1615bd00,121,121,121,36,121,36,121,115,121
30059,Watches,e3f02caabdc68c4cbd979d186860fe6786db649ce3c48c3e9f563eb8f75490b3,121,121,121,121,121,121,121,115,121
30069,Watches,96a47b6294ba3ac7fb95d11eb8f747c3652897b4b8eb0f10fb10f7a0bbb0ced9,121,121,121,121,121,121,121,115,113
30072,Watches,af4f8eef86b0d2ec221d3d18a19606fb200dfc9809d9e1c1f003d7499f0e215a,121,121,121,121,121,65,121,115,115
30073,Watches,c078a7f64d3daf0db0e0186d9904b1faf9c51bef6165f3c1dfaf1f1f6e17b6fc,121,121,121,121,121,121,121,115,115
30077,Watches,414e3f675f8c2c73b616b43f7056d44b6e59dd5fb2580bf4df192317738562f8,121,121,121,121,121,36,121,115,31
30086,Watches,b8906554cbc81914296f16c9e8544d898826cbcecd5a863bf21f3e76cc7fdab9,121,121,121,121,121,121,121,115,94
30138,Tshirts,f840392b0bcf67c40305df3aedc7a82be4435ca730509dd0715bd11d048bbd0c,115,115,115,108,115,108,115,115,5
30141,Tshirts,d7330965fbe784ac35876cad131d348715042ae808a4070792d4ea7302ab1da4,115,115,115,108,115,54,108,115,2
30143,Tshirts,0196f59ba598a0dcb90f32ed0a23c5e385c003de105822f250dac2c56d7d16c0,115,108,108,108,108,115,108,115,115
30146,Tshirts,6fd60e3a9107ceea95f08435d13fb1c3ded94e221582494d27454cbb5547776b,115,108,108,108,108,54,108,115,116
30149,Belts,1de9db4f76e0d0ee5d7f653c9e5e4d851ec243500eb581418a631030da4465df,5,5,5,5,5,5,5,115,41
30152,Belts,241b5a37027a7826ff8f9960fdcb7b7a4aa954f8e280a87398bc2cab0a21cebc,5,5,5,5,5,5,5,115,115
30157,Belts,542770e0ed722223b4f385abfd30d4f32fc4e15b00d4c3aa4088d0725a858c50,5,5,5,5,5,5,5,115,101
30165,Watches,97bd7245e2819d59340f72383980774818bf704bca6a64fe363c49a1dbf8548a,121,121,121,121,121,121,121,115,88
30169,Watches,fc6a36b0f60176d770713b50f94c3ff9534d532e7a4a00b1f25305ce5673ece7,121,121,121,121,121,121,121,115,115
30172,Watches,e94f72aa6020545cdef86ce63a5d1bbd99618519943574baf78c1949feaa4d4d,121,121,121,121,121,121,121,115,16
30184,Handbags,694906d0867e3b2cea11c3a76b9297fb678e8e78d255bdc4c5767d8f3a79d481,38,38,38,38,38,38,38,115,115
30185,Backpacks,67d20887a91bc6230dc49e40f0b5d1d9fc6f9c6e6ce43a289422c30ad17e85d7,2,2,2,2,2,2,2,115,115
30189,Backpacks,62dd1e68982af68eb45ee84490de30319164e561de2fc1aa2e004a31559cf2f8,2,2,2,2,2,2,2,115,41
30193,Backpacks,243890bbe7b9a0738cdcf54c13b11354d78fb864c0d9b29362c0baf48efbc123,2,2,2,2,2,2,2,115,115
30195,Backpacks,79e90c15b4a59bc81667b5c2b4a196e10582f6854d5f4f678320ef43e1e4b439,2,2,2,2,2,2,2,115,115
30196,Backpacks,93fbdd9c13ed8b25d5395339c08d42016d8abfc2c7ca20f09f3a367aa12d7ffa,2,2,2,2,2,2,2,115,85
30203,Duffel Bag,d6febe9da56c70abd034724daf8a6a9e8b733b8a89639a37a16f92c38329c1b1,26,38,38,26,38,26,38,115,91
30205,Handbags,c970a7ec158efc58afe94290a231e732c75b36e447bcedd886908111cd93cbd4,38,38,38,38,38,38,38,115,121
30243,Flip Flops,e71d0e7640e119c855f97b0c84a02ef72826f08b5dd4392aab1d9c66eb9f68e5,31,31,31,31,31,31,31,115,115
30247,Flip Flops,1ae7909787ebc2bce1e0f12e7cf69e0216550928af9e8c33771c451cd78db4bb,31,31,31,84,84,84,84,115,99
30248,Casual Shoes,e6ce97bada1797747c07158955de30e58b65a094a600447214177d9dce5b166b,16,16,16,96,96,96,96,115,86
30252,Casual Shoes,65ba769baddd2871cf659825e9bd5e760a1ab8be600b0bfc3675e0dad6189444,16,16,16,33,16,33,16,115,115
30259,Casual Shoes,52db3b6e4a641ed24b5804753026c372d4e842807b5646b2877ca2554f291e31,16,33,33,84,16,84,16,115,5
30261,Formal Shoes,2987d6c95affcf1a64eba1439eddb5c2a446c380996c87ac8a5f0ea28109f297,33,33,33,33,33,33,33,115,75
30270,Sunglasses,d024b4f96dc20ff731f1a0275e295320ad4ba54e3693d55477ea3cacfcee99f6,99,99,99,106,99,106,99,115,115
30274,Sunglasses,231724a1646a36019c6ec56d68f421729f2df7a5d665f385937b4982380114d0,99,99,99,106,99,106,99,115,62
30275,Sunglasses,3d921ad03d297ef940c5b2a6b0742c153ed71ba0dc744c0a511ef4a0ba3f7e0a,99,99,99,99,99,99,99,115,53
30280,Sunglasses,01692bd8f95166437097cfbeaa33fc318714244e8b0b3d3c8853bf5a235a5c6f,99,99,99,99,36,99,36,115,96
30291,Tshirts,3f989b67740d79a6128aeacd0ee5293b99ee2f8162b7a02c3b7240f6194231c4,115,115,115,115,115,115,115,115,115
30300,Tshirts,0a17919092fe030773da6a2348c332df7d9adc127cddd3f70532d33cc5a2e562,115,115,115,115,115,115,115,115,88
30308,Tshirts,426a455ceaf37e639718ff27adfa043a9c8a992357ffe511832443da4e626124,115,115,115,115,115,115,115,115,2
30310,Tshirts,3e85191a9db9beb72e8a96dd1a72d38de10bce8ac3bdc6945ddfa81e3f6f177d,115,115,115,115,115,115,115,115,52
30319,Tshirts,d2effab532e0bf801c3e548d95983e14d1bce75a36167f1bd4f921bffc4daaf7,115,115,115,115,115,88,115,115,115
30325,Tshirts,4925a5fac031a27fd88ac979cc301dc589f95111956daeec46e6a861e96b00d3,115,115,115,115,115,115,115,115,121
30329,Tshirts,5bc7bf1598a4efbe537d18fe0094cd58d272b8b4e7cf672013a2799cf1aeecf0,115,115,115,115,115,115,115,115,31
30332,Tshirts,a23009ff77aac413e0e6df2edc6da159baf52fa30989fd5c2ce9a5571398f72d,115,115,115,115,115,115,115,115,16
30336,Tshirts,d74cdf044826b21a0146757840c471707c5b0d49043e2ee9393c9071c4b77395,115,115,115,115,115,115,115,115,14
30338,Tshirts,0230cd361471984943d1811ebab9b3e0cf1fd87f12e2423b4fd9bb3ff55cfcf7,115,115,115,115,115,115,115,115,11
30346,Tshirts,26d5be1a76be4e51e17387f6dfd25a18028fbbce91b6737b83fcb9d33c5526eb,115,115,115,115,115,115,115,115,33
30351,Tshirts,4fc56456f8c5b33c7a49fb2152f9cbbe3512358b10f659afaac05e6180f48e01,115,115,115,115,115,88,115,115,16
30353,Tshirts,9907850e9eaeebe2ae4b91bcfaf4ecff48ace8dadb58924c4c9036f2e6a9e1c0,115,115,115,115,115,88,115,115,53
30357,Tshirts,98730a0dd23d20a222ba78dc3b4b7a8da50591b5f380cfb56e5dd544148e31e5,115,115,115,115,115,115,115,115,108
30480,Bra,25b5a678ea7ab27c302caa2cc95b4c78af6e18bb40833ad1747e292573e445b0,10,10,10,10,10,10,10,115,99
30483,Bra,9f73f3d4b8f5a6a3072676a71711fdb0b6b8f1de96223d11722c26c65f4f3035,10,10,10,10,10,10,10,115,41
30493,Bra,5462d62a98754df2c09f9bbe387facd5fc8601e84997eeab12a42211684e37ed,10,10,10,10,10,10,10,115,84
30494,Bra,6b5a45717ce074dbf01b19f5e6b829584e47bfcb1616ce8ca215cb2aefcacd15,10,10,10,10,10,10,10,115,99
30505,Bra,eb62f99c805ca46e5a9f9822351ef65d5636caf82e4dc3a3cd3a770e8d7e9fbb,10,10,10,10,10,10,10,115,115
30509,Bra,8ac53f9a19df802c12557599f9c9404098d1399d2e5d1051fd4d5adf52bfd8ff,10,10,10,10,10,10,10,115,99
30510,Bra,ff62ffb04aaf30aea2351e3ed94f0bc35b9ea551d35646de2bc11fc163a4105c,10,10,10,10,10,10,10,115,88
30530,Bra,364c9b06b90f4bf3de70d0ed7aeccde0d4ed455191277a2b2827fec8042a526d,10,10,10,10,10,10,10,115,30
30547,Socks,910962642c61361ed6f33377377381881186c2576acd4038f4146f928ccb7a41,94,94,94,94,94,94,94,115,115
30548,Socks,b3397537831ed4097035779cbd43d2b07e4ecaf6fdc67d8685a7a01f50194562,94,94,94,94,94,94,94,115,101
30557,Sunglasses,a97990e3362922ea4242066bd6e77a61c4c260c9b6f105f27ec8e79f2f60d79b,99,99,99,106,99,99,99,115,41
30570,Sunglasses,83fda2fbc66f9eb14e137c5fa9021b6cc7c24a95fed7abc2e691ddd47cee68e7,99,99,99,99,99,99,99,115,88
30571,Sunglasses,a6cb4e1a032db7b40a42bb79bdc952f132cdc2ed5a4e8a943e99bcaa9c7540ab,99,99,99,99,99,99,99,115,53
30576,Sunglasses,85415ed44f0ee012249d0d1cebd63aeca3f3859465551b8c9e80885ffa1eae48,99,99,99,99,99,99,99,115,5
30581,Sunglasses,3f174a452e6aba34ab3421220aa67885405071e8d806309e70a88b7890c47339,99,99,99,99,99,99,99,115,46
30589,Tshirts,c03f79bf6b0eeb17488d96427ff53a5fc7e69d4b16afd9788ef78832ea835306,115,115,115,115,115,115,115,115,10
30590,Tshirts,6f4e9dcf0e9e7189fe2902bbec292369e10c945854740ecd0311533a2ec864d3,115,115,115,115,115,115,115,115,88
30637,Shorts,287531efd77b61bcaec3f659d836126447790a22456dc7628ee1c88a94327a5d,91,91,91,91,91,91,91,115,99
30647,Tshirts,f5751c16a80323fe67a3b491f26c4693d390e58251888c1fdb8ce50771e734af,115,115,115,115,115,115,115,115,121
30663,Sunglasses,b3eda0df0c834a41126c12d12a7b86a12afa5413869c151977be6401d3d0e7c5,99,99,99,99,99,99,99,115,102
30670,Sunglasses,c7025d9173bf22e1475796b16f39604b3ef13f947979f10aa536e0194c8a8f27,99,99,99,99,99,99,99,115,30
30672,Sunglasses,c161327845cbad59a6e6c9e41764006ddd679491a2dff19b64151f61a8a89164,99,99,99,99,99,99,99,115,96
30674,Sunglasses,6a6c7ef16b9f96ca373109cb486e26c99b870fc8be9b38852e26dd45cc1d8e96,99,99,99,99,99,99,99,115,33
30675,Sunglasses,7297b5d6b54bce91f057e9cd2be6042f675c2f8b073cc5e4c21dfbfcb338a0e1,99,99,99,99,99,99,99,115,109
30680,Sunglasses,c291bd67cdeb34aeb31ce0fbc1e8f4cac27db6d93a999baf6f075d2bce470a09,99,99,99,99,99,99,99,115,38
30683,Sunglasses,4947816b01b085a8f7862f9281751156b956234a31b521038d5055323aa29f6e,99,99,99,99,99,99,99,115,88
30684,Sunglasses,d02fe9f81a4a7784de8e01244e6989f2bb2f994d7834c7f329c53bf55b276221,99,99,99,99,99,99,99,115,40
30694,Heels,d695b46d46b1559f3faf76b6ebab421255da13603cf623b1cbe883c33642bcf7,41,41,41,95,41,95,41,115,12
30715,Kurta Sets,b7af8658c64467b6158220c5eda6b0fc9af4ae80703a8aa67687922094833e96,52,52,52,52,52,57,52,115,113
30716,Kurta Sets,443bdc4e7426954544d314470230f3b92a27d78b7aa520fe8184238129ed99d1,52,82,82,52,52,18,52,115,101
30728,Salwar,9ce0c22f1c48bfe3cecd32ce3378cf12567a5b6dc6134b3ae1b781ae32c6e5dc,82,82,82,52,52,91,52,115,113
30733,Churidar,dd37e76e19900c14f5c717dc7cc0678c782e2768d1dcb16ab0332b24ee5f359e,17,17,17,17,17,82,17,115,46
30741,Nehru Jackets,0742fa2f50f56fc294f231a092dec6e09e01c685bca8ef75149eeca0ab903956,70,119,119,70,98,70,70,115,2
30743,Kurtas,9e8f6bc9cc77d4214161a9a66949eef0f62d6a90ab5289f46f09f54781e401bb,53,53,53,102,53,102,53,115,88
30746,Kurtas,bf6f93a639a46585ef0be04c9129dcf73c41abb0de08228c8a82ad73a87d286c,53,53,53,53,53,53,53,115,115
30748,Kurtas,4ae4e5f14b75ab456806df531f2baeccd2d175efd4f21b85195dd495ab4e17ed,53,53,53,102,53,102,53,115,115
30750,Kurtas,2eb76e6b945167b93936484e661173b54c784cbeb3fcb620791c140a4677db03,53,85,85,98,53,36,53,115,2
30754,Kurtas,184d8e4650c5614c2246b5894241901f4d59a244b110fdb6e90dccf52d75346a,53,53,53,53,54,76,53,115,54
30755,Kurtas,b7a5bc3fbdd70a694d4400f7acdd6d4f6cfac46aed31c254d2b3c7c9b0ce0667,53,53,53,110,53,76,53,115,88
30757,Kurtas,7c27f9010ef9d02ebcb6892ac589e6c2e1b6dd59d28bada46fdbd31080e3c34f,53,53,53,53,53,53,53,115,33
30764,Kurtas,279e63b99f7b32a1a7c5421816f5fd09dc646caba5643f3a6383cac5a867719e,53,53,53,102,53,88,53,115,0
30767,Kurtas,9323902060591bf7feb0eb780a6a068ea45e04e3a1877a6e4f346f6d63bf5fcb,53,53,53,53,53,53,53,115,12
30770,Kurtas,90b2cabb2c366903e06bbbc4a8a41dbcb1ae09dea5d78016ce7832a5680198b3,53,53,53,53,53,53,53,115,31
30783,Kurtas,e0c3ea126602430bc367644602b97a4e9b50a3a207035ee6a351e8e4af5055d3,53,45,45,88,53,88,53,115,115
30784,Kurtas,1f465bfae72d9ad369227b55e359adb219892fc0fdbf57615e1cd041db0c8308,53,88,88,88,88,88,88,115,96
30785,Kurtas,16318a12f9298a9c21cf2252bfa39cadb15a3044d755c376993c31d52793e44b,53,88,88,88,102,102,53,115,5
30787,Kurtas,01ca2adf01fe395662afc17d5d69fd2aed8a27fe2ff97d9bf15cce3c6431f055,53,115,115,101,115,115,53,115,33
30788,Kurtas,bcd225684ec1da2aa988d53d08839a8320432349ca55a90a9d3dd22f545b9ea8,53,88,88,115,115,115,115,115,84
30797,Shirts,2505c979f81098645e0b5b5822985be787e488d7e5e1de7a79ce3eaeb96f0581,88,88,88,88,88,88,88,115,16
30800,Shirts,e3ed2a45f15b0a5ec179cea9dcddbef4718181c7c8b10a7598816b6bd82f9f0e,88,88,88,115,88,88,88,115,66
30803,Shirts,ebb837a7343b3f39fb49f5a03a8f37d445017a065204aedcbf5b4dfc79d4b718,88,88,88,115,88,115,115,115,38
30805,Shirts,f18a09e78abb105ca298f4d086c6e8f4df720876c36abbf85c9d664eed3a9eec,88,88,88,101,88,102,88,115,12
30814,Leggings,d33aa3f87aa5b450024c2f8e909ab93840fdabbe52894c9c5c392e5988a0fa9e,56,17,17,17,56,56,56,115,120
30817,Leggings,485fef3e29bc0bf84267092f331cc917e6cf93bf65d8ea38c8e9b5e1324ddc05,56,17,17,17,56,17,56,115,28
30827,Churidar,18a8585fe627ec00fcba76ab9918daaa9bd1907f96ed662979b23ff52d0e803c,17,56,56,56,56,17,17,115,115
30832,Churidar,8aefda089ab985b55fe8bf7dc891f11a543d92704470f5bb543a35c3c8c2dc15,17,56,56,17,17,17,17,115,115
30837,Kurtas,0f59b3fed52876f8cc63e67a0bd809947bb22f2c86c4d9ddd468372dfc6f6cf1,53,53,53,53,53,53,53,115,121
30840,Kurtas,a4b32c1e5324287e88a6112264f1835d56ffb8798d7bac40e83fe76f50a91989,53,53,53,53,53,53,53,115,108
30842,Kurtas,b3d2a0d162529b79e447af68e9cb745dd38255e10ee87a9bd1c82b859ec830d2,53,53,53,53,53,53,53,115,115
30855,Kurtas,8d4f5952ff5fc6d7b8f43bcf038aef16e6c9ffd84142ba55339709415b072185,53,53,53,53,53,53,53,115,115
30858,Kurtas,6154afd0f68e057f90d140e57295ccc02674c42403bfab0824e98b5b0bc19046,53,53,53,53,53,53,53,115,114
30862,Kurtas,12b4aeef49adb0a09a1ccf27aa0039d25c7c07f47932d9f2818abc23314e82a8,53,53,53,53,53,53,53,115,115
30887,Kurtas,b2949942d1138315fec3122efa6548870c8959b5e2d6cfd6ed5fcec8240ba6d4,53,53,53,53,53,53,53,115,115
30894,Patiala,91619b89a18789eb2912bb25b0e82d268f3e10232a8955dd30449b7593b95921,73,73,73,73,62,73,73,115,31
30901,Salwar,13b4234e735b059e9a3b3607b082ddc2cf8dee5f4bd37b1f9afc0885fc074958,82,82,82,82,82,82,82,115,115
30902,Lounge Pants,63058dfea0e0702bb919fb0dfe44d109a0d06d402db637350b92c6d489348635,62,82,82,82,82,82,82,115,33
30908,Tops,21a35ca663c9a22bac89dcf979bd33681d49c73c907f761f096bef2be47800ca,108,54,54,54,54,54,54,115,122
30909,Tops,b3e65817caa4ba1b4ade9604b48cb9edcf4d13ba6ea4a8451e39de592a644c68,108,54,54,54,108,54,108,115,121
30915,Kurtis,db3f55c130c7030a94e38a7c90259c51aaa147bc4a2b9a4c61eeaba1cbf98cc7,54,54,54,54,54,54,54,115,115
30918,Trousers,0f6d2e66435e6d7148bbe31ce0de6724331e4eaaa04327587f38fdcac8846069,113,93,93,73,113,73,113,115,10
30926,Skirts,83e173519cf13b74751faa7182af8cecc4ef267d8df2bbad841890d5a56fdb8e,93,93,93,53,25,93,93,115,2
30940,Kurtis,9acec8545a1c412c2d8a4776d86e38b10530598abcce5a329e8555603e4722ac,54,54,54,53,54,54,54,115,46
30944,Kurtis,07a79ea2550429bf8b704199fb17ce51041d6dca1cee653b3d0581186b641857,54,54,54,54,54,54,54,115,85
30945,Kurtis,4fea2f7a2c375a4034566e3b21b9752aa670117aa08fabafea2a08075611e151,54,54,54,54,54,54,54,115,108
30946,Tops,1991050e945198a5df08473b0089173e6e07e666295aae4074f8a9c8a8f016ac,108,54,54,54,108,108,108,115,38
30953,Tops,6a33fb1ac60707f9fa460e6f92f5d7dd297bd093467040c03098f29f08894cbf,108,54,54,54,116,108,108,115,102
30954,Tops,9c86b37a3b95a3f6b95c787067cb9e87243d69518c2586f2882ae7cc933a17ba,108,98,98,53,108,54,98,115,99
30961,Kurtis,4c228f3b42cd1cb81e4a6537bc3c7913fa99f7d6e9bb3e84c21342eaf211ef8a,54,54,54,98,54,54,54,115,102
30983,Perfume and Body Mist,c21575fd159e6e8dd19199a187aa7bd9c40aa30bdf724f1534dda55b4378f8e1,75,24,24,75,75,75,75,115,115
31017,Shirts,0e2ae8135f555cd0341665e80eae4ad9f263a82167561d3c7de300cd737844a4,88,88,88,88,88,88,88,115,121
31035,Tshirts,492efe44cb26bb489c38eab0d491e63707e6172f21ce4530b7694fed06080f2a,115,115,115,101,115,101,115,115,121
31049,Shirts,8ead16284f62200dee38eb9540321109f2e205b0ec58adcb3a0e8508903e2140,88,88,88,88,88,43,115,115,30
31061,Dupatta,d89628efafa5d77b11d44c1cf0743f3c21e231ed8e9489a24615e70d9fb69a45,27,25,25,85,27,85,27,115,88
31065,Dupatta,a14bd5a468548d1c2a88c0a28d9faf89105e4c300ee0c81a55c798528af288ab,27,27,27,27,27,53,27,115,108
31066,Dupatta,f3526e0e6a36c9c6eb1e2f5d6510cf1d4035f0028724636d56d1ff0536e49211,27,98,98,98,98,98,98,115,2
31072,Dupatta,1753f86c3fece405543c7431a68b0ca58b4c0b0b19aa8b7f97eb6ba6bb11fe9d,27,27,27,27,27,27,27,115,16
31075,Stoles,c9ee393499e6935fb08b6b5d4593b0bec7eefad9ee42945615d67be6688d5554,98,86,86,67,67,67,67,115,38
31085,Stoles,80ccfe3570c3144475d30b28604f7595cf184833778e2cfad8f0d24656252548,98,98,98,98,98,98,98,115,84
31090,Shirts,b62f7391fb04e63ccaa8420c36b2e14cd0d258a2fe542b13ba6a2091f7be2919,88,115,115,115,88,123,88,115,53
31096,Shirts,970a7b19deeab8fce6996ee1bba016ac4e70ba4ca22fd0051ac4c240379ab408,88,88,88,80,88,78,88,115,108
31105,Tshirts,f9c94e44443c0a6d0be0157f053b3f0daf7b28afe05c27f53b4e8ee310768e84,115,26,26,65,115,65,115,115,41
31121,Tops,f677a2eb6e5e94e11c42ddc8f64efd35e8fadb4c1031a57a231cc50a6df0224e,108,108,108,115,108,51,108,115,115
31123,Tops,2451d4d007ec82df703de6b312af758293bf34b38c90e30b2ff56f21023f1519,108,108,108,80,108,93,108,115,91
31124,Dresses,dd1a292aca9b860607b969bb226cec7519dcdaefcec7b2f1e818ffdc5ee7dda2,25,108,108,115,108,115,108,115,10
31127,Dresses,33655ddf1e36572e9625567c356017f49f3a04ba105af748a10d6826993a3726,25,25,25,25,25,2,25,115,5
31152,Tshirts,f39cea63070ebe799f378a530480d79f2bddd68daebbbce78a6da43569505422,115,115,115,115,115,115,115,115,113
31158,Tshirts,7c04da10a3bd40ee4580d35bcfac68646b85891ac5ee8df318ab26698b8f91c1,115,115,115,18,115,18,115,115,75
31162,Jeans,10eb2866c7e996f16cd97b138af8fbb7e13cd1c11d2dbf82e3ec95284bd5edef,46,46,46,14,46,14,46,115,16
31164,Jeans,86c6513a182f8e35757d675ebd5c920195cf64bca71fd44f83e2fee416be764c,46,109,109,109,109,109,46,115,46
31172,Tops,6aa4f1b6520f52d1580b223eedeaf502cd0ea281d7a8ca4e2208c0fb86a4de1c,108,108,108,115,108,111,108,115,75
31175,Tops,17a4af8d2eafea0d84e9b8192bb3b4da4cbb66c897b6894caf7d0192af718c6e,108,120,120,57,108,51,108,115,38
31182,Accessory Gift Set,8abaa95c6df1551c7fdb4a6f93e58310a401e4f37ce91a54a7c452b59e2c407d,0,0,0,0,0,0,0,115,115
31183,Accessory Gift Set,da6b97ee0ac70dfa6f767fe3af639646588b7ee0b8ee4745428db5a4faaaeb61,0,0,0,4,0,31,0,115,94
31187,Accessory Gift Set,05b5b1ee5cada6e517e322fbd1064b00242052ac18c426e7303b527eb7ebc6e8,0,0,0,0,0,0,0,115,96
31192,Accessory Gift Set,7e711eec3669726f2d549124224a2a5ebf6d1785e2543e2ce15a5bf827e6312a,0,0,0,0,0,0,0,115,53
31194,Wallets,24d316280b641abe992f5bf89e7c44e907ba5d46463444192f1f9eb4f3fe16ce,120,120,120,19,120,120,120,115,82
31196,Wallets,2ad1c91daa65081d646a8ba837480ab37e3b70e2b4c707806e5ec419a7b64103,120,120,120,19,120,19,120,115,16
31200,Accessory Gift Set,91ed8f5b54118a0d39ac80ee76164f339b2304771f03c3fe7642e607e91eef51,0,0,0,0,0,0,0,115,38
31204,Accessory Gift Set,e03c3fbd98a6c530d831e05c8a8c897e0737228880a64e9711be20def49c3185,0,0,0,0,0,0,0,115,94
31207,Sports Shoes,feb755fcaaefbbc5724ce36c316b4d674018cd03fa3c9bd8c07be1665a73806d,96,96,96,96,96,96,96,115,33
31208,Sports Shoes,b6213eb2fa5d955391353b0fab1600b464b060dfd2ccea5463db50bbfd5ec747,96,16,16,96,96,96,96,115,108
31209,Sports Shoes,db9285835b70edb253d153f5f4dcf62f930f5ae20f51edce119458337c66c392,96,96,96,96,96,96,96,115,36
31219,Casual Shoes,c7d29c1659b69f4d4ed969b26eb7d17079058afa7b63b3dc35c6a93f35704e47,16,96,96,96,16,96,16,115,108
31225,Tshirts,6d881863bef14e4d1e284a9d82b4cb898cd6c22207333dcc4b86f6dccb0c9a11,115,12,12,12,12,12,12,115,91
31228,Capris,39599306a5c11a128d69b696197c26d03c281d769e5d64775bf3f929d1a352f8,14,14,14,63,91,91,91,115,115
31235,Tshirts,5af2e80aeacfa92fa00af0882b0fa3b8ba47852c621ef2c28f9283fa6da522e3,115,115,115,115,115,115,115,115,113
31247,Tshirts,c6757cdb8bf24c36ca2a9b875e63465f58dabc56eaad0af1d5043556e81cd495,115,115,115,88,88,88,115,115,94
31252,Tshirts,e9eb86f56c806dba0760d9fc32b76e856945c4ea973f2d36aead24b1df1b0129,115,12,12,12,12,12,12,115,38
31255,Tshirts,1b6fa4a5cc1174030aae25ff0f82bb476c97e094b03ac10cef20d26b8e22efcc,115,115,115,115,115,43,115,115,96
31260,Tshirts,1f86a00de679639df5e48e8aaa3075369b86ae38d1ee9672fd68d5f9ae1dd481,115,115,115,43,115,88,115,115,91
31265,Tshirts,d0aaf58d65c5b75efc5c59bee88b5e6c304e195f59a730b51fcb957ebd537e0b,115,115,115,115,115,115,115,115,99
31270,Tshirts,e44cd1e2104ee68131fab902b070709051ade030f5d3668bf43e52ee7dac9bed,115,115,115,115,115,115,115,115,96
31282,Tshirts,069af0a498466b5b283e21ee64717dfe7192141546b72e4f8b93e38684c0e829,115,115,115,115,115,115,115,115,16
31285,Tshirts,24f0642afda845f0544ffb10ee445bdf6438ff7772ec106467a0ccb36b9cf03c,115,115,115,115,115,115,115,115,25
31287,Shorts,6c4c3d000aa45441c40b598a2830e43c38090033310c78120ca1234fdecbf7fd,91,91,91,63,91,63,63,115,99
31289,Tshirts,edfc8c0c1c18593bc15aab900a2198f2581380ab12df7a43fc5c5deacd46257e,115,88,88,88,115,88,88,115,88
31294,Tshirts,9aac928af428a5fba4b9fb2f9922c9dc8ff5ca78a5393932c5c9dab6eea105bc,115,115,115,115,115,115,115,115,88
31299,Tshirts,b7bde56d583914a9a6a7ae9634bff899c5b2bb8bcbc5d1f1c2b69250aa0657ee,115,115,115,115,115,115,115,115,96
31309,Kurtas,7e9923e5b207664ee39040bf69d8c8bf26c82b0e9af69e122c82233a4769a261,53,53,53,53,53,53,53,115,115
31312,Kurtas,1b60bcf02de921be2f3ffa3251716e75eaf013081d5b56d4ae453a69b02122cb,53,53,53,53,53,53,53,115,121
31332,Casual Shoes,91d2ae133fa6073b354cee08c1eaedb6e84436cef5b03239827585e0750937b6,16,33,33,33,16,33,33,115,121
31361,Tshirts,10a7d20dd657148227c8a3eee8d92eed9ced76f88e280070947ab7dfed1ac020,115,115,115,115,115,115,115,115,12
31363,Tshirts,a55041de4664a3e21430f506ce4a4d9024aaaf41b36ad40e328df1fbf5007151,115,115,115,88,115,115,115,115,38
31408,Innerwear Vests,c3a39732515c9d3ca562aae92820061ec3421725d3da4372afdaa5ba92de66e6,43,43,43,43,43,43,43,115,19
31410,Innerwear Vests,086a87ffeed74fdf7301f55d55ab0542387d1adec3ea3e69626204af6c25a925,43,43,43,43,43,43,43,115,115
31411,Briefs,f33c2e3741e5857d7328fd5bc2a34e3e453bf97930fc5f5712c589e698afa705,12,12,12,12,12,12,12,115,69
31413,Innerwear Vests,4cd7e8438bbce60dc32d6bc1fec853f275540556457eadb21acf84a616bab420,43,43,43,43,43,43,43,115,38
31442,Tshirts,e703b60de6b2de7073eda193c4a20de5bb0a696c24c93a0beb305b633138fe05,115,115,115,115,115,2,115,115,91
31446,Tshirts,2cac6f53d7535adb5e8d6078f87b1eead46f2098adda0a16bb9c05c837e720ab,115,43,43,115,115,115,115,115,115
31454,Skirts,a107d53a07b1ad942d0d8585cf600cdd016583bc4badf60f68ff4952af8f0a3a,93,91,91,120,120,120,120,115,94
31553,Casual Shoes,475464a19c55046ef9a55c05570b23d32d38b38359cd238cd4efa11347ae7d24,16,16,16,16,16,16,16,115,115
31554,Casual Shoes,bafd290ec1a55d40824b4d98bcc955ff5cbba1625cc787a765f5457d48dc3154,16,96,96,96,16,16,96,115,12
31579,Tshirts,422b0124ef4232e4ae330e63bbd2f005358c4e7f32ef2ec7b93440d1c0d0cdc1,115,115,115,115,115,115,115,115,5
31583,Tshirts,0b4cca803b063f8bb5b2d6dc65d90c5afa4a4fd3afa5100fe6c8a72d170e5be7,115,115,115,88,115,88,115,115,120
31590,Tshirts,6b0264ea1f65d21d46820741c684306135e7b084bb83b44655d836790c818fdd,115,115,115,115,115,115,115,115,115
31591,Tshirts,830b45636e1ecf0433bbd22d2e9f66ea34e298e4ed25e28ea66a912223c06d23,115,115,115,88,115,115,115,115,88
31595,Tshirts,b8f77284fcb15350843990ddae56f2330508b38b0c6d20227f292717b21dde47,115,115,115,115,115,115,115,115,121
31596,Tshirts,3d063263fb1b64ce41fa33cda57c2516a125589098358bc0e9e4e437e59a6444,115,115,115,115,115,115,115,115,115
31601,Tshirts,8bafe97a8f839852eb14ea10fdcb82b8bbd0d5c376dd49982775be02a79e6d34,115,115,115,115,115,115,115,115,108
31627,Shirts,6eba977bf7cb7acd0fe4973d876764ca328e3e02988f9ddeaa1c11020e2b04e2,88,88,88,88,88,88,88,115,115
31643,Shirts,219c99c232bb9042e2939489be834f293ca443fb85e3df5874d4e80c821c3413,88,88,88,102,88,101,88,115,88
31654,Shirts,6fc67c3f4295000d8bab620d61268acf05d5f8f287f312eb56b00e35e508d057,88,102,102,102,88,102,88,115,120
31672,Jeans,454d09792f6d8c5f7bbe690eeea0728699062fb71cfe01bdd19b6253f7e84a7a,46,46,46,46,46,46,46,115,26
31680,Tshirts,266bb6554d142f4a31b7b16f9b27f1722f9190ab63718033b7e138719a3394fa,115,88,88,88,115,88,115,115,53
31694,Kurtas,12232ded9e335cab36e86277dee543b8c8aab3c68e9c80755541a1b6b16ada33,53,53,53,53,53,53,53,115,88
31696,Kurtas,cfa705bae96d6a25bbd595e9266e08662a0e65f969ba0c4616326b1419b53299,53,53,53,53,53,53,53,115,28
31698,Kurtas,e424a8cddeac7864677cf2f0eae8f52045967a2fdbafe737e48731e5fd1d2583,53,53,53,53,53,53,53,115,88
31700,Earrings,426cb1647d110c067cdca975594e00f625a1d9fb5de26eb9a067f109eb6bcf56,28,98,98,28,28,91,28,115,99
31703,Earrings,2665aeda9ce5c2af432d7ab74e9044e6df77f2194364fb54dbc6dbc424a26c98,28,28,28,78,78,78,78,115,31
31704,Earrings,6b4bdecaea74174ca17050ee25760465633faea4b70b25a6001cbd6cd208ea02,28,3,3,11,3,11,3,115,75
31707,Earrings,7f48dd0b955d5c1a1d2c8872d2af97d6a13d7276afacb3990c777857a98ee957,28,75,75,11,28,28,28,115,115
31708,Earrings,67a7c48a1e8bc3d26404fe122e4f0a927beb3f7494bca2ea8de404dd862c4c98,28,28,28,28,28,28,28,115,2
31709,Earrings,1ff99cf13f02259f7dab1005e0cbff1db74a66d968a5a258f1326a5fb2117037,28,28,28,28,28,28,28,115,65
31714,Earrings,1a56631a723ec15eff81d0f479f7a276e50f426b2263c435bcaa5be25da5ce8e,28,28,28,28,28,28,28,115,108
31716,Earrings,251dfd887df0152aebd5a2bb6e6dbfaee9640a32b60c1d62b0c34bb57b855cfb,28,74,74,78,78,74,28,115,16
31721,Earrings,d956bd1543cea8ec5099da3b5d82fa2a9e1bf69bd304eb215a1b1707f26e176d,28,28,28,28,28,28,28,115,120
31724,Pendant,3bef9f94947c18aa2c2f82dc6b3419c67fcc2c0acb81d76eb250e3d5389bde7d,74,3,3,78,74,75,74,115,12
31727,Pendant,efef41461e4adb7e3c0aae9b0dd15e945005f7012feaab5d1cdbefc6c2c1fb67,74,75,75,74,74,74,74,115,53
31729,Blazers,30f2da1dd427c8ae16a7198b6d07c5390c59543093406ed67f74da707a4749b8,6,6,6,88,88,88,88,115,12
31742,Blazers,8d959bf466d84dfc00d54bfc5eefcdc5656516d5d9e1c5e748ebc89f47ef6459,6,6,6,6,6,6,6,115,115
31785,Tops,7a2e984cdcb3dfac05587a544e6d1fe5f68964e7577e97f9d89fb3374b368c7a,108,54,54,54,108,54,108,115,41
31800,Tshirts,e34b0b7d97720308c8073ec9f7ca729e48aaff49bf1760c8f726d777edfe5826,115,115,115,115,115,115,115,115,115
31813,Watches,57d8db8f3ee5e34e151ced4c6cd7e9ed55cc0a4d68770024d81be647f254ae16,121,121,121,121,121,121,121,115,41
31814,Watches,7b08fc396bb554c7a5e41e0288838a1ad60c579b5e971c2b4b017669567e72e5,121,121,121,121,121,121,121,115,115
31819,Watches,39739b28941801ecd946e6fa7523b5588a6051559b7cf3a753525515ae9dff6b,121,121,121,121,121,121,121,115,121
31826,Watches,be6a5c0ec46af910e6700f34429a66693158514cca05b06326ca075ee6472061,121,121,121,121,121,121,121,115,41
31829,Watches,965c5344817fbf1ab415b9e6e2e72c5c48aa76631e4cdde6824d78d30851460a,121,121,121,121,121,121,121,115,115
31831,Watches,4fe589633b8f8fa7daea92fbd4df24fa7710faa4d79fd74fbb61993740c1139b,121,121,121,121,121,121,121,115,121
31832,Watches,934adbd6190570caba0415e61cef324af671a1458ece1efe563d1585a974cfe5,121,121,121,121,121,121,121,115,41
31835,Watches,9f05dd6834777bff46946672c6eabef2677a6ead4db3fd18cf941b5c4df89bd1,121,121,121,121,121,121,121,115,16
31838,Watches,cb921465e943d09184031153c46b10d1ded80de8014171998d5b29e4a4f86e56,121,121,121,121,121,121,121,115,46
31840,Watches,6aa80f7d2f48cf1b1a728e980ba7e843270e353867bc08b00eaee599a95a0d15,121,121,121,121,121,121,121,115,105
31844,Watches,79d8d9e0d68bf357f70e85e95202d5eb3b7cf512f0f1e38ddb2a37a784d68fc5,121,121,121,121,121,121,121,115,96
31847,Watches,58972cae00f11035e9490b301b33c7ec2dfa794a1cb1ef60ef3333d0f2772bda,121,83,83,52,121,24,121,115,108
31853,Watches,3eb14605557f32bef17284f039f2dec470f58efa3050be16bf9e9813c13034e0,121,121,121,36,121,36,121,115,45
31869,Dupatta,8c23657b5f51d5f98187c7632125be8c6bc68a674134a69e1efd1014eab3ff1a,27,52,52,52,52,52,52,115,38
31873,Dupatta,33198a4bd6d19bf1e72f4caaa8591061c1d32d0da0b92761335478ab42d8313c,27,27,27,27,27,27,27,115,115
31885,Sarees,1e1b8074e30a4b77220e4f37df68b3b62eebffb4d38ac7011d4a12c5acb0f94f,85,85,85,72,85,72,85,115,115
31887,Stoles,bc36973868c4f58642e596d6b03f18bcc88af560b6d6aa42624e6c5f609433a9,98,98,98,98,98,98,98,115,115
31889,Stoles,665b2438194d0379cbf9b5bd7a4a77be5b6eacb1ec7a8f3fd4296b077e9b824d,98,98,98,98,98,98,98,115,43
31894,Stoles,54a409561eb3b664f0a2dfa52be29f88553d82be101100e2d2882bb547fc3a8f,98,98,98,98,98,98,98,115,108
31895,Stoles,01cac075bdeda44827a6ec233226a75569993a6a6cdd1f895c1761b9c2ca61be,98,98,98,98,98,98,98,115,102
31912,Handbags,11505f9b626bbe0137183f267101d4b5a610b52173a00c3d6fd11d58506e6378,38,75,75,35,19,35,38,115,31
31924,Handbags,fa2c7c76128034803759248f6f03b735aa7792f523f9425881576e040d17641b,38,65,65,55,65,55,38,115,96
31932,Clutches,cf8acbed0135f7bd240aba63a08aa37e8d5e98ba9742cda00b4ab8e2b74b6a64,19,38,38,38,19,38,19,115,115
31933,Clutches,919290d77d303549388b0567feac94d51f08bfedbaa52e7810b19f3c93f135b1,19,19,19,19,19,26,19,115,84
31935,Tunics,67e5a91e373200cfeb06c369d58099aa1b45e1046df8c1c29ecde26c88e5f6a8,116,54,54,54,116,54,116,115,108
31948,Sports Shoes,13426c6468aa97d182bd748cf9fb9874193ee7f6995b7132db2ee81621a17a6a,96,96,96,96,96,96,96,115,115
31955,Sports Shoes,b91337c40dad802333a89cc6a46cbf8d2121b4b8128793bebd8998d6f07f0b7a,96,96,96,96,96,96,96,115,115
31957,Sports Shoes,5b865f6ec1eb0a4f0a84ad028bae3499418f575fa8ea575c39d31955f9bc4cf8,96,96,96,96,96,96,96,115,29
31960,Sports Shoes,0eb2b721cb96a9252bbea520147341ec256f3499baed6269e8227c3dfc67ce63,96,96,96,96,96,96,96,115,108
31970,Sports Shoes,40bd499b437ffd82b2ced9365ed981e066d071270ffe9b07dcf95b473b6bdf4d,96,96,96,96,96,96,96,115,108
31971,Sports Shoes,071c12525236b7b011f8d7cf54b249c97259569769d7c95461c57b26f92c6792,96,96,96,96,96,96,96,115,99
31976,Sports Shoes,82096c1084358305fc6d4ebe7a20420642a6f244ee23cde8618e53f6cb32588d,96,96,96,96,96,96,96,115,41
31984,Backpacks,e2242a5c6f430eb03325a09b61dc644cd15054ba3c7170ff6283ab8e13faeb5e,2,2,2,2,2,2,2,115,41
31985,Casual Shoes,31616b06d08d92a45faa30a00d0805dc3300de71fae9ec97c8f2186cf8b140c8,16,96,96,16,16,84,16,115,84
31989,Socks,c6b2bbb30d10dfa155ef2e688825fe701192707a502ecc1af9597f5cf04dacee,94,94,94,94,94,94,94,115,2
31993,Socks,fdc913d5436553fe31ff6576a41b93957b1364637dab3ed05858f0a0a0754a0e,94,94,94,94,94,94,94,115,120
31994,Socks,fe9bb6952c965def61fe56a729ed34841fc0a07750c4c5976bf1d761f2ef4675,94,94,94,94,94,94,94,115,99
31996,Socks,f7ebce6af70edaa3015f702e4ccfca039add9ca84ff388ba9e88e0e943099e1b,94,94,94,94,94,94,94,115,115
32004,Socks,d9b934cc6dbca6c849e7bfa9eebac4815ec18b0de2577c0fd0ab381dabef005a,94,94,94,94,94,94,94,115,88
32024,Socks,ae793776e3230cfd73dbdb5440bf96ff17468d25219a189059ab510b33b41308,94,94,94,94,94,94,94,115,115
32025,Socks,b0c2acce9ae1c18b93580801979cc89beda2a9a6c905134e69e0b505a2872016,94,94,94,121,94,121,94,115,84
32027,Socks,6bba062101d3ef341c131984aa09c039a00a94b1dbb86196ec8a530b0fd951bd,94,94,94,121,94,96,94,115,102
32028,Socks,f783d21bf23e78b033e8fe94de53589d5da4cf8bd6ab9d987f2cc5bec28025a9,94,94,94,94,94,94,94,115,88
32029,Socks,c16675a05c34f33053b98b7ecf0c348f1ac34e83249e877a2bf940f13fc31053,94,94,94,94,94,94,94,115,120
32035,Socks,f59b2532bc0992a0c367555ef2c843598605fe8acc14baf0be32bf451e734099,94,94,94,94,94,94,94,115,115
32073,Boxers,a2aa9aabfd55ade3b4b61cb75df82efb5cb06705d65e95274aafc083938f8a27,9,91,91,9,63,9,9,115,91
32074,Boxers,e53537efb8edcb1fee66e86ba0475330a4dace339d6c06d0c436d31876578225,9,9,9,9,9,9,9,115,88
32143,Briefs,0abae2e954f80e359d3ce5fd69e1e251fb6d329d2d4e1347c7daf71a8ce27b92,12,12,12,12,12,12,12,115,10
32162,Socks,0bc4100aaa7c955effc5c5d4ddbd928e5bbe40fdffcfce9bb85d2b2d35d863b2,94,94,94,94,94,94,94,115,115
32171,Socks,7246c2bbf35c226d0f7b3b4d0838dd55a3309cf6397e54b36bb7fc7c6efe5798,94,94,94,94,94,94,94,115,30
32172,Socks,7dfa29361476c7dab1f54f27d0db7296ead6494a90aa2d6367cc5412bd0f1dc4,94,94,94,121,94,25,94,115,108
32176,Flip Flops,9ac0d6e0314c0764e5fc4e7cb1baa82801b87cbc01bcd938002ae053ce3e5f61,31,31,31,31,31,31,31,115,16
32193,Casual Shoes,05e97a9c56d1aa6e07b10523ba1da0449af04d06d555bf3a0c6c29b07cd12138,16,16,16,96,16,96,16,115,99
32196,Kurtas,67e2af187ffc6ebc50237e159f35853e32c190fbda8a750ab6cd73264c2eb59a,53,53,53,102,53,53,53,115,16
32198,Kurtas,86071eee603ff75324f6c1b7f9b1c29b5f1e4cd8589728eddbe9b6866182616a,53,53,53,36,53,53,53,115,84
32199,Kurtas,d723ccf1f24c02358099f94c1bf99d08ba1748dcc17e864f0966a058ba11b969,53,53,53,98,53,53,53,115,115
32207,Kurtas,dc5c364c5f591e164a4cb8e4634e0bfaadaf6af01b2ec5ed84b7dd9dd8b6076d,53,53,53,53,53,53,53,115,94
32209,Kurtas,43171b3150a6d003533785f781cf2ca46d0481354730a9dd38d62c0de8be6db1,53,53,53,53,53,53,53,115,5
32216,Kurtas,92df751466d566d8ab862bbd4a822b05f2eb3de5077571b5b8f2e1a4d999e315,53,53,53,53,53,53,53,115,71
32219,Kurtas,df49f168555146b72277f821b7f6906b83ae26551b1f29d524546e55193f0261,53,53,53,53,53,53,27,115,56
32220,Kurtas,467555a64995ad29e9094aefe5bd1ff8b3fad411b34721d80619922f50d0cc0f,53,53,53,53,53,27,53,115,96
32223,Kurtas,8026f28b905bdef11dc099d982246279a9a94c32e17311748191014a514fe0bd,53,53,53,53,53,53,53,115,115
32229,Kurtas,a959efea2a1a66f919f846ea24cfa1e08df8d8b018a4bde32f1c7df5abb357b8,53,53,53,53,53,53,53,115,53
32230,Kurtas,a6557aa349e69e57d729a4149973d9c4105643767ebf7639a70e286fb7a224d5,53,53,53,53,53,53,53,115,115
32244,Kurtas,b069c128547a2dfcf088da82cd6627b1c6b92502dcb210562958c7677a5b0ca6,53,53,53,53,53,53,53,115,120
32254,Kurtis,5ccfb99f7c7904be2c78fa10199d27dc34ecd14ef983ff70fd3851faa5a9c9f6,54,54,54,53,54,54,54,115,88
32263,Tunics,b70491e47be1b949de601cdb59e34f5345d6dc32dbf6c9df6352a7a0b95af560,116,53,53,54,116,54,116,115,96
32264,Bra,69def063b284aece428dee3a0f8025caee8663ea3643d64da50b1bee1c65e950,10,10,10,10,10,10,10,115,88
32269,Kurtas,8a8123862e413c1437a71f4f6017307b4ccce6bc8a9fce060d8857f7fc3e6692,53,53,53,54,53,54,53,115,115
32277,Sports Shoes,94cc81c2ef3fc415a24dc6465469a00669b821d816157456cf155b032a2994b0,96,96,96,96,96,96,96,115,121
32281,Watches,ab1682fa168708ba2b5dc0aeae9478baf38474b97f58e284e6da14b2d53a30aa,121,121,121,121,121,121,121,115,75
32286,Watches,934cffd1b85b1ea092f03abd0d361d6ea646fbf1e831278d615bc75437d12fca,121,121,121,121,121,121,121,115,99
32289,Watches,65261f48d1093326d4483d9ecbc1765f12af08c003971813b2ebec30fd2dfaca,121,121,121,121,121,121,121,115,115
32291,Watches,c7756576b89a95abe4ac8fd4d3af1be6a22bc22c007a78c53b0a222ce95d594c,121,121,121,121,121,121,121,115,96
32298,Watches,b9b033a0993be053f7ff7ca7eb9c6d394638a3f4f5662a9f7d5c0aa27072842c,121,121,121,121,121,121,121,115,53
32301,Watches,33fe7c86dcc1622ebbf53638b5e707e37822e773ed3985bfc61373aab973fdc0,121,121,121,121,121,121,121,115,53
32307,Watches,2a706ef7d3f322e42434d2bebef8cdfdc1bbb51be9591e34da624131fd3bd97e,121,121,121,121,121,121,121,115,16
32310,Watches,30a1ae2957cc1bc2b942b01e3f6254a6186bc9b6523f199b8f7f5e5f47b7249f,121,121,121,121,121,121,121,115,45
32311,Watches,a4b03ca73e1ce628a01197b4dedbd0ab935a07f1ed42ceb21e95504185a039bc,121,121,121,121,121,121,121,115,121
32321,Watches,948dc3537925ecbe974a220ae823af9e3adc33cda699ddede8a6b54a4452d97e,121,121,121,121,121,121,121,115,31
32322,Watches,54c0a270346e2302e97cdc11f136438914690bfc90355947c11a03f6e8774182,121,121,121,121,121,121,121,115,96
32323,Watches,dfce346b5412d7b112b86f684ed7e5e56f0f88e5f2a78132694eef6feb3353c4,121,121,121,121,121,121,121,115,115
32328,Watches,eae36a442b3c1126b7bc30bfd357666039584f10ccec3acb05d7f30f31d8d713,121,121,121,121,121,121,121,115,16
32336,Watches,89bf08932417b14ac6d689cf398aee34b3f28c1dc2bd80820a1dbc3408b66bdc,121,121,121,121,121,121,121,115,120
32337,Watches,ed869df3e08cdbb1f13d5ca2a81f581489f2b1c83042b4c532b5961b9ae28857,121,121,121,121,121,121,121,115,38
32339,Watches,27ba746d1448aea486fb8728d2e0941bb8fe05f934e06a520614fefb822d766a,121,121,121,121,121,121,121,115,120
32349,Watches,6b6d98d7ad1b413073943e6cc80758afd4cf3eea75710142e5c6e6b2ce21a037,121,121,121,121,121,121,121,115,52
32353,Watches,a77cf71e131c73dfed6ee41b3e78734018d7b737d012bf43a90d4462e059b741,121,121,121,121,121,121,121,115,115
32355,Watches,2bb73440305fed8138765789ea457a2d5c4cdc7068521edbc5df8bfc5907f571,121,121,121,121,121,121,121,115,78
32358,Watches,ec67eeec502cbd235c9418ce0955cbad6c7acdbcb50a2d3987f9725e75eb804a,121,121,121,121,121,121,121,115,115
32360,Watches,cb2bf31668e15f4e152436ecf6e86da33111cc4f636c64b3bd4f8fd5b950eea9,121,121,121,121,121,121,121,115,88
32368,Watches,ae5f99b98bcf640193b94c70615ecc645ee7865a00de57c5fb9820989d76a6ca,121,121,121,121,121,121,121,115,115
32377,Watches,94abb272fbe16bea7abc5eb396dc47fee976460518ae575ab4f537271edfd9ec,121,121,121,121,121,121,121,115,5
32382,Tops,a7c8859fb9e326e351c7edc79c4868c365b0ab797a40a42fb01986c204c34758,108,53,53,116,108,92,108,115,115
32386,Tshirts,d4f4117a2c07ab85de40d2558c16fbacea79f4cdb23f7c3c91fe5797aa004c4c,115,115,115,108,108,101,108,115,99
32394,Shirts,02c339fc37b32722e3800ea9e72301039675c4374e448f827f63785a890f0cf4,88,108,108,88,88,88,88,115,121
32395,Shirts,87572bfa4726363faed174452128a95499abc4ef3c9d8518f9182efe1e5cfaf9,88,86,86,88,88,88,88,115,84
32399,Tops,1ce47080d68f85e6449e9800598902df38a32d8b367eb56d0f0b9c08da5929ee,108,108,108,54,108,54,108,115,54
32406,Trousers,dbb7da5db0723987139b5876cbc81ebcd8b04bf6a7f468de1c27aa933c2f7e11,113,113,113,47,113,47,113,115,84
32408,Flip Flops,fff74024b2061a627899aed14fc359bc76a1f3430535f7569a64016d71e2832b,31,31,31,31,31,31,31,115,10
32414,Tshirts,37c336018f1a723b24eb2617fe75de2f0efa49c618af875e1031cb4acb92d877,115,115,115,115,115,115,115,115,115
32420,Shorts,a33e8570ca017944442e9f009af75eb3abe9eef2ac39817108fdf415202fa802,91,91,91,63,91,63,91,115,120
32428,Tshirts,778a03ba564ffd82e3f4b51922287ce1ee1608eb75cd78fcdc9e6d7072291acf,115,115,115,115,115,115,115,115,94
32433,Tshirts,d033b7b4760b1b741955b101b2ef445363cf703b43cdb2412cd5d3b6bf440ee1,115,115,115,88,115,88,88,115,115
32436,Tshirts,f3d4c58de5f1101fd72bda320fa1d165c7deb090e93d8d73cb2c908d29f7597e,115,115,115,115,115,115,115,115,99
32437,Track Pants,38b5e43880580831ecec081b6c9bdc8f10185090cb2230ae7166b72abe8afa79,109,109,109,113,109,62,109,115,99
32439,Tshirts,7f6426711b51159584502ded87d4964ad7b96af55cafba6711e36918aee4b93e,115,115,115,115,115,115,115,115,115
32448,Shorts,d19fb7b482bf5ed37f1fe0930160db7725603317132d55d9160ce6d0aedb838f,91,91,91,63,91,63,91,115,121
32452,Shorts,889fd086c9faeddbd47ee0629101979c5898798c0fa64ed29dde8961bb1bdadc,91,91,91,91,93,63,93,115,108
32454,Tshirts,d39ca44a09b0fcb0da2cbb01b7ccc95129fa0af973d8214157a7b1447face9d4,115,115,115,88,115,88,115,115,101
32460,Tshirts,e2282d07898ad8c243f2dac159631dd2917820995661090d63c2fab5e575372a,115,115,115,115,43,43,43,115,16
32470,Tshirts,46621d3fce70cfc7d1c1390c5a5defa4b47c1f0a5be86f9bee9a26f19a69baab,115,108,108,116,116,108,108,115,24
32473,Socks,1509dae9abc32d98cf35b59a4d6d112290a3cf5db2676479167b085752932bae,94,94,94,94,94,94,94,115,120
32479,Track Pants,78dc4a6103ef8b1b04310ad6aab70fccd951359943fef22abe8e3ecca253bdab,109,113,113,113,109,113,109,115,31
32482,Tshirts,e8b8c84ef4ea4869f98c0b084325612a19116e52f29618edd43961d90edf6b4b,115,115,115,115,115,115,115,115,88
32485,Shorts,41a8862f37f10769cfbb3efa2287b1beb62f096e20c2a64c43aefd2913bb3bff,91,91,91,91,91,9,91,115,120
32503,Shirts,e8ed7fdd94f7c7835edaa71ff4267928ee3d4d73d8e06a72dfecfc4b04fd0adf,88,88,88,88,88,88,88,115,88
32509,Formal Shoes,87ebfe3654e6aa16f1c815388caa0d2fc46e2572f060d2a6deba4f7906e930ba,33,33,33,16,33,33,33,115,115
32510,Casual Shoes,b052e2286d79151fd8a58cd423662d073600bd415dfa66e187de331fd7310286,16,33,33,16,16,33,33,115,115
32515,Sandals,7cd6edc4620599449bab60bd9c482f5b7c25ce6362ac54df710ed6f18ee469c2,84,84,84,84,84,84,84,115,88
32521,Fragrance Gift Set,27fdc73088f769f9f3a479cb8798ad8995405d2aded1243ddf66bb86fc9cdd4e,35,35,35,35,35,35,35,115,121
32524,Perfume and Body Mist,114ea56e504740e2ead63a0091f1deb3625909f9a492e01cc3961ab3a2869d0b,75,120,120,35,35,35,75,115,31
32535,Perfume and Body Mist,02bd6b975effd47716f0b711c25a349e1ed5400f300262d657342729a2725f19,75,35,35,35,35,35,35,115,30
32559,Jeans,f6e3915c323a75ca9d43d99f05ff33e83250481a4614018e6600efbdd720ef9b,46,56,56,46,46,47,113,115,88
32560,Jeans,fc426cc2209156f84b0c16a09ae726c69067a604ae14b7b856a5f39157337ee7,46,46,46,46,46,46,46,115,46
32578,Tops,8966dc5088398a3c074cd34887f70c927dc9213b64efd8de0e3ce6db202f4a1d,108,108,108,54,108,108,108,115,75
32584,Tops,ddda307423c037bcd1844042307ecc3968c6587cd5f1fd6ee6e319ba520c276b,108,108,108,108,108,108,108,115,31
32585,Trousers,bf2bfb3a224914fd01ca532d8ad24633c70642e822e18dd9ed20c10ee83488ac,113,109,109,77,62,62,62,115,5
32587,Shorts,7cc43775656ba9cb624b1226b456af2226e0e81a097fbec34ab0a8891fb0e443,91,91,91,14,91,63,91,115,15
32590,Shorts,0dcf1e9153986dfe2203bd84f075c5b15737275e37f9a901b7f41a3a9219f495,91,63,63,91,91,91,91,115,38
32601,Tops,a7da38e8bc2647bfb00fc0732ef46c6913f7588c6fe0b341b77194de3047b0cf,108,108,108,116,108,108,108,115,121
32604,Wallets,4e698ec3673e74f5a833dc545cc9b5eb0043663324157c458a74fc833443a760,120,120,120,120,120,120,120,115,28
32605,Wallets,344e0f88165f004d4c35c20d71539dc3fcfa82a8e4a7475c288cca6e51b8d536,120,120,120,120,120,120,120,115,115
32606,Wallets,acd394b4cda0bb6415f253b325b63835ca77792c76dfe0389ffcddb1ce4bbe8a,120,120,120,120,120,120,120,115,94
32615,Belts,a6d8f88f2ad4780186faac74958265b90e80e25ea2c209ea6210a8b2c1fd84e9,5,5,5,5,5,5,5,115,14
32618,Jackets,5117d253d2989c09ff6f3b57e089c9a453a78e6a3ed9b3af1646f60baed388a0,45,45,45,45,45,45,45,115,54
32621,Shorts,9500c8172ad7e20c71ed2eb140e2e8a250ad1df81faab311879eb4cd60989457,91,91,91,91,91,114,91,115,96
32633,Capris,855a64822bdaf9668dee039598f9ed76e508ba4795a2d34ffdcefbd91fcdca92,14,46,46,107,14,14,14,115,12
32634,Track Pants,08504a23ec2bb2c0c314295cc08fd5b1ee6db5a1d83b3340d5648cf246ea0902,109,109,109,109,109,109,109,115,84
32638,Tshirts,0e6631864d30ee34c98584527210b086ed8f8ac233341533553f67423d57cf2b,115,115,115,115,115,115,115,115,26
32649,Shorts,5bc33a173a888f08499f95129057f6a2bf43f1c9964acd160f4c8bd7700e8552,91,91,91,91,91,91,91,115,91
32651,Tshirts,8313863993debe0f491f25c2c79a53f7330643fb1479e6b6a3eed20fb8250089,115,115,115,115,115,115,115,115,38
32721,Briefs,6b73f5228dc4479c84d45cbadceea0763ecab31f6d2e294db9d27cf3cb8b9bfe,12,12,12,114,12,12,12,115,115
32737,Sports Shoes,0ab156451940c948cd253d6d71f40a6f296084a9f13cfb83bdba57a78c750ab3,96,96,96,96,96,96,96,115,115
32742,Casual Shoes,5422d5ccaeaaeb02dff99fd4f3c1cc253a7ff062a4c9fb58cdfdc463d03fbdbf,16,16,16,96,16,96,16,115,53
32746,Sports Shoes,6b27733d320580e7a9c14b96eb5c77aba27c981c81717936d92f78aa84692fad,96,30,30,16,84,16,84,115,115
32768,Tshirts,1ad586337a4323cfafaca70dfa0a42994eeafd4ad14bb18dbea8e88a645441a3,115,115,115,115,115,115,115,115,115
32771,Tshirts,ca70e502d33ef206cdcb886cd471501fbb6c411fe54b4e2ff720396c358efc7d,115,115,115,88,115,88,115,115,38
32801,Flip Flops,dc7c20d618e4c6e6dbdd6c8ee7cadbe7b62a07e08b5e647b3effc96f29bf8bb0,31,31,31,118,31,3,31,115,96
32807,Heels,718c6021d3bb2872ccf12ebf574fd66d4731ea950a7b46f25b6494cb07b62782,41,41,41,16,31,16,31,115,99
32808,Heels,4430149f894593821010bb5e6ea62c22a476988ca7f8b7bc09b7d0b0e35ace59,41,84,84,84,84,31,31,115,121
32812,Heels,e37f74dac4265d25a6c54c82c2dadec7876e968dfdd5e03f77eeacca00dfa6c3,41,84,84,84,30,30,84,115,115
32813,Heels,263c20e7aecd05f5af75286b95a96ac1109bc9359583e7a2003851a67629ee9a,41,41,41,96,31,96,30,115,88
32830,Heels,a21dd054f907922d1065d2121d1e5c6544361ea7c0d7fe32744cf8a4a3c9def4,41,41,41,31,31,3,31,115,16
32833,Heels,c646560bad7a8a0f0317ed3f0c438cbdce946316a27bfc5d480127fb69ec91c7,41,41,41,11,31,11,31,115,19
32841,Heels,1d7feba50526d46b928191f4dd0b3dc09d40e00a68cfb394add9423b5e653b54,41,41,41,41,41,30,41,115,88
32853,Heels,c17a8e8d7a6b34a23068f967bbc1bf3a9f0aafcdb15f821dee6de16dadaa9c77,41,41,41,31,31,44,31,115,53
32855,Heels,9a84dc4944c9a92409df36ecdf1080a21974709adc736ce317e06ea6d6d6f4b0,41,41,41,41,41,41,41,115,88
32863,Backpacks,10c5df102a6d5009095c3dc27e5396aa774e151e271934d2089a852f7c0fcb3c,2,2,2,2,2,2,2,115,99
32865,Backpacks,6aeb9c50ac8daeb5a21394eaea1c13abc1c99e5b2c9457c059665b3092399b38,2,2,2,2,2,2,2,115,115
32867,Backpacks,eb3b1ffe5f632262d1b78413f706f5a9610192812c84bc5de1395481e7045be6,2,2,2,2,2,2,2,115,84
32870,Backpacks,ea826bdb54c9d1f70bd751b2211e940b10a008e2cc9586a3eb7ac0e804dfb428,2,2,2,2,2,2,2,115,53
32926,Tshirts,7e5fd0265439d6dbbf87c9224726fdff67994192682e519024dd5a51e98ccff7,115,115,115,115,115,88,115,115,121
32942,Casual Shoes,b8a96fdb69b9a5b0b38f7e9b46e6e0cf2246dfe12350411eb7447ce5fb924d52,16,96,96,96,96,96,96,115,38
32964,Tshirts,58b9a94957b4d996b2ab05246e376b1bcc51f188d720e6fa2e7ccbcebf2a0c8d,115,115,115,115,115,115,115,115,115
32971,Tshirts,ae0677e8cf6d713eaa86c2ef7be5246ccfa2caf3926babe4ed5cd8be1cf122a9,115,115,115,115,115,115,115,115,31
32972,Tshirts,8c8c635bd615825cf00f915b69c1ed7a1d7b1f6d8d49b17a442368b224014206,115,115,115,115,115,115,115,115,53
33023,Kurtas,f504f11109f1f4158d0bc2176dc282ae711c7719b3307fb1f6f0e70a7c4c2244,53,53,53,98,53,53,53,115,46
33030,Kurtas,da1c98ab2fb0afdf44c10cf8ebd903ae000f8ebab10eeec42d6a971d09768b0b,53,116,116,54,116,108,108,115,99
33039,Kurtas,daa4cbe399af8ffc451bf1f2d7c8a9e89809b78c4554294bbadd22d2f54eb6ec,53,53,53,53,53,53,53,115,113
33043,Kurtas,a8ca7954fa96e14a28daa1fd7f9c78ff0cab45e2f1bab29e35953c6c7fc607d1,53,53,53,98,53,98,53,115,16
33050,Kurtas,f2b09281c58c1686f58c33536f027f14c38edf417ee6faf84ce8c228418ad3dd,53,53,53,53,53,98,53,115,5
33052,Tops,b00b0bb869324b98014b4ca97acc5c6e7ac31da09727ccd468524bb58ff24341,108,88,88,88,108,54,108,115,108
33058,Shirts,9ac473317200c2ff6adc0046e195044f6cfcf8afeef509046c262f64ce00b8f3,88,88,88,101,88,88,88,115,53
33062,Shirts,060a225daf1a7ce2c0fc3e09282b311bced95d6c4165cf55d10fcc51e7d39c8e,88,88,88,88,88,88,88,115,120
33064,Shirts,b724373c2b26ba9166b998c4436118ea3d78870de56ee3caf94cc856a026557a,88,88,88,88,88,88,88,115,53
33072,Tshirts,18e31a3995cf5b8117c4c8e872f3e97bc7b6f53bfd793ae0814368e5472b8828,115,115,115,115,115,115,115,115,115
33092,Heels,fe2a53efe5b470f2e521cc6e1e13444e77898a058714e538f80eb20b122d6c70,41,41,41,30,41,30,41,115,115
33097,Heels,07fd72c5d048444f5d391b0696726cbaecee22e4112158af8177420f727210fd,41,41,41,30,41,30,41,115,115
33109,Heels,cf9df57ed676f50f7ecf455e199f9e3955ccc6236174143bd7e91ace9f309ab3,41,41,41,16,41,16,41,115,99
33113,Heels,d397da46ffe61d14417575fdd3ff70a713b3afd6d5383abd28121bacb198ea12,41,41,41,67,41,45,41,115,16
33116,Heels,b09f2fe4728a4f2c425320874873582f6edbb41eeba6bc82dd87390072ffb9b4,41,30,30,16,41,16,41,115,43
33121,Heels,61028f5912228c3c91f3102e5e198e27aa1c2380a007145469e96bdc3050c849,41,41,41,31,31,31,31,115,108
33124,Heels,5ea61212f611820014424644c816ecef49c4dbb678c34735201bae8da48ccb1e,41,41,41,67,41,67,41,115,115
33130,Heels,397aee204bee5c40e521c4a9caa65828e99613eb73ae64542a0b9e1266cfc28f,41,41,41,41,41,41,41,115,31
33138,Shirts,4c304de38fb7c1cc5eebc64554b4127ae31c344fea64fa4c8298da5b9d3eb8fd,88,88,88,93,88,93,88,115,86
33140,Tshirts,4e74205b70417db9ed851a7203e4343fd9194f8c4ed9ed79c6c969e76df68600,115,115,115,104,115,111,115,115,84
33141,Tshirts,3841a61119aca0d33591d8a2f18438a1d4bde0359d559f5a4b0535b750af6593,115,115,115,115,115,120,115,115,88
33146,Shorts,2bb9623d88acf762bd4bbc395a5f6bb9bc83212b1a14e6af0ba12f0715da738e,91,91,91,91,91,91,91,115,108
33151,Tops,391612822cdf94e9eca642957426b0f1142616632f46b57e0e1efc55b45ff9fd,108,115,115,108,108,108,108,115,85
33154,Tshirts,3b723bd233da4b73670b4833a3e640521a2104916463a5771217fbaac4b957ff,115,115,115,115,115,115,115,115,96
33156,Tshirts,b43ebe995585df089efc86fd76e4cc7a851a8a001ae9497b8d7dd47b2f656343,115,115,115,88,115,88,115,115,16
33160,Tunics,510a28d76ce3240e20166f41b725826e8bdf2208afbb68a8858e128bc45382d2,116,116,116,116,116,116,116,115,88
33161,Tunics,0a6ded522e9fd8cb14ea679d3c1a7f3979183110e8a68e6ab97750441c139f35,116,98,98,54,108,108,108,115,19
33163,Tops,47ce6d78f915bcc480be09ab93ab9d6b58f1ce6c92263c3a8c4122ab0af62ffc,108,108,108,54,116,116,108,115,16
33166,Tops,a93cfebec6a69e48399a0f112dd44364d5598a1ee9cd2ec2ed821a2827c686cb,108,108,108,108,108,108,108,115,27
33178,Tops,b569cbda9e156242bd9e936544079822fc6f05eb8d2e934c04eb9b84e36f1da7,108,108,108,108,108,108,108,115,14
33182,Tops,0194765518b4b430bf94be572ed99f65cacc119a39db2ce6b1935864a35f0d16,108,108,108,54,108,108,88,115,16
33215,Tops,7e3f561ca042f3e7fe7b382816208172e4ce8ce33769cba4a9abd0afa81b941f,108,54,54,108,108,98,115,115,115
33222,Tunics,3d264b12c60fcc2b4fb5aeba1daa24f07642f527c4fba8e838e29d6b42caf46c,116,53,53,54,53,54,53,115,16
33225,Dresses,2fda31f5043ade581312569bc838f821960b8f0065a1f8fff1549cd128db341d,25,25,25,53,25,49,25,115,115
33227,Tops,240e5c964290a1c409bf0d3ee51a25bd5a30e94e8d11b37cff5e56c6f34d00fe,108,116,116,53,116,116,116,115,99
33228,Laptop Bag,feb2b87f471fc0f1c39445fe34afa3b92bed609e9978286f60c994820c23a23a,55,38,38,55,55,55,55,115,108
33237,Shirts,fb9e9a3372d288d7e42459a227025d55c337ddbdbb77519680c1fa987ec96e3d,88,88,88,88,88,64,88,115,5
33238,Shirts,84a792bec078704753675ab330d693468b0db0e0cb44c3fcd3b1b9af8398b563,88,88,88,93,88,88,88,115,115
33246,Shirts,e5f1f3fd8d9c977f9b39dae6577ab654097b51866ef8d8206f8398fcf063bbd0,88,88,88,88,88,88,88,115,16
33263,Tshirts,b153d7c334b8f55e6fe3332e92df28fff53576c2d9ef23d8165225c5a61082f3,115,93,93,25,115,25,108,115,5
33268,Shorts,4f8af0ab1fcc53817a9ada4164444a2372675a302e9d24ce956335a3790ef4ab,91,91,91,91,91,91,91,115,116
33274,Leggings,9dce2391c6a6e0cd0c3d17d02262e52e5cdc3c2e344ee84086af49c2ce7a112c,56,91,91,91,14,91,14,115,15
33284,Tshirts,466de70641582d7b6404fb0f146c4b85edbfc1a6eb6a14eee368761f709693f0,115,115,115,115,115,115,115,115,41
33312,Tshirts,2de9ae63956008039b6fd85cf8ebffd988e1d3b7983f25620b86a0b628133956,115,115,115,115,115,115,115,115,108
33313,Tshirts,d9df58b2e94f585f421d989fd27b4ef6d81ddf0b5f96130f6004e73d00cfdb91,115,115,115,115,115,115,115,115,19
33314,Tshirts,350306619d04e35f4e67c1ce41cd54c311d72b8063690d7fdea534e6de8e65a8,115,12,12,115,115,43,115,115,12
33315,Tshirts,9489fe54c6bee0da0c94035b1f9d74882fd2acfdc1a2d08a2840eff54b7698e0,115,115,115,115,115,115,115,115,16
33322,Shirts,2480547c46db5850af4e941f76c0dc6421140bfff34c4f2fc7cbf032a88f7ad4,88,88,88,88,88,88,88,115,115
33331,Shirts,610f21e61292aec839aa78a73d0dcc5c7876e9e6d33a12aab8466f8437c7d317,88,88,88,88,88,88,88,115,115
33339,Formal Shoes,9859d9f5a0482b7b643f0b62f21a2cd817320273c3ea0c7ce38c256ce1c693e7,33,33,33,16,33,33,33,115,108
33341,Formal Shoes,7493838ebb3a28222182b6ebd45e468f6628f5fd397a3cd249b016cea3301c6e,33,33,33,16,33,33,33,115,38
33342,Formal Shoes,41738ce86883568adde0a3c5d263ed03bdcc1eccbb1c6081abe88fd865673448,33,33,33,84,33,84,33,115,16
33343,Formal Shoes,5598f04b6e172e15ce8ee03fdb11a22ffe542c3288b34400f69fd12591817f69,33,33,33,33,33,33,33,115,109
33350,Formal Shoes,0f45e8f77a2564953b5a81e306ce75b4fa6e70ddc622e850ee1f2c42404d01be,33,33,33,16,33,33,33,115,84
33356,Formal Shoes,880ece0cdfe8ae6349edd143c53182e38dfb0233ca01acf3d789b0ecbe8b11e3,33,33,33,16,33,33,33,115,38
33358,Formal Shoes,0cb17caec85e655c00d852c7a7c80cf9210eea11899c9cee93a99bbe63164252,33,33,33,33,33,33,33,115,15
33360,Formal Shoes,129420267585958d1af6d5b3cb2bfb0f92dd35ebce8c5dace72b13cfb9ebb76c,33,33,33,33,33,33,33,115,84
33365,Wallets,13e940a7b1ef3abd5dffce0331dbc3404c4c55b3fe0fcf621ae5a9ced1ffddaa,120,120,120,120,120,120,120,115,96
33377,Wallets,e16d290ff916fe42ff5f892b16b5ec98b90850f43beac98c129fcd04141328b4,120,120,120,19,120,19,120,115,115
33379,Wallets,49c5d83beb3fe24ff35b1f5374844c2a5e6aa69073c0ab5ae4abc19ffca97635,120,120,120,19,19,66,66,115,91
33380,Wallets,380be24ab5b395d305535161a6028bc0a718f7fd26562e9f5e4049b716f5ccde,120,120,120,120,120,120,120,115,115
33382,Wallets,ff60bb73c775ffcc6284d082ff7c24c327962fa3ed25b7809506ee148aabc946,120,120,120,120,120,120,120,115,41
33387,Clutches,7c7dfd31071b09c7b22f6b10d8ce9958edfb3b58a249d8520e6075030cf5ab11,19,19,19,19,120,19,120,115,88
33391,Wallets,6d27c15b9a8fcab9e22594804f07892d3a0d884d955e8f622f9e68aaec161109,120,120,120,19,120,19,120,115,16
33398,Wallets,a7561b949d2c554ef8ea48023ef60614ca64f3cad3d576882fd3e5e56b6d8865,120,120,120,120,120,120,120,115,91
33402,Clutches,6530ea6e9169b7922171e860470f61119690c1aa1470119247ddd4011765492f,19,19,19,19,19,19,19,115,108
33407,Clutches,26cc35281917f6572e8e5016074bf16ca48b19b572e1889dd3f1068ad29d3776,19,19,19,19,19,19,19,115,88
33414,Handbags,d8f9806be1d5b264f40bbcea19225bb14b880f235e06869c1967632efbfd774f,38,38,38,65,65,65,65,115,38
33428,Handbags,2f86f0b1eacf9271ac073256dcc259e5e27c4c586fb49253b7ca7c9af324644e,38,38,38,65,2,65,38,115,86
33441,Handbags,1e738859b02a148126f4bd59e90a93a51ac62bb53829b036e13015a79c82dc17,38,38,38,38,38,38,38,115,38
33453,Handbags,9a86267bfb0331fa23cdf565d1378b00f4a15c9a9080551f270ce804a6b3f190,38,55,55,65,38,104,38,115,96
33458,Belts,22bc75c4f63a97b9f8f2e2887925ff97dcb7ecc87a33158279359f14c938c3b4,5,5,5,5,5,5,5,115,91
33468,Belts,f8d88835af775caacc553e77c0b7cf1263f1e14ef4fe0f075dd5056d413c16eb,5,5,5,5,5,5,5,115,46
33472,Belts,efe7ae68dda569bc30b638191988b375e860a97f9ac66f4e07b7a8a94701b802,5,5,5,5,5,89,5,115,12
33476,Belts,017534418644c39774d20fea87f03f009af329e39a9f77c08dd4fdfd3459f3a0,5,5,5,5,5,5,5,115,33
33481,Belts,c72693a3dd04e7b0c36b4eb81ad34e18ec1bedb36fca918c6f30b68294fbcaf1,5,5,5,5,5,89,5,115,96
33485,Belts,cbcd31616ab2e79643004a445d25b3170a8a4bec35e651f109c0636535be36f5,5,5,5,5,5,5,5,115,69
33503,Dresses,8eba985ae474a53dd95b35630448cb8e815ecba5365f6a2907bf5334e8615dfa,25,25,25,81,25,121,25,115,25
33521,Heels,5ec11fd183128393a0b3853f525e29eecc4719c57901f6ccad8f6a532571f269,41,41,41,41,30,41,41,115,115
33523,Casual Shoes,5d9d396121b74cc4ec032690472f0daf2f7f82cb1118f3f021f64ae9f51971f8,16,41,41,41,41,41,41,115,120
33538,Jeans,ed1b75a732bc8244fa44e827f14b44a604cb412c12606c259c43a634dfc4b26c,46,46,46,113,46,46,46,115,2
33543,Shirts,318444346b7b2a61a6a764e6cd9cde9aa4f6758842e9c482531f58bc14cbb636,88,86,86,88,88,116,88,115,115
33544,Tops,497de7121d5de0bcab63b881d92a5f03eec98046cdecfe6e46e6d978025d4ed5,108,108,108,54,108,54,108,115,75
33546,Shirts,df2904b1993260ee061c8712b944029a018046e3c52de410297e73dc68982aaf,88,88,88,88,88,88,88,115,16
33547,Shirts,8b0c80be4c7761d459c8007b973ad14de156c00d254e820c2287a92f7ac1aa97,88,88,88,88,88,88,88,115,16
33549,Shirts,f06f88714d1bc249992d2173c0c48c243f482a95872a09d715a911e8064a9352,88,88,88,88,88,88,88,115,88
33555,Tshirts,3c9f72d1b7178cdd824c83e5eb086d6d32a2339ce721566454a50f1923d16200,115,108,108,108,88,92,115,115,115
33558,Tshirts,df8b6317b7a0e2f64582d1419ee044753e4f6a08dd522ac0234e4ddcc23f1209,115,101,101,115,115,101,108,115,88
33559,Tshirts,883d4b2844f2cdf5ac242a4d5080afb03311f943d798a295a4b31847de0713aa,115,115,115,108,108,108,108,115,99
33566,Tshirts,9f6dfde5157998f243b6f380dafa5070fe59cd62dc68ef8dab65029519d5b2ab,115,86,86,115,115,115,108,115,16
33570,Tshirts,df966e2854c47cd9a79338c535698a06771847d1fb8b638365c92158780485eb,115,115,115,88,115,88,115,115,120
33582,Tshirts,97e881ff92718cd381f2af0a00f9a2ab5debd781aa09268fd5d88080b64de5c8,115,115,115,115,115,88,115,115,94
33583,Tshirts,1477db019cd94b5b0072e5ad663c265dc03602c925aec73d4547cd6b435634c8,115,115,115,101,115,101,115,115,53
33611,Wallets,9bde8b22a96205b5bb2cb4f8d905f3a062bdc48ca4c43c45c74a5d4c8c418b8e,120,120,120,19,120,19,120,115,115
33612,Wallets,f3053072a0e5c1d8537bbcb4f91d880d3a7909f1d2d746c59762a453f437a67b,120,19,19,19,120,19,120,115,108
33620,Wallets,5dbc441475272a7d8150db2545472053cdcd446e1d18b9169c057bc6799306d4,120,120,120,120,120,120,120,115,3
33621,Wallets,f9f978de3a2971deea27f93ef0401aa56e8e5da79c9caadf2c23ee39657188f5,120,120,120,120,120,120,120,115,41
33624,Wallets,1259f4a169e091111df41335c0053a2f83371b232deadd5f014804049f0878e4,120,120,120,19,120,19,120,115,115
33629,Wallets,9d77df9c16c475fab9def85f209c05597264537df601bf87f38d2bef8a310ea2,120,120,120,19,120,120,120,115,115
33632,Handbags,4adafa113022074da55cf083bd4a5be6865323d9c77641b2545bf8d91e8848a1,38,38,38,26,38,38,38,115,99
33646,Sandals,fc96e6ba5c9c09fb3948b1359fcb670ccacf5c5de2dec0fe2e92d441e43a89fd,84,95,95,95,84,95,84,115,88
33648,Sandals,6d7ce8f9bf03822b4bcab4d6f9e5c056e9d150b6c5b09022963065e43cbbb9f0,84,84,84,95,84,95,84,115,115
33656,Sandals,380754902cb8d78c15d128b3bcd351cc115599ca5bab06febdd872c738a32b91,84,84,84,95,84,95,84,115,108
33659,Sandals,7ebdae1bc8202a6c4f6ce75c0ceffe5bfb4796f8e388134d7c2c96b83685a1c2,84,84,84,84,84,84,84,115,10
33685,Formal Shoes,771bd0af5cd017e6f56e2717f33ef5fc1254cc62579b255a5d1df663d46fb9c6,33,33,33,96,33,16,33,115,108
33693,Formal Shoes,c319b54dd31e6fe0ebeab926289ba48167961f755dd3d9b52264f25761a5fc93,33,33,33,33,16,33,33,115,121
33694,Formal Shoes,558764e0ccee59bf824480c500f21ca888c0a00b7745154e2bd746de4d2a6585,33,33,33,16,33,33,33,115,88
33696,Sandals,028b508caa59c70a44101eb84f8855a2f70f5ba079f1c5c5a7293b911c9d6f31,84,84,84,16,84,33,31,115,15
33719,Leggings,ae6de6bd2e0a3da66ead9d970d47fc145b0ffe068b11cd56b7f1858f6dea5f97,56,5,5,71,56,71,56,115,113
33720,Leggings,d207fa14854a6933f94562a805c118279ecebae763dc9511f855787659904af3,56,93,93,71,56,71,56,115,115
33724,Belts,8b75b95c240b70a1451b5c6c3ef6660aeb3f96c1ae2aa740b5d7e4d1d621e2c9,5,5,5,5,5,5,5,115,38
33726,Belts,d6cfa915055977c8edd92842984738219679801a4ec704e99eecd8d2ba6e7191,5,5,5,5,5,11,5,115,16
33727,Belts,b8f450c05aed30ce8a0693e95d72d6cf179fc66b0978325b4b3f327ce95b4d13,5,5,5,5,5,5,5,115,2
33775,Caps,14b9f110e99b7eb89f868d9edce6f6b12a6d588da80309257c12f6825809c717,15,15,15,2,15,15,15,115,96
33778,Socks,9be36716b7d821a3c4848f869de73e3e84dd956cdd39980c8bdeeab398773438,94,94,94,94,94,94,94,115,16
33787,Shirts,e9c596b4bb02254f8cbd28ea96fe8fb99a9cefc42f1c272d3174b3be45165534,88,115,115,43,88,115,88,115,46
33815,Trousers,71c8a922ab7793f0b200afd17496995aa659ab4df2958f749065f98cd021f018,113,113,113,113,113,113,113,115,2
33820,Sports Shoes,f64838b6932a14a8aca7ce2230f185dcbdf88279f3f763bfbbfa890eb8e1a7bf,96,96,96,96,96,96,96,115,121
33821,Sports Shoes,1eff9947b77113483c8fa3213ebefb3d1b419e57f23ae57975dca45254063e49,96,96,96,96,96,96,96,115,115
33825,Sports Shoes,f9aeb0bad2c175445667a8410ebb44581ff9f9481c76d803b8fc22bd838594f1,96,96,96,96,96,96,96,115,38
33831,Casual Shoes,6c9f25a58321aa7b28fad9f3af05978c1b9432d9ab27e6dc7879eb55b7b0eb4e,16,16,16,96,16,16,96,115,43
33836,Sports Shoes,205db40bcc1f92ea060bf165e2d889388bb152f4bfe6a3371abad9d1b6bad4e0,96,96,96,96,96,96,96,115,120
33841,Casual Shoes,a513d9b0a1f99c9582ba57f8271a1456c8670a283e75c3578287a386272cf5a0,16,96,96,96,96,96,96,115,99
33848,Casual Shoes,a4f65df2d9538d037ff7225723f51476d5ca1b668da140ac8b5b595fe5840eef,16,16,16,16,96,16,96,115,115
33857,Casual Shoes,e9c1ee4b485ea0fe01a94a2257dc6e556136fc08e0f0cb49a8c3d8903ea22773,16,16,16,96,96,96,96,115,25
33859,Flip Flops,1be4da365c7b7611c7fa20834d1767236e1aa84ddc9850a0d5326db600962de3,31,41,41,31,31,31,31,115,53
33868,Watches,062f3e992ae38d00d59730242257148c2c09c42a5aab984076f38057d36bda7e,121,121,121,121,121,121,121,115,16
33875,Watches,16cc37ae95026da57f73c71bafe0212834d5b358f86ce5a9e3c2de9531666518,121,121,121,121,121,121,121,115,88
33876,Watches,68cd5bd29c9dfe303006318527e1d9452def8975bb84f470f75566a41cd601c3,121,121,121,121,121,121,121,115,45
33879,Watches,2673bf21ef3cda4c8119aabd20b26420879866ce2d42a3ae428b34160420bb79,121,121,121,121,121,121,121,115,115
33884,Watches,3ad37931cca7810f8442ea0d099321834bbb58e95a1b7e22dd41075d59544c34,121,121,121,121,121,121,121,115,88
33894,Watches,cd58d57c32b44a600238d4688de1687b299c59ab70078ecf1aaeae1b9ebf601f,121,121,121,121,121,121,121,115,101
33896,Watches,a4e29f7f4cc6c12e0e1b45b23b2f3f22fa635b68915559c191758b7483002988,121,121,121,121,121,121,121,115,2
33897,Watches,8248fde575441f7559b5cc3eb0549b57093ce892885f8caf8d6fe853b017334f,121,121,121,121,121,121,121,115,120
33898,Watches,f8f87f7a2b9e8d2667af9e43f3011edb88b053c866182e57b34ee10643bd4c1d,121,121,121,121,121,121,121,115,88
33904,Watches,e0baae4644b621320037a468bc5d8f41cb5d35da207e50ba0a97ca368a95c2b1,121,121,121,121,121,121,121,115,31
33906,Watches,2810ef32a3077341660d4289053be331fd0549ee46b5cb19205456408bd4226f,121,121,121,121,121,121,121,115,16
33912,Watches,c6a7178fb9ddfe21c33eeede8c0fad2f75aba1cd3eaf69a0b5cd20977888924d,121,121,121,121,121,121,121,115,113
33919,Watches,e3d27f1a2762bd4014e6f3605a494c03ae8baa740dba97ce3a9341a95265f937,121,121,121,121,121,121,121,115,16
33921,Watches,800df59fe3d4109f7a3e8af39fd94c0d433ace3b6b3cc37bb957ff286a07c134,121,121,121,121,121,121,121,115,88
33930,Watches,4dd73d7bdfbf7584722e08ce2c142b551f6a0a14415f16a57ed8f5856858006c,121,121,121,121,121,121,121,115,38
33941,Tshirts,fed96cfe642e930cba5ead58f51fe025b0c81945115757aa47835e3bb82c07e6,115,115,115,115,115,88,115,115,96
33953,Tshirts,066ef703b32c41fdb709d5026b5ec65500b313bcb41f0cc0464d966061623c75,115,88,88,115,88,115,115,115,14
33961,Leggings,1809ea8ec50b929da82102d51542dd5e179483e3810528b93da438e17b038880,56,56,56,56,56,56,56,115,113
33969,Dresses,8f4ba8471ddf5d26786230861679554996b10e3ff39ffeb8b95a073b7618c1e8,25,72,72,103,25,103,25,115,99
33970,Dresses,e1a6703174aef5bfed468f92a06e2de80b134bfe83e47e001289cc4b331770a3,25,25,25,25,25,25,25,115,41
33971,Tops,e27c07e334d75e55e70b196a7618870c0f591d046ef70d984dbcbf5dd4f33e7d,108,53,53,54,54,54,54,115,115
33974,Shirts,14ce4c5f156f68bfb0323e38f84ac47514229a0e286c451403755ee8b7e9b422,88,108,108,54,88,101,88,115,115
33976,Dresses,844ab63219182348cbb04a5d0468804c745b807f7935991ac621a9eeb222a086,25,53,53,53,25,54,25,115,115
33978,Stockings,eec714b9ddc9563d2d94d5c7601afbc5b7a4c4ec30b0a1278be9ebe7800d3e12,97,121,121,97,97,46,97,115,108
33980,Stockings,5f68f8cc4a4a4de72b225fa49ce7e6155f66a12586c4a2e487bdfba2aabc459a,97,46,46,46,46,46,46,115,16
33987,Scarves,2db6f1669d8e4870eeb8be8c71bec3a25af39e25f599bf529cca3051260ea065,86,88,88,88,86,88,86,115,53
33989,Scarves,836ef1bf7a92bd2c5cca58a6d573ae4f5c59ca2839d9f4c26b7f6df504c28348,86,102,102,45,86,98,86,115,3
33993,Shirts,a8565498206938e4397d9f1eed7033348208609e10756eb67a0b8de4a1e03973,88,45,45,70,45,6,86,115,69
34000,Tops,cdd1289e7398096032c7cafb18e516cd9b6436f4e5c04cdaeef4d909507f9331,108,101,101,102,108,102,108,115,88
34002,Shirts,5bd73c5cbab491aadec0da4ecfdd6a4a1cc1e237680169572cd857dbb5b09c03,88,102,102,101,45,101,45,115,115
34040,Shirts,3bc52e82d0c1b983f3e1e6fdc40803e06b26460608182c85e74dfacd47196a9f,88,88,88,41,88,74,88,115,55
34071,Flats,fdfdc8a51b9000d60a5e520ae504f243f07c739a4dc673ecb7ebb402919a2323,30,41,41,67,41,38,41,115,120
34076,Flats,2172032254b2a94ab1813a7ede02799b2fc954af230354da70a70b93ffedb572,30,30,30,96,30,41,30,115,84
34083,Sandals,fc134696dc3075e2db7b9340384290dcc6c4646b988bca19b67008e50e9c6309,84,84,84,16,84,95,84,115,121
34096,Tshirts,a7c71ebd947fc4b857d015381a427bd9fe3001a5fee753f1bf9ad8664dec250f,115,43,43,115,43,93,108,115,115
34100,Tshirts,f290d65b7bd4b006a8bcba84c664a863a8c7d23068a9211195aa1c08a83c4d0c,115,34,34,68,108,68,121,115,24
34111,Tops,e7c1678553322f6b36eedf84cdb021aa97b6e3bb5981ff885e2dd6532c60a22a,108,108,108,115,108,115,108,115,16
34115,Dresses,ce70a10525df33443128364708498c71cb53b6b4197a2ce4a8d4038db96b7023,25,25,25,81,25,25,25,115,38
34119,Sandals,1a2439c9386f1ad2ea1988c39606ba6c1273c6bfb8ffafa57390a3742cdec3b6,84,84,84,84,84,41,84,115,115
34121,Laptop Bag,3f432310b3550c4941314e87ba2681a462b70c4845a53481a20b49daf972a981,55,55,55,55,55,55,55,115,88
34122,Duffel Bag,107f79f44f79915a4f29327f3e1831d2a72037df2aa39c34e06cc5de87ca6d31,26,2,2,2,2,19,2,115,41
34128,Belts,4e544a4f499986657048b6bc0a4040ad7ef0abfa80911fd12182bbcfc5638b7d,5,5,5,5,5,5,5,115,115
34134,Wallets,342ffc64d2acfdf33c32bb0d6c5f87bccce8e3e5059459a17f62c0fe4abb0e70,120,120,120,120,120,120,120,115,121
34146,Tshirts,8efff15cec3598fa8aee7f051cfa4631c61162782c75fa907f78c16172c7f85b,115,115,115,88,115,88,115,115,108
34148,Skirts,45c98b4d178f5df579a772b58b4b6d2883c3aa9bc30b691dad86b890dddb66fc,93,93,93,104,93,93,93,115,121
34192,Tshirts,532288c5b9197c9b04e76a3fe533c26526760517b8e4b86a4f6a5ef058db1de7,115,115,115,115,115,115,115,115,108
34203,Track Pants,ab49e36a16d1b4f79bb4920eb163640a0af16fa566baca0f686915ce6a783359,109,46,46,46,46,62,46,115,2
34204,Track Pants,2f84d5873a1229d0021c8f2eb949b861dc7264ef577bd447792aa02c82dd8ef9,109,109,109,113,109,109,109,115,120
34205,Track Pants,ebff1f8a7f07fec22c39d3e97ae0789d9f1a1a0cbf38e5df5d26fd3c24149691,109,62,62,62,62,62,46,115,115
34214,Tshirts,bc38a1dec8783c0e4d5db195726d8c0f259e9cc9d0cef023597f12f8e63cf728,115,45,45,115,115,115,115,115,115
34215,Tshirts,f4ee1280149a80a9cd70a22333e81073a9f10879d758c30ae3c897bc555da448,115,88,88,101,88,115,88,115,99
34216,Tshirts,b3e06c360a1b2b55db97ed8b7a6f2bf06ce8d7bcd69e873f832a880dcef67b2b,115,43,43,101,115,115,115,115,16
34219,Tshirts,9b57e60127ce90b3e89a60479e4b00ddb307184a0afba2539a13801f1ccf9927,115,115,115,88,88,115,115,115,16
34220,Tshirts,9d5ca8929755899aa341873a1f26403025b0dc8ac7406877fe247c1ca9bb7d05,115,115,115,115,115,115,115,115,56
34232,Tshirts,30abb28865f16c59399a1368870e9924e0daccf37cc56bb2f328a5c9892712ea,115,115,115,88,115,115,115,115,16
34250,Shorts,38ac57b83776cf679e00ad0d0356449e759c10a2fbe7e64213697498658a0b34,91,91,91,91,91,91,91,115,33
34251,Shorts,87d4d815f30cb6d5029d327d7c91a150ef2107b77611c40c95fd8b010cbae470,91,91,91,91,91,91,91,115,88
34264,Dupatta,3f4f1f2d83c87816268c01b8228d99102e040851c02a501e7d6f6b31f2cd6c31,27,27,27,27,27,98,27,115,96
34268,Dupatta,0a0e687dd82a892a4e3adaab9e3ce36e1bbe744f767ca66f1958018eb094cf46,27,27,27,98,27,98,27,115,121
34270,Dupatta,5cde7250c7a9e34e254c5c5162f657860a7835493baf95b0ea261a4324a02e2c,27,27,27,27,27,27,27,115,94
34276,Dupatta,261319287d2317ca9381d30499f1cbb0ff2a662fd0f159c7717fbf21a3b35589,27,27,27,27,27,27,27,115,115
34296,Dupatta,9fe075a9b4ab17c9f0b2b6c87e7051fca0d94f9060520b68dce64257fc97fe2c,27,27,27,98,98,53,27,115,16
34309,Stoles,f995abdfa18c38181ac284f2ab9389a6b3275ca5b843f1655cf7c0558e2fe9cc,98,98,98,98,98,98,98,115,115
34335,Tshirts,1fbe41fdc845a00c410e3aff4d96007c635610c47e94c4ff50f7db509da18c48,115,115,115,115,115,88,115,115,10
34348,Tshirts,eec1ebfd4b33480ad82df0dbb55f35fbb9973e41a38af9e2fb373d49fdaee8c2,115,115,115,115,115,88,115,115,88
34350,Tshirts,6f859ff9ac390f2ff5fd92aaacd1875241224b9b12cbda7b8e42e433a11061db,115,115,115,115,115,88,115,115,115
34355,Tshirts,585daa025941ded3b0e211657f4703b35305409db62a5a8491deec534994cce8,115,115,115,115,115,115,115,115,115
34357,Tshirts,61d67e27fb9fa2c8d4e1656d8d7c4bac44b3c666ef13f89ca7e4ecc92e406fa2,115,115,115,115,115,88,115,115,14
34360,Tshirts,fd7760f38a0ad1fcf1e2d445eba0653dc411b30f98238803bb79ae8da28d116e,115,115,115,115,115,115,115,115,113
34365,Tshirts,3c5163dd08c425bbf9bbbe45a7dd603d860916dc1e98c24057a8ac583caefe1d,115,115,115,115,115,115,115,115,75
34372,Tshirts,8e1a798d4bd43f84873def9674b4784fcc49935a861701ed0273c24145239566,115,115,115,115,115,115,115,115,41
34374,Tshirts,ba40923513d56acdc201f9a7e5e6b39b5ef718a6dc74e4d713c6faf46de97bde,115,115,115,115,115,115,115,115,115
34375,Tshirts,b95310084c9cd7e25a69cb2cf9f99a2ee9af7014352411dcd97f1e38d66d64ed,115,115,115,101,115,115,115,115,121
34377,Tshirts,1ab8d309adf5ae9a9939051ac5c89a37413da1fbca447830bc6a40b6b74572ca,115,115,115,115,115,115,115,115,5
34382,Tshirts,2556627ade678fea33c9e79ab1427e79f576d661d64f083412bb81318cf2469f,115,115,115,115,115,115,115,115,43
34388,Tshirts,539a411fdcf611f5b1cc4dd003f8b19ce51fdc57594075fcd9ca600a0b1c255e,115,115,115,115,115,115,115,115,10
34391,Tshirts,5a85228c41422a27a9091ab13f06797ab704acbd4fc429175b470e707f85d60a,115,115,115,115,115,115,115,115,88
34394,Tshirts,b350711d750bc998475ed6dd389fa3f0d5fd49d34fdeb02a1f11873743e53d61,115,115,115,115,115,115,115,115,96
34401,Tshirts,6a5befc48943144fcd2291dcab42b59de55777400da06146ca88fe975bd10423,115,115,115,115,115,115,115,115,88
34409,Tshirts,63618363c7166c3a964ac911061def338475e866a37963dd28522842484be651,115,115,115,115,115,115,115,115,12
34420,Tshirts,995517b3c7aece045871b2ce2903e7ec2a94812ec0934672897b212973be2fb1,115,115,115,115,115,115,115,115,91
34425,Tshirts,ec79ec3773b6c75bf3524492dde190b8dc28fb6de1e93cbc65befe93b646085c,115,115,115,115,115,115,115,115,115
34432,Tshirts,feb1913b1f67d32bc18eb5e1811296d04effdc7aea92b8bfd9a88cb1693fd30e,115,108,108,108,115,108,115,115,54
34440,Tshirts,3ab744c508daa76b18e0a01133acf735ca5995c7b5beda085b0ab2d5a097cf2a,115,115,115,108,115,108,115,115,5
34448,Flats,172e2d8881cde8bf6e559902dd77c441de202dc6efd337c291f2cf061a089c55,30,41,41,41,84,41,41,115,96
34449,Flats,cc0313eb8de1a4e695f9476a72c765ad245331bb1659b5ada8d9614270778ebc,30,41,41,41,84,41,41,115,115
34453,Flats,171cc90e8c95d783328dfd1da606779d6e9905068495d3ade6dd76fb4d75b52f,30,41,41,41,41,41,30,115,88
34455,Heels,550ebd807794c6a25809fb33607d638ae04573860fe82cb061baaef5e90870fb,41,30,30,33,41,16,41,115,41
34460,Backpacks,381067dff25e8c2d6cfe91891a202e22efc1e434c66d250fc4159b7e8131fdf8,2,2,2,2,2,2,2,115,121
34466,Backpacks,8f5163eb6590f4cff39c2b814deb5999932004858739151417339372cf673933,2,2,2,2,2,2,2,115,41
34468,Backpacks,d47ce690865a3fa3aa3889e74f06f17386b74a39d50ceda8541c955f80614f4d,2,2,2,2,2,2,2,115,16
34471,Sports Sandals,6c2f1ce60df55ab42be2f73d6cfb0334d7c09bd6512e84df39bfe6f8090c515d,95,95,95,95,95,95,95,115,15
34482,Tops,14a3a735663672446597e7c327c87d36e9d60540850d3283f6ef96b05c483277,108,102,102,119,108,72,108,115,16
34494,Skirts,1ef2fc1954579d51f836d2902cb9e8ea3b487144528ea48b72aaff7694796dc3,93,93,93,93,93,93,93,115,16
34496,Shirts,85596a1b21012cdd0b7dceecff8c8a334bba4d95427bb5e240fae304dcc9099d,88,108,108,88,88,102,88,115,121
34510,Sports Sandals,1031e86c30df511db6ee4ec8781dce55aeb3c814e299784cc268f4eb1afca016,95,95,95,95,95,95,95,115,14
34511,Flip Flops,4c738cd742dba9bdb74be2c110e09b22f3b8ce2f626ed44bd48b79458b683261,31,31,31,31,31,84,31,115,88
34533,Formal Shoes,638f696390146076b372020e42b5e450f4257aff8a153fb057d14d6e03900104,33,33,33,16,33,33,33,115,121
34541,Casual Shoes,eab9f922dfbaee1f0dae9b1707c815c82e0a43515419b84a64993c437cc7402d,16,19,19,16,16,16,16,115,46
34568,Tops,b276e25b7cc105ba4bc30d181311996ec0a31fdaae14adc9c5d23481c01f6193,108,108,108,108,108,108,108,115,96
34574,Tops,46ca231c308182472c2a24947c2a0111e749816b86efe52d529317a923904482,108,108,108,116,108,108,108,115,75
34583,Tops,eb4a2902627547e4908dba921b9cda6519898bc8ed6591bbc2fd4da4b11fb2a7,108,98,98,116,108,116,108,115,88
34588,Dresses,c82bfe1419a9311ce36287ce55b26514c582c73ec4689ab91cd370870c04a834,25,25,25,72,25,1,25,115,12
34591,Dresses,d043837f05c25f3fcb03be9988e4522a7685716e68aa52037730de2e139cb069,25,53,53,53,25,25,25,115,96
34604,Briefs,31cf3dfa3ecb849516fce808e9450562ace5693eddd61b6023a224b4ab5bf915,12,114,114,114,114,114,114,115,115
34605,Briefs,b1a4944df3282618a9d306240b62fb571032db22887f98ce1210bc73d349de62,12,114,114,114,114,114,12,115,96
34612,Briefs,d277015bb03fdd5898d1419f62fb5d91b0ef3a863185e8ae44a54d142c3cf1a7,12,12,12,12,12,12,12,115,88
34615,Briefs,84881e085d842c53e4f6a12341832193742468d3dd738e4a0138b3ee0b5f91ef,12,12,12,12,12,12,12,115,41
34617,Briefs,17a4297854bc482015674da1e6b9387971a210ea825725b5042d1319d0f93261,12,12,12,12,12,12,12,115,121
34634,Casual Shoes,24f9905a0ec0a2897bc2bbe77c75e7ddc641c37a073e3760eb27621a09a677a7,16,16,16,16,16,16,16,115,94
34636,Casual Shoes,ee9abf60db19491ef76c3129a8dc31e5d3b669615cf0e36869096638007d5cb3,16,96,96,96,96,96,16,115,0
34637,Sports Shoes,16bf3dc7a01a8ec7f5c0e4f95c459cc5a60f17dd14aaa78cfb9d51de18a79e2b,96,96,96,96,96,96,96,115,38
34639,Casual Shoes,685eef52a71854a98946e0e6ae6010e36808a9f3cc31c4806eebed91ba532988,16,16,16,96,96,96,96,115,3
34647,Sports Shoes,627fd6f1ed13747ee8ee8465be9f251d6829c01bd36f477fc305269ed4acce4f,96,96,96,96,96,96,96,115,84
34649,Sports Shoes,1d44a6cdc2d879ba1baeb40f758b01bd6655923ef8f60268cd820308443c52c0,96,96,96,96,96,96,96,115,115
34721,Trousers,562d3fe262366919794b995c1aa33a2f8e29b3daa48a1e0e724e561c23a8481d,113,25,25,109,46,109,46,115,45
34742,Casual Shoes,b9fc1ecb81729454dbfd448b742dd76f64e82af30a4e447c213ced6bc9560a7e,16,16,16,33,16,33,16,115,16
34745,Casual Shoes,c88064907487de6e55c3fa00a10c01a0670a27e04a1fdf081b4f7f618cbe0504,16,16,16,96,16,96,16,115,115
34748,Casual Shoes,bee2e9ffb014f2d58ed1ef7449ec34f182100d3f192b4a8087eef3e9a7f03d63,16,16,16,16,96,16,96,115,121
34749,Casual Shoes,3d87740f227881bbfd12a258aacb094fb06e9c61f921e540e71ccb244e86f984,16,16,16,16,16,16,16,115,56
34759,Handbags,fdf012813060a23dd9f68bad87a8652c37ac844eb2a5519e91c61ec02e899c57,38,38,38,38,38,38,38,115,69
34761,Handbags,58c1348bdfc91f0be7dd2332b724b7f2eee2943e3a7404205990f0ee251985bf,38,38,38,65,38,38,38,115,115
34762,Handbags,3fd264e93e9997fe877a97451d42491946e7bb412f3ca063ec6bb4dea27f77fd,38,38,38,93,38,38,38,115,16
34764,Handbags,b7ac9329e722db05885e0cbd681f5b095aa7be7b1348a9cdff0778a50a8724dc,38,38,38,48,38,38,38,115,115
34766,Handbags,48517bd73cd6dccb6861d1125faad31ad3f21fce44c4d90bc7045d237ff31a24,38,38,38,38,38,2,38,115,99
34770,Handbags,a825cad072fbfeb31199660b98c8b3f5e107d24f0fea12cb3e8f89aec0aa9969,38,38,38,38,38,38,38,115,16
34780,Handbags,9e2a23f0d4df01e01331603ef79ecc97157879f26d269cea8a74c273612e66ec,38,38,38,38,38,38,38,115,96
34782,Handbags,9b4b21c984bec4d770fcfd9cfd04a5e3eec61d2072cfdfe032a89ec2cb27d259,38,38,38,38,38,38,38,115,105
34788,Casual Shoes,b52c26fae1e4fe5a57aef98122a46d26d749b54636a0cf144d5b84c9010d3317,16,96,96,96,96,96,96,115,88
34794,Caps,8b0805cfc22360a8d5b516eca5f7aee0034433b8cabf1d749504fb4f4bb0a0cb,15,15,15,95,15,15,15,115,96
34806,Belts,dad8bba06fc45f1c16686ae24d062229667dbd5203b78a05924d15d1fd476909,5,5,5,5,5,5,5,115,85
34808,Belts,4befcc5d527390e68f2685f732477aac76c1d37b6da627b1d1518a6c1a05c017,5,5,5,5,5,5,5,115,91
34811,Belts,0f5b8d3690de7b95e57b3c9a4d6621b7c212e3ca2f6d6ac4425f47ab321d0168,5,5,5,5,5,5,5,115,115
34817,Sports Shoes,25ab0df621740693660b7d793cbcb806f107db277526bfbce48d8decbc4c02a2,96,16,16,96,16,96,96,115,115
34820,Sports Sandals,cdaf743bbf3b6325dd2086bd476a1b693219e8ba3f2253488d89e5f666afb294,95,95,95,95,95,95,84,115,115
34822,Sports Shoes,5b60feb3f5359503ec5bfd781dbcac244cdf1d6dc7997458fd19e75e6b2d92bf,96,96,96,96,96,96,96,115,115
34833,Flats,4006e458dea47147e7af692afc87f4b83c3e30e98becec7486aa8341746dce2c,30,84,84,96,84,96,30,115,115
34834,Sports Shoes,7c908614a2edcfd80a438995b72ea3232f34fd9e4180b3c1654f2a89c6825258,96,96,96,96,96,96,96,115,43
34837,Sports Shoes,cc0c77abaa2b35390da83ed67424127e370392540d58c83e90bf999bcdf25a94,96,96,96,96,96,96,96,115,96
34841,Sports Shoes,4aa8709794fa266e00bed6c42c159b7767f24f5f4f5a107189d9f36555835a56,96,96,96,96,96,96,96,115,115
34858,Casual Shoes,8c901c9daff4863403e6feedab48ff843711981cdd6f62a99639d01d4156da30,16,16,16,16,16,16,16,115,121
34862,Casual Shoes,7c919bf57d8a11502acddf7a079d7dc7aa83e6134a8fa1fb45c604fe2c83e38d,16,16,16,16,16,16,16,115,121
34880,Handbags,c6c6f5a81a065ef90e07702e0d079b910f73073340ce040504e399acf9f585cb,38,2,2,2,38,2,38,115,120
34881,Handbags,56f15f4b2ed5fffadf375ecfc37fa0485ad74dec8ce37ce00fa1f7829f37c82e,38,38,38,38,25,38,38,115,96
34889,Handbags,1ac7639d94c45caaa1233c23e27668433b66313d22431a539d4470dd2a153c70,38,38,38,2,38,2,38,115,96
34892,Handbags,f271c988f755705fea34b9afe8cc279f3745f29a77da6b4db507ce0fcd8891fe,38,38,38,2,38,38,38,115,96
34898,Handbags,1c5f749400f94507a3ca494bcfb915a8f1db73c853e6cc5f2339049898c6968b,38,38,38,2,38,2,38,115,115
34903,Dupatta,16ae5b36fd461a9285d108187994e7f35d4fd5887e76cc407562bb123ba8647e,27,27,27,27,27,27,27,115,78
34908,Dupatta,eafb803b6eec67d89a2110ee3bd3a2729d9e1ade8a0c2d3d082a573bd4711604,27,27,27,27,27,27,27,115,121
34913,Dupatta,c37f3e466770ac5b73078a6d8f87404bd1c3e7df8b784b119baa94e930a8ab55,27,27,27,27,27,27,27,115,12
34914,Dupatta,e31e48b6181050982abdfe02b2a998ec4902c1119cba7be4dd048e13b8d1f603,27,27,27,27,27,27,27,115,38
34921,Dupatta,9579b291a1ecbde4a24342d180790a0339aa6f219c7151bbfc42b41b8f2bdd5c,27,27,27,27,27,27,53,115,10
34923,Dupatta,8020383814a6f0a83569dc2ee03e098f8b3c5a3060b988778be1a4c2b8564053,27,53,53,53,98,53,53,115,115
34931,Dupatta,7bd254091c1b5833b3c895e4acd191fbd0ba70d31692bee6c1880c34fda8779e,27,27,27,98,27,98,27,115,5
34932,Dupatta,3aa2cfa61199224def3ebc06c30f7ec2f2da2d93b73b3a801c0e8228472b51eb,27,27,27,98,53,98,54,115,53
34934,Dupatta,789be45f4feb206a70c3c2554185dad786917eb423517d8e778dd1e0f00099bc,27,27,27,98,27,53,53,115,109
34947,Dupatta,eb25506e4b6f9d1ca6b431713a7fedc5571ca9c50d80e63c105883ae153d48ac,27,27,27,27,27,27,27,115,33
34954,Sarees,9c43eebf731dd83ae9f28c291bf267c9a8512e18fff4ca6f8239b4ab4a263f47,85,85,85,85,85,85,85,115,120
34955,Sarees,54ef89f61dcd51ee17744134a24e03d627df6c868a7c7ec27202dc4de7418b3d,85,85,85,85,85,85,85,115,120
34957,Sarees,f64ac13853a3f02df4f491f20367a611ed8320227af3d2e8b697e9d50b2e5da4,85,85,85,85,85,85,85,115,96
34965,Sarees,bd7176124ea585162e9762c0230c0d2a5d915b99553fb4dbee1f8e8b454b703d,85,85,85,85,85,85,85,115,121
34966,Stoles,016b05480cd6bcf40c2e5f7afd1477c8b115a0f83282b79b8be0abb2278a8624,98,98,98,98,53,98,53,115,88
34971,Stoles,7d511fc9c3a718635b39618ceefc4df0c22d29aa16da4462b7df6fa3b12b6b1c,98,72,72,98,98,98,98,115,88
34994,Sarees,c43f4da99df8a2933d5886b696c432d4a8eb03f0e5d32010a27a93c9f649ae33,85,85,85,85,85,85,85,115,69
34995,Sarees,2e2af9ef867f18b7d489e43234dc972700316aee36ae2bbf88fc03269d1512ba,85,85,85,85,85,85,85,115,46
35003,Stoles,f605d8ee318ffc4870062328b4acf7082a53130342c9899feee12ad8639c825c,98,98,98,98,98,98,98,115,121
35009,Stoles,7ec8f9f5811f0de811ab5564af8232ef6e63cd57611af4836c26868ac6bb2734,98,98,98,98,98,98,98,115,115
35012,Stoles,af9c40d09683bd85f87831259b1b61bb76bcb97ce9f25634dd2a90e05dd5916e,98,98,98,98,98,98,98,115,121
35013,Stoles,36a2a5e51b77f67d5e9755b94f2b08e5940d02eacd8562e5574aaed781bc104f,98,98,98,98,98,98,98,115,94
35014,Stoles,7ea8b815bbd9a37b64ece61289f42e54343700c3575f7b1f9cdf06585edec460,98,98,98,27,98,98,27,115,99
35020,Stoles,c51668637b959b8235f141a9a4b0f6beeb7366f093ee629e97c15d4c38c89639,98,86,86,98,98,98,98,115,16
35036,Churidar,f24cac3fbf38c0aa829613988c6fc72fd1546a32a7ecee21b19fe1a6d256812e,17,56,56,56,82,56,56,115,31
35037,Churidar,829d47663fe9568ed43142c84c7a020af2ac6f06052e88c9f57a76b2e79655d7,17,56,56,56,56,56,17,115,96
35039,Kurtas,3900eddfc728efad7ec1f5ce9ab5b05cafdbdaa64950a6165145516e54da7f2e,53,53,53,53,53,53,53,115,115
35055,Formal Shoes,668de15c3222a4622ecfa30aea066a08b9b19fd7675b82d1e7469eb477b18899,33,33,33,33,33,33,33,115,31
35077,Belts,41c4eccbd24d343baa49302904797e0831f58add0b2e0b282f2b89f909c10457,5,5,5,89,5,89,5,115,16
35080,Ties,e5a8aa0c6de882fdce17957221066c7df2b56df1406f0dc72bd042d37a581738,105,105,105,105,105,105,105,115,84
35090,Scarves,71906e3dad0f667b0905426ecd459723db4bf45e9b9fa91d4ac6685ec640eaed,86,86,86,86,86,86,86,115,53
35095,Scarves,496226c2277442b29e4a31aa95ed3440fd3f273dbf1d8bad07eb25c6c71beebb,86,108,108,54,86,54,86,115,96
35103,Stoles,dd0fa0697c3cd9cb9d5aff1d439224c0cac7badadaa66cae535bb4e5e534c6d5,98,86,86,98,98,98,98,115,115
35107,Wallets,8e9956fa7d463ee028cc944dd6a080727063a6185974856d52da66c0e55b7d26,120,120,120,120,120,120,120,115,115
35108,Wallets,9550f19205fd5bed26a47525f3121f9f45830ee002ed79b56d19f6a395cd9f6e,120,120,120,120,120,120,120,115,121
35129,Bangle,54876d25ccaf8af8e35ec5b4250fcced94cee79a4414ef64e4927fb136906fa0,3,69,69,86,3,86,3,115,108
35152,Sandals,b577ee1c4ccd89159d3f4a1f70fad166b5e1638d30de289509e1f4f4981dcb7a,84,84,84,84,84,33,84,115,108
35162,Sandals,0dfaecbb8e24740a64d22dee5e50cd54ef6646557bed9a071d7bb9097dfeb5bc,84,84,84,95,84,84,84,115,115
35172,Backpacks,22d77b1e68c1c1186bd580b8d606156195d854e53437a24b7c7d644e30f3b51a,2,2,2,2,2,2,2,115,16
35187,Backpacks,28ba1e17885a29ea67dd6060041871b2d539d97e5da51a3ee400a34fe93cbff6,2,2,2,2,2,2,2,115,31
35191,Backpacks,a826726dee1ddc82e590190e0f77b5a833250c8262baf11936da84208524bc7b,2,2,2,2,2,2,2,115,74
35205,Backpacks,f8e1efbbaf0ac44c4783fd467c6bddf625539028fd0da992b5843da7062ba793,2,2,2,2,2,2,2,115,84
35210,Backpacks,cccd0d2e824f790acd3e68a5f0a8babdc476d07780b53f914ef6bb0fd1369977,2,2,2,2,2,2,2,115,108
35212,Backpacks,e1a65e68cfdedd74f117403687ea0c3957250de1e379595db21f796f9e53503e,2,2,2,2,2,2,2,115,121
35214,Backpacks,51ee8e613801cf258154631c784966306d7c30d682226c287b58098d33104679,2,2,2,2,2,2,2,115,33
35219,Casual Shoes,651b43567580d0429cb3f43926ebbf12608c7c19cec43adb3a975ead14a48ada,16,16,16,16,16,33,16,115,5
35248,Casual Shoes,fba8175e2afb87a022ba1ade2a055057a2eb720df121ec9e75dd6127a9f84aef,16,16,16,96,16,96,16,115,88
35260,Tops,250adb778c4939f28298ccf6b601fa708e8a783f2ababf9e3943ccdeb5f073d9,108,54,54,54,88,54,108,115,38
35265,Tops,aaba3e9e347c505cba324f08c0015a504d993f99f99dfeec5cc7930007a878b0,108,49,49,53,108,54,108,115,115
35266,Tops,ae1537274a63fecfd76a5948c8b9ecfee5cdfad8af9d6b7e2e42b56b187c5d79,108,86,86,54,108,108,108,115,121
35272,Tops,a4c4d6976d775a11eebe7ba5a4e8fc9e151e8cfff689d66940d0f8672ed38ef6,108,115,115,98,115,108,115,115,115
35277,Tshirts,6f6dc123f300fd359f4a859ce5a05b0074f1db616d19095f96de9e1a0cf9f4d5,115,115,115,115,115,115,115,115,2
35310,Earrings,4f223a91843293920b63bbeccd0ebc54e9b10abe883ff6f60e817a31f268ddfd,28,28,28,28,28,28,28,115,115
35311,Earrings,20ff61d54e8edfc02509e2790cec2d7c9c787bbf8091fb0235f2e1330c1f641a,28,28,28,28,28,28,28,115,115
35316,Earrings,1756036f3868a16f94e8fe9084de0560ee7c6e668b491a0c220ceedff383f23e,28,28,28,28,28,28,28,115,101
35321,Earrings,52f125cfc11427422b8a3ab24cc27d965bae684587e529799ae4839b24da77c8,28,28,28,28,28,28,28,115,38
35322,Earrings,1a6223d936e9c3b0eabb20d9d741f5b01342b9a519319418199c275028706471,28,28,28,78,28,78,28,115,121
35325,Earrings,dc05b8e70c9e30ea2efdaa421629d64841dadbef672a290de1cf23ab7abc03fd,28,28,28,28,28,28,28,115,121
35326,Earrings,e0c9a71ff6d9609608ec8f8a9ca7302df2e34be3011ff6d5a222f8020e3e839f,28,28,28,28,28,28,28,115,30
35335,Pendant,5fa6338607a9d27e3b55d3eaccf7c9495f3f1c9a4fc17f45d74f8d67d75c2780,74,74,74,78,74,74,74,115,28
35358,Heels,544cff609cae0f707564077aa8f338ef00eac96acb71835865034cc4c2ad06c4,41,31,31,30,41,30,30,115,88
35414,Formal Shoes,8dad6426d4fe33bc08f3860df721c87b928aac44c4c10057d2da951d8c9dc0ba,33,33,33,33,33,33,33,115,91
35419,Formal Shoes,bf6623109bcb4d8dcfe683d218126dd7b8b2128313f68bb2e03abc510dabd9e4,33,33,33,33,33,33,33,115,88
35425,Sports Shoes,5f67dd2a1831a7f3062146840aa217211a4ded6353d03862aa27d61d85f28544,96,96,96,96,96,96,96,115,53
35426,Sports Shoes,031b933f309f1824ddbcfc161d9d4c8d1ade3a917f75e1f2b996eae54f4935ea,96,96,96,96,96,96,96,115,115
35435,Shorts,a9c0f98634c512d97a8bda914d32c262d013548a51454ea86db9f5681b0646db,91,25,25,35,91,35,24,115,120
35439,Shirts,ba40492c7aba41efdd4b1e52429fe4aa96f57c7cf2533856d8a843ae6566a137,88,115,115,115,115,115,88,115,34
35460,Tshirts,8df8674d0633630ae557edd49524f14ed5bf945db1b37dd0d16fd2a19acd9fe0,115,25,25,18,43,18,108,115,121
35462,Casual Shoes,14b57b0a6f5d2e286bc524be0fe10c6d2fceb69f7e9c212c46459844780ec405,16,16,16,16,16,16,16,115,99
35464,Casual Shoes,0a253df1343f1acc90218890411c1523c930bbc5ea0dd1e7e3055191996586e4,16,16,16,16,16,16,16,115,0
35477,Formal Shoes,b8d976d82027092c5ad42b9c1e45111ea428b481882ec302b67eaf200022ed76,33,33,33,33,33,33,33,115,53
35490,Formal Shoes,55c200972cac6712793ec4a2d4b3d8e6306464888d5f7c104efb2b55de29bbe2,33,33,33,33,33,33,33,115,12
35497,Sandals,0e9885703e93b1fe6377566b9d67933cda607a05402c01be27ff242274942c1a,84,84,84,96,96,96,16,115,41
35504,Sandals,2fd51fbf2aea72044a84d4602a2755d8f1344800830eca8ec841b20ce893f504,84,84,84,95,84,95,84,115,115
35506,Sandals,e33adee7625834781e547e30169e8c0ead21fbb37c882679c491d739d0b78386,84,84,84,96,95,96,84,115,24
35521,Flip Flops,a24fbbd254ad8c04eb70a6de16f11ffd5f0ffc85761c14589bb8fa11178fc4e2,31,31,31,31,31,31,31,115,96
35533,Casual Shoes,e83315d0464649af288c27bb86b43913ccaafe3a019315763f410ca089f0746a,16,30,30,41,30,30,30,115,30
35534,Casual Shoes,6a10c6830212f932e05815a804e15314cfff1886a7188ec01b7128793932b2ef,16,30,30,41,30,30,30,115,82
35541,Sandals,64a03b7214b06e77746a189397028f8bae208c18b11463d7b0853fd7a8fe8240,84,41,41,41,41,41,41,115,88
35542,Sandals,b97a253abb684590c6abc73185fee29c94b33be8999f9fc2ffe22e3805e2269f,84,41,41,41,41,41,41,115,30
35568,Formal Shoes,cc833daa1a36bca5dbbcb2d928ae828de2ae7bbb47e8e23965b89d43c6e49cb7,33,33,33,33,33,33,33,115,15
35571,Casual Shoes,0b3ef9ce45d68a8b5c1c9c7fe2e64e15f52fe07619f3676798a48f9314c3a2f9,16,16,16,33,16,33,16,115,10
35586,Sandals,11c586a049da077e63252d271c139565266a9a41fe5eac0a3c6304e3a3c36830,84,84,84,95,84,84,84,115,43
35592,Sandals,1e487eca7dbd88dd00e14bd9406b577e0b960241ebf08b1ed2d252d85a65441d,84,95,95,95,84,95,84,115,88
35635,Flip Flops,83a71c5e83fbad93bbb08bbb4da4a84d92eac5ab5b571d33ffe2776fe620b02c,31,31,31,31,31,31,31,115,5
35648,Sandals,c977a25816a50de16c7165717bc2f6bde1a2a1b8cac13cdb4999917f96483349,84,84,84,16,84,33,84,115,85
35653,Formal Shoes,f64748d76c60529083fd788570495194f81d8d7aac94c25e43878632e0d32a94,33,33,33,33,33,33,33,115,115
35656,Casual Shoes,992c6972d46a4dc2185a4486bdf298f5ca05325c8b23b2d1758e83c4ac132dda,16,16,16,96,16,16,16,115,115
35663,Sandals,2ac0e2e815f669af20451769b1b898976a2360fc6d690ada5b8e9c6b35e4014c,84,84,84,84,84,84,84,115,41
35664,Sandals,ed5200e3ea6d7ca1dddf231b4141ab92fefd90b975dd6a3c277e89114126cc4f,84,84,84,33,84,84,84,115,113
35675,Casual Shoes,9fed6b0c7ccfd85557239f486428872bfa2869e69b7eae9c62037f50ff10e3ed,16,16,16,96,16,41,16,115,16
35678,Casual Shoes,d7f7ba989f0a5d92ce3e68c4f8eb0bd183cb68e5c24bc4a732335cfa2eec3912,16,16,16,16,16,16,16,115,88
35679,Casual Shoes,5de14aeb4e53b22c1fbb9aab9af11a2ca6329f6a441be7097bcc775e303abbd4,16,16,16,16,16,33,16,115,2
35680,Casual Shoes,a86dc8cfdaf6996746fa29b6ec3104029e85b7cc03258dc2b7dee69bda34073b,16,16,16,33,16,33,16,115,115
35684,Casual Shoes,aada2648be7eade9c8155e45b686ddbb2efa3d0b51a5fd9dadad65fd99a80826,16,16,16,96,96,96,16,115,121
35686,Casual Shoes,4a2af1c90d3b14da99180bc07d95cb4f7cea5e08e4ddd799052c2d362f2340c8,16,33,33,41,84,41,16,115,94
35688,Casual Shoes,82e985d69f8e952c7ffdd808b06ab264aa03de1c7292001106f1ac958726ffa7,16,16,16,33,16,16,16,115,121
35690,Casual Shoes,5e6f57eea06ebb4c3dadb849b6dc76ff8c4eed190dff2a43d0e68175d69ab525,16,16,16,16,16,16,16,115,115
35692,Casual Shoes,bd8876601e484bab560d82120dbe7e52a5389d8bd57f65afe8a07b3974fcf45d,16,16,16,96,16,96,16,115,88
35705,Sports Shoes,3f0a4615a9f0b5115c7cb16d154d923969754ee21a9327262de4423a781c4e50,96,96,96,96,96,96,96,115,10
35706,Casual Shoes,c15861b8441481659c2a5d1bd71b33d1af3d8eae2aaec5c708af418e439f5a38,16,16,16,96,16,16,96,115,53
35716,Sports Shoes,113fb7bdf9b3096ce98b121c8616ae3ace7fe233a150a9adae4f4efaf2724efd,96,84,84,96,96,96,96,115,121
35725,Sports Shoes,b35ad9ed70f099bd72bc5923dea7c93d241d1682ed4944609b0114929c4e73c9,96,96,96,96,96,96,96,115,78
35783,Heels,c8ce7c88087a04d100b1b14dbaeba4d9d6021d68304af02724a5a949ae50070c,41,41,41,41,30,30,41,115,16
35784,Flats,01ef5e3ab24836bc84d2295dc839d90786bcaea47adb1f1fe5538c25695eb226,30,41,41,33,30,30,30,115,9
35787,Flats,610bb0e6551ecca93e2470ec81d467a5d77084393d95fd8e34d8095074c7cb7c,30,41,41,16,16,41,30,115,38
35797,Heels,215d0b12e6481a196da1a761052eaf2aa05447e4c0671ecb293127efbd42122c,41,15,15,41,41,41,41,115,24
35799,Flats,e5ed04f1d30a716ca91c4c99d5d3a6e4a0ad2b304d0c6ab12b9e6394b2573658,30,30,30,84,30,30,30,115,33
35815,Heels,f8fd4b3909ecab0cbb2cdecf59f504c81714c77b2016e27d5bb3a5d7175ee31f,41,41,41,96,41,96,41,115,53
35879,Tshirts,4113c957a856f700b9bc14d66626ba9dfef7daec68a314e6e6de3679fdb839c7,115,115,115,18,115,18,115,115,88
35885,Tshirts,9b81140ae515c3d15b812e12856af13de21b63185cafbafe6b12346b8e24dd72,115,115,115,80,115,80,115,115,84
35888,Clothing Set,10ffe2368eaa2636d9944a0d4b838280e6ad590f7f9287d7a87626a227b2bd7a,18,18,18,122,18,24,75,115,115
35898,Handbags,507799fefa0a5492cc5403ed5ad8534329d4b39002b076d2afa56a3a4db95973,38,38,38,38,38,38,38,115,5
35900,Handbags,9247a9a060b3f7c989f4cdccfb5ee32bbd255784e4d9b9e5383231542b88f8a0,38,38,38,38,38,38,38,115,15
35902,Handbags,e6c0aa84cb8e3f5bdd49ee8221d9222df48ae29fe100cfb3f8f0c9385b59bd9c,38,38,38,38,38,38,38,115,109
35909,Handbags,bf4e65f6ea6db8266ce75ec041c64c03a8360de952408c3d919048d3da8140c0,38,38,38,38,38,38,38,115,88
35913,Handbags,edeead5196e422fd3c8e90fae7b06f5706a3502158a1614f7082eb38233d860e,38,38,38,2,38,2,38,115,115
35916,Handbags,5668f2efca3afa43f2839f1050205ca24cec3456845aa3947ad4fbb89ec22e84,38,38,38,38,38,38,38,115,65
35918,Handbags,77c00beae2b16da2bffa4f617c3bd14a6d468f2349d8200b137cb078e31ea833,38,38,38,38,38,38,38,115,88
35927,Clutches,0cb0eb1dfe8bb8df4ce0c3ef172e44168835ae6ef63ab3a40c91b3a3fb42fa74,19,120,120,19,120,19,120,115,96
35928,Clutches,bb4fc8c32b356711d909b4b14ecd4099ad28f112fb49fda99a3ad0bb2cc5b8af,19,65,65,19,120,19,120,115,96
35937,Sports Shoes,685cd75dd06e718fdb73ab267f04b4d013ee8f571390159081851fee0a793013,96,96,96,16,16,33,96,115,16
35958,Skirts,f48cd6eee6718e2bdd73a22ef378738dc5fdb0e97e6d16415e4e87993064a509,93,93,93,93,93,93,93,115,16
35968,Tshirts,2118f2c73b7c0855493595c66ae064d4d3fe209047b73436f64cfbe2e87160b6,115,115,115,115,115,88,115,115,53
35970,Tshirts,7afd79fd30a85d6014f41c47d3b1f359a63bc6de268981000caccd966362415d,115,115,115,115,115,115,115,115,16
35993,Tshirts,4b47e7300ad5ad8118f2bc37122354e2dde3417911bf5add87a009850ab618c3,115,108,108,116,108,108,108,115,115
35996,Tshirts,64e51659dcdda25e2250a5d0ae8de8a3ec72d331960f5260ea7de59ba328de4c,115,115,115,80,115,115,115,115,10
35998,Tshirts,11d9909f45b7d769fef5b1ea493c6e56cc58681060c56084979c44aeaf74eb5b,115,115,115,119,115,80,115,115,101
36015,Belts,b05b632cc944bdea6d3938c64c14dd88b1076504ae92ba1125c376f87c7e368e,5,5,5,5,5,5,5,115,101
36023,Belts,c7297d989d5346d9d3e11b4adaf0133e989e3fd3d787177cbfc698a3a561a677,5,5,5,5,5,5,5,115,99
36024,Belts,18ab33e66fc996372123bbf7eb721b1e6464ef3893265454490e2f493d49808b,5,5,5,5,5,5,5,115,121
36025,Belts,97f50096771f61a4ad73a98f54e3059cc10783bea58c33306599a0225fc3ed25,5,5,5,5,5,5,5,115,108
36028,Belts,b692d79fda728cb29716b207de6e2d89e78894e6a5047daba56e784ac8a11131,5,5,5,5,5,5,5,115,31
36036,Handbags,b91071184c5ab0ebf1dd34ea13cb460f176eab6f94c595ed146ffee8f174fa29,38,26,26,118,19,118,65,115,84
36043,Duffel Bag,424b0da3ef2cf23200a15d2d0b2009c2ca8a496caf045817433d6b425a3a621c,26,26,26,26,26,26,26,115,96
36058,Messenger Bag,fd07ce4c5145ca3015e573cb03685539804c55998b61c453d4da31534bbea0e1,65,65,65,65,65,65,65,115,46
36063,Backpacks,e3b0c6925b0da3450cfbd3e37a7135fcec29bc33fcb9d68f6c3706c1402ed6ce,2,2,2,55,2,55,2,115,121
36082,Caps,30fda4afcc153bf7a71eb7db16c0cdde4ef1af7d8409998b5ce885cfd1b22204,15,15,15,15,15,15,15,115,88
36090,Wallets,5d265ee8add06988dc124e68b93b2b9d0f2f18d0636d0b0d6b69c82774745665,120,120,120,120,120,120,120,115,75
36097,Wallets,bae84fbe16184d6427b60b329a9f605f26c83d66d8d84c6b74d7419dae49034a,120,120,120,120,120,120,120,115,101
36119,Wallets,f43924572f8f1a38afdf8d66b0c9e4e74fe1634e26d654fb66bb6560c549f739,120,120,120,120,120,120,120,115,121
36126,Wallets,32df1aeb08feeee9f0b5540760cad06232490ec0a7b6ec5553afc580a4888ed1,120,120,120,120,120,120,120,115,115
36133,Sports Shoes,31335660ad81f6cbf69d415b4775630e4a3db53f62393a08faaed5961f5d07e5,96,96,96,96,96,96,96,115,83
36136,Sports Shoes,f89c86397df9c0a0dc62eb6f93d7eecfdf733fba6f1a6111d00fb1784ffe750a,96,96,96,16,16,16,16,115,115
36142,Sports Shoes,b91a18c926b54b5de3fbe1aedbeca6817b7774de968e563c61c19142b05c5a43,96,96,96,96,96,96,96,115,53
36209,Jackets,9581e6dad749d28a1bed33767d6d53e9bd531de5907ad845cf243dd5dece837a,45,88,88,119,45,119,115,115,91
36213,Tops,27f898c60363cf579c1ce7c6cee75e5b7299b6292565db140b21b33c5a459593,108,108,108,115,108,115,115,115,61
36223,Sports Shoes,37cc8f0b42a2ad6f559923dbbf860e50228d03cb80e24d5a1a4ae3a7916bcd5d,96,16,16,96,96,96,96,115,88
36224,Casual Shoes,a7a1038a717d5be067f86ade423fa44bdd460868b7d478c3b6f8b77ce1b932e3,16,16,16,16,16,16,16,115,86
36225,Casual Shoes,6b7e4ce1b39598f2faaa11c676d96500b216ca14d64224005fac9565110ed9fa,16,16,16,16,16,16,16,115,96
36227,Casual Shoes,6a59fb7fa7d017ef5bc004afb2ce995f688b006ebc9567f08e0cc53758525feb,16,16,16,16,16,33,16,115,33
36229,Sports Shoes,a332a095aff9b7dfdebe1df0c372ee0d2715b13956a28dd44019adb160d2e3e2,96,96,96,96,96,96,96,115,115
36231,Sports Shoes,9f503a04b040d2c3872c2e2f989a42ae6dc0cc0b07f353f4e0e44ad5c0c92afb,96,96,96,96,96,96,96,115,16
36252,Night suits,6a7c5d97067bfbdff8f33e6c6e8a3c7c308203896f5d98bf6aea099f21ee9833,71,110,110,110,71,110,71,115,96
36253,Night suits,4bfe78a82d7127ccf58cb80defc1f1b82446ec38cda870ee6042f4781201c219,71,110,110,110,71,110,71,115,88
36257,Night suits,6e4dc6afdd207ddae37be130a874df6aac9051428f65d9d4cb98f4cfe4b2ef49,71,71,71,71,71,71,71,115,15
36264,Night suits,404c6539b303917d18470e6e38c23f9b23738d33597411f4d7d0df98263e88e7,71,71,71,71,71,71,71,115,94
36269,Night suits,605b8c391f17832de69db523c358d1362b7f421bc5dcdb8d885820ab22947f6d,71,71,71,71,71,71,71,115,33
36273,Night suits,582b27b96f2eb2e3a6b0be9e866b723deb14ffc97973dcf678c927a39785c2c7,71,71,71,71,71,71,71,115,115
36277,Night suits,d06a0b6b93d733fe7bae85e9027b926fb6378ca32bab4654ece28f8eb25ac81e,71,71,71,52,71,71,71,115,84
36278,Night suits,5f7b8c9561d6b6c0da4392c6919b73aed8c42175e6f0ca38cad8033b1e8891a1,71,71,71,71,71,71,71,115,115
36284,Night suits,63052481813d9cff327c12992e11b32bf41b902c2b232b27954ebeb23a37fc5c,71,71,71,71,71,71,71,115,86
36288,Night suits,2df782f64af4cbb0e7f6d90b25841994ffe45b78aebca36e830fa17b0c87ffda,71,71,71,52,71,52,71,115,30
36294,Flats,2f4262540604279e4734916319ee4591971215d3830b76b1240d1e787737a9af,30,41,41,41,30,41,30,115,14
36307,Flip Flops,afeb981c13ad46ff999fa9980aade7eec981fa7306f1e039f22b6663694113e3,31,31,31,44,30,44,30,115,75
36310,Tshirts,bafa57b237b529698c945dc46b1081f2b4963631a8a067f4d6f89929c6560a47,115,115,115,115,115,115,115,115,121
36335,Socks,d15a818879065665ffcd45cfc82dde445969440c64df95fb2de2b46f84a6b9e5,94,94,94,94,94,94,94,115,38
36343,Ties,4298fd67a922131b70eca516c8ad6c58f0f2b750f79af55e3fdbc8395fdf00be,105,105,105,59,105,50,105,115,16
36356,Ties,be1e2eebbba5d3a7a818e35f5236eaae11d3bc66f0bd777f33a6f4b74cd95b43,105,105,105,105,105,105,105,115,88
36361,Ties,afb5b2d2f613af25ff44517387f696d034d135b15afebc8e40fe2113b4c0a3c8,105,105,105,105,105,105,105,115,105
36368,Ties,70e3248c0797cebed7da65af3e83c5a1fe8f0c920572935224c6dfdba5a40abc,105,105,105,105,105,105,105,115,33
36376,Socks,b667500b4c9da39cc05b79361af1ec06b53f36d167a2fb48d6c502e9e324db76,94,94,94,94,94,94,94,115,115
36381,Socks,5eda95e6ed09ff3887d478d43871dac114d6cf1e5640dfd0f1fa9aec1ca6d1a3,94,94,94,94,94,94,94,115,115
36393,Socks,02896198c2a72be00bcadd5bedf3ddc42efa227a7b3b4fb8eeb7dd199e94c153,94,94,94,94,94,94,94,115,12
36394,Socks,cc3f7f838f894c345f2dc773ae2b862076b3e22e93910b3caa435e6e710f398c,94,94,94,94,94,94,94,115,41
36398,Socks,a5ede983a2b4a758ee4ef4cd66cf566618027dd13f656e079c99bfe7c64b2b4c,94,94,94,94,94,94,94,115,88
36399,Socks,d9e90090a37d15196968e87736e0b444ee78d915b0b69e8216f033a752ca9d32,94,94,94,94,94,94,94,115,38
36407,Socks,760fada6641ed1d9aa1a3d7dd9f8d7d590850cfb58d13feca457e903f7246971,94,94,94,94,94,94,94,115,109
36411,Socks,aefe0f5d3d72c7a84119af9cd9370f5ee0f0b5a05e80f9130f9f2da2a249ee12,94,94,94,94,94,94,94,115,120
36418,Sports Shoes,656992f67277e65bb4e2dc81f0759b7b18fe731f634d86a19e7c9513caf3a8a9,96,41,41,96,16,96,16,115,115
36419,Sports Shoes,a0b024f8b4962253b9c70944acdc956e69790e8985ae7f191b7b67f0e41b1f79,96,16,16,96,96,96,16,115,2
36423,Sports Shoes,449f57688134d0161305313485c73d4b222932901ca162f2dc7c949910dd2cfe,96,96,96,96,96,96,96,115,84
36424,Sports Shoes,a8c7e87bbffc26f6b76f2d920d8187363a089e484c49d15f1473edaee5660825,96,96,96,96,96,96,96,115,24
36428,Sports Shoes,dd70e8b1e01bd713ea3de2b314a6d9d0b050431c9074f4e144cebb7747933eee,96,96,96,96,96,96,96,115,120
36429,Casual Shoes,4477b20eda955ce6ed3e3ddb034cb849db46c18a2384fd12db628a41af292c18,16,96,96,96,96,96,96,115,96
36430,Casual Shoes,bf1a02e0335081080a2b4fed231f70d46286753740c2baf1741312f35045ebcd,16,96,96,96,96,96,96,115,31
36446,Sports Shoes,0eda7f33d612d16ebe06c810f51d2f2a391c2b76961dc0378de854fb0a61b303,96,96,96,96,96,96,96,115,108
36447,Sports Shoes,1adf84bd8342a85531d0e3ee2dff6623c4e9e60ff7cc93397a505d3c1cfaec38,96,96,96,96,96,96,96,115,19
36450,Sports Shoes,82c4068bf265485f0da9462a4fdc087b49cd6166da1d9a7b1f833e451b14395a,96,16,16,96,96,96,96,115,12
36458,Sports Shoes,1bee44b8da246297fa64f8b8b53f6b93fd45051f77eee418c1cb183cfb0da5f0,96,96,96,96,96,96,96,115,88
36460,Sports Shoes,9d4d1eb6285640ab25da6c5d04feae515928c6c218dfe75633a2497b7254399c,96,96,96,96,96,96,96,115,115
36473,Kurtas,f1644caa7f838d3f1f02cd1afc144d2986b5a8617f733ed1fc7fc0b2cd009b91,53,53,53,53,53,53,53,115,121
36474,Kurtas,b03cca8b46bc6186648471096601e176cacc5d7d8a2c95c7afbce0be534b3d73,53,53,53,53,53,53,53,115,113
36480,Casual Shoes,77190f8aefa5befec8961b449e2f6c6440a33b15be639fdb0bef2544badd8325,16,16,16,96,16,26,16,115,121
36486,Casual Shoes,0abb7a7926189068feb67e63f1f9721321570f89179607585548a791265a2003,16,16,16,16,16,16,96,115,121
36507,Handbags,037fe09507d1caab25e4acd0fab5f8ad8450eba69166f881bf9819db84a7e5ff,38,55,55,55,38,2,38,115,14
36510,Wallets,06dac18f691b0474abece73aa85afc3fe2254e8b3fa0f941f4261c13e1ab2e87,120,120,120,19,19,19,19,115,53
36519,Belts,61c2d54478885dcea67d9827d04fb067cef6e8a993bfa8c691871185740c7fbc,5,5,5,5,5,5,5,115,121
36522,Handbags,790f9c37a19bc12c172848ef067715ff3f15ccd3c2b6d1574d3e5907d68986ee,38,118,118,26,38,26,38,115,84
36527,Belts,a745667217965e3550862937a786543323658b85ed1821191138501001c1fc85,5,5,5,11,5,11,5,115,120
36532,Belts,ab2b56016c2068b120c1ec177eb0fab637fef7af7791ae094cebeb7bd415def2,5,5,5,19,5,5,5,115,84
36536,Handbags,9d7ec654b849ac1d85d201f2a0483d0160f9eaca5ca6dc7815303eb35e761527,38,19,19,55,38,55,38,115,30
36565,Deodorant,fc5f9091f105b9bd2fb1a89610011200ddf08eeb2fe45864914a707d345e30ec,24,24,24,24,24,24,24,115,53
36617,Heels,92113476d3ac6f73f61aa4970e90e7a5af36ce4a80653eb30107243991fbe275,41,30,30,30,30,30,41,115,41
36618,Heels,14c2004bc63fa9e3b06d0896c153a780bf27f03fbc5aeb30b9a8ceb0babd2301,41,30,30,41,41,41,41,115,88
36643,Belts,60269cc169a7a33f6226ead2555e28eaed3c7e7a70280a66384bdb1b1e5a0100,5,5,5,5,5,5,5,115,84
36646,Caps,b9c8bdc1c6f62012947ff604cf13a113d100a378df2dc9bd2d70162bd7c0dbe0,15,15,15,22,15,22,15,115,88
36650,Wallets,4c6a37e59170390d333ab7f7173d670098c0d6a94723e354499382714c96cdbb,120,120,120,19,120,120,19,115,93
36655,Handbags,8918fdabf7094369225eccd19f89b5ecf1e9e13db08a22b02ac35b86632e0126,38,38,38,65,38,65,38,115,96
36657,Clutches,c9214ae21aee3734efee3fb607531fe336de03f68d80660b1f16f9e5ec2d17a7,19,120,120,120,120,19,120,115,2
36662,Handbags,54314391d5d7dc14ae27bb87a6eec9ea795fe2c73ed63140e8568955c7b5d8c7,38,38,38,38,38,38,38,115,96
36664,Handbags,4a39add7d6d48caa919976b152843adafe25b207227f9c1ee0d14f17a34d4fec,38,38,38,38,38,38,38,115,96
36666,Duffel Bag,a10c012b2a15d64aea53a525f4ad374edf0b9ea95b83f07164396dbee39e55d7,26,26,26,26,38,26,26,115,108
36673,Handbags,f6fa30a84733dc4fb1694115ee7a7e32b013750a31dbb45bd48babe30dbe715f,38,38,38,38,38,38,38,115,121
36694,Sports Sandals,80ef95c3c451e3f1c924822bec1478230b69d1a8c3ffcd91ed8f3c8d634b4bf3,95,95,95,95,95,95,84,115,88
36704,Perfume and Body Mist,f73a2658858a62b284ee0867877b08dd29a8f0557d989c947ce3ec917d0a1f8b,75,75,75,75,75,75,75,115,5
36707,Perfume and Body Mist,421a4d9481098e20378b564371805205bd471d4d46e8b7a3191ce36331c31b65,75,75,75,75,75,75,75,115,88
36709,Perfume and Body Mist,8bc8d63ca00cb6fa74786f2b0e3a63e97bc64c42030ddf244e1d8dd72d778417,75,75,75,24,75,24,75,115,75
36713,Perfume and Body Mist,357dee484afd7a0f695daa3e976ebcd349753f4e32f34aa80d7175613d6a1fe2,75,75,75,88,75,91,115,115,115
36714,Perfume and Body Mist,68bf16b1706e03c90d76a1e3cff8ceb48c3020d23b1d4b2c5a983730104153e0,75,75,75,118,75,66,75,115,5
36724,Tshirts,11c1d8022ae7989d1603b55afec215e79a28041c5ef5564f515ad0bf2405d6f1,115,115,115,115,115,111,115,115,115
36731,Tops,d0de414ad826f369ad9471793818fa7d11e93e116512b1bd89fd584042a6ee8f,108,65,65,122,108,101,115,115,113
36735,Tshirts,37da4ffc8350c778dac8d1f2b2960855f1951ec01b06441cb8514fc65242556b,115,108,108,108,108,108,108,115,102
36737,Tshirts,7addf492dce22a2daa9ee96d284be0cf1f44b552d0518422b14aebc32221c758,115,108,108,116,108,116,108,115,41
36741,Jeans,1030c68b854d4d6b3188f9efca970cd2f441633d34977e433184523bf2c30cf5,46,46,46,46,46,46,46,115,46
36744,Tops,8ee5f8fe8038d7408638898ce5a743fd23d36a526c7d3ac4cab94a3c71e6329f,108,24,24,115,25,25,25,115,33
36753,Clothing Set,e3da5855e8679b2cc656bedc805fd50e20ef25b769ddc0eb8707ad9acae3097e,18,25,25,18,25,18,18,115,115
36769,Watches,1c46b511ae853fd7313804b5f3e3c501bb908349f63ff63f2bbe5569b6c91bdf,121,121,121,121,36,36,121,115,88
36772,Watches,7154dea5d12dca957c04029cfae16b8d37396dd8fa4936519350b24764ce1732,121,121,121,36,121,36,121,115,25
36780,Watches,6fc321048e85a43750a64fa13ab807a6793081fd219938779063668dbab69b00,121,121,121,121,121,121,121,115,88
36786,Watches,81b32db2382b224d394d79b4cc8eba40782a98de172c30d3ec5d54b46c5ffaf2,121,121,121,121,121,121,121,115,16
36804,Watches,0e928195011f840c3dc0ade87a4beef94502b9dbb1be88f6630fffe853ed3075,121,121,121,121,121,121,121,115,9
36809,Perfume and Body Mist,e0cc322114cc5c834b361d21e2fd9e4fb538f5942d45f7c21b5b8ed4c5a8ff05,75,75,75,75,75,75,75,115,15
36810,Perfume and Body Mist,d205db62ccdb4114eff1fcb21f81b6a350e13745354ab0630c297d7e297dd938,75,75,75,75,75,75,75,115,121
36814,Kurtas,046d7673828d41d0a573291296dbc40ad0e5d8bad6156b15f867434bb43286e8,53,53,53,98,53,53,53,115,52
36837,Sports Shoes,cda4e95e050408da1d09a9e2c708f90f9b2d5dc1c561c6165a26d2617dac8ed1,96,96,96,96,96,96,96,115,121
36853,Shirts,02c13f782316232d6637c3ab49f67f7b5321bf6fccbf3f358e9c6f20d6ad5b9e,88,88,88,88,88,88,88,115,115
36874,Tshirts,42a0d83b4a0d5795cae50fb878f641d0198c6765f61ff950773be745baf68a39,115,115,115,115,115,88,115,115,88
36875,Tshirts,87235b6ffb1a4378da78f871232822d069b90a6ecee96ed84b68dc68f3b9103a,115,115,115,115,115,115,115,115,120
36899,Watches,552eb934c9f22a61fe71bc2f1684da37b97a464ffdb5470b270cd6a7cbf4e856,121,121,121,121,121,121,121,115,96
36905,Watches,eb92ee8dca82dd530309ba27efcfb2cc08a4c018405b6684ee6940e0a47a2ccc,121,121,121,121,121,121,121,115,115
36907,Wallets,8734cf6b2af56a00ff80fce37048110668314e7b044f9c9c1882d5f794001bf8,120,120,120,120,120,120,120,115,41
36912,Wallets,b659cc79cbfaca7af50ba5a5e7c2800ae59d757819a6b96a73cee2225748bc75,120,120,120,120,120,120,120,115,10
36916,Wallets,9e9ceb7ac4265f1c93f7169620e9bd629fe1b35e7ab4550011923ee7ab22b22c,120,120,120,120,120,120,120,115,24
36917,Wallets,1e343bff6a2072482ab270b7c86e03bbc534fa65ccf6421fd21f7be5b3891d01,120,120,120,120,120,120,120,115,99
36926,Perfume and Body Mist,3380fa4ce03d0338419bc1997e0f4ddb40bcd4aa681bcf671b7708384f7c19bb,75,75,75,75,75,75,75,115,19
36934,Perfume and Body Mist,e83e7e2387d6edc46504dc55e130bd9ee4c89748674092f676077b0d9cb28845,75,75,75,75,75,75,75,115,121
36937,Perfume and Body Mist,e0ce79d2379fd8bd5db4a3486eb145c19feada0ac620813ddebfc44477333ca8,75,75,75,75,75,38,75,115,98
36942,Watches,70afb43a0912fcb6af75a3e2cd017296e042b573a217e024c89117037a2b9a35,121,121,121,121,121,121,121,115,35
36943,Sports Shoes,894e50b7282dd1f065fd13d52d225f77010827116222409efe538fb49f0b337a,96,16,16,16,16,16,96,115,115
36952,Casual Shoes,29f6ba4bfdd728c09acb430cacbc21026d37f8d4bd8fd4275acf42777a096330,16,96,96,96,96,96,96,115,16
36974,Clutches,7c9908fd93735a2e63376f8492f71b0c382285e9ffa6947a00f4b0dea3cfee0d,19,19,19,19,19,19,19,115,38
36977,Clutches,c40851f16561b2972079dbb4e02c1c70c77fbf9d3f005ccdf602fff0794fb56e,19,19,19,19,19,19,19,115,91
36987,Clutches,eeea882b6f007ec92fd58d211106d443ded7f95d74b278cf08c4e850b4c9063a,19,19,19,19,19,19,19,115,108
36990,Clutches,021f56a6810f8913c58bb908c6c3216cff2b8d56a440d7b0cf4a923f59a2a201,19,19,19,19,19,19,19,115,31
37005,Handbags,16159d701899543d67a7d490536aa7a93dcfc3ca6abea72a0fbb453821406030,38,38,38,38,38,38,38,115,108
37054,Belts,24d75f57b25a538c6c72e0e15d83dbde912be2ec204f7a96eb8398bfa50e5eca,5,5,5,5,5,5,5,115,16
37057,Belts,b103d311583a2b901e3a274abf1b24b7ea40e6e13e919c1bf86f9020b587eca7,5,5,5,5,5,5,5,115,84
37062,Belts,e51d6e5380ca5dbf19b1643ae9de1577fb67b45a19d7471c122226413bc04d00,5,5,5,5,5,5,5,115,121
37074,Handbags,974625603e0fd739487fe098897eac6ecfeb581266ca693505c9b816ed3cb1f4,38,38,38,38,38,26,38,115,99
37085,Mobile Pouch,ddb70a1f6468e2548cc05661b0bbd691066959dda1b903674b359efe9789637c,66,3,3,65,38,65,38,115,120
37087,Mobile Pouch,2d4f94fa4ecb9648773ded3a8d2e8c0ec97a96c80da0389529aeb180b88d0e3d,66,120,120,65,38,65,38,115,102
37090,Handbags,6e3ed3ff9858e28edb559be7134b8f5c629dac5a19d92cd11f9a4639208d589c,38,38,38,26,38,26,38,115,5
37093,Tshirts,424277c53e1cbc0b18a118239b99d62bf1a9a1accfca770e7584cbcc27e0a3b1,115,115,115,115,115,115,115,115,2
37094,Tshirts,1c270201f639f35d04c745f81942cf239c6fc6132055f2e4dd322b695d3dd359,115,115,115,115,115,115,115,115,16
37099,Tshirts,e824c7e1315d2bfa70e1a96ba757ec3d811d50a5516d19a1b1eadd2bd2aa4c06,115,115,115,115,115,115,115,115,31
37102,Trousers,1845e7d54ec9c8e9688a2c7fe54fb530e2b06c7d1dfd70b8f071d5b36d78d15a,113,113,113,113,113,113,113,115,115
37135,Trousers,7f9d849e2418a80afdc07d8501b3e87c3513346733b3c86f268e8dfaeb9ee873,113,46,46,62,113,62,62,115,96
37141,Shirts,f609e6ffc8c0e949672bccc60340a510d7154ea556785ea0d64658ac136e3f9a,88,88,88,88,88,88,88,115,115
37142,Shirts,862279fe36affe20b8aca7abb22f9b895899898dae00ce55e5f93c997bacdf4b,88,88,88,88,88,88,88,115,115
37145,Shirts,9dd668c97af596a37bc6e7738b33d6c946bb144b5c63b0b7ef8857e497308d4c,88,88,88,88,88,88,88,115,99
37146,Shirts,8125f00370862e27a1fa31443bb0b436d181bd42d1407b9766ff0a0b7493a05f,88,88,88,88,88,88,88,115,103
37148,Tshirts,d77c2e7a929bac40035cca4a6f821ad2eddb756587ff761138037b125b210550,115,45,45,88,88,45,115,115,105
37150,Tshirts,114dc429a458a8e432ef9ab2060124d0fe01226b2fa8bffd9b9ccaef8a955e5d,115,43,43,88,88,45,115,115,24
37151,Tshirts,97c95e217d71837ddb4c559f212e002e9f618e1bba5f04ac64cbd599bfcf83c4,115,113,113,88,43,45,115,115,75
37172,Shorts,b0304f949264880b5409f0d09cd66e9d3e9d117169c177d219f28bbc63a99fe3,91,91,91,91,91,91,91,115,115
37178,Tops,b3a797864717379973a13051a042088162eb47fd31403466a6044a768d26e424,108,108,108,116,108,116,108,115,99
37183,Tshirts,644a07680ce7303fe170d2def93d4ace3b009683654d7c22cb307385e4441eb8,115,108,108,116,108,54,108,115,94
37184,Tshirts,bc8bcb9ffcf5484b078560b5174ae147c28c988d3750ff54fb19ec384553f54d,115,108,108,54,108,54,108,115,53
37185,Tops,10c0fe8b6f663f84e758d8584504afb94ccff4279788cdca2d8200f2bcb93dba,108,101,101,116,116,116,108,115,115
37186,Tops,5c3ff7f3f0caa759bf5f7458957649a7a01e05535a6dccd53f412ead60414d8d,108,108,108,116,108,116,108,115,113
37189,Tops,fcfd2e92a03a0b26d14bd3ae2c5f5757564427195b00b3e9c33b747d4e6d5486,108,108,108,54,108,108,108,115,94
37195,Trousers,dcf4eaf15d55da87c9459aede9a9d510b1a9ddeb643e62434f62194c9b269eb0,113,46,46,56,113,113,113,115,88
37198,Dresses,9182a324d74093ea38a13c3dfde5665e21bdb1a1b0f9857b4ed96a73ffdcad33,25,53,53,53,25,53,116,115,12
37207,Jeggings,4a414e44c108080d505c76c877893664b40281ef933c11fc2bb8c54694dfa504,47,56,56,47,47,47,47,115,115
37221,Shirts,106e03ce2ccd8498538e3d600572f2244713cfcc3cf16dd918836296c06a1edd,88,88,88,80,88,75,88,115,115
37222,Shirts,98d7cbf081609190ec3e587f58af90798d5526b4575b5529a1216c870ebf85f4,88,88,88,80,88,96,88,115,5
37233,Wallets,5e848af2367711ad0eeafc223c176efe31d8c30d11c038132cb0c311029fc358,120,120,120,120,120,120,120,115,115
37245,Casual Shoes,5c8dbaab0d57da8828371aaa60d3496f494dbb63c6a84ee4e6eba1c59e90239e,16,16,16,96,16,96,16,115,96
37255,Casual Shoes,d3e56a4a6198a9561660ba068dae477ed364cb6a78b85925d47f155373e27b76,16,16,16,16,16,16,16,115,22
37289,Watches,24de16b864516e6e9db674341eafe6a439687e22b154a4d4495216718e305d73,121,121,121,121,121,121,121,115,88
37299,Watches,78f75508b9957a3820c1b90e881d7b2957642fcf1a5c609346e9b78eb5f429e0,121,121,121,121,121,121,121,115,115
37307,Watches,51715cdc1ec01770428cdd80cf424f8ab7b8579a4d6eb278cb1da00525bf8c1a,121,121,121,121,121,121,121,115,115
37312,Watches,0fdcf7e0902655a4d7b0eea08238cc2cb1a02253f821d619097c9402358e50d9,121,121,121,121,121,121,121,115,88
37314,Watches,29c29ae9cfb08d3c24069fdf298c78c409abef848fae62cf249405ca73c5c4bb,121,121,121,121,121,121,121,115,16
37318,Watches,672694950acef983609fc550edbb8fe5dc0116a52e608601fb5e708b22ed299a,121,121,121,121,121,121,121,115,28
37325,Watches,93b75674c09bbc460dca01f72fd9de04180f2d5fbfd89d6b1269404ec42a3ce8,121,121,121,121,121,121,121,115,12
37344,Tshirts,7789091a4098d48a10eaf2c297b6f2017218da16087e4ad9b08c4b173ca0b05c,115,115,115,115,115,2,115,115,15
37405,Handbags,e6d45038819bb76b503c78dfd4a3ef8974462fb94fce3c3af84b83c5ead985cc,38,38,38,38,38,38,38,115,114
37415,Handbags,fdc5e0f2e7cfd772a98828f57aacd56604e9a04b15769d3a56732e67e1a25f9f,38,38,38,38,38,38,38,115,2
37416,Handbags,da6438548ab43fb44dc6e0effb9703e94489591c082112d328db2df852c8b41c,38,38,38,26,38,26,38,115,108
37428,Handbags,4e0c855ba74e0cbfec1fa088cf7b5e5ba0b5539e129564670b25e52325e9e299,38,38,38,38,38,38,38,115,115
37430,Handbags,3c2a6f08f5843d753148056b4081f63c24bebb7ac1e2a3f68ccf34c0e3765ae9,38,38,38,38,38,38,38,115,88
37431,Handbags,1a2467c7554dd10d30792c31350b60d5f55d272ef54c160e4ef0839415c8da27,38,38,38,38,38,38,38,115,33
37434,Handbags,68c343f8b80e29d722d7c4d7fcc08b46ad80739e6c26f99316aa93f7e6e16427,38,38,38,38,38,38,38,115,102
37435,Handbags,31616b4dc6c0fa0fb966bd92a96d435419f591280ff7ce5f7398d561a6a250a0,38,38,38,38,38,38,38,115,115
37437,Handbags,080fcadd37f71556fc482fa25254b2b065557506987c63159c8e48f593a8c09f,38,38,38,38,38,38,38,115,115
37480,Watches,3e3e77d9d70d4a05d8b4c3aae43d1a452efce1b088d308656ca90b77e897c05c,121,121,121,121,121,121,121,115,88
37498,Watches,dac58bcb4a347ab3111e4ac4341638f03276a176101b09b5c3d1f2544f6fd5e9,121,121,121,121,121,121,121,115,96
37512,Booties,34587a50a12cc80f826cba13c16517fe513e7fe0456221905dbddde119964e15,8,8,8,8,8,8,8,115,53
37516,Leggings,5ab8ecd14b33c0ef8eaa87d6e1e9889c757aed86d58a1b288c1fd6e57e61f575,56,56,56,35,14,14,14,115,121
37523,Rompers,145da58acc963cc9ab0db7d76fca5aa3d8829449e5fbd30924d12b84d993ba9c,80,80,80,80,80,80,80,115,121
37533,Innerwear Vests,4aa03c2996b2df61c2b0c74fa664530e47658ef7cb40cde1959b683a76eb99d0,43,43,43,35,43,43,43,115,88
37542,Gloves,eb2e7834dc09f53f020d4c96ee4a0548c843f1ba5a76bacb586f75bd93f6ee6a,37,37,37,37,37,37,37,115,121
37544,Tshirts,6e30c7939315901231c954224e9df29024b1434926c685817192ac6215a866a9,115,115,115,115,115,35,115,115,25
37557,Gloves,33eb0af771a034e55aeddd30ca34a51a4479a070a86ae8c2626b62092c7059ba,37,37,37,37,37,37,37,115,94
37566,Tshirts,81fe4a9674f81ef864899a9e76797a7319d96e2bb8b66a23612eef4f57b42da3,115,115,115,115,43,108,115,115,115
37574,Booties,4f30fbba814e963865fec3c615a8fbcaa60bc46511239fe5fc6a305863e33a06,8,8,8,8,8,8,8,115,75
37577,Gloves,e845a1bd98c44dfee26fc2a54f401d9fcc2ecf8ae63ca914a29353bc113573e6,37,37,37,8,37,37,37,115,25
37583,Rompers,08393415a0dd4bf549f7bda2fe60cd2859fc7e6bd498151e689b3b8134cf603d,80,80,80,80,80,80,80,115,88
37588,Tshirts,6f9bddb62a360e71756b715923fbd66f47b388ee9080a549d4d402f7225c2b3b,115,115,115,115,43,65,43,115,115
37595,Tshirts,ad1fe1663bfec6a8895d3e9bb047a748e96bd8b1df0ccfb9787c8a0bf26a6a47,115,115,115,115,115,115,115,115,121
37597,Tshirts,8c74765535a0ff5b7fe02386b667666a102421f4243cd0b88400c8c4d52292ce,115,115,115,80,115,41,115,115,84
37601,Tshirts,c325d19153b772aadd68a46455cf9904b6a48fdd76f06798332a0ae679a1c638,115,115,115,80,115,80,115,115,115
37607,Tshirts,98f3cc6d5524686d56aff5d99c842615f1d183546b64622d11a61e75a337b3f7,115,108,108,115,115,18,108,115,16
37620,Tshirts,9c91da2fe7cfca9b0c554871d9459e6f83146ddaeed51a636dc3a19e09739586,115,115,115,104,115,104,115,115,120
37629,Tshirts,5a81476b1db9ddb3380dbfc8cb6048d6a73e418dc21671d127a702876b1f5eaf,115,115,115,18,115,108,115,115,115
37630,Tshirts,229842cc09a006ca9d41b19defa6ee2762522471550696d91a92bec6b4f628c0,115,115,115,115,115,115,115,115,121
37638,Accessory Gift Set,ea6de83552af8cea26c7e05591f55de13f190a79f8ff28d29c3523fbf0de0860,0,123,123,0,0,0,0,115,82
37652,Wallets,ddba556e7a3be5028ff8ca2ff0e08c2317e3493e12f71a15a1c57ab3cba21211,120,19,19,19,19,19,19,115,38
37653,Socks,9d5a7a0f8e1cd09afa5e1f40294d27fa2f0eb3fc979f55af74cf7e3dc1a8f264,94,94,94,94,94,94,94,115,115
37658,Socks,7d0aa173652a36e7f7a11eb34205319771cf9dfaa4eb0df8c24b406da776a30e,94,94,94,94,94,94,94,115,115
37671,Backpacks,1763711f286914b05ed47267b3a8b9ef0534ed01389416d8610e7cfa82fd35ec,2,2,2,2,2,2,2,115,108
37681,Backpacks,32f9f4f5d29c925c20cbffc15316074b04249743f0fd47c5cc6210dc806cdc82,2,2,2,2,2,2,2,115,115
37682,Backpacks,b8310d12a4b95ef6bbdfbddd52a605ea44490aceaf574d3590d5644a5eaf14be,2,2,2,2,2,2,2,115,115
37695,Backpacks,d56dcd4f6a5f8e4f164047e58ebae15ed201de4a158cbd63ba132e06c7b54a60,2,2,2,2,2,2,2,115,5
37699,Backpacks,5bc882b0e89d7e5d166720889a729aec8543e2d3c3a5c6596b0846efe854957a,2,2,2,2,2,2,2,115,41
37700,Backpacks,ba800b9d4048dbc10fcb6fa23373d72a3b80e72ad2ef921c49d48bf792aace6b,2,2,2,2,2,2,2,115,53
37708,Sports Shoes,4c2d9a999302393202a785a3cac526777a8fb59ed422ba38049937e417d9dc07,96,84,84,16,96,33,96,115,115
37716,Tshirts,6017baced22313981a17c5fb42a86483b4abf636922f314d859be8a10587e333,115,115,115,88,115,88,115,115,88
37719,Tshirts,b8f1261e004102920f6ded8f7dfce0ab5ebbc9b9957e1f888124e7693bc8cf9e,115,115,115,101,115,88,115,115,66
37731,Shirts,3dd5a08161819c8474148b8144dc8a6f3db4f0b39af3f1838bf30ae2c224da38,88,88,88,88,88,88,88,115,78
37740,Shirts,923269bb1cbd52375ba83185ff69b6e111b2819a5042c5b23d0fa54cfc33c161,88,88,88,88,88,88,88,115,114
37741,Shirts,e3baaa6842b566cb368d2a7bbad6e158563bffd006141122720e003317b71df6,88,88,88,88,88,88,88,115,88
37745,Shirts,fddbf15a841291238dc6136dcc6cffa611eda997ce475dff200a10474151f95e,88,88,88,88,88,88,88,115,94
37747,Shirts,80b39533c7706d37911abb66d5db6c4ab6c8232fff9b2bab15081d5d555efccf,88,88,88,88,88,88,88,115,12
37753,Shirts,d78a809959b2c3ba151119796f20367494c407c228d6df1324470202954da03f,88,88,88,88,88,88,88,115,75
37757,Shirts,e285a5c0dea4dea1ab11807ffbde791919354db066762994b951441e54f051c2,88,88,88,88,88,88,88,115,115
37759,Shirts,5e12ca97ae766675059da4d8db060911c1d243cadc00540d5c957bdf8729b585,88,88,88,88,88,88,88,115,115
37761,Shirts,f759e4b942ef6ef7420118a5ab1f256f47b15651bf9a1657b10e58e942ae4603,88,88,88,88,88,88,88,115,31
37780,Shirts,4cbd480c7aa7231d34a1645323fd1f42a6b60ec076ad8a6e3a44e8fdbf05f222,88,88,88,88,88,88,88,115,115
37784,Shirts,213e0ee38bd2e5befab22cfa57d6eeb30628bcf7a54ac64036886e3bd0cfe654,88,88,88,88,88,88,88,115,115
37787,Shirts,6fb562a06231f71d4679966d1ff7ddf4956e171b1ed345718d1d1700bbdfcdf7,88,88,88,88,88,88,88,115,88
37789,Shirts,32a59ea64208a2488f5a721c9b204a58d3e15ebf2ccaf153acfe740ffc1db333,88,88,88,88,88,88,88,115,53
37790,Shirts,b60a7bf97cc904b6dbe443fc41f97e3e324e7ffd415933c5f4ba4b1a13392816,88,88,88,102,88,88,88,115,31
37794,Shirts,39d9c8be850982522be5ea1c946b442d8971ebc79a7565a033c4c1e0ae4cacfc,88,88,88,88,88,88,88,115,53
37812,Shirts,11f388d1f11771b3f94491e1cfce38da6052d96a03fc56e78fecca13dfce2467,88,88,88,102,88,102,88,115,2
37854,Handbags,933081cc5c24e992af138933e7695c5c31fc9c1280a5f9f7ca7f4947406f6433,38,38,38,38,38,38,38,115,115
37861,Clutches,c917f6b24c67aca8164811426d410f9a232bc3019d9870faf50f89e3cdc9dbeb,19,120,120,19,120,19,120,115,41
37878,Socks,001faf709d2f778535194912ae31e56744b6777ae47bf47217cf622d6b5bd3e9,94,35,35,27,94,86,94,115,46
37882,Socks,c262bfea1dd93c9b2f30c355f721e90ec6bb2376ee72bfa5a6aea0f0cb601d61,94,25,25,6,94,6,94,115,5
37885,Socks,2f1e7384652e87dcd319a6bbd3377d28cc2dbee17fe5c1a146340141436d6d82,94,69,69,6,94,86,94,115,121
37890,Socks,455486b539f23078543cd5be23e9d4b13f81f4e516c6e37c08a0adf49108ea93,94,46,46,6,94,6,94,115,108
37891,Socks,22586fb77369a897d228f6015a92b52b7c07346dc1322e4a48a71efbb733c404,94,69,69,86,94,86,94,115,2
37894,Tights,6c4c350252e9978785262503a3f5391616a9e88b1ab2bbc7f89aa6e33fb456ac,107,107,107,107,97,107,97,115,91
37923,Tops,5bbdacce18f7b3ed16544f14cc178a6f3a5929a0b86bb94562dd6a087c023a7f,108,54,54,98,108,101,108,115,115
37925,Tops,ace9c85f43a8e6652803081bf3bc366af79bb6a1d5a520784d317ae127c24d18,108,54,54,54,108,98,108,115,110
37926,Tops,69c1fb5f27045c8159b2b25040ca3cb42e884d43a3d174d63636e92a755e5916,108,27,27,98,108,98,88,115,121
37929,Dresses,ee6f8afa7976edc3beb361304ce9ba578bd6204dd4ad8612a0e600da14d62819,25,25,25,53,25,53,25,115,115
37933,Tops,1c3644775c191ccc93f8966e5e7adfe79d06a1b1ee9e9f2858f752539d7dc301,108,108,108,116,108,108,108,115,115
37935,Tops,efd1dd37f1e115a7833fc09d1e194aa2da358363d33a1991c44b068b4e0ed204,108,116,116,98,108,54,108,115,121
37936,Dresses,6a322c6cee911efe41457be30810c7ace4f241289238f0ac27fdce0bc713f5af,25,53,53,53,53,116,53,115,115
37945,Tunics,ce519053b2498a522f1b21560f6031ff48350a87cc4cb232ad9674a548c7371d,116,108,108,54,88,54,88,115,16
37952,Clutches,9b0aa82866bb9a76590eaca25e71a2a61ef500f6fd4284a8c832db5be5c7b699,19,19,19,19,19,19,19,115,96
37957,Casual Shoes,fdb8dc9a19c655007711fea895a476a679b2e3de0e3cec71e968d7a2ff323230,16,33,33,33,16,84,16,115,115
37959,Sandals,97a864bf10d3c442cbbbb4865d75a45f726260c4be090c35e72ae42a1ea1a3c0,84,95,95,95,84,41,84,115,121
37968,Heels,ab9d91c5ea4b6670dbf61f73b0740a0b5d513ed307edded711ad4a87bee537c8,41,41,41,95,41,84,41,115,85
37970,Heels,ec676f1bc1ae365579cf1f0f3291dd6652f932c5d4585a12d01f51effa690a46,41,41,41,41,30,41,41,115,99
37971,Heels,f1a9a90f0c86818596950d81a2e8aa2edd01b927c693f8c9259fb9ee74f2dbb8,41,41,41,84,41,84,41,115,33
37986,Tshirts,f28be1a8ccd8d98db29de885bddbde1f6cf62ebe5c57634a4a4f91812ef326ee,115,115,115,101,115,101,115,115,121
37989,Wallets,dceeb26d9dbbc4cf6db449ea17a97d3a867ac9fa737da802bb4981624940d17e,120,120,120,51,120,51,120,115,16
37994,Belts,025a17ead13af64966c8a2daaf04133535e45bb961d6b99a4a3e33a19b20455d,5,5,5,5,5,5,5,115,53
38000,Flip Flops,f56e0fbb7d56e46eddd655b624b04f512b105d529cf90202c6bdc0525b990133,31,31,31,31,31,31,31,115,38
38003,Watches,261d9e2a1c4307d1599c46eb69aeb8f796899b99b998b9832267bc30d3f266a2,121,121,121,121,121,121,121,115,71
38005,Watches,c9cc74b8ec4eacd49caa8046ae45554bd4933fdb9257e2d37a32f79ce020db01,121,121,121,121,121,121,121,115,115
38008,Watches,2f325aec4e889ae0ce62680e76bc7d4f647929f8a0f393dd6ab2f8aa62a17e3d,121,121,121,121,121,121,121,115,115
38016,Watches,7d840505e8ce223229bcf4d8ca00935ef859fce1232b98f386678410ec7104ad,121,121,121,121,121,121,121,115,25
38028,Watches,d794910b1c760117803a42ba367a19e3c4afae9a76e7c493e00a0856c759ea77,121,121,121,121,121,121,121,115,115
38030,Watches,54e1da8c4ba13be58979d51ee72b66a9a3d297fc64cb47fb90303ba17e0a542e,121,121,121,121,121,121,121,115,88
38031,Watches,7fd6c25cad1607e83ce785bb0830db29089207c947c6a281596cd0bc79173193,121,121,121,121,121,121,121,115,121
38034,Watches,3b1ae8d610a76353ca78c4d5a0c028e9560f85c2f686455327dfa9fbcc40e37a,121,121,121,121,121,121,121,115,96
38040,Watches,78274366194464315cadef58162063d1deefdfd730b404a1688b23a34c8fbf34,121,121,121,121,121,121,121,115,38
38041,Watches,caa78f0d8a71ef6849cc4f61925c11e63598df5c6d9a5ad250090fee5eb28175,121,121,121,121,121,121,121,115,88
38042,Watches,7afef279c2c659ad64fd38ba4601f4d06d925f7e6676cc6685a383b8f97f4aa7,121,121,121,121,121,121,121,115,108
38129,Backpacks,c96e3fdd64e5afbe62c0b85d892eda13f7ae84441d2481c020857dee036a8a91,2,2,2,2,2,2,2,115,53
38132,Backpacks,7cce69e8cc8461b4eb702a2c0aa886457a2151e79873d1f22f579f4b4f18e6bc,2,2,2,2,2,2,2,115,88
38139,Backpacks,e6d1594a83ad1e007a0d27e865c4a3c52825a50ba35ae32976401c5f3b41ed29,2,2,2,2,2,2,2,115,2
38141,Backpacks,4199d1f46c9b9151f4967f16b7d87207e64e95df606fa87e191cc0e044a8f92a,2,2,2,2,2,2,2,115,91
38142,Backpacks,448bafed0a0e834350198343ede2c94ca7e24c137218dd23ac66c347458bd1e5,2,2,2,2,2,2,2,115,30
38145,Wallets,3f071e8a0c20253966612a71e6542ee8b195b7dcabd5171e0fc881f1f1e13a18,120,120,120,120,120,120,120,115,115
38151,Tshirts,ede1e45ee8d13f0b1150993f09170023be2fde0ad8a0e242df0f2ae71ec8adf6,115,115,115,115,115,115,115,115,115
38152,Tshirts,5d77d4583772c5049f81e5ae1be9cd29e4265120e8467de5ff05b9f5a974d558,115,88,88,92,115,92,108,115,115
38156,Jackets,dfb962101bc1f364e1423ba4eac5142dd4941980549614d7c939d5dc0910ac79,45,115,115,115,88,88,115,115,56
38162,Sunglasses,567ca4ef20d01ce467dac322220216cfe6c0d861d1ff8bf9d75ea3d28268ccf7,99,99,99,99,99,99,99,115,88
38165,Sunglasses,4a7e38978485066036020890729a8211e9537abd6fd3e74049f782343955da5a,99,99,99,99,99,106,99,115,115
38171,Sunglasses,e3766c7c5d18a017d2b852e7d9e1ac5c5f048e9bca5c2595fec93b85fcebcaa6,99,99,99,99,99,99,99,115,16
38172,Sunglasses,3213ae733b66ac052b0986919d1b23a83755b7f17c2182bc2585d68a6d2b192c,99,99,99,106,99,99,99,115,38
38178,Sunglasses,0cad8e6d6c03b13a467a65bae63cede2f873231e0c9b16bb2187a8745545c44d,99,99,99,99,99,99,99,115,15
38182,Sunglasses,065053cdc4e17ef37221a0315b522fde46bf47eb6922819ebe2959b687668063,99,99,99,99,99,99,99,115,88
38187,Sunglasses,0e716fc9af68cb615d9bcc6b99263c5a8506f18a5f5879da147b41eacb9d3250,99,99,99,99,99,99,99,115,88
38188,Sunglasses,2777aacf0ea7b2a473466bcc2cb142e3f6b7bc6fea16b9bb80f0034746a94540,99,99,99,99,99,99,99,115,99
38192,Sunglasses,33846e7baa663214602ee991895fc920fb29144728493750ce72acaa4088d0c3,99,99,99,99,99,99,99,115,56
38195,Sunglasses,673ebb0bc602fb437c7a53a183cb7ed03b1114b9f4ff06c3d72415778e39a0af,99,99,99,99,99,99,99,115,96
38203,Sunglasses,60e9bb9cdb85e8b92cd4061dc697b5c3eb63722c70f9e19c016322fc1240fdb5,99,99,99,99,99,99,99,115,5
38204,Sunglasses,823f0718e6da37813f2669f8e54720323bc19cf6604daf412be8c2ee5dcb950d,99,99,99,99,99,99,99,115,88
38206,Sunglasses,a2c7bc07c6f46ba46a2855f72e697ceacda7bcc440d814b057d586bc097feb79,99,99,99,99,99,99,99,115,120
38208,Sunglasses,d16ed082a7568c3639b3561d054c10d38c446bf54ccc673c838dee5fb0854f65,99,99,99,99,99,99,99,115,108
38209,Sunglasses,7095a68ee4172a2a3548092217b6ef7d7bbf64a2e16b8ba3c36f84c0901354e1,99,99,99,99,99,99,99,115,43
38213,Sunglasses,0d6b85be1e52b09750a5d79c3166f477e404c0a4af8b318f3685142388a4d3ce,99,99,99,99,99,99,99,115,88
38220,Sunglasses,0be2ecf831f3051dee6fd3bd3bddac35151dd216580e89817982e83c8125a54e,99,99,99,106,99,99,99,115,31
38227,Sunglasses,2143ef7c3ef417916a65d684850249cb8f72f5f71d7533c196c4d4cddda299ab,99,99,99,99,99,99,99,115,115
38237,Sunglasses,619a968459c2d7d9a119dbc70b6656943f8121785d0b3a509c3fb3d5c0bac39c,99,99,99,99,99,99,99,115,120
38239,Sunglasses,9f7499e46e1e13ef0d239aa32d9d80c2611066011eaa01976ba7d94ff56e17c5,99,99,99,99,99,99,99,115,33
38240,Sunglasses,2cc0418b9f31501eea432ff122860ec91fbfc8c5ac4d46cead0c8a37ebf144f1,99,99,99,106,99,106,99,115,115
38241,Sunglasses,59687b688a587d7efb7f56452741e68cec56e5e85c511f07ad3278283329af99,99,99,99,106,99,106,99,115,115
38288,Tops,4098d33c9e681eb28c47a2fb3cc2dee1f3944ba5560b324bf0c7b0df5ba06efc,108,108,108,80,108,18,108,115,115
38308,Scarves,4ce94b14766cd7b4b2059c6247b0131c868e12d1df0a34b19cf5acaf9ea199bf,86,67,67,67,98,67,98,115,88
38309,Scarves,656cc280fc094800c409de41c7a828c636d12f4fd07fd45cda48b37ca8d7f7f6,86,86,86,67,67,67,67,115,5
38315,Handbags,9c33d37e229013f9fc68eef085d546d13dbee8e7adba2c96f0b4479f1061c521,38,38,38,38,38,38,38,115,30
38331,Tops,d87049d72ad4752d67618789ae5033eb2b53dea074dc4564e1dd5b0d435e2d50,108,108,108,80,108,80,108,115,41
38343,Tops,b26bdcbfe16bd85e03540f8199f31d99f58a94c9457715924c490aeb87d51d06,108,108,108,80,108,80,108,115,98
38346,Tshirts,10e417d6f624bb7f852565471aa3e56ff3fa4f93be480c483be427d2eed0e867,115,115,115,115,115,115,115,115,96
38364,Wallets,579b2349075e81a587e46b3429d54318b89a207ddf45ae96798dc8e9949e7441,120,120,120,120,120,120,120,115,108
38365,Wallets,b5819924ceb5be33ac17740e0015d1789e488f7ffd0d54706101d89e52107f23,120,120,120,120,120,120,120,115,115
38366,Wallets,c179ad8c5c4432502e9339db856a0f33522557b903ca02fb2b442e622e001e15,120,120,120,120,120,120,120,115,115
38367,Belts,82ecb97628d1d926886fe4a56c75a0b0a7bd00d7b41dbd6357d182da89c4719a,5,5,5,5,5,5,5,115,121
38368,Belts,dffc331031348238d1aa396ad5d35c1e540b2e72cf45d64a1f365cedda9c9e5a,5,5,5,5,5,5,5,115,115
38369,Belts,1d0011817f7624bc468f58f6b5df75af12686b5ef92970279e921e71d9866fe7,5,5,5,5,5,5,5,115,46
38392,Tshirts,8e8639f75285edde31ca3c10bca52f591c7d9d598de76ebbfb371037071b6a36,115,45,45,115,115,115,88,115,94
38407,Belts,c4275297b742a34be1b31e50cfb56e809ddd256d3c459f07d7b5ad83c0465b03,5,5,5,5,5,5,5,115,15
38410,Belts,b8d97aba9ba61b6b7cfb33a7eb3c4e62f9be4b783fe29b6081caa656acdff4eb,5,5,5,5,5,5,5,115,15
38417,Belts,67f3e16ceb39ba948bb9e854dd7ceb6c309be7b61b891e4222ff26cd1b2eb4ce,5,5,5,5,5,5,5,115,121
38421,Belts,f816ba6edba26996ffc03a4e28a01c1cb0ccd58dc2479919f27c954b5b0bcf74,5,5,5,5,5,5,5,115,16
38428,Clutches,fd31664277610fc67767e83c06b0eb08e82e554ae72ce79524761e1148139541,19,19,19,19,19,19,19,115,114
38429,Wallets,0dc05fd6d135fdbbccbec18a7f097c83585be2b53f1d019d84fa6597b3e62a3a,120,120,120,19,120,120,120,115,115
38435,Clutches,e66ccef769209d3cbb965f50a1f6bbfe919b017fb1ff93c69c7abe0df30d0a1d,19,120,120,120,120,120,120,115,33
38440,Wallets,173b876e60f5b286af4888e40eed2ee1f6357372d705508ad9a83a17a3a090d2,120,120,120,120,120,120,120,115,16
38444,Handbags,fed9d593339b04b7caf6e80403c92b4bd64977b456e4a79a11bbeaba775ab6cc,38,38,38,55,38,55,38,115,31
38450,Handbags,5d07a1e9f6166f27f100ebaf01d7b11bc4dd7deeb8e1009190cfc5e4be9dd11b,38,2,2,38,38,38,38,115,31
38451,Handbags,cb8abbe7b5642f9a3a43301db004482d26ff9475562e5f7ef5b2901a70eb368a,38,38,38,104,65,66,38,115,10
38453,Handbags,4b9e4fc964b7dec125d9b90656813b76dec77a09aa999395cd21ec95049d2f55,38,38,38,55,38,111,38,115,96
38458,Handbags,6a2f197257c70d7d002d23575fb9495a7965f92e59e7d5748d496fffd6ec008d,38,38,38,38,38,38,38,115,74
38461,Wallets,861d62aecb553211971c1241322a1da2f503b9c3ed5185dee623965e13a72e81,120,120,120,120,120,19,120,115,38
38466,Mobile Pouch,2d5714722a3ca16289ebdedc38d22775b122d9648efd0d0c5f0176c42d8bb0e9,66,75,75,39,2,15,91,115,96
38474,Handbags,a75027c66d178ad0dbcd9217324ea409da14288d05d637a3162fe37d57a2640b,38,38,38,38,38,38,38,115,84
38478,Shirts,96dafae214ba5ea165d85f2ea8465bc957a2fedfd5eb07dea4e2218987dde2ff,88,88,88,80,88,78,88,115,16
38479,Tshirts,03413098d0beb53b71f786c59b484a26524fdb3c7dbb79fb41378bceebf9866b,115,115,115,93,115,115,115,115,53
38482,Tops,f2025f98b248e5a2e1c64370ad1194f79b6e00cca68d8f7b746aa20d06a05688,108,115,115,18,43,18,43,115,94
38486,Belts,8c428d6c8643b8fd5a7a921dc203bbfa3552f0380eb347733a8666e04f5d5d0f,5,5,5,5,5,5,5,115,53
38489,Belts,b32c90fa4c1884306470cdeb9795151ae03a713583cd73a0375c4900d1c99cd0,5,5,5,5,5,5,5,115,99
38494,Tshirts,5c22980d7b84f21b63734a33387354e1883003bdf47fa60511a4f2ba759b17b8,115,115,115,115,115,115,115,115,113
38497,Tshirts,bc8f567f3506a5c0acd7d2010216cc788423b79da45f53ec48e73391c85dd78f,115,115,115,115,115,115,115,115,88
38500,Jeans,6266deadf329d81b780b77286ea1248be4fbf5066fbcf4a36e6e82f3b8773e6f,46,109,109,109,46,109,46,115,115
38502,Shorts,0fee102becc795de3a4ce6c1a6d863261b5441efd149596fb84db3aabc717b19,91,91,91,93,91,93,93,115,115
38506,Capris,ee7d5e86a7ec6f14091d48b787ff2b66d25dbf849582a7d4ba11128a3d3f61a7,14,91,91,91,91,91,91,115,108
38527,Sports Shoes,ebadabf3c2b9dc46dfc5416e15b75254d08c4a81a8d30e27a368e7afc676ec14,96,96,96,96,96,96,96,115,115
38529,Sports Shoes,8621aa6095bf4b4a41b60799998cbc651b5b13afc85422343942ef1c4823cfb6,96,96,96,96,96,96,96,115,115
38530,Sports Shoes,3cec796058d551902f8fd25d69a9b7545fdb73f47d2dd875302b5a483402c09b,96,96,96,96,96,96,96,115,115
38531,Sports Shoes,7ed24aef92c3d62d9d4bfc7edfd58f1c654dbb51a41b5e51e401fecbc5d3f806,96,96,96,96,96,96,96,115,88
38540,Casual Shoes,a25ea94b11dfe3195db8048c1b4e100c12075bc05f049557a474884a7fd54771,16,16,16,96,96,96,96,115,115
38552,Flip Flops,7533a297a2de00e8bfbc1a346aca0f8df9fba90cb36a261e9fd5d0ab12dc5f3b,31,31,31,31,31,31,31,115,99
38569,Shorts,cbf7d589ede888abf4c6faae95abdbbe3e72f3e9e4996fd4a20c8b7244c3d9f8,91,91,91,91,91,91,91,115,25
38573,Track Pants,488986043972164d2d6ec15f1d2ed26c7ec06f4de651dad1e30ca2c12d7b3148,109,109,109,109,109,109,109,115,41
38575,Track Pants,46e670880c0970869dc9662e2cee3f06897d5a6910e45c492bb2daa8d080bb2c,109,109,109,109,109,109,109,115,12
38577,Track Pants,a8f48b5dbe1f6d6e6809e1a5538b36a378e902c2a8bb9e7a22fa4ccaa5ab52d0,109,109,109,109,109,109,109,115,115
38580,Tshirts,f48b4de34818e7fbd22f8309423f3af4332d117e5f8f3c0c61a90fd9a16a2dff,115,115,115,115,115,115,115,115,115
38582,Shorts,b5806450623072074227b13a52181cbfc3edecaed460d179012c8fe60a9e11e0,91,91,91,91,91,91,91,115,108
38588,Tshirts,c97f06adbd4b31bbe8593dc8a216fa2072adf6437c8bc196d739641ffd6ec51a,115,115,115,115,115,115,115,115,78
38592,Tshirts,1809c57206c553c0ce9313c798909d0471463425e9225d233b239f08f9951a21,115,115,115,115,115,115,115,115,2
38596,Tshirts,9ef52ad17d7c0bef1fe717ce5d6ea3eaae51e3e0d3b693825e62759bb54c7ff7,115,115,115,115,115,115,115,115,115
38597,Tshirts,56010b76754391a092194e787a4fce3cb8f6396431f62eddc23dce559cd3219e,115,115,115,115,115,115,115,115,2
38598,Tshirts,4e758b42f423c811d2dde2e6057f52539983322ff8687dc8c5a9f6ce1d14a904,115,115,115,115,115,115,115,115,99
38600,Tshirts,16294d8bb65d51daa00ed765bcd1384cd630142f3e33035bb64dd0c59b14bc98,115,115,115,115,115,115,115,115,32
38604,Tshirts,08be4e154866faad61376bc04a636a1ad2f517c05ad0ca21d4e1854daae6bb08,115,115,115,115,115,115,115,115,38
38612,Tshirts,d9737891c621f16dc45775d874ce452c067ace85ba49972e237196e972cf4f2e,115,94,94,115,115,115,115,115,88
38628,Tshirts,161a18f0a217bfb83b9790d3bdd15b19710721fc4acdfeb95fcaca2ab85d6f5c,115,115,115,115,115,115,115,115,88
38630,Tshirts,27f3068dfe7c313b2a0fef4b805754f8b18d94a578bd4b53d00d495bd23d7d8b,115,115,115,115,115,115,115,115,108
38634,Tshirts,ddac6d20a0a88f47c1e3a8885b035ecc26fc333220725c3ca66533aa2c6e8dc6,115,115,115,115,115,115,115,115,96
38635,Tshirts,bcc45431e1d6a48a713ceaeecb4ff1eb1bb245c629d3b1536e8466339977492e,115,115,115,115,115,115,115,115,53
38649,Casual Shoes,1f5b2fda47354094c1d1eaef5361723033ba58ea728165f62fc901c6c12ad0d9,16,16,16,96,16,96,16,115,115
38651,Sports Shoes,87ae9a875837f330bd41d8b59d7bdc7568dc972d02bf97f6b8b943b3135fed48,96,96,96,96,96,96,96,115,115
38655,Sports Shoes,796325207ccda7a5adff1c3e7f41956918dc76c4ce1f08abf8c623a8f2c1c3ce,96,96,96,96,96,96,96,115,38
38659,Casual Shoes,f2b66a7d58854d95a6675db3903e77898459799e5853fa77b9aabc05ab29c18b,16,16,16,16,16,16,16,115,102
38661,Sports Shoes,7942c943039ee33d7bcc33d4c873a2a7072e6bcec4b32dc1062cd9a05ba3ff0c,96,96,96,96,96,96,96,115,88
38665,Sports Shoes,10b2d111f8541623e634104b1f73abe59ab3788d872f3dc6caa3c455775ab560,96,96,96,96,96,96,96,115,105
38677,Wallets,229ea7cbccc87d44f9305c99b3fda7e85b7566d602ae743717230c388fe2a2bd,120,19,19,65,19,19,120,115,121
38691,Handbags,f99db5f5dd61c1fc022361af433990c2abd49e93eea1075c2550648a01d3694e,38,19,19,111,38,111,38,115,115
38736,Messenger Bag,3187167ecb66ea5cae18006e77c2b97912bbf9025d3fb226ff3252e317133712,65,38,38,38,38,38,38,115,98
38740,Backpacks,d71c6fcb5bcd26972232c73ccb7f39ab6e972d4ee59ca558c898db9e675fb070,2,2,2,2,2,2,2,115,16
38749,Backpacks,02fe3a2564bc78d4a6008e79a92a1050a6a227b104cd3845e12632e7429e5490,2,2,2,2,2,2,2,115,115
38750,Backpacks,2decce1482bca8032f92975603aa272c242114e314e2e043f96c664fbcd44370,2,2,2,2,2,2,2,115,53
38757,Waist Pouch,c4643e53e1b8454754222bc6a314418818264b1f464383d951d44c9ed2634817,118,118,118,26,38,118,38,115,120
38758,Backpacks,ca9e0f33882af423c6fb4d9da6b09ad8d6dceccd9d18728e6f968a403ae5c146,2,2,2,2,2,2,2,115,108
38761,Sports Shoes,943c5bd8f1c13fe4e844c07cb2090723c7753adf8f40fbaa42aa727f44effcfa,96,96,96,96,96,16,96,115,96
38770,Casual Shoes,991e85c23a478a67aa6696a06fe172d7d088a16f057d3aacc034539fa0032d8b,16,96,96,96,96,96,96,115,99
38772,Casual Shoes,4db3ba7a0dc998486c7ca79c6d625e31fb762dedb7ab852c30c8614d42790516,16,96,96,16,16,16,16,115,16
38776,Casual Shoes,3a86968f95e4e9fd4e2fb14dca70e9fe4e36a90a03141373b32af6b063ee865d,16,96,96,16,16,16,16,115,88
38781,Casual Shoes,2c3586bb40057e1dfb7bfea16ab8640b295afb0b48ba8f6e0a4dc3c7f0cbd88a,16,96,96,16,16,16,16,115,12
38792,Tshirts,14d0cc12eff4ab7074998e241f30ff4c31b4d333cd0f77db632845c5919cdf07,115,115,115,115,115,115,115,115,84
38793,Tshirts,32d0cb65ceadd4628d7c22dd59850a6a971a53ec7ac10f0a64dc5addd88b52d9,115,115,115,115,115,115,115,115,115
38804,Tshirts,44514163c30e24a98d528cedf4f262f17b35983b82c479379375e36656250e91,115,115,115,115,115,88,115,115,115
38808,Tshirts,d6792cbc4ecbf826119eb55c31c395a16691195af9db86865658072bb4fd6ba9,115,115,115,115,115,88,115,115,108
38811,Tops,f6369723b2ee198392cea481052e86d3ba0dc58cf1c62506a4b846f5ae357076,108,88,88,54,108,54,108,115,115
38815,Tops,25d3f7f89143218d6a4bc7fb3fe12f736a1e279c47c1b4080fbbbd8828865601,108,54,54,88,88,88,88,115,96
38846,Dresses,34f52707ff6097525114784bdf70f2e1c96809fa816a397e54ad71aa9e8e76d0,25,25,25,25,25,25,25,115,120
38966,Caps,92d104086c1f266a3948298a7056c1cb56d7b5267412af4967d4d80fb0a8ab9d,15,2,2,32,2,94,2,115,108
38967,Waist Pouch,80823e9a32b2c5e8f7d4f479ff620d2426ec2b990f87327457ce1b0db2ef988c,118,118,118,118,118,118,118,115,108
38976,Tights,6076b000345ce94cc0cff4b8318f9982468eb1cf006646e32f7dd0e7ee3d3f42,107,56,56,56,56,56,56,115,88
38985,Tshirts,ca56b1427420e1cf1d760f161e5650eec6e2fed8dee794854069518e90780020,115,115,115,115,115,115,115,115,121
38986,Tshirts,95baad7195ae033bbfbb853b0e6948f148039fbaa856d506ea724fb7c23dd79d,115,108,108,115,115,115,115,115,109
38994,Jeans,7f3b1c88cc2774e84904c54b833d34e7557df61f15666dfd5e8d182bae9cb366,46,46,46,46,46,46,46,115,36
39017,Watches,9e6b8db4284a286ab800eafe102ed883ddf30a6627726622269e9547042e9a9d,121,121,121,121,121,121,121,115,56
39019,Watches,ff0e1f7cfc13af9be9569d721fd2ac6905d86e4b0e11f3be00ec5bbdccf361a0,121,121,121,121,121,121,121,115,121
39023,Watches,a267e5d445b69016a51ccca59564427d682615ecb37483bdb4f8d9a322ad1c43,121,121,121,121,121,121,121,115,121
39029,Watches,f8fb0e94ff2c5c4d3f23bbe5db289a6d148ad9090370f63117c7ef4dd9a525a2,121,121,121,121,121,76,121,115,121
39030,Watches,87abc8053e88a8ff08232f6aaea74f3e753d0e791ba4bf37e70e793bbf523bf7,121,121,121,121,36,121,121,115,115
39034,Cufflinks,b45ff17e6370c3222e4c44ab4b90611cef370749a2e9f5ba9a7bccd2ba527d48,22,22,22,22,22,22,22,115,28
39035,Cufflinks,5c4176bc4249fce6c2b5cc9765e99f880e1a6f887f28d02edbb1e7db4258f91e,22,22,22,22,22,22,22,115,88
39043,Cufflinks,e697070b27d7d60680a1c55de62a8be408db23c511598ba3d8d036e7f9f8f13a,22,22,22,22,22,22,22,115,17
39057,Cufflinks,81f32975d9fe1cc76b46f388d9dd5c224f4eebb38cca75d5e3d5d04380a7b3d6,22,22,22,22,22,22,22,115,99
39071,Shirts,f1de9b6dc882b88a21c1d73acb87c5393d34d5bc4fdc20e78d1802cdfbe2fd0b,88,88,88,88,88,88,88,115,115
39076,Shirts,87f700c5792fee9a8426fe6ba4e26099fc87251c0592a589908f7341c481a388,88,88,88,88,88,88,88,115,16
39080,Shorts,48e76e6f1b52db9a2fecd1dfb920d744677c35655b8320a970df33bd0d9aafc9,91,91,91,91,91,91,91,115,88
39103,Trousers,4257164a0c300ce3bd0e20b5011d6654931c0216798e28fe90556e26518bc55c,113,113,113,113,113,113,113,115,115
39107,Caps,101c50e6458d7ef48893fa3d7b464167589d23e0bdef6e9335351d582df6e268,15,15,15,15,15,15,15,115,33
39127,Leggings,3a53dcea646c5ad39fbd9c63c1a5dbfabc809d82bb3db27c9a017c1221ae67e7,56,56,56,56,56,56,56,115,53
39128,Leggings,fca47b716700b43f8768af37a18f085bba522f48172fc567727f486e508b6e92,56,56,56,17,56,17,56,115,115
39129,Leggings,2fe5576fa2cb04999fd3167bea47f9bf9e133d82bbb22f02fb052f003241fb45,56,56,56,56,56,56,56,115,108
39130,Leggings,82e768019231ebd0d2f60e3063dde6cf124e702cf13525123f2b1d441ca20947,56,56,56,17,56,17,56,115,3
39145,Kurta Sets,7001e26bfd9831773087eace175b241c0cb2aab4d52c83dcec3e7f0fb9f404a6,52,52,52,52,52,52,52,115,88
39153,Kurtas,b11fd990fdfc4b57986c579cabe2b248bd1fd262c68aa5588dd1c52e18da32e1,53,53,53,98,53,98,53,115,5
39168,Kurtas,106e6582d150280859ef9a9f4955fd1250b5ec8a7e2f4bb148ce178994eca794,53,53,53,53,53,53,53,115,31
39178,Kurtas,9b9ac87de7f38c3e301ea5c324fe68259a13bebdd85f4b81a9170f897902cf64,53,53,53,116,53,116,53,115,115
39183,Kurtas,3c5109127ef5abd59d1f974cf7bd080f26b6103ee3d8faf643018bf1e81c324d,53,53,53,53,53,53,53,115,56
39184,Kurtas,faeb1273b75d40ed98637c2d05589b3ec47d444ad594627a8abe1f220e787a60,53,54,54,98,53,98,53,115,94
39188,Heels,d713553c35d894f966590f4cd61a0f20cbabd4add5a2e054fe92b2f1accc725a,41,31,31,30,41,30,30,115,121
39192,Heels,4f3595440ad7535cba7cc171bf02535c018dd715b364d6fe36ecabf2d57cd987,41,41,41,41,41,41,41,115,115
39198,Heels,85355375d7c160118fc3f2773182d47f2ce0044762926ff8ac451e9589d3efe2,41,41,41,41,41,41,41,115,115
39199,Heels,8221be12ec610225bd58414743af67cef06592aaca8c0929ab00ba22f25eb3ae,41,41,41,41,41,41,41,115,41
39201,Heels,733d677e65e8904b6fdc2d69b441005d326aff3c292a591ce7b0d5b597f9f0da,41,41,41,41,41,41,30,115,115
39211,Formal Shoes,658861da59791f821c23329983e9e50976d4bbb37de78ca54ad3039dae775c02,33,33,33,33,33,33,33,115,43
39230,Tops,9e4e51f0467e3bc380b87ee60d43cb27668a6728142b5bfdb87cdaed75e8ae5c,108,108,108,101,101,45,101,115,115
39240,Nightdress,a989effe5fbecc76bf3c7b78170a09ca653e04a430a72e2d090f05b8c443bc36,72,52,52,71,49,49,49,115,96
39241,Nightdress,5c20827c453a82e174aad72587562159cdbfe700db208afa29967d44d9f22377,72,83,83,49,71,49,72,115,16
39256,Formal Shoes,7d21963280715d75326302c7fd567200af7269b448539b51934132d32d7f451e,33,33,33,16,16,16,16,115,33
39258,Formal Shoes,5457b098ee42460c4e1859819df4f2c49ff3c222ca342ff271ae3c0c3b155786,33,33,33,33,16,33,16,115,16
39259,Casual Shoes,7d450dafff3256d765afa0f6dbd81590aa753f4dd6f516c2936f8f0833e4c352,16,16,16,16,16,16,16,115,28
39260,Casual Shoes,bd9be04ad9eb92e9b22bdb409de240b7a6f650a4aa5d30b9edc1a6ce7810f0e0,16,33,33,16,16,16,16,115,115
39262,Formal Shoes,30e0eb0f16b1f45745709808cfb5390d98cbe342bbde74c2f9c1b096bdde55bd,33,33,33,33,33,33,33,115,96
39264,Formal Shoes,2f4bd87d29992db46a72d5ad114ebf406782401b3b524d24a348c5e8a88ded0f,33,33,33,33,33,33,33,115,2
39266,Casual Shoes,def91dd3f1bddf92bd61666066c74109e9379fb714bafd3a2e50610d1b88decd,16,96,96,33,16,33,16,115,88
39268,Casual Shoes,ded9c513c81a422b3c7a5b6843a974cfff7b1971ccdf4144c55eaf5e95c0632f,16,16,16,33,16,33,16,115,115
39275,Casual Shoes,da0ce8be66202ae6822ddfac8782e3a9247c9e778c61c5dfa8abcededde66341,16,96,96,33,16,16,16,115,55
39276,Casual Shoes,4a637f97f36bb183c22914aefb2071d2683b1b52d1ca9485e4d13e7fce09b9c3,16,96,96,16,16,16,16,115,115
39282,Sandals,37626f61e0f76a6151edfac2f79e63337553a0de47260a8e5f9ac732703efd98,84,84,84,84,84,84,84,115,16
39283,Sandals,8d4d8d2845d3fc765976826b0dd10d9482c607b0627f6f497a1a246d4136a3c7,84,84,84,84,84,30,84,115,88
39287,Sandals,d1f23a662e64a843b627ce2334b5b74d8c94e305b8210a3585e31358981f4dd2,84,84,84,84,84,95,84,115,115
39289,Casual Shoes,3264ac319f8a6f8b58dfe082bd781feaafd240353fdd8e1fa00645b523998f9c,16,16,16,16,16,16,96,115,113
39290,Casual Shoes,a3c763de6f103f2691787bd83c097102ac267e06ef11de1613b201c02e24697e,16,96,96,16,16,16,96,115,38
39293,Sandals,9d3ede4ebcf9399335619185e818ac5b5661f577062c98856304eef57eec3903,84,84,84,84,84,84,84,115,94
39294,Sandals,af1c3281fd749f5e913b902ad39973a7346d809415109e66cb288a8f84e2fc5f,84,84,84,33,84,33,84,115,115
39295,Sandals,903a4a55a10ede43120a74ec445c6a58975d7a871058e2a4ee1356367352e7c7,84,84,84,84,84,84,84,115,31
39298,Sandals,c1bebe10563f4820b6984fd3083e8bcd45be81ba97270abbd68da76d443850fd,84,84,84,96,84,84,84,115,115
39301,Casual Shoes,e30786662ad48bf1d469569bee5428ec5044e44d7a14c84fdfbc17acb1274db4,16,33,33,33,16,33,16,115,96
39304,Casual Shoes,20497cd59100b22066c477877a636c9358155abe6756394256b3272ea6b7ce9a,16,96,96,16,16,16,16,115,24
39305,Casual Shoes,62a0eb82272615e6dcdc9acf67f5f35fc187211bc9b5b3acab00aa8a0e108397,16,33,33,33,16,16,16,115,33
39306,Casual Shoes,b26b7804daeceae6141734aab68104cfcc7105d4ccd21d34b15c91bcb5ed1d09,16,33,33,33,16,33,33,115,88
39338,Sports Shoes,29380ea13077fb95187a9a40102e1d9b01e44884e60b89ba5bd983f8fa0f540d,96,96,96,96,96,96,96,115,12
39355,Watches,e61205b9cbaf8261672a3c3b5219177aa2ff5fc90e7ac6c94124393f98a80107,121,121,121,121,121,121,121,115,53
39360,Watches,cd498a747b8beca335170e19f7a2ae9bd6f177942657587f81051ff4d0abfcd1,121,121,121,121,121,121,121,115,53
39362,Watches,5af2b52fea0ecf99c299d4dc10b9042b3da1c782d1f253fe9ed04196cd9c455c,121,121,121,121,121,121,121,115,24
39368,Watches,abfba1ce9de166320a7258b5f53c874f48c9a2ccc9678e8b790f31bc8cbec3a2,121,121,121,2,121,36,121,115,16
39380,Jeans,5ddeade0226bf3c270cd73eb0477d8274c46ced546365d9c2f13395c84e81781,46,46,46,46,46,46,46,115,16
39387,Jeans,3eb05edd8d3abad3b523a5524df9ccc4464e04f9579c6405aef3aaadcac5bd6a,46,46,46,62,46,62,46,115,31
39414,Shirts,f1220d024e89cace9d9e8b990434141e9ea835c27dc4a5b996d4a18c198984d1,88,2,2,8,115,94,88,115,52
39449,Kurtas,fa34f79fc9944daf8b44023900327581a32dfdadfbce9a16cd527bcf2e8b2af6,53,53,53,54,53,54,53,115,121
39466,Kurtas,17f44afd13ef93eba03b4ee9488b72efb82a124bfa1ee44fa4afb93c5996bb25,53,53,53,98,53,98,53,115,115
39467,Kurtis,1bc257e320dcd66be4ac075421e7208af98bf5fb8dcd85cc6e734382efe5cd4b,54,53,53,53,54,54,54,115,100
39474,Kurtis,4ef8e2fdd8faf9139e54ccc342725536ac16ac8bd4401687afccec3d93365b41,54,53,53,53,53,53,53,115,41
39479,Kurtis,09ed6b7377410dea21b0c3c654773b5d11029c3c0ee44cfa820659f14336f1dd,54,116,116,54,116,116,54,115,2
39486,Backpacks,3bb26f153e207f05a0a5f43635bed3473e6730feeeb36f9c5d39176a3c1e65f6,2,2,2,2,2,2,2,115,53
39488,Backpacks,0252282c895159001d280911ac84929b1b7fc1ab6f8f02b33e7c49026f326f8c,2,2,2,2,2,2,2,115,91
39499,Tshirts,af44a354880c2bb83aa12a7eedf3ffe07fdf5b4f946942ab92dd23055c7d7ee9,115,115,115,101,115,115,115,115,14
39505,Duffel Bag,02553186b2940f5b11408846bd0deedc3099a0c62b175d114af3a6ae2c53364e,26,26,26,26,26,26,26,115,30
39510,Backpacks,df8e1182f53e6e5831a9838250ba0e8be2ca5c878b096450abf5eb19b818b66f,2,2,2,2,2,2,2,115,115
39514,Laptop Bag,35f0eba711e64d64add736a55ef91ad7278701a07378377fb28c64b212379da6,55,38,38,38,55,55,55,115,96
39516,Laptop Bag,e7e89387a602fc38e0b4a1c0cfe30780f23ec9fc26cdfc27203611b86d623546,55,55,55,55,38,55,55,115,86
39522,Laptop Bag,456e57cd834e68020ae0a3b0bbfd917cf060cda526b0231bfd0c8ad847fd21ae,55,55,55,55,55,55,55,115,88
39523,Trolley Bag,8739d2ff8653eeb7ebd5ab29b1ada9153c548acc99e89bab3a849ad8a2ee5841,112,120,120,38,120,55,38,115,16
39527,Travel Accessory,fa5d1d3775d98933e7da567a2f9e1bd7653f5030a0f5e13996e900eb424c4946,111,38,38,55,55,55,38,115,94
39533,Bra,3dd2ba995314e237997057dd8499a7b9d85ff5d093186af08ce0322c209c882a,10,10,10,10,10,10,10,115,16
39557,Wallets,9087af19259a3c9c7e1fd2f7630433effcce1c74f3ab96fc725b7cd585a6f8e2,120,120,120,120,120,120,120,115,12
39560,Heels,c42ee409a7082b45134c0b464ee0dfe47ff6a5e696f0db3a9e4fb92aa525b26d,41,41,41,30,41,31,31,115,16
39561,Heels,d77eb52687b71508d71b389ef103667b258b32f8dcefd0eab311423a18953b01,41,41,41,41,30,41,41,115,84
39562,Heels,f221204f42e15a6930454abe62fea199001f47440ef2a2d69950441a46a3269a,41,41,41,41,41,41,41,115,3
39565,Heels,00c52ced6b8058e128c151e3c09065136de84d8144df7560c99611c8db6af94d,41,41,41,41,41,41,41,115,88
39567,Heels,40ee595d2921827bc536d5345325494d6799471b70ea58259fce3c68f3f54d22,41,41,41,41,41,30,41,115,116
39568,Heels,884d6730d593c5a9a11f26a98756fb7e794fa5e3c2085f7660a0730480779c5a,41,41,41,95,84,41,84,115,16
39576,Heels,b45ee53800683374421a19bf8e7d723b9849e306fe2df86bc12bc8412591593b,41,30,30,30,30,30,30,115,16
39585,Heels,baeb4333accfe4ab700323a95b5cc8e1b8717d946b774bc53444fe872dc04dfe,41,41,41,30,30,30,41,115,19
39589,Heels,9956274ee27709bd51710c5941237fd426a3039c1237e9a5674c9a3818311dc5,41,41,41,95,41,41,41,115,96
39591,Heels,483eae4f8a02a6c056def726a033f5f679a36326f19a737408c4232f53ee9868,41,41,41,41,41,41,41,115,2
39597,Heels,d90dec3d8d2b1e9c6bc312e95cd76932eff255ce246304f2f7f84f0eb44ae08b,41,30,30,30,41,30,41,115,38
39601,Heels,df3dd2686dea3d37ad522ac79c3482fa3bf2741c4d5b5d563afbcddfb1667c7f,41,41,41,41,41,41,41,115,101
39609,Heels,915d37864f925f4ea0c0ed1b1b571594485300e01ff2e3113af222c33305ba6b,41,41,41,41,41,41,41,115,36
39619,Heels,2c20c7940108bf8539ff2a1d9a6b9bb02b7ffc8b7f54a4106b27a2d5bcdbec64,41,41,41,41,41,41,41,115,108
39630,Sports Shoes,0cc48b5637267f7829f27f97accddcab797e372782ea5611b8ff669085066d48,96,96,96,96,96,96,96,115,99
39639,Casual Shoes,3544760e7ddfa8cb54da650ef1e17f66653d71782f50257a788b546018992820,16,16,16,16,16,16,16,115,2
39642,Casual Shoes,5ee0de99d8b4b6256e3597cae67b0e470149c46a2f6b51ab59723e08254a56c3,16,96,96,96,96,96,16,115,27
39644,Casual Shoes,fe70d110adbffadfe4b92f72e2caf343edf9596a6d1a0d0171e5696c2cc05196,16,96,96,96,96,96,16,115,33
39661,Sports Shoes,3a0e1470bd3b74069b9e2e46f525bf779eef692bd65f47503e805d756659a994,96,96,96,96,96,96,96,115,88
39670,Sports Shoes,b712af5d4f0d45b348668666babf42634aaa95dc97b8dc179698251c59801559,96,96,96,96,96,96,96,115,41
39678,Casual Shoes,ee6d918b228eda4b8dd5968ec9c8b0806ff8cec5c41577dd67ab8ca452b1ae55,16,16,16,16,16,16,16,115,99
39698,Shirts,ed21885c661c15bded86ac8602378b08b536a4a5b763e4b164aa9a8282c80307,88,88,88,88,88,88,88,115,88
39712,Watches,6e20e2626a9f29f46d6a9331e77db7e5e1cbd7be45a8f2282f7ecbeee87c0ed5,121,121,121,121,121,121,121,115,53
39716,Dresses,e11f5787fc5573665a5ce7b60b10fb83875da2258b5410c8aa85e48b259ecdb1,25,53,53,98,101,98,53,115,88
39717,Tops,9212e2b0d2da493d30418164d1147e27969ef4d392d49fd861842d13a1f75901,108,108,108,116,108,116,108,115,115
39721,Tops,c039c236176eaccea48aff630e9b3894853c708433f21045adc11115b0fc16cd,108,108,108,54,108,54,108,115,75
39723,Dresses,0dde2710bd343f2693d39d7ef4ed96c456f48f53cdd44eb51a933140fe19f41e,25,25,25,53,25,54,25,115,115
39726,Shirts,9106c5e2e5d9123c2665b775d3b84da095175663327f77e6e819a9f01c9f21ee,88,88,88,88,88,88,88,115,19
39735,Casual Shoes,55e6e7786f491342b1880fc0585cce228e311870225e921cb18351f799344bfb,16,33,33,16,16,16,16,115,46
39737,Sandals,94b365b343b46d5e0c177bd4c93ea41959065f2a17af89a7786f9b47697b8541,84,84,84,95,84,84,84,115,38
39749,Shorts,924d30e9cb6dc27df6229d051bd6f36ca6c25e9c132ac29ec5474e6fb9a6660e,91,2,2,35,91,14,91,115,5
39769,Shirts,9b170d7a58f0d1c56c097f2a9c147d1478463879a74d14d462bad758dd80ef38,88,88,88,101,88,102,88,115,2
39786,Shirts,c207209975c94d6ae480c362d809bad89563417ccc4c197c160d76f7539ada3b,88,88,88,102,88,102,88,115,46
39794,Trousers,db0bf2a5f3d6c46cdc61ee0b178c515fb62aa442188e076f2452983d51f6fac4,113,113,113,113,113,113,113,115,75
39807,Trousers,f197fe8cb8e64c2b110217e626650ac09ce1da92cd539859824d5f6c446e2576,113,113,113,113,113,113,113,115,53
39808,Trousers,ddbeb18eec488eba131d438a14f86a9708f014fb2874a6668bc94e05142f609f,113,113,113,62,113,113,113,115,41
39811,Trousers,7e7f5121011e6d3d8eaec7689076aa13ea158deef379ed008d5bd6fbbd279136,113,63,63,113,113,113,113,115,38
39824,Sandals,3187df26e45cc1bb5e76ffdb7d428df6c71e7c6210f17452dfff145d8bcd42b3,84,84,84,95,84,95,84,115,115
39827,Sandals,6d82960593f9c22a392689d78665dac294c69b0c0541ec3c9b34c156d2d15a95,84,84,84,84,84,33,84,115,96
39871,Heels,95e24443376a74b1ca6ce7ec9c32252f0e84e52465e706805993299620803778,41,30,30,30,41,30,41,115,19
39875,Messenger Bag,7b0acea7434b80d95b0e35ae616e42c1c35fe786480c7b7de4287412a5c1c3ca,65,38,38,55,65,65,38,115,91
39876,Backpacks,5383a790ab263e1473b2a0e9a59d8c9161e2ae60095fc7637eaa293e045b0fe4,2,2,2,2,2,2,2,115,115
39877,Backpacks,b225520cfebdfb2fa7bcb5e02268d0c78dbe03eec79b03191503d91041be0ddd,2,2,2,2,2,2,2,115,2
39879,Duffel Bag,1a9fb027844823a7298f97c402a803733b1f70aadd2eac6909114e2af6bf6f78,26,26,26,26,26,26,26,115,53
39885,Backpacks,e9eb11b356b46e2ac95a5ca03338a6006aea47f61d4952ea7763fb2d152ecf43,2,2,2,2,2,2,2,115,78
39895,Sports Shoes,ae72d1f55eae46da7f7abdcf931ff280082ae7bf7e6c0ce5e7743cd815be5281,96,96,96,96,96,96,96,115,31
39903,Sports Shoes,b4672b484cba4493578db805083357042cb7e146dba389b77dbfff62b27ce2b5,96,96,96,96,96,96,96,115,53
39910,Sports Shoes,acfd4771c2cdbff2eb5df4de089777c15b746c792303a19a6f774f6db1d8ffd4,96,96,96,96,96,96,96,115,108
39927,Tablet Sleeve,554de4f4795838d243575aed11daebb96281da0fd530cc6643869a85f4c20ce0,104,38,38,120,120,120,38,115,88
39932,Laptop Bag,cd4b08bde67243b888d910853fd03e084e7194bb43fb19c9605fc2c077607d28,55,2,2,55,55,55,2,115,10
39938,Laptop Bag,479191c4569616fa90f2384867f01d0e840e500fdf2cee6b10ad3c23858f6e80,55,55,55,120,55,120,55,115,88
39946,Casual Shoes,19837410c6fd176f4334886ddbd86b1d603dc83ff0abab0b6a12281c6320d85c,16,16,16,16,16,16,16,115,84
39952,Flip Flops,0d36021fe7f06a349e08047fdf727e60ba5491827671fbbf7bd8fda051fb53fe,31,31,31,31,31,31,31,115,11
39956,Flip Flops,7a12c9df46617d3cbbd6f7fe8d46d59e593a67868d98bad5837ca3bd4afe379e,31,31,31,31,31,31,31,115,45
39959,Sandals,17abf6a4ef98c9ca2327f2c45b07706a68e9a65e430356f7756e7973abd3d1f5,84,84,84,84,84,33,84,115,115
39961,Sandals,ff3fec42e957ef14052cef8259860adcd06005afbbb61a8e3e8b383bcb1db3ea,84,31,31,31,84,31,84,115,115
39968,Casual Shoes,c243dd97b234f30dd059347001441ee6f9ace8591284626eefa41c1ce6ef9ec8,16,16,16,16,16,33,16,115,16
39975,Casual Shoes,827828c5e3b4f286bd7a41a674fa47ee80dd13439084ffaf0a7793728f2d2837,16,33,33,16,16,16,16,115,38
39976,Casual Shoes,55c0a91ce9b050b87c7cc15573538f35cd016293fac17dd220bc65e3c01cbd1d,16,33,33,33,16,33,16,115,115
39979,Casual Shoes,7c4d2af67cc4d9633f2591f29f733a11d2114ed166ac04b4c4e5022a23ed646b,16,16,16,96,16,16,16,115,43
39982,Casual Shoes,22994ed016757942f051dc794dda1395aae83934e751864d7fde6d4721cd9d2d,16,16,16,16,16,16,16,115,108
39990,Casual Shoes,e3a76479031a9a4a747b51debd1e8d0768aa400b8574ed521e900697fc3bd14f,16,16,16,96,16,96,16,115,88
40000,Sunglasses,a4007e578900cfad2409877c6a8d2f68e0f55e054628a71638767366a43b1333,99,99,99,99,99,99,99,115,115
40004,Sunglasses,121f72137d5a67d4e2079839a45f65d662c5dee3c788a1a10af4f252927b3026,99,99,99,99,99,99,99,115,121
40017,Socks,64654462d653f236f00ca680e55dd33520c9d70561cb42d931105915212b195f,94,94,94,94,94,94,94,115,0
40020,Tshirts,82e71c6bd064be0d029f479ff672267fb189f4ba0c8c4aa34fe439475a863d43,115,115,115,101,115,115,115,115,28
40026,Caps,40c755ffdb61fb3c944462918adeacef9135aac70888e9318218a4116f365746,15,15,15,15,15,15,15,115,16
40027,Caps,7ac6f487f0401c691e306ccf1c982ebb6f64996ed240b3a472f43a12434ecc1d,15,15,15,15,15,15,15,115,38
40029,Tshirts,1f1e18415d0ec757ce665eeb480e8bc060c6296b1d6b744e5f2e09c8887d9eb9,115,115,115,115,115,115,115,115,121
40030,Tshirts,b3d06bb2246cf05455e5d393af5f1a4500df383f266886397a2a5b1fda46edf0,115,115,115,115,115,115,115,115,115
40037,Tshirts,72e73cd30f97a7d7dffa80c23e6cf22508dbe021fcb7c84952070909d5db3555,115,115,115,88,88,88,115,115,115
40039,Tshirts,05d6ee1904e99f8593046b6a684ae7fe16e02f6314da65e2762327e66c82b828,115,115,115,88,115,88,115,115,96
40051,Jackets,66e835f37eee9741875cc09d49ad1eed12442bc9b1996fbda2364bf9747dea6d,45,102,102,102,102,45,102,115,45
40057,Tshirts,0c4e2e7ad12c712e26de11c778e2217fd9acb4a2bfefd1ce19af3ca9bd5aba9e,115,115,115,115,115,115,115,115,16
40098,Tshirts,55b90e8816db6f7a19b7dce37ca126dd6eace4efb1e941cb3692f5fcf91d2075,115,115,115,115,115,115,115,115,38
40101,Tshirts,feadbcc2ebec377cc837ebe73f301452aa61c4c61de628a0d6c0abf226aaf5df,115,115,115,115,115,115,115,115,33
40105,Tshirts,08eacae81c060255ddf7ca0203b8b0123266f8d3d704070545e1b04cf176b4a4,115,115,115,115,115,115,115,115,38
40110,Tracksuits,1ed63a9f1bffb4e9925d16287530f1263990a8c0f6db6ebd32e3665ed0109e52,110,110,110,110,110,110,109,115,115
40118,Tshirts,ce0948cbacb61eaa16327b09144c376e9870821bd028f1f1f7fc508b394497d7,115,43,43,115,115,115,115,115,105
40120,Tshirts,bd767b2707677077af797544c2c7aca79b27e9ceff220ab86e87d72d246611c1,115,108,108,108,54,108,108,115,121
40124,Tshirts,ddaf50205a9e12c63cbd7c5b271c1f8b70eed968fe3965b5b5129a78f0a3dba4,115,115,115,115,115,18,115,115,121
40128,Tops,eec6be430ceea84317b0fa5f90f23834cc2ccbeb5f1fece423c94601fdbdddd5,108,25,25,38,25,38,38,115,94
40130,Shirts,6a08c6203ca3fbbb35ac23f73546ffb451148202cf5b8659f661c8235f7e4f8a,88,88,88,78,88,78,88,115,16
40139,Tshirts,119cb81052c2c123a597dcde017fba95f6b36039910e1f5b425db9ccfbc0b17d,115,115,115,41,115,41,115,115,121
40141,Tshirts,f501856ebf65c5c6b91fb29231c2d1b9b89265041d5f24e18e24eecd85a6b8be,115,115,115,115,115,18,115,115,88
40142,Tshirts,52b279a2b13f6bf7a9dba46b85fb145e155e15392b83cf09a980b54a1027e23c,115,115,115,115,115,115,115,115,71
40147,Capris,adb3e96a49e2960051efa7592c32911da1c384ce139022bf739733a787cbdc27,14,14,14,14,14,14,14,115,113
40153,Tshirts,f6f2067b43dd844a6aa81fe4346bb795b5b0ba404ec10fd63b8d1c563424cd9c,115,115,115,115,115,115,115,115,41
40156,Tops,aca1586b8756e29a09f8ff1c31b97efdd00dbf0b96222303a6d8617c3eeaceb5,108,108,108,115,108,75,108,115,108
40159,Tops,d370b73cf495c0058c9f7e1dd1b28f41c8d58863fe6d7603543ea969819280ce,108,108,108,93,108,93,108,115,121
40165,Sunglasses,8f20a404b36e279132fc89b08e7657a4ec4669362b405c3327d19f78bb28bc71,99,99,99,99,99,99,99,115,115
40173,Sunglasses,3b6711e6d212ef11eb4f83f46cc91f145e226920be3d33a2254a80f27e79e9aa,99,99,99,106,99,99,99,115,99
40174,Sunglasses,66b47d6bea02a9b7ca0b1237bfb86c945f1141ec91cd9abdcd533f0cc6abff6b,99,99,99,106,99,106,99,115,16
40180,Sunglasses,f4af45470f973318a4867d003f6c320a537b220b054ad6a8bcf32521e827283d,99,99,99,106,99,99,99,115,115
40181,Sunglasses,f4bf797b56b1394fa2d5e482f62e34f283aae58c8072dbef0e28758823e36600,99,99,99,106,99,99,99,115,96
40182,Kurtis,dd1bef762d266a80b1f4b475c3c724c1330859e441682417143995e62deb7cca,54,88,88,54,88,54,54,115,115
40183,Kurtis,d73256dbd4846965b77d1cf46d98174c3ef8cdf1bb7365dae4165349b9cc95ba,54,108,108,54,88,54,54,115,115
40195,Tops,fd6d5026c7ccfcc4160e2ba3308bab6f5f49bc918b51801c706f97a474a4d5e5,108,108,108,116,108,108,108,115,115
40216,Ties,1756607824a28aa45932823924d1a4f2f3bf30196252163ad8abac466f344794,105,105,105,105,105,105,105,115,38
40227,Belts,b1c780df9719e5508fb0723d1b436d094fb58ab585a92494bdd4c51877144e3d,5,5,5,5,5,5,5,115,16
40234,Ties,52e4066cc0e08ef03e0a30cddaabe4c44d88d5a071338d7b053a005ec5f5860d,105,105,105,105,105,105,105,115,96
40238,Socks,4cf7a218378da2b4414077f212fa410302a1419a1f4ef3e318c394541db2f616,94,94,94,94,94,94,94,115,38
40239,Socks,2dadedd463820aebe054339c6ebbe3b6e674cdf01f1fa5ed6c4adecbd7515202,94,94,94,94,94,94,94,115,88
40255,Shirts,d112424e965220b8bdcc4b14a71efb567544b2f1a508abca12829b5fe9d2dcd5,88,88,88,88,88,88,88,115,88
40275,Trousers,c9d8c019789c1738567dbc4272c5e238968ae605e260b4bf0422963b012261a6,113,113,113,113,113,113,113,115,93
40287,Sandals,fa584b4d60e4cbc379e9d646136058bf0416d33746389bc2379be78cde683490,84,84,84,95,84,31,84,115,102
40291,Flip Flops,5589cc821c96b3baaeb39e96871a515db8f71d378d4cf5bbb581dec328eeed45,31,31,31,31,31,31,31,115,115
40292,Flip Flops,b2e5547d1c12fb0f9aef21756579423f5537e99d5dcf4ae871e6887ad25ad05b,31,31,31,31,31,31,31,115,46
40302,Sandals,1c826650c391a955430f994df348c3611817fde22db8404f07cf62557da64baa,84,84,84,95,95,95,84,115,54
40303,Sandals,586e4d54c0b6fa8430c322cd69be4c02763277dca201465545e33aa3c902678b,84,84,84,41,84,41,84,115,108
40305,Sandals,5469cc27fb66e6e7a8418fe4d0317a7de3e86a7d06738a8a7f9f436150f829c2,84,84,84,95,84,84,84,115,91
40308,Sandals,9b23b87590da19604eef079f0f3c064069492d39d79fd761047091c048127a11,84,84,84,22,84,95,84,115,30
40309,Sandals,c37876b7af7be0fc2f914af969662e3971f76e6825508eee432932ebaa731f64,84,84,84,96,84,96,84,115,41
40314,Sandals,e9c435cf1703ee0f7e8d94c7d0f1a1ac39ed99aba621ad8da2761a7f0da45efc,84,84,84,96,84,31,84,115,38
40323,Sports Shoes,34c593271ab08bea0c0524a20e553d55aaddaa5f16ea74cb753591a90c6e5607,96,96,96,96,96,96,96,115,108
40325,Sports Shoes,9bfaeafaddb2c1395e97e1b3bd4e4d8e70f78ffff42b89531d036c15b1efe347,96,96,96,96,96,96,96,115,102
40359,Jeans,3038778926e534308954269ad52c8df37a135963d186481e7f7ba4c96fd1e690,46,46,46,46,46,46,46,115,16
40375,Tops,9ce3a32b7ee11ae1d881fccdb9d738f272cb2a6f0df2f927c07b0dc6b4e73a2c,108,108,108,116,108,116,108,115,94
40376,Tops,8e077c7f0bb377f35a37f4e185b76daf0ac08666baf8ad48bab4f284cf110105,108,108,108,54,108,54,108,115,16
40381,Tops,ab2c49bb07badf32e38d4eb87d283655fc5b0e9829449c66376f26ac3a40c0c4,108,108,108,108,108,108,108,115,25
40383,Tops,9db6cde7fbe816462dc9c4240991c25714658ee93c0fe88c95cb62266294c3bf,108,54,54,108,108,108,108,115,16
40385,Tops,dfa2bcdb47a48d206c2033e167b9affd11f34e591a75164dc98a4ed9c54f4c83,108,115,115,116,108,108,108,115,115
40403,Tops,0b2d92f4e28e9317d9c1f69679fa619caa6eef6173bbf2e7c54a38d3f50e5092,108,108,108,116,108,108,108,115,121
40404,Tops,519ac579e0dd43d79adcb636cb7c6c80a40639fc5d2a7509b23042ad62c8d5d3,108,108,108,54,108,108,108,115,38
40411,Tops,72f0e182788bdd143660f4e5799a3bbdd3d484b14d9fdc4e5301597840df4c92,108,10,10,108,108,108,108,115,88
40416,Tops,8bb69bc9a16c0ae380b89663b16b72ca207829ffda0afb3ada5fa5485479bf83,108,98,98,54,108,54,108,115,96
40423,Tops,558b853f8ff1e0731491beb4ada0b5d2297e7f929d0b1573cf38d92866a057f6,108,88,88,108,108,108,108,115,115
40426,Tops,e916083f1d60d3f7d5728d2b79f5fc8a73d367465a15a775bab687564839db5c,108,108,108,116,108,116,108,115,31
40430,Dresses,fd066e30e218184e0d3109ec72deda087c5f6552d75ddb9b35171ea0dfd710d0,25,25,25,53,25,116,25,115,16
40431,Dresses,f8265803393e0a5914530235a8279d0d5ab6b043c45ebc4dcfb3452dd58bb8bb,25,93,93,54,25,116,116,115,120
40432,Skirts,e3c98f78295a7a29b5e474f2496dbbff682082c960a3c9ea6a299fd2158d5e31,93,93,93,93,93,93,93,115,96
40433,Skirts,0575abf4db406a7258d6493f12a74e3b9d7116356731bbd8fc7f541cf07defe9,93,97,97,93,93,93,93,115,28
40451,Formal Shoes,6117dcda2408560c652e90333777c2ee886aab2eaf3c14f25005980cf60d7d03,33,33,33,33,33,33,33,115,121
40459,Casual Shoes,74ecf457b28255d85f05078b5deb84eb355efb0bb38a01c4dc74c301269c8972,16,16,16,16,16,33,16,115,115
40482,Casual Shoes,b871131ce53d8dede0cade1c9070ec234e6162f26a702d45690fca4b46a4d413,16,16,16,96,16,96,16,115,19
40483,Sports Shoes,76573d15ac1230320cf5dcdee69e2a9650ed76db8e8ce2ec73737f9b2d345bef,96,41,41,96,16,96,16,115,88
40501,Watches,ee2c063206b1a04e9dd49f3a10f931c68c677854c489fc69a89fd9d3a58fddfc,121,121,121,121,121,121,121,115,16
40515,Watches,b99f8eacaa7aaaa1f650b0ada2f59b7d6ae23c9d3cc5e91380227873be69d28a,121,121,121,121,121,121,121,115,115
40524,Watches,376a325f3b83220a4f6adbc76f9cd0a6e583c07563937565425cbdbc5fdc2f00,121,121,121,121,121,121,121,115,53
40525,Watches,93b57ce64f34b0e72459129dba20dc8557a7bfc20ed6bf6c83ac0a6539fd7a1d,121,121,121,25,121,121,121,115,30
40527,Watches,eac157ac7428e9a46dba167a11fd256e1a4a5195bcb0e752f4f270015354a4e7,121,121,121,121,121,121,121,115,41
40536,Watches,8c27aa23192b09d97b4e40fbea1f864edea8776e12d011433cf596d8700d71bc,121,121,121,74,121,74,121,115,88
40543,Watches,e68b80e706b3925b7d3da95ec3339c44baf5d5d5b97c3418e1d3c4682545408e,121,121,121,74,121,74,121,115,38
40548,Watches,af35674e83b3b34860b32358bb2013c8b8eee16207ce73685606b5c42cecf2e0,121,121,121,74,121,74,121,115,108
40552,Watches,3df02c7c6f0f3611f0f5fc53a0d0a3559528660e633dc5622b80d3ac9cbdd5d4,121,121,121,74,121,74,121,115,121
40554,Watches,01eb4322af3fa8e8608b9de48f1801acd6585b5cddd22720112ad6028d2ffdf0,121,121,121,74,121,74,121,115,14
40558,Watches,96c693febd68bf0f512931170e26439b6ac4e5786fb637c503664f9bb47a5311,121,121,121,121,121,121,121,115,15
40562,Watches,ba6cb16ed5a49cfcc6eab216574e21db43000a4754564a654c74cd2cd7cb08ca,121,121,121,121,121,121,121,115,120
40565,Kurtas,16b33dd47383ce8e92ad27269344763ee702ad23ae38400bc6fbc2dd90b693e8,53,53,53,53,53,53,53,115,115
40567,Kurtas,51755500fff21d10334c3131e9805ba5483c7a47800938ff03444e87d8c64b0a,53,53,53,116,53,53,53,115,121
40571,Kurtas,7f9d38c1774551a6a07cd820ce0b5f3ac3d158d142325d66ce8c50dc0b99c4e2,53,53,53,72,53,25,53,115,115
40575,Kurtas,7a8b1e5ab82fa0d2077d4802776815902dc113aea752ec4f4cdaa9b97dec5806,53,53,53,25,25,25,25,115,38
40583,Kurtas,e3d767ad420e3fa8c01b1d03e9b326438a541cd6ea9c3b11bc87aa4792e200b2,53,53,53,53,53,53,53,115,96
40585,Kurtas,ccff3209addc0a6c0c60e2dbb250559421945c89732144d44f766e66222a5988,53,53,53,98,53,54,53,115,31
40587,Kurtas,a6c77385f438563cdf64c6368c9abeb4e24f8ab768e69c46384fb0703aa34517,53,53,53,98,53,1,53,115,115
40592,Kurtas,9f2a8f66bf7cc8dcb3b1218a496d652916554a1a977285f0f483959c647427f1,53,53,53,116,53,116,116,115,16
40595,Kurtis,1dc6c8261d4f1ebbea1466a690ff088b2a89c0a9b8c267cb9dcbc4eb8766c183,54,108,108,98,54,54,54,115,100
40601,Kurtas,90988e1e023fa3d02e1fed06261009785b400059d4a94a14f156e75a45e7d07e,53,53,53,116,53,116,53,115,115
40605,Kurtas,199d8ab0a627a54fb6ed88ad5c868c9da5735e13a178e223c52d838109d11ad5,53,53,53,116,53,116,53,115,10
40606,Kurtas,a162abe8d765330116cd5816cdecd376fd71f31b1e42412f5c3634ffee07ea21,53,53,53,53,53,116,53,115,115
40610,Kurtas,c35fee5737ed7be99b1d90699b6bf7efb5a8e4f3d24aa6aae3981dbd034468a6,53,53,53,53,116,116,53,115,121
40611,Kurtas,005fc5872c17c8bd224be042cf4dcaa9cfe08dc321d3a6c46757afd1f6af6339,53,53,53,53,53,116,53,115,88
40612,Kurtas,84835833a378b798054fcab010f4cd9c10d3ec9e3828305e3511d8d1fc1031c9,53,53,53,54,53,53,53,115,31
40621,Kurtas,7e34464748f1c62ed075313c8f744963950d6d688333771a8e14b431785bf6c2,53,53,53,116,53,53,53,115,120
40622,Kurtas,8f0ce70011fe61c99a288fcc7a5a3f2ffabf91c88b0ddec5b1cc71044f5278be,53,53,53,116,54,116,53,115,96
40623,Kurtas,c85741fc7520d147c4fe813d4bda68eb2780de3e00c1ae53b4ec818299ecbd73,53,53,53,116,54,53,53,115,110
40636,Kurtas,5185dcc834ab22ae6c6214fd026780944ab9fffb6c83316aff165ffc59fd38b1,53,53,53,116,53,116,53,115,45
40642,Kurtas,d0ecefef2cfee8acbd5717a83619e5cc83957de2a84eba9cb132e2223d1fe7db,53,53,53,53,53,116,53,115,115
40644,Kurtas,636be4c0405a73473e1970907c3036098e327a1e72b76520058041a3885bc9b4,53,53,53,98,53,108,53,115,108
40645,Kurtas,648c6d5de6a8b334c1f7444f705ef632063913a03352fcb7242ed820ff9fa487,53,53,53,116,53,116,53,115,96
40647,Kurtas,0c62e47adafd5382a571288581ce8312b1e47a9d05aa2293d18af82080f3e87c,53,54,54,98,54,116,53,115,115
40660,Kurtas,45534199964fe1f6388b081f041c07bfa992e33f5b91859490704f3bcc8e4b7f,53,53,53,116,53,116,53,115,88
40661,Kurtas,d42cb14bc764243893cf50825b527f69b8be43e0ef3aec4421ec1c62aa59a63a,53,53,53,116,53,116,53,115,101
40665,Kurtas,ee4d9af419844e65e62bb4a9163496efb04435d9715dd7fefd18d0672a77a00c,53,108,108,98,53,116,53,115,53
40669,Shirts,4562940f6c53d1c6d91bda4db6cd96a51ad32cf6bedf29db562b85d42524ac04,88,108,108,54,108,54,108,115,5
40672,Shirts,c042dddc37595fe2192c9ec47b979380d2157d87021f8375e7b3143a34acab9f,88,45,45,88,115,115,88,115,96
40680,Tshirts,008fd44749894cc64adb5abb26851e812a53d929fbdeb7ffb9ca9ed196938ad3,115,115,115,115,115,115,115,115,46
40683,Tshirts,d4bb2898f518ed403d0f8ab36b4669919bba5e358b3c085d527ba41297d7bf3e,115,115,115,115,115,115,115,115,41
40692,Casual Shoes,cb899263c95a44d9e453b148a921b5dfd9e7d165689cd75534ea1dde2d2c7846,16,16,16,96,16,96,16,115,38
40693,Casual Shoes,e8e0a9d792d72833f3f24e210805cd539551956a7b78a9b0651ee0d13de8dc6a,16,16,16,96,16,96,16,115,120
40694,Casual Shoes,f61df90d000e92bc0b59c629637966244bad90e573236be340c1262b2bbd128e,16,16,16,96,16,16,16,115,94
40740,Flip Flops,2281493376fce2b405c53df910f4d81ef92f8f26039ee3bb00d85b03267cbc05,31,31,31,31,31,31,31,115,84
40744,Caps,185ec8d0cb8362bab56b8d6b5c81b9a5fe511761dd3ded520c5a96aa1b76fab6,15,15,15,15,15,15,15,115,121
40747,Caps,77641108800230c7b08bc9d180ebe3a5fb4b3f8f94d5c5adde7460900f7030ad,15,15,15,15,15,78,15,115,88
40750,Flip Flops,ae9096b9da8c01484eb64c4d41dea08516bfcb28c10c72058b84fba2e9a354b5,31,31,31,31,31,31,31,115,121
40751,Flip Flops,4c5236f373e3f8ad404dbe6723f85765e12a24bcee063f322c4b036793465789,31,31,31,31,31,31,31,115,41
40779,Flip Flops,4df6beeafa5d87afb7adc46c8a5e9b1429e466bad4f5b14c6e36690c6aef3ed0,31,31,31,31,31,31,31,115,88
40790,Casual Shoes,0a61b9fc70679f64e3df72ed3ca3f010409f3c5340cea5fc20b3df3ea1fa7ebe,16,16,16,16,16,16,16,115,38
40960,Tshirts,dcc8060d111f66e4ba484ddb71b2c6b9b18d9f669d2cefa738c9bfcbad66b44c,115,15,15,18,108,18,108,115,33
40972,Tops,5518fda1fca8e60932c8c7c49a6b8e64d3a6503f1b45285f64661c94254857e7,108,108,108,80,108,80,108,115,121
40995,Capris,9b49beaf75ac57e12d68ed8c63d131816adc395fc6361eacac173074bc462fac,14,14,14,24,14,91,14,115,38
41022,Belts,2ad4a2ee9697b369de2fa4f38833a0a4f43ca160dc061c3b2f23f8b0d6791a1c,5,5,5,5,5,5,5,115,121
41041,Watches,f2c84d9fa0c3b7137fbd685d018810245ff360663b09e5267ace2e493e161963,121,121,121,121,121,121,121,115,46
41047,Watches,09050f31c4eaad186a9cba16a77ff067573be781fdbbca0c18ca4b9b9ec82fb0,121,121,121,121,121,121,121,115,41
41077,Sandals,60f4b6ebb34cfbbda0903a5d4207860f7957349f46ce8cb13b218a2f42e41825,84,84,84,95,84,33,84,115,33
41079,Flip Flops,820eed1525e8d0c66807ef374d508334a285dcf9e6533c967b90533cc1df0f0e,31,31,31,31,31,31,31,115,2
41098,Tops,59aadc207d480c7c696f2e587c76a296bc891bf394ab701055c9a48ea1188d41,108,115,115,116,108,116,108,115,115
41106,Tops,8a168a1e38c3706a8f4e5f9cd4b7061ae620d1265e6afda95264174cd5aba67b,108,108,108,116,54,54,108,115,115
41152,Skirts,31c5612cc153487fee44a6fe59d95d687d332e13b16946c10f96c066bc38921f,93,93,93,93,93,93,93,115,108
41154,Shorts,74b4c8bcb8eb013839be9f60be7f5efdab96fc715ce6995bf7685b0ed50d7065,91,56,56,63,91,9,91,115,115
41210,Casual Shoes,afe23f455f62dbbe2472fc150f0c13b168f5145a7d5b6e787edd4d2d40d3846b,16,95,95,96,16,96,16,115,12
41212,Casual Shoes,72fd714d1cee31d2ccd7ae32f3633dec5187884f90a1434486ec1f0f5e0e1bb4,16,16,16,16,16,33,16,115,108
41238,Belts,7ec0c11f3eb52d5c6bcc39cc79d43ea48417be35d7b25d0be271fdd991378023,5,5,5,5,5,5,5,115,12
41243,Belts,49874bc5d8b8301d67a3bfe90e1721388b17c69d6ca2e6b19739e997378d7257,5,5,5,5,5,5,5,115,115
41249,Belts,684ba8814c49d84fba04463e0dd75eace9aa3011dcf7bab0d10b0a752105bdc9,5,5,5,5,5,5,5,115,115
41250,Belts,2de4230b60a528750b83b353e29664f158c709fb425bb1cc580ffb4fa7c144fe,5,5,5,5,5,5,5,115,91
41255,Belts,4ce612876399c9f601b00faf1bb68b96a1d4248ea01b7fb051ccd146c47af282,5,5,5,5,5,5,5,115,121
41268,Wallets,0a374bec73095e26d2922eacdab3c51c7948c2c0174134359ca38e19e7de8708,120,120,120,120,120,120,120,115,115
41270,Wallets,db888087af6cdca5e8341c4f4f7d2548b74132d431960aad93cc47e3bbe02f70,120,120,120,120,120,120,120,115,46
41271,Wallets,1802e1246dcff6194a41ef3344577a255b3fa1ff12cc0cd65adadb50fb40774e,120,120,120,120,120,120,120,115,78
41276,Wallets,33f2be5ec776aecc54e8aee5e4685205805eac7f9089822cde25919e9217a36c,120,120,120,120,120,120,120,115,46
41304,Shirts,33978ca8025ca9dcf2297b5b63ee7e04beb420f5c62ca6eb9745e907d8549bc1,88,88,88,80,88,78,88,115,16
41316,Leggings,8698e0bf154400e190f1e19a56a458b0fb35dfa9a7cfeaf1c538ede47d239800,56,56,56,62,56,47,56,115,115
41320,Leggings,66dc68c24d45f78fc6ef67d83d5ae43f2655205aee9fae57830285597eba35d3,56,56,56,62,56,62,56,115,108
41324,Dupatta,1f459d873aee30dc87c12b57d9473d289a7415fa0095bc1dbaa32059626ed82c,27,27,27,85,27,85,27,115,121
41346,Jeans,487756c6dd8a9e2673f24ad08339b7c438faf09bcc8f6df8783efd7f0993af08,46,113,113,62,62,77,109,115,52
41347,Jeans,0eda9b8b8c3dd02442db58704cc85f1e87031e77f1598d658dfdbb6003e9e882,46,46,46,113,46,46,109,115,85
41348,Jeans,ebb66dd37be5192323902533efd8789e86f246cf5d2aae85e65bcc5d5e1a3138,46,46,46,46,46,62,46,115,121
41349,Jeans,e9c75bef6fe8d1b28954c4be40f22d09e38c827f3678248e5766824295471c89,46,46,46,46,46,46,46,115,121
41352,Jeans,189b468edc5e96c392b0a4c08352b94218ec9d8f68fa36c9977c53ae214e0dc9,46,46,46,47,46,47,46,115,115
41353,Jeans,362941b9af95694209b7c05103358f2389ab0fa0f1f4125d8e7c87cdd7ed009a,46,93,93,113,113,47,113,115,99
41358,Jeans,d090a6005f97a3f3c43fa0d13d458b9a9923f89c4b44d0b24f025c86d2922c50,46,46,46,46,46,46,46,115,115
41376,Tops,f8b74aa072d4db932df259cf2c9149820781b7adda3d83b66a849d61bf4c5df9,108,108,108,116,108,116,108,115,96
41378,Tops,f0255b2cabdb0702dddbc9a3ee15a5407137888b175efc787bb28cf8fa9e2c61,108,88,88,101,88,108,108,115,2
41385,Shirts,eaf70c67b2e6ba8b7d2acea9062ff2c6939c01d0ea6ee38cf371f858295ec2fa,88,88,88,54,54,54,88,115,88
41388,Shirts,4b78b961089e32085c44327d6759aafdfd8a3f5b49f772349d714a94a7a3df41,88,88,88,92,108,92,108,115,2
41396,Shirts,19818096057ef78e4d4158b906ea12a3258d0ae654a0e47bda80f0c2ea2e7cff,88,88,88,88,88,88,88,115,94
41402,Tshirts,ee15b2ffbf9dd3ca289c62445c0fed4d5ca04fbc58798f96e2a487a793fc82d6,115,108,108,92,92,92,108,115,12
41403,Tshirts,edaa619501c9c88cdbf38ccc1f4d8bcbd46c309f0153fc12a04317a1fb528427,115,108,108,108,108,101,108,115,101
41404,Tops,9188c373fbfe523fa4dc479d93ce3c44719982d5d6e8f3ca3b2316c02b00a6ac,108,108,108,92,108,92,108,115,16
41407,Tops,6eed5520653d8bd2e1cb1f8be99410bd955d78538582f8d0d0819c65dcdd0516,108,121,121,115,108,49,108,115,46
41427,Trousers,0d04bc1466a2974b05718f0730e0a1cdc36b0638d71258d3252fe5ae87dd6289,113,113,113,113,113,113,113,115,115
41438,Sports Shoes,c864b6af35afa1bafb188b97748cc794826ad820ccc04fc3e382ecbd94861461,96,96,96,96,96,96,96,115,38
41445,Casual Shoes,acfbca4d3fc3ffeb4441b3c3ac91d357521052fefee4c2cc6a43894ddc557ff0,16,16,16,16,16,16,96,115,12
41447,Casual Shoes,8d05d12cdd3ba62c53d393a9883bd64f175511b808915a184762d311c6ad5815,16,96,96,96,96,96,96,115,84
41448,Casual Shoes,b31faa9c0a89cf0533fe6eb40e094d66b638810755e821f4029fed1236c10f72,16,96,96,96,96,96,96,115,115
41456,Sandals,7758b1cb84ecd40593e4525412d4540a22de8da9dbc5bdc49da5f9e866784bf0,84,84,84,95,84,95,84,115,96
41466,Casual Shoes,67c82f74f6113d7f9097b032b68777039abff387fc273c777b6b7895026bc03f,16,30,30,30,30,30,30,115,121
41469,Casual Shoes,7ab17bee38e218dd86da4359cd4fb9487295d9db8112a5c2720f8fbcc14e5eb2,16,30,30,41,30,41,30,115,3
41477,Casual Shoes,b00e45a6d41a3b08824e59961693345db9fbb8694c9b6aa1ec5e4a6f29226b0e,16,16,16,33,16,33,16,115,115
41478,Formal Shoes,5ff86e97dff49c1cfda682d1a4de8ee72f2709778240cb0b28f60d5726ca3f5b,33,16,16,33,16,33,16,115,96
41518,Sunglasses,d0ebe47743bc264ee2a9c207deaafd1d6f8c28e8f27875a7a83953c833f14ded,99,99,99,99,99,99,99,115,115
41523,Socks,539b7933fe0078e7e26fd18a3a0253bffc803ffcea28888663d658acdfd5aac2,94,94,94,121,94,121,94,115,0
41527,Messenger Bag,dbde3f787e711edf1e8b8a82088fb4f935dec47dc89fa125479f8f5779968986,65,38,38,38,38,38,38,115,41
41529,Belts,4a8241b8dace8ae3721164a52f2f39a1c3aef088e3f5f1c9b66f27fa3c5a0552,5,5,5,5,5,5,5,115,115
41530,Belts,38f24dca7778c85c2dc903481c76a68c0e8f3f3f86ae146b858efdf2d3fa7131,5,5,5,5,5,5,5,115,31
41535,Caps,da021c39f01d83c064ba4b66cc3f1ab7427989dfaeee44b9965c5f61caeadd12,15,15,15,15,15,15,15,115,121
41590,Shirts,716054c4093aab721ef569d05fc17b074b21e2c468702f3fdf5ef855797ebd3a,88,88,88,88,88,88,88,115,121
41591,Shirts,9622fa2ed19845c640c7d588862dbd9642b649e07caa251f7b872ef2f1d58cc7,88,88,88,88,88,88,88,115,115
41599,Shirts,d990fbcded93666ec9b4237fdd5540d2d16c4c687270ca3c533146fb387d9f58,88,88,88,88,88,88,88,115,102
41605,Shirts,d0e7b0c89e5a9d8d469fff15542723d3e2d2444cbc4f598ca8c18c171e8d9a4e,88,88,88,101,88,88,88,115,38
41629,Trousers,df01052bd6247684d3301b097210efccd20873c9856946e933385ce45d9ae790,113,113,113,113,113,113,113,115,96
41653,Shirts,faa59f18f5a0136a58366dbaeb1ca9b5e083f0209609464701e00fed19bbdf46,88,88,88,102,88,88,88,115,115
41672,Heels,fd1c3e976891743cb8c1e4be1e83606693dbdf42bd289b661a656dd3fe316aea,41,41,41,41,41,41,41,115,121
41675,Heels,cf96b2ceb917e1d67e39bda0086f70f7e3fcc4bfaf532e716c88a918b37b9816,41,41,41,16,30,30,41,115,10
41685,Heels,aaa22397e4c6c2f3cc2a92608c6f3063f1c040a8f1c99534b916dc2595ac75e5,41,41,41,41,41,41,41,115,41
41688,Heels,fdb5e836ef06cb67386892fac186c3e953538c635a205c8d272c344639e64bad,41,41,41,95,41,95,41,115,84
41695,Shorts,e04c9d264a230120f9f03a2d753acc15e852345012a4ac4b12a507aa79909d69,91,91,91,91,91,91,91,115,88
41710,Heels,317335a7206aaeb4a06ca97df8d32b2373c233266dc9b77f6506a6394d02765f,41,31,31,30,41,41,41,115,89
41716,Heels,ec303346abd6240be51d1cfa0c15e48a04ba4e1e0c0257ba7ac93ab01f110e2a,41,41,41,41,41,41,41,115,16
41719,Heels,eb62632eab2f3893753c42e662834f7a2c6761f55f75122419de710facb9e649,41,16,16,95,41,84,41,115,94
41721,Heels,6620781176b5158d048d953cb2792b7b3ece5f04fa6d0d92dd3723229b67dcea,41,41,41,84,41,84,41,115,26
41723,Heels,f85a1c8d5884fe1205f20272a6ba1043811f52c6d6319e5ca3daf1e4c4894a17,41,41,41,95,41,41,41,115,31
41726,Heels,d3eb64a1e9ca9beb0470007d2c5fa9caf7cc765b8d8a5a4db92f70e5cb6a85a2,41,41,41,41,41,41,41,115,53
41729,Heels,d1c074941e31c59808363e211618395bb28c165b8d484adf9f56fb403d1807df,41,41,41,41,41,41,41,115,120
41739,Heels,18dcbb58e861580d5778c4d5b949123029909b4cea000527d02da30c5c86a7ba,41,41,41,96,41,41,41,115,38
41741,Flats,bd4adbfe34c4fb9902fcbe51d426f6c828f2552e4bc57da0a4aefedcd13f9bca,30,41,41,30,41,41,41,115,53
41742,Flats,18a2fe8e4d434fe473bc21736330b6749fcba3ddd9edb45babe29c0337412321,30,41,41,30,30,30,41,115,108
41744,Tops,c38f413080861517162c17c43f70247ac325408c60dde06089b9bc82ddfb7636,108,115,115,80,108,115,115,115,75
41756,Tops,89a2983c877d91edb5c9eb819ff1f532a538a42ce73c257b17eec3198c7e9c6d,108,18,18,18,108,18,108,115,88
41770,Dresses,4400532c49f7c10283cf0ab98a383090fe3527bbde89f44e2c483771ac80f8c1,25,25,25,25,25,25,25,115,16
41773,Tops,5006b8948a66cf4e5daf0fce08f8ea9fc55ef60bc7b910b6e25d32c45252170b,108,25,25,116,25,116,25,115,108
41780,Tops,2ae07d297ebe6700d5e41b2c1d3b36faef82c65dc580129ffdf46087b739da67,108,116,116,116,116,27,108,115,53
41782,Tunics,3fcb6faa523082ddb55e48a0914fe49ff22832a317a937b476d1643a6de17cb2,116,108,108,101,25,43,116,115,16
41784,Dresses,eaa0db98d78aeca6928612709d02bdfd02efe1371479e4b4cc54a8b71f06c7cf,25,116,116,1,25,103,25,115,53
41788,Tops,8bd41e7042903be8724d882287ed9374ca7ae19aba8db4a265c975e0d6eb56e6,108,98,98,103,108,108,108,115,115
41790,Tops,f23ef747372ed923ccef0c931f9edf865f49bd4ca57868b2507043845441aa11,108,115,115,101,108,101,108,115,2
41791,Tops,9245b989f2a687011aa792b47f5c05403530eb5975cf9d17abc7da73af3cae48,108,52,52,49,71,108,115,115,115
41795,Tops,aebd7ac8874a1923b4baff13e1980d0ff0bcd3af5c65c6f590c7a46b31d90e72,108,98,98,98,108,101,108,115,53
41824,Sports Shoes,db3cc2abfd7332d5060ba3b08ec642f2ecca108ef57cbdf80fc9a2c9d109b161,96,96,96,96,96,96,96,115,120
41829,Flats,a37d4e5e0a16f74e15bcd51f9add19117b4cdf38305b1d4ab1d28160d09e35d5,30,41,41,95,41,95,41,115,41
41839,Flip Flops,685d3a83315a51424d989cbf4ff11500c801290d31e348aa61fef0ff37e4c3e3,31,31,31,31,31,31,31,115,53
41841,Sports Shoes,eb7ef2f39dbdcd39afe5422cc8b7f0fd23ff9b0785672d1d7388b2c0eb03c324,96,96,96,96,96,96,96,115,99
41843,Sports Shoes,b57e60bb00907d5f51bc33ce6e1a4d5d81804c965521daeef64d96a95b121a04,96,96,96,96,96,96,96,115,116
41855,Caps,285c396e330b24c3f6399591b6634b3562e0f8c8a3d751f4f278dc8520e8ed96,15,15,15,15,15,15,15,115,99
41868,Sandals,04627eb3d0bb0409db52e522f08bfcab99add7e8ed4b52106609af04be5b1ba9,84,31,31,31,41,30,41,115,41
41872,Sandals,d3c502212882f1638f20f201df25454ae170af82dad5f7ead66866aca20fb997,84,84,84,95,84,84,84,115,41
41875,Sandals,86c1f5b4c8fa79e7c8c89af0c830f0a38f722ec54194e65b95016a10bb087fec,84,31,31,31,31,31,41,115,28
41879,Flip Flops,ad7126cbc1a346016f4605ecc62742655194ba39f7c4b39a27d244f622810cf5,31,31,31,31,84,30,84,115,38
41889,Jeans,52b8b6ca0aa073c3ea71af1c78aaa1ecb4cab5408ef6a365f931a2c50f4d907b,46,46,46,46,46,46,46,115,5
41899,Perfume and Body Mist,11ff36e7e077f0dd9762c62ce40f13b509fa2aec19ea31eb84e22d6831a17faf,75,75,75,35,75,35,75,115,96
41906,Fragrance Gift Set,80a45c044b61927b04bdeae53b30c7aab7245fdaa5701f462a81221c0e108008,35,35,35,35,35,35,35,115,98
41940,Flip Flops,92a25a5b4f5193b0f595e1697a70123139ae91ba33d999547316375e5a456349,31,31,31,30,31,30,31,115,41
41944,Flip Flops,40c12d79a8be39c2e1da46089dc64b6a49ce3d924b6eee5144a3ac816f2b1607,31,31,31,31,31,31,31,115,9
42007,Sandals,76bceda5ece0a27a10d654a23875f0971ca3983b29a78e6199cb3b72059f76a5,84,16,16,84,30,84,30,115,96
42011,Sandals,ad1a18d9cebb5e080c6c54f59bcd77409fe1026e783c2be34bba412829e2b2f1,84,84,84,31,31,31,31,115,16
42013,Sports Shoes,15be0aa119ba91532724e56c36db3eecb808ebb6043053cd281a1d165c2e62c2,96,96,96,96,96,96,96,115,46
42023,Sports Shoes,ca6be67d19655c8da118a857f305f516dc68a6348eb6d82e5f7985a8ee4ed8eb,96,96,96,96,96,96,96,115,47
42026,Sports Shoes,3d091861d97a6402bdf682f71a13db19b0d567f7627c00d27ea95fd222a1da9b,96,96,96,96,96,96,96,115,115
42038,Sports Shoes,30059fc95757d5bdef4beb5a6f809c413d1ea5066801b768ab37d3a6c10a0e6e,96,96,96,96,96,96,96,115,41
42042,Sports Shoes,999b6ecf8980222da916cbc0107e4f6d5a8263d2dfba8fdcfe7dffa6e8566c9e,96,96,96,96,96,96,96,115,88
42043,Casual Shoes,6a5bd45265d9d33ab976b434c7899620f33932fa00a3c4d744bf37f67e29a137,16,16,16,96,16,96,16,115,94
42045,Casual Shoes,ac280bcb3a28ec81c6acda4810f1f45c031b0a2592103dd06465295edba3b951,16,16,16,96,16,16,16,115,16
42056,Wallets,0f1f058a1e8bbebad160f400f2eab22c20befe9d8f3a83134c56d14eae069473,120,120,120,120,120,19,120,115,2
42068,Wallets,3fc34f7bfcd206f1dd82202bea2000c4f8a31efff279745cc82d0f6d9a3d4147,120,120,120,120,120,120,120,115,43
42074,Wallets,d8732969c77444a032cadcec25175ded1d139a86e47cc320f6f066b9f74f258e,120,120,120,120,120,120,120,115,116
42076,Wallets,197db25f824c1d5c32646b5701104461ebd28419bb3f5f64c93571b81f8a985d,120,120,120,120,120,120,120,115,120
42077,Wallets,ca20d229e78eeaeea1d785c0805eba7d1b2adc39dd91204046fd900d3f0a308a,120,120,120,120,120,120,120,115,85
42078,Wallets,f05bdcc189c0e5760f174800ae2a80a352d05fb39c692bd9383740764e346dcc,120,120,120,120,120,120,120,115,115
42079,Wallets,94b5415f131bce37c69831f883af53866de290a3efd49b918746ada839ecc36d,120,120,120,120,120,120,120,115,2
42082,Wallets,1b69196878eae0f7b645aa7457d1b2e4deb56f12d97d3e625e16ffbb64f1329e,120,120,120,51,120,51,120,115,88
42087,Sports Shoes,8decbeedadb17fee3ea8f66c3b98a7a4e3560f2e709b0566162acd1728e24085,96,96,96,96,96,96,96,115,121
42091,Sports Shoes,b512ee41d9b5dffd9686d8b8dccb5e537d7ac338f68b76c00a5a1e04563ef6a0,96,41,41,95,16,95,16,115,12
42094,Sports Shoes,b26515f22cd916967784b74c6731973977c6dbb67edb0f5f75b8e5eba9e936b6,96,96,96,96,96,96,96,115,115
42097,Tshirts,5a38ebfc1f8731f4ed0c746040af1bcd7705fab3bdee3f0f9bb0ab9a6427eb54,115,115,115,101,115,101,115,115,99
42098,Tshirts,26693a12c0822ee9438a23b36e46f1df6fe4570c5775627409b849509c78a409,115,115,115,101,115,101,115,115,109
42106,Tshirts,7db1f7955119178628e1abae06a2381fc5cc644e5fd8b2b101a162683b54418f,115,115,115,88,115,88,115,115,88
42110,Tshirts,575f2e71b5bcec40d6d84721c6a0521a29129930db3ad762770fbddce6c744d7,115,115,115,115,115,115,115,115,121
42117,Tshirts,8172c48e91b3128ec1ce51307b1fc01dfaf72f19c42b67f64d61c6bfa108ad41,115,115,115,115,115,88,115,115,99
42119,Shorts,a110c7ebd19067ba547e74458c9d11244dd60edec48463707eddc488ad41c109,91,109,109,63,91,91,91,115,115
42126,Sports Shoes,33f292bd8d74f3920c37fdf6f7f89362fcf8b7b0bfce9cbfe170ac531a4f2fc8,96,96,96,96,96,96,96,115,53
42133,Casual Shoes,20c2fd72dfa08be0e46e8679e69e904acd7fe624cc5912594957c325bb7d15e4,16,16,16,96,16,16,16,115,24
42143,Casual Shoes,aa5f96eb006257471e8cf38faf065bc9582a03915b5b9621e6f5e93c0b99c246,16,16,16,16,16,16,16,115,2
42152,Tshirts,f93e82445916f349c165cc459c1de11f284fb8c879f1afbf2ac81717317d9d78,115,115,115,115,115,115,115,115,101
42197,Tunics,e91855363577dd1cf56f2fff544d845ba0d1620f7334e30f0a698c7459526c29,116,116,116,54,54,54,116,115,72
42198,Tunics,0f9704c54b1c3e5e74c23032db8ea5e475a23f484e9e01411daab7f8cda77d8a,116,53,53,98,53,53,53,115,41
42205,Tops,0320013c9f9bcde9b85451cd026eb4490abfed1e92d75e24db726ec46492c812,108,45,45,54,54,45,108,115,115
42207,Tops,25b5ede0c98b359f40a9c9dd171777e9326bb0fc048d27455c3daf504fd602a3,108,108,108,116,108,92,108,115,88
42209,Dresses,57722b61b0e190733859e8b25eac8e2663b642d6a6d5c289daadad2ccd569f93,25,53,53,116,25,49,25,115,101
42214,Tops,3242f41afa5ccb4c23e86cd9844687d758962f60d6ff886ccc6e6d5d8d57dd65,108,108,108,116,108,108,108,115,46
42218,Tops,0c8e4f57d1407e8654a3ae8d8dc9b1591bae9ea20e9ab843f1180a299ac1f7fb,108,25,25,53,116,116,108,115,16
42223,Tops,06b697af0e918822ee6b3ca2b739eb8b0d272e39983fcadb8f5d3e910f6ee65d,108,108,108,54,101,101,54,115,121
42229,Tunics,70a97086f28fcad6293bb564652a70eb1d28fcfcc5b606c1f8a5f040e04d0b01,116,25,25,53,116,53,116,115,115
42233,Tops,085332e43d0becd5cec7d0ee3a5866d583a6fc0fc85e430a4f6d71ec26f3b249,108,116,116,54,54,54,116,115,5
42234,Tops,2ee617c4d917c8103c39210b199591f2752a9be22f348900a00452440ccc84a4,108,54,54,88,108,54,108,115,16
42236,Tops,09ac00f3d2297254f0a482288924dd4c0a2df210ab605fd4808d5cc08d61dbc3,108,108,108,108,108,108,108,115,96
42239,Tunics,ae88501a06391c0e1609b6649a78a63071c5ad7b32f4f3348bfa67b24d1334ef,116,116,116,54,116,116,108,115,30
42241,Tops,deb2aea72c3f8f15b48732b726b81d30fd2750be2e9d611fa2349ccc1577c8b5,108,108,108,54,108,116,108,115,115
42248,Tops,c20e5ec7b99ddfbe7c937cf86eab0b2e070ed8ec52ff1068c00bd3872cade195,108,54,54,116,108,116,108,115,38
42249,Tunics,1255eac627ddbbb0177a007b0a505ec104d446bfbcaf79e8935af958cc7d8d06,116,53,53,116,116,116,116,115,24
42251,Trousers,009642212a513d6dd631a78b3636a23958b4dd99b1f4e4dd1757b4c50fa84035,113,46,46,62,113,113,113,115,88
42262,Jeans,60c80097d50189653f6df8744e4a5906e1c5d524e39236340920afd75a70e2d3,46,46,46,62,46,62,46,115,121
42320,Sarees,6aa04ea93a863a3094a4cdbca022c4171b1f7d953cbb6254ed9184175fd13e94,85,85,85,85,85,85,85,115,88
42326,Sarees,dfa31715611f2e139aeaf9d6d2adc797da707baba3a6082db796b1892c01383f,85,85,85,85,85,85,85,115,115
42327,Sarees,800a9b7794926b053b4e086dceb1dfb0824fa721e3b4c13492b229b4427c8214,85,85,85,85,85,85,85,115,115
42329,Sarees,92b533132d04d03b6a3792bfd0649d5876c32b99cf62b34433461c3bf514bd97,85,85,85,85,85,85,85,115,115
42330,Sarees,081cd5b5a2d03d59b9794d7fc27b659a3dc63654c615b4d4409b6fd91d4eda03,85,85,85,85,85,85,85,115,38
42348,Trousers,9e036698329f93da0b7fca49e30f4c0155cd086d9edf9f7045da741e7734c812,113,14,14,109,109,109,109,115,16
42349,Leggings,1620e8b56fcad96b721aa7e771143a02aa398dc5e78035fbbe24e446b8e3b9b2,56,62,62,14,14,47,14,115,121
42366,Shirts,8a2d5eb66da424c9a0cd1684b5d27a12afb00ab59f79e55eeefb4c13116cf05e,88,27,27,54,108,108,108,115,115
42390,Tshirts,37fd9706ff675e6523967efa9a31088727def17480e87b32bde745edda8dcea9,115,108,108,116,108,108,108,115,27
42416,Kurtas,3b42f4a8d00074463d455882b103dd313127a0329ac063cd186062fedb4042ef,53,52,52,52,71,52,52,115,53
42423,Kurtas,3a35dc5ef4c19781061039a905388cee12c34e8e76606a3fadd8e72bc6b5ef25,53,53,53,53,53,53,53,115,115
42428,Kurtas,6c66de3b28148a7fa2db97c37f67fd2f4a6c2c203bf4001c6a43ac4599b49eae,53,53,53,53,53,27,53,115,115
42429,Kurtas,c7ba540415e41b675caa023b23a0a0986d16bc6890a2837153a6d800fc00c845,53,53,53,53,53,53,53,115,99
42509,Kurtas,cb73b8ac3e49494d68ff6e11e0348fdb73327b88055ede5e535543e600617b06,53,53,53,53,53,53,53,115,115
42516,Kurtis,766006e005e5d7fdd27b7332c27e793eb34fec0e5d5f06d0cec810c734bd1bca,54,108,108,98,54,54,54,115,115
42518,Kurtas,dfac4cffdc5d98ebc7674942bf0f912ba132a1d185426667f57325f4f58162f3,53,53,53,98,53,53,53,115,115
42520,Shirts,f0fb69904e5dc827281c4af937e42154bfca72331585b3584afa401e65979ced,88,2,2,101,88,88,88,115,115
42522,Kurtas,0a6f33cc94310283bab25be899738db0a4f5671f27bc81c9ec9c79d26b3c1a05,53,53,53,53,53,53,53,115,2
42528,Kurtas,024fa246921d2ddac4064dc409352008fbe7e9d615bcbe3df761670188ba8f19,53,53,53,53,53,54,53,115,121
42533,Kurtas,c4b7269057bb9f1cb2bb4afd6317bd02aca4e255fdc9ea523163655bcfe01d75,53,53,53,53,53,53,53,115,25
42539,Kurtas,2386a2b3e8d64c23081c1254505ea9b25fc7ad1e788dc9e26fd7d73f0f99e6cb,53,53,53,98,53,54,53,115,115
42541,Kurtas,308e98b3391a27d69fd8cbae58c109fb1641783aca2178c7adc2bee639243839,53,53,53,101,53,101,53,115,91
42558,Kurtas,e16601ac88c21ebefaab75a039757309b424d65a360b45c8aec14648b0eccb4f,53,53,53,53,53,53,53,115,114
42564,Tops,0cb2da6973f92fb8439b54d53c412102a08a6e71b3669b9f84007b74fe7cd0c6,108,108,108,98,108,108,108,115,115
42591,Dresses,98028640cd43d4da5083ceaa67ecebb3235d07dfa28f230a3a45d0172528d97b,25,25,25,25,25,25,25,115,96
42606,Pendant,5ee9c36a717fd4cabd1c1f3c43bb9730644a1691692d49affd5fb88a31c6bd95,74,9,9,69,74,121,74,115,12
42608,Pendant,28d990b945945f1b84eeac57bfc5646e04d3b96494f3f569203e69bb23ee8e8a,74,69,69,69,74,69,74,115,96
42611,Jewellery Set,a3114826c00b1146b8054a7480ff3228ca58a9e0d7371dccc39a4d622332faec,48,48,48,48,48,48,48,115,27
42616,Jewellery Set,9dca7f5dc4f255f3542a3dd19e1c84740a1b27ee9e02aa7a1fcabb5d52b7f749,48,48,48,48,48,48,48,115,19
42619,Jewellery Set,5cb90ac209cbab06faea75d80d1600b1817ce962529f4ee659f679effd86dd00,48,48,48,48,48,48,48,115,115
42620,Earrings,f2a4126d9c5ba36882a7953f2e51c8db533ee92e0a98b19462c3541d8ad65892,28,86,86,28,28,28,28,115,38
42623,Earrings,2b7fda9dd591757848be96e9564098e0d64ea05adb4c5aa22bce34900ee4e282,28,28,28,28,28,28,28,115,99
42634,Bracelet,fa44b7626643320a5735a1800fb8eef467ac92490c708f0785013a6aa2e4cec2,11,11,11,11,11,3,11,115,88
42635,Bracelet,e614151aa2d5c5a863e4a5ffaba1e482360e30d9e181aefcdf2909e2b7ceae08,11,11,11,11,11,11,11,115,53
42639,Bracelet,b95e2760f6d3d7f2afae11534f5f0d89b38a82dc9b50995bbc64565e53f8e039,11,11,11,11,11,11,11,115,43
42647,Kurtas,8376af2b6cc547a3a86e1d6a1b91c5b3fbc92d421e7f78450d9d5fde0f78dd80,53,53,53,116,53,53,53,115,53
42650,Kurtas,72e40b6645c22dbf8048fa5492edff439db2b73d2880e96335030dc1bc6799e1,53,53,53,53,53,116,53,115,2
42674,Kurtas,fc1a9f4261f8812271cd617e9f5ef24441a7f1251353689e3bfda21e56dbab75,53,53,53,53,53,53,53,115,2
42679,Kurtas,e52e9d50026b8d2ee9ef2f9210399d606375d44bd7f5f2dc1967d20c9f5c8aab,53,53,53,53,53,53,53,115,121
42693,Flats,b4f325b57daa1a237155613b4459ae25d17f37d9e72c895090c9f85b249e3426,30,30,30,44,30,30,30,115,45
42695,Flats,178e4b6d70c255a8028c40efa7a86e26964d1035ac4ec14e0e96bf9b23b8435c,30,30,30,41,41,41,41,115,53
42701,Flats,28e443c91a6c7c1abdc46f1d0a0658558b772a4fbea2a2e2c6ed57b009c874ac,30,41,41,30,41,30,41,115,2
42722,Flats,4eb7864e992c6233ad3a48101a97244bde55fb9e124053da31985a5c6b07ed91,30,30,30,30,30,30,30,115,115
42728,Flats,d12394928556e8ca6e26a73950dec9f79fd4fe27c9014b41d8e6f2ee107f9db3,30,41,41,30,30,30,31,115,53
42731,Flats,bb539b9e871dd2ecd4bb19a144bbeab0c280fe40418be69f27729dc1f73fc7ec,30,30,30,30,30,30,30,115,101
42777,Tshirts,237229a8c6f5adfd155d79857b9ccb85bf651ee42c6bc85ca3895ca99ec42a9c,115,115,115,115,115,115,115,115,14
42805,Briefs,64e0214d3ff6625da3ebe5f2c171e93c99cc696d58d21e8535fbbdeb9dce275f,12,12,12,98,12,119,12,115,53
42807,Briefs,dd2ed559e8bd3466ca4b288dfb0cdcfecf8c8c8dc158d9b7462f22a4884de10a,12,13,13,103,12,119,12,115,108
42810,Briefs,0c077d88c844ac8b30b4860c65cccd15f1646cbacc925682107af070b639382a,12,12,12,103,12,108,12,115,115
42811,Briefs,959b4267b6e9d2b61f5d95846c0678bec0f68fda495b5ea5e1c025186de3aacf,12,12,12,119,12,119,12,115,99
42819,Briefs,62e58945b0aca0602170e5f090f2654adee92b38782d960ff1ec63d591a62ec9,12,12,12,103,12,119,12,115,88
42822,Briefs,b02f2794051b334efea04456f3b8a64c5d3b2c472245703dc610d85fa4e12d2e,12,12,12,103,12,98,12,115,115
42832,Handbags,ef02e60ea32a2f5c211a0e1d82ba2c5884c280bd938c970d8d313c0fc15a2d87,38,38,38,26,38,26,38,115,2
42838,Handbags,d2c8705e1d6cebcbe3db31c6a9a3542d6feb37f3c2e08f262f80998ea3edf417,38,38,38,38,38,38,38,115,52
42840,Handbags,714a4ee57d62072531393fc6dfaa5e6a6104431e8f25909d2e353731347d2624,38,38,38,38,38,38,38,115,115
42851,Handbags,a1fed8c2de9dea2ed034dcf4505555dff74fb3194dbbc935825f907690882d9d,38,38,38,38,38,38,38,115,108
42857,Clutches,b6c1de86737809f54f14294831b60ffe45027272b9080a4dcea2ccf429528b06,19,19,19,19,19,118,19,115,96
42866,Clutches,90744dffed3500c1ab016cb3ecd1f57446f139fd8c2f97587cecf6617310462f,19,120,120,19,120,19,120,115,38
42880,Handbags,84a289876c2289c2f5077c0fdb6ad8c9f0ff832d3330eeefad573abe1816cd38,38,118,118,118,38,65,38,115,108
42892,Clutches,7fa4115a0394a900a80116e9a8648db13c3f81f47980d542189f736a896f9244,19,19,19,19,19,19,19,115,88
42896,Belts,c23075b82c7c8abbe8a2b2125910b8bb9db6cd8c884159d533e3dd7edc62cdc1,5,5,5,5,5,5,5,115,88
42899,Belts,03fe81c7eb28f8ada00b47742debb2d79f129b78ee0b747a089270d2edfc0805,5,5,5,5,5,5,5,115,91
42901,Belts,694fb65a5549a47bdb85aaeb5cc7a57e9e90d9de0e334889c519a48077a95b8e,5,5,5,5,5,5,5,115,16
42908,Belts,b00b3f993797ab4e64c41476505381a21166366e132f8ed9e7eaea746c7b8280,5,5,5,5,5,5,5,115,33
42913,Belts,f5cf4d69b387f972874a618c2ca3f9fe9c5ceaf728b0c98381a85d6cdd90917b,5,5,5,5,5,5,5,115,99
42918,Wallets,24315609b6a6d109784188b2f3afd76a92fe7cd4a100fe4988bf387355c65f12,120,19,19,65,19,65,38,115,16
42921,Wallets,ce31d856dede2f526a6404ed84c5002ddf1036906173867e68c5c713ea7ebc5f,120,120,120,120,120,120,120,115,121
42924,Wallets,5cc824ec0d2ae361d9c859c7042da3907b867efb837236969a157d49ed51e25b,120,55,55,120,120,55,38,115,31
42926,Wallets,5949b32fc7789c8db5f2aef235c63d0dc993d63e69338b77d7d29b916f0d8da1,120,120,120,120,120,19,120,115,38
42930,Wallets,9e252fe5b427f9cd9eee16af8faf7140aeef6e7329c1c7e983c72b164e919013,120,120,120,104,120,120,120,115,115
42933,Handbags,5447b3a33e8cfcd2666f03e562fcc232ee05f00f5612f8082471cfe19a16d664,38,55,55,111,38,111,38,115,121
42939,Belts,5e1f171dfadcd109812b6bc04d42a24983f33965ebd6d2c0a94e0cf37c87deba,5,5,5,5,5,5,5,115,16
42943,Belts,84fdd30bfd01418fcfa67b37d606f8568411a31f74bb5cb9ed30cc05374f7256,5,5,5,5,5,5,5,115,96
42951,Belts,81300af19f072c9660b09116675115e95e9d3613a1505065978a831a4e6162cd,5,5,5,5,5,5,5,115,31
42954,Belts,8da56533aac67b392f8494aecb9a1a6b576e309431cad0524b387ff929584a5d,5,5,5,5,5,5,5,115,99
42959,Belts,a24a73978dbebca95641fa80a311a03e91afd5ef1bbc38707db0797a0ebe9598,5,5,5,5,5,5,5,115,38
42960,Belts,19f1ba0d45fbb623f6537fc323ea89808e847b08e85fc9fc97f6e29054a2c598,5,5,5,5,5,5,5,115,84
42962,Belts,b14d2ed4c99d2a7caa507563580543f2752aa22f9ab12de86ccb448121c3c3d8,5,5,5,5,5,5,5,115,93
42975,Briefs,3a79947528a28795b18375d5ceaccd9e5e817185407d4ad228cad24ffde42cef,12,12,12,114,114,114,12,115,46
42980,Boxers,ed1af7db5a3d37c9f56be6c593b66d1ef5f90016d63796d8cb384197444d347d,9,9,9,9,9,9,9,115,91
42984,Sports Shoes,fa1380e87bda34082500766f94c19524a4662289bb5abd8f403505c29cf88ebe,96,96,96,96,96,96,96,115,96
42988,Sports Shoes,88c99fb0695550a1531e7b4c773b343c3d29a6356f6014d2bf5cf698896a7702,96,96,96,96,96,96,96,115,121
42993,Sports Shoes,64983286d6915519633edf3566c123e7e675d8713e9aab724726bcb3c4ef984a,96,96,96,16,96,96,96,115,84
42995,Sports Shoes,236c9eb66c86f6d8031d1573a42c4509ecf2e2d18ed181ce4a2a99ab02c1bcfb,96,16,16,96,16,16,96,115,85
43000,Sports Shoes,b2f1757c4f7e4175863d8c0232c90c728b1b4c19c4e38cd8946f80869fca6252,96,96,96,96,96,96,96,115,94
43007,Sandals,7347e62f4deff456b1e793989ee5fc9836623b296d0256d1a6e1808a63910a43,84,84,84,84,84,95,84,115,63
43020,Briefs,2d5636de0f75d8bccf1f4dd0e7d02e6765e3269cc3b549875a5f08c0ad64344f,12,12,12,12,12,12,12,115,121
43046,Tshirts,832ccae48d5c3512285b8b35524c350e0ac049bfcc4d020bafd0294810658682,115,115,115,115,115,115,115,115,53
43049,Tshirts,da70b79117384be1fed88bbcd5c36fac1b16b1f244910e22d3635bdae16ba80f,115,115,115,115,115,115,115,115,120
43054,Tshirts,c0323f6e764927698ad7ecf5cb3e2d485066784a930b10b464d61d599f9e3e1d,115,115,115,115,115,115,115,115,116
43056,Tshirts,b644bb36821db1b033254248db2387d2852e11d944321684d2cb2715e22fa640,115,115,115,115,115,115,115,115,5
43060,Tshirts,76545da8fa06d7991a04ce5405b8ef09ff9c68802f55e7db516bf9bc9e47f942,115,115,115,43,115,43,115,115,16
43064,Tshirts,8fd7a27e7deecb520ad7c63fe9fc4617f8ae7bdf199abed40e60e129e4b7aeca,115,115,115,115,115,115,115,115,2
43065,Tshirts,9f2368a029964881c032d73a4f45b4b2e28196bea4ca0e4a8d63e28f2a6f6fe0,115,115,115,115,115,111,115,115,12
43071,Caps,7df28e7094211a14bb92c71b167dd6ba5ead6e2f5446639d3423b533929dbad9,15,15,15,15,15,15,15,115,115
43072,Caps,19e370c4b06a9068a16c000f564ffe76f180a7ea13561c47e1b7637a388b3529,15,15,15,15,15,15,15,115,120
43079,Tops,2d07fa79a68c402354d16adcc2951b8c0fcc44da93e19c2273b75ef3ebc387ed,108,94,94,93,115,43,108,115,108
43080,Tops,2d51abeec902e46efb0e299a0c17b6e7c43ad7ab95554b684a74ce18ac9b28d4,108,108,108,108,108,93,108,115,3
43081,Track Pants,b81beeea9a11f9283ab34d3f238ee80ba44639916de3ee564b7d96dff6316904,109,109,109,109,109,109,109,115,101
43084,Tshirts,46b9fe362110e9d93d05773fb69d297a1a8e781e0e85b9bb14a999a235851a46,115,115,115,115,115,115,115,115,54
43085,Tshirts,10b5c0d8b219305779d379b44223da50618f106342cb16e9c950be701ab9b85b,115,115,115,115,115,115,115,115,2
43104,Deodorant,dd1a8f3129a74b3890bfb4af6e8a1dc2ae2ee11f096f3a4d3a17438a4ed9477c,24,24,24,24,24,24,24,115,43
43107,Perfume and Body Mist,d259101c2c0c923b0bdfd8d4434932b8e6c82a141af3d9e2622cfbbdaa9989ff,75,75,75,75,75,75,75,115,41
43137,Perfume and Body Mist,1cad9e9eb44c0767744878a6cf86b450c9df3aaffa1db40fcd6e087368b12b48,75,75,75,75,75,75,75,115,12
43147,Backpacks,0d507702a5fca1811a6a025e4be766b974c0afa17d9a61b75ceb71f4c6920289,2,2,2,2,2,2,2,115,115
43150,Watches,e273a2581babff11b1ef286aefd59de4102ff8bedea1e50054a13879a45bcc5d,121,121,121,121,121,121,121,115,108
43167,Watches,9e45f2acd80609f82f7513dff2a2f8cf725f5aaa7080aa4fa6c24206c4a1ab94,121,121,121,123,121,121,121,115,31
43170,Watches,c9177c3b82c0580cead287ee81e3375ae07635f5d432fe9606e7bb125789ce35,121,121,121,121,121,121,121,115,33
43171,Watches,7eecf8ae50ee90adbf9723dda6e070c39c1ae2c431c881281da0ed3bb804344e,121,121,121,121,121,121,121,115,85
43178,Watches,679210b84c4ff2cdda711700ec19bb18d9122ccf62cf837b5ba5bc8cb39d035a,121,121,121,121,121,121,121,115,16
43180,Watches,31f29509df0af1d52bd6f614f709bfa87ecc1e3cf884bf2b8b7888e9ecc8062b,121,121,121,121,121,121,121,115,115
43181,Watches,4dd6565d1d9defc038f32c67a6d24a3f567ae8d34106a07d429d49b3562a0e10,121,121,121,121,121,121,121,115,15
43182,Watches,f7f93fab8d2267c58a83f90516bdd0de94a755da23e566eb826855201279ea02,121,121,121,121,121,121,121,115,108
43191,Watches,92f7ab04f90eee8af91f3e45018789aba1ac2dda193290fe78d91b883329639b,121,121,121,52,121,121,121,115,96
43193,Watches,d3f5cf1cdf67384f6eb8141e3301094b7cfef59a587aea8fec7c7c95af3904c6,121,121,121,121,121,121,121,115,114
43194,Watches,4cccd9eb4a511d10c9d2875e112d7ec0a9dce38128e06d11b601bbdd14c7397a,121,121,121,121,121,121,121,115,14
43199,Watches,dc67e14f97233fbd250eb8549f25d6c32d403d8f960bff7ceb43cee3acd3e27c,121,121,121,121,121,121,121,115,115
43217,Watches,3baee89cab961ecfa20f3c504e96aab7040465cbf49dbea17bfe96653e96960a,121,121,121,121,121,121,121,115,115
43226,Shirts,7b527a0291f435fad02c8b7a27842e6db552502fa12c80d9c1f8a42fad61de4f,88,108,108,54,88,54,108,115,5
43237,Casual Shoes,96dab7fdffb631a7cef4f34f6acd6cccf99e30f4b03ce2c19a727a913bdd8d83,16,16,16,96,16,16,16,115,33
43254,Kurtas,bcf3c66a1f9b9f654f707c79106a2b0dca47e8c6833ef76eba56e961b3787c13,53,53,53,53,116,54,53,115,31
43255,Kurtas,fb386a5af292e1493519f8f5280c57a3034951436474ef81e7a02d5607580f9a,53,53,53,54,54,54,54,115,14
43263,Kurtas,9e8e5f4aa4605aa8d55c23babb9ac5ebe43dc3df2965fa4959cb6f94afd524f9,53,53,53,53,25,25,53,115,86
43265,Kurtas,94942ab3f5a60b94a35cfd762249801e14ddd7e6bba25fa79b8afd85d06f2841,53,25,25,53,53,54,53,115,16
43266,Kurtas,1a34753277ecae44c175b05e5cd902176a77f79fcc710c97a2219fe8caf76fa0,53,53,53,54,53,54,54,115,16
43301,Flip Flops,264886b4eed7d85a28807b5d614c99eec6ea9b4816b8701cc90ba65cd32d0f31,31,31,31,31,31,31,31,115,38
43303,Dresses,5c67b17a5d3e564a703b64e09be98fef8d32929543d99edeffc90aade7f2c90b,25,85,85,85,25,27,25,115,99
43305,Shirts,7c302696604f4aaca41689d36c3b8ca6bd079c2729ca03a9701c5a27705ee187,88,88,88,116,88,108,88,115,85
43308,Shirts,383e6dfa47f433e507575fb69b92e249c18f87454c518490e7c44523c69bc0fd,88,88,88,54,88,54,88,115,55
43311,Sweaters,f88c75fb63f89899e00e0e2adfe20a631d52e906d9ef206868c441732cda4eda,101,115,115,101,108,108,115,115,65
43318,Jeans,b6beb79f0ff2f82295c5ef85e4523463502f07f846028496aba8422104d68bd3,46,47,47,47,113,47,113,115,5
43322,Tops,a894c8d062632d6a42de65224af6ecde6f2972bc304b790de7ecbb8810ab99c6,108,25,25,116,108,116,108,115,0
43330,Tshirts,028d2ffd9c7ca9941e39660885417cf809d525bef3d94e8fbd3dc5529848400d,115,108,108,54,108,54,108,115,121
43331,Dresses,28060cf5e1ea9b79f7330d59548c72b592ef28f46af718012b7b61c622f22da3,25,115,115,103,108,72,71,115,28
43335,Sports Shoes,91d64ca85b9ca7b098d5710b08593eb6d30521068c3a6840f7579999ecad0edf,96,96,96,96,96,96,96,115,53
43349,Sports Shoes,d04a6014cdf49cfad270f64c4ed2be13b0988a655aac336b9e24bde345fea07c,96,96,96,96,96,96,96,115,115
43364,Flats,bbc2260dff524b99a2813709198eb6608c3afd03f2cc060b787e9bf293a7fd1f,30,30,30,16,16,16,16,115,113
43377,Sandals,bd11e11b233c17c3a894f2a2a644f3e746899a7115b351fdb1aee6be142299f1,84,84,84,95,84,95,84,115,96
43380,Casual Shoes,de01fdbb247a7f8411fbe43f423ff16ebc1586a1e90e77a0477a7174c67da217,16,96,96,96,16,96,96,115,84
43382,Flip Flops,231435bd4760cf7da9be577610593f2b7843b4bb322cd41529fec33a64770852,31,31,31,84,84,84,84,115,24
43386,Wallets,251353d16af115b77d57488ebc69d657834afa314d087a0f496ec92063a61da8,120,120,120,120,120,120,120,115,116
43391,Wallets,cadeb4437fa977dd57bc05da8b53e1972ddd96a745b30a9ea9c7568e6b1e066f,120,120,120,120,120,120,120,115,5
43392,Wallets,7ee31000e8f268040b44866f41e5b87363a2167937b46838c5035c03e0c9aadd,120,120,120,120,120,120,120,115,31
43393,Wallets,1a2de41a1a4f332d1fa174714a97e87cc0f89af092d2a1219cff37d0f26e0775,120,120,120,120,120,120,120,115,88
43394,Wallets,69076be570cf77b61749e12f473b20f7dd8ccc09aebf475cd74f0231a49a293b,120,120,120,120,120,120,120,115,115
43400,Socks,3d2f8fa4d3be4e62ccbf25d97e5fc532693de55d86c2f29faabe8b90e78de88a,94,94,94,94,94,94,94,115,5
43401,Socks,3d76c97f65adfc3577bfb39240c039d77f6999ff66418a92396c812828dab5c6,94,94,94,94,94,94,94,115,16
43404,Socks,06fc3973ff9f35e83f04aa3fc29c07f1dbbb4ea494aa3ecc7b8ac575df5e9241,94,94,94,94,94,94,94,115,53
43411,Flats,33b2a297561b7b39d154c259770c5b73bf483ca787b7d153b6d48673f3873474,30,30,30,30,30,30,30,115,88
43420,Jeans,94c37517d2e0663f26ee184f07f98b59d226e6a2b49d09706b34c45e41015e20,46,46,46,46,46,46,46,115,91
43422,Jeans,276feec98739db305a7d784b1cc4447836072e9b8bb8efe1594adc64cc249bd6,46,46,46,62,46,46,46,115,31
43463,Night suits,13ff70e7be68347de1866dad74a73ed963043570913799530cd7af8a780d29f9,71,71,71,71,71,71,71,115,115
43471,Night suits,41150d5fb1006ce056c627c80bac6c2e9ee07aed2a2084f94b8eea5f2107ac3d,71,71,71,49,71,49,71,115,99
43476,Casual Shoes,850ff7e0997a2d695d11176b2d4425a013e4f2cabd6bafafd533fa4817de0e48,16,95,95,84,16,96,16,115,88
43482,Shirts,0d106d0a5c753efee5ad425eb64ee32925ae10df9d2d00bc307c4f00a25131e4,88,88,88,88,88,88,88,115,2
43485,Shirts,582ceebd36705a9a01c654e79775f086ae38c64800d1c172a2ea1eff9ad81e3f,88,88,88,88,88,88,88,115,121
43494,Tshirts,dfee2e2520412a9ac2462a36df77cf00acf4d0249ad3f8082f13dfcec2f46a03,115,115,115,115,115,88,115,115,99
43497,Tshirts,3a1f5bb4555fda43f24fdc3dca6229c541e1c577490a0b98154debcf0ec2355a,115,115,115,115,115,88,115,115,94
43501,Tshirts,9264de8d0ddf3e5c755c8538d3fa13858c47f9f5c4631630412876913e8fc41f,115,115,115,88,115,88,115,115,120
43504,Tshirts,21e69fe52275528a5321e0e10add045f7f393a01aba4393de48e5bc464257f2a,115,115,115,115,115,115,115,115,25
43506,Tshirts,efc52649125cf4eef7ded8f3e660d4292ebab1b8cb491bcb6767d41173ce9c9b,115,115,115,115,115,115,115,115,115
43508,Dresses,c6fa2f851ddaa0b0f0a353e878d6272a4bd7a524ea3d517622f7770581ec124f,25,71,71,71,49,71,49,115,96
43512,Dresses,2cc9a319164a71be86ef48b44fcdf866a472e389d1609a804e805c2dcaffd803,25,72,72,98,25,25,25,115,115
43521,Trousers,6dfc2bd78e98bfdc09a1df3ed05c7dcc9319bdbca5ff5a88ddcd82123df992fd,113,56,56,47,113,47,113,115,16
43525,Leggings,fce268f1f3b5a15f02f33ee4656f6d31cab5c1751b2ae67d7fe3f2806d558c19,56,56,56,107,14,14,56,115,14
43531,Tops,6478a993f6ee2de709870b4f62d25a3e3a710981e9771333bc9bdccd9a149e8f,108,115,115,108,108,108,115,115,96
43552,Caps,8f744fa1a2984558be74ededf442f8bee6f0976b625b800cf23b89fa3e6069b4,15,15,15,15,15,15,15,115,84
43553,Caps,db109d2c241cdf4ee8f7225a67ff1c5aeec73f7512e4fb63da03de7ffbc8d6d6,15,15,15,15,15,15,15,115,120
43559,Socks,aad9f197260c5e78ed5dd30cb0154721668c71c40b7801481618d3ed7a9a07d1,94,94,94,94,94,94,94,115,2
43571,Handbags,b06ba22fbcb257c8dc994b5b453d68d5a04dc3e2ba855cb8b057fabe2965678a,38,38,38,38,38,38,38,115,16
43598,Tshirts,6251320748163d4cce413896d06ef3f9ba56a28b9bf60e7d17f01aac5bbdca9f,115,115,115,115,115,115,115,115,88
43614,Tunics,88eeee55d37ab4d73fcbbdf50192576ad57369114c3a778952fa8e68d394975c,116,116,116,116,116,116,108,115,30
43616,Tunics,c0fdb3a13acee0053489281c9e1c02f47ed84c1275df911c3ee726bee4e4b224,116,109,109,98,116,54,108,115,48
43625,Dresses,915b3c1fb9fef1930706b11c866bbacfacfc6a955683b798d0d9b7be06220087,25,116,116,54,25,25,25,115,115
43634,Dresses,b43314d9c8ed35d26fec66e109d91f8828c09d28c7aca0bbddbf6b017783bdbe,25,116,116,1,116,1,116,115,99
43649,Tunics,6be3a7df7d40a2af90080878120605df6d778090d15af59df9b1cb12fa40db3b,116,108,108,116,88,88,88,115,15
43654,Tops,0ff5396f1ebfad04394f3eab2485ff8dc084fbdbca15f7e3ab079e9d2640a1b3,108,116,116,116,108,116,108,115,115
43655,Jumpsuit,6ca88c3fd1d1a6883037a9238928d57074dac73ddb05f765c5ec741b4df4b263,49,116,116,116,25,116,25,115,108
43657,Shorts,8377d78bd266040deb010ba3c708932358b898dd0d93d1bcc3829a247e7681f7,91,62,62,107,91,107,91,115,120
43677,Dresses,e44fa99a609a7a895b3c78cef03db3583367ae5ee7173a3ec9d1275b08842de6,25,72,72,25,72,86,25,115,28
43679,Jumpsuit,ba8fc6b8299688422dad3793b48d09bb7c040017771a7db492eac1229acd4308,49,25,25,49,116,116,116,115,115
43707,Jewellery Set,aee579270933d6e4e0fcbbef76bda0ee6dccc2c7ab03ef6c569b747d5f80c3d6,48,48,48,48,48,48,48,115,116
43714,Bangle,0573cbe1b6d1b84c5d0106854e8fd3bde3651cc7f596faf84aa2320dd145256e,3,11,11,3,3,3,3,115,121
43724,Bangle,166141c56aa7a15a590390d8d7b439dc711b49ea0fcd2bd9e8e44cc0657172d3,3,3,3,3,3,3,3,115,84
43727,Bangle,ca3854a8e7730419b55859392eed8aa13ef9526306e5c83df6e9cd0a79407c70,3,3,3,3,3,3,3,115,38
43731,Bracelet,39d500e39fd8da2cf966015d7bef87959abcbc225472757dd29e414a6dc3f953,11,3,3,3,3,3,3,115,88
43757,Bangle,bf4dc084230f16126b1fc172a6cc192db8a8f3ba27b43a96f7c52602dc0627be,3,3,3,3,3,3,3,115,53
43763,Earrings,2154fa008ac83ec2a50d50399bed927d446cd52510d04cf75f5c38d9e969a810,28,28,28,28,28,28,28,115,38
43787,Earrings,4495c1237349622fb8f8403a1c281193de2bad41415dc1b354368b3e1f6acb27,28,28,28,28,28,28,28,115,121
43788,Earrings,22265517205b0550074ad2d8743ac7a3be4e9fdd78d3e60077bc01769d89ff05,28,28,28,28,28,28,28,115,115
43790,Earrings,f4dbed385f0aa1d6e448882dc3797f5677460daf1ada207a42ddac5bcc8c683c,28,28,28,28,28,28,28,115,96
43806,Earrings,b08b536477e18c3e5ad71940d95ba06c2a65aba7b727f63bce91f0d0817e382a,28,28,28,28,28,28,28,115,84
43818,Earrings,c5d4a643fbba6726754654d0be2ac3b3b4371f544fa7aaecd4e70f949c9e3403,28,28,28,28,28,28,28,115,96
43826,Earrings,445639fd240879606cf947759c34a6c2c4165b637a84d896a0b36e802788214f,28,28,28,28,28,28,28,115,38
43828,Earrings,37377f4b6e0a4828969961f7efa363f50b8e2e26131ca1eb8f1dfd1451666a77,28,28,28,28,28,86,28,115,115
43831,Earrings,1241067b39cbbf8fa189678d5d2395c056df5dcfabdd4f9494e516f5d40f0b48,28,28,28,28,28,28,28,115,107
43837,Earrings,ad32d8b66c57bf9fa7eb0d619c696942958ce707e91ca860d709c337189ca02f,28,28,28,28,28,28,28,115,5
43841,Earrings,fbead0139bd96543281683d82780694c3932b3c05dc0c5b51c0961c78c3f6b47,28,28,28,28,28,28,28,115,121
43846,Earrings,b57918945131a2a142bbf37c223cdefdbdb3d942fe479854c13f85698fca0ac7,28,28,28,28,28,28,28,115,121
43850,Earrings,58e2c7c6d0053fde17d5c89e68f5cda784480d7053f7d6c1bd05615c9c55d1a5,28,28,28,28,28,28,28,115,115
43855,Earrings,3f97bcfc0bd7f7176c4d09aeec46ea171cbc03b984a9862127d87fff650dc769,28,28,28,28,28,28,28,115,115
43860,Earrings,9975d02c08df94f04d2a9a2030b98b9ead46111d271e04b24b498805b8e69b00,28,28,28,28,28,28,28,115,31
43877,Casual Shoes,fd4c71dd264c35ada6c24761d27d4b5e0763773fd40aa42382141ed9f4ccc4de,16,31,31,96,96,96,96,115,38
43880,Casual Shoes,8e3d574769674ffc023351630647b3722ea4f45d5ae982c17b26337a4c95d62d,16,16,16,96,16,96,16,115,53
43881,Casual Shoes,2771d6e9bf46db571ad8384aa9f5b8686924f80b601440292fc2040229513e25,16,16,16,96,16,16,16,115,115
43893,Casual Shoes,3385e3ce666563606563bfddb150a5b5abe1b9a714f045d19d5174bed7da405c,16,16,16,96,16,96,16,115,25
43908,Kurtas,55a686ec28190d8bf78055a52dd50f1370115ee1fea6a43eea14d474ad34b337,53,53,53,53,53,116,53,115,121
43909,Kurtas,a2677ea48031b837c1ccd9c38af22231cc92b96016b49fa1c800e3c78853886b,53,53,53,116,53,116,53,115,113
43922,Tops,315c9dff682328ee06f004c9703501693b601c78129140809dcbcfd88cb3e9fd,108,115,115,101,108,116,108,115,91
43931,Heels,8eb8e3170d7016a0a817002225f440cc9968274aa0e8f7938b6a22ba2a017a82,41,41,41,96,16,96,41,115,113
43943,Heels,0f88056c729b99bac9184b5fb630a6a9b4c85acddde22d507107dd56f55760a4,41,86,86,41,41,41,41,115,25
43945,Heels,d1114e3052f4d2a56bbbd3f9766ec507b6448dbf4dd4701e2b13425344f2f90b,41,41,41,41,41,41,41,115,27
43946,Heels,b1866fdcced6e7683eafca131ccc46b0a3dac18d5b9bca433d686eaf62d3cba7,41,41,41,41,41,41,41,115,102
43951,Heels,afd784aee99fc8525e8a86893ee656886d8a3958f518d7f92585f2ed714d37b4,41,41,41,41,41,41,41,115,96
43952,Heels,acd771d42adb0d85fa5e0455d86575bd031b7e38c173e92e5219362ca6e27b64,41,41,41,95,31,31,41,115,94
43956,Sports Sandals,4258df97d6039bd98fc192793cad35db46296480055fa706381484677123cee9,95,95,95,95,84,95,95,115,33
43958,Sandals,cae2e0e6c14c275ab58b362dce9f9060d1a5a9d72c8fdab3d7b83e140c670159,84,84,84,95,84,95,84,115,98
43962,Perfume and Body Mist,bf31080b860f914d75f097658534c3cdaf7059aad104173b2a45e6264694fdd7,75,75,75,75,75,75,75,115,115
43967,Perfume and Body Mist,87d3ef2202faa2f4de8687f6f52d117796e78c62cb3762e9b55fac9f28a36955,75,75,75,118,75,118,75,115,115
43968,Perfume and Body Mist,37e2fa9d5f07e77708d05de7e6475b5115370500d9fa41c64332d32d21fcee0f,75,75,75,15,75,118,75,115,121
43971,Perfume and Body Mist,fb4aa5ec6cddd00ecaaab196666f679fb114f99baf34aca44aa761dcc74a6586,75,75,75,75,75,75,75,115,121
43979,Perfume and Body Mist,fe40e150b52f803868b2ee8caecb22b99b3122cd2cc9995f6288e618d74a2e9b,75,75,75,75,75,75,75,115,115
43980,Perfume and Body Mist,0c69a09475f4082e6047ddce23fef1da8b71a3d0191236f6200778a2de3c7721,75,75,75,75,75,75,75,115,115
43986,Perfume and Body Mist,00519862a5f71675a29c581d9206a0921f1267ba5e5fff5ed94ead0c0f748614,75,75,75,89,75,89,75,115,96
43988,Perfume and Body Mist,5891b4dfcdea9f5088cefe417cf04e3526bf6b8db409354c687f1e518b698f30,75,75,75,75,75,75,75,115,115
43991,Perfume and Body Mist,8d63b1b284c3bc74f26d82ad0b2fac0cbda25e1ac76b538023d481249658d620,75,75,75,24,75,24,24,115,121
43996,Perfume and Body Mist,6ef2b7b86349264d3dc4951948a0159bfab0b49ebdc6a098726c58681c711377,75,35,35,35,35,35,75,115,115
44001,Perfume and Body Mist,590995eb66b61b8a6c2dc4aa80900c8f8f82ed666114e9665128845ce202d077,75,75,75,75,75,75,75,115,84
44006,Perfume and Body Mist,b4ecaf98fd11cbb92b6fa89f26d7c1b23731c0251469148eb790c38a35024b66,75,75,75,51,75,51,75,115,96
44008,Perfume and Body Mist,9f5e3c6e6e30fc7d70a488600d107ede1b4ae54a5db6555a73ef254236258100,75,75,75,75,35,75,75,115,31
44022,Perfume and Body Mist,38a4abbed92f67caa6385bac7648b3e685bd66ca8f8ea4f651084f1160a01039,75,75,75,75,75,75,75,115,38
44023,Perfume and Body Mist,8d11a20f8bc762cbb4c1d4f3a7afe0169e4fa8b60dde8184a84a4e2bec7b78f1,75,35,35,35,35,35,75,115,121
44044,Perfume and Body Mist,e2c9f430a1077b0ef5509083658e8731ca1eaecf39eee5eb5b1c9c6815563399,75,75,75,75,75,75,75,115,121
44056,Perfume and Body Mist,896dbd0b2e38246c4774f43049ced66fc91233a0c579cb5aeea1976afded70e5,75,75,75,75,75,75,75,115,19
44065,Perfume and Body Mist,de255c89027d779247a7e0c6e522f24b8839e17f0333554739dafecb285a430e,75,75,75,35,75,35,75,115,115
44068,Deodorant,15465e26b2689f7eb881793a5daec2e9e7b5b18cd6063fe2ac3a22b70be15b4f,24,24,24,24,24,75,24,115,12
44073,Perfume and Body Mist,4c7c7e49b3ee524cc337bfe86e1453226c81960785f0683b1448049717c8e1f9,75,75,75,75,75,75,75,115,115
44074,Deodorant,82614470bbc321f509a98d7a7050ccdf1511232707b4e8ac84c299c6b52daed4,24,24,24,24,24,24,75,115,5
44083,Perfume and Body Mist,aea698c1a704b199e9f04468330dce03f6d4a12ed641ee81940b5c42a79c9f90,75,75,75,75,75,75,75,115,33
44100,Perfume and Body Mist,af59e5b6371e7b713dcdc25e52b10e8124157468acb159b3f717586aefe63e4b,75,75,75,75,75,75,75,115,115
44107,Fragrance Gift Set,0d0bebc6201a09593eef1334bc5f6eb8819b7672894aec07603608ed36a921d6,35,35,35,35,35,35,35,115,2
44114,Fragrance Gift Set,28d0095c9999a1fb0eb2c682cfc9ad18408161afa427eb3f467bea2cbf896f5c,35,75,75,35,35,35,35,115,83
44132,Perfume and Body Mist,4ee4d8125fe5cb95d27d6bf967efb1a4cdf449a6514ffccbbf786ef31cba2852,75,75,75,75,75,75,75,115,115
44134,Perfume and Body Mist,e720dcc7ca0a7e89f58a70db032d9fa6ba9407162b73bb738fbe983b43c755ac,75,24,24,75,24,24,75,115,108
44136,Perfume and Body Mist,055cdb648eb43190139f2ee03b28b87726d4aa6aecb8a741d4a3b7a575ded0ae,75,75,75,75,75,75,75,115,115
44147,Deodorant,e61daaabe44417ab1edba60e993171b07e1e09cc416b605dbf2f8b29d588c572,24,24,24,24,24,24,24,115,115
44150,Deodorant,4a5eefa358b350308a492f05a90014037a5c5220c699b1c7782c74c0b8858db3,24,24,24,24,24,24,24,115,108
44153,Fragrance Gift Set,7e3d3e4b2810c373dbbbcaa91731621fc4e9ae8eb96d77797a055b154a16b1d0,35,35,35,35,35,35,35,115,115
44155,Fragrance Gift Set,f5d38143b9b696d1fe4a3f8adbb553431cd0e90c8d81c545f59c8d0bead11ffe,35,35,35,35,35,65,35,115,94
44159,Fragrance Gift Set,885f2c816ad596bf62869aeb9fcb92431f91941cb362e16dafb31bfe809edc0c,35,35,35,35,24,35,35,115,88
44163,Deodorant,26367ede609abc617debde9960a6481bcc687d93903a063235608e2c2a539fa4,24,75,75,24,24,24,24,115,38
44173,Perfume and Body Mist,f5a64599963619c2b84f0132aad74c6ab64d9c17e47d780b5fb7d3a1e3f47b5e,75,75,75,75,75,75,75,115,115
44177,Deodorant,8284d87298805ebc3a5963993ac040496c36e67cc66e3571f4df498acad7c680,24,24,24,24,24,24,24,115,16
44180,Perfume and Body Mist,113583c46f906d71175e3a560f9b40d80fd3b68e362c5feff56616987a62631c,75,75,75,24,75,24,75,115,121
44185,Perfume and Body Mist,145fb67f36379325ad584910645ac95a84a47e5418c883d0c51c8af866f3318b,75,75,75,24,75,24,75,115,38
44196,Flip Flops,6e3452d3dbb940b43387a2d2181832cc4a9a6befca43b092c98fe15a97c76078,31,31,31,30,31,31,31,115,108
44200,Flip Flops,15a9056721a07515a8b8e2e01c860b2fcdf3c8112ff942ec261089828cfcbe52,31,31,31,31,31,31,31,115,75
44201,Flip Flops,61d52b436560e92e59d21c793149377c7162645ae1e516293ae35b82e13a2a42,31,31,31,31,31,30,31,115,91
44202,Flip Flops,799b77cd31fd2c03adb6ec3c3e3dcda703324ba8fcc03bc607d03919bc4ea5be,31,31,31,31,31,31,31,115,115
44214,Flip Flops,a3a2e8de048fec81546370b2f93f734bce239e88ece02898fb4ea1555ced81cc,31,31,31,31,31,31,31,115,43
44216,Flip Flops,6f750831fc74f4f8494b23b64f8c110504e3d9fdfb6c1b133a323ea20d0694b1,31,31,31,31,31,31,31,115,12
44220,Tshirts,cb8c1e8f729bc5c247ec3539b6dbf286bb9f8eb9454f7634d3e7112d39bec2ad,115,115,115,115,115,115,115,115,101
44233,Casual Shoes,57d1ac16ab3dd4fa7a22332168217e744d859e5bf089730b77808be2bb9c3325,16,16,16,96,16,96,16,115,88
44234,Sports Shoes,8cabc1ef21ee607ea6755c97b905d36528c1ada6d74bd7873a35a800b8968437,96,96,96,95,96,95,96,115,96
44268,Wallets,9d0ec50c890f98b02ad9b05ce4a205c620662ada21aa02881642dab21f9e281f,120,120,120,120,120,120,120,115,48
44287,Tshirts,044fc35cac41ae5067dec402f711f8b1753c6ad251729f9ed27525b27c476547,115,115,115,101,115,115,115,115,16
44289,Trousers,902c5ab597468c499cb0ab0703d75367b71d5e629a0ec0d3c47af4e7988e44a0,113,113,113,113,113,113,113,115,16
44315,Trousers,2c20f42dbd833ec469798282aaf3c9027d7a2d3463760ee6032f32da445c1e38,113,113,113,113,113,62,113,115,41
44338,Tshirts,e5d139f4c382a8d63fb814a6221938576edd80d855f03279c1972c5a28f45913,115,115,115,115,115,115,115,115,96
44342,Tshirts,110565b7a419c79ea6690aedc0e44ca7efca24068c93bfc4223511fd34d76e21,115,115,115,115,115,115,115,115,53
44371,Tshirts,be90d5716cf044bff077043118bdac3190eaaf4604054e5c5cf789ea074bfe3c,115,115,115,101,115,88,115,115,121
44376,Waistcoat,c0fbecba12384c35f235a143a3b304f30e55169b95ee60f7e4dbe2d619e623f7,119,119,119,101,119,108,115,115,12
44381,Perfume and Body Mist,bf62f4bf51838bb60fc8c33d140f6ab085d812e6d29369f63c52cdfcd3cb8c9f,75,75,75,75,75,75,75,115,38
44382,Deodorant,3d79b4c7c1f7ef23d124491574b27946918a907cad0cb9713c36fba01a0e07f8,24,24,24,24,24,24,24,115,45
44384,Deodorant,dba16ec580d79ba3a3001c9da724ad984f4a390b576fc67e6a999381bc61c2d5,24,24,24,24,24,24,24,115,94
44385,Deodorant,332354092aa7cb2f2e5a30bd7d78bac29b8052417e9ccf1d1ab0502ca87aeab5,24,24,24,75,24,24,24,115,121
44387,Deodorant,c829e22cc0d79f04446ff1c211cab8a89e4520a6a4370d1c7f5fbb96a8c21fe9,24,24,24,24,24,24,24,115,38
44389,Deodorant,05a9d94549a2ec74421e68d4a16c47d21b1bfee2f91fe0e18a1fff51e1c976a3,24,24,24,24,24,24,24,115,121
44402,Sports Shoes,cdaaf4b221c1610b3cf72082c9c201cb5c9bab9b07e0f9a6b0fb4b1bdc2338b1,96,96,96,96,96,96,16,115,99
44403,Sports Shoes,b445bf53b39a2a87f13585cebb2641f6a18fefed2da921c2b3b5cc3d66d58f63,96,16,16,16,16,33,16,115,88
44406,Sports Shoes,19af8aa75e1de45b99564e17fbd08f836c1e145cdb6a95f849c5681fcb7d5d36,96,96,96,16,16,16,16,115,16
44420,Casual Shoes,b159fb30e6a9f4fcfcf46f8d3ce104b31b1f1a04860e51312f823f50a8dbfe2e,16,16,16,96,16,16,16,115,121
44424,Casual Shoes,e1328bccdad66b31d321af1a87244d283c5ee62c4cd88c99f93c0bc85339e1ed,16,96,96,96,96,96,96,115,115
44443,Sandals,a6b4b2f9a1b17e36c171bfffc79d5efdfd830ffc5429772e2b83c8083b195be7,84,84,84,95,84,95,84,115,96
44445,Flip Flops,0d5672460a0eb0f26a0f0e92c54b156c41e23017c45ea18d14d1ea9212e69c00,31,31,31,31,31,31,31,115,41
44454,Heels,4bda0c0eaa6e0b04d58b5e58930449d31b5cdb3b0baa78d4901ffa1a7805f62b,41,41,41,95,30,30,30,115,108
44462,Flats,739f7965ed0af8d35cd755bf059aee0ed3871aefce6db6f4b49ef2dccd3a59db,30,41,41,41,41,41,41,115,75
44463,Flats,6a846eaa0eb07314d2d08ac0f00bc05bbfbe8533ebbe8b870921956df8a16e29,30,41,41,41,41,95,41,115,24
44464,Heels,c0f529a7d50baa30587650109e1950d95f33629670e171f9dc892b19f508d351,41,84,84,95,41,95,41,115,41
44470,Flats,f181dc8e230a4946dc47da942febe7573465f6a1c30ae6a671e93c774aaf4e14,30,30,30,31,30,31,30,115,30
44500,Casual Shoes,e80f1ecb98417e7239b4fcbf1e5d8fbbca2677bfdd9c5e91a35488ffa4d855d1,16,96,96,96,96,96,96,115,41
44512,Sandals,ee98aaa30abae351479ae5fbec3b4d21290296daf6f67e4aec31f81f7b2a67ab,84,84,84,84,84,84,84,115,115
44517,Flip Flops,700cb9a7ec7ebf3ec33ce75e3de2d8bf55f0df5eda94f80704bd130a81c3cfc6,31,31,31,84,31,84,31,115,94
44518,Sandals,9938ef67f33a90dc165f786562eacb118c8caeb09aab550923461eee9d190270,84,84,84,84,84,84,84,115,53
44532,Sandals,525b1f8c3ceca732089471e31e0fc84039494181c252a8880054865dfb2c9b24,84,84,84,95,84,84,84,115,105
44534,Sandals,42c14e5ed0373288e407e3291c312ef7c1d6c6bbbba82fc1670b16a7650e2467,84,84,84,96,41,96,16,115,31
44546,Sandals,dd5bd2373c0fa5a0be1cda25caa3a18fb1eadc8620a2bc288c13c40a71eeaeb2,84,84,84,95,84,84,84,115,88
44559,Sandals,4ecce99b37e10566ce9ec2b90f4a544889eda6a4018f5ecba2e9291e9768667b,84,84,84,84,84,84,84,115,121
44561,Sandals,8d0381492c71d7f139d9d557c19681d66b6395c2968609f3ba58382257642954,84,84,84,84,84,84,84,115,84
44568,Sandals,fd4a3725a1488504f662231c9c00d7ebbac0127b1309cc711d0539ef4171d70c,84,84,84,96,84,84,84,115,12
44573,Sandals,5a4648cebdf8be4b65f19edb7cc8b89805b299a7ebc20d73c00f69cc9470670f,84,84,84,84,84,84,84,115,96
44589,Belts,b8682c8be9a3c87151429f2cf78713d38dc04ab13c148707aa133040b159b572,5,5,5,5,5,5,5,115,16
44618,Flip Flops,7e785cc0dfeccd5641c67e556b25830874c18f8ad4c9b9e9b99221d6402b4926,31,31,31,31,31,31,31,115,88
44630,Track Pants,5ae79685aca91ed77fdb228026d1292794501cb48844228528e342ef465b66af,109,113,113,46,109,62,113,115,99
44633,Tshirts,ecb1d4d45b7177e41c37daa6bbe2ca8100d285c3c6f9fa36a5fc291355c75cc7,115,108,108,115,115,108,108,115,16
44649,Tops,37e66e45075ca9a36c83b80cea9916f812bc515d85877e2ada9f2c89675ee7a6,108,108,108,88,108,88,108,115,115
44655,Shirts,fb8eef2e4b9b33f97986a45f48434b52d33f3616dc5346738c627fe7c789b1c6,88,108,108,101,116,101,102,115,119
44659,Casual Shoes,2678c77da42d0ed9e757318b23e78d6fb0d6308b8fd5997b2603cc2e0c204698,16,16,16,96,16,16,16,115,115
44669,Shirts,955185915ff780dc7d5cb9bf2e82a7eb452731037d976f27d3a29e21099a4efb,88,116,116,54,88,45,88,115,14
44694,Dresses,9bf1df16856322f680e4478bea6e5a7447c6a8b07523102ef4bc67e845cd7b52,25,53,53,49,108,108,108,115,0
44695,Tunics,b4ab8f039dbb570a96b2ba704c770afd5cfd44e40ebbeef7940488123b515fe3,116,115,115,49,25,49,49,115,115
44698,Tops,09d04efc34aaf0b0ebfdf182c5eb03a48061ae9867ab2695321f86a01f1c85a6,108,108,108,116,108,116,54,115,113
44706,Tops,7bad97409826168ea4615d399af98c63ffd082f68762700a317ad0e243fc1710,108,88,88,92,98,92,86,115,99
44708,Shirts,ab2e11d705496a86e2e7d041aa6e1e748f0b41d94fed851a7690efbf2a9606f5,88,88,88,101,88,88,88,115,105
44720,Flip Flops,914e767108ec0d2959d794918c4f43aa20dc7d8fe7259e8b3bc1166e7c57025d,31,31,31,31,31,31,31,115,108
44721,Flip Flops,a0553000dcfebf7ceb3564b90903e36b5ff571c652a834c23f19a243fd65c642,31,31,31,31,31,31,31,115,53
44722,Flip Flops,4682a1330c399d95f113750525bb729efcba274332f94b5faf517fbf0e97e342,31,30,30,31,31,31,31,115,94
44726,Flip Flops,184afc5c0ec6fa4082462c8e014d0412236fccc187adfbb312941e8e929640a8,31,31,31,31,31,44,31,115,120
44728,Flip Flops,966eabc8133e50cc9609055d394457d7728fabc753b0582d7d4bad10c11d417a,31,41,41,84,84,30,84,115,99
44730,Flip Flops,de25958d8740342d6bc0574f6fd6964620b09313ffecfb8e8ab2b3f0c2dcdee7,31,31,31,31,31,31,31,115,115
44743,Casual Shoes,34c91bc37daed082d7e55fcc6ef8e0255236f4d47fea61dbf793c26dee488afa,16,16,16,96,16,96,96,115,113
44745,Casual Shoes,67ac5f47c56a6ff686b3ad175ed5c71bb875c27be61051dcb97d30af1369e304,16,96,96,96,96,96,96,115,115
44750,Casual Shoes,dfcb4b314a830ce4e25768d74fce7e4374317810e96963c942779bd921adcbf4,16,16,16,96,96,96,96,115,115
44755,Sports Shoes,0c7671f43c588cb4c003cb4c0b9151c5c80197d4f9d23b0330990d84b54da8a6,96,16,16,96,96,96,96,115,45
44758,Casual Shoes,572482c92b92699d00c05c86155946d9fd99d10617ba21e50eaed53e45f855fb,16,16,16,96,16,96,16,115,84
44760,Casual Shoes,26c7bca8de32b45507f777120ad283b0934382dd92f1bce02238de98bd782a56,16,96,96,96,96,96,96,115,108
44763,Casual Shoes,69b575888642c03984a31796d585b75548b549baf579e5e1a5742a4bd991db61,16,96,96,96,96,96,96,115,86
44765,Casual Shoes,d2e1373469414a7466c0a33fb79506dddc6cc8a7679df5b3701eec01065b3511,16,96,96,96,96,96,96,115,109
44768,Casual Shoes,e50165607ec71e92ff653934dde8ffa90a38331dd099f2cf7d3921fae8597b80,16,16,16,96,16,96,16,115,88
44775,Casual Shoes,55b36404683c85bbd69da07ae7fed797077fee5d7ea5a8730125f1aadd291524,16,16,16,96,96,96,16,115,96
44776,Casual Shoes,a06b4b0e7fbc70e0ca8a5b04b45ed4981eca8bc1d7f5f17d5e2ae490560af8bd,16,16,16,16,96,16,96,115,121
44804,Tops,0e570b0ce61cbd7c42664ad231a57e2e6541348c875fb04c105dc4bb44c2d6d7,108,108,108,103,108,103,108,115,31
44807,Tops,2052eeb4a822a3cd132113ba9b1366bea6e91bbaa5464b4fa9134dafea30d31a,108,108,108,108,108,108,108,115,115
44812,Tshirts,622ecaf6eb583c9c9e9e58ba5bb42aef294cde15046210519b7dbaa2bd90594e,115,25,25,98,98,98,108,115,16
44833,Tshirts,db4cf57bb0e497a5f54ce384a8aed545d4e6414504a4f676954f967f26e70ae8,115,115,115,115,115,115,115,115,91
44844,Tshirts,ba8bd9103b04e1878bbdbbbd471f1438eae409340f13bc2297ce1eedaa115f79,115,115,115,115,115,115,115,115,108
44846,Tshirts,637c092339d425da8ac56da09ca265522166db8c20ecf37bdbc81273dcfe761c,115,115,115,115,115,115,115,115,2
44866,Tshirts,568b76d9ac7990f2fd564d7410ad4f8c18e0a1adef79e2a277a28daf411208ba,115,115,115,115,115,115,115,115,115
44867,Tshirts,4723f27fcd6450f0aa5e2ea2b1ddd47b4532e7aaaff5f9ba2f38d783279e66a6,115,43,43,115,115,43,115,115,96
44868,Tshirts,ed266dbb5ec12f14be206606a442943957c65f6276f09253cf636c2585174728,115,43,43,115,43,43,115,115,115
44875,Tshirts,c0416f68da4fd683ae10fae2997012e276dec987c71e957416bae674fc661ce3,115,115,115,88,115,88,115,115,28
44880,Tshirts,6404a9e3e3e148fd864316d15d1fda5abe9f722074247e0b009311b923a51c3a,115,115,115,115,115,115,115,115,31
44882,Track Pants,eb7fedf472ea835de31ac877d75c11eed8b86cc862c1b0bf059887f59b8ed448,109,109,109,62,109,62,109,115,56
44883,Tshirts,5876ca697b5daf2c00f944c4e8fe1b2618798a8051d5bb00d28052d2c7055a53,115,115,115,101,115,101,115,115,16
44886,Tshirts,1ab9348e49e3c81cfdc2f74d5809ba715a3a5f15ca30c6a6abac6f00ebce5258,115,115,115,115,115,43,115,115,68
44893,Tshirts,4cb271435989193a6a14bcea96e1a7d19894c2ef3cc25b110decccd5b4ecea96,115,115,115,115,115,115,115,115,38
44901,Tshirts,524e51bb1ad0f478fd5512e53651498f7781df295da908c3c1d4e70d2b7116b4,115,115,115,115,115,43,115,115,46
44916,Lounge Pants,05c6835bf133e30af40c35e31dd911f469878a11858ed22bad3f3e65fefebd4f,62,14,14,63,109,63,91,115,105
44921,Shorts,3a70a92cc854b678a75a1849853d1b4004869be55113dcba95448398b6285729,91,91,91,63,93,93,91,115,113
44924,Jeans,2b8927d391f0fe4b7fd944959eb2714d92d7e6c1c565765391a1bfae608f01ab,46,46,46,46,46,46,46,115,115
44926,Shirts,7080a2a8c06e77367a93162ba8e7def7ec253268fd184b70ab6e18345ea6efd3,88,88,88,115,88,115,115,115,2
44928,Shirts,d9380cbb777ee688e5169b8e1565087c1d0e72b19814fd1c1122d6a9aa1976b1,88,88,88,45,88,88,88,115,93
44932,Jeans,b12c64328262d773acf3dee636b39e6d5837ad5476f6b91070b9f096ecc8308e,46,46,46,46,46,46,46,115,115
44933,Sandals,9958fbef69efc4fc278aed52d2489294c8fe869635bb0d003d2d7f582c52987b,84,31,31,31,84,31,84,115,108
44942,Sandals,13bcee30546f1e974a8df0c54c22062957aa0c58a6c5ee86c0d69cf378ac6729,84,84,84,84,84,30,84,115,69
44953,Deodorant,005db9e6b2ae4dad8061bd89934ed3c56a0344ad5e277278e36904559daa6f12,24,24,24,24,24,24,24,115,31
44962,Free Gifts,10575297a447c7f886d3fcc96d97d108062acc17d8b14df816a59d6cbf91cd3b,36,121,121,36,121,36,121,115,12
44964,Free Gifts,8afc984ac34360fc8447783173aa17f6273be7749d3db2c2401ecd9e160cb778,36,121,121,121,121,36,121,115,31
44965,Free Gifts,3e517245aaa93c52cec418351c855f66b8ec0361da47ef8f65cb047f57128f0c,36,121,121,36,36,36,36,115,96
44966,Free Gifts,cd1deb9c701e06744f242593c212ee7b9203151975b55753da582fc9af17e5b1,36,121,121,36,36,36,36,115,84
44981,Watches,a16e96d3451600ccfb02fe4be1a26e3f7438ba5acfe36d1035a8a9133f8675ef,121,121,121,121,121,121,121,115,108
44982,Watches,a46c05acfa01e3e23d8b472ec49d9d0e681b24bd234391cd1a53b684c55d45bb,121,121,121,52,121,83,121,115,75
44984,Watches,6fdeef42c951dc7aabdd0ba4c8c32d5b471412183e65e60d7289c4fc031b4fd6,121,121,121,52,121,83,121,115,115
44992,Free Gifts,005e573be98687eb5ce5bc593adc2ada0d2c85b6a93adb06abd2f8eab9e300c0,36,121,121,121,121,121,121,115,115
44997,Watches,77c198de96b49536403e7ef235b181fb90fffe6524c8e3ae3611f0decd7ba92b,121,121,121,121,121,121,121,115,88
45001,Watches,455ca408496638d0f1a8cad1bbeb7ed3cb383a79027d6e0d18fd0a410d7b6b35,121,121,121,121,121,121,121,115,16
45004,Free Gifts,8d458f3c974f587ca56aa564758ec80407e870e42feaacc1bfb8f424d6ead9a1,36,121,121,121,121,121,121,115,31
45006,Watches,23a38b248f42461670082ebb5fd38b34bc6edc1b59ec5a2ae6d1fc70f545d5cf,121,121,121,121,121,121,121,115,88
45011,Watches,24fecda68672e8110e082f9b6a236e8aa8e354af34796c0ddf84afa0ea0637c9,121,121,121,121,121,121,121,115,38
45012,Watches,0550a3d1bb140ac192fa2dfc8edccdbb8e2b73e8399fa78b08ded5a8015fe803,121,121,121,121,121,121,121,115,67
45014,Watches,2dd07275614da067740207b62cac64deba1ab678f999ad167804db41e8cdfbfb,121,121,121,121,121,121,121,115,36
45017,Watches,0c33d17f55360df3bbc516712c2cb64044c6cc96f6429087ef3791309c5747a3,121,35,35,121,121,35,121,115,24
45020,Watches,b0f2eb05a7373c115c5502a223c3ea780627d799b2021e57a102640e32d1908d,121,121,121,121,121,121,121,115,96
45021,Watches,ec287503c0a2a1137e296dfd32f8aca09bcf671e5587bd7f856ee919cbb3edd2,121,121,121,121,121,121,121,115,53
45026,Watches,bfda20d1a1fd1fe9327c4c72bace4ff0b52f37b8c0708b1105821ed080088c8f,121,121,121,74,121,121,121,115,120
45028,Watches,4462e163a104d0a07475a7e01a5392f1af13aa09076d5dede65c1232a0e14d05,121,121,121,121,121,121,121,115,28
45033,Watches,e99aee259b6040d9471ecbc0e338ddc858df0d4b1075751746b627cdb290fa39,121,121,121,121,121,121,121,115,38
45038,Watches,10415aa7e05a37cc15260f7baa360274f6e8250dea8826470be6be2683ec1692,121,121,121,121,121,121,121,115,121
45041,Watches,7ae35c73be7257e61940eed6dd054ca6b4f0d1c64f4bbf5c43209ca0a1ebdb25,121,121,121,121,121,121,121,115,14
45044,Watches,281c857cf7d4074cf3c78fcf92168b35be94dd38a0c6f8830ac0592b4b4a819a,121,121,121,121,121,121,121,115,113
45046,Watches,22838f3361800fced40df58c18476c261fd5848f7fb85657e66e6f94fab53863,121,121,121,121,121,121,121,115,115
45048,Watches,f49ce5d7e2b3ede60bf0187c2b8e9ffbde405480d4435b86af7e01a49d95fdbf,121,121,121,121,121,121,121,115,43
45088,Bra,698322fb4134501f01d88aaf729882fad501f25c71a9c43c84e4b519aa2c1db5,10,10,10,10,10,62,10,115,113
45095,Night suits,e883dd132d7e217a2756ad36c3902d29568fdacf57652335027da2d76a612138,71,52,52,52,71,49,71,115,45
45109,Watches,300f2fc9648856afba4db6e0b14e3e58610e0c1d3132a6063039f37de6fc3fe2,121,121,121,121,121,121,121,115,121
45112,Watches,808e77fb71b04645cddf41c8434b1b7fbe9002945150c4f9ca7e4db6390bb1dd,121,121,121,121,121,121,121,115,115
45118,Watches,f0dbba0576d7996acbf3d8a683282f37b4d5ba2dde130ebed9b1fc4c388612df,121,121,121,121,121,121,121,115,31
45128,Watches,77d931fd39a793ce6171bd0d025b9978a6a2aaaf36c06fc369e374a8bec5eda2,121,121,121,121,121,121,121,115,115
45131,Watches,a13d3b48d07961e3bbd1b6ab83f2af1dfe2b75cdbbe90767139650821d2826f3,121,121,121,121,121,121,121,115,88
45132,Watches,42141fe89f4d70859d581fccaab134606e79a2bcd24f0c088095d592a8950c40,121,121,121,121,121,121,121,115,10
45136,Watches,c0ad4609488fcec3ba1de42e220dd927a7e1fad27655a16b77a3181d3140e32a,121,121,121,121,121,121,121,115,5
45138,Watches,1cb8adac3b6f39529fe3c6c559d4e1a345ec266ec13d4f22381e68ceb6b3f1fd,121,121,121,121,121,121,121,115,121
45140,Watches,401c782e51fb38186dcd110e95e8d48b20f0b190f1a0be75fa10e2c81412d6b4,121,121,121,121,121,121,121,115,115
45143,Watches,ba0312f10c848fd5d75bf537cfd6beb7daa90407546b486ff693df9ac2f2bb75,121,121,121,121,121,121,121,115,96
45145,Watches,07113dbd59153c736ce2196d0a6f394c0b1ef3f65f59a6779b24ff7116309c38,121,121,121,121,121,121,121,115,99
45153,Watches,9a2e26b8f4ecdc58908c3ae61bcfb994e6ff034fb3c3a8f426f745712cb890aa,121,121,121,121,121,121,121,115,52
45158,Watches,6f72b5434e4f325fac189889d97057a4b7e4ae894f5b0e51f595161c1eb8506b,121,121,121,121,121,121,121,115,115
45167,Watches,ce18298f031d7144eeacd6f7b6c5177e7faf6519586cdce98da0d833cf7b52f7,121,121,121,121,121,121,121,115,99
45168,Watches,2c051c24e1b163c2cfc915260405a6ecf635487796b05b3e4df71fbae3f9610b,121,121,121,121,121,121,121,115,38
45174,Watches,0c8e5cc019dc9bd91db4913f6cbeeed596d9a507c888226fac3195afd78e8666,121,121,121,121,121,121,121,115,46
45191,Watches,445eaedaeb4c8db2343dbb235fb1d341af21622d16d6be95f7b1333c00e491fa,121,121,121,121,121,121,121,115,96
45201,Watches,a67a739ebe77e6990506b545254a3da7964a5e19fda0620bb4144bbbdd7a5624,121,121,121,121,121,121,121,115,84
45211,Watches,732f109fe6d112555fd647517064aeaff55223cf69c65b1cb95364616a6432ae,121,121,121,121,121,121,121,115,115
45214,Watches,7a93a640afb18b01be224def99b7e6222d9ffaf5193cef350aad203b573ea188,121,121,121,121,121,121,121,115,31
45216,Watches,891848c7aa36bad603e8dd674aaa0a87b5e6640ed87f9d988050d67091402b57,121,121,121,121,121,121,121,115,115
45231,Watches,de62760bbd57b9bf47895044095340192930ffc71ddbd6a404cfd634e2be069a,121,121,121,121,121,121,121,115,88
45234,Watches,19a79f9b33bdd0701ca101a3780fcc7772ba7f2f4d6bb5ea6df7a3d12b03da8f,121,121,121,121,121,121,121,115,30
45256,Watches,f6339dccfb5cd514b1688e7d7de37806898d2822d8c6078e8c8afa5b88fb3743,121,121,121,121,121,121,121,115,75
45259,Watches,3f126da53f7bc7bfc63454c605681d01d215ca78930f37ae3a0da1d62a35530e,121,121,121,121,121,121,121,115,30
45262,Watches,5b5fc4932f584f797f0681006112f50fbfcc0deb5b0bb60112a3c11111acb554,121,121,121,121,121,121,121,115,89
45276,Wallets,e67efa5b861305b32b312e221b7b6ba8a86c305e194fa42a5afcc756c3e64ffd,120,120,120,19,120,19,120,115,67
45280,Wallets,81f26b6cccd14f08fa926e80c7fa8db74ae9e266779ed93df93cb2e14b87d9f6,120,120,120,19,120,19,120,115,116
45285,Watches,04e3babbf49eeccd0b1603620b707db5f9be46bd0f72dd7b2c7c8c69883a7cb7,121,121,121,121,121,121,121,115,121
45286,Watches,9dd3b1a3c218c5d3faa66e9751ba5d33c6a3889b61feab1a274bd9d2e57ff841,121,121,121,121,121,121,121,115,115
45288,Watches,446821513d622498db1380b526119bb793f4075aee6746b67f60f9253c99a4b8,121,121,121,121,121,121,121,115,121
45293,Watches,8a25efc9a89a8e079a417248edb7ff9d5f2db90e48a2587075e59e86dcb82db4,121,121,121,36,121,121,121,115,121
45320,Heels,05dcdb0d5ca980879cc9ac62922767aa8169fda8441f847810e6974eb16d5798,41,41,41,41,41,41,41,115,115
45328,Heels,d84fa28eaec226726c0bf1bcb71b19f87c4e66bcee7c0288d92229c98bafafe5,41,41,41,41,41,41,41,115,115
45330,Heels,f3f18f81c8409fee4112a205ffbb8d0c9d9e042f68dbd68048afdd6fed82f4fb,41,41,41,41,41,67,41,115,5
45331,Heels,2ce656819a2fbfae8871f3fa45a39aec90faf8e21896f8c215ea8fa0f0683a5f,41,41,41,41,41,41,41,115,109
45334,Heels,49c05fba5450bef2588c7fe2526c55f2d363d5b889d11a84506d6b46b9812106,41,41,41,41,41,41,41,115,115
45335,Heels,4076367c70b40e3f95afbd1b9bda4d1487728693635f3a651d205574d4d86756,41,41,41,41,41,41,41,115,16
45338,Heels,00cfb70aa44d962bbe2b88625baec668d9eb4e20430a10914e72e5a4fa31acbe,41,41,41,41,41,41,41,115,16
45347,Heels,28df79c9c1f98fd47a851e2ea3d0d432ebad689c8de29ae75364ffb305002721,41,41,41,41,41,41,41,115,84
45350,Heels,a6e2b476aefd7e4c5de8af4c7aaf00483ba63015ca834b6b925e3fb298110665,41,41,41,95,41,41,41,115,115
45352,Heels,06524acbd9fd0fd704d39e53a7fbb47c372ee2d9079a04fc9649843ac3494a64,41,41,41,95,41,41,41,115,96
45358,Heels,c141da08fdd026d93faacaa076c6c12de2d4ebae6edfe7b971c491da252c7f0c,41,41,41,41,41,41,41,115,88
45359,Heels,d5d0750cec3d18444e090734486089cd9a49347b18d14bab41bb979fa3270650,41,41,41,41,41,41,41,115,101
45365,Heels,ef506beaafda8069cd36febe6b95fbc2bd06606be62fd2c4f4fc94304b793d70,41,41,41,41,41,41,41,115,115
45367,Heels,e3222dd6cf359e74b7b2d3f760642ba4107993453d0e8314953d915f4ab553f7,41,41,41,41,41,41,41,115,5
45371,Heels,e7679500b7c4f60df25d9b76ed88ac64a0a0f775e452cf082e1ff642248e00c2,41,41,41,41,41,41,41,115,120
45377,Heels,f5e662575768dd9028c29f01d5bc9309feef5b3c5a96056941c8677ff2601ab5,41,41,41,95,41,95,41,115,84
45379,Flats,48e388457602bc0ca4e11af4b705307cff8fcd0b9d9f5f7a82ae7e4ca061d7d9,30,41,41,30,30,30,84,115,115
45380,Flats,08ebc283cc67c1dceeb2b44170d7384df71f83d769e44f49afd10cfe5f71dd1e,30,41,41,41,41,41,41,115,115
45385,Flats,b2bbb3793e238b538b0f92838f545e419ed110d00bd67bf48db108c71174f382,30,31,31,31,30,30,31,115,88
45398,Flats,12f322188c1dd4f2ba4b92b9a8a2c7a215e4741e4f85466d59b1077cb8cb88a2,30,41,41,41,41,41,41,115,115
45422,Flats,58ceb71e4331920af570f4669514633118d2c057a8b41b7196758e8f5961072c,30,41,41,30,30,30,30,115,96
45424,Flats,17ab4f406ea291a26ec5e22edc5594c10b54908afa87d00981aa9ecbb96b2827,30,41,41,31,30,31,31,115,31
45534,Tshirts,3707cd86e2ef29c1cbc39d703a30c91f421578889c8ad4a2448397a4c64eabb7,115,75,75,115,115,115,115,115,115
45565,Deodorant,ff19eacb12aabe69965d50f554b1607b4e816aff7668c61b276599953d10794a,24,24,24,24,24,24,24,115,41
45580,Sandals,d58d75030f16df95f5e3845e715e98ab844c599e840d1e6b04494955ec18fe41,84,84,84,84,84,84,84,115,101
45592,Formal Shoes,2dbe3bddf2d05ee5a70123204ba5c184ac1eb3451221a05c9be5dde402142cd5,33,33,33,33,33,33,33,115,115
45599,Formal Shoes,28cb6fc8c41afd6c57cdb8afe664eb8511b42869c434833a6478f4e24e0f07fb,33,33,33,33,33,33,33,115,120
45603,Formal Shoes,a516e8831198f712d4fab32b196875491e70d9dd9ce8e001238d61dd130ebf58,33,33,33,33,33,33,33,115,115
45607,Formal Shoes,de0ee82e768937b7d03e0ab0fce9fc6e59050afc7d02975f2bdfef3f69d166bb,33,33,33,33,33,33,33,115,115
45610,Formal Shoes,a9261a874df23eb7a9c39378742b0fd048be4a9e55f50cf11c38da6676cd10af,33,33,33,33,33,33,33,115,16
45612,Formal Shoes,b3c23e677c669b9f87de6b5e182e03e61edfa9763ddc088ced55f49d17293043,33,33,33,33,33,33,33,115,53
45622,Formal Shoes,05e5d80d2c9f779aba838aa5a0803efa257a7141ced2bb6045c48407f2127eb3,33,33,33,33,33,33,33,115,114
45628,Briefs,2576ae8a92d7bd9476c159bf7bc78058b51bef36cc7bc04e4ce5912b2bb91cae,12,12,12,12,12,12,12,115,96
45631,Briefs,8ec77a7498cc2a6a99350c6803fa31b89ef0f9546ff12ef6020e26f2a072e65f,12,12,12,114,12,12,12,115,115
45637,Briefs,81e247f993f535b75be05478e44f17b9d454113a27d7faa35b00b5c297957039,12,12,12,12,12,12,12,115,115
45640,Briefs,fc64c4c059fe7047b8e2dc2ee6d94d66d482af1fe428a16ae49189599a9b5433,12,12,12,12,12,12,12,115,121
45641,Briefs,1fbac9c76016e647e6d79ae5a374c99b730ea49c2e82c0d6119a1dc9ceb10d47,12,12,12,12,12,12,12,115,2
45644,Briefs,aa1ac8c48e460a75390d143e0397165b13eaf5596c2b668a41699ae57db50658,12,12,12,114,12,12,12,115,55
45662,Innerwear Vests,41d5c0f1461867d0911c22e76cd74cce7a6e12dab29ea2ff41fc48f3cc9a3e89,43,43,43,43,43,43,43,115,16
45673,Perfume and Body Mist,13589c65e066356a88a38f0a3f5b04bb5835a9531fbda1a68b7e224f21ca1d7e,75,75,75,68,75,75,75,115,43
45693,Perfume and Body Mist,0e7a54d21bd7ab3d1005281ffa0064c3ef9ece59655e039d13c5fc27e1790c41,75,24,24,35,91,35,75,115,96
45709,Perfume and Body Mist,a8c4c5b26b9a7708d9656feb34210993b61d809ec7cd955e4077d0e59ee576ff,75,75,75,75,75,75,75,115,99
45711,Perfume and Body Mist,3a5e8e08856e52850357823aa11e08a33fb58c3c0e5ffb4795b684e35cb28423,75,75,75,75,75,75,75,115,38
45718,Deodorant,d79568a4ca1cddda20f9c4887a804f2e355c46c1166449ffcd7ea3d641643176,24,75,75,24,24,24,24,115,45
45724,Kurtas,b586541b49f860991dd368f5b6a45d573b45c5922abb84b9fd42e21f1b7f4e0c,53,53,53,116,53,53,53,115,75
45731,Kurtas,4114dc93d06f6dd552924fb0db13180493c89a0cd2d2b736e37a5a5ca08c4a3c,53,53,53,72,53,25,25,115,115
45735,Kurtas,0d012ba4a9ac3c028abdcaa5a1cf176fe1729c1c1825574250f81cdb0dd5293f,53,53,53,53,53,53,53,115,121
45751,Kurtas,50bd7adf98861793be0bfff52bccd1a5e47fb98ef14206df21b66fb2ae91ebea,53,53,53,53,53,53,53,115,84
45759,Deodorant,d49da2b1dc695549fa52123079cb0f5fbd0fc8f04ea823d8ba1276978113c7cc,24,24,24,24,24,24,24,115,120
45772,Deodorant,ff3d99b8c5513b63ed1275f9fd565fb53b55601f4ee1f3180cf66bf14d3cc96a,24,24,24,24,24,24,24,115,53
45785,Flats,7417fc0645cb40e2a20f2b07f60848b4778881ef3147b505d057803ace000f00,30,30,30,95,30,30,30,115,16
45800,Heels,3c4a348caaad840118445ea27045a80f3ea3a56e10f2f075014291babec3f9a4,41,41,41,30,41,30,41,115,84
45802,Heels,f1c4511e93d11709a0cee4c74a672ae430cb317d1615d4c6d5356c2534f00922,41,41,41,30,30,30,30,115,96
45804,Heels,acf0a5fecc9cc03853b55331014a0acecc4e62104b38d7456d05f326ea526c6f,41,41,41,30,30,30,30,115,38
45809,Heels,90a6cd47ac77d204b8b98c516903f370007e40a6a1821e7638e3a7f2a58899f4,41,41,41,41,41,41,41,115,12
45810,Heels,9346165cf7f1be42e07e7f914b1d52e038cae3f1cb9c34dd6584079a7e282ac6,41,41,41,30,30,30,30,115,96
45826,Heels,34e8399e2a938221bb1629fb0f1ca6c71eee51d28aa37ee010005ac34c417020,41,41,41,30,30,30,41,115,33
45848,Kurtas,c2999672e9d8293c35be354544138cf7129c9e7f2aa7f4b22d95c6a387f0054d,53,53,53,53,53,53,53,115,113
45863,Kurtas,4656619f018b7d2e7a3a3fb40e3392ae9c5f607e2981cacc8b35ba4c65046f4f,53,53,53,53,53,53,53,115,99
45871,Watches,6be8677cb0a87adc3109bdd04f6f5f1a4d601cf8160f25e508f0daf20bb53ad8,121,121,121,121,121,121,121,115,115
45874,Watches,6b1ce86321696a6db5460d4cafed001b24deec5a1363622de59b401e92edb685,121,121,121,121,121,121,121,115,38
45877,Watches,138c5872c4b92d6dc6d2cc55b21264842593ba66dbfc9b12704edf70b97619f3,121,121,121,121,121,121,121,115,41
45880,Watches,e7152e73220712ac987ee499ee3ff77ba96811f3cf0947309806486e7e8a3efa,121,121,121,121,121,121,121,115,108
45881,Watches,7f054cab24a75c296e56f2814827adb2a0ddb3215d1faa10a1efbb828d95b184,121,121,121,121,121,121,121,115,115
45883,Watches,500c05113547c584e140cefc15c6d222be1677d2463390dbf8f3abf6c8f59274,121,121,121,121,121,121,121,115,88
45885,Watches,92fa068a62864b3bcbf9e7e517bdd80220d6c43e3bf229c2130f903f468de075,121,121,121,121,121,121,121,115,31
45886,Watches,d78a0100fbb5b0a096fb89f6782a60421745a65c0acbd7a611207e266671f38d,121,121,121,121,121,121,121,115,115
45897,Watches,48b14e52013780dfe8218c292a4f431fb0ad3b7ab126bd5c623f84203a1b1050,121,121,121,121,121,121,121,115,115
45900,Watches,48eae0f6633957e94b6380248511d6ad1fca08767535d4f2460a1c47ce40f929,121,121,121,121,121,121,121,115,2
45903,Watches,27894d3d01e54f9a20200a868c61c637dd64612b5370c845a294a0ea074ae698,121,121,121,121,121,121,121,115,121
45910,Watches,aaccd65fa9f657883002ea0844587faea81128525c27ee117a33689ed4c107d9,121,121,121,121,121,121,121,115,108
45917,Watches,c122ea6b439fd4cf8d17ee30af2c7b1f4622685cdb55bd133f8d1608f23abb30,121,121,121,121,121,121,121,115,12
45934,Watches,a0a2a508db4939068375b30e5083a32ca5b38bf5aec75d6fa796517a1e767686,121,121,121,121,36,36,121,115,41
45935,Watches,013613c3f39cb4ff35220153ce622247074e52322722f88e476aeedd7f5f7a91,121,121,121,121,121,121,121,115,88
45936,Watches,20b608777781a0a1da740bdc7c956db7c436aa86a34b5019e005838f8d9201e1,121,121,121,121,121,121,121,115,96
45938,Watches,26186058d8656ea8009b282351d04e27de86a476f1ad85a6b32597607314aa59,121,121,121,121,121,121,121,115,94
45947,Tops,ca3672632cbb6619b59f4ef4dc2c41a428971a879c0ac258a7dc5a177d815304,108,108,108,108,108,103,108,115,99
45970,Tops,8b0cd3e45c5c0a62926732a6c588f017c6c2ae1482a172f71fbe3a9dd52f9fcb,108,54,54,53,108,108,108,115,16
45973,Tops,6bfaaca5fa0bfa09b33245275123739584e125ea1ebd1192b0b3678d46fed753,108,115,115,116,108,108,108,115,108
45982,Tops,4df9ddfbba4a207b7ba63c55ded7d3e99e036f06df2d165ea07aa75d63f5d715,108,108,108,108,108,108,108,115,88
45983,Tops,80e31115743a871ed3a6533dbcdcd117346acb58463a9066f1e885dce77696af,108,72,72,98,108,108,108,115,96
45995,Sarees,57a32317a3fb8e76ba39406b1b999f87ae9e47340add4f5b5f0eddb7b65c81f8,85,85,85,85,85,85,85,115,75
45998,Sarees,85a2e0c4440a1405da695a1a1a0f722e6f48791fc74a03b56587e0157a9dd307,85,85,85,85,85,85,85,115,99
46000,Sarees,079102b3a46e254610539e22bf287d9276a134490a041cc686176b8c203e491a,85,85,85,85,85,85,85,115,120
46002,Sarees,dcee94e571a67e77dce2ffd0c7ac5875c41a42f2e6054247057ee690cefb9873,85,85,85,85,85,85,85,115,115
46006,Sarees,20935633a6a035edd3dafc4f87cf0b55c2956b6fef6fa3c1a60eb2146f2e7d39,85,85,85,85,85,85,85,115,24
46009,Sarees,ecd6022eb80b8d9b571ef6fcb91f246b8b165b92ee1787f6aa2fe4eded21d879,85,85,85,85,85,85,85,115,86
46014,Kurtas,4cd5522d802c0e43f178a402aea9927db15a9ff60d0bf5069fac3639ff0b99b8,53,53,53,1,53,1,25,115,31
46020,Kurtis,ea276a7c05f5bec08c4ea368a065a35f978a29004b370f82e8728d9835237dc5,54,108,108,116,108,54,54,115,88
46025,Pendant,62445cebfd587ef776b7fd54fc8b90c238fc2f35c710f8c87ba9e15cda9bbb6d,74,74,74,74,74,74,74,115,115
46029,Pendant,1c51706a7e4833434dcd71fd28e88116c0f76917ab6caa88a1ee26b0654e76f2,74,74,74,38,74,69,74,115,5
46034,Jewellery Set,fbfbc8380bba922b1c749ed2d469c8176b01d1592d13c7f82381bd2124fe31c0,48,69,69,48,69,69,69,115,115
46042,Jewellery Set,d7668974e2fae09e6916b54bd704a221241dfe76afae6e742b525f5d0f2cb2ef,48,74,74,69,69,74,48,115,38
46067,Belts,8644c5df9ec913f717667d0d23e942581818c14230d3f0490fa5f6add40b8ffd,5,5,5,5,5,5,5,115,121
46069,Belts,31bff8669aa8548ce990f2d0b262f978b43ac4022cb6644221fcad03e2f5ead6,5,5,5,5,5,5,5,115,108
46070,Belts,04a081827bb31277cc25d1bc8716d6f34c47412f18b3139dad56599c104208ca,5,5,5,5,5,5,5,115,115
46071,Belts,7e74409035efb014ae0202832df7167fbcac27cc89ab6186928b3e48766f11a1,5,5,5,5,5,5,5,115,99
46077,Sandals,6ed1c5d95e7055bcdf688ff0d8fc4a50e4bc4452e7a1f1ccca24a50b43a810aa,84,16,16,95,84,95,84,115,115
46084,Sports Shoes,aff5ccf9a27a02660f97238efddb48e70a3685b9269b7291b3df2ecc5118eba1,96,96,96,96,96,96,96,115,88
46089,Sports Shoes,ae4750c6320bcba5d6da8bf4edab807b6f4a9644f9cb4ccd49378cf32f765b4b,96,96,96,96,96,16,96,115,12
46095,Flip Flops,9db109de20313259d3d60bc2cff3245110293e56c260c7a4d215c3e63f0a84c4,31,31,31,31,31,44,31,115,31
46100,Casual Shoes,a307c6c8ad4b9a127557a57cf24846813c55495ebe8df1553367881574cd4067,16,16,16,96,16,96,16,115,115
46106,Flip Flops,20e45dfbce8659d536c16c8b1df1926a0a07a6c083495e60c9db55fd36cda734,31,31,31,31,31,31,31,115,96
46111,Flip Flops,012031c5aa23dfa8aab2b1f9c66c1f40fda89aea831644fe653600906a95fff2,31,31,31,31,31,31,31,115,41
46123,Necklace and Chains,81b9d6b91d10f464957d8294fdf9487ee22cbdc55ac919f8ce1d22787c1f2b83,69,69,69,69,69,69,69,115,46
46125,Necklace and Chains,24b168dc45eebcac465abd59987d419b30a471da2f3797c8d67c9e3f9381e7df,69,69,69,74,69,69,69,115,16
46129,Necklace and Chains,4df040cc22c0698f57c7aaf4ae39bbcae3fda8902eb503d4e88a5eca2c739e0a,69,69,69,69,69,69,69,115,5
46132,Necklace and Chains,67a590bdabce90ba6dc91c3e182a6308750278a5017058f870f6f4426363323f,69,69,69,69,69,69,69,115,53
46140,Necklace and Chains,f738b5924c5d004b37405bc691f17e6e1089ce4a9d82654ffe2971b0fee70eb7,69,72,72,69,69,48,69,115,16
46150,Necklace and Chains,482925c4103f42b6b1f196022f07eeb3d9014d5e0fc6e884b534966526bd69a3,69,69,69,69,69,69,69,115,88
46151,Necklace and Chains,2e30dd7aab29095fcd532bf770cfbb0c1117f9d4702eb9bc2698e8e9343652cc,69,69,69,69,69,69,69,115,108
46160,Necklace and Chains,f830bcc7f45993d94e099dc5058cd32367709cecde9c663d475d49e8cfcacbfc,69,12,12,69,69,69,69,115,53
46177,Necklace and Chains,056177a714ff7f19356e74da5650cafa77da2da48170c1bc04fe78fdcd1a48f3,69,69,69,69,74,69,74,115,16
46205,Bangle,29afeb1bd881f6bea2613db3366a425bd626dbf4cd907ff0f315a25996d17897,3,3,3,41,3,41,78,115,102
46208,Bangle,7b3f7120ccddd874fc7176381b700e774d7d8921455a5fd0e0bedb065efca0da,3,3,3,95,78,78,96,115,121
46243,Tunics,1d0df8be04d9b9fb14d2d8350d16a2b93fd40620ff5f5d3e9e1aae0b32c076cf,116,108,108,53,116,53,53,115,96
46245,Tunics,01c6061b1407a0603af0c18b6f69a917164a8cf35159c28a2467bb2805537932,116,53,53,116,116,116,116,115,38
46251,Tunics,9b333ee0d6a564f54be073a061d6843f19b68630aef7af6ff2a30ffe7d9cf984,116,108,108,53,116,116,116,115,38
46261,Tunics,c78086314a27e35ed775081670f47a004b0a903499bff9814921ee2abfb2054c,116,116,116,54,88,116,116,115,5
46262,Tops,558eeda8d1c11663467d6387b9bdf473f91b75bb4b8e7877f44e2bf81f85c1e0,108,108,108,116,108,108,116,115,88
46266,Tunics,d07e746d7a05da43087b79054ca134be88fc3b21a1771140e9e62ca72eb6f372,116,108,108,25,116,116,116,115,96
46267,Tops,7a9e7ebe14b4af7b31ed7c3f9bf183131fb7d6a67c3c15cd1603b8baf951ffc9,108,86,86,98,108,116,108,115,41
46270,Tops,b1dd1dfac64725c7eac06a573a64a956cf87fd6d70d4beb39d73ef495961bed8,108,108,108,116,108,116,108,115,88
46273,Tunics,22fa71e11662bd9ad1b3c4e32bfe4c9b1ee08a04eea448af3376c3054d2065fa,116,25,25,27,116,25,108,115,115
46282,Tunics,9c2a4381237657dc8238ace223574891572616a6ebd74e38bb3a4f312da86c83,116,116,116,98,116,53,116,115,16
46284,Tops,7065fb696efe98fbf76c63d2c84d45b19b34d3292504851116a5a75273cda80e,108,108,108,54,108,116,108,115,121
46294,Deodorant,e0a9aa448638d5cc46a7fb87c9d5ce3228aa189088b988c777b884b09ab4ab68,24,24,24,24,24,24,24,115,115
46302,Perfume and Body Mist,96c2be64fd507e110531bb63d38208a964f7d0611618fdfbf301819217be2f69,75,75,75,75,75,75,75,115,115
46304,Perfume and Body Mist,f5bf931aa739ce63bc4822afad321d4675d6917a601cfbfc2318cc8d4454ee5a,75,75,75,89,75,75,75,115,16
46306,Belts,e5b84dd50b43b900339d9ce0d15a98313efbdf7713f8cb280fb0b67c4532c3e8,5,5,5,5,5,5,5,115,12
46314,Watches,c677c614d3ec41ec849c4003d9c4a1e7db13d7720049063a7cac54697e3e6aa5,121,121,121,121,121,121,121,115,94
46323,Sports Shoes,9ec53c127fd5bd43a7158acdbbf7346c625a0e9b1136a2e648d0585925e167f1,96,96,96,96,96,16,96,115,102
46328,Sports Shoes,ea738dfd59cd24c6cd07833d1b46fe368b6307528cfc2ce6500b823f397dfc2e,96,96,96,96,96,96,96,115,5
46331,Casual Shoes,0ca071658e0439d99ec7141e2b633a79cf273419ef4d8b0aa54395030c3df924,16,16,16,96,16,96,16,115,53
46336,Casual Shoes,423b04067ee37cc3379eab0793303d8b0c08278ecfc1252fdf8a47c184755030,16,16,16,96,16,96,16,115,2
46344,Jeans,76157ced1dc209aedbc90446d74470cc48ffa37515dfe26690321db4436310e7,46,46,46,46,46,46,46,115,41
46351,Shirts,69459ae692f44adb9e3c4493c98d811c4e0cbe594fe56720c46cfb5fbe8de954,88,88,88,88,88,88,88,115,16
46353,Shirts,1fa6ab93a6c7a97b3b74e5db0624be79918aeac40e4359a9aafe9ddbbb2646cb,88,88,88,102,88,101,102,115,88
46361,Shirts,9b9616c6de45837f414b901b20db689872c9030cdcda2c33714e2187239bb04b,88,88,88,88,88,88,88,115,108
46376,Shirts,5ab2bd30cf02adfed02aeb6175582c632fc7b036b3b6e816bb5d4e8d3e926dda,88,88,88,101,88,101,88,115,96
46384,Tshirts,d838352594ff749f295c4b55ab0b3d56938cba6c6d6d07a1cc814655fc88e9db,115,115,115,115,115,115,115,115,99
46394,Shirts,4925d373b8d849476de08133fccd6f97a96cddae27b342e49af405c19c3a0ee9,88,88,88,102,88,45,88,115,30
46401,Sweatshirts,d58075d7e51bb620c0ade3f9c87ebaf8cf73b40d6bbc6fc9522bf25b4c1f38bc,102,88,88,101,45,88,45,115,115
46403,Tshirts,f8a50f09e3357e787992e8117251ad4f458b475bfd44d961788e389f27612c78,115,115,115,115,115,43,43,115,115
46408,Tshirts,554c5b86ea59ef353488e64ea0e995bf3a74fbe66c2be1fc630e509303b2240e,115,115,115,115,115,115,115,115,115
46418,Watches,5b1c56f6f0b91febad4af1afc5cd38f0757a65b5d97310951bc0ea67c11225d8,121,121,121,121,121,121,121,115,115
46422,Watches,3378439285175520688527f2a337c3037390fa083baae12a93697e503b7d51b9,121,121,121,121,121,121,121,115,84
46426,Watches,abad256dd49901680667870f7754cbfd8481bc1c01f80b44d04669dd1681ccb9,121,121,121,121,121,121,121,115,38
46432,Watches,887af72b24b706cfc0ddb19ab3efb65f0f2895566f41ac7cc5ac7041a5718e42,121,121,121,121,121,121,121,115,120
46433,Watches,bb7df13fcc449b03ddf96be2403ce8c6222a8c5c096e27bde05e214d7dc41eeb,121,121,121,121,121,121,121,115,99
46440,Watches,850d471726f5df5baeaf9e1657d8eb8dbe1c07a3f6c8fa2154d81ddc06f6c51e,121,121,121,121,121,121,121,115,115
46442,Watches,3ad63337c10c0558825ad98f37d145e874df131d145011e1d18372d4395fd13e,121,121,121,121,121,121,121,115,115
46443,Watches,f1b4752f3b923d7306783f6a2b63ec98254e0cf468cc7c519dcb68ee7918cbf3,121,121,121,121,121,121,121,115,24
46447,Watches,9b586a01cd46adafa903e62bdedd6559b8e4ee5816bc388a70f94241fc2049df,121,121,121,121,121,121,121,115,105
46449,Watches,bc86f026e1c471fcbeed922379fde94773f73a7f2ee09a829bb45928f7ba5132,121,121,121,121,121,121,121,115,53
46454,Watches,40ad970f4d16e4132fd849991459e2507a220354bbd35fceef5ec5a7b30694db,121,121,121,121,121,121,121,115,5
46467,Watches,c156ad954762e180005817f9dbfefe0db90d998ddc48c86b917d6fdd0161b2d9,121,121,121,121,121,121,121,115,121
46471,Watches,43415b99edf5de157956e13b3cc477445504a3f4031bbbc6dedd2644b6140c90,121,121,121,36,121,36,121,115,71
46479,Watches,c4ec0c74a8071e35bf931b39219cecfe888b739ea62079379121481971bcc689,121,121,121,105,121,105,121,115,53
46482,Watches,e7c2b5974d00925a48e7b7f7750ad7944b8ced9baedaba6a0a81eaa8491e557e,121,121,121,121,121,121,121,115,2
46484,Watches,4691cb99e6a38b723f3332d79e8be7d716f0e22a56ac0ea2b2ee9283dca7487e,121,121,121,121,121,121,121,115,115
46492,Watches,a6adb1700bdef0a327da4e5c9275e02c35779da53715b85deaa3bcd1650c9140,121,121,121,121,121,121,121,115,53
46499,Watches,51b001a1f3c3117d34e8cb5ac85d9dc4e6dfaf6f8994a48b6f990ab6d5adf299,121,121,121,121,121,121,121,115,16
46500,Watches,fa425bb4201d3ebb4f7ca319852a5fd9ddedc8df0474ec6198239e3fe6adea91,121,121,121,121,121,121,121,115,15
46502,Watches,ca1bb55c80208b2ca0c1ce6a50f5ad92065e2d0eb9762154c19f63e68be609c8,121,121,121,121,121,121,121,115,96
46505,Watches,30c07d271cb9397e1d8449d7f144e192fbeee7ee8a55e5d73793709dddbb359e,121,121,121,121,121,121,121,115,75
46507,Watches,620b8e43ebd7414279835e209b87bd182ad9db23fbe5ab77b3c32a6fe40c69af,121,121,121,36,121,121,121,115,28
46511,Watches,4b1af94f7469f462d9aefdc36dbb4744bb2966cf0c49ea610835c783a69414e1,121,121,121,121,121,94,121,115,33
46545,Watches,7628148bfdd6a484d447fa091a9004fe5511f078a3d069fcc02d46a1362c9560,121,121,121,121,121,121,121,115,88
46554,Watches,4b22f092d379884aca3e227f8352513762b2235c1bf73b94b2b3605d0311d62e,121,121,121,121,121,121,121,115,38
46556,Watches,1f16313d800c56a5f41de29f1c1680606bba556c0216a66530f5873449e93ca5,121,121,121,121,121,121,121,115,105
46558,Watches,e9ea9d870c4a264d15029a39633a5a12e6b4f16a718ef9fcf81d43b73568b532,121,121,121,121,121,121,121,115,93
46572,Watches,30237107e76d50ff2504cfb819caabdaf40af408412fada48cb2a0543607d8dd,121,121,121,121,121,121,121,115,96
46579,Watches,681c85cbfdaa9ff524ac1723c870f7823775a0540c0d3464a3c749dc329691a7,121,121,121,105,121,105,121,115,38
46584,Heels,48075e752ed080e9c0e56a642c7d13063dab60866ad98c7e9becfa17c3399028,41,41,41,41,41,41,41,115,99
46585,Heels,53bdd76c403fdc367d65ffa2383bd145a402e3773806f002121ec8136e305217,41,41,41,30,30,30,30,115,75
46590,Heels,33f8c7565b81458e6423f43d0c5a33bc74b3396d3a1867ab7c28725838f50b4a,41,41,41,41,41,41,41,115,30
46591,Heels,38640befe814bedfaf3c00ddb2d4fa9c29e4f1c548d06383618db7f3096624ea,41,41,41,41,41,41,41,115,33
46594,Heels,f28c3728cd5c631eeb0911a2008fb52abe74ae2447f9adc70534651d2b042be8,41,41,41,41,41,41,41,115,88
46597,Heels,a2a96e80e5eb51383c657416836596cc8779d341128d96ceebda213bdf9cc50d,41,41,41,41,41,41,41,115,16
46599,Heels,7084e0c92848c833e42d56536ae01b1d2eb9ade4d211cdcecadd31a245126fad,41,41,41,41,41,41,41,115,75
46600,Heels,96bc65a19f5d7be16260be5b290a8f41e0120609ea9d608e41ebfe8b214e803f,41,31,31,30,41,30,41,115,121
46609,Heels,d0327d6927564e755bc9a38e6bad9ccc894b03d80377e36523959d415c9accf1,41,30,30,41,41,30,41,115,94
46610,Heels,09a2b55e073b9d2879fc779b6304bba48507f736284fddd24a2c16733e8f780a,41,30,30,30,30,30,41,115,88
46615,Heels,5954efd0b7d93aa7c5d61895f6adef61b01ec68175ee42557091003e1816372c,41,41,41,30,30,30,41,115,24
46619,Heels,e84bb959e8333f20414fc92c3d10ae3fde13036feaaa20c425542074a396f375,41,30,30,41,30,41,30,115,115
46620,Heels,6e211d7c87f84fe15f093c73faa9b44cd5db2c796d7ccf355d50bbe15241e1b7,41,30,30,95,30,95,41,115,33
46634,Deodorant,a21888e9946dd6fa04057bfc921864259a45c338f57986f09b2dcb64f8eb3161,24,24,24,24,24,24,24,115,88
46643,Deodorant,c4b1c414e6810bd71af3c9fc6b4b095b3c720ab819a65e42bbd71f526e839710,24,24,24,24,24,24,24,115,2
46655,Deodorant,715c48225b38ee532180a959722aebe370361009ccaedfce56fa3cf8c25d0e53,24,24,24,75,24,75,24,115,41
46662,Deodorant,66e5e1087234bbf6a70b7d652b16f0cae0bb319aa7c639cbd73ae32ce9c205e4,24,24,24,24,24,24,24,115,2
46684,Perfume and Body Mist,51f2fe8165e15799d8085874889c6347db86fbd24ee5015c20ef76dbff91bf6b,75,75,75,75,75,75,75,115,115
46705,Perfume and Body Mist,e91711650ea34f08bb2dc4223d8a0eaff5debbac24ad216a1c3b414914683f2b,75,75,75,75,75,75,75,115,108
46719,Perfume and Body Mist,5fc4499cb8cd55b1e5771c04238f063f4988622720c0742efa2eaec2c7d4b4df,75,75,75,75,75,75,75,115,38
46721,Perfume and Body Mist,1439433b0261b319adccc50f3be9e6368391d5c1526b87b0a684ea7c47369f2f,75,75,75,75,75,75,75,115,121
46723,Perfume and Body Mist,0efd587cdb78abf95c8bf71fee1e162f04e323df572bcc7b6d0ed33bbbbd2053,75,75,75,75,75,75,75,115,121
46726,Perfume and Body Mist,347a3c1711ca46db99edc0f967f790a45105a9f57bbb83ffc9c86a9252ceaa10,75,75,75,78,75,75,75,115,88
46728,Perfume and Body Mist,c82b7ada640a4935116a8a2a63949185953ac52860fdba41003e1db7ccef4fab,75,75,75,75,75,75,24,115,108
46737,Watches,68bce77c3783fc8ed46c357a60dd75a683f5bbf17deeab0bc5e73f22c6ba64e8,121,121,121,121,121,121,121,115,88
46738,Watches,3da0d71c222939bf00882f1abf8cd3c09e418dd91ff775879406533412e570af,121,121,121,121,121,121,121,115,113
46743,Track Pants,3af230b06c90440a99098117ae6c5a1b64a800e02731e716d1be2599183e9949,109,109,109,109,109,109,109,115,88
46747,Track Pants,971cc1e5e38c55165e311c943d0bbcd4a8ba0c23839efed07428db3022e9f234,109,109,109,109,109,109,109,115,101
46762,Perfume and Body Mist,652151b01f64028c67e84050c6d3f3824c04205714299327afc7657a6c1225f8,75,75,75,75,75,75,75,115,25
46770,Perfume and Body Mist,4059ef41c66e8a34d5c90d858343d60198e3be755868f13e1e1ecb05e1b07c97,75,75,75,75,75,75,75,115,37
46773,Perfume and Body Mist,ce3751e0fd9fef0b14baedb3755d85fcdc8c0100404259fc27d5ec98ec69fdc9,75,75,75,75,75,75,75,115,11
46792,Perfume and Body Mist,1d8eeca6d94a8b0cbc3e8fd1b7ea8827f480b18ecaaa2ee60f419470af5d7a84,75,75,75,75,75,75,75,115,38
46793,Perfume and Body Mist,a765f5ff1d0ef24981de092172921451899184a976c7329404d2cad168d9f941,75,75,75,75,75,75,75,115,121
46796,Formal Shoes,66f0021fe64b9d96cf631385969697544662889525b698ffffc1c1ab4a052581,33,33,33,33,33,33,33,115,94
46803,Sports Shoes,3900d4d9919a7d946c38724f7ad3afac89d01ccb34b1b34f4ecfac5aeaaf1fd3,96,96,96,96,96,96,96,115,102
46810,Tshirts,99f6de28a3f773e1c7420c2ddf9b3ca54fc8eb0163e900f29fb1bda67184e564,115,115,115,108,115,115,115,115,91
46824,Heels,d1b151121643cfe6d19f97fc024b03902f30b2ede8cc9371578c0012f2cb0a72,41,30,30,95,30,41,30,115,108
46826,Heels,b8de180e673ae603170ced328aaa88df450a27b4bfab4f73d05c9ab4f4524630,41,41,41,41,30,41,41,115,84
46831,Shirts,392cf9bc41d0826378867c87dde0fe2f21fedf0d9cb01708cd2e51b47be98790,88,88,88,25,88,25,88,115,75
46833,Tshirts,0d000bce27e53126f2f2707dce83db98cdc03d0b69b89ea917c310486b0457b2,115,108,108,115,115,111,115,115,120
46835,Capris,581ca8e47edc144a30fb0184b255e84729e0b2e1c891bdaf0cd6c1a7f2bbaafe,14,14,14,14,14,14,14,115,22
46836,Flip Flops,7b0c796321e0f83bef78ef3148e88cae8a39e3541e800a515b0c20be66c1d1f9,31,84,84,95,84,31,84,115,96
46845,Sandals,8e3ecb5368cd9792189945beefda2b8d47f65b4cbe878dccb6cf2be3a8ec512f,84,31,31,31,31,31,31,115,115
46861,Sandals,55a0c4298daae681a2aecd5053b97c411b07be6c0bafae678072b60be6029dfb,84,84,84,96,84,95,84,115,115
46863,Socks,c6b8a99269db85bb0bb5ed49f67d6827e09b6a38366977ae5c4de7b0260286bb,94,94,94,94,94,94,94,115,94
46869,Socks,687bcb94f25b073c74085a029dfc4d1900dae0a9d3489a0589f1c2a4da4340ee,94,94,94,94,94,94,94,115,115
46884,Casual Shoes,c1ef616b67adb294ee599b647e5a0e07c93a7d5a9452b7a01dbfe3a0aabedadb,16,15,15,95,96,95,95,115,115
46898,Deodorant,1c59fa772503920c983904bda75cb2496198e7b8c5c4df6bdd0b17b79d1eda17,24,35,35,35,24,35,24,115,41
46903,Jeans,4f680b8e70d772f52622542443f84b4372ee988e2404702b3d7560d7200c0547,46,46,46,46,46,46,46,115,30
46909,Jeans,08a79d5b7eb23791d506710c1ee6109a1961d13a955af9383e6e9730b3a5c005,46,47,47,62,46,62,46,115,96
46919,Perfume and Body Mist,b5ab0bfcafdfb02d211e4f0ae39a757f9f0cb50eceebb882ca48de4e1a98fd15,75,75,75,75,75,75,75,115,84
46921,Perfume and Body Mist,227b1cf178555a7d163b01b508e7eb1168c331d18446fa4f92e92942a2ed7a4e,75,24,24,24,24,24,24,115,16
46922,Perfume and Body Mist,f33df341fff15d82d0033aa3d0659f5e2ae1bd32ed10f9bb1bea099aea3e246d,75,24,24,24,75,24,24,115,88
46923,Perfume and Body Mist,5c9675cd063217ab0c59888329d222a4f3b396988f29b02c6db269c8c7ba651e,75,24,24,24,75,24,24,115,115
46930,Perfume and Body Mist,eee655f56bd88481afb9d0d8b8a891a89ca2dc1c75cbf76fabdcc8d7201c65f0,75,75,75,2,75,75,75,115,121
46936,Perfume and Body Mist,42bf5ad7cf6bee4ae836116439f3bef9ce3d76e98628f82185b91375d6a5f9d9,75,24,24,43,120,35,75,115,108
46937,Perfume and Body Mist,c2158edf8e6fe73d37d39e5bb921fa4ff6b3e5660f601cd7474a0ffa9d4d76be,75,75,75,75,75,75,75,115,53
46938,Perfume and Body Mist,5e8104fd87aa1cbcc12d71e587de969d76359bbc23153a18ebfce7c7434f8605,75,75,75,75,75,75,75,115,115
46945,Perfume and Body Mist,65d6cfd924f5210f113fdbcca3fed8949637f2e15753ed0164579d93ee08d734,75,75,75,75,75,75,75,115,14
46951,Perfume and Body Mist,698d867afc851a0e0cb43ab04de70834399b8c34b40fd007f157b1f219568f44,75,75,75,75,75,75,75,115,53
46963,Flip Flops,9b27261a568c1ffef87d6662a203a9ad898a7d237ed37b104252e863e86fa43d,31,31,31,95,84,95,84,115,31
46965,Handbags,7d04ffb82e2ff5a214389d2d596b2f74daa00554b6562593bd9b317ce48ed011,38,38,38,55,38,55,38,115,115
46967,Handbags,56b1542c859395b413dc690d98054c6837eae16d1dfe77532e68ac4c3c32297f,38,38,38,38,38,38,38,115,108
46971,Handbags,b081b418022f048634bd18b031291be6c742e759c7f2bdf13e6280a57caa2bb7,38,38,38,26,38,26,38,115,115
46973,Handbags,1f5ca765143ee8b138d532015bbaa407cb5df29d781e5eef1b64300d2b5767a4,38,38,38,38,38,38,38,115,41
46976,Handbags,8f9b00d19aa2a7ee8225b9ecfaa555cef656ea01e31454a036808ffdba664538,38,38,38,65,55,55,38,115,115
46977,Handbags,21b3e8add5b8a7bbd9a7e3508dcb7e96fcad59349d99df4ae8d21491aa91d03b,38,38,38,38,38,38,38,115,88
46978,Handbags,b661f01f7ee4b7dfe1a9681b94c3503da0de325d4cce0aa35584cec2614e33b2,38,38,38,38,38,38,38,115,94
46979,Handbags,899fb03b1e9ddfcf5f4d0c5d44c190fd376a8fe7130a618c1e5d71c42ec892e4,38,38,38,38,38,38,38,115,115
46986,Handbags,6430fe13f6bbaa8a150a5301f693be7f7f86d8146d3bafbb3ed53077b912fd3e,38,65,65,38,38,38,38,115,24
46998,Kurtas,af3ae0a1aa4b0138cca929569222b315d99bb9fbebfa9ec27021d4e524869694,53,53,53,98,53,98,53,115,16
47010,Kurtas,0c8ad7186540bebb17483de1065754b29a8007e4131f0d9e0d07225acfd800d9,53,25,25,25,53,53,53,115,115
47017,Kurtas,4b1a651ce41234ee97a228654bf6de7f93588321ceffbc4a3647434aa29f24ba,53,53,53,53,53,53,53,115,115
47018,Kurtas,e5dd2ce3e77d5bb28c060071652061e7468c638c55409d529a04f198971c29d2,53,53,53,53,53,53,53,115,26
47020,Kurtas,5356e4b29586fee68e353a46ffd9474211a09722719e7c1996140f93cebf8131,53,53,53,98,53,116,53,115,84
47022,Kurtas,67301a0e85a4942f4ab045e173f76e805b7b060d5c5851eebcb31141bcd71897,53,53,53,25,54,116,53,115,114
47036,Kurtas,9c0f0d3f289246fcfe15818f9e41189fb791ef4b9644ec0e0e6f917937590065,53,25,25,25,25,53,53,115,31
47043,Salwar,5c07359c5c52f25063fbf4fda8bb2d47a6fa2f2d70545762418a342b78bc7622,82,82,82,82,82,82,82,115,115
47046,Salwar,11e8663bb2091290056f6813afe68c40e4f206ad67df931480152be29072f4be,82,73,73,82,82,82,82,115,115
47047,Salwar,b0b22d265aeb28b10f0b78ec0b526b1f8585b722f8e3f628109aea875f9c4d6d,82,73,73,82,82,82,82,115,43
47050,Salwar,a2afa8d6ebbeffa5d16949e3533c629168a6f9fa1a5cb55c6f5eb6b8e16cd9b3,82,82,82,82,82,82,82,115,115
47061,Patiala,74bc4c5df3e7cc000723891af5dc460ef6c3f614a64c0ff9445110799469be8e,73,73,73,73,82,73,73,115,2
47072,Patiala,1660b3da843a03d0aa0242af0cc078f55639e41f048a253b8a004f9f38397d8e,73,73,73,73,73,73,73,115,5
47075,Patiala,e9d28dc713328315b7fe9b0999245c0a1200fbc55a46ebf73b16043fc6f0a2f1,73,73,73,73,73,73,73,115,115
47078,Patiala,52640127979ba24997e7b0537122daf64ef7e68c2d8dd349423df70c5cd62644,73,73,73,73,73,73,73,115,120
47092,Casual Shoes,9d76dae2b5980c7e396ee4d6ebce09f3ae5e93e16179390ec4b79c03415193ef,16,96,96,96,96,96,96,115,53
47100,Casual Shoes,ad60edf6a0c996b99ff19ed7b7609cbd2be223fee12482f42dcbd89532dbbb78,16,16,16,96,16,16,16,115,31
47105,Flip Flops,45bbec65c1e2037f233b9d4238b3a844c7ace826642889601605130ac6a7e427,31,31,31,31,31,31,31,115,115
47111,Sandals,6e70627a8ecc7675abd783e96d3cdd9503e4ca49f0bbfb3710e9891a7ae77802,84,28,28,37,94,37,31,115,16
47118,Sandals,49579b087ac2c3f8fb3b7e75a3c80dbe0fb02ad8631ec239439c2f5dbc20bedd,84,84,84,96,31,31,84,115,85
47124,Casual Shoes,7f9ede9547c034c9da6ddfeb74859abab1c9c60d28e9bec3dbf3c5a35cadbc21,16,84,84,96,96,95,96,115,88
47128,Handbags,9307d43e4d6b3f316859053c3e9e9d2eea9da1b1df1e2f5dd43d0d9b923f5050,38,38,38,36,38,111,38,115,95
47131,Handbags,7c07466003238531ae9d57709f8b961b3a0a8120eb128712a7e2e338c2b93798,38,38,38,38,38,38,38,115,33
47147,Handbags,3836a3e285a9a7a0fceb3481566d1d363c201e39c89d1c835321b10a06b52c73,38,38,38,38,38,38,38,115,16
47153,Capris,f4d433ed0ff47ccbbc84e1d4ff6c5b76ce36f2650ec227c545fe0e719a523f3d,14,14,14,91,14,91,91,115,53
47155,Wallets,f9b19241a1d14745f801a57999d77b09d99e3641b6b8237d721a72cf55553487,120,120,120,120,120,120,120,115,53
47157,Belts,85007224da68e2e1f210d36e5a6d2ed54307e2cd6e03653815ef9f7842448559,5,5,5,5,5,5,5,115,115
47159,Belts,0fbd68677db21ca508ed582e19dd41c4269123abac79823185862adcfe3847f1,5,5,5,5,5,5,5,115,38
47163,Belts,2d0fa7fac07aa3b044af588e7f2825b4ca62036166471f080b4f6b9ca350d6dd,5,5,5,5,5,5,5,115,72
47164,Belts,084bd443fd8602702227dbba9848660f33554ff7e6086215f7ed7f2415c9a900,5,5,5,5,5,5,5,115,120
47166,Belts,71216fe4a6c1111cc5f5186af6847791322c91f7e5bef0cb96a258ae29e91458,5,5,5,5,5,5,5,115,41
47176,Sandals,32a94cd030523228d2e65040d52400fcfa8b2490248399f1472e285ec117dbdb,84,84,84,31,31,31,31,115,96
47182,Casual Shoes,ae87b740946ab307742501c9242d387b24406ee41aaff5f864f09285a2398100,16,16,16,16,16,33,16,115,38
47193,Formal Shoes,21505e3df48931c2add73b8fa661aee0060897a8029bbb412603e7415b857610,33,33,33,33,33,33,33,115,53
47197,Sandals,e2bb862c13ddb5254583d6092d8b44ec22e7a16700f47abf7882155085c70dc9,84,84,84,95,84,95,84,115,2
47201,Formal Shoes,010287ecb16c70726c1be379b9630a0985d4e4c4a0dfc3cf7edc6aa20f571f4a,33,33,33,33,33,33,33,115,53
47205,Formal Shoes,8171eea17477c29d892496b26248c6ad3ef19d1daa94b2bde825e8c64b99b798,33,33,33,33,33,33,33,115,75
47208,Formal Shoes,79625248ad97017c6b127845b3d9a30db34093ed724aee596c797d6f89312272,33,33,33,33,33,33,33,115,108
47220,Formal Shoes,7afa34fb3e4635fc9e9c0e7a2f7bfec07c7b2cb07e7a67ac495a52ceb63414b4,33,33,33,33,33,33,33,115,115
47225,Formal Shoes,8560035ac88a4e7e99aa53630666008961388cccca9f4b60ae15b469492b5c60,33,33,33,33,33,33,33,115,69
47237,Casual Shoes,403e2cdf911e7e800d1ced91c8d98d0fad7cc446087dcb654125407578fd5044,16,16,16,16,16,16,16,115,115
47241,Casual Shoes,f1d3e9015c3680e1ed64004f9ba85266b1e8906f683d215d278ab751660463e0,16,16,16,96,16,96,16,115,115
47246,Casual Shoes,c0fdbf1723065a75cc2dccc4b3daad727f334bf0a589e0b0233bf32f04b0f67b,16,41,41,84,16,96,16,115,115
47252,Briefs,0fba8d2ae3cfe488b68f2d71b8e670bc94228eccad75a494c4075118d69122d2,12,12,12,12,12,12,12,115,121
47257,Briefs,9e9e5fa68a425d9bcf46bdee06c978daefcb96381a7768f010f723f6683c38ea,12,12,12,12,12,12,12,115,115
47258,Briefs,6f270e4f174a6979fb70a6037b2601df8a21f741c47d93adbf93a4ac4942255b,12,12,12,12,12,12,12,115,115
47263,Briefs,2696adac4df1c92e8542762987d50c3675c55fa04793f4232bf23d7b889ff8dc,12,12,12,12,12,12,12,115,96
47273,Briefs,e639fd5c870a534290194c119c83bbc2b2ca01da228ace4e79d4f8d4f06e8bf8,12,12,12,12,12,12,12,115,41
47275,Briefs,f68efd62ee11a40f95654fe964534aacb07dccc116dfb707898ec318ebb2558c,12,12,12,12,12,12,12,115,12
47276,Boxers,60926878cecd00d4c9b25198c524e19a7b2dc01995e6e848dc498cd86b2a5c2e,9,9,9,9,114,9,9,115,36
47278,Formal Shoes,fc5d0df486ca57314e3e5874cf38dd3f801fef366fa163ba53a8a490f0f0d4ec,33,33,33,33,33,33,33,115,88
47280,Tshirts,698c4fa59a1f038729ad5c2a44876245f664262f3e38002a9005ee8438a39650,115,55,55,115,115,115,115,115,88
47281,Tshirts,f143ab65bd3a6c29f5271773603f18988349f2fb89c4f2d90d1333c5336205ff,115,43,43,115,115,115,115,115,115
47286,Wallets,5bb484c24f767b8d7d749ce06e85260235d7552b428b674e61fc78ac0f62a828,120,120,120,19,120,120,120,115,61
47293,Mobile Pouch,c9d99fe77e7cb163ec8b7edd80af4157d7b5747be548d473aaed9e9ee7792b7c,66,66,66,19,66,19,66,115,115
47297,Handbags,d108b3b2f7f7cb20dafbe1db3132b3a2b2bcde10023645d301ca78a627aa28a2,38,38,38,38,38,38,38,115,19
47299,Mobile Pouch,0e49c19eff88b0021cd623b56266212731aa00dc1f6ce20ca275da149cd0d998,66,66,66,75,66,75,66,115,94
47300,Wallets,46292ef9da30edef6c889f96bc69a06f2178bc0915d2f1c9d746a64e527b09a0,120,120,120,120,120,120,120,115,115
47310,Wallets,b2f457e6e79adc2e86bc4ad1cbc1db013c9127729df64f08d9e8817d61fdf321,120,120,120,120,120,120,120,115,99
47314,Mobile Pouch,ae941cbd48d49121c06a6b1af0117219e6d1841a533a3cc679567bec69bb5f04,66,19,19,118,66,66,66,115,75
47315,Clutches,815e433f22264391c3383b39675376978e306002a167c3d70d89bbaff76dc9f4,19,120,120,120,120,19,120,115,75
47316,Handbags,1df5445355ae09a427bf636696afad98da2f59b882785f24692941ed350bacdd,38,38,38,55,38,55,38,115,84
47341,Handbags,8ed7a4b6ac4a0dee0df14d8e7a59ff3abeac27c8eddbd086b021dfb9dc5fd112,38,66,66,26,66,26,66,115,121
47350,Handbags,1abf092bcea134f9db35f78ecfc3705d9523f0eb38b0fecc38915f33cb989db4,38,38,38,38,38,38,38,115,115
47351,Handbags,a47b80ef18603e2ed7ef4333113e9a115edc7d04a161479c05c003f6dd034359,38,120,120,120,19,120,120,115,115
47352,Handbags,0a00fd8e826b83807b602f74bfb1e1523a36580ba92326ee36f6443a82e5e75a,38,38,38,38,38,38,38,115,38
47356,Clutches,99a174ad4571b165839d6afed7598ac47ecb96cafbcb2ddcf93d17e2b3e405f1,19,66,66,19,66,19,66,115,115
47361,Handbags,bcde92e5a631edde404f525ac3d4d41fe78a2998d50932c7af38d66c32e48e76,38,38,38,38,38,38,38,115,53
47362,Clutches,83e64f06f0e0004eea3650c27eef146b5ec52e135045ac21563a2cc1adb7bd6f,19,19,19,19,19,19,38,115,25
47366,Handbags,bc7a7ea9f223c0d3f460148e23206bbfd02c5ab36981242dc10b2a17adcdca99,38,38,38,38,38,38,38,115,38
47379,Handbags,5fa2249b31db76265521d0cf0c530cc5d9bc6cf0b1c2ef7a463c79fd50d12a50,38,38,38,38,38,38,38,115,53
47380,Handbags,2dbb70e33d3937398d3a7160fd54b35163513b73167910afd25666343f85445a,38,38,38,38,38,38,38,115,84
47384,Clutches,db1d276da4ca9bc19af7b5621ee60d412a188402742673baa01d81367065f3d9,19,19,19,66,66,66,19,115,108
47392,Handbags,eb873a423a916c492dfa3877e4518ad86f81d8bca279f51ecd3202153d60f9c6,38,38,38,38,38,38,38,115,115
47393,Handbags,8dab40261e8d93d0c82441ec19c34f3efae509a1fbe086e8b10a6626466aa5f6,38,38,38,38,38,38,38,115,120
47398,Handbags,31165e891befb7c5f84cadc5ba80acbe9defa9a8e5db79f4976c5d338cde42a5,38,26,26,26,38,26,38,115,84
47400,Mobile Pouch,f2008d7dd09b189e6eb586d474f565a9841ef80f83394e325a900c9b5e3d9eb6,66,19,19,118,66,118,38,115,96
47405,Wallets,b8c377d3ada8f4a3ac81a5b209402fff0c49e75b2ac2d305c4d4d173fdf69a2f,120,120,120,104,120,120,120,115,16
47410,Handbags,0f53410c467c61bb7d37546fdaab93e254941aa4131db1a497875a7b88906840,38,38,38,55,38,55,38,115,115
47419,Handbags,7674a9a77ab2ed0896e6076664ca294feab64a9a253511bea4de4fa1245c2289,38,55,55,55,55,55,38,115,115
47420,Clutches,137dafb1cbb9084cd349bdeaa93ce9968a6f0fc5806d4bdcfbab7b9398297f5d,19,26,26,26,19,26,26,115,38
47423,Handbags,75da91dcae705fcc46959728596a3582bc2b32ed9b93a1705320298942e83b09,38,38,38,38,38,38,38,115,115
47429,Handbags,e41ee14d9379b7988e946b5d70ac36644c2cc501c87656aca8295275edfadf21,38,38,38,104,38,104,38,115,88
47430,Handbags,a889975fecf5d3f5bdaae40fb3f541a363d3c41c5e69d29bcca372577412c4eb,38,38,38,38,38,38,38,115,31
47431,Backpacks,44a26d7a59e7387700a78782a6bd88153534094c10375b1dbf32056ad213a0b5,2,38,38,38,38,38,38,115,84
47452,Flats,e525f15caac7f9a6de4052a153cb2ec4da06c93503783d9866ffc6b4f927edba,30,30,30,31,31,31,30,115,53
47493,Sandals,c154e589decb351376217ddeb09c0fabd4ade129acd590e71d5d1be2f087e6d9,84,84,84,95,84,41,84,115,115
47495,Sandals,9d0b699a28d065d25b79e4245e33a09a0f279bc14ef92fbb05d27b0d1930d8c5,84,41,41,95,84,41,84,115,96
47501,Casual Shoes,6a367e413250276cc9aa9059885090532d58ff2d1b9f2d4eb38ee6bdbf06a9d3,16,31,31,41,16,30,84,115,115
47509,Briefs,a1298c5fa6cfe5dbab78be002163ca0864b3fad6b3fc1dcf249efbf339175414,12,12,12,12,12,12,12,115,16
47512,Briefs,1a119a7412514f3278c13ce347564d96c3ea2fba2f1c5db18ce0891632c2e5b9,12,12,12,12,12,12,12,115,96
47513,Briefs,dc6b183b8a66d84a20b2ca8b4fe3cf57ff6825f4e6682610efb0da6cc2ee1621,12,12,12,12,12,12,12,115,108
47515,Briefs,70e4a3118c10a995eb417b259b5c0d34446ec2f64d74aeffe86a3a2a3d034128,12,12,12,12,12,12,12,115,115
47526,Briefs,f7e071383022c0efd751e46664d3ccfba968c4052ec4a4d1e4d0c4a2f506706a,12,12,12,12,12,12,12,115,115
47527,Briefs,85735785af037dd7344849744eb15899daa20aafe360e991425a4bafcc84e0ef,12,12,12,12,12,12,12,115,121
47530,Flats,73d32d929bdd207503c72e36efb4270af9bd4d8baf943dc15bc750840b03df94,30,41,41,30,30,41,30,115,120
47531,Flats,d9c10901a60eef2c87ef8bd18041cb8cc47499909303766937fa5a701a040d8e,30,41,41,30,30,41,30,115,38
47534,Flats,944270d52895defbad525a2e52c9d9dc38af02ba875c4820e27520652f8ab17e,30,30,30,30,30,31,30,115,94
47537,Flats,210e8301de0d30ce5337a2d27c28f6d92b29e49f0a5dea4240a42f6f2c9134db,30,30,30,41,41,41,41,115,115
47542,Flats,b1077f213410d4f251b15d4d96db680db4dbf76517cb989517d14bf1c5bbd967,30,41,41,41,41,41,41,115,115
47543,Flats,082ad7a71bdee5702b6e968e15387f73d26e2f46268f40f694e5f82ed6096edc,30,41,41,41,41,41,41,115,115
47544,Flats,d15aa09a4633854c28c41013faa833473398de48b1e0a414e649bea761bcb9fd,30,30,30,31,30,31,30,115,101
47548,Heels,cca90dbe721ed07dbb08aedea45f02c04ef557d6eb9157c2cb474f536641aba3,41,41,41,95,41,41,41,115,120
47554,Heels,a1da73391b62e44b24c1019f550ca1f3f0f290289f8922b54b2321c5c307005e,41,41,41,41,41,41,41,115,84
47566,Heels,c1c7da14d0268f96921f7a7b70018f6d0fec4d37465d1e3a33719ca565c10c2a,41,41,41,30,30,30,30,115,91
47570,Heels,6f813242a75c889aaf123989c9b95645fcb3ca35ded376149562869ed864b069,41,41,41,30,30,30,41,115,41
47571,Heels,3ea8eac2ec8a167367b0dd72422b07523004d87f38fee4bdd0d19fb0021549c8,41,31,31,44,41,30,41,115,121
47578,Heels,58e0de02fbf8f8ae2c0499ecf3074e07bd6f8a71e882454d0c4d0b8da304e961,41,30,30,41,41,41,41,115,31
47590,Heels,f25d0a6f49e01cd08fc81109e8d454c24cbe147cf2cf139480cd4c4b5349f6c6,41,30,30,95,41,30,41,115,65
47592,Heels,874e30c03e1f7f185e0664c789041c69b58d04452cd0f50fb34de06746f171da,41,41,41,30,30,30,30,115,71
47597,Heels,8a7691cc7d422b7119eed394f5588c3c0edf27e70bfce16c237d22a4695b8edb,41,30,30,30,41,41,41,115,108
47598,Heels,22655d38801c6dd9e4b88f7255b4f1fd60387a7db916627b5dbe3991e67b5373,41,30,30,44,41,30,30,115,108
47605,Heels,d55b36d8c3a18d8a33b44c455ddd1b55cd57bffe846faa83961fbf2ed9aa623a,41,41,41,30,41,31,41,115,33
47609,Heels,a719a052219b6ad4b20f8f5e2f540f6153c7048a020988099dfc434450e104af,41,30,30,95,30,30,30,115,121
47617,Flats,440ffc3faf0bacab1db288a1af290954ec75e0aa559eaaf0167b7850814c6ade,30,41,41,30,30,30,30,115,115
47623,Heels,07efe10d39951c73be6c28807d50501a0d0565db0ff3213af1a7a521e4cdd687,41,41,41,30,30,30,30,115,46
47627,Heels,8c8ee57a59a18c192529868f887711cae5e93e3efe4cbed57e8ecedde9316b46,41,41,41,41,41,41,41,115,48
47632,Casual Shoes,f636985878c7954cce7ba44df47cdd2b5f36591fd71679cd97d97d6373a6b172,16,30,30,30,30,30,30,115,45
47636,Heels,8903ad722d6363bab799ecca9d253e4541da90936e9f3865ed53d4a03edebeff,41,41,41,41,41,41,41,115,121
47652,Scarves,e96a0cdc1e8c37f324da08a716eaeb7e5bc81813b6ff51aca9bb88552cb955c7,86,105,105,98,98,98,86,115,71
47666,Scarves,8c0fe6f5c8f0da237294790fb007a14156d7c78bb0fb48e4afa6df29930c8690,86,86,86,116,86,98,86,115,96
47674,Dresses,ae5c92f36ad9c37bb922dea5108a8f0dd70cf8896962f73c0ed2d45367366dca,25,25,25,98,25,85,25,115,115
47680,Casual Shoes,36798270761a6cc831f446a79b54ee07f81cd706aa191cecc3d3df213cb8040e,16,16,16,96,16,96,16,115,31
47814,Handbags,45e225a80d38bc4b4c285917b9e33953f1f83d6c8f403976bf88b65ae42abeda,38,38,38,38,38,38,38,115,102
47868,Handbags,bf6975193f38cf575fafa93701c6a2cb72016e37a456f11cfa767a4be166824a,38,26,26,26,38,26,38,115,53
47886,Handbags,ba66420af619a4803635bcd38a6b2f575a156955011fedb241420e191c2a74bb,38,38,38,38,38,38,38,115,16
47946,Handbags,9e2f18e61cfc16589d1be32fac06e3c2cd6c0eabff8bfc05dc4158f876490353,38,38,38,38,38,38,38,115,16
47989,Watches,8e846883fe91cef0367aa32e66ff4fb4e6bf5f4c7d2f26299c93856092a47fb3,121,121,121,121,121,121,121,115,15
48007,Watches,fd11835faa6d18d69610b9ed00205772d2e33878109e51db22d2bfa97267d92d,121,121,121,121,121,121,121,115,38
48010,Watches,e80a447f5449c39ed6c8a021525f28a4231019283580768e3a89834dba1ce581,121,121,121,121,121,121,121,115,52
48015,Watches,be916ced76c110eec0931b62579f2cf368a2d832102cd13a9899c2ff678ea4fd,121,35,35,56,94,61,94,115,41
48016,Watches,91e4477fbaa2d35a028f6085ebf18c5f39342721b0d51d0d4fb8165a9d7fbe30,121,121,121,121,121,121,121,115,31
48017,Watches,bb71c3de857f74af61c664bc7d446ba6de7ec06fade2b28c7dfd6f69b152cacd,121,121,121,121,121,121,121,115,120
48025,Watches,401df2a09c2dc4629c1f681a48fadcc68b19239bd8ba52725ee0fd4a9dbff153,121,121,121,121,121,121,121,115,10
48028,Watches,bac26720115c9fba2c6507758397f0e81cd97e98e2fcf07810c4d033bf38e2fe,121,121,121,121,121,121,121,115,96
48033,Watches,2393368a75ae5c8f89cf56377dd88ed8271726b94ed9ab216c792538d3abe62c,121,121,121,121,121,121,121,115,88
48035,Watches,6b52b0b3716925d92a42d5570a42f04a4fa33443bec7fe69220cb0c06d7ecff2,121,121,121,121,121,121,121,115,88
48042,Watches,44428f1a5024f768f80a45ff4f7f681c2d94026142db3e6506cde4af81fbc854,121,121,121,121,121,121,121,115,16
48065,Shirts,c25f1086a5759d0d7e9a010a6a4f2a09c0963c94af880c0c0391affe9281e518,88,72,72,88,88,88,88,115,52
48070,Tshirts,ff2fa160a9aaa0e885ca1ed1d8da5bdf759c0a8d8cba92e201c1774537c9cd31,115,115,115,101,115,101,115,115,16
48077,Tshirts,5c9397df8e8ac62d56ad585d6a191cbd349a430588e704b040be3141f9995dcf,115,115,115,101,115,101,115,115,96
48079,Tshirts,91a3f5454b4c6dadd04be8313cbf8e0de4bea741aabec17d70a488da43a98b15,115,115,115,115,45,101,115,115,88
48091,Shirts,02260056a3f7d0f0b523183a98c631dea7a3d0580e327bf638f153db9541833a,88,45,45,101,45,45,108,115,19
48092,Tops,a1f9e79efcbd13645d334b838eb40cfa48db195d4697a5e7be62d97bc864012e,108,108,108,54,108,101,108,115,121
48094,Tops,e047e6cc0a2dd865bd1e4b4850fbca42ff29128195cfd9a63a9259dacc341676,108,98,98,98,88,98,108,115,33
48100,Tops,e87a56a1edfc3dc82da6770800e1e90dcbed9d13ebeb11884a43a7833fda8f19,108,45,45,98,108,119,108,115,121
48101,Tops,dd04bea88a75898ad472199283b6897ced329765ef42fac0ed15bf7c09dba30a,108,108,108,53,108,54,108,115,115
48103,Tops,c1db1805a2cf9602346fe06439f37e65a919b576cd2a91c19db233c98f21d6a6,108,115,115,108,108,98,108,115,115
48117,Belts,945522bacb0c6b74a7b674a7fb51975dac87f0e8aac6594a62bccdbf2b816daa,5,5,5,5,5,5,5,115,16
48119,Belts,673917e23a57fbf91ec7b4970817f5cb8adef863b03e5bb86e124ffa50036419,5,5,5,5,5,5,5,115,2
48121,Belts,a317948e7ba3f09901e8da9863c2331e0d17bb01c542264a990889cdb8b8a89c,5,5,5,5,5,5,5,115,115
48122,Belts,77af774f75d5aa916b4699fa31044b1b74b526de8633ac2fae3e92d8d45b5084,5,5,5,5,5,5,5,115,115
48145,Wallets,3f9387e45cc3972e2a18d25dde095be6ad3fcccf43325c97e30dd45b16e90256,120,120,120,120,120,120,120,115,41
48149,Wallets,5fa51357c170e30755fab43cedd065d7f5910f8cb7b9bde9e651640dad524579,120,120,120,19,120,19,120,115,115
48151,Wallets,33f5f195e493bee7ef191ad6b68a60b3cbc9c01ce40ddfb6897b74bd3ac7b80b,120,120,120,120,120,120,120,115,5
48155,Wallets,3dda7ed5ad6078d4bcf55fa971fc4af2afd842c1f348a8372aa34a8dd2698c5e,120,120,120,120,120,120,120,115,115
48167,Wallets,70224776b29eb39cd335f491d8bf35e3a0ef12412252a763c373432c6d9f1c74,120,19,19,19,120,19,120,115,53
48190,Handbags,a692f8fa798351cac44a30399435d5dfad1726799f862a90a9fdfaf62cacb341,38,38,38,38,38,38,38,115,108
48191,Handbags,9e1d621ed389bb7b1671694425567269bc73ee4b5678e3d6929564f2620a1bac,38,38,38,65,38,26,38,115,101
48197,Sunglasses,17f73c7f734d78e2a7b020c373093f833703388f7c9bcf32e366ac261d042f92,99,99,99,99,99,99,99,115,53
48201,Sunglasses,7082c7458e796495e6e247d3e84b1eb847eb8e5bfbfb1790847241c22854e946,99,99,99,99,99,99,99,115,53
48209,Sunglasses,60d1d15c1d6e1089fde561b363d06aff000a2c3a41ac7d6ef6a9830a0d0670c0,99,99,99,99,99,99,99,115,115
48214,Sunglasses,787ce1a4a25840f8657dc1d66e02d4600eae0e8b63e927d45e93051f8c82b42f,99,99,99,99,99,99,99,115,88
48223,Sunglasses,b5955f1a1defcb5a08fdc26eee8eb830c3b672fa96976010debac701cd4d6490,99,99,99,99,99,99,99,115,38
48224,Sunglasses,6e1b59f3c827e5d0b9c530590cf5199f0e25f5ebfe7182a004ea87a3beeac7cc,99,99,99,99,99,99,99,115,12
48232,Sunglasses,98bedf57a39f72113a926bd0ccba6e1359e91be1f348a6de450eaa78399f4d29,99,99,99,99,99,99,99,115,19
48233,Sunglasses,f1f0776e854615189679405051a8327712ce1a08e7ca4ff253632cc9a592534b,99,99,99,99,99,99,99,115,115
48237,Sunglasses,d7e361957994a9da30ffacd37a4000624f9334b90d52eaf110c241f6089fff0d,99,99,99,99,99,99,99,115,3
48244,Tshirts,3b600e02eb87d1425ad942f346d47af72b5d0b776e455432e81ba99a9784005a,115,115,115,115,115,115,115,115,115
48246,Tshirts,54159df32eab3e40a886ace5a1c0fa20b19384378153f883d3a2e3cce34eef0d,115,115,115,80,115,18,115,115,108
48253,Tshirts,99bb0e8d67fa26a005076d683ffeeed33d7250e894d869e0cfba4b4e5602727f,115,115,115,80,108,80,115,115,31
48329,Handbags,dad16fafe86519dae1288adaab5f65e4569199f3331efdcc4f071727a6ddede4,38,120,120,13,38,93,38,115,115
48338,Necklace and Chains,56eb80d30d98b2def5bd062155247a0ae09aedcd212aa8fa2798b169193ea371,69,69,69,69,69,69,69,115,16
48341,Necklace and Chains,abb259ee5b7a6f1c47e6891cf975239628b1e3e3ac3c25feece33a1d722e0f8d,69,69,69,69,69,69,69,115,115
48342,Necklace and Chains,417dbd408fc2d9f28e3d55564bed0d227d6e98393d0ecb20322fd81ba533b2bd,69,69,69,69,69,69,69,115,96
48352,Clutches,5e12096939f544ae40e0744b567b0850682f8cc22f982e18261a583c70ab5776,19,19,19,19,19,19,19,115,16
48359,Clutches,caf68522ed6da2fef6b0ad8cbf34ef962f46e427da8ca31169cf6fd15e4d627a,19,19,19,19,19,19,19,115,16
48369,Shirts,6f4ad6c34061263e8ab05b61d02d85c646a01d2568f2be8610cb751725fa9c6f,88,88,88,88,88,88,88,115,53
48370,Shirts,2dd9d14f8d18ea8bbf52825d0c4df3b090afacc9be6c1455dc002e4229d29436,88,88,88,88,88,70,88,115,88
48372,Shirts,19f7326fce150a4478bd03a33b747b1f5ecb755a1419dbabdab0c55ab305e2bb,88,88,88,98,88,98,88,115,121
48376,Trousers,e9ec5c3467990f88c91a922f77bb642f22879039a96bad3c6c7fa104f33daf88,113,14,14,113,113,113,62,115,24
48383,Jeans,14f8b0ae8bfd310dd1ee11907ff8974d8a0a562c8762721e0f3137e59d1d9c21,46,46,46,62,46,62,46,115,94
48403,Tshirts,9ff16b992526f093bbf4c9260faa0cccdd56e9fa60b9496e86c2347ff331f5ef,115,115,115,115,115,115,115,115,88
48405,Tshirts,8c9bc79c458d24ba2928953386877be44d14115b1efb16f35bea9528f34978e2,115,115,115,101,115,88,115,115,5
48409,Tshirts,d8c8c847c8d00282837ff56985abe74cf75b61a0ba57042b8cc76f3e001a6838,115,115,115,98,115,115,115,115,91
48416,Tshirts,513009f5a74e3042aa1b1b03d45c9570337a38de4bf983774dc9b8fea440b4c0,115,115,115,115,115,115,115,115,12
48419,Tshirts,20d95cc8bd03e8ce6bb3fce6b819bbdf9c57a324d0f73cbf57a555250fcd5702,115,115,115,115,115,115,115,115,121
48426,Tshirts,919754b03b805dc25a1b628b31a140533cf2081fdaabb4a04aec7dd98db8cd31,115,115,115,115,115,88,115,115,31
48428,Tshirts,c744d74b24a7d57f1e8281b20619e337f32c3ac5fc41f559287905bcddcadac4,115,43,43,115,115,115,115,115,96
48429,Tshirts,3461ef25af0c682ddb447e5b02f3be79d8a58829799e9f326d34cb18657cd921,115,101,101,101,101,101,101,115,101
48432,Tshirts,027ae1064501d66f37ddb5d39068ae6644758821b012a92ec49e5376aa784659,115,115,115,115,115,115,115,115,115
48437,Tshirts,d506b83d3ec814416c92621bb60a92d3b112d3d7abd1b4adcda0e173fb941b23,115,115,115,115,115,115,115,115,88
48439,Tshirts,86b4443ab6348b4bceb97e8333f3187da821f2d38acb1d6f3dc46c11b296e517,115,115,115,115,115,115,115,115,115
48440,Tshirts,cd0107ad55c6daffb7ce8942f857f65f604cdc98a87c706f74ec127f67a2a7ec,115,115,115,115,115,115,115,115,31
48444,Tshirts,51f7e1e9bb030935da579833f469657d38f4d3bd72fa43ee63ac6e5c96c6ad96,115,115,115,115,115,115,115,115,121
48450,Tshirts,a7d2118894d8b9b277677e9ae8c443ad981948f65d049c9a74e6156eb000ee97,115,43,43,115,115,43,43,115,46
48456,Tshirts,774bf7a8d5d59345b5f019bc1fe1f76285287d07b738dc5046ac8af3e78cbb9d,115,115,115,108,108,108,115,115,101
48458,Shorts,a637184a42a3c7118edc02f88830cd7602c2e187acb0c943a0422e36e301e8cd,91,91,91,91,91,91,91,115,99
48459,Shorts,85cb3b108392ba6daf6b31cd1c0f5f97c2c7e3db6490b5ee067615815ceaaf78,91,91,91,14,91,14,91,115,108
48465,Dresses,0c60401a2b7e16f91b6988d16f44da0c9e73d79a17bcb2904897a20c58319d4c,25,25,25,53,25,25,25,115,115
48466,Dresses,24873cc20589f458fc53f9eef7c478973f5647adf3391316cf8a6ce710b2c2e8,25,25,25,25,25,25,25,115,115
48469,Dresses,485dd6f96e1b0021c884485acdb8f6e1a0a8e547c21b72667576defe69c884c1,25,25,25,25,25,108,25,115,115
48476,Dresses,00b057750890c13b9b61e20893370aa8244e196bd3d8b9ae732faa64104eac45,25,25,25,53,25,53,25,115,53
48481,Dresses,f4d2932e964f41f6550d5c70c877522fa5b2ff3f8817d65b880e6e5ab06ac8ac,25,25,25,25,25,25,25,115,115
48483,Dresses,cf930997488be39b99d9b91ec5023d5d117beacaa5a6979534a43b5107361102,25,25,25,98,25,72,25,115,75
48491,Tops,e4ab247c2d493b541596eb8db4a47a02a3d8a6ca7ba2e7906ae5dc33a2fe5baf,108,45,45,98,108,116,88,115,108
48499,Jeans,7609f252dfc867e063de5912ca74ae71b7f0158ab5fdc1276011de63e65a958e,46,46,46,46,46,46,46,115,43
48504,Tops,f4794b1483ada276df03fa6a8fe448e3686a4badedef1755064782d07340b28f,108,72,72,53,54,98,54,115,16
48505,Tops,49c1c589c83885c2400fd88725b3e269ace2a6bf77b37e00b47c52b12903d68e,108,108,108,53,116,54,108,115,96
48508,Tops,82e39cec5b3c9a7a0cc98c3b3d503983bc0e4833247421355fd2275302059961,108,13,13,108,108,108,108,115,53
48515,Tops,1eef111bf38072f97777284d9ea9247a5e1f881819ccd9b17f994bad7a80d4b1,108,108,108,116,108,108,108,115,88
48517,Tops,bebce36b247fda4d85996649ebab0c1f20be1e3171e1b1ad4317b88fc21c10bb,108,115,115,36,108,116,108,115,74
48518,Tops,447b09921c002a9c404d59e0ed5eeb1a52c9ffa8e8b6858cad0515343c693564,108,72,72,98,108,98,108,115,53
48533,Handbags,c6c31bfdb15d11e9ffab48f3ff7f553f85a1f4c48733fa32110c7650fffa2872,38,26,26,26,38,26,38,115,115
48536,Caps,37ffdae7c506fa99cfe634f9dff1dff1ab0624ea800b09a63b89f9adb1c091a5,15,15,15,15,15,15,15,115,5
48556,Belts,f381d28496d81a7e4653558020cb4f0125bd1c8049fe4307bfbbcefdc34220dc,5,5,5,5,5,5,5,115,108
48573,Bracelet,27f8e72d8804228a652473bec3d5f079e2500bc8442f814fd117809ac22934f4,11,11,11,11,11,44,5,115,41
48576,Bracelet,5f0ef83536a036d1667f28311df2d373cab2df608da9c7d2009ca9ba3c9cc9a9,11,15,15,11,11,3,11,115,99
48581,Bracelet,9925ce198275ac5d8c1565f2cdc6fc3fd4b46a25158bbb90711b485e4fa9a78f,11,3,3,11,11,11,11,115,115
48582,Bracelet,ee329462976f456e4cdc6c1f9201da5e32e3e2e462586c51d2566b8d3eaad198,11,11,11,11,11,11,11,115,88
48587,Bracelet,dc5e5b5ef415cc56c7f3e483198bef2c11b48c34555ce2b656084ed1cdff7872,11,11,11,11,11,11,11,115,121
48588,Bracelet,b0eeebfc157853d0d8c437eef639d006645d9e3c9e21a33592d77c6c4c77641e,11,11,11,11,11,11,78,115,5
48602,Earrings,22d5a94e9393df7ccfdd7a87f0c752e3b4f57645d97bd9993771b2503bd72a00,28,28,28,28,28,28,28,115,113
48633,Earrings,b1e75d1c267e11a8526709575c3e381ebfa99f63034b071f8164a701874188d7,28,28,28,28,28,28,28,115,97
48637,Earrings,021c7017912bed1621be95b9c9a143adb2adf42d45ab8bc178b3e017c5babfca,28,28,28,28,28,28,28,115,88
48649,Earrings,1ae2fe6b6d9578ea2a14b6a7ec702130272fb265dc5f31434289499bc0889c62,28,28,28,28,28,28,28,115,31
48656,Earrings,4f36611aeb90099862ea19cca7f29b76904f555f75f45470eeaf34c6893ba477,28,28,28,28,28,28,28,115,5
48657,Earrings,346514f8c0c0be6016e9d8bcf046713229edb5acef5de18a87de3f9f1848ee8f,28,28,28,28,28,28,28,115,88
48665,Earrings,a3eabf21e7949f770d235fe5578745594c8765ffaa1ca2209df9a721c9121ac0,28,28,28,28,28,28,28,115,113
48675,Earrings,50faebe323d5a052c1f288cfd371612b51965c6b2bede38f125658f033501943,28,28,28,28,28,28,28,115,120
48679,Earrings,e09c9d51704fcde56df43d010772c3a1efb5a034e64834bae201b6d22fbadcef,28,28,28,28,28,28,28,115,88
48681,Earrings,cadb27d59bbf51c59ce50e340117904111bac8087bbd057a326f1d7cc5bdd4fc,28,28,28,28,28,28,28,115,94
48692,Earrings,fa88afb9b72072c98de7b5cad833a52bd072742c26a720d998dd594331ebc88f,28,28,28,28,28,28,28,115,63
48695,Earrings,7f2eb93975e81bcb1391a615237d44c6096b9a5bd7561caa20fd2e4cea801da9,28,28,28,28,28,28,28,115,16
48710,Earrings,ab17ec5c49b78f0c33883a6e67ec8b35df5fd6ef8a7dfdece020b71898790639,28,28,28,28,28,28,28,115,53
48717,Earrings,b838e0fd6a244d7b293bf9a26e20451fa64f2d2a5dd7666edaabbfbd490e3627,28,28,28,28,28,28,28,115,88
48720,Earrings,8c9802ee2874d8233ea834a8842414d77fd053d5c4e014d18b7ed6ce02f373d5,28,28,28,28,28,28,28,115,53
48725,Earrings,f5b7939a051044ee71372b47536c44f8b5c3d399d2b73e99da6339d206233c3b,28,28,28,28,28,28,28,115,113
48735,Bangle,3a81550f5b93e9dd30f290a6b97e3e5d2d291872c1e16067dcb37ea0ed0be291,3,11,11,3,3,3,3,115,38
48739,Bangle,94f0ae3930f868a3960b5c73bec13a088743eb8e9a76bb665aad66d0ebb5b6fe,3,22,22,11,3,11,3,115,33
48742,Bangle,eee0b71fa4b4a18b5165627bd03ccec067691df638366ca5df54021f24fb4c64,3,11,11,3,3,11,3,115,53
48743,Bangle,1338492dd0a27746aba156aa5b49a60b6c3554578a202bdc313fe51f0d2c89fe,3,11,11,3,11,3,11,115,102
48751,Bangle,5df6253cbe7908de020cf6598efd2a25ff7865ac5417adee6bb14b0ba263ce2a,3,78,78,78,3,78,3,115,115
48765,Jewellery Set,9323dce906df95189d788785f8f9dc9030911c3e1148ef5af482d87e64b2929b,48,48,48,48,48,48,48,115,48
48767,Jewellery Set,97df53b0d28f52c8505ca9e4f38d392bd114f9e284bb7cac26af6036760fab5d,48,48,48,48,48,48,48,115,53
48771,Jewellery Set,8a889dd9c6b9f6c2c0d429874dbb73afc784cbce6878fb8c6027d4e219db17a3,48,48,48,48,48,48,48,115,16
48785,Pendant,34be999387c53798aa17202fb08c4cf6d85423d3c69558f8a5f0749c591bd23a,74,24,24,52,75,86,75,115,24
48790,Pendant,175cdbd51cf065f5f44ca27425dd0c39e102fe7769bac1919034d275d6e52180,74,74,74,74,74,74,74,115,2
48791,Pendant,20ca73d34e2e4efe1de5d570dc4a61bb7bbe53dd71268d152097b1df98783534,74,74,74,96,74,74,74,115,33
48803,Pendant,d3a6bf5864860adda2738c2b9831c1853aa0ddc055fa5f51b99e24e2f6497317,74,74,74,74,74,28,74,115,115
48805,Pendant,e2075158f26e43af4c18e289f52386679e490c424af4dae24c0ed7162e364e18,74,74,74,74,74,74,74,115,94
48808,Pendant,1ed5135dd2d25ce61c1367f566bbee6383a64dde3810c826d8d5a6efe191f115,74,74,74,96,74,74,74,115,16
48816,Pendant,0a8165198cf26045dd3152b28fd444b40d86b5d0b38be2981b5142396b621619,74,74,74,74,74,74,74,115,95
48822,Pendant,1d49a6571ebe9894ade6c055db89266c78490d50ba278ba05aae59088826c1b9,74,74,74,74,74,74,74,115,88
48823,Pendant,521f0cecb6cd6918c9ab1ece7280b7e3709e76e3611e508a2e57a89a52c80a94,74,74,74,74,74,74,74,115,43
48844,Pendant,539e19f86b06ab6ad9682aefe2ddd4ef7b65fda81a13a968b3a33679131dfbb3,74,74,74,74,74,74,74,115,75
48853,Pendant,a83be1039dd8cc3aef5b85d1ada2a31c539a37a1419dbfafaa877127541df011,74,74,74,74,74,74,74,115,46
48862,Pendant,eaa8047ae5b1c2d6e1e4f086ae2ce566da3de6691af122570471d5849dc1e0e1,74,74,74,74,74,74,74,115,31
48865,Pendant,cbc1a3c4fbde9010d478b2e52c7a511bc6c372e599e697c722ed768dd1108856,74,74,74,74,74,74,74,115,115
48869,Pendant,6ebe2397f29a16fe1448170d24682485ada3869fb0fd17574bb774da1ce245f2,74,74,74,74,74,74,74,115,115
48888,Pendant,1d48b7ccb860fba18fea2dd68454c4b2224bf5ecafaff551ca20e3ed127877cd,74,74,74,74,74,74,74,115,15
48907,Pendant,2add17a73a2dce6e9ba56f03f2f1aca534f2e303e64d3625d42354c4a06371ac,74,74,74,74,74,74,74,115,115
48915,Pendant,ec1a8c43caece64bd61f7a2ffacbdcd5fe40a469a0e2374da744f7d9e8337cb2,74,74,74,74,74,74,74,115,16
48925,Ring,701e5f253818cdda4e9347431265a2551ea85e83ccb020a13e740af37e76c8e1,78,78,78,78,78,78,78,115,102
48928,Ring,bc05bccd025437582fb8d97ec4e50d930ee7c7b6ec10ea78b8d96c56d958de30,78,78,78,78,78,78,78,115,5
48934,Ring,fad1d5d41a44632bc46b2b9952c93d258bff99035556cf5d8e3ef0aa3865e95a,78,78,78,78,78,78,78,115,46
48945,Ring,9b76519a4d12ba5e6596831348b1d3662b34e51f335208f58a86edf2bb5619b6,78,78,78,78,78,78,78,115,76
48947,Ring,0c170c84edae20e10e6e14b3b67c7682630aaa6ecdc77c817b6a0fb508f8df4b,78,78,78,78,78,78,78,115,97
48948,Ring,ee8c29bf7dbc2d12050e10eb4b009933021da63a56bf033fbf7a4c897048c88d,78,78,78,78,78,78,78,115,2
48955,Ring,85afd5f191dee8fadaf5ff184f13a71279bb2820f3a27d94c3e7320fc68bb98f,78,3,3,3,78,11,78,115,115
48964,Ring,b5764019eb9dc82a2a8bd700744c527554458b278aab1c79e3ef3a322a35bb12,78,78,78,78,78,78,78,115,16
48983,Ring,e4439a1fa0f34275661f800926ca4118b72f3cbc368186f8accd2eda3578a74f,78,78,78,78,78,78,78,115,75
48989,Ring,ff5d57fd5a6f2dd148d45ce33f286b558d19ced41c1cecdcf8c85677e0bad2e5,78,78,78,78,78,78,78,115,108
48992,Ring,06ee7cd181fc1ba0d8c30f75bf21d9ac54ea5e9cbc7029a7c6fb5c6fff3caa7f,78,78,78,78,78,78,78,115,115
49024,Ring,21b09b8b3c65b0b61fa9413a182a658486df329d25997e90dffe0c5acf3896a2,78,78,78,78,78,78,78,115,115
49026,Ring,9e1ba8f35f25508bec2445e56d91b72db57f0ba01b59f05ff64dc0992cd126d5,78,78,78,78,78,78,78,115,12
49034,Ring,7304104482b4fb76abcae152056b41f5912729fb015873f46d1f4222a4342b06,78,78,78,78,78,78,78,115,96
49039,Ring,9d255c37efec91f3f4cdd0fb6d06221bd5c8da0fc675714079c505a79e737f66,78,78,78,78,78,78,78,115,88
49047,Ring,5b279898f2701131e6f7e21504036860be384501cad1a0b4fe2e5e85b28bcfda,78,78,78,78,78,78,78,115,115
49052,Ring,75cb0243b413d7bb29de1227fecf984cc0f36429b0282c5e0ded675e4816ac09,78,78,78,78,78,78,78,115,115
49061,Casual Shoes,6eb7d3a4031783cff460ee16ed023af69a3b57fe289a2779cc743fcd88ad2ac3,16,16,16,16,16,16,16,115,38
49079,Eyeshadow,f9c0bee3d00b23d7f9159cfed94d063f94c66e9569d1ba5f06f72a04cf0d4441,29,121,121,29,2,29,121,115,115
49081,Lipstick,242d2528eebb29b8d671b3f790f10eb9826c52beef5c54a6cc78b9918b74c5a6,61,61,61,61,61,61,61,115,88
49083,Lipstick,2221a68bf7bcf40e35753036186e9504ee3c816a64d1813c3d13ad01e8aa02c1,61,61,61,61,61,61,61,115,88
49085,Nail Polish,792b7f2dc6c9941b5c848c6ea61d3048ae273ae8b05c247a9554abbedd81b744,68,68,68,68,68,68,68,115,115
49088,Kajal and Eyeliner,fd288a82e37647547d8a20965720cb4bf9076511a8ba30cb2bd947dced091ec5,50,50,50,59,50,59,50,115,96
49090,Lip Liner,214e31088424beba589dc7dd64b90b31465f2a8222bcafee3a5f8d11e195ff30,59,59,59,59,59,59,59,115,2
49095,Compact,5fb6e092df04ef430b6c86427d0180617fc7910a138c2d66c75f68b19203d9d2,20,20,20,20,20,20,20,115,53
49104,Lip Plumper,03a65e1235ff5da6049787454a7911c3f15a3aad88b10df39a6e18a895f5d914,60,60,60,60,60,60,60,115,116
49106,Nail Polish,0d4e605a9fba9e518dd70708d777d4cfb3c3ca0b3683006481021a510a2de620,68,68,68,68,68,68,68,115,108
49109,Foundation and Primer,35970fe805c69ddcb0b27507850e59b7625b43f825c1497df9d3a762cd92886c,34,4,4,89,55,89,89,115,94
49122,Lipstick,decc45dc5617931e9ca1728fd30b7458fe1bb96d447cd5943b2cee0d9726110a,61,61,61,61,61,61,61,115,121
49125,Nail Polish,b1b152385a4ec58563facc8f672f6210b7a302a5334ced381173b3e4165c4cc1,68,68,68,68,68,68,68,115,113
49132,Lip Liner,381e941f811c0150bb8d40ec514152284cd72556950e00dab4a6d32c0c7d7f77,59,59,59,59,59,59,59,115,120
49135,Kajal and Eyeliner,bb1b5d570d4fe92b9e0ea4a4830d027be0d97fd6d5e4a200b02702f8d8d51ba5,50,59,59,59,50,59,50,115,113
49144,Lip Gloss,8bd06f4d53a5cb35516ca1d054ac013f667e6fe5088250eab53564ba51a728f5,58,58,58,58,58,58,58,115,88
49155,Highlighter and Blush,1d6b6abf6fe2c6b4e7c064ee4e4171e97521e0197e0f145dbfdbaa824a02114c,42,42,42,42,42,42,42,115,12
49159,Foundation and Primer,0ec90126b318d1fae7d4d666c26b2d4308e735ac18cc2d3f15e815b6f01b613b,34,34,34,34,34,34,34,115,16
49162,Kajal and Eyeliner,a841712d75b09856b0a645428215cab5dafb405ccd4adb76f9b0774fb32aad74,50,50,50,50,50,50,50,115,38
49166,Nail Polish,5076f87f442529d008490d8cbb92406398b9d22ecb83a67fda1fbbc1c3541a37,68,68,68,68,68,68,68,115,88
49168,Shirts,8cd63a2cce596970f934eb772a3f124a43a42176ec9afd07e463bb2067945a80,88,115,115,101,115,115,115,115,16
49228,Socks,215901d38410f2c1e81084df68506317e7a0f67932e55005df1a1c1888f3318f,94,94,94,94,94,94,94,115,82
49229,Socks,babefb476c8d63fff07ca201515e8f8efcfa586f50e58c33a782a90f14666800,94,94,94,94,94,94,94,115,115
49232,Socks,1c2a1b12c582258f535b7b19aa7628e4190e13f04763810fe65fda504efe65f6,94,94,94,100,94,100,94,115,47
49236,Caps,5fa56a7fd9cbcf2a4b515a1809522847d1bb6a4a8f127fcd3fd1264e718b6376,15,15,15,15,15,15,15,115,12
49239,Caps,cedaf73d8d9a17d24bf2745120a80e53d368a06d31edd992c9c6af6998d7df12,15,15,15,15,15,15,15,115,41
49241,Caps,7ff5b87d49fbf8490dfbd793e1054a8d8d8c50ebfe7423fad6b45bdf3537c403,15,15,15,15,15,15,15,115,96
49242,Caps,cd1c9645f19248d6345afde6104be4afaea8ef72536d2d50fd65072533968ff3,15,15,15,15,15,15,15,115,86
49269,Socks,bf88f50dd2d6992eaf4ba25398b622fb8659d18555f0868131d16a4d468e7ff6,94,94,94,81,94,94,94,115,12
49298,Socks,294642967c319f2794d4d13618950379a2f6786a7c594e55ead346560751ef78,94,94,94,32,94,121,94,115,38
49301,Socks,65e826c6d0e75866580f37ac5f450b056a6f745b411590c9bd554ff70e98b879,94,94,94,24,94,94,94,115,115
49304,Socks,324a56feb1fe030a32a2018b321171185c6b5da72101d45faf1811296fb24d82,94,94,94,94,94,94,94,115,121
49306,Socks,e1fc1b445c10a30ad559ca479ca0e010faa70d8ecf2dd326e777eb8ed8cc9622,94,94,94,94,94,94,94,115,84
49307,Socks,fcab21f88b1a2e378561fbe68dfcdddcb30e687dd05b10fe8959cd2c89dec71e,94,94,94,94,94,94,94,115,115
49308,Socks,6bbc8c5857b1e2a618f1b56637a580e5dd3d1f721cb0d3d164d3a1aec8d53f00,94,94,94,94,94,94,94,115,108
49322,Watches,286fce7dd505fae59ec3d6b69c6f6e1ed1fa40e989eb0ac5ac19b241846834b9,121,121,121,121,121,121,121,115,10
49328,Watches,ffc5132fc6df8b600191fcd66a36ff43eb6c54de3e570cc547a1e36a01d93c6b,121,121,121,121,121,121,121,115,113
49353,Casual Shoes,f8496b0e65ad9c704c3f873950e7ea55f5357705fb1809dfd5700d0723df0e12,16,16,16,16,16,16,16,115,5
49354,Casual Shoes,18b9c8d887ca591e0818f56d606962a247a79fc4bea1d727a51d106b47c13572,16,16,16,16,16,16,16,115,38
49356,Casual Shoes,ba7fa7d91366777b713522fc351c3c62389438441404c1ba12e89e13763dc132,16,16,16,16,16,16,16,115,35
49359,Casual Shoes,de3a6bce7bed49b786b58c49eeaa9b07ba2107b528286cce70e2ee7f15385483,16,33,33,33,16,33,16,115,115
49398,Casual Shoes,8a76177707dec6d3597f0ec8beccd43cfa2e84cb93905fdb5d008d2d1b9c3cf0,16,16,16,16,16,16,16,115,5
49435,Casual Shoes,67ba7eb5b42196e8d24ec7456ca446d8cc3e47d1e057410ec1042748c9a527db,16,16,16,16,16,16,16,115,99
49462,Casual Shoes,7def51e2fc2faff5392875e0fc5c331d4bfd441646ddaf8a06b18d50d78076a7,16,16,16,16,16,16,16,115,115
49473,Casual Shoes,71a1c131e2740b3af0f86c000ce0a870cbcc4db1ca8aaabd59b6a6568f0c28b8,16,16,16,96,16,16,16,115,113
49475,Casual Shoes,b8163d15f41cce2f80bd3a37a2f35741bbde02e1c0d4a7f6488c855b636bbcef,16,16,16,16,16,16,16,115,33
49485,Casual Shoes,1078f79d77d6088a604c969453f7230acde00cb3aa8eca13145ebea649b6a41c,16,16,16,16,16,16,16,115,88
49487,Casual Shoes,25dc3a6a9b7b8c0c5d2d28e36b370772256ee7a90d77c021e32e4d0477a1d032,16,16,16,96,16,16,16,115,108
49492,Casual Shoes,ce0f5591c2d7f7f61d25d9aa1a0de6bbc55e9d2638957ae6417b13637420af8c,16,16,16,16,16,16,16,115,96
49493,Casual Shoes,94fa4a486fa68c53053c5ccaf9398bbcd9fe0da17eed3431fe3e23d2b80eb519,16,16,16,16,16,16,16,115,16
49502,Casual Shoes,94834839fec771bdf307c9aed5963c1c1b8bdc8f9d85fd023a487521fd66b335,16,16,16,16,16,16,16,115,33
49505,Casual Shoes,bf989076bf0738ccd5032a4022a9dfde6eed5fe7840868f70983fde4ce84a2dd,16,16,16,33,16,33,16,115,88
49514,Watches,dc10933c1797f9d3d044ed2debd832d8d69f88dca8d8acd7b5d2b34aaf6dcb3f,121,121,121,121,121,121,121,115,12
49521,Handbags,cb436b49a631337add2d57fd1cc454f3f81eaa75a5925ab108c8b52d44bd1442,38,38,38,38,38,38,38,115,31
49524,Clutches,b245f2ff8c41b418edaf3e115b7a6e591774ce4c22e3aabba8f43325e8917ce4,19,19,19,19,19,19,19,115,72
49528,Clutches,da3efe6d51b795bd3f91425e7b283a1f67c4e6db276c53644ae1192862d6cdce,19,19,19,38,19,38,19,115,16
49534,Clutches,cb0e6af8355dcd4e48225add62541f294f481d8ed2b6b497bec476782d9e4222,19,19,19,19,19,19,19,115,115
49537,Clutches,253fef9f6acdda1c1c6ba05028d83718c7f5ffc6baa9e746a70a3fbf2bf9b74a,19,38,38,38,38,38,19,115,5
49554,Handbags,3f627ea27f6be70fbc2f14c813d945bf9278c50d11c72361de7baba04915c9cc,38,38,38,38,38,38,38,115,88
49561,Clutches,15496050cbb7caad5b7d9ddbb2987e5c15dbadcb9fece8f67b347dc22c979919,19,19,19,19,19,19,19,115,115
49568,Handbags,b8e6870763ad011685f6dd68a690a000bf5733faf5bad54418e248aa80936c69,38,38,38,38,38,38,38,115,115
49569,Belts,cd9d683777df73ba74d7086dc2b69fa8f94c808417644f27668744040ae81d4e,5,5,5,5,5,5,5,115,16
49581,Heels,d369b611d94bdcacaff2f3613b63820192daa2631039e1dedd3d9baaa3d6ff30,41,41,41,41,41,41,41,115,31
49602,Heels,e5cab6a7303e7c8219f9f5be4bc6940e9ffc334ff0067a0ac17e7d4b1a8a99dc,41,41,41,41,41,41,41,115,96
49604,Heels,4dff207262e23e01041eca5db0b6161f956ada1a9c51788d8a61f2e036069646,41,41,41,41,41,41,41,115,115
49610,Heels,6a3292ed621a7f80413d8442cb9a6740755f808ad86e6df0b435fe0bf64bc897,41,30,30,30,30,30,30,115,121
49620,Heels,5c2af7d892687a6734c550d77a66b2b56878aa1d6206b1e5a0d7d982914f50f5,41,41,41,30,30,30,30,115,84
49622,Heels,f97b65084dbb25744e01198515e80edf636c5611d86d790935b1c96a4c75a8e1,41,41,41,30,41,30,41,115,88
49624,Heels,24a7ebd844e9a95a06e2b4ff2f4a57f9f0a92af296ac49130dea0f10b3bfc2f7,41,30,30,30,30,30,30,115,38
49630,Dresses,76badaabd372b666bc6a0559199017e917c42cee79303f9caab3b0ae4fd30b5a,25,25,25,53,25,72,25,115,108
49633,Dresses,e660c2beaad7edcd52163b9ed1a5f01a734b86bbaffb44093dbc23b393df7c16,25,25,25,53,25,116,25,115,46
49652,Tops,a2a5d9b2cab71188737f0b4d49db95a29b120fd201370a417756df63e8a61226,108,116,116,54,108,108,108,115,5
49664,Sunglasses,fcc1be7432ce53348fb4f73ba628034e8fb615c03796c1409f04c4fccdb4edb6,99,99,99,99,99,99,99,115,53
49670,Sunglasses,a15cf1e86029a45630bcd530596bbbeb8eb9d994d440b723c9441b65887fc845,99,99,99,99,99,99,99,115,53
49689,Ties,5ec5ca1febc291a8a97ecdc45c49b78773a441970e52ee31448e8c2a923c0ff5,105,105,105,105,105,105,105,115,102
49717,Ties,62d128e193961d48e378f4165889cc9521f898fbcf93cee99174e9267a2a0916,105,105,105,105,105,105,105,115,31
49721,Ties,b1854277a48ef3279fb91f670220a46e1971156679efc4e11fc98bad19fbcfa5,105,105,105,105,105,105,105,115,38
49737,Ties,55240c35fd6d61e94cc4b837b66cf07cef18b41de5e3085dbd206b5c55f0d99e,105,105,105,105,105,105,105,115,94
49739,Ties,3abca6c7c2d50cf213720709fb706f42d4382cd8fc3a8b42c8aee63628020dc1,105,105,105,105,105,105,105,115,115
49744,Ties,b9e0c7b4eac0b4eba72573e17c76f6c962e7a7981ce5437ebb3718593ebf388e,105,105,105,105,105,105,105,115,36
49750,Ties,d797c8cb0bae156ca406320629f1956980ad781938bb7237c9a6cee74edcb369,105,105,105,105,105,105,105,115,115
49760,Leggings,1b5e7931c0bb5ebc8b61fc63478a1df83850ae3c6d34dca508826d77a1784700,56,56,56,47,56,56,56,115,75
49764,Leggings,93b2fb96dc2adeb3a83e7cc1dd60fef326680f35351240f6e3fe8968552d13cd,56,56,56,47,56,47,56,115,84
49769,Tunics,466092682f0d966c63f475e4d1267b932b30c1b50ef9c58731e0d4b6bf11640e,116,116,116,98,88,98,88,115,24
49770,Kurtas,61fc7df305ce4bbf848e82fa5bdc694713f2776275671be2d53f1fce3f4c4485,53,53,53,25,25,25,25,115,115
49772,Kurtas,c95fa68d5d88b42d7052f7920fd4839452e4a171aebe511945734f267883a81f,53,53,53,53,53,53,53,115,115
49774,Kurtas,d3610f246fe7cd81edfdf98dd342cac40add98ae248aceb0d427bc8a5825d80a,53,53,53,98,53,101,53,115,113
49785,Night suits,1757d75819ec42f871ee103fdc16444d6999d69b41f7929af1f4409bdf442847,71,115,115,36,25,116,25,115,53
49807,Caps,689569f3a4ac1a23b99a5d7ed5a415e895bbeb022d0a424f7b9269cdf9cded3c,15,15,15,15,15,15,15,115,75
49810,Flip Flops,48267c8f80574e634fcca43dcb16c55825afb0456556498ec56fa55352f7e102,31,31,31,31,31,31,31,115,96
49813,Flip Flops,55ff43203003c4ac89fa94a526b359121317bbb5c815f16a25bdfd04761f2b4e,31,30,30,31,31,31,31,115,96
49827,Heels,d68babb7946cb6a164b6aea06e1cb639d58cf3497e4a483732c26eb95bae6fd4,41,30,30,30,31,30,31,115,27
49830,Flip Flops,c60079afb58904e9895bffc58699894447fb5df092919f635f32d193fb8d607d,31,31,31,31,31,31,31,115,115
49835,Flip Flops,40c8ef56eb130eb98471e65ad2bb33d6cd8983619d1c26d29ee335af01c4cb16,31,31,31,31,31,22,31,115,120
49838,Flip Flops,44ca96ec76a7f54a05e4e32b6de12917daa059446cf250ae031ade72f17de06c,31,31,31,30,31,30,31,115,88
49847,Watches,370a27541ade897dbdd155990a335cbc2d73a937fd9ed59853adf42fbda6e24a,121,121,121,121,121,121,121,115,120
49861,Watches,5647a39e8b7ffba0d7a7f5b993059d0a9a85d3f14557cd0acf44e0225a504a67,121,121,121,121,121,121,121,115,31
49862,Watches,1ffaac3c6adff2ac61050b24ee5a2eaa97addb48b16a9e1903a579b35c523e8e,121,121,121,121,121,121,121,115,88
49867,Watches,a8277990abd4224f29caae8ed97a94ca0e7f033a44778263ae5bfa6bd7ed8df0,121,121,121,121,121,121,121,115,25
49874,Watches,f4bff9ce44adbdac92296118eca6396210db4b7cf12c62d883a0b95dcaf315c6,121,121,121,74,121,74,121,115,108
49875,Watches,dcbb1b80753559be2f1b3e3d4afd273a0168441c67dda9b443fa00df5c3fbc0d,121,121,121,121,121,121,121,115,99
49884,Watches,5839b146f730c00120392acceb119da67fcf4619f50f990b8e3243749461be79,121,121,121,122,121,36,121,115,41
49891,Watches,f88d14b9533ef70b996c1de2cd9ff53ca51ae1bda1788ae93ef1f82a46d6451c,121,121,121,121,121,121,121,115,91
49893,Watches,a90a1a0762d4bedc39767369fd47308d33181c27216842036ad4735128c75516,121,121,121,121,121,121,121,115,24
49899,Watches,13e9a5271ae7467e24f257ce4498a41cd9e7d264f2551e260d5a8a160a3f5b4f,121,121,121,80,121,121,121,115,75
49900,Watches,5c327fdd441373d83d1e08c43fd15df16080228d4bc387267965cf0105dee936,121,121,121,94,121,94,121,115,115
49904,Watches,fee8c0966ddc8ad82b352157a94304023ef0c02bb1d30dd835688c137cba0fce,121,121,121,121,121,121,121,115,115
49907,Watches,37a4ff02442f862767d1fda3b27c07ae35db5539886d2b7f4cab578060c4d540,121,121,121,36,121,121,121,115,75
49920,Sarees,10498427ac6faf833a7bb6c096d1940f68bd10e7fcb5ff55e0452401ba12721e,85,85,85,85,85,85,85,115,115
49924,Sarees,8f70b404707b45745dbd173c531f87a07c6a958d426af672e2ea2296290ce431,85,85,85,85,85,85,85,115,121
49929,Sarees,c914312ce3a935190385400454e099831da875f6aafdd03524c067645d5037cd,85,85,85,85,85,85,85,115,16
49930,Sarees,af7ab11369cf0cea25fdcc0399ccd14e6298c4d07588848647b5fe15f74db126,85,85,85,85,85,85,85,115,53
49938,Innerwear Vests,5477188ed49ceecda3ac6e10a3003e39f2ddd7523fd4de1a429b6029daa66ca7,43,43,43,115,43,43,43,115,25
49940,Tshirts,b60448b1d98d41524aad7d4eef75bd1fc877708f609a7f20ee6b8160e3351fa2,115,115,115,115,115,115,43,115,84
49943,Innerwear Vests,20a1b702f1a9c7be59c1d7c28514c6e22187415efc955a10e8c11d90fcfc19f3,43,43,43,43,43,115,43,115,121
49946,Lounge Shorts,7cdd1b62bd1fc6f9273c346d8d98ed7de9ca8ffd35e8524d49528eab3aa25866,63,63,63,63,63,63,63,115,94
49948,Lounge Shorts,6793834d94b60a7d91d99a4c41549aa969cc1a141bdaef666328fd56f5c7f287,63,91,91,63,91,63,91,115,121
49955,Lounge Pants,281212b95413a5c38e505dc383953984c7641dbc687e64dc56204fcc55326a38,62,62,62,62,62,62,62,115,74
49957,Shorts,079a19e02e1039c92b9b8ca5cf85adf6aa010ed918b2b95c6c6a248968caa8e8,91,63,63,62,62,62,91,115,120
49959,Shorts,fd6f25d00054ffb22baa76916f0b2939604899e9b3cd1ac94c5dde4487a8f488,91,113,113,62,63,62,63,115,115
49963,Tshirts,4d400e72f00b53d94b4012225edfb739e7b1c063f0407a29ac12827161d18e49,115,84,84,45,115,115,115,115,121
49967,Briefs,fa3a106c519f78c72c0a96799a6dad52531ac533c8689b88b7116fd07cb66f3d,12,12,12,12,12,12,12,115,2
49976,Innerwear Vests,a33e03dd0eb00566bd2d7fd54eb8aa49963562ee58ce41d46a001a9b2d518bab,43,43,43,43,43,43,43,115,31
49978,Innerwear Vests,0704850d4837c85b863763840c7935b85fef5cdc29567109b6766cc108860e60,43,43,43,43,43,43,43,115,84
49979,Innerwear Vests,708cb8714516f04dd6667a70c2524d80dc66dc60a1442480fa8824bc2968cd74,43,43,43,43,43,43,43,115,120
49985,Briefs,cb0a3237c94c1f2e6745f1cea13f5432a64f1178bf7cf9941bfd2ff8a4b6394c,12,12,12,117,12,12,12,115,88
49986,Socks,ba12a1f91db63835500c460b56128465445aa1094d294b04693535541f647358,94,94,94,94,94,94,94,115,38
49998,Briefs,f4c2700a430369244c20a12e395abe62db41fed8634e952ae5d9e5caaed4d5e7,12,12,12,12,12,12,12,115,33
50000,Bra,698205ef65c5af95fb1d01655fac6683ff48749d644621f8f3d1d8e8410ccd89,10,10,10,10,10,10,10,115,88
50003,Bra,eb5c8fdc941d942924d76c2e5d1225503d0dd87f95d43dd87992a15aea98c182,10,10,10,10,10,10,10,115,99
50016,Innerwear Vests,a4cf98da5c517d44e7fcb8609d5f15f1784b54bea9b6d8ac4f1c99e33a1c9193,43,43,43,43,43,43,43,115,2
50017,Innerwear Vests,8455c94d4a4459da95aeb21306ed7a1792fc0e91829abbbc5f70dbbbb78c7a6b,43,43,43,115,43,43,43,115,38
50021,Leggings,b6e88a887a4b53ee9421092eb29d484a8b280592fb47910dd759bac273460747,56,56,56,107,56,47,56,115,75
50024,Leggings,3c834c9f0701947c99e9a1f0c9944b01b6d444158ab7fab8fb7b269a81fbbc7b,56,62,62,47,46,62,56,115,46
50029,Innerwear Vests,3048d788b00ec2af239d6551fc94ddb57b6018354ff59982f456dda1d378e559,43,43,43,43,43,43,43,115,53
50032,Lounge Pants,0040996d3d4dd92ad033c6e64d758a793efcd4e580a5e8cc0953d3366b8b2e06,62,62,62,77,62,77,62,115,2
50035,Bra,f1074186ed87874eff05d373f38b0f7a5239527e9974556d3dbc18cf117df70e,10,10,10,10,10,10,10,115,16
50036,Bra,48d7aea881546374f32646ca4f6bd6000aad0cbb3bbb6ddff6d2cff3be64e451,10,10,10,10,10,10,10,115,16
50040,Bra,c3a915809f4859d0153af17810fb65453c100650cbcba386ec5db390dc27ee2b,10,10,10,10,10,10,10,115,121
50041,Bra,8f3c7ddb9e0ee8ee4f028d547ff5aac069d6ac30a0944338dee501ddb7f2b777,10,10,10,10,10,10,10,115,19
50045,Bra,2327d33062a7317356ea184d7b4b5247aa7e11538f67615fcb9383637ac47ffc,10,10,10,10,10,10,10,115,115
50047,Bra,021b331541f25e71cdcf2787c006f5db68ffd201c68a4ecd9bb29802dfaca33d,10,10,10,10,10,10,10,115,38
50146,Heels,526126cbc8ed19fcb2049698c9cdb4ef47dbb05f7d53a780841f00c12f7c05cc,41,41,41,41,30,41,41,115,28
50159,Heels,1bed90329411aa588d0f4f8360d6bc55271595115a15e5998ef7026806c88ef7,41,41,41,41,41,41,41,115,43
50161,Heels,39f0f6bad8ab744dcc7a4b870dee2eaa5ca50a2a39fe0a5151f3a75b1dd2b22f,41,41,41,41,41,30,41,115,108
50166,Heels,b106275891c7a0bf6a44661b38c30172ceafc7c7b73a5e2465a0080192b6139a,41,41,41,41,30,41,30,115,121
50172,Flats,2c62ce4d7c9fa80d9a0115a97ebcd08cc74fbde6a6de8842ac96c51ed86c7086,30,30,30,41,30,41,30,115,115
50185,Handbags,4c92f098764357afe5f0b2282962c5ea016f0980b1b45053f612abb9daa87bc7,38,38,38,38,38,38,38,115,116
50188,Handbags,a760f928ab0d601fde611e6cf38c82e7daa0fa49d3c97fd0914119e6f14d9915,38,38,38,38,38,38,38,115,30
50191,Camisoles,ff54adcc1ce676f59c844acfc45a96ef16bbcaf391c7377f6724fbb0ecc93848,13,40,40,119,43,103,108,115,15
50192,Innerwear Vests,08c04d1e5f596592f60da056df504995df4af7ccf8c9d7de2ae8ee281a48a008,43,43,43,43,43,43,43,115,88
50200,Sunglasses,e0894c758c59e70e231d30d650d8864f67d089bbbb6608bf14b6cc2fccf8e075,99,99,99,99,99,99,99,115,115
50207,Sunglasses,27cf46dd94850ee529340367cd1d6e07aca0777a5446e0fe94771bde5a09b94b,99,5,5,99,99,99,99,115,115
50208,Sunglasses,8aac2334f4dbc694cf4a65e4eed6f845321583664dffc22409079382ab0842da,99,99,99,99,99,99,99,115,10
50210,Sunglasses,6b456bbfaceb7bcac055b1726bf124c23415eaa02615bdcb832bd1dc33d1f2c3,99,99,99,99,99,99,99,115,113
50216,Belts,204f72140ad223b4aac1b80922c438cea275a5e3246e34616879d11f4b043dc2,5,5,5,66,5,66,120,115,53
50232,Sunglasses,923858ae3a64229ff4081218a8717d891baf4c9197ae0b489f00de197551c0fa,99,99,99,99,99,99,99,115,15
50233,Sunglasses,07bfa1dd29abdf4c21d485b9228a2b7bb4581a2d6a838cc317a85b9b8f95fff0,99,99,99,106,99,99,99,115,38
50234,Free Gifts,4cc749ba00d41f10ce8b5feaaf22cce70b8f06b2b4c735d9ec018e3a0ce99fdd,36,99,99,99,99,99,99,115,5
50235,Sunglasses,bbdb5c9b8300af8d5ef4485c615d156f13cbb77ee2ed9c8ebe8a9ab7dfdb18d1,99,99,99,99,99,99,99,115,84
50239,Handbags,a3022cf8cd0afb721e44f320fdd421893338dc23c5fe7921df494c2006587763,38,38,38,38,38,38,38,115,108
50242,Handbags,dcc5eb037e198c95629f0edfaffd46db8324ee588efae02a61696fdead2e7d48,38,38,38,38,38,38,38,115,38
50243,Handbags,164eb96f420d8bbdb70b01a9be3bde1d560f956c47eec630194ddad0cc895754,38,38,38,38,38,38,38,115,121
50278,Formal Shoes,485075b97a987098ff1f1f7ecf4458e480db1a05f6552994022b2c786065b171,33,33,33,33,33,33,33,115,113
50280,Ties,5411e04a54657040077ba63648c4dae49e79362270da3f98d897d35343bcd80f,105,105,105,105,105,105,105,115,53
50281,Ties,f38c862451d1e0911c2946a4dd2ee74f22717b1e033c06dc387a2e1e8b538e2c,105,105,105,105,105,105,105,115,121
50282,Ties,aad6ed0fd003d2b3b5044801a2d96ec8665107917cbc01dd6fbb93ede9f139e7,105,105,105,105,105,105,105,115,53
50284,Ties,a6e0717a016f51817ff1a018202ec1f66fb4525431062e4cf571eec06c0569d3,105,105,105,105,105,105,105,115,16
50288,Ties,a3ba22fbcaf3e706132787a2985245188484d54b58158c62788bb479c6d93c4e,105,105,105,105,105,105,105,115,12
50289,Ties,88fff24a5eafaed1388757be96c1c56dcf96d335432392550916693f4e1708c3,105,105,105,105,105,105,105,115,115
50290,Ties,4552bef2fe3ca2815e47ec754520795f00f6b10d1ff6f9b31356bfefe04749f2,105,105,105,105,105,105,105,115,115
50291,Ties,88509806629f6a6269d6c60fe7721f87247b363d8073bfc28bbccb0ec86612dc,105,105,105,105,105,105,105,115,115
50294,Ties,aca7d76979e48443aef527b9079a2816564b6b154ba3fe53bf4da06de9ffa79a,105,105,105,105,105,105,105,115,86
50303,Ties,cb43194ff7428833274d818412d9173ffaf78003a10fec2fbda62ec7e6367b14,105,105,105,105,105,105,105,115,16
50305,Ties,2e14c9f7fd4cafa3609bb6e5f89b5c462ef8ed19084320b0e34f532857904df2,105,105,105,105,105,105,105,115,115
50306,Ties,b31628e4f30776788383038941e23548591c0ac2ca73295b73f6ff37fce9827f,105,105,105,105,105,105,105,115,53
50308,Ties,c4ff536144219aa23e03cd89b7aed494d6171e2859015c61e73f5b727757a91a,105,105,105,105,105,105,105,115,10
50314,Ties,e108b203b90e3fd2b2cbf8cd6e9b461fe54689708726c568bae257f193eba92d,105,105,105,105,105,105,105,115,115
50316,Ties,818f95f514daa2337bba69e1d3c848af83dc8dc204ded7ac21146fdbf75d6a07,105,105,105,105,105,105,105,115,115
50317,Ties,375723421145f46848986df1175996fa80e6b4e24091bef2682b556516eb6c7c,105,105,105,105,105,105,105,115,53
50318,Ties,202406cc8a9c89a5c1d18e118b5cd6115d1d4af38428f03890ea68d383aeea93,105,105,105,105,105,105,105,115,121
50319,Ties,a705b087b113a06f8ba346aa765af618073da6fda3fc40e9992aef1dd029281f,105,105,105,105,105,105,105,115,88
50322,Kurtas,66973906be9bde2c761f3293e8c7e281a11e2f3de2ae3b45c33c077d1571606e,53,53,53,25,53,53,53,115,115
50324,Kurtas,c090ac3fbf7ea1c7839223f92fd2680cd536bd9db8185315c803410d96ce0360,53,53,53,72,53,53,116,115,38
50325,Kurtas,9b9c3dfefab3ea4d173ebe66f19c137402ada6a094a6585e5ad957ddfb6fdffb,53,53,53,53,53,53,53,115,113
50333,Kurtas,5052301ef7d19d81cf3828778a11143ea98c901ace13890acbebb5652d1e5119,53,53,53,53,53,53,53,115,38
50335,Kurtas,28f69384716c9b653a4889e14b5850c05c1eec756367c31be915728159524ede,53,53,53,72,53,72,53,115,121
50337,Kurtis,fd2ac9698eebc51fb3cc8dd23e7d5fb98ad115ce0ab497d4f9c63c4c1a8d31bb,54,54,54,116,108,108,108,115,28
50347,Kurtas,f1a67b3d836ec775647dc7df112ae9d6cd2d6015ff1c006738a0bee3e9b305b3,53,53,53,53,53,53,53,115,31
50354,Kurtas,4b58b6e862b52e95363feeb5214ac4c3c01a8c119fd37d2081441cfbcbe11b60,53,53,53,53,53,53,53,115,88
50355,Kurtas,86e7009f992134395af98c7b739ef9414b2116c48f47894e96259282bdb6df0b,53,53,53,53,53,53,53,115,41
50356,Kurtas,72c5bd565696a0c60c310f75cf256524ade49632df6e8827610bced2943b84ea,53,53,53,76,53,76,53,115,41
50382,Salwar and Dupatta,a104350d5f60f0a3b5d6d0892708100a7905525e4b337928f9c419edf5d3f543,83,83,83,83,83,52,83,115,38
50389,Watches,0c3cf230daf1c80122d28049850ea78c88d1879a9d5fb0e2fc43b7081ef55aa7,121,121,121,121,121,121,121,115,16
50390,Watches,5f9b280684729230b819879b997f2002ae99e25ff862a7bb440e8b62235922df,121,121,121,121,121,121,121,115,94
50391,Watches,cff0a7e06b2f16aaba9814acf3e7d858efeca5867d97e98d263642afb97acee3,121,121,121,121,121,121,121,115,67
50395,Watches,c16ed0c7d75b7140806f965326ddee1d1db162cbad0272394ff9b61182ac7d43,121,121,121,121,121,121,121,115,121
50401,Watches,f067cc1dba4db671d4b41ea6ff99104f2823f0673a3c95dd68f503443df0ce81,121,15,15,100,45,35,121,115,53
50405,Watches,4e260d08487ef73f7539d8b1327d9f446f1d64a0123f24d9ea482905f5287f52,121,121,121,121,121,121,121,115,12
50417,Watches,d1fe9e2ad20da0a64f454308a8f2fc0cf9122c3903e91ca3c7a483f63c350e48,121,121,121,121,121,121,121,115,102
50421,Casual Shoes,9439a6da44f556b9025bf70c3c24ca3cd142d8c02041f642a8dae79733c314bc,16,16,16,95,16,33,16,115,0
50423,Casual Shoes,a05ba9b8810093b9cf87ae39e1124d6da00fef1604f9551a0e73adebfb10fcae,16,16,16,33,16,84,16,115,38
50431,Handbags,c3fb6ff2b51e1ad51d1d8b761c17954d88f485608193b5626e8c54eec76b0b43,38,38,38,65,38,65,38,115,33
50445,Briefs,7a1c98c59f604edcf307638364e3be2ee9c925eaaef731b049801cde5c27ef30,12,12,12,12,12,12,12,115,115
50452,Briefs,8008a6b2b228c97e7cbd75ae4868eb1948a858a101363b3cc97b12b77b448f66,12,12,12,12,12,12,12,115,99
50467,Trunk,5c080a1f4aa6f895400448a3f4b23135d52897e66e583a3c0f4cc73725e48038,114,12,12,114,114,114,114,115,115
50469,Trunk,1b687590378e8b9bf812bea0f3ae32eb2cab8a609c0a208f3a4838565a85d2ef,114,114,114,114,114,114,114,115,53
50473,Briefs,8e2cf0e30de5b0d2a83b44e854ceaf2bce34728c1fa19a5526e6ac8d524a4495,12,12,12,12,12,12,12,115,12
50477,Briefs,e520417b364317ab9ceecca0f71a07c02eb7f584a3d6bc056d01dcfd4e239305,12,12,12,12,12,12,12,115,49
50480,Briefs,2735c013cc0b3ab53f0bef01caad1b88408786655dcd01265737fbe617cf35d8,12,12,12,12,12,12,12,115,74
50503,Briefs,34f1399e05538bc9130b3fea79bcad94942767c9f72a9a33fd91f00b747dcb0a,12,12,12,12,12,12,12,115,113
50510,Briefs,b5f169962558d9ae17ebe0287737d514770d48d701e968effccffa7457febba0,12,12,12,12,12,12,12,115,108
50515,Trunk,8e24d13ca8758923f3b47294ec61b1b73199e1bb660b85f1561d803aff8ea0f6,114,114,114,114,114,114,114,115,115
50519,Innerwear Vests,26d41e1ac17c0b493870fc3797e025dd3c9604a636f3302d8c37e52980bf3602,43,43,43,43,43,43,43,115,12
50528,Briefs,e0aa07451f5a508ad2881642df90a3caf70cb9a0e70c75474c83b9f3adf10a4a,12,12,12,114,12,12,12,115,88
50530,Briefs,fd71a96d53f73dadc31e9bf7f964f4d6403a748c6a04ec802e347b1cb3233a94,12,12,12,12,12,12,12,115,16
50545,Briefs,535f0818d5a87bf3f42b2b5027f7804ab8e6278acaaaa7bc263d1a62afd30d30,12,12,12,12,12,12,12,115,31
50555,Innerwear Vests,5111034b0a914049c942bbc5d2b03691eb93cd62533dfe301b19a9138d4b94d3,43,43,43,13,43,13,43,115,38
50562,Briefs,011f29ab258402a75e9184dc914113d5d41048fc370bbde7c908a20f611e1368,12,12,12,12,12,12,12,115,88
50564,Briefs,35280539fde075b4e7bdded71cdfc4b29ff8d9b8fbd1b3a56f24d1d7974ef10d,12,12,12,12,12,12,12,115,115
50574,Trunk,78fc3a8cf934e1346ab726a360a0786ec9bd0759ecd57500e98ef6800785c783,114,114,114,114,114,114,114,115,16
50575,Trunk,1663c18d8b10d1301caddab798d9fef9901a4591e6650b89d6f20d688ac00b1c,114,114,114,114,114,114,114,115,115
50583,Briefs,e725794d51038b48b1563fe68bff5feadc7a6c3e5d322b4054d87b83a5f6664e,12,12,12,12,12,12,12,115,88
50585,Briefs,723832f78192255971f2135b6266135338b00655b0be38284cecebfdf83164ef,12,12,12,12,12,12,12,115,95
50591,Briefs,555c3f6a775845c64aa3c818ab549c3f2a2fed422dae72e8be54ba61cf80cdcc,12,12,12,12,12,12,12,115,43
50596,Briefs,727187b5834be85bb977da28576764c7d94811c6ea99f573b262f24c9a836778,12,12,12,12,12,12,12,115,96
50613,Briefs,1205a59b853f29fa347c7ec72c566667ffeb25f7fb26ff1e4cbb4bd30cee74ba,12,12,12,12,12,12,12,115,115
50621,Briefs,2b223d12cc49980ed2b1fa54a3b29430c0b2caf197e7241b2f7ac5ff5c61d3f8,12,12,12,114,12,114,12,115,61
50624,Briefs,db744c54334c6d2669cfbbb5624055d8792e219fe7d1defcf5846a070de9a55d,12,12,12,12,12,12,12,115,53
50626,Briefs,713af2110ce204f257fc8c80e4f34ff93581cec6b5c9ce29f3d1702fc653bd19,12,12,12,12,12,12,12,115,16
50627,Briefs,826546505a6736fd3f880e11d37c81e8f706ea485ab2e3b074ead55217b76b1c,12,12,12,12,12,12,12,115,121
50629,Trunk,9262853365825df868c9f057640a7d1b36560da86e067ee3ba859cece60d7bbf,114,114,114,114,114,114,114,115,16
50643,Innerwear Vests,db84ee75c4427b6ee94fc25f5b90c6fa5b96ea44f6bc26728916bf7918fc7b81,43,103,103,43,43,43,43,115,16
50652,Lounge Shorts,7af4a0701197d15b854adb6ed242cf10c04971a8424dcd4684ec827b17891063,63,63,63,91,91,91,91,115,115
50654,Lounge Shorts,09f00794f7275d425390649650d4f6dd1ad2c5e9ca5df329f83e761472f13b91,63,63,63,63,63,63,63,115,41
50663,Shorts,a08ff9212f02aeda7207ce14b55b81c733b96b17f82e267d156f0e16814668fb,91,91,91,91,91,63,91,115,31
50671,Lounge Pants,64d7831b5ae81925c657c3e828433033ee1cf83788152a3350e01abd85ae4f22,62,62,62,62,62,107,62,115,121
50675,Trunk,fe3dc55c3b26e16a5a2c695fa2fdf3fa0a47421c5bbe3d6f78d3159b71d118fe,114,114,114,114,114,37,114,115,41
50676,Trunk,b715b500007cd957ff25354f621a177df89901d41bfbcf1fec867c17140d3f1f,114,12,12,114,114,114,114,115,16
50692,Trunk,2270936d650524ca7cb4dbe78c836bf4478245694f5b8285f7140b5bba732a10,114,114,114,114,114,114,114,115,73
50708,Tops,c0f841dfbda358a86b48bad41269423e199c33d289ad14cfc0167ff96b318ee3,108,108,108,43,108,43,108,115,84
50710,Tops,c09ded27f7e453eb80a436c9d6ed654c3f5ffc8ca240328c72c45654a112a5f7,108,101,101,101,101,101,108,115,46
50711,Trunk,e34b5bc5860b30a88cbad078b1eab0503a402a31095fdbac0b46c1ad4507a1f0,114,114,114,114,114,114,114,115,16
50719,Tops,d37a9432c4cf864513b56fa54f4bec96b8b34e9589f87428d4d2f66a878f916e,108,108,108,115,108,57,108,115,121
50724,Dresses,c89c7c49a5004da01d37fc1386b0d0d91d836105ad988821da4a94e3a5a4be68,25,122,122,68,122,122,57,115,120
50732,Sandals,0e95e7742853dc262445a8e0f303023ed89ffffc390b10d5d643fca5404285b4,84,84,84,84,84,84,84,115,86
50740,Formal Shoes,0cfe9ddbd089d68e72eeb06fb7ef201cd63edcea22cec9f7b1d6f4cd12b4e470,33,33,33,33,16,33,16,115,5
50746,Formal Shoes,8ada6d14fb68880d96002b9fcb230c7a1ae12d25883bc85d53451d5729b4bc9a,33,33,33,33,33,33,33,115,88
50750,Casual Shoes,2057178cafde615bb28560f487bbc363ac792132474fd3777f612fd1980e273f,16,96,96,16,96,16,16,115,45
50751,Casual Shoes,4ede7432d0c099db65fe7e8e764038ca1bff680c0b2acc0e3c7c633a87995859,16,96,96,16,16,16,16,115,88
50753,Casual Shoes,dfa62dd927ee7de6469de5e2697352d40eba9f4c5a8a95ef66efca580e594681,16,96,96,16,16,16,16,115,38
50776,Sandals,cdbe0ccc3b97e03d738ac0c4f12666a755346160b1812952b702edbcd8273f48,84,95,95,95,84,84,84,115,115
50778,Casual Shoes,eb0de84466a6244c43d1e95789aba527a2546a27c568c65b2c734e3ef354103c,16,16,16,33,16,16,16,115,108
50819,Wallets,766ff3581f85e11a98dd4d1684e530ea74b62b91f87b774f98925dc16aa55f67,120,120,120,120,120,120,120,115,15
50820,Wallets,4385cdedc8766b250e0cebf39f64e0ae5293be65ec6752d9383339bad49b6d74,120,120,120,120,120,120,120,115,2
50822,Wallets,c7770ff8802edfb224c9a2d667d71d3ff66452f3d849fa54d430cddba71dd487,120,120,120,120,120,120,120,115,115
50834,Belts,2e0ee1f2ca64840be1bc840293774431416adc68fb40f3c58f52fe87dc10dc90,5,5,5,5,5,5,5,115,19
50837,Belts,b78e8acecec78b826baffd7ca4016ff6353d9c0951471d8d1454695fe6e63105,5,5,5,5,5,5,5,115,115
50839,Belts,7b573a312922746ff81cbd822265d62ebf235dc763d2144738258466c44bcb1e,5,5,5,5,5,5,5,115,53
50849,Stoles,45c66bbd44a092ea20a54e05b9bce3e252141f3189a83124697146a1f7da6850,98,98,98,98,98,98,98,115,115
50868,Sarees,3d43b175d6f6f6ba6dc988e7d2a3be2d7ebe113d1454ea78c11a656bf2769056,85,85,85,85,85,85,85,115,63
50869,Sarees,cfa25baf0b2f4c065a80078d42b76b4aa560a6ffa4dea8c3b4fb2ad394e25365,85,85,85,85,85,85,85,115,115
50880,Sarees,a119db297c67342e0fa43352b8aa9f930f067c2781b5a24f71f3911edac71dde,85,85,85,85,85,85,85,115,30
50881,Sarees,7496d66414fe1cce7feedc9238f293d7d1063df43314bcb596d6bb742d859f93,85,85,85,85,85,85,85,115,101
50882,Sarees,faaa8b94292fbe06184a390065be6e3a11a1173b179bedb15efd1ecca36147ba,85,85,85,85,85,85,85,115,10
50892,Sarees,5d906b474d477c550d21f7c73ea10ffca9f9ba64bbaba44d4702bd1943d7bab5,85,85,85,85,85,85,85,115,5
50895,Sarees,d264a8d19f9f3c84d38ff313af0da94f94cd164825df1b7f478ad68d74923a89,85,85,85,85,85,98,85,115,113
50901,Sarees,68a2bf37e0548066941002a940db0fbf4828eb70c8c844d205ecc5968d22e6c3,85,85,85,85,85,85,85,115,105
50903,Sarees,51a389348ca55897cc793c0b4a87b3e74f1a2c771b9efa01d9189ca567b2c161,85,85,85,85,85,85,85,115,108
50928,Briefs,3a58e0ddc87503d26e2f067860bef7defe2d92906e216731d385c128c8284ea8,12,12,12,12,12,12,12,115,62
50945,Jeans,83bd3e795b735f0c9cb1e7c8203af8ccfaf432cb73f8c950498e7e3d1963b1fc,46,62,62,47,46,47,46,115,88
50951,Jeans,0f7840cb359a85a0a627948f2e671eb849ef6cab387e096577c45b452bb37a82,46,46,46,46,46,46,46,115,115
50953,Jeans,876ddf9a0a433915ee0b526fc0e1cfd8c5314168c3a2f29b87df5a06cb4315c5,46,46,46,46,46,47,46,115,75
50957,Jeans,9dd103a61e5c98317676599d0515e1c9d1c756209482483429ec573d03f9f78c,46,46,46,47,46,47,46,115,38
50958,Jeans,17d11a82631c9a853a564d90526e6652026f9c5a0452e622ff0cd25829860106,46,46,46,47,46,47,46,115,38
50960,Jeans,360ff34575a06f58fd8d33efb4b14efe56c8892a4f5af65fd578b286a69da952,46,113,113,47,46,47,46,115,99
50963,Jeans,b7b977b851922cc201e76f54271c5686bf23d86b4c8be22e5dbc3ff6b4a8b74a,46,113,113,46,46,47,46,115,115
50970,Bra,4ab81e52950718b4488044530f1b5324df3e377004e2f698e727bbe91ccc4144,10,10,10,10,10,10,10,115,96
50971,Bra,afe2af7455afa6a953db0ffe6610f8ea6e12565647f340bda04f36640a3afc3b,10,10,10,10,10,10,10,115,115
50973,Bra,e4d03bbb2649eb4c3260a3a847eb89e25f0e8ef4e5aa6d1cea59011348e5dec9,10,10,10,10,10,10,10,115,2
50977,Bra,4fc4bd548ae1dc507f275e5ed76339a881cf338c71cd2aba12b453ddf8b2173c,10,10,10,10,10,10,10,115,24
50978,Bra,95d71a8950a0f0099ce578d8028f7dc95b6b19d1c0504164ec7c81333c01cfeb,10,10,10,10,10,10,10,115,121
50980,Nightdress,344d2e51da0ec2192a16d02d45ed40d7abd08979a598bfd5deae19cbfba2d008,72,72,72,1,72,72,72,115,102
50983,Nightdress,24eeb794ef4021e7773f9b9eaffcb303c9673e32398c64717b679f77333ef5d1,72,53,53,72,72,72,72,115,38
50985,Briefs,890902e3c5fc0b1382ceef93fb9ab1f078da7f518cf742e3ad785eee5f998368,12,113,113,93,56,93,56,115,85
50989,Briefs,ad652474456c68be9b4f71b7d4f393859206193553e2bf8410db63aece00b060,12,12,12,12,12,12,12,115,0
50994,Bra,fe83334d3164d4bff0d08ecde463224e0df9e3a8d6159e0b4f4766760bf6ca35,10,10,10,10,10,10,10,115,41
50996,Bra,7ea590943854ea472da901ced2c6069c73085733820b8fcc0fa2709e53273fe5,10,10,10,10,10,10,10,115,96
50999,Briefs,89c1844017578bb66522ae548531a757374361222df77776844345a58a3e3f01,12,12,12,12,12,12,12,115,88
51018,Bra,b08ded91dfd1b5ae596f5709385941149c05bacf7abd2f4f31c6f43415207883,10,10,10,10,10,10,10,115,121
51022,Bra,42fcb1c4db2cd113cd5b0b3dbfd96a0148eaaa6fca0d6bb1e94016fbabc2ba5a,10,10,10,10,10,10,10,115,115
51025,Bra,986e3560fcfe95a96734708bd23e2cb2388c2dadb4679feabbdd02f4712bca2b,10,10,10,10,10,10,10,115,45
51032,Nightdress,8c494c8418ea75e856040ea0e3e5cb4f77d36a8e99bfc62b4bf6cc0a0b8d0878,72,25,25,71,25,72,72,115,30
51041,Briefs,81f11d31a021a8c6b019965bbea0b7a736f5f97eda131c6c658c0e9265a86988,12,12,12,12,12,12,12,115,53
51042,Briefs,1c9fb6e4608393ffcc45256bdbdd15a9c540aa1a5121fb58f3f2fe8edf856b8e,12,12,12,12,12,12,12,115,96
51049,Bra,58b179323a76d6fd31ade0daf9743c0d15d15afd6a9ccb30cd0159494425ec13,10,10,10,10,10,10,10,115,84
51054,Bra,071e824bda68c1765fb7fa034d950db22871a74a64ffbbca48aca7123c6d4929,10,10,10,10,10,10,10,115,55
51060,Nightdress,699747b6018b3738d8bfc238ae8cfbd36995742c4f05008a6474db0125b60f37,72,72,72,72,72,25,25,115,38
51061,Nightdress,730c80353a7c7f813a7aee3e230a68a1aac554fc9a4d294f21f34b0d3957a6c2,72,27,27,52,72,27,72,115,108
51077,Free Gifts,6c78db429cfb3d1ac0697297282bc4129c817a5e4c73962fadf543ff6217c8bd,36,85,85,85,85,85,85,115,88
51079,Free Gifts,64e32e0847c472a6cc0dc7ca1d14d0eb22ea90c588ff043dd3ec4ba7d3beb647,36,36,36,85,36,36,36,115,2
51153,Socks,cec8d56755149aeaae9ffaf411beb126d1359ec1c540b1ed685d6063f3cb02d2,94,94,94,94,94,94,94,115,99
51154,Socks,077fcafb6246ba0475f6255d385bdbda0dcbebcd83a22210efda565cd699fb04,94,94,94,94,94,94,94,115,120
51159,Socks,ef1d1d5d8ca65485c4af7ef06fe35040ba13273b971f39b49722b753efcfee28,94,94,94,94,94,94,94,115,3
51167,Socks,b5c73ba95a4b0fe4c6a88cb2d923e7fb90cd41ca1660a267923ba6084b72444f,94,94,94,94,94,94,94,115,30
51172,Socks,efb3c426df14482254fb866d9c48c6b10629bc7141d226cb27b1fe9b5c93faef,94,94,94,94,94,94,94,115,75
51178,Socks,8379781f7df0ce936ad06bba2edeec4fffa7e7f66f78f65ec7b114e0cd66acde,94,94,94,94,94,94,36,115,114
51181,Socks,04d044faabea6526f5b8766fa3b43e0400276bd348fe4c7177dd564108fc17ba,94,94,94,94,94,94,94,115,120
51182,Socks,ed32511b709410f73c4b3c96c0fd4c13bf85db98d3ada6cb7102488d168c7244,94,94,94,94,94,94,94,115,115
51209,Bra,75b93466512c3b7aaecb1ed8deb84a130b703f3b13223a3fce084ed032802b77,10,10,10,10,10,10,10,115,53
51231,Kurtis,8a4fea0e92975dc66f8879be626d94e2f37ecae8b2f5e96b04768c75acecd650,54,25,25,53,53,25,53,115,121
51232,Kurtas,4b32b00685e6a8c8116b5c31c24d789f7a9046833b89294382dce803e80776c5,53,27,27,85,85,85,27,115,53
51245,Flats,7f365984959c23361170d95511e62dd77c572b9ca104840795a56aebff87a435,30,41,41,41,41,41,41,115,88
51262,Belts,ed51b88b334328b133196bbe3ef04d7972e7e4687a0783cdf43a35a931caf6eb,5,5,5,5,5,5,5,115,53
51301,Watches,3ebba8b5c452577e68a453691dab5ad3a8c1385a84495a8ca84e2278bd036a80,121,93,93,36,121,122,121,115,96
51316,Backpacks,578e4d3001bff5f3442bd5a93468805e26e9d01d762f7b4574cce77afc9bc168,2,2,2,2,2,2,2,115,115
51318,Backpacks,402507ed74992bbab0f46102d19095f955cb2c1f0fc4278bcb6f2e6fdfa7d1e7,2,81,81,81,2,81,81,115,84
51323,Laptop Bag,0873b207c895927fe83550fe022ddafdd2ffe6f9c92e0b0340148a017b0b390c,55,38,38,38,38,55,38,115,12
51345,Socks,c7e5f0456358a74516727a0d8a9b00b5d9763a39b61d384fc5b301f12a3a8fba,94,94,94,94,94,94,94,115,15
51353,Jeans,ff2525f5a87b573565112451ebaecd5cea27b91308ff0f758ee5faa2d7623ebb,46,46,46,47,47,47,46,115,54
51355,Jeans,70e447b71933262a24ec398be777b325a2b9883f2fc01ca079149ac25fbe0869,46,46,46,46,46,47,46,115,115
51359,Capris,e85ce34a3ad43e95380da705df84697ed7a9b90a283efb941c532764aac26e0a,14,113,113,93,14,47,14,115,99
51360,Jeans,b3a5a46a18c94d2762ebb3dbfa2a069c4aabce4e4cba00dfd5109620a01f3ece,46,46,46,107,14,14,14,115,53
51364,Jeans,9f4a6d00d7ab55f793acc05bbef09716b1d586d2f209905944eddabfb980de8b,46,46,46,46,46,46,46,115,88
51372,Tshirts,82ae2d6799227fc76c3dee43c9847cba5b0fca9a8ff995620e71c2717ab82adb,115,43,43,101,102,101,102,115,116
51379,Shorts,3dd6dc68a12e0c7df1d5f7a385efd3e6e0b8ba43538c30f1593107591d763771,91,91,91,91,91,91,91,115,105
51380,Shorts,d96cfd5d7d5a0fc30ef1dda1642c3ec702da6fbe0bc991fff29a5aa4c83d44bb,91,62,62,91,91,63,91,115,41
51384,Boxers,71d3e208c71012c96c9d8ef9ccc7d8ff3c78017e2da74cc3bc0756f4eabe3d25,9,9,9,9,9,9,9,115,115
51386,Boxers,deae9e07457cc866a1d889a928279304781c25a3eac5cdfb6abbc90e059be9c8,9,9,9,9,9,114,12,115,46
51391,Boxers,412ac5522a841cb56af4848cdbe75290dfb5d7637adfcfbae46a66fd260ed0a4,9,9,9,9,9,9,9,115,53
51408,Shirts,b32147e420599962a0878444b115c0779fe7562da4f7dfada07cd6202658f737,88,88,88,88,88,88,88,115,115
51409,Shirts,792ee6b6b5de3f2995145aac6e86197b0ed4db19e130997bc0aac7119398b45f,88,88,88,101,88,88,88,115,2
51413,Shirts,bb42cb4be0c0f088ba1db4d2b7a45dab636b5bb9a46b7ce46aed2ef8c0bb9f8f,88,88,88,101,88,88,88,115,53
51417,Shirts,b51b9dcc6a544e211cbb0b3cb3a74099825b7efb6bc2110a36cd8869eee714f8,88,88,88,101,88,101,88,115,27
51419,Shirts,9b7a481a2938311ba73adddf0c51f614080f897098ff5ed8c0a3a3deb30182d7,88,88,88,88,88,88,88,115,16
51423,Shirts,d940d6bfa5172f79aac37509ea0dc3cf44572c6accdde2a1577c2929c55af5d0,88,88,88,54,45,98,88,115,88
51424,Shirts,c19ea8e4f351169299fff1e939ba5e9ae22b46fcff95fe600d1e33fc89e7958b,88,88,88,88,88,88,88,115,54
51425,Shirts,3c9e6cb7056d7129c4f21f1870aeb9df24c8abb23fd74725a0d43d2350061dcb,88,88,88,88,88,88,88,115,10
51426,Shirts,d0498d679260a0e2fe4401c65882eb8f98816a1f09eb86e05f041cfc7ee466b2,88,88,88,88,88,88,88,115,78
51448,Dresses,a072713a12874c1cf858d228830d076f4af9462cc524973d6b0b2736c5c8891c,25,116,116,72,25,72,25,115,113
51454,Tops,47bd68015c93dff508784e623ff10cc2c42bd9b045654ffa5006a847880f60b4,108,53,53,98,108,98,108,115,14
51458,Tops,35fb2343b49be1228946824b166613ebed303960449efbe6170457dc17e41e9d,108,108,108,98,108,119,108,115,115
51460,Tops,d02138d053ad8bbcb53d8843d85ccfcbc1553c5ad719dd18a316f6dd4d0367b6,108,86,86,98,108,119,108,115,121
51462,Tops,e9f4a71fdaacdec2468171c1365ec92e9d13dc5d3fc2068b4a4822a50c82772f,108,108,108,103,108,49,108,115,2
51465,Dresses,7a7e3ceb974e77fffed4c2dbd95716fa8b7ea44d02de1504d050aa71aaddfe94,25,25,25,116,108,103,108,115,18
51471,Jeans,7db0a89c4f79b451026fc80473860edbc3341759bab7ad13061651b23c66166b,46,91,91,62,46,62,113,115,115
51476,Jeans,39314ccd556d963a4959c5ea4657d7cce068843a7f8a1e99817f4e730c35260c,46,46,46,62,46,62,46,115,96
51489,Shirts,ae318039e5dc0f64fd35a0d830108423c5b60ee6a2a93fbcc38a4cd47d370bce,88,12,12,36,115,116,115,115,38
51497,Jeans,ec9236c90914d92823d2056b1416879715c92e7ead91e0708bbe492243affd85,46,46,46,97,46,107,46,115,38
51498,Jeans,cb787d9d230ac42ace6f8803c67af5561e8ffb64f72d77562d8f205a18978ae9,46,46,46,47,46,47,46,115,41
51499,Jeans,f3e520d0686765463551a4adf8b1a4b75e3c173ded1f5ec2efb021dbfcd73d6c,46,46,46,47,46,47,46,115,31
51504,Jeans,f2c2197bb14c1b9cae0920a7adf220ce464c6e2027fb2fd674c1232cb5c777fc,46,46,46,47,46,47,46,115,25
51512,Watches,297d63e27623cbcecf8e430c32cb676ebcdc9e7a6c8d75bbf3cd4adec296acef,121,121,121,121,121,121,121,115,85
51518,Watches,4e10d4cfaf90c8177bf439e3fd27143301a1ded196c6f80020370f6b88c6e96a,121,121,121,121,121,121,121,115,16
51520,Watches,a02e75db56d06cccd48a8e9363fc2f561e9285f1f9dd97f2c84714ada18ad2f4,121,121,121,121,121,121,121,115,109
51531,Watches,51280156d5f8a7c5eabd06f7525698b84529d00e2d4381df1ef23483bfab3f38,121,121,121,121,121,121,121,115,38
51537,Watches,0d16ff9662c991eb6b390befe8f3bc3fdf548ae2940f21e79dd834ce0b289d54,121,121,121,121,121,121,121,115,19
51539,Watches,50b2fc0ab773dd4fe7b4e5fccfd8acc1d19f01548773da7c1a0427122f19e42b,121,121,121,121,121,121,121,115,105
51548,Watches,1cab1a7372d841f0917f7ce57e05b21695b1d425ff227deac56ae62434164716,121,121,121,121,121,121,121,115,25
51551,Watches,7cc78ebd8c3a0e70e07ec514cec612da60302175502154decc97bf0f95293b28,121,121,121,121,121,121,121,115,12
51552,Watches,e7397c57ba7b2b93bfe3b989aaec3de0be87bb8b97547ada2735a35717218a1e,121,121,121,121,121,121,121,115,31
51562,Watches,7653cd774b462cf9368884967dc7f91cafcc4290cfebebf1067fa03c6bb06846,121,121,121,94,121,94,121,115,88
51563,Watches,4e3e76221a67ee9b28101bb2958eb97dbd7c2faffc3c087953b2cc6d862a4bbc,121,121,121,32,121,94,121,115,115
51576,Watches,1d846a1f0a7208d50c40fa6e789462a94d17ce581a113967c809fbb994313bfa,121,121,121,121,121,121,121,115,88
51577,Watches,838de24ddb6da3d9559860c049554b8903d4d4ed9c2cdc3a8f53593a05b0fb6c,121,121,121,121,121,121,121,115,88
51579,Watches,9e6924e5a0fbbd19727369556a2a9539c285c7cad7f1fa74964c0c6db175d98c,121,121,121,121,121,121,121,115,108
51582,Jeggings,02f530ee199d22a7ce53e1a897638c520912717fe5da28b00a83f2818ea20969,47,46,46,47,47,47,47,115,101
51586,Jeans,b24204f8fd12ada12f3226248ad3537423aba47124f37434bd21188d9760acdf,46,47,47,47,47,47,47,115,115
51589,Jeggings,d57a9b86e6b45b9f93561b1e1f37314221aa776d9c8a94eddfd6e29d74f64043,47,46,46,46,46,46,46,115,115
51600,Jeans,b0e1b48a0b74e1bee53125a77d5ab3a2eb71502e541173dca96699de9dc1d886,46,47,47,46,46,47,46,115,43
51604,Jeans,821cc0a2484bb551ee17d1bb7139e57416b817f1a0f5485702b02a7252de4315,46,46,46,47,47,47,47,115,78
51617,Jeggings,a6cbbb07ab8e39ff45bcaadb20393a662f9fe5ceec64df19f8cc169e1bc65a9a,47,46,46,47,46,47,47,115,41
51618,Jeggings,6c40ee8a10820f1d272ef29793373dbfd46257f5c39b2f1a917e7f0b504bb52e,47,47,47,46,46,46,46,115,115
51624,Watches,2d714b0cb07b16de9fbd283119a51b49337383e85c046a3898041f16b2bdac7c,121,121,121,121,121,121,121,115,105
51625,Watches,f84f13f69993f6a3d566293b3f2c95c7d3d349a5a0ff3b15b8424d1eda2d1528,121,121,121,36,121,121,121,115,108
51631,Watches,290d05714bdf61a2d26050b4007c47e825b26d01e0835c928691eb19e526bb97,121,121,121,121,121,121,121,115,5
51635,Watches,401eb628d4e7f0f81c394123c3f0ce0045d3317b37187a794b17591233c8cc26,121,121,121,121,121,121,121,115,115
51637,Watches,3be609b123c50bb10e6c17664dbfc54ac83790b3a0311ed2aafb549abaa5447b,121,121,121,121,121,121,121,115,30
51643,Watches,93112cab7aea5d2128e4801a7338876321c32bf6bdd188d80142a17b2c4e6b3a,121,121,121,121,121,121,121,115,99
51647,Watches,cef9cdbe4d2e595664a3df9784c8e8645edba3566c44c1461baff4ac83db3b1b,121,121,121,121,121,121,121,115,88
51653,Watches,ebecf0a440cd249ebb0e7f3b3c9a10db6c966f2c8b1575be0e48469971532e57,121,121,121,121,121,121,121,115,99
51660,Watches,a74f7bc2277d78e17fa27aeb6ec65d769228a1a73c7822bf6f1b606f86c1fc41,121,121,121,121,121,121,121,115,96
51664,Sunglasses,300e9a2708b65ba44d6a4aac28337a68d8695cd5fd3c1e58016f617f1d80d6c6,99,99,99,106,99,106,99,115,109
51667,Sunglasses,4c4f39c20e6a8ea214a77080530ab31d80653354ad3761067b1df109b29c0a88,99,99,99,99,99,106,99,115,18
51669,Sunglasses,bae1428975924e77571ae93522911e604408bf5878f5c3ef0c5bcb0990930204,99,99,99,99,99,99,99,115,46
51682,Sunglasses,38f79ddc793fb9516971015efaeb0374b6247b2eb75b65b24ae1dc7783ac3241,99,99,99,99,99,99,99,115,38
51693,Sunglasses,c3b8acededdaebc286bc91ee39ff32254ff7fe93ce4e31c581776a7f81035139,99,99,99,99,99,99,99,115,75
51698,Sunglasses,065b48948fca5c5be0a5803b20b179d7e72e1692be09b6b25bdef0cb66b33508,99,99,99,99,99,106,99,115,38
51701,Sunglasses,4c1787f7cb0c4d23c1457c189f0abafe4c9c5ecf5a743dc2988e42c949e7dadf,99,99,99,99,99,99,99,115,56
51703,Sunglasses,0645cc30c8d36df43e7d6b0acdcc317f1016db718b1d1867c4a409e5d186677e,99,99,99,99,99,99,99,115,16
51715,Sunglasses,ac23bed85244dc7b1d107059d8b7ee939f71deea904ee127e71a4978f0c657a9,99,99,99,99,99,99,99,115,96
51718,Sunglasses,2e9b7dc9a6e29e5c3e75b5eba5f57af5155f5d97f80dc80ba079a2aa0a9deaaa,99,99,99,99,99,99,99,115,115
51724,Sunglasses,cc6df30b224886b757599e3bfca438866f9975088e43cb69819a7bff9f946e9e,99,99,99,99,99,99,99,115,19
51731,Sunglasses,0c4cfb2a052db21da01d45e2f05902a41b5580db8856e30a5f01cbb3033d9702,99,99,99,99,99,99,99,115,113
51732,Sunglasses,aa5c7b9d629ed295df56197c3f56486e357144399a1c858f87e77088b9288701,99,99,99,99,99,99,99,115,54
51735,Sunglasses,282c9fe2913829a99160ea60b90c644c8a579f49e8be212f8ff945dfbe544e4b,99,99,99,99,99,99,99,115,31
51741,Sports Shoes,015fcd4bb35ee3791b722e95ac845a4474b47c60d02a95aca465e4d514d6e92d,96,96,96,96,96,96,96,115,108
51752,Casual Shoes,69e6fa09dd27f2bdd50e56e3f4f6772f54477d9d5752d3dcf3be3520970b37e6,16,30,30,95,16,95,16,115,115
51757,Heels,e89b6cb6bbf6866faaf44995b569ec80cff86b3f1632c20e5c0004eb66d894fc,41,41,41,41,41,41,41,115,121
51759,Heels,b0011c00a6dfc22adad6d3f2e03ff3fa3781e5beb7b9329ae2a677470d97fc69,41,41,41,41,41,41,41,115,96
51769,Belts,ca0765b9bd1717d80cb535ad1df27c52eb9ff35df2c765cd04522c6ff6e7af1b,5,5,5,5,5,5,5,115,115
51784,Bra,8d39ed1c985946cc9e1855407acfcc51e1434fcab3e1e1d0e4a7cee5b722007f,10,10,10,10,10,10,10,115,121
51809,Nightdress,cc166ffd98cd128eed311d046df6ae237a35aa46474eef090c313cee84dc1abe,72,79,79,52,72,52,79,115,115
51827,Bra,abf7db67eff6a1fc383c1c477c26ad25771d881d75d35ed4e25e2ad925322d72,10,10,10,10,10,10,10,115,30
51832,Bra,f439f51d303e78f2b55f32b49d08d5cd50fc593d2029b7ae35b5570cb1f28b5e,10,10,10,10,10,10,10,115,108
51843,Wallets,d21b546099d0776fa07de9949d3d360dc93e8a8c38b3ac1b9efea35fd29b3212,120,120,120,120,120,120,120,115,31
51860,Shirts,4044d2d9e4f953bdca10ba2265931751dad641968d9311179c33ac9b35e54d54,88,88,88,88,88,88,88,115,2
51867,Bra,caf9b88d07e19411bd2dfd331038417734a076b505a4bc8f63a67a40054cdfd2,10,10,10,10,10,10,10,115,16
51874,Tshirts,c98c02f8c693477b71e30fce675f97e91674f031eb9356473755b9472b32e041,115,115,115,115,115,101,115,115,88
51886,Wallets,4d5191feee6f851b10ab46d843567a12888ff432ab413e143f702afea452fce2,120,120,120,120,120,120,120,115,115
51895,Wallets,54c8cbf75cd28ad14f1e10680f0796cd22a966300c3631b8df42e0d6aa269457,120,120,120,120,120,120,120,115,61
51896,Wallets,84a206b99011c307f68d31aec4a76fcfec452215a5b4ebfb644ef81fc5384cb8,120,19,19,120,120,19,120,115,84
51899,Wallets,8bbaf3b8f5953863ba9d6b9a60ac731365e7db01c3f160d447419cb97ba2c4ad,120,120,120,19,120,19,120,115,38
51900,Wallets,a1f4393f50802bbec68153608c035619aaa95c59959a3f1f14aadb207ed57325,120,120,120,19,120,120,120,115,115
51914,Handbags,c580dfd8de910d383582d20cf2fe816167fd8b98100cda62430ebcd449c8a281,38,19,19,19,19,19,38,115,121
51920,Handbags,d399c8424cdedd8455adae9886379ac76aea58fae37a3f9c7e4cc34bbdd2d361,38,55,55,55,38,55,38,115,120
51929,Handbags,77945284637a5c4ab36c35afbc0bdae751a184eec73403c489d596de63848fb3,38,38,38,38,38,38,38,115,38
